drug_id,name,smiles,native_feature_index,gene_symbol,drug_to_target_logit,target_to_drug_logit,ours_rank,evidence,dtiam_probability,dtiam_rank,drugclip_score,drugclip_max_mean_cosine,winning_pocket,winning_pocket_fold_cosine_std,fold_0_rank,fold_1_rank,fold_2_rank,fold_3_rank,fold_4_rank,fold_5_rank,fold_top20_count,drugclip_cosine_rank,drugclip_rank,drugclip_pocket_route,models_in_top20
VWUXBMIQPBEWFH-WCCTWKNTSA-N,fulvestrant,C[C@]12CC[C@@H]3c4ccc(O)cc4C[C@@H](CCCCCCCCC[S+]([O-])CCCC(F)(F)C(F)(F)F)[C@H]3[C@@H]1CC[C@@H]2O,176558,LYVE1,3.6432583,4.3696404,1,UNVALIDATED_COLD_TARGET_MODEL_HYPOTHESIS,0.42469922,229,-0.47443235,-0.05545202,/mnt/nfs-ssd/data/DTWG_AF2_homoaug_complex/AF-Q9Y5Y7-F1-model_v4_0_0_0_complex_,0.1706314,471,529,710,305,596,706,0,635,611,DTWG,1
UREBDLICKHMUKA-CXSFZGCWSA-N,dexamethasone,C[C@@H]1C[C@H]2[C@@H]3CCC4=CC(=O)C=C[C@]4(C)[C@@]3(F)[C@@H](O)C[C@]2(C)[C@@]1(O)C(=O)CO,169098,LYVE1,2.2382145,3.8770328,2,UNVALIDATED_COLD_TARGET_MODEL_HYPOTHESIS,0.50098616,186,0.37792757,0.10966999,/mnt/nfs-ssd/data/DTWG_AF2_homoaug_complex/AF-Q9Y5Y7-F1-model_v4_0_0_0_complex_,0.13300744,562,196,422,304,48,483,0,373,377,DTWG,1
UREBDLICKHMUKA-DVTGEIKXSA-N,betamethasone,C[C@H]1C[C@H]2[C@@H]3CCC4=CC(=O)C=C[C@]4(C)[C@@]3(F)[C@@H](O)C[C@]2(C)[C@@]1(O)C(=O)CO,174844,LYVE1,1.6422557,3.3042939,3,UNVALIDATED_COLD_TARGET_MODEL_HYPOTHESIS,0.50098616,187,0.4126202,0.11790671,/mnt/nfs-ssd/data/DTWG_AF2_homoaug_complex/AF-Q9Y5Y7-F1-model_v4_0_0_0_complex_refined_,0.16233377,537,201,381,237,70,500,0,358,365,DTWG,1
UXNXMBYCBRBRFD-MUUNZHRXSA-N,berotralstat,N#Cc1cccc([C@@H](NCC2CC2)c2ccc(F)c(NC(=O)c3cc(C(F)(F)F)nn3-c3cccc(CN)c3)c2)c1,238134,LYVE1,1.1340795,1.9966964,4,UNVALIDATED_COLD_TARGET_MODEL_HYPOTHESIS,0.79907644,53,-0.74901783,-0.1068579,/mnt/nfs-ssd/data/DTWG_AF2_homoaug_complex/AF-Q9Y5Y7-F1-model_v4_0_0_0_complex_,0.12810332,606,709,593,553,698,550,0,679,662,DTWG,1
GFNANZIMVAIWHM-OBYCQNJPSA-N,triamcinolone,C[C@]12C=CC(=O)C=C1CC[C@H]1[C@@H]3C[C@@H](O)[C@](O)(C(=O)CO)[C@@]3(C)C[C@H](O)[C@@]12F,176170,LYVE1,-1.4293371,1.0870256,5,UNVALIDATED_COLD_TARGET_MODEL_HYPOTHESIS,0.52005357,176,0.7846085,0.18025638,/mnt/nfs-ssd/data/DTWG_AF2_homoaug_complex/AF-Q9Y5Y7-F1-model_v4_0_0_0_complex_,0.1536156,488,98,339,180,74,393,0,243,247,DTWG,1
HHZIURLSWUIHRB-UHFFFAOYSA-N,nilotinib,Cc1cn(-c2cc(NC(=O)c3ccc(C)c(Nc4nccc(-c5cccnc5)n4)c3)cc(C(F)(F)F)c2)cn1,206290,LYVE1,-3.0746582,1.0108068,6,UNVALIDATED_COLD_TARGET_MODEL_HYPOTHESIS,0.88363385,15,-2.3102984,-0.37885424,/mnt/nfs-ssd/data/DTWG_AF2_homoaug_complex/AF-Q9Y5Y7-F1-model_v4_0_0_0_complex_,0.111399174,720,719,718,720,720,720,0,720,720,DTWG,2
VPPJLAIAVCUEMN-GFCCVEGCSA-N,lacosamide,COC[C@@H](NC(C)=O)C(=O)NCc1ccccc1,119827,LYVE1,0.3990924,0.7339628,7,UNVALIDATED_COLD_TARGET_MODEL_HYPOTHESIS,0.111022405,637,1.2843806,0.25616035,/mnt/nfs-ssd/data/DTWG_AF2_homoaug_complex/AF-Q9Y5Y7-F1-model_v4_0_0_0_complex_refined_,0.064404264,51,171,280,271,197,137,0,137,125,DTWG,1
PHXJVRSECIGDHY-UHFFFAOYSA-N,ponatinib,Cc1ccc(C(=O)Nc2ccc(CN3CCN(C)CC3)c(C(F)(F)F)c2)cc1C#Cc1cnc2cccnn12,194505,LYVE1,-2.6176684,0.5121886,8,UNVALIDATED_COLD_TARGET_MODEL_HYPOTHESIS,0.8933027,10,-1.2110153,-0.19334967,/mnt/nfs-ssd/data/DTWG_AF2_homoaug_complex/AF-Q9Y5Y7-F1-model_v4_0_0_0_complex_,0.16195805,602,720,664,617,706,705,0,710,704,DTWG,2
FNHKPVJBJVTLMP-UHFFFAOYSA-N,regorafenib,CNC(=O)c1cc(Oc2ccc(NC(=O)Nc3ccc(Cl)c(C(F)(F)F)c3)c(F)c2)ccn1,104154,LYVE1,-3.8928778,0.49603373,9,UNVALIDATED_COLD_TARGET_MODEL_HYPOTHESIS,0.726145,77,-0.8554972,-0.12679219,/mnt/nfs-ssd/data/DTWG_AF2_homoaug_complex/AF-Q9Y5Y7-F1-model_v4_0_0_0_complex_,0.0798164,581,687,569,705,671,682,0,690,680,DTWG,1
MLDQJTXFUGDVEO-UHFFFAOYSA-N,sorafenib,CNC(=O)c1cc(Oc2ccc(NC(=O)Nc3ccc(Cl)c(C(F)(F)F)c3)cc2)ccn1,104155,LYVE1,-4.2128997,0.32720038,10,UNVALIDATED_COLD_TARGET_MODEL_HYPOTHESIS,0.6874117,92,-0.6597455,-0.09014499,/mnt/nfs-ssd/data/DTWG_AF2_homoaug_complex/AF-Q9Y5Y7-F1-model_v4_0_0_0_complex_,0.08184812,525,677,505,690,644,662,0,665,643,DTWG,1
VNFPBHJOKIVQEB-UHFFFAOYSA-N,clotrimazole,Clc1ccccc1C(c1ccccc1)(c1ccccc1)n1ccnc1,218767,LYVE1,0.007349856,0.08695826,11,UNVALIDATED_COLD_TARGET_MODEL_HYPOTHESIS,0.31205878,310,-0.82542646,-0.078436755,/mnt/nfs-ssd/data/DTWG_AF2_homoaug_complex/AF-Q9Y5Y7-F1-model_v4_0_0_0_complex_refined_,0.0678855,612,681,649,672,665,578,0,657,677,DTWG,1
RZEKVGVHFLEQIL-UHFFFAOYSA-N,celecoxib,Cc1ccc(-c2cc(C(F)(F)F)nn2-c2ccc(S(N)(=O)=O)cc2)cc1,192052,LYVE1,-0.35284087,-0.37860012,12,UNVALIDATED_COLD_TARGET_MODEL_HYPOTHESIS,0.33598536,297,1.4141101,0.27673432,/mnt/nfs-ssd/data/DTWG_AF2_homoaug_complex/AF-Q9Y5Y7-F1-model_v4_0_0_0_complex_refined_,0.10569122,256,137,30,261,341,42,0,110,99,DTWG,1
NSQSAUGJQHDYNO-UHFFFAOYSA-N,tazemetostat,CCN(c1cc(-c2ccc(CN3CCOCC3)cc2)cc(C(=O)NCc2c(C)cc(C)[nH]c2=O)c1C)C1CCOCC1,64878,LYVE1,-1.0234021,-1.0550354,13,UNVALIDATED_COLD_TARGET_MODEL_HYPOTHESIS,0.9224238,1,-0.026196817,0.03891482,/mnt/nfs-ssd/data/DTWG_AF2_homoaug_complex/AF-Q9Y5Y7-F1-model_v4_0_0_0_complex_,0.09977891,574,446,260,476,686,213,0,495,495,DTWG,2
FAEKWTJYAYMJKF-QHCPKHFHSA-N,repaglinide,CCOc1cc(CC(=O)N[C@@H](CC(C)C)c2ccccc2N2CCCCC2)ccc1C(=O)O,73344,LYVE1,-1.1039581,-1.2103522,14,UNVALIDATED_COLD_TARGET_MODEL_HYPOTHESIS,0.29842675,319,0.16835335,0.06488561,/mnt/nfs-ssd/data/DTWG_AF2_homoaug_complex/AF-Q9Y5Y7-F1-model_v4_0_0_0_complex_,0.066775076,635,477,410,332,337,455,0,460,446,DTWG,1
YTFHCXIPDIHOIA-DHZHZOJOSA-N,palovarotene,CC1(C)CCC(C)(C)c2cc(Cn3cccn3)c(/C=C/c3ccc(C(=O)O)cc3)cc21,43332,LYVE1,-1.8995829,-1.9800533,15,UNVALIDATED_COLD_TARGET_MODEL_HYPOTHESIS,0.6441464,113,-1.15303,-0.13039182,/mnt/nfs-ssd/data/DTWG_AF2_homoaug_complex/AF-Q9Y5Y7-F1-model_v4_0_0_0_complex_refined_,0.08207708,708,648,695,651,633,631,0,692,700,DTWG,1
VGKDLMBJGBXTGI-SJCJKPOMSA-N,sertraline,CN[C@H]1CC[C@@H](c2ccc(Cl)c(Cl)c2)c2ccccc21,108075,LYVE1,-2.9314916,-2.4276264,16,UNVALIDATED_COLD_TARGET_MODEL_HYPOTHESIS,0.2366717,387,0.3456472,0.09807726,/mnt/nfs-ssd/data/DTWG_AF2_homoaug_complex/AF-Q9Y5Y7-F1-model_v4_0_0_0_complex_,0.11682907,150,405,488,435,503,451,0,402,392,DTWG,1
VOVZXURTCKPRDQ-CQSZACIVSA-N,asciminib,O=C(Nc1ccc(OC(F)(F)Cl)cc1)c1cnc(N2CC[C@@H](O)C2)c(-c2ccn[nH]2)c1,278301,LYVE1,-3.3956804,-2.7218504,17,UNVALIDATED_COLD_TARGET_MODEL_HYPOTHESIS,0.837441,36,-0.38928208,-0.039510805,/mnt/nfs-ssd/data/DTWG_AF2_homoaug_complex/AF-Q9Y5Y7-F1-model_v4_0_0_0_complex_,0.09595486,516,586,531,548,461,523,0,619,591,DTWG,1
VOVIALXJUBGFJZ-KWVAZRHASA-N,budesonide,CCCC1O[C@@H]2C[C@H]3[C@@H]4CCC5=CC(=O)C=C[C@]5(C)[C@H]4[C@@H](O)C[C@]3(C)[C@]2(C(=O)CO)O1,53246,LYVE1,-7.080282,-2.9355485,18,UNVALIDATED_COLD_TARGET_MODEL_HYPOTHESIS,0.15669431,514,-0.08129684,0.019619226,/mnt/nfs-ssd/data/DTWG_AF2_homoaug_complex/AF-Q9Y5Y7-F1-model_v4_0_0_0_complex_,0.15431553,624,308,646,450,55,625,0,521,511,DTWG,1
XPOQHMRABVBWPR-ZDUSSCGKSA-N,efavirenz,O=C1Nc2ccc(Cl)cc2[C@@](C#CC2CC2)(C(F)(F)F)O1,294060,LYVE1,-3.0228913,-3.0896435,19,UNVALIDATED_COLD_TARGET_MODEL_HYPOTHESIS,0.22874726,394,0.43311107,0.121156394,/mnt/nfs-ssd/data/DTWG_AF2_homoaug_complex/AF-Q9Y5Y7-F1-model_v4_0_0_0_complex_refined_,0.101758495,338,597,459,322,379,179,0,348,355,DTWG,1
KTUFNOKKBVMGRW-UHFFFAOYSA-N,imatinib,Cc1ccc(NC(=O)c2ccc(CN3CCN(C)CC3)cc2)cc1Nc1nccc(-c2cccnc2)n1,197500,LYVE1,-5.6862617,-3.2566156,20,UNVALIDATED_COLD_TARGET_MODEL_HYPOTHESIS,0.66617537,102,-1.5037084,-0.2454077,/mnt/nfs-ssd/data/DTWG_AF2_homoaug_complex/AF-Q9Y5Y7-F1-model_v4_0_0_0_complex_,0.17335588,674,716,687,624,718,697,0,716,714,DTWG,1
KTEIFNKAUNYNJU-GFCCVEGCSA-N,crizotinib,C[C@@H](Oc1cc(-c2cnn(C3CCNCC3)c2)cnc1N)c1c(Cl)ccc(F)c1Cl,166835,LYVE1,-5.158817,-3.4236183,21,UNVALIDATED_COLD_TARGET_MODEL_HYPOTHESIS,0.8284927,40,0.30310813,0.10053905,/mnt/nfs-ssd/data/DTWG_AF2_homoaug_complex/AF-Q9Y5Y7-F1-model_v4_0_0_0_complex_refined_,0.089082606,580,423,506,513,240,298,0,394,404,DTWG,0
VWVSBHGCDBMOOT-IIEHVVJPSA-N,desoximetasone,C[C@@H]1C[C@H]2[C@@H]3CCC4=CC(=O)C=C[C@]4(C)[C@@]3(F)[C@@H](O)C[C@]2(C)[C@H]1C(=O)CO,169112,LYVE1,-5.0719423,-3.5935314,22,UNVALIDATED_COLD_TARGET_MODEL_HYPOTHESIS,0.5190575,177,0.55139804,0.13659643,/mnt/nfs-ssd/data/DTWG_AF2_homoaug_complex/AF-Q9Y5Y7-F1-model_v4_0_0_0_complex_,0.13394807,475,180,397,297,57,467,0,322,317,DTWG,0
KIHYPELVXPAIDH-HNSNBQBZSA-N,siponimod,CCc1cc(/C(C)=N/OCc2ccc(C3CCCCC3)c(C(F)(F)F)c2)ccc1CN1CC(C(=O)O)C1,80269,LYVE1,-3.4341526,-3.6406248,23,UNVALIDATED_COLD_TARGET_MODEL_HYPOTHESIS,0.68562776,94,-0.60963607,-0.08076387,/mnt/nfs-ssd/data/DTWG_AF2_homoaug_complex/AF-Q9Y5Y7-F1-model_v4_0_0_0_complex_,0.10267814,613,671,675,537,481,673,0,659,634,DTWG,0
AILRADAXUVEEIR-UHFFFAOYSA-N,brigatinib,COc1cc(N2CCC(N3CCN(C)CC3)CC2)ccc1Nc1ncc(Cl)c(Nc2ccccc2P(C)(C)=O)n1,128985,LYVE1,-5.4829507,-3.7204204,24,UNVALIDATED_COLD_TARGET_MODEL_HYPOTHESIS,0.9118059,6,-0.3178177,0.0020656015,/mnt/nfs-ssd/data/DTWG_AF2_homoaug_complex/AF-Q9Y5Y7-F1-model_v4_0_0_0_complex_refined_,0.09654679,586,450,318,642,632,503,0,555,568,DTWG,1
WINHZLLDWRZWRT-ATVHPVEESA-N,sunitinib,CCN(CC)CCNC(=O)c1c(C)[nH]c(/C=C2\C(=O)Nc3ccc(F)cc32)c1C,63677,LYVE1,-5.8993964,-3.7691193,25,UNVALIDATED_COLD_TARGET_MODEL_HYPOTHESIS,0.5881583,139,0.7159756,0.16740744,/mnt/nfs-ssd/data/DTWG_AF2_homoaug_complex/AF-Q9Y5Y7-F1-model_v4_0_0_0_complex_,0.036605444,348,300,256,368,333,258,0,268,270,DTWG,0
KKGQTZUTZRNORY-UHFFFAOYSA-N,fingolimod,CCCCCCCCc1ccc(CCC(N)(CO)CO)cc1,55053,LYVE1,-3.802054,-3.8118846,26,UNVALIDATED_COLD_TARGET_MODEL_HYPOTHESIS,0.124270156,595,1.3453299,0.28523052,/mnt/nfs-ssd/data/DTWG_AF2_homoaug_complex/AF-Q9Y5Y7-F1-model_v4_0_0_0_complex_,0.1163075,58,187,286,81,288,146,0,100,116,DTWG,0
ATALOFNDEOCMKK-OITMNORJSA-N,aprepitant;fosaprepitant,C[C@@H](O[C@H]1OCCN(Cc2nc(=O)[nH][nH]2)[C@H]1c1ccc(F)cc1)c1cc(C(F)(F)F)cc(C(F)(F)F)c1,166729,LYVE1,-3.6636965,-3.8278792,27,UNVALIDATED_COLD_TARGET_MODEL_HYPOTHESIS,0.4615607,205,-0.05155313,0.044292852,/mnt/nfs-ssd/data/DTWG_AF2_homoaug_complex/AF-Q9Y5Y7-F1-model_v4_0_0_0_complex_refined_,0.16354388,285,323,335,196,560,598,0,490,504,DTWG,0
IAVUPMFITXYVAF-XPUUQOCRSA-N,dorzolamide,CCN[C@H]1C[C@H](C)S(=O)(=O)c2sc(S(N)(=O)=O)cc21,67439,LYVE1,-4.335946,-3.8400218,28,UNVALIDATED_COLD_TARGET_MODEL_HYPOTHESIS,0.22566102,396,1.6716585,0.3175793,/mnt/nfs-ssd/data/DTWG_AF2_homoaug_complex/AF-Q9Y5Y7-F1-model_v4_0_0_0_complex_refined_,0.050556995,121,64,85,68,104,107,0,69,61,DTWG,0
IAKHMKGGTNLKSZ-INIZCTEOSA-N,colchicine,COc1cc2c(c(OC)c1OC)-c1ccc(OC)c(=O)cc1[C@@H](NC(C)=O)CC2,134420,LYVE1,-4.1380134,-4.0001063,29,UNVALIDATED_COLD_TARGET_MODEL_HYPOTHESIS,0.14045453,555,-0.80750126,-0.07559397,/mnt/nfs-ssd/data/DTWG_AF2_homoaug_complex/AF-Q9Y5Y7-F1-model_v4_0_0_0_complex_refined_,0.07971662,716,543,623,614,646,650,0,655,674,DTWG,0
VCSUIBJKYCVWNF-NRFANRHFSA-N,vanzacaftor,CC1(C)C[C@@H]2CCCNc3cccc(n3)S(=O)(=O)NC(=O)c3ccc(-n4ccc(OCCC5C6(CC6)C56CC6)n4)nc3N1C2,44136,LYVE1,-4.02707,-4.137981,30,UNVALIDATED_COLD_TARGET_MODEL_HYPOTHESIS,0.9126663,4,-0.85612965,-0.1269106,/mnt/nfs-ssd/data/DTWG_AF2_homoaug_complex/AF-Q9Y5Y7-F1-model_v4_0_0_0_complex_,0.06367991,639,669,518,694,638,622,0,691,681,DTWG,1
NEQYWYXGTJDAKR-JTQLQIEISA-N,olutasidenib,C[C@H](Nc1ccc(C#N)n(C)c1=O)c1cc2cc(Cl)ccc2[nH]c1=O,172253,LYVE1,-4.309399,-4.208756,31,UNVALIDATED_COLD_TARGET_MODEL_HYPOTHESIS,0.34509537,291,0.25546455,0.08119393,/mnt/nfs-ssd/data/DTWG_AF2_homoaug_complex/AF-Q9Y5Y7-F1-model_v4_0_0_0_complex_,0.12648824,561,130,243,545,350,487,0,430,418,DTWG,0
BTBHLEZXCOBLCY-QGZVFWFLSA-N,finerenone,CCOc1ncc(C)c2c1[C@H](c1ccc(C#N)cc1OC)C(C(N)=O)=C(C)N2,75572,LYVE1,-4.7474356,-4.2229104,32,UNVALIDATED_COLD_TARGET_MODEL_HYPOTHESIS,0.77976,58,0.09280346,0.06718656,/mnt/nfs-ssd/data/DTWG_AF2_homoaug_complex/AF-Q9Y5Y7-F1-model_v4_0_0_0_complex_refined_,0.074874915,284,507,573,465,557,394,0,451,468,DTWG,0
VFBILHPIHUPBPZ-UHFFFAOYSA-N,difamilast,CCOc1ccccc1C(=O)NCc1coc(-c2ccc(OC(F)F)c(OC(C)C)c2)n1,75190,LYVE1,-4.106787,-4.287589,33,UNVALIDATED_COLD_TARGET_MODEL_HYPOTHESIS,0.32807884,302,-0.4823151,-0.024022257,/mnt/nfs-ssd/data/DTWG_AF2_homoaug_complex/AF-Q9Y5Y7-F1-model_v4_0_0_0_complex_refined_,0.10846896,688,636,631,327,585,571,0,598,613,DTWG,0
MWLSOWXNZPKENC-UHFFFAOYSA-N,zileuton,CC(c1cc2ccccc2s1)N(O)C(N)=O,41730,LYVE1,-4.5815897,-4.28817,34,UNVALIDATED_COLD_TARGET_MODEL_HYPOTHESIS,0.33356947,299,0.23953484,0.07821169,/mnt/nfs-ssd/data/DTWG_AF2_homoaug_complex/AF-Q9Y5Y7-F1-model_v4_0_0_0_complex_,0.14053665,103,540,228,507,494,544,0,438,426,DTWG,0
JFOZKMSJYSPYLN-QHCPKHFHSA-N,lifitegrast,CS(=O)(=O)c1cccc(C[C@H](NC(=O)c2c(Cl)cc3c(c2Cl)CCN(C(=O)c2ccc4ccoc4c2)C3)C(=O)O)c1,163468,LYVE1,-4.2555504,-4.3428006,35,UNVALIDATED_COLD_TARGET_MODEL_HYPOTHESIS,0.62184423,123,0.17341657,0.06583351,/mnt/nfs-ssd/data/DTWG_AF2_homoaug_complex/AF-Q9Y5Y7-F1-model_v4_0_0_0_complex_,0.11191703,417,475,87,512,420,410,0,457,443,DTWG,0
NDDAHWYSQHTHNT-UHFFFAOYSA-N,indapamide,CC1Cc2ccccc2N1NC(=O)c1ccc(Cl)c(S(N)(=O)=O)c1,48759,LYVE1,-4.3365774,-4.4056683,36,UNVALIDATED_COLD_TARGET_MODEL_HYPOTHESIS,0.44969058,217,2.6866078,0.47854146,/mnt/nfs-ssd/data/DTWG_AF2_homoaug_complex/AF-Q9Y5Y7-F1-model_v4_0_0_0_complex_refined_,0.10327851,3,18,7,175,4,7,5,9,5,DTWG,1
WAXQNWCZJDTGBU-UHFFFAOYSA-N,fosnetupitant;netupitant,Cc1ccccc1-c1cc(N2CCN(C)CC2)ncc1N(C)C(=O)C(C)(C)c1cc(C(F)(F)F)cc(C(F)(F)F)c1,204426,LYVE1,-4.4858756,-4.406202,37,UNVALIDATED_COLD_TARGET_MODEL_HYPOTHESIS,0.7091765,85,-0.31027088,0.0032624602,/mnt/nfs-ssd/data/DTWG_AF2_homoaug_complex/AF-Q9Y5Y7-F1-model_v4_0_0_0_complex_refined_,0.08020495,545,550,590,423,662,524,0,552,565,DTWG,0
XRVDGNKRPOAQTN-FQEVSTJZSA-N,ozanimod,CC(C)Oc1ccc(-c2nc(-c3cccc4c3CC[C@@H]4NCCO)no2)cc1C#N,35347,LYVE1,-4.349815,-4.410232,38,UNVALIDATED_COLD_TARGET_MODEL_HYPOTHESIS,0.7674843,63,0.4246045,0.11285908,/mnt/nfs-ssd/data/DTWG_AF2_homoaug_complex/AF-Q9Y5Y7-F1-model_v4_0_0_0_complex_,0.1158876,192,361,440,167,410,429,0,368,359,DTWG,0
BPQMGSKTAYIVFO-UHFFFAOYSA-N,vismodegib,CS(=O)(=O)c1ccc(C(=O)Nc2ccc(Cl)c(-c3ccccn3)c2)c(Cl)c1,163010,LYVE1,-4.550904,-4.418351,39,UNVALIDATED_COLD_TARGET_MODEL_HYPOTHESIS,0.3792466,267,1.3844368,0.27202842,/mnt/nfs-ssd/data/DTWG_AF2_homoaug_complex/AF-Q9Y5Y7-F1-model_v4_0_0_0_complex_refined_,0.08931919,416,63,147,120,167,121,0,119,107,DTWG,0
JIVPVXMEBJLZRO-UHFFFAOYSA-N,chlorthalidone,NS(=O)(=O)c1cc(C2(O)NC(=O)c3ccccc32)ccc1Cl,249068,LYVE1,-4.8280783,-4.4408274,40,UNVALIDATED_COLD_TARGET_MODEL_HYPOTHESIS,0.40622336,248,1.6733333,0.3178449,/mnt/nfs-ssd/data/DTWG_AF2_homoaug_complex/AF-Q9Y5Y7-F1-model_v4_0_0_0_complex_refined_,0.076201126,79,95,17,267,131,106,1,68,59,DTWG,0
WRFHGDPIDHPWIQ-UHFFFAOYSA-N,sparsentan,CCCCC1=NC2(CCCC2)C(=O)N1Cc1ccc(-c2ccccc2S(=O)(=O)Nc2noc(C)c2C)c(COCC)c1,53705,LYVE1,-4.55493,-4.4913344,41,UNVALIDATED_COLD_TARGET_MODEL_HYPOTHESIS,0.63731676,117,-0.7915934,-0.0730711,/mnt/nfs-ssd/data/DTWG_AF2_homoaug_complex/AF-Q9Y5Y7-F1-model_v4_0_0_0_complex_refined_,0.086477906,506,701,572,635,669,611,0,652,671,DTWG,0
PDWUPXJEEYOOTR-UHFFFAOYSA-N,3-iodobenzylguanidine,N=C(N)NCc1cccc(I)c1,240082,LYVE1,-4.625961,-4.5162306,42,UNVALIDATED_COLD_TARGET_MODEL_HYPOTHESIS,0.17863673,476,0.58047795,0.14204055,/mnt/nfs-ssd/data/DTWG_AF2_homoaug_complex/AF-Q9Y5Y7-F1-model_v4_0_0_0_complex_,0.16966297,71,595,447,272,246,495,0,310,307,DTWG,0
LXBIFEVIBLOUGU-DPYQTVNSSA-N,migalastat,OC[C@H]1NC[C@H](O)[C@@H](O)[C@H]1O,303804,LYVE1,-4.6884456,-4.5461655,43,UNVALIDATED_COLD_TARGET_MODEL_HYPOTHESIS,0.13473977,568,-0.1672554,0.0020553982,/mnt/nfs-ssd/data/DTWG_AF2_homoaug_complex/AF-Q9Y5Y7-F1-model_v4_0_0_0_complex_,0.053230308,539,420,301,583,579,577,0,556,533,DTWG,0
IDUYJRXRDSPPRC-NRFANRHFSA-N,oteseconazole,O[C@@](Cn1cnnn1)(c1ccc(F)cc1F)C(F)(F)c1ccc(-c2ccc(OCC(F)(F)F)cc2)cn1,304487,LYVE1,-4.342415,-4.58005,44,UNVALIDATED_COLD_TARGET_MODEL_HYPOTHESIS,0.4614101,206,0.0014565656,0.03364042,/mnt/nfs-ssd/data/DTWG_AF2_homoaug_complex/AF-Q9Y5Y7-F1-model_v4_0_0_0_complex_,0.11730356,671,399,475,126,527,206,0,505,490,DTWG,0
DTGLZDAWLRGWQN-UHFFFAOYSA-N,prasugrel,CC(=O)Oc1cc2c(s1)CCN(C(C(=O)C1CC1)c1ccccc1F)C2,19541,LYVE1,-4.520157,-4.612646,45,UNVALIDATED_COLD_TARGET_MODEL_HYPOTHESIS,0.20032085,431,0.3961082,0.11528806,/mnt/nfs-ssd/data/DTWG_AF2_homoaug_complex/AF-Q9Y5Y7-F1-model_v4_0_0_0_complex_refined_,0.066374674,392,421,219,387,312,464,0,362,372,DTWG,0
WOXKDUGGOYFFRN-IIBYNOLFSA-N,tadalafil,CN1CC(=O)N2[C@H](c3ccc4c(c3)OCO4)c3[nH]c4ccccc4c3C[C@@H]2C1=O,97020,LYVE1,-4.863883,-4.6166444,46,UNVALIDATED_COLD_TARGET_MODEL_HYPOTHESIS,0.5628767,153,-0.3238953,0.001101744,/mnt/nfs-ssd/data/DTWG_AF2_homoaug_complex/AF-Q9Y5Y7-F1-model_v4_0_0_0_complex_refined_,0.07709495,466,582,294,636,616,668,0,558,570,DTWG,0
LKJPYSCBVHEWIU-UHFFFAOYSA-N,bicalutamide,CC(O)(CS(=O)(=O)c1ccc(F)cc1)C(=O)Nc1ccc(C#N)c(C(F)(F)F)c1,41106,LYVE1,-4.6404824,-4.6475525,47,UNVALIDATED_COLD_TARGET_MODEL_HYPOTHESIS,0.20722888,416,0.9045891,0.20271827,/mnt/nfs-ssd/data/DTWG_AF2_homoaug_complex/AF-Q9Y5Y7-F1-model_v4_0_0_0_complex_,0.12012288,481,68,217,371,260,190,0,213,216,DTWG,0
ZBBHBTPTTSWHBA-UHFFFAOYSA-N,nicardipine,COC(=O)C1=C(C)NC(C)=C(C(=O)OCCN(C)Cc2ccccc2)C1c1cccc([N+](=O)[O-])c1,110303,LYVE1,-4.9882364,-4.7666845,48,UNVALIDATED_COLD_TARGET_MODEL_HYPOTHESIS,0.2593479,357,0.04335218,0.04148381,/mnt/nfs-ssd/data/DTWG_AF2_homoaug_complex/AF-Q9Y5Y7-F1-model_v4_0_0_0_complex_,0.108379416,504,436,601,555,412,235,0,493,478,DTWG,0
QCZAWDGAVJMPTA-RNFRBKRXSA-N,vorasidenib,C[C@@H](Nc1nc(N[C@H](C)C(F)(F)F)nc(-c2cccc(Cl)n2)n1)C(F)(F)F,166198,LYVE1,-4.87356,-4.8060994,49,UNVALIDATED_COLD_TARGET_MODEL_HYPOTHESIS,0.32941616,300,1.0905813,0.22542547,/mnt/nfs-ssd/data/DTWG_AF2_homoaug_complex/AF-Q9Y5Y7-F1-model_v4_0_0_0_complex_refined_,0.10572022,442,334,179,102,146,186,0,169,165,DTWG,0
YQNWZWMKLDQSAC-UHFFFAOYSA-N,vortioxetine,Cc1ccc(Sc2ccccc2N2CCNCC2)c(C)c1,199744,LYVE1,-7.2862487,-4.8590136,50,UNVALIDATED_COLD_TARGET_MODEL_HYPOTHESIS,0.25478625,366,0.19442168,0.08330233,/mnt/nfs-ssd/data/DTWG_AF2_homoaug_complex/AF-Q9Y5Y7-F1-model_v4_0_0_0_complex_refined_,0.0615037,263,367,385,638,421,506,0,425,437,DTWG,0
RJCWBNBKOKFWNY-IDPLTSGASA-N,omaveloxolone,CC1(C)CC[C@]2(NC(=O)C(C)(F)F)CC[C@]3(C)[C@H](C(=O)C=C4[C@@]5(C)C=C(C#N)C(=O)C(C)(C)[C@@H]5CC[C@]43C)[C@@H]2C1,43799,LYVE1,-4.9077406,-4.98872,51,UNVALIDATED_COLD_TARGET_MODEL_HYPOTHESIS,0.36384615,283,0.098210834,0.06804412,/mnt/nfs-ssd/data/DTWG_AF2_homoaug_complex/AF-Q9Y5Y7-F1-model_v4_0_0_0_complex_refined_,0.09422135,418,389,653,284,499,395,0,448,466,DTWG,0
QXWZQTURMXZVHJ-UHFFFAOYSA-N,selexipag,CC(C)N(CCCCOCC(=O)NS(C)(=O)=O)c1cnc(-c2ccccc2)c(-c2ccccc2)n1,32697,LYVE1,-4.864335,-5.0007896,52,UNVALIDATED_COLD_TARGET_MODEL_HYPOTHESIS,0.42109844,234,1.2161801,0.24534436,/mnt/nfs-ssd/data/DTWG_AF2_homoaug_complex/AF-Q9Y5Y7-F1-model_v4_0_0_0_complex_refined_,0.1362069,493,62,159,46,244,166,0,148,138,DTWG,0
HEAUOKZIVMZVQL-VWLOTQADSA-N,elagolix,COc1cccc(-c2c(C)n(Cc3c(F)cccc3C(F)(F)F)c(=O)n(C[C@H](NCCCC(=O)O)c3ccccc3)c2=O)c1F,151279,LYVE1,-4.934599,-5.019638,53,UNVALIDATED_COLD_TARGET_MODEL_HYPOTHESIS,0.6107792,127,-0.3746543,-0.0367723,/mnt/nfs-ssd/data/DTWG_AF2_homoaug_complex/AF-Q9Y5Y7-F1-model_v4_0_0_0_complex_,0.107858844,680,565,320,666,380,700,0,614,586,DTWG,0
NOZIJMHMKORZBA-KJCUYJGMSA-N,lusutrombopag,CCCCCCO[C@@H](C)c1cccc(-c2csc(NC(=O)c3cc(Cl)c(/C=C(\C)C(=O)O)c(Cl)c3)n2)c1OC,55484,LYVE1,-4.7809243,-5.0225387,54,UNVALIDATED_COLD_TARGET_MODEL_HYPOTHESIS,0.5735065,146,-0.7610005,-0.06821935,/mnt/nfs-ssd/data/DTWG_AF2_homoaug_complex/AF-Q9Y5Y7-F1-model_v4_0_0_0_complex_refined_,0.10765506,576,694,448,468,634,667,0,649,665,DTWG,0
YQNQNVDNTFHQSW-UHFFFAOYSA-N,nitazoxanide,CC(=O)Oc1ccccc1C(=O)Nc1ncc([N+](=O)[O-])s1,19616,LYVE1,-5.054123,-5.085643,55,UNVALIDATED_COLD_TARGET_MODEL_HYPOTHESIS,0.10218878,663,2.3797948,0.42988357,/mnt/nfs-ssd/data/DTWG_AF2_homoaug_complex/AF-Q9Y5Y7-F1-model_v4_0_0_0_complex_refined_,0.040250707,38,14,15,94,18,37,3,19,16,DTWG,1
HTIQEAQVCYTUBX-UHFFFAOYSA-N,amlodipine,CCOC(=O)C1=C(COCCN)NC(C)=C(C(=O)OC)C1c1ccccc1Cl,68470,LYVE1,-5.553999,-5.117899,56,UNVALIDATED_COLD_TARGET_MODEL_HYPOTHESIS,0.21707208,404,-0.12027812,0.033393666,/mnt/nfs-ssd/data/DTWG_AF2_homoaug_complex/AF-Q9Y5Y7-F1-model_v4_0_0_0_complex_refined_,0.051209632,465,533,591,524,514,405,0,506,523,DTWG,0
XHOLNRLADUSQLD-UHFFFAOYSA-N,betrixaban,COc1ccc(NC(=O)c2ccc(C(=N)N(C)C)cc2)c(C(=O)Nc2ccc(Cl)cn2)c1,146363,LYVE1,-6.3449,-5.152255,57,UNVALIDATED_COLD_TARGET_MODEL_HYPOTHESIS,0.6633318,106,-0.12899439,0.009218346,/mnt/nfs-ssd/data/DTWG_AF2_homoaug_complex/AF-Q9Y5Y7-F1-model_v4_0_0_0_complex_,0.10537465,369,651,355,633,566,441,0,543,525,DTWG,0
VSWBSWWIRNCQIJ-HUUCEWRRSA-N,asenapine,CN1C[C@@H]2c3ccccc3Oc3ccc(Cl)cc3[C@H]2C1,101860,LYVE1,-5.6200542,-5.2108436,58,UNVALIDATED_COLD_TARGET_MODEL_HYPOTHESIS,0.12715773,584,-0.6217983,-0.08304078,/mnt/nfs-ssd/data/DTWG_AF2_homoaug_complex/AF-Q9Y5Y7-F1-model_v4_0_0_0_complex_,0.08684881,544,665,589,637,690,559,0,661,637,DTWG,0
BFDBKMOZYNOTPK-UHFFFAOYSA-N,vonoprazan,CNCc1cc(-c2ccccc2F)n(S(=O)(=O)c2cccnc2)c1,107247,LYVE1,-5.5689774,-5.2136483,59,UNVALIDATED_COLD_TARGET_MODEL_HYPOTHESIS,0.25223184,370,0.46079016,0.12554605,/mnt/nfs-ssd/data/DTWG_AF2_homoaug_complex/AF-Q9Y5Y7-F1-model_v4_0_0_0_complex_refined_,0.09072916,95,432,376,535,477,264,0,337,342,DTWG,0
GYHCTFXIZSNGJT-UHFFFAOYSA-N,tolvaptan,Cc1ccccc1C(=O)Nc1ccc(C(=O)N2CCCC(O)c3cc(Cl)ccc32)c(C)c1,204766,LYVE1,-5.4213233,-5.237252,60,UNVALIDATED_COLD_TARGET_MODEL_HYPOTHESIS,0.6865092,93,-0.19951598,-0.0039841924,/mnt/nfs-ssd/data/DTWG_AF2_homoaug_complex/AF-Q9Y5Y7-F1-model_v4_0_0_0_complex_,0.1294574,542,287,345,646,568,507,0,570,541,DTWG,0
FDBYIYFVSAHJLY-UHFFFAOYSA-N,resmetirom,CC(C)c1cc(Oc2c(Cl)cc(-n3nc(C#N)c(=O)[nH]c3=O)cc2Cl)n[nH]c1=O,37575,LYVE1,-5.0987377,-5.259243,61,UNVALIDATED_COLD_TARGET_MODEL_HYPOTHESIS,0.5532734,155,2.2567313,0.41036674,/mnt/nfs-ssd/data/DTWG_AF2_homoaug_complex/AF-Q9Y5Y7-F1-model_v4_0_0_0_complex_refined_,0.07614262,127,15,11,41,37,67,2,24,19,DTWG,1
SNICXCGAKADSCV-JTQLQIEISA-N,nicotine polacrilex,CN1CCC[C@H]1c1cccnc1,98522,LYVE1,-5.225695,-5.261179,62,UNVALIDATED_COLD_TARGET_MODEL_HYPOTHESIS,0.17730516,478,-0.6344624,-0.054570395,/mnt/nfs-ssd/data/DTWG_AF2_homoaug_complex/AF-Q9Y5Y7-F1-model_v4_0_0_0_complex_,0.10685932,454,442,580,593,595,561,0,633,639,DTWG,0
FYDWDCIFZSGNBU-UHFFFAOYSA-N,revefenacin,CN(CCN1CCC(OC(=O)Nc2ccccc2-c2ccccc2)CC1)C(=O)c1ccc(CN2CCC(C(N)=O)CC2)cc1,93523,LYVE1,-5.132118,-5.335067,63,UNVALIDATED_COLD_TARGET_MODEL_HYPOTHESIS,0.86233807,24,0.3084779,0.0911187,/mnt/nfs-ssd/data/DTWG_AF2_homoaug_complex/AF-Q9Y5Y7-F1-model_v4_0_0_0_complex_,0.10896902,365,637,221,401,299,456,0,414,402,DTWG,0
BSYNRYMUTXBXSQ-UHFFFAOYSA-N,aspirin,CC(=O)Oc1ccccc1C(=O)O,19617,LYVE1,-5.3287096,-5.3417153,64,UNVALIDATED_COLD_TARGET_MODEL_HYPOTHESIS,0.04834319,720,-0.2878987,0.006810496,/mnt/nfs-ssd/data/DTWG_AF2_homoaug_complex/AF-Q9Y5Y7-F1-model_v4_0_0_0_complex_refined_,0.102146424,209,471,629,641,572,586,0,547,561,DTWG,0
KPBZROQVTHLCDU-UHFFFAOYSA-N,clevidipine,CCCC(=O)OCOC(=O)C1=C(C)NC(C)=C(C(=O)OC)C1c1cccc(Cl)c1Cl,52757,LYVE1,-5.4828563,-5.356268,65,UNVALIDATED_COLD_TARGET_MODEL_HYPOTHESIS,0.1574092,510,-0.32829332,0.0004042536,/mnt/nfs-ssd/data/DTWG_AF2_homoaug_complex/AF-Q9Y5Y7-F1-model_v4_0_0_0_complex_refined_,0.10338457,494,616,658,375,558,325,0,561,574,DTWG,0
RLCLASQCAPXVLM-NSHDSACASA-N,mavacamten,CC(C)n1c(=O)cc(N[C@@H](C)c2ccccc2)[nH]c1=O,38801,LYVE1,-4.9693213,-5.3997135,66,UNVALIDATED_COLD_TARGET_MODEL_HYPOTHESIS,0.20366706,423,2.0067215,0.37071738,/mnt/nfs-ssd/data/DTWG_AF2_homoaug_complex/AF-Q9Y5Y7-F1-model_v4_0_0_0_complex_refined_,0.08873945,9,38,80,268,40,89,1,38,30,DTWG,0
KWTWDQCKEHXFFR-SMDDNHRTSA-N,tapentadol,CC[C@@H](c1cccc(O)c1)[C@@H](C)CN(C)C,77108,LYVE1,-6.249786,-5.4365664,67,UNVALIDATED_COLD_TARGET_MODEL_HYPOTHESIS,0.09252259,687,0.18580176,0.068152174,/mnt/nfs-ssd/data/DTWG_AF2_homoaug_complex/AF-Q9Y5Y7-F1-model_v4_0_0_0_complex_,0.15898165,136,557,489,222,581,617,0,447,439,DTWG,0
FTALBRSUTCGOEG-UHFFFAOYSA-N,riluzole,Nc1nc2ccc(OC(F)(F)F)cc2s1,257853,LYVE1,-5.3143044,-5.438169,68,UNVALIDATED_COLD_TARGET_MODEL_HYPOTHESIS,0.085428275,698,-0.7353658,-0.10430208,/mnt/nfs-ssd/data/DTWG_AF2_homoaug_complex/AF-Q9Y5Y7-F1-model_v4_0_0_0_complex_,0.07997079,702,602,503,653,577,633,0,676,658,DTWG,0
ASUTZQLVASHGKV-JDFRZJQESA-N,galantamine,COc1ccc2c3c1O[C@H]1C[C@@H](O)C=C[C@@]31CCN(C)C2,150306,LYVE1,-5.9307604,-5.46352,69,UNVALIDATED_COLD_TARGET_MODEL_HYPOTHESIS,0.10688337,647,-0.19476046,-0.0030938934,/mnt/nfs-ssd/data/DTWG_AF2_homoaug_complex/AF-Q9Y5Y7-F1-model_v4_0_0_0_complex_,0.13959186,203,502,559,589,600,637,0,569,540,DTWG,0
RYMZZMVNJRMUDD-HGQWONQESA-N,simvastatin,CCC(C)(C)C(=O)O[C@H]1C[C@@H](C)C=C2C=C[C@H](C)[C@H](CC[C@@H]3C[C@@H](O)CC(=O)O3)[C@H]21,50562,LYVE1,-5.787609,-5.482215,70,UNVALIDATED_COLD_TARGET_MODEL_HYPOTHESIS,0.30605084,312,0.8799802,0.19202596,/mnt/nfs-ssd/data/DTWG_AF2_homoaug_complex/AF-Q9Y5Y7-F1-model_v4_0_0_0_complex_refined_,0.16606434,662,321,438,104,147,92,0,228,225,DTWG,0
IMOZEMNVLZVGJZ-QGZVFWFLSA-N,apremilast,CCOc1cc([C@@H](CS(C)(=O)=O)N2C(=O)c3cccc(NC(C)=O)c3C2=O)ccc1OC,73540,LYVE1,-6.5957932,-5.5066977,71,UNVALIDATED_COLD_TARGET_MODEL_HYPOTHESIS,0.3887348,261,0.71178734,0.16535203,/mnt/nfs-ssd/data/DTWG_AF2_homoaug_complex/AF-Q9Y5Y7-F1-model_v4_0_0_0_complex_refined_,0.04889268,219,176,284,428,437,266,0,274,272,DTWG,0
XWLUWCNOOVRFPX-UHFFFAOYSA-N,fosphenytoin,O=C1NC(c2ccccc2)(c2ccccc2)C(=O)N1COP(=O)(O)O,293078,LYVE1,-5.31231,-5.522474,72,UNVALIDATED_COLD_TARGET_MODEL_HYPOTHESIS,0.12567323,590,0.34015787,0.097049594,/mnt/nfs-ssd/data/DTWG_AF2_homoaug_complex/AF-Q9Y5Y7-F1-model_v4_0_0_0_complex_,0.07329537,402,407,122,544,413,365,0,405,396,DTWG,0
GDLBFKVLRPITMI-UHFFFAOYSA-N,diazoxide,CC1=Nc2ccc(Cl)cc2S(=O)(=O)N1,47546,LYVE1,-5.28454,-5.5283732,73,UNVALIDATED_COLD_TARGET_MODEL_HYPOTHESIS,0.14518486,546,0.11445428,0.07062019,/mnt/nfs-ssd/data/DTWG_AF2_homoaug_complex/AF-Q9Y5Y7-F1-model_v4_0_0_0_complex_refined_,0.104608856,142,588,267,659,330,539,0,444,463,DTWG,0
OZOMQRBLCMDCEG-VIZOYTHASA-N,dantrolene,O=C1CN(/N=C/c2ccc(-c3ccc([N+](=O)[O-])cc3)o2)C(=O)N1,291001,LYVE1,-5.4658513,-5.5331297,74,UNVALIDATED_COLD_TARGET_MODEL_HYPOTHESIS,0.103217885,655,1.8696451,0.34897825,/mnt/nfs-ssd/data/DTWG_AF2_homoaug_complex/AF-Q9Y5Y7-F1-model_v4_0_0_0_complex_refined_,0.0859763,199,43,65,38,39,59,0,47,41,DTWG,0
PRMWGUBFXWROHD-UHFFFAOYSA-N,perampanel,N#Cc1ccccc1-c1cc(-c2ccccn2)cn(-c2ccccc2)c1=O,238174,LYVE1,-5.50616,-5.5352182,75,UNVALIDATED_COLD_TARGET_MODEL_HYPOTHESIS,0.20302801,424,0.43563998,0.12155745,/mnt/nfs-ssd/data/DTWG_AF2_homoaug_complex/AF-Q9Y5Y7-F1-model_v4_0_0_0_complex_refined_,0.18264571,271,132,508,661,636,43,0,347,354,DTWG,0
DDFOUSQFMYRUQK-RCDICMHDSA-N,isavuconazonium,C[C@@H](c1nc(-c2ccc(C#N)cc2)cs1)[C@](O)(Cn1cncn1)c1cc(F)ccc1F,167398,LYVE1,-5.370767,-5.559532,76,UNVALIDATED_COLD_TARGET_MODEL_HYPOTHESIS,0.60119337,132,0.29838666,0.09979027,/mnt/nfs-ssd/data/DTWG_AF2_homoaug_complex/AF-Q9Y5Y7-F1-model_v4_0_0_0_complex_refined_,0.13204333,408,260,598,255,262,416,0,397,406,DTWG,0
DOMXUEMWDBAQBQ-WEVVVXLNSA-N,terbinafine,CN(C/C=C/C#CC(C)(C)C)Cc1cccc2ccccc12,92960,LYVE1,-5.579012,-5.5604167,77,UNVALIDATED_COLD_TARGET_MODEL_HYPOTHESIS,0.16189677,503,0.97504896,0.21590924,/mnt/nfs-ssd/data/DTWG_AF2_homoaug_complex/AF-Q9Y5Y7-F1-model_v4_0_0_0_complex_,0.095009394,132,216,270,306,275,149,0,180,187,DTWG,0
BMEARIQHWSVDBS-SNVBAGLBSA-N,cipepofol,CC(C)c1cccc([C@H](C)C2CC2)c1O,38137,LYVE1,-5.421272,-5.689388,78,UNVALIDATED_COLD_TARGET_MODEL_HYPOTHESIS,0.24333784,382,-0.33090407,-9.785096e-06,/mnt/nfs-ssd/data/DTWG_AF2_homoaug_complex/AF-Q9Y5Y7-F1-model_v4_0_0_0_complex_refined_,0.084564045,631,638,576,526,590,389,0,563,576,DTWG,0
RKEWSXXUOLRFBX-UHFFFAOYSA-N,pimavanserin,CC(C)COc1ccc(CNC(=O)N(Cc2ccc(F)cc2)C2CCN(C)CC2)cc1,30983,LYVE1,-5.6817884,-5.702268,79,UNVALIDATED_COLD_TARGET_MODEL_HYPOTHESIS,0.24997813,372,0.75838035,0.17534615,/mnt/nfs-ssd/data/DTWG_AF2_homoaug_complex/AF-Q9Y5Y7-F1-model_v4_0_0_0_complex_,0.075786814,372,406,230,221,394,132,0,255,256,DTWG,0
PUKBOVABABRILL-YZNIXAGQSA-N,avacopan,Cc1ccc(NC(=O)[C@H]2CCCN(C(=O)c3c(C)cccc3F)[C@H]2c2ccc(NC3CCCC3)cc2)cc1C(F)(F)F,197325,LYVE1,-5.5593176,-5.7117434,80,UNVALIDATED_COLD_TARGET_MODEL_HYPOTHESIS,0.8486637,31,-0.6328314,-0.08510632,/mnt/nfs-ssd/data/DTWG_AF2_homoaug_complex/AF-Q9Y5Y7-F1-model_v4_0_0_0_complex_,0.068203576,660,655,510,703,567,548,0,662,638,DTWG,0
BBAWEDCPNXPBQM-GDEBMMAJSA-N,telaprevir,CCC[C@H](NC(=O)[C@@H]1[C@H]2CCC[C@H]2CN1C(=O)[C@@H](NC(=O)[C@@H](NC(=O)c1cnccn1)C1CCCCC1)C(C)(C)C)C(=O)C(=O)NC1CC1,61038,LYVE1,-5.7179008,-5.745902,81,UNVALIDATED_COLD_TARGET_MODEL_HYPOTHESIS,0.4029536,251,-0.50163454,-0.027086154,/mnt/nfs-ssd/data/DTWG_AF2_homoaug_complex/AF-Q9Y5Y7-F1-model_v4_0_0_0_complex_refined_,0.09882949,462,524,584,613,645,418,0,603,616,DTWG,0
TYZROVQLWOKYKF-ZDUSSCGKSA-N,linezolid,CC(=O)NC[C@H]1CN(c2ccc(N3CCOCC3)c(F)c2)C(=O)O1,16748,LYVE1,-5.526044,-5.770058,82,UNVALIDATED_COLD_TARGET_MODEL_HYPOTHESIS,0.35222068,288,2.5005062,0.4490273,/mnt/nfs-ssd/data/DTWG_AF2_homoaug_complex/AF-Q9Y5Y7-F1-model_v4_0_0_0_complex_refined_,0.1050845,52,4,2,54,17,6,4,16,10,DTWG,1
YHGSTSNEOJUIRN-UHFFFAOYSA-N,omidenepag,O=C(O)CNc1cccc(CN(Cc2ccc(-n3cccn3)cc2)S(=O)(=O)c2cccnc2)n1,283301,LYVE1,-5.6733837,-5.773351,83,UNVALIDATED_COLD_TARGET_MODEL_HYPOTHESIS,0.24728678,377,-0.7699934,-0.07348562,/mnt/nfs-ssd/data/DTWG_AF2_homoaug_complex/AF-Q9Y5Y7-F1-model_v4_0_0_0_complex_,0.06058452,508,618,519,442,573,679,0,653,666,DTWG,0
UIAGMCDKSXEBJQ-UHFFFAOYSA-N,nimodipine,COCCOC(=O)C1=C(C)NC(C)=C(C(=O)OC(C)C)C1c1cccc([N+](=O)[O-])c1,118121,LYVE1,-5.90735,-5.781675,84,UNVALIDATED_COLD_TARGET_MODEL_HYPOTHESIS,0.13488662,567,0.15270828,0.07668694,/mnt/nfs-ssd/data/DTWG_AF2_homoaug_complex/AF-Q9Y5Y7-F1-model_v4_0_0_0_complex_refined_,0.093150124,491,473,656,373,382,280,0,439,452,DTWG,0
JAUOIFJMECXRGI-UHFFFAOYSA-N,desloratadine;loratadine,Clc1ccc2c(c1)CCc1cccnc1C2=C1CCNCC1,218431,LYVE1,-6.4887643,-5.8427005,85,UNVALIDATED_COLD_TARGET_MODEL_HYPOTHESIS,0.30079326,316,-0.9395315,-0.11080438,/mnt/nfs-ssd/data/DTWG_AF2_homoaug_complex/AF-Q9Y5Y7-F1-model_v4_0_0_0_complex_,0.13376649,473,688,634,618,682,589,0,681,687,DTWG,0
UQRORFVVSGFNRO-UTINFBMNSA-N,miglustat,CCCCN1C[C@H](O)[C@@H](O)[C@H](O)[C@H]1CO,56546,LYVE1,-6.0593815,-5.850738,86,UNVALIDATED_COLD_TARGET_MODEL_HYPOTHESIS,0.09571688,678,0.7853999,0.18040454,/mnt/nfs-ssd/data/DTWG_AF2_homoaug_complex/AF-Q9Y5Y7-F1-model_v4_0_0_0_complex_,0.11655896,105,264,361,264,370,360,0,242,246,DTWG,0
SUJUHGSWHZTSEU-FYBSXPHGSA-N,tipranavir,CCC[C@@]1(CCc2ccccc2)CC(O)=C([C@H](CC)c2cccc(NS(=O)(=O)c3ccc(C(F)(F)F)cn3)c2)C(=O)O1,60824,LYVE1,-5.8064113,-5.852079,87,UNVALIDATED_COLD_TARGET_MODEL_HYPOTHESIS,0.6044844,130,-0.4776176,-0.056048334,/mnt/nfs-ssd/data/DTWG_AF2_homoaug_complex/AF-Q9Y5Y7-F1-model_v4_0_0_0_complex_,0.12405953,620,635,273,686,455,540,0,636,612,DTWG,0
LRFKWQGGENFBFO-IBGZPJMESA-N,fingolimod,CCCCCCCCc1ccc(CC[C@](N)(CO)COP(=O)(O)O)cc1,55060,LYVE1,-5.5102615,-5.852569,88,UNVALIDATED_COLD_TARGET_MODEL_HYPOTHESIS,0.15393251,519,0.666009,0.15805306,/mnt/nfs-ssd/data/DTWG_AF2_homoaug_complex/AF-Q9Y5Y7-F1-model_v4_0_0_0_complex_,0.08100083,236,319,378,319,283,438,0,292,292,DTWG,0
LOMMPXLFBTZENJ-ZACQAIPSSA-N,belzutifan,CS(=O)(=O)c1ccc(Oc2cc(F)cc(C#N)c2)c2c1[C@H](O)[C@H](F)[C@@H]2F,163278,LYVE1,-5.969936,-5.88167,89,UNVALIDATED_COLD_TARGET_MODEL_HYPOTHESIS,0.6140389,125,1.445904,0.28177658,/mnt/nfs-ssd/data/DTWG_AF2_homoaug_complex/AF-Q9Y5Y7-F1-model_v4_0_0_0_complex_refined_,0.13008206,7,148,176,249,98,426,1,103,91,DTWG,0
GNXFOGHNGIVQEH-UHFFFAOYSA-N,methocarbamol,COc1ccccc1OCC(O)COC(N)=O,156316,LYVE1,-5.5427394,-5.92443,90,UNVALIDATED_COLD_TARGET_MODEL_HYPOTHESIS,0.08503639,699,0.6482044,0.15526833,/mnt/nfs-ssd/data/DTWG_AF2_homoaug_complex/AF-Q9Y5Y7-F1-model_v4_0_0_0_complex_refined_,0.117203556,140,258,92,562,409,303,0,295,295,DTWG,0
GBLBJPZSROAGMF-RWYJCYHVSA-N,pralsetinib,CO[C@]1(C(=O)N[C@@H](C)c2ccc(-n3cc(F)cn3)nc2)CC[C@H](c2nc(C)cc(Nc3cc(C)[nH]n3)n2)CC1,122187,LYVE1,-7.2011456,-5.932763,91,UNVALIDATED_COLD_TARGET_MODEL_HYPOTHESIS,0.9201988,2,-1.1323682,-0.17862593,/mnt/nfs-ssd/data/DTWG_AF2_homoaug_complex/AF-Q9Y5Y7-F1-model_v4_0_0_0_complex_,0.06794207,700,656,676,692,713,649,0,704,699,DTWG,1
ZWUQVNSJSJHFPS-XFXZXTDPSA-N,prasugrel,O=C(O)/C=C1/CN(C(C(=O)C2CC2)c2ccccc2F)CCC1S,281766,LYVE1,-5.356707,-5.93591,92,UNVALIDATED_COLD_TARGET_MODEL_HYPOTHESIS,0.20652883,418,2.2213464,0.404755,/mnt/nfs-ssd/data/DTWG_AF2_homoaug_complex/AF-Q9Y5Y7-F1-model_v4_0_0_0_complex_refined_,0.13089296,5,298,24,61,82,12,2,26,21,DTWG,0
LXMSZDCAJNLERA-ZHYRCANASA-N,spironolactone,CC(=O)S[C@@H]1CC2=CC(=O)CC[C@]2(C)[C@H]2CC[C@@]3(C)[C@@H](CC[C@@]34CCC(=O)O4)[C@H]12,19643,LYVE1,-6.599777,-5.9408097,93,UNVALIDATED_COLD_TARGET_MODEL_HYPOTHESIS,0.24653403,379,1.0548087,0.21975224,/mnt/nfs-ssd/data/DTWG_AF2_homoaug_complex/AF-Q9Y5Y7-F1-model_v4_0_0_0_complex_refined_,0.16438055,548,234,76,92,81,436,0,173,170,DTWG,0
RTGDFNSFWBGLEC-SYZQJQIISA-N,mycophenolate mofetil,COc1c(C)c2c(c(O)c1C/C=C(\C)CCC(=O)OCCN1CCOCC1)C(=O)OC2,122412,LYVE1,-5.789344,-6.012039,94,UNVALIDATED_COLD_TARGET_MODEL_HYPOTHESIS,0.19432595,440,2.034379,0.37510362,/mnt/nfs-ssd/data/DTWG_AF2_homoaug_complex/AF-Q9Y5Y7-F1-model_v4_0_0_0_complex_refined_,0.1358239,312,111,18,21,99,10,2,37,29,DTWG,0
XEDHVZKDSYZQBF-UHFFFAOYSA-N,lasmiditan,CN1CCC(C(=O)c2cccc(NC(=O)c3c(F)cc(F)cc3F)n2)CC1,97320,LYVE1,-6.184486,-6.035788,95,UNVALIDATED_COLD_TARGET_MODEL_HYPOTHESIS,0.6637519,105,1.1649654,0.23722215,/mnt/nfs-ssd/data/DTWG_AF2_homoaug_complex/AF-Q9Y5Y7-F1-model_v4_0_0_0_complex_refined_,0.14149345,461,107,185,529,52,70,0,157,149,DTWG,0
WIJZXSAJMHAVGX-DHLKQENFSA-N,ivosidenib,N#Cc1ccnc(N2C(=O)CC[C@H]2C(=O)N(c2cncc(F)c2)[C@H](C(=O)NC2CC(F)(F)C2)c2ccccc2Cl)c1,238401,LYVE1,-6.409871,-6.0657063,96,UNVALIDATED_COLD_TARGET_MODEL_HYPOTHESIS,0.5445183,161,-0.98942995,-0.10444627,/mnt/nfs-ssd/data/DTWG_AF2_homoaug_complex/AF-Q9Y5Y7-F1-model_v4_0_0_0_complex_refined_,0.11458465,694,652,613,682,701,413,0,677,692,DTWG,0
DMNOVGJWPASQDL-OAQYLSRUSA-N,oliceridine,COc1ccsc1CNCC[C@@]1(c2ccccn2)CCOC2(CCCC2)C1,156742,LYVE1,-6.2746673,-6.078922,97,UNVALIDATED_COLD_TARGET_MODEL_HYPOTHESIS,0.58817816,138,0.14727062,0.060938656,/mnt/nfs-ssd/data/DTWG_AF2_homoaug_complex/AF-Q9Y5Y7-F1-model_v4_0_0_0_complex_,0.06851182,447,500,534,486,351,459,0,466,454,DTWG,0
XXSMGPRMXLTPCZ-UHFFFAOYSA-N,hydroxychloroquine,CCN(CCO)CCCC(C)Nc1ccnc2cc(Cl)ccc12,64656,LYVE1,-6.003126,-6.085732,98,UNVALIDATED_COLD_TARGET_MODEL_HYPOTHESIS,0.19485356,439,1.3203835,0.28056026,/mnt/nfs-ssd/data/DTWG_AF2_homoaug_complex/AF-Q9Y5Y7-F1-model_v4_0_0_0_complex_,0.07410274,112,210,211,80,174,133,0,104,119,DTWG,0
QHMBSVQNZZTUGM-ZWKOTPCHSA-N,cannabidiol,C=C(C)[C@@H]1CCC(C)=C[C@H]1c1c(O)cc(CCCCC)cc1O,3685,LYVE1,-5.8393593,-6.123918,99,UNVALIDATED_COLD_TARGET_MODEL_HYPOTHESIS,0.18176608,469,0.5293176,0.13641392,/mnt/nfs-ssd/data/DTWG_AF2_homoaug_complex/AF-Q9Y5Y7-F1-model_v4_0_0_0_complex_refined_,0.1299005,381,603,543,193,236,208,0,323,323,DTWG,0
SNIOPGDIGTZGOP-UHFFFAOYSA-N,nitroglycerin,O=[N+]([O-])OCC(CO[N+](=O)[O-])O[N+](=O)[O-],298445,LYVE1,-5.920772,-6.1419926,100,UNVALIDATED_COLD_TARGET_MODEL_HYPOTHESIS,0.1026339,660,0.93473035,0.20836109,/mnt/nfs-ssd/data/DTWG_AF2_homoaug_complex/AF-Q9Y5Y7-F1-model_v4_0_0_0_complex_,0.07843695,101,342,250,286,162,158,0,200,213,DTWG,0
HTIQEAQVCYTUBX-KRWDZBQOSA-N,levamlodipine,CCOC(=O)C1=C(COCCN)NC(C)=C(C(=O)OC)[C@@H]1c1ccccc1Cl,68471,LYVE1,-6.6529665,-6.146918,101,UNVALIDATED_COLD_TARGET_MODEL_HYPOTHESIS,0.21707208,403,-0.04943087,0.044629425,/mnt/nfs-ssd/data/DTWG_AF2_homoaug_complex/AF-Q9Y5Y7-F1-model_v4_0_0_0_complex_refined_,0.056977548,529,556,539,457,497,369,0,489,503,DTWG,0
YQEZLKZALYSWHR-ZDUSSCGKSA-N,esketamine,CN[C@]1(c2ccccc2Cl)CCCCC1=O,108103,LYVE1,-6.529981,-6.2114825,102,UNVALIDATED_COLD_TARGET_MODEL_HYPOTHESIS,0.16877614,492,-0.3499865,-0.0030360892,/mnt/nfs-ssd/data/DTWG_AF2_homoaug_complex/AF-Q9Y5Y7-F1-model_v4_0_0_0_complex_refined_,0.065798424,382,573,588,601,564,402,0,567,579,DTWG,0
DWRIJNIPBUFCQS-DQEYMECFSA-N,elinzanetant,Cc1cc(F)ccc1-c1cc(N2C[C@H]3COCCN3C[C@H]2CO)ncc1N(C)C(=O)C(C)(C)c1cc(C(F)(F)F)cc(C(F)(F)F)c1,186997,LYVE1,-5.9633656,-6.218576,103,UNVALIDATED_COLD_TARGET_MODEL_HYPOTHESIS,0.77641165,59,-0.84798956,-0.08201506,/mnt/nfs-ssd/data/DTWG_AF2_homoaug_complex/AF-Q9Y5Y7-F1-model_v4_0_0_0_complex_refined_,0.116852805,519,654,685,585,704,602,0,660,678,DTWG,0
NEMGRZFTLSKBAP-LBPRGKRZSA-N,safinamide,C[C@H](NCc1ccc(OCc2cccc(F)c2)cc1)C(N)=O,172080,LYVE1,-5.901591,-6.2301927,104,UNVALIDATED_COLD_TARGET_MODEL_HYPOTHESIS,0.16741522,496,2.0909047,0.4248116,/mnt/nfs-ssd/data/DTWG_AF2_homoaug_complex/AF-Q9Y5Y7-F1-model_v4_0_0_0_complex_,0.12438715,15,218,42,14,119,30,2,20,25,DTWG,0
ZBPLOVFIXSTCRZ-UHFFFAOYSA-N,bromfenac,Nc1c(CC(=O)O)cccc1C(=O)c1ccc(Br)cc1,253713,LYVE1,-5.8167586,-6.2681246,105,UNVALIDATED_COLD_TARGET_MODEL_HYPOTHESIS,0.15131907,525,0.4152714,0.1111118,/mnt/nfs-ssd/data/DTWG_AF2_homoaug_complex/AF-Q9Y5Y7-F1-model_v4_0_0_0_complex_,0.11710003,64,564,108,434,378,321,0,370,363,DTWG,0
VPMRSLWWUXNYRY-PJCFOSJUSA-N,benzhydrocodone,COc1ccc2c3c1O[C@H]1C(OC(=O)c4ccccc4)=CC[C@H]4[C@@H](C2)N(C)CC[C@]314,150303,LYVE1,-6.8355536,-6.319859,106,UNVALIDATED_COLD_TARGET_MODEL_HYPOTHESIS,0.19642095,433,0.010395543,0.035313908,/mnt/nfs-ssd/data/DTWG_AF2_homoaug_complex/AF-Q9Y5Y7-F1-model_v4_0_0_0_complex_,0.11116521,439,465,643,256,390,603,0,502,488,DTWG,0
HPNSFSBZBAHARI-RUDMXATFSA-N,mycophenolate mofetil,COc1c(C)c2c(c(O)c1C/C=C(\C)CCC(=O)O)C(=O)OC2,122411,LYVE1,-6.101612,-6.323537,107,UNVALIDATED_COLD_TARGET_MODEL_HYPOTHESIS,0.12265386,600,1.7941138,0.33699962,/mnt/nfs-ssd/data/DTWG_AF2_homoaug_complex/AF-Q9Y5Y7-F1-model_v4_0_0_0_complex_refined_,0.12765267,78,244,118,10,172,75,1,56,50,DTWG,0
USZAGAREISWJDP-UHFFFAOYSA-N,crisaborole,N#Cc1ccc(Oc2ccc3c(c2)COB3O)cc1,237107,LYVE1,-6.9808197,-6.3472104,108,UNVALIDATED_COLD_TARGET_MODEL_HYPOTHESIS,0.1236296,597,1.5746709,0.32816607,/mnt/nfs-ssd/data/DTWG_AF2_homoaug_complex/AF-Q9Y5Y7-F1-model_v4_0_0_0_complex_,0.10471241,138,75,50,366,97,19,1,60,70,DTWG,0
XKLMZUWKNUAPSZ-UHFFFAOYSA-N,ranolazine,COc1ccccc1OCC(O)CN1CCN(CC(=O)Nc2c(C)cccc2C)CC1,156314,LYVE1,-5.9575458,-6.351053,109,UNVALIDATED_COLD_TARGET_MODEL_HYPOTHESIS,0.18169214,470,1.3614811,0.28825423,/mnt/nfs-ssd/data/DTWG_AF2_homoaug_complex/AF-Q9Y5Y7-F1-model_v4_0_0_0_complex_,0.1037996,378,139,195,122,144,33,0,93,110,DTWG,0
GJPICJJJRGTNOD-UHFFFAOYSA-N,bosentan,COc1ccccc1Oc1c(NS(=O)(=O)c2ccc(C(C)(C)C)cc2)nc(-c2ncccn2)nc1OCCO,156338,LYVE1,-6.130489,-6.4130435,110,UNVALIDATED_COLD_TARGET_MODEL_HYPOTHESIS,0.3216472,304,-0.4654688,-0.021350587,/mnt/nfs-ssd/data/DTWG_AF2_homoaug_complex/AF-Q9Y5Y7-F1-model_v4_0_0_0_complex_refined_,0.11129758,628,684,520,403,622,450,0,593,607,DTWG,0
QYSXJUFSXHHAJI-YRZJJWOYSA-N,cholecalciferol,C=C1CC[C@H](O)C/C1=C/C=C1\CCC[C@]2(C)[C@@H]([C@H](C)CCCC(C)C)CC[C@@H]12,4293,LYVE1,-6.571753,-6.4138036,111,UNVALIDATED_COLD_TARGET_MODEL_HYPOTHESIS,0.34425446,292,-0.30218247,-0.023204653,/mnt/nfs-ssd/data/DTWG_AF2_homoaug_complex/AF-Q9Y5Y7-F1-model_v4_0_0_0_complex_,0.14336039,385,344,697,591,531,655,0,597,564,DTWG,0
NBRBXGKOEOGLOI-UHFFFAOYSA-N,dasabuvir,COc1c(-c2ccc3cc(NS(C)(=O)=O)ccc3c2)cc(-n2ccc(=O)[nH]c2=O)cc1C(C)(C)C,122249,LYVE1,-6.57419,-6.5112224,112,UNVALIDATED_COLD_TARGET_MODEL_HYPOTHESIS,0.6948166,90,0.47790328,0.12826005,/mnt/nfs-ssd/data/DTWG_AF2_homoaug_complex/AF-Q9Y5Y7-F1-model_v4_0_0_0_complex_refined_,0.17142677,669,212,190,103,659,315,0,334,336,DTWG,0
FDTZUTSGGSRHQF-UHFFFAOYSA-N,nitazoxanide,O=C(Nc1ncc([N+](=O)[O-])s1)c1ccccc1O,281350,LYVE1,-6.370227,-6.5333543,113,UNVALIDATED_COLD_TARGET_MODEL_HYPOTHESIS,0.124551296,594,0.7203127,0.1682194,/mnt/nfs-ssd/data/DTWG_AF2_homoaug_complex/AF-Q9Y5Y7-F1-model_v4_0_0_0_complex_,0.09246367,168,297,124,459,166,276,0,264,265,DTWG,0
JKVNJTYHRABHIY-WXVUKLJWSA-N,benzgalantamine,COc1ccc2c3c1O[C@H]1C[C@@H](OC(=O)c4ccccc4)C=C[C@@]31CCN(C)C2,150327,LYVE1,-6.519937,-6.5502205,114,UNVALIDATED_COLD_TARGET_MODEL_HYPOTHESIS,0.45970342,208,0.2572587,0.08152982,/mnt/nfs-ssd/data/DTWG_AF2_homoaug_complex/AF-Q9Y5Y7-F1-model_v4_0_0_0_complex_,0.079498604,435,375,568,334,313,411,0,429,417,DTWG,0
FELGMEQIXOGIFQ-UHFFFAOYSA-N,ondansetron,Cc1nccn1CC1CCc2c(c3ccccc3n2C)C1=O,214242,LYVE1,-7.250714,-6.560311,115,UNVALIDATED_COLD_TARGET_MODEL_HYPOTHESIS,0.3919209,259,0.96511054,0.20552689,/mnt/nfs-ssd/data/DTWG_AF2_homoaug_complex/AF-Q9Y5Y7-F1-model_v4_0_0_0_complex_refined_,0.055947654,247,151,144,447,217,269,0,207,194,DTWG,0
XUFQPHANEAPEMJ-UHFFFAOYSA-N,famotidine,N=C(N)Nc1nc(CSCCC(=N)NS(N)(=O)=O)cs1,240144,LYVE1,-6.220592,-6.5768723,116,UNVALIDATED_COLD_TARGET_MODEL_HYPOTHESIS,0.38552773,264,1.9093726,0.39082646,/mnt/nfs-ssd/data/DTWG_AF2_homoaug_complex/AF-Q9Y5Y7-F1-model_v4_0_0_0_complex_,0.12581953,46,89,66,16,22,279,1,31,36,DTWG,0
FKENQMMABCRJMK-RITPCOANSA-N,sulbactam,CC1(C)[C@H](C(=O)O)N2C(=O)C[C@H]2S1(=O)=O,45088,LYVE1,-5.934046,-6.6188507,117,UNVALIDATED_COLD_TARGET_MODEL_HYPOTHESIS,0.121930614,601,0.45348427,0.124387406,/mnt/nfs-ssd/data/DTWG_AF2_homoaug_complex/AF-Q9Y5Y7-F1-model_v4_0_0_0_complex_refined_,0.11067128,56,352,379,388,348,341,0,341,346,DTWG,0
BLJRIMJGRPQVNF-JTQLQIEISA-N,timolol,CC(C)(C)NC[C@H](O)COc1nsnc1N1CCOCC1,22722,LYVE1,-6.125255,-6.6253486,118,UNVALIDATED_COLD_TARGET_MODEL_HYPOTHESIS,0.15671661,513,1.235043,0.24833585,/mnt/nfs-ssd/data/DTWG_AF2_homoaug_complex/AF-Q9Y5Y7-F1-model_v4_0_0_0_complex_refined_,0.124339946,116,66,171,163,29,501,0,145,133,DTWG,0
NYNZQNWKBKUAII-KBXCAEBGSA-N,larotrectinib,O=C(Nc1cnn2ccc(N3CCC[C@@H]3c3cc(F)ccc3F)nc12)N1CC[C@H](O)C1,280919,LYVE1,-9.555493,-6.67458,119,UNVALIDATED_COLD_TARGET_MODEL_HYPOTHESIS,0.8681469,21,-0.095405556,0.03733824,/mnt/nfs-ssd/data/DTWG_AF2_homoaug_complex/AF-Q9Y5Y7-F1-model_v4_0_0_0_complex_refined_,0.06845874,582,437,659,409,459,516,0,497,515,DTWG,0
FWYSMLBETOMXAG-QHCPKHFHSA-N,letermovir,COc1cccc(N2CCN(C3=Nc4c(F)cccc4[C@H](CC(=O)O)N3c3cc(C(F)(F)F)ccc3OC)CC2)c1,153421,LYVE1,-6.1132426,-6.687183,120,UNVALIDATED_COLD_TARGET_MODEL_HYPOTHESIS,0.29173782,327,-0.26494578,-0.016233476,/mnt/nfs-ssd/data/DTWG_AF2_homoaug_complex/AF-Q9Y5Y7-F1-model_v4_0_0_0_complex_,0.0989592,626,612,308,609,609,355,0,585,556,DTWG,0
PBAPPPCECJKMCM-IBGZPJMESA-N,mirabegron,Nc1nc(CC(=O)Nc2ccc(CCNC[C@H](O)c3ccccc3)cc2)cs1,256885,LYVE1,-6.8231716,-6.703471,121,UNVALIDATED_COLD_TARGET_MODEL_HYPOTHESIS,0.37264535,274,1.4209253,0.29938293,/mnt/nfs-ssd/data/DTWG_AF2_homoaug_complex/AF-Q9Y5Y7-F1-model_v4_0_0_0_complex_,0.10383831,86,347,63,301,78,90,0,85,96,DTWG,0
OFZJKCQENFPZBH-UHFFFAOYSA-N,avatrombopag,O=C(Nc1nc(-c2cc(Cl)cs2)c(N2CCN(C3CCCCC3)CC2)s1)c1cnc(N2CCC(C(=O)O)CC2)c(Cl)c1,280979,LYVE1,-6.4073734,-6.7228613,122,UNVALIDATED_COLD_TARGET_MODEL_HYPOTHESIS,0.8818448,16,-0.3636906,-0.0072561973,/mnt/nfs-ssd/data/DTWG_AF2_homoaug_complex/AF-Q9Y5Y7-F1-model_v4_0_0_0_complex_,0.121735156,551,633,178,547,542,257,0,573,582,DTWG,1
CTRLABGOLIVAIY-UHFFFAOYSA-N,oxcarbazepine,NC(=O)N1c2ccccc2CC(=O)c2ccccc21,241668,LYVE1,-5.9046426,-6.7412877,123,UNVALIDATED_COLD_TARGET_MODEL_HYPOTHESIS,0.116484545,616,0.5436077,0.1386802,/mnt/nfs-ssd/data/DTWG_AF2_homoaug_complex/AF-Q9Y5Y7-F1-model_v4_0_0_0_complex_refined_,0.055434227,292,278,303,557,404,252,0,317,319,DTWG,0
JOLJIIDDOBNFHW-UHFFFAOYSA-N,xanomeline,CCCCCCOc1nsnc1C1=CCCN(C)C1,55602,LYVE1,-6.4532704,-6.752596,124,UNVALIDATED_COLD_TARGET_MODEL_HYPOTHESIS,0.14857136,532,1.1397848,0.23322873,/mnt/nfs-ssd/data/DTWG_AF2_homoaug_complex/AF-Q9Y5Y7-F1-model_v4_0_0_0_complex_refined_,0.15486225,36,119,409,443,26,345,0,160,153,DTWG,0
IQFYYKKMVGJFEH-CSMHCCOUSA-N,telbivudine,Cc1cn([C@@H]2C[C@@H](O)[C@H](CO)O2)c(=O)[nH]c1=O,206443,LYVE1,-6.264509,-6.767744,125,UNVALIDATED_COLD_TARGET_MODEL_HYPOTHESIS,0.08680382,697,0.33732796,0.105966024,/mnt/nfs-ssd/data/DTWG_AF2_homoaug_complex/AF-Q9Y5Y7-F1-model_v4_0_0_0_complex_refined_,0.09106645,503,482,173,259,422,575,0,380,397,DTWG,0
GGCSSNBKKAUURC-UHFFFAOYSA-N,sufentanil,CCC(=O)N(c1ccccc1)C1(COC)CCN(CCc2cccs2)CC1,49365,LYVE1,-8.085157,-6.775767,126,UNVALIDATED_COLD_TARGET_MODEL_HYPOTHESIS,0.18821666,457,-0.04718703,0.02453372,/mnt/nfs-ssd/data/DTWG_AF2_homoaug_complex/AF-Q9Y5Y7-F1-model_v4_0_0_0_complex_,0.07479805,375,511,605,540,207,423,0,516,500,DTWG,0
MVRHVFSOIWFBTE-INIZCTEOSA-N,elexacaftor,Cc1nn(C)cc1S(=O)(=O)NC(=O)c1ccc(-n2ccc(OCC(C)(C)C(F)(F)F)n2)nc1N1C[C@@H](C)CC1(C)C,215213,LYVE1,-5.9374585,-6.778287,127,UNVALIDATED_COLD_TARGET_MODEL_HYPOTHESIS,0.88679945,14,-0.36499307,-0.005416,/mnt/nfs-ssd/data/DTWG_AF2_homoaug_complex/AF-Q9Y5Y7-F1-model_v4_0_0_0_complex_refined_,0.07618045,528,575,571,483,611,510,0,571,583,DTWG,1
XAYGBKHKBBXDAK-UHFFFAOYSA-N,mitapivat,O=C(c1ccc(NS(=O)(=O)c2cccc3cccnc23)cc1)N1CCN(CC2CC2)CC1,287861,LYVE1,-6.687523,-6.798996,128,UNVALIDATED_COLD_TARGET_MODEL_HYPOTHESIS,0.25803453,361,0.96238464,0.21353833,/mnt/nfs-ssd/data/DTWG_AF2_homoaug_complex/AF-Q9Y5Y7-F1-model_v4_0_0_0_complex_,0.14371,164,233,186,470,33,163,0,184,195,DTWG,0
DCOPUUMXTXDBNB-UHFFFAOYSA-N,diclofenac,O=C(O)Cc1ccccc1Nc1c(Cl)cccc1Cl,283764,LYVE1,-6.2713966,-6.825445,129,UNVALIDATED_COLD_TARGET_MODEL_HYPOTHESIS,0.2148679,405,-0.27613777,0.008675675,/mnt/nfs-ssd/data/DTWG_AF2_homoaug_complex/AF-Q9Y5Y7-F1-model_v4_0_0_0_complex_refined_,0.13982145,389,643,289,649,670,361,0,544,557,DTWG,0
LUMKNAVTFCDUIE-VHXPQNKSSA-N,ospemifene,OCCOc1ccc(/C(=C(/CCCl)c2ccccc2)c2ccccc2)cc1,303417,LYVE1,-7.337702,-6.864021,130,UNVALIDATED_COLD_TARGET_MODEL_HYPOTHESIS,0.16833435,493,-0.9636384,-0.10035596,/mnt/nfs-ssd/data/DTWG_AF2_homoaug_complex/AF-Q9Y5Y7-F1-model_v4_0_0_0_complex_refined_,0.10835108,637,676,460,645,692,604,0,675,690,DTWG,0
SGUAFYQXFOLMHL-UHFFFAOYSA-N,labetalol,CC(CCc1ccccc1)NCC(O)c1ccc(O)c(C(N)=O)c1,39977,LYVE1,-6.1945662,-6.865253,131,UNVALIDATED_COLD_TARGET_MODEL_HYPOTHESIS,0.2809409,335,1.2310834,0.26384214,/mnt/nfs-ssd/data/DTWG_AF2_homoaug_complex/AF-Q9Y5Y7-F1-model_v4_0_0_0_complex_,0.07585687,159,78,156,211,295,195,0,127,134,DTWG,0
GFHAXPJGXSQLPT-VIFPVBQESA-N,cenobamate,NC(=O)O[C@@H](Cn1ncnn1)c1ccccc1Cl,241850,LYVE1,-6.419528,-6.865937,132,UNVALIDATED_COLD_TARGET_MODEL_HYPOTHESIS,0.2700392,346,-0.22522363,0.016750216,/mnt/nfs-ssd/data/DTWG_AF2_homoaug_complex/AF-Q9Y5Y7-F1-model_v4_0_0_0_complex_refined_,0.07064744,632,621,314,600,457,609,0,532,547,DTWG,0
LCQLHJZYVOQKHU-VKHMYHEASA-N,carglumic acid,NC(=O)N[C@@H](CCC(=O)O)C(=O)O,241699,LYVE1,-6.117718,-6.8844175,133,UNVALIDATED_COLD_TARGET_MODEL_HYPOTHESIS,0.15321656,520,-0.5072748,-0.06160054,/mnt/nfs-ssd/data/DTWG_AF2_homoaug_complex/AF-Q9Y5Y7-F1-model_v4_0_0_0_complex_,0.12609987,703,474,500,699,479,527,0,640,617,DTWG,0
FBOUYBDGKBSUES-VXKWHMMOSA-N,solifenacin,O=C(O[C@H]1CN2CCC1CC2)N1CCc2ccccc2[C@@H]1c1ccccc1,286598,LYVE1,-7.029116,-6.8862023,134,UNVALIDATED_COLD_TARGET_MODEL_HYPOTHESIS,0.45278186,216,0.34871706,0.09865198,/mnt/nfs-ssd/data/DTWG_AF2_homoaug_complex/AF-Q9Y5Y7-F1-model_v4_0_0_0_complex_,0.093916096,299,445,477,281,361,531,0,400,389,DTWG,0
WXXSNCNJFUAIDG-UHFFFAOYSA-N,riociguat,COC(=O)N(C)c1c(N)nc(-c2nn(Cc3ccccc3F)c3ncccc23)nc1N,111014,LYVE1,-6.540633,-6.9044094,135,UNVALIDATED_COLD_TARGET_MODEL_HYPOTHESIS,0.72982836,74,0.4470924,0.12337371,/mnt/nfs-ssd/data/DTWG_AF2_homoaug_complex/AF-Q9Y5Y7-F1-model_v4_0_0_0_complex_refined_,0.08447765,352,455,530,291,232,449,0,342,347,DTWG,0
DOUYETYNHWVLEO-UHFFFAOYSA-N,imiquimod,CC(C)Cn1cnc2c(N)nc3ccccc3c21,32549,LYVE1,-6.3322144,-6.980766,136,UNVALIDATED_COLD_TARGET_MODEL_HYPOTHESIS,0.17549849,481,-0.3251357,0.0009050295,/mnt/nfs-ssd/data/DTWG_AF2_homoaug_complex/AF-Q9Y5Y7-F1-model_v4_0_0_0_complex_refined_,0.11182973,336,673,336,660,648,522,0,559,571,DTWG,0
PJDFLNIOAUIZSL-UHFFFAOYSA-N,vigabatrin,C=CC(N)CCC(=O)O,11011,LYVE1,-6.344855,-6.9850817,137,UNVALIDATED_COLD_TARGET_MODEL_HYPOTHESIS,0.104756095,653,-0.09116895,0.016299749,/mnt/nfs-ssd/data/DTWG_AF2_homoaug_complex/AF-Q9Y5Y7-F1-model_v4_0_0_0_complex_,0.09620905,450,434,616,620,373,626,0,534,514,DTWG,0
OFCNXPDARWKPPY-UHFFFAOYSA-N,allopurinol,O=c1nc[nH]c2[nH]ncc12,302101,LYVE1,-6.4758396,-6.99172,138,UNVALIDATED_COLD_TARGET_MODEL_HYPOTHESIS,0.09291735,686,-1.2907733,-0.15223671,/mnt/nfs-ssd/data/DTWG_AF2_homoaug_complex/AF-Q9Y5Y7-F1-model_v4_0_0_0_complex_refined_,0.076868735,682,691,682,683,715,691,0,700,707,DTWG,0
BQEJAAIPKDQEPV-MXHGPKCJSA-N,difluprednate,CCCC(=O)O[C@]1(C(=O)CO)CC[C@H]2[C@@H]3C[C@H](F)C4=CC(=O)C=C[C@]4(C)[C@@]3(F)[C@@H](O)C[C@@]21C,52784,LYVE1,-8.410348,-7.0148478,139,UNVALIDATED_COLD_TARGET_MODEL_HYPOTHESIS,0.5785565,143,0.011221717,0.03546858,/mnt/nfs-ssd/data/DTWG_AF2_homoaug_complex/AF-Q9Y5Y7-F1-model_v4_0_0_0_complex_,0.14272748,665,310,586,518,107,613,0,501,487,DTWG,0
MEZLKOACVSPNER-GFCCVEGCSA-N,selegiline,C#CCN(C)[C@H](C)Cc1ccccc1,730,LYVE1,-7.1021414,-7.021065,140,UNVALIDATED_COLD_TARGET_MODEL_HYPOTHESIS,0.1126086,631,0.68986785,0.16251972,/mnt/nfs-ssd/data/DTWG_AF2_homoaug_complex/AF-Q9Y5Y7-F1-model_v4_0_0_0_complex_,0.1307467,88,439,387,241,486,253,0,281,281,DTWG,0
CJBJHOAVZSMMDJ-HEXNFIEUSA-N,darunavir,CC(C)CN(C[C@@H](O)[C@H](Cc1ccccc1)NC(=O)O[C@H]1CO[C@H]2OCC[C@H]21)S(=O)(=O)c1ccc(N)cc1,30517,LYVE1,-6.9962325,-7.0375433,141,UNVALIDATED_COLD_TARGET_MODEL_HYPOTHESIS,0.27950877,338,-0.14771135,0.005714296,/mnt/nfs-ssd/data/DTWG_AF2_homoaug_complex/AF-Q9Y5Y7-F1-model_v4_0_0_0_complex_,0.09972213,653,606,291,590,366,474,0,549,528,DTWG,0
XMAYWYJOQHXEEK-ZEQKJWHPSA-N,ketoconazole,CC(=O)N1CCN(c2ccc(OC[C@@H]3CO[C@@](Cn4ccnc4)(c4ccc(Cl)cc4Cl)O3)cc2)CC1,15628,LYVE1,-6.622477,-7.0646777,142,UNVALIDATED_COLD_TARGET_MODEL_HYPOTHESIS,0.19347845,442,-0.062884085,0.021595033,/mnt/nfs-ssd/data/DTWG_AF2_homoaug_complex/AF-Q9Y5Y7-F1-model_v4_0_0_0_complex_,0.04694682,513,466,515,608,436,471,0,519,505,DTWG,0
HAYYBYPASCDWEQ-UHFFFAOYSA-N,entrectinib,CN1CCN(c2ccc(C(=O)Nc3n[nH]c4ccc(Cc5cc(F)cc(F)c5)cc34)c(NC3CCOCC3)c2)CC1,100411,LYVE1,-8.98577,-7.088628,143,UNVALIDATED_COLD_TARGET_MODEL_HYPOTHESIS,0.91188526,5,-1.4417347,-0.20308042,/mnt/nfs-ssd/data/DTWG_AF2_homoaug_complex/AF-Q9Y5Y7-F1-model_v4_0_0_0_complex_,0.07340687,693,707,615,716,691,717,0,711,712,DTWG,1
YMDXZJFXQJVXBF-STHAYSLISA-N,fosfomycin,C[C@@H]1O[C@@H]1P(=O)(O)O,169806,LYVE1,-6.470537,-7.097852,144,UNVALIDATED_COLD_TARGET_MODEL_HYPOTHESIS,0.10241318,662,-0.5572895,-0.03591254,/mnt/nfs-ssd/data/DTWG_AF2_homoaug_complex/AF-Q9Y5Y7-F1-model_v4_0_0_0_complex_refined_,0.074163914,569,605,581,604,602,489,0,611,627,DTWG,0
HWXVIOGONBBTBY-ONEGZZNKSA-N,pacritinib,C1=N/C2=N/c3ccc(OCCN4CCCC4)c(c3)COC/C=C/COCc3cccc(c3)C(=C1)N2,3427,LYVE1,-8.498991,-7.099048,145,UNVALIDATED_COLD_TARGET_MODEL_HYPOTHESIS,0.8025549,49,-1.0534375,-0.16384912,/mnt/nfs-ssd/data/DTWG_AF2_homoaug_complex/AF-Q9Y5Y7-F1-model_v4_0_0_0_complex_,0.08771039,604,683,694,679,677,555,0,702,695,DTWG,0
MBBCVAKAJPKAKM-UHFFFAOYSA-N,lomitapide,O=C(NC1CCN(CCCCC2(C(=O)NCC(F)(F)F)c3ccccc3-c3ccccc32)CC1)c1ccccc1-c1ccc(C(F)(F)F)cc1,268912,LYVE1,-6.357726,-7.1047406,146,UNVALIDATED_COLD_TARGET_MODEL_HYPOTHESIS,0.61452353,124,-0.7368896,-0.10458735,/mnt/nfs-ssd/data/DTWG_AF2_homoaug_complex/AF-Q9Y5Y7-F1-model_v4_0_0_0_complex_,0.09749171,630,704,621,603,597,640,0,678,659,DTWG,0
PCOBBVZJEWWZFR-UHFFFAOYSA-N,ezogabine,CCOC(=O)Nc1ccc(NCc2ccc(F)cc2)cc1N,69848,LYVE1,-6.6388426,-7.136735,147,UNVALIDATED_COLD_TARGET_MODEL_HYPOTHESIS,0.14570406,543,0.76191217,0.17600733,/mnt/nfs-ssd/data/DTWG_AF2_homoaug_complex/AF-Q9Y5Y7-F1-model_v4_0_0_0_complex_,0.16238426,143,328,251,498,171,41,0,252,254,DTWG,0
OZGNYLLQHRPOBR-DHZHZOJOSA-N,naftifine,CN(C/C=C/c1ccccc1)Cc1cccc2ccccc12,92993,LYVE1,-6.796555,-7.1375017,148,UNVALIDATED_COLD_TARGET_MODEL_HYPOTHESIS,0.0901732,692,1.1188415,0.24282902,/mnt/nfs-ssd/data/DTWG_AF2_homoaug_complex/AF-Q9Y5Y7-F1-model_v4_0_0_0_complex_,0.09083532,204,194,274,325,226,86,0,150,158,DTWG,0
LEBVLXFERQHONN-UHFFFAOYSA-N,bupivacaine,CCCCN1CCCCC1C(=O)Nc1c(C)cccc1C,56498,LYVE1,-7.3041143,-7.1555967,149,UNVALIDATED_COLD_TARGET_MODEL_HYPOTHESIS,0.16694345,498,0.41568726,0.111189656,/mnt/nfs-ssd/data/DTWG_AF2_homoaug_complex/AF-Q9Y5Y7-F1-model_v4_0_0_0_complex_,0.10950988,259,409,444,381,529,210,0,369,362,DTWG,0
UFSKUSARDNFIRC-UHFFFAOYSA-N,lumacaftor,Cc1ccc(NC(=O)C2(c3ccc4c(c3)OC(F)(F)O4)CC2)nc1-c1cccc(C(=O)O)c1,196977,LYVE1,-6.830559,-7.195846,150,UNVALIDATED_COLD_TARGET_MODEL_HYPOTHESIS,0.566436,150,-0.6674425,-0.053381857,/mnt/nfs-ssd/data/DTWG_AF2_homoaug_complex/AF-Q9Y5Y7-F1-model_v4_0_0_0_complex_refined_,0.08604864,697,679,563,542,431,554,0,630,645,DTWG,0
IKENVDNFQMCRTR-UHFFFAOYSA-N,conivaptan,Cc1nc2c([nH]1)-c1ccccc1N(C(=O)c1ccc(NC(=O)c3ccccc3-c3ccccc3)cc1)CC2,211749,LYVE1,-7.0098195,-7.2172623,151,UNVALIDATED_COLD_TARGET_MODEL_HYPOTHESIS,0.57373667,145,-1.1793902,-0.18742906,/mnt/nfs-ssd/data/DTWG_AF2_homoaug_complex/AF-Q9Y5Y7-F1-model_v4_0_0_0_complex_,0.048342157,689,689,692,714,656,696,0,708,703,DTWG,0
BNRNXUUZRGQAQC-UHFFFAOYSA-N,sildenafil,CCCc1nn(C)c2c(=O)[nH]c(-c3cc(S(=O)(=O)N4CCN(C)CC4)ccc3OCC)nc12,62138,LYVE1,-7.38326,-7.235013,152,UNVALIDATED_COLD_TARGET_MODEL_HYPOTHESIS,0.37279302,273,0.70455295,0.16420472,/mnt/nfs-ssd/data/DTWG_AF2_homoaug_complex/AF-Q9Y5Y7-F1-model_v4_0_0_0_complex_refined_,0.10293879,590,60,332,266,376,301,0,278,276,DTWG,0
CGIGDMFJXJATDK-UHFFFAOYSA-N,indomethacin,COc1ccc2c(c1)c(CC(=O)O)c(C)n2C(=O)c1ccc(Cl)cc1,150070,LYVE1,-6.622292,-7.2778225,153,UNVALIDATED_COLD_TARGET_MODEL_HYPOTHESIS,0.23618917,388,0.36198953,0.10987713,/mnt/nfs-ssd/data/DTWG_AF2_homoaug_complex/AF-Q9Y5Y7-F1-model_v4_0_0_0_complex_refined_,0.06652027,351,498,255,422,438,314,0,371,386,DTWG,0
JCCNYMKQOSZNPW-UHFFFAOYSA-N,loratadine,CCOC(=O)N1CCC(=C2c3ccc(Cl)cc3CCc3cccnc32)CC1,69505,LYVE1,-6.6152754,-7.28074,154,UNVALIDATED_COLD_TARGET_MODEL_HYPOTHESIS,0.21008722,414,-0.4248085,-0.014902209,/mnt/nfs-ssd/data/DTWG_AF2_homoaug_complex/AF-Q9Y5Y7-F1-model_v4_0_0_0_complex_refined_,0.03401585,603,512,611,662,571,543,0,583,597,DTWG,0
QCHFTSOMWOSFHM-WPRPVWTQSA-N,pilocarpine,CC[C@@H]1C(=O)OC[C@@H]1Cc1cncn1C,77416,LYVE1,-6.8719397,-7.291788,155,UNVALIDATED_COLD_TARGET_MODEL_HYPOTHESIS,0.111418754,634,0.689491,0.16181602,/mnt/nfs-ssd/data/DTWG_AF2_homoaug_complex/AF-Q9Y5Y7-F1-model_v4_0_0_0_complex_refined_,0.12641163,397,458,282,481,316,46,0,282,282,DTWG,0
XZWYZXLIPXDOLR-UHFFFAOYSA-N,metformin,CN(C)C(=N)NC(=N)N,87976,LYVE1,-6.506953,-7.3161063,156,UNVALIDATED_COLD_TARGET_MODEL_HYPOTHESIS,0.09636035,677,-0.7296021,-0.063239835,/mnt/nfs-ssd/data/DTWG_AF2_homoaug_complex/AF-Q9Y5Y7-F1-model_v4_0_0_0_complex_refined_,0.097567044,420,592,486,670,658,712,0,645,657,DTWG,0
CSKDFZIMJXRJGH-VWLPUNTISA-N,tecovirimat,O=C(NN1C(=O)[C@@H]2[C@@H]3C=C[C@@H]([C@H]4C[C@@H]34)[C@@H]2C1=O)c1ccc(C(F)(F)F)cc1,272865,LYVE1,-6.6078396,-7.329607,157,UNVALIDATED_COLD_TARGET_MODEL_HYPOTHESIS,0.25706434,363,2.4033322,0.46237513,/mnt/nfs-ssd/data/DTWG_AF2_homoaug_complex/AF-Q9Y5Y7-F1-model_v4_0_0_0_complex_refined_,0.083300345,22,9,31,29,9,4,3,12,15,DTWG,1
MVGWUTBTXDYMND-QGZVFWFLSA-N,etrasimod,O=C(O)C[C@H]1CCc2c1[nH]c1ccc(OCc3ccc(C4CCCC4)c(C(F)(F)F)c3)cc21,283591,LYVE1,-6.6018715,-7.3359966,158,UNVALIDATED_COLD_TARGET_MODEL_HYPOTHESIS,0.84197986,34,-0.33295992,-0.00033582747,/mnt/nfs-ssd/data/DTWG_AF2_homoaug_complex/AF-Q9Y5Y7-F1-model_v4_0_0_0_complex_refined_,0.12248014,657,640,443,328,505,484,0,566,578,DTWG,0
PYZRQGJRPPTADH-UHFFFAOYSA-N,lamotrigine,Nc1nnc(-c2cccc(Cl)c2Cl)c(N)n1,260451,LYVE1,-6.337127,-7.381691,159,UNVALIDATED_COLD_TARGET_MODEL_HYPOTHESIS,0.1886229,456,-0.5272588,-0.031149944,/mnt/nfs-ssd/data/DTWG_AF2_homoaug_complex/AF-Q9Y5Y7-F1-model_v4_0_0_0_complex_refined_,0.09120897,374,667,446,700,576,636,0,609,625,DTWG,0
OGQICQVSFDPSEI-UHFFFAOYSA-N,tazarotene,CCOC(=O)c1ccc(C#Cc2ccc3c(c2)C(C)(C)CCS3)nc1,70722,LYVE1,-7.193372,-7.3962297,160,UNVALIDATED_COLD_TARGET_MODEL_HYPOTHESIS,0.47526035,200,0.42625943,0.12006978,/mnt/nfs-ssd/data/DTWG_AF2_homoaug_complex/AF-Q9Y5Y7-F1-model_v4_0_0_0_complex_refined_,0.1379152,690,273,384,189,355,307,0,352,358,DTWG,0
JWHYSEDOYMYMNM-QGZVFWFLSA-N,seladelpar,CCO[C@H](COc1ccc(C(F)(F)F)cc1)CSc1ccc(OCC(=O)O)c(C)c1,72354,LYVE1,-7.125006,-7.400112,161,UNVALIDATED_COLD_TARGET_MODEL_HYPOTHESIS,0.4302564,228,-0.17030752,0.025459439,/mnt/nfs-ssd/data/DTWG_AF2_homoaug_complex/AF-Q9Y5Y7-F1-model_v4_0_0_0_complex_refined_,0.062493518,483,490,354,517,502,465,0,513,534,DTWG,0
BMGQWWVMWDBQGC-IIFHNQTCSA-N,midostaurin,CO[C@@H]1[C@H](N(C)C(=O)c2ccccc2)C[C@H]2O[C@]1(C)n1c3ccccc3c3c4c(c5c6ccccc6n2c5c31)C(=O)NC4,121491,LYVE1,-11.291108,-7.443684,162,UNVALIDATED_COLD_TARGET_MODEL_HYPOTHESIS,0.29416156,326,-1.3394433,-0.18144578,/mnt/nfs-ssd/data/DTWG_AF2_homoaug_complex/AF-Q9Y5Y7-F1-model_v4_0_0_0_complex_,0.06886075,714,661,669,675,700,704,0,705,709,DTWG,0
INJOMKTZOLKMBF-UHFFFAOYSA-N,guanfacine,N=C(N)NC(=O)Cc1c(Cl)cccc1Cl,239820,LYVE1,-7.202457,-7.4539037,163,UNVALIDATED_COLD_TARGET_MODEL_HYPOTHESIS,0.13499302,565,-0.08530358,0.01739782,/mnt/nfs-ssd/data/DTWG_AF2_homoaug_complex/AF-Q9Y5Y7-F1-model_v4_0_0_0_complex_,0.056508206,441,604,434,536,485,591,0,531,513,DTWG,0
XIQVNETUBQGFHX-UHFFFAOYSA-N,oxybutynin,CCN(CC)CC#CCOC(=O)C(O)(c1ccccc1)C1CCCCC1,63327,LYVE1,-7.122974,-7.5212374,164,UNVALIDATED_COLD_TARGET_MODEL_HYPOTHESIS,0.14721099,539,0.85195553,0.1875815,/mnt/nfs-ssd/data/DTWG_AF2_homoaug_complex/AF-Q9Y5Y7-F1-model_v4_0_0_0_complex_refined_,0.118449695,235,87,567,121,243,155,0,232,231,DTWG,0
BMPDWHIDQYTSHX-AWEZNQCLSA-N,eslicarbazepine,NC(=O)N1c2ccccc2C[C@H](O)c2ccccc21,241671,LYVE1,-6.758189,-7.53026,165,UNVALIDATED_COLD_TARGET_MODEL_HYPOTHESIS,0.114428654,625,0.2645614,0.09442588,/mnt/nfs-ssd/data/DTWG_AF2_homoaug_complex/AF-Q9Y5Y7-F1-model_v4_0_0_0_complex_refined_,0.07041817,415,304,395,551,549,262,0,408,414,DTWG,0
MFFMDFFZMYYVKS-SECBINFHSA-N,sitagliptin,N[C@@H](CC(=O)N1CCn2c(nnc2C(F)(F)F)C1)Cc1cc(F)c(F)cc1F,252066,LYVE1,-7.8828506,-7.532147,166,UNVALIDATED_COLD_TARGET_MODEL_HYPOTHESIS,0.1720948,484,1.2177919,0.2613538,/mnt/nfs-ssd/data/DTWG_AF2_homoaug_complex/AF-Q9Y5Y7-F1-model_v4_0_0_0_complex_,0.05507506,245,103,125,273,245,168,0,132,137,DTWG,0
HUNGUWOZPQBXGX-UHFFFAOYSA-N,tirbanibulin,O=C(Cc1ccc(-c2ccc(OCCN3CCOCC3)cc2)cn1)NCc1ccccc1,266351,LYVE1,-6.8236246,-7.5512714,167,UNVALIDATED_COLD_TARGET_MODEL_HYPOTHESIS,0.40039092,255,0.46728423,0.12084926,/mnt/nfs-ssd/data/DTWG_AF2_homoaug_complex/AF-Q9Y5Y7-F1-model_v4_0_0_0_complex_,0.12614952,274,610,154,532,472,172,0,349,339,DTWG,0
GKCBAIGFKIBETG-UHFFFAOYSA-N,tetracaine,CCCCNc1ccc(C(=O)OCCN(C)C)cc1,56907,LYVE1,-7.083288,-7.5676084,168,UNVALIDATED_COLD_TARGET_MODEL_HYPOTHESIS,0.0951007,679,1.9496238,0.398362,/mnt/nfs-ssd/data/DTWG_AF2_homoaug_complex/AF-Q9Y5Y7-F1-model_v4_0_0_0_complex_,0.12393267,16,96,40,23,77,127,1,29,35,DTWG,0
QTGIAADRBBLJGA-UHFFFAOYSA-N,articaine,CCCNC(C)C(=O)Nc1c(C)csc1C(=O)OC,59423,LYVE1,-7.2724915,-7.5770297,169,UNVALIDATED_COLD_TARGET_MODEL_HYPOTHESIS,0.18545343,458,0.7744662,0.17529236,/mnt/nfs-ssd/data/DTWG_AF2_homoaug_complex/AF-Q9Y5Y7-F1-model_v4_0_0_0_complex_refined_,0.05853199,255,251,223,190,395,443,0,256,252,DTWG,0
DCCSDBARQIPTGU-HSZRJFAPSA-N,fesoterodine,CC(C)C(=O)Oc1ccc(CO)cc1[C@H](CCN(C(C)C)C(C)C)c1ccccc1,29506,LYVE1,-7.080821,-7.5824566,170,UNVALIDATED_COLD_TARGET_MODEL_HYPOTHESIS,0.21082883,412,-0.40172952,-0.011242081,/mnt/nfs-ssd/data/DTWG_AF2_homoaug_complex/AF-Q9Y5Y7-F1-model_v4_0_0_0_complex_refined_,0.04899532,553,483,575,359,570,581,0,580,594,DTWG,0
ZBNZXTGUTAYRHI-UHFFFAOYSA-N,dasatinib,Cc1nc(Nc2ncc(C(=O)Nc3c(C)cccc3Cl)s2)cc(N2CCN(CCO)CC2)n1,211035,LYVE1,-10.106095,-7.647092,171,UNVALIDATED_COLD_TARGET_MODEL_HYPOTHESIS,0.6331968,120,0.5180912,0.1346335,/mnt/nfs-ssd/data/DTWG_AF2_homoaug_complex/AF-Q9Y5Y7-F1-model_v4_0_0_0_complex_refined_,0.09424907,72,386,231,431,392,261,0,326,330,DTWG,0
AEXFXNFMSAAELR-RXVVDRJESA-N,brensocatib,Cn1c(=O)oc2ccc(-c3ccc(C[C@@H](C#N)NC(=O)[C@@H]4CNCCCO4)cc3)cc21,219984,LYVE1,-9.189226,-7.6559944,172,UNVALIDATED_COLD_TARGET_MODEL_HYPOTHESIS,0.43439916,227,1.2018574,0.25837067,/mnt/nfs-ssd/data/DTWG_AF2_homoaug_complex/AF-Q9Y5Y7-F1-model_v4_0_0_0_complex_,0.0999149,224,182,130,205,141,50,0,136,142,DTWG,0
LUKZNWIVRBCLON-GXOBDPJESA-N,ciclesonide,CC(C)C(=O)OCC(=O)[C@@]12O[C@H](C3CCCCC3)O[C@@H]1C[C@H]1[C@@H]3CCC4=CC(=O)C=C[C@]4(C)[C@H]3[C@@H](O)C[C@@]12C,29486,LYVE1,-9.253737,-7.6666737,173,UNVALIDATED_COLD_TARGET_MODEL_HYPOTHESIS,0.30065754,317,-0.60819477,-0.08049403,/mnt/nfs-ssd/data/DTWG_AF2_homoaug_complex/AF-Q9Y5Y7-F1-model_v4_0_0_0_complex_,0.082964756,685,546,700,569,561,674,0,658,633,DTWG,0
MFBCDACCJCDGBA-UHFFFAOYSA-N,trifarotene,CC(C)(C)c1cc(-c2cc(-c3ccc(C(=O)O)cc3)ccc2OCCO)ccc1N1CCCC1,24244,LYVE1,-6.6738887,-7.6809363,174,UNVALIDATED_COLD_TARGET_MODEL_HYPOTHESIS,0.6446313,112,-0.70612204,-0.0595161,/mnt/nfs-ssd/data/DTWG_AF2_homoaug_complex/AF-Q9Y5Y7-F1-model_v4_0_0_0_complex_refined_,0.073914655,701,599,600,574,544,623,0,639,651,DTWG,0
FIVSJYGQAIEMOC-ZGNKEGEESA-N,rolapitant,C[C@@H](OC[C@@]1(c2ccccc2)CC[C@]2(CCC(=O)N2)CN1)c1cc(C(F)(F)F)cc(C(F)(F)F)c1,166664,LYVE1,-7.912428,-7.718726,175,UNVALIDATED_COLD_TARGET_MODEL_HYPOTHESIS,0.5918936,136,0.18130748,0.06731079,/mnt/nfs-ssd/data/DTWG_AF2_homoaug_complex/AF-Q9Y5Y7-F1-model_v4_0_0_0_complex_,0.108396545,451,363,657,446,315,458,0,450,440,DTWG,0
IPOKCKJONYRRHP-FMQUCBEESA-N,balsalazide,O=C(O)CCNC(=O)c1ccc(/N=N/c2ccc(O)c(C(=O)O)c2)cc1,282610,LYVE1,-7.316017,-7.7518,176,UNVALIDATED_COLD_TARGET_MODEL_HYPOTHESIS,0.15300493,521,1.9869674,0.40535322,/mnt/nfs-ssd/data/DTWG_AF2_homoaug_complex/AF-Q9Y5Y7-F1-model_v4_0_0_0_complex_,0.1388758,206,49,9,73,24,3,2,25,31,DTWG,0
DKULOVKANLVDEA-UHFFFAOYSA-N,aprocitentan,NS(=O)(=O)Nc1ncnc(OCCOc2ncc(Br)cn2)c1-c1ccc(Br)cc1,248793,LYVE1,-7.0754366,-7.8132377,177,UNVALIDATED_COLD_TARGET_MODEL_HYPOTHESIS,0.36797836,277,0.8167466,0.18199766,/mnt/nfs-ssd/data/DTWG_AF2_homoaug_complex/AF-Q9Y5Y7-F1-model_v4_0_0_0_complex_refined_,0.12971424,74,629,225,331,205,239,0,237,235,DTWG,0
QZFHIXARHDBPBY-UHFFFAOYSA-N,vericiguat,COC(=O)Nc1c(N)nc(-c2nn(Cc3ccccc3F)c3ncc(F)cc23)nc1N,111464,LYVE1,-7.386834,-7.8227987,178,UNVALIDATED_COLD_TARGET_MODEL_HYPOTHESIS,0.655805,111,-0.2177134,0.017941272,/mnt/nfs-ssd/data/DTWG_AF2_homoaug_complex/AF-Q9Y5Y7-F1-model_v4_0_0_0_complex_refined_,0.069136664,572,613,655,534,402,497,0,529,546,DTWG,0
SFNSLLSYNZWZQG-VQIMIIECSA-N,glasdegib,CN1CC[C@@H](NC(=O)Nc2ccc(C#N)cc2)C[C@@H]1c1nc2ccccc2[nH]1,101335,LYVE1,-7.8674254,-7.8248754,179,UNVALIDATED_COLD_TARGET_MODEL_HYPOTHESIS,0.40765694,247,2.0579095,0.41863444,/mnt/nfs-ssd/data/DTWG_AF2_homoaug_complex/AF-Q9Y5Y7-F1-model_v4_0_0_0_complex_,0.0771994,55,71,13,173,59,14,2,23,28,DTWG,0
CYQFCXCEBYINGO-IAGOWNOFSA-N,dronabinol,CCCCCc1cc(O)c2c(c1)OC(C)(C)[C@@H]1CCC(C)=C[C@@H]21,56090,LYVE1,-7.306425,-7.869451,180,UNVALIDATED_COLD_TARGET_MODEL_HYPOTHESIS,0.1805436,472,0.99187815,0.209772,/mnt/nfs-ssd/data/DTWG_AF2_homoaug_complex/AF-Q9Y5Y7-F1-model_v4_0_0_0_complex_refined_,0.12810151,289,433,470,143,186,77,0,196,183,DTWG,0
UJVDJAPJQWZRFR-DHIUTWEWSA-N,macimorelin,CC(C)(N)C(=O)N[C@H](Cc1c[nH]c2ccccc12)C(=O)N[C@H](Cc1c[nH]c2ccccc12)NC=O,26477,LYVE1,-7.563737,-7.8734345,181,UNVALIDATED_COLD_TARGET_MODEL_HYPOTHESIS,0.3715825,275,0.5882921,0.14350347,/mnt/nfs-ssd/data/DTWG_AF2_homoaug_complex/AF-Q9Y5Y7-F1-model_v4_0_0_0_complex_,0.059910104,474,416,105,365,418,256,0,306,305,DTWG,0
OEXHQOGQTVQTAT-JRNQLAHRSA-N,ipratropium,CC(C)[N@@+]1(C)[C@@H]2CC[C@H]1C[C@@H](OC(=O)C(CO)c1ccccc1)C2,37140,LYVE1,-7.1853123,-7.889266,182,UNVALIDATED_COLD_TARGET_MODEL_HYPOTHESIS,0.1570102,512,1.5768638,0.3285766,/mnt/nfs-ssd/data/DTWG_AF2_homoaug_complex/AF-Q9Y5Y7-F1-model_v4_0_0_0_complex_,0.11038757,92,69,95,82,60,54,0,59,69,DTWG,0
UHTHHESEBZOYNR-UHFFFAOYSA-N,vandetanib,COc1cc2c(Nc3ccc(Br)cc3F)ncnc2cc1OCC1CCN(C)CC1,133267,LYVE1,-9.521717,-7.893243,183,UNVALIDATED_COLD_TARGET_MODEL_HYPOTHESIS,0.177618,477,0.4292261,0.12054027,/mnt/nfs-ssd/data/DTWG_AF2_homoaug_complex/AF-Q9Y5Y7-F1-model_v4_0_0_0_complex_refined_,0.084280424,99,478,261,523,377,283,0,350,357,DTWG,0
HPHUVLMMVZITSG-LURJTMIESA-N,levetiracetam,CC[C@@H](C(N)=O)N1CCCC1=O,76517,LYVE1,-6.9763117,-7.933566,184,UNVALIDATED_COLD_TARGET_MODEL_HYPOTHESIS,0.11897414,611,0.16319163,0.07834951,/mnt/nfs-ssd/data/DTWG_AF2_homoaug_complex/AF-Q9Y5Y7-F1-model_v4_0_0_0_complex_refined_,0.062230483,502,345,417,530,545,311,0,436,449,DTWG,0
HBOMLICNUCNMMY-XLPZGREQSA-N,zidovudine,Cc1cn([C@H]2C[C@H](N=[N+]=[N-])[C@@H](CO)O2)c(=O)[nH]c1=O,206482,LYVE1,-7.0668364,-7.9432993,185,UNVALIDATED_COLD_TARGET_MODEL_HYPOTHESIS,0.25131404,371,0.8103492,0.18098308,/mnt/nfs-ssd/data/DTWG_AF2_homoaug_complex/AF-Q9Y5Y7-F1-model_v4_0_0_0_complex_refined_,0.116978444,457,285,79,123,338,541,0,241,238,DTWG,0
MAEIEVLCKWDQJH-UHFFFAOYSA-N,bumetanide,CCCCNc1cc(C(=O)O)cc(S(N)(=O)=O)c1Oc1ccccc1,56899,LYVE1,-7.8092446,-8.002586,186,UNVALIDATED_COLD_TARGET_MODEL_HYPOTHESIS,0.36417437,281,-0.1618281,0.0268042,/mnt/nfs-ssd/data/DTWG_AF2_homoaug_complex/AF-Q9Y5Y7-F1-model_v4_0_0_0_complex_refined_,0.118867524,328,580,239,500,439,635,0,512,530,DTWG,0
ZISJNXNHJRQYJO-CMDGGOBGSA-N,tapinarof,CC(C)c1c(O)cc(/C=C/c2ccccc2)cc1O,37246,LYVE1,-7.1388297,-8.0033245,187,UNVALIDATED_COLD_TARGET_MODEL_HYPOTHESIS,0.24353564,381,0.9097196,0.20367877,/mnt/nfs-ssd/data/DTWG_AF2_homoaug_complex/AF-Q9Y5Y7-F1-model_v4_0_0_0_complex_,0.10655845,216,364,322,386,239,84,0,211,215,DTWG,0
URKOMYMAXPYINW-UHFFFAOYSA-N,quetiapine,OCCOCCN1CCN(C2=Nc3ccccc3Sc3ccccc32)CC1,303382,LYVE1,-7.5406,-8.017773,188,UNVALIDATED_COLD_TARGET_MODEL_HYPOTHESIS,0.19518124,436,0.8871342,0.19316052,/mnt/nfs-ssd/data/DTWG_AF2_homoaug_complex/AF-Q9Y5Y7-F1-model_v4_0_0_0_complex_refined_,0.11792008,123,359,317,159,318,78,0,227,223,DTWG,0
FDLYAMZZIXQODN-UHFFFAOYSA-N,olaparib,O=C(c1cc(Cc2n[nH]c(=O)c3ccccc23)ccc1F)N1CCN(C(=O)C2CC2)CC1,287171,LYVE1,-7.2314367,-8.019183,189,UNVALIDATED_COLD_TARGET_MODEL_HYPOTHESIS,0.47737053,198,0.57501805,0.1436616,/mnt/nfs-ssd/data/DTWG_AF2_homoaug_complex/AF-Q9Y5Y7-F1-model_v4_0_0_0_complex_refined_,0.05563717,430,162,302,302,274,317,0,305,309,DTWG,0
OYTKINVCDFNREN-UHFFFAOYSA-N,amifampridine,Nc1ccncc1N,256404,LYVE1,-7.5732245,-8.104219,190,UNVALIDATED_COLD_TARGET_MODEL_HYPOTHESIS,0.120836884,606,-0.3123118,-0.025100999,/mnt/nfs-ssd/data/DTWG_AF2_homoaug_complex/AF-Q9Y5Y7-F1-model_v4_0_0_0_complex_,0.09179549,480,627,253,594,635,676,0,600,566,DTWG,0
AURFZBICLPNKBZ-SYBPFIFISA-N,brexanolone,CC(=O)[C@H]1CC[C@H]2[C@@H]3CC[C@H]4C[C@H](O)CC[C@]4(C)[C@H]3CC[C@]12C,19676,LYVE1,-8.23343,-8.108191,191,UNVALIDATED_COLD_TARGET_MODEL_HYPOTHESIS,0.10680895,648,0.6648546,0.15783693,/mnt/nfs-ssd/data/DTWG_AF2_homoaug_complex/AF-Q9Y5Y7-F1-model_v4_0_0_0_complex_,0.13948466,210,240,594,320,254,237,0,293,293,DTWG,0
ZPUCINDJVBIVPJ-LJISPDSOSA-N,cocaine,COC(=O)[C@H]1[C@@H](OC(=O)c2ccccc2)C[C@@H]2CC[C@H]1N2C,113146,LYVE1,-7.987429,-8.133195,192,UNVALIDATED_COLD_TARGET_MODEL_HYPOTHESIS,0.14766827,536,1.0102559,0.22250046,/mnt/nfs-ssd/data/DTWG_AF2_homoaug_complex/AF-Q9Y5Y7-F1-model_v4_0_0_0_complex_,0.10182406,131,293,369,115,61,123,0,171,180,DTWG,0
PJMPHNIQZUBGLI-UHFFFAOYSA-N,fentanyl,CCC(=O)N(c1ccccc1)C1CCN(CCc2ccccc2)CC1,49368,LYVE1,-8.447119,-8.198548,193,UNVALIDATED_COLD_TARGET_MODEL_HYPOTHESIS,0.14728282,538,0.9530442,0.21178967,/mnt/nfs-ssd/data/DTWG_AF2_homoaug_complex/AF-Q9Y5Y7-F1-model_v4_0_0_0_complex_,0.106087044,190,257,450,265,56,140,0,190,203,DTWG,0
OUBCNLGXQFSTLU-UHFFFAOYSA-N,nitisinone,O=C1CCCC(=O)C1C(=O)c1ccc(C(F)(F)F)cc1[N+](=O)[O-],290471,LYVE1,-8.170916,-8.205919,194,UNVALIDATED_COLD_TARGET_MODEL_HYPOTHESIS,0.09498945,681,2.4098525,0.43465042,/mnt/nfs-ssd/data/DTWG_AF2_homoaug_complex/AF-Q9Y5Y7-F1-model_v4_0_0_0_complex_refined_,0.13531078,1,34,83,78,10,88,2,18,14,DTWG,1
KBOPZPXVLCULAV-UHFFFAOYSA-N,balsalazide;mesalamine,Nc1ccc(O)c(C(=O)O)c1,255247,LYVE1,-7.493733,-8.206628,195,UNVALIDATED_COLD_TARGET_MODEL_HYPOTHESIS,0.07082124,713,-0.8510859,-0.12596634,/mnt/nfs-ssd/data/DTWG_AF2_homoaug_complex/AF-Q9Y5Y7-F1-model_v4_0_0_0_complex_,0.14449048,709,515,525,691,592,592,0,689,679,DTWG,0
PGTVWKLGGCQMBR-FLBATMFCSA-N,ganaxolone,CC(=O)[C@H]1CC[C@H]2[C@@H]3CC[C@H]4C[C@](C)(O)CC[C@]4(C)[C@H]3CC[C@]12C,19677,LYVE1,-8.708152,-8.262644,196,UNVALIDATED_COLD_TARGET_MODEL_HYPOTHESIS,0.11919083,610,0.52473086,0.131604,/mnt/nfs-ssd/data/DTWG_AF2_homoaug_complex/AF-Q9Y5Y7-F1-model_v4_0_0_0_complex_,0.13141261,318,195,620,356,289,218,0,329,328,DTWG,0
WEQLWGNDNRARGE-DJIMGWMZSA-N,valbenazine,COc1cc2c(cc1OC)[C@H]1C[C@@H](O)[C@H](CC(C)C)CN1CC2,135433,LYVE1,-7.3291855,-8.279233,197,UNVALIDATED_COLD_TARGET_MODEL_HYPOTHESIS,0.09766766,674,0.9370946,0.20880373,/mnt/nfs-ssd/data/DTWG_AF2_homoaug_complex/AF-Q9Y5Y7-F1-model_v4_0_0_0_complex_,0.12287227,126,221,472,179,206,382,0,199,212,DTWG,0
NUKYPUAOHBNCPY-UHFFFAOYSA-N,dalfampridine,Nc1ccncc1,256403,LYVE1,-7.6498723,-8.29815,198,UNVALIDATED_COLD_TARGET_MODEL_HYPOTHESIS,0.07891179,709,0.07258941,0.04695739,/mnt/nfs-ssd/data/DTWG_AF2_homoaug_complex/AF-Q9Y5Y7-F1-model_v4_0_0_0_complex_,0.094342545,485,614,132,490,484,621,0,483,472,DTWG,0
CXOFVDLJLONNDW-UHFFFAOYSA-N,fosphenytoin,O=C1NC(=O)C(c2ccccc2)(c2ccccc2)N1,292516,LYVE1,-7.3168526,-8.302341,199,UNVALIDATED_COLD_TARGET_MODEL_HYPOTHESIS,0.10104472,668,-0.5985704,-0.042459335,/mnt/nfs-ssd/data/DTWG_AF2_homoaug_complex/AF-Q9Y5Y7-F1-model_v4_0_0_0_complex_refined_,0.085013755,568,634,553,561,630,565,0,621,632,DTWG,0
QEFAQIPZVLVERP-UHFFFAOYSA-N,nepafenac,NC(=O)Cc1cccc(C(=O)c2ccccc2)c1N,241522,LYVE1,-7.705162,-8.333706,200,UNVALIDATED_COLD_TARGET_MODEL_HYPOTHESIS,0.102460936,661,0.98094714,0.20803843,/mnt/nfs-ssd/data/DTWG_AF2_homoaug_complex/AF-Q9Y5Y7-F1-model_v4_0_0_0_complex_refined_,0.07999813,157,118,94,527,363,221,0,201,185,DTWG,0
GYDJEQRTZSCIOI-LJGSYFOKSA-N,tranexamic acid,NC[C@H]1CC[C@H](C(=O)O)CC1,247775,LYVE1,-7.6242986,-8.33587,201,UNVALIDATED_COLD_TARGET_MODEL_HYPOTHESIS,0.094574,682,1.1056639,0.24036203,/mnt/nfs-ssd/data/DTWG_AF2_homoaug_complex/AF-Q9Y5Y7-F1-model_v4_0_0_0_complex_,0.058614362,260,211,207,134,188,293,0,153,160,DTWG,0
OUJTZYPIHDYQMC-LJQANCHMSA-N,ambrisentan,COC(c1ccccc1)(c1ccccc1)[C@H](Oc1nc(C)cc(C)n1)C(=O)O,115088,LYVE1,-7.469077,-8.344177,202,UNVALIDATED_COLD_TARGET_MODEL_HYPOTHESIS,0.12617946,588,0.14376548,0.06028245,/mnt/nfs-ssd/data/DTWG_AF2_homoaug_complex/AF-Q9Y5Y7-F1-model_v4_0_0_0_complex_,0.10072073,234,453,347,312,384,228,0,468,457,DTWG,0
BISPBXFUKNXOQY-RITPCOANSA-N,durlobactam,CC1=C[C@@H]2CN(C(=O)N2OS(=O)(=O)O)[C@@H]1C(N)=O,47333,LYVE1,-7.463677,-8.379377,203,UNVALIDATED_COLD_TARGET_MODEL_HYPOTHESIS,0.15714167,511,1.1354702,0.23254444,/mnt/nfs-ssd/data/DTWG_AF2_homoaug_complex/AF-Q9Y5Y7-F1-model_v4_0_0_0_complex_refined_,0.07409663,195,191,271,76,219,308,0,161,154,DTWG,0
PHLBKPHSAVXXEF-UHFFFAOYSA-N,trazodone,O=c1n(CCCN2CCN(c3cccc(Cl)c3)CC2)nc2ccccn12,301983,LYVE1,-7.788964,-8.396508,204,UNVALIDATED_COLD_TARGET_MODEL_HYPOTHESIS,0.40145308,252,1.5370401,0.3211211,/mnt/nfs-ssd/data/DTWG_AF2_homoaug_complex/AF-Q9Y5Y7-F1-model_v4_0_0_0_complex_,0.12639634,180,101,22,383,225,11,1,65,78,DTWG,0
STUWGJZDJHPWGZ-LBPRGKRZSA-N,alpelisib,Cc1nc(NC(=O)N2CCC[C@H]2C(N)=O)sc1-c1ccnc(C(C)(C)C(F)(F)F)c1,210722,LYVE1,-7.823417,-8.401822,205,UNVALIDATED_COLD_TARGET_MODEL_HYPOTHESIS,0.71565574,82,1.8369175,0.34378794,/mnt/nfs-ssd/data/DTWG_AF2_homoaug_complex/AF-Q9Y5Y7-F1-model_v4_0_0_0_complex_refined_,0.11135765,343,35,103,34,83,51,0,51,45,DTWG,0
HEVHTYMYEMEBPX-HZPDHXFCSA-N,taletrectinib,C[C@@H](N)COc1ccc(-c2cnc3ccc(N[C@H](C)c4cccc(F)c4)nn23)cc1,165580,LYVE1,-8.748079,-8.403906,206,UNVALIDATED_COLD_TARGET_MODEL_HYPOTHESIS,0.55300355,156,-0.9760692,-0.13486199,/mnt/nfs-ssd/data/DTWG_AF2_homoaug_complex/AF-Q9Y5Y7-F1-model_v4_0_0_0_complex_,0.091207206,644,622,689,640,674,675,0,694,691,DTWG,0
NFEZZTICAUWDHU-RDTXWAMCSA-N,efinaconazole,C=C1CCN([C@H](C)[C@](O)(Cn2cncn2)c2ccc(F)cc2F)CC1,4254,LYVE1,-7.4602814,-8.414368,207,UNVALIDATED_COLD_TARGET_MODEL_HYPOTHESIS,0.21409303,407,0.16805287,0.06482936,/mnt/nfs-ssd/data/DTWG_AF2_homoaug_complex/AF-Q9Y5Y7-F1-model_v4_0_0_0_complex_,0.103971474,223,378,570,496,391,415,0,461,447,DTWG,0
OLNTVTPDXPETLC-XPWALMASSA-N,ezetimibe,O=C1[C@H](CC[C@H](O)c2ccc(F)cc2)[C@@H](c2ccc(O)cc2)N1c1ccc(F)cc1,294785,LYVE1,-7.8743677,-8.44093,208,UNVALIDATED_COLD_TARGET_MODEL_HYPOTHESIS,0.27395704,342,-0.23053706,-0.009791727,/mnt/nfs-ssd/data/DTWG_AF2_homoaug_complex/AF-Q9Y5Y7-F1-model_v4_0_0_0_complex_,0.09644082,577,539,635,681,483,368,0,578,549,DTWG,0
JUZYLCPPVHEVSV-LJQANCHMSA-N,elvitegravir,COc1cc2c(cc1Cc1cccc(Cl)c1F)c(=O)c(C(=O)O)cn2[C@H](CO)C(C)C,134486,LYVE1,-6.9549704,-8.447142,209,UNVALIDATED_COLD_TARGET_MODEL_HYPOTHESIS,0.32914227,301,0.9868406,0.2089731,/mnt/nfs-ssd/data/DTWG_AF2_homoaug_complex/AF-Q9Y5Y7-F1-model_v4_0_0_0_complex_refined_,0.10292321,43,452,148,344,196,346,0,198,184,DTWG,0
NDCUAPJVLWFHHB-UHNVWZDZSA-N,avibactam,NC(=O)[C@@H]1CC[C@@H]2CN1C(=O)N2OS(=O)(=O)O,242043,LYVE1,-7.440338,-8.448984,210,UNVALIDATED_COLD_TARGET_MODEL_HYPOTHESIS,0.15230718,523,0.5684296,0.14261673,/mnt/nfs-ssd/data/DTWG_AF2_homoaug_complex/AF-Q9Y5Y7-F1-model_v4_0_0_0_complex_refined_,0.081328556,262,238,309,229,130,493,0,308,312,DTWG,0
DDLIGBOFAVUZHB-UHFFFAOYSA-N,midazolam,Cc1ncc2n1-c1ccc(Cl)cc1C(c1ccccc1F)=NC2,213968,LYVE1,-7.9130006,-8.45145,211,UNVALIDATED_COLD_TARGET_MODEL_HYPOTHESIS,0.24680662,378,-0.109754436,0.03506263,/mnt/nfs-ssd/data/DTWG_AF2_homoaug_complex/AF-Q9Y5Y7-F1-model_v4_0_0_0_complex_refined_,0.09954028,538,245,382,693,613,454,0,503,520,DTWG,0
AOMXMOCNKJTRQP-UHFFFAOYSA-N,relugolix,CONC(=O)Nc1ccc(-c2sc3c(c2CN(C)C)c(=O)n(-c2ccc(OC)nn2)c(=O)n3Cc2c(F)cccc2F)cc1,121069,LYVE1,-8.308419,-8.470881,212,UNVALIDATED_COLD_TARGET_MODEL_HYPOTHESIS,0.8143795,47,-0.37971765,-0.0077511943,/mnt/nfs-ssd/data/DTWG_AF2_homoaug_complex/AF-Q9Y5Y7-F1-model_v4_0_0_0_complex_refined_,0.11194902,484,642,483,588,639,383,0,575,588,DTWG,0
MJUVRTYWUMPBTR-MRXNPFEDSA-N,tezacaftor,CC(C)(CO)c1cc2cc(NC(=O)C3(c4ccc5c(c4)OC(F)(F)O5)CC3)c(F)cc2n1C[C@@H](O)CO,26238,LYVE1,-7.986688,-8.504085,213,UNVALIDATED_COLD_TARGET_MODEL_HYPOTHESIS,0.62743306,122,-0.74273616,-0.06532278,/mnt/nfs-ssd/data/DTWG_AF2_homoaug_complex/AF-Q9Y5Y7-F1-model_v4_0_0_0_complex_refined_,0.13514923,663,645,578,275,649,644,0,646,660,DTWG,0
MDSQOJYHHZBZKA-GBXCKJPGSA-N,telotristat etiprate,CCOC(=O)[C@@H](N)Cc1ccc(-c2cc(O[C@H](c3ccc(Cl)cc3-n3ccc(C)n3)C(F)(F)F)nc(N)n2)cc1,69919,LYVE1,-7.6863093,-8.5057745,214,UNVALIDATED_COLD_TARGET_MODEL_HYPOTHESIS,0.8000729,50,-0.6843876,-0.05606921,/mnt/nfs-ssd/data/DTWG_AF2_homoaug_complex/AF-Q9Y5Y7-F1-model_v4_0_0_0_complex_refined_,0.03440455,664,596,566,631,647,665,0,637,647,DTWG,0
VSNHCAURESNICA-UHFFFAOYSA-N,hydroxyurea,NC(=O)NO,241697,LYVE1,-7.3692055,-8.522026,215,UNVALIDATED_COLD_TARGET_MODEL_HYPOTHESIS,0.079466574,708,-0.37459427,-0.0069386694,/mnt/nfs-ssd/data/DTWG_AF2_homoaug_complex/AF-Q9Y5Y7-F1-model_v4_0_0_0_complex_refined_,0.07430259,509,659,353,514,601,630,0,572,585,DTWG,0
KFQYTPMOWPVWEJ-INIZCTEOSA-N,rotigotine,CCCN(CCc1cccs1)[C@H]1CCc2c(O)cccc2C1,58991,LYVE1,-9.297461,-8.53133,216,UNVALIDATED_COLD_TARGET_MODEL_HYPOTHESIS,0.13924623,557,0.36131176,0.10100987,/mnt/nfs-ssd/data/DTWG_AF2_homoaug_complex/AF-Q9Y5Y7-F1-model_v4_0_0_0_complex_,0.092426196,300,357,474,549,314,481,0,392,387,DTWG,0
MWKYMZXCGYXLPL-ZDUSSCGKSA-N,leniolisib,CCC(=O)N1CC[C@H](Nc2ncnc3c2CN(c2cnc(OC)c(C(F)(F)F)c2)CC3)C1,49594,LYVE1,-8.309038,-8.568597,217,UNVALIDATED_COLD_TARGET_MODEL_HYPOTHESIS,0.6790172,99,0.42347762,0.11962861,/mnt/nfs-ssd/data/DTWG_AF2_homoaug_complex/AF-Q9Y5Y7-F1-model_v4_0_0_0_complex_refined_,0.11346554,599,457,533,232,321,196,0,355,361,DTWG,0
DHSUYTOATWAVLW-WFVMDLQDSA-N,cilastatin,CC1(C)C[C@@H]1C(=O)N/C(=C\CCCCSC[C@H](N)C(=O)O)C(=O)O,44134,LYVE1,-7.712761,-8.606977,218,UNVALIDATED_COLD_TARGET_MODEL_HYPOTHESIS,0.22455397,397,1.4808408,0.28731725,/mnt/nfs-ssd/data/DTWG_AF2_homoaug_complex/AF-Q9Y5Y7-F1-model_v4_0_0_0_complex_refined_,0.084832005,239,80,140,69,128,134,0,95,85,DTWG,0
OZWKMVRBQXNZKK-UHFFFAOYSA-N,ketorolac,O=C(c1ccccc1)c1ccc2n1CCC2C(=O)O,288712,LYVE1,-7.531002,-8.610947,219,UNVALIDATED_COLD_TARGET_MODEL_HYPOTHESIS,0.09507702,680,0.78911287,0.18109967,/mnt/nfs-ssd/data/DTWG_AF2_homoaug_complex/AF-Q9Y5Y7-F1-model_v4_0_0_0_complex_,0.105962075,185,476,290,262,154,150,0,240,245,DTWG,0
WJOHZNCJWYWUJD-IUGZLZTKSA-N,fluocinonide,CC(=O)OCC(=O)[C@@]12OC(C)(C)O[C@@H]1C[C@H]1[C@@H]3C[C@H](F)C4=CC(=O)C=C[C@]4(C)[C@@]3(F)[C@@H](O)C[C@@]12C,19016,LYVE1,-10.336367,-8.627497,220,UNVALIDATED_COLD_TARGET_MODEL_HYPOTHESIS,0.44268492,222,-0.04672149,0.024620876,/mnt/nfs-ssd/data/DTWG_AF2_homoaug_complex/AF-Q9Y5Y7-F1-model_v4_0_0_0_complex_,0.1361351,655,312,587,516,193,605,0,515,499,DTWG,0
XUKUURHRXDUEBC-KAYWLYCHSA-N,atorvastatin,CC(C)c1c(C(=O)Nc2ccccc2)c(-c2ccccc2)c(-c2ccc(F)cc2)n1CC[C@@H](O)C[C@@H](O)CC(=O)O,37232,LYVE1,-8.878472,-8.643677,221,UNVALIDATED_COLD_TARGET_MODEL_HYPOTHESIS,0.7007052,87,-1.0544074,-0.13562624,/mnt/nfs-ssd/data/DTWG_AF2_homoaug_complex/AF-Q9Y5Y7-F1-model_v4_0_0_0_complex_,0.065358825,719,625,665,543,667,660,0,695,696,DTWG,0
DDOOFTLHJSMHLN-ZQHRPCGSSA-N,ubrogepant,C[C@@H]1[C@H](c2ccccc2)C[C@H](NC(=O)c2cnc3c(c2)C[C@@]2(C3)C(=O)Nc3ncccc32)C(=O)N1CC(F)(F)F,169906,LYVE1,-8.18744,-8.665005,222,UNVALIDATED_COLD_TARGET_MODEL_HYPOTHESIS,0.8348723,37,-0.07643664,0.019057823,/mnt/nfs-ssd/data/DTWG_AF2_homoaug_complex/AF-Q9Y5Y7-F1-model_v4_0_0_0_complex_,0.06401336,498,402,536,627,525,494,0,522,506,DTWG,0
XFALPSLJIHVRKE-GFCCVEGCSA-N,tedizolid,Cn1nnc(-c2ccc(-c3ccc(N4C[C@H](CO)OC4=O)cc3F)cn2)n1,227232,LYVE1,-8.485976,-8.694394,223,UNVALIDATED_COLD_TARGET_MODEL_HYPOTHESIS,0.27443042,340,1.5988908,0.30603895,/mnt/nfs-ssd/data/DTWG_AF2_homoaug_complex/AF-Q9Y5Y7-F1-model_v4_0_0_0_complex_refined_,0.16858958,246,19,82,9,64,157,2,80,66,DTWG,0
JDUBGYFRJFOXQC-KRWDZBQOSA-N,capivasertib,NC1(C(=O)N[C@@H](CCO)c2ccc(Cl)cc2)CCN(c2ncnc3[nH]ccc23)CC1,245647,LYVE1,-8.4346,-8.710988,224,UNVALIDATED_COLD_TARGET_MODEL_HYPOTHESIS,0.5681918,149,0.568971,0.1398863,/mnt/nfs-ssd/data/DTWG_AF2_homoaug_complex/AF-Q9Y5Y7-F1-model_v4_0_0_0_complex_,0.059572723,267,379,222,491,387,354,0,314,311,DTWG,0
LSQZJLSUYDQPKJ-NJBDSQKTSA-N,amoxicillin,CC1(C)S[C@@H]2[C@H](NC(=O)[C@H](N)c3ccc(O)cc3)C(=O)N2[C@H]1C(=O)O,45018,LYVE1,-7.4454207,-8.711876,225,UNVALIDATED_COLD_TARGET_MODEL_HYPOTHESIS,0.1890008,454,2.6247036,0.5247455,/mnt/nfs-ssd/data/DTWG_AF2_homoaug_complex/AF-Q9Y5Y7-F1-model_v4_0_0_0_complex_,0.07074089,104,26,1,1,11,8,4,3,7,DTWG,1
HARRKNSQXBRBGZ-GVKWWOCJSA-N,zuranolone,C[C@@]1(O)CC[C@H]2[C@H](CC[C@@H]3[C@@H]2CC[C@]2(C)[C@@H](C(=O)Cn4cc(C#N)cn4)CC[C@@H]32)C1,170290,LYVE1,-8.244188,-8.715316,226,UNVALIDATED_COLD_TARGET_MODEL_HYPOTHESIS,0.37362522,271,0.5647088,0.13908838,/mnt/nfs-ssd/data/DTWG_AF2_homoaug_complex/AF-Q9Y5Y7-F1-model_v4_0_0_0_complex_,0.15954655,406,47,642,398,211,337,0,316,313,DTWG,0
SJZRECIVHVDYJC-UHFFFAOYSA-N,oxybate,O=C(O)CCCO,282513,LYVE1,-7.7707143,-8.725066,227,UNVALIDATED_COLD_TARGET_MODEL_HYPOTHESIS,0.054224797,719,-0.31235087,0.0029325925,/mnt/nfs-ssd/data/DTWG_AF2_homoaug_complex/AF-Q9Y5Y7-F1-model_v4_0_0_0_complex_refined_,0.08583571,349,568,513,504,532,428,0,553,567,DTWG,0
PSIFNNKUMBGKDQ-UHFFFAOYSA-N,losartan,CCCCc1nc(Cl)c(CO)n1Cc1ccc(-c2ccccc2-c2nnn[nH]2)cc1,58478,LYVE1,-7.83465,-8.736373,228,UNVALIDATED_COLD_TARGET_MODEL_HYPOTHESIS,0.54004586,163,1.0692855,0.22204815,/mnt/nfs-ssd/data/DTWG_AF2_homoaug_complex/AF-Q9Y5Y7-F1-model_v4_0_0_0_complex_refined_,0.13448313,146,371,252,33,298,61,0,172,169,DTWG,0
ZRVUJXDFFKFLMG-UHFFFAOYSA-N,meloxicam,Cc1cnc(NC(=O)C2=C(O)c3ccccc3S(=O)(=O)N2C)s1,207081,LYVE1,-8.155673,-8.747683,229,UNVALIDATED_COLD_TARGET_MODEL_HYPOTHESIS,0.14851648,533,1.9499027,0.3617064,/mnt/nfs-ssd/data/DTWG_AF2_homoaug_complex/AF-Q9Y5Y7-F1-model_v4_0_0_0_complex_refined_,0.11184988,4,113,123,171,20,129,2,40,34,DTWG,0
SJVQHLPISAIATJ-ZDUSSCGKSA-N,duvelisib,C[C@H](Nc1ncnc2[nH]cnc12)c1cc2cccc(Cl)c2c(=O)n1-c1ccccc1,172689,LYVE1,-8.187279,-8.75033,230,UNVALIDATED_COLD_TARGET_MODEL_HYPOTHESIS,0.45619044,212,-0.52503884,-0.030797867,/mnt/nfs-ssd/data/DTWG_AF2_homoaug_complex/AF-Q9Y5Y7-F1-model_v4_0_0_0_complex_refined_,0.12204197,470,696,674,552,661,372,0,608,624,DTWG,0
GHILNKWBALQPDP-UHFFFAOYSA-N,paltusotine,N#Cc1cccc(-c2ccc3ncc(-c4cc(F)cc(F)c4)c(N4CCC(N)CC4)c3c2)c1O,237681,LYVE1,-8.3312435,-8.7832155,231,UNVALIDATED_COLD_TARGET_MODEL_HYPOTHESIS,0.88721097,13,-0.01947529,0.04938012,/mnt/nfs-ssd/data/DTWG_AF2_homoaug_complex/AF-Q9Y5Y7-F1-model_v4_0_0_0_complex_refined_,0.064300664,521,487,330,509,537,387,0,481,493,DTWG,1
YFGHCGITMMYXAQ-LJQANCHMSA-N,armodafinil,NC(=O)C[S@@+]([O-])C(c1ccccc1)c1ccccc1,241502,LYVE1,-7.8534937,-8.791295,232,UNVALIDATED_COLD_TARGET_MODEL_HYPOTHESIS,0.089576095,694,0.68053424,0.16039556,/mnt/nfs-ssd/data/DTWG_AF2_homoaug_complex/AF-Q9Y5Y7-F1-model_v4_0_0_0_complex_refined_,0.16796847,34,506,133,522,471,184,0,287,287,DTWG,0
ZVHNDZWQTBEVRY-UHFFFAOYSA-N,momelotinib,N#CCNC(=O)c1ccc(-c2ccnc(Nc3ccc(N4CCOCC4)cc3)n2)cc1,232296,LYVE1,-10.319821,-8.794058,233,UNVALIDATED_COLD_TARGET_MODEL_HYPOTHESIS,0.75125825,66,-0.68909144,-0.056815192,/mnt/nfs-ssd/data/DTWG_AF2_homoaug_complex/AF-Q9Y5Y7-F1-model_v4_0_0_0_complex_refined_,0.09714219,650,617,522,568,673,546,0,638,648,DTWG,0
NQDJXKOVJZTUJA-UHFFFAOYSA-N,nevirapine,Cc1ccnc2c1NC(=O)c1cccnc1N2C1CC1,205956,LYVE1,-7.987848,-8.79966,234,UNVALIDATED_COLD_TARGET_MODEL_HYPOTHESIS,0.51303595,180,-0.20064871,0.020647585,/mnt/nfs-ssd/data/DTWG_AF2_homoaug_complex/AF-Q9Y5Y7-F1-model_v4_0_0_0_complex_refined_,0.10160607,419,377,554,630,687,386,0,520,542,DTWG,0
RBTBFTRPCNLSDE-UHFFFAOYSA-N,methylene blue,CN(C)c1ccc2nc3ccc(N(C)C)cc3[s+]c2c1,92664,LYVE1,-7.76007,-8.822788,235,UNVALIDATED_COLD_TARGET_MODEL_HYPOTHESIS,0.18262166,466,1.2251374,0.26272896,/mnt/nfs-ssd/data/DTWG_AF2_homoaug_complex/AF-Q9Y5Y7-F1-model_v4_0_0_0_complex_,0.11265196,152,110,153,62,281,94,0,129,135,DTWG,0
WGFOBBZOWHGYQH-MXHNKVEKSA-N,lubiprostone,CCCCC(F)(F)[C@@]1(O)CC[C@H]2[C@@H](CC(=O)[C@@H]2CCCCCCC(=O)O)O1,53421,LYVE1,-7.985287,-8.846761,236,UNVALIDATED_COLD_TARGET_MODEL_HYPOTHESIS,0.42040092,235,1.3185935,0.26158622,/mnt/nfs-ssd/data/DTWG_AF2_homoaug_complex/AF-Q9Y5Y7-F1-model_v4_0_0_0_complex_refined_,0.16291054,421,178,316,32,21,246,0,131,121,DTWG,0
QIVUCLWGARAQIO-OLIXTKCUSA-N,atogepant,C[C@@H]1[C@H](c2c(F)ccc(F)c2F)C[C@H](NC(=O)c2cnc3c(c2)C[C@@]2(C3)C(=O)Nc3ncccc32)C(=O)N1CC(F)(F)F,169905,LYVE1,-8.956914,-8.854256,237,UNVALIDATED_COLD_TARGET_MODEL_HYPOTHESIS,0.8644814,23,-0.2562718,-0.014609599,/mnt/nfs-ssd/data/DTWG_AF2_homoaug_complex/AF-Q9Y5Y7-F1-model_v4_0_0_0_complex_,0.05291643,567,459,548,647,569,556,0,582,554,DTWG,0
RZVAJINKPMORJF-UHFFFAOYSA-N,acetaminophen,CC(=O)Nc1ccc(O)cc1,17957,LYVE1,-7.892688,-8.858977,238,UNVALIDATED_COLD_TARGET_MODEL_HYPOTHESIS,0.06784396,714,-0.58554316,-0.054429844,/mnt/nfs-ssd/data/DTWG_AF2_homoaug_complex/AF-Q9Y5Y7-F1-model_v4_0_0_0_complex_,0.0977156,453,332,542,626,637,529,0,632,630,DTWG,0
WYQPLTPSGFELIB-JTQPXKBDSA-N,difluprednate,CCCC(=O)O[C@]1(C(=O)COC(C)=O)CC[C@H]2[C@@H]3C[C@H](F)C4=CC(=O)C=C[C@]4(C)[C@@]3(F)[C@@H](O)C[C@@]21C,52785,LYVE1,-9.491053,-8.87043,239,UNVALIDATED_COLD_TARGET_MODEL_HYPOTHESIS,0.5205666,175,-0.17879231,-0.00010445714,/mnt/nfs-ssd/data/DTWG_AF2_homoaug_complex/AF-Q9Y5Y7-F1-model_v4_0_0_0_complex_,0.12258286,661,385,595,525,227,648,0,564,536,DTWG,0
YBBLVLTVTVSKRW-UHFFFAOYSA-N,anastrozole,CC(C)(C#N)c1cc(Cn2cncn2)cc(C(C)(C)C#N)c1,21336,LYVE1,-8.826063,-8.88,240,UNVALIDATED_COLD_TARGET_MODEL_HYPOTHESIS,0.2944362,324,1.1151618,0.22932373,/mnt/nfs-ssd/data/DTWG_AF2_homoaug_complex/AF-Q9Y5Y7-F1-model_v4_0_0_0_complex_refined_,0.05053618,253,50,203,217,267,334,0,166,159,DTWG,0
JGWRKYUXBBNENE-UHFFFAOYSA-N,pexidartinib,FC(F)(F)c1ccc(CNc2ccc(Cc3c[nH]c4ncc(Cl)cc34)cn2)cn1,227680,LYVE1,-15.09648,-8.899067,241,UNVALIDATED_COLD_TARGET_MODEL_HYPOTHESIS,0.46069232,207,-0.3882488,-0.039317366,/mnt/nfs-ssd/data/DTWG_AF2_homoaug_complex/AF-Q9Y5Y7-F1-model_v4_0_0_0_complex_,0.11694051,584,422,641,664,694,419,0,618,590,DTWG,0
PURKAOJPTOLRMP-UHFFFAOYSA-N,deutivacaftor;ivacaftor,CC(C)(C)c1cc(C(C)(C)C)c(NC(=O)c2c[nH]c3ccccc3c2=O)cc1O,24316,LYVE1,-8.257566,-8.899496,242,UNVALIDATED_COLD_TARGET_MODEL_HYPOTHESIS,0.36153576,285,0.74348676,0.17037928,/mnt/nfs-ssd/data/DTWG_AF2_homoaug_complex/AF-Q9Y5Y7-F1-model_v4_0_0_0_complex_refined_,0.0979548,265,373,292,90,398,425,0,262,262,DTWG,0
TXEIIPDJKFWEEC-UHFFFAOYSA-N,tafamidis,O=C(O)c1ccc2nc(-c3cc(Cl)cc(Cl)c3)oc2c1,285527,LYVE1,-8.441816,-8.902416,243,UNVALIDATED_COLD_TARGET_MODEL_HYPOTHESIS,0.14186826,552,-0.12065707,0.010779199,/mnt/nfs-ssd/data/DTWG_AF2_homoaug_complex/AF-Q9Y5Y7-F1-model_v4_0_0_0_complex_,0.12246801,571,581,324,643,352,350,0,542,524,DTWG,0
MUMGGOZAMZWBJJ-DYKIIFRCSA-N,testosterone,C[C@]12CC[C@H]3[C@@H](CCC4=CC(=O)CC[C@@]43C)[C@@H]1CC[C@@H]2O,176753,LYVE1,-11.862232,-8.9146805,244,UNVALIDATED_COLD_TARGET_MODEL_HYPOTHESIS,0.25853762,360,0.6047038,0.14657594,/mnt/nfs-ssd/data/DTWG_AF2_homoaug_complex/AF-Q9Y5Y7-F1-model_v4_0_0_0_complex_,0.13564752,244,263,357,293,270,222,0,304,302,DTWG,0
BARDROPHSZEBKC-OITMNORJSA-N,fosaprepitant,C[C@@H](O[C@H]1OCCN(Cc2nn(P(=O)(O)O)c(=O)[nH]2)[C@H]1c1ccc(F)cc1)c1cc(C(F)(F)F)cc(C(F)(F)F)c1,166730,LYVE1,-7.8232555,-8.91573,245,UNVALIDATED_COLD_TARGET_MODEL_HYPOTHESIS,0.41733703,240,0.7160466,0.16742073,/mnt/nfs-ssd/data/DTWG_AF2_homoaug_complex/AF-Q9Y5Y7-F1-model_v4_0_0_0_complex_,0.103298984,479,355,180,458,88,349,0,267,269,DTWG,0
BPRHUIZQVSMCRT-VEUZHWNKSA-N,rosuvastatin,CC(C)c1nc(N(C)S(C)(=O)=O)nc(-c2ccc(F)cc2)c1/C=C/[C@@H](O)C[C@@H](O)CC(=O)O,38441,LYVE1,-8.464486,-8.916385,246,UNVALIDATED_COLD_TARGET_MODEL_HYPOTHESIS,0.41392952,242,0.57133067,0.14307682,/mnt/nfs-ssd/data/DTWG_AF2_homoaug_complex/AF-Q9Y5Y7-F1-model_v4_0_0_0_complex_refined_,0.17328733,636,115,622,59,416,328,0,307,310,DTWG,0
QDGZDCVAUDNJFG-FXQIFTODSA-N,entecavir,C=C1[C@H](CO)[C@@H](O)C[C@@H]1n1cnc2c(=O)[nH]c(N)nc21,4423,LYVE1,-8.018484,-8.923109,247,UNVALIDATED_COLD_TARGET_MODEL_HYPOTHESIS,0.1890361,453,0.33604094,0.105761915,/mnt/nfs-ssd/data/DTWG_AF2_homoaug_complex/AF-Q9Y5Y7-F1-model_v4_0_0_0_complex_refined_,0.093387485,373,607,287,216,344,452,0,381,398,DTWG,0
NNACHAUCXXVJSP-UHFFFAOYSA-N,pitolisant,Clc1ccc(CCCOCCCN2CCCCC2)cc1,218053,LYVE1,-8.112739,-8.925947,248,UNVALIDATED_COLD_TARGET_MODEL_HYPOTHESIS,0.12101644,605,2.2722695,0.45876536,/mnt/nfs-ssd/data/DTWG_AF2_homoaug_complex/AF-Q9Y5Y7-F1-model_v4_0_0_0_complex_,0.08551716,21,99,3,22,134,25,1,13,18,DTWG,1
MSYKRHVOOPPJKU-BDAKNGLRSA-N,brivaracetam,CCC[C@@H]1CC(=O)N([C@@H](CC)C(N)=O)C1,60775,LYVE1,-8.261508,-8.9397545,249,UNVALIDATED_COLD_TARGET_MODEL_HYPOTHESIS,0.15641698,516,0.25194767,0.09146682,/mnt/nfs-ssd/data/DTWG_AF2_homoaug_complex/AF-Q9Y5Y7-F1-model_v4_0_0_0_complex_,0.096909694,313,519,408,315,280,343,0,413,421,DTWG,0
WVLHHLRVNDMIAR-IBGZPJMESA-N,mavorixafor,NCCCCN(Cc1nc2ccccc2[nH]1)[C@H]1CCCc2cccnc21,247158,LYVE1,-8.476646,-8.944738,250,UNVALIDATED_COLD_TARGET_MODEL_HYPOTHESIS,0.25896627,359,0.36556154,0.101805486,/mnt/nfs-ssd/data/DTWG_AF2_homoaug_complex/AF-Q9Y5Y7-F1-model_v4_0_0_0_complex_,0.096938685,304,578,281,341,538,305,0,388,383,DTWG,0
IOOWNWLVCOUUEX-WPRPVWTQSA-N,vaborbactam,O=C(O)C[C@@H]1CC[C@H](NC(=O)Cc2cccs2)B(O)O1,283467,LYVE1,-8.69106,-8.945329,251,UNVALIDATED_COLD_TARGET_MODEL_HYPOTHESIS,0.18543392,459,1.3492829,0.28597057,/mnt/nfs-ssd/data/DTWG_AF2_homoaug_complex/AF-Q9Y5Y7-F1-model_v4_0_0_0_complex_,0.058034893,183,91,74,144,195,143,0,98,114,DTWG,0
DIWRORZWFLOCLC-UHFFFAOYSA-N,lorazepam,O=C1Nc2ccc(Cl)cc2C(c2ccccc2Cl)=NC1O,294055,LYVE1,-7.99598,-8.9490595,252,UNVALIDATED_COLD_TARGET_MODEL_HYPOTHESIS,0.13887085,558,-0.65561694,-0.051506426,/mnt/nfs-ssd/data/DTWG_AF2_homoaug_complex/AF-Q9Y5Y7-F1-model_v4_0_0_0_complex_refined_,0.12107805,638,697,263,711,588,612,0,628,641,DTWG,0
GYQYAJJFPNQOOW-UHFFFAOYSA-N,gilteritinib,CCc1nc(C(N)=O)c(Nc2ccc(N3CCC(N4CCN(C)CC4)CC3)c(OC)c2)nc1NC1CCOCC1,82459,LYVE1,-12.17215,-8.957147,253,UNVALIDATED_COLD_TARGET_MODEL_HYPOTHESIS,0.6422555,114,-0.49612862,-0.026212959,/mnt/nfs-ssd/data/DTWG_AF2_homoaug_complex/AF-Q9Y5Y7-F1-model_v4_0_0_0_complex_refined_,0.046679318,530,518,549,582,619,537,0,601,615,DTWG,0
RMMXLENWKUUMAY-UHFFFAOYSA-N,telmisartan,CCCc1nc2c(C)cc(-c3nc4ccccc4n3C)cc2n1Cc1ccc(-c2ccccc2C(=O)O)cc1,62047,LYVE1,-7.9037166,-8.983529,254,UNVALIDATED_COLD_TARGET_MODEL_HYPOTHESIS,0.3901237,260,-1.0889404,-0.12022778,/mnt/nfs-ssd/data/DTWG_AF2_homoaug_complex/AF-Q9Y5Y7-F1-model_v4_0_0_0_complex_refined_,0.10003946,687,705,603,596,702,686,0,687,698,DTWG,0
QTWZICCBKBYHDM-UHFFFAOYSA-N,methylene blue,CN(C)c1ccc2c(c1)Sc1cc(N(C)C)ccc1N2,92648,LYVE1,-8.165943,-9.001953,255,UNVALIDATED_COLD_TARGET_MODEL_HYPOTHESIS,0.25675374,364,1.0906107,0.2375439,/mnt/nfs-ssd/data/DTWG_AF2_homoaug_complex/AF-Q9Y5Y7-F1-model_v4_0_0_0_complex_,0.10328833,218,104,242,83,256,119,0,156,164,DTWG,0
ZPMNHBXQOOVQJL-UHFFFAOYSA-N,prucalopride,COCCCN1CCC(NC(=O)c2cc(Cl)c(N)c3c2OCC3)CC1,116726,LYVE1,-8.376088,-9.002994,256,UNVALIDATED_COLD_TARGET_MODEL_HYPOTHESIS,0.3183649,308,1.4335321,0.3017431,/mnt/nfs-ssd/data/DTWG_AF2_homoaug_complex/AF-Q9Y5Y7-F1-model_v4_0_0_0_complex_,0.041240614,200,239,29,128,127,187,0,83,93,DTWG,0
YWPHCCPCQOJSGZ-UHFFFAOYSA-N,viloxazine,CCOc1ccccc1OCC1CNCCO1,75261,LYVE1,-8.704617,-9.003464,257,UNVALIDATED_COLD_TARGET_MODEL_HYPOTHESIS,0.11132883,635,0.0287797,0.057032943,/mnt/nfs-ssd/data/DTWG_AF2_homoaug_complex/AF-Q9Y5Y7-F1-model_v4_0_0_0_complex_refined_,0.095099464,241,156,439,400,507,437,0,472,480,DTWG,0
RUDATBOHQWOJDD-BSWAIDMHSA-N,chenodiol,C[C@H](CCC(=O)O)[C@H]1CC[C@H]2[C@@H]3[C@H](O)C[C@@H]4C[C@H](O)CC[C@]4(C)[C@H]3CC[C@]12C,171096,LYVE1,-8.2454605,-9.005416,258,UNVALIDATED_COLD_TARGET_MODEL_HYPOTHESIS,0.090820424,689,1.2798918,0.2729797,/mnt/nfs-ssd/data/DTWG_AF2_homoaug_complex/AF-Q9Y5Y7-F1-model_v4_0_0_0_complex_,0.13564241,350,83,405,107,72,138,0,118,126,DTWG,0
NCLGDOBQAWBXRA-PGRDOPGGSA-N,telotristat etiprate,Cc1ccn(-c2cc(Cl)ccc2[C@@H](Oc2cc(-c3ccc(C[C@H](N)C(=O)O)cc3)nc(N)n2)C(F)(F)F)n1,205608,LYVE1,-7.9982944,-9.020746,259,UNVALIDATED_COLD_TARGET_MODEL_HYPOTHESIS,0.5734005,147,-0.47341764,-0.022611199,/mnt/nfs-ssd/data/DTWG_AF2_homoaug_complex/AF-Q9Y5Y7-F1-model_v4_0_0_0_complex_refined_,0.03291833,634,562,529,619,618,596,0,595,609,DTWG,0
KENSGCYKTRNIST-RVUAFKSESA-N,deflazacort,CC1=N[C@]2(C(=O)CO)[C@@H](C[C@H]3[C@@H]4CCC5=CC(=O)C=C[C@]5(C)[C@H]4[C@@H](O)C[C@@]32C)O1,47537,LYVE1,-10.951018,-9.068011,260,UNVALIDATED_COLD_TARGET_MODEL_HYPOTHESIS,0.26168865,354,0.30241174,0.10042861,/mnt/nfs-ssd/data/DTWG_AF2_homoaug_complex/AF-Q9Y5Y7-F1-model_v4_0_0_0_complex_refined_,0.22198726,629,249,535,279,12,534,1,395,405,DTWG,0
XYFPWWZEPKGCCK-GOSISDBHSA-N,ibrutinib,C=CC(=O)N1CCC[C@@H](n2nc(-c3ccc(Oc4ccccc4)cc3)c3c(N)ncnc32)C1,6489,LYVE1,-10.570377,-9.070016,261,UNVALIDATED_COLD_TARGET_MODEL_HYPOTHESIS,0.7238594,80,-0.45509002,-0.019704597,/mnt/nfs-ssd/data/DTWG_AF2_homoaug_complex/AF-Q9Y5Y7-F1-model_v4_0_0_0_complex_refined_,0.061027512,547,664,540,632,452,642,0,591,605,DTWG,0
FGQFOYHRJSUHMR-UHFFFAOYSA-N,lesinurad,O=C(O)CSc1nnc(Br)n1-c1ccc(C2CC2)c2ccccc12,283452,LYVE1,-8.093166,-9.0901,262,UNVALIDATED_COLD_TARGET_MODEL_HYPOTHESIS,0.2350147,389,1.4058526,0.27542475,/mnt/nfs-ssd/data/DTWG_AF2_homoaug_complex/AF-Q9Y5Y7-F1-model_v4_0_0_0_complex_refined_,0.12983161,73,305,104,57,444,66,0,114,104,DTWG,0
VGYFMXBACGZSIL-MCBHFWOFSA-N,pitavastatin,O=C(O)C[C@H](O)C[C@H](O)/C=C/c1c(C2CC2)nc2ccccc2c1-c1ccc(F)cc1,283498,LYVE1,-8.127702,-9.107733,263,UNVALIDATED_COLD_TARGET_MODEL_HYPOTHESIS,0.5937069,135,0.67115617,0.15890828,/mnt/nfs-ssd/data/DTWG_AF2_homoaug_complex/AF-Q9Y5Y7-F1-model_v4_0_0_0_complex_refined_,0.12689327,609,274,426,79,325,326,0,289,289,DTWG,0
UTNUDOFZCWSZMS-YFHOEESVSA-N,teriflunomide,C/C(O)=C(\C#N)C(=O)Nc1ccc(C(F)(F)F)cc1,2942,LYVE1,-8.91313,-9.118108,264,UNVALIDATED_COLD_TARGET_MODEL_HYPOTHESIS,0.1032002,656,0.9411665,0.20172958,/mnt/nfs-ssd/data/DTWG_AF2_homoaug_complex/AF-Q9Y5Y7-F1-model_v4_0_0_0_complex_refined_,0.12052848,28,77,161,503,433,124,0,216,210,DTWG,0
WTDRDQBEARUVNC-LURJTMIESA-N,levodopa,N[C@@H](Cc1ccc(O)c(O)c1)C(=O)O,252319,LYVE1,-8.404809,-9.155212,265,UNVALIDATED_COLD_TARGET_MODEL_HYPOTHESIS,0.16699621,497,0.82161176,0.18718386,/mnt/nfs-ssd/data/DTWG_AF2_homoaug_complex/AF-Q9Y5Y7-F1-model_v4_0_0_0_complex_,0.053044822,344,252,216,421,264,229,0,233,234,DTWG,0
WBFUHHBPNXWNCC-UHFFFAOYSA-N,acoramidis,Cc1n[nH]c(C)c1CCCOc1cc(C(=O)O)ccc1F,208380,LYVE1,-8.7917595,-9.155429,266,UNVALIDATED_COLD_TARGET_MODEL_HYPOTHESIS,0.12522936,592,0.52859575,0.13629943,/mnt/nfs-ssd/data/DTWG_AF2_homoaug_complex/AF-Q9Y5Y7-F1-model_v4_0_0_0_complex_refined_,0.11470418,188,290,562,181,294,296,0,325,326,DTWG,0
LOUPRKONTZGTKE-LHHVKLHASA-N,quinidine,C=C[C@H]1C[N@@]2CC[C@H]1C[C@@H]2[C@@H](O)c1ccnc2ccc(OC)cc12,12403,LYVE1,-8.361368,-9.201976,267,UNVALIDATED_COLD_TARGET_MODEL_HYPOTHESIS,0.31900692,307,0.77716357,0.17572014,/mnt/nfs-ssd/data/DTWG_AF2_homoaug_complex/AF-Q9Y5Y7-F1-model_v4_0_0_0_complex_refined_,0.08201453,98,121,509,384,328,339,0,254,251,DTWG,0
MOYKHGMNXAOIAT-JGWLITMVSA-N,isosorbide dinitrate,O=[N+]([O-])O[C@H]1CO[C@H]2[C@@H]1OC[C@H]2O[N+](=O)[O-],298460,LYVE1,-8.515613,-9.228374,268,UNVALIDATED_COLD_TARGET_MODEL_HYPOTHESIS,0.107371725,645,1.052739,0.23045379,/mnt/nfs-ssd/data/DTWG_AF2_homoaug_complex/AF-Q9Y5Y7-F1-model_v4_0_0_0_complex_,0.10470638,208,268,194,347,62,182,0,165,172,DTWG,0
KSMAGQUYOIHWFS-UHFFFAOYSA-N,lofexidine,CC(Oc1c(Cl)cccc1Cl)C1=NCCN1,41429,LYVE1,-8.556079,-9.23463,269,UNVALIDATED_COLD_TARGET_MODEL_HYPOTHESIS,0.1447245,547,-0.26135734,0.011019726,/mnt/nfs-ssd/data/DTWG_AF2_homoaug_complex/AF-Q9Y5Y7-F1-model_v4_0_0_0_complex_refined_,0.10312415,476,660,356,668,408,420,0,541,555,DTWG,0
KJFBVJALEQWJBS-XUXIUFHCSA-N,maribavir,CC(C)Nc1nc2cc(Cl)c(Cl)cc2n1[C@H]1O[C@@H](CO)[C@H](O)[C@@H]1O,34623,LYVE1,-9.109786,-9.251465,270,UNVALIDATED_COLD_TARGET_MODEL_HYPOTHESIS,0.22072512,400,0.48811534,0.1298796,/mnt/nfs-ssd/data/DTWG_AF2_homoaug_complex/AF-Q9Y5Y7-F1-model_v4_0_0_0_complex_refined_,0.07293037,362,430,175,348,308,580,0,333,334,DTWG,0
MRBDMNSDAVCSSF-UHFFFAOYSA-N,phentolamine,Cc1ccc(N(CC2=NCCN2)c2cccc(O)c2)cc1,196808,LYVE1,-9.366976,-9.256687,271,UNVALIDATED_COLD_TARGET_MODEL_HYPOTHESIS,0.2028391,425,-0.8881623,-0.1329075,/mnt/nfs-ssd/data/DTWG_AF2_homoaug_complex/AF-Q9Y5Y7-F1-model_v4_0_0_0_complex_,0.112102315,552,678,644,708,651,542,0,693,683,DTWG,0
NIJJYAXOARWZEE-UHFFFAOYSA-N,valproate,CCCC(CCC)C(=O)O,52977,LYVE1,-8.6018305,-9.264101,272,UNVALIDATED_COLD_TARGET_MODEL_HYPOTHESIS,0.0732274,712,-0.51084834,-0.050852735,/mnt/nfs-ssd/data/DTWG_AF2_homoaug_complex/AF-Q9Y5Y7-F1-model_v4_0_0_0_complex_,0.08094545,489,619,632,639,516,473,0,627,620,DTWG,0
IQPSEEYGBUAQFF-UHFFFAOYSA-N,pantoprazole,COc1ccnc(C[S+]([O-])c2nc3ccc(OC(F)F)cc3[nH]2)c1OC,156599,LYVE1,-8.619509,-9.293657,273,UNVALIDATED_COLD_TARGET_MODEL_HYPOTHESIS,0.29740715,321,1.006043,0.21201842,/mnt/nfs-ssd/data/DTWG_AF2_homoaug_complex/AF-Q9Y5Y7-F1-model_v4_0_0_0_complex_refined_,0.114191756,81,307,526,289,150,139,0,188,181,DTWG,0
BPZSYCZIITTYBL-YJYMSZOUSA-N,arformoterol,COc1ccc(C[C@@H](C)NC[C@H](O)c2ccc(O)c(NC=O)c2)cc1,144521,LYVE1,-8.588707,-9.300315,274,UNVALIDATED_COLD_TARGET_MODEL_HYPOTHESIS,0.14862771,531,1.3194711,0.28038943,/mnt/nfs-ssd/data/DTWG_AF2_homoaug_complex/AF-Q9Y5Y7-F1-model_v4_0_0_0_complex_,0.10600125,222,29,170,204,198,245,0,106,120,DTWG,0
XJGVXQDUIWGIRW-UHFFFAOYSA-N,loxapine,CN1CCN(C2=Nc3ccccc3Oc3ccc(Cl)cc32)CC1,99209,LYVE1,-9.639257,-9.303489,275,UNVALIDATED_COLD_TARGET_MODEL_HYPOTHESIS,0.17310692,483,-0.6117976,-0.04455706,/mnt/nfs-ssd/data/DTWG_AF2_homoaug_complex/AF-Q9Y5Y7-F1-model_v4_0_0_0_complex_refined_,0.10503365,621,666,338,654,666,518,0,624,636,DTWG,0
PYGWGZALEOIKDF-UHFFFAOYSA-N,etravirine,Cc1cc(C#N)cc(C)c1Oc1nc(Nc2ccc(C#N)cc2)nc(N)c1Br,183877,LYVE1,-8.944406,-9.321532,276,UNVALIDATED_COLD_TARGET_MODEL_HYPOTHESIS,0.67631906,100,1.8064755,0.33896008,/mnt/nfs-ssd/data/DTWG_AF2_homoaug_complex/AF-Q9Y5Y7-F1-model_v4_0_0_0_complex_refined_,0.072584294,25,228,47,109,105,115,0,55,48,DTWG,0
KGFYHTZWPPHNLQ-AWEZNQCLSA-N,rivaroxaban,O=C(NC[C@H]1CN(c2ccc(N3CCOCC3=O)cc2)C(=O)O1)c1ccc(Cl)s1,271031,LYVE1,-9.411013,-9.333776,277,UNVALIDATED_COLD_TARGET_MODEL_HYPOTHESIS,0.2983122,320,1.5378389,0.32127067,/mnt/nfs-ssd/data/DTWG_AF2_homoaug_complex/AF-Q9Y5Y7-F1-model_v4_0_0_0_complex_,0.09561548,187,237,14,329,76,68,1,64,77,DTWG,0
RDOIQAHITMMDAJ-UHFFFAOYSA-N,loperamide,CN(C)C(=O)C(CCN1CCC(O)(c2ccc(Cl)cc2)CC1)(c1ccccc1)c1ccccc1,88026,LYVE1,-11.234429,-9.33936,278,UNVALIDATED_COLD_TARGET_MODEL_HYPOTHESIS,0.34133866,295,0.39923662,0.108109884,/mnt/nfs-ssd/data/DTWG_AF2_homoaug_complex/AF-Q9Y5Y7-F1-model_v4_0_0_0_complex_,0.037816767,434,424,364,318,406,381,0,376,371,DTWG,0
UBQNRHZMVUUOMG-UHFFFAOYSA-N,zonisamide,NS(=O)(=O)Cc1noc2ccccc12,248630,LYVE1,-8.94157,-9.340294,279,UNVALIDATED_COLD_TARGET_MODEL_HYPOTHESIS,0.09969505,669,-0.35628998,-0.03333427,/mnt/nfs-ssd/data/DTWG_AF2_homoaug_complex/AF-Q9Y5Y7-F1-model_v4_0_0_0_complex_,0.10351452,616,551,400,673,374,703,0,610,580,DTWG,0
ZKLPARSLTMPFCP-OAQYLSRUSA-N,levocetirizine,O=C(O)COCCN1CCN([C@H](c2ccccc2)c2ccc(Cl)cc2)CC1,283313,LYVE1,-8.7826395,-9.361202,280,UNVALIDATED_COLD_TARGET_MODEL_HYPOTHESIS,0.20232105,428,1.2087889,0.25966832,/mnt/nfs-ssd/data/DTWG_AF2_homoaug_complex/AF-Q9Y5Y7-F1-model_v4_0_0_0_complex_,0.06743257,165,286,166,214,108,180,0,134,140,DTWG,0
BMKDZUISNHGIBY-ZETCQYMHSA-N,dexrazoxane,C[C@@H](CN1CC(=O)NC(=O)C1)N1CC(=O)NC(=O)C1,165224,LYVE1,-7.9116683,-9.372718,281,UNVALIDATED_COLD_TARGET_MODEL_HYPOTHESIS,0.13163792,574,1.5448613,0.29747033,/mnt/nfs-ssd/data/DTWG_AF2_homoaug_complex/AF-Q9Y5Y7-F1-model_v4_0_0_0_complex_refined_,0.05600398,213,52,138,156,93,110,0,89,74,DTWG,0
POGQSBRIGCQNEG-UHFFFAOYSA-N,rufinamide,NC(=O)c1cn(Cc2c(F)cccc2F)nn1,244283,LYVE1,-8.840516,-9.388644,282,UNVALIDATED_COLD_TARGET_MODEL_HYPOTHESIS,0.14311542,551,-1.1632328,-0.18440418,/mnt/nfs-ssd/data/DTWG_AF2_homoaug_complex/AF-Q9Y5Y7-F1-model_v4_0_0_0_complex_,0.10513509,679,682,452,704,689,707,0,707,702,DTWG,0
OFPXSFXSNFPTHF-UHFFFAOYSA-N,oxaprozin,O=C(O)CCc1nc(-c2ccccc2)c(-c2ccccc2)o1,282800,LYVE1,-8.35936,-9.399286,283,UNVALIDATED_COLD_TARGET_MODEL_HYPOTHESIS,0.0939929,684,-0.32125026,0.0015212247,/mnt/nfs-ssd/data/DTWG_AF2_homoaug_complex/AF-Q9Y5Y7-F1-model_v4_0_0_0_complex_refined_,0.16614974,588,587,279,688,498,205,0,557,569,DTWG,0
VFCRKLWBYMDAED-REWPJTCUSA-N,nirogacestat,CCC[C@H](N[C@H]1CCc2cc(F)cc(F)c2C1)C(=O)Nc1cn(C(C)(C)CNCC(C)(C)C)cn1,61059,LYVE1,-10.114907,-9.410984,284,UNVALIDATED_COLD_TARGET_MODEL_HYPOTHESIS,0.81762177,45,0.05108084,0.04293071,/mnt/nfs-ssd/data/DTWG_AF2_homoaug_complex/AF-Q9Y5Y7-F1-model_v4_0_0_0_complex_,0.086280085,353,520,312,497,551,519,0,492,476,DTWG,0
PCHKPVIQAHNQLW-CQSZACIVSA-N,niraparib,NC(=O)c1cccc2cn(-c3ccc([C@@H]4CCCNC4)cc3)nc12,243964,LYVE1,-9.008292,-9.4371,285,UNVALIDATED_COLD_TARGET_MODEL_HYPOTHESIS,0.52322483,174,1.2385743,0.2652445,/mnt/nfs-ssd/data/DTWG_AF2_homoaug_complex/AF-Q9Y5Y7-F1-model_v4_0_0_0_complex_,0.05293218,230,153,62,158,208,344,0,126,132,DTWG,0
OEOLOEUAGSPDLT-UHFFFAOYSA-N,minoxidil,Nc1cc(N2CCCCC2)nc(N)[n+]1OS(=O)(=O)[O-],254366,LYVE1,-7.9759173,-9.451541,286,UNVALIDATED_COLD_TARGET_MODEL_HYPOTHESIS,0.18537939,460,0.95507795,0.20393582,/mnt/nfs-ssd/data/DTWG_AF2_homoaug_complex/AF-Q9Y5Y7-F1-model_v4_0_0_0_complex_refined_,0.04392823,269,302,143,226,164,310,0,209,199,DTWG,0
KPVIXBKIJXZQJX-CSOZIWFHSA-N,lefamulin,C=C[C@]1(C)C[C@@H](OC(=O)CS[C@@H]2CC[C@@H](N)C[C@H]2O)[C@]2(C)C(C)CC[C@]3(CCC(=O)[C@H]32)[C@@H](C)[C@@H]1O,12420,LYVE1,-9.16919,-9.469937,287,UNVALIDATED_COLD_TARGET_MODEL_HYPOTHESIS,0.26019585,356,1.2720212,0.25420025,/mnt/nfs-ssd/data/DTWG_AF2_homoaug_complex/AF-Q9Y5Y7-F1-model_v4_0_0_0_complex_refined_,0.13347846,358,92,402,99,257,21,0,140,128,DTWG,0
WYWIFABBXFUGLM-UHFFFAOYSA-N,oxymetazoline,Cc1cc(C(C)(C)C)c(O)c(C)c1CC1=NCCN1,184549,LYVE1,-8.188688,-9.470391,288,UNVALIDATED_COLD_TARGET_MODEL_HYPOTHESIS,0.09802251,673,1.5409458,0.29684937,/mnt/nfs-ssd/data/DTWG_AF2_homoaug_complex/AF-Q9Y5Y7-F1-model_v4_0_0_0_complex_refined_,0.124307804,145,94,35,182,345,13,1,90,75,DTWG,0
CUIHSIWYWATEQL-UHFFFAOYSA-N,pazopanib,Cc1ccc(Nc2nccc(N(C)c3ccc4c(C)n(C)nc4c3)n2)cc1S(N)(=O)=O,198610,LYVE1,-12.131993,-9.470889,289,UNVALIDATED_COLD_TARGET_MODEL_HYPOTHESIS,0.78720176,57,-0.33180404,-0.0001525109,/mnt/nfs-ssd/data/DTWG_AF2_homoaug_complex/AF-Q9Y5Y7-F1-model_v4_0_0_0_complex_refined_,0.084469564,523,544,411,499,642,629,0,565,577,DTWG,0
IKKXOSBHLYMWAE-QRPMWFLTSA-N,islatravir,C#C[C@]1(CO)O[C@@H](n2cnc3c(N)nc(F)nc32)C[C@@H]1O,1571,LYVE1,-8.790812,-9.492058,290,UNVALIDATED_COLD_TARGET_MODEL_HYPOTHESIS,0.3676648,278,0.40353146,0.11646532,/mnt/nfs-ssd/data/DTWG_AF2_homoaug_complex/AF-Q9Y5Y7-F1-model_v4_0_0_0_complex_refined_,0.094091624,149,435,227,321,454,431,0,360,369,DTWG,0
ZSBOMTDTBDDKMP-OAHLLOKOSA-N,alogliptin,Cn1c(=O)cc(N2CCC[C@@H](N)C2)n(Cc2ccccc2C#N)c1=O,219732,LYVE1,-9.46294,-9.504252,291,UNVALIDATED_COLD_TARGET_MODEL_HYPOTHESIS,0.16122995,504,0.1571881,0.06279533,/mnt/nfs-ssd/data/DTWG_AF2_homoaug_complex/AF-Q9Y5Y7-F1-model_v4_0_0_0_complex_,0.029570172,411,84,259,402,480,505,0,463,451,DTWG,0
HCFDWZZGGLSKEP-UHFFFAOYSA-N,doxylamine,CN(C)CCOC(C)(c1ccccc1)c1ccccn1,90674,LYVE1,-9.970706,-9.514052,292,UNVALIDATED_COLD_TARGET_MODEL_HYPOTHESIS,0.11712965,615,0.3494795,0.10789315,/mnt/nfs-ssd/data/DTWG_AF2_homoaug_complex/AF-Q9Y5Y7-F1-model_v4_0_0_0_complex_refined_,0.090062775,201,398,390,390,578,203,0,377,388,DTWG,0
WANIDIGFXJFFEL-SANMLTNESA-N,relacorilant,Cn1cc(S(=O)(=O)N2CCC3=Cc4c(cnn4-c4ccc(F)cc4)C[C@]3(C(=O)c3cc(C(F)(F)F)ccn3)C2)cn1,223703,LYVE1,-15.2882395,-9.539934,293,UNVALIDATED_COLD_TARGET_MODEL_HYPOTHESIS,0.7252697,78,-0.7138644,-0.100276716,/mnt/nfs-ssd/data/DTWG_AF2_homoaug_complex/AF-Q9Y5Y7-F1-model_v4_0_0_0_complex_,0.09803076,438,650,481,671,604,472,0,674,654,DTWG,0
GEJDGVNQKABXKG-CFKGEZKQSA-N,valbenazine,COc1cc2c(cc1OC)[C@H]1C[C@@H](OC(=O)[C@@H](N)C(C)C)[C@H](CC(C)C)CN1CC2,135434,LYVE1,-9.132937,-9.551262,294,UNVALIDATED_COLD_TARGET_MODEL_HYPOTHESIS,0.14622538,541,0.2544861,0.08101075,/mnt/nfs-ssd/data/DTWG_AF2_homoaug_complex/AF-Q9Y5Y7-F1-model_v4_0_0_0_complex_,0.08511299,505,461,428,187,397,573,0,431,419,DTWG,0
FNKQXYHWGSIFBK-RPDRRWSUSA-N,sapropterin,C[C@H](O)[C@H](O)[C@H]1CNc2[nH]c(N)nc(=O)c2N1,172912,LYVE1,-8.924037,-9.564576,295,UNVALIDATED_COLD_TARGET_MODEL_HYPOTHESIS,0.13494429,566,0.32601354,0.09902268,/mnt/nfs-ssd/data/DTWG_AF2_homoaug_complex/AF-Q9Y5Y7-F1-model_v4_0_0_0_complex_,0.11433325,339,572,371,199,229,606,0,399,399,DTWG,0
ZSWMIFNWDQEXDT-ZESJGQACSA-N,zoliflodacin,C[C@@H]1CN2c3c(cc4c(N5C(=O)OC[C@@H]5C)noc4c3F)CC3(C(=O)NC(=O)NC3=O)[C@H]2[C@H](C)O1,168671,LYVE1,-8.826963,-9.582473,296,UNVALIDATED_COLD_TARGET_MODEL_HYPOTHESIS,0.2687393,347,1.8180554,0.34079656,/mnt/nfs-ssd/data/DTWG_AF2_homoaug_complex/AF-Q9Y5Y7-F1-model_v4_0_0_0_complex_refined_,0.10388449,67,164,177,25,117,49,0,53,47,DTWG,0
ALWKGYPQUAPLQC-UHFFFAOYSA-N,neostigmine,CN(C)C(=O)Oc1cccc([N+](C)(C)C)c1,88387,LYVE1,-9.290233,-9.5854435,297,UNVALIDATED_COLD_TARGET_MODEL_HYPOTHESIS,0.089131385,695,0.95348835,0.20368372,/mnt/nfs-ssd/data/DTWG_AF2_homoaug_complex/AF-Q9Y5Y7-F1-model_v4_0_0_0_complex_refined_,0.1087038,84,146,116,515,287,135,0,210,201,DTWG,0
CYHWMBVXXDIZNZ-KRWDZBQOSA-N,remimazolam,COC(=O)CC[C@@H]1N=C(c2ccccn2)c2cc(Br)ccc2-n2c(C)cnc21,110674,LYVE1,-9.249299,-9.58878,298,UNVALIDATED_COLD_TARGET_MODEL_HYPOTHESIS,0.45449618,215,-0.026304876,0.048297007,/mnt/nfs-ssd/data/DTWG_AF2_homoaug_complex/AF-Q9Y5Y7-F1-model_v4_0_0_0_complex_refined_,0.13446951,601,360,293,687,620,194,0,482,496,DTWG,0
GOTYRUGSSMKFNF-UHFFFAOYSA-N,lenalidomide,Nc1cccc2c1CN(C1CCC(=O)NC1=O)C2=O,255736,LYVE1,-8.011568,-9.598189,299,UNVALIDATED_COLD_TARGET_MODEL_HYPOTHESIS,0.17126603,486,0.7834041,0.17670983,/mnt/nfs-ssd/data/DTWG_AF2_homoaug_complex/AF-Q9Y5Y7-F1-model_v4_0_0_0_complex_refined_,0.13970089,371,383,96,236,151,329,0,249,249,DTWG,0
YKPUWZUDDOIDPM-SOFGYWHQSA-N,capsaicin,COc1cc(CNC(=O)CCCC/C=C/C(C)C)ccc1O,127850,LYVE1,-8.446202,-9.598988,300,UNVALIDATED_COLD_TARGET_MODEL_HYPOTHESIS,0.14890772,529,1.378375,0.291417,/mnt/nfs-ssd/data/DTWG_AF2_homoaug_complex/AF-Q9Y5Y7-F1-model_v4_0_0_0_complex_,0.095451616,182,100,237,239,139,55,0,92,108,DTWG,0
VJJPUSNTGOMMGY-MRVIYFEKSA-N,etoposide,COc1cc([C@@H]2c3cc4c(cc3[C@@H](O[C@@H]3O[C@@H]5CO[C@@H](C)O[C@H]5[C@H](O)[C@H]3O)[C@H]3COC(=O)[C@H]23)OCO4)cc(OC)c1O,132704,LYVE1,-9.557465,-9.656546,301,UNVALIDATED_COLD_TARGET_MODEL_HYPOTHESIS,0.11599717,617,-0.28220645,-0.01946489,/mnt/nfs-ssd/data/DTWG_AF2_homoaug_complex/AF-Q9Y5Y7-F1-model_v4_0_0_0_complex_,0.09018773,646,593,647,298,524,587,0,590,560,DTWG,0
MCGSCOLBFJQGHM-SCZZXKLOSA-N,abacavir,Nc1nc(NC2CC2)c2ncn([C@H]3C=C[C@@H](CO)C3)c2n1,257206,LYVE1,-8.710305,-9.664433,302,UNVALIDATED_COLD_TARGET_MODEL_HYPOTHESIS,0.27394438,343,0.9703103,0.20635152,/mnt/nfs-ssd/data/DTWG_AF2_homoaug_complex/AF-Q9Y5Y7-F1-model_v4_0_0_0_complex_refined_,0.089253746,141,411,344,135,189,316,0,205,191,DTWG,0
VCKUSRYTPJJLNI-UHFFFAOYSA-N,terazosin,COc1cc2nc(N3CCN(C(=O)C4CCCO4)CC3)nc(N)c2cc1OC,135836,LYVE1,-8.872,-9.69636,303,UNVALIDATED_COLD_TARGET_MODEL_HYPOTHESIS,0.13666639,563,0.9948764,0.2102475,/mnt/nfs-ssd/data/DTWG_AF2_homoaug_complex/AF-Q9Y5Y7-F1-model_v4_0_0_0_complex_refined_,0.09365081,275,42,206,172,265,446,0,195,182,DTWG,0
WAEXFXRVDQXREF-UHFFFAOYSA-N,vorinostat,O=C(CCCCCCC(=O)Nc1ccccc1)NO,263130,LYVE1,-10.026317,-9.708427,304,UNVALIDATED_COLD_TARGET_MODEL_HYPOTHESIS,0.38675952,263,2.58084,0.5165337,/mnt/nfs-ssd/data/DTWG_AF2_homoaug_complex/AF-Q9Y5Y7-F1-model_v4_0_0_0_complex_,0.063978404,44,46,5,12,2,23,3,4,8,DTWG,1
YLXDSYKOBKBWJQ-LBPRGKRZSA-N,ramelteon,CCC(=O)NCC[C@@H]1CCc2ccc3c(c21)CCO3,49797,LYVE1,-10.319563,-9.712929,305,UNVALIDATED_COLD_TARGET_MODEL_HYPOTHESIS,0.2874003,330,1.1894687,0.24110816,/mnt/nfs-ssd/data/DTWG_AF2_homoaug_complex/AF-Q9Y5Y7-F1-model_v4_0_0_0_complex_refined_,0.10671003,125,189,39,563,153,201,0,152,144,DTWG,0
AFLFKFHDSCQHOL-IZZDOVSWSA-N,elafibranor,CSc1ccc(C(=O)/C=C/c2cc(C)c(OC(C)(C)C(=O)O)c(C)c2)cc1,164305,LYVE1,-8.782642,-9.72425,306,UNVALIDATED_COLD_TARGET_MODEL_HYPOTHESIS,0.26607606,351,0.6597233,0.15709512,/mnt/nfs-ssd/data/DTWG_AF2_homoaug_complex/AF-Q9Y5Y7-F1-model_v4_0_0_0_complex_refined_,0.11155846,238,376,266,77,271,399,0,294,294,DTWG,0
JJVAPHYEOZSKJZ-JGCGQSQUSA-N,zavegepant,Cc1cc(C[C@@H](NC(=O)N2CCC(c3cc4ccccc4[nH]c3=O)CC2)C(=O)N2CCN(C3CCN(C)CC3)CC2)cc2cn[nH]c12,186354,LYVE1,-9.096221,-9.725131,307,UNVALIDATED_COLD_TARGET_MODEL_HYPOTHESIS,0.8384638,35,0.16846557,0.06490662,/mnt/nfs-ssd/data/DTWG_AF2_homoaug_complex/AF-Q9Y5Y7-F1-model_v4_0_0_0_complex_,0.042854782,422,517,373,424,515,440,0,459,445,DTWG,0
AHOUBRCZNHFOSL-YOEHRIQHSA-N,paroxetine,Fc1ccc([C@@H]2CCNC[C@H]2COc2ccc3c(c2)OCO3)cc1,229620,LYVE1,-10.471226,-9.730503,308,UNVALIDATED_COLD_TARGET_MODEL_HYPOTHESIS,0.22762649,395,1.2106215,0.2600114,/mnt/nfs-ssd/data/DTWG_AF2_homoaug_complex/AF-Q9Y5Y7-F1-model_v4_0_0_0_complex_,0.06444252,160,220,90,361,237,126,0,133,139,DTWG,0
RYIDHLJADOKWFM-MAODMQOUSA-N,samidorphan,NC(=O)c1ccc2c(c1O)[C@]13CCN(CC4CC4)[C@H](C2)[C@]1(O)CCC(=O)C3,243349,LYVE1,-8.73795,-9.747538,309,UNVALIDATED_COLD_TARGET_MODEL_HYPOTHESIS,0.15474926,517,-0.2135069,0.018608388,/mnt/nfs-ssd/data/DTWG_AF2_homoaug_complex/AF-Q9Y5Y7-F1-model_v4_0_0_0_complex_refined_,0.07916656,425,396,619,379,434,562,0,525,544,DTWG,0
MLBVMOWEQCZNCC-OEMFJLHTSA-N,fosamprenavir,CC(C)CN(C[C@@H](OP(=O)(O)O)[C@H](Cc1ccccc1)NC(=O)O[C@H]1CCOC1)S(=O)(=O)c1ccc(N)cc1,30519,LYVE1,-9.978639,-9.795047,310,UNVALIDATED_COLD_TARGET_MODEL_HYPOTHESIS,0.47180766,203,-0.02569768,0.0285568,/mnt/nfs-ssd/data/DTWG_AF2_homoaug_complex/AF-Q9Y5Y7-F1-model_v4_0_0_0_complex_,0.117752835,585,484,232,595,301,552,0,509,494,DTWG,0
OXPLANUPKBHPMS-ZXBNPROVSA-N,ciclesonide,C[C@]12C=CC(=O)C=C1CC[C@@H]1[C@@H]2[C@@H](O)C[C@@]2(C)[C@H]1C[C@H]1O[C@@H](C3CCCCC3)O[C@]12C(=O)CO,176165,LYVE1,-13.690044,-9.800901,311,UNVALIDATED_COLD_TARGET_MODEL_HYPOTHESIS,0.29544616,323,-0.077033244,0.018946132,/mnt/nfs-ssd/data/DTWG_AF2_homoaug_complex/AF-Q9Y5Y7-F1-model_v4_0_0_0_complex_,0.13801926,656,348,693,462,218,593,0,524,507,DTWG,0
PYNXFZCZUAOOQC-UTKZUKDTSA-N,sacubitril,CCOC(=O)[C@H](C)C[C@@H](Cc1ccc(-c2ccccc2)cc1)NC(=O)CCC(=O)O,69981,LYVE1,-8.397118,-9.803175,312,UNVALIDATED_COLD_TARGET_MODEL_HYPOTHESIS,0.28164157,334,1.4373654,0.28042242,/mnt/nfs-ssd/data/DTWG_AF2_homoaug_complex/AF-Q9Y5Y7-F1-model_v4_0_0_0_complex_refined_,0.045173213,77,141,119,108,149,73,0,105,92,DTWG,0
DKNWSYNQZKUICI-UHFFFAOYSA-N,amantadine,NC12CC3CC(CC(C3)C1)C2,245830,LYVE1,-10.489488,-9.838558,313,UNVALIDATED_COLD_TARGET_MODEL_HYPOTHESIS,0.12138482,604,0.063645445,0.045282964,/mnt/nfs-ssd/data/DTWG_AF2_homoaug_complex/AF-Q9Y5Y7-F1-model_v4_0_0_0_complex_,0.12794538,240,554,606,358,536,572,0,485,474,DTWG,0
WEAJZXNPAWBCOA-INIZCTEOSA-N,avanafil,COc1ccc(CNc2nc(N3CCC[C@H]3CO)ncc2C(=O)NCc2ncccn2)cc1Cl,144245,LYVE1,-11.040411,-9.877658,314,UNVALIDATED_COLD_TARGET_MODEL_HYPOTHESIS,0.34230614,293,-0.24070303,0.014295322,/mnt/nfs-ssd/data/DTWG_AF2_homoaug_complex/AF-Q9Y5Y7-F1-model_v4_0_0_0_complex_refined_,0.060029242,652,560,468,471,445,614,0,537,551,DTWG,0
IQVRBWUUXZMOPW-PKNBQFBNSA-N,istradefylline,CCn1c(=O)c2c(nc(/C=C/c3ccc(OC)c(OC)c3)n2C)n(CC)c1=O,85375,LYVE1,-9.753352,-9.893306,315,UNVALIDATED_COLD_TARGET_MODEL_HYPOTHESIS,0.10998899,640,1.8852954,0.35146025,/mnt/nfs-ssd/data/DTWG_AF2_homoaug_complex/AF-Q9Y5Y7-F1-model_v4_0_0_0_complex_refined_,0.078636855,93,28,187,51,45,95,0,43,38,DTWG,0
ZIAOVIPSKUPPQW-UHFFFAOYSA-N,doravirine,Cn1c(Cn2ccc(C(F)(F)F)c(Oc3cc(Cl)cc(C#N)c3)c2=O)n[nH]c1=O,220362,LYVE1,-10.372761,-9.901099,316,UNVALIDATED_COLD_TARGET_MODEL_HYPOTHESIS,0.2728316,344,0.7005192,0.163565,/mnt/nfs-ssd/data/DTWG_AF2_homoaug_complex/AF-Q9Y5Y7-F1-model_v4_0_0_0_complex_refined_,0.07676763,309,88,349,479,449,212,0,279,279,DTWG,0
YMARZQAQMVYCKC-OEMFJLHTSA-N,fosamprenavir,CC(C)CN(C[C@@H](O)[C@H](Cc1ccccc1)NC(=O)O[C@H]1CCOC1)S(=O)(=O)c1ccc(N)cc1,30516,LYVE1,-10.058748,-9.909244,317,UNVALIDATED_COLD_TARGET_MODEL_HYPOTHESIS,0.3012338,315,-0.16719416,0.0020668663,/mnt/nfs-ssd/data/DTWG_AF2_homoaug_complex/AF-Q9Y5Y7-F1-model_v4_0_0_0_complex_,0.09682382,600,601,315,538,365,470,0,554,532,DTWG,0
OLAHOMJCDNXHFI-UHFFFAOYSA-N,erdafitinib,COc1cc(OC)cc(N(CCNC(C)C)c2ccc3ncc(-c4cnn(C)c4)nc3c2)c1,132060,LYVE1,-11.397832,-9.912094,318,UNVALIDATED_COLD_TARGET_MODEL_HYPOTHESIS,0.84935904,30,-1.8254025,-0.25835037,/mnt/nfs-ssd/data/DTWG_AF2_homoaug_complex/AF-Q9Y5Y7-F1-model_v4_0_0_0_complex_,0.08939879,717,698,719,702,717,715,0,717,717,DTWG,0
FJHBVJOVLFPMQE-QFIPXVFZSA-N,irinotecan,CCc1c2c(nc3ccc(O)cc13)-c1cc3c(c(=O)n1C2)COC(=O)[C@]3(O)CC,80099,LYVE1,-10.210828,-9.91268,319,UNVALIDATED_COLD_TARGET_MODEL_HYPOTHESIS,0.20438129,421,1.3956951,0.27381387,/mnt/nfs-ssd/data/DTWG_AF2_homoaug_complex/AF-Q9Y5Y7-F1-model_v4_0_0_0_complex_refined_,0.12294429,405,173,128,28,165,185,0,117,106,DTWG,0
WOSKHXYHFSIKNG-UHFFFAOYSA-N,lenvatinib,COc1cc2nccc(Oc3ccc(NC(=O)NC4CC4)c(Cl)c3)c2cc1C(N)=O,136127,LYVE1,-11.595369,-9.9450865,320,UNVALIDATED_COLD_TARGET_MODEL_HYPOTHESIS,0.79256237,55,-0.93507445,-0.09582597,/mnt/nfs-ssd/data/DTWG_AF2_homoaug_complex/AF-Q9Y5Y7-F1-model_v4_0_0_0_complex_refined_,0.062475417,673,641,703,564,660,688,0,670,686,DTWG,0
CSOBIBXVIYAXFM-BYNJWEBRSA-N,ensifentrine,COc1cc2c(cc1OC)-c1c/c(=N\c3c(C)cc(C)cc3C)n(CCNC(N)=O)c(=O)n1CC2,134700,LYVE1,-9.263492,-9.948953,321,UNVALIDATED_COLD_TARGET_MODEL_HYPOTHESIS,0.7508518,68,0.16321601,0.078353375,/mnt/nfs-ssd/data/DTWG_AF2_homoaug_complex/AF-Q9Y5Y7-F1-model_v4_0_0_0_complex_refined_,0.18273246,458,326,258,394,703,175,0,435,448,DTWG,0
DHHVAGZRUROJKS-UHFFFAOYSA-N,phentermine,CC(C)(N)Cc1ccccc1,26505,LYVE1,-10.764328,-9.958107,322,UNVALIDATED_COLD_TARGET_MODEL_HYPOTHESIS,0.10355545,654,0.17237774,0.06563903,/mnt/nfs-ssd/data/DTWG_AF2_homoaug_complex/AF-Q9Y5Y7-F1-model_v4_0_0_0_complex_,0.10325382,228,523,342,473,546,597,0,458,444,DTWG,0
VKHAHZOOUSRJNA-GCNJZUOMSA-N,mifepristone,CC#C[C@]1(O)CC[C@H]2[C@@H]3CCC4=CC(=O)CCC4=C3[C@@H](c3ccc(N(C)C)cc3)C[C@@]21C,13768,LYVE1,-9.514626,-9.99456,323,UNVALIDATED_COLD_TARGET_MODEL_HYPOTHESIS,0.52722996,171,-0.7712769,-0.11102507,/mnt/nfs-ssd/data/DTWG_AF2_homoaug_complex/AF-Q9Y5Y7-F1-model_v4_0_0_0_complex_,0.103185974,684,584,681,541,496,719,0,683,668,DTWG,0
KWTSXDURSIMDCE-UHFFFAOYSA-N,amphetamine,CC(N)Cc1ccccc1,40515,LYVE1,-10.683034,-9.998855,324,UNVALIDATED_COLD_TARGET_MODEL_HYPOTHESIS,0.082110174,705,0.24603966,0.07942947,/mnt/nfs-ssd/data/DTWG_AF2_homoaug_complex/AF-Q9Y5Y7-F1-model_v4_0_0_0_complex_,0.106709756,191,479,456,413,509,549,0,433,424,DTWG,0
DJXRIQMCROIRCZ-XOEOCAAJSA-N,vibegron,O=C(Nc1ccc(C[C@@H]2CC[C@H]([C@H](O)c3ccccc3)N2)cc1)[C@@H]1CCc2nccc(=O)n21,277588,LYVE1,-10.580181,-10.007,325,UNVALIDATED_COLD_TARGET_MODEL_HYPOTHESIS,0.5362662,167,1.1353116,0.24591243,/mnt/nfs-ssd/data/DTWG_AF2_homoaug_complex/AF-Q9Y5Y7-F1-model_v4_0_0_0_complex_,0.052515984,227,165,117,308,305,145,0,147,155,DTWG,0
OROGSEYTTFOCAN-DNJOTXNNSA-N,codeine,COc1ccc2c3c1O[C@H]1[C@@H](O)C=C[C@H]4[C@@H](C2)N(C)CC[C@@]341,150336,LYVE1,-9.8383875,-10.007504,326,UNVALIDATED_COLD_TARGET_MODEL_HYPOTHESIS,0.10992368,641,-0.10180007,0.036324125,/mnt/nfs-ssd/data/DTWG_AF2_homoaug_complex/AF-Q9Y5Y7-F1-model_v4_0_0_0_complex_refined_,0.04557657,198,534,607,478,478,511,0,498,517,DTWG,0
IEAKXXNRGSLYTQ-DEOSSOPVSA-N,crinecerfont,C#CCN(c1nc(-c2cc(C)c(OC)cc2Cl)c(C)s1)[C@@H](CC1CC1)c1ccc(C)c(F)c1,849,LYVE1,-9.014321,-10.022108,327,UNVALIDATED_COLD_TARGET_MODEL_HYPOTHESIS,0.7997894,51,-0.6604489,-0.052272737,/mnt/nfs-ssd/data/DTWG_AF2_homoaug_complex/AF-Q9Y5Y7-F1-model_v4_0_0_0_complex_refined_,0.13443111,683,690,688,350,458,657,0,629,644,DTWG,0
HYHMLYSLQUKXKP-UHFFFAOYSA-N,bempedoic acid,CC(C)(CCCCCC(O)CCCCCC(C)(C)C(=O)O)C(=O)O,26004,LYVE1,-9.460959,-10.043663,328,UNVALIDATED_COLD_TARGET_MODEL_HYPOTHESIS,0.14070204,554,1.4696119,0.3084977,/mnt/nfs-ssd/data/DTWG_AF2_homoaug_complex/AF-Q9Y5Y7-F1-model_v4_0_0_0_complex_,0.09611782,370,45,93,35,123,202,0,78,89,DTWG,0
JBKPUQTUERUYQE-UHFFFAOYSA-O,pralidoxime,C[n+]1ccccc1/C=N/O,177318,LYVE1,-8.252658,-10.046133,329,UNVALIDATED_COLD_TARGET_MODEL_HYPOTHESIS,0.08495963,700,0.09531078,0.067584194,/mnt/nfs-ssd/data/DTWG_AF2_homoaug_complex/AF-Q9Y5Y7-F1-model_v4_0_0_0_complex_refined_,0.095295146,359,269,512,492,510,247,0,449,467,DTWG,0
XTNGUQKDFGDXSJ-ZXGKGEBGSA-N,canagliflozin,Cc1ccc([C@@H]2O[C@H](CO)[C@@H](O)[C@H](O)[C@H]2O)cc1Cc1ccc(-c2ccc(F)cc2)s1,199836,LYVE1,-9.793242,-10.0487585,330,UNVALIDATED_COLD_TARGET_MODEL_HYPOTHESIS,0.68400836,95,0.58263963,0.14244525,/mnt/nfs-ssd/data/DTWG_AF2_homoaug_complex/AF-Q9Y5Y7-F1-model_v4_0_0_0_complex_,0.087141834,510,242,328,88,304,197,0,309,306,DTWG,0
MKXZASYAUGDDCJ-NJAFHUGGSA-N,dextromethorphan,COc1ccc2c(c1)[C@]13CCCC[C@@H]1[C@H](C2)N(C)CC3,149938,LYVE1,-10.175876,-10.106131,331,UNVALIDATED_COLD_TARGET_MODEL_HYPOTHESIS,0.11862519,612,-0.13830917,0.007474502,/mnt/nfs-ssd/data/DTWG_AF2_homoaug_complex/AF-Q9Y5Y7-F1-model_v4_0_0_0_complex_,0.14365064,220,611,630,448,627,584,0,546,527,DTWG,0
ZSKVGTPCRGIANV-ZXFLCMHBSA-N,imipenem,C[C@@H](O)[C@H]1C(=O)N2C(C(=O)O)=C(SCCNC=N)C[C@H]12,166586,LYVE1,-8.371955,-10.107008,332,UNVALIDATED_COLD_TARGET_MODEL_HYPOTHESIS,0.20390129,422,2.5037284,0.44953835,/mnt/nfs-ssd/data/DTWG_AF2_homoaug_complex/AF-Q9Y5Y7-F1-model_v4_0_0_0_complex_refined_,0.0490998,17,5,53,31,51,26,2,15,9,DTWG,1
SDUQYLNIPVEERB-QPPQHZFASA-N,gemcitabine,Nc1ccn([C@@H]2O[C@H](CO)[C@@H](O)C2(F)F)c(=O)n1,256365,LYVE1,-8.884033,-10.12303,333,UNVALIDATED_COLD_TARGET_MODEL_HYPOTHESIS,0.22118717,399,0.37529355,0.103627436,/mnt/nfs-ssd/data/DTWG_AF2_homoaug_complex/AF-Q9Y5Y7-F1-model_v4_0_0_0_complex_,0.07508064,148,391,149,445,296,560,0,384,379,DTWG,0
KAQKFAOMNZTLHT-OZUDYXHBSA-N,epoprostenol,CCCCC[C@H](O)/C=C/[C@@H]1[C@H]2C/C(=C/CCCC(=O)O)O[C@H]2C[C@H]1O,56056,LYVE1,-9.300216,-10.12913,334,UNVALIDATED_COLD_TARGET_MODEL_HYPOTHESIS,0.47206077,202,1.4002165,0.27453092,/mnt/nfs-ssd/data/DTWG_AF2_homoaug_complex/AF-Q9Y5Y7-F1-model_v4_0_0_0_complex_refined_,0.1784798,467,133,418,15,63,148,1,115,105,DTWG,0
OPXLLQIJSORQAM-UHFFFAOYSA-N,mebendazole,COC(=O)Nc1nc2ccc(C(=O)c3ccccc3)cc2[nH]1,112288,LYVE1,-9.272877,-10.159843,335,UNVALIDATED_COLD_TARGET_MODEL_HYPOTHESIS,0.21738009,401,0.21379769,0.07339337,/mnt/nfs-ssd/data/DTWG_AF2_homoaug_complex/AF-Q9Y5Y7-F1-model_v4_0_0_0_complex_,0.09322042,342,313,350,621,332,351,0,441,432,DTWG,0
KWGRBVOPPLSCSI-WCBMZHEXSA-N,pseudoephedrine,CN[C@@H](C)[C@@H](O)c1ccccc1,107845,LYVE1,-10.181879,-10.171248,336,UNVALIDATED_COLD_TARGET_MODEL_HYPOTHESIS,0.083854005,701,0.40219694,0.108664095,/mnt/nfs-ssd/data/DTWG_AF2_homoaug_complex/AF-Q9Y5Y7-F1-model_v4_0_0_0_complex_,0.16595373,75,541,406,231,470,607,0,375,370,DTWG,0
IQIBKLWBVJPOQO-UHFFFAOYSA-N,tazarotene,CC1(C)CCSc2ccc(C#Cc3ccc(C(=O)O)cn3)cc21,43746,LYVE1,-9.6652565,-10.179798,337,UNVALIDATED_COLD_TARGET_MODEL_HYPOTHESIS,0.32084087,305,0.7920897,0.1780873,/mnt/nfs-ssd/data/DTWG_AF2_homoaug_complex/AF-Q9Y5Y7-F1-model_v4_0_0_0_complex_refined_,0.09442141,546,125,235,263,145,169,0,246,243,DTWG,0
ONIQOQHATWINJY-UHFFFAOYSA-N,cabozantinib,COc1cc2nccc(Oc3ccc(NC(=O)C4(C(=O)Nc5ccc(F)cc5)CC4)cc3)c2cc1OC,136103,LYVE1,-11.824417,-10.190502,338,UNVALIDATED_COLD_TARGET_MODEL_HYPOTHESIS,0.6038806,131,-1.479243,-0.2435653,/mnt/nfs-ssd/data/DTWG_AF2_homoaug_complex/AF-Q9Y5Y7-F1-model_v4_0_0_0_complex_,0.093412004,692,717,662,717,696,711,0,715,713,DTWG,0
MOTJMGVDPWRKOC-QPVYNBJUSA-N,atrasentan,CCCCN(CCCC)C(=O)CN1C[C@H](c2ccc3c(c2)OCO3)[C@@H](C(=O)O)[C@@H]1c1ccc(OC)cc1,56299,LYVE1,-9.213367,-10.209543,339,UNVALIDATED_COLD_TARGET_MODEL_HYPOTHESIS,0.12535016,591,0.2581539,0.08169741,/mnt/nfs-ssd/data/DTWG_AF2_homoaug_complex/AF-Q9Y5Y7-F1-model_v4_0_0_0_complex_,0.10395646,647,497,234,577,329,225,0,428,416,DTWG,0
LFQDNHWZDQTITF-UHFFFAOYSA-N,tavaborole,OB1OCc2cc(F)ccc21,302363,LYVE1,-9.704444,-10.22512,340,UNVALIDATED_COLD_TARGET_MODEL_HYPOTHESIS,0.09058099,691,-0.44789693,-0.018563835,/mnt/nfs-ssd/data/DTWG_AF2_homoaug_complex/AF-Q9Y5Y7-F1-model_v4_0_0_0_complex_refined_,0.08778257,347,559,492,701,624,498,0,589,604,DTWG,0
RTHCYVBBDHJXIQ-UHFFFAOYSA-N,fluoxetine,CNCCC(Oc1ccc(C(F)(F)F)cc1)c1ccccc1,106466,LYVE1,-10.51566,-10.235235,341,UNVALIDATED_COLD_TARGET_MODEL_HYPOTHESIS,0.12277912,599,0.3714897,0.10291531,/mnt/nfs-ssd/data/DTWG_AF2_homoaug_complex/AF-Q9Y5Y7-F1-model_v4_0_0_0_complex_,0.1314955,170,503,415,309,446,348,0,386,381,DTWG,0
GJJFMKBJSRMPLA-DZGCQCFKSA-N,levomilnacipran,CCN(CC)C(=O)[C@@]1(c2ccccc2)C[C@H]1CN,63114,LYVE1,-12.0061655,-10.236352,342,UNVALIDATED_COLD_TARGET_MODEL_HYPOTHESIS,0.124231935,596,-0.23196717,0.01568075,/mnt/nfs-ssd/data/DTWG_AF2_homoaug_complex/AF-Q9Y5Y7-F1-model_v4_0_0_0_complex_refined_,0.07642836,276,623,541,554,565,434,0,535,550,DTWG,0
XPIJWUTXQAGSLK-UHFFFAOYSA-N,ozenoxacin,CNc1ncc(-c2ccc3c(=O)c(C(=O)O)cn(C4CC4)c3c2C)cc1C,109468,LYVE1,-8.989968,-10.247759,343,UNVALIDATED_COLD_TARGET_MODEL_HYPOTHESIS,0.6734607,101,2.0941343,0.38458025,/mnt/nfs-ssd/data/DTWG_AF2_homoaug_complex/AF-Q9Y5Y7-F1-model_v4_0_0_0_complex_refined_,0.081197836,111,12,100,27,87,69,1,34,24,DTWG,0
UVSMNLNDYGZFPF-UHFFFAOYSA-N,pomalidomide,Nc1cccc2c1C(=O)N(C1CCC(=O)NC1=O)C2=O,255732,LYVE1,-8.487796,-10.287591,344,UNVALIDATED_COLD_TARGET_MODEL_HYPOTHESIS,0.124932215,593,0.9742257,0.20697248,/mnt/nfs-ssd/data/DTWG_AF2_homoaug_complex/AF-Q9Y5Y7-F1-model_v4_0_0_0_complex_refined_,0.12267334,323,410,59,234,157,267,0,203,188,DTWG,0
MNDBXUUTURYVHR-UHFFFAOYSA-N,roflumilast,O=C(Nc1c(Cl)cncc1Cl)c1ccc(OC(F)F)c(OCC2CC2)c1,275929,LYVE1,-11.4916935,-10.313889,345,UNVALIDATED_COLD_TARGET_MODEL_HYPOTHESIS,0.58977765,137,1.4280556,0.27894598,/mnt/nfs-ssd/data/DTWG_AF2_homoaug_complex/AF-Q9Y5Y7-F1-model_v4_0_0_0_complex_refined_,0.052096523,139,86,191,183,216,76,0,107,95,DTWG,0
PAJMKGZZBBTTOY-ZFORQUDYSA-N,treprostinil,CCCCC[C@H](O)CC[C@@H]1[C@H]2Cc3cccc(OCC(=O)O)c3C[C@H]2C[C@H]1O,56058,LYVE1,-9.342326,-10.33319,346,UNVALIDATED_COLD_TARGET_MODEL_HYPOTHESIS,0.20939445,415,0.17478937,0.06609052,/mnt/nfs-ssd/data/DTWG_AF2_homoaug_complex/AF-Q9Y5Y7-F1-model_v4_0_0_0_complex_,0.09264067,555,283,552,96,468,525,0,456,442,DTWG,0
HKHCSWPSUSWGLI-CABCVRRESA-N,centanafadine,c1ccc2cc([C@]34CNC[C@H]3C4)ccc2c1,308922,LYVE1,-12.065493,-10.357589,347,UNVALIDATED_COLD_TARGET_MODEL_HYPOTHESIS,0.13458037,569,0.37531394,0.10363125,/mnt/nfs-ssd/data/DTWG_AF2_homoaug_complex/AF-Q9Y5Y7-F1-model_v4_0_0_0_complex_,0.14455236,158,516,490,230,340,647,0,383,378,DTWG,0
IYIKLHRQXLHMJQ-UHFFFAOYSA-N,amiodarone,CCCCc1oc2ccccc2c1C(=O)c1cc(I)c(OCCN(CC)CC)c(I)c1,58530,LYVE1,-9.987877,-10.368613,348,UNVALIDATED_COLD_TARGET_MODEL_HYPOTHESIS,0.26434064,352,0.5951513,0.14685456,/mnt/nfs-ssd/data/DTWG_AF2_homoaug_complex/AF-Q9Y5Y7-F1-model_v4_0_0_0_complex_refined_,0.093063675,277,501,370,203,466,204,0,302,304,DTWG,0
KGSXMPPBFPAXLY-UHFFFAOYSA-N,azilsartan,CCOc1nc2cccc(C(=O)O)c2n1Cc1ccc(-c2ccccc2-c2noc(=O)[nH]2)cc1,75477,LYVE1,-9.557849,-10.371585,349,UNVALIDATED_COLD_TARGET_MODEL_HYPOTHESIS,0.20276812,426,0.22125785,0.08755831,/mnt/nfs-ssd/data/DTWG_AF2_homoaug_complex/AF-Q9Y5Y7-F1-model_v4_0_0_0_complex_refined_,0.07480055,307,548,212,363,451,200,0,418,430,DTWG,0
PZBCKZWLPGJMAO-UHFFFAOYSA-N,copanlisib,COc1c(OCCCN2CCOCC2)ccc2c1N=C(NC(=O)c1cnc(N)nc1)N1CCN=C21,123048,LYVE1,-9.498688,-10.374727,350,UNVALIDATED_COLD_TARGET_MODEL_HYPOTHESIS,0.47812745,196,-0.8210049,-0.07773552,/mnt/nfs-ssd/data/DTWG_AF2_homoaug_complex/AF-Q9Y5Y7-F1-model_v4_0_0_0_complex_refined_,0.07466146,611,590,609,508,681,585,0,656,675,DTWG,0
UBPYILGKFZZVDX-UHFFFAOYSA-N,bosutinib,COc1cc(Nc2c(C#N)cnc3cc(OCCCN4CCN(C)CC4)c(OC)cc23)c(Cl)cc1Cl,129968,LYVE1,-13.105111,-10.377972,351,UNVALIDATED_COLD_TARGET_MODEL_HYPOTHESIS,0.7205432,81,0.26029566,0.09374937,/mnt/nfs-ssd/data/DTWG_AF2_homoaug_complex/AF-Q9Y5Y7-F1-model_v4_0_0_0_complex_refined_,0.07419696,229,538,254,440,482,435,0,409,415,DTWG,0
ZBGXUVOIWDMMJE-QHNZEKIYSA-N,vorapaxar,CCOC(=O)N[C@@H]1CC[C@@H]2[C@@H](C1)C[C@H]1C(=O)O[C@H](C)[C@H]1[C@H]2/C=C/c1ccc(-c2cccc(F)c2)cn1,69825,LYVE1,-9.187351,-10.383919,352,UNVALIDATED_COLD_TARGET_MODEL_HYPOTHESIS,0.8206846,42,-0.081234485,0.018159606,/mnt/nfs-ssd/data/DTWG_AF2_homoaug_complex/AF-Q9Y5Y7-F1-model_v4_0_0_0_complex_,0.10649974,512,583,661,395,469,299,0,528,510,DTWG,0
KPWSJANDNDDRMB-QAQDUYKDSA-N,cariprazine,CN(C)C(=O)N[C@H]1CC[C@H](CCN2CCN(c3cccc(Cl)c3Cl)CC2)CC1,88340,LYVE1,-10.451191,-10.384644,353,UNVALIDATED_COLD_TARGET_MODEL_HYPOTHESIS,0.5980828,134,1.2389491,0.26531467,/mnt/nfs-ssd/data/DTWG_AF2_homoaug_complex/AF-Q9Y5Y7-F1-model_v4_0_0_0_complex_,0.11141858,280,166,241,244,121,18,1,125,131,DTWG,0
VMWNQDUVQKEIOC-CYBMUJFWSA-N,apomorphine,CN1CCc2cccc3c2[C@H]1Cc1ccc(O)c(O)c1-3,101579,LYVE1,-9.78591,-10.397202,354,UNVALIDATED_COLD_TARGET_MODEL_HYPOTHESIS,0.14651473,540,1.0366119,0.21686639,/mnt/nfs-ssd/data/DTWG_AF2_homoaug_complex/AF-Q9Y5Y7-F1-model_v4_0_0_0_complex_refined_,0.07055816,272,105,135,294,426,161,0,178,176,DTWG,0
HJBWBFZLDZWPHF-UHFFFAOYSA-N,apalutamide,CNC(=O)c1ccc(N2C(=S)N(c3cnc(C#N)c(C(F)(F)F)c3)C(=O)C23CCC3)cc1F,104488,LYVE1,-9.715784,-10.40637,355,UNVALIDATED_COLD_TARGET_MODEL_HYPOTHESIS,0.19883241,432,1.3314044,0.26361793,/mnt/nfs-ssd/data/DTWG_AF2_homoaug_complex/AF-Q9Y5Y7-F1-model_v4_0_0_0_complex_refined_,0.073875144,155,255,248,125,137,117,0,128,118,DTWG,0
NXQKSXLFSAEQCZ-SFHVURJKSA-N,sotorasib,C=CC(=O)N1CCN(c2nc(=O)n(-c3c(C)ccnc3C(C)C)c3nc(-c4c(O)cccc4F)c(F)cc23)[C@@H](C)C1,7009,LYVE1,-10.462406,-10.4209585,356,UNVALIDATED_COLD_TARGET_MODEL_HYPOTHESIS,0.91303277,3,1.1251788,0.23091233,/mnt/nfs-ssd/data/DTWG_AF2_homoaug_complex/AF-Q9Y5Y7-F1-model_v4_0_0_0_complex_refined_,0.07943738,316,315,182,252,169,99,0,162,156,DTWG,1
ULFRLSNUDGIQQP-UHFFFAOYSA-N,rizatriptan,CN(C)CCc1c[nH]c2ccc(Cn3cncn3)cc12,90951,LYVE1,-9.072327,-10.421166,357,UNVALIDATED_COLD_TARGET_MODEL_HYPOTHESIS,0.15285665,522,0.6047911,0.14659229,/mnt/nfs-ssd/data/DTWG_AF2_homoaug_complex/AF-Q9Y5Y7-F1-model_v4_0_0_0_complex_,0.058914077,282,51,238,311,388,468,0,303,301,DTWG,0
MQOBSOSZFYZQOK-UHFFFAOYSA-N,choline fenofibrate;fenofibrate,CC(C)(Oc1ccc(C(=O)c2ccc(Cl)cc2)cc1)C(=O)O,28477,LYVE1,-9.896562,-10.428109,358,UNVALIDATED_COLD_TARGET_MODEL_HYPOTHESIS,0.11360088,628,1.3084466,0.27832553,/mnt/nfs-ssd/data/DTWG_AF2_homoaug_complex/AF-Q9Y5Y7-F1-model_v4_0_0_0_complex_,0.08486617,82,222,41,290,80,118,0,108,122,DTWG,0
UEJJHQNACJXSKW-UHFFFAOYSA-N,thalidomide,O=C1CCC(N2C(=O)c3ccccc3C2=O)C(=O)N1,290410,LYVE1,-8.681333,-10.472252,359,UNVALIDATED_COLD_TARGET_MODEL_HYPOTHESIS,0.099094875,671,1.0487913,0.21879792,/mnt/nfs-ssd/data/DTWG_AF2_homoaug_complex/AF-Q9Y5Y7-F1-model_v4_0_0_0_complex_refined_,0.14430578,291,499,45,307,111,178,0,174,173,DTWG,0
DBABZHXKTCFAPX-UHFFFAOYSA-N,probenecid,CCCN(CCC)S(=O)(=O)c1ccc(C(=O)O)cc1,58926,LYVE1,-10.188148,-10.472836,360,UNVALIDATED_COLD_TARGET_MODEL_HYPOTHESIS,0.099147886,670,0.7069909,0.16459136,/mnt/nfs-ssd/data/DTWG_AF2_homoaug_complex/AF-Q9Y5Y7-F1-model_v4_0_0_0_complex_refined_,0.12552367,49,542,431,218,173,192,0,276,275,DTWG,0
CMWTZPSULFXXJA-VIFPVBQESA-N,naproxen,COc1ccc2cc([C@H](C)C(=O)O)ccc2c1,150580,LYVE1,-9.741085,-10.486951,361,UNVALIDATED_COLD_TARGET_MODEL_HYPOTHESIS,0.06514532,717,1.0869507,0.23685865,/mnt/nfs-ssd/data/DTWG_AF2_homoaug_complex/AF-Q9Y5Y7-F1-model_v4_0_0_0_complex_,0.09933755,166,311,57,456,234,130,0,158,166,DTWG,0
FFGPTBGBLSHEPO-UHFFFAOYSA-N,carbamazepine,NC(=O)N1c2ccccc2C=Cc2ccccc21,241667,LYVE1,-8.829654,-10.494404,362,UNVALIDATED_COLD_TARGET_MODEL_HYPOTHESIS,0.10692365,646,0.18725108,0.08216513,/mnt/nfs-ssd/data/DTWG_AF2_homoaug_complex/AF-Q9Y5Y7-F1-model_v4_0_0_0_complex_refined_,0.07176941,486,331,398,567,543,263,0,427,438,DTWG,0
LMMJFBMMJUMSJS-UHFFFAOYSA-N,avutometinib,CNS(=O)(=O)Nc1nccc(Cc2c(C)c3ccc(Oc4ncccn4)cc3oc2=O)c1F,107679,LYVE1,-10.969276,-10.496675,363,UNVALIDATED_COLD_TARGET_MODEL_HYPOTHESIS,0.6608851,108,0.1628172,0.07829013,/mnt/nfs-ssd/data/DTWG_AF2_homoaug_complex/AF-Q9Y5Y7-F1-model_v4_0_0_0_complex_refined_,0.14094035,360,460,441,170,249,332,0,437,450,DTWG,0
RENRQMCACQEWFC-UGKGYDQZSA-N,iptacopan,CCO[C@H]1CCN(Cc2c(OC)cc(C)c3[nH]ccc23)[C@H](c2ccc(C(=O)O)cc2)C1,72369,LYVE1,-10.710871,-10.499859,364,UNVALIDATED_COLD_TARGET_MODEL_HYPOTHESIS,0.6809028,98,-0.38422936,-0.038564876,/mnt/nfs-ssd/data/DTWG_AF2_homoaug_complex/AF-Q9Y5Y7-F1-model_v4_0_0_0_complex_,0.068127565,633,510,546,576,508,685,0,617,589,DTWG,0
MUGXRYIUWFITCP-PGRDOPGGSA-N,lemborexant,Cc1ncc(OC[C@@]2(c3cccc(F)c3)C[C@H]2C(=O)Nc2ccc(F)cn2)c(C)n1,213857,LYVE1,-11.529963,-10.519698,365,UNVALIDATED_COLD_TARGET_MODEL_HYPOTHESIS,0.71144474,84,-1.4106182,-0.17124307,/mnt/nfs-ssd/data/DTWG_AF2_homoaug_complex/AF-Q9Y5Y7-F1-model_v4_0_0_0_complex_refined_,0.057561837,715,672,705,706,697,683,0,703,711,DTWG,0
JBIMVDZLSHOPLA-LSCVHKIXSA-N,olopatadine,CN(C)CC/C=C1/c2ccccc2COc2ccc(CC(=O)O)cc21,89679,LYVE1,-10.319039,-10.553267,366,UNVALIDATED_COLD_TARGET_MODEL_HYPOTHESIS,0.19345595,443,-0.16368076,0.011339158,/mnt/nfs-ssd/data/DTWG_AF2_homoaug_complex/AF-Q9Y5Y7-F1-model_v4_0_0_0_complex_,0.12532587,472,426,362,258,563,564,0,540,531,DTWG,0
LUZRJRNZXALNLM-JGRZULCMSA-N,dihydroergotamine,CN1C[C@H](C(=O)N[C@]2(C)O[C@@]3(O)[C@@H]4CCCN4C(=O)[C@H](Cc4ccccc4)N3C2=O)C[C@@H]2c3cccc4[nH]cc(c34)C[C@H]21,101888,LYVE1,-9.717466,-10.56024,367,UNVALIDATED_COLD_TARGET_MODEL_HYPOTHESIS,0.66458094,104,-0.19466297,-0.0030756455,/mnt/nfs-ssd/data/DTWG_AF2_homoaug_complex/AF-Q9Y5Y7-F1-model_v4_0_0_0_complex_,0.10099157,356,577,557,550,489,687,0,568,539,DTWG,0
BYBLEWFAAKGYCD-UHFFFAOYSA-N,miconazole,Clc1ccc(COC(Cn2ccnc2)c2ccc(Cl)cc2Cl)c(Cl)c1,218130,LYVE1,-9.985795,-10.59549,368,UNVALIDATED_COLD_TARGET_MODEL_HYPOTHESIS,0.24135008,385,0.12444927,0.05666621,/mnt/nfs-ssd/data/DTWG_AF2_homoaug_complex/AF-Q9Y5Y7-F1-model_v4_0_0_0_complex_,0.08384654,354,413,465,528,518,233,0,474,462,DTWG,0
SOYCMDCMZDHQFP-UHFFFAOYSA-N,nepafenac,Nc1c(CC(=O)O)cccc1C(=O)c1ccccc1,253714,LYVE1,-9.200581,-10.612113,369,UNVALIDATED_COLD_TARGET_MODEL_HYPOTHESIS,0.102751225,659,-0.07819706,0.040067356,/mnt/nfs-ssd/data/DTWG_AF2_homoaug_complex/AF-Q9Y5Y7-F1-model_v4_0_0_0_complex_refined_,0.1097471,278,615,295,519,517,430,0,494,508,DTWG,0
CEUORZQYGODEFX-UHFFFAOYSA-N,aripiprazole;aripiprazole lauroxil,O=C1CCc2ccc(OCCCCN3CCN(c4cccc(Cl)c4Cl)CC3)cc2N1,290964,LYVE1,-11.524985,-10.615899,370,UNVALIDATED_COLD_TARGET_MODEL_HYPOTHESIS,0.5698061,148,0.98048407,0.21692675,/mnt/nfs-ssd/data/DTWG_AF2_homoaug_complex/AF-Q9Y5Y7-F1-model_v4_0_0_0_complex_,0.10127359,383,181,198,494,177,104,0,177,186,DTWG,0
JQSHBVHOMNKWFT-DTORHVGOSA-N,varenicline,c1cnc2cc3c(cc2n1)[C@@H]1CNC[C@H]3C1,309195,LYVE1,-9.463611,-10.619304,371,UNVALIDATED_COLD_TARGET_MODEL_HYPOTHESIS,0.21458125,406,0.34295833,0.09757388,/mnt/nfs-ssd/data/DTWG_AF2_homoaug_complex/AF-Q9Y5Y7-F1-model_v4_0_0_0_complex_,0.14727318,110,527,202,378,432,583,0,403,393,DTWG,0
PEMUGDMSUDYLHU-ZEQRLZLVSA-N,adagrasib,C=C(F)C(=O)N1CCN(c2nc(OC[C@@H]3CCCN3C)nc3c2CCN(c2cccc4cccc(Cl)c24)C3)C[C@@H]1CC#N,3977,LYVE1,-10.522632,-10.624716,372,UNVALIDATED_COLD_TARGET_MODEL_HYPOTHESIS,0.6932943,91,0.54211265,0.1384431,/mnt/nfs-ssd/data/DTWG_AF2_homoaug_complex/AF-Q9Y5Y7-F1-model_v4_0_0_0_complex_refined_,0.07035429,303,537,236,463,324,286,0,318,320,DTWG,0
WMDSZGFJQKSLLH-RBBKRZOGSA-N,landiolol,CC1(C)OC[C@@H](COC(=O)CCc2ccc(OC[C@@H](O)CNCCNC(=O)N3CCOCC3)cc2)O1,44805,LYVE1,-9.592915,-10.626421,373,UNVALIDATED_COLD_TARGET_MODEL_HYPOTHESIS,0.36409324,282,1.1544311,0.24949186,/mnt/nfs-ssd/data/DTWG_AF2_homoaug_complex/AF-Q9Y5Y7-F1-model_v4_0_0_0_complex_,0.06564678,147,303,201,137,250,160,0,144,151,DTWG,0
HSUGRBWQSSZJOP-RTWAWAEBSA-N,diltiazem,COc1ccc([C@@H]2Sc3ccccc3N(CCN(C)C)C(=O)[C@@H]2OC(C)=O)cc1,148226,LYVE1,-10.790026,-10.629893,374,UNVALIDATED_COLD_TARGET_MODEL_HYPOTHESIS,0.19486557,438,0.41326585,0.11800911,/mnt/nfs-ssd/data/DTWG_AF2_homoaug_complex/AF-Q9Y5Y7-F1-model_v4_0_0_0_complex_refined_,0.057804972,311,496,310,392,428,320,0,357,364,DTWG,0
JURKNVYFZMSNLP-UHFFFAOYSA-N,cyclobenzaprine,CN(C)CCC=C1c2ccccc2C=Cc2ccccc21,89847,LYVE1,-13.646614,-10.639309,375,UNVALIDATED_COLD_TARGET_MODEL_HYPOTHESIS,0.08972482,693,0.23625453,0.08993665,/mnt/nfs-ssd/data/DTWG_AF2_homoaug_complex/AF-Q9Y5Y7-F1-model_v4_0_0_0_complex_refined_,0.054660644,398,314,297,352,415,422,0,415,427,DTWG,0
JGCMEBMXRHSZKX-UHFFFAOYSA-N,macitentan,CCCNS(=O)(=O)Nc1ncnc(OCCOc2ncc(Br)cn2)c1-c1ccc(Br)cc1,59614,LYVE1,-10.252562,-10.650263,376,UNVALIDATED_COLD_TARGET_MODEL_HYPOTHESIS,0.35185713,289,0.44066155,0.12235383,/mnt/nfs-ssd/data/DTWG_AF2_homoaug_complex/AF-Q9Y5Y7-F1-model_v4_0_0_0_complex_refined_,0.16230679,90,680,413,351,368,188,0,343,349,DTWG,0
PURKAOJPTOLRMP-ASMGOKTBSA-N,deutivacaftor,[2H]C([2H])([2H])C(c1cc(C(C)(C)C)c(NC(=O)c2c[nH]c3ccccc3c2=O)cc1O)(C([2H])([2H])[2H])C([2H])([2H])[2H],306545,LYVE1,-9.782859,-10.653256,377,UNVALIDATED_COLD_TARGET_MODEL_HYPOTHESIS,0.26853535,348,0.81374913,0.1815223,/mnt/nfs-ssd/data/DTWG_AF2_homoaug_complex/AF-Q9Y5Y7-F1-model_v4_0_0_0_complex_refined_,0.08120718,279,369,229,117,317,433,0,239,237,DTWG,0
XRQDFNLINLXZLB-CKIKVBCHSA-N,peramivir,CCC(CC)[C@H](NC(C)=O)[C@@H]1[C@H](O)[C@@H](C(=O)O)C[C@H]1NC(=N)N,51145,LYVE1,-11.6842985,-10.667576,378,UNVALIDATED_COLD_TARGET_MODEL_HYPOTHESIS,0.15978518,508,-0.41091076,-0.04355997,/mnt/nfs-ssd/data/DTWG_AF2_homoaug_complex/AF-Q9Y5Y7-F1-model_v4_0_0_0_complex_,0.14306976,670,561,679,191,583,666,0,622,595,DTWG,0
NGBFQHCMQULJNZ-UHFFFAOYSA-N,torsemide,Cc1cccc(Nc2ccncc2S(=O)(=O)NC(=O)NC(C)C)c1,203601,LYVE1,-9.988615,-10.681709,379,UNVALIDATED_COLD_TARGET_MODEL_HYPOTHESIS,0.23670816,386,1.8769364,0.35013458,/mnt/nfs-ssd/data/DTWG_AF2_homoaug_complex/AF-Q9Y5Y7-F1-model_v4_0_0_0_complex_refined_,0.100902535,6,184,120,89,114,116,1,46,40,DTWG,0
HNPFPERDNWXAGS-NFVOFSAMSA-N,latanoprost,O=C(O)CCC/C=C\C[C@@H]1[C@@H](CC[C@@H](O)CCc2ccccc2)[C@H](O)C[C@@H]1O,282315,LYVE1,-9.44693,-10.710955,380,UNVALIDATED_COLD_TARGET_MODEL_HYPOTHESIS,0.2805202,336,1.0435832,0.21797197,/mnt/nfs-ssd/data/DTWG_AF2_homoaug_complex/AF-Q9Y5Y7-F1-model_v4_0_0_0_complex_refined_,0.17169756,557,54,423,44,65,174,0,175,174,DTWG,0
BMPDWHIDQYTSHX-UHFFFAOYSA-N,oxcarbazepine,NC(=O)N1c2ccccc2CC(O)c2ccccc21,241669,LYVE1,-9.102378,-10.722441,381,UNVALIDATED_COLD_TARGET_MODEL_HYPOTHESIS,0.114428654,626,0.22571039,0.08826444,/mnt/nfs-ssd/data/DTWG_AF2_homoaug_complex/AF-Q9Y5Y7-F1-model_v4_0_0_0_complex_refined_,0.076374695,396,329,484,572,533,230,0,417,429,DTWG,0
AQHHHDLHHXJYJD-UHFFFAOYSA-N,propranolol,CC(C)NCC(O)COc1cccc2ccccc12,33762,LYVE1,-9.330448,-10.74259,382,UNVALIDATED_COLD_TARGET_MODEL_HYPOTHESIS,0.09218158,688,1.3598571,0.2879502,/mnt/nfs-ssd/data/DTWG_AF2_homoaug_complex/AF-Q9Y5Y7-F1-model_v4_0_0_0_complex_,0.09854372,61,209,134,85,191,268,0,94,111,DTWG,0
GZOSMCIZMLWJML-VJLLXTKPSA-N,abiraterone,C[C@]12CC[C@H](O)CC1=CC[C@@H]1[C@@H]2CC[C@]2(C)C(c3cccnc3)=CC[C@@H]12,176600,LYVE1,-10.9744835,-10.743026,383,UNVALIDATED_COLD_TARGET_MODEL_HYPOTHESIS,0.664763,103,0.34854227,0.09861926,/mnt/nfs-ssd/data/DTWG_AF2_homoaug_complex/AF-Q9Y5Y7-F1-model_v4_0_0_0_complex_,0.1218576,326,259,624,415,450,371,0,401,390,DTWG,0
MLYYVTUWGNIJIB-BXKDBHETSA-N,cefazolin,Cc1nnc(SCC2=C(C(=O)O)N3C(=O)[C@@H](NC(=O)Cn4cnnn4)[C@H]3SC2)s1,215994,LYVE1,-9.295447,-10.749247,384,UNVALIDATED_COLD_TARGET_MODEL_HYPOTHESIS,0.15645318,515,1.9735795,0.4028468,/mnt/nfs-ssd/data/DTWG_AF2_homoaug_complex/AF-Q9Y5Y7-F1-model_v4_0_0_0_complex_,0.09867687,40,59,27,36,44,16,1,27,32,DTWG,0
JYTNQNCOQXFQPK-MRXNPFEDSA-N,suvorexant,Cc1ccc(-n2nccn2)c(C(=O)N2CCN(c3nc4cc(Cl)ccc4o3)CC[C@H]2C)c1,193724,LYVE1,-10.186059,-10.766957,385,UNVALIDATED_COLD_TARGET_MODEL_HYPOTHESIS,0.84237605,33,0.30456033,0.10076936,/mnt/nfs-ssd/data/DTWG_AF2_homoaug_complex/AF-Q9Y5Y7-F1-model_v4_0_0_0_complex_refined_,0.15157486,436,489,337,200,160,364,0,393,403,DTWG,0
XSFJVAJPIHIPKU-XWCQMRHXSA-N,flunisolide,CC1(C)O[C@@H]2C[C@H]3[C@@H]4C[C@H](F)C5=CC(=O)C=C[C@]5(C)[C@H]4[C@@H](O)C[C@]3(C)[C@]2(C(=O)CO)O1,44850,LYVE1,-13.921911,-10.774696,386,UNVALIDATED_COLD_TARGET_MODEL_HYPOTHESIS,0.30584884,313,-0.0379015,0.043161694,/mnt/nfs-ssd/data/DTWG_AF2_homoaug_complex/AF-Q9Y5Y7-F1-model_v4_0_0_0_complex_,0.14999871,642,296,577,420,42,627,0,491,498,DTWG,0
NHHQJBCNYHBUSI-UHFFFAOYSA-N,fostamatinib,COc1cc(Nc2ncc(F)c(Nc3ccc4c(n3)NC(=O)C(C)(C)O4)n2)cc(OC)c1OC,130409,LYVE1,-13.522829,-10.784022,387,UNVALIDATED_COLD_TARGET_MODEL_HYPOTHESIS,0.5061542,184,-0.7249803,-0.062506855,/mnt/nfs-ssd/data/DTWG_AF2_homoaug_complex/AF-Q9Y5Y7-F1-model_v4_0_0_0_complex_refined_,0.118125215,713,649,558,570,709,432,0,642,656,DTWG,0
HIFJCPQKFCZDDL-ACWOEMLNSA-N,iloprost,CC#CCC(C)[C@H](O)/C=C/[C@@H]1[C@H]2C/C(=C/CCCC(=O)O)C[C@H]2C[C@H]1O,13219,LYVE1,-9.590897,-10.791694,388,UNVALIDATED_COLD_TARGET_MODEL_HYPOTHESIS,0.3766317,269,1.30564,0.25953192,/mnt/nfs-ssd/data/DTWG_AF2_homoaug_complex/AF-Q9Y5Y7-F1-model_v4_0_0_0_complex_refined_,0.21780494,564,114,538,5,35,216,1,135,123,DTWG,0
JWNPDZNEKVCWMY-VQHVLOKHSA-N,neratinib,CCOc1cc2ncc(C#N)c(Nc3ccc(OCc4ccccn4)c(Cl)c3)c2cc1NC(=O)/C=C/CN(C)C,73688,LYVE1,-13.365363,-10.82293,389,UNVALIDATED_COLD_TARGET_MODEL_HYPOTHESIS,0.8664397,22,0.29467958,0.09920236,/mnt/nfs-ssd/data/DTWG_AF2_homoaug_complex/AF-Q9Y5Y7-F1-model_v4_0_0_0_complex_refined_,0.12222971,176,662,214,406,519,376,0,398,407,DTWG,0
JOOXLOJCABQBSG-UHFFFAOYSA-N,fedratinib,Cc1cnc(Nc2ccc(OCCN3CCCC3)cc2)nc1Nc1cccc(S(=O)(=O)NC(C)(C)C)c1,207269,LYVE1,-14.728053,-10.824636,390,UNVALIDATED_COLD_TARGET_MODEL_HYPOTHESIS,0.77628803,60,-1.321764,-0.15715158,/mnt/nfs-ssd/data/DTWG_AF2_homoaug_complex/AF-Q9Y5Y7-F1-model_v4_0_0_0_complex_refined_,0.101881884,707,598,683,648,714,652,0,701,708,DTWG,0
YTAOBBFIOAEMLL-REQDGWNSSA-N,luliconazole,N#C/C(=C1/SC[C@@H](c2ccc(Cl)cc2Cl)S1)n1ccnc1,230507,LYVE1,-10.340322,-10.860092,391,UNVALIDATED_COLD_TARGET_MODEL_HYPOTHESIS,0.49588868,189,0.79032594,0.17780757,/mnt/nfs-ssd/data/DTWG_AF2_homoaug_complex/AF-Q9Y5Y7-F1-model_v4_0_0_0_complex_refined_,0.14760542,29,492,272,452,115,442,0,247,244,DTWG,0
FASDKYOPVNHBLU-ZETCQYMHSA-N,pramipexole,CCCN[C@H]1CCc2nc(N)sc2C1,59625,LYVE1,-10.295259,-10.865017,392,UNVALIDATED_COLD_TARGET_MODEL_HYPOTHESIS,0.12935619,580,0.7164979,0.1675052,/mnt/nfs-ssd/data/DTWG_AF2_homoaug_complex/AF-Q9Y5Y7-F1-model_v4_0_0_0_complex_,0.1797978,39,509,189,197,443,590,0,266,267,DTWG,0
MKJIEFSOBYUXJB-HOCLYGCPSA-N,tetrabenazine,COc1cc2c(cc1OC)[C@@H]1CC(=O)[C@@H](CC(C)C)CN1CC2,135347,LYVE1,-10.152861,-10.866837,393,UNVALIDATED_COLD_TARGET_MODEL_HYPOTHESIS,0.110532254,638,0.7555791,0.17482172,/mnt/nfs-ssd/data/DTWG_AF2_homoaug_complex/AF-Q9Y5Y7-F1-model_v4_0_0_0_complex_,0.13712622,296,248,527,209,79,238,0,258,258,DTWG,0
MKPLKVHSHYCHOC-AHTXBMBWSA-N,travoprost,CC(C)OC(=O)CCC/C=C\C[C@@H]1[C@@H](/C=C/[C@@H](O)COc2cccc(C(F)(F)F)c2)[C@H](O)C[C@@H]1O,34689,LYVE1,-9.477556,-10.873712,394,UNVALIDATED_COLD_TARGET_MODEL_HYPOTHESIS,0.5239604,172,-0.67559767,-0.05467521,/mnt/nfs-ssd/data/DTWG_AF2_homoaug_complex/AF-Q9Y5Y7-F1-model_v4_0_0_0_complex_refined_,0.15131988,681,392,707,282,490,618,0,634,646,DTWG,0
WBGKWQHBNHJJPZ-LECWWXJVSA-N,desonide,CC1(C)O[C@@H]2C[C@H]3[C@@H]4CCC5=CC(=O)C=C[C@]5(C)[C@H]4[C@@H](O)C[C@]3(C)[C@]2(C(=O)CO)O1,44845,LYVE1,-14.108392,-10.876126,395,UNVALIDATED_COLD_TARGET_MODEL_HYPOTHESIS,0.14604756,542,0.13386174,0.06609475,/mnt/nfs-ssd/data/DTWG_AF2_homoaug_complex/AF-Q9Y5Y7-F1-model_v4_0_0_0_complex_,0.15453017,640,250,516,313,92,563,0,455,458,DTWG,0
XZXHXSATPCNXJR-ZIADKAODSA-N,nintedanib,COC(=O)c1ccc2c(c1)NC(=O)/C2=C(\Nc1ccc(N(C)C(=O)CN2CCN(C)CC2)cc1)c1ccccc1,114222,LYVE1,-13.39947,-10.877124,396,UNVALIDATED_COLD_TARGET_MODEL_HYPOTHESIS,0.7239182,79,-0.51589304,-0.06321398,/mnt/nfs-ssd/data/DTWG_AF2_homoaug_complex/AF-Q9Y5Y7-F1-model_v4_0_0_0_complex_,0.1161721,432,563,667,578,550,643,0,644,623,DTWG,0
HKDLNTKNLJPAIY-WKWWZUSTSA-N,ulipristal,CC(=O)[C@@]1(O)CC[C@H]2[C@@H]3CCC4=CC(=O)CCC4=C3[C@@H](c3ccc(N(C)C)cc3)C[C@@]21C,19650,LYVE1,-10.502953,-10.9531145,397,UNVALIDATED_COLD_TARGET_MODEL_HYPOTHESIS,0.49774846,188,-0.41305494,-0.01851548,/mnt/nfs-ssd/data/DTWG_AF2_homoaug_complex/AF-Q9Y5Y7-F1-model_v4_0_0_0_complex_,0.12023166,641,508,652,410,175,693,0,588,596,DTWG,0
LDCRTTXIJACKKU-ONEGZZNKSA-N,dimethyl fumarate,COC(=O)/C=C/C(=O)OC,109951,LYVE1,-9.643115,-10.975792,398,UNVALIDATED_COLD_TARGET_MODEL_HYPOTHESIS,0.06691851,715,0.45923138,0.12529884,/mnt/nfs-ssd/data/DTWG_AF2_homoaug_complex/AF-Q9Y5Y7-F1-model_v4_0_0_0_complex_refined_,0.049258932,332,256,366,427,441,291,0,338,343,DTWG,0
IVBHGBMCVLDMKU-GXNBUGAJSA-N,piperacillin,CCN1CCN(C(=O)N[C@@H](C(=O)N[C@@H]2C(=O)N3[C@@H]2SC(C)(C)[C@@H]3C(=O)O)c2ccccc2)C(=O)C1=O,65772,LYVE1,-9.015236,-10.9886055,399,UNVALIDATED_COLD_TARGET_MODEL_HYPOTHESIS,0.18891673,455,1.7475481,0.36053085,/mnt/nfs-ssd/data/DTWG_AF2_homoaug_complex/AF-Q9Y5Y7-F1-model_v4_0_0_0_complex_,0.08891119,118,73,48,53,53,44,0,41,53,DTWG,0
GBXSMTUPTTWBMN-XIRDDKMYSA-N,enalapril,CCOC(=O)[C@H](CCc1ccccc1)N[C@@H](C)C(=O)N1CCC[C@H]1C(=O)O,70010,LYVE1,-10.403781,-10.992158,400,UNVALIDATED_COLD_TARGET_MODEL_HYPOTHESIS,0.20103802,430,1.5111209,0.3162687,/mnt/nfs-ssd/data/DTWG_AF2_homoaug_complex/AF-Q9Y5Y7-F1-model_v4_0_0_0_complex_,0.073780574,293,58,129,116,136,96,0,71,81,DTWG,0
QXWYKJLNLSIPIN-JGVFFNPUSA-N,droxidopa,N[C@H](C(=O)O)[C@H](O)c1ccc(O)c(O)c1,252698,LYVE1,-9.981885,-11.006455,401,UNVALIDATED_COLD_TARGET_MODEL_HYPOTHESIS,0.16937351,488,0.74618644,0.17306328,/mnt/nfs-ssd/data/DTWG_AF2_homoaug_complex/AF-Q9Y5Y7-F1-model_v4_0_0_0_complex_,0.04919694,317,289,209,441,269,331,0,260,261,DTWG,0
RITAVMQDGBJQJZ-FMIVXFBMSA-N,axitinib,CNC(=O)c1ccccc1Sc1ccc2c(/C=C/c3ccccn3)n[nH]c2c1,105219,LYVE1,-14.987186,-11.007599,402,UNVALIDATED_COLD_TARGET_MODEL_HYPOTHESIS,0.4232907,233,0.24831381,0.09184915,/mnt/nfs-ssd/data/DTWG_AF2_homoaug_complex/AF-Q9Y5Y7-F1-model_v4_0_0_0_complex_refined_,0.100318246,377,382,565,253,488,288,0,411,422,DTWG,0
BPKAHTKRCLCHEA-UBFJEZKGSA-N,paricalcitol,C[C@H](/C=C/[C@H](C)C(C)(C)O)[C@H]1CC[C@H]2/C(=C/C=C3C[C@@H](O)C[C@H](O)C3)CCC[C@]12C,170731,LYVE1,-11.961794,-11.011234,403,UNVALIDATED_COLD_TARGET_MODEL_HYPOTHESIS,0.45783368,211,-0.7135176,-0.09791256,/mnt/nfs-ssd/data/DTWG_AF2_homoaug_complex/AF-Q9Y5Y7-F1-model_v4_0_0_0_complex_,0.17745036,515,158,714,607,683,702,0,672,653,DTWG,0
LIOLIMKSCNQPLV-UHFFFAOYSA-N,capmatinib,CNC(=O)c1ccc(-c2cnc3ncc(Cc4ccc5ncccc5c4)n3n2)cc1F,104355,LYVE1,-12.28338,-11.018526,404,UNVALIDATED_COLD_TARGET_MODEL_HYPOTHESIS,0.5129552,181,0.018697754,0.055434033,/mnt/nfs-ssd/data/DTWG_AF2_homoaug_complex/AF-Q9Y5Y7-F1-model_v4_0_0_0_complex_refined_,0.1479851,712,127,386,349,640,478,0,477,485,DTWG,0
QRPZBKAMSFHVRW-UHFFFAOYSA-N,fostemsavir,COc1cnc(-n2cnc(C)n2)c2[nH]cc(C(=O)C(=O)N3CCN(C(=O)c4ccccc4)CC3)c12,157050,LYVE1,-10.054749,-11.024818,405,UNVALIDATED_COLD_TARGET_MODEL_HYPOTHESIS,0.5629016,152,0.5546089,0.14042489,/mnt/nfs-ssd/data/DTWG_AF2_homoaug_complex/AF-Q9Y5Y7-F1-model_v4_0_0_0_complex_refined_,0.049508687,364,150,435,407,369,362,0,312,315,DTWG,0
VOBHXZCDAVEXEY-JSGCOSHPSA-N,lisdexamfetamine,C[C@@H](Cc1ccccc1)NC(=O)[C@@H](N)CCCCN,165428,LYVE1,-10.60147,-11.049196,406,UNVALIDATED_COLD_TARGET_MODEL_HYPOTHESIS,0.10173749,666,1.9515008,0.39871338,/mnt/nfs-ssd/data/DTWG_AF2_homoaug_complex/AF-Q9Y5Y7-F1-model_v4_0_0_0_complex_,0.102405556,48,174,107,19,75,35,1,28,33,DTWG,0
CAVRKWRKTNINFF-UHFFFAOYSA-N,tradipitant,O=C(c1ccccc1Cl)c1cccnc1-c1nnn(Cc2cc(C(F)(F)F)cc(C(F)(F)F)c2)c1-c1ccncc1,288812,LYVE1,-11.079245,-11.058263,407,UNVALIDATED_COLD_TARGET_MODEL_HYPOTHESIS,0.53689027,166,-0.4735249,-0.02262821,/mnt/nfs-ssd/data/DTWG_AF2_homoaug_complex/AF-Q9Y5Y7-F1-model_v4_0_0_0_complex_refined_,0.122718,407,693,564,623,684,375,0,596,610,DTWG,0
NKHAVTQWNUWKEO-NSCUHMNNSA-N,diroximel fumarate;monomethyl fumarate,COC(=O)/C=C/C(=O)O,109950,LYVE1,-9.504509,-11.078822,408,UNVALIDATED_COLD_TARGET_MODEL_HYPOTHESIS,0.061651185,718,-0.39187542,-0.00967931,/mnt/nfs-ssd/data/DTWG_AF2_homoaug_complex/AF-Q9Y5Y7-F1-model_v4_0_0_0_complex_refined_,0.022764636,615,504,521,606,547,553,0,577,592,DTWG,0
DEVSOMFAQLZNKR-RJRFIUFISA-N,selinexor,O=C(/C=C\n1cnc(-c2cc(C(F)(F)F)cc(C(F)(F)F)c2)n1)NNc1cnccn1,262075,LYVE1,-11.067978,-11.082996,409,UNVALIDATED_COLD_TARGET_MODEL_HYPOTHESIS,0.4382988,223,1.4079082,0.27575076,/mnt/nfs-ssd/data/DTWG_AF2_homoaug_complex/AF-Q9Y5Y7-F1-model_v4_0_0_0_complex_refined_,0.041571487,156,160,101,119,212,165,0,113,103,DTWG,0
AQOKCDNYWBIDND-FTOWTWDKSA-N,bimatoprost,CCNC(=O)CCC/C=C\C[C@@H]1[C@@H](/C=C/[C@@H](O)CCc2ccccc2)[C@H](O)C[C@@H]1O,66474,LYVE1,-9.280754,-11.098779,410,UNVALIDATED_COLD_TARGET_MODEL_HYPOTHESIS,0.41798705,238,0.045608934,0.050642148,/mnt/nfs-ssd/data/DTWG_AF2_homoaug_complex/AF-Q9Y5Y7-F1-model_v4_0_0_0_complex_,0.14144357,550,341,677,162,277,250,0,480,477,DTWG,0
DWZAEMINVBZMHQ-UHFFFAOYSA-N,gedatolisib,CN(C)C1CCN(C(=O)c2ccc(NC(=O)Nc3ccc(-c4nc(N5CCOCC5)nc(N5CCOCC5)n4)cc3)cc2)CC1,89347,LYVE1,-10.325242,-11.101586,411,UNVALIDATED_COLD_TARGET_MODEL_HYPOTHESIS,0.5778394,144,-0.37107146,-0.036101546,/mnt/nfs-ssd/data/DTWG_AF2_homoaug_complex/AF-Q9Y5Y7-F1-model_v4_0_0_0_complex_,0.13008977,527,699,524,464,425,658,0,612,584,DTWG,0
AJIPIJNNOJSSQC-NYLIRDPKSA-N,estetrol,C[C@]12CC[C@@H]3c4ccc(O)cc4CC[C@H]3[C@@H]1[C@@H](O)[C@@H](O)[C@@H]2O,176555,LYVE1,-12.097675,-11.145094,412,UNVALIDATED_COLD_TARGET_MODEL_HYPOTHESIS,0.12626499,586,0.26709703,0.08337168,/mnt/nfs-ssd/data/DTWG_AF2_homoaug_complex/AF-Q9Y5Y7-F1-model_v4_0_0_0_complex_,0.10321428,387,279,233,484,386,476,0,424,412,DTWG,0
HKXBNHCUPKIYDM-CGMHZMFXSA-N,doxercalciferol,C=C1/C(=C\C=C2/CCC[C@]3(C)[C@@H]([C@H](C)/C=C/[C@H](C)C(C)C)CC[C@@H]23)C[C@@H](O)C[C@@H]1O,4101,LYVE1,-12.853557,-11.169275,413,UNVALIDATED_COLD_TARGET_MODEL_HYPOTHESIS,0.43713123,225,-0.7730905,-0.09391799,/mnt/nfs-ssd/data/DTWG_AF2_homoaug_complex/AF-Q9Y5Y7-F1-model_v4_0_0_0_complex_,0.15171543,534,247,709,592,653,708,0,666,669,DTWG,0
KWTSXDURSIMDCE-QMMMGPOBSA-N,dextroamphetamine;lisdexamfetamine,C[C@H](N)Cc1ccccc1,171529,LYVE1,-11.939826,-11.174976,414,UNVALIDATED_COLD_TARGET_MODEL_HYPOTHESIS,0.082110174,704,0.46475393,0.12037555,/mnt/nfs-ssd/data/DTWG_AF2_homoaug_complex/AF-Q9Y5Y7-F1-model_v4_0_0_0_complex_,0.107650444,130,456,346,432,411,490,0,351,340,DTWG,0
ZKLPARSLTMPFCP-UHFFFAOYSA-N,cetirizine,O=C(O)COCCN1CCN(C(c2ccccc2)c2ccc(Cl)cc2)CC1,283312,LYVE1,-10.545551,-11.17592,415,UNVALIDATED_COLD_TARGET_MODEL_HYPOTHESIS,0.20232105,429,1.2726252,0.2716193,/mnt/nfs-ssd/data/DTWG_AF2_homoaug_complex/AF-Q9Y5Y7-F1-model_v4_0_0_0_complex_,0.080216296,135,306,172,194,91,153,0,120,127,DTWG,0
KQKPFRSPSRPDEB-UHFFFAOYSA-N,sumatriptan,CNS(=O)(=O)Cc1ccc2[nH]cc(CCN(C)C)c2c1,107633,LYVE1,-11.379374,-11.178192,416,UNVALIDATED_COLD_TARGET_MODEL_HYPOTHESIS,0.2026733,427,1.0259218,0.21517104,/mnt/nfs-ssd/data/DTWG_AF2_homoaug_complex/AF-Q9Y5Y7-F1-model_v4_0_0_0_complex_refined_,0.12105852,324,37,205,396,192,57,0,182,178,DTWG,0
XGALLCVXEZPNRQ-UHFFFAOYSA-N,gefitinib,COc1cc2ncnc(Nc3ccc(F)c(Cl)c3)c2cc1OCCCN1CCOCC1,136615,LYVE1,-12.736237,-11.17831,417,UNVALIDATED_COLD_TARGET_MODEL_HYPOTHESIS,0.2776441,339,0.34040496,0.10645401,/mnt/nfs-ssd/data/DTWG_AF2_homoaug_complex/AF-Q9Y5Y7-F1-model_v4_0_0_0_complex_refined_,0.10610519,97,594,244,511,385,336,0,379,395,DTWG,0
QQHMKNYGKVVGCZ-UHFFFAOYSA-N,tipiracil,N=C1CCCN1Cc1[nH]c(=O)[nH]c(=O)c1Cl,240933,LYVE1,-10.285953,-11.183167,418,UNVALIDATED_COLD_TARGET_MODEL_HYPOTHESIS,0.16525657,500,-0.4710456,-0.022235012,/mnt/nfs-ssd/data/DTWG_AF2_homoaug_complex/AF-Q9Y5Y7-F1-model_v4_0_0_0_complex_refined_,0.09549076,597,576,504,678,606,356,0,594,608,DTWG,0
AXOIZCJOOAYSMI-UHFFFAOYSA-N,succinylcholine,C[N+](C)(C)CCOC(=O)CCC(=O)OCC[N+](C)(C)C,177026,LYVE1,-9.529176,-11.186723,419,UNVALIDATED_COLD_TARGET_MODEL_HYPOTHESIS,0.11726166,614,2.0704625,0.4209845,/mnt/nfs-ssd/data/DTWG_AF2_homoaug_complex/AF-Q9Y5Y7-F1-model_v4_0_0_0_complex_,0.13252789,20,24,73,2,106,56,2,22,27,DTWG,0
SGEUNORSOZVTOL-CABZTGNLSA-N,inavolisib,C[C@H](Nc1ccc2c(c1)OCCn1cc(N3C(=O)OC[C@H]3C(F)F)nc1-2)C(N)=O,172274,LYVE1,-10.530241,-11.199955,420,UNVALIDATED_COLD_TARGET_MODEL_HYPOTHESIS,0.59918815,133,2.1760113,0.39756528,/mnt/nfs-ssd/data/DTWG_AF2_homoaug_complex/AF-Q9Y5Y7-F1-model_v4_0_0_0_complex_refined_,0.15770517,431,13,51,13,46,15,3,30,22,DTWG,0
UZWDCWONPYILKI-UHFFFAOYSA-N,abemaciclib,CCN1CCN(Cc2ccc(Nc3ncc(F)c(-c4cc(F)c5nc(C)n(C(C)C)c5c4)n3)nc2)CC1,65972,LYVE1,-13.478486,-11.212893,421,UNVALIDATED_COLD_TARGET_MODEL_HYPOTHESIS,0.8731996,19,-0.29213542,0.0061385892,/mnt/nfs-ssd/data/DTWG_AF2_homoaug_complex/AF-Q9Y5Y7-F1-model_v4_0_0_0_complex_refined_,0.11575088,619,644,429,380,641,408,0,548,562,DTWG,1
GKHIVNAUVKXIIY-UHFFFAOYSA-N,belumosudil,CC(C)NC(=O)COc1cccc(-c2nc(Nc3ccc4[nH]ncc4c3)c3ccccc3n2)c1,33496,LYVE1,-11.282087,-11.248966,422,UNVALIDATED_COLD_TARGET_MODEL_HYPOTHESIS,0.45480368,214,-1.217755,-0.14065664,/mnt/nfs-ssd/data/DTWG_AF2_homoaug_complex/AF-Q9Y5Y7-F1-model_v4_0_0_0_complex_refined_,0.1073716,711,531,698,656,711,692,0,697,705,DTWG,0
DYLUUSLLRIQKOE-UHFFFAOYSA-N,enasidenib,CC(C)(O)CNc1nc(Nc2ccnc(C(F)(F)F)c2)nc(-c2cccc(C(F)(F)F)n2)n1,26994,LYVE1,-10.93211,-11.287197,423,UNVALIDATED_COLD_TARGET_MODEL_HYPOTHESIS,0.7449227,69,0.21894664,0.08719177,/mnt/nfs-ssd/data/DTWG_AF2_homoaug_complex/AF-Q9Y5Y7-F1-model_v4_0_0_0_complex_refined_,0.056932684,522,485,363,372,473,380,0,419,431,DTWG,0
MWTBKTRZPHJQLH-UHFFFAOYSA-N,alcaftadine,CN1CCC(=C2c3ccccc3CCn3c(C=O)cnc32)CC1,97292,LYVE1,-10.6788645,-11.297209,424,UNVALIDATED_COLD_TARGET_MODEL_HYPOTHESIS,0.16101815,505,1.0820409,0.22407104,/mnt/nfs-ssd/data/DTWG_AF2_homoaug_complex/AF-Q9Y5Y7-F1-model_v4_0_0_0_complex_refined_,0.12552676,395,138,28,477,357,111,0,170,168,DTWG,0
XQSPYNMVSIKCOC-NTSWFWBYSA-N,emtricitabine,Nc1nc(=O)n([C@@H]2CS[C@H](CO)O2)cc1F,256852,LYVE1,-9.680292,-11.312275,425,UNVALIDATED_COLD_TARGET_MODEL_HYPOTHESIS,0.12619023,587,0.42437592,0.11977107,/mnt/nfs-ssd/data/DTWG_AF2_homoaug_complex/AF-Q9Y5Y7-F1-model_v4_0_0_0_complex_refined_,0.12596005,76,569,196,370,213,558,0,353,360,DTWG,0
NKANXQFJJICGDU-QPLCGJKRSA-N,tamoxifen,CC/C(=C(\c1ccccc1)c1ccc(OCCN(C)C)cc1)c1ccccc1,42134,LYVE1,-13.667184,-11.314032,426,UNVALIDATED_COLD_TARGET_MODEL_HYPOTHESIS,0.1408465,553,0.24781427,0.091769926,/mnt/nfs-ssd/data/DTWG_AF2_homoaug_complex/AF-Q9Y5Y7-F1-model_v4_0_0_0_complex_refined_,0.088486016,526,340,499,206,487,241,0,412,423,DTWG,0
KSGXQBZTULBEEQ-UHFFFAOYSA-N,dabigatran etexilate,CCCCCCOC(=O)NC(=N)c1ccc(NCc2nc3cc(C(=O)N(CCC(=O)OCC)c4ccccn4)ccc3n2C)cc1,55459,LYVE1,-11.672128,-11.315981,427,UNVALIDATED_COLD_TARGET_MODEL_HYPOTHESIS,0.4777525,197,-0.509476,-0.06201263,/mnt/nfs-ssd/data/DTWG_AF2_homoaug_complex/AF-Q9Y5Y7-F1-model_v4_0_0_0_complex_,0.14461397,468,702,638,467,663,499,0,641,618,DTWG,0
QADPYRIHXKWUSV-UHFFFAOYSA-N,infigratinib,CCN1CCN(c2ccc(Nc3cc(N(C)C(=O)Nc4c(Cl)c(OC)cc(OC)c4Cl)ncn3)cc2)CC1,66163,LYVE1,-12.593743,-11.321312,428,UNVALIDATED_COLD_TARGET_MODEL_HYPOTHESIS,0.8471549,32,0.020661952,0.05574554,/mnt/nfs-ssd/data/DTWG_AF2_homoaug_complex/AF-Q9Y5Y7-F1-model_v4_0_0_0_complex_refined_,0.062935665,376,488,359,436,521,616,0,475,483,DTWG,0
ZYTXTXAMMDTYDQ-DGEXFFLYSA-N,vamorolone,C[C@@H]1C[C@H]2[C@@H]3CCC4=CC(=O)C=C[C@]4(C)C3=CC[C@]2(C)[C@@]1(O)C(=O)CO,169093,LYVE1,-12.940107,-11.32425,429,UNVALIDATED_COLD_TARGET_MODEL_HYPOTHESIS,0.15091032,526,0.4577157,0.12505847,/mnt/nfs-ssd/data/DTWG_AF2_homoaug_complex/AF-Q9Y5Y7-F1-model_v4_0_0_0_complex_refined_,0.18759999,543,200,420,161,58,517,0,339,344,DTWG,0
VZZJRYRQSPEMTK-CALCHBBNSA-N,sonidegib,Cc1c(C(=O)Nc2ccc(N3C[C@@H](C)O[C@@H](C)C3)nc2)cccc1-c1ccc(OC(F)(F)F)cc1,178854,LYVE1,-10.8585005,-11.343201,430,UNVALIDATED_COLD_TARGET_MODEL_HYPOTHESIS,0.8690916,20,-1.2610886,-0.188707,/mnt/nfs-ssd/data/DTWG_AF2_homoaug_complex/AF-Q9Y5Y7-F1-model_v4_0_0_0_complex_,0.057352725,706,686,684,652,664,690,0,709,706,DTWG,1
AQNDDEOPVVGCPG-UHFFFAOYSA-N,esmolol,COC(=O)CCc1ccc(OCC(O)CNC(C)C)cc1,110689,LYVE1,-9.684246,-11.352977,431,UNVALIDATED_COLD_TARGET_MODEL_HYPOTHESIS,0.10208353,664,2.4594977,0.49381685,/mnt/nfs-ssd/data/DTWG_AF2_homoaug_complex/AF-Q9Y5Y7-F1-model_v4_0_0_0_complex_,0.07858456,11,11,10,17,34,24,4,6,11,DTWG,1
TTZHDVOVKQGIBA-IQWMDFIBSA-N,sofosbuvir,CC(C)OC(=O)[C@H](C)N[P@](=O)(OC[C@H]1O[C@@H](n2ccc(=O)[nH]c2=O)[C@](C)(F)[C@@H]1O)Oc1ccccc1,34787,LYVE1,-10.659842,-11.353779,432,UNVALIDATED_COLD_TARGET_MODEL_HYPOTHESIS,0.57995725,142,0.9702231,0.2150058,/mnt/nfs-ssd/data/DTWG_AF2_homoaug_complex/AF-Q9Y5Y7-F1-model_v4_0_0_0_complex_,0.19278063,675,72,110,169,86,147,0,183,192,DTWG,0
UCFGDBYHRUNTLO-QHCPKHFHSA-N,topotecan,CC[C@@]1(O)C(=O)OCc2c1cc1n(c2=O)Cc2cc3c(CN(C)C)c(O)ccc3nc2-1,77866,LYVE1,-11.596728,-11.358075,433,UNVALIDATED_COLD_TARGET_MODEL_HYPOTHESIS,0.20573889,419,1.5271238,0.29465732,/mnt/nfs-ssd/data/DTWG_AF2_homoaug_complex/AF-Q9Y5Y7-F1-model_v4_0_0_0_complex_refined_,0.14544456,558,30,99,45,125,152,0,91,79,DTWG,0
VLCYCQAOQCDTCN-UHFFFAOYSA-N,eflornithine,NCCCC(N)(C(=O)O)C(F)F,247102,LYVE1,-10.659615,-11.422186,434,UNVALIDATED_COLD_TARGET_MODEL_HYPOTHESIS,0.11124104,636,0.881611,0.19841649,/mnt/nfs-ssd/data/DTWG_AF2_homoaug_complex/AF-Q9Y5Y7-F1-model_v4_0_0_0_complex_,0.075269856,355,215,288,257,155,367,0,219,224,DTWG,0
YIQPUIGJQJDJOS-UHFFFAOYSA-N,plerixafor,c1cc(CN2CCCNCCNCCCNCC2)ccc1CN1CCCNCCNCCCNCC1,307168,LYVE1,-10.715306,-11.423877,435,UNVALIDATED_COLD_TARGET_MODEL_HYPOTHESIS,0.21026243,413,1.6354536,0.33954534,/mnt/nfs-ssd/data/DTWG_AF2_homoaug_complex/AF-Q9Y5Y7-F1-model_v4_0_0_0_complex_,0.16872531,26,351,68,6,202,223,1,54,62,DTWG,0
TTWJBBZEZQICBI-UHFFFAOYSA-N,metoclopramide,CCN(CC)CCNC(=O)c1cc(Cl)c(N)cc1OC,63703,LYVE1,-9.6100645,-11.428036,436,UNVALIDATED_COLD_TARGET_MODEL_HYPOTHESIS,0.16007128,507,1.4868118,0.31171772,/mnt/nfs-ssd/data/DTWG_AF2_homoaug_complex/AF-Q9Y5Y7-F1-model_v4_0_0_0_complex_,0.09321801,69,27,54,48,228,242,0,72,83,DTWG,0
SECKRCOLJRRGGV-UHFFFAOYSA-N,vardenafil,CCCc1nc(C)c2c(=O)nc(-c3cc(S(=O)(=O)N4CCN(CC)CC4)ccc3OCC)[nH]n12,61985,LYVE1,-11.571985,-11.429502,437,UNVALIDATED_COLD_TARGET_MODEL_HYPOTHESIS,0.51363695,179,0.78395694,0.17679751,/mnt/nfs-ssd/data/DTWG_AF2_homoaug_complex/AF-Q9Y5Y7-F1-model_v4_0_0_0_complex_refined_,0.057420373,393,109,296,335,364,234,0,248,248,DTWG,0
NNJVILVZKWQKPM-UHFFFAOYSA-N,lidocaine,CCN(CC)CC(=O)Nc1c(C)cccc1C,63339,LYVE1,-9.865273,-11.447864,438,UNVALIDATED_COLD_TARGET_MODEL_HYPOTHESIS,0.10283228,658,0.95419544,0.21200521,/mnt/nfs-ssd/data/DTWG_AF2_homoaug_complex/AF-Q9Y5Y7-F1-model_v4_0_0_0_complex_,0.16168317,33,388,331,283,414,171,0,189,200,DTWG,0
OGHNVEJMJSYVRP-UHFFFAOYSA-N,carvedilol,COc1ccccc1OCCNCC(O)COc1cccc2[nH]c3ccccc3c12,156322,LYVE1,-10.005814,-11.468023,439,UNVALIDATED_COLD_TARGET_MODEL_HYPOTHESIS,0.145278,544,0.5176879,0.13028547,/mnt/nfs-ssd/data/DTWG_AF2_homoaug_complex/AF-Q9Y5Y7-F1-model_v4_0_0_0_complex_,0.07909179,482,203,393,454,347,333,0,332,331,DTWG,0
GCKFUYQCUCGESZ-BPIQYHPVSA-N,etonogestrel,C#C[C@]1(O)CC[C@H]2[C@@H]3CCC4=CC(=O)CC[C@@H]4[C@H]3C(=C)C[C@@]21CC,1598,LYVE1,-13.205982,-11.479315,440,UNVALIDATED_COLD_TARGET_MODEL_HYPOTHESIS,0.18376829,463,-0.047692243,0.044905156,/mnt/nfs-ssd/data/DTWG_AF2_homoaug_complex/AF-Q9Y5Y7-F1-model_v4_0_0_0_complex_refined_,0.11114869,478,356,545,437,252,594,0,487,501,DTWG,0
ZKIAIYBUSXZPLP-UHFFFAOYSA-N,brexpiprazole,O=c1ccc2ccc(OCCCCN3CCN(c4cccc5sccc45)CC3)cc2[nH]1,301766,LYVE1,-12.209184,-11.487008,441,UNVALIDATED_COLD_TARGET_MODEL_HYPOTHESIS,0.5386079,164,0.9409843,0.20953192,/mnt/nfs-ssd/data/DTWG_AF2_homoaug_complex/AF-Q9Y5Y7-F1-model_v4_0_0_0_complex_,0.09298669,334,154,181,502,138,275,0,197,211,DTWG,0
ULXXDDBFHOBEHA-CWDCEQMOSA-N,afatinib,CN(C)C/C=C/C(=O)Nc1cc2c(Nc3ccc(F)c(Cl)c3)ncnc2cc1O[C@H]1CCOC1,89185,LYVE1,-14.427445,-11.520104,442,UNVALIDATED_COLD_TARGET_MODEL_HYPOTHESIS,0.37279597,272,1.1954063,0.24204981,/mnt/nfs-ssd/data/DTWG_AF2_homoaug_complex/AF-Q9Y5Y7-F1-model_v4_0_0_0_complex_refined_,0.13168655,30,525,64,389,204,159,0,151,143,DTWG,0
HWGQMRYQVZSGDQ-HZPDHXFCSA-N,talazoparib,Cn1ncnc1[C@H]1c2n[nH]c(=O)c3cc(F)cc(c23)N[C@@H]1c1ccc(F)cc1,227228,LYVE1,-11.117204,-11.521872,443,UNVALIDATED_COLD_TARGET_MODEL_HYPOTHESIS,0.7970997,54,-0.45690677,-0.019992717,/mnt/nfs-ssd/data/DTWG_AF2_homoaug_complex/AF-Q9Y5Y7-F1-model_v4_0_0_0_complex_refined_,0.021769797,533,337,551,629,594,651,0,592,606,DTWG,0
PPSNFPASKFYPMN-SECBINFHSA-N,fezolinetant,Cc1nsc(-c2nnc3n2CCN(C(=O)c2ccc(F)cc2)[C@@H]3C)n1,216826,LYVE1,-10.797511,-11.528965,444,UNVALIDATED_COLD_TARGET_MODEL_HYPOTHESIS,0.41681004,241,1.2087371,0.24416398,/mnt/nfs-ssd/data/DTWG_AF2_homoaug_complex/AF-Q9Y5Y7-F1-model_v4_0_0_0_complex_refined_,0.09663213,59,112,183,433,71,281,0,149,141,DTWG,0
ZZVUWRFHKOJYTH-UHFFFAOYSA-N,diphenhydramine,CN(C)CCOC(c1ccccc1)c1ccccc1,90676,LYVE1,-13.523463,-11.531439,445,UNVALIDATED_COLD_TARGET_MODEL_HYPOTHESIS,0.08234303,703,0.08981856,0.06671318,/mnt/nfs-ssd/data/DTWG_AF2_homoaug_complex/AF-Q9Y5Y7-F1-model_v4_0_0_0_complex_refined_,0.062610336,251,390,502,343,467,363,0,452,469,DTWG,0
XDXWLKQMMKQXPV-QYQHSDTDSA-N,eltrombopag,CC1=NN(c2ccc(C)c(C)c2)C(=O)/C1=N\Nc1cccc(-c2cccc(C(=O)O)c2)c1O,47469,LYVE1,-10.940093,-11.538711,446,UNVALIDATED_COLD_TARGET_MODEL_HYPOTHESIS,0.40920562,246,0.53756285,0.13772154,/mnt/nfs-ssd/data/DTWG_AF2_homoaug_complex/AF-Q9Y5Y7-F1-model_v4_0_0_0_complex_refined_,0.08294381,329,324,158,150,238,199,0,319,321,DTWG,0
PTOIAAWZLUQTIO-GXFFZTMASA-N,tasimelteon,CCC(=O)NC[C@@H]1C[C@H]1c1cccc2c1CCO2,49802,LYVE1,-12.724031,-11.551084,447,UNVALIDATED_COLD_TARGET_MODEL_HYPOTHESIS,0.3226645,303,1.4759058,0.28653458,/mnt/nfs-ssd/data/DTWG_AF2_homoaug_complex/AF-Q9Y5Y7-F1-model_v4_0_0_0_complex_refined_,0.1603568,315,144,21,575,49,36,0,97,86,DTWG,0
XWLXKKNPFMNSFA-HGQWONQESA-N,simvastatin,CCC(C)(C)C(=O)O[C@H]1C[C@@H](C)C=C2C=C[C@H](C)[C@H](CC[C@@H](O)C[C@@H](O)CC(=O)O)[C@H]21,50561,LYVE1,-10.852018,-11.568181,448,UNVALIDATED_COLD_TARGET_MODEL_HYPOTHESIS,0.21344166,408,0.71649635,0.16609883,/mnt/nfs-ssd/data/DTWG_AF2_homoaug_complex/AF-Q9Y5Y7-F1-model_v4_0_0_0_complex_refined_,0.19166915,705,224,457,49,233,244,0,271,268,DTWG,0
BQSJTQLCZDPROO-UHFFFAOYSA-N,febuxostat,Cc1nc(-c2ccc(OCC(C)C)c(C#N)c2)sc1C(=O)O,208834,LYVE1,-11.439189,-11.569866,449,UNVALIDATED_COLD_TARGET_MODEL_HYPOTHESIS,0.16027315,506,1.347652,0.26619464,/mnt/nfs-ssd/data/DTWG_AF2_homoaug_complex/AF-Q9Y5Y7-F1-model_v4_0_0_0_complex_refined_,0.06139921,243,79,146,95,187,290,0,124,115,DTWG,0
KRNAOFGYEFKHPB-ANJVHQHFSA-N,rimegepant,N[C@@H]1c2cccnc2[C@H](OC(=O)N2CCC(n3c(=O)[nH]c4ncccc43)CC2)CC[C@H]1c1cccc(F)c1F,252637,LYVE1,-11.534399,-11.570957,450,UNVALIDATED_COLD_TARGET_MODEL_HYPOTHESIS,0.72786283,76,0.24326138,0.078909345,/mnt/nfs-ssd/data/DTWG_AF2_homoaug_complex/AF-Q9Y5Y7-F1-model_v4_0_0_0_complex_,0.07086347,306,451,421,485,456,508,0,434,425,DTWG,0
ACRHBAYQBXXRTO-OAQYLSRUSA-N,ivabradine,COc1cc2c(cc1OC)CC(=O)N(CCCN(C)C[C@H]1Cc3cc(OC)c(OC)cc31)CC2,134986,LYVE1,-11.496361,-11.57706,451,UNVALIDATED_COLD_TARGET_MODEL_HYPOTHESIS,0.13595122,564,0.55650514,0.13755254,/mnt/nfs-ssd/data/DTWG_AF2_homoaug_complex/AF-Q9Y5Y7-F1-model_v4_0_0_0_complex_,0.055838734,400,431,257,260,339,313,0,320,314,DTWG,0
WPVFJKSGQUFQAP-GKAPJAKFSA-N,valganciclovir,CC(C)[C@H](N)C(=O)OCC(CO)OCn1cnc2c(=O)[nH]c(N)nc21,36543,LYVE1,-10.485923,-11.624568,452,UNVALIDATED_COLD_TARGET_MODEL_HYPOTHESIS,0.117380485,613,1.1626688,0.25103405,/mnt/nfs-ssd/data/DTWG_AF2_homoaug_complex/AF-Q9Y5Y7-F1-model_v4_0_0_0_complex_,0.07203378,167,136,157,100,161,300,0,143,150,DTWG,0
YASAKCUCGLMORW-UHFFFAOYSA-N,rosiglitazone,CN(CCOc1ccc(CC2SC(=O)NC2=O)cc1)c1ccccn1,93694,LYVE1,-11.116244,-11.63368,453,UNVALIDATED_COLD_TARGET_MODEL_HYPOTHESIS,0.17898704,474,1.252169,0.2514608,/mnt/nfs-ssd/data/DTWG_AF2_homoaug_complex/AF-Q9Y5Y7-F1-model_v4_0_0_0_complex_refined_,0.119797364,181,343,52,60,179,64,0,142,129,DTWG,0
VHGCDTVCOLNTBX-QGZVFWFLSA-N,atomoxetine,CNCC[C@@H](Oc1ccccc1C)c1ccccc1,106773,LYVE1,-13.007464,-11.65561,454,UNVALIDATED_COLD_TARGET_MODEL_HYPOTHESIS,0.17043707,487,-0.51453596,-0.06295992,/mnt/nfs-ssd/data/DTWG_AF2_homoaug_complex/AF-Q9Y5Y7-F1-model_v4_0_0_0_complex_,0.096281834,390,632,678,598,614,624,0,643,621,DTWG,0
UHSKFQJFRQCDBE-UHFFFAOYSA-N,ropinirole,CCCN(CCC)CCc1cccc2c1CC(=O)N2,58867,LYVE1,-11.5302725,-11.661199,455,UNVALIDATED_COLD_TARGET_MODEL_HYPOTHESIS,0.11490984,622,0.3849312,0.10543173,/mnt/nfs-ssd/data/DTWG_AF2_homoaug_complex/AF-Q9Y5Y7-F1-model_v4_0_0_0_complex_,0.102090776,196,322,304,531,528,447,0,382,376,DTWG,0
WCWSTNLSLKSJPK-LKFCYVNXSA-N,cabotegravir,C[C@H]1CO[C@@H]2Cn3cc(C(=O)NCc4ccc(F)cc4F)c(=O)c(O)c3C(=O)N12,174619,LYVE1,-10.864185,-11.676623,456,UNVALIDATED_COLD_TARGET_MODEL_HYPOTHESIS,0.41133058,243,1.7824248,0.33514586,/mnt/nfs-ssd/data/DTWG_AF2_homoaug_complex/AF-Q9Y5Y7-F1-model_v4_0_0_0_complex_refined_,0.08861229,153,23,71,124,13,60,1,57,51,DTWG,0
SHGAZHPCJJPHSC-YCNIQYBTSA-N,tretinoin,CC1=C(/C=C/C(C)=C/C=C/C(C)=C/C(=O)O)C(C)(C)CCC1,46659,LYVE1,-10.689829,-11.700417,457,UNVALIDATED_COLD_TARGET_MODEL_HYPOTHESIS,0.41911656,237,0.814577,0.18165357,/mnt/nfs-ssd/data/DTWG_AF2_homoaug_complex/AF-Q9Y5Y7-F1-model_v4_0_0_0_complex_refined_,0.07609815,496,175,224,220,261,324,0,238,236,DTWG,0
LTXREWYXXSTFRX-QGZVFWFLSA-N,linagliptin,CC#CCn1c(N2CCC[C@@H](N)C2)nc2c1c(=O)n(Cc1nc(C)c3ccccc3n1)c(=O)n2C,13607,LYVE1,-13.333832,-11.729149,458,UNVALIDATED_COLD_TARGET_MODEL_HYPOTHESIS,0.7354171,73,0.23549819,0.08446606,/mnt/nfs-ssd/data/DTWG_AF2_homoaug_complex/AF-Q9Y5Y7-F1-model_v4_0_0_0_complex_,0.0918389,366,232,131,355,448,392,0,423,428,DTWG,0
CVWXJKQAOSCOAB-UHFFFAOYSA-N,quizartinib,CC(C)(C)c1cc(NC(=O)Nc2ccc(-c3cn4c(n3)sc3cc(OCCN5CCOCC5)ccc34)cc2)no1,24501,LYVE1,-13.904515,-11.758366,459,UNVALIDATED_COLD_TARGET_MODEL_HYPOTHESIS,0.85310614,28,-0.9176158,-0.13842155,/mnt/nfs-ssd/data/DTWG_AF2_homoaug_complex/AF-Q9Y5Y7-F1-model_v4_0_0_0_complex_,0.14004353,605,718,608,556,654,694,0,696,685,DTWG,0
HZIYEEMJNBKMJH-UHFFFAOYSA-N,fosnetupitant,Cc1ccccc1-c1cc(N2CC[N+](C)(COP(=O)([O-])O)CC2)ncc1N(C)C(=O)C(C)(C)c1cc(C(F)(F)F)cc(C(F)(F)F)c1,204427,LYVE1,-10.530053,-11.760286,460,UNVALIDATED_COLD_TARGET_MODEL_HYPOTHESIS,0.8300761,38,-1.03872,-0.11586354,/mnt/nfs-ssd/data/DTWG_AF2_homoaug_complex/AF-Q9Y5Y7-F1-model_v4_0_0_0_complex_,0.1178565,497,708,645,669,575,681,0,686,694,DTWG,0
VWMJHAFYPMOMGF-ZCFIWIBFSA-N,tovorafenib,C[C@@H](NC(=O)c1ncnc(N)c1Cl)c1ncc(C(=O)Nc2cc(C(F)(F)F)c(Cl)cn2)s1,166048,LYVE1,-17.203142,-11.770448,461,UNVALIDATED_COLD_TARGET_MODEL_HYPOTHESIS,0.38795894,262,-0.9504938,-0.14457674,/mnt/nfs-ssd/data/DTWG_AF2_homoaug_complex/AF-Q9Y5Y7-F1-model_v4_0_0_0_complex_,0.10123013,593,685,507,698,707,680,0,699,689,DTWG,0
IRSCQMHQWWYFCW-UHFFFAOYSA-N,ganciclovir,Nc1nc2c(ncn2COC(CO)CO)c(=O)[nH]1,257669,LYVE1,-10.500901,-11.845079,462,UNVALIDATED_COLD_TARGET_MODEL_HYPOTHESIS,0.11578912,618,0.2725781,0.095697254,/mnt/nfs-ssd/data/DTWG_AF2_homoaug_complex/AF-Q9Y5Y7-F1-model_v4_0_0_0_complex_refined_,0.06136437,412,513,264,346,453,460,0,407,411,DTWG,0
ZEUITGRIYCTCEM-KRWDZBQOSA-N,duloxetine,CNCC[C@H](Oc1cccc2ccccc12)c1cccs1,106834,LYVE1,-12.231623,-11.85254,463,UNVALIDATED_COLD_TARGET_MODEL_HYPOTHESIS,0.17340733,482,0.39243788,0.11470597,/mnt/nfs-ssd/data/DTWG_AF2_homoaug_complex/AF-Q9Y5Y7-F1-model_v4_0_0_0_complex_refined_,0.070748374,345,486,454,292,460,302,0,364,374,DTWG,0
WIGIZIANZCJQQY-RUCARUNLSA-N,glimepiride,CCC1=C(C)CN(C(=O)NCCc2ccc(S(=O)(=O)NC(=O)N[C@H]3CC[C@H](C)CC3)cc2)C1=O,52327,LYVE1,-11.223242,-11.860606,464,UNVALIDATED_COLD_TARGET_MODEL_HYPOTHESIS,0.3607753,286,0.78023195,0.17620675,/mnt/nfs-ssd/data/DTWG_AF2_homoaug_complex/AF-Q9Y5Y7-F1-model_v4_0_0_0_complex_refined_,0.03435013,186,236,111,340,300,189,0,251,250,DTWG,0
SGEGOXDYSFKCPT-UHFFFAOYSA-N,vilazodone,N#Cc1ccc2[nH]cc(CCCCN3CCN(c4ccc5oc(C(N)=O)cc5c4)CC3)c2c1,237321,LYVE1,-12.961546,-11.871843,465,UNVALIDATED_COLD_TARGET_MODEL_HYPOTHESIS,0.85908234,25,0.69179595,0.1628807,/mnt/nfs-ssd/data/DTWG_AF2_homoaug_complex/AF-Q9Y5Y7-F1-model_v4_0_0_0_complex_,0.05653546,237,401,246,324,353,319,0,280,280,DTWG,0
WDENQIQQYWYTPO-IBGZPJMESA-N,acalabrutinib,CC#CC(=O)N1CCC[C@H]1c1nc(-c2ccc(C(=O)Nc3ccccn3)cc2)c2c(N)nccn12,12938,LYVE1,-13.47429,-11.872105,466,UNVALIDATED_COLD_TARGET_MODEL_HYPOTHESIS,0.6978978,89,-1.0594001,-0.115542926,/mnt/nfs-ssd/data/DTWG_AF2_homoaug_complex/AF-Q9Y5Y7-F1-model_v4_0_0_0_complex_refined_,0.07897101,517,706,704,710,603,653,0,685,697,DTWG,0
DRHKJLXJIQTDTD-OAHLLOKOSA-N,tamsulosin,CCOc1ccccc1OCCN[C@H](C)Cc1ccc(OC)c(S(N)(=O)=O)c1,75262,LYVE1,-11.550787,-11.885835,467,UNVALIDATED_COLD_TARGET_MODEL_HYPOTHESIS,0.28192082,333,0.9716632,0.21527539,/mnt/nfs-ssd/data/DTWG_AF2_homoaug_complex/AF-Q9Y5Y7-F1-model_v4_0_0_0_complex_,0.082519785,380,202,298,223,126,254,0,181,190,DTWG,0
KIQXRQVVYTYYAZ-VKVYFNERSA-N,tafluprost,O=C(O)CCC/C=C\C[C@@H]1[C@@H](/C=C/C(F)(F)COc2ccccc2)[C@H](O)C[C@@H]1O,282313,LYVE1,-10.403889,-11.89635,468,UNVALIDATED_COLD_TARGET_MODEL_HYPOTHESIS,0.4942613,190,0.8957385,0.19452508,/mnt/nfs-ssd/data/DTWG_AF2_homoaug_complex/AF-Q9Y5Y7-F1-model_v4_0_0_0_complex_refined_,0.17856073,591,82,451,40,110,284,0,222,218,DTWG,0
IIXWYSCJSQVBQM-LLVKDONJSA-N,lorlatinib,C[C@H]1Oc2cc(cnc2N)-c2c(nn(C)c2C#N)CN(C)C(=O)c2ccc(F)cc21,174992,LYVE1,-16.579668,-11.90004,469,UNVALIDATED_COLD_TARGET_MODEL_HYPOTHESIS,0.77000767,62,-0.10385745,0.03599784,/mnt/nfs-ssd/data/DTWG_AF2_homoaug_complex/AF-Q9Y5Y7-F1-model_v4_0_0_0_complex_refined_,0.110793725,440,570,706,495,323,486,0,499,518,DTWG,0
VERWOWGGCGHDQE-UHFFFAOYSA-N,ceritinib,Cc1cc(Nc2ncc(Cl)c(Nc3ccccc3S(=O)(=O)C(C)C)n2)c(OC(C)C)cc1C1CCNCC1,189245,LYVE1,-15.888744,-11.902899,470,UNVALIDATED_COLD_TARGET_MODEL_HYPOTHESIS,0.90718603,7,-0.5152935,-0.029252345,/mnt/nfs-ssd/data/DTWG_AF2_homoaug_complex/AF-Q9Y5Y7-F1-model_v4_0_0_0_complex_refined_,0.08291556,645,536,479,697,668,461,0,606,622,DTWG,1
FWZAWAUZXYCBKZ-NSHDSACASA-N,pirtobrutinib,COc1ccc(F)cc1C(=O)NCc1ccc(-c2nn([C@@H](C)C(F)(F)F)c(N)c2C(N)=O)cc1,145574,LYVE1,-12.625316,-11.923209,471,UNVALIDATED_COLD_TARGET_MODEL_HYPOTHESIS,0.5307865,170,-1.5812337,-0.22517915,/mnt/nfs-ssd/data/DTWG_AF2_homoaug_complex/AF-Q9Y5Y7-F1-model_v4_0_0_0_complex_,0.13039625,666,710,712,715,712,677,0,714,715,DTWG,0
WWSWYXNVCBLWNZ-QIZQQNKQSA-N,travoprost,O=C(O)CCC/C=C\C[C@@H]1[C@@H](/C=C/[C@@H](O)COc2cccc(C(F)(F)F)c2)[C@H](O)C[C@@H]1O,282314,LYVE1,-10.666328,-11.940209,472,UNVALIDATED_COLD_TARGET_MODEL_HYPOTHESIS,0.53811044,165,0.49321556,0.13068844,/mnt/nfs-ssd/data/DTWG_AF2_homoaug_complex/AF-Q9Y5Y7-F1-model_v4_0_0_0_complex_refined_,0.15528584,578,206,485,56,290,359,0,331,333,DTWG,0
XMXHEBAFVSFQEX-UHFFFAOYSA-N,iloperidone,COc1cc(C(C)=O)ccc1OCCCN1CCC(c2noc3cc(F)ccc23)CC1,126599,LYVE1,-12.455457,-11.941874,473,UNVALIDATED_COLD_TARGET_MODEL_HYPOTHESIS,0.3945285,257,0.700864,0.16457836,/mnt/nfs-ssd/data/DTWG_AF2_homoaug_complex/AF-Q9Y5Y7-F1-model_v4_0_0_0_complex_,0.061213292,340,493,184,287,326,224,0,277,278,DTWG,0
QGJUIPDUBHWZPV-SGTAVMJGSA-N,saxagliptin,N#C[C@@H]1C[C@@H]2C[C@@H]2N1C(=O)[C@@H](N)C12CC3CC(CC(O)(C3)C1)C2,233037,LYVE1,-13.455673,-11.961382,474,UNVALIDATED_COLD_TARGET_MODEL_HYPOTHESIS,0.16801344,495,1.095454,0.23845059,/mnt/nfs-ssd/data/DTWG_AF2_homoaug_complex/AF-Q9Y5Y7-F1-model_v4_0_0_0_complex_,0.051360235,302,179,215,146,253,198,0,155,162,DTWG,0
VPJXQGSRWJZDOB-UHFFFAOYSA-O,carbachol,C[N+](C)(C)CCOC(N)=O,177028,LYVE1,-10.695653,-12.028844,475,UNVALIDATED_COLD_TARGET_MODEL_HYPOTHESIS,0.07519476,710,0.14641163,0.060777843,/mnt/nfs-ssd/data/DTWG_AF2_homoaug_complex/AF-Q9Y5Y7-F1-model_v4_0_0_0_complex_,0.15075119,211,393,496,270,417,599,0,467,456,DTWG,0
KDLRVYVGXIQJDK-AWPVFWJPSA-N,clindamycin,CCC[C@@H]1C[C@@H](C(=O)N[C@@H]([C@H]2O[C@H](SC)[C@H](O)[C@@H](O)[C@H]2O)[C@H](C)Cl)N(C)C1,60791,LYVE1,-11.198234,-12.038564,476,UNVALIDATED_COLD_TARGET_MODEL_HYPOTHESIS,0.15140395,524,1.4155931,0.27696952,/mnt/nfs-ssd/data/DTWG_AF2_homoaug_complex/AF-Q9Y5Y7-F1-model_v4_0_0_0_complex_refined_,0.1442467,363,36,200,66,30,352,0,109,98,DTWG,0
RJKFOVLPORLFTN-LEKSSAKUSA-N,progesterone,CC(=O)[C@H]1CC[C@H]2[C@@H]3CCC4=CC(=O)CC[C@]4(C)[C@H]3CC[C@]12C,19666,LYVE1,-14.208538,-12.039216,477,UNVALIDATED_COLD_TARGET_MODEL_HYPOTHESIS,0.19353618,441,0.74950397,0.17368436,/mnt/nfs-ssd/data/DTWG_AF2_homoaug_complex/AF-Q9Y5Y7-F1-model_v4_0_0_0_complex_,0.14016479,286,172,360,184,112,255,0,259,260,DTWG,0
LZFZMUMEGBBDTC-QEJZJMRPSA-N,enalapril,C[C@H](N[C@@H](CCc1ccccc1)C(=O)O)C(=O)N1CCC[C@H]1C(=O)O,172112,LYVE1,-11.167708,-12.052718,478,UNVALIDATED_COLD_TARGET_MODEL_HYPOTHESIS,0.25908902,358,1.6718934,0.34636733,/mnt/nfs-ssd/data/DTWG_AF2_homoaug_complex/AF-Q9Y5Y7-F1-model_v4_0_0_0_complex_,0.07331042,268,44,86,111,94,72,0,50,60,DTWG,0
BFSMGDJOXZAERB-UHFFFAOYSA-N,dabrafenib,CC(C)(C)c1nc(-c2cccc(NS(=O)(=O)c3c(F)cccc3F)c2F)c(-c2ccnc(N)n2)s1,25534,LYVE1,-14.142865,-12.055784,479,UNVALIDATED_COLD_TARGET_MODEL_HYPOTHESIS,0.82933456,39,-0.4396415,-0.0172546,/mnt/nfs-ssd/data/DTWG_AF2_homoaug_complex/AF-Q9Y5Y7-F1-model_v4_0_0_0_complex_refined_,0.13767827,541,714,528,369,586,538,0,587,602,DTWG,0
CUHVIMMYOGQXCV-NSHDSACASA-N,dexmedetomidine,Cc1cccc([C@H](C)c2cnc[nH]2)c1C,203929,LYVE1,-11.101889,-12.060541,480,UNVALIDATED_COLD_TARGET_MODEL_HYPOTHESIS,0.33522448,298,-0.993281,-0.12535198,/mnt/nfs-ssd/data/DTWG_AF2_homoaug_complex/AF-Q9Y5Y7-F1-model_v4_0_0_0_complex_,0.177323,310,695,636,680,695,557,0,688,693,DTWG,0
MQJKPEGWNLWLTK-UHFFFAOYSA-N,dapsone,Nc1ccc(S(=O)(=O)c2ccc(N)cc2)cc1,255329,LYVE1,-10.666769,-12.060632,481,UNVALIDATED_COLD_TARGET_MODEL_HYPOTHESIS,0.13096888,576,1.7266272,0.3566142,/mnt/nfs-ssd/data/DTWG_AF2_homoaug_complex/AF-Q9Y5Y7-F1-model_v4_0_0_0_complex_,0.10807965,60,254,49,248,31,45,0,42,54,DTWG,0
ASOADIZOVZTJSR-UHFFFAOYSA-N,opicapone,Cc1c(Cl)c(C)[n+]([O-])c(Cl)c1-c1noc(-c2cc(O)c(O)c([N+](=O)[O-])c2)n1,179763,LYVE1,-13.100729,-12.067911,482,UNVALIDATED_COLD_TARGET_MODEL_HYPOTHESIS,0.455917,213,1.8851105,0.35143092,/mnt/nfs-ssd/data/DTWG_AF2_homoaug_complex/AF-Q9Y5Y7-F1-model_v4_0_0_0_complex_refined_,0.13990198,212,338,20,39,36,39,1,44,39,DTWG,0
SHGAZHPCJJPHSC-XFYACQKRSA-N,isotretinoin,CC1=C(/C=C/C(C)=C/C=C/C(C)=C\C(=O)O)C(C)(C)CCC1,46663,LYVE1,-11.036306,-12.078688,483,UNVALIDATED_COLD_TARGET_MODEL_HYPOTHESIS,0.41911656,236,0.94164795,0.20180593,/mnt/nfs-ssd/data/DTWG_AF2_homoaug_complex/AF-Q9Y5Y7-F1-model_v4_0_0_0_complex_refined_,0.066346586,444,157,197,201,259,271,0,215,209,DTWG,0
DWYRIWUZIJHQKQ-SANMLTNESA-N,avapritinib,Cn1cc(-c2cc3c(N4CCN(c5ncc([C@@](C)(N)c6ccc(F)cc6)cn5)CC4)ncnn3c2)cn1,221024,LYVE1,-14.170615,-12.113485,484,UNVALIDATED_COLD_TARGET_MODEL_HYPOTHESIS,0.8977392,9,-0.6938193,-0.09652403,/mnt/nfs-ssd/data/DTWG_AF2_homoaug_complex/AF-Q9Y5Y7-F1-model_v4_0_0_0_complex_,0.079759814,565,657,625,696,672,568,0,671,650,DTWG,1
SMOBCLHAZXOKDQ-ZJUUUORDSA-N,relebactam,O=C(NC1CCNCC1)[C@@H]1CC[C@@H]2CN1C(=O)N2OS(=O)(=O)O,268988,LYVE1,-10.445318,-12.124147,485,UNVALIDATED_COLD_TARGET_MODEL_HYPOTHESIS,0.15836307,509,2.2266421,0.45022336,/mnt/nfs-ssd/data/DTWG_AF2_homoaug_complex/AF-Q9Y5Y7-F1-model_v4_0_0_0_complex_,0.090403154,31,32,34,26,16,9,2,14,20,DTWG,1
DUYJMQONPNNFPI-UHFFFAOYSA-N,osimertinib,C=CC(=O)Nc1cc(Nc2nccc(-c3cn(C)c4ccccc34)n2)c(OC)cc1N(C)CCN(C)C,9160,LYVE1,-15.60549,-12.129123,486,UNVALIDATED_COLD_TARGET_MODEL_HYPOTHESIS,0.7613253,65,0.94737315,0.20271389,/mnt/nfs-ssd/data/DTWG_AF2_homoaug_complex/AF-Q9Y5Y7-F1-model_v4_0_0_0_complex_refined_,0.13185732,250,288,25,605,354,156,0,214,207,DTWG,0
RNOAOAWBMHREKO-QFIPXVFZSA-N,zanubrutinib,C=CC(=O)N1CCC([C@@H]2CCNc3c(C(N)=O)c(-c4ccc(Oc5ccccc5)cc4)nn32)CC1,5569,LYVE1,-14.199278,-12.134306,487,UNVALIDATED_COLD_TARGET_MODEL_HYPOTHESIS,0.8551185,27,-0.48875764,-0.025043989,/mnt/nfs-ssd/data/DTWG_AF2_homoaug_complex/AF-Q9Y5Y7-F1-model_v4_0_0_0_complex_refined_,0.05828022,487,653,574,650,442,608,0,599,614,DTWG,0
YALNUENQHAQXEA-UHFFFAOYSA-N,givinostat,CCN(CC)Cc1ccc2cc(COC(=O)Nc3ccc(C(=O)NO)cc3)ccc2c1,64085,LYVE1,-11.054963,-12.136154,488,UNVALIDATED_COLD_TARGET_MODEL_HYPOTHESIS,0.58417034,140,1.2200081,0.2617687,/mnt/nfs-ssd/data/DTWG_AF2_homoaug_complex/AF-Q9Y5Y7-F1-model_v4_0_0_0_complex_,0.07380371,179,261,44,228,122,338,0,130,136,DTWG,0
LVXJQMNHJWSHET-AATRIKPKSA-N,dacomitinib,COc1cc2ncnc(Nc3ccc(F)c(Cl)c3)c2cc1NC(=O)/C=C/CN1CCCCC1,136562,LYVE1,-14.893024,-12.157437,489,UNVALIDATED_COLD_TARGET_MODEL_HYPOTHESIS,0.29688254,322,0.95306915,0.20361723,/mnt/nfs-ssd/data/DTWG_AF2_homoaug_complex/AF-Q9Y5Y7-F1-model_v4_0_0_0_complex_refined_,0.15096857,41,630,77,376,291,227,0,212,202,DTWG,0
MKUXAQIIEYXACX-UHFFFAOYSA-N,acyclovir,Nc1nc2c(ncn2COCCO)c(=O)[nH]1,257670,LYVE1,-10.855327,-12.158774,490,UNVALIDATED_COLD_TARGET_MODEL_HYPOTHESIS,0.11415088,627,0.2044321,0.08488989,/mnt/nfs-ssd/data/DTWG_AF2_homoaug_complex/AF-Q9Y5Y7-F1-model_v4_0_0_0_complex_refined_,0.057068095,379,491,307,404,523,445,0,422,435,DTWG,0
OURRXQUGYQRVML-AREMUKBSSA-N,netarsudil,Cc1ccc(C(=O)OCc2ccc([C@@H](CN)C(=O)Nc3ccc4cnccc4c3)cc2)c(C)c1,194838,LYVE1,-12.110548,-12.193345,491,UNVALIDATED_COLD_TARGET_MODEL_HYPOTHESIS,0.6354457,118,0.4464447,0.11694783,/mnt/nfs-ssd/data/DTWG_AF2_homoaug_complex/AF-Q9Y5Y7-F1-model_v4_0_0_0_complex_,0.10418334,214,495,155,412,574,391,0,359,348,DTWG,0
JYGXADMDTFJGBT-VWUMJDOOSA-N,hydrocortisone,C[C@]12CCC(=O)C=C1CC[C@@H]1[C@@H]2[C@@H](O)C[C@@]2(C)[C@H]1CC[C@]2(O)C(=O)CO,176313,LYVE1,-14.350753,-12.210387,492,UNVALIDATED_COLD_TARGET_MODEL_HYPOTHESIS,0.110174224,639,0.7571777,0.175121,/mnt/nfs-ssd/data/DTWG_AF2_homoaug_complex/AF-Q9Y5Y7-F1-model_v4_0_0_0_complex_,0.1415696,414,126,471,168,118,327,0,257,257,DTWG,0
ZAFYATHCZYHLPB-UHFFFAOYSA-N,zolpidem,Cc1ccc(-c2nc3ccc(C)cn3c2CC(=O)N(C)C)cc1,192875,LYVE1,-11.306235,-12.216362,493,UNVALIDATED_COLD_TARGET_MODEL_HYPOTHESIS,0.17188847,485,0.5474673,0.1392923,/mnt/nfs-ssd/data/DTWG_AF2_homoaug_complex/AF-Q9Y5Y7-F1-model_v4_0_0_0_complex_refined_,0.08692807,333,368,325,419,512,141,0,315,318,DTWG,0
DMKSVUSAATWOCU-HROMYWEYSA-N,loteprednol etabonate,CCOC(=O)O[C@]1(C(=O)OCCl)CC[C@H]2[C@@H]3CCC4=CC(=O)C=C[C@]4(C)[C@H]3[C@@H](O)C[C@@]21C,69910,LYVE1,-12.789277,-12.221256,494,UNVALIDATED_COLD_TARGET_MODEL_HYPOTHESIS,0.14835183,534,-0.2440137,-0.0081573175,/mnt/nfs-ssd/data/DTWG_AF2_homoaug_complex/AF-Q9Y5Y7-F1-model_v4_0_0_0_complex_,0.12395222,651,443,561,510,152,656,0,576,553,DTWG,0
GLYMPHUVMRFTFV-QLFBSQMISA-N,ensartinib,C[C@@H]1CN(C(=O)c2ccc(NC(=O)c3cc(O[C@H](C)c4c(Cl)ccc(F)c4Cl)c(N)nn3)cc2)C[C@H](C)N1,168088,LYVE1,-13.234876,-12.2299385,495,UNVALIDATED_COLD_TARGET_MODEL_HYPOTHESIS,0.6388848,116,0.089081116,0.066596225,/mnt/nfs-ssd/data/DTWG_AF2_homoaug_complex/AF-Q9Y5Y7-F1-model_v4_0_0_0_complex_refined_,0.053557612,570,526,478,416,396,444,0,454,470,DTWG,0
OJQMKCBWYCWFPU-UHFFFAOYSA-N,selexipag,CC(C)N(CCCCOCC(=O)O)c1cnc(-c2ccccc2)c(-c2ccccc2)n1,32698,LYVE1,-10.760905,-12.233554,496,UNVALIDATED_COLD_TARGET_MODEL_HYPOTHESIS,0.26274163,353,0.8272848,0.18366893,/mnt/nfs-ssd/data/DTWG_AF2_homoaug_complex/AF-Q9Y5Y7-F1-model_v4_0_0_0_complex_refined_,0.123422265,535,262,403,72,322,191,0,235,233,DTWG,0
ZZUFCTLCJUWOSV-UHFFFAOYSA-N,furosemide,NS(=O)(=O)c1cc(C(=O)O)c(NCc2ccco2)cc1Cl,249056,LYVE1,-11.658873,-12.235182,497,UNVALIDATED_COLD_TARGET_MODEL_HYPOTHESIS,0.19084603,450,1.0934664,0.22588302,/mnt/nfs-ssd/data/DTWG_AF2_homoaug_complex/AF-Q9Y5Y7-F1-model_v4_0_0_0_complex_refined_,0.09680723,54,161,46,364,113,220,0,168,163,DTWG,0
UBZPNQRBUOBBLN-PWRODBHTSA-N,serdexmethylphenidate,COC(=O)[C@H](c1ccccc1)[C@H]1CCCCN1C(=O)OC[n+]1cccc(C(=O)N[C@@H](CO)C(=O)[O-])c1,113065,LYVE1,-10.38142,-12.267963,498,UNVALIDATED_COLD_TARGET_MODEL_HYPOTHESIS,0.37890747,268,1.5158126,0.31714705,/mnt/nfs-ssd/data/DTWG_AF2_homoaug_complex/AF-Q9Y5Y7-F1-model_v4_0_0_0_complex_,0.091951035,386,53,127,63,101,97,0,70,80,DTWG,0
LEZWWPYKPKIXLL-UHFFFAOYSA-N,econazole,Clc1ccc(COC(Cn2ccnc2)c2ccc(Cl)cc2Cl)cc1,218131,LYVE1,-11.635105,-12.271038,499,UNVALIDATED_COLD_TARGET_MODEL_HYPOTHESIS,0.14329043,550,0.2943378,0.088471495,/mnt/nfs-ssd/data/DTWG_AF2_homoaug_complex/AF-Q9Y5Y7-F1-model_v4_0_0_0_complex_,0.08565672,337,419,412,374,520,193,0,416,408,DTWG,0
SPMVMDHWKHCIDT-UHFFFAOYSA-N,tivozanib,COc1cc2nccc(Oc3ccc(NC(=O)Nc4cc(C)on4)c(Cl)c3)c2cc1OC,136152,LYVE1,-15.70257,-12.2723055,500,UNVALIDATED_COLD_TARGET_MODEL_HYPOTHESIS,0.55262,157,-1.6594352,-0.2201767,/mnt/nfs-ssd/data/DTWG_AF2_homoaug_complex/AF-Q9Y5Y7-F1-model_v4_0_0_0_complex_,0.081632726,699,711,711,684,710,709,0,712,716,DTWG,0
AZSRSNUQCUDCGG-UHFFFAOYSA-N,mobocertinib,C=CC(=O)Nc1cc(Nc2ncc(C(=O)OC(C)C)c(-c3cn(C)c4ccccc34)n2)c(OC)cc1N(C)CCN(C)C,8955,LYVE1,-13.839957,-12.280095,501,UNVALIDATED_COLD_TARGET_MODEL_HYPOTHESIS,0.88760346,12,0.8919887,0.1939304,/mnt/nfs-ssd/data/DTWG_AF2_homoaug_complex/AF-Q9Y5Y7-F1-model_v4_0_0_0_complex_refined_,0.1018471,217,230,58,493,474,181,0,224,220,DTWG,1
OYYDSUSKLWTMMQ-JKHIJQBDSA-N,trospium,O=C(O[C@H]1C[C@H]2CC[C@@H](C1)[N+]21CCCC1)C(O)(c1ccccc1)c1ccccc1,286608,LYVE1,-11.819517,-12.290537,502,UNVALIDATED_COLD_TARGET_MODEL_HYPOTHESIS,0.27206907,345,1.1810479,0.25447485,/mnt/nfs-ssd/data/DTWG_AF2_homoaug_complex/AF-Q9Y5Y7-F1-model_v4_0_0_0_complex_,0.10779372,264,169,300,141,73,113,0,138,146,DTWG,0
DYKFCLLONBREIL-KVUCHLLUSA-N,minocycline,CN(C)c1ccc(O)c2c1C[C@H]1C[C@H]3[C@H](N(C)C)C(O)=C(C(N)=O)C(=O)[C@@]3(O)C(O)=C1C2=O,92574,LYVE1,-11.610925,-12.30315,503,UNVALIDATED_COLD_TARGET_MODEL_HYPOTHESIS,0.13748935,561,1.8208414,0.3412384,/mnt/nfs-ssd/data/DTWG_AF2_homoaug_complex/AF-Q9Y5Y7-F1-model_v4_0_0_0_complex_refined_,0.11557236,94,93,98,7,221,125,1,52,46,DTWG,0
VTRAEEWXHOVJFV-UHFFFAOYSA-N,olmesartan,CCCc1nc(C(C)(C)O)c(C(=O)O)n1Cc1ccc(-c2ccccc2-c2nnn[nH]2)cc1,61975,LYVE1,-11.616468,-12.305006,504,UNVALIDATED_COLD_TARGET_MODEL_HYPOTHESIS,0.19283257,446,0.5291009,0.13637954,/mnt/nfs-ssd/data/DTWG_AF2_homoaug_complex/AF-Q9Y5Y7-F1-model_v4_0_0_0_complex_refined_,0.096647374,298,336,204,129,372,80,0,324,325,DTWG,0
STZYTFJPGGDRJD-NHUWBDDWSA-N,retapamulin,C=C[C@]1(C)C[C@@H](OC(=O)CS[C@@H]2C[C@H]3CC[C@@H](C2)N3C)[C@]2(C)[C@H](C)CC[C@]3(CCC(=O)[C@H]32)[C@@H](C)[C@@H]1O,12422,LYVE1,-12.227067,-12.377359,505,UNVALIDATED_COLD_TARGET_MODEL_HYPOTHESIS,0.1336918,572,1.0132835,0.21316671,/mnt/nfs-ssd/data/DTWG_AF2_homoaug_complex/AF-Q9Y5Y7-F1-model_v4_0_0_0_complex_refined_,0.10963138,391,120,462,139,220,85,0,186,179,DTWG,0
RUZYUOTYCVRMRZ-UHFFFAOYSA-N,doxazosin,COc1cc2nc(N3CCN(C(=O)C4COc5ccccc5O4)CC3)nc(N)c2cc1OC,135837,LYVE1,-11.691013,-12.378289,506,UNVALIDATED_COLD_TARGET_MODEL_HYPOTHESIS,0.19050218,451,0.004105621,0.04521283,/mnt/nfs-ssd/data/DTWG_AF2_homoaug_complex/AF-Q9Y5Y7-F1-model_v4_0_0_0_complex_,0.086506814,423,449,463,397,464,357,0,486,489,DTWG,0
JGRXMPYUTJLTKT-UHFFFAOYSA-N,vadadustat,O=C(O)CNC(=O)c1ncc(-c2cccc(Cl)c2)cc1O,283159,LYVE1,-13.700656,-12.379717,507,UNVALIDATED_COLD_TARGET_MODEL_HYPOTHESIS,0.19243413,447,0.7149425,0.16585241,/mnt/nfs-ssd/data/DTWG_AF2_homoaug_complex/AF-Q9Y5Y7-F1-model_v4_0_0_0_complex_refined_,0.03631349,249,281,141,303,230,304,0,273,271,DTWG,0
BCFGMOOMADDAQU-UHFFFAOYSA-N,lapatinib,CS(=O)(=O)CCNCc1ccc(-c2ccc3ncnc(Nc4ccc(OCc5cccc(F)c5)c(Cl)c4)c3c2)o1,160902,LYVE1,-13.040106,-12.382459,508,UNVALIDATED_COLD_TARGET_MODEL_HYPOTHESIS,0.6107996,126,-1.3691869,-0.22296141,/mnt/nfs-ssd/data/DTWG_AF2_homoaug_complex/AF-Q9Y5Y7-F1-model_v4_0_0_0_complex_,0.13563398,531,713,701,712,708,699,0,713,710,DTWG,0
RUOKEQAAGRXIBM-GFCCVEGCSA-N,rasagiline,C#CCN[C@@H]1CCc2ccccc21,1113,LYVE1,-13.730979,-12.38589,509,UNVALIDATED_COLD_TARGET_MODEL_HYPOTHESIS,0.20668891,417,-0.7130302,-0.10012057,/mnt/nfs-ssd/data/DTWG_AF2_homoaug_complex/AF-Q9Y5Y7-F1-model_v4_0_0_0_complex_,0.12799482,367,647,654,713,675,661,0,673,652,DTWG,0
YBSJFWOBGCMAKL-UHFFFAOYSA-N,dabigatran etexilate,Cn1c(CNc2ccc(C(=N)N)cc2)nc2cc(C(=O)N(CCC(=O)O)c3ccccn3)ccc21,220269,LYVE1,-13.605106,-12.386323,510,UNVALIDATED_COLD_TARGET_MODEL_HYPOTHESIS,0.5474708,160,0.9611125,0.21330018,/mnt/nfs-ssd/data/DTWG_AF2_homoaug_complex/AF-Q9Y5Y7-F1-model_v4_0_0_0_complex_,0.104792655,137,441,218,165,306,154,0,185,196,DTWG,0
FIKPXCOQUIZNHB-WDEREUQCSA-N,repotrectinib,C[C@H]1CNC(=O)c2cnn3ccc(nc23)N[C@H](C)c2cc(F)ccc2O1,174340,LYVE1,-17.270159,-12.38714,511,UNVALIDATED_COLD_TARGET_MODEL_HYPOTHESIS,0.7655935,64,-0.7481093,-0.06617492,/mnt/nfs-ssd/data/DTWG_AF2_homoaug_complex/AF-Q9Y5Y7-F1-model_v4_0_0_0_complex_refined_,0.048213426,623,558,702,685,591,646,0,647,661,DTWG,0
UWKQSNNFCGGAFS-XIFFEERXSA-N,irinotecan,CCc1c2c(nc3ccc(OC(=O)N4CCC(N5CCCCC5)CC4)cc13)-c1cc3c(c(=O)n1C2)COC(=O)[C@]3(O)CC,80100,LYVE1,-11.893125,-12.430843,512,UNVALIDATED_COLD_TARGET_MODEL_HYPOTHESIS,0.44847155,218,0.00093508494,0.05261703,/mnt/nfs-ssd/data/DTWG_AF2_homoaug_complex/AF-Q9Y5Y7-F1-model_v4_0_0_0_complex_refined_,0.07902977,448,428,374,238,584,407,0,479,491,DTWG,0
VUDZSIYXZUYWSC-DBRKOABJSA-N,cedazuridine,O=C1N[C@H](O)CCN1[C@@H]1O[C@H](CO)[C@@H](O)C1(F)F,293785,LYVE1,-11.114451,-12.434867,513,UNVALIDATED_COLD_TARGET_MODEL_HYPOTHESIS,0.19514047,437,0.31065825,0.101736434,/mnt/nfs-ssd/data/DTWG_AF2_homoaug_complex/AF-Q9Y5Y7-F1-model_v4_0_0_0_complex_refined_,0.0885589,288,394,151,472,272,492,0,389,401,DTWG,0
CZFFBEXEKNGXKS-UHFFFAOYSA-N,raltegravir,Cc1nnc(C(=O)NC(C)(C)c2nc(C(=O)NCc3ccc(F)cc3)c(O)c(=O)n2C)o1,215817,LYVE1,-11.084542,-12.437253,514,UNVALIDATED_COLD_TARGET_MODEL_HYPOTHESIS,0.26135936,355,0.67640615,0.15974088,/mnt/nfs-ssd/data/DTWG_AF2_homoaug_complex/AF-Q9Y5Y7-F1-model_v4_0_0_0_complex_refined_,0.09809234,446,186,377,245,185,340,0,288,288,DTWG,0
DOBNVUFHFMVMDB-BEFAXECRSA-N,sacubitril,C[C@H](C[C@@H](Cc1ccc(-c2ccccc2)cc1)NC(=O)CCC(=O)O)C(=O)O,171397,LYVE1,-11.496824,-12.442643,515,UNVALIDATED_COLD_TARGET_MODEL_HYPOTHESIS,0.28330278,332,1.6943487,0.35057124,/mnt/nfs-ssd/data/DTWG_AF2_homoaug_complex/AF-Q9Y5Y7-F1-model_v4_0_0_0_complex_,0.076194674,96,76,19,140,124,22,1,45,55,DTWG,0
IFSDAJWBUCMOAH-HNNXBMFYSA-N,idelalisib,CC[C@H](Nc1ncnc2[nH]cnc12)c1nc2cccc(F)c2c(=O)n1-c1ccccc1,79188,LYVE1,-11.50227,-12.443548,516,UNVALIDATED_COLD_TARGET_MODEL_HYPOTHESIS,0.48055014,194,-0.4345778,-0.01645154,/mnt/nfs-ssd/data/DTWG_AF2_homoaug_complex/AF-Q9Y5Y7-F1-model_v4_0_0_0_complex_refined_,0.11690077,499,663,650,546,680,330,0,586,600,DTWG,0
HCDMJFOHIXMBOV-UHFFFAOYSA-N,pemigatinib,CCN1C(=O)N(c2c(F)c(OC)cc(OC)c2F)Cc2cnc3[nH]c(CN4CCOCC4)cc3c21,65332,LYVE1,-13.56256,-12.451022,517,UNVALIDATED_COLD_TARGET_MODEL_HYPOTHESIS,0.7438186,70,-0.3777354,-0.007436828,/mnt/nfs-ssd/data/DTWG_AF2_homoaug_complex/AF-Q9Y5Y7-F1-model_v4_0_0_0_complex_refined_,0.07194779,549,505,640,418,612,670,0,574,587,DTWG,0
NCNRHFGMJRPRSK-MDZDMXLPSA-N,belinostat,O=C(/C=C/c1cccc(S(=O)(=O)Nc2ccccc2)c1)NO,261800,LYVE1,-11.581979,-12.452842,518,UNVALIDATED_COLD_TARGET_MODEL_HYPOTHESIS,0.36660773,280,1.6313438,0.31118575,/mnt/nfs-ssd/data/DTWG_AF2_homoaug_complex/AF-Q9Y5Y7-F1-model_v4_0_0_0_complex_refined_,0.043395057,68,61,61,198,181,81,0,74,63,DTWG,0
AHYMHWXQRWRBKT-UHFFFAOYSA-N,tepotinib,CN1CCC(COc2cnc(-c3cccc(Cn4nc(-c5cccc(C#N)c5)ccc4=O)c3)nc2)CC1,97453,LYVE1,-17.261345,-12.467304,519,UNVALIDATED_COLD_TARGET_MODEL_HYPOTHESIS,0.79924715,52,-0.7974377,-0.073997974,/mnt/nfs-ssd/data/DTWG_AF2_homoaug_complex/AF-Q9Y5Y7-F1-model_v4_0_0_0_complex_refined_,0.07937895,686,414,556,677,679,582,0,654,672,DTWG,0
FBHSPRKOSMHSIF-GRMWVWQJSA-N,deflazacort,CC(=O)OCC(=O)[C@@]12N=C(C)O[C@@H]1C[C@H]1[C@@H]3CCC4=CC(=O)C=C[C@]4(C)[C@H]3[C@@H](O)C[C@@]12C,19015,LYVE1,-13.17202,-12.489184,520,UNVALIDATED_COLD_TARGET_MODEL_HYPOTHESIS,0.17699602,479,0.37271756,0.10314518,/mnt/nfs-ssd/data/DTWG_AF2_homoaug_complex/AF-Q9Y5Y7-F1-model_v4_0_0_0_complex_,0.16401275,643,229,610,285,41,397,0,385,380,DTWG,0
UPNUIXSCZBYVBB-JVFUWBCBSA-N,alvimopan,C[C@H]1CN(C[C@H](Cc2ccccc2)C(=O)NCC(=O)O)CC[C@@]1(C)c1cccc(O)c1,174174,LYVE1,-11.949596,-12.490149,521,UNVALIDATED_COLD_TARGET_MODEL_HYPOTHESIS,0.43754008,224,1.3365769,0.28359187,/mnt/nfs-ssd/data/DTWG_AF2_homoaug_complex/AF-Q9Y5Y7-F1-model_v4_0_0_0_complex_,0.085581,133,122,208,251,95,164,0,102,117,DTWG,0
FRVSRBKUQZKTOW-YOCNBXQISA-N,revumenib,CCN(C(=O)c1cc(F)ccc1Oc1cncnc1N1CC2(CCN(C[C@H]3CC[C@H](NS(=O)(=O)CC)CC3)CC2)C1)C(C)C,62703,LYVE1,-12.551525,-12.495249,522,UNVALIDATED_COLD_TARGET_MODEL_HYPOTHESIS,0.82699513,41,-0.8757646,-0.08641994,/mnt/nfs-ssd/data/DTWG_AF2_homoaug_complex/AF-Q9Y5Y7-F1-model_v4_0_0_0_complex_refined_,0.11567836,583,658,690,628,617,400,0,664,682,DTWG,0
OIGNJSKKLXVSLS-VWUMJDOOSA-N,prednisone,C[C@]12C=CC(=O)C=C1CC[C@@H]1[C@@H]2[C@@H](O)C[C@@]2(C)[C@H]1CC[C@]2(O)C(=O)CO,176152,LYVE1,-16.564161,-12.508148,523,UNVALIDATED_COLD_TARGET_MODEL_HYPOTHESIS,0.11147536,633,0.68089575,0.16084005,/mnt/nfs-ssd/data/DTWG_AF2_homoaug_complex/AF-Q9Y5Y7-F1-model_v4_0_0_0_complex_,0.13598977,500,135,487,160,89,403,0,286,286,DTWG,0
BQJCRHHNABKAKU-KBQPJGBKSA-N,morphine,CN1CC[C@]23c4c5ccc(O)c4O[C@H]2[C@@H](O)C=C[C@H]3[C@H]1C5,101451,LYVE1,-12.784384,-12.520472,524,UNVALIDATED_COLD_TARGET_MODEL_HYPOTHESIS,0.1482709,535,0.024315247,0.037919853,/mnt/nfs-ssd/data/DTWG_AF2_homoaug_complex/AF-Q9Y5Y7-F1-model_v4_0_0_0_complex_,0.16196945,144,447,617,430,598,412,0,496,482,DTWG,0
BGDKAVGWHJFAGW-UHFFFAOYSA-N,tropicamide,CCN(Cc1ccncc1)C(=O)C(CO)c1ccccc1,64824,LYVE1,-12.976198,-12.523004,525,UNVALIDATED_COLD_TARGET_MODEL_HYPOTHESIS,0.12032131,609,0.6844632,0.16150792,/mnt/nfs-ssd/data/DTWG_AF2_homoaug_complex/AF-Q9Y5Y7-F1-model_v4_0_0_0_complex_,0.10320295,128,429,165,453,400,142,0,283,284,DTWG,0
IUBSYMUCCVWXPE-UHFFFAOYSA-N,metoprolol,COCCc1ccc(OCC(O)CNC(C)C)cc1,119276,LYVE1,-11.170395,-12.580922,526,UNVALIDATED_COLD_TARGET_MODEL_HYPOTHESIS,0.09847984,672,2.41828,0.48610035,/mnt/nfs-ssd/data/DTWG_AF2_homoaug_complex/AF-Q9Y5Y7-F1-model_v4_0_0_0_complex_,0.09389636,10,85,12,20,32,38,3,7,13,DTWG,1
MXAYKZJJDUDWDS-LBPRGKRZSA-N,ixazomib,CC(C)C[C@H](NC(=O)CNC(=O)c1cc(Cl)ccc1Cl)B(O)O,31716,LYVE1,-13.6223345,-12.586197,527,UNVALIDATED_COLD_TARGET_MODEL_HYPOTHESIS,0.20508386,420,0.43666336,0.11511665,/mnt/nfs-ssd/data/DTWG_AF2_homoaug_complex/AF-Q9Y5Y7-F1-model_v4_0_0_0_complex_,0.12414059,575,208,476,482,183,406,0,363,353,DTWG,0
NYDCDZSEEAUOHN-IZHYLOQSSA-N,tamoxifen,CC/C(=C(\c1ccccc1)c1ccc(OCCNC)cc1)c1ccccc1,42137,LYVE1,-15.121071,-12.586751,528,UNVALIDATED_COLD_TARGET_MODEL_HYPOTHESIS,0.33622086,296,0.14644034,0.0756929,/mnt/nfs-ssd/data/DTWG_AF2_homoaug_complex/AF-Q9Y5Y7-F1-model_v4_0_0_0_complex_refined_,0.09116143,540,365,473,240,501,265,0,440,455,DTWG,0
RUEYEZADQJCKGV-UHFFFAOYSA-N,daprodustat,O=C(O)CNC(=O)C1C(=O)N(C2CCCCC2)C(=O)N(C2CCCCC2)C1=O,283013,LYVE1,-10.733973,-12.610471,529,UNVALIDATED_COLD_TARGET_MODEL_HYPOTHESIS,0.13939752,556,1.7553753,0.33085606,/mnt/nfs-ssd/data/DTWG_AF2_homoaug_complex/AF-Q9Y5Y7-F1-model_v4_0_0_0_complex_refined_,0.096030116,124,102,137,47,215,17,1,58,52,DTWG,0
LLPOLZWFYMWNKH-CMKMFDCUSA-N,hydrocodone,COc1ccc2c3c1O[C@H]1C(=O)CC[C@H]4[C@@H](C2)N(C)CC[C@]314,150302,LYVE1,-13.32609,-12.6337385,530,UNVALIDATED_COLD_TARGET_MODEL_HYPOTHESIS,0.1343347,570,0.265717,0.08311332,/mnt/nfs-ssd/data/DTWG_AF2_homoaug_complex/AF-Q9Y5Y7-F1-model_v4_0_0_0_complex_,0.1505265,134,438,614,360,367,457,0,426,413,DTWG,0
DYDCPNMLZGFQTM-UHFFFAOYSA-N,delafloxacin,Nc1nc(-n2cc(C(=O)O)c(=O)c3cc(F)c(N4CC(O)C4)c(Cl)c32)c(F)cc1F,256837,LYVE1,-11.154713,-12.654379,531,UNVALIDATED_COLD_TARGET_MODEL_HYPOTHESIS,0.5046371,185,0.9577001,0.20435165,/mnt/nfs-ssd/data/DTWG_AF2_homoaug_complex/AF-Q9Y5Y7-F1-model_v4_0_0_0_complex_refined_,0.089868546,357,291,265,86,334,215,0,208,197,DTWG,0
GGXICVAJURFBLW-CEYXHVGTSA-N,latanoprost,CC(C)OC(=O)CCC/C=C\C[C@@H]1[C@@H](CC[C@@H](O)CCc2ccccc2)[C@H](O)C[C@@H]1O,34690,LYVE1,-11.453076,-12.673939,532,UNVALIDATED_COLD_TARGET_MODEL_HYPOTHESIS,0.32060233,306,-0.17136697,0.025291415,/mnt/nfs-ssd/data/DTWG_AF2_homoaug_complex/AF-Q9Y5Y7-F1-model_v4_0_0_0_complex_refined_,0.18158193,677,339,673,98,424,480,0,514,535,DTWG,0
HCRKCZRJWPKOAR-JTQLQIEISA-N,brinzolamide,CCN[C@H]1CN(CCCOC)S(=O)(=O)c2sc(S(N)(=O)=O)cc21,67437,LYVE1,-12.767728,-12.686359,533,UNVALIDATED_COLD_TARGET_MODEL_HYPOTHESIS,0.24243255,384,1.3561037,0.2872475,/mnt/nfs-ssd/data/DTWG_AF2_homoaug_complex/AF-Q9Y5Y7-F1-model_v4_0_0_0_complex_,0.12193238,114,188,88,74,50,396,0,96,113,DTWG,0
KWGRBVOPPLSCSI-WPRPVWTQSA-N,ephedrine,CN[C@@H](C)[C@H](O)c1ccccc1,107846,LYVE1,-12.946022,-12.720779,534,UNVALIDATED_COLD_TARGET_MODEL_HYPOTHESIS,0.083854005,702,0.5291771,0.1324364,/mnt/nfs-ssd/data/DTWG_AF2_homoaug_complex/AF-Q9Y5Y7-F1-model_v4_0_0_0_complex_,0.12509175,89,463,368,337,440,466,0,327,324,DTWG,0
LWQQLNNNIPYSNX-UROSTWAQSA-N,calcipotriene,C=C1/C(=C\C=C2/CCC[C@]3(C)[C@@H]([C@H](C)/C=C/[C@@H](O)C4CC4)CC[C@@H]23)C[C@@H](O)C[C@@H]1O,4099,LYVE1,-14.432365,-12.739396,535,UNVALIDATED_COLD_TARGET_MODEL_HYPOTHESIS,0.4590664,209,-0.8892034,-0.09418858,/mnt/nfs-ssd/data/DTWG_AF2_homoaug_complex/AF-Q9Y5Y7-F1-model_v4_0_0_0_complex_,0.16833587,579,214,715,558,655,710,0,667,684,DTWG,0
LPQZKKCYTLCDGQ-WEDXCCLWSA-N,tazobactam,C[C@]1(Cn2ccnn2)[C@H](C(=O)O)N2C(=O)C[C@H]2S1(=O)=O,175716,LYVE1,-10.615696,-12.748579,536,UNVALIDATED_COLD_TARGET_MODEL_HYPOTHESIS,0.16887261,491,0.8558987,0.19360282,/mnt/nfs-ssd/data/DTWG_AF2_homoaug_complex/AF-Q9Y5Y7-F1-model_v4_0_0_0_complex_,0.10598075,83,204,343,367,222,105,0,226,230,DTWG,0
WJBLNOPPDWQMCH-MBPVOVBZSA-N,nalmefene,C=C1CC[C@@]2(O)[C@H]3Cc4ccc(O)c5c4[C@@]2(CCN3CC2CC2)[C@H]1O5,4284,LYVE1,-14.01371,-12.750998,537,UNVALIDATED_COLD_TARGET_MODEL_HYPOTHESIS,0.19311711,445,-0.11578935,0.011690497,/mnt/nfs-ssd/data/DTWG_AF2_homoaug_complex/AF-Q9Y5Y7-F1-model_v4_0_0_0_complex_,0.1395959,297,418,670,460,589,663,0,539,521,DTWG,0
HEFNNWSXXWATRW-UHFFFAOYSA-N,ibuprofen,CC(C)Cc1ccc(C(C)C(=O)O)cc1,32376,LYVE1,-11.562283,-12.763708,538,UNVALIDATED_COLD_TARGET_MODEL_HYPOTHESIS,0.0655144,716,0.7044488,0.16524947,/mnt/nfs-ssd/data/DTWG_AF2_homoaug_complex/AF-Q9Y5Y7-F1-model_v4_0_0_0_complex_,0.069148414,270,468,174,399,335,209,0,275,277,DTWG,0
RRMJMHOQSALEJJ-UHFFFAOYSA-N,lazertinib,C=CC(=O)Nc1cc(Nc2nccc(-n3cc(CN(C)C)c(-c4ccccc4)n3)n2)c(OC)cc1N1CCOCC1,9200,LYVE1,-15.655329,-12.777003,539,UNVALIDATED_COLD_TARGET_MODEL_HYPOTHESIS,0.8929778,11,0.031477347,0.057460766,/mnt/nfs-ssd/data/DTWG_AF2_homoaug_complex/AF-Q9Y5Y7-F1-model_v4_0_0_0_complex_refined_,0.13314523,426,591,164,695,541,272,0,471,479,DTWG,1
HYAFETHFCAUJAY-UHFFFAOYSA-N,pioglitazone,CCc1ccc(CCOc2ccc(CC3SC(=O)NC3=O)cc2)nc1,81301,LYVE1,-12.342813,-12.777515,540,UNVALIDATED_COLD_TARGET_MODEL_HYPOTHESIS,0.24447212,380,1.183319,0.24013285,/mnt/nfs-ssd/data/DTWG_AF2_homoaug_complex/AF-Q9Y5Y7-F1-model_v4_0_0_0_complex_refined_,0.15277746,87,464,75,52,241,98,0,154,145,DTWG,0
GXJABQQUPOEUTA-RDJZCZTQSA-N,bortezomib,CC(C)C[C@H](NC(=O)[C@H](Cc1ccccc1)NC(=O)c1cnccn1)B(O)O,32040,LYVE1,-15.350857,-12.800989,541,UNVALIDATED_COLD_TARGET_MODEL_HYPOTHESIS,0.25350505,369,-0.43259737,-0.029667394,/mnt/nfs-ssd/data/DTWG_AF2_homoaug_complex/AF-Q9Y5Y7-F1-model_v4_0_0_0_complex_,0.092696875,667,403,511,597,500,619,0,607,599,DTWG,0
KJHKTHWMRKYKJE-SUGCFTRWSA-N,lopinavir,Cc1cccc(C)c1OCC(=O)N[C@@H](Cc1ccccc1)[C@@H](O)C[C@H](Cc1ccccc1)NC(=O)[C@H](C(C)C)N1CCCNC1=O,202496,LYVE1,-12.198302,-12.8224535,542,UNVALIDATED_COLD_TARGET_MODEL_HYPOTHESIS,0.68147075,97,-0.771141,-0.11099964,/mnt/nfs-ssd/data/DTWG_AF2_homoaug_complex/AF-Q9Y5Y7-F1-model_v4_0_0_0_complex_,0.055078056,718,631,532,676,626,634,0,682,667,DTWG,0
DBGIVFWFUFKIQN-UHFFFAOYSA-N,fenfluramine,CCNC(C)Cc1cccc(C(F)(F)F)c1,67193,LYVE1,-12.168763,-12.8312235,543,UNVALIDATED_COLD_TARGET_MODEL_HYPOTHESIS,0.10502072,652,0.8283089,0.18843764,/mnt/nfs-ssd/data/DTWG_AF2_homoaug_complex/AF-Q9Y5Y7-F1-model_v4_0_0_0_complex_,0.1406887,63,467,268,178,447,287,0,231,232,DTWG,0
YMTINGFKWWXKFG-UHFFFAOYSA-N,fenofibrate,CC(C)OC(=O)C(C)(C)Oc1ccc(C(=O)c2ccc(Cl)cc2)cc1,34678,LYVE1,-14.067298,-12.840199,544,UNVALIDATED_COLD_TARGET_MODEL_HYPOTHESIS,0.121613875,603,0.7529085,0.1718735,/mnt/nfs-ssd/data/DTWG_AF2_homoaug_complex/AF-Q9Y5Y7-F1-model_v4_0_0_0_complex_refined_,0.10700076,361,417,453,186,129,295,0,261,259,DTWG,0
QFNHIDANIVGXPE-FNZWTVRRSA-N,eluxadoline,COc1ccc(CN(C(=O)[C@@H](N)Cc2c(C)cc(C(N)=O)cc2C)[C@@H](C)c2nc(-c3ccccc3)c[nH]2)cc1C(=O)O,143622,LYVE1,-12.157693,-12.84359,545,UNVALIDATED_COLD_TARGET_MODEL_HYPOTHESIS,0.6298779,121,-0.10034624,0.014581643,/mnt/nfs-ssd/data/DTWG_AF2_homoaug_complex/AF-Q9Y5Y7-F1-model_v4_0_0_0_complex_,0.08238911,659,620,283,345,559,535,0,536,516,DTWG,0
ADEBPBSSDYVVLD-UHFFFAOYSA-N,donepezil,COc1cc2c(cc1OC)C(=O)C(CC1CCN(Cc3ccccc3)CC1)C2,134815,LYVE1,-13.423603,-12.869494,546,UNVALIDATED_COLD_TARGET_MODEL_HYPOTHESIS,0.16514204,501,1.4111704,0.2975567,/mnt/nfs-ssd/data/DTWG_AF2_homoaug_complex/AF-Q9Y5Y7-F1-model_v4_0_0_0_complex_,0.09355188,248,145,249,64,102,114,0,88,100,DTWG,0
VREFGVBLTWBCJP-UHFFFAOYSA-N,alprazolam,Cc1nnc2n1-c1ccc(Cl)cc1C(c1ccccc1)=NC2,216050,LYVE1,-11.924217,-12.876101,547,UNVALIDATED_COLD_TARGET_MODEL_HYPOTHESIS,0.12859531,582,-0.1169994,0.033913642,/mnt/nfs-ssd/data/DTWG_AF2_homoaug_complex/AF-Q9Y5Y7-F1-model_v4_0_0_0_complex_refined_,0.10839481,658,168,327,667,599,545,0,504,522,DTWG,0
LDEKQSIMHVQZJK-CAQYMETFSA-N,tenofovir alafenamide,CC(C)OC(=O)[C@H](C)N[P@](=O)(CO[C@H](C)Cn1cnc2c(N)ncnc21)Oc1ccccc1,34786,LYVE1,-11.596272,-12.884927,548,UNVALIDATED_COLD_TARGET_MODEL_HYPOTHESIS,0.35528365,287,0.27827337,0.08546403,/mnt/nfs-ssd/data/DTWG_AF2_homoaug_complex/AF-Q9Y5Y7-F1-model_v4_0_0_0_complex_,0.10451217,511,462,391,520,224,294,0,420,409,DTWG,0
KEIPNCCJPRMIAX-HNNXBMFYSA-N,futibatinib,C=CC(=O)N1CC[C@H](n2nc(C#Cc3cc(OC)cc(OC)c3)c3c(N)ncnc32)C1,7589,LYVE1,-14.854635,-12.884966,549,UNVALIDATED_COLD_TARGET_MODEL_HYPOTHESIS,0.6341662,119,-0.15401489,0.028043306,/mnt/nfs-ssd/data/DTWG_AF2_homoaug_complex/AF-Q9Y5Y7-F1-model_v4_0_0_0_complex_refined_,0.049922988,429,514,555,451,539,632,0,511,529,DTWG,0
KJADKKWYZYXHBB-XBWDGYHZSA-N,topiramate,CC1(C)O[C@@H]2[C@@H](CO[C@@]3(COS(N)(=O)=O)OC(C)(C)O[C@@H]23)O1,44860,LYVE1,-12.24287,-12.88517,550,UNVALIDATED_COLD_TARGET_MODEL_HYPOTHESIS,0.2682221,349,1.5536275,0.29886058,/mnt/nfs-ssd/data/DTWG_AF2_homoaug_complex/AF-Q9Y5Y7-F1-model_v4_0_0_0_complex_refined_,0.07000203,322,56,84,130,109,131,0,86,71,DTWG,0
AHJRHEGDXFFMBM-UHFFFAOYSA-N,palbociclib,CC(=O)c1c(C)c2cnc(Nc3ccc(N4CCNCC4)cn3)nc2n(C2CCCC2)c1=O,19716,LYVE1,-14.68492,-12.916761,551,UNVALIDATED_COLD_TARGET_MODEL_HYPOTHESIS,0.9015158,8,1.4085141,0.27584687,/mnt/nfs-ssd/data/DTWG_AF2_homoaug_complex/AF-Q9Y5Y7-F1-model_v4_0_0_0_complex_refined_,0.04766471,252,41,145,188,170,167,0,112,102,DTWG,1
CMJCXYNUCSMDBY-ZDUSSCGKSA-N,encorafenib,COC(=O)N[C@@H](C)CNc1nccc(-c2cn(C(C)C)nc2-c2cc(Cl)cc(NS(C)(=O)=O)c2F)n1,111403,LYVE1,-16.986776,-12.926022,552,UNVALIDATED_COLD_TARGET_MODEL_HYPOTHESIS,0.85150236,29,-0.279948,0.008071407,/mnt/nfs-ssd/data/DTWG_AF2_homoaug_complex/AF-Q9Y5Y7-F1-model_v4_0_0_0_complex_refined_,0.08357391,627,555,461,599,652,374,0,545,558,DTWG,0
JWUBBDSIWDLEOM-DTOXIADCSA-N,calcifediol,C=C1CC[C@H](O)C/C1=C/C=C1\CCC[C@]2(C)[C@@H]([C@H](C)CCCC(C)(C)O)CC[C@@H]12,4292,LYVE1,-14.473914,-12.939955,553,UNVALIDATED_COLD_TARGET_MODEL_HYPOTHESIS,0.40988648,245,-0.689528,-0.09572065,/mnt/nfs-ssd/data/DTWG_AF2_homoaug_complex/AF-Q9Y5Y7-F1-model_v4_0_0_0_complex_,0.17682333,427,243,717,644,625,701,0,668,649,DTWG,0
DHMTURDWPRKSOA-RUZDIDTESA-N,lonafarnib,NC(=O)N1CCC(CC(=O)N2CCC([C@H]3c4ncc(Br)cc4CCc4cc(Cl)cc(Br)c43)CC2)CC1,241611,LYVE1,-12.037441,-12.940673,554,UNVALIDATED_COLD_TARGET_MODEL_HYPOTHESIS,0.40130895,253,-0.4470365,-0.04678483,/mnt/nfs-ssd/data/DTWG_AF2_homoaug_complex/AF-Q9Y5Y7-F1-model_v4_0_0_0_complex_,0.069281146,563,626,547,382,476,645,0,625,603,DTWG,0
RGFBRLNVZCCMSV-BIRGHMBHSA-N,ceftaroline fosamil,CCO/N=C(\C(=O)N[C@@H]1C(=O)N2C(C(=O)[O-])=C(Sc3nc(-c4cc[n+](C)cc4)cs3)CS[C@H]12)c1nsc(N)n1,68020,LYVE1,-11.323706,-12.951215,555,UNVALIDATED_COLD_TARGET_MODEL_HYPOTHESIS,0.19610849,434,0.68290347,0.16121592,/mnt/nfs-ssd/data/DTWG_AF2_homoaug_complex/AF-Q9Y5Y7-F1-model_v4_0_0_0_complex_,0.10927337,501,481,313,154,184,211,0,284,285,DTWG,0
YXRDKMPIGHSVRX-OOJCLDBCSA-N,rocuronium,C=CC[N+]1([C@H]2C[C@H]3[C@@H]4CC[C@H]5C[C@H](O)[C@@H](N6CCOCC6)C[C@]5(C)[C@H]4CC[C@]3(C)[C@H]2OC(C)=O)CCCC1,11773,LYVE1,-11.787414,-12.956836,556,UNVALIDATED_COLD_TARGET_MODEL_HYPOTHESIS,0.16668324,499,0.5773976,0.14146388,/mnt/nfs-ssd/data/DTWG_AF2_homoaug_complex/AF-Q9Y5Y7-F1-model_v4_0_0_0_complex_,0.16268699,226,155,668,157,223,342,0,311,308,DTWG,0
DMJNNHOOLUXYBV-PQTSNVLCSA-N,meropenem,C[C@@H](O)[C@H]1C(=O)N2C(C(=O)O)=C(S[C@@H]3CN[C@H](C(=O)N(C)C)C3)[C@H](C)[C@H]12,166587,LYVE1,-11.312693,-12.960839,557,UNVALIDATED_COLD_TARGET_MODEL_HYPOTHESIS,0.120489106,608,2.6567657,0.47380874,/mnt/nfs-ssd/data/DTWG_AF2_homoaug_complex/AF-Q9Y5Y7-F1-model_v4_0_0_0_complex_refined_,0.057202302,50,8,8,30,7,27,3,11,6,DTWG,1
LPAUOXUZGSBGDU-STDDISTJSA-N,ponesimod,CCC/N=C1\S/C(=C\c2ccc(OC[C@H](O)CO)c(Cl)c2)C(=O)N1c1ccccc1C,51993,LYVE1,-13.208956,-12.9649515,558,UNVALIDATED_COLD_TARGET_MODEL_HYPOTHESIS,0.145246,545,1.1249456,0.23087536,/mnt/nfs-ssd/data/DTWG_AF2_homoaug_complex/AF-Q9Y5Y7-F1-model_v4_0_0_0_complex_refined_,0.13962027,320,327,311,43,371,71,0,163,157,DTWG,0
LERNTVKEWCAPOY-DZZGSBJMSA-N,tiotropium,C[N+]1(C)[C@@H]2C[C@@H](OC(=O)C(O)(c3cccs3)c3cccs3)C[C@H]1[C@@H]1O[C@@H]12,177089,LYVE1,-12.464536,-12.981807,559,UNVALIDATED_COLD_TARGET_MODEL_HYPOTHESIS,0.21282436,409,1.4091773,0.275952,/mnt/nfs-ssd/data/DTWG_AF2_homoaug_complex/AF-Q9Y5Y7-F1-model_v4_0_0_0_complex_refined_,0.079467386,294,65,152,152,14,109,1,111,101,DTWG,0
IUEWXNHSKRWHDY-PHIMTYICSA-N,abrocitinib,CCCS(=O)(=O)N[C@H]1C[C@@H](N(C)c2ncnc3[nH]ccc23)C1,60480,LYVE1,-17.2205,-12.98339,560,UNVALIDATED_COLD_TARGET_MODEL_HYPOTHESIS,0.6099437,129,-0.10498759,0.013712724,/mnt/nfs-ssd/data/DTWG_AF2_homoaug_complex/AF-Q9Y5Y7-F1-model_v4_0_0_0_complex_,0.096266784,618,282,544,573,553,514,0,538,519,DTWG,0
NTJOBXMMWNYJFB-UHFFFAOYSA-N,amisulpride,CCN1CCCC1CNC(=O)c1cc(S(=O)(=O)CC)c(N)cc1OC,65671,LYVE1,-12.566255,-12.987258,561,UNVALIDATED_COLD_TARGET_MODEL_HYPOTHESIS,0.18483496,462,2.1013894,0.38573086,/mnt/nfs-ssd/data/DTWG_AF2_homoaug_complex/AF-Q9Y5Y7-F1-model_v4_0_0_0_complex_refined_,0.10327473,177,3,36,164,19,65,2,33,23,DTWG,0
RHXHGRAEPCAFML-UHFFFAOYSA-N,ribociclib,CN(C)C(=O)c1cc2cnc(Nc3ccc(N4CCNCC4)cn3)nc2n1C1CCCC1,88754,LYVE1,-15.230154,-13.001203,562,UNVALIDATED_COLD_TARGET_MODEL_HYPOTHESIS,0.79020745,56,0.8044055,0.18004046,/mnt/nfs-ssd/data/DTWG_AF2_homoaug_complex/AF-Q9Y5Y7-F1-model_v4_0_0_0_complex_refined_,0.030494634,305,253,275,342,336,217,0,244,240,DTWG,0
FABUFPQFXZVHFB-PVYNADRNSA-N,ixabepilone,C/C(=C\c1csc(C)n1)[C@@H]1C[C@@H]2O[C@]2(C)CCC[C@H](C)[C@H](O)[C@@H](C)C(=O)C(C)(C)[C@@H](O)CC(=O)N1,2436,LYVE1,-15.102814,-13.013641,563,UNVALIDATED_COLD_TARGET_MODEL_HYPOTHESIS,0.17877837,475,0.20719624,0.08532826,/mnt/nfs-ssd/data/DTWG_AF2_homoaug_complex/AF-Q9Y5Y7-F1-model_v4_0_0_0_complex_refined_,0.15521935,691,280,626,299,214,385,0,421,433,DTWG,0
SIFNOOUKXBRGGB-AREMUKBSSA-N,elacestrant,CCNCCc1ccc(CN(CC)c2cc(OC)ccc2[C@@H]2CCc3cc(O)ccc3C2)cc1,67254,LYVE1,-15.33017,-13.017042,564,UNVALIDATED_COLD_TARGET_MODEL_HYPOTHESIS,0.25395668,368,-0.009904682,0.03151345,/mnt/nfs-ssd/data/DTWG_AF2_homoaug_complex/AF-Q9Y5Y7-F1-model_v4_0_0_0_complex_,0.14530101,258,585,648,314,493,654,0,507,492,DTWG,0
FWLMVFUGMHIOAA-UHFFFAOYSA-N,defactinib,CNC(=O)c1ccc(Nc2ncc(C(F)(F)F)c(NCc3nccnc3N(C)S(C)(=O)=O)n2)cc1,104642,LYVE1,-16.915041,-13.01868,565,UNVALIDATED_COLD_TARGET_MODEL_HYPOTHESIS,0.4177797,239,0.43774766,0.121891715,/mnt/nfs-ssd/data/DTWG_AF2_homoaug_complex/AF-Q9Y5Y7-F1-model_v4_0_0_0_complex_refined_,0.11096568,452,325,163,377,628,231,0,346,352,DTWG,0
QZZUEBNBZAPZLX-QFIPXVFZSA-N,indacaterol,CCc1cc2c(cc1CC)CC(NC[C@H](O)c1ccc(O)c3[nH]c(=O)ccc13)C2,80934,LYVE1,-13.564987,-13.041074,566,UNVALIDATED_COLD_TARGET_MODEL_HYPOTHESIS,0.53534454,168,0.43885902,0.1155277,/mnt/nfs-ssd/data/DTWG_AF2_homoaug_complex/AF-Q9Y5Y7-F1-model_v4_0_0_0_complex_,0.1079767,433,123,430,474,429,463,0,361,351,DTWG,0
LTXBFJFJUIJOQE-GOSISDBHSA-N,netarsudil,NC[C@@H](C(=O)Nc1ccc2cnccc2c1)c1ccc(CO)cc1,247624,LYVE1,-12.235928,-13.042095,567,UNVALIDATED_COLD_TARGET_MODEL_HYPOTHESIS,0.24924311,373,1.5460523,0.3228083,/mnt/nfs-ssd/data/DTWG_AF2_homoaug_complex/AF-Q9Y5Y7-F1-model_v4_0_0_0_complex_,0.123909436,23,183,37,153,176,322,0,62,73,DTWG,0
SOYKEARSMXGVTM-UHFFFAOYSA-N,chlorpheniramine,CN(C)CCC(c1ccc(Cl)cc1)c1ccccn1,89831,LYVE1,-14.236813,-13.053904,568,UNVALIDATED_COLD_TARGET_MODEL_HYPOTHESIS,0.12711853,585,0.107900925,0.05356815,/mnt/nfs-ssd/data/DTWG_AF2_homoaug_complex/AF-Q9Y5Y7-F1-model_v4_0_0_0_complex_,0.16721126,107,646,372,444,607,502,0,478,465,DTWG,0
WZOZEZRFJCJXNZ-ZBFHGGJFSA-N,cefoxitin,CO[C@@]1(NC(=O)Cc2cccs2)C(=O)N2C(C(=O)O)=C(COC(N)=O)CS[C@@H]21,121574,LYVE1,-11.962975,-13.081167,569,UNVALIDATED_COLD_TARGET_MODEL_HYPOTHESIS,0.21714738,402,1.8372203,0.37731865,/mnt/nfs-ssd/data/DTWG_AF2_homoaug_complex/AF-Q9Y5Y7-F1-model_v4_0_0_0_complex_,0.10460825,24,48,69,37,66,20,1,36,44,DTWG,0
DUGOZIWVEXMGBE-CHWSQXEVSA-N,dexmethylphenidate;serdexmethylphenidate,COC(=O)[C@H](c1ccccc1)[C@H]1CCCCN1,113064,LYVE1,-14.411596,-13.098039,570,UNVALIDATED_COLD_TARGET_MODEL_HYPOTHESIS,0.10302454,657,-0.079967596,0.018396784,/mnt/nfs-ssd/data/DTWG_AF2_homoaug_complex/AF-Q9Y5Y7-F1-model_v4_0_0_0_complex_,0.13429719,231,639,495,489,615,530,0,527,509,DTWG,0
ASMXXROZKSBQIH-VITNCHFBSA-N,aclidinium,O=C(O[C@H]1C[N+]2(CCCOc3ccccc3)CCC1CC2)C(O)(c1cccs1)c1cccs1,286609,LYVE1,-12.867142,-13.134735,571,UNVALIDATED_COLD_TARGET_MODEL_HYPOTHESIS,0.39903182,256,1.181045,0.2544743,/mnt/nfs-ssd/data/DTWG_AF2_homoaug_complex/AF-Q9Y5Y7-F1-model_v4_0_0_0_complex_,0.10805561,394,294,247,93,67,151,0,139,147,DTWG,0
YIMYDTCOUQIDMT-SNAWJCMRSA-N,diroximel fumarate,COC(=O)/C=C/C(=O)OCCN1C(=O)CCC1=O,109952,LYVE1,-12.88237,-13.146209,572,UNVALIDATED_COLD_TARGET_MODEL_HYPOTHESIS,0.090735935,690,3.2409685,0.5664582,/mnt/nfs-ssd/data/DTWG_AF2_homoaug_complex/AF-Q9Y5Y7-F1-model_v4_0_0_0_complex_refined_,0.11316455,13,1,4,70,1,1,5,1,1,DTWG,1
OJFSXZCBGQGRNV-UHFFFAOYSA-N,carbinoxamine,CN(C)CCOC(c1ccc(Cl)cc1)c1ccccn1,90675,LYVE1,-13.740582,-13.149153,573,UNVALIDATED_COLD_TARGET_MODEL_HYPOTHESIS,0.12592563,589,0.36933225,0.102511406,/mnt/nfs-ssd/data/DTWG_AF2_homoaug_complex/AF-Q9Y5Y7-F1-model_v4_0_0_0_complex_,0.16833985,85,547,341,212,552,496,0,387,382,DTWG,0
ACWBQPMHZXGDFX-QFIPXVFZSA-N,valsartan,CCCCC(=O)N(Cc1ccc(-c2ccccc2-c2nnn[nH]2)cc1)[C@H](C(=O)O)C(C)C,53279,LYVE1,-12.29282,-13.168249,574,UNVALIDATED_COLD_TARGET_MODEL_HYPOTHESIS,0.26652047,350,0.9740373,0.2069426,/mnt/nfs-ssd/data/DTWG_AF2_homoaug_complex/AF-Q9Y5Y7-F1-model_v4_0_0_0_complex_refined_,0.10896631,215,163,169,55,247,219,0,204,189,DTWG,0
XYLJNLCSTIOKRM-UHFFFAOYSA-N,brimonidine,Brc1c(NC2=NCCN2)ccc2nccnc12,18,LYVE1,-11.876928,-13.235368,575,UNVALIDATED_COLD_TARGET_MODEL_HYPOTHESIS,0.13322237,573,-0.5107355,-0.02852949,/mnt/nfs-ssd/data/DTWG_AF2_homoaug_complex/AF-Q9Y5Y7-F1-model_v4_0_0_0_complex_refined_,0.079976544,598,609,480,634,427,659,0,605,619,DTWG,0
KPYSYYIEGFHWSV-UHFFFAOYSA-N,baclofen,NCC(CC(=O)O)c1ccc(Cl)cc1,246868,LYVE1,-13.719572,-13.237937,576,UNVALIDATED_COLD_TARGET_MODEL_HYPOTHESIS,0.093866535,685,0.9274813,0.207004,/mnt/nfs-ssd/data/DTWG_AF2_homoaug_complex/AF-Q9Y5Y7-F1-model_v4_0_0_0_complex_,0.07588665,197,358,67,439,255,285,0,202,214,DTWG,0
OZVBMTJYIDMWIL-AYFBDAFISA-N,bromocriptine,CC(C)C[C@H]1C(=O)N2CCC[C@H]2[C@]2(O)O[C@](NC(=O)[C@@H]3C=C4c5cccc6[nH]c(Br)c(c56)C[C@H]4N(C)C3)(C(C)C)C(=O)N12,32235,LYVE1,-12.692665,-13.266601,577,UNVALIDATED_COLD_TARGET_MODEL_HYPOTHESIS,0.40594834,250,-0.6354122,-0.08558949,/mnt/nfs-ssd/data/DTWG_AF2_homoaug_complex/AF-Q9Y5Y7-F1-model_v4_0_0_0_complex_,0.09121259,469,600,663,665,629,695,0,663,640,DTWG,0
XOFYZVNMUHMLCC-ZPOLXVRWSA-N,prednisone,C[C@]12C=CC(=O)C=C1CC[C@@H]1[C@@H]2C(=O)C[C@@]2(C)[C@H]1CC[C@]2(O)C(=O)CO,176142,LYVE1,-17.3719,-13.283223,578,UNVALIDATED_COLD_TARGET_MODEL_HYPOTHESIS,0.11467342,623,0.8726671,0.19674207,/mnt/nfs-ssd/data/DTWG_AF2_homoaug_complex/AF-Q9Y5Y7-F1-model_v4_0_0_0_complex_,0.14105824,456,90,392,118,43,297,0,220,226,DTWG,0
BTCRKOKVYTVOLU-SJSRKZJXSA-N,bexagliflozin,OC[C@H]1O[C@@H](c2ccc(Cl)c(Cc3ccc(OCCOC4CC4)cc3)c2)[C@H](O)[C@@H](O)[C@@H]1O,303979,LYVE1,-13.180103,-13.2848835,579,UNVALIDATED_COLD_TARGET_MODEL_HYPOTHESIS,0.2895749,329,0.07611236,0.06453949,/mnt/nfs-ssd/data/DTWG_AF2_homoaug_complex/AF-Q9Y5Y7-F1-model_v4_0_0_0_complex_refined_,0.122018605,536,271,482,225,310,595,0,462,471,DTWG,0
FPOHNWQLNRZRFC-ZHACJKMWSA-N,panobinostat,Cc1[nH]c2ccccc2c1CCNCc1ccc(/C=C/C(=O)NO)cc1,177649,LYVE1,-12.948798,-13.287799,580,UNVALIDATED_COLD_TARGET_MODEL_HYPOTHESIS,0.70049316,88,1.4324965,0.30154923,/mnt/nfs-ssd/data/DTWG_AF2_homoaug_complex/AF-Q9Y5Y7-F1-model_v4_0_0_0_complex_,0.07431915,162,97,26,288,132,240,0,84,94,DTWG,0
AXQACEQYCPKDMV-RZAWKFBISA-N,naldemedine,CC(C)(NC(=O)C1=C(O)[C@@H]2Oc3c(O)ccc4c3[C@@]23CCN(CC2CC2)[C@H](C4)[C@]3(O)C1)c1nc(-c2ccccc2)no1,26529,LYVE1,-12.572357,-13.305675,581,UNVALIDATED_COLD_TARGET_MODEL_HYPOTHESIS,0.70453244,86,-0.32540298,-0.02755183,/mnt/nfs-ssd/data/DTWG_AF2_homoaug_complex/AF-Q9Y5Y7-F1-model_v4_0_0_0_complex_,0.06098749,668,553,628,584,475,536,0,604,572,DTWG,0
NBGABHGMJVIVBW-QHCPKHFHSA-N,daridorexant,COc1ccc(-n2nccn2)c(C(=O)N2CCC[C@@]2(C)c2nc3c(C)c(Cl)ccc3[nH]2)c1,140323,LYVE1,-12.73436,-13.310316,582,UNVALIDATED_COLD_TARGET_MODEL_HYPOTHESIS,0.8114636,48,-0.5675132,-0.03753394,/mnt/nfs-ssd/data/DTWG_AF2_homoaug_complex/AF-Q9Y5Y7-F1-model_v4_0_0_0_complex_refined_,0.117505215,587,608,375,501,506,528,0,615,628,DTWG,0
XFYDIVBRZNQMJC-UHFFFAOYSA-N,tizanidine,Clc1ccc2nsnc2c1NC1=NCCN1,218494,LYVE1,-11.522085,-13.344264,583,UNVALIDATED_COLD_TARGET_MODEL_HYPOTHESIS,0.14870752,530,-0.42968127,-0.015674995,/mnt/nfs-ssd/data/DTWG_AF2_homoaug_complex/AF-Q9Y5Y7-F1-model_v4_0_0_0_complex_refined_,0.10997684,648,628,333,707,375,628,0,584,598,DTWG,0
CBRJPFGIXUFMTM-WDEREUQCSA-N,ritlecitinib,C=CC(=O)N1C[C@H](Nc2ncnc3[nH]ccc23)CC[C@@H]1C,8016,LYVE1,-16.016233,-13.364422,584,UNVALIDATED_COLD_TARGET_MODEL_HYPOTHESIS,0.4920537,191,0.79366213,0.17833667,/mnt/nfs-ssd/data/DTWG_AF2_homoaug_complex/AF-Q9Y5Y7-F1-model_v4_0_0_0_complex_refined_,0.12628525,207,372,383,586,231,52,0,245,242,DTWG,0
CEFJVGZHQAGLHS-UHFFFAOYSA-N,ripretinib,CCn1c(=O)c(-c2cc(NC(=O)Nc3ccccc3)c(F)cc2Br)cc2cnc(NC)cc21,85299,LYVE1,-17.271425,-13.396696,585,UNVALIDATED_COLD_TARGET_MODEL_HYPOTHESIS,0.61052436,128,-2.0361762,-0.27063057,/mnt/nfs-ssd/data/DTWG_AF2_homoaug_complex/AF-Q9Y5Y7-F1-model_v4_0_0_0_complex_,0.09451584,696,712,716,719,716,718,0,718,719,DTWG,0
HGVDHZBSSITLCT-JLJPHGGASA-N,edoxaban,CN1CCc2nc(C(=O)N[C@@H]3C[C@@H](C(=O)N(C)C)CC[C@@H]3NC(=O)C(=O)Nc3ccc(Cl)cn3)sc2C1,101626,LYVE1,-14.361007,-13.404657,586,UNVALIDATED_COLD_TARGET_MODEL_HYPOTHESIS,0.3738625,270,0.47427657,0.12215831,/mnt/nfs-ssd/data/DTWG_AF2_homoaug_complex/AF-Q9Y5Y7-F1-model_v4_0_0_0_complex_,0.08301678,205,472,226,505,393,427,0,344,338,DTWG,0
FYMHQCNFKNMJAV-HOTGVXAUSA-N,finafloxacin,N#Cc1c(N2C[C@@H]3NCCO[C@H]3C2)c(F)cc2c(=O)c(C(=O)O)cn(C3CC3)c12,234114,LYVE1,-11.127588,-13.442805,587,UNVALIDATED_COLD_TARGET_MODEL_HYPOTHESIS,0.5126186,182,1.6194863,0.30930522,/mnt/nfs-ssd/data/DTWG_AF2_homoaug_complex/AF-Q9Y5Y7-F1-model_v4_0_0_0_complex_refined_,0.09605186,174,10,113,97,103,347,1,77,65,DTWG,0
QOIGKGMMAGJZNZ-UHFFFAOYSA-N,gepirone,CC1(C)CC(=O)N(CCCCN2CCN(c3ncccn3)CC2)C(=O)C1,43034,LYVE1,-12.182328,-13.44847,588,UNVALIDATED_COLD_TARGET_MODEL_HYPOTHESIS,0.22351566,398,1.8652971,0.34828866,/mnt/nfs-ssd/data/DTWG_AF2_homoaug_complex/AF-Q9Y5Y7-F1-model_v4_0_0_0_complex_refined_,0.11871683,102,17,121,138,8,53,2,48,42,DTWG,0
BALLNEJQLSTPIO-UHFFFAOYSA-N,fruquintinib,CNC(=O)c1c(C)oc2cc(Oc3ncnc4cc(OC)c(OC)cc34)ccc12,103868,LYVE1,-14.289672,-13.454814,589,UNVALIDATED_COLD_TARGET_MODEL_HYPOTHESIS,0.3019145,314,-0.18826327,0.02261181,/mnt/nfs-ssd/data/DTWG_AF2_homoaug_complex/AF-Q9Y5Y7-F1-model_v4_0_0_0_complex_refined_,0.0859278,532,301,599,405,610,664,0,518,538,DTWG,0
RWTNPBWLLIMQHL-UHFFFAOYSA-N,fexofenadine,CC(C)(C(=O)O)c1ccc(C(O)CCCN2CCC(C(O)(c3ccccc3)c3ccccc3)CC2)cc1,21556,LYVE1,-12.426405,-13.463502,590,UNVALIDATED_COLD_TARGET_MODEL_HYPOTHESIS,0.52388924,173,0.12932491,0.057578992,/mnt/nfs-ssd/data/DTWG_AF2_homoaug_complex/AF-Q9Y5Y7-F1-model_v4_0_0_0_complex_,0.10145781,404,552,582,438,293,526,0,470,461,DTWG,0
SNUDIPVBUUXCDG-QHSBEEBCSA-N,tebipenem pivoxil,C[C@@H](O)[C@H]1C(=O)N2C(C(=O)OCOC(=O)C(C)(C)C)=C(SC3CN(C4=NCCS4)C3)[C@H](C)[C@H]12,166590,LYVE1,-12.000634,-13.472315,591,UNVALIDATED_COLD_TARGET_MODEL_HYPOTHESIS,0.10523976,649,2.8644388,0.50674385,/mnt/nfs-ssd/data/DTWG_AF2_homoaug_complex/AF-Q9Y5Y7-F1-model_v4_0_0_0_complex_refined_,0.11797859,65,2,56,3,6,2,4,5,3,DTWG,1
PNCPYILNMDWPEY-QGZVFWFLSA-N,silodosin,C[C@H](Cc1cc2c(c(C(N)=O)c1)N(CCCO)CC2)NCCOc1ccccc1OCC(F)(F)F,171410,LYVE1,-12.61675,-13.506382,592,UNVALIDATED_COLD_TARGET_MODEL_HYPOTHESIS,0.44664103,219,-0.75301695,-0.10760659,/mnt/nfs-ssd/data/DTWG_AF2_homoaug_complex/AF-Q9Y5Y7-F1-model_v4_0_0_0_complex_,0.080216095,589,579,699,689,631,639,0,680,663,DTWG,0
GJSURZIOUXUGAL-UHFFFAOYSA-N,clonidine,Clc1cccc(Cl)c1NC1=NCCN1,218602,LYVE1,-12.0148735,-13.509898,593,UNVALIDATED_COLD_TARGET_MODEL_HYPOTHESIS,0.10748957,644,-0.78391296,-0.071853064,/mnt/nfs-ssd/data/DTWG_AF2_homoaug_complex/AF-Q9Y5Y7-F1-model_v4_0_0_0_complex_refined_,0.11314818,520,674,358,709,530,641,0,651,670,DTWG,0
CPZBLNMUGSZIPR-NVXWUHKLSA-N,palonosetron,O=C1c2cccc3c2[C@H](CCC3)CN1[C@@H]1CN2CCC1CC2,295129,LYVE1,-13.695982,-13.523028,594,UNVALIDATED_COLD_TARGET_MODEL_HYPOTHESIS,0.23055069,393,0.43024603,0.113915235,/mnt/nfs-ssd/data/DTWG_AF2_homoaug_complex/AF-Q9Y5Y7-F1-model_v4_0_0_0_complex_,0.095591806,319,330,455,207,302,277,0,366,356,DTWG,0
JWJOTENAMICLJG-QWBYCMEYSA-N,dutasteride,C[C@]12C=CC(=O)N[C@@H]1CC[C@@H]1[C@@H]2CC[C@]2(C)[C@@H](C(=O)Nc3cc(C(F)(F)F)ccc3C(F)(F)F)CC[C@@H]12,176222,LYVE1,-13.7168255,-13.551914,595,UNVALIDATED_COLD_TARGET_MODEL_HYPOTHESIS,0.6559926,110,0.25271374,0.08067895,/mnt/nfs-ssd/data/DTWG_AF2_homoaug_complex/AF-Q9Y5Y7-F1-model_v4_0_0_0_complex_,0.14777389,607,131,517,475,399,335,0,432,420,DTWG,0
FIDLLEYNNRGVFR-CTNGQTDRSA-N,baloxavir marboxil,O=C1c2c(O)c(=O)ccn2N([C@@H]2c3ccccc3SCc3c2ccc(F)c3F)[C@@H]2COCCN12,294865,LYVE1,-12.957886,-13.562115,596,UNVALIDATED_COLD_TARGET_MODEL_HYPOTHESIS,0.58111,141,0.72098523,0.16681074,/mnt/nfs-ssd/data/DTWG_AF2_homoaug_complex/AF-Q9Y5Y7-F1-model_v4_0_0_0_complex_refined_,0.15426916,560,574,33,192,319,273,0,269,264,DTWG,0
JVHXJTBJCFBINQ-ADAARDCZSA-N,dapagliflozin,CCOc1ccc(Cc2cc([C@@H]3O[C@H](CO)[C@@H](O)[C@H](O)[C@H]3O)ccc2Cl)cc1,74511,LYVE1,-13.488848,-13.571345,597,UNVALIDATED_COLD_TARGET_MODEL_HYPOTHESIS,0.25399908,367,0.6846897,0.16105458,/mnt/nfs-ssd/data/DTWG_AF2_homoaug_complex/AF-Q9Y5Y7-F1-model_v4_0_0_0_complex_refined_,0.15984085,518,219,424,65,148,373,0,285,283,DTWG,0
WSEQXVZVJXJVFP-FQEVSTJZSA-N,escitalopram,CN(C)CCC[C@@]1(c2ccc(F)cc2)OCc2cc(C#N)ccc21,90261,LYVE1,-16.537893,-13.580039,598,UNVALIDATED_COLD_TARGET_MODEL_HYPOTHESIS,0.16937307,489,0.3174655,0.092801295,/mnt/nfs-ssd/data/DTWG_AF2_homoaug_complex/AF-Q9Y5Y7-F1-model_v4_0_0_0_complex_,0.08727833,330,349,425,295,526,547,0,410,400,DTWG,0
HMABYWSNWIZPAG-UHFFFAOYSA-N,rucaparib,CNCc1ccc(-c2[nH]c3cc(F)cc4c3c2CCNC4=O)cc1,107467,LYVE1,-12.780203,-13.580909,599,UNVALIDATED_COLD_TARGET_MODEL_HYPOTHESIS,0.39428374,258,0.76059467,0.1757607,/mnt/nfs-ssd/data/DTWG_AF2_homoaug_complex/AF-Q9Y5Y7-F1-model_v4_0_0_0_complex_,0.049799614,428,192,162,316,349,353,0,253,255,DTWG,0
CMHHMUWAYWTMGS-UHFFFAOYSA-N,benoxinate,CCCCOc1cc(C(=O)OCCN(CC)CC)ccc1N,57476,LYVE1,-12.65289,-13.605025,600,UNVALIDATED_COLD_TARGET_MODEL_HYPOTHESIS,0.107828826,643,1.2881235,0.27452075,/mnt/nfs-ssd/data/DTWG_AF2_homoaug_complex/AF-Q9Y5Y7-F1-model_v4_0_0_0_complex_,0.13061628,100,39,192,42,258,120,0,116,124,DTWG,0
QNZCBYKSOIHPEH-UHFFFAOYSA-N,apixaban,COc1ccc(-n2nc(C(N)=O)c3c2C(=O)N(c2ccc(N4CCCCC4=O)cc2)CC3)cc1,140238,LYVE1,-13.940633,-13.619314,601,UNVALIDATED_COLD_TARGET_MODEL_HYPOTHESIS,0.488105,193,-0.65583223,-0.053576723,/mnt/nfs-ssd/data/DTWG_AF2_homoaug_complex/AF-Q9Y5Y7-F1-model_v4_0_0_0_complex_,0.119107865,594,380,419,657,623,469,0,631,642,DTWG,0
MJIHNNLFOKEZEW-UHFFFAOYSA-N,lansoprazole,Cc1c(OCC(F)(F)F)ccnc1C[S+]([O-])c1nc2ccccc2[nH]1,180922,LYVE1,-12.81255,-13.636468,602,UNVALIDATED_COLD_TARGET_MODEL_HYPOTHESIS,0.4246973,231,1.3588954,0.26797777,/mnt/nfs-ssd/data/DTWG_AF2_homoaug_complex/AF-Q9Y5Y7-F1-model_v4_0_0_0_complex_refined_,0.16725409,27,199,464,208,84,47,0,122,112,DTWG,0
BFPYWIDHMRZLRN-SLHNCBLASA-N,ethinyl estradiol,C#C[C@]1(O)CC[C@H]2[C@@H]3CCc4cc(O)ccc4[C@H]3CC[C@@]21C,1604,LYVE1,-15.851413,-13.660794,603,UNVALIDATED_COLD_TARGET_MODEL_HYPOTHESIS,0.1682416,494,0.013130382,0.035825904,/mnt/nfs-ssd/data/DTWG_AF2_homoaug_complex/AF-Q9Y5Y7-F1-model_v4_0_0_0_complex_,0.09107367,401,374,585,487,534,574,0,500,486,DTWG,0
TZFNLOMSOLWIDK-JTQLQIEISA-N,carbidopa,C[C@@](Cc1ccc(O)c(O)c1)(NN)C(=O)O,169977,LYVE1,-12.516911,-13.674124,604,UNVALIDATED_COLD_TARGET_MODEL_HYPOTHESIS,0.18506785,461,1.4855648,0.31148428,/mnt/nfs-ssd/data/DTWG_AF2_homoaug_complex/AF-Q9Y5Y7-F1-model_v4_0_0_0_complex_,0.07073645,151,140,115,247,68,112,0,73,84,DTWG,0
DUXZAXCGJSBGDW-HXUWFJFHSA-N,fesoterodine,CC(C)N(CC[C@H](c1ccccc1)c1cc(CO)ccc1O)C(C)C,32732,LYVE1,-13.354768,-13.692747,605,UNVALIDATED_COLD_TARGET_MODEL_HYPOTHESIS,0.13019483,577,0.2061199,0.07195599,/mnt/nfs-ssd/data/DTWG_AF2_homoaug_complex/AF-Q9Y5Y7-F1-model_v4_0_0_0_complex_,0.14867945,295,275,523,219,419,417,0,443,434,DTWG,0
HFNKQEVNSGCOJV-OAHLLOKOSA-N,ruxolitinib,N#CC[C@H](C1CCCC1)n1cc(-c2ncnc3[nH]ccc23)cn1,232410,LYVE1,-15.653194,-13.721516,606,UNVALIDATED_COLD_TARGET_MODEL_HYPOTHESIS,0.8551204,26,-0.6103668,-0.04433015,/mnt/nfs-ssd/data/DTWG_AF2_homoaug_complex/AF-Q9Y5Y7-F1-model_v4_0_0_0_complex_refined_,0.061358392,413,549,618,663,657,678,0,623,635,DTWG,0
KDGFLJKFZUIJMX-UHFFFAOYSA-N,alectinib,CCc1cc2c(cc1N1CCC(N3CCOCC3)CC1)C(C)(C)c1[nH]c3cc(C#N)ccc3c1C2=O,80943,LYVE1,-15.560585,-13.722677,607,UNVALIDATED_COLD_TARGET_MODEL_HYPOTHESIS,0.77251184,61,-0.1380401,0.030576771,/mnt/nfs-ssd/data/DTWG_AF2_homoaug_complex/AF-Q9Y5Y7-F1-model_v4_0_0_0_complex_refined_,0.10025639,622,448,432,277,621,570,0,508,526,DTWG,0
JEECQCWWSTZDCK-IQZGDKDPSA-N,omadacycline,CN(C)c1cc(CNCC(C)(C)C)c(O)c2c1C[C@H]1C[C@H]3[C@H](N(C)C)C(O)=C(C(N)=O)C(=O)[C@@]3(O)C(O)=C1C2=O,92057,LYVE1,-13.109616,-13.782655,608,UNVALIDATED_COLD_TARGET_MODEL_HYPOTHESIS,0.23378067,391,0.4390491,0.12209811,/mnt/nfs-ssd/data/DTWG_AF2_homoaug_complex/AF-Q9Y5Y7-F1-model_v4_0_0_0_complex_refined_,0.098377645,459,532,351,151,423,378,0,345,350,DTWG,0
PDGKHKMBHVFCMG-UHFFFAOYSA-N,trilaciclib,CN1CCN(c2ccc(Nc3ncc4cc5n(c4n3)C3(CCCCC3)CNC5=O)nc2)CC1,100746,LYVE1,-16.612316,-13.806884,609,UNVALIDATED_COLD_TARGET_MODEL_HYPOTHESIS,0.8748789,17,0.027614038,0.05684808,/mnt/nfs-ssd/data/DTWG_AF2_homoaug_complex/AF-Q9Y5Y7-F1-model_v4_0_0_0_complex_refined_,0.08835977,556,494,277,417,462,401,0,473,481,DTWG,1
RHWKPHLQXYSBKR-BMIGLBTASA-N,dolutegravir,C[C@@H]1CCO[C@H]2Cn3cc(C(=O)NCc4ccc(F)cc4F)c(=O)c(O)c3C(=O)N12,167889,LYVE1,-13.158475,-13.811928,610,UNVALIDATED_COLD_TARGET_MODEL_HYPOTHESIS,0.44404256,221,1.6846486,0.3196394,/mnt/nfs-ssd/data/DTWG_AF2_homoaug_complex/AF-Q9Y5Y7-F1-model_v4_0_0_0_complex_refined_,0.06749422,154,20,114,110,38,58,1,67,57,DTWG,0
BSMCAPRUBJMWDF-KRWDZBQOSA-N,cobimetinib,O=C(c1ccc(F)c(F)c1Nc1ccc(I)cc1F)N1CC(O)([C@@H]2CCCCN2)C1,287748,LYVE1,-13.835917,-13.820158,611,UNVALIDATED_COLD_TARGET_MODEL_HYPOTHESIS,0.75107145,67,0.7114519,0.16656053,/mnt/nfs-ssd/data/DTWG_AF2_homoaug_complex/AF-Q9Y5Y7-F1-model_v4_0_0_0_complex_,0.05248854,325,223,199,449,311,318,0,270,273,DTWG,0
ZBMZVLHSJCTVON-UHFFFAOYSA-N,sotalol,CC(C)NCC(O)c1ccc(NS(C)(=O)=O)cc1,33764,LYVE1,-12.320911,-13.824755,612,UNVALIDATED_COLD_TARGET_MODEL_HYPOTHESIS,0.14755885,537,2.3700402,0.47706926,/mnt/nfs-ssd/data/DTWG_AF2_homoaug_complex/AF-Q9Y5Y7-F1-model_v4_0_0_0_complex_,0.09461573,19,31,23,18,5,34,3,10,17,DTWG,1
FVTWTVQXNAJTQP-UHFFFAOYSA-N,umeclidinium,OC(c1ccccc1)(c1ccccc1)C12CC[N+](CCOCc3ccccc3)(CC1)CC2,302772,LYVE1,-14.69582,-13.8269005,613,UNVALIDATED_COLD_TARGET_MODEL_HYPOTHESIS,0.3693414,276,0.76553375,0.17668535,/mnt/nfs-ssd/data/DTWG_AF2_homoaug_complex/AF-Q9Y5Y7-F1-model_v4_0_0_0_complex_,0.109422855,273,397,498,185,278,183,0,250,253,DTWG,0
KXNPVXPOPUZYGB-IOVMHBDKSA-N,argatroban,CC1CNc2c(cccc2S(=O)(=O)N[C@@H](CCCNC(=N)N)C(=O)N2CC[C@@H](C)C[C@@H]2C(=O)O)C1,48655,LYVE1,-15.974867,-13.83977,614,UNVALIDATED_COLD_TARGET_MODEL_HYPOTHESIS,0.47837165,195,0.9516398,0.21152675,/mnt/nfs-ssd/data/DTWG_AF2_homoaug_complex/AF-Q9Y5Y7-F1-model_v4_0_0_0_complex_,0.09715263,257,292,399,147,292,128,0,191,204,DTWG,0
QKDRXGFQVGOQKS-CRSSMBPESA-N,sotagliflozin,CCOc1ccc(Cc2cc([C@@H]3O[C@H](SC)[C@@H](O)[C@H](O)[C@H]3O)ccc2Cl)cc1,74524,LYVE1,-14.087439,-13.847266,615,UNVALIDATED_COLD_TARGET_MODEL_HYPOTHESIS,0.28568524,331,0.8724334,0.19082911,/mnt/nfs-ssd/data/DTWG_AF2_homoaug_complex/AF-Q9Y5Y7-F1-model_v4_0_0_0_complex_refined_,0.15179183,460,217,334,105,47,249,0,229,227,DTWG,0
LHHCSNFAOIFYRV-DOVBMPENSA-N,boceprevir,CC(C)(C)NC(=O)N[C@H](C(=O)N1C[C@H]2[C@@H]([C@H]1C(=O)NC(CC1CCC1)C(=O)C(N)=O)C2(C)C)C(C)(C)C,22604,LYVE1,-13.9148,-13.854723,616,UNVALIDATED_COLD_TARGET_MODEL_HYPOTHESIS,0.4244346,232,-0.7573555,-0.06764128,/mnt/nfs-ssd/data/DTWG_AF2_homoaug_complex/AF-Q9Y5Y7-F1-model_v4_0_0_0_complex_refined_,0.08960543,698,530,660,674,608,504,0,648,664,DTWG,0
ZGLHBRQAEXKACO-XJRQOBMKSA-N,doxercalciferol,C=C1/C(=C\C=C2/CCC[C@]3(C)[C@@H]([C@H](C)/C=C/[C@H](C)C(C)(C)O)CC[C@@H]23)C[C@@H](O)C[C@@H]1O,4100,LYVE1,-16.093918,-13.867084,617,UNVALIDATED_COLD_TARGET_MODEL_HYPOTHESIS,0.50841135,183,-0.82532483,-0.095820785,/mnt/nfs-ssd/data/DTWG_AF2_homoaug_complex/AF-Q9Y5Y7-F1-model_v4_0_0_0_complex_,0.17124905,554,159,713,602,676,713,0,669,676,DTWG,0
GPXBXXGIAQBQNI-UHFFFAOYSA-N,vemurafenib,CCCS(=O)(=O)Nc1ccc(F)c(C(=O)c2c[nH]c3ncc(-c4ccc(Cl)cc4)cc23)c1F,60523,LYVE1,-17.425722,-13.904821,618,UNVALIDATED_COLD_TARGET_MODEL_HYPOTHESIS,0.8739631,18,-0.5715755,-0.038178187,/mnt/nfs-ssd/data/DTWG_AF2_homoaug_complex/AF-Q9Y5Y7-F1-model_v4_0_0_0_complex_refined_,0.08330265,566,624,651,429,650,579,0,616,629,DTWG,1
UCJGJABZCDBEDK-UHFFFAOYSA-N,bazedoxifene,Cc1c(-c2ccc(O)cc2)n(Cc2ccc(OCCN3CCCCCC3)cc2)c2ccc(O)cc12,178041,LYVE1,-15.35757,-13.908059,619,UNVALIDATED_COLD_TARGET_MODEL_HYPOTHESIS,0.6409765,115,0.13202982,0.058085386,/mnt/nfs-ssd/data/DTWG_AF2_homoaug_complex/AF-Q9Y5Y7-F1-model_v4_0_0_0_complex_,0.1376186,202,522,627,357,435,615,0,469,459,DTWG,0
WSNODXPBBALQOF-VEJSHDCNSA-N,tafluprost,CC(C)OC(=O)CCC/C=C\C[C@@H]1[C@@H](/C=C/C(F)(F)COc2ccccc2)[C@H](O)C[C@@H]1O,34688,LYVE1,-12.485801,-13.912344,620,UNVALIDATED_COLD_TARGET_MODEL_HYPOTHESIS,0.5144195,178,-0.22601064,0.016625406,/mnt/nfs-ssd/data/DTWG_AF2_homoaug_complex/AF-Q9Y5Y7-F1-model_v4_0_0_0_complex_refined_,0.15680835,695,309,672,227,297,567,0,533,548,DTWG,0
WYQFJHHDOKWSHR-MNOVXSKESA-N,upadacitinib,CC[C@@H]1CN(C(=O)NCC(F)(F)F)C[C@@H]1c1cnc2cnc3[nH]ccc3n12,77456,LYVE1,-17.22054,-13.919941,621,UNVALIDATED_COLD_TARGET_MODEL_HYPOTHESIS,0.73618597,72,-0.32937703,0.00023238982,/mnt/nfs-ssd/data/DTWG_AF2_homoaug_complex/AF-Q9Y5Y7-F1-model_v4_0_0_0_complex_refined_,0.06829055,678,400,637,610,554,462,0,562,575,DTWG,0
WSEQXVZVJXJVFP-UHFFFAOYSA-N,citalopram,CN(C)CCCC1(c2ccc(F)cc2)OCc2cc(C#N)ccc21,89873,LYVE1,-17.041937,-13.923236,622,UNVALIDATED_COLD_TARGET_MODEL_HYPOTHESIS,0.16937307,490,0.19480518,0.06983773,/mnt/nfs-ssd/data/DTWG_AF2_homoaug_complex/AF-Q9Y5Y7-F1-model_v4_0_0_0_complex_,0.086239405,341,408,467,333,540,588,0,446,436,DTWG,0
GMRQFYUYWCNGIN-NKMMMXOESA-N,calcitriol,C=C1/C(=C\C=C2/CCC[C@]3(C)[C@@H]([C@H](C)CCCC(C)(C)O)CC[C@@H]23)C[C@@H](O)C[C@@H]1O,4106,LYVE1,-16.438086,-13.927898,623,UNVALIDATED_COLD_TARGET_MODEL_HYPOTHESIS,0.47331405,201,-0.80126345,-0.11106231,/mnt/nfs-ssd/data/DTWG_AF2_homoaug_complex/AF-Q9Y5Y7-F1-model_v4_0_0_0_complex_,0.16252579,492,205,708,611,685,716,0,684,673,DTWG,0
GZUITABIAKMVPG-UHFFFAOYSA-N,raloxifene,O=C(c1ccc(OCCN2CCCCC2)cc1)c1c(-c2ccc(O)cc2)sc2cc(O)ccc12,288006,LYVE1,-15.532518,-13.939651,624,UNVALIDATED_COLD_TARGET_MODEL_HYPOTHESIS,0.41036046,244,0.8612137,0.19459786,/mnt/nfs-ssd/data/DTWG_AF2_homoaug_complex/AF-Q9Y5Y7-F1-model_v4_0_0_0_complex_,0.07103829,254,384,245,155,242,366,0,221,229,DTWG,0
RZVPBGBYGMDSBG-GGAORHGYSA-N,baloxavir marboxil,COC(=O)OCOc1c2n(ccc1=O)N([C@@H]1c3ccccc3SCc3c1ccc(F)c3F)[C@@H]1COCCN1C2=O,112325,LYVE1,-13.722032,-13.94838,625,UNVALIDATED_COLD_TARGET_MODEL_HYPOTHESIS,0.72841746,75,-0.39388445,-0.009997924,/mnt/nfs-ssd/data/DTWG_AF2_homoaug_complex/AF-Q9Y5Y7-F1-model_v4_0_0_0_complex_refined_,0.15124694,654,692,352,213,562,669,0,579,593,DTWG,0
ODAIHABQVKJNIY-PEDHHIEDSA-N,perindopril,CCC[C@H](N[C@@H](C)C(=O)N1[C@H](C(=O)O)C[C@@H]2CCCC[C@@H]21)C(=O)O,61056,LYVE1,-14.328947,-13.956827,626,UNVALIDATED_COLD_TARGET_MODEL_HYPOTHESIS,0.21142149,411,0.8978741,0.20146114,/mnt/nfs-ssd/data/DTWG_AF2_homoaug_complex/AF-Q9Y5Y7-F1-model_v4_0_0_0_complex_,0.10058329,490,152,269,148,201,278,0,217,217,DTWG,0
OBWASQILIWPZMG-QZMOQZSNSA-N,empagliflozin,OC[C@H]1O[C@@H](c2ccc(Cl)c(Cc3ccc(O[C@H]4CCOC4)cc3)c2)[C@H](O)[C@@H](O)[C@@H]1O,303984,LYVE1,-14.078847,-13.970365,627,UNVALIDATED_COLD_TARGET_MODEL_HYPOTHESIS,0.3076666,311,0.13098958,0.073242545,/mnt/nfs-ssd/data/DTWG_AF2_homoaug_complex/AF-Q9Y5Y7-F1-model_v4_0_0_0_complex_refined_,0.15823345,524,284,514,101,343,509,0,442,460,DTWG,0
SDEAXTCZPQIFQM-UHFFFAOYSA-N,tucatinib,Cc1cc(Nc2ncnc3ccc(NC4=NC(C)(C)CO4)cc23)ccc1Oc1ccn2ncnc2c1,189473,LYVE1,-14.731277,-13.998336,628,UNVALIDATED_COLD_TARGET_MODEL_HYPOTHESIS,0.53491503,169,-1.8298789,-0.30920878,/mnt/nfs-ssd/data/DTWG_AF2_homoaug_complex/AF-Q9Y5Y7-F1-model_v4_0_0_0_complex_,0.11225794,704,715,720,718,719,689,0,719,718,DTWG,0
WWYNJERNGUHSAO-XUDSTZEESA-N,levonorgestrel,C#C[C@]1(O)CC[C@H]2[C@@H]3CCC4=CC(=O)CC[C@@H]4[C@H]3CC[C@@]21CC,1600,LYVE1,-16.74886,-13.999879,629,UNVALIDATED_COLD_TARGET_MODEL_HYPOTHESIS,0.1081363,642,0.11012189,0.06993311,/mnt/nfs-ssd/data/DTWG_AF2_homoaug_complex/AF-Q9Y5Y7-F1-model_v4_0_0_0_complex_refined_,0.10113599,463,265,494,425,251,533,0,445,464,DTWG,0
UJLAWZDWDVHWOW-YPMHNXCESA-N,tofacitinib,C[C@@H]1CCN(C(=O)CC#N)C[C@@H]1N(C)c1ncnc2[nH]ccc12,167837,LYVE1,-16.433758,-14.050597,630,UNVALIDATED_COLD_TARGET_MODEL_HYPOTHESIS,0.55465776,154,-0.18363325,0.02334609,/mnt/nfs-ssd/data/DTWG_AF2_homoaug_complex/AF-Q9Y5Y7-F1-model_v4_0_0_0_complex_refined_,0.07229416,610,387,639,615,389,479,0,517,537,DTWG,0
XUZMWHLSFXCVMG-UHFFFAOYSA-N,baricitinib,CCS(=O)(=O)N1CC(CC#N)(n2cc(-c3ncnc4[nH]ccc34)cn2)C1,75895,LYVE1,-17.332968,-14.058197,631,UNVALIDATED_COLD_TARGET_MODEL_HYPOTHESIS,0.81874907,43,-0.24078111,-0.011709544,/mnt/nfs-ssd/data/DTWG_AF2_homoaug_complex/AF-Q9Y5Y7-F1-model_v4_0_0_0_complex_,0.11707666,507,317,666,587,643,551,0,581,552,DTWG,0
RVOLLAQWKVFTGE-UHFFFAOYSA-N,pyridostigmine,CN(C)C(=O)Oc1ccc[n+](C)c1,88379,LYVE1,-13.577718,-14.062348,632,UNVALIDATED_COLD_TARGET_MODEL_HYPOTHESIS,0.07373522,711,0.6392865,0.15385403,/mnt/nfs-ssd/data/DTWG_AF2_homoaug_complex/AF-Q9Y5Y7-F1-model_v4_0_0_0_complex_refined_,0.110212535,117,350,306,466,307,108,0,296,296,DTWG,0
QFFGVLORLPOAEC-SNVBAGLBSA-N,besifloxacin,N[C@@H]1CCCCN(c2c(F)cc3c(=O)c(C(=O)O)cn(C4CC4)c3c2Cl)C1,252415,LYVE1,-11.914427,-14.105695,633,UNVALIDATED_COLD_TARGET_MODEL_HYPOTHESIS,0.30000362,318,1.6243061,0.3100696,/mnt/nfs-ssd/data/DTWG_AF2_homoaug_complex/AF-Q9Y5Y7-F1-model_v4_0_0_0_complex_refined_,0.04178366,57,55,89,114,143,260,0,75,64,DTWG,0
YREYEVIYCVEVJK-UHFFFAOYSA-N,rabeprazole,COCCCOc1ccnc(C[S+]([O-])c2nc3ccccc3[nH]2)c1C,117015,LYVE1,-13.083746,-14.1508045,634,UNVALIDATED_COLD_TARGET_MODEL_HYPOTHESIS,0.23132756,392,1.5813278,0.3032536,/mnt/nfs-ssd/data/DTWG_AF2_homoaug_complex/AF-Q9Y5Y7-F1-model_v4_0_0_0_complex_refined_,0.14627491,12,108,401,142,96,74,1,82,68,DTWG,0
AYXYPKUFHZROOJ-ZETCQYMHSA-N,pregabalin,CC(C)C[C@H](CN)CC(=O)O,31637,LYVE1,-13.847917,-14.160546,635,UNVALIDATED_COLD_TARGET_MODEL_HYPOTHESIS,0.09401027,683,0.4574905,0.11901575,/mnt/nfs-ssd/data/DTWG_AF2_homoaug_complex/AF-Q9Y5Y7-F1-model_v4_0_0_0_complex_,0.042982068,449,354,388,330,356,390,0,356,345,DTWG,0
QUIJNHUBAXPXFS-XLJNKUFUSA-N,bedaquiline,COc1nc2ccc(Br)cc2cc1[C@@H](c1ccccc1)[C@@](O)(CCN(C)C)c1cccc2ccccc12,158128,LYVE1,-15.756786,-14.171395,636,UNVALIDATED_COLD_TARGET_MODEL_HYPOTHESIS,0.34200048,294,-0.94256073,-0.14309157,/mnt/nfs-ssd/data/DTWG_AF2_homoaug_complex/AF-Q9Y5Y7-F1-model_v4_0_0_0_complex_,0.07756838,672,700,633,622,688,684,0,698,688,DTWG,0
RLAWWYSOJDYHDC-BZSNNMDCSA-N,lisinopril,NCCCC[C@H](N[C@@H](CCc1ccccc1)C(=O)O)C(=O)N1CCC[C@H]1C(=O)O,247231,LYVE1,-13.694228,-14.172471,637,UNVALIDATED_COLD_TARGET_MODEL_HYPOTHESIS,0.24819387,376,1.5535228,0.32420686,/mnt/nfs-ssd/data/DTWG_AF2_homoaug_complex/AF-Q9Y5Y7-F1-model_v4_0_0_0_complex_,0.043803353,189,117,81,58,190,122,0,61,72,DTWG,0
MKJIEFSOBYUXJB-WEZHFFAMSA-N,deutetrabenazine,[2H]C([2H])([2H])Oc1cc2c(cc1OC([2H])([2H])[2H])[C@@H]1CC(=O)[C@@H](CC(C)C)CN1CC2,306547,LYVE1,-13.921177,-14.199508,638,UNVALIDATED_COLD_TARGET_MODEL_HYPOTHESIS,0.18316455,464,0.8078482,0.18460715,/mnt/nfs-ssd/data/DTWG_AF2_homoaug_complex/AF-Q9Y5Y7-F1-model_v4_0_0_0_complex_,0.14303772,172,241,612,195,133,274,0,234,239,DTWG,0
JVLBPIPGETUEET-WIXLDOGYSA-O,methylnaltrexone,C[N@+]1(CC2CC2)CC[C@]23c4c5ccc(O)c4O[C@H]2C(=O)CC[C@@]3(O)[C@H]1C5,177119,LYVE1,-14.809945,-14.202075,639,UNVALIDATED_COLD_TARGET_MODEL_HYPOTHESIS,0.12977225,578,0.52229774,0.13114849,/mnt/nfs-ssd/data/DTWG_AF2_homoaug_complex/AF-Q9Y5Y7-F1-model_v4_0_0_0_complex_,0.12817731,221,299,592,235,358,488,0,330,329,DTWG,0
YIBOMRUWOWDFLG-ONEGZZNKSA-N,rilpivirine,Cc1cc(/C=C/C#N)cc(C)c1Nc1ccnc(Nc2ccc(C#N)cc2)n1,183378,LYVE1,-17.149857,-14.2208805,640,UNVALIDATED_COLD_TARGET_MODEL_HYPOTHESIS,0.5407512,162,0.96523947,0.20554733,/mnt/nfs-ssd/data/DTWG_AF2_homoaug_complex/AF-Q9Y5Y7-F1-model_v4_0_0_0_complex_refined_,0.08513867,113,415,305,127,282,282,0,206,193,DTWG,0
METQSPRSQINEEU-HXCATZOESA-N,drospirenone,C[C@]12CCC(=O)C=C1[C@@H]1C[C@@H]1[C@H]1[C@@H]3[C@@H]4C[C@@H]4[C@@]4(CCC(=O)O4)[C@@]3(C)CC[C@@H]12,176362,LYVE1,-16.681128,-14.234667,641,UNVALIDATED_COLD_TARGET_MODEL_HYPOTHESIS,0.14430697,548,0.47445214,0.12771273,/mnt/nfs-ssd/data/DTWG_AF2_homoaug_complex/AF-Q9Y5Y7-F1-model_v4_0_0_0_complex_refined_,0.13614136,384,277,380,224,140,409,0,335,337,DTWG,0
WXCXUHSOUPDCQV-UHFFFAOYSA-N,enzalutamide,CNC(=O)c1ccc(N2C(=S)N(c3ccc(C#N)c(C(F)(F)F)c3)C(=O)C2(C)C)cc1F,104472,LYVE1,-14.497687,-14.241104,642,UNVALIDATED_COLD_TARGET_MODEL_HYPOTHESIS,0.19576804,435,1.0337182,0.21640748,/mnt/nfs-ssd/data/DTWG_AF2_homoaug_complex/AF-Q9Y5Y7-F1-model_v4_0_0_0_complex_refined_,0.08504131,290,235,168,131,156,477,0,179,177,DTWG,0
BLIJXOOIHRSQRB-PXYINDEMSA-N,darolutamide,CC(O)c1cc(C(=O)N[C@@H](C)Cn2ccc(-c3ccc(C#N)c(Cl)c3)n2)n[nH]1,41330,LYVE1,-16.853233,-14.262182,643,UNVALIDATED_COLD_TARGET_MODEL_HYPOTHESIS,0.548422,159,0.41256517,0.11390414,/mnt/nfs-ssd/data/DTWG_AF2_homoaug_complex/AF-Q9Y5Y7-F1-model_v4_0_0_0_complex_,0.13406087,346,197,493,326,266,377,0,367,366,DTWG,0
SOLUWJRYJLAZCX-LYOVBCGYSA-N,bictegravir,O=C(NCc1c(F)cc(F)cc1F)c1cn2c(c(O)c1=O)C(=O)N1[C@H]3CC[C@H](C3)O[C@@H]1C2,271069,LYVE1,-13.738765,-14.31385,644,UNVALIDATED_COLD_TARGET_MODEL_HYPOTHESIS,0.45796213,210,1.5076982,0.30801228,/mnt/nfs-ssd/data/DTWG_AF2_homoaug_complex/AF-Q9Y5Y7-F1-model_v4_0_0_0_complex_refined_,0.06412708,193,16,109,133,23,79,1,79,82,DTWG,0
AVAACINZEOAHHE-VFZPANTDSA-N,doripenem,C[C@@H](O)[C@H]1C(=O)N2C(C(=O)O)=C(S[C@@H]3CN[C@H](CNS(N)(=O)=O)C3)[C@H](C)[C@H]12,166588,LYVE1,-12.206313,-14.339143,645,UNVALIDATED_COLD_TARGET_MODEL_HYPOTHESIS,0.18093355,471,2.6953716,0.47993132,/mnt/nfs-ssd/data/DTWG_AF2_homoaug_complex/AF-Q9Y5Y7-F1-model_v4_0_0_0_complex_refined_,0.0814164,32,7,38,4,15,29,3,8,4,DTWG,1
FJZZPCZKBUKGGU-AUSIDOKSSA-N,eliglustat,CCCCCCCC(=O)N[C@H](CN1CCCC1)[C@H](O)c1ccc2c(c1)OCCO2,54066,LYVE1,-13.234822,-14.345433,646,UNVALIDATED_COLD_TARGET_MODEL_HYPOTHESIS,0.19339652,444,0.9454378,0.21036567,/mnt/nfs-ssd/data/DTWG_AF2_homoaug_complex/AF-Q9Y5Y7-F1-model_v4_0_0_0_complex_,0.07518203,321,246,321,310,180,170,0,194,208,DTWG,0
PZFAZQUREQIODZ-LJQANCHMSA-N,gepotidacin,O=c1ccc2ncc(=O)n3c2n1C[C@H]3CN1CCC(NCc2cc3c(cn2)OCCC3)CC1,301827,LYVE1,-14.092279,-14.34852,647,UNVALIDATED_COLD_TARGET_MODEL_HYPOTHESIS,0.5655049,151,1.1786572,0.25402728,/mnt/nfs-ssd/data/DTWG_AF2_homoaug_complex/AF-Q9Y5Y7-F1-model_v4_0_0_0_complex_,0.04546059,178,167,112,274,116,251,0,141,148,DTWG,0
SUBDBMMJDZJVOS-DEOSSOPVSA-N,esomeprazole,COc1ccc2[nH]c([S@@+]([O-])Cc3ncc(C)c(OC)c3C)nc2c1,148610,LYVE1,-13.650393,-14.360505,648,UNVALIDATED_COLD_TARGET_MODEL_HYPOTHESIS,0.1819572,467,0.6710011,0.15888368,/mnt/nfs-ssd/data/DTWG_AF2_homoaug_complex/AF-Q9Y5Y7-F1-model_v4_0_0_0_complex_refined_,0.14231184,266,412,433,488,210,63,0,290,290,DTWG,0
MJIHNNLFOKEZEW-RUZDIDTESA-N,dexlansoprazole,Cc1c(OCC(F)(F)F)ccnc1C[S@@+]([O-])c1nc2ccccc2[nH]1,180923,LYVE1,-13.561916,-14.362507,649,UNVALIDATED_COLD_TARGET_MODEL_HYPOTHESIS,0.4246973,230,1.461195,0.2842016,/mnt/nfs-ssd/data/DTWG_AF2_homoaug_complex/AF-Q9Y5Y7-F1-model_v4_0_0_0_complex_refined_,0.1676874,37,231,389,166,54,28,0,101,90,DTWG,0
MCIACXAZCBVDEE-CUUWFGFTSA-N,ertugliflozin,CCOc1ccc(Cc2cc([C@]34OC[C@](CO)(O3)[C@@H](O)[C@H](O)[C@H]4O)ccc2Cl)cc1,74541,LYVE1,-14.274022,-14.372646,650,UNVALIDATED_COLD_TARGET_MODEL_HYPOTHESIS,0.25493476,365,0.6041749,0.14828563,/mnt/nfs-ssd/data/DTWG_AF2_homoaug_complex/AF-Q9Y5Y7-F1-model_v4_0_0_0_complex_refined_,0.15011777,477,190,416,84,159,358,0,301,303,DTWG,0
LOWWYYZBZNSPDT-ZBEGNZNMSA-N,delgocitinib,C[C@H]1CN(C(=O)CC#N)[C@]12CCN(c1ncnc3[nH]ccc13)C2,173925,LYVE1,-17.662945,-14.382927,651,UNVALIDATED_COLD_TARGET_MODEL_HYPOTHESIS,0.681895,96,-0.28179434,0.0033245012,/mnt/nfs-ssd/data/DTWG_AF2_homoaug_complex/AF-Q9Y5Y7-F1-model_v4_0_0_0_complex_,0.09096724,595,404,604,533,511,520,0,551,559,DTWG,0
BRUQQQPBMZOVGD-XFKAJCMBSA-N,oxycodone,COc1ccc2c3c1O[C@H]1C(=O)CC[C@@]4(O)[C@@H](C2)N(C)CC[C@]314,150301,LYVE1,-15.169974,-14.414087,652,UNVALIDATED_COLD_TARGET_MODEL_HYPOTHESIS,0.11447238,624,0.34642926,0.10022277,/mnt/nfs-ssd/data/DTWG_AF2_homoaug_complex/AF-Q9Y5Y7-F1-model_v4_0_0_0_complex_,0.1560967,119,362,560,353,303,475,0,396,391,DTWG,0
GPNHMOZDMYNCPO-PDUMRIMRSA-N,clascoterone,CCC(=O)O[C@]1(C(=O)CO)CC[C@H]2[C@@H]3CCC4=CC(=O)CC[C@]4(C)[C@H]3CC[C@@]21C,50150,LYVE1,-17.535973,-14.482713,653,UNVALIDATED_COLD_TARGET_MODEL_HYPOTHESIS,0.115013316,621,0.62993485,0.15237093,/mnt/nfs-ssd/data/DTWG_AF2_homoaug_complex/AF-Q9Y5Y7-F1-model_v4_0_0_0_complex_refined_,0.17207186,495,198,537,250,27,448,0,299,299,DTWG,0
COUYJEVMBVSIHV-SFHVURJKSA-N,olodaterol,COc1ccc(CC(C)(C)NC[C@H](O)c2cc(O)cc3c2OCC(=O)N3)cc1,143183,LYVE1,-14.082406,-14.48545,654,UNVALIDATED_COLD_TARGET_MODEL_HYPOTHESIS,0.23501316,390,0.6392831,0.15304963,/mnt/nfs-ssd/data/DTWG_AF2_homoaug_complex/AF-Q9Y5Y7-F1-model_v4_0_0_0_complex_,0.09662457,410,149,445,276,346,398,0,297,297,DTWG,0
FLSUCZWOEMTFAQ-PRBGKLEPSA-N,sulopenem,C[C@@H](O)[C@H]1C(=O)N2C(C(=O)O)=C(S[C@H]3CC[S@@+]([O-])C3)S[C@H]12,166589,LYVE1,-12.327571,-14.499312,655,UNVALIDATED_COLD_TARGET_MODEL_HYPOTHESIS,0.11540776,619,2.4248667,0.4370315,/mnt/nfs-ssd/data/DTWG_AF2_homoaug_complex/AF-Q9Y5Y7-F1-model_v4_0_0_0_complex_refined_,0.065557964,2,22,32,50,85,40,1,17,12,DTWG,1
SUDAHWBOROXANE-SECBINFHSA-N,mirdametinib,O=C(NOC[C@H](O)CO)c1ccc(F)c(F)c1Nc1ccc(I)cc1F,274486,LYVE1,-13.977439,-14.513852,656,UNVALIDATED_COLD_TARGET_MODEL_HYPOTHESIS,0.24881364,375,1.3645536,0.2688751,/mnt/nfs-ssd/data/DTWG_AF2_homoaug_complex/AF-Q9Y5Y7-F1-model_v4_0_0_0_complex_refined_,0.06806074,163,185,91,233,273,62,0,121,109,DTWG,0
SUBDBMMJDZJVOS-UHFFFAOYSA-N,omeprazole,COc1ccc2[nH]c([S+]([O-])Cc3ncc(C)c(OC)c3C)nc2c1,148609,LYVE1,-13.822986,-14.5383415,657,UNVALIDATED_COLD_TARGET_MODEL_HYPOTHESIS,0.1819572,468,0.633391,0.15291905,/mnt/nfs-ssd/data/DTWG_AF2_homoaug_complex/AF-Q9Y5Y7-F1-model_v4_0_0_0_complex_refined_,0.1388566,161,425,501,480,284,83,0,298,298,DTWG,0
HDACQVRGBOVJII-JBDAPHQKSA-N,ramipril,CCOC(=O)[C@H](CCc1ccccc1)N[C@@H](C)C(=O)N1[C@H](C(=O)O)C[C@@H]2CCC[C@@H]21,70012,LYVE1,-14.664685,-14.548814,658,UNVALIDATED_COLD_TARGET_MODEL_HYPOTHESIS,0.24247071,383,0.9563171,0.2124024,/mnt/nfs-ssd/data/DTWG_AF2_homoaug_complex/AF-Q9Y5Y7-F1-model_v4_0_0_0_complex_,0.09223435,514,116,167,215,178,306,0,187,198,DTWG,0
XUBOMFCQGDBHNK-UHFFFAOYSA-N,gatifloxacin,COc1c(N2CCNC(C)C2)c(F)cc2c(=O)c(C(=O)O)cn(C3CC3)c12,122699,LYVE1,-12.575928,-14.555302,659,UNVALIDATED_COLD_TARGET_MODEL_HYPOTHESIS,0.15409185,518,1.6871296,0.32003286,/mnt/nfs-ssd/data/DTWG_AF2_homoaug_complex/AF-Q9Y5Y7-F1-model_v4_0_0_0_complex_refined_,0.07328519,175,21,188,91,120,82,0,66,56,DTWG,0
UGJMXCAKCUNAIE-UHFFFAOYSA-N,gabapentin,NCC1(CC(=O)O)CCCCC1,246897,LYVE1,-14.1476965,-14.599094,660,UNVALIDATED_COLD_TARGET_MODEL_HYPOTHESIS,0.09753423,675,0.15093233,0.061624173,/mnt/nfs-ssd/data/DTWG_AF2_homoaug_complex/AF-Q9Y5Y7-F1-model_v4_0_0_0_complex_,0.06509938,368,470,367,581,383,576,0,465,453,DTWG,0
MVWVFYHBGMAFLY-UHFFFAOYSA-N,ziprasidone,O=C1Cc2cc(CCN3CCN(c4nsc5ccccc45)CC3)c(Cl)cc2N1,291767,LYVE1,-16.568005,-14.646381,661,UNVALIDATED_COLD_TARGET_MODEL_HYPOTHESIS,0.44481656,220,0.9493112,0.2110908,/mnt/nfs-ssd/data/DTWG_AF2_homoaug_complex/AF-Q9Y5Y7-F1-model_v4_0_0_0_complex_,0.07329445,327,134,126,426,342,207,0,193,206,DTWG,0
RMRJXGBAOAMLHD-IHFGGWKQSA-N,buprenorphine,CO[C@]12CC[C@@]3(C[C@@H]1[C@](C)(O)C(C)(C)C)[C@H]1Cc4ccc(O)c5c4[C@@]3(CCN1CC1CC1)[C@H]2O5,122222,LYVE1,-15.9574795,-14.646515,662,UNVALIDATED_COLD_TARGET_MODEL_HYPOTHESIS,0.17618027,480,-0.4353087,-0.048127566,/mnt/nfs-ssd/data/DTWG_AF2_homoaug_complex/AF-Q9Y5Y7-F1-model_v4_0_0_0_complex_,0.12783068,445,589,680,385,605,698,0,626,601,DTWG,0
UZHSEJADLWPNLE-GRGSLBFTSA-N,naloxone,C=CCN1CC[C@]23c4c5ccc(O)c4O[C@H]2C(=O)CC[C@@]3(O)[C@H]1C5,11461,LYVE1,-15.506413,-14.661192,663,UNVALIDATED_COLD_TARGET_MODEL_HYPOTHESIS,0.11317542,629,0.46098602,0.11967015,/mnt/nfs-ssd/data/DTWG_AF2_homoaug_complex/AF-Q9Y5Y7-F1-model_v4_0_0_0_complex_,0.14332472,232,270,550,246,263,512,0,354,341,DTWG,0
PMXMIIMHBWHSKN-UHFFFAOYSA-N,paliperidone,Cc1nc2n(c(=O)c1CCN1CCC(c3noc4cc(F)ccc34)CC1)CCCC2O,212649,LYVE1,-15.657362,-14.662433,664,UNVALIDATED_COLD_TARGET_MODEL_HYPOTHESIS,0.4772314,199,1.1450255,0.24773102,/mnt/nfs-ssd/data/DTWG_AF2_homoaug_complex/AF-Q9Y5Y7-F1-model_v4_0_0_0_complex_,0.07134185,335,124,142,300,209,103,0,146,152,DTWG,0
MBUVEWMHONZEQD-UHFFFAOYSA-N,azelastine,CN1CCCC(n2nc(Cc3ccc(Cl)cc3)c3ccccc3c2=O)CC1,98244,LYVE1,-16.026016,-14.68326,665,UNVALIDATED_COLD_TARGET_MODEL_HYPOTHESIS,0.25734818,362,0.89422363,0.19428484,/mnt/nfs-ssd/data/DTWG_AF2_homoaug_complex/AF-Q9Y5Y7-F1-model_v4_0_0_0_complex_refined_,0.062711656,108,207,160,243,276,270,0,223,219,DTWG,0
ZFMITUMMTDLWHR-UHFFFAOYSA-N,minoxidil,Nc1cc(N2CCCCC2)nc(N)[n+]1[O-],254367,LYVE1,-12.588472,-14.749297,666,UNVALIDATED_COLD_TARGET_MODEL_HYPOTHESIS,0.13835636,559,-0.5319312,-0.03661687,/mnt/nfs-ssd/data/DTWG_AF2_homoaug_complex/AF-Q9Y5Y7-F1-model_v4_0_0_0_complex_,0.19060597,314,668,497,339,678,384,0,613,626,DTWG,0
CXOXHMZGEKVPMT-UHFFFAOYSA-N,clobazam,CN1C(=O)CC(=O)N(c2ccccc2)c2cc(Cl)ccc21,95920,LYVE1,-14.706387,-14.755769,667,UNVALIDATED_COLD_TARGET_MODEL_HYPOTHESIS,0.1898692,452,0.38856137,0.114091195,/mnt/nfs-ssd/data/DTWG_AF2_homoaug_complex/AF-Q9Y5Y7-F1-model_v4_0_0_0_complex_refined_,0.14039032,399,370,72,655,587,214,0,365,375,DTWG,0
VIKNJXKGJWUCNN-XGXHKTLJSA-N,norethindrone,C#C[C@]1(O)CC[C@H]2[C@@H]3CCC4=CC(=O)CC[C@@H]4[C@H]3CC[C@@]21C,1599,LYVE1,-17.61772,-14.78441,668,UNVALIDATED_COLD_TARGET_MODEL_HYPOTHESIS,0.1218629,602,0.34049937,0.09711353,/mnt/nfs-ssd/data/DTWG_AF2_homoaug_complex/AF-Q9Y5Y7-F1-model_v4_0_0_0_complex_,0.14242236,409,227,458,408,285,491,0,404,394,DTWG,0
HFZITXBUTWITPT-YWVKMMECSA-N,enmetazobactam,C[n+]1ccn(C[C@@]2(C)[C@H](C(=O)[O-])N3C(=O)C[C@H]3S2(=O)=O)n1,177327,LYVE1,-12.620364,-14.794228,669,UNVALIDATED_COLD_TARGET_MODEL_HYPOTHESIS,0.3147153,309,1.2477487,0.26696208,/mnt/nfs-ssd/data/DTWG_AF2_homoaug_complex/AF-Q9Y5Y7-F1-model_v4_0_0_0_complex_,0.11040033,53,147,240,113,182,48,0,123,130,DTWG,0
HPJKCIUCZWXJDR-UHFFFAOYSA-N,letrozole,N#Cc1ccc(C(c2ccc(C#N)cc2)n2cncn2)cc1,236112,LYVE1,-15.7814665,-14.841927,670,UNVALIDATED_COLD_TARGET_MODEL_HYPOTHESIS,0.29420102,325,0.40385973,0.10897539,/mnt/nfs-ssd/data/DTWG_AF2_homoaug_complex/AF-Q9Y5Y7-F1-model_v4_0_0_0_complex_,0.07653447,287,381,437,506,359,421,0,374,368,DTWG,0
IPVQLZZIHOAWMC-QXKUPLGCSA-N,perindopril,CCC[C@H](N[C@@H](C)C(=O)N1[C@H](C(=O)O)C[C@@H]2CCCC[C@@H]21)C(=O)OCC,61057,LYVE1,-15.392768,-14.86966,671,UNVALIDATED_COLD_TARGET_MODEL_HYPOTHESIS,0.18032084,473,0.8901324,0.20001179,/mnt/nfs-ssd/data/DTWG_AF2_homoaug_complex/AF-Q9Y5Y7-F1-model_v4_0_0_0_complex_,0.094517715,455,142,299,149,268,259,0,218,221,DTWG,0
IYSYPCSSDZBWHN-UHFFFAOYSA-N,ketotifen,O=C1Cc2ccccc2C(=C2CCNCC2)c2ccsc21,291841,LYVE1,-16.108253,-14.882873,672,UNVALIDATED_COLD_TARGET_MODEL_HYPOTHESIS,0.1828977,465,-0.21098238,0.019008756,/mnt/nfs-ssd/data/DTWG_AF2_homoaug_complex/AF-Q9Y5Y7-F1-model_v4_0_0_0_complex_refined_,0.031410534,596,521,491,414,492,513,0,523,543,DTWG,0
KEDYTOTWMPBSLG-HILJTLORSA-N,ramipril,C[C@H](N[C@@H](CCc1ccccc1)C(=O)O)C(=O)N1[C@H](C(=O)O)C[C@@H]2CCC[C@@H]21,172116,LYVE1,-14.107249,-14.976554,673,UNVALIDATED_COLD_TARGET_MODEL_HYPOTHESIS,0.2798812,337,1.4756707,0.30963197,/mnt/nfs-ssd/data/DTWG_AF2_homoaug_complex/AF-Q9Y5Y7-F1-model_v4_0_0_0_complex_,0.11419748,443,40,70,202,90,91,0,76,87,DTWG,0
SEVCTUCCZYBJER-BSJAROSPSA-N,sofpironium,CCOC(=O)C[N+]1(C)CC[C@@H](OC(=O)[C@](O)(c2ccccc2)C2CCCC2)C1,69119,LYVE1,-14.27254,-14.9811535,674,UNVALIDATED_COLD_TARGET_MODEL_HYPOTHESIS,0.13801387,560,1.0546945,0.23081993,/mnt/nfs-ssd/data/DTWG_AF2_homoaug_complex/AF-Q9Y5Y7-F1-model_v4_0_0_0_complex_,0.08547766,308,213,340,112,168,232,0,164,171,DTWG,0
OEKWJQXRCDYSHL-FNOIDJSQSA-N,ticagrelor,CCCSc1nc(N[C@@H]2C[C@H]2c2ccc(F)c(F)c2)c2nnn([C@@H]3C[C@H](OCCO)[C@@H](O)[C@H]3O)c2n1,60643,LYVE1,-14.930199,-15.000858,675,UNVALIDATED_COLD_TARGET_MODEL_HYPOTHESIS,0.29121843,328,-0.29598957,0.005527351,/mnt/nfs-ssd/data/DTWG_AF2_homoaug_complex/AF-Q9Y5Y7-F1-model_v4_0_0_0_complex_refined_,0.10678946,592,670,394,393,407,439,0,550,563,DTWG,0
WVLOADHCBXTIJK-YNHQPCIGSA-N,hydrocodone;hydromorphone,CN1CC[C@]23c4c5ccc(O)c4O[C@H]2C(=O)CC[C@H]3[C@H]1C5,101450,LYVE1,-15.831704,-15.007768,676,UNVALIDATED_COLD_TARGET_MODEL_HYPOTHESIS,0.16246232,502,0.36284813,0.1012975,/mnt/nfs-ssd/data/DTWG_AF2_homoaug_complex/AF-Q9Y5Y7-F1-model_v4_0_0_0_complex_,0.14928381,120,395,597,323,465,388,0,391,385,DTWG,0
MEJLVLMAJJRLCR-GCCNXGTGSA-N,romidepsin,C/C=C1\NC(=O)[C@@H](CS)NC(=O)[C@@H](C(C)C)NC(=O)C[C@@H](/C=C/CCS)OC(=O)[C@H](C(C)C)NC1=O,3272,LYVE1,-17.260492,-15.017631,677,UNVALIDATED_COLD_TARGET_MODEL_HYPOTHESIS,0.36691406,279,0.89003205,0.1936201,/mnt/nfs-ssd/data/DTWG_AF2_homoaug_complex/AF-Q9Y5Y7-F1-model_v4_0_0_0_complex_refined_,0.06967244,403,267,278,317,248,144,0,225,222,DTWG,0
PIBARDGJJAGJAJ-NQIIRXRSSA-N,danicopan,CC(=O)c1nn(CC(=O)N2C[C@H](F)C[C@H]2C(=O)Nc2cccc(Br)n2)c2ccc(-c3cnc(C)nc3)cc12,20394,LYVE1,-16.31165,-15.039075,678,UNVALIDATED_COLD_TARGET_MODEL_HYPOTHESIS,0.81615686,46,-0.35741174,-0.0264744,/mnt/nfs-ssd/data/DTWG_AF2_homoaug_complex/AF-Q9Y5Y7-F1-model_v4_0_0_0_complex_,0.07319707,573,454,407,560,556,620,0,602,581,DTWG,0
LIENCHBZNNMNKG-OJFNHCPVSA-N,nirmatrelvir,CC(C)(C)[C@H](NC(=O)C(F)(F)F)C(=O)N1C[C@H]2[C@@H]([C@H]1C(=O)N[C@H](C#N)C[C@@H]1CCNC1=O)C2(C)C,24123,LYVE1,-16.689621,-15.092084,679,UNVALIDATED_COLD_TARGET_MODEL_HYPOTHESIS,0.36329338,284,0.061420925,0.062209558,/mnt/nfs-ssd/data/DTWG_AF2_homoaug_complex/AF-Q9Y5Y7-F1-model_v4_0_0_0_complex_refined_,0.09781345,676,226,602,521,430,379,0,464,475,DTWG,0
DKYWVDODHFEZIM-UHFFFAOYSA-N,ketoprofen,CC(C(=O)O)c1cccc(C(=O)c2ccccc2)c1,21220,LYVE1,-13.982898,-15.127906,680,UNVALIDATED_COLD_TARGET_MODEL_HYPOTHESIS,0.08137875,706,0.5284165,0.132294,/mnt/nfs-ssd/data/DTWG_AF2_homoaug_complex/AF-Q9Y5Y7-F1-model_v4_0_0_0_complex_,0.07739602,242,480,262,338,362,173,0,328,327,DTWG,0
OHRURASPPZQGQM-GCCNXGTGSA-N,romidepsin,C/C=C1\NC(=O)[C@H]2CSSCC/C=C/[C@H](CC(=O)N[C@H](C(C)C)C(=O)N2)OC(=O)[C@H](C(C)C)NC1=O,3288,LYVE1,-17.265022,-15.128398,681,UNVALIDATED_COLD_TARGET_MODEL_HYPOTHESIS,0.1914993,449,0.552879,0.14015055,/mnt/nfs-ssd/data/DTWG_AF2_homoaug_complex/AF-Q9Y5Y7-F1-model_v4_0_0_0_complex_refined_,0.07397076,424,333,466,469,235,226,0,313,316,DTWG,0
CYOHGALHFOKKQC-UHFFFAOYSA-N,selumetinib,Cn1cnc2c(F)c(Nc3ccc(Br)cc3Cl)c(C(=O)NOCCO)cc21,224947,LYVE1,-16.995226,-15.142577,682,UNVALIDATED_COLD_TARGET_MODEL_HYPOTHESIS,0.40061674,254,1.0431045,0.21789606,/mnt/nfs-ssd/data/DTWG_AF2_homoaug_complex/AF-Q9Y5Y7-F1-model_v4_0_0_0_complex_refined_,0.12780459,42,366,139,565,331,101,0,176,175,DTWG,0
BZZKEPGENYLQSC-UHFFFAOYSA-N,deucravacitinib,CNC(=O)c1nnc(NC(=O)C2CC2)cc1Nc1cccc(-c2ncn(C)n2)c1OC,105870,LYVE1,-17.096678,-15.207177,683,UNVALIDATED_COLD_TARGET_MODEL_HYPOTHESIS,0.7416414,71,-0.21465713,0.018425975,/mnt/nfs-ssd/data/DTWG_AF2_homoaug_complex/AF-Q9Y5Y7-F1-model_v4_0_0_0_complex_refined_,0.08714004,625,276,686,580,491,532,0,526,545,DTWG,0
AAOVKJBEBIDNHE-UHFFFAOYSA-N,diazepam,CN1C(=O)CN=C(c2ccccc2)c2cc(Cl)ccc21,96050,LYVE1,-14.750083,-15.240962,684,UNVALIDATED_COLD_TARGET_MODEL_HYPOTHESIS,0.12058548,607,-0.048513003,0.04477499,/mnt/nfs-ssd/data/DTWG_AF2_homoaug_complex/AF-Q9Y5Y7-F1-model_v4_0_0_0_complex_refined_,0.08427313,614,440,365,625,580,309,0,488,502,DTWG,0
SONNWYBIRXJNDC-VIFPVBQESA-N,phenylephrine,CNC[C@H](O)c1cccc(O)c1,107115,LYVE1,-14.367057,-15.295171,685,UNVALIDATED_COLD_TARGET_MODEL_HYPOTHESIS,0.08086807,707,0.1778151,0.06665697,/mnt/nfs-ssd/data/DTWG_AF2_homoaug_complex/AF-Q9Y5Y7-F1-model_v4_0_0_0_complex_,0.16639371,91,528,276,461,582,601,0,453,441,DTWG,0
UQCNKQCJZOAFTQ-ISWURRPUSA-N,oxymorphone,CN1CC[C@]23c4c5ccc(O)c4O[C@H]2C(=O)CC[C@@]3(O)[C@H]1C5,101449,LYVE1,-16.480661,-15.30422,686,UNVALIDATED_COLD_TARGET_MODEL_HYPOTHESIS,0.11175873,632,0.36454037,0.101614304,/mnt/nfs-ssd/data/DTWG_AF2_homoaug_complex/AF-Q9Y5Y7-F1-model_v4_0_0_0_complex_,0.16176556,109,335,579,362,401,453,0,390,384,DTWG,0
SNPPWIUOZRMYNY-UHFFFAOYSA-N,bupropion,CC(NC(C)(C)C)C(=O)c1cccc(Cl)c1,40786,LYVE1,-16.10415,-15.325653,687,UNVALIDATED_COLD_TARGET_MODEL_HYPOTHESIS,0.12938671,579,0.7083528,0.16598035,/mnt/nfs-ssd/data/DTWG_AF2_homoaug_complex/AF-Q9Y5Y7-F1-model_v4_0_0_0_complex_,0.15453301,62,427,285,177,548,404,0,272,274,DTWG,0
USUZGMWDZDXMDG-CYBMUJFWSA-N,osilodrostat,N#Cc1ccc([C@H]2CCc3cncn32)c(F)c1,237253,LYVE1,-15.931439,-15.337312,688,UNVALIDATED_COLD_TARGET_MODEL_HYPOTHESIS,0.3837855,266,-0.026907193,0.028330363,/mnt/nfs-ssd/data/DTWG_AF2_homoaug_complex/AF-Q9Y5Y7-F1-model_v4_0_0_0_complex_,0.1153299,283,469,427,559,535,566,0,510,497,DTWG,0
BZZKEPGENYLQSC-FIBGUPNXSA-N,deucravacitinib,[2H]C([2H])([2H])NC(=O)c1nnc(NC(=O)C2CC2)cc1Nc1cccc(-c2ncn(C)n2)c1OC,306546,LYVE1,-17.129807,-15.344103,689,UNVALIDATED_COLD_TARGET_MODEL_HYPOTHESIS,0.8185741,44,-0.3280253,0.00044676042,/mnt/nfs-ssd/data/DTWG_AF2_homoaug_complex/AF-Q9Y5Y7-F1-model_v4_0_0_0_complex_refined_,0.08671958,617,295,696,612,522,569,0,560,573,DTWG,0
BUGYDGFZZOZRHP-UHFFFAOYSA-N,memantine,CC12CC3CC(C)(C1)CC(N)(C3)C2,46497,LYVE1,-16.16623,-15.350884,690,UNVALIDATED_COLD_TARGET_MODEL_HYPOTHESIS,0.14945461,528,-0.08397557,0.017646441,/mnt/nfs-ssd/data/DTWG_AF2_homoaug_complex/AF-Q9Y5Y7-F1-model_v4_0_0_0_complex_,0.15567525,184,566,671,391,593,600,0,530,512,DTWG,0
ACWZRVQXLIRSDF-UHFFFAOYSA-N,binimetinib,Cn1cnc2c(F)c(Nc3ccc(Br)cc3F)c(C(=O)NOCCO)cc21,224948,LYVE1,-16.84347,-15.396568,691,UNVALIDATED_COLD_TARGET_MODEL_HYPOTHESIS,0.436946,226,1.1053101,0.22776133,/mnt/nfs-ssd/data/DTWG_AF2_homoaug_complex/AF-Q9Y5Y7-F1-model_v4_0_0_0_complex_refined_,0.12405505,47,318,102,566,320,102,0,167,161,DTWG,0
KYYIDSXMWOZKMP-UHFFFAOYSA-N,desvenlafaxine,CN(C)CC(c1ccc(O)cc1)C1(O)CCCCC1,89673,LYVE1,-17.14706,-15.413338,692,UNVALIDATED_COLD_TARGET_MODEL_HYPOTHESIS,0.12779155,583,0.39574167,0.10745559,/mnt/nfs-ssd/data/DTWG_AF2_homoaug_complex/AF-Q9Y5Y7-F1-model_v4_0_0_0_complex_,0.1480655,115,571,442,210,555,414,0,378,373,DTWG,0
RKUNBYITZUJHSG-SPUOUPEWSA-N,atropine,CN1[C@@H]2CC[C@H]1C[C@@H](OC(=O)C(CO)c1ccccc1)C2,102372,LYVE1,-14.191519,-15.430644,693,UNVALIDATED_COLD_TARGET_MODEL_HYPOTHESIS,0.10198223,665,1.8534033,0.3803483,/mnt/nfs-ssd/data/DTWG_AF2_homoaug_complex/AF-Q9Y5Y7-F1-model_v4_0_0_0_complex_,0.071392186,45,106,78,87,69,87,0,35,43,DTWG,0
KVWDHTXUZHCGIO-UHFFFAOYSA-N,olanzapine,Cc1cc2c(s1)Nc1ccccc1N=C2N1CCN(C)CC1,191258,LYVE1,-16.556501,-15.430692,694,UNVALIDATED_COLD_TARGET_MODEL_HYPOTHESIS,0.2741512,341,-0.5909365,-0.04124867,/mnt/nfs-ssd/data/DTWG_AF2_homoaug_complex/AF-Q9Y5Y7-F1-model_v4_0_0_0_complex_refined_,0.10081139,608,545,348,658,705,672,0,620,631,DTWG,0
HOIIHACBCFLJET-SFTDATJTSA-N,lumateperone,CN1CCN2c3c(cccc31)[C@@H]1CN(CCCC(=O)c3ccc(F)cc3)CC[C@@H]12,101221,LYVE1,-16.930832,-15.436456,695,UNVALIDATED_COLD_TARGET_MODEL_HYPOTHESIS,0.3849782,265,1.4173108,0.29870626,/mnt/nfs-ssd/data/DTWG_AF2_homoaug_complex/AF-Q9Y5Y7-F1-model_v4_0_0_0_complex_,0.12535025,70,81,329,136,199,93,0,87,97,DTWG,0
QZUDBNBUXVUHMW-UHFFFAOYSA-N,clozapine,CN1CCN(C2=Nc3cc(Cl)ccc3Nc3ccccc32)CC1,99207,LYVE1,-16.648314,-15.448901,696,UNVALIDATED_COLD_TARGET_MODEL_HYPOTHESIS,0.19173086,448,-0.7185543,-0.069083214,/mnt/nfs-ssd/data/DTWG_AF2_homoaug_complex/AF-Q9Y5Y7-F1-model_v4_0_0_0_complex_,0.09896903,464,675,404,616,699,671,0,650,655,DTWG,0
PNVNVHUZROJLTJ-UHFFFAOYSA-N,venlafaxine,COc1ccc(C(CN(C)C)C2(O)CCCCC2)cc1,142178,LYVE1,-16.612051,-15.464766,697,UNVALIDATED_COLD_TARGET_MODEL_HYPOTHESIS,0.11283855,630,0.4867863,0.1245003,/mnt/nfs-ssd/data/DTWG_AF2_homoaug_complex/AF-Q9Y5Y7-F1-model_v4_0_0_0_complex_,0.13558428,106,535,436,336,495,312,0,340,335,DTWG,0
MYSWGUAQZAJSOK-UHFFFAOYSA-N,ciprofloxacin,O=C(O)c1cn(C2CC2)c2cc(N3CCNCC3)c(F)cc2c1=O,285997,LYVE1,-13.607746,-15.4664755,698,UNVALIDATED_COLD_TARGET_MODEL_HYPOTHESIS,0.14329994,549,1.5891433,0.30449307,/mnt/nfs-ssd/data/DTWG_AF2_homoaug_complex/AF-Q9Y5Y7-F1-model_v4_0_0_0_complex_refined_,0.05527588,66,33,220,132,158,100,0,81,67,DTWG,0
CJOFXWAVKWHTFT-XSFVSMFZSA-N,fluvoxamine,COCCCC/C(=N\OCCN)c1ccc(C(F)(F)F)cc1,116655,LYVE1,-16.550032,-15.507406,699,UNVALIDATED_COLD_TARGET_MODEL_HYPOTHESIS,0.11519184,620,0.871732,0.19071786,/mnt/nfs-ssd/data/DTWG_AF2_homoaug_complex/AF-Q9Y5Y7-F1-model_v4_0_0_0_complex_refined_,0.049169824,122,129,213,296,327,243,0,230,228,DTWG,0
RAPZEAPATHNIPO-UHFFFAOYSA-N,risperidone,Cc1nc2n(c(=O)c1CCN1CCC(c3noc4cc(F)ccc34)CC1)CCCC2,212648,LYVE1,-16.682417,-15.522743,700,UNVALIDATED_COLD_TARGET_MODEL_HYPOTHESIS,0.46755695,204,1.085085,0.23650938,/mnt/nfs-ssd/data/DTWG_AF2_homoaug_complex/AF-Q9Y5Y7-F1-model_v4_0_0_0_complex_,0.069699936,331,128,136,354,286,136,0,159,167,DTWG,0
YWGDOWXRIALTES-NRFANRHFSA-N,bepotastine,O=C(O)CCCN1CCC(O[C@@H](c2ccc(Cl)cc2)c2ccccn2)CC1,282465,LYVE1,-15.187728,-15.593919,701,UNVALIDATED_COLD_TARGET_MODEL_HYPOTHESIS,0.2491467,374,1.5379689,0.321295,/mnt/nfs-ssd/data/DTWG_AF2_homoaug_complex/AF-Q9Y5Y7-F1-model_v4_0_0_0_complex_,0.10435118,80,193,106,106,25,289,0,63,76,DTWG,0
FABPRXSRWADJSP-MEDUHNTESA-N,moxifloxacin,COc1c(N2C[C@@H]3CCCN[C@@H]3C2)c(F)cc2c(=O)c(C(=O)O)cn(C3CC3)c12,122713,LYVE1,-13.53321,-15.59871,702,UNVALIDATED_COLD_TARGET_MODEL_HYPOTHESIS,0.34586743,290,1.470437,0.2856673,/mnt/nfs-ssd/data/DTWG_AF2_homoaug_complex/AF-Q9Y5Y7-F1-model_v4_0_0_0_complex_refined_,0.053502467,171,25,150,75,142,236,0,99,88,DTWG,0
DQCKKXVULJGBQN-XFWGSAIBSA-N,naltrexone,O=C1CC[C@@]2(O)[C@H]3Cc4ccc(O)c5c4[C@@]2(CCN3CC2CC2)[C@H]1O5,290761,LYVE1,-16.819069,-15.600811,703,UNVALIDATED_COLD_TARGET_MODEL_HYPOTHESIS,0.13724203,562,0.5009823,0.12715796,/mnt/nfs-ssd/data/DTWG_AF2_homoaug_complex/AF-Q9Y5Y7-F1-model_v4_0_0_0_complex_,0.12909716,169,316,583,280,309,482,0,336,332,DTWG,0
ZCVMWBYGMWKGHF-UHFFFAOYSA-N,ketotifen,CN1CCC(=C2c3ccccc3CC(=O)c3sccc32)CC1,97291,LYVE1,-16.19591,-15.607581,704,UNVALIDATED_COLD_TARGET_MODEL_HYPOTHESIS,0.13391212,571,0.27368945,0.095873505,/mnt/nfs-ssd/data/DTWG_AF2_homoaug_complex/AF-Q9Y5Y7-F1-model_v4_0_0_0_complex_refined_,0.06568109,559,225,323,269,381,424,0,406,410,DTWG,0
GXXLUDOKHXEFBQ-YJFSRANCSA-N,tebipenem pivoxil,C[C@@H](O)[C@H]1C(=O)N2C(C(=O)O)=C(SC3CN(C4=NCCS4)C3)[C@H](C)[C@H]12,166585,LYVE1,-13.773401,-15.756254,705,UNVALIDATED_COLD_TARGET_MODEL_HYPOTHESIS,0.12925774,581,3.1212895,0.54747814,/mnt/nfs-ssd/data/DTWG_AF2_homoaug_complex/AF-Q9Y5Y7-F1-model_v4_0_0_0_complex_refined_,0.04210149,8,6,6,8,3,5,6,2,2,DTWG,1
LIRYPHYGHXZJBZ-UHFFFAOYSA-N,trametinib,CC(=O)Nc1cccc(-n2c(=O)n(C3CC3)c(=O)c3c(Nc4ccc(I)cc4F)n(C)c(=O)c(C)c32)c1,18267,LYVE1,-16.141195,-15.802684,706,UNVALIDATED_COLD_TARGET_MODEL_HYPOTHESIS,0.66117233,107,0.5312859,0.13672607,/mnt/nfs-ssd/data/DTWG_AF2_homoaug_complex/AF-Q9Y5Y7-F1-model_v4_0_0_0_complex_refined_,0.08818301,173,353,469,579,360,176,0,321,322,DTWG,0
PQXKDMSYBGKCJA-CVTJIBDQSA-N,lurasidone,O=C1[C@@H]2[C@H]3CC[C@H](C3)[C@@H]2C(=O)N1C[C@@H]1CCCC[C@H]1CN1CCN(c2nsc3ccccc23)CC1,294784,LYVE1,-16.566715,-15.826087,707,UNVALIDATED_COLD_TARGET_MODEL_HYPOTHESIS,0.54987365,158,0.7297544,0.16998701,/mnt/nfs-ssd/data/DTWG_AF2_homoaug_complex/AF-Q9Y5Y7-F1-model_v4_0_0_0_complex_,0.06272243,437,266,193,455,200,177,0,263,263,DTWG,0
DBEPLOCGEIEOCV-WSBQPABSSA-N,finasteride,CC(C)(C)NC(=O)[C@H]1CC[C@H]2[C@@H]3CC[C@H]4NC(=O)C=C[C@]4(C)[C@H]3CC[C@]12C,22632,LYVE1,-16.921711,-15.890396,708,UNVALIDATED_COLD_TARGET_MODEL_HYPOTHESIS,0.48884967,192,0.9504236,0.21129908,/mnt/nfs-ssd/data/DTWG_AF2_homoaug_complex/AF-Q9Y5Y7-F1-model_v4_0_0_0_complex_,0.14856571,388,74,414,254,100,248,0,192,205,DTWG,0
ANGKOCUUWGHLCE-HKUYNNGSSA-N,glycopyrronium,C[N+]1(C)CC[C@H](OC(=O)[C@](O)(c2ccccc2)C2CCCC2)C1,177083,LYVE1,-15.689994,-16.072683,709,UNVALIDATED_COLD_TARGET_MODEL_HYPOTHESIS,0.123371035,598,0.7944488,0.18209861,/mnt/nfs-ssd/data/DTWG_AF2_homoaug_complex/AF-Q9Y5Y7-F1-model_v4_0_0_0_complex_,0.110968314,261,177,449,145,279,162,0,236,241,DTWG,0
STPKWKPURVSAJF-LJEWAXOPSA-N,maralixibat,CCCCC1(CCCC)CS(=O)(=O)c2ccc(N(C)C)cc2[C@@H](c2ccc(OCc3ccc(C[N+]45CCN(CC4)CC5)cc3)cc2)[C@H]1O,53622,LYVE1,-15.456446,-16.149094,710,UNVALIDATED_COLD_TARGET_MODEL_HYPOTHESIS,0.71184444,83,-1.1600208,-0.18380286,/mnt/nfs-ssd/data/DTWG_AF2_homoaug_complex/AF-Q9Y5Y7-F1-model_v4_0_0_0_complex_,0.10101376,710,703,691,539,693,714,0,706,701,DTWG,0
VDANGULDQQJODZ-UHFFFAOYSA-N,chloroprocaine,CCN(CC)CCOC(=O)c1ccc(N)cc1Cl,63784,LYVE1,-15.563688,-16.161758,711,UNVALIDATED_COLD_TARGET_MODEL_HYPOTHESIS,0.13155998,575,2.070633,0.42101645,/mnt/nfs-ssd/data/DTWG_AF2_homoaug_complex/AF-Q9Y5Y7-F1-model_v4_0_0_0_complex_,0.13353716,14,67,43,11,163,31,2,21,26,DTWG,0
JZUFKLXOESDKRF-UHFFFAOYSA-N,hydrochlorothiazide,NS(=O)(=O)c1cc2c(cc1Cl)NCNS2(=O)=O,249116,LYVE1,-16.19372,-16.23556,712,UNVALIDATED_COLD_TARGET_MODEL_HYPOTHESIS,0.40615875,249,0.6253956,0.15044971,/mnt/nfs-ssd/data/DTWG_AF2_homoaug_complex/AF-Q9Y5Y7-F1-model_v4_0_0_0_complex_,0.12338174,281,170,97,571,203,515,0,300,300,DTWG,0
VYFYYTLLBUKUHU-UHFFFAOYSA-N,levodopa,NCCc1ccc(O)c(O)c1,247575,LYVE1,-15.945324,-16.2881,713,UNVALIDATED_COLD_TARGET_MODEL_HYPOTHESIS,0.08907181,696,0.7182323,0.16782992,/mnt/nfs-ssd/data/DTWG_AF2_homoaug_complex/AF-Q9Y5Y7-F1-model_v4_0_0_0_complex_,0.09743658,194,272,326,176,403,485,0,265,266,DTWG,0
BCEHBSKCWLPMDN-MGPLVRAMSA-N,voriconazole,C[C@@H](c1ncncc1F)[C@](O)(Cn1cncn1)c1ccc(F)cc1F,167414,LYVE1,-15.721911,-16.418318,714,UNVALIDATED_COLD_TARGET_MODEL_HYPOTHESIS,0.21267997,410,0.020199953,0.05567227,/mnt/nfs-ssd/data/DTWG_AF2_homoaug_complex/AF-Q9Y5Y7-F1-model_v4_0_0_0_complex_refined_,0.10805645,301,567,596,411,463,370,0,476,484,DTWG,0
HVFLCNVBZFFHBT-ZKDACBOMSA-N,cefepime,CO/N=C(\C(=O)N[C@@H]1C(=O)N2C(C(=O)[O-])=C(C[N+]3(C)CCCC3)CS[C@H]12)c1csc(N)n1,109802,LYVE1,-14.859781,-16.570734,715,UNVALIDATED_COLD_TARGET_MODEL_HYPOTHESIS,0.14981604,527,1.9047331,0.38995788,/mnt/nfs-ssd/data/DTWG_AF2_homoaug_complex/AF-Q9Y5Y7-F1-model_v4_0_0_0_complex_,0.11028168,233,143,16,24,28,32,1,32,37,DTWG,0
UCTWMZQNUQWSLP-VIFPVBQESA-N,epinephrine,CNC[C@H](O)c1ccc(O)c(O)c1,107114,LYVE1,-15.947008,-16.66513,716,UNVALIDATED_COLD_TARGET_MODEL_HYPOTHESIS,0.10151734,667,0.6703452,0.15886484,/mnt/nfs-ssd/data/DTWG_AF2_homoaug_complex/AF-Q9Y5Y7-F1-model_v4_0_0_0_complex_,0.12934922,129,346,210,174,405,521,0,291,291,DTWG,0
CZGVOBIGEBDYTP-VSGBNLITSA-N,linerixibat,CCCC[C@]1(CC)CS(=O)(=O)c2cc(CNC(CC(=O)O)CC(=O)O)c(OC)cc2[C@@H](c2ccccc2)N1,58206,LYVE1,-16.56961,-16.707191,717,UNVALIDATED_COLD_TARGET_MODEL_HYPOTHESIS,0.6585478,109,0.06368355,0.045290098,/mnt/nfs-ssd/data/DTWG_AF2_homoaug_complex/AF-Q9Y5Y7-F1-model_v4_0_0_0_complex_,0.09199011,649,444,319,242,504,638,0,484,473,DTWG,0
NDAUXUAQIAJITI-UHFFFAOYSA-N,albuterol,CC(C)(C)NCC(O)c1ccc(O)c(CO)c1,22715,LYVE1,-15.842638,-16.712524,718,UNVALIDATED_COLD_TARGET_MODEL_HYPOTHESIS,0.1050808,651,1.7984083,0.37005255,/mnt/nfs-ssd/data/DTWG_AF2_homoaug_complex/AF-Q9Y5Y7-F1-model_v4_0_0_0_complex_,0.1325154,18,57,60,67,135,323,1,39,49,DTWG,0
NDAUXUAQIAJITI-LBPRGKRZSA-N,levalbuterol,CC(C)(C)NC[C@H](O)c1ccc(O)c(CO)c1,22723,LYVE1,-15.910606,-16.717007,719,UNVALIDATED_COLD_TARGET_MODEL_HYPOTHESIS,0.1050808,650,1.6815281,0.3481711,/mnt/nfs-ssd/data/DTWG_AF2_homoaug_complex/AF-Q9Y5Y7-F1-model_v4_0_0_0_complex_,0.11033969,35,70,55,71,194,292,0,49,58,DTWG,0
SFLSHLFXELFNJZ-QMMMGPOBSA-N,droxidopa;norepinephrine,NC[C@H](O)c1ccc(O)c(O)c1,247702,LYVE1,-15.793433,-16.724035,720,UNVALIDATED_COLD_TARGET_MODEL_HYPOTHESIS,0.097373,676,0.40853107,0.10984992,/mnt/nfs-ssd/data/DTWG_AF2_homoaug_complex/AF-Q9Y5Y7-F1-model_v4_0_0_0_complex_,0.112250544,225,320,396,278,513,610,0,372,367,DTWG,0
