system_id,cluster,native_contact_ap,native_contact_prevalence,native_residue_only_score_ap,native_atom_permuted_score_ap,native_atom_to_residue_macro_ap,native_residue_to_atom_macro_ap,native_contact_pairs,native_pair_candidates,all_regions_contact_ap,all_regions_contact_prevalence,native_distance_mae_capped32_A,native_region_selected,regions
1ddt__1__1.A_2.A__1.B,c1769,0.2900147597976624,0.07387140902872777,0.15838634794241999,0.12566676843558672,0.4086082918595054,0.5154433976551095,108,1462,0.29001475979766234,0.04830053667262969,2.3672921657562256,True,2
1ddt__1__1.A_2.A__2.B,c1769,0.3258268479430118,0.07387140902872777,0.15778756124660706,0.11407351862047901,0.4237564697503461,0.5107853045018712,108,1462,0.32582684794301187,0.04738920579201404,2.3683342933654785,True,2
1d09__1__1.A_2.A__1.E,c103,0.3740807243206458,0.16810344827586207,0.28590098378347806,0.31652654480103715,0.4548845812599924,0.5539735604881108,78,464,0.3740807243206458,0.10833333333333334,2.7506051063537598,True,2
1d09__1__1.C_2.C__2.G,c103,0.3924206653774902,0.18990384615384615,0.3305662353386664,0.3238534035265386,0.49773731209527733,0.5268716048968151,79,416,0.3924206653774902,0.1234375,2.875171184539795,True,2
1d09__1__1.C_3.C__1.G,c103,0.38623811932016355,0.18990384615384615,0.329288515723172,0.3336216327598751,0.48945220858402244,0.5408033326643271,79,416,0.3862381193201635,0.10286458333333333,2.9003500938415527,True,2
1d09__1__1.A_3.A__3.E,c103,0.3757065497534282,0.16810344827586207,0.28277243498185234,0.30368094350743374,0.45853153932052926,0.5169764254337667,78,464,0.3757065497534282,0.1015625,2.7665963172912598,True,2
2ag6__2__2.A__2.B,c121,0.6698029047896632,0.18461538461538463,0.5016685707402619,0.4659173593538088,0.7290614827605778,0.540234533984534,48,260,0.6698029047896632,0.11188811188811189,2.9384818077087402,True,2
2aix__1__2.A__2.B,c7,0.5188277995465034,0.19047619047619047,0.46212300779094784,0.4924438730500883,0.6413549624395213,0.4333063957647291,64,336,0.5187818336302301,0.125,3.0562903881073,True,2
2ag6__1__1.A__1.B,c121,0.6724899655494906,0.18461538461538463,0.5016685707402619,0.5390908070116143,0.7412043399034349,0.5555409156370695,48,260,0.6724899655494906,0.0997920997920998,2.9291903972625732,True,2
2aix__1__1.A__1.B,c7,0.5425155398994729,0.19047619047619047,0.4624020256480907,0.4605665119300125,0.6391623470483765,0.4535520837187504,64,336,0.5425155398994728,0.125,3.0971310138702393,True,2
2ahv__1__1.D__1.H,c2034,0.23294231645650135,0.049890350877192985,0.10000368590560647,0.09380586120305331,0.37938726684212465,0.29454209456620184,91,1824,0.23294231645650135,0.03510802469135803,3.194455862045288,True,2
2bdm__2__1.A_2.A__2.D,c11013,0.2590663300595494,0.125,0.2557507344500681,0.21096028768613645,0.4153708669804235,0.4223234645136787,81,648,0.13700928397692147,0.084375,2.7698488235473633,True,2
2c84__1__1.A__1.B,c1327,0.4917174926901352,0.13095238095238096,0.34869394562163536,0.3510269363863085,0.6153598673346573,0.6099181590549905,77,588,0.4917174926901352,0.08333333333333333,2.4692420959472656,True,2
2de3__1__1.A__1.D,c4237,0.40590254853468827,0.1527777777777778,0.31082972635529454,0.3011643456393235,0.46355259902134904,0.6050731603830344,66,432,0.4059025485346883,0.10060975609756098,2.4322922229766846,True,2
2de3__2__1.B__1.G,c4237,0.4112855154834691,0.140625,0.2915295053129018,0.27631171511957076,0.4712326446701447,0.6210229604662377,63,448,0.4112855154834691,0.0875,2.3888468742370605,True,2
2de4__1__1.A__1.D,c4237,0.3998272070162018,0.15476190476190477,0.3286476242041853,0.31707612131513374,0.4748155172713996,0.6013649986023935,65,420,0.3998272070162019,0.09848484848484848,2.414532423019409,True,2
2dcl__1__1.B_1.C__1.F,c4257,0.47779379094448127,0.12443778110944528,0.27587817281374116,0.2679628591970657,0.5102549008230827,0.5452132891131267,83,667,0.4777937909444812,0.08592132505175984,2.56543231010437,True,2
2dcl__1__2.B_2.C__2.F,c4257,0.4668755823290215,0.12443778110944528,0.28932325750031357,0.25505330014161254,0.4931011504823876,0.5266785556174557,83,667,0.4668755823290214,0.09496567505720824,2.549450635910034,True,2
3b7d__1__1.A__1.I,c7,0.5324082540210053,0.18575851393188855,0.5289494841311451,0.5062856116161224,0.6846734148204737,0.45124235591672573,60,323,0.5324082540210053,0.12170385395537525,2.9267280101776123,True,2
3b7d__2__1.C__1.K,c7,0.5435496383964036,0.18885448916408668,0.5308389898433292,0.4962622216327695,0.6848928359222476,0.46316196408633387,61,323,0.5435496383964036,0.10873440285204991,2.9050612449645996,True,2
3b7d__1__1.B__1.J,c7,0.5025026217116635,0.18575851393188855,0.522347178964826,0.49744603287114186,0.6622931969990793,0.5073873906594495,60,323,0.5025026217116636,0.11764705882352941,2.886767864227295,True,2
3b7d__2__1.D__1.L,c7,0.48442087464960853,0.18529411764705883,0.45897822091799684,0.4777931374089481,0.6388796007913655,0.539324579295081,63,340,0.4844208746496085,0.09264705882352942,2.8233704566955566,True,2
3b7d__3__1.E__1.M,c7,0.5265849358978371,0.18575851393188855,0.5260312612864516,0.5187283642536846,0.6793608352431882,0.44982507153240836,60,323,0.5265849358978371,0.11764705882352941,2.9245917797088623,True,2
3b7d__3__1.F__1.N,c7,0.4886039425411836,0.17941176470588235,0.46131962032395973,0.46397362613032483,0.6642796092796093,0.5245041335074464,61,340,0.4886039425411836,0.09697933227344992,2.8338019847869873,True,2
3b7d__4__1.G__1.O,c7,0.540332440854314,0.18885448916408668,0.4797262123925576,0.5018306986683554,0.680408635482165,0.48549136421597905,61,323,0.5403324408543139,0.11213235294117647,2.8984687328338623,True,2
3b7d__4__1.H__1.P,c7,0.4946273527635586,0.1826625386996904,0.46342996623405397,0.46299321458366993,0.6403996330466919,0.5142025786634808,59,323,0.49434030028769216,0.10207612456747404,2.8670654296875,True,2
3bki__1__1.A__1.E,c7,0.5428608564235431,0.20955882352941177,0.5227922905554485,0.5304631851906974,0.676200154012654,0.42675026858062576,57,272,0.542860856423543,0.11875,3.1494948863983154,True,2
3bki__2__1.B__1.F,c7,0.6234775553402792,0.25390625,0.5840483821733822,0.5878967402013731,0.731685077075702,0.4994691865674008,65,256,0.6234775553402792,0.126953125,3.32037353515625,True,2
3bki__3__1.C__1.G,c7,0.6030723758270758,0.24609375,0.6345238095238095,0.615005971571746,0.7622739673520924,0.47217963050380635,63,256,0.603072375827076,0.140625,3.2756006717681885,True,2
3bki__4__1.D__1.H,c7,0.5567241440670848,0.24632352941176472,0.5227893271736556,0.5439863473593783,0.690935489568302,0.5108739227042799,67,272,0.5567241440670849,0.11631944444444445,3.125235080718994,True,2
3bda__1__1.A__1.D,c33,0.3944960792050481,0.13333333333333333,0.3667724254100351,0.38486514697050705,0.5429148130743526,0.4674493293797507,72,540,0.3944960792050481,0.1,2.6125051975250244,True,2
3bd8__1__2.A__2.C,c33,0.40938151119513544,0.13450292397660818,0.3939903626758484,0.3649779247746541,0.552503050426812,0.4377609075190931,69,513,0.40938151119513544,0.06983805668016195,2.711912155151367,True,2
3bd7__1__1.A__1.D,c33,0.37094336622970886,0.13148148148148148,0.38008399413563365,0.33961303410775195,0.5490263874484075,0.470709600115446,71,540,0.3709433662297089,0.08875,2.639788866043091,True,2
3bd7__1__2.A__2.D,c33,0.3685714250930704,0.13148148148148148,0.38008399413563365,0.3303172320444342,0.5517049588769789,0.46521473550293435,71,540,0.36857142509307034,0.07888888888888888,2.6400535106658936,True,2
3bd8__1__1.A__1.C,c33,0.4056085926936753,0.13450292397660818,0.39386189505370384,0.3596414744575237,0.5416737334318197,0.44668588897675426,69,513,0.405122124640059,0.08253588516746412,2.6877005100250244,True,2
3bz9__1__1.A__1.F,c1599,0.41895337334763527,0.14087301587301587,0.38105947512682037,0.364268188071878,0.5958962597361903,0.3748855005899805,71,504,0.41895337334763527,0.07349896480331262,2.76668643951416,True,2
3bz7__1__1.A__1.E,c1599,0.3960759164339325,0.13818181818181818,0.3717569238467071,0.3596438323336436,0.576069289731336,0.36419487506716025,76,550,0.3960759164339324,0.08636363636363636,2.7614147663116455,True,2
3bz9__2__2.A__2.F,c1599,0.4284271809413207,0.14087301587301587,0.3813101016932364,0.3804791529268704,0.5965531114434622,0.3787653249973428,71,504,0.4284271809413206,0.08669108669108669,2.767102003097534,True,2
3bz7__2__2.A__2.E,c1599,0.40118084190102143,0.13818181818181818,0.3717569238467071,0.3783940078711091,0.5760518218191312,0.35764723382524655,76,550,0.4011808419010214,0.0735009671179884,2.757591485977173,True,2
3ctl__1__1.B__1.I_1.J,c1173,0.4228198993047863,0.14439655172413793,0.2865263433926793,0.2787937574315819,0.5767599342208717,0.5581637211994354,67,464,0.4228198993047863,0.09517045454545454,2.9312291145324707,True,2
3ctl__1__1.C__1.K_1.L,c1173,0.4580138622411232,0.15086206896551724,0.3119824835298492,0.30142952767179876,0.5964992617336367,0.5624567341829247,70,464,0.45801386224112334,0.09943181818181818,2.907118320465088,True,2
3ctl__1__1.A__1.G_1.H,c1173,0.41449699031518505,0.14439655172413793,0.2876983357858503,0.28438663499822425,0.573914572117697,0.553726659493705,67,464,0.414496990315185,0.1046875,2.9329700469970703,True,2
3ctl__1__1.D__1.M_1.N,c1173,0.41676315280101894,0.15301724137931033,0.31078848876650483,0.3028455207716034,0.5556785141941392,0.5440745442828776,71,464,0.41676315280101894,0.1056547619047619,2.9246485233306885,True,2
3ctl__1__1.F__1.Q_1.R,c1173,0.4299032452269702,0.15,0.30483983472545506,0.3076111806864165,0.5818338649198024,0.5661686736984356,72,480,0.42977588520556737,0.1125,2.8896260261535645,True,2
3ctl__1__1.E__1.O_1.P,c1173,0.43281435926532746,0.15086206896551724,0.3050929174960992,0.28610623467405866,0.5861018061799312,0.5748671500457215,70,464,0.4327881944400104,0.10416666666666667,2.9126648902893066,True,2
3a20__1__1.A_1.B__1.C,c1089,0.5304840921262044,0.11790878754171301,0.3417045036830118,0.33308108277029136,0.6729299507949762,0.6158884746551083,106,899,0.5304840921262044,0.09241499564080209,2.5432121753692627,True,2
3dnt__1__1.A__1.C_1.D_1.E,c2488,0.4437976189217743,0.11143695014662756,0.20891858327570478,0.16069912115485813,0.5376493471038063,0.5601839571766681,114,1023,0.44379761892177416,0.08172043010752689,2.719402313232422,True,2
3a20__1__1.A_1.B__1.D,c1089,0.5227916863176773,0.11981566820276497,0.3501974049321152,0.3257482631698374,0.6664091343951276,0.5742811627802359,104,868,0.5227916863176771,0.09067131647776809,2.5753562450408936,True,2
3dnt__2__1.B__1.G_1.H_1.I,c2488,0.47163890816377,0.11088709677419355,0.22266735009235472,0.16498758016934814,0.5851816997571266,0.5469272903722483,110,992,0.4715191670634464,0.09098428453267163,2.6748368740081787,True,2
3d9s__1__1.A_1.B_1.C_1.D__1.E,c4511,0.16709478802168204,0.07039473684210526,0.1743482768499402,0.13857433609758835,0.41616387107446545,0.24241147782770114,107,1520,0.16709478802168204,0.0541497975708502,4.591335773468018,True,2
3b0y__1__1.A__1.B_1.D_1.E,c31,0.3665129011248463,0.09090909090909091,0.14332112486684928,0.15186181924926717,0.4707275561739848,0.4413741391304827,62,682,0.36651290112484625,0.06060606060606061,3.0900685787200928,True,2
3apw__2__1.B__1.D,c3321,0.18417365919039888,0.0874074074074074,0.13451232001390223,0.13559136457666604,0.2843200053958422,0.3853860271179871,59,675,0.1841736591903989,0.06555555555555556,2.173187255859375,True,2
3agy__1__1.B__1.E,c5190,0.2260120560114708,0.07446808510638298,0.20433906085230447,0.2433859036455424,0.5753879367160617,0.2091523107326513,49,658,0.22588764828097835,0.038613081166272656,5.503820896148682,True,2
3apw__1__1.A__1.C,c3321,0.20228449363169168,0.10222222222222223,0.16794599120411066,0.15039828903940342,0.3179783346548557,0.38447670013666724,69,675,0.20228449363169168,0.0745945945945946,2.283200979232788,True,2
3amf__1__1.A_1.B__1.C,c1089,0.5562816095815334,0.11290322580645161,0.33974905659061594,0.3253170616023448,0.6987729808159677,0.6348380528857165,105,930,0.5562816095815334,0.06912442396313365,2.569045066833496,True,2
3apv__2__1.B__1.E,c3321,0.1874751975844504,0.10884353741496598,0.1516105567589977,0.16024629226468448,0.316935635791415,0.3904162466296969,48,441,0.1874751975844504,0.06177606177606178,2.2633283138275146,True,2
3apv__1__1.A__1.C_1.D,c3321,0.18270991801476127,0.11337868480725624,0.16683677695508745,0.16927932308265156,0.3268571046271877,0.36235166831294824,50,441,0.18270991801476125,0.0744047619047619,2.3386647701263428,True,2
3amf__1__1.A_1.B__1.E,c1089,0.55327398319513,0.12425328554360812,0.34290772380829826,0.31254102614579027,0.6881032243553468,0.6203443014555179,104,837,0.55327398319513,0.07624633431085044,2.581960678100586,True,2
3awh__1__1.A_1.B__1.C,c1089,0.5525592025456966,0.1167964404894327,0.34334894001091143,0.3111723331149919,0.6824279466404704,0.633259028604835,105,899,0.5525592025456967,0.08064516129032258,2.5928614139556885,True,2
3awh__1__1.A_1.B__1.E,c1089,0.5386933634300496,0.12425328554360812,0.34276106728118627,0.30981450810459793,0.674715512455076,0.6050220029102134,104,837,0.5386933634300495,0.0684660961158657,2.5833215713500977,True,2
3axs__1__1.A__1.C,c1987,0.4805341155067582,0.11749680715197956,0.31102892124256437,0.2654859801060727,0.6481640051125345,0.5227748875254397,92,783,0.4805341155067581,0.07098765432098765,2.9956235885620117,True,2
3agy__1__1.A__1.C,c3461,0.22639204756305947,0.07223942208462332,0.20369572390359653,0.18705477384826613,0.5200348908197746,0.3163235470176668,70,969,0.2263920475630595,0.044275774826059454,3.5927436351776123,True,2
3axs__1__2.A__2.C,c1987,0.4694430687753692,0.11749680715197956,0.30958275366255195,0.2561453720787771,0.6405003215133935,0.5453350923196021,92,783,0.4694430687753691,0.08112874779541446,2.9749436378479004,True,2
3au2__1__1.A__1.B_1.F_1.G,c31,0.36055097386993307,0.08797653958944282,0.1500387831649691,0.14713495397338566,0.4324086099086099,0.41177134249193076,60,682,0.360550973869933,0.043010752688172046,2.905820369720459,True,2
4a6s__2__1.C__1.I_1.J,c225,0.2899463129977404,0.17532467532467533,0.23347974042418487,0.22147912122520874,0.34434039865858046,0.41886776787889607,54,308,0.2899463129977404,0.08181818181818182,2.838214874267578,True,2
3b0x__1__1.A__1.D_1.E_1.I,c31,0.443871561436306,0.08064516129032258,0.13761940896140348,0.14763901740790905,0.7722603174603173,0.4539453518028229,60,744,0.44387156143630596,0.043010752688172046,2.699408769607544,True,2
4a6x__2__1.B__1.E_1.F,c124,0.538678659196584,0.13210445468509985,0.23763544814138343,0.16958273288115772,0.670826932923707,0.6855944239871962,86,651,0.538678659196584,0.07113316790736146,3.06255841255188,True,2
4a8p__2__1.F__1.P,c103,0.40266467442038933,0.1903409090909091,0.23350103515338916,0.25297159789186907,0.45948654065841565,0.552142857142857,67,352,0.4026646744203893,0.13958333333333334,2.9235024452209473,True,2
4a8h__2__1.B_3.B__3.I,c103,0.530390473545795,0.22189349112426035,0.32410485969938013,0.2996052834517907,0.6266231686028066,0.6162926841676841,75,338,0.530390473545795,0.13111888111888112,2.9754326343536377,True,2
4a8h__2__1.B_2.B__1.I,c103,0.5483909470823092,0.22189349112426035,0.3234778962488873,0.3209231634743019,0.6060048005216072,0.571290029084672,75,338,0.5483909470823091,0.14071294559099437,2.9853482246398926,True,2
4a8h__1__1.A_2.A__2.C,c103,0.49641877794721423,0.21597633136094674,0.30042646720143995,0.28636697260956623,0.614745383890716,0.5661971659293087,73,338,0.49641877794721423,0.14038461538461539,2.951122283935547,True,2
4a8p__1__1.A_1.B__1.G,c103,0.33041315849593533,0.16294642857142858,0.22314955964104835,0.21809480877164114,0.4385786331028343,0.5018604230634306,73,448,0.33041315849593533,0.11128048780487805,2.797551393508911,True,2
4a8p__1__1.A_1.C__1.K,c103,0.32389444547826146,0.16294642857142858,0.2181863195672624,0.20938136027472426,0.41804540388902256,0.5255601367443471,73,448,0.3180991198917697,0.09707446808510638,2.7966151237487793,True,2
4a8p__1__1.B_1.C__1.I,c103,0.3006681285501072,0.15948275862068967,0.21911087967928136,0.2279530287065285,0.41478627531836154,0.4961030196655196,74,464,0.3006681285501072,0.10277777777777777,2.804932117462158,True,2
4a8p__2__1.D_1.E__1.O,c103,0.3815050349323221,0.1597222222222222,0.218496565305496,0.22097679572528445,0.47418048046724515,0.48449820751512473,69,432,0.381505034932322,0.11348684210526316,2.7797229290008545,True,2
4a8h__1__1.A_3.A__1.C,c103,0.47570987509002016,0.21597633136094674,0.30102860478987886,0.2944727952190591,0.5943112361935297,0.5578859285555714,73,338,0.4757098750900202,0.12478632478632479,2.9721851348876953,True,2
4dve__1__1.A__1.D,c2689,0.3825929750289629,0.18181818181818182,0.3292208583802437,0.3378452207509316,0.46470631479266344,0.473039902392581,64,352,0.38259297502896294,0.11764705882352941,2.8729817867279053,True,2
4al9__2__1.F__1.I_1.X_1.Y,c225,0.2252868421764391,0.12753623188405797,0.2154474752300839,0.2130345754353761,0.4510050366300366,0.3118217424793764,44,345,0.22528684217643913,0.061711079943899017,2.4335520267486572,True,2
4al9__2__1.H__1.CA_1.J,c225,0.1990329170195364,0.12753623188405797,0.20156510156510157,0.21588889668670608,0.41098824786324784,0.28610852261587305,44,345,0.1990329170195364,0.057971014492753624,2.4386959075927734,True,2
4am8__1__1.A__1.H_1.I,c103,0.31512423942522655,0.1725,0.22269725319281955,0.21871674849638847,0.44882979782719945,0.5123151253508396,69,400,0.31512423942522655,0.09583333333333334,2.856268882751465,True,2
4am8__1__1.B__1.M_1.N,c103,0.30194594574567185,0.17,0.2169598810444775,0.21388872006499687,0.43469947762536054,0.5156766284397865,68,400,0.3019459457456718,0.11805555555555555,2.8401241302490234,True,2
4am8__1__1.C__1.Q_1.R,c103,0.2985340391199396,0.1725,0.21697210857415689,0.22698233714599678,0.41815425609340745,0.4947545024420023,69,400,0.29853403911993964,0.1002906976744186,2.828314781188965,True,2
4am8__2__1.E__1.X_1.Y,c103,0.2987022120110954,0.17,0.21430325180177953,0.22238016252431353,0.42273423231210827,0.5028823564349881,68,400,0.2987022120110954,0.09659090909090909,2.802025079727173,True,2
4am8__2__1.D__1.T_1.U,c103,0.29737619717613983,0.17,0.21362681436210848,0.24159630879659416,0.42669887480709545,0.5064165181526293,68,400,0.29737619717613983,0.11805555555555555,2.840258836746216,True,2
4am8__2__1.F__1.AA_1.BA_1.V,c103,0.2881270219462468,0.1675,0.20821463685523145,0.2161062187555603,0.4149179690060865,0.512005209296876,67,400,0.28812702194624684,0.11019736842105263,2.8180911540985107,True,2
4b11__2__1.B__1.J,c118,0.21978125546697883,0.11042183622828784,0.19863937140156096,0.19755782332956007,0.3847190807422725,0.34333037342645806,89,806,0.21978125546697883,0.06524926686217009,2.7045540809631348,True,2
4b14__2__1.B__1.J,c118,0.242296403725305,0.123342175066313,0.21798116072521567,0.20416189884091515,0.39776673178392213,0.3365394371383626,93,754,0.24229640372530498,0.07288401253918496,2.684065103530884,True,2
4b14__3__1.C__1.P,c118,0.249038751188012,0.123342175066313,0.2408217301009445,0.23884223975781382,0.40429916105581715,0.3373218937638212,93,754,0.249038751188012,0.06971514242878561,2.643000602722168,True,2
4b14__1__1.A__1.E,c118,0.23230198505356411,0.129973474801061,0.20756610113553212,0.22638336061304393,0.40394913412634054,0.3292583134443655,98,754,0.23230198505356411,0.07858861267040898,2.6591734886169434,True,2
4b11__3__1.C__1.O,c118,0.1952942446735019,0.10794044665012408,0.18754916251161236,0.18656558454720326,0.3700802429045962,0.3327408333884528,87,806,0.19529424467350187,0.06682027649769585,2.6742849349975586,True,2
4cae__3__1.C__1.R,c118,0.2121146259034017,0.10625,0.19825342484895658,0.19590867688409264,0.34042060003209496,0.3672952742638807,102,960,0.2121146259034017,0.07555555555555556,2.543877363204956,True,2
4cae__1__1.A__1.G,c118,0.2351521984138926,0.10752688172043011,0.2146971396022226,0.2122251600164536,0.3806665706927193,0.3510680872815068,100,930,0.2351521984138926,0.08547008547008547,2.5521624088287354,True,2
4ctn__1__1.A__1.C_1.D,c33,0.35138290191740473,0.11625615763546798,0.29192513047387453,0.26686604194518265,0.4989258842614054,0.49335773260451665,118,1015,0.3513829019174047,0.07677293428757319,2.8425891399383545,True,2
4ctm__1__2.A__2.B,c33,0.4041760795815879,0.15196078431372548,0.36715547354011463,0.3576953839640321,0.5102732511145142,0.49380176945477,62,408,0.40417607958158797,0.08895265423242468,2.7390856742858887,True,2
4d6p__1__1.A__1.C_1.E,c124,0.497299978503253,0.130568356374808,0.27547117354942185,0.2021402605692007,0.6744824811645089,0.536080642470676,85,651,0.497299978503253,0.07410636442894507,3.149876117706299,True,2
5aju__1__1.A_2.A__1.B,c2020,0.42619505462163887,0.14935064935064934,0.29654649079658213,0.305316246442808,0.4750236088697627,0.5435839345839345,46,308,0.42619505462163887,0.0888030888030888,2.7313191890716553,True,2
4cto__1__1.A__1.B,c33,0.3759186361388772,0.12375,0.2913406819078491,0.30113723866234016,0.5072820559933429,0.4798742438404584,99,800,0.37591863613887727,0.088,2.662733554840088,True,2
4ctn__1__2.A__2.C_2.D,c33,0.34487245618097534,0.11625615763546798,0.29192513047387453,0.26421196211740594,0.4985586618904151,0.44645941860908306,118,1015,0.3448724561809753,0.08657373440939105,2.8524270057678223,True,2
5aju__1__1.A_2.A__2.B,c2020,0.434195900373994,0.14935064935064934,0.2952336731794167,0.25030671832590307,0.4987632239555315,0.5820865800865801,46,308,0.4341959003739939,0.0782312925170068,2.6930289268493652,True,2
4cto__1__2.A__2.B,c33,0.37515985511355826,0.12375,0.29505395846426286,0.28652541768876777,0.5023905071315018,0.5083763034440125,99,800,0.3751598551135583,0.09428571428571429,2.670151710510254,True,2
4d6p__2__1.B__1.G_1.H,c124,0.5150300401012603,0.13517665130568357,0.25113365701788254,0.18212250175595196,0.6327050381773883,0.5989342777071208,88,651,0.514717488581779,0.08110599078341015,2.929898262023926,True,2
4ctm__1__1.A__1.B,c33,0.41055223158639753,0.15196078431372548,0.3744745301950347,0.39433443583089567,0.507851854748481,0.4267614555016516,62,408,0.41055223158639753,0.08895265423242468,2.786447286605835,True,2
5ajp__1__1.A_1.B__1.C_1.E,c186,0.37617275730057076,0.11764705882352941,0.2784523624017359,0.23777352532412058,0.5261352850852852,0.5553539550623785,100,850,0.37617275730057076,0.07407407407407407,2.4387903213500977,True,2
5bnr__1__1.A__1.B,c161,0.2770759507212829,0.13117283950617284,0.2445932178399853,0.2369294323793895,0.3947600182779883,0.40778195537904105,85,648,0.2770759507212829,0.06682389937106918,3.0285732746124268,True,2
5bqs__1__1.A_1.B__1.F,c161,0.2649900356380892,0.12202380952380952,0.23076707001157248,0.22502968337777393,0.40271423499279085,0.4286824614345254,82,672,0.26499003563808915,0.06570512820512821,2.9019157886505127,True,2
5cbs__1__1.A__1.E_1.H,c7,0.4012655041124335,0.16052631578947368,0.3369992676291209,0.33711078174507214,0.5450554192969054,0.45971617428701306,61,380,0.4012655041124336,0.07830551989730423,2.842888355255127,True,2
5cbs__1__1.C__1.V,c7,0.4677440223125565,0.15789473684210525,0.34298935956830695,0.3336608348213216,0.5997128237259817,0.5241211238308762,60,380,0.4677440223125565,0.07702182284980745,2.853040933609009,True,2
5bxv__1__1.A__1.E,c326,0.6628754057480403,0.11471861471861472,0.3136306216494896,0.23110504419614614,0.7276100956656513,0.6120479157220048,53,462,0.6628754057480403,0.055381400208986416,2.4638655185699463,True,2
5c79__1__1.A__1.C,c6049,0.15381743864781489,0.07541478129713423,0.1128122646584185,0.09754140182531305,0.3561485325374214,0.3550803615100081,50,663,0.15381743864781489,0.045787545787545784,2.8806657791137695,True,2
5cbs__2__1.B__1.M_1.P,c7,0.39730155004855966,0.17174515235457063,0.34327295982644024,0.3677524681112961,0.5602146825482738,0.43999040610240825,62,361,0.3973015500485596,0.08587257617728532,2.924830436706543,True,2
5bxv__2__1.C__1.F,c326,0.6807715691834323,0.11688311688311688,0.3108079677524122,0.3034870230798428,0.7960458522958522,0.586592317725734,54,462,0.6804777302361037,0.06293706293706294,2.5920209884643555,True,2
5c79__2__1.B__1.E,c6049,0.25336945175879616,0.07834757834757834,0.150206191115282,0.1258236865217761,0.46715328488161295,0.38663399382038804,55,702,0.2533694517587962,0.04862953138815208,3.0975594520568848,True,2
5a6z__1__1.A_1.B__1.E_1.I_1.J,c266,0.16019313086026266,0.08055555555555556,0.13695459819023037,0.14341794620171075,0.583257252007252,0.2709074374536754,58,720,0.16019313086026263,0.03790849673202614,3.041858196258545,True,2
5ciy__1__1.A__1.D,c272,0.5403153641866107,0.12903225806451613,0.3093717786836219,0.29363684929008954,0.63152895616636,0.6144428734463564,104,806,0.5403082526203595,0.08163265306122448,2.9426305294036865,True,2
5a6z__1__1.A_1.B__1.F_1.L_1.M,c266,0.16480428532963054,0.09375,0.18346867467237837,0.18996911840555392,0.5626952976217682,0.17613708382754942,54,576,0.16480428532963054,0.039473684210526314,2.8040952682495117,True,2
5d21__1__1.D__1.K_1.L,c225,0.3404777750689548,0.17777777777777778,0.28682359307359306,0.2958014046681343,0.41733867983867984,0.5504706894412776,48,270,0.3404777750689549,0.09195402298850575,2.623270273208618,True,2
5d21__1__1.B__1.G_1.H,c225,0.30843620676610345,0.1814814814814815,0.2726754726754727,0.2711625532708281,0.4062638441805108,0.48359149762893067,49,270,0.3084362067661034,0.09386973180076628,2.5915744304656982,True,2
5d21__1__1.A__1.E_1.F,c225,0.3402544795340299,0.17777777777777778,0.2836489898989899,0.296152477593202,0.4074655282988616,0.5472928977340741,48,270,0.3402544795340299,0.08333333333333333,2.6076345443725586,True,2
5d21__1__1.C__1.I_1.J,c225,0.34586576645556577,0.18518518518518517,0.2808272468272468,0.29276484739527175,0.4155877044765934,0.5064287774515047,50,270,0.34586576645556577,0.08680555555555555,2.6395561695098877,True,2
5b2e__1__1.B_1.C__1.K_1.L_1.M,c1299,0.3002136764803171,0.1466346153846154,0.28357077414724097,0.28577502071110733,0.39914065635966894,0.41712840785757455,61,416,0.3002136764803171,0.09775641025641026,2.500555992126465,True,2
5b2e__1__1.A_1.B__1.H_1.I_1.J,c1299,0.33439108276413804,0.1466346153846154,0.26374859369977505,0.2671787793430947,0.4674389289438632,0.43705461553205904,61,416,0.334391082764138,0.09298780487804878,2.4541571140289307,True,2
5b2e__1__1.A_1.C__1.D_1.E_1.G,c1299,0.30666215532217084,0.14182692307692307,0.31309976826597197,0.2738519155146719,0.4615057643039938,0.4849025511525511,59,416,0.3066621553221709,0.09703947368421052,2.5060102939605713,True,2
6bem__1__1.D__1.F_1.I_1.M,c31,0.4181658245281989,0.109717868338558,0.23957221760177425,0.2365198838584778,0.6731827731092437,0.40887972844503867,70,638,0.4181658245281989,0.06352087114337568,2.61723256111145,True,2
6bel__1__1.D__1.F_1.G_1.K,c31,0.3992049519271795,0.10794602698650675,0.22158343665168379,0.22551756705514442,0.6647521456998581,0.34843579009621795,72,667,0.39920495192717953,0.06533575317604355,2.5671348571777344,True,2
6btf__1__1.A__1.G_1.H_1.I,c31,0.36199407195974415,0.10869565217391304,0.18491486136491503,0.177406104126119,0.5682851473922903,0.4608656312952532,70,644,0.3619940719597441,0.05952380952380952,2.39882493019104,True,2
6bt4__1__1.A__1.B,c1881,0.2913221515300344,0.10147058823529412,0.30851650480806486,0.29608164622539423,0.5805453257583074,0.3225154673199349,69,680,0.2913221515300344,0.05968858131487889,2.7987630367279053,True,2
6cwh__4__1.D__1.H,c1881,0.4402542763634508,0.19607843137254902,0.37103245582837424,0.3643274533615354,0.5650711766187956,0.5550562926777731,70,357,0.4402542763634508,0.10752688172043011,2.984524726867676,True,2
6cwi__1__1.A__1.C_1.E,c1881,0.4213931573010419,0.18253968253968253,0.39283523393254244,0.38297699179315053,0.5384848616991472,0.5246337306813228,69,378,0.421393157301042,0.12169312169312169,2.851745843887329,True,2
6ctu__1__1.D__1.H_1.I_1.K,c31,0.37385261787787916,0.10555555555555556,0.2198576543855182,0.21171018310140882,0.6433903262375485,0.35424434451325204,76,720,0.3738526178778791,0.08172043010752689,2.596747875213623,True,2
6ctv__1__1.D__1.F_1.G_1.K,c31,0.40801129036646794,0.10869565217391304,0.22019830046496713,0.21469571449015565,0.6572838090601862,0.3792929756631055,75,690,0.4079995205543632,0.06756756756756757,2.5701236724853516,True,2
6cwi__2__1.B__1.F_1.G,c1881,0.4441355546324351,0.20168067226890757,0.41323724409041873,0.4046039315713436,0.5656939841463651,0.5324661943553347,72,357,0.44413555463243515,0.1038961038961039,2.955099582672119,True,2
6cu9__1__1.A__1.E_1.F_1.I,c31,0.4929559430775866,0.0989010989010989,0.22757601620193532,0.229815131946619,0.739282324818039,0.4515721246646571,72,728,0.4929559430775866,0.06428571428571428,2.394632577896118,True,2
6cr4__1__1.D__1.E_1.F_1.I,c31,0.48494276661272556,0.11304347826086956,0.2542379947017956,0.19391640183770203,0.7507001133786849,0.47148239977809303,78,690,0.48494276661272545,0.06190476190476191,2.609199047088623,True,2
6cwf__1__1.A__1.C,c1881,0.443223932077053,0.19887955182072828,0.39649047576612967,0.4059694797539595,0.5604057582629011,0.5211069094078757,71,357,0.4432239320770531,0.14087301587301587,3.0129783153533936,True,2
6cwh__1__1.A__1.E,c1881,0.4456518605260182,0.20168067226890757,0.408098810727779,0.4000773014401702,0.5889346544108449,0.5487188900015084,72,357,0.44565186052601813,0.11059907834101383,2.998884677886963,True,2
6cwf__2__1.B__1.D,c1881,0.4444406446328176,0.18796992481203006,0.3994683218016551,0.40948486576310233,0.5625371630133534,0.5171049133291139,75,399,0.44444064463281774,0.1152073732718894,2.9608242511749268,True,2
6cua__1__1.A__1.E_1.F_1.I,c31,0.3254639556134256,0.07713884992987377,0.15003008944203572,0.1375822212474137,0.5643253968253968,0.3951681959691414,55,713,0.3254639556134257,0.04795117698343505,2.4509098529815674,True,2
6ctn__1__1.D__1.G_1.H_1.I,c31,0.3096216615298252,0.11143695014662756,0.22667840318519436,0.22519409890870284,0.6556787082649153,0.3740552513648489,76,682,0.3096216615298252,0.06810035842293907,2.5838987827301025,True,2
6cwh__2__1.B__1.F,c1881,0.4100840953869976,0.20448179271708683,0.3647683113436538,0.3441403945974443,0.5600579491055682,0.5665285282533437,73,357,0.4100840953869975,0.12414965986394558,2.9750380516052246,True,2
6cwh__3__1.C__1.G,c1881,0.4525354137295782,0.20168067226890757,0.3704785606075288,0.3786184518637252,0.5581557772033963,0.5366671539773766,72,357,0.4525354137295781,0.11428571428571428,2.9960739612579346,True,2
6cwr__1__1.A__1.B,c1881,0.370459071895451,0.17647058823529413,0.34307009128437693,0.34535488114729646,0.5130021433592861,0.4797935573699892,63,357,0.370459071895451,0.0967741935483871,2.8625473976135254,True,2
6ctw__1__1.D__1.H_1.I_1.J,c31,0.43229794418193845,0.11363636363636363,0.22838186881344774,0.20755271929418778,0.6592977359941645,0.40953089889154326,75,660,0.4322979441819384,0.08333333333333333,2.7239327430725098,True,2
6ai9__1__1.B__1.D,c2032,0.37025440182217223,0.14105263157894737,0.2703580662938996,0.25676254407264787,0.5112634076449866,0.594064137691286,67,475,0.37025440182217223,0.10371517027863777,2.513641834259033,True,2
6cwl__1__1.A__1.C,c1881,0.25431868621200104,0.11904761904761904,0.24138903530332098,0.22932771881767905,0.4275240211177711,0.34392171275805966,75,630,0.254318686212001,0.05791505791505792,2.592471122741699,True,2
6cwl__2__1.B__1.D,c1881,0.26726304956566593,0.11607142857142858,0.2898741258741259,0.2996095598410697,0.5765281888893001,0.28413904099733367,65,560,0.26726304956566593,0.06878306878306878,2.5935885906219482,True,2
6dia__1__1.A__1.E_1.G_1.J,c31,0.3659496258577166,0.09232954545454546,0.18045794118162542,0.14141144476135,0.5753196453406538,0.44021841013635854,65,704,0.36594962585771657,0.05642361111111111,2.5051794052124023,True,2
6ai9__1__1.A_1.B__1.C,c2032,0.34995268937467505,0.1513157894736842,0.2626640102343427,0.2695463780423528,0.46497407093687854,0.5451923204974952,69,456,0.34995268937467505,0.10681114551083591,2.5549674034118652,True,2
6aik__1__1.A_1.B__1.C,c2032,0.12480794052651521,0.07354925775978408,0.16143500930694382,0.1463544352206042,0.26919399339381217,0.24007032264697847,109,1482,0.12480794052651523,0.05374753451676528,3.5426623821258545,True,2
6aip__1__1.A_1.B__1.D,c2032,0.2690607491473067,0.08506944444444445,0.16845952953203078,0.16723339711951965,0.42281697295754017,0.42397670509940477,98,1152,0.26906074914730677,0.05190677966101695,3.2995083332061768,True,2
6aik__1__1.A_1.B__1.D,c2032,0.12432989397648342,0.08295625942684766,0.16964272694481566,0.1563808207368629,0.2601155578623378,0.212756320172759,110,1326,0.12426999183522155,0.05530417295123177,3.784463882446289,True,2
6aim__1__1.A_1.B__1.D,c2032,0.30993776902764514,0.11586206896551725,0.24724006173442264,0.2450337948658028,0.40384030621081707,0.4497119709166646,84,725,0.3096800659464126,0.08,2.743394136428833,True,2
6aim__1__1.A_1.B__1.C,c2032,0.34657898922931724,0.10896551724137932,0.248458094928981,0.24704768251982165,0.4804060458060458,0.4861462327119911,79,725,0.34644737191576835,0.079,2.678183078765869,True,2
6aip__1__1.A_1.B__1.C,c2032,0.24390495729665845,0.08361486486486487,0.15627816744370082,0.16647512162084288,0.3437470014894409,0.415258491253593,99,1184,0.24390495729665848,0.049107142857142856,3.3411073684692383,True,2
7cms__1__1.A__1.C,c121,0.43905221988469306,0.15773809523809523,0.35692644619531416,0.33812331521361705,0.534006144166506,0.5008856024927454,53,336,0.4390522198846931,0.0974264705882353,2.6498310565948486,True,2
7cns__1__1.A_1.B__1.C_1.D,c3553,0.2204868217676217,0.17195767195767195,0.3409234895037637,0.31586749699428196,0.36224055848367964,0.3484030119186369,65,378,0.2204868217676217,0.1132404181184669,2.8359568119049072,True,2
7cms__1__1.B__1.E,c121,0.4275874873765967,0.1611842105263158,0.33081912418647114,0.3420940165598224,0.6054022239943292,0.533865985205271,49,304,0.4275874873765966,0.0875,2.7460596561431885,True,2
7cns__1__2.A_2.B__2.C_2.D,c3553,0.20765724206590686,0.17195767195767195,0.3409234895037637,0.31949529403738025,0.3252178826697811,0.38619853608692895,65,378,0.20765724206590686,0.09285714285714286,2.9260880947113037,True,2
7a5y__1__1.B__1.S_1.T_1.U_1.V,c159,0.3198665597225941,0.08308895405669599,0.23683689823386522,0.1624847382592857,0.492155139996696,0.3870109329575072,85,1023,0.31986655972259415,0.062316715542521994,2.4533698558807373,True,2
7a5y__1__1.A__1.I_1.J_1.K_1.L,c159,0.3408380358596333,0.08406647116324535,0.2316485102540859,0.18384531709009683,0.5021416605362683,0.42119856212174606,86,1023,0.3408380358596333,0.05779569892473118,2.494661808013916,True,2
7a5y__1__1.C__1.AA_1.BA_1.CA_1.Z,c159,0.31462600690344944,0.08669354838709678,0.2393310889849616,0.17162249618479175,0.48877091881477847,0.4413424819822148,86,992,0.31462600690344944,0.05779569892473118,2.449965000152588,True,2
7ag4__1__2.B__2.H,c1379,0.3400914099471125,0.22424242424242424,0.3304182601551023,0.33662254026934973,0.4672206297369204,0.5170748336026114,74,330,0.3400914099471125,0.14095238095238094,2.7826476097106934,True,2
7a5y__1__1.D__1.GA_1.HA_1.IA_1.JA,c159,0.34881009315505984,0.08504398826979472,0.23375516987241687,0.1737875578360029,0.5101851851851852,0.41778157368727015,87,1023,0.34881009315505984,0.05197132616487455,2.481229305267334,True,2
7ag4__1__1.C__1.I,c1379,0.36252742756919387,0.23030303030303031,0.33046589010404803,0.3262776417381352,0.4559273362325477,0.5302987151737152,76,330,0.36252742756919387,0.12357723577235773,2.77312970161438,True,2
7a5y__2__1.E__1.KA_1.LA_1.MA_1.OA,c159,0.32554914682931,0.0792626728110599,0.2303347848476734,0.15529990709708802,0.48404223859631834,0.39976900027378676,86,1085,0.32554914682931,0.05548387096774193,2.5226941108703613,True,2
7a5y__2__1.H__1.IB_1.JB_1.KB_1.LB,c159,0.3183468504028185,0.08568548387096774,0.24672074826619803,0.18516959242261555,0.4939068100358422,0.3957102993882959,85,992,0.3183468504028185,0.05712365591397849,2.454218864440918,True,2
7a5y__2__1.F__1.UA_1.VA_1.WA_1.YA,c159,0.3358214241929312,0.08971774193548387,0.23740420534923357,0.1700712934718484,0.49153095318054085,0.41387362455754817,89,992,0.3358214241929312,0.06379928315412187,2.4913594722747803,True,2
7a5y__2__1.G__1.BB_1.CB_1.DB_1.EB,c159,0.31287321547958513,0.08844953173777315,0.22750371158000066,0.1999316698618658,0.46948318496680624,0.43756549845345466,85,961,0.31287321547958513,0.053763440860215055,2.48764967918396,True,2
7ag4__1__1.A__1.G,c1379,0.40835172233780503,0.23492063492063492,0.3826709148845372,0.39432134125693874,0.49068568532048923,0.5759833253166585,74,315,0.40835172233780503,0.12333333333333334,2.803682804107666,True,2
7ag4__1__2.E__2.K,c1379,0.3846570983622338,0.21159420289855072,0.389587989562285,0.35622813838431727,0.500085871264103,0.5435634525407254,73,345,0.3846570983622338,0.11587301587301588,2.649609088897705,True,2
7ap3__1__1.B__1.E_1.F,c121,0.22108660554887513,0.08558558558558559,0.18069196372447716,0.16709550171538118,0.31239792595540083,0.32516419634558985,133,1554,0.22108660554887513,0.05990990990990991,3.192086935043335,True,2
7b12__1__1.M_1.N__1.HA,c20,0.35359277851187004,0.10101010101010101,0.2280714263290021,0.22145391857431082,0.46259030606851853,0.3663406945491402,90,891,0.35359277851187004,0.06993006993006994,2.868197202682495,True,2
2de4__2__1.B__1.F,c4237,0.4194076188095534,0.15,0.2982729454554851,0.30042506263010244,0.4615432208693077,0.5509790019348844,63,420,0.4194076188095534,0.09333333333333334,2.4436628818511963,True,2
7b12__1__1.J_1.Y__1.FA,c20,0.35062260494394304,0.12237762237762238,0.2825068896929699,0.28411563557663566,0.5052022958148064,0.4366156268063495,105,858,0.350622604943943,0.0707070707070707,2.80043363571167,True,2
1duv__1__1.A_1.B__1.F,c103,0.2921383058764021,0.1744421906693712,0.25559053655717123,0.25092091716910087,0.37083293098307935,0.3928434016468776,86,493,0.2921383058764021,0.1011764705882353,2.9841420650482178,True,2
7b12__1__1.BA_1.N_1.V__1.RA,c20,0.2832517380625862,0.08428030303030302,0.2304060176818128,0.2082831418277143,0.45886811655147497,0.35868279288913396,89,1056,0.28325173806258613,0.05738233397807866,2.714233875274658,True,2
3c34__1__1.A__1.I_1.J,c7,0.599007333834143,0.15555555555555556,0.45465929761848123,0.4093534562218587,0.7154565496232163,0.4647290079341362,49,315,0.599007333834143,0.1053763440860215,2.816089153289795,True,2
2e83__1__1.A_1.B__1.C,c1089,0.5311911039004,0.11290322580645161,0.28340067711170996,0.2988343188973081,0.6623792685733592,0.6248776394807595,105,930,0.5311911039004,0.07697947214076246,2.5348434448242188,True,2
2e83__1__1.A_1.B__1.D,c1089,0.5101818037841598,0.11345939933259176,0.3136103622947676,0.2896980683966093,0.6582244245484533,0.5838184616469879,102,899,0.5101818037841598,0.07834101382488479,2.5784788131713867,True,2
4dve__3__1.C__1.K,c2689,0.32834419541499443,0.2,0.30072412428513073,0.324249840829852,0.44208168991357427,0.45958022384361674,64,320,0.32834419541499443,0.10256410256410256,2.9523208141326904,True,2
4dve__2__1.B__1.H,c2689,0.35457524309693295,0.1875,0.3183899517298502,0.3130676020565365,0.44965878863200287,0.43914991217446575,63,336,0.35457524309693295,0.109375,2.913785696029663,True,2
3bda__1__2.A__2.D,c33,0.40901670171067467,0.13333333333333333,0.3667724254100351,0.38541300748140467,0.5498684367103485,0.4524972103708901,72,540,0.4018530419455708,0.08571428571428572,2.598834991455078,True,2
6cr9__1__1.D__1.E_1.F_1.I,c31,0.32686896200088006,0.10416666666666667,0.19193724046560323,0.17982714423888171,0.5721566870458497,0.41731618596197323,80,768,0.32686896200088006,0.0625,2.6659414768218994,True,2
4d0t__2__1.E__1.Y_1.Z,c186,0.2797234480728155,0.09007232084155162,0.23061150422534885,0.2010224879257902,0.39785966774797504,0.3107132020649711,137,1521,0.27972344807281546,0.06386946386946386,2.7372379302978516,True,2
4d0t__1__1.F__1.CA_1.DA,c186,0.24215236867824858,0.09632709632709632,0.2218074183920024,0.2120839920158292,0.3600349433489464,0.28028541201701435,139,1443,0.24215236867824855,0.07128205128205128,2.724555015563965,True,2
6crh__1__1.A__1.E_1.F_1.I,c31,0.36712404516432173,0.0935483870967742,0.12933988136664312,0.14743995402363766,0.5505494829244829,0.4266815301893275,58,620,0.36712404516432173,0.053456221198156684,2.451992988586426,True,2
3c35__1__1.B__1.T_1.U,c7,0.5898517482713821,0.1523809523809524,0.44911771484688157,0.4770064494635447,0.7298783068783068,0.44037240537240524,48,315,0.5898517482713822,0.08648648648648649,2.7977206707000732,True,2
6dio__2__1.C_2.C__2.HA_2.IA,c248,0.2221197071926276,0.09025974025974026,0.1393480822555688,0.13097980653659963,0.32157126369056527,0.33769368280877704,139,1540,0.2221197071926276,0.0672147001934236,3.7657432556152344,True,2
3c35__1__1.A__1.J_1.K,c7,0.5992658648655614,0.15151515151515152,0.47778585858585854,0.4427309250691923,0.7108814333814333,0.477403340452791,50,330,0.5992658648655614,0.10101010101010101,2.7274458408355713,True,2
6dio__1__1.A_1.B__1.E_1.I_1.O,c248,0.22729441682247506,0.09730113636363637,0.14594940129262493,0.12457540438899728,0.34611380250629686,0.3682181039946543,137,1408,0.22729441682247506,0.06486742424242424,3.888566017150879,True,2
6dio__2__1.C_2.C__1.HA_1.IA,c248,0.23552368708010854,0.09025974025974026,0.13828730689612093,0.12875820181672754,0.31960752774232837,0.31865444102586854,139,1540,0.2355099379435543,0.06075174825174825,3.7976162433624268,True,2
6dio__3__2.A_2.B__2.E_2.I_2.O,c248,0.2338613960000624,0.09730113636363637,0.15060943780630992,0.14727530928942828,0.34801353755756836,0.36600616107658934,137,1408,0.23386139600006234,0.059877622377622376,3.896080732345581,True,2
6dio__3__1.A_1.B__1.E_1.I_1.O,c248,0.2310493639706396,0.09730113636363637,0.14911394641042616,0.14093991189939203,0.3514063550506765,0.3692444804530935,137,1408,0.2310459535766112,0.059877622377622376,3.8730177879333496,True,2
6dio__3__2.C_3.C__2.HA_2.IA,c248,0.22666416349315943,0.09025974025974026,0.14106369541097752,0.13993329445308467,0.31538179044577846,0.30633362863209845,139,1540,0.22666073425547897,0.056412337662337664,3.758812189102173,True,2
1duv__1__1.A_1.C__1.D,c103,0.2798748898306569,0.1724137931034483,0.2509190569062407,0.254108322145075,0.3614440046804172,0.4011442909914549,85,493,0.2798748898306569,0.11363636363636363,2.9779412746429443,True,2
4bdr__1__1.A__1.C,c7,0.5517577269705315,0.15873015873015872,0.46763783068783066,0.4687770360465341,0.6535027492478472,0.46266787445358876,50,315,0.5517577269705314,0.07936507936507936,2.7584004402160645,True,2
4e91__1__1.A__1.C,c1996,0.2610219761042867,0.10964912280701754,0.22334041689304845,0.2268196600822577,0.46617657034323695,0.2796554729249471,75,684,0.2610219761042867,0.05482456140350877,2.642362594604492,True,2
6dio__3__2.C_3.C__3.HA_3.IA,c248,0.22108263712826604,0.09025974025974026,0.1389912891648514,0.12105141733142215,0.3233616077230599,0.3267684625488528,139,1540,0.22104408830425298,0.050953079178885634,3.7810893058776855,True,2
1ejh__2__1.B__1.J,c326,0.7131060853112445,0.11954022988505747,0.37540440880958126,0.3002874369244554,0.8636093073593073,0.6756447570167531,52,435,0.7131060853112445,0.07172413793103448,2.4972620010375977,True,2
1ejh__3__1.C__1.K,c326,0.78119458823346,0.1330049261083744,0.37930139783588057,0.31976817782739164,0.9044973544973546,0.6475577856525999,54,406,0.7383988986375299,0.07161803713527852,2.534165143966675,True,2
1duv__1__1.B_1.C__1.G,c103,0.2671069576457769,0.17038539553752535,0.2510309736402108,0.25788867619342326,0.35894547066988336,0.38204099207300485,84,493,0.2671069576457769,0.10084033613445378,2.966503858566284,True,2
4e0x__1__2.B__2.H,c7,0.5747125417797914,0.15454545454545454,0.4448559827971592,0.42765934062804456,0.641556248762131,0.5099780502871162,51,330,0.5747125417797915,0.11724137931034483,2.8883144855499268,True,2
4e0x__1__1.B__1.H,c7,0.5628757792349162,0.15454545454545454,0.4448559827971592,0.45806046297338837,0.6581902356902357,0.4737983349407342,51,330,0.5628757792349164,0.0918918918918919,2.818746566772461,True,2
4bdr__1__1.B__1.F,c7,0.5502311261845882,0.15873015873015872,0.4806342868460515,0.4174041089825765,0.6654337256788236,0.5004340595156921,50,315,0.5502311261845882,0.07936507936507936,2.751272678375244,True,2
4e91__2__1.B__1.I,c1996,0.2446052604882461,0.10990712074303406,0.21172997838583457,0.2252081148894598,0.4566980109837253,0.24566701513551828,71,646,0.2446052604882461,0.06672932330827068,2.4971392154693604,True,2
4d0t__3__1.A__1.I_1.L,c186,0.2613781406738096,0.09446693657219973,0.23153877827944785,0.22546183755229343,0.39576115391301364,0.34650188571362633,140,1482,0.26137814067380954,0.07803790412486064,2.735944986343384,True,2
3dds__1__1.B__1.I,c33,0.45363750725876106,0.17575757575757575,0.3942246882409154,0.40683818836434316,0.5578081597959048,0.5261542399399542,58,330,0.453637507258761,0.09206349206349207,3.0163002014160156,True,2
7dia__1__1.A__1.D_1.E_1.G,c10526,0.2729792843896475,0.12912087912087913,0.25323054604969497,0.26288653645701304,0.45856558785130214,0.34688551513967075,47,364,0.2729792843896475,0.054778554778554776,2.3816397190093994,False,2
4c9g__1__1.A__1.B,c2097,0.10655626546305079,0.043137254901960784,0.07277818418741558,0.0710670609946544,0.2591582861582862,0.34024144082287217,66,1530,0.10655626546305078,0.02588235294117647,2.702666759490967,True,2
4d0t__3__1.D__1.U_1.V,c186,0.27305712738686944,0.09467455621301775,0.23351491945510697,0.22390427229039545,0.4020634167000136,0.33007010715413987,144,1521,0.2730571273868695,0.06477732793522267,2.788058042526245,True,2
4e92__1__1.A__1.C,c1996,0.2347791239300301,0.09941520467836257,0.22183267046850635,0.22352675961746854,0.4807269450126593,0.26025526364365,68,684,0.2347791239300301,0.06882591093117409,2.662126064300537,True,2
4e92__3__1.A_1.B__1.C,c1996,0.2228915047823254,0.10425101214574899,0.2248688746347682,0.2092082225179715,0.4112960818114511,0.24661461337774238,103,988,0.22289150478232536,0.06303549571603427,2.808466672897339,True,2
4d0z__2__1.A__1.I_1.M_1.U,c186,0.29778369427287793,0.09649122807017543,0.24473848274876148,0.21185655554413615,0.4156231568884289,0.37445284858571887,143,1482,0.2977836942728779,0.07051282051282051,2.6742091178894043,True,2
5ean__1__1.A__1.E,c602,0.4228667845379992,0.12962962962962962,0.24983661253502526,0.19908417951850432,0.5680417529330573,0.6260927382147018,49,378,0.4228667845379992,0.05337690631808279,2.8069751262664795,True,2
3eb3__1__1.A_3.A__1.C,c4653,0.21504764066956383,0.07396449704142012,0.17491293347175702,0.17541834903443546,0.4707092734094563,0.35639285681454513,50,676,0.2150476406695638,0.04091653027823241,2.7449328899383545,True,2
3ddw__1__1.B__1.H,c33,0.4465088063612684,0.17575757575757575,0.4137165131840589,0.41662693509320714,0.5575415379827146,0.4588314979873422,58,330,0.4465088063612685,0.09666666666666666,3.0061280727386475,True,2
5dnl__1__1.A_1.B_1.C__1.G_1.H_1.I,c89,0.5365109080223665,0.1987179487179487,0.3376546222234328,0.3847461019929236,0.6465145172288029,0.6915613681369984,62,312,0.5365109080223663,0.15384615384615385,2.7424190044403076,True,2
5ei3__1__1.A__1.C_1.D,c326,0.30142019198242676,0.1323529411764706,0.2652732389251997,0.2306945050240144,0.47777577360910695,0.3853283681793728,54,408,0.30142019198242676,0.0661764705882353,2.565807342529297,True,2
4d0z__4__1.D__1.IA_1.JA,c186,0.2873786640486141,0.09138724523339908,0.24333617707944025,0.21717839275653877,0.4086869612853186,0.3202828049019855,139,1521,0.28737866404861406,0.05568910256410257,2.690035343170166,True,2
4d0z__5__1.F__1.HB_1.IB,c186,0.2878260420138078,0.09993425378040763,0.2527343650949953,0.22837081391978348,0.4072254435923758,0.31033048841691824,152,1521,0.2878260420138078,0.07353652636671505,2.719062089920044,True,2
3er9__1__1.B__1.C,c3509,0.22045633731484046,0.08625,0.15308685979881634,0.1535362949641341,0.406305921529451,0.4051359345385929,69,800,0.2204563373148405,0.04928571428571429,2.4646782875061035,True,2
5djg__1__1.A__1.B_1.C_1.D,c414,0.4551587191783619,0.12132822477650064,0.2615047542359927,0.20673662383012972,0.5372141345296005,0.5182536175863787,95,783,0.4551587191783619,0.06066411238825032,2.4936301708221436,True,2
4e1b__1__1.A__1.B_1.C,c1652,0.3884340909425113,0.095004095004095,0.21276094997130302,0.16293071445181165,0.5508216420196016,0.47330346175495147,116,1221,0.3884340909425113,0.07323232323232323,2.785367012023926,True,2
1frp__1__2.A_2.B__2.C_2.D,c141,0.35085564313572426,0.172,0.2620172707449509,0.27458690147009857,0.49369008709274065,0.502305644911854,86,500,0.35085564313572426,0.1,2.674508810043335,True,2
1frp__1__2.A_2.B__2.F_2.G,c141,0.3291912328686904,0.17708333333333334,0.25045544256730745,0.2519832796998107,0.44918892477348366,0.4902344724265156,85,480,0.32919123286869034,0.09444444444444444,2.7906479835510254,True,2
5dnl__1__1.A_1.B_4.A__1.D_1.E_1.F,c89,0.5359377755708502,0.1955128205128205,0.33447279154756343,0.3076915013240403,0.6247128360040447,0.6650112026162446,61,312,0.5359377755708502,0.11730769230769231,2.730642795562744,True,2
5dnl__1__1.A_3.A_3.B__3.D_3.E_3.F,c89,0.5266033629007083,0.1955128205128205,0.3385424923385757,0.3181334194986341,0.6291830986473843,0.6663609204365506,61,312,0.5266033629007083,0.09200603318250378,2.7517049312591553,True,2
3e7j__1__1.A__1.C_1.I,c3318,0.09882945787215308,0.056451612903225805,0.1046174094832708,0.10340084303032071,0.24314823851444947,0.17115717368318792,91,1612,0.09882945787215311,0.03723404255319149,3.2711284160614014,True,2
5ean__1__2.A__2.E,c602,0.41696458212007526,0.12962962962962962,0.24983661253502526,0.1725533799012919,0.6002881297446515,0.6328296165324625,49,378,0.41696458212007526,0.05337690631808279,2.832019567489624,True,2
4doc__1__1.A__1.E_1.F_1.N,c31,0.3374078366405531,0.09625,0.21476956485073367,0.18981469055304087,0.6269357853031322,0.5343598809345437,77,800,0.3374078366405531,0.06503378378378379,2.7773983478546143,True,2
2far__2__1.B__1.H_1.I_1.K,c2457,0.2524336778492606,0.09090909090909091,0.20704883156966486,0.15529952878109637,0.35369875139105916,0.45726166139499386,60,660,0.2523481777637605,0.05555555555555555,2.5987679958343506,True,2
5dji__1__1.A__1.B_1.C_1.D_1.E,c414,0.5288946648969453,0.1254180602006689,0.2632312120016826,0.21551704797050303,0.6277842834043426,0.6426503234290907,75,598,0.5288946648969453,0.07583417593528817,2.652460813522339,True,2
5a1l__2__1.B__1.O_1.P,c1133,0.2878716513865377,0.1043956043956044,0.23191054485835555,0.23774247185269096,0.4629434860430335,0.4120753395256809,76,728,0.28787165138653775,0.06312292358803986,2.5843613147735596,True,2
5dnl__1__1.B_4.C_8.C__4.J_4.K_4.L,c89,0.5233340002607062,0.1955128205128205,0.3344708194396254,0.3481002298937243,0.634875739340025,0.6823542408416357,61,312,0.5233340002607062,0.11172161172161173,2.778963804244995,True,2
5dnl__1__1.C_3.B_6.C__1.J_1.K_1.L,c89,0.5403673026658126,0.1955128205128205,0.3304011186486132,0.29846464814492024,0.6366932274075131,0.6768764941874186,61,312,0.5403673026658126,0.10664335664335664,2.745485782623291,True,2
2faq__2__1.B__1.H_1.I_1.K,c2457,0.35782872929328435,0.08560794044665013,0.14185089707323847,0.1344478758750174,0.563779965554159,0.5084518450859147,69,806,0.3578287292932843,0.06182795698924731,2.7557830810546875,True,2
2far__1__1.A__1.C_1.D_1.G,c2457,0.26917735415362753,0.0875,0.22569119005626942,0.16489120022286494,0.40554537665882195,0.4855808099599841,63,720,0.26917735415362753,0.065625,2.5774667263031006,True,2
2f3b__1__1.A_2.A__1.B_1.D_1.E_1.F_1.G,c141,0.3108743142506199,0.1983695652173913,0.3182065865071002,0.2586220404193408,0.4648735465922966,0.5441419263544931,73,368,0.31006623255067994,0.13419117647058823,2.7230520248413086,True,2
1f1b__1__1.A_2.A__1.E,c103,0.4445114884011238,0.16964285714285715,0.3407314248636098,0.33154421897368624,0.5278138322451369,0.5852023249082072,76,448,0.41241649252402296,0.10795454545454546,2.780522584915161,True,2
5dnl__1__2.A_2.B_2.C__2.G_2.H_2.I,c89,0.54084667047998,0.1987179487179487,0.3376546222234328,0.3476982160054579,0.6503512360655217,0.6627098275207519,62,312,0.5408466704799799,0.1445221445221445,2.72784686088562,True,2
5dnl__1__2.A_2.B_3.A__2.D_2.E_2.F,c89,0.5220119182404578,0.1955128205128205,0.3332117574996442,0.27040697994623286,0.5953759335902192,0.6472650598701019,61,312,0.5219177966698958,0.13406593406593406,2.7594645023345947,True,2
5dnl__1__1.C_6.C_8.B__6.J_6.K_6.L,c89,0.5203692944465302,0.1955128205128205,0.3344708194396254,0.3295284986619057,0.6324406884484964,0.672243273377727,61,312,0.5203692944465302,0.10664335664335664,2.7672135829925537,True,2
7a1j__1__1.A__1.B_1.H,c201,0.2663796421326986,0.18157894736842106,0.2219506911106687,0.2233029116348666,0.3702026026948627,0.4800443631335252,69,380,0.2663796421326986,0.0931174089068826,2.787667751312256,True,2
5eo2__2__1.B_1.C__1.H,c5274,0.22318662868008754,0.06968390804597702,0.12372381688843989,0.11742346831837777,0.45734005245391884,0.3462610741545669,97,1392,0.22318662868008757,0.04210069444444445,3.197035551071167,True,2
2f3b__1__1.A_2.A__2.B_2.D_2.E_2.F_2.G,c141,0.2952088223892051,0.1983695652173913,0.317609865876133,0.2622588429755398,0.44606321340696337,0.49626553667663287,73,368,0.2952088223892051,0.10138888888888889,2.7061476707458496,True,2
2faq__1__1.A__1.C_1.D_1.G,c2457,0.42187727725357954,0.07885304659498207,0.1484043408530212,0.13548618830130016,0.6784032538342885,0.5118312286084318,66,837,0.4218772772535795,0.04951237809452363,2.8231968879699707,True,2
2f3b__1__3.A_4.A__3.B_3.D_3.E_3.F_3.G,c141,0.3139445311668529,0.1983695652173913,0.3169223399317577,0.2557772064924558,0.4484168666981167,0.5395364963814162,73,368,0.31385320696593966,0.1140625,2.7483010292053223,True,2
3f64__1__1.A__1.B,c1940,0.506043526299201,0.17307692307692307,0.3360620646500276,0.3449923814909954,0.56461605854463,0.5100457151160195,54,312,0.5060130082554075,0.08653846153846154,2.722461700439453,True,2
5dnl__1__2.A_4.A_4.B__4.D_4.E_4.F,c89,0.5354964736192092,0.1955128205128205,0.31332181138018983,0.2951690713145846,0.6237855794998652,0.6502565128615548,61,312,0.535496473619209,0.11172161172161173,2.7499051094055176,True,2
5el9__1__1.A_11.A_13.A__1.B_1.C_1.D,c89,0.5380016709384724,0.19692307692307692,0.3749565731726663,0.3920161537103133,0.6371371897333437,0.7208776732656285,64,325,0.5380016709384724,0.09116809116809117,2.7956156730651855,True,2
7a1j__1__2.A__2.B_2.H,c201,0.2626218818214241,0.18157894736842106,0.2219506911106687,0.2322669184063725,0.3718237378376697,0.4517848162043208,69,380,0.2626218818214241,0.11348684210526316,2.830366849899292,True,2
5el9__1__1.A_13.A_23.A__13.B_13.C_13.D,c89,0.5353399924489424,0.19692307692307692,0.37215208599317906,0.3653655639357031,0.6363540762070173,0.6789450416271144,64,325,0.5353399924489424,0.10256410256410256,2.817885637283325,True,2
1f1b__1__1.A_3.A__3.E,c103,0.4483009231236979,0.16964285714285715,0.3427855379761594,0.3269989454435874,0.5391592755069403,0.5988525295510589,76,448,0.4483009231236979,0.10795454545454546,2.7645764350891113,True,2
2ex1__1__1.A__1.B,c1327,0.3812349093246852,0.12063492063492064,0.3133955011815297,0.30691678138399436,0.5258315868434915,0.5323696218713634,76,630,0.3809531081433858,0.08826945412311266,2.490190029144287,True,2
2f3b__1__3.A_4.A__4.B_4.D_4.E_4.F_4.G,c141,0.30983496148375406,0.1983695652173913,0.317936765004402,0.27841187002208495,0.45529874639249635,0.5491563672512869,73,368,0.30975200147048043,0.1140625,2.707855224609375,True,2
4ehy__1__1.A__1.B_1.D,c5397,0.5057207553442458,0.11335578002244669,0.23628078926484106,0.19552797709649733,0.6017227961814283,0.5709323615423824,101,891,0.5056833716675612,0.0831275720164609,2.6854474544525146,True,2
1fc0__1__1.A__1.C,c33,0.37294027261008766,0.1696969696969697,0.3348082671296957,0.3532660988812494,0.5272068242215301,0.39638624272552847,56,330,0.3729402726100876,0.0910569105691057,2.884276866912842,True,2
5dnl__1__2.B_3.C_7.C__3.J_3.K_3.L,c89,0.5255613263149673,0.1955128205128205,0.33298460074029196,0.3242728157173307,0.633720022667391,0.6638570299914838,61,312,0.5255613263149673,0.09983633387888707,2.799328327178955,True,2
5dnl__1__2.C_4.B_5.C__2.J_2.K_2.L,c89,0.542983219585976,0.1955128205128205,0.3344708194396254,0.3426448341110641,0.6380485387628245,0.6656274491148442,61,312,0.5429832195859758,0.09384615384615384,2.752054452896118,True,2
5dnl__1__2.C_5.C_7.B__5.J_5.K_5.L,c89,0.5406592806892406,0.1955128205128205,0.3304011186486132,0.28571072936051733,0.6447060479203336,0.6745386359672074,61,312,0.5406592806892406,0.11730769230769231,2.744453191757202,True,2
5el9__1__1.A_21.A_8.A__8.B_8.C_8.D,c89,0.5423641600948087,0.19692307692307692,0.3747987824769499,0.3634799867927666,0.6458196433196435,0.7488079020782101,64,325,0.5423641600948088,0.12307692307692308,2.7858269214630127,True,2
5el9__1__12.A_18.A_5.A__12.B_12.C_12.D,c89,0.534250794787425,0.19692307692307692,0.3749565731726663,0.3418395796218949,0.6340441716403254,0.694554921942877,64,325,0.534250794787425,0.1094017094017094,2.813272714614868,True,2
5el9__1__10.A_14.A_2.A__2.B_2.C_2.D,c89,0.5323794805003201,0.19692307692307692,0.37305053072869815,0.3727652646542173,0.6295081443610856,0.6825320319788106,64,325,0.5323794805003202,0.11449016100178891,2.8197989463806152,True,2
4fgz__1__1.A__1.C,c5754,0.22501945999419024,0.108,0.22338474694030253,0.22579597705402366,0.43063578910801126,0.3726713774243706,54,500,0.22501945999419024,0.06,2.963578701019287,True,2
4f5n__1__1.A__1.H,c31,0.2773749263478271,0.08947368421052632,0.11906114601677037,0.13870314247745788,0.5209771524771525,0.423549648336413,51,570,0.27737492634782707,0.05,2.335991144180298,True,2
1flm__1__1.A_1.B__1.C,c1089,0.550608033615192,0.12096774193548387,0.34224171420130955,0.30421531260525214,0.674957015540507,0.5946327402226705,105,868,0.550608033615192,0.08913412563667232,2.5195071697235107,True,2
1flm__1__1.A_1.B__1.D,c1089,0.5334524375530653,0.11568409343715239,0.33094839704692913,0.3013957347789479,0.6483974487197797,0.6052699700458781,104,899,0.5334524375530654,0.07987711213517665,2.4897661209106445,True,2
5el9__1__10.A_16.A_19.A__19.B_19.C_19.D,c89,0.5242746913494788,0.19692307692307692,0.37790282014464854,0.34405710598415895,0.6281728343719295,0.7013475846178928,64,325,0.5242746913494788,0.10702341137123746,2.8285765647888184,True,2
5dnl__1__3.C_6.B_7.C__7.J_7.K_7.L,c89,0.5384248159597471,0.1955128205128205,0.33292318674445176,0.3492858407799839,0.633106536320822,0.676172622895312,61,312,0.5384248159597471,0.1203155818540434,2.7412281036376953,True,2
5dnl__1__3.A_3.B_3.C__3.G_3.H_3.I,c89,0.5424411979653998,0.1987179487179487,0.337932866275396,0.34327207447643515,0.646062469276755,0.6628286629337049,62,312,0.5424411979653998,0.1288981288981289,2.734426498413086,True,2
5el9__1__10.A_19.A_6.A__10.B_10.C_10.D,c89,0.5496913698005232,0.19692307692307692,0.37390033774143083,0.3273566282309465,0.6518283241812655,0.7167894521185838,64,325,0.5496913698005232,0.126232741617357,2.82942795753479,True,2
5el9__1__11.A_15.A_17.A__17.B_17.C_17.D,c89,0.5353832581025215,0.19692307692307692,0.37390033774143083,0.3561301181906997,0.6453539865530816,0.7274067759712016,64,325,0.5353832581025217,0.1094017094017094,2.8190982341766357,True,2
6e3v__1__1.A__1.E_1.F_1.I,c31,0.37255393803509934,0.11244377811094453,0.22370980743394533,0.2068216820271173,0.5797808073445828,0.46676578996687684,75,667,0.3725227647991928,0.07183908045977011,2.396876811981201,True,2
2fbw__2__1.F_1.G_1.H__1.JJ,c270,0.4441550309321505,0.24583333333333332,0.34009898999305777,0.35749827662260075,0.5485468078548436,0.5693274377569251,59,240,0.4441550309321505,0.1475,2.965432643890381,True,2
5eo2__3__1.E_1.F__1.L,c5274,0.23916130228155233,0.06968390804597702,0.13966784310426092,0.12155211090767604,0.44187787605677176,0.3378811144619079,97,1392,0.2391613022815523,0.04210069444444445,3.0965492725372314,True,2
2f3d__1__1.A_2.A__1.B_1.C_1.D_1.E_1.F,c141,0.3327697077155991,0.19010416666666666,0.31761978033382143,0.28295543350116353,0.4777257316096602,0.5386987304281039,73,384,0.3327697077155991,0.10369318181818182,2.696194648742676,True,2
1f1b__1__1.C_2.C__2.G,c103,0.4143703130082226,0.16071428571428573,0.3250575704043358,0.27803993754087136,0.5307706771085117,0.5549014629161688,72,448,0.41437031300822263,0.10465116279069768,2.7120754718780518,True,2
3f28__1__1.A__1.F_1.G,c218,0.396049780246236,0.17559523809523808,0.4026037294411858,0.35314352783811026,0.5738258574232356,0.5160661514411514,59,336,0.39604978024623594,0.10243055555555555,2.8586952686309814,True,2
1fc0__1__1.B__1.E,c33,0.4234982282973555,0.18095238095238095,0.37519810923319696,0.3985713677577546,0.5427953527953527,0.47654790711933565,57,315,0.4234982282973555,0.09047619047619047,2.9864726066589355,True,2
5dnl__1__4.A_4.B_4.C__4.G_4.H_4.I,c89,0.5359025503852674,0.1987179487179487,0.337932866275396,0.340620265879216,0.6256180988323845,0.6783147019491558,62,312,0.5359025503852674,0.10598290598290598,2.763355016708374,True,2
3fpe__1__1.A__1.C,c2604,0.2535513744337354,0.12916666666666668,0.22538684396816744,0.2140387872613187,0.38780603105856476,0.3481489629141892,93,720,0.25355137443373543,0.08072916666666667,2.785494804382324,True,2
5dnl__1__4.C_5.B_8.C__8.J_8.K_8.L,c89,0.5389758147466907,0.1955128205128205,0.3344708194396254,0.33556079563262264,0.640089355089355,0.6633799844724214,61,312,0.5389758147466907,0.13406593406593406,2.7488293647766113,True,2
4dyn__2__1.B__1.D,c822,0.32329485569287036,0.09620596205962059,0.3395578023068576,0.33667820146361294,0.6504773291842257,0.3373168997590712,71,738,0.32329485569287036,0.042236763831052945,2.7069835662841797,True,2
5el9__1__11.A_17.A_8.A__11.B_11.C_11.D,c89,0.533696922276831,0.19692307692307692,0.3747987824769499,0.3436855253922181,0.6398042371571784,0.716622995481539,64,325,0.5336969222768309,0.09653092006033183,2.7908849716186523,True,2
6cpq__1__1.A__1.E_1.F_1.I,c31,0.46894525557102495,0.10714285714285714,0.20778844428730014,0.18744828732120283,0.6525145648002791,0.5349505850255151,69,644,0.46894525557102495,0.06845238095238096,2.449984550476074,True,2
5el9__1__12.A_14.A_18.A__18.B_18.C_18.D,c89,0.5322853104541252,0.19692307692307692,0.3719434963157427,0.36070251954182264,0.6348194996724408,0.7002936820934019,64,325,0.5322853104541252,0.1094017094017094,2.8205206394195557,True,2
1f1b__1__1.C_3.C__1.G,c103,0.3947605702898608,0.16071428571428573,0.31870216365830406,0.2965960871404816,0.5195511212193542,0.46720386367445194,72,448,0.3947605702898607,0.11538461538461539,2.736576557159424,True,2
2f3d__1__1.A_2.A__2.B_2.C_2.D_2.E_2.F,c141,0.3423063424798332,0.19010416666666666,0.31728883024169613,0.2878161483392862,0.4818551731832982,0.5892724353992498,73,384,0.34230634247983316,0.11698717948717949,2.6924774646759033,True,2
4fgz__2__1.B__1.G,c5754,0.21091574197298252,0.104,0.19798667998667996,0.20872454995691264,0.38109066859066854,0.35975373161437135,52,500,0.21091574197298252,0.05333333333333334,2.9194672107696533,True,2
2foo__1__1.A__1.B,c2776,0.17550121953862186,0.09722222222222222,0.17216798696390534,0.18422507078694544,0.4921125070581591,0.16477037498852762,49,504,0.17550121953862186,0.03888888888888889,3.0986859798431396,True,2
4f5p__1__1.A__1.E_1.H,c31,0.41402231637527614,0.08181818181818182,0.1950756136867248,0.1551683504421632,0.7101227219282774,0.43808951125127593,54,660,0.4137472652943612,0.04390243902439024,2.3794102668762207,True,2
5el9__1__12.A_16.A_3.A__3.B_3.C_3.D,c89,0.5310367901879782,0.19692307692307692,0.37215208599317906,0.32741223416301307,0.6276958825488238,0.7637970088320228,64,325,0.5310367901879782,0.1094017094017094,2.8210299015045166,True,2
5dnl__1__5.A_5.B_5.C__5.G_5.H_5.I,c89,0.5414644087878512,0.1987179487179487,0.337932866275396,0.3404293218602461,0.64245678302401,0.6737706621109983,62,312,0.5414644087878512,0.10367892976588629,2.7535018920898438,True,2
5el9__1__14.A_2.A_22.A__14.B_14.C_14.D,c89,0.5356372183341946,0.19692307692307692,0.37429235252489296,0.3126712252842153,0.6415645139174551,0.766458073257793,64,325,0.5356372183341946,0.126232741617357,2.8061933517456055,True,2
5el9__1__15.A_24.A_4.A__15.B_15.C_15.D,c89,0.5418675511394643,0.19692307692307692,0.3736917480639944,0.34186874343258544,0.6430916695390381,0.7446228278931359,64,325,0.5418675511394642,0.1094017094017094,2.77949857711792,True,2
5el9__1__13.A_20.A_9.A__20.B_20.C_20.D,c89,0.5370247017675804,0.19692307692307692,0.3758550179081853,0.37495425620313727,0.6373372460872461,0.7578889463063132,64,325,0.5370247017675805,0.1094017094017094,2.7964704036712646,True,2
3f2c__1__1.A__1.D_1.I,c3785,0.36194236786632794,0.08721624850657109,0.13357135440914542,0.1449961651536542,0.5112530842317593,0.4655316710357264,73,837,0.36194236786632805,0.05476369092273068,2.7261524200439453,True,2
1frp__1__1.A_1.B__1.C_1.D,c141,0.36582818656453353,0.172,0.2645089650971104,0.27088788692967547,0.49178355455936984,0.5437365883934511,86,500,0.3658281865645336,0.09148936170212765,2.679957866668701,True,2
2f3d__1__3.A_4.A__3.B_3.C_3.D_3.E_3.F,c141,0.3273881664678245,0.19010416666666666,0.3180098107752217,0.28856318094550504,0.48147748952436453,0.5270099243695502,73,384,0.3273881664678245,0.13825757575757575,2.676950216293335,True,2
5dnl__1__6.A_6.B_7.A__6.D_6.E_6.F,c89,0.5249314469567976,0.1955128205128205,0.31332181138018983,0.3591043442465698,0.5842759614376156,0.6778906434368618,61,312,0.5249314469567976,0.13800904977375567,2.7668049335479736,True,2
2f3d__1__3.A_4.A__4.B_4.C_4.D_4.E_4.F,c141,0.3378308592347372,0.19010416666666666,0.31728883024169613,0.2789648300757056,0.47533355533355537,0.5458725333214447,73,384,0.1682097406934362,0.12006578947368421,2.680816650390625,True,2
5dnl__1__6.A_6.B_6.C__6.G_6.H_6.I,c89,0.5404876589526996,0.1987179487179487,0.3401360118015966,0.3153028585503531,0.6601653108795964,0.6645025547126387,62,312,0.5404876589526996,0.10598290598290598,2.757713794708252,True,2
5dnl__1__5.A_5.B_8.A__5.D_5.E_5.F,c89,0.531824966295149,0.1955128205128205,0.3385424923385757,0.3059780713935827,0.6287879275791363,0.6588621773495722,61,312,0.5318249662951489,0.09983633387888707,2.7282705307006836,True,2
5dnl__1__5.A_7.A_7.B__7.D_7.E_7.F,c89,0.5353084313513444,0.1955128205128205,0.33447279154756343,0.3418237885626804,0.5961790014175786,0.6660714713235723,61,312,0.5353084313513444,0.12681912681912683,2.747112989425659,True,2
5el9__1__16.A_21.A_3.A__16.B_16.C_16.D,c89,0.5443987867529253,0.19692307692307692,0.3761545683963968,0.35334836545328996,0.6296857985319525,0.7552380296848085,64,325,0.5443987867529253,0.10047095761381476,2.845720052719116,True,2
1frp__1__1.A_1.B__1.F_1.G,c141,0.3239105713301719,0.17708333333333334,0.25045544256730745,0.25797973415792785,0.4473940159785747,0.4581790809220562,85,480,0.3239105713301719,0.09659090909090909,2.732813835144043,True,2
5el9__1__15.A_4.A_9.A__4.B_4.C_4.D,c89,0.5364698638456352,0.19692307692307692,0.3749565731726663,0.38699251835820947,0.6301676415590444,0.7632541693185951,64,325,0.5364698638456352,0.11449016100178891,2.8015148639678955,True,2
3fpe__1__1.B__1.D,c2604,0.2815173942173489,0.13194444444444445,0.27683785880939404,0.24725892412683576,0.4608354957280138,0.34040692344729123,95,720,0.28151739421734895,0.08246527777777778,2.7380967140197754,True,2
2fop__1__1.A__1.B,c2776,0.2063451879897687,0.08948863636363637,0.17302603701413224,0.1769587689999251,0.41910482895331375,0.2287729440960023,63,704,0.20592492424424852,0.06508264462809918,2.820345163345337,True,2
5el9__1__17.A_24.A_6.A__24.B_24.C_24.D,c89,0.5423116393514961,0.19692307692307692,0.3736917480639944,0.40652829220203834,0.6400762414223954,0.7430168521695132,64,325,0.5423116393514961,0.1094017094017094,2.781811237335205,True,2
5el9__1__18.A_22.A_7.A__22.B_22.C_22.D,c89,0.5321373968628965,0.19692307692307692,0.3749565731726663,0.32326294887453083,0.6320089846051384,0.6686226842459335,64,325,0.5321373968628964,0.1200750469043152,2.7918591499328613,True,2
5el9__1__19.A_21.A_8.A__21.B_21.C_21.D,c89,0.5412853501865915,0.19692307692307692,0.3749652826434501,0.369074590457524,0.6439881414881415,0.7741600771362677,64,325,0.5412853501865914,0.11721611721611722,2.7847113609313965,True,2
3fma__2__1.B__1.G,c2953,0.26464061118243193,0.09130434782608696,0.202089937131345,0.2068744411369777,0.5240546218487394,0.4068263386708009,63,690,0.26464061118243193,0.057065217391304345,3.0613961219787598,True,2
2eqa__1__1.A__1.B_1.C,c1652,0.3942492195021683,0.11594202898550725,0.300558614523708,0.1896907489067905,0.6152826641957077,0.5301515514858545,64,552,0.3942492195021683,0.06956521739130435,2.5248525142669678,True,2
5dnx__1__1.A_1.B_1.C__1.G_1.H_1.I,c89,0.551048504306939,0.22756410256410256,0.3364047632099382,0.3556448979112011,0.6219693401836259,0.7248290698045599,71,312,0.551048504306939,0.13003663003663005,2.7733612060546875,True,2
5dnl__1__6.A_8.A_8.B__8.D_8.E_8.F,c89,0.5330957710384376,0.1955128205128205,0.31332181138018983,0.3257680802739088,0.6359235730852272,0.6754178765523303,61,312,0.5330957710384376,0.09983633387888707,2.7466397285461426,True,2
4f39__1__2.A__2.B,c7,0.5482518405899168,0.21481481481481482,0.4382755558617627,0.41257513131332535,0.6164342231842231,0.43740890860682524,58,270,0.5482518405899168,0.11372549019607843,3.221480369567871,True,2
5el9__1__2.A_24.A_6.A__6.B_6.C_6.D,c89,0.5423936789535546,0.19692307692307692,0.37390033774143083,0.35350480713626437,0.6382519219510171,0.6974508277799594,64,325,0.542324317357683,0.1200750469043152,2.8194761276245117,True,2
5el9__1__20.A_23.A_5.A__23.B_23.C_23.D,c89,0.5430139798029862,0.19692307692307692,0.37390033774143083,0.4036756400900553,0.6466318753309703,0.6904355772352971,64,325,0.5430139798029863,0.11449016100178891,2.8182384967803955,True,2
3fma__4__1.D__1.I,c2953,0.23164657201644212,0.11818181818181818,0.20517676767676768,0.22244330285870723,0.4972222222222222,0.310867335903763,52,440,0.2316465720164421,0.04727272727272727,2.727329969406128,True,2
6fc1__1__1.A__1.E,c326,0.6101553651176906,0.1351981351981352,0.3285298122288718,0.33838925481322707,0.7724064625850339,0.6131364351270505,58,429,0.6101553651176908,0.05858585858585859,2.5791730880737305,True,2
5dnl__1__7.A_7.B_7.C__7.G_7.H_7.I,c89,0.535669056867486,0.1987179487179487,0.337932866275396,0.3826563300077271,0.6356150463293319,0.6692305127179077,62,312,0.535669056867486,0.11632270168855535,2.731245279312134,True,2
5dnl__1__8.A_8.B_8.C__8.G_8.H_8.I,c89,0.534009314673389,0.1987179487179487,0.3376546222234328,0.31116538842599756,0.6497562754705614,0.6745168494748326,62,312,0.5340093146733889,0.11632270168855535,2.75287127494812,True,2
5el9__1__20.A_7.A_9.A__9.B_9.C_9.D,c89,0.5314394947263481,0.19692307692307692,0.37390033774143083,0.35795341334733666,0.6424640524131474,0.6779364097361296,64,325,0.5314394947263482,0.11188811188811189,2.79276704788208,True,2
5el9__1__23.A_3.A_5.A__5.B_5.C_5.D,c89,0.5287856857219069,0.19692307692307692,0.37429235252489296,0.3616262532046932,0.6303470140970142,0.7617903553547811,64,325,0.528785685721907,0.11449016100178891,2.816089391708374,True,2
5el9__1__22.A_4.A_7.A__7.B_7.C_7.D,c89,0.5415253984588893,0.19692307692307692,0.3747987824769499,0.3597958429251108,0.6407060209995433,0.7410560678557878,64,325,0.5415253984588893,0.11721611721611722,2.781709671020508,True,2
5equ__2__1.B__1.J,c224,0.182158849116087,0.07818181818181819,0.2545296460645298,0.26475905451831067,0.5567303342303344,0.14388014873871857,86,1100,0.18215884911608698,0.041951219512195125,3.244333028793335,True,2
4f39__1__1.A__1.B,c7,0.5520138643055663,0.21481481481481482,0.4382755558617627,0.3968873157852039,0.6072412217412217,0.49584967942110797,58,270,0.5520138643055662,0.11372549019607843,3.1840224266052246,True,2
3gb4__1__1.A__1.F,c164,0.391329696732617,0.13377926421404682,0.36440705128205125,0.2856007815942279,0.49952102740564275,0.5903270433270433,40,299,0.3913296967326171,0.08791208791208792,2.3380773067474365,True,2
5fns__1__1.A__1.B,c315,0.21463725514845375,0.0960591133004926,0.18199543914359015,0.18717283937646567,0.38369788699630175,0.354594673047352,78,812,0.21463725514845375,0.061128526645768025,2.575770378112793,True,2
5elw__1__1.A_13.A_23.A__13.B_13.C_13.D,c89,0.5824423733025659,0.19692307692307692,0.3754769536019536,0.3751080527897502,0.6586140426525043,0.7785408552352996,64,325,0.5824423733025657,0.11721611721611722,2.82169246673584,True,2
6fz2__1__1.A__1.C,c118,0.22840863289908853,0.11522633744855967,0.24004956088778268,0.21013398783007292,0.39554880430683714,0.3599973865605987,84,729,0.22840863289908853,0.07407407407407407,2.505188226699829,True,2
5elw__1__1.A_11.A_13.A__1.B_1.C_1.D,c89,0.5757529238230905,0.19692307692307692,0.38752480158730157,0.36068055004068345,0.6473000074973758,0.7540739641017418,64,325,0.5757529238230905,0.14479638009049775,2.8031885623931885,True,2
5equ__4__1.D__1.P,c224,0.17512034938308882,0.07304347826086957,0.22919294384420436,0.2494991652585376,0.4803722248716593,0.18047210577095418,84,1150,0.17512034938308885,0.04097560975609756,3.163719415664673,True,2
1gc5__1__1.A__1.B,c1264,0.3100544357311833,0.08974358974358974,0.17280356312065487,0.12990479566413754,0.46877244487538605,0.4939504803320362,63,702,0.31005443573118335,0.047619047619047616,2.405877113342285,True,2
5equ__3__1.C__1.M,c224,0.19468846862821557,0.06814814814814815,0.25674018163919055,0.2464603068915757,0.5161320162979058,0.2272275943433549,92,1350,0.19468846862821557,0.04088888888888889,3.0174877643585205,True,2
3gbb__2__1.B__1.D,c7,0.5472994324694404,0.16183574879227053,0.4026244979308609,0.4135783804336759,0.6307684572304454,0.4780338219910413,67,414,0.5472994324694405,0.09305555555555556,2.8541131019592285,True,2
3gbb__1__1.A__1.C,c7,0.5618994503186227,0.1527777777777778,0.4220432976114794,0.36591182176271053,0.6623862775598888,0.5121214675269934,66,432,0.5618994503186227,0.10185185185185185,2.7981488704681396,True,2
5dnx__1__1.A_1.B_4.A__1.D_1.E_1.F,c89,0.5461671817106203,0.22115384615384615,0.33488781684521873,0.35384171272095655,0.6279600551217092,0.6997357119485972,69,312,0.5461671817106203,0.15164835164835164,2.7609703540802,True,2
5elw__1__10.A_14.A_2.A__2.B_2.C_2.D,c89,0.5804810497768508,0.19692307692307692,0.386256105006105,0.36343043431163846,0.6555983504512917,0.7730747472691916,64,325,0.5804810497768508,0.09653092006033183,2.796598434448242,True,2
5elw__1__1.A_21.A_8.A__8.B_8.C_8.D,c89,0.5911885128039638,0.19692307692307692,0.37788079975579975,0.3630684500253008,0.646010047457416,0.766325246769691,64,325,0.5911885128039636,0.09846153846153846,2.848782777786255,True,2
5elw__1__10.A_19.A_6.A__10.B_10.C_10.D,c89,0.5700239114350196,0.19692307692307692,0.3769612332112332,0.3580951381083487,0.6522157861631546,0.7406293994071771,64,325,0.5700239114350196,0.1094017094017094,2.824937343597412,True,2
5elw__1__10.A_16.A_19.A__19.B_19.C_19.D,c89,0.5798618938465583,0.19692307692307692,0.38144841269841273,0.3312006020485444,0.6483973149357765,0.7625904167848613,64,325,0.5798618938465583,0.11721611721611722,2.823579788208008,True,2
5elw__1__11.A_15.A_17.A__17.B_17.C_17.D,c89,0.5557233471421933,0.19692307692307692,0.3887114621489622,0.37416690975704575,0.6439794464794464,0.7750714388492165,64,325,0.5557233471421932,0.11449016100178891,2.836168050765991,True,2
3gl0__1__1.A__1.E_1.F_1.G,c164,0.35175934328529357,0.16666666666666666,0.29912067099567097,0.3145321942160755,0.4923715976289505,0.45293816137566134,40,240,0.35175934328529357,0.09803921568627451,2.759401559829712,True,2
6fqh__1__1.A__1.C,c7,0.5014722823926856,0.178743961352657,0.43436889034715126,0.4306502373712047,0.6964020979494125,0.4135101550529257,74,414,0.5013921541875574,0.09462915601023018,2.76847243309021,True,2
5dnx__1__1.A_3.A_3.B__3.D_3.E_3.F,c89,0.5365983657428568,0.22115384615384615,0.33098592163897567,0.31651881300785883,0.6199862066258827,0.7230556382096998,69,312,0.5365797062414387,0.1326923076923077,2.7844481468200684,True,2
6f3j__1__1.A__1.D,c33,0.26219896286874483,0.10783410138248847,0.2526965101865213,0.2144445843555795,0.4233841002700054,0.3981764414330595,117,1085,0.2621989628687449,0.06989247311827956,3.487482786178589,True,2
6fqh__1__1.B__1.D,c7,0.4474260047740313,0.17632850241545894,0.4156695002436515,0.39840627157832353,0.6359801953280213,0.420339152741842,73,414,0.44742600477403127,0.10944527736131934,2.7877197265625,True,2
5elw__1__11.A_17.A_8.A__11.B_11.C_11.D,c89,0.5705900657884554,0.19692307692307692,0.38144841269841273,0.38202380462687885,0.6523757439142055,0.7331853157130934,64,325,0.5705900657884554,0.1094017094017094,2.824810028076172,True,2
5elw__1__12.A_14.A_18.A__18.B_18.C_18.D,c89,0.5720435031628824,0.19692307692307692,0.38144841269841273,0.33078429388137554,0.6537253623283035,0.7507569647430758,64,325,0.5720435031628823,0.10256410256410256,2.7937161922454834,True,2
5elw__1__12.A_16.A_3.A__3.B_3.C_3.D,c89,0.56811744917628,0.19692307692307692,0.38144841269841273,0.3598855992575089,0.6512481215365831,0.741490952977064,64,325,0.5681174491762802,0.10256410256410256,2.817438840866089,True,2
5elw__1__12.A_18.A_5.A__12.B_12.C_12.D,c89,0.5743364078585641,0.19692307692307692,0.3827171092796093,0.3285193203465037,0.6593274318274319,0.7695088070365848,64,325,0.5742368402001463,0.11449016100178891,2.8192596435546875,True,2
6ewf__1__1.A__1.C,c118,0.21834884676081523,0.11248285322359397,0.2166006639369196,0.21362231231016549,0.4065934711932036,0.30580476132103196,82,729,0.2183488467608152,0.06902356902356903,2.425297975540161,True,2
5fm0__1__1.A__1.C_1.D_1.E_1.F,c1867,0.2616399586704459,0.09848484848484848,0.1621696400607627,0.16344172977475702,0.39067520062662575,0.4709315785193243,117,1188,0.2616399586704459,0.06951871657754011,2.717068910598755,True,2
5dnx__1__1.B_4.C_8.C__4.J_4.K_4.L,c89,0.5396000316713291,0.22756410256410256,0.3551575765456334,0.31413856178819755,0.6172115054257912,0.7198041298881634,71,312,0.5396000316713292,0.11620294599018004,2.764693021774292,True,2
2gmh__1__1.A__1.H,c7692,0.10522461353406143,0.07894736842105263,0.10454323265988272,0.09958886282185757,0.2830595248288505,0.3525457594602804,99,1254,0.10522461353406146,0.04824561403508772,3.77272891998291,True,2
6fqk__1__1.B__1.D,c7,0.36265659303197084,0.12794612794612795,0.32922455225086805,0.3149324219485121,0.5352201295744179,0.4058187231062809,76,594,0.36265659303197084,0.07818930041152264,2.5512661933898926,True,2
5elw__1__14.A_2.A_22.A__14.B_14.C_14.D,c89,0.578525570269046,0.19692307692307692,0.38752480158730157,0.3879454800269595,0.6592080319964937,0.7462251000028778,64,325,0.578525570269046,0.126232741617357,2.7959296703338623,True,2
5dnx__1__1.C_3.B_6.C__1.J_1.K_1.L,c89,0.5440190954851102,0.22756410256410256,0.34811532302450665,0.3644351637489512,0.6249108820725363,0.7163563703129531,71,312,0.5440190954851103,0.15604395604395604,2.764533519744873,True,2
5elw__1__13.A_20.A_9.A__20.B_20.C_20.D,c89,0.5594276212677134,0.19692307692307692,0.3903140262515263,0.3657936317066646,0.6452401302401303,0.7667881095242205,64,325,0.5594276212677134,0.13305613305613306,2.827138662338257,True,2
6fqk__1__1.A__1.C,c7,0.2898549725203025,0.10802469135802469,0.26230154882465806,0.24829405633774565,0.4272749575527353,0.3881381089601776,70,648,0.2898549725203025,0.07407407407407407,2.3516979217529297,True,2
6ggi__1__1.A__1.C_1.D_1.E_1.H_1.I,c3463,0.26803390471504746,0.1227106227106227,0.28027202100882836,0.2830915239346879,0.4303754234934968,0.43933107836242213,67,546,0.26803390471504746,0.07596371882086168,2.460867404937744,True,2
6f3j__1__2.A__2.D,c33,0.24536005995892485,0.10783410138248847,0.2538735686797831,0.23136043684861626,0.429571144518936,0.3544964256421899,117,1085,0.24536005995892488,0.06621392190152801,3.5010581016540527,True,2
6f3r__1__1.A__1.C,c33,0.3664122396254773,0.11745689655172414,0.2700132815097526,0.25012852897048954,0.5223424188052439,0.42971975121202455,109,928,0.36641223962547737,0.08949096880131363,2.9491333961486816,True,2
5elw__1__15.A_24.A_4.A__15.B_15.C_15.D,c89,0.5774427143541446,0.19692307692307692,0.3766121031746032,0.37062771737683925,0.6528283753283753,0.7849137107748217,64,325,0.5774427143541446,0.10702341137123746,2.7818446159362793,True,2
5dnx__1__1.C_6.C_8.B__6.J_6.K_6.L,c89,0.5350419019344557,0.22756410256410256,0.3551575765456334,0.3458892758590285,0.6239585011201552,0.6918084366613778,71,312,0.5346948813909848,0.15604395604395604,2.8076374530792236,True,2
5dnx__1__2.A_2.B_2.C__2.G_2.H_2.I,c89,0.543614603192334,0.22756410256410256,0.34170368963562514,0.3143490401454635,0.6327690959833817,0.7387908542075209,71,312,0.543614603192334,0.10923076923076923,2.7976527214050293,True,2
4gxs__1__1.A_1.B__1.E,c7,0.3083316043352294,0.10185185185185185,0.28035833869883664,0.25975252791666154,0.4242038488132238,0.29919666326388006,88,864,0.3081464953265909,0.07432432432432433,2.4574191570281982,True,2
2gmh__2__1.B__1.U,c7692,0.10074732548853604,0.0773524720893142,0.12000738004212871,0.12805299913902268,0.2855871058904268,0.31197635731953893,97,1254,0.10074732548853606,0.04254385964912281,3.583719253540039,True,2
5elw__1__15.A_4.A_9.A__4.B_4.C_4.D,c89,0.5709402724979894,0.19692307692307692,0.386256105006105,0.31450810950650265,0.6523543228401528,0.7549069582680693,64,325,0.5709402724979893,0.11449016100178891,2.7909927368164062,True,2
6f3s__1__1.A__1.C,c33,0.3069257875575485,0.11147186147186147,0.26683830502954264,0.23094964291763906,0.46096759594881126,0.4375153489765955,103,924,0.3069257875575485,0.07663690476190477,3.0088400840759277,True,2
6f3r__1__2.A__2.C,c33,0.36331261694764483,0.11745689655172414,0.2700132815097526,0.2495209881894036,0.5247259731828506,0.45976024580034885,109,928,0.3633126169476448,0.07517241379310345,2.950526475906372,True,2
5dnx__1__2.A_4.A_4.B__4.D_4.E_4.F,c89,0.5223978492421714,0.22115384615384615,0.33488781684521873,0.34392991215805335,0.6151928899506978,0.6931789905809512,69,312,0.5223978492421714,0.10832025117739404,2.8130905628204346,True,2
5dnx__1__2.A_2.B_3.A__2.D_2.E_2.F,c89,0.54236219680184,0.22115384615384615,0.33488781684521873,0.3819988192366048,0.6265808787425329,0.7046073272613889,69,312,0.5423621968018398,0.15164835164835164,2.7549564838409424,True,2
6f3s__1__2.A__2.C,c33,0.3030526463457882,0.11147186147186147,0.26683830502954264,0.2287834050573235,0.45588260164202626,0.38960614645603486,103,924,0.3030526463457882,0.07826747720364742,3.0137288570404053,True,2
5elw__1__17.A_24.A_6.A__24.B_24.C_24.D,c89,0.5811792813746018,0.19692307692307692,0.38752480158730157,0.3368290836181311,0.6538043153427769,0.7702238558766336,64,325,0.581179281374602,0.1094017094017094,2.8271687030792236,True,2
5elw__1__16.A_21.A_3.A__16.B_16.C_16.D,c89,0.5886807714466111,0.19692307692307692,0.3754769536019536,0.37055300971587635,0.6464801329275013,0.7628695589390032,64,325,0.5886807714466111,0.09467455621301775,2.848985433578491,True,2
6g80__2__2.C__2.G,c3239,0.4180745078502454,0.11639676113360324,0.2816538338779632,0.26777363252330977,0.525224441597211,0.484959404269424,115,988,0.41786010859896067,0.08041958041958042,2.9508097171783447,True,2
5elw__1__18.A_22.A_7.A__22.B_22.C_22.D,c89,0.5753295174785517,0.19692307692307692,0.38144841269841273,0.3791121525441121,0.6619732255761667,0.7525535632063409,64,325,0.5753295174785518,0.13675213675213677,2.799180507659912,True,2
5dnx__1__2.C_4.B_5.C__2.J_2.K_2.L,c89,0.5403733669830115,0.22756410256410256,0.3540741529269985,0.3520661285691741,0.6414399086015626,0.7112573700808995,71,312,0.5403733669830113,0.14760914760914762,2.7876555919647217,True,2
5dnx__1__2.B_3.C_7.C__3.J_3.K_3.L,c89,0.5299907075767817,0.22756410256410256,0.3551575765456334,0.3546604711887191,0.6153217285360143,0.7093849959046037,71,312,0.5299907075767817,0.16063348416289594,2.8074870109558105,True,2
5elw__1__19.A_21.A_8.A__21.B_21.C_21.D,c89,0.586820701140371,0.19692307692307692,0.37788079975579975,0.39276587045159106,0.6592310004810005,0.7811707253651697,64,325,0.586820701140371,0.11721611721611722,2.8234851360321045,True,2
3h03__1__1.A__1.E,c7,0.42287508476984687,0.14832535885167464,0.37440384048356184,0.3762744137214523,0.5553919906203187,0.49259786011929374,62,418,0.4228750847698469,0.09597523219814241,2.814354419708252,True,2
1i36__2__1.A_2.A__2.C,c7227,0.2696358208084489,0.08394607843137254,0.19280053813477602,0.16533836931111456,0.40207451096697416,0.33986460961691306,137,1632,0.2696358208084489,0.05285493827160494,3.3879873752593994,True,2
1i31__1__1.A__1.B,c1500,0.24922829638271393,0.0763888888888889,0.20388495433138287,0.1989179537867038,0.5717383820585906,0.23775183000359845,77,1008,0.249228296382714,0.04044117647058824,4.427219390869141,True,2
2h3e__1__1.A_3.A__3.E,c103,0.3614989673721193,0.18287037037037038,0.30452716220537673,0.29999896729560166,0.4823025783861524,0.5187157595490929,79,432,0.36149896737211934,0.10505319148936171,2.9074604511260986,True,2
2h3e__1__1.C_2.C__2.G,c103,0.3656761462366501,0.17672413793103448,0.3267658360656601,0.2990460605184492,0.47233833468160097,0.5293039680655421,82,464,0.3656761462366502,0.11918604651162791,2.7827985286712646,True,2
2h3e__1__1.A_2.A__1.E,c103,0.3661456646702554,0.18287037037037038,0.3217966016267149,0.32201849323455567,0.47571746976519824,0.5120988606851702,79,432,0.36614566467025544,0.10286458333333333,2.8774218559265137,True,2
2h3e__1__1.C_3.C__1.G,c103,0.37142130616362473,0.17672413793103448,0.3034433167827749,0.32105660969531497,0.4782271955857344,0.5192481900815233,82,464,0.3542840599631045,0.128125,2.7902770042419434,True,2
2hr1__1__1.C__1.D,c272,0.4616536702299366,0.12655086848635236,0.27931516246524785,0.27156344818870437,0.571831056325095,0.6068917324935127,102,806,0.46165367022993653,0.10059171597633136,2.8884546756744385,True,2
2hvs__2__1.H__1.L,c4705,0.5424274298708375,0.13043478260869565,0.33458889068446984,0.30293543831125075,0.6206285381285381,0.6333464120562697,72,552,0.5421890544022232,0.0846063454759107,2.328486919403076,True,2
2hvs__1__1.G__1.J,c4705,0.6191148728578599,0.12040133779264214,0.3954448144389859,0.3007781485923788,0.6876808604348711,0.6148952247305995,72,598,0.6191148728578599,0.07453416149068323,2.2506229877471924,True,2
3h03__1__2.B__2.H,c7,0.41915169548422165,0.15037593984962405,0.393044922913344,0.4127979426541377,0.5491734238421341,0.44256537845563254,60,399,0.41812076622308797,0.10526315789473684,2.8822262287139893,True,2
3h03__2__1.D__1.N,c7,0.47034596376432286,0.1507177033492823,0.38607817395964233,0.4085386448379486,0.557073233497382,0.49335281116471574,63,418,0.4703459637643228,0.08961593172119488,2.822495698928833,True,2
3h03__2__1.C__1.K,c7,0.4541220075276086,0.15288220551378445,0.37776118621040716,0.3826308398234658,0.5588404354503426,0.5472816764843779,61,399,0.4541220075276086,0.11070780399274047,2.87434983253479,True,2
3h6t__2__1.B_2.B__1.N,c7,0.2808579805912602,0.1201923076923077,0.27074258879522034,0.2750752753993663,0.38029008573126216,0.3064177019657653,75,624,0.28085798059126016,0.06944444444444445,2.5246965885162354,True,2
3h6t__1__1.A_1.C__1.E,c7,0.2930971075291033,0.10863095238095238,0.279658794085164,0.27691146487825213,0.42949090434013676,0.3017080582535453,73,672,0.2930971075291033,0.07604166666666666,2.5121312141418457,True,2
3hv0__1__1.A__1.C,c121,0.5609255181666778,0.24210526315789474,0.4789785496058211,0.4667284878540789,0.6060791332850155,0.6710457937124604,69,285,0.5609255181666779,0.15862068965517243,2.97629451751709,True,2
3hv0__1__1.B__1.D,c121,0.5599982859132457,0.21904761904761905,0.4682154522314705,0.3902982923853239,0.6106296388796388,0.6674367052700386,69,315,0.5599982859132457,0.1393939393939394,2.920170545578003,True,2
3i0o__1__1.A__1.C,c5298,0.2244666280224137,0.12745098039215685,0.27663881257631256,0.271951610921006,0.4170581592320723,0.24157893937498634,52,408,0.22446662802241374,0.07471264367816093,2.570075750350952,True,2
3i0o__2__2.A__2.C,c5298,0.23198555551679795,0.12745098039215685,0.27663881257631256,0.283793228742369,0.440212058472928,0.30533080515431704,52,408,0.23198555551679798,0.06770833333333333,2.554938316345215,True,2
4f96__1__1.A__1.C,c119,0.43080830567394657,0.10559006211180125,0.22635048950507122,0.16454165591144973,0.5424920634920635,0.5195595722619533,68,644,0.4308083056739467,0.05519480519480519,2.4544386863708496,True,2
4f96__1__1.B__1.E,c119,0.4271381159502495,0.10559006211180125,0.2388642629254499,0.1483746807922672,0.5240814226925338,0.5195909008384498,68,644,0.4271381159502495,0.06938775510204082,2.446143865585327,True,2
4gbw__1__1.A_2.A__2.B_2.C_2.D_2.E_2.F,c141,0.317691817919761,0.19021739130434784,0.2895892649017649,0.2794948217548182,0.4345261359691507,0.5055203176841832,70,368,0.2589701886257364,0.13257575757575757,2.7054946422576904,True,2
4gbw__1__1.A_2.A__1.B_1.C_1.D_1.E_1.F,c141,0.3165403721061282,0.19021739130434784,0.2895892649017649,0.26497327103626234,0.4273266162282706,0.5349683797372873,70,368,0.3165403721061282,0.12867647058823528,2.6947317123413086,True,2
5dnx__1__4.A_4.B_4.C__4.G_4.H_4.I,c89,0.5490978796862136,0.22756410256410256,0.34069249425823256,0.32263517415294674,0.6219360401503258,0.7013035865731944,71,312,0.5490978796862136,0.14003944773175542,2.7908408641815186,True,2
4i2d__1__1.A__1.B_1.D_1.E,c31,0.36017493454695043,0.07258064516129033,0.20074006114427892,0.14038371383933973,0.6133681213422593,0.46155467868965766,63,868,0.3601749345469505,0.047261815453863466,2.4348790645599365,True,2
5dnx__1__3.A_3.B_3.C__3.G_3.H_3.I,c89,0.548539112395607,0.22756410256410256,0.3364047632099382,0.33808737705232134,0.6189239060855602,0.7240120763405077,71,312,0.548539112395607,0.13003663003663005,2.773303747177124,True,2
5dnx__1__2.C_5.C_7.B__5.J_5.K_5.L,c89,0.5363310606863482,0.22756410256410256,0.35384923164944565,0.31922261737267554,0.6365683912300454,0.7263308314778902,71,312,0.5363310606863482,0.12136752136752137,2.787038564682007,True,2
5dnx__1__4.C_5.B_8.C__8.J_8.K_8.L,c89,0.5183359285690302,0.22756410256410256,0.3551575765456334,0.315524986639134,0.6149396628156028,0.6841392410370001,71,312,0.51833592856903,0.11378205128205128,2.8263628482818604,True,2
5dnx__1__5.A_5.B_8.A__5.D_5.E_5.F,c89,0.5249137254074469,0.22115384615384615,0.33488781684521873,0.366416279453422,0.6093737802854343,0.714197094792333,69,312,0.524913725407447,0.11538461538461539,2.793558359146118,True,2
5dnx__1__3.C_6.B_7.C__7.J_7.K_7.L,c89,0.5458525000711089,0.22756410256410256,0.3540741529269985,0.39161242808221824,0.6341834223977081,0.708169400238728,71,312,0.5458525000711089,0.13653846153846153,2.773712158203125,True,2
5dnx__1__5.A_5.B_5.C__5.G_5.H_5.I,c89,0.5522790650283571,0.22756410256410256,0.34069249425823256,0.3740607768160985,0.6276897309040166,0.7125972656609912,71,312,0.5522790650283571,0.13653846153846153,2.7786762714385986,True,2
5dnx__1__5.A_7.A_7.B__7.D_7.E_7.F,c89,0.5372602678023864,0.22115384615384615,0.33488781684521873,0.3360865567861425,0.6329197867659406,0.7059357845702383,69,312,0.5372602678023864,0.11538461538461539,2.779437780380249,True,2
5dnx__1__6.A_6.B_6.C__6.G_6.H_6.I,c89,0.5533312854899252,0.22756410256410256,0.3364047632099382,0.3277181523320492,0.6318594500737358,0.7237295973815582,71,312,0.5533312854899252,0.11620294599018004,2.772969961166382,True,2
5dnx__1__6.A_8.A_8.B__8.D_8.E_8.F,c89,0.5382718669237379,0.22115384615384615,0.33098592163897567,0.37299161695992344,0.6250771474311091,0.7245650881435194,69,312,0.5382718669237377,0.1326923076923077,2.7954494953155518,True,2
5dnx__1__6.A_6.B_7.A__6.D_6.E_6.F,c89,0.5349409529535383,0.22115384615384615,0.33488781684521873,0.3517960351529335,0.6281465888608745,0.70527087214062,69,312,0.5349409529535383,0.1326923076923077,2.790057420730591,True,2
5fll__1__1.A__1.C_1.D_1.E_1.F,c1867,0.2888263388104153,0.0968013468013468,0.156736785649776,0.1484082249757423,0.37278095644790815,0.45521446173068864,115,1188,0.2888263388104153,0.07414571244358478,2.79226016998291,True,2
5fll__1__1.B__1.G_1.H_1.I_1.J,c1867,0.2937552184257354,0.09956709956709957,0.16324205105743453,0.1520982335601062,0.4143302927081981,0.47375573304374174,115,1155,0.29375521842573543,0.07111935683364255,2.711200475692749,True,2
5elw__1__20.A_7.A_9.A__9.B_9.C_9.D,c89,0.590101795945877,0.19692307692307692,0.38752480158730157,0.351393008467969,0.6549596877481493,0.7882694907972686,64,325,0.5901017959458769,0.11449016100178891,2.824765682220459,True,2
5elw__1__22.A_4.A_7.A__7.B_7.C_7.D,c89,0.5883723615329426,0.19692307692307692,0.3766121031746032,0.3527013340229474,0.6479937048256887,0.7692699717977495,64,325,0.5883723615329425,0.10256410256410256,2.8394768238067627,True,2
5elw__1__2.A_24.A_6.A__6.B_6.C_6.D,c89,0.5836008758862467,0.19692307692307692,0.38144841269841273,0.33203251055365185,0.6499188703034857,0.7695844644039087,64,325,0.5836008758862465,0.126232741617357,2.827677011489868,True,2
5elw__1__23.A_3.A_5.A__5.B_5.C_5.D,c89,0.5768019317558579,0.19692307692307692,0.38752480158730157,0.3828874205897954,0.6483796296296295,0.7574072974350751,64,325,0.5768019317558579,0.09467455621301775,2.802466869354248,True,2
5elw__1__20.A_23.A_5.A__23.B_23.C_23.D,c89,0.5757099460861875,0.19692307692307692,0.38144841269841273,0.40044933990693954,0.6604851303380713,0.7521864997142774,64,325,0.5757099460861875,0.11449016100178891,2.799452304840088,True,2
5g3l__1__1.C_1.D_1.E__1.M,c9020,0.28278526525607217,0.11904761904761904,0.30777777777777776,0.30785460938918463,0.5738888888888888,0.3900526668770809,30,252,0.28278526525607217,0.054945054945054944,3.453195810317993,True,2
5guf__1__1.A__1.B_1.C_1.F,c5913,0.43580206030617913,0.10021551724137931,0.32409319788843277,0.2615948937630991,0.5778066287842698,0.5890779870637525,93,928,0.4358020603061791,0.06823184152604549,2.3526084423065186,True,2
5guf__1__2.A__2.B_2.C_2.F,c5913,0.44679194165627756,0.10021551724137931,0.32373400943135777,0.26871497779980963,0.5678990695928721,0.613041326852267,93,928,0.44679194165627756,0.054354178842782,2.3927536010742188,True,2
6gye__1__1.A__1.D_1.I,c3763,0.34037787543166825,0.18627450980392157,0.32582292626152276,0.3012696805476178,0.5203775776692443,0.540503944471469,57,306,0.3403778754316683,0.07916666666666666,2.8232855796813965,True,2
6gye__2__1.B__1.K_1.P,c3763,0.3712305058647671,0.18627450980392157,0.3679432734257295,0.33476503483998965,0.5194137729554397,0.5687338238196081,57,306,0.3712305058647671,0.08558558558558559,2.755690336227417,True,2
6h21__1__1.B__1.O_1.P,c186,0.26263359205086517,0.07427055702917772,0.18369795060445734,0.1751874036175189,0.49686689475121154,0.37487917917356234,84,1131,0.26263359205086517,0.043076923076923075,2.846651077270508,True,2
1h7l__1__1.A__1.B_1.C_1.D,c186,0.32894219611238146,0.118,0.29884769501020747,0.22948718320650255,0.5121909940022185,0.3829195284947582,59,500,0.3289421961123814,0.06378378378378378,2.481379985809326,True,2
1i36__3__1.B_2.B__2.D,c7227,0.23855579279161432,0.0821078431372549,0.19993192105190677,0.13619677466322005,0.39554919357812635,0.3039920013582415,134,1632,0.23855579279161432,0.05939716312056738,3.3732781410217285,True,2
3gts__1__1.A__1.F,c164,0.3408027481229789,0.12923076923076923,0.32979216550645124,0.28279583908998907,0.464072359264667,0.5361056690223357,42,325,0.3408027481229789,0.07342657342657342,2.274998664855957,True,2
3hrr__1__1.B__1.D,c3811,0.19829435756595126,0.08695652173913043,0.15798044288940646,0.16881125973003017,0.387895771326583,0.3026311481169431,42,483,0.1982943575659512,0.06060606060606061,2.3309359550476074,True,2
3h6t__2__1.B_2.B__2.N,c7,0.28405732675603074,0.1201923076923077,0.2759277739804056,0.268223320898929,0.3831246858851025,0.33753445709934393,75,624,0.28405732675603074,0.08445945945945946,2.548210382461548,True,2
2ii6__1__1.A__1.B,c1327,0.4811066917358174,0.14512471655328799,0.3279739223656634,0.29233795663992773,0.6379770923520923,0.5942801025968766,64,441,0.4811066917358174,0.07256235827664399,2.5489730834960938,True,2
4gbw__1__3.A_4.A__3.B_3.C_3.D_3.E_3.F,c141,0.31426572151114207,0.19021739130434784,0.2895892649017649,0.26403823727935266,0.4271190234057881,0.49300371197430015,70,368,0.31426572151114207,0.09510869565217392,2.691429615020752,True,2
5dnx__1__8.A_8.B_8.C__8.G_8.H_8.I,c89,0.5473726540170599,0.22756410256410256,0.34170368963562514,0.36338428764871666,0.6300438972055513,0.7270802608792805,71,312,0.5473726540170598,0.14003944773175542,2.7974209785461426,True,2
5dnx__1__7.A_7.B_7.C__7.G_7.H_7.I,c89,0.5495722343963054,0.22756410256410256,0.34069249425823256,0.3054127927328966,0.6192020281305995,0.7166241211584348,71,312,0.5495722343963053,0.11872909698996656,2.770179271697998,True,2
6fwh__1__1.A_1.B_1.K__1.N_1.P_1.R,c89,0.5936957379741297,0.20833333333333334,0.35632513443164326,0.31692455901542693,0.6734275512846941,0.7590421633040679,65,312,0.5936957379741297,0.125,2.8286080360412598,True,2
1h7q__1__1.A__1.B_1.C_1.E,c186,0.3962108401412347,0.118,0.268413180372303,0.2359015405314464,0.5707362016290587,0.43802060647228613,59,500,0.3962108401412347,0.07375,2.448955535888672,True,2
3gts__1__1.B__1.I,c164,0.38068663302450834,0.13846153846153847,0.3573909755961038,0.3638078273352744,0.566861863208017,0.5980700496085111,45,325,0.3806866330245082,0.07692307692307693,2.304567575454712,True,2
2iib__1__1.A__1.B,c1327,0.41909934100006363,0.12135176651305683,0.3017845094955593,0.28109798758822746,0.5298763191220173,0.5182075824785864,79,651,0.24186188607915385,0.08748615725359911,2.4823737144470215,True,2
2iiq__1__1.A__1.C,c1327,0.5416210663326512,0.15343915343915343,0.3954984204114891,0.3770644003499429,0.6458844635470022,0.5676412171309766,58,378,0.5416210663326513,0.09523809523809523,2.640671968460083,True,2
3h6u__1__1.A_2.A__2.C,c7,0.29386841151558835,0.11857142857142858,0.2587021448144512,0.25501427451062675,0.4195437621363547,0.39667238580132436,83,700,0.2938564695394679,0.06587301587301587,2.7065377235412598,True,2
3h6u__1__1.A_2.A__1.C,c7,0.2946124475028921,0.11857142857142858,0.25976107584326175,0.25512151079066625,0.42180697839810904,0.42529920760787093,83,700,0.29461244750289206,0.060495626822157436,2.7040019035339355,True,2
4gbw__1__3.A_4.A__4.B_4.C_4.D_4.E_4.F,c141,0.3178381151520156,0.19021739130434784,0.2895892649017649,0.27602703703569476,0.42638183235609706,0.5271112547583136,70,368,0.3178381151520156,0.09722222222222222,2.7079668045043945,True,2
2iiq__2__1.B__1.D,c1327,0.4897096142954199,0.13784461152882205,0.37416669189396456,0.3215098621975359,0.6761055580826822,0.554973142662027,55,399,0.48970961429542,0.07482993197278912,2.4918384552001953,True,2
3gki__1__1.A__1.D,c1562,0.1715832448224341,0.09307359307359307,0.1708441906930651,0.19513955452427775,0.287211472907214,0.29749902369499576,86,924,0.17158324482243412,0.06022408963585434,2.861396312713623,True,2
3gkj__1__1.A__1.D,c1562,0.1530358927686034,0.08342602892102335,0.1548083502361054,0.15588879582663107,0.29014114215253445,0.30635065686524826,75,899,0.1530358927686034,0.06307821698906645,2.9713265895843506,True,2
3h6v__1__1.A_1.B__1.J,c7,0.28841017437507155,0.11965811965811966,0.2618441259781129,0.254121054955279,0.3963544532291555,0.5046050460122422,84,702,0.2884101743750716,0.08187134502923976,2.6748290061950684,True,2
6fwh__1__1.A_1.C_1.F__1.BA_1.M_1.O,c89,0.5955722646363857,0.20833333333333334,0.3378438721042271,0.3233610391790533,0.6573007548007547,0.7803448698567746,65,312,0.5955722646363856,0.1111111111111111,2.809783458709717,True,2
6fwh__1__1.A_1.E_1.K__1.AA_1.OA_1.Z,c89,0.6146490461993954,0.21474358974358973,0.4066500090036255,0.34598201916039234,0.7168206396777825,0.77391008858866,67,312,0.614624898609325,0.13214990138067062,2.843813419342041,True,2
5htl__1__1.A_1.B__1.D,c14378,0.2192288337525046,0.08574879227053141,0.19587282304570827,0.17686187407898307,0.40193007058685315,0.3106279536991957,142,1656,0.21913590246353806,0.06431159420289854,3.1536126136779785,True,2
6h39__1__1.Y_1.Z__1.OA_1.QA_1.RA,c20,0.19516831865292367,0.08223684210526316,0.17883560473857998,0.17493005003359124,0.31505986074192976,0.2993086230469752,100,1216,0.19516831865292367,0.05980861244019139,2.99234938621521,True,2
6h39__1__1.K_1.L__1.FA_1.HA_1.IA,c20,0.17130435720831363,0.08388157894736842,0.1723937953282957,0.15669477506019827,0.30020948829097677,0.28018556459021715,102,1216,0.17130435720831363,0.061004784688995214,3.1015090942382812,True,2
2ilv__1__1.A__1.C,c1327,0.4503194931477063,0.12380952380952381,0.3096763293302435,0.30273838628460703,0.5581555349412491,0.5789054639840014,78,630,0.4503194931477062,0.07580174927113703,2.472362756729126,True,2
3in6__1__1.A_1.B__1.E,c8360,0.5398886620520739,0.13763440860215054,0.3196185401045255,0.27703146931717576,0.6094806209038599,0.5286670225450347,128,930,0.539888662052074,0.08785175017158545,2.6279008388519287,True,2
3h6w__1__1.A_2.A__1.D,c7,0.23576481998471602,0.11645962732919254,0.22675432420545205,0.20831286025482215,0.37382305039683783,0.48310724798209315,75,644,0.235764819984716,0.06377551020408163,2.642432451248169,True,2
6fwh__1__1.B_1.D_1.L__1.SA_1.X_1.Y,c89,0.5997595278201154,0.21153846153846154,0.3705177883499562,0.3585570634259431,0.7033946713805014,0.7559770293364043,66,312,0.5997595278201155,0.1301775147928994,2.7974014282226562,True,2
4ibk__2__1.B__1.G,c1616,0.38152274699610716,0.09705882352941177,0.2974549508798735,0.3065732777233753,0.5774165689213822,0.4385493023615184,66,680,0.38152274699610716,0.06066176470588235,2.490772247314453,True,2
3h6w__1__1.A_2.A__2.D,c7,0.24825676289254028,0.11645962732919254,0.22774638769751554,0.21524741652109308,0.3718790067861275,0.4137910319506925,75,644,0.24825676289254028,0.05952380952380952,2.638475179672241,True,2
6fwh__1__1.B_1.G_1.L__1.FA_1.Q_1.S,c89,0.6007927470465244,0.20833333333333334,0.35752829025018373,0.3445914840980472,0.6722596166552209,0.7625021200140247,65,312,0.6007927470465244,0.11363636363636363,2.8167474269866943,True,2
6fwh__1__1.C_1.E_2.E__1.T_1.U_1.W,c89,0.619554125384037,0.20833333333333334,0.3413349963645822,0.32178570964162556,0.680543483785242,0.7344369241869242,65,312,0.6195541253840371,0.1282051282051282,2.8443403244018555,True,2
6hqh__1__1.A__1.B,c7,0.3776324117572284,0.14761904761904762,0.3355361918692581,0.33396153213828156,0.5148652256738099,0.4165103409020981,93,630,0.3776324117572284,0.09422492401215805,2.879939079284668,True,2
6hb5__1__1.B__1.H,c121,0.2659713494383343,0.09164818920916482,0.2150791559009246,0.21839898597050955,0.3756270008955023,0.38371422141849854,124,1353,0.2659713494383343,0.07226107226107226,2.833012104034424,True,2
6hb6__1__1.A__1.C,c121,0.26988148111011867,0.09401709401709402,0.21929809505926776,0.21009982664325372,0.36535835616687684,0.34550234157719945,121,1287,0.2698814811101186,0.06547619047619048,2.875260591506958,True,2
6hb5__1__1.A__1.C,c121,0.285316830786203,0.09324009324009325,0.23858254935776177,0.20972994668359868,0.38525904631469116,0.36392693826932715,120,1287,0.2757219400026879,0.07736943907156674,2.849133253097534,True,2
3iu7__1__1.A__1.E,c4291,0.4815644067220924,0.22777777777777777,0.4044991142552118,0.38694377751867026,0.5406863827782196,0.4833199624449624,41,180,0.4815644067220924,0.11388888888888889,2.910982608795166,True,2
4iqk__1__1.A__1.B,c315,0.24125155241391105,0.09138655462184873,0.20465865590701532,0.20233713517089819,0.4093137548902664,0.27416209183045476,87,952,0.2412515524139111,0.062410329985652796,2.683779239654541,True,2
4hnh__1__1.A__1.C_1.E_1.G,c7594,0.20915403750422387,0.07291666666666667,0.14003947968636316,0.12388806108937163,0.462321834811343,0.2799044422379056,119,1632,0.20915403750422387,0.055092592592592596,3.3576858043670654,True,2
6hqu__1__1.A__1.P_1.Q,c124,0.5418162907906173,0.14629629629629629,0.28324700947973885,0.2294785230102893,0.6879141414141414,0.6974217598009,79,540,0.5418162907906174,0.09438470728793309,3.4354248046875,True,2
6fwh__1__1.C_1.F_1.J__1.MA_1.NA_1.V,c89,0.6022375458406457,0.20833333333333334,0.3538441538737397,0.34411421529274666,0.6929962873918919,0.7760318446985113,65,312,0.6022375458406458,0.14285714285714285,2.8041110038757324,True,2
6i5y__1__1.A__1.C,c121,0.32468852611824484,0.09863945578231292,0.22315365698978765,0.20683067796602067,0.4143791562689868,0.4429536659357368,145,1470,0.32468852611824484,0.07816711590296496,3.1573095321655273,True,2
6i5y__1__1.B__1.E,c121,0.332464703228837,0.09767441860465116,0.22848998835945764,0.21289956859797338,0.42158063039475263,0.4249622287035969,147,1505,0.332464703228837,0.06885245901639345,3.107276439666748,True,2
5hud__1__1.E_1.F__1.VC,c2741,0.3616546012485502,0.1875,0.30505596084110387,0.2984324826539194,0.45508935442710596,0.5257829121110371,63,336,0.3616546012485502,0.0984375,2.839517831802368,True,2
5hud__1__1.G_1.H__1.QD,c2741,0.3549989934463376,0.19375,0.29459787406519156,0.2899331114076167,0.4476954867207382,0.4878641323953824,62,320,0.3549989934463377,0.10197368421052631,2.8886096477508545,True,2
6hqu__3__1.C__1.T_1.U,c124,0.5742325612865644,0.12289562289562289,0.2636478888381476,0.24732771409727317,0.6984420024420025,0.6803808169150691,73,594,0.5740072475805583,0.07115009746588694,3.1397922039031982,True,2
5h8h__1__1.A_1.B__1.G,c7,0.46078744739896693,0.1676190476190476,0.47625674822874875,0.44571954681269166,0.61861425637336,0.3873892360872065,88,525,0.460787447398967,0.09745293466223699,2.7589447498321533,True,2
6fwh__1__1.D_1.K_2.J__1.PA_1.QA_1.RA,c89,0.6220364036886059,0.20833333333333334,0.3451459290216687,0.29619162229806684,0.6539602522020103,0.7647670724337389,65,312,0.622036403688606,0.10416666666666667,2.853984832763672,True,2
6h4f__1__1.C__1.U,c186,0.20387811980239,0.0765625,0.23300986701013646,0.20065565132291438,0.4108409958802293,0.32612725313668317,98,1280,0.20387811980239,0.05326086956521739,3.949843645095825,True,2
6hb7__1__1.A__1.C,c121,0.29454339940646074,0.09033613445378151,0.22293950199673215,0.19495490534056556,0.40503019960345776,0.3657598752778314,129,1428,0.29454339940646074,0.06430707876370888,3.0124778747558594,True,2
6hb6__1__1.B__1.G,c121,0.2702102427503131,0.09166666666666666,0.23738336941166352,0.21414466528808349,0.38002448335348554,0.3160303612379669,121,1320,0.27021024275031313,0.062146892655367235,2.889767646789551,True,2
4j75__1__1.A__1.C,c121,0.2578655192674984,0.11029948867786706,0.23296569310458098,0.1883502959345764,0.425203988019421,0.33622173121276655,151,1369,0.2578655192674984,0.07700152983171851,2.798605442047119,True,2
4j75__1__1.B__1.F,c121,0.2942293321224916,0.11157311157311157,0.24705805693931318,0.22211796315722512,0.45210071730719464,0.37760755947830027,161,1443,0.2942293321224916,0.07911547911547911,2.8041653633117676,True,2
5h8q__1__1.A_1.B__1.F,c7,0.4706679416708819,0.16166666666666665,0.4392132394698066,0.42129688437699403,0.5953898668385113,0.41648353760126905,97,600,0.4706679416708819,0.10923423423423423,2.6347272396087646,True,2
5huv__1__1.A__1.C,c119,0.21037462374080365,0.06481481481481481,0.11400596215274858,0.09805650919786209,0.4059372341889012,0.4063328972424573,77,1188,0.21037462374080368,0.03888888888888889,3.0463547706604004,True,2
5huv__1__1.B__1.D,c119,0.22156737598900314,0.06541218637992832,0.12768846212801793,0.11771886616164211,0.44268570273631,0.3979830249309253,73,1116,0.22156737598900314,0.04314420803782506,3.0517537593841553,True,2
6fwh__1__1.D_2.H_2.J__2.GA_2.HA_2.JA,c89,0.5889889653607494,0.20512820512820512,0.34730425490641836,0.3224488660023665,0.6809499047960587,0.7629615785449118,64,312,0.5889889653607494,0.10256410256410256,2.818007230758667,True,2
6hb7__1__1.B__1.H,c121,0.27951689059197166,0.09469153515064563,0.2178732521241803,0.2095155406886807,0.41095548582706354,0.41967850735161805,132,1394,0.2795168905919717,0.06470588235294118,3.0067696571350098,True,2
6h4f__3__1.I__1.IA,c186,0.21172439106150215,0.085,0.2203544401215437,0.1974417562786118,0.4298704261503016,0.3643101991269717,102,1200,0.21172439106150218,0.05543478260869565,4.2845001220703125,True,2
6fwh__1__1.E_2.C_2.E__2.T_2.U_2.W,c89,0.611879381486727,0.20833333333333334,0.3413349963645822,0.321026808434904,0.6771898004315587,0.767452797202797,65,312,0.611879381486727,0.14285714285714285,2.824152708053589,True,2
6fwh__1__1.F_1.G_1.H__1.CA_1.DA_1.EA,c89,0.6068989255968353,0.20512820512820512,0.36465344217748064,0.37840481376333934,0.705901366643125,0.7689118165784833,64,312,0.6068989255968352,0.13305613305613306,2.830069065093994,True,2
5in4__1__1.A_1.B__1.G,c4820,0.26646303031011187,0.09126671911880409,0.26436314475357103,0.21202307733763778,0.42574874248378597,0.29711243707231555,116,1271,0.26646303031011187,0.061505832449628844,2.887641668319702,True,2
1jof__1__1.A_1.B__1.M,c6112,0.4386046153391396,0.1349206349206349,0.34068096935743997,0.33550141439084297,0.6388736263736263,0.3811997346088255,34,252,0.43860461533913964,0.0787037037037037,3.116328001022339,True,2
4itl__1__1.A__1.B,c5397,0.39950750355606374,0.1015180265654649,0.1702824909443389,0.15779261801888608,0.51766131273196,0.49390166238241506,107,1054,0.39950750355606374,0.07190860215053764,2.906834125518799,True,2
4itm__1__1.A__1.B_1.D_1.E,c5397,0.3677758436758606,0.0967741935483871,0.15180873152748847,0.11553680737514638,0.40541744334847785,0.5021384549572881,69,713,0.3677758436758606,0.055645161290322584,2.7650983333587646,True,2
4j7g__1__1.A__1.D,c1857,0.3743966050125163,0.1,0.18559329179078743,0.18304256836958827,0.5067096496577946,0.41178071076871686,105,1050,0.37439660501251637,0.06976744186046512,2.71749210357666,True,2
6fwh__1__1.G_1.H_1.I__1.IA_1.KA_1.LA,c89,0.5786964251270686,0.20512820512820512,0.36124894736673585,0.3321357361618673,0.6642687898182403,0.7627434589220302,64,312,0.5786964251270686,0.126232741617357,2.858914852142334,True,2
6ipw__1__1.A_1.B__1.F,c6533,0.3410333021410958,0.122,0.32283444553720647,0.30819692329087606,0.5613070055527148,0.4326488518332361,61,500,0.34103330214109573,0.06489361702127659,2.4180073738098145,True,2
3jps__1__1.A__1.E_1.F_1.G,c31,0.3032209200320147,0.09974747474747475,0.21444550580051155,0.19036182096159168,0.6441095227523799,0.42594672681710705,79,792,0.3032209200320147,0.07040998217468805,2.786630868911743,True,2
4j7g__2__1.B__1.F,c1857,0.35909432306682676,0.09400921658986175,0.16487208014518936,0.17252862579388853,0.49398746170050645,0.4155239297929109,102,1085,0.3590943230668268,0.06623376623376623,2.732855796813965,True,2
5j47__1__1.A_5.A__5.D,c1131,0.45308087911088263,0.16666666666666666,0.396120949632986,0.3838295612388675,0.5271939634439635,0.3527214560331936,70,420,0.4530808791108826,0.08333333333333333,2.573464870452881,True,2
5j47__1__1.A_6.A__1.D,c1131,0.45738616895080975,0.16666666666666666,0.396120949632986,0.38508914109830905,0.5320857812822097,0.3675958373716057,70,420,0.4572972885701282,0.07936507936507936,2.5703883171081543,True,2
6fwh__1__1.H_1.J_2.D__1.GA_1.HA_1.JA,c89,0.5914734217444897,0.20512820512820512,0.34730425490641836,0.3446664813772983,0.6768356246927675,0.7675191968525301,64,312,0.5914734217444897,0.10047095761381476,2.809797763824463,True,2
5in4__1__1.C_1.D__1.M,c4820,0.27580158615374695,0.09126671911880409,0.26370644039474195,0.18683735460522868,0.4205552609377383,0.3054616313067862,116,1271,0.275801586153747,0.05658536585365854,2.9221487045288086,True,2
1jlx__1__1.A_1.B__1.D_1.H,c12579,0.30261025506177763,0.14182692307692307,0.28068104212172007,0.24987960991793262,0.45156334776334783,0.3777660664115365,59,416,0.3026102550617775,0.0667420814479638,2.4125795364379883,True,2
2jgb__1__1.A__1.C,c326,0.5952735814179847,0.08391608391608392,0.34095241482851135,0.2726622812345233,0.6441522590590913,0.486652505604839,72,858,0.5952735814179849,0.0507399577167019,2.4022469520568848,True,2
4j7g__3__2.B__2.F,c1857,0.35596117168358926,0.09400921658986175,0.1679729204813238,0.17325578587007795,0.48008423308326525,0.4093022050074605,102,1085,0.35596117168358926,0.06777408637873754,2.752652883529663,True,2
6fwh__1__1.I_1.L_2.I__1.TA_1.UA_1.VA,c89,0.6250097210305049,0.21153846153846154,0.35280575420435556,0.31724721945139295,0.6757263676494445,0.7677371116537781,66,312,0.6250097210305049,0.11806797853309481,2.8557958602905273,True,2
6ipw__2__1.C_1.D__1.H,c6533,0.3551773838877555,0.13,0.3411163997102044,0.31401512297004597,0.5694581246107779,0.4435442685539435,65,500,0.35517738388775544,0.08552631578947369,2.448504686355591,True,2
3jtk__1__1.A__1.D,c118,0.2698707906408847,0.1225296442687747,0.23166436571064902,0.23459090038459385,0.3862736379781834,0.38170873431336283,62,506,0.2698707906408847,0.07701863354037267,2.37737774848938,True,2
4jjq__1__1.A__1.B,c2776,0.3065963996164454,0.13333333333333333,0.3337743299331841,0.32021182632664535,0.5280094905094905,0.3140026237649416,48,360,0.3065963996164454,0.0625,2.5028140544891357,True,2
4j7h__2__1.B__1.I,c1857,0.37241275273957725,0.0944700460829493,0.24652200313431777,0.17467611845354764,0.5199584568540172,0.42745976286790066,82,868,0.37241275273957725,0.06451612903225806,2.7618567943573,True,2
4j7h__1__1.A__1.C,c1857,0.3822206097171622,0.09101382488479262,0.3037247977660094,0.19909033078353786,0.5658692302645142,0.41104383770655906,79,868,0.38222060971716226,0.06215578284815106,2.7541568279266357,True,2
6fwh__1__1.I_2.I_2.L__2.TA_2.UA_2.VA,c89,0.6015808112694908,0.21153846153846154,0.34814374954235094,0.31050515929269606,0.6791020446789677,0.7538197635697637,66,312,0.6015808112694907,0.1301775147928994,2.830000162124634,True,2
6eji__1__1.A__1.C_1.F_1.G,c119,0.28825697321366117,0.08547008547008547,0.16497119567644533,0.1516984996305551,0.43980595845163606,0.3838063017758791,140,1638,0.2882569732136611,0.06297795771479982,3.215034246444702,True,2
6eji__2__1.B__1.J_1.M_1.N,c119,0.28451672164538155,0.08630393996247655,0.1632771133603433,0.1429029509727798,0.41251804723320473,0.3837361557882493,138,1599,0.28451672164538155,0.07076923076923076,3.2346384525299072,True,2
4j7h__3__2.B__2.I,c1857,0.36615311399185796,0.0944700460829493,0.24652200313431777,0.2211381028888848,0.5091909200783439,0.4626630148685849,82,868,0.3661531139918579,0.06782464846980976,2.766714334487915,True,2
6fwh__1__1.J_2.D_2.K__2.PA_2.QA_2.RA,c89,0.6206524649822203,0.20833333333333334,0.3396007050149062,0.3090836833635415,0.6640207472625053,0.7627543430995812,65,312,0.6206524649822202,0.125,2.8864288330078125,True,2
5jtt__1__1.A__1.C,c33,0.3781342315441403,0.13636363636363635,0.2584483498957183,0.24357716613372515,0.4952079791748733,0.5623506412230215,81,594,0.3781342315441403,0.08980044345898004,2.612985372543335,True,2
6fwh__1__2.A_2.B_2.K__2.N_2.P_2.R,c89,0.5870765868881316,0.20833333333333334,0.35632513443164326,0.3270109329147608,0.6677804206375634,0.7412898199683915,65,312,0.5870765868881315,0.10869565217391304,2.8469691276550293,True,2
6fwh__1__2.A_2.C_2.F__2.BA_2.M_2.O,c89,0.5964243033937212,0.20833333333333334,0.34308478503744777,0.27666387051239133,0.6554103832675261,0.7647597759383473,65,312,0.5964243033937211,0.1282051282051282,2.839946746826172,True,2
5jtt__1__2.A__2.C,c33,0.3685158243899858,0.13636363636363635,0.25616532669766245,0.2318889687486539,0.5003992879286645,0.5522944145422861,81,594,0.36851582438998587,0.08980044345898004,2.616307497024536,True,2
3kgc__1__1.B__1.F,c7,0.3315211894284969,0.12399355877616747,0.3212002811060616,0.29907391039113734,0.523433663387367,0.44033372937915943,77,621,0.33152118942849684,0.08387799564270153,2.473562717437744,True,2
6fwh__1__2.A_2.E_2.K__2.AA_2.OA_2.Z,c89,0.6279487536640517,0.21474358974358973,0.4006798597498942,0.3912097902539633,0.7205061849017892,0.7653021039806752,67,312,0.6279487536640517,0.1515837104072398,2.859436273574829,True,2
5jtu__1__1.A__1.C,c33,0.379724370869549,0.11910669975186104,0.2803691238777904,0.28774985221419475,0.5201793435091542,0.4765543091313665,96,806,0.379724370869549,0.06837606837606838,2.7875406742095947,True,2
4kg9__1__1.A__1.B,c2776,0.1601587765128585,0.06191950464396285,0.15341139424730757,0.1522947015650006,0.4008814944723264,0.17695742197379377,60,969,0.1601587765128585,0.03460207612456748,2.9853134155273438,True,2
5k41__1__1.A__1.B,c119,0.34511986452505494,0.08573853989813243,0.15646750274061347,0.13536108963012536,0.47767714132806693,0.48450567139635936,101,1178,0.34511986452505494,0.05537280701754386,3.327244997024536,True,2
5jtu__1__2.A__2.C,c33,0.38070764839195137,0.11910669975186104,0.28067516910571066,0.2802726662251024,0.5213229544859099,0.4980472660843383,96,806,0.38070764839195137,0.06837606837606838,2.786388397216797,True,2
4kh1__1__1.A_2.A__1.E,c103,0.399062441932567,0.1724137931034483,0.33463744691437947,0.34886456519852865,0.504855562793785,0.5267019017382775,80,464,0.39906244193256707,0.09615384615384616,2.7784171104431152,True,2
5jei__1__1.A__1.B,c7,0.48031539854586003,0.20303030303030303,0.4738753850123472,0.4447195081966793,0.5821897130647131,0.5314885114885115,67,330,0.47830861128100166,0.13535353535353536,3.2516393661499023,True,2
5k41__1__2.A__2.B,c119,0.3278157762532231,0.08573853989813243,0.15672333065818955,0.10328136393159734,0.46934079427376757,0.41700605446930106,101,1178,0.32781577625322306,0.05537280701754386,3.3332278728485107,True,2
7k2d__2__1.B__1.C,c315,0.12531302951600237,0.04958183990442055,0.11492727734360933,0.10733732959176863,0.3052179496240168,0.21426992864734373,83,1674,0.12531302951600237,0.034156378600823045,2.603194236755371,True,2
4kh1__1__1.A_3.A__3.E,c103,0.40313361995272023,0.1724137931034483,0.3381695192828005,0.31548006796643724,0.5098481077123167,0.5249136162925846,80,464,0.4031336199527204,0.11904761904761904,2.775252342224121,True,2
6fwh__1__2.B_2.D_2.L__2.SA_2.X_2.Y,c89,0.6067974501107466,0.21153846153846154,0.3675485353807032,0.3570455293661929,0.7077496648650494,0.7341447354728605,66,312,0.6067974501107466,0.1301775147928994,2.8454768657684326,True,2
5k42__1__1.A__1.B,c119,0.2747757374113627,0.07427055702917772,0.1442767664713366,0.1130611969405197,0.4699659612630839,0.37455164727086415,84,1131,0.2747757374113627,0.05128205128205128,3.429434299468994,True,2
7k2e__1__1.A__1.C,c315,0.1275196485638107,0.054838709677419356,0.11131921856649593,0.1109621573744165,0.32974220801067333,0.18839302541500602,85,1550,0.1275196485638107,0.036170212765957444,2.5124990940093994,True,2
5ito__1__1.A__1.F,c7,0.42503070767875056,0.16122004357298475,0.36252336576101546,0.366282071032903,0.5722937755807749,0.4040371816028806,74,459,0.42503070767875056,0.10882352941176471,2.939439535140991,True,2
4kh1__1__1.C_2.C__2.K,c103,0.3958167706823578,0.17633928571428573,0.33558154137975926,0.32201468861374605,0.4884189811125141,0.5276083641030731,79,448,0.3958167706823578,0.1299342105263158,2.84169602394104,True,2
4kgv__1__1.A_2.A__1.E,c103,0.4081779915486332,0.18303571428571427,0.3385164900027705,0.32257653859388846,0.5114611520279297,0.5542519367023336,82,448,0.40817799154863327,0.0985576923076923,2.8245701789855957,True,2
7k2h__2__1.B__1.C,c315,0.13220489233273483,0.061755952380952384,0.10833337527218312,0.10663694646698625,0.3244449476760401,0.28233069854760584,83,1344,0.13220489233273483,0.04550438596491228,2.5049800872802734,True,2
4kgv__1__1.A_3.A__3.E,c103,0.41214328798103833,0.18303571428571427,0.3436613070759412,0.3490861501001546,0.5065572998869936,0.5339375208125208,82,448,0.4121432879810384,0.11918604651162791,2.8268306255340576,True,2
4kh1__1__1.C_3.C__1.K,c103,0.4057476292560989,0.17633928571428573,0.3354676081962058,0.33509671538161356,0.5138123890584431,0.5251795221239666,79,448,0.405747629256099,0.11221590909090909,2.841010570526123,True,2
6fwh__1__2.B_2.G_2.L__2.FA_2.Q_2.S,c89,0.6014229770524944,0.20833333333333334,0.35752829025018373,0.2920692527577776,0.6756818639236221,0.7615097772597772,65,312,0.6014229770524944,0.1282051282051282,2.8441002368927,True,2
5kk7__1__1.A__1.C_1.E_1.I,c1433,0.18864121951055712,0.13020833333333334,0.1927411273748993,0.19575338858360955,0.3524255289926912,0.402852313639093,75,576,0.18859723072438428,0.08223684210526316,2.653324604034424,True,2
5k42__1__2.A__2.B,c119,0.2757459387212955,0.07427055702917772,0.14407885693276773,0.11367335356359565,0.4673315007550574,0.3771296687417799,84,1131,0.2757459387212955,0.04395604395604396,3.4376730918884277,True,2
6fwh__1__2.C_2.F_2.J__2.MA_2.NA_2.V,c89,0.5971666476852869,0.20833333333333334,0.36528399608281265,0.38829358239571127,0.7043021325438907,0.7479049993216659,65,312,0.5971666476852868,0.1111111111111111,2.8334171772003174,True,2
7k2k__2__1.B__1.C,c315,0.149580386867493,0.05502846299810247,0.12664744455428062,0.12261678034908097,0.3105544228338346,0.1973803901948308,87,1581,0.14958038686749298,0.0370843989769821,2.493048667907715,True,2
2irx__1__1.A__1.B_1.C,c2457,0.45302351766062565,0.08533653846153846,0.1298466333723932,0.1478961026929489,0.6140025252525252,0.41019316999329747,71,832,0.45302351766062554,0.05689102564102564,2.859236001968384,True,2
5ito__2__1.B__1.K,c7,0.3982770487469075,0.14705882352941177,0.3640542843913688,0.3272686752557372,0.568947587092991,0.3907619679573461,75,510,0.3982770487469075,0.09803921568627451,2.83762788772583,True,2
5itp__1__1.A__1.C,c7,0.3837394382043413,0.15010141987829614,0.36976019520137166,0.31736466461870694,0.553478570209363,0.37070757727227355,74,493,0.3836636917272815,0.1012311901504788,2.8680553436279297,True,2
5kkw__1__1.A__1.B,c7,0.6444684179673952,0.16233766233766234,0.3792142857142856,0.3902349819903244,0.6952838827838826,0.6094310451453309,25,154,0.2856311248312914,0.07763975155279502,2.875692844390869,True,2
4kgv__1__1.C_3.C__1.H,c103,0.39880590652392434,0.17456896551724138,0.316409198692355,0.3106553794334309,0.4877643818487195,0.5546148064898065,81,464,0.3988059065239244,0.11773255813953488,2.832645893096924,True,2
4kgv__1__1.C_2.C__2.H,c103,0.4033161932520609,0.17456896551724138,0.31989527023398207,0.31659424059825036,0.49116916289874535,0.5658029958724403,81,464,0.40331619325206103,0.12053571428571429,2.8180294036865234,True,2
7jt5__2__1.C_1.D__1.P_1.Q,c299,0.3324052130029807,0.12760416666666666,0.23018189043803963,0.2501584205871719,0.4559461560259412,0.44244085802817695,98,768,0.3324052130029807,0.08166666666666667,2.7091922760009766,True,2
6jzy__1__1.A__1.C_1.D,c9829,0.24822017415655206,0.07934397163120567,0.19783876083711566,0.14773042875800188,0.36509513679650185,0.4202821914235084,179,2256,0.24822017415655204,0.060147849462365593,3.4690678119659424,True,2
7k2l__2__1.B__1.C,c315,0.14544011712348592,0.06052076002814919,0.10190086297206011,0.1075640649744946,0.275207191534038,0.34647473235079473,86,1421,0.14544011712348592,0.04743519029233315,2.4700114727020264,True,2
4kgx__1__1.A_3.A__3.E,c103,0.3950433974202931,0.1724137931034483,0.3334455214923965,0.31989593927101995,0.5109294509488354,0.5490256776830852,80,464,0.39504339742029315,0.10204081632653061,2.7844512462615967,True,2
5itp__2__1.B__1.L,c7,0.37315577642892667,0.15212981744421908,0.35930547704789195,0.329630425869078,0.5470342776598072,0.3710586527368695,75,493,0.3731557764289267,0.11312217194570136,2.8700928688049316,True,2
4kgx__1__1.A_2.A__1.E,c103,0.39742183399018116,0.1724137931034483,0.3339012506590631,0.3270595503401237,0.5068890144492753,0.5391056731334509,80,464,0.39742183399018116,0.1111111111111111,2.7683558464050293,True,2
4kgx__1__1.C_2.C__2.H,c103,0.39841965857206274,0.17633928571428573,0.34037578947761377,0.31323805871835286,0.5039517504077399,0.5585590629241423,79,448,0.3984196585720628,0.11755952380952381,2.8313162326812744,True,2
6fwh__1__2.F_2.G_2.H__2.CA_2.DA_2.EA,c89,0.6090377389433054,0.20512820512820512,0.3574419037159422,0.35672564266424966,0.6910986479942522,0.7693247524080856,64,312,0.6090377389433054,0.11188811188811189,2.8665831089019775,True,2
7jt5__2__1.C_1.D__1.U_1.V,c299,0.35427790239076157,0.12222222222222222,0.2527983856449018,0.2533448672832022,0.5004740075638119,0.49978059372544664,88,720,0.3542779023907615,0.08527131782945736,2.719799518585205,True,2
5kbz__1__1.B__1.D,c3811,0.10282316051819025,0.06097560975609756,0.0817946202126639,0.08180261462039311,0.17768787774025901,0.25879952036068554,105,1722,0.10282316051819025,0.042682926829268296,4.3740057945251465,True,2
5kbz__1__1.A__1.C,c3811,0.11426561708406666,0.06879299562226392,0.10030007800935352,0.10256841526363736,0.19952745443462525,0.2452453230409861,110,1599,0.11426561708406666,0.052606408417025345,4.008530139923096,True,2
1l5v__1__1.A__1.C_1.D,c33,0.5169799962624768,0.17329545454545456,0.3537420775276368,0.35318999626350406,0.5940710504773005,0.5500979563591171,61,352,0.5169685441323807,0.08664772727272728,2.936415672302246,True,2
4kgx__1__1.C_3.C__1.H,c103,0.4020172981559676,0.17633928571428573,0.33505071999531577,0.31220156417863876,0.5055696214723263,0.5808129910213243,79,448,0.4020172981559675,0.1266025641025641,2.828730821609497,True,2
7jt6__1__1.A_1.B__1.E_1.G,c299,0.3420033843731851,0.12357954545454546,0.2456406041454394,0.24962016219205072,0.4442780041313718,0.4781746801797555,87,704,0.2778822499878869,0.07190082644628099,2.5758116245269775,True,2
7jt6__1__1.A_1.B__1.I_1.K,c299,0.30561197084491887,0.13343108504398826,0.24310243430956513,0.26017312430091605,0.3925723779587416,0.45897409902046743,91,682,0.30560876491523126,0.09619450317124736,2.6252012252807617,True,2
7k2m__2__1.B__1.C,c315,0.10327099605416339,0.05277973258268825,0.09070090844640666,0.0950006139829255,0.2955870085484144,0.21183498325714348,75,1421,0.10327099605416339,0.03644314868804665,2.4383039474487305,True,2
1l5v__1__1.B__1.F_1.G,c33,0.5110142714532091,0.17857142857142858,0.35069774273588616,0.39047497366505446,0.5697462428298825,0.5885986149267399,60,336,0.5110142714532091,0.10714285714285714,2.9437084197998047,True,2
4kgz__1__1.A_2.A__1.E,c103,0.39729537997625436,0.17633928571428573,0.325060905410709,0.3373200066273686,0.49727029891389546,0.5237065132104815,79,448,0.3972953799762543,0.10972222222222222,2.7895119190216064,True,2
5j5o__1__1.A__1.E,c326,0.651567147019765,0.09628378378378379,0.2695466142834564,0.2868226747777971,0.7936662543805401,0.6402650401036689,57,592,0.651567147019765,0.05312208760484623,2.654477596282959,True,2
5j5o__2__1.B__1.G,c326,0.7276809424976642,0.10810810810810811,0.2844668282168282,0.21284919122735868,0.8020833333333334,0.6191631024879587,56,518,0.7276809424976642,0.06306306306306306,2.665947914123535,True,2
6fwh__1__2.G_2.H_2.I__2.IA_2.KA_2.LA,c89,0.5775531892184558,0.20512820512820512,0.36124894736673585,0.32118183419568747,0.6832264774297742,0.7614378861878862,64,312,0.5775531892184557,0.11721611721611722,2.828907012939453,True,2
7jt6__2__1.C_1.D__1.M_1.O,c299,0.29275822420295255,0.12258953168044077,0.24755362127648337,0.24013717188270084,0.41299683159415096,0.45146016645681736,89,726,0.2927582242029526,0.07932263814616755,2.610687255859375,True,2
7l4c__1__1.A__1.D,c272,0.5405968534695542,0.12564102564102564,0.28500468429625664,0.24391821516075218,0.6411171025101212,0.5908933009132642,98,780,0.5405968534695541,0.08566433566433566,2.9397354125976562,True,2
7k2n__1__1.A__1.C_1.D,c315,0.1363176927289766,0.06192821956368754,0.10884365319781533,0.10821386415271166,0.3072892365743673,0.23192623539732413,88,1421,0.13631769272897662,0.03741496598639456,2.4425337314605713,True,2
1kz8__1__1.A_1.B__1.C,c141,0.4225981565240753,0.20535714285714285,0.32995986767566055,0.31076625175617034,0.5454687698214484,0.6797117816046387,69,336,0.42259815652407523,0.11348684210526316,2.7545104026794434,True,2
4kgz__1__1.A_3.A__3.E,c103,0.4080072823605508,0.17633928571428573,0.32046727470948333,0.32010409170916837,0.5177007613201499,0.5526031198005403,79,448,0.4080072823605509,0.11221590909090909,2.793182373046875,True,2
7l4n__1__1.A__1.D,c272,0.5493828908957801,0.12779156327543426,0.29555246922752343,0.2588725131235733,0.6550309736062508,0.5799128074043919,103,806,0.5493828908957801,0.08612040133779264,2.9237051010131836,True,2
7k2q__2__1.B__1.C,c315,0.12619724072837826,0.05641025641025641,0.09647382629814528,0.10029936850884111,0.3097209081845305,0.34903090702257117,88,1560,0.12619724072837826,0.033182503770739065,2.5499629974365234,True,2
1l8b__1__1.A__1.C,c326,0.5403087878500166,0.10909090909090909,0.29181775015108347,0.25136588568279794,0.6509553203997648,0.6710205305694027,54,495,0.5402854908599878,0.06818181818181818,2.7481915950775146,True,2
7k2r__2__1.B__1.C_1.D,c315,0.10876130589659208,0.05714285714285714,0.09425211529956112,0.09882708985707211,0.28713015995352015,0.2158519718089817,80,1400,0.10876034942192815,0.04,2.44577956199646,True,2
7k2s__2__1.B__1.C,c315,0.10796757369162323,0.05333333333333334,0.10061451330532213,0.08854445458156071,0.2852344554411573,0.20855620203818298,80,1500,0.10796757369162323,0.03636363636363636,2.5344417095184326,True,2
1l8b__2__1.B__1.D,c326,0.6678236320548098,0.0946969696969697,0.3180485776849413,0.2565018581375442,0.7895477207977208,0.5793544572710251,50,528,0.66782363205481,0.04734848484848485,2.550137519836426,True,2
4kgz__1__1.C_2.C__2.J,c103,0.3937468720452017,0.17410714285714285,0.30404676271958664,0.3134008084620966,0.5038916391071826,0.5353516791115998,78,448,0.39374687204520176,0.10597826086956522,2.8216185569763184,True,2
1kz8__1__1.A_1.B__1.G,c141,0.42131745662351977,0.20238095238095238,0.3271767040149393,0.33328955906605995,0.5059722482378732,0.6449950672909858,68,336,0.4213174566235197,0.1118421052631579,2.7879979610443115,True,2
4kgz__1__1.C_3.C__1.J,c103,0.39872457529665245,0.17410714285714285,0.3002406729759969,0.31139861784664474,0.504981322181676,0.5272475378824585,78,448,0.3987245752966524,0.10597826086956522,2.829493999481201,True,2
4lrj__1__1.A__1.C_1.D,c5172,0.2997876333705791,0.10799438990182328,0.147153124559185,0.13622957992247223,0.37350453805829054,0.47849711142349843,77,713,0.29978763337057907,0.06713164777680906,2.722579002380371,True,2
7kgw__1__1.A__1.B_1.C_1.D,c2929,0.3513578276727092,0.14906832298136646,0.3153463029893236,0.33594582546796686,0.4717842341783989,0.4094870847050077,72,483,0.3513578276727092,0.07453416149068323,2.6010072231292725,True,2
5k55__1__1.A_4.A__1.B,c141,0.4493407528053082,0.21875,0.3293571342678485,0.3096112098184824,0.5638555946368446,0.6976308437405375,63,288,0.44934075280530816,0.10641891891891891,2.8182997703552246,True,2
5ly3__1__1.A__1.C,c2133,0.4970296819950482,0.12425328554360812,0.28861756327614746,0.20998098614811536,0.6271488505615488,0.4989525296673375,104,837,0.4966049010030523,0.08754208754208755,2.7964322566986084,True,2
4lom__1__1.A_10.A_15.A__1.B_1.D_15.C,c89,0.5582028369016246,0.17777777777777778,0.29927960927960934,0.3207158474969254,0.6248564768564767,0.6762223981611737,56,315,0.5582028369016248,0.09824561403508772,2.63834810256958,True,2
4l7b__1__1.A_1.B__1.G,c315,0.19600616556640668,0.08121212121212121,0.1512110468048344,0.1481529008951168,0.3754038091538091,0.3680026270999116,67,825,0.19600616556640665,0.052059052059052056,2.336042881011963,True,2
4lrz__1__1.A_1.F_1.H__1.I_1.J_1.K,c1033,0.3298015739658676,0.09259259259259259,0.15301005901512393,0.14457539836761377,0.43012643220976554,0.4998795674177603,85,918,0.3298015739658676,0.05829903978052126,2.474130630493164,True,2
6kcp__2__1.E__2.D,c10810,0.08854145633799207,0.07,0.07827380952380951,0.10692623372259595,0.5416666666666666,0.191627409573316,14,200,0.017042995615102093,0.019444444444444445,15.768026351928711,False,2
5k55__1__1.A_4.A__4.B,c141,0.43851143011135824,0.21875,0.33142393320964747,0.30834291572022904,0.5664051978114477,0.6622837385592486,63,288,0.43851143011135824,0.14583333333333334,2.8011059761047363,True,2
4l7c__1__1.A__1.D_1.E,c315,0.10905151140637437,0.07204968944099378,0.11033869524017306,0.10322636910685459,0.20987302645517653,0.261351748199144,58,805,0.10904690608262012,0.036825396825396824,2.2760391235351562,True,2
4lom__1__1.A_16.A_24.A__1.C_16.B_16.D,c89,0.5610167990145827,0.17777777777777778,0.29927960927960934,0.27379731646285616,0.628222057263724,0.6144121184937511,56,315,0.5610167990145827,0.13333333333333333,2.6496598720550537,True,2
4l7c__1__1.B__1.F_1.G_1.H,c315,0.11503360307585188,0.08299319727891157,0.11033010177589321,0.10454520487822552,0.1994121785174666,0.2861116222510408,61,735,0.11503360307585186,0.05281385281385281,2.3076672554016113,True,2
4lrz__1__1.B_1.F_1.H__1.L_1.M_1.N,c1033,0.35370222205159224,0.0915032679738562,0.15726386712515272,0.12348090320877829,0.42394636390250423,0.4992083766785423,84,918,0.35370222205159224,0.06763285024154589,2.464176654815674,True,2
5k55__1__2.A_3.A__2.B,c141,0.4397540514338602,0.21875,0.3293571342678485,0.3248330885717013,0.5561817580567581,0.6745302269536964,63,288,0.4397540514338601,0.09156976744186046,2.8395609855651855,True,2
4l7c__1__1.C__1.I_1.J_1.K,c315,0.134805283603137,0.09022556390977443,0.11817556517556516,0.14285590450842758,0.25433780128826566,0.28862379745760136,60,665,0.13479107831297368,0.055299539170506916,2.464751958847046,True,2
4lom__1__1.A_24.A_7.A__24.C_7.B_7.D,c89,0.558622766457091,0.17777777777777778,0.29213675213675216,0.2449054741919579,0.6097636252636252,0.6183945447976059,56,315,0.558622766457091,0.09333333333333334,2.6468746662139893,True,2
4l7d__1__1.A__1.D_1.E,c315,0.17125722307803293,0.08563899868247694,0.1707214839033021,0.16758159970610795,0.31553939894971555,0.25205792084118733,65,759,0.17125722307803293,0.05323505323505324,2.326035261154175,True,2
4lrz__2__1.C_1.E_1.G__1.O_1.P_1.Q,c1033,0.3605974947186462,0.09652076318742986,0.19325392045794415,0.19029719635239936,0.46541280221835774,0.5103384772184069,86,891,0.3605829823347453,0.052216150576806314,2.4693477153778076,True,2
4mes__1__1.A__1.E_1.L,c1834,0.538416215256194,0.13555555555555557,0.37562287020332746,0.3423772824804711,0.6238426899611109,0.6188986013986014,61,450,0.5384162152561941,0.07881136950904392,2.496232271194458,True,2
4l7d__1__1.C__1.K_1.M,c315,0.19347285272060627,0.09379509379509379,0.18065340642263722,0.17091216173277624,0.3294170162708487,0.26513978804846877,65,693,0.19347285272060627,0.04804138950480414,2.4067673683166504,True,2
4lom__1__10.A_15.A_18.A__10.C_18.B_18.D,c89,0.5647017818496227,0.17777777777777778,0.29213675213675216,0.30880822004280717,0.6082549256299257,0.65646278796789,56,315,0.5647017818496227,0.09824561403508772,2.66007399559021,True,2
4l7d__1__1.B__1.G_1.H_1.I,c315,0.2350120322220701,0.09641873278236915,0.26103996097980053,0.22685427165492586,0.39123152233200076,0.26101555279584115,70,726,0.2350120322220701,0.0642791551882461,2.391303300857544,True,2
4lrz__2__1.D_1.E_1.G__1.R_1.S_1.T,c1033,0.3164270332181886,0.09427609427609428,0.15619675959795049,0.1396736152451041,0.4196633893234771,0.5340165304780425,84,891,0.3164270332181886,0.06619385342789598,2.5033915042877197,True,2
6kia__1__1.A__1.D,c5731,0.30493100621008007,0.06611570247933884,0.1617059199988834,0.11386234291162248,0.4604934097461641,0.4571916303811904,128,1936,0.30493100621008007,0.051036682615629984,3.0096561908721924,True,2
5mem__1__2.A__2.C,c33,0.28205750414665237,0.09653092006033183,0.2428052411534212,0.23049741171661592,0.44807176520482656,0.37518156619761217,128,1326,0.28205750414665237,0.07529411764705882,3.2531514167785645,True,2
5mem__1__1.A__1.C,c33,0.2829910051163627,0.09653092006033183,0.24341093627180255,0.22208543758097088,0.43939726327758644,0.365878393030544,128,1326,0.2829910051163627,0.08366013071895424,3.2579495906829834,True,2
6l3x__1__1.A__1.O,c117,0.29610776302165037,0.09354413702239789,0.2177005294087466,0.18515989142219094,0.4580902474626214,0.45901325734719306,71,759,0.29610776302165037,0.06147186147186147,2.7609806060791016,True,2
6l3x__1__1.C__1.Q,c117,0.3128750620322865,0.09749670619235837,0.23822989277534734,0.21912853479093694,0.5045459631220909,0.48146384441235096,74,759,0.3128750620322865,0.06795224977043159,2.8296735286712646,True,2
5k55__1__2.A_3.A__3.B,c141,0.44644341430111945,0.21875,0.3293571342678485,0.33788530445889753,0.5738534902597403,0.673776710660214,63,288,0.4464434143011195,0.13577586206896552,2.8338208198547363,True,2
6l3x__1__1.B_1.K__1.Y,c117,0.28611883141335925,0.09217171717171717,0.19848997342770694,0.1857067482284702,0.5012156428227857,0.41804844949541753,73,792,0.2861188314133593,0.061447811447811446,2.7729713916778564,True,2
6kia__2__1.B__1.E,c5731,0.2800414442348428,0.06301652892561983,0.1527703156165482,0.11451905571610213,0.4514121787720311,0.4628375261371068,122,1936,0.28000267647170457,0.050413223140495865,3.0179238319396973,True,2
1ml4__3__1.A_2.A__1.B,c103,0.4150618350097292,0.17456896551724138,0.3272281443441574,0.32898730363927664,0.5068582519653673,0.5614829099860612,81,464,0.4150618350097292,0.11005434782608696,2.7983381748199463,True,2
5mfv__1__1.A__1.E,c7,0.569370702502247,0.1484848484848485,0.45175314858988325,0.40812894303622055,0.6709345556404379,0.4222195170180517,49,330,0.569370702502247,0.08166666666666667,2.7901155948638916,True,2
6l3x__1__1.E_1.I__1.S,c117,0.2776131348806707,0.08712121212121213,0.19183722571490408,0.1983758270142592,0.4605744271392767,0.3962378766656435,69,792,0.2776131348806707,0.05227272727272727,2.737952947616577,True,2
7l1j__1__1.A_1.B__1.E_1.G,c299,0.3593773364595491,0.12774193548387097,0.2390975374798105,0.24889614517959532,0.46879917110180264,0.4979349264717359,99,775,0.35937733645954906,0.09,2.7280921936035156,True,2
1ml4__3__1.A_3.A__3.B,c103,0.4036895833535736,0.17456896551724138,0.3272281443441574,0.3275795942501512,0.5252123410092782,0.5481960221280949,81,464,0.4036895833535735,0.10331632653061225,2.795053243637085,True,2
4lom__1__10.A_17.A_7.A__10.B_10.D_17.C,c89,0.5702871663033329,0.17777777777777778,0.28930937118437117,0.2899276723625509,0.6129714201142773,0.6773245226051348,56,315,0.5702871663033329,0.09824561403508772,2.605929374694824,True,2
5mfv__1__1.B__1.I,c7,0.5977028514567052,0.15757575757575756,0.45934445184445183,0.46308097412972204,0.6818905440964264,0.4812075388998466,52,330,0.5977028514567054,0.10833333333333334,2.784421920776367,True,2
5mu6__1__1.A__1.G,c118,0.1820251582657357,0.09180035650623886,0.20814842212989082,0.18287044891768056,0.380393533429527,0.3492024174900574,103,1122,0.18202515826573568,0.08003108003108003,2.512892484664917,True,2
6l3x__1__1.G_1.M__1.AA,c117,0.3222236871663465,0.0946969696969697,0.21488606343151795,0.2021466228050915,0.5360361860361861,0.5125777574861742,75,792,0.32222368716634653,0.06142506142506143,2.7273752689361572,True,2
6l3x__1__1.E_1.I__1.W,c117,0.34277928745446046,0.09217171717171717,0.20721193731779036,0.17909458547953058,0.5282184085755514,0.4862431530581643,73,792,0.3427792874544604,0.07628004179728318,2.640221118927002,True,2
6kia__3__1.C__1.F,c5731,0.31088749638911456,0.06456611570247933,0.15351673409186795,0.12484302752836077,0.4734691580819011,0.43332417105965976,125,1936,0.31088749638911456,0.04984051036682616,2.9878766536712646,True,2
4lom__1__11.A_16.A_2.A__16.C_2.B_2.D,c89,0.5590120784861916,0.17777777777777778,0.29213675213675216,0.26928777549145466,0.6066753801753801,0.6240608314587908,56,315,0.5590120784861916,0.10666666666666667,2.6307995319366455,True,2
3myk__1__1.A__1.B,c1599,0.417391643842484,0.14727272727272728,0.37024628788096803,0.367434321147175,0.548016474142811,0.36576374123034894,81,550,0.4143181217563193,0.08367768595041322,2.7827444076538086,True,2
6l3x__1__1.H__1.V,c117,0.279198343983196,0.08838383838383838,0.2121598305620862,0.19183013744548846,0.4531279025284873,0.4745869119842095,70,792,0.27919834398319593,0.05303030303030303,2.719688892364502,True,2
6l3x__1__1.L__1.Z,c117,0.2834065388533532,0.09090909090909091,0.20426404400469997,0.18911173831779085,0.4413488396524111,0.45199880150797267,69,759,0.2834065388533531,0.05808080808080808,2.898040294647217,True,2
6l3x__1__1.G__1.U,c117,0.3065238623635709,0.09354413702239789,0.2403443215166496,0.21054290601731274,0.47959471056327035,0.4535911309128054,71,759,0.3065238623635709,0.05661881977671451,2.776589870452881,True,2
7l1j__1__1.A_1.B__1.H_1.J,c299,0.33328339845868904,0.12258064516129032,0.23411113587377397,0.23129051662744132,0.46759285751890106,0.3749457984668213,95,775,0.3332833984586891,0.08085106382978724,2.773188591003418,True,2
4lom__1__11.A_16.A_20.A__11.C_20.B_20.D,c89,0.5747627224052824,0.17777777777777778,0.28930937118437117,0.3096033165825897,0.6133018833018832,0.6011576103412838,56,315,0.5747627224052824,0.10980392156862745,2.618166923522949,True,2
7l1j__2__1.C_1.D__1.K_1.M,c299,0.36384111363888094,0.1275,0.24210390466322632,0.2609194975477886,0.48457982218547935,0.4078404208536206,102,800,0.3638411136388809,0.07846153846153846,2.813685655593872,True,2
5mm0__1__1.A__1.B_1.C,c186,0.24244807750962305,0.079002079002079,0.1533429172366055,0.13043250258144412,0.40869294774796505,0.421450773835066,114,1443,0.24244807750962308,0.05314685314685315,3.096416473388672,True,2
4lom__1__11.A_19.A_5.A__11.B_11.D_19.C,c89,0.5583158566376262,0.17777777777777778,0.29213675213675216,0.2545946825808721,0.6054771478521478,0.6592050570366897,56,315,0.5583158566376263,0.1037037037037037,2.64734148979187,True,2
7l1j__2__1.C_1.D__1.O_1.Q,c299,0.356831495926581,0.12125,0.23679888022067763,0.21294524804023132,0.4860822795977968,0.4535414740623067,97,800,0.356831495926581,0.07320754716981132,2.7772223949432373,True,2
3mqr__1__1.A__1.B,c2776,0.282961609296164,0.1308641975308642,0.3082138142934789,0.3080440478968935,0.49101587301587296,0.2850113914802509,53,405,0.282961609296164,0.05948372615039282,2.528724431991577,True,2
3mjx__1__1.A__1.D,c1599,0.34681683184276924,0.13825757575757575,0.2855872190247395,0.28803475286298696,0.45445578296936306,0.41882641148154354,73,528,0.26672991489772035,0.11442006269592477,2.770742893218994,True,2
4lom__1__12.A_13.A_19.A__12.C_19.B_19.D,c89,0.5636251666961407,0.17777777777777778,0.29213675213675216,0.2769187795061613,0.6151251156251155,0.5558541043234921,56,315,0.5636251666961407,0.09333333333333334,2.626497507095337,True,2
6n80__1__1.C_1.L_1.M__1.AA,c117,0.36712108383789566,0.10317460317460317,0.23473216501052638,0.2291078994723422,0.5352841598917164,0.4370427795644059,78,756,0.36712108383789566,0.06190476190476191,2.769925832748413,True,2
5lrc__1__1.A__1.C,c33,0.39235953958966807,0.13468013468013468,0.31487247634077775,0.28853529728918403,0.5235721528799562,0.5522667735355705,80,594,0.3923595395896681,0.09828009828009827,2.642615556716919,True,2
1nnk__1__1.A__1.E,c7,0.6152756516251274,0.1675,0.5059333124014314,0.4710188540650516,0.6870393253941048,0.4884350916573139,67,400,0.6152756516251274,0.11631944444444445,2.950519323348999,True,2
5l9o__1__1.A__1.C,c7,0.36544726189802845,0.15053763440860216,0.3272374433886865,0.33049272470697394,0.4664529657245818,0.34783885373024465,98,651,0.365307414461267,0.09929078014184398,2.7753074169158936,True,2
3mqs__1__1.A__1.B,c2776,0.16950584299734414,0.07759699624530664,0.1922727240685172,0.1915539927522597,0.45784375070428207,0.21280497045289118,62,799,0.16950584299734409,0.03879849812265332,2.7738444805145264,True,2
4lom__1__12.A_13.A_4.A__13.C_4.B_4.D,c89,0.5524496321611272,0.17777777777777778,0.29213675213675216,0.27688319772140957,0.6060748695748696,0.5663068507456261,56,315,0.5524330401584725,0.10980392156862745,2.645881414413452,True,2
5l9o__2__1.B__1.K,c7,0.38373933460951226,0.15360983102918588,0.34089024897123293,0.34938474712057754,0.4882487809656097,0.3489581592880364,100,651,0.3837247315214459,0.09337068160597572,2.7749931812286377,True,2
4lom__1__12.A_20.A_8.A__12.B_12.D_20.C,c89,0.5591246937711156,0.17777777777777778,0.29213675213675216,0.3196335344214886,0.6100017205017205,0.5834978938295265,56,315,0.5591246937711156,0.10666666666666667,2.6453771591186523,True,2
6nl0__1__1.D__1.E_1.F_1.I,c31,0.352841779179339,0.10276679841897234,0.1938406711133984,0.17449350045804485,0.6239212443276482,0.43127329982109397,78,759,0.35284177917933907,0.06951871657754011,2.742246627807617,True,2
5lrc__1__2.A__2.C,c33,0.38953689280724246,0.13468013468013468,0.31455997634077776,0.28857254302983837,0.5198453816077128,0.5613375523807854,80,594,0.3895368928072426,0.09090909090909091,2.6425700187683105,True,2
5mji__1__1.A_2.A_3.A_4.A__1.B,c5311,0.34928614020848814,0.10714285714285714,0.24345882986345502,0.19374769699211486,0.48157121887456555,0.5725382182754443,120,1120,0.34928614020848814,0.07352941176470588,2.4956982135772705,True,2
4lom__1__13.A_22.A_3.A__13.B_13.D_3.C,c89,0.5744049951642832,0.17777777777777778,0.29213675213675216,0.315433758881112,0.6287452054118721,0.6629603314297192,56,315,0.5744049951642832,0.09572649572649573,2.625023603439331,True,2
3m5c__1__1.A_2.A__1.B,c103,0.3690510081803984,0.16917293233082706,0.2641175655671361,0.2596452727501023,0.485217381474849,0.4985644573434821,90,532,0.3690510081803984,0.10297482837528604,2.833327054977417,True,2
5lrd__1__1.A__1.B,c33,0.3497032252976032,0.12888198757763975,0.2538708413886995,0.23993249573557057,0.5031876812109684,0.5025723141568283,83,644,0.3497032252976032,0.07518115942028986,2.7193357944488525,True,2
3n2y__1__1.A__1.C,c121,0.6987393565144723,0.16941176470588235,0.5449145047595921,0.5027761178192142,0.7823628649320691,0.613735942706531,72,425,0.6987393565144723,0.11145510835913312,2.792175531387329,True,2
3n2y__1__1.B__1.D,c121,0.7077453850721285,0.1815856777493606,0.5555184942094635,0.523228348283444,0.7821031746031746,0.6096564419279755,71,391,0.7077453850721285,0.09491978609625669,2.823906660079956,True,2
4lom__1__14.A_17.A_9.A__17.B_17.D_9.C,c89,0.571299644615267,0.17777777777777778,0.29927960927960934,0.29759565430291735,0.6307783327783326,0.6916942279187177,56,315,0.5659734783330954,0.10980392156862745,2.636516809463501,True,2
3m5c__1__1.A_3.A__3.B,c103,0.3797624143953619,0.16917293233082706,0.2641175655671361,0.26808230399318833,0.4875371742551682,0.5063055027223952,90,532,0.30132916609506627,0.10297482837528604,2.8107988834381104,True,2
5neb__1__1.B__1.S,c7,0.6115800728285307,0.16521739130434782,0.5819618490671122,0.5214276380542353,0.6903816738816738,0.4436672497185645,57,345,0.6115800728285307,0.08837209302325581,3.0092475414276123,True,2
5lrd__1__2.A__2.B,c33,0.3519701683926514,0.12888198757763975,0.24978255138389954,0.2439536925840879,0.49915371678445436,0.5447467348398076,83,644,0.3519701683926514,0.06682769726247988,2.722076892852783,True,2
4lom__1__14.A_23.A_4.A__14.B_14.D_4.C,c89,0.5618991241751303,0.17777777777777778,0.29213675213675216,0.3515131985118221,0.6053103008103008,0.5858441869921462,56,315,0.5618991241751302,0.09572649572649573,2.6384544372558594,True,2
5lre__1__1.A__1.B,c33,0.3574848443816496,0.11538461538461539,0.27940856912077494,0.24869449158067808,0.5194717252446026,0.4889508483639208,96,832,0.3574848443816496,0.08791208791208792,2.7549662590026855,True,2
5mld__2__1.E_1.F_1.G_1.H__1.N,c5311,0.3659177441082073,0.11669829222011385,0.263815193026197,0.21547547137081963,0.5033272308570345,0.5806184449497421,123,1054,0.3659177441082073,0.07630272952853598,2.493126630783081,True,2
3o31__1__1.B__1.H,c2604,0.3508904035159676,0.14950980392156862,0.34868592449861796,0.3218969663595791,0.5189380579860456,0.38304213118813957,61,408,0.3508904035159676,0.10553633217993079,2.626497745513916,True,2
3o31__1__1.A__1.C,c2604,0.35000633607159076,0.1432225063938619,0.3410727169655741,0.35780650435316375,0.48425657675657674,0.3680567622607188,56,391,0.35000633607159076,0.08446455505279035,2.711132526397705,True,2
3m5c__1__2.A_3.A__2.B,c103,0.3722564864367804,0.16917293233082706,0.2638194346188504,0.27583931326084,0.4850110009902558,0.4944999369335992,90,532,0.37225648643678044,0.11553273427471117,2.807878017425537,True,2
5neb__2__1.A__1.K,c7,0.5949132350351791,0.17101449275362318,0.5761232176486414,0.5177330288448557,0.6565526412585235,0.4403955320654693,59,345,0.594913235035179,0.0959349593495935,3.0501577854156494,True,2
6llf__1__1.B__1.T_1.U,c164,0.2558934313607314,0.1681159420289855,0.2205469643045708,0.23608074078798663,0.34550006888345386,0.5028656066156066,58,345,0.2558934313607314,0.08992248062015504,2.6087777614593506,True,2
4nf4__1__1.A__1.C,c7,0.4656243268243446,0.165625,0.4503108330348896,0.42371091143160233,0.6513340999278499,0.5205879305879306,53,320,0.4656243268243446,0.0920138888888889,2.699632167816162,True,2
4nwi__1__1.A__1.D,c2123,0.5362500719074903,0.14411764705882352,0.4721905709062336,0.43139812153529017,0.6400132323311162,0.434813253195606,49,340,0.5362500719074903,0.07790143084260731,2.511066436767578,True,2
4lom__1__14.A_3.A_9.A__14.C_3.B_3.D,c89,0.5596096661694199,0.17777777777777778,0.29213675213675216,0.2812588154651891,0.6095552919302918,0.6256224359540685,56,315,0.5584073287837487,0.0910569105691057,2.6443724632263184,True,2
4ob6__1__1.A_2.A__2.D,c10769,0.40487594985331743,0.1523809523809524,0.3541508838383838,0.3575525309317652,0.619220263863121,0.5207963200820344,32,210,0.40487594985331743,0.0761904761904762,2.9089488983154297,True,2
4o4h__1__1.B__1.L,c534,0.26635171044525363,0.0960960960960961,0.1904455341955342,0.18552938517236953,0.5383956321456321,0.31531088967634807,64,666,0.26635171044525363,0.05765765765765766,2.593630790710449,True,2
6llf__1__1.C__1.CA_1.DA,c164,0.22156106318504223,0.15942028985507245,0.2060362685442899,0.2040479649752743,0.3055655464915011,0.47855887146363335,55,345,0.22156106318504226,0.08943089430894309,2.5508761405944824,True,2
5lrf__1__1.A__1.B,c33,0.36972442506689646,0.11910669975186104,0.2850439631961088,0.2719296594428235,0.5189611161270983,0.5419616597259802,96,806,0.36972442506689646,0.07855973813420622,2.788632869720459,True,2
5m0i__1__1.C__1.G,c4053,0.08837244722111974,0.07023809523809524,0.08567050215052636,0.07971257157567015,0.24514659317290896,0.19612719101564616,59,840,0.08837244722111974,0.040521978021978024,3.240978956222534,True,2
4nwi__2__1.B__1.G,c2123,0.6062200352652046,0.16246498599439776,0.5186841612298002,0.47962364376906735,0.6737122898887605,0.5894369241264666,58,357,0.6062200352652046,0.08748114630467571,2.557042121887207,True,2
4nf6__1__1.B__1.D,c7,0.3342741374767732,0.11525974025974026,0.20908627170130006,0.20075308227917416,0.4354752985110128,0.5084178067512358,71,616,0.33421980539911444,0.08452380952380953,2.692683696746826,True,2
2olc__1__1.A__1.F,c1052,0.4233809606129259,0.11796982167352538,0.1831178355168563,0.14868223457624116,0.42905585393472584,0.561520961887956,86,729,0.4228823740688499,0.08847736625514403,2.629795789718628,True,2
1os0__1__1.A__1.B_1.G,c218,0.3379044581595119,0.11648351648351649,0.23011075346075105,0.23225280083644534,0.48746444722342075,0.37121287727317737,106,910,0.337904458159512,0.060571428571428575,2.7121660709381104,True,2
4lom__1__15.A_2.A_21.A__15.B_15.D_2.C,c89,0.5590662304967742,0.17777777777777778,0.29213675213675216,0.2539032187406954,0.6252227772227772,0.6747535627637669,56,315,0.5590662304967742,0.1382716049382716,2.637030601501465,True,2
3m5d__1__1.A_2.A__1.B,c103,0.36610861140086526,0.15789473684210525,0.27036427415037295,0.2398809853085373,0.48343009524098607,0.5070017480083269,87,551,0.3661086114008652,0.10406698564593302,2.7734878063201904,True,2
6nka__1__1.A__1.E_1.F,c299,0.3720879750646746,0.15073529411764705,0.26279761904761906,0.24326829505188002,0.4987156857692572,0.6505886489652725,41,272,0.3720879750646746,0.06925675675675676,2.704571008682251,True,2
6llk__1__1.A__1.C_1.D,c164,0.30081935847299995,0.16521739130434782,0.2568256486471141,0.26000813218246865,0.3815865702924526,0.4410348355348355,57,345,0.300819358473,0.09047619047619047,2.5846495628356934,True,2
1os0__2__1.A__1.B_1.G,c218,0.32750579021971704,0.11648351648351649,0.23101786521691942,0.22674313782592864,0.4881705862824647,0.3249306188804555,106,910,0.32750579021971704,0.06583850931677018,2.7215538024902344,True,2
3orh__1__1.A__1.E,c2063,0.47504983401981776,0.13296703296703297,0.2900715272138645,0.2634116552691798,0.5561345025360287,0.4755179542702118,121,910,0.4748760418752227,0.09901800327332243,3.0901544094085693,True,2
4lom__1__17.A_23.A_7.A__23.B_23.D_7.C,c89,0.553740146283533,0.17777777777777778,0.28930937118437117,0.26969472222908,0.6117439412439413,0.5845709279382749,56,315,0.553740146283533,0.09824561403508772,2.631483793258667,True,2
3m5d__1__1.A_3.A__3.B,c103,0.3543785699059556,0.15789473684210525,0.2695316988388037,0.253179002868552,0.49744226982673084,0.509654952833568,87,551,0.3543785699059557,0.09954233409610984,2.761836051940918,True,2
5lrf__1__2.A__2.B,c33,0.3735320288730921,0.11910669975186104,0.2848541858681736,0.27375488528955444,0.5175016707522118,0.46261254666282103,96,806,0.37353202887309217,0.07384615384615385,2.7712433338165283,True,2
3orh__2__1.B__1.F,c2063,0.4636641599704582,0.1414027149321267,0.29144322456494404,0.2566716934779138,0.5714990517566808,0.4767683647015503,125,884,0.4631023008729086,0.09245562130177515,3.117666721343994,True,2
3orh__3__1.C__1.G,c2063,0.45898053047131504,0.1414027149321267,0.2821822380767136,0.2767040678167142,0.576064822714397,0.5013403942127017,125,884,0.4586730941876768,0.09811616954474098,3.1043264865875244,True,2
1os0__2__2.A__2.B_2.G,c218,0.326491894096814,0.11648351648351649,0.23072684895555276,0.2246193653912775,0.4888680566715987,0.3230166789169656,106,910,0.326491894096814,0.07043189368770764,2.732699394226074,True,2
6nka__1__1.B__1.G_1.H,c299,0.37823028936389447,0.1527777777777778,0.247750946969697,0.29512638025450066,0.5137604142440452,0.6165120513605362,44,288,0.3782302893638945,0.09166666666666666,2.611687183380127,True,2
3ois__4__1.D__1.H,c3024,0.5819526125650103,0.18285714285714286,0.320809888028638,0.35061630167406677,0.6796987734487735,0.5825945010791932,64,350,0.5819526125650103,0.08,2.777796506881714,True,2
3m5d__1__2.A_3.A__2.B,c103,0.37298365059223937,0.15789473684210525,0.26896994963821597,0.25396835334196244,0.5130649064928157,0.5056775052576136,87,551,0.37298365059223937,0.10648714810281518,2.7669405937194824,True,2
4lom__1__18.A_21.A_6.A__21.B_21.D_6.C,c89,0.5817024395775297,0.17777777777777778,0.29407127594627597,0.2783257922071433,0.6220496787163453,0.6279314034416075,56,315,0.5817024395775297,0.09333333333333334,2.6170401573181152,True,2
5mlz__1__1.A__1.B_1.C,c186,0.33692179068286443,0.11862244897959184,0.27174275018536714,0.19121094257268384,0.48898106504696504,0.5233853652016431,93,784,0.3368992443445025,0.06642857142857143,2.967134952545166,True,2
6nka__2__1.C__1.I_1.J,c299,0.45843725067105934,0.16176470588235295,0.3074251033057851,0.38480162028339027,0.5442927663165759,0.6501463813963814,44,272,0.45843725067105934,0.07857142857142857,2.6352035999298096,True,2
5od2__1__1.A__1.E,c1264,0.30317304202187506,0.12307692307692308,0.24507441955176207,0.21417004442194276,0.41620193695193697,0.44747002753300935,64,520,0.30317304202187506,0.07111111111111111,2.4422008991241455,True,2
6nka__2__1.D__1.K_1.L,c299,0.4055571940029773,0.14583333333333334,0.27414731918408386,0.30924244700268355,0.531888035905893,0.6630726911976911,42,288,0.40555719400297724,0.07720588235294118,2.6623663902282715,True,2
5org__1__1.B__1.MA,c7,0.5430763625977093,0.15808823529411764,0.44391956467654553,0.3985742103504016,0.6534663107329348,0.4956208908520966,86,544,0.5430763625977094,0.10997442455242967,2.7525558471679688,True,2
5org__1__1.A__1.E_1.G_1.W,c7,0.5329098217535497,0.15808823529411764,0.46225999653717526,0.4243724910652865,0.6299699344390068,0.4709632025563398,86,544,0.5329098217535497,0.12044817927170869,2.748607635498047,True,2
5od2__2__1.B__1.I,c1264,0.3484135817763044,0.136,0.27629725511088193,0.23626760583377515,0.461463036963037,0.483645870891667,68,500,0.3484135817763044,0.08292682926829269,2.4763550758361816,True,2
5o50__1__1.A__1.C,c33,0.3893207981782693,0.13636363636363635,0.28768362791352653,0.25637876738388066,0.5278447311144151,0.5332626237846506,81,594,0.3893207981782693,0.08980044345898004,2.6515769958496094,True,2
2p69__1__1.A__1.B_1.C,c2940,0.679288797404665,0.14583333333333334,0.47247351563636497,0.3654084219725096,0.7947928113553113,0.6857836536682691,56,384,0.6792887974046651,0.09722222222222222,2.6160967350006104,True,2
5o50__1__2.A__2.C,c33,0.40014482495044595,0.13636363636363635,0.31358640834560403,0.27217630697290207,0.5340942655711864,0.52575644849163,81,594,0.40014482495044595,0.09950859950859951,2.6525261402130127,True,2
2p69__1__2.A__2.B_2.C,c2940,0.7088948514298232,0.14583333333333334,0.4571437499159743,0.38355534654772966,0.7819765911172161,0.7176414539876078,56,384,0.7088948514298232,0.09210526315789473,2.6522905826568604,True,2
2owz__1__1.A_2.A__1.B,c141,0.3960270480845316,0.16666666666666666,0.31255798142574337,0.28837467992968946,0.4866071168414918,0.521628086577066,64,384,0.39602704808453154,0.0975609756097561,2.6557979583740234,True,2
4lom__1__18.A_6.A_9.A__18.C_9.B_9.D,c89,0.5630913673030484,0.17777777777777778,0.29213675213675216,0.27316763833518165,0.6065689187355854,0.6015160198833668,56,315,0.5630913673030484,0.07777777777777778,2.6388063430786133,True,2
6mt7__1__1.A__1.C,c2129,0.237757207382029,0.1290909090909091,0.1908036292839851,0.18940179851534097,0.32181803301368517,0.3578742742147257,71,550,0.23775720738202902,0.06926829268292684,2.9119532108306885,True,2
5o52__1__2.A__2.C,c33,0.34586781000110417,0.11538461538461539,0.27038042801957407,0.233664265495137,0.4712363417136875,0.48947587735726666,93,806,0.34586781000110417,0.07948717948717948,2.797161340713501,True,2
5o52__1__1.A__1.C,c33,0.33656547873795245,0.11538461538461539,0.2707563961374776,0.23733679752522968,0.46541583442742945,0.48443169693101623,93,806,0.33656547873795245,0.07948717948717948,2.7964794635772705,True,2
2owz__1__1.A_2.A__2.B,c141,0.38104571515435026,0.16666666666666666,0.31255798142574337,0.3055933010773235,0.4965415053696304,0.5102335183712735,64,384,0.3810457151543504,0.0975609756097561,2.69559383392334,True,2
2owz__1__3.A_4.A__3.B,c141,0.3750715113946173,0.16666666666666666,0.31890563767574337,0.29201184890751813,0.48842030076405074,0.5135663995868077,64,384,0.3750715113946174,0.08333333333333333,2.668680191040039,True,2
2oys__1__1.A_1.B__1.C,c5781,0.3811237345401682,0.10850439882697947,0.22708392851581702,0.21109824057184706,0.4761286351672599,0.5467450857855046,111,1023,0.3811237345401682,0.06885856079404466,2.5320990085601807,True,2
4lom__1__19.A_22.A_5.A__22.B_22.D_5.C,c89,0.5718609102843738,0.17777777777777778,0.3039919108669109,0.2977756181442627,0.6298695183849244,0.6529329466829467,56,315,0.5718609102843739,0.08484848484848485,2.6297717094421387,True,2
4nca__2__1.B__1.K,c2247,0.3757730662626799,0.17647058823529413,0.2940164679110257,0.2523487425271649,0.5791458805744519,0.5635371721251741,63,357,0.37577306626267987,0.075,2.573833703994751,True,2
6mt7__2__1.B__1.D,c2129,0.20646510431029866,0.11818181818181818,0.14844461551520377,0.16367873827492235,0.27872241289020133,0.3261638793826632,65,550,0.20646510431029866,0.08666666666666667,2.915876626968384,True,2
5ox1__1__1.A__1.B,c33,0.3548893869842723,0.13218390804597702,0.2972452369094275,0.27934933737049994,0.49827996848609696,0.48535879655706443,92,696,0.35488938698427225,0.0798611111111111,2.7262909412384033,True,2
4lom__1__2.A_21.A_5.A__21.C_5.B_5.D,c89,0.5738304934924184,0.17777777777777778,0.30121413308913314,0.27188990583443723,0.6099286269286268,0.6657113058898773,56,315,0.5733242834755752,0.08888888888888889,2.61102294921875,True,2
6mtf__1__1.A__1.C,c2129,0.2009687597350947,0.12545454545454546,0.1525759407132405,0.15552970804895794,0.2825882069657309,0.3561266038747608,69,550,0.2009687597350947,0.0641860465116279,3.044748544692993,True,2
5ox3__1__1.A__1.B,c33,0.3867702744973839,0.12888198757763975,0.28558856794934123,0.2542467636362305,0.5452498338756435,0.5051356122673956,83,644,0.38677027449738394,0.08019323671497584,2.7250728607177734,True,2
5ox1__1__2.A__2.B,c33,0.3516688542399857,0.13218390804597702,0.2971353229336668,0.28161542083856606,0.5307495597067503,0.438929875256405,92,696,0.3516688542399856,0.08518518518518518,2.7365400791168213,True,2
4o4j__1__1.B__1.M,c534,0.20685490779452695,0.08823529411764706,0.15215430153103282,0.1545655027832223,0.4248113798594567,0.3077088667989814,57,646,0.20685490779452692,0.039473684210526314,2.6644060611724854,True,2
2ou5__1__1.A_1.B__1.F,c713,0.44500335761078696,0.09778225806451613,0.2519590037586946,0.2049853773208719,0.5937027888048328,0.5094514431057389,97,992,0.44500335761078696,0.061353573687539534,2.3338656425476074,True,2
2owz__1__3.A_4.A__4.B,c141,0.385953853837919,0.16666666666666666,0.31255798142574337,0.2961132900987564,0.4906207131988382,0.48317914794955613,64,384,0.3859538538379191,0.10256410256410256,2.6377737522125244,True,2
4lom__1__20.A_24.A_8.A__24.B_24.D_8.C,c89,0.5644005453692774,0.17777777777777778,0.29213675213675216,0.2851038641995329,0.6063308234974901,0.6064914960323123,56,315,0.5644005453692774,0.08484848484848485,2.639136791229248,True,2
6mtf__2__1.B__1.D,c2129,0.20111826366494745,0.12181818181818181,0.1613523167937936,0.1605916338378859,0.28825398913465955,0.2853104021698424,67,550,0.20111826366494745,0.07052631578947369,2.892515182495117,True,2
5ox3__1__2.A__2.B,c33,0.39007911636083564,0.12888198757763975,0.2857135349957023,0.27302425902998095,0.5304653430041963,0.5345799002155149,83,644,0.39007911636083553,0.088016967126193,2.7189786434173584,True,2
5nc1__1__1.A__1.D,c5323,0.337339664329092,0.2611111111111111,0.3209011595181808,0.3359353522805148,0.45258838383838385,0.44172355422355425,47,180,0.2816392491306104,0.12051282051282051,3.1915082931518555,True,2
4pgx__1__1.D__1.E_1.F_1.I,c31,0.40856671089913965,0.11244377811094453,0.23670760616677133,0.19846874542012702,0.7247657794880017,0.44775194547515973,75,667,0.4085455715964195,0.07389162561576355,2.3670296669006348,True,2
4p0a__1__1.A__1.B,c2624,0.3693352080931769,0.08771929824561403,0.24217806194957384,0.2475765695382437,0.6523032418095445,0.33665194271457655,55,627,0.3693352080931769,0.049019607843137254,2.5231635570526123,True,2
4phe__1__1.A__1.E_1.F_1.I,c31,0.3923931581690609,0.07987711213517665,0.1785999384903982,0.16818310189495847,0.7231744528619527,0.42642926628815736,52,651,0.3923931581690609,0.041935483870967745,2.648327589035034,True,2
5ot8__2__1.B__1.R,c7,0.42810112858476534,0.16024340770791076,0.37532414980997475,0.3800883393329637,0.5788009375834512,0.44408918742731207,79,493,0.42810112858476534,0.09887359198998748,2.847505807876587,True,2
6nku__1__1.D__1.H_1.I_1.N,c31,0.4182659874931607,0.10215053763440861,0.2116671658373696,0.16671525429328252,0.6585394148817794,0.49653642832424344,76,744,0.41826598749316063,0.07661290322580645,2.6214680671691895,True,2
6nz4__1__1.A__1.C,c3462,0.5774682993886008,0.1038961038961039,0.2918761973170493,0.2489761050542985,0.661715209501506,0.6539889053836889,96,924,0.5771299197045978,0.06593406593406594,2.642904758453369,True,2
4pj3__1__1.A__1.B_1.C,c602,0.5176942596519927,0.09454949944382647,0.169079516067843,0.15539732183804472,0.6077426107031371,0.5760542903772381,85,899,0.5176942596519927,0.05712365591397849,2.798980236053467,True,2
2pyw__1__1.A__1.D_1.E_1.H,c1052,0.4385817496656354,0.12132822477650064,0.21572487746025976,0.16176552188676327,0.47781249593294,0.5794017146480339,95,783,0.43858174966563546,0.0837742504409171,2.562690496444702,True,2
4ocj__1__1.A__1.B,c1622,0.436895017814257,0.1826086956521739,0.3689580115460033,0.3691056784589198,0.530849087420516,0.5575836994989656,63,345,0.436895017814257,0.11351351351351352,2.7991018295288086,True,2
5nc1__1__1.C__1.O,c5323,0.3536562001051491,0.25,0.3325467372134039,0.3464852953531755,0.5201812169312169,0.4844736796125685,45,180,0.35162554803403456,0.10714285714285714,3.241443634033203,True,2
4oke__1__1.A_1.B__1.C_1.D,c7587,0.5637038380356724,0.1329923273657289,0.43940163793842724,0.3877695383430574,0.7192217203086768,0.5375483797884294,52,391,0.563564534379822,0.057971014492753624,2.5163228511810303,True,2
4lom__1__22.A_3.A_6.A__22.C_6.B_6.D,c89,0.5699694272225378,0.17777777777777778,0.29927960927960934,0.25762979912608996,0.6169967686634352,0.6358162057141649,56,315,0.569969427222538,0.08484848484848485,2.637875556945801,True,2
6nkw__1__1.D__1.H_1.I_1.N,c31,0.36659505294367445,0.11360448807854137,0.23593346513356056,0.21346103654665122,0.6631871742203375,0.45961531878679984,81,713,0.3665950529436744,0.06372934697088907,2.709975004196167,True,2
6nz6__1__1.A__1.C,c3462,0.5882638751780008,0.10064935064935066,0.3005923998227792,0.20692073558323973,0.6625037180864247,0.7112820480515065,93,924,0.5882638751780007,0.06266846361185983,2.6660547256469727,True,2
6nz5__1__1.A__1.C,c3462,0.532910465631276,0.09635416666666667,0.2605482277938961,0.26334541447525983,0.6402894680388287,0.6066269240254398,111,1152,0.5329104656312761,0.0642361111111111,2.877068519592285,True,2
6pwy__1__1.A__1.E,c159,0.40669277216723404,0.10289855072463767,0.273332675793322,0.20797165471622114,0.49942791005291004,0.4945267419712529,71,690,0.40669277216723404,0.06761904761904762,2.3493528366088867,True,2
2pyw__1__1.B__1.K_1.L_1.N,c1052,0.46755657309679977,0.12169312169312169,0.20754454725974242,0.16506782134637416,0.5200270614159502,0.624056417392907,92,756,0.4675481168677445,0.06552706552706553,2.5411648750305176,True,2
4mwz__2__1.B__1.H,c5754,0.17977718544442617,0.0838095238095238,0.1788719008264463,0.1870371080434862,0.3604441877566878,0.33807138982794444,44,525,0.17977718544442617,0.0419047619047619,2.676189661026001,True,2
4oco__1__1.A__1.B,c1622,0.4372301818595692,0.15594541910331383,0.3450424198645009,0.32010047704215955,0.5323315265459229,0.6047551203434873,80,513,0.4372301818595692,0.10269576379974327,2.5768425464630127,True,2
4lom__1__23.A_4.A_8.A__23.C_8.B_8.D,c89,0.5696167367278244,0.17777777777777778,0.29213675213675216,0.2805267267404383,0.6154506928256929,0.6220401603309768,56,315,0.5696167367278244,0.0910569105691057,2.6240272521972656,True,2
6on4__1__1.A__1.C_1.D,c8749,0.3734031027643514,0.1619047619047619,0.3516871395022655,0.3380553748771584,0.5220982354535777,0.41583327317986274,68,420,0.3734031027643514,0.08994708994708994,2.492042064666748,True,2
5onr__1__1.A__1.B,c218,0.43307886603305923,0.1425,0.40177398624767047,0.3795525319785389,0.6495867388330623,0.2853901150592327,57,400,0.4330788660330592,0.06951219512195123,2.7901175022125244,True,2
6nz6__1__1.B__1.D,c3462,0.5712923966110343,0.10064935064935066,0.29535514521480893,0.22399529178404093,0.6459499627356768,0.6431407883251976,93,924,0.5712923966110344,0.07380952380952381,2.642817974090576,True,2
6pwy__1__1.C__1.S,c159,0.407030209477888,0.10289855072463767,0.2757523979445991,0.22407062849518683,0.5129924886621314,0.4805092922303158,71,690,0.407030209477888,0.05772357723577236,2.3808138370513916,True,2
4ocq__1__1.A__1.B,c1622,0.4245229398516728,0.17971014492753623,0.3460780796264667,0.3471501996275933,0.5248680047449397,0.6030612412829675,62,345,0.4245229398516728,0.12525252525252525,2.7525951862335205,True,2
5o4f__2__1.B__1.O,c7,0.5511639470332986,0.1565217391304348,0.5411439126716905,0.5191215215925639,0.673806637806638,0.4316249226963512,54,345,0.5511639470332987,0.11612903225806452,3.080447196960449,True,2
6nkz__1__1.D__1.G_1.H_1.I,c31,0.35889215302359,0.11079943899018233,0.21934686343448623,0.2349197904582721,0.66317384004884,0.4012328073648079,79,713,0.35889215302359,0.06887532693984307,2.6937952041625977,True,2
5m5q__1__1.A__1.B_1.C,c5724,0.16574093828025388,0.09325681492109039,0.15587046694981802,0.15296350747265783,0.38934663013094384,0.30029330812213356,65,697,0.16574093828025388,0.054667788057190914,2.7746028900146484,True,2
6pwy__1__1.D__1.V_1.Z,c159,0.4113548084336279,0.10277777777777777,0.29186173855291503,0.21044120564878477,0.4757731466064799,0.5580732139752682,74,720,0.4113548084336279,0.07474747474747474,2.3452959060668945,True,2
1p1n__1__1.A__1.B,c7,0.486520040982093,0.1696969696969697,0.4566041151309008,0.43884468972534807,0.647913577163577,0.44524705453276886,56,330,0.48652004098209306,0.08888888888888889,2.8841464519500732,True,2
3ntu__1__1.A_6.A__6.B_6.C,c124,0.5130581636510466,0.12609970674486803,0.22141825642135796,0.19050050881422192,0.5621052235341051,0.5005488180744436,129,1023,0.513000006583886,0.08669354838709678,3.202193260192871,True,2
5ota__1__1.A__1.C,c7,0.4035660373989337,0.18285714285714286,0.3475518505602181,0.3533452750054711,0.5390275442294076,0.3959544724455438,64,350,0.4034076671125336,0.10884353741496598,3.098170280456543,True,2
5ota__2__1.B__1.F,c7,0.389392187855921,0.18571428571428572,0.35566522704765835,0.36115729375684874,0.521202257354751,0.3931573291126862,65,350,0.389392187855921,0.1326530612244898,3.0623717308044434,True,2
1qgs__1__1.A__1.B_1.C_1.D_1.E,c186,0.34846696260793203,0.11090909090909092,0.26360778249647965,0.20868593814179226,0.4937555628311931,0.4259791685492301,61,550,0.34846696260793203,0.06594594594594595,2.4194283485412598,True,2
2pul__1__1.A__1.C_1.E,c1052,0.4188906170049906,0.0944700460829493,0.16911291499648282,0.1252181008238065,0.4467519675313793,0.5156602827962785,82,868,0.4186976484343738,0.05510752688172043,2.8029978275299072,True,2
1q95__1__1.A_1.B__1.M,c103,0.3031702850827381,0.15416666666666667,0.2385092531757686,0.22937931646183546,0.4392695755394437,0.5382014590347924,74,480,0.30309295907016953,0.0925,2.6404881477355957,True,2
4ocu__1__1.A__1.B_1.C,c1622,0.40595709422927084,0.175,0.36471801545259913,0.3395868569311838,0.5176081909391799,0.5200813083383767,63,360,0.4059570942292709,0.105,2.782594680786133,True,2
3ntu__1__2.A_4.A__4.B_4.C,c124,0.5072087932946852,0.12609970674486803,0.21904385329676726,0.19310357093601233,0.5742012716703545,0.483418828132632,129,1023,0.5071834238229237,0.07706093189964158,3.147167205810547,True,2
5ocj__2__1.B__1.E,c4332,0.27051827133893647,0.08163265306122448,0.13652455122594165,0.14060330497025667,0.42153722346030026,0.5134384389362828,48,588,0.27051827133893647,0.04897959183673469,2.540116310119629,True,2
2pul__2__1.A__1.C_1.E,c1052,0.4167266272164921,0.0944700460829493,0.16952379007297552,0.1519763605048198,0.44792281602795014,0.5134919956718781,82,868,0.41644914808419,0.05290322580645161,2.8036587238311768,True,2
1q95__1__1.B_1.C__1.N,c103,0.2888156318653355,0.16071428571428573,0.25098539459127855,0.2448400893708628,0.3736552111374853,0.5363478925157686,72,448,0.2888156318653355,0.1125,2.7142333984375,True,2
1q95__1__1.E_1.F__1.R,c103,0.30242316370057176,0.15848214285714285,0.23465055907353138,0.21839271141004515,0.40000873409737364,0.5831581816875934,71,448,0.3024231637005717,0.08533653846153846,2.704441785812378,True,2
3ntu__1__3.A_4.A__3.B_3.C,c124,0.5105940486042281,0.12609970674486803,0.219501110468203,0.18656886255729227,0.5734631323794052,0.4943123955331747,129,1023,0.5105940486042281,0.07430875576036866,3.1710503101348877,True,2
3ntu__1__2.A_6.A__2.B_2.C,c124,0.5197754187109143,0.12609970674486803,0.219501110468203,0.19031057558315748,0.5861850186573045,0.5083047176967378,129,1023,0.5197503573181932,0.09247311827956989,3.19582200050354,True,2
5owy__1__1.A__1.C,c33,0.3174932898073031,0.11733333333333333,0.27498550530488114,0.2662167634346789,0.4748133476104468,0.4301975959669197,88,750,0.31749328980730307,0.08585365853658537,2.891315221786499,True,2
2pul__2__2.A__2.C_2.E,c1052,0.4148818558111747,0.0944700460829493,0.16995563285853896,0.1386147318022654,0.4434489198261128,0.5086792594596679,82,868,0.4145237448706584,0.05186590765338393,2.8005669116973877,True,2
2quh__1__1.A__1.C,c121,0.6045581434554695,0.23,0.48176031484855014,0.4676081792245344,0.6370546480700541,0.6792774303885414,69,300,0.6045581434554698,0.10952380952380952,2.937110662460327,True,2
3ntu__1__3.A_5.A__5.B_5.C,c124,0.5153671789977319,0.12609970674486803,0.219573724775626,0.23007096165192492,0.5739806262875023,0.5091582156158345,129,1023,0.5153671789977318,0.0832258064516129,3.1908183097839355,True,2
5ndf__1__1.E__1.AA_1.BA_1.Z,c186,0.38823048177081054,0.1296551724137931,0.28400645210720304,0.23165421006083511,0.5089619806119806,0.46137442027309156,94,725,0.38823048177081054,0.08952380952380952,2.5595245361328125,True,2
5ofx__1__1.A__1.I_1.P,c225,0.2695782922852564,0.08986928104575163,0.21302932597443452,0.22746377572906593,0.5389517549444021,0.31347915429635564,55,612,0.2695782922852565,0.05392156862745098,2.5594093799591064,True,2
5ofx__2__1.B__1.J_1.Q,c225,0.280176817607858,0.08660130718954248,0.2151169315639349,0.24798991889279515,0.6219860166288738,0.3406693666035483,53,612,0.280176817607858,0.05196078431372549,2.481339931488037,True,2
2qs1__1__1.A__1.E,c7,0.3589755040299039,0.10989010989010989,0.3073461694555444,0.3105630682932098,0.44487631127307237,0.3479306422559444,80,728,0.3588500867726366,0.075046904315197,2.60024094581604,True,2
2quh__1__1.B__1.D,c121,0.6257157567412471,0.2596491228070175,0.5022728627140391,0.4985762610586823,0.6525693943467054,0.7331003379336714,74,285,0.622527065896977,0.12982456140350876,3.0534908771514893,True,2
4qf9__1__1.A__1.D,c7,0.35225460170768613,0.1783625730994152,0.3469998998953981,0.3338585253133871,0.5001476151127854,0.505502454847766,61,342,0.3522546017076862,0.11466165413533834,3.05820894241333,True,2
4qdc__1__1.A__1.E,c164,0.19635119463757103,0.10714285714285714,0.17628345605434992,0.16047117798389796,0.3227936226318809,0.3907490247627566,63,588,0.19635119463757103,0.0625,2.4210283756256104,True,2
5ndf__1__2.C__2.S_2.T,c186,0.37397652276635474,0.13241379310344828,0.2992075259299524,0.23743685415445612,0.5397144411144411,0.43985627627060336,96,725,0.3739765227663548,0.08533333333333333,2.5699946880340576,True,2
5ofx__3__1.C__1.K_1.R,c225,0.25630386285667406,0.08660130718954248,0.21665646798342497,0.225829106150757,0.6070281780509053,0.2821698985121891,53,612,0.256303862856674,0.05567226890756303,2.57014536857605,True,2
5ofx__4__1.D__1.L_1.S,c225,0.24760750311197569,0.08660130718954248,0.21853232859753394,0.2320944838701208,0.6010093411879126,0.3904949509585242,53,612,0.2476075031119757,0.05028462998102467,2.580599546432495,True,2
5q0c__1__1.A_1.B__1.J,c141,0.37284346402893864,0.1826086956521739,0.28540937959447465,0.27557317116402524,0.4772304507855979,0.5423007439300226,84,460,0.3725054898562188,0.11351351351351352,2.783393383026123,True,2
5owy__1__2.A__2.C,c33,0.32204863875053424,0.11733333333333333,0.27507674086670497,0.2539471130335917,0.48438094952713334,0.411500706486417,88,750,0.3220486387505343,0.08,2.8783977031707764,True,2
5owz__1__1.A__1.D,c33,0.292870622323076,0.1141826923076923,0.2741717628830189,0.2534140444165194,0.45376708776074054,0.4132236188389276,95,832,0.292870622323076,0.07026627218934911,2.887237548828125,True,2
2qs1__1__2.A__2.E,c7,0.3593295766565278,0.10989010989010989,0.3076806266650016,0.3238946443239429,0.44768929689855796,0.35456708100059714,80,728,0.3593295766565278,0.08097165991902834,2.5893399715423584,True,2
4pbr__1__1.A__1.B,c121,0.41015483568771227,0.14777327935222673,0.32540830966442735,0.3188611337950842,0.48089428755572644,0.5319514722858938,73,494,0.41015483568771227,0.09605263157894736,2.7670774459838867,True,2
4pbr__1__2.A__2.B,c121,0.40687672774597,0.14777327935222673,0.32540830966442735,0.3308658750817088,0.47413248172536093,0.49278760048152065,73,494,0.40687672774597006,0.10977443609022557,2.7714483737945557,True,2
4qf9__1__1.C__1.O,c7,0.3845786301592607,0.15204678362573099,0.36846066102138975,0.38112307718926175,0.5534457988405357,0.550865169094067,52,342,0.38457863015926075,0.08552631578947369,2.9702048301696777,True,2
4qf9__2__2.B__2.H,c7,0.40272596598718835,0.17337461300309598,0.33636845088912753,0.36873545830813337,0.5339883800410117,0.4901252430330947,56,323,0.4027259659871884,0.11336032388663968,3.0463523864746094,True,2
4qf9__2__1.B__1.H,c7,0.40612138352396465,0.17337461300309598,0.33636845088912753,0.34435443472313854,0.5335985164932534,0.4866998046597397,56,323,0.40612138352396465,0.10163339382940109,3.0479109287261963,True,2
5ofx__5__1.E__1.M_1.T,c225,0.24024509890166987,0.09313725490196079,0.2096206079815623,0.22079016148359307,0.5385730211817168,0.25796608977215296,57,612,0.2402450989016699,0.04531001589825119,2.6270828247070312,True,2
5ofx__7__1.F__1.N_1.U,c225,0.25084937682197633,0.08996539792387544,0.2134204031262855,0.2182720847061809,0.5659663088234517,0.28778729268181225,52,578,0.25084937682197633,0.042483660130718956,2.63708233833313,True,2
5q0c__1__1.A_1.B__1.L,c141,0.342575204480479,0.17608695652173914,0.2686468327116619,0.244996421808965,0.45358003951386305,0.49325971879631114,81,460,0.34257520448047896,0.10384615384615385,2.8069653511047363,True,2
5q0c__1__1.C_1.D__1.P,c141,0.3406297468237468,0.1782608695652174,0.25271287107736085,0.25809935162573544,0.4523215118215119,0.5294802783845406,82,460,0.34062974682374686,0.10789473684210527,2.7524375915527344,True,2
5ofx__9__1.H__1.O_1.W,c225,0.24000963882707527,0.08823529411764706,0.2263013538748833,0.22642475458545194,0.6058631954465288,0.2791803433785562,54,612,0.24000963882707527,0.0481283422459893,2.5335988998413086,True,2
5q0c__1__1.C_1.D__1.N,c141,0.34907352614448184,0.17391304347826086,0.27223693110617453,0.24452630459845776,0.46757883973325154,0.501780160658325,80,460,0.3490478885700527,0.1111111111111111,2.766578197479248,True,2
5owz__1__2.A__2.D,c33,0.2996067360386527,0.1141826923076923,0.27438245779220094,0.25095766360758626,0.4536819055301717,0.3872999166511393,95,832,0.2996067360386527,0.06894049346879536,2.8849568367004395,True,2
5ovz__1__1.A__1.C,c7,0.2900440301831431,0.13025210084033614,0.2878272748607359,0.26941707500291395,0.4496387641780905,0.34158285505708974,93,714,0.2900440301831431,0.09037900874635568,2.6972389221191406,True,2
5ndf__2__1.F__1.CA_1.DA,c186,0.4009834531186425,0.14,0.2965587635653662,0.2419811696624256,0.5353383226909543,0.497591758475219,98,700,0.40098345311864236,0.098,2.5619935989379883,True,2
5q0c__2__1.E_1.F__1.R,c141,0.34200601316801177,0.17391304347826086,0.26942297882071486,0.23159971325914067,0.46038426265999793,0.5878044336268021,80,460,0.34200601316801177,0.08695652173913043,2.882272720336914,True,2
2qs1__2__1.B__1.H,c7,0.36875145176941354,0.1043956043956044,0.32493544617011905,0.305636897046019,0.4741710683322525,0.37812367604526875,76,728,0.36875145176941354,0.07495069033530571,2.6011784076690674,True,2
2qs1__2__2.B__2.H,c7,0.3816659442537207,0.1043956043956044,0.32478955674098864,0.31412906788538447,0.47660779461766306,0.35592451762071203,76,728,0.38166594425372063,0.06797853309481217,2.599334239959717,True,2
4q30__1__1.A__1.D,c7,0.5854645288125768,0.19437340153452684,0.5308634109020087,0.5175161144311236,0.6627851797621486,0.4939417714558285,76,391,0.5854645288125768,0.11463046757164404,3.094029188156128,True,2
2qvu__1__1.A_1.B__1.C_1.E,c141,0.35308654471157264,0.17916666666666667,0.256817154229,0.25317860829691596,0.46760818457141984,0.5723227963733144,86,480,0.35308654471157264,0.11944444444444445,2.751753091812134,True,2
2qvu__1__1.A_1.B__1.G_1.I,c141,0.34305891284212237,0.17708333333333334,0.2516419932811073,0.25537907732778126,0.4540224136713905,0.5312528485051055,85,480,0.34305891284212237,0.1118421052631579,2.8173696994781494,True,2
4qpl__2__1.C__1.H,c3965,0.3623279323708273,0.09050179211469533,0.2052332140579568,0.20828084267353572,0.4738279638341461,0.45481204996379027,101,1116,0.3623279323708273,0.06842818428184282,2.4320404529571533,True,2
5lom__1__1.A__1.C,c7,0.38718371564509424,0.15435139573070608,0.343985738073437,0.3500208163663399,0.5296427093908694,0.43689568143384205,94,609,0.3867224322861364,0.12789115646258503,2.8865504264831543,True,2
4qpl__1__1.A__1.E,c3965,0.3502696461535861,0.09578544061302682,0.19436416361416362,0.17113415890969552,0.4529098216598217,0.5041980959147172,100,1044,0.3501423312987968,0.06775067750677506,2.5042989253997803,True,2
5ndf__2__2.D__2.V_2.W,c186,0.3748849019492509,0.13428571428571429,0.27881352446746693,0.23710812940804935,0.4998804362304362,0.46454422584066546,94,700,0.37488490194925095,0.07833333333333334,2.5534307956695557,True,2
5ovz__2__1.B__1.N,c7,0.29310633064120817,0.12745098039215685,0.28694976985514165,0.26039301689974087,0.4498239330537227,0.37536942246115396,91,714,0.29310633064120817,0.08666666666666667,2.7041659355163574,True,2
5q0c__2__1.E_1.F__1.T,c141,0.3383429029675781,0.16956521739130434,0.2608682826175086,0.24493151502710003,0.4570148265405619,0.5026413163972352,78,460,0.3383429029675781,0.08478260869565217,2.771874189376831,True,2
5q0c__2__1.G_1.H__1.V,c141,0.4002308100037109,0.18043478260869567,0.2870096241969493,0.2725017720111148,0.48976789291862816,0.6112684947398973,83,460,0.40023081000371097,0.0988095238095238,2.7972395420074463,True,2
5q0c__2__1.G_1.H__1.X,c141,0.3580115090747366,0.18636363636363637,0.2768323407522654,0.2620230905045866,0.4780581964331964,0.5563199467725054,82,440,0.3580115090747366,0.12424242424242424,2.7939352989196777,True,2
6qa7__1__2.A__2.B,c33,0.3158175445914978,0.12051282051282051,0.266723926926572,0.26742565237854815,0.4616284117639124,0.4845661553278581,94,780,0.31581754459149786,0.07088989441930618,2.522735595703125,True,2
6qa7__1__1.A__1.B,c33,0.31309896933552894,0.12051282051282051,0.26662497845465727,0.2524942326215852,0.4623724069032346,0.49514741241403065,94,780,0.3061242009217676,0.09038461538461538,2.519268274307251,True,2
2qvu__1__2.A_2.B__2.C_2.E,c141,0.3154455310144202,0.17916666666666667,0.2539503408098609,0.24408757523684227,0.4593084291797527,0.47582387041943974,86,480,0.3154455310144202,0.1075,2.8136212825775146,True,2
4q30__1__1.B__1.G,c7,0.5839239092700488,0.18925831202046037,0.5132938085143968,0.5123887290222642,0.6489123776938903,0.5170749996774155,74,391,0.5839239092700487,0.11455108359133127,3.101504325866699,True,2
4q30__2__1.C__1.J,c7,0.4827863033848878,0.16515837104072398,0.4897656741690305,0.4894032708695849,0.6243899781040102,0.4804935427551908,73,442,0.4827863033848878,0.11605723370429252,3.028809070587158,True,2
5lom__2__1.B__1.F,c7,0.373412982688516,0.15079365079365079,0.3259752505181519,0.34644983501483784,0.5141044123132175,0.38547575442166865,95,630,0.3733341352348176,0.10520487264673312,2.9289824962615967,True,2
3qzy__1__1.A__1.D,c1187,0.2505681233639649,0.07833047455688966,0.20462362219632577,0.1954733177251577,0.3947027804480121,0.37146311305183805,137,1749,0.2505681233639649,0.05744234800838575,3.115689516067505,True,2
5ndf__3__1.A__1.G_1.H_1.J_1.K,c186,0.3974562553547827,0.12689655172413794,0.27914897098496844,0.2378937648942685,0.5119444684944685,0.4628305207204494,92,725,0.3974562553547827,0.092,2.548344612121582,True,2
6qa8__1__2.A__2.B,c33,0.32035513554892137,0.10795454545454546,0.26566279138401294,0.2554569551363429,0.5035890041585052,0.5008972048240852,57,528,0.32035513554892137,0.06477272727272727,2.5052273273468018,True,2
6qa8__1__1.A__1.B,c33,0.3109451530320705,0.10795454545454546,0.26624517019605676,0.26560989299311133,0.5037789334848157,0.4670217679687722,57,528,0.3109451530320704,0.06168831168831169,2.5036637783050537,True,2
3r5c__1__1.A_1.B__1.F_1.G,c2315,0.17501762059326884,0.05514705882352941,0.10096604126946834,0.08676416548489521,0.29370827697248364,0.3231492608508226,90,1632,0.17475123635331893,0.03289473684210526,3.557938814163208,True,2
3qxm__1__1.A__1.C,c7,0.419499173797217,0.13703703703703704,0.3432565118427953,0.3718197135914342,0.5364961368640099,0.37078377130150164,74,540,0.4194991737972171,0.1,2.8212673664093018,True,2
2qvu__1__2.A_2.B__2.G_2.I,c141,0.3115509168324705,0.17708333333333334,0.2506125815164014,0.2440753712277762,0.44768921215068913,0.50102461919862,85,480,0.31155091683247044,0.09042553191489362,2.7638015747070312,True,2
4q30__2__2.C__2.J,c7,0.4840282588058969,0.16515837104072398,0.48925674673360064,0.48434007707628013,0.6137326496880767,0.4990723275495087,73,442,0.48402825880589695,0.1226890756302521,3.040947198867798,True,2
6q54__1__1.A__1.I,c7,0.648041039597808,0.20748299319727892,0.542950684419895,0.5396295701694502,0.7165220125679308,0.518533276968342,61,294,0.6480410395978081,0.14523809523809525,3.221883535385132,True,2
5ndf__3__1.B__1.O_1.P_1.Q,c186,0.3695365500195378,0.12689655172413794,0.28120711275794397,0.2204927943504842,0.513877725977726,0.467959655529153,92,725,0.36953655001953783,0.0736,2.554584503173828,True,2
5ndf__4__1.C__1.S_1.T,c186,0.3729276671816052,0.13241379310344828,0.2994474249198514,0.2489228879215017,0.5409144411144411,0.44258120424224195,96,725,0.3729276671816052,0.07384615384615385,2.5635716915130615,True,2
4r02__1__1.K_1.L__1.GA,c20,0.23343580591854995,0.06995884773662552,0.15715839192888595,0.14554554752221427,0.36999217067151846,0.2588153004478156,85,1215,0.23343580591854993,0.04018912529550828,3.3723604679107666,True,2
3r5c__1__1.A_1.C__1.D_1.E,c2315,0.16090714733424968,0.058823529411764705,0.09881923344302135,0.09334220460789253,0.2625118486467591,0.3179901424144415,96,1632,0.16062506187321562,0.041666666666666664,3.546708583831787,True,2
6ovd__1__1.A_1.B__1.D,c7,0.364291061861119,0.12337662337662338,0.30488851548644424,0.3090518161553015,0.4693493876147619,0.5685250796989314,76,616,0.35699694597748954,0.07509881422924901,2.472014904022217,True,2
3qxm__2__1.B__1.D,c7,0.4237638668845306,0.13653846153846153,0.38945337032623917,0.36294480410150065,0.5611435871024686,0.4583925043409524,71,520,0.42376386688453055,0.09861111111111111,2.869819164276123,True,2
3rlb__1__1.A__1.J,c1834,0.5167596631498863,0.1931216931216931,0.4426650800644433,0.4291164801105257,0.6405473529738236,0.5085956295692249,73,378,0.5167596631498863,0.1267361111111111,2.649822235107422,True,2
3qxs__1__2.A__2.C_2.D,c299,0.575681531562833,0.12903225806451613,0.28130873209362084,0.2531989286838328,0.7016194784051926,0.5622323333433693,88,682,0.5756712009309599,0.08110599078341015,3.260158061981201,True,2
3rlb__2__1.B__1.O,c1834,0.5179804156418486,0.1893939393939394,0.47410197107419333,0.4602083965478025,0.6560564238321592,0.5386716882237149,75,396,0.5179804156418486,0.13440860215053763,2.646662473678589,True,2
3qxs__1__1.A__1.C_1.D,c299,0.5706382423672769,0.12903225806451613,0.28130873209362084,0.2073636697605139,0.7226711945461944,0.5819579072170525,88,682,0.570638242367277,0.07096774193548387,3.261275291442871,True,2
5o0j__1__1.A__1.B,c1264,0.44564163978442006,0.09444444444444444,0.20830591080303676,0.1417112874658875,0.5285940255731922,0.6694845207896678,68,720,0.44564163978442006,0.06159420289855073,2.4268031120300293,True,2
6q54__1__1.B__1.V,c7,0.6294655461613073,0.2108843537414966,0.5511581431580076,0.5234337500136139,0.7090922347960162,0.46448612467078376,62,294,0.6294655461613073,0.12301587301587301,3.2165255546569824,True,2
6ove__1__1.A_1.B__1.D,c7,0.36957828462697173,0.12342215988779803,0.27050697065175533,0.29429332951955056,0.507720819840385,0.5006555746918191,88,713,0.36957828462697173,0.0831758034026465,2.4332222938537598,True,2
4r02__1__1.Y_1.Z__1.MA,c20,0.25343355508380444,0.07160493827160494,0.157909281813271,0.15313199360639332,0.43551669903584694,0.24348632992918576,87,1215,0.25343355508380444,0.04957264957264957,3.236199140548706,True,2
6lop__1__1.A_1.B__1.D,c4280,0.2964286248188726,0.11047619047619048,0.2452707194122726,0.21777586878908273,0.4482314749909287,0.4110185592401458,58,525,0.2964286248188726,0.07081807081807082,3.1299047470092773,True,2
2qvv__1__1.A_1.B__1.C_1.D,c141,0.3265432390765944,0.17291666666666666,0.25266176795558254,0.24609463179327137,0.45101109293756353,0.5058408892000341,83,480,0.3265432390765944,0.09431818181818181,2.736868381500244,True,2
3rhz__1__1.A__1.C,c2302,0.5690329239883755,0.116,0.32600843970172466,0.2775106729885362,0.6915909785866305,0.6130582536093169,87,750,0.5690329239883755,0.06823529411764706,2.4442996978759766,True,2
4peg__3__1.C__1.N_1.O,c1401,0.5159048932302226,0.13480392156862744,0.3490017968142968,0.28277860996024057,0.7863302277432712,0.7678706815086621,55,408,0.5159048932302225,0.0818452380952381,2.5349581241607666,True,2
4r65__1__1.A__1.E_1.F_1.G,c31,0.4190782935806371,0.10714285714285714,0.2355405672369958,0.24384182388205516,0.7138995726495726,0.4872318810557855,72,672,0.41907829358063703,0.06428571428571428,2.4142825603485107,True,2
5ndf__4__2.E__2.AA_2.BA_2.Z,c186,0.3676119562019842,0.1296551724137931,0.2806021967880541,0.27483018815066895,0.5091802974802974,0.442067149141951,94,725,0.36761195620198417,0.08744186046511628,2.566885232925415,True,2
6ove__3__1.B__1.D,c7,0.38698456540810366,0.1246376811594203,0.29360320221971375,0.3031688943796555,0.5283255699701823,0.4656749819339863,86,690,0.38698456540810366,0.09347826086956522,2.4483296871185303,True,2
6lop__1__1.A__1.C,c4280,0.2505096081559073,0.11367127496159754,0.18747996837337838,0.17629061321323694,0.3873797684227251,0.3566820161794731,74,651,0.25050960815590734,0.06909430438842204,3.5981714725494385,True,2
3rhz__1__1.B__1.D,c2302,0.6430277504940489,0.12413793103448276,0.3377308485212824,0.2518218153549322,0.7327023199023199,0.6229834481025879,90,725,0.6430277504940488,0.08571428571428572,2.44357967376709,True,2
4peg__4__1.D__1.Q_1.R,c1401,0.39232217414116943,0.13480392156862744,0.34506830606262423,0.2788644076491268,0.7933126293995858,0.6205697227906385,55,408,0.3923221741411694,0.06740196078431372,2.504978656768799,True,2
1rzu__2__1.B__1.D,c119,0.5486972515287043,0.10030864197530864,0.2317024475998835,0.18552210793117127,0.5960837773337774,0.5815333788856833,65,648,0.5474577363728897,0.05871725383920506,2.5214273929595947,True,2
3rhz__1__2.A__2.C,c2302,0.5709652843260538,0.116,0.32470546439511955,0.3200101506374805,0.6846336663336663,0.5815609716515086,87,750,0.5709652843260538,0.07733333333333334,2.4491851329803467,True,2
2qvv__1__2.A_2.B__2.C_2.D,c141,0.34086723712159944,0.17291666666666666,0.2521454168368218,0.23128496983478503,0.45730725410328993,0.5306268701816205,83,480,0.3408672371215994,0.11216216216216217,2.7454376220703125,True,2
2qvv__1__2.A_2.B__2.F_2.G,c141,0.33416134462371194,0.17708333333333334,0.25700955372911755,0.24581388857512199,0.46923949226155115,0.48720404808404794,85,480,0.33395348454324036,0.125,2.7819416522979736,True,2
2qvv__1__1.A_1.B__1.F_1.G,c141,0.34270438094971584,0.17708333333333334,0.258991372573985,0.2554059623394133,0.47018202698717415,0.5675382880405666,85,480,0.34270438094971584,0.085,2.7294957637786865,True,2
3rhz__1__2.B__2.D,c2302,0.6377098192353393,0.12413793103448276,0.34016180768557486,0.2793777345585429,0.7200709235209234,0.6246930889322326,90,725,0.6377098192353393,0.08,2.455778121948242,True,2
3s21__1__1.A_2.A__2.C,c161,0.33488695505790156,0.1590909090909091,0.2964518665493587,0.27020071896096154,0.49454121399433904,0.5676228986433068,56,352,0.3348869550579016,0.12962962962962962,2.741533041000366,True,2
3s21__1__1.A_2.A__1.C,c161,0.3312541115229916,0.1590909090909091,0.2964518665493587,0.30258403292901515,0.4710823430722328,0.5529519686662544,56,352,0.3312541115229916,0.109375,2.7168450355529785,True,2
6s4h__1__1.A__1.B,c33,0.4178562205311057,0.1414141414141414,0.3294034863771706,0.267021024669421,0.5635695757513588,0.5360954977372441,84,594,0.41785622053110566,0.0979020979020979,2.620194911956787,True,2
3s23__1__1.A_2.A__1.D,c161,0.3059143851568758,0.1375,0.2584788438900281,0.27359189603638645,0.47000631758807065,0.5496339344416268,55,400,0.30591438515687575,0.06875,2.714095115661621,True,2
4s1b__1__1.A__1.C_1.D_1.E,c4417,0.1729464152421241,0.07644628099173553,0.1254916056267175,0.11924451656009247,0.29986626131345384,0.32037903925615097,111,1452,0.17294641524212406,0.05866807610993657,2.8006174564361572,True,2
6s4h__1__2.A__2.B,c33,0.40598662940637775,0.1414141414141414,0.3300729603015146,0.3157201790253986,0.5580780384346032,0.515105594928104,84,594,0.4059866294063779,0.08300395256916997,2.5972657203674316,True,2
3s23__1__1.A_2.A__2.D,c161,0.2997025116972079,0.1375,0.2853378182490025,0.2758185923695895,0.4572943561587621,0.5614296062098261,55,400,0.29970251169720785,0.09821428571428571,2.7162115573883057,True,2
3rpn__1__1.A_1.D__1.G,c1556,0.2351852576117848,0.11538461538461539,0.22542907435750587,0.21865801422143077,0.38001941396854044,0.49943748325328746,93,806,0.2351818221773398,0.07153846153846154,2.627162456512451,True,2
4s1b__3__1.A__1.C_1.D_1.E,c4417,0.17388978276643133,0.07644628099173553,0.1253533992385111,0.11411172968401848,0.29622881538305124,0.2891475832337,111,1452,0.17388978276643133,0.060064935064935064,2.8176498413085938,True,2
4s1b__2__1.B__1.F_1.G_1.H,c4417,0.16119764195117986,0.07419786096256685,0.12980903046544195,0.11425713540708063,0.2781741226941586,0.3051254873360189,111,1496,0.16119764195117986,0.048513986013986016,2.832641839981079,True,2
6r0h__1__1.A__1.B,c33,0.30848037279252855,0.12544802867383512,0.24933811971714612,0.24042773892210598,0.43077294715838665,0.4469622294059747,105,837,0.30848037279252855,0.0720164609053498,2.8099517822265625,True,2
3rpn__2__1.B_1.E__1.H,c1556,0.22262798123117616,0.1141439205955335,0.2052288361808138,0.20111370851320415,0.351996859992252,0.47177093717733354,92,806,0.22262798123117616,0.0693815987933635,2.6288299560546875,True,2
3rpn__1__1.A_1.D__1.J,c1556,0.3396210273641453,0.11778846153846154,0.27259806484359306,0.2546867181152896,0.45482655600146377,0.4724450337951567,98,832,0.33959608725936574,0.07111756168359942,2.624087333679199,True,2
4s1b__3__2.B__2.F_2.G_2.H,c4417,0.1684407839825672,0.07419786096256685,0.1297637698938656,0.11911079842892484,0.2693675702092884,0.28917042439423707,111,1496,0.1684407839825672,0.05367504835589942,2.8179843425750732,True,2
3rpn__2__1.B_1.E__1.K,c1556,0.3412612472121018,0.10839160839160839,0.265876884806188,0.26141970998454184,0.4622348249278639,0.5059272052849549,93,858,0.3412612472121018,0.07299843014128729,2.590153694152832,True,2
6r0h__1__2.A__2.B,c33,0.3061065640892427,0.12544802867383512,0.24933811971714612,0.24862592377699175,0.4227014832423724,0.4438558320375197,105,837,0.30610656408924275,0.09259259259259259,2.8065075874328613,True,2
1syi__1__1.A__1.C,c7,0.5165622554437204,0.1969309462915601,0.5375335368727152,0.49741365878512,0.5978577081167684,0.4721250369093507,77,391,0.5165622554437204,0.14154411764705882,3.0492568016052246,True,2
3rpn__3__1.C_1.F__1.L,c1556,0.27590718504042583,0.1021978021978022,0.2398079675061641,0.22463214003154636,0.4194722849032464,0.4632879658106808,93,910,0.27590718504042583,0.06623931623931624,2.6155612468719482,True,2
3rpn__3__1.C_1.F__1.I,c1556,0.23371787263583366,0.11177884615384616,0.21437843386804442,0.19062726611826739,0.35805444518196083,0.4593135254360158,93,832,0.23371787263583366,0.06878698224852071,2.638916492462158,True,2
1syi__1__1.B__1.D,c7,0.5566246247985589,0.19437340153452684,0.49952767874797405,0.4553257499115583,0.6062221802945063,0.4497295394745036,76,391,0.5566246247985589,0.11176470588235295,3.1518867015838623,True,2
5ted__1__1.B__1.C,c13035,0.16808081801758967,0.07974481658692185,0.1774269005847953,0.17870302285188217,0.5262400793650794,0.25179319037620257,50,627,0.16184476207656245,0.03813882532418002,14.25448226928711,False,2
1tmn__1__1.A__1.B_1.G,c218,0.3816540077786238,0.09942857142857142,0.2617360456691543,0.2125475181082977,0.601024272024272,0.4632039583320199,87,875,0.3816540077786238,0.062142857142857146,2.654736042022705,True,2
5t6c__1__1.A__1.C,c118,0.18215809996447435,0.09869203329369798,0.1652280680215715,0.15713237591136245,0.3106637669285853,0.27998486932911987,83,841,0.18215809996447435,0.07338638373121131,2.6452558040618896,True,2
2tmn__1__1.A__1.F_1.G,c218,0.478412146269381,0.2076923076923077,0.3867438117438117,0.3372247745626558,0.5333707382521725,0.503653275736609,54,260,0.478412146269381,0.0989010989010989,3.0419695377349854,True,2
1tlp__1__1.A__1.B_1.G,c218,0.3302465333527827,0.11045828437132785,0.3135033922197976,0.3121913758646044,0.5822839597425994,0.313023348681462,94,851,0.33024653335278265,0.05645645645645646,2.631652355194092,True,2
3pnl__1__1.A_1.B__1.D_1.E_1.F,c1033,0.284948448645149,0.0920920920920921,0.14605270156850672,0.13130028040209746,0.371984978182158,0.4636558401024023,92,999,0.28339461498321866,0.06084656084656084,2.5580780506134033,True,2
5tb8__1__1.A__1.E_1.I_1.J,c31,0.41624683435838417,0.09259259259259259,0.20168405668405667,0.16722517310908577,0.6671409163935479,0.4434206027466897,60,648,0.4158121715930808,0.06349206349206349,2.478351593017578,True,2
5t48__1__1.A__1.C,c326,0.5969479463944832,0.10795454545454546,0.30441402474895296,0.2509599098517345,0.7090585854474741,0.4903823792409552,57,528,0.5969479463944833,0.045454545454545456,2.6110968589782715,True,2
4tnp__1__1.B__1.J,c159,0.34984700644798744,0.11950549450549451,0.266162501224802,0.1873895281331826,0.49403624814339103,0.4148755127208408,87,728,0.34984700644798744,0.07225913621262459,2.3500990867614746,True,2
4tnp__1__1.A__1.E,c159,0.35512429457968914,0.11126373626373626,0.2713481517448133,0.21987396464753267,0.503383579053222,0.4209603704801385,81,728,0.3551242945796892,0.06887755102040816,2.3882782459259033,True,2
1tt1__1__1.B__1.D,c7,0.5467408180324791,0.15454545454545454,0.4710896890263126,0.4505731966447291,0.6392053306170953,0.4410791551607879,51,330,0.5467408180324791,0.09444444444444444,2.74918794631958,True,2
1tt1__1__1.A__1.C,c7,0.5352473070518379,0.15757575757575756,0.4644196856348559,0.46799585942511335,0.6148148855501797,0.4337226071987976,52,330,0.5352473070518378,0.10196078431372549,2.803276777267456,True,2
3pnl__1__2.A_2.B__2.D_2.E_2.F,c1033,0.2761671795739805,0.0920920920920921,0.14605270156850672,0.11855591345898735,0.3743210703498694,0.4661555337525249,92,999,0.2744477157219136,0.056790123456790124,2.565061330795288,True,2
3tvq__1__1.A__1.B,c5720,0.4043839533812429,0.1471861471861472,0.3809058588470353,0.4241190855988378,0.5351176180721635,0.41317960151129934,68,462,0.40438395338124294,0.08585858585858586,2.4542689323425293,True,2
4rpn__2__1.D__1.K,c1738,0.26003548520248787,0.17045454545454544,0.288147442027516,0.2531796089464042,0.36026902753904083,0.39208090954184704,45,264,0.2600354852024879,0.11363636363636363,2.7400596141815186,True,2
1txz__1__1.A_2.A__1.D_1.E_1.F,c3228,0.3291082490446072,0.10435435435435435,0.1872649821937274,0.19757133100803742,0.4532697265501905,0.4632342180319662,139,1332,0.32907029854507014,0.07879818594104308,3.0380361080169678,True,2
1txz__1__1.A_2.A__2.D_2.E_2.F,c12080,0.32986523820009167,0.10435435435435435,0.1871000314950102,0.19252141929714223,0.46564654760699004,0.4645925281751556,139,1332,0.32986523820009167,0.07150205761316872,3.034738063812256,True,2
4tnp__1__1.C__1.P,c159,0.34590081227924996,0.10846560846560846,0.25783787447550516,0.22865200615288508,0.5201649835342063,0.3994464647696072,82,756,0.3459008122792499,0.06972789115646258,2.346248149871826,True,2
4tnp__1__1.D__1.R,c159,0.37100931564323225,0.11263736263736264,0.2782187201163938,0.2505344636445299,0.5146844787939713,0.390976332831451,82,728,0.3710093156432323,0.0836734693877551,2.3761582374572754,True,2
5t5u__1__1.A__1.C,c118,0.20993663405787488,0.12,0.23864552777542708,0.22901653935768773,0.38801215334305433,0.37171068004631524,81,675,0.20993663405787488,0.06521739130434782,2.7289512157440186,True,2
3qv2__1__1.A__1.B,c272,0.43303829302218994,0.13532763532763534,0.284214044805116,0.2585820198934647,0.5811075210261749,0.5427826219830781,95,702,0.4328579487319568,0.1014957264957265,3.021085739135742,True,2
4tqc__1__1.A__1.C,c326,0.6734400773653791,0.1206896551724138,0.3662307959457854,0.34614917841274384,0.760006901311249,0.6354902965425595,49,406,0.6734400773653793,0.045666356011183594,2.531480312347412,True,2
4to0__1__1.A__1.E,c159,0.3520398886579555,0.11263736263736264,0.2686877703865284,0.22561112809881562,0.5335115281543853,0.41328603777637263,82,728,0.35203988865795544,0.07509157509157509,2.337665319442749,True,2
4tnz__1__1.C__1.Q_1.R,c159,0.33959791824797325,0.1111111111111111,0.295628896464368,0.23340767035348212,0.5084960011253115,0.39171645277241307,87,783,0.33959791824797325,0.07894736842105263,2.313955545425415,True,2
4tnz__1__1.B__1.L_1.M,c159,0.36693020038619173,0.10467980295566502,0.28159279699340556,0.2325485445946848,0.550604266764981,0.42182272035905793,85,812,0.36693020038619173,0.059817030260380016,2.348834276199341,True,2
1t3q__1__1.A_1.B__1.N_1.O_1.P,c234,0.31080537405498687,0.0904040404040404,0.18625722301457664,0.1588023508141672,0.42017277432968547,0.3998530921637017,179,1980,0.3107285194985411,0.0656158357771261,3.129417657852173,True,2
3pnl__2__1.A_1.B__1.D_1.E_1.F,c1033,0.2960046143849405,0.0920920920920921,0.14538588260750823,0.1222518701051182,0.3820110492022377,0.4663174770425318,92,999,0.2944436639335399,0.05977907732293697,2.58894681930542,True,2
4tqc__2__1.B__1.E,c326,0.6323716820979445,0.1206896551724138,0.3613703912789064,0.3288925007059801,0.7157608695652173,0.6103660782460723,49,406,0.6314641934422156,0.06257982120051085,2.5778610706329346,True,2
3tpt__1__1.A__1.C_1.D,c2488,0.45040332284215,0.10217113665389528,0.20158615666199733,0.16234637628356602,0.5933479175145842,0.621125277645447,80,783,0.45040332284215,0.0644122383252818,2.681779146194458,True,2
4to0__1__1.B__1.J,c159,0.346091653881254,0.10714285714285714,0.2614005289577492,0.19754493909653711,0.4921982779125636,0.4222456395933612,78,728,0.346091653881254,0.07959183673469387,2.3362011909484863,True,2
6pnz__1__1.A_1.B__1.D,c103,0.4054856146623866,0.15833333333333333,0.31421773663979047,0.29325815183974735,0.5142559576594903,0.5465325689327789,76,480,0.4054856146623866,0.09693877551020408,2.7291958332061768,True,2
6tx0__1__1.A__1.C_1.D_1.E_1.G,c159,0.34555051521266056,0.09090909090909091,0.26538834550891655,0.2037230353329497,0.5196197540917429,0.44054586316607064,90,990,0.34550242498335326,0.07317073170731707,2.5121283531188965,True,2
1ua4__1__1.A__1.D,c1264,0.48643173930007944,0.09881422924901186,0.30323217641504085,0.2196485012607369,0.5809439564899587,0.6423128117098336,75,759,0.4864317393000794,0.06654835847382432,2.4332144260406494,True,2
3sbx__2__1.C_1.D__1.K,c2020,0.5422426639415591,0.1332398316970547,0.33751534170762515,0.29371977031625546,0.6324382783078434,0.6494643751055492,95,713,0.5422426639415591,0.09605662285136501,2.7842650413513184,True,2
3tpt__2__1.B__1.F_1.G_1.H,c2488,0.46970568233093135,0.1262002743484225,0.24458990067561392,0.17873002091624837,0.5475424060633612,0.6308215498051695,92,729,0.4696330199824843,0.0920920920920921,2.7702865600585938,True,2
4to0__1__1.C__1.O,c159,0.33178998283105,0.11538461538461539,0.2600234605854453,0.22392539682958387,0.4889241198616198,0.3950212732058039,84,728,0.33178998283104993,0.07894736842105263,2.334350824356079,True,2
6pnz__1__1.A_1.C__1.F,c103,0.37710923532094665,0.15833333333333333,0.3062831273893917,0.31069003870888434,0.49969397658644554,0.5504064698917641,76,480,0.3771092353209467,0.11046511627906977,2.741774082183838,True,2
6tx0__1__1.B__1.K_1.L_1.M_1.O,c159,0.32253401242908875,0.0898989898989899,0.26941398881195355,0.17859990148721794,0.528303154906096,0.44061317732478217,89,990,0.3225340124290887,0.06899224806201551,2.500300407409668,True,2
6tx0__1__2.A__2.C_2.D_2.E_2.G,c159,0.3536620994606755,0.09090909090909091,0.26513084851165347,0.1837254115140808,0.534411120133109,0.438492144648689,90,990,0.3536620994606755,0.06976744186046512,2.487492561340332,True,2
3rtf__1__1.B__1.G,c7,0.5755970666267322,0.20634920634920634,0.5002606360589212,0.48988019823577506,0.6319076537497589,0.4794307612322317,65,315,0.5747366003469889,0.12380952380952381,3.3701424598693848,True,2
3sbx__2__1.C_1.D__1.L,c2020,0.48984873779272037,0.1332398316970547,0.2838341304690278,0.21009888099778012,0.5631574317756846,0.6269451800484225,95,713,0.48984873779272037,0.07246376811594203,2.824882745742798,True,2
3u92__1__1.A__1.C,c7,0.5151786667222839,0.16507936507936508,0.44310650887573966,0.433396023537556,0.612852785558668,0.43815695700311075,52,315,0.5151786667222839,0.0962962962962963,2.9630422592163086,True,2
4tus__1__1.A__1.E_1.F_1.I,c31,0.4963657138895932,0.10403726708074534,0.22766927333193748,0.2076491150425598,0.7042942390942392,0.528143847481149,67,644,0.49636571388959333,0.06646825396825397,2.477832078933716,True,2
1t3q__1__1.D_1.E__1.AA_1.BA,c234,0.2957008451794563,0.08686868686868687,0.1633593535759073,0.14012294381459242,0.3805372526148167,0.41850605996440926,172,1980,0.2957008451794562,0.06204906204906205,3.1527037620544434,True,2
3ufm__1__1.A__1.B,c14616,0.19745040962322255,0.08027210884353742,0.13707506937032643,0.14420020403254044,0.28828461882033307,0.32119162104562393,59,735,0.19745040962322258,0.04816326530612245,3.043041467666626,True,2
6sqz__1__1.A_1.B_2.A__1.C_1.D_1.E,c1396,0.40348341109993935,0.125,0.2879543371627705,0.22891880670930975,0.5598689802261231,0.4957894776893521,84,672,0.40348341109993924,0.07317073170731707,2.5316426753997803,True,2
6txf__1__1.A__1.C_1.D_1.E_1.G,c159,0.3633371321294892,0.1,0.2598717231865531,0.21578781267913646,0.5313260887623633,0.45764137294075924,99,990,0.3633371321294892,0.06875,2.5200252532958984,True,2
6tx0__1__2.B__2.K_2.L_2.M_2.O,c159,0.32246150818052616,0.0898989898989899,0.26706498815165086,0.18774632405133915,0.5271378273402083,0.4540189782665544,89,990,0.32246150818052616,0.05393939393939394,2.5101048946380615,True,2
4u21__1__1.A_1.B__1.E,c7,0.1711762284713718,0.09027777777777778,0.19373591842537036,0.1897718990912834,0.2912321889721323,0.3143391906195907,104,1152,0.17117622847137176,0.05701754385964912,2.985710620880127,True,2
3t96__1__1.A__1.D,c7,0.6038868157407861,0.19420289855072465,0.5326710493266729,0.5176984481979395,0.6860582733543258,0.5333846781112406,67,345,0.6038868157407862,0.14408602150537633,3.1398890018463135,True,2
4u21__1__1.A__1.C,c7,0.5617777030353601,0.21587301587301588,0.5486708566487978,0.4984457139434556,0.640939929818081,0.541489528989529,68,315,0.56177770303536,0.1295238095238095,3.375584840774536,True,2
4u21__1__1.B__1.D,c7,0.5450964867482981,0.20606060606060606,0.497144996887644,0.4922193997992639,0.6284130338745185,0.5455648518148518,68,330,0.5450964867482982,0.10793650793650794,3.2882823944091797,True,2
4to0__1__1.D__1.R,c159,0.3610364178642803,0.11263736263736264,0.2656922143979154,0.24678093225191997,0.5180822451358166,0.42306344103627996,82,728,0.3610364178642803,0.08134920634920635,2.333554983139038,True,2
6thj__10__1.J__1.DA,c2174,0.4702373289787735,0.19047619047619047,0.4141877289377289,0.41885783904805846,0.7054634353741495,0.5447555222555222,40,210,0.46717167275588556,0.12121212121212122,2.5886549949645996,True,2
3tsu__1__1.A__1.G,c1652,0.48085610571643067,0.0989247311827957,0.19022880573186418,0.15299152270288902,0.5792738602947722,0.4409134826692005,92,930,0.4808456187873391,0.058191018342821,2.947589159011841,True,2
6thj__11__1.K__1.FA,c2174,0.30339553847495143,0.16444444444444445,0.30201630201630203,0.30578979431011144,0.5443223443223443,0.46141249323067496,37,225,0.22391878345479438,0.11212121212121212,2.6031553745269775,True,2
6sqz__1__1.A_2.A_2.B__2.C_2.D_2.E,c1396,0.42016737586239855,0.125,0.28693834635086135,0.23808792543867874,0.5743239994132852,0.4845534126131628,84,672,0.4201673758623986,0.07692307692307693,2.495741605758667,True,2
6sbt__1__1.A__1.B_1.D,c7,0.30120202042884486,0.09682539682539683,0.23615756511248312,0.2335703983974376,0.4441922119060277,0.42363947035385585,61,630,0.30120202042884486,0.054954954954954956,2.5544075965881348,True,2
6pnz__1__1.B_1.C__1.E,c103,0.3735130246762883,0.16458333333333333,0.3069879196419836,0.2904215493287436,0.48623972254309983,0.5596974601806535,79,480,0.3735130246762883,0.09143518518518519,2.7427666187286377,True,2
6s22__1__1.A_1.B__1.R_1.S,c186,0.3698990064483164,0.10615384615384615,0.20355261062354885,0.1514277942023426,0.5041571589109952,0.5303123668789786,69,650,0.3698990064483164,0.07076923076923076,2.3996548652648926,True,2
6txf__1__1.B__1.K_1.L_1.M_1.O,c159,0.3566777217916756,0.09895833333333333,0.2578029012641201,0.19906381435722895,0.5292133796020351,0.41190601981125036,95,960,0.3566777217916756,0.07539682539682539,2.573124647140503,True,2
6txf__1__2.A__2.C_2.D_2.E_2.G,c159,0.35640912629114413,0.1,0.2598717231865531,0.21440728469530296,0.5306432237878316,0.45820360721073056,99,990,0.3564091262911442,0.07173913043478261,2.5382556915283203,True,2
4u22__1__1.A__1.B,c7,0.5524951248241766,0.21587301587301588,0.5209991706948089,0.5043960361747323,0.6364448151055293,0.5020752939870586,68,315,0.5524951248241766,0.14623655913978495,3.3786659240722656,True,2
6thj__1__1.A__1.M,c2174,0.5207501022886558,0.18666666666666668,0.4470068027210884,0.4471492060289606,0.6954365079365079,0.5170409193980623,42,225,0.5207501022886558,0.12727272727272726,2.578436851501465,True,2
6thj__2__1.B__1.O,c2174,0.5066860451636477,0.20476190476190476,0.4605807241853754,0.4542916426304992,0.7132870370370371,0.541156509385676,43,210,0.5066860451636477,0.09247311827956989,2.687089681625366,True,2
6thj__3__1.C__1.P,c2174,0.40016790725068074,0.18666666666666668,0.37702191987906275,0.40974534298420756,0.5787726757369615,0.4876052735143644,42,225,0.4001679072506807,0.1037037037037037,2.609313726425171,True,2
6thj__4__1.D__1.R,c2174,0.45588011743380047,0.18571428571428572,0.3806783340116674,0.42398137611849795,0.6561675427746856,0.5553447319875892,39,210,0.4558801174338004,0.08666666666666667,2.660376787185669,True,2
6sbt__1__2.A__2.B_2.D,c7,0.3050895785018406,0.09682539682539683,0.23615756511248312,0.21449781433053078,0.44374360775676563,0.4350740068519704,61,630,0.3050895785018406,0.07011494252873564,2.5532867908477783,True,2
6txf__1__2.B__2.K_2.L_2.M_2.O,c159,0.3672183299195232,0.09895833333333333,0.2578029012641201,0.20213949904055467,0.5302353995211139,0.4187688413149192,95,960,0.3672153105958517,0.05654761904761905,2.5440988540649414,True,2
3t96__1__1.B__1.G,c7,0.5628640732239936,0.19420289855072465,0.5251734936141548,0.522381184423254,0.6686430017351069,0.5271974524318274,67,345,0.5628640732239935,0.11452991452991453,3.2050275802612305,True,2
4u23__1__1.A__1.B,c7,0.5532651082775194,0.21587301587301588,0.5048951443436737,0.5100143692753718,0.6173454998433621,0.5161316284478048,68,315,0.2664093755468841,0.13333333333333333,3.4073033332824707,True,2
4to2__1__1.A__1.E_1.F,c159,0.31279932831695106,0.09788654060066741,0.24272377183406768,0.16892245103205714,0.4821350450975688,0.40310462958391224,88,899,0.312799328316951,0.06758832565284179,2.538740396499634,True,2
3t2e__1__1.A_4.A__1.D,c2190,0.45095335572113837,0.13942307692307693,0.3771562774193353,0.3797211458603459,0.6132307015900766,0.5728588257924992,58,416,0.4509533557211384,0.09797297297297297,2.512268543243408,True,2
3u92__1__1.B__1.H,c7,0.5586409794876117,0.1606060606060606,0.4820044106836559,0.46295181444293626,0.662722863556197,0.4596242890198933,53,330,0.5586409794876118,0.08617886178861789,2.8117804527282715,True,2
5tva__2__1.B__1.E,c1867,0.3561372944125578,0.13636363636363635,0.2630172251238636,0.23958476703938736,0.5116070452707281,0.5687303788694051,69,506,0.3561372944125578,0.09375,2.3715789318084717,True,2
6thj__5__1.E__1.T,c2174,0.47842040528619867,0.2,0.4294630501773359,0.4772773904909279,0.6970875850340137,0.5221184047434048,42,210,0.47842040528619867,0.112,2.738055944442749,True,2
6uf0__1__1.A__1.C,c315,0.21205508853701915,0.07703488372093023,0.1469723060230153,0.15678415618050803,0.35195176189359334,0.27276826564800827,106,1376,0.21205508853701918,0.056025369978858354,2.5755434036254883,True,2
6s2g__1__1.A__1.I_1.P,c804,0.30421895838717755,0.08658008658008658,0.2956822568651774,0.2912385996002363,0.5750663699520057,0.44787742662506885,60,693,0.30421895838717755,0.04040404040404041,2.382633686065674,True,2
3t96__2__1.C__1.J,c7,0.6239551274580737,0.19696969696969696,0.5263913887352801,0.5317439044010546,0.6708154467364992,0.5522928953762288,65,330,0.6239427726273347,0.12037037037037036,3.2338926792144775,True,2
1uqu__1__1.A__1.C,c119,0.3009029454261695,0.0763888888888889,0.13869882662559474,0.124012803882832,0.46946122498025183,0.46980624309266505,99,1296,0.3009029454261695,0.05612244897959184,2.881726026535034,True,2
6thj__7__1.G__1.X,c2174,0.5551975114660344,0.20476190476190476,0.49144899889085936,0.5000590041802684,0.7254746272246272,0.5176402981774882,43,210,0.18045243912629919,0.10238095238095238,2.7051854133605957,True,2
6thj__6__1.F__1.V,c2174,0.42251953884605514,0.17777777777777778,0.377531746031746,0.38788283489112113,0.6550056689342405,0.5058583916083916,40,225,0.4225195388460552,0.09195402298850575,2.613619804382324,True,2
6s2g__1__2.A__2.I_2.P,c804,0.3055245999350515,0.08658008658008658,0.2939636822299361,0.2818473978523726,0.5759468591945638,0.4148706287802746,60,693,0.3055245999350515,0.042283298097251586,2.387866258621216,True,2
3t96__2__2.C__2.J,c7,0.627960970546795,0.19696969696969696,0.5263913887352801,0.49760400752865425,0.6709848606559132,0.5598603741937075,65,330,0.6279609705467951,0.12380952380952381,3.217991590499878,True,2
4rt2__1__1.A__1.E_1.F_1.J,c31,0.3675719412130374,0.10944527736131934,0.23109890817732104,0.22657880980125364,0.6868984488382247,0.4235036227580087,73,667,0.3675719412130373,0.07403651115618662,2.415377378463745,True,2
3t9h__1__1.A__1.D,c7,0.5523949456935527,0.15833333333333333,0.4412945501541992,0.4374459345218522,0.6531709615920142,0.43686407115536574,57,360,0.5523949456935527,0.095,2.912121295928955,True,2
6thj__9__1.I__1.BA,c2174,0.48000538355373684,0.18095238095238095,0.4331140350877193,0.4331570410810567,0.6569698819698819,0.5294641640937937,38,210,0.4800053835537368,0.08735632183908046,2.5317883491516113,True,2
6thj__8__1.H__1.Z,c2174,0.5596240143279367,0.19523809523809524,0.47044504276211596,0.4661319181968014,0.7303429705215418,0.538253119895977,41,210,0.5588846943440618,0.13666666666666666,2.6580429077148438,True,2
4to2__1__1.B__1.K_1.L,c159,0.3201264886253605,0.08971774193548387,0.25876877722006375,0.16846780256915544,0.5115028334440777,0.372570796012596,89,992,0.3201264886253605,0.05859117840684661,2.5172343254089355,True,2
5tvg__3__1.A__1.I_1.L,c119,0.5242790433820872,0.096,0.1820511702468224,0.14982997084328986,0.5590277777777778,0.6886733742448029,60,625,0.5242790433820872,0.06153846153846154,2.2975499629974365,True,2
5tvg__1__1.A__1.I_1.L,c119,0.47305279348127566,0.096,0.17595205905205905,0.16353432907574747,0.5489177489177489,0.6262669018224574,60,625,0.47305279348127566,0.06315789473684211,2.319424629211426,True,2
3t2e__1__5.A_8.A__5.D,c2190,0.45721043573751846,0.13942307692307693,0.37515504589224163,0.3975247657473962,0.6117864427239427,0.5513392012371604,58,416,0.4572104357375184,0.090625,2.4972684383392334,True,2
6rbj__1__1.A__1.D_1.E_1.F,c2537,0.5523097226927307,0.1840277777777778,0.5741237339704321,0.5710538398727546,0.7308119311244311,0.4581293622433732,53,288,0.5523097226927307,0.08952702702702703,2.6729536056518555,True,2
3t9h__1__1.B__1.G,c7,0.5560681048549796,0.1638888888888889,0.4601877556364097,0.4497000559601478,0.626532967032967,0.44887073285510787,59,360,0.5514831944958892,0.1191919191919192,2.9128987789154053,True,2
5tsx__1__1.A__1.S,c1996,0.44554563562311555,0.2088888888888889,0.3891556906450523,0.40725307353799317,0.6217427248677249,0.5295045106368907,47,225,0.44554563562311555,0.08545454545454545,2.592010974884033,True,2
6rbj__2__1.B__1.K_1.L,c2537,0.5521770849057213,0.19921875,0.5619580786860199,0.5651251216405007,0.7293402777777778,0.46305788940404324,51,256,0.5521770849057213,0.11383928571428571,2.727839231491089,True,2
3t9h__2__1.C__1.J,c7,0.591220666881349,0.17391304347826086,0.4809048789092648,0.45697933187496725,0.6686641464339386,0.4427255830589163,60,345,0.5912206668813491,0.10526315789473684,3.06752610206604,True,2
2uyc__1__1.A__1.D,c272,0.5155147335807221,0.1282051282051282,0.2941750787928157,0.28547816544076654,0.6086577102938011,0.6123313104212136,100,780,0.5155147335807221,0.08944543828264759,3.0068271160125732,True,2
4rt3__1__1.A__1.E_1.F_1.L,c31,0.38138930678184013,0.11394302848575712,0.2469472740911035,0.2187679848715997,0.7089604145854145,0.4680557864963407,76,667,0.38138930678184013,0.06551724137931035,2.4693245887756348,True,2
4to2__1__1.C__1.R_1.S,c159,0.3180934071148721,0.11803713527851459,0.27636787208658575,0.21728686836912653,0.5107347200327496,0.39126278828358946,89,754,0.3180934071148721,0.07485281749369217,2.3418450355529785,True,2
5u2r__1__1.A__1.E_1.F_1.G,c31,0.33185319972484184,0.10093167701863354,0.16328737717069974,0.15705456114996624,0.5280884353741496,0.43732963558626636,65,644,0.3318531997248418,0.0663265306122449,2.5504026412963867,True,2
5u2t__1__1.A__1.E_1.F_1.M,c31,0.3776320095916662,0.10150375939849623,0.1241560798108417,0.1342101737549277,0.5886507936507936,0.3697484802761387,54,532,0.3776320095916662,0.05672268907563025,2.364652395248413,True,2
5tsx__1__1.H__1.V,c1996,0.46848603328875144,0.19555555555555557,0.42587950937950936,0.4518698972566429,0.7108225108225108,0.4875813553578508,44,225,0.46848603328875144,0.060689655172413794,2.629798173904419,True,2
4to2__1__1.D__1.V_1.W,c159,0.31508698817697744,0.0989247311827957,0.26640565080764017,0.19460396668800256,0.5141372946401409,0.4092426873187135,92,930,0.31508698817697744,0.0690172543135784,2.5051348209381104,True,2
3t9h__2__2.C__2.J,c7,0.5846618699011389,0.17391304347826086,0.47959623693395614,0.5155673177786039,0.6660338235977332,0.49892560371727035,60,345,0.5846618699011389,0.09523809523809523,2.978593111038208,True,2
5tsx__2__1.B__1.T,c1996,0.4379126021688987,0.20444444444444446,0.38825879917184264,0.4242158743126766,0.6230331262939959,0.5063763204823997,46,225,0.4379126021688987,0.06814814814814815,2.633695125579834,True,2
5vez__1__1.D__1.F_1.I,c31,0.42625857567916137,0.10714285714285714,0.23457620798629572,0.2456723115159912,0.6931267806267807,0.4517577300445266,72,672,0.4262585756791613,0.06766917293233082,2.458721399307251,True,2
4ut5__1__1.A_1.B__1.F_1.K_1.L,c266,0.2338756543930274,0.0851063829787234,0.1784844671064751,0.19850991121584854,0.6643503057788772,0.19496804091672953,64,752,0.23387565439302743,0.0486322188449848,2.6684603691101074,True,2
4to3__1__1.A__1.E_1.F,c159,0.33402010918137226,0.10714285714285714,0.2874114544088089,0.21146388126505783,0.5008128676878676,0.4185783191619335,81,756,0.33402010918137226,0.06574675324675325,2.3207662105560303,True,2
5tsx__2__1.G__1.U,c1996,0.45218102352738276,0.19555555555555557,0.39969119769119765,0.39866740161819914,0.6830627705627706,0.498388922783305,44,225,0.45218102352738276,0.0838095238095238,2.566725730895996,True,2
4to3__1__1.B__1.K_1.L,c159,0.3879272788915011,0.10586734693877552,0.3090053142890543,0.2079838854190199,0.559605833893898,0.3974379080336514,83,784,0.3879272788915011,0.06444099378881987,2.333728790283203,True,2
5umx__1__1.A_1.B__1.D,c2018,0.5586877068059444,0.12962962962962962,0.48155036550098274,0.4675441392906488,0.6789623570873572,0.43993272202201134,63,486,0.5586877068059444,0.05982905982905983,2.504312753677368,True,2
5ujj__1__1.A__1.C_1.D_1.E,c121,0.2335725029257584,0.10117810117810118,0.22190387190093275,0.1916930982272686,0.38630915492499324,0.34019135137176987,146,1443,0.23357250292575843,0.07891891891891892,2.924530267715454,True,2
2v8y__1__1.A__1.E,c326,0.5489953401135175,0.11284722222222222,0.43837799820371937,0.3372599755572756,0.7168386012136011,0.4042430104399742,65,576,0.5489953401135175,0.0634765625,2.2337520122528076,True,2
4v3c__1__1.A__1.B,c1327,0.44871710577956264,0.13464696223316913,0.34535608377044824,0.3175747035122687,0.540735378067311,0.5390303720008273,82,609,0.4487171057795626,0.08488612836438923,2.499798536300659,True,2
4to3__1__1.C__1.R_1.S,c159,0.3391990306186261,0.10331632653061225,0.2646405433268424,0.22311450735564567,0.49720681812518547,0.3989578423733557,81,784,0.33919903061862605,0.06887755102040816,2.345696210861206,True,2
5ujj__1__1.B__1.F_1.G,c121,0.21927416578829936,0.10384068278805121,0.22095210149988784,0.17745485585000026,0.3724922589671854,0.3494593109529141,146,1406,0.2192741657882994,0.08052950910093767,2.9756855964660645,True,2
1vso__1__1.A__1.B_1.C,c7,0.3062936322186297,0.12380952380952381,0.2911784288157914,0.2782034383783271,0.4893324175824175,0.3121416226546487,52,420,0.3062112722306093,0.06878306878306878,2.537710428237915,True,2
2v8y__2__1.C__1.F,c326,0.6281322120416849,0.10661764705882353,0.40779973438917405,0.34604553558359485,0.7552333333333334,0.633012407810334,58,544,0.5904596055762023,0.06041666666666667,2.2415695190429688,True,2
2vuc__1__1.A_1.B__1.I_1.K_1.L,c266,0.34424117029445367,0.16,0.33581707509184894,0.3075737163959658,0.50674845987346,0.6380542995903087,64,400,0.34424117029445367,0.08648648648648649,2.6099331378936768,True,2
3vy2__1__1.A_1.B__1.C,c1089,0.511331380460794,0.11790878754171301,0.2803712153425861,0.29504327109502937,0.6516949399439661,0.5770171167065142,106,899,0.511331380460794,0.07598566308243727,2.6184802055358887,True,2
1vso__1__2.A__2.B_2.C,c7,0.30526655705429256,0.12380952380952381,0.2911784288157914,0.2953796664313411,0.4821280016280016,0.31695922362524526,52,420,0.30526655705429256,0.07503607503607504,2.5295660495758057,True,2
3vy2__1__1.A_1.B__1.D,c1089,0.5278059105562429,0.11902113459399333,0.3264646018417401,0.28786494458625855,0.6719699191897832,0.6041756609934872,107,899,0.5278059105562429,0.07044107965766952,2.5848045349121094,True,2
4to3__1__1.D__1.V_1.W,c159,0.3633599951011473,0.10714285714285714,0.2988585170647469,0.21286808634040905,0.513722254927612,0.40915382337037876,84,784,0.3633599951011473,0.06976744186046512,2.353363037109375,True,2
2vuc__1__1.C_1.D__1.M_1.N_1.O,c266,0.42661757373776926,0.1625,0.3440119229061537,0.3373446462740321,0.599786530190942,0.5832263923822231,65,400,0.4266175737377692,0.08552631578947369,2.5703885555267334,True,2
3vy5__1__1.A_1.B__1.C,c1089,0.5367493860001177,0.11457174638487208,0.29346385725256185,0.31914380179067964,0.6724898707133052,0.6006577191313751,103,899,0.5367493860001177,0.08103855232100708,2.5727932453155518,True,2
5vz0__1__1.A_1.B__1.H,c2559,0.09002225884229134,0.06643356643356643,0.09744096364162153,0.0903159607456955,0.238832408883686,0.18611118626582648,76,1144,0.09002225884229134,0.03838383838383838,8.411575317382812,True,2
5v13__1__1.A__1.D,c2129,0.31647307814517783,0.145748987854251,0.32294933691142136,0.30598962498539967,0.452301514458222,0.4335202620695765,72,494,0.3164730781451779,0.10526315789473684,2.8642172813415527,True,2
3vy5__1__1.A_1.B__1.D,c1089,0.5458791148593919,0.1167964404894327,0.34463962768855694,0.30286265370109494,0.6880082325433368,0.6344422779777078,105,899,0.5458791148593919,0.07876969242310577,2.562227964401245,True,2
5v0i__1__1.A__1.C,c121,0.32397723908396303,0.10782608695652174,0.24913258103426106,0.24167402544932926,0.48773587296112275,0.4024807471236331,62,575,0.32397723908396303,0.06911928651059086,2.594623565673828,True,2
4to4__1__1.A__1.E_1.F,c159,0.37186610914024243,0.11401098901098901,0.2783914825513995,0.22836777245731527,0.5439493030118029,0.4641927459459591,83,728,0.37186610914024243,0.06306990881458967,2.3575892448425293,True,2
1w8f__1__1.A_1.C__1.E_1.J_1.K,c266,0.12407919369945641,0.07133917396745933,0.12104040043569719,0.12441758601547023,0.47737364000521904,0.1843367575631744,57,799,0.12407919369945644,0.03912148249828414,2.7026803493499756,True,2
2w1a__1__1.C_2.C__2.O,c2741,0.36141080273861753,0.17045454545454544,0.27707016244240507,0.2911658409705454,0.43155708196100995,0.5043630173838507,60,352,0.36141080273861753,0.10416666666666667,2.7691280841827393,True,2
2vuc__1__1.C_1.D__1.P_1.Q_1.R,c266,0.3660915579123975,0.15789473684210525,0.3204662709438251,0.3416480416566361,0.5447483970278089,0.6044262762975947,60,380,0.3660915579123975,0.09090909090909091,2.6254661083221436,True,2
5v13__1__1.B__1.E,c2129,0.3313354312148747,0.14777327935222673,0.3190788873352858,0.30941931080972956,0.4570206194726053,0.4780200526384264,73,494,0.33133543121487463,0.09605263157894736,2.847437858581543,True,2
4to4__1__1.B__1.J_1.K,c159,0.3740205258938446,0.11428571428571428,0.2968598360051602,0.19801671440836136,0.5313981232686215,0.4217565650947955,80,700,0.3740205258938446,0.06968641114982578,2.400259494781494,True,2
5vz0__1__1.C_1.D__1.M,c2559,0.09116469951044812,0.07007575757575757,0.10267606744879473,0.10055007828403988,0.2282028014197132,0.18056966687908432,74,1056,0.09116469951044813,0.04312354312354312,4.459358215332031,True,2
2vud__1__1.A_1.B__1.I_1.J_1.K,c266,0.37672944979975737,0.15833333333333333,0.3762281380470235,0.38268147336657454,0.6015761918393497,0.4167706842763404,57,360,0.3767294497997574,0.075,2.8896028995513916,True,2
3wd7__1__1.B__1.L,c161,0.11581143104791702,0.06172839506172839,0.0905288305060416,0.0920034594309622,0.2628527855122955,0.2902088081302628,80,1296,0.11581143104791704,0.037037037037037035,3.4265220165252686,True,2
3wd7__1__1.A__1.C,c161,0.12198437802195564,0.06327160493827161,0.09472892417300907,0.09046943379269942,0.2742626453446872,0.2915977073330837,82,1296,0.12198437802195564,0.03796296296296296,3.383817434310913,True,2
5vyz__1__1.A_1.B__1.H,c2559,0.08589907281465542,0.07080419580419581,0.11642889407050629,0.11000563373229803,0.2483077555031336,0.18856218042461584,81,1144,0.08589907281465542,0.04090909090909091,5.037747859954834,True,2
2uz4__1__1.A__1.D,c272,0.5389149086686853,0.13333333333333333,0.3363474731260331,0.2700638446551854,0.6361314904131523,0.6226392196394238,104,780,0.5389096550226551,0.09523809523809523,2.954793691635132,True,2
4wh2__1__1.A__1.B_1.C_1.D_1.E_1.J,c1622,0.5960525982537563,0.10727969348659004,0.24349478726549117,0.17505404868338859,0.655425212345147,0.6456045887108312,84,783,0.5958987170272662,0.06763285024154589,2.681826114654541,True,2
5v13__1__1.C__1.F,c2129,0.34302685261549015,0.1437246963562753,0.31612516343775826,0.3008392710910808,0.47185397110979904,0.4679547111373657,71,494,0.3430268526154902,0.08492822966507177,2.838134765625,True,2
3wdk__1__1.A_1.B__1.G,c1768,0.3837483191256781,0.08875338753387534,0.20963697756581418,0.19010564942340263,0.4500534173834612,0.48669337233692955,131,1476,0.3837483191256781,0.06273946360153257,2.6832892894744873,True,2
5vyz__1__1.C_1.D__1.O,c2559,0.09469192894560245,0.0707070707070707,0.12672469469881617,0.11180281130281278,0.25964572276722137,0.19439912916343774,84,1188,0.09469192894560245,0.038181818181818185,6.4379563331604,True,2
2vud__1__1.C_1.D__1.M_1.N_1.O,c266,0.3898480374656842,0.1527777777777778,0.3454994929313111,0.37534937825774717,0.6304621304621305,0.4506452868660471,55,360,0.38984803746568414,0.08870967741935484,2.747192621231079,True,2
2w1a__1__1.D_2.D__2.P,c2741,0.3843928927431254,0.15885416666666666,0.27174168245769015,0.28851911938832814,0.4292315422365732,0.5237209549709549,61,384,0.3843928927431254,0.09077380952380952,2.7034595012664795,True,2
3wmv__1__1.A__1.D,c2356,0.3898245373942876,0.23809523809523808,0.412021164021164,0.4213632188268771,0.5735357004107003,0.35148441325389373,50,210,0.38974683731658744,0.1388888888888889,3.3490984439849854,True,2
3wdk__1__1.A__1.E,c1768,0.46032154908810247,0.08265582655826559,0.24108275214821842,0.19998172742522774,0.4810012160704455,0.5138003338528985,122,1476,0.46032154908810247,0.05555555555555555,2.6626522541046143,True,2
4to4__1__1.C__1.R_1.S,c159,0.3609689712815667,0.10449735449735449,0.2653245566911666,0.21564582186178277,0.5219951625755196,0.44130540447024574,79,756,0.36096897128156663,0.07424812030075188,2.396552324295044,True,2
5w27__1__1.A_1.B__1.D,c2018,0.4716853539600793,0.08783783783783784,0.3264952534899979,0.3259838538368387,0.49845122049035767,0.3277409672610451,91,1036,0.4716853539600793,0.0523289246693502,2.35801362991333,True,2
1wq3__1__1.A__1.B,c121,0.3796885635543814,0.16285714285714287,0.35508048412183746,0.29468614642381485,0.5547289303666855,0.5072841444270016,57,350,0.3796885635543814,0.11003861003861004,2.7876524925231934,True,2
1wq3__1__2.A__2.B,c121,0.3847220200314748,0.16285714285714287,0.36028329092238864,0.30914571921422346,0.5567680731966446,0.5008553968077777,57,350,0.38472202003147477,0.08850931677018634,2.78902530670166,True,2
2vud__1__1.C_1.D__1.P_1.Q_1.R,c266,0.40079329848668693,0.17058823529411765,0.3435182489923869,0.3533628675505634,0.5931154420628104,0.47482859815591155,58,340,0.40079329848668693,0.0935483870967742,2.787949562072754,True,2
3wmv__1__1.B__1.F,c2356,0.3552743711727811,0.2358974358974359,0.3816470244731115,0.40664553850926444,0.5327425779348857,0.3918874412624412,46,195,0.3552743711727811,0.09292929292929293,3.629775047302246,True,2
4u1o__1__1.A__1.B,c7,0.5594613926869586,0.2,0.4875340523673857,0.4604407732829726,0.6632893402893403,0.4308270885493108,60,300,0.5590142238683328,0.12121212121212122,3.0738422870635986,True,2
2w97__1__1.A_1.B__1.E,c326,0.6085363490667238,0.08242424242424243,0.27104830907830857,0.1951078782941173,0.7550162959645718,0.5989095762761545,68,825,0.6083789637963396,0.049062049062049064,2.251868486404419,True,2
3wdk__2__1.C_1.D__1.J,c1768,0.444966607739163,0.08875338753387534,0.2876773035500975,0.21129389664279158,0.5135339947286233,0.5170149187297637,131,1476,0.444966607739163,0.055134680134680134,2.678694725036621,True,2
4to4__1__1.D__1.V_1.W,c159,0.3403222727861288,0.10582010582010581,0.24235296449582164,0.185082247479436,0.5074737564023277,0.4343693571958411,80,756,0.3403222727861288,0.07722007722007722,2.374476671218872,True,2
6w2m__1__1.A__1.E_1.F_1.K,c31,0.40558773104218543,0.11525974025974026,0.2294574515022201,0.2129380161576279,0.6641865769976628,0.3475620865730802,71,616,0.40555626630788005,0.05512422360248447,2.540889263153076,True,2
2wky__1__1.A__1.E,c7,0.48464273801366836,0.16624040920716113,0.4831203677643306,0.4529745992480877,0.6189636747841082,0.4736825344658122,65,391,0.4846427380136684,0.08689839572192513,2.823664665222168,True,2
2wqy__2__1.F_1.G_1.H__1.JD,c270,0.39188349836916514,0.24166666666666667,0.31755652752419994,0.3267111332870324,0.5291830119285477,0.5482710675567819,58,240,0.39188349836916514,0.13425925925925927,2.9187850952148438,True,2
3wdk__2__1.C__1.H,c1768,0.4042717915662873,0.08465608465608465,0.2829108311751216,0.2082091936722276,0.4835996243792495,0.5334508441893986,128,1512,0.40427179156628723,0.06237816764132553,2.655796527862549,True,2
4to6__1__1.A__1.E,c159,0.3283027136880277,0.11671087533156499,0.3144243974931464,0.20351353341821016,0.49761083584359445,0.4285400250202098,88,754,0.32830271368802777,0.06456346294937637,2.3474535942077637,True,2
3vth__1__1.A__1.F_1.G,c1652,0.45795298102728227,0.10215053763440861,0.20554139647198016,0.18960398459604114,0.5496974038506297,0.5836138552775929,95,930,0.4579529810272823,0.06384408602150538,2.625119686126709,True,2
5u8c__1__1.A_1.B__1.E,c7,0.3303480152801907,0.1015531660692951,0.26445441831880717,0.2587921948878211,0.4068205840999959,0.3892973449664001,85,837,0.2129195873850569,0.06054131054131054,2.424922466278076,True,2
2wky__1__1.B__1.F,c7,0.47861098176646344,0.1483375959079284,0.42958722759164236,0.40252262766967295,0.5989164849800436,0.47248510721875586,58,391,0.4785852571909188,0.08978328173374613,2.814661741256714,True,2
4to6__1__1.B__1.I,c159,0.3659457239515567,0.11749680715197956,0.3106806070824062,0.252751204280554,0.5584051147185021,0.41059617140065535,92,783,0.3659457239515567,0.08812260536398467,2.301440954208374,True,2
5wo0__1__1.D__1.F_1.K_1.L,c31,0.37984585374056185,0.10144927536231885,0.18309897430529892,0.16598087372333617,0.5924015285126396,0.4529115549612748,70,690,0.37984585374056185,0.06481481481481481,2.4428727626800537,True,2
3vth__2__1.B__1.S_1.T,c1652,0.4806225693021898,0.10122358175750834,0.23780880291844148,0.19433526089103817,0.6108897718680001,0.5178338491659373,91,899,0.48062256930218983,0.059907834101382486,2.7082011699676514,True,2
3wy0__1__1.A__1.C,c161,0.15373875765252062,0.07407407407407407,0.10994364216521603,0.11110213012416333,0.2435731197530547,0.27059945262891694,96,1296,0.15373809289238602,0.04081632653061224,3.159479856491089,True,2
1wlk__2__1.C_1.D__1.G,c1089,0.5351391499238972,0.11827956989247312,0.2937657082634521,0.3067305176702549,0.6253423425005368,0.6479681499289021,110,930,0.5351391499238972,0.08654602675059009,2.630260467529297,True,2
1xdn__1__1.A__1.B_1.C,c4705,0.3681400512237036,0.10714285714285714,0.23095303347850038,0.19917280645272117,0.4922091220421974,0.4736079441590115,93,868,0.3681400512237035,0.075,2.6580934524536133,True,2
1wlk__1__1.A_1.B__1.E,c1089,0.5416255305311083,0.12235817575083426,0.29823468923693175,0.31949778941336643,0.6343022311781674,0.615791473051433,110,899,0.5416255305311081,0.07713884992987377,2.6038615703582764,True,2
1wlk__1__1.A_1.B__1.F,c1089,0.48662417111516315,0.12473118279569892,0.288588926027297,0.3253818842518218,0.6089628959586656,0.5821724624446328,116,930,0.4866241711151631,0.08134642356241234,2.6779544353485107,True,2
3wy0__1__1.B__1.D,c161,0.16364103588514262,0.06321839080459771,0.11195986017036344,0.10551320672984488,0.255419856758866,0.2506625367830366,88,1392,0.16364103588514262,0.03985507246376811,3.1139378547668457,True,2
1wlk__2__1.C_1.D__1.H,c1089,0.5662193382177919,0.11446409989594172,0.3466416346273673,0.29952270878730297,0.6758291302835894,0.6257113748931817,110,961,0.5662193382177918,0.08654602675059009,2.6128387451171875,True,2
4to6__1__1.C__1.O,c159,0.35216091965221186,0.09989594172736732,0.32445158362615667,0.1946666532513857,0.5087321907483197,0.41202386616446085,96,961,0.35216091965221186,0.05842970176506391,2.5453240871429443,True,2
4wbd__1__1.A__1.B,c6395,0.4018242635258998,0.12962962962962962,0.27086507456877823,0.23495316934249155,0.5911506937506936,0.47820634507729914,63,486,0.4018242635258998,0.0707070707070707,2.7885172367095947,True,2
4to6__1__1.D__1.S,c159,0.354062220798921,0.11621966794380588,0.3176680861978323,0.23009339882093424,0.5431334472405901,0.4185614547532124,91,783,0.35406222079892097,0.08045977011494253,2.2820496559143066,True,2
5x62__1__1.A__1.C,c3084,0.5098776587903453,0.15236686390532544,0.3534508172277915,0.33434070118100473,0.5969494322404242,0.4818115197126776,103,676,0.5098776587903452,0.09903846153846153,3.1834428310394287,True,2
4wbd__1__2.A__2.B,c6395,0.40227959617545894,0.12962962962962962,0.27206223132149054,0.21804800870265373,0.600436408036408,0.4806258100731583,63,486,0.40227959617545894,0.07777777777777778,2.7763726711273193,True,2
5x62__1__1.B__1.D,c3084,0.49100733407442027,0.15236686390532544,0.3368990192677698,0.29975300287326595,0.5783938067337389,0.4711386413750668,103,676,0.49100733407442027,0.08084772370486656,3.1670215129852295,True,2
3wxy__1__1.A__1.C,c161,0.1828126632518961,0.07211538461538461,0.11868938811518145,0.11601794912116167,0.2889913338752348,0.3447227627173218,90,1248,0.18281266325189607,0.0398936170212766,2.981600522994995,True,2
3wxy__1__1.B__1.D,c161,0.1753591917098669,0.07416666666666667,0.11442108840598247,0.11778568516889303,0.28290251415251416,0.3532870917898796,89,1200,0.17535919170986694,0.03784013605442177,3.0165657997131348,True,2
1xp8__1__1.A__1.B,c124,0.42567998657315304,0.12096774193548387,0.23124138003311745,0.17293175667673663,0.6006844673353212,0.6026333667524041,90,744,0.4251337605745434,0.06311360448807854,2.7775702476501465,True,2
4x7m__1__1.A__1.C,c119,0.4231584585434993,0.11666666666666667,0.1955537475129912,0.1791942948233122,0.4415265381514924,0.6089941241860698,70,600,0.4231584585434993,0.06363636363636363,2.4171206951141357,True,2
4x7m__2__1.B__1.D,c119,0.287752933500875,0.10190664036817883,0.1916832196668645,0.19756459074775828,0.40641132793637136,0.3903650416433462,155,1521,0.2877529335008749,0.07498790517658442,3.18039608001709,True,2
4xs9__1__1.A_1.B__1.C,c161,0.20959047705906755,0.09401709401709402,0.17454928907393358,0.16482752374758586,0.34105792933995754,0.46408613103395635,66,702,0.20959047705906753,0.05076923076923077,2.846677541732788,True,2
1xes__1__1.A_1.B__1.F,c161,0.3510232164806948,0.13066666666666665,0.3309541313601464,0.26339231260340734,0.4278995382275601,0.46304079907021084,49,375,0.3510232164806949,0.07101449275362319,2.8450186252593994,True,2
4xs9__1__1.A_1.B__1.D,c161,0.18929651100979308,0.08379120879120878,0.16439577896989693,0.1567292207265977,0.3303673367662847,0.4010215013762806,61,728,0.18929651100979306,0.04426705370101597,2.7991440296173096,True,2
5wx3__1__1.A__1.E,c161,0.16446350212485078,0.058823529411764705,0.1074186208792351,0.10895998956107766,0.2537758576287871,0.3023132119144718,96,1632,0.16446350212485075,0.0392156862745098,3.421427011489868,True,2
5wx3__2__1.D__1.K,c161,0.11679515276818547,0.06182795698924731,0.07945438266497251,0.07342694981811235,0.22879567544975687,0.3400935085879202,92,1488,0.11678130682735381,0.03248587570621469,3.367401361465454,True,2
1xet__1__1.A_1.B__1.E,c161,0.35264482182458917,0.128,0.3233457598496943,0.25616105883264756,0.41974039406648095,0.4277403666292556,48,375,0.3526448218245893,0.08205128205128205,2.872833013534546,True,2
2xzl__1__1.A__1.F_1.G_1.H,c602,0.4611823481440937,0.10582010582010581,0.29047276389188154,0.1725849456698106,0.5978236167125056,0.6980516340935945,80,756,0.46118234814409376,0.06734006734006734,2.6155898571014404,True,2
4xsr__1__1.A__1.E,c119,0.31590377836084654,0.1,0.15486895407824325,0.15983387609775637,0.39272787793600145,0.4781346075207379,126,1260,0.315552846477498,0.0673076923076923,3.1909539699554443,True,2
5wx6__1__1.A__1.G,c161,0.15310218448801494,0.05808080808080808,0.09589423713598305,0.09480979452162737,0.3863520743304552,0.2911818896934953,92,1584,0.15310218448801494,0.044573643410852716,3.255958080291748,True,2
1xms__1__1.A__1.B_1.C,c124,0.3313329282625141,0.1032258064516129,0.22715231005553588,0.14896668008412686,0.4749086099086099,0.47053735723925677,80,775,0.3313329282625141,0.06791171477079797,2.5939419269561768,True,2
5wx6__2__1.B__1.I,c161,0.1391574800954826,0.06518817204301075,0.10468691334468024,0.08957146488870049,0.24823869655459901,0.3651539198708983,97,1488,0.1391574800954826,0.03742283950617284,3.4216551780700684,True,2
4yi5__1__1.A__1.C,c33,0.2534436858454648,0.09285714285714286,0.1842585972296984,0.18154637848568514,0.43557381122275934,0.4842852221118958,91,980,0.22476421928649287,0.07222222222222222,3.2073426246643066,True,2
2xzo__1__1.A__1.F_1.G_1.H,c602,0.5004569455392746,0.12260536398467432,0.27653073362063485,0.2083083943350696,0.5787852065629844,0.6554516455471823,96,783,0.5004569455392744,0.06837606837606838,2.751561403274536,True,2
6xu1__1__1.A__1.I_1.J_1.K_1.M,c159,0.3546965973821909,0.09583333333333334,0.2601616719877898,0.1920874356336407,0.5172110791610091,0.43148613581482065,92,960,0.3546965973821909,0.06133333333333333,2.5222926139831543,True,2
5wx7__1__1.B__1.G,c161,0.13361485380054794,0.052734375,0.08916388207906766,0.0831481134329034,0.27157748918458635,0.3233465484905996,81,1536,0.13361485380054794,0.03308823529411765,3.1192405223846436,True,2
1xms__1__2.A__2.B_2.C,c124,0.32426365184828404,0.1032258064516129,0.22534739454094294,0.15751392389022376,0.46881192881192874,0.4717635640276572,80,775,0.32426365184828404,0.05161290322580645,2.586388111114502,True,2
2xxt__1__1.A__1.C,c7,0.5900893587545668,0.1619047619047619,0.48253904176049506,0.4659343188628111,0.6662437419412209,0.43520025892474873,51,315,0.5900893587545668,0.10303030303030303,2.830500602722168,True,2
2xxt__1__1.B__1.F,c7,0.5607119826188544,0.16666666666666666,0.44417541238717706,0.4135550144477541,0.6436511493486282,0.41745007037214826,50,300,0.5607119826188544,0.08547008547008547,2.904045820236206,True,2
4xsr__1__1.B__1.J,c119,0.30157090282957033,0.09567901234567901,0.14393607405659126,0.181188492064197,0.41304140026121056,0.467693339052217,124,1296,0.30125074526487244,0.07175925925925926,3.1430914402008057,True,2
6xu1__1__1.B__1.P_1.Q_1.R_1.T,c159,0.340245915147185,0.09479166666666666,0.24116728944607468,0.18611767937562512,0.5172999174028585,0.44969137732289804,91,960,0.340245915147185,0.058333333333333334,2.55033016204834,True,2
5wx7__2__1.C__1.I,c161,0.12409750911073053,0.06653225806451613,0.09175591282371834,0.08503832813794195,0.2304221922570776,0.38488908341520944,99,1488,0.12409750911073053,0.036830357142857144,3.281681776046753,True,2
1yv3__1__1.A__1.F,c1599,0.41338356415734423,0.14363636363636365,0.37756175509170836,0.3557928975852271,0.4992368999067564,0.3588564032500111,79,550,0.4133835641573443,0.07806324110671936,2.7676167488098145,True,2
1yz0__1__1.A_1.B__1.C_1.D,c141,0.5138462502492133,0.2113095238095238,0.37982803337116716,0.36213825640885683,0.6104904643967144,0.6353325036955989,71,336,0.5138462502492134,0.10823170731707317,2.69637393951416,True,2
6xu1__1__1.C__1.AA_1.W_1.X_1.Y,c159,0.3474249156228478,0.09191919191919191,0.24793701646620142,0.22821674699876193,0.5071643254815523,0.46390440195897414,91,990,0.3474249156228477,0.06190476190476191,2.502589702606201,True,2
1xms__1__3.A__3.B_3.C,c124,0.32414355507276466,0.1032258064516129,0.22591191066997518,0.1709059739704325,0.47452501202501196,0.46933301473512873,80,775,0.3241435550727646,0.056100981767180924,2.6036245822906494,True,2
1yy6__1__1.A__1.B,c2776,0.1837081904791114,0.09743589743589744,0.1895328110092786,0.19339209854554923,0.43822270072270075,0.22509104534056945,76,780,0.18370819047911144,0.04567307692307692,2.8506040573120117,True,2
1xms__1__4.A__4.B_4.C,c124,0.3309542125971386,0.1032258064516129,0.22667803970223324,0.15746217596936612,0.47566257816257806,0.4675793392531412,80,775,0.3308874534641714,0.06451612903225806,2.593266487121582,True,2
2xxv__1__1.A__1.C,c7,0.5284781679037633,0.15555555555555556,0.43894141783697604,0.43347218366482254,0.6222019919078742,0.40029141776590743,49,315,0.5284781679037633,0.10208333333333333,2.772149085998535,True,2
2xxv__1__1.B__1.E,c7,0.5572187805075424,0.1619047619047619,0.45695786058531157,0.43822462280441277,0.6517117554092344,0.44544536494907544,51,315,0.5572187805075424,0.10967741935483871,2.771313190460205,True,2
1yxi__1__1.A_2.A__1.B_1.D_1.E_1.F_1.G,c141,0.3334755227680274,0.20170454545454544,0.32655101359792743,0.2699751226482823,0.4544833204989455,0.5556844539839669,71,352,0.33339617448195036,0.138671875,2.7812936305999756,True,2
6xu1__1__1.D__1.EA_1.FA_1.GA_1.IA,c159,0.34527483925021096,0.08888888888888889,0.2407807855314481,0.18183374514399642,0.5049501098548717,0.4347904503177117,88,990,0.345274839250211,0.055345911949685536,2.5134520530700684,True,2
5xsw__1__1.A_1.B__1.D_1.Q,c4931,0.3013564566320044,0.12241379310344827,0.2819333719827963,0.2712710877480224,0.5051091335043403,0.335403639669487,71,580,0.3013564566320044,0.06995073891625615,2.456604480743408,True,2
1yyz__1__1.A_2.A__2.B_2.C_2.D_2.E,c141,0.298743318120367,0.19021739130434784,0.30166347384862424,0.2492948613172843,0.4264758552993847,0.552688251277943,70,368,0.2987433181203669,0.125,2.6894373893737793,True,2
1yyz__1__1.A_2.A__1.B_1.C_1.D_1.E,c141,0.3042859909283506,0.19021739130434784,0.30478847384862423,0.25938741954536504,0.4332646157967849,0.5516067121160466,70,368,0.3042859909283506,0.14583333333333334,2.7156777381896973,True,2
5wr6__1__1.A__1.B_1.C,c218,0.4124364305945682,0.16040100250626566,0.2977138925208778,0.2818537709552418,0.5037721384713866,0.49365982886222814,64,399,0.41243643059456825,0.07485380116959064,2.974884510040283,True,2
4ymo__1__1.A__1.E_1.F_1.I,c31,0.43419022186323886,0.12074829931972789,0.18980732183036175,0.17626700651129978,0.5429209389511587,0.4535668568856754,71,588,0.43419022186323886,0.07924107142857142,2.5200018882751465,True,2
6xu1__2__1.E__1.LA_1.MA_1.NA_1.PA,c159,0.3430294338260192,0.09270833333333334,0.25763199153686567,0.18713039459871394,0.526643803455078,0.45366486234244785,89,960,0.3430294338260192,0.06899224806201551,2.5242180824279785,True,2
4ysi__1__1.A__1.B_1.C,c2776,0.2392876322627544,0.1023936170212766,0.20505365961293012,0.21713242000927796,0.45926738426738417,0.252371012098776,77,752,0.23047666747396095,0.05851063829787234,2.92763352394104,True,2
1yxi__1__1.A_2.A__2.B_2.D_2.E_2.F_2.G,c141,0.32743521903720385,0.20170454545454544,0.3297787131284438,0.2865637236576507,0.45641118430180927,0.5405134196611469,71,352,0.32743521903720385,0.1056547619047619,2.775207757949829,True,2
2yne__1__1.A__1.F,c118,0.30644925454199423,0.10666666666666667,0.3048210704907137,0.3049496955804646,0.47415543501869856,0.3229624388005992,96,900,0.3064492545419943,0.08,2.5443217754364014,True,2
2yne__2__1.B__1.M,c118,0.3009977399269811,0.10752688172043011,0.30089427358429477,0.2954547763071494,0.46252649893928377,0.3245630878799601,100,930,0.3009977399269812,0.06535947712418301,2.4885623455047607,True,2
6wn2__1__1.A__1.C,c121,0.39843246719768943,0.17429193899782136,0.4086664601738131,0.3976495799209222,0.5938235189673907,0.3317567462446204,80,459,0.3983466233286108,0.1094391244870041,2.8711347579956055,True,2
6wn2__1__1.B__1.L,c121,0.3305920920705675,0.1721132897603486,0.358249901296636,0.35782714329197796,0.5558324024604561,0.3072654480452468,79,459,0.3304856169427882,0.12559618441971382,2.904113292694092,True,2
4ysx__1__1.B_1.C_1.D__1.N,c270,0.2650268462242962,0.14912280701754385,0.23537513429517107,0.2531442957893722,0.41853455973353926,0.42536348770567134,68,456,0.2650268462242962,0.08333333333333333,2.7873659133911133,True,2
1yzx__1__1.A_1.B__1.C,c1556,0.32437088014064963,0.12987012987012986,0.29844517713668783,0.30289159127150966,0.46793865527809364,0.42952870864458736,80,616,0.32437088014064963,0.07421150278293136,2.642383575439453,True,2
1yxi__1__3.A_4.A__3.B_3.D_3.E_3.F_3.G,c141,0.33149227922621133,0.20170454545454544,0.32927988683736403,0.2538410772200774,0.4630943651256151,0.564859009587094,71,352,0.33149227922621133,0.11993243243243243,2.7589380741119385,True,2
1zdp__1__1.A__1.F_1.G,c218,0.4837139503792097,0.18235294117647058,0.38222203276687594,0.3223086224607869,0.6641441380473758,0.47253587407508973,62,340,0.4837139503792097,0.11764705882352941,2.9731805324554443,True,2
1z9g__1__1.A__1.F_1.G,c218,0.4468453434116814,0.16844919786096257,0.376443048490815,0.37336305187806856,0.6206169615339165,0.34913688013488864,63,374,0.44684534341168136,0.11229946524064172,2.8168015480041504,True,2
2yne__3__1.C__1.R,c118,0.26024926706768925,0.103125,0.2633420069189122,0.24753093097091033,0.40592659400138753,0.36461277347329407,99,960,0.26024926706768925,0.075,2.483490467071533,True,2
6xu1__2__1.F__1.TA_1.UA_1.VA_1.XA,c159,0.3370238276245657,0.09479166666666666,0.2477001285255905,0.18259029060962065,0.49290963704829244,0.4811368993147342,91,960,0.3370238276245656,0.06066666666666667,2.5333099365234375,True,2
1xms__1__5.A__5.B_5.C,c124,0.32734216048068576,0.1032258064516129,0.22591191066997518,0.15914953154769748,0.4691083453583454,0.46525999957501507,80,775,0.32734216048068576,0.056100981767180924,2.614710807800293,True,2
1yzx__1__1.A_1.B__1.D,c1556,0.4008563973231067,0.13636363636363635,0.32616206206731013,0.32714211068887905,0.5024282927992515,0.4356596790434723,81,594,0.4008499739523144,0.08181818181818182,2.719874143600464,True,2
1yyz__1__3.A_4.A__3.B_3.C_3.D_3.E,c141,0.30103697694551756,0.19021739130434784,0.30166347384862424,0.2511588328843921,0.42532298379724853,0.558240003593088,70,368,0.30103697694551756,0.09722222222222222,2.6881604194641113,True,2
1yyz__1__3.A_4.A__4.B_4.C_4.D_4.E,c141,0.30203011545162983,0.19021739130434784,0.30478847384862423,0.2642018603710567,0.42012371836360807,0.5403252212028592,70,368,0.30203011545162983,0.09308510638297872,2.712247848510742,True,2
4wql__1__1.A__1.B_1.C_1.D_1.H_1.N,c12775,0.29034084450795644,0.10606060606060606,0.311338044671378,0.2971723531247843,0.5261451973951974,0.2917063430468055,63,594,0.29034084450795644,0.06583072100313479,3.160592794418335,True,2
6wnd__1__1.A__1.I,c164,0.2435525498198443,0.1206140350877193,0.24234610418820943,0.22026476767200648,0.3699951086041772,0.4508552452358922,55,456,0.24355254981984428,0.07236842105263158,2.1615827083587646,True,2
1yxi__1__3.A_4.A__4.B_4.D_4.E_4.F_4.G,c141,0.3309600995547818,0.20170454545454544,0.33013427788955957,0.2965020299871582,0.4661130275974026,0.5651742123241718,71,352,0.3309600995547818,0.1109375,2.7593154907226562,True,2
5ynw__1__1.A__1.C,c1104,0.475357230499141,0.15142857142857144,0.2992199824534969,0.283374279476552,0.5698564623984791,0.6347928262213977,53,350,0.475357230499141,0.09464285714285714,2.6380765438079834,True,2
4ysx__2__1.F_1.G_1.H__1.W,c270,0.24671966487861632,0.13815789473684212,0.22716564170459322,0.23123794883810217,0.40404810691688614,0.3828614866354636,63,456,0.24671966487861632,0.06402439024390244,2.7710750102996826,True,2
6wnd__1__2.B__2.P,c164,0.1839070244842556,0.10136452241715399,0.19608339287131857,0.19748458950749678,0.2812251194797634,0.4679891499800385,52,513,0.18390702448425558,0.06516290726817042,2.125730037689209,True,2
6wnd__1__2.C__2.X,c164,0.1716814783886283,0.09109311740890688,0.16572677924071114,0.16432470098669444,0.2952860898632957,0.43183668097754774,45,494,0.1716814783886283,0.0696594427244582,2.0293898582458496,True,2
6xu1__2__1.G__1.AB_1.BB_1.CB_1.EB,c159,0.34070236765391065,0.08888888888888889,0.2527878516190682,0.1898472034209732,0.4909774855940822,0.4434395950132525,88,990,0.3407023676539106,0.062411347517730496,2.5124311447143555,True,2
1xms__1__6.A__6.B_6.C,c124,0.31444857513275004,0.1032258064516129,0.22754573617126211,0.1598076706890196,0.4518278018278018,0.4794995445706096,80,775,0.31444857513275004,0.06451612903225806,2.653620958328247,True,2
6ybu__1__1.A_1.B__1.M_1.N,c92,0.44559338797903036,0.10783410138248847,0.2270722436510278,0.17144145974478703,0.5209256241458753,0.508288555624845,117,1085,0.44501327543075225,0.07121119902617164,2.890458822250366,True,2
1xmv__1__1.A__1.B_1.F,c124,0.3871935762506328,0.10968660968660969,0.25497667954562436,0.19340810091123192,0.5967521367521367,0.578711389470318,77,702,0.3871935762506328,0.06632213608957795,2.4284920692443848,True,2
1zpl__1__1.A__1.C,c1940,0.519623694366607,0.2403846153846154,0.46375324675324675,0.4912345106570175,0.5981396554834055,0.5252179467358038,50,208,0.22156044470279615,0.09765625,2.9665892124176025,True,2
2yxn__1__1.A__1.B,c121,0.4356381087427065,0.16,0.3828033671833936,0.3333922700792874,0.580202489722579,0.5418691585175102,64,400,0.34588187284358307,0.12121212121212122,2.873427629470825,True,2
6ybu__1__1.A_1.B__1.O_1.P,c92,0.474024312816825,0.11244239631336406,0.25459939232153184,0.18312494894009396,0.5413239149204269,0.5540217597032232,122,1085,0.4740195202740216,0.08745519713261649,2.922494649887085,True,2
6xu1__2__1.H__1.HB_1.IB_1.JB_1.LB,c159,0.35447558559542525,0.09191919191919191,0.2585315136114561,0.2041365100526952,0.5332663087607308,0.48663859222924594,91,990,0.35447558559542525,0.058333333333333334,2.5134661197662354,True,2
1zpl__2__1.B__1.D,c1940,0.5196094389699152,0.23076923076923078,0.45916024080086576,0.48368939467228433,0.5798063221500722,0.46250290618472445,48,208,0.2611304255817759,0.10714285714285714,2.922102451324463,True,2
2yxn__1__2.A__2.B,c121,0.44821861179789657,0.16,0.3837163051568785,0.3225538048630343,0.5757423404968047,0.5473793097419472,64,400,0.4482186117978966,0.09523809523809523,2.8422608375549316,True,2
1xmv__1__2.A__2.B_2.F,c124,0.41240991008635475,0.10968660968660969,0.26787849367398975,0.15326025781050098,0.5984615384615384,0.5653438872230452,77,702,0.41240991008635475,0.06632213608957795,2.423583745956421,True,2
2zp1__1__1.A__1.B,c121,0.5728482528482688,0.23308270676691728,0.5099526433627816,0.4919387504814246,0.7078834855620569,0.5112059673603041,62,266,0.5728482528482687,0.12301587301587301,3.097033977508545,True,2
2zp1__1__2.A__2.B,c121,0.5724810605188356,0.23308270676691728,0.5099526433627816,0.4698277434011705,0.7014350728636443,0.508733811539934,62,266,0.5724810605188355,0.14285714285714285,3.1021575927734375,True,2
6zf0__1__1.A__1.C_1.K_1.L_1.M,c315,0.29410576139636674,0.10193548387096774,0.22647748854758856,0.2237197591080163,0.4633364030980663,0.37230872117230485,79,775,0.2941057613963668,0.05926481620405101,2.7132182121276855,True,2
1xmv__1__3.A__3.B_3.F,c124,0.3833456712112916,0.10968660968660969,0.26288455650112036,0.13913926989661643,0.5945543345543346,0.5757132611931719,77,702,0.3833456712112916,0.06790123456790123,2.4226481914520264,True,2
4rur__1__1.K_1.L__1.FA,c20,0.17459189752458196,0.10822510822510822,0.18302285340921703,0.17732201647236323,0.3328465052305904,0.2704422865560775,50,462,0.17459189752458198,0.06493506493506493,2.559805393218994,True,2
5y72__1__1.A__1.C,c1104,0.49958202952270436,0.18831168831168832,0.3050481184884447,0.2753845662782582,0.5991844161907186,0.7577443940539178,58,308,0.4995820295227043,0.12554112554112554,2.6741089820861816,True,2
3zpo__1__1.A__1.C_1.E_1.N,c1133,0.28020224954466955,0.10472541507024266,0.228453201726167,0.20028104221811655,0.46261240323822045,0.4074738765758153,82,783,0.2801879889138149,0.05890804597701149,2.5673348903656006,True,2
6ybu__2__1.G_1.H__1.U_1.V,c92,0.436192169683857,0.10599078341013825,0.22979092711949237,0.15194951727861206,0.5143226272199232,0.4872167011062807,115,1085,0.436192169683857,0.08243727598566308,2.9172019958496094,True,2
6zf1__1__1.A__1.C_1.L,c315,0.2565126901214703,0.10193548387096774,0.20870335626861003,0.2002964638616362,0.4147040828992762,0.32544803533411854,79,775,0.2565126901214703,0.065343258891646,2.5768799781799316,True,2
1xmv__1__4.A__4.B_4.F,c124,0.3860396031991744,0.10968660968660969,0.2574503963050554,0.19697453663884176,0.6022847985347985,0.6005894302552559,77,702,0.3860396031991744,0.08387799564270153,2.42621111869812,True,2
4rur__1__1.Y_1.Z__1.LA,c20,0.18192982352749976,0.11255411255411256,0.19196009410170248,0.1877615883072669,0.34186955889650117,0.25693288208690035,52,462,0.18192982352749976,0.06565656565656566,2.5851833820343018,True,2
6ybu__2__1.G_1.H__1.W_1.X,c92,0.4780314728321515,0.11059907834101383,0.2485830428304916,0.17474051469932114,0.5411982207914369,0.5253199400715574,120,1085,0.4780199418923339,0.07444168734491315,2.9329466819763184,True,2
6zf8__1__1.A__1.N_1.R,c315,0.2166136634921439,0.07967032967032966,0.19083885087941882,0.17249434932663896,0.36148965675474964,0.30973162888742295,87,1092,0.21661366349214387,0.0518783542039356,2.644662618637085,True,2
3zwd__1__1.A__1.C,c2481,0.3301729245769146,0.17424242424242425,0.27920372702981405,0.2827288183179716,0.4367515427564447,0.48875220907127415,69,396,0.33017292457691455,0.08518518518518518,2.789252996444702,True,2
2zl4__1__1.AA_1.O__1.P,c117,0.3429639199690725,0.12471655328798185,0.3064796732089965,0.29235367903909276,0.5417848842190947,0.41845390723494813,55,441,0.3429639199690725,0.07703081232492998,2.9977917671203613,True,2
5y72__2__1.B__1.D,c1104,0.5331961504984156,0.16071428571428573,0.2957021921385956,0.30995713125931934,0.6393830276865992,0.6977726072113827,54,336,0.5331961504984157,0.09407665505226481,2.589043378829956,True,2
4zev__1__1.A__1.C_1.D,c5387,0.43931786511215093,0.12284482758620689,0.2957575562838721,0.25792863886306316,0.5403717460049697,0.6035406979851423,57,464,0.4393178651121508,0.07125,2.5894181728363037,True,2
2zl4__1__1.AA_1.Y__1.BA,c117,0.4042134488327444,0.12337662337662338,0.3195518897360576,0.3260051324735376,0.5922388015035074,0.5108784358201851,57,462,0.40421344883274435,0.07142857142857142,3.0448710918426514,True,2
3zwd__1__1.B__1.E,c2481,0.39096047898041114,0.1736111111111111,0.33934194509512705,0.3380122817556649,0.512330004932129,0.5020990974575533,75,432,0.3909604789804111,0.0992063492063492,2.8394346237182617,True,2
5zjy__1__1.A__1.C,c326,0.704389277323425,0.09848484848484848,0.3140420476958939,0.2835424715848844,0.8129458874458874,0.7292367352162673,52,528,0.704389277323425,0.04924242424242424,2.499805212020874,True,2
4zew__1__1.A__1.C_1.D,c5387,0.4282952472149895,0.14351851851851852,0.309515405201482,0.25111021974156483,0.5320948436192658,0.6767361804861804,62,432,0.4282952472149895,0.08423913043478261,2.6179776191711426,True,2
6zmz__1__1.A__1.B,c119,0.34842790838349874,0.08333333333333333,0.20468004423113773,0.16572891065951884,0.4713382253025785,0.38837673287942026,120,1440,0.3484279083834987,0.05747126436781609,3.004117250442505,True,2
6z6a__1__1.A__1.C,c315,0.20753469191026863,0.08543417366946779,0.20376644945111677,0.19324899088814249,0.35474396950056175,0.24970028751431642,61,714,0.20753469191026866,0.049836601307189546,2.4402613639831543,True,2
1xmv__1__5.A__5.B_5.F,c124,0.3873972393652808,0.10968660968660969,0.25688614574080487,0.18114585806761227,0.59743894993895,0.5473391227929918,77,702,0.3873972393652808,0.07921810699588477,2.4210190773010254,True,2
2zl4__1__1.A_1.C__1.B,c117,0.400046853920612,0.1261904761904762,0.28205375822903966,0.29565482736496823,0.6117205007002801,0.4785992085082394,53,420,0.40004685392061196,0.07647907647907648,3.0721006393432617,True,2
3zcp__1__1.A__1.C,c33,0.31600942779352553,0.10494752623688156,0.25822511131734094,0.2789836981495372,0.4401527826146425,0.4186561750701395,70,667,0.31600942779352553,0.07423117709437964,2.718494415283203,True,2
1xmv__1__6.A__6.B_6.F,c124,0.40265891357837624,0.10968660968660969,0.2544124289813738,0.1540514507828019,0.5969581807081807,0.5389799920227091,77,702,0.40265891357837624,0.06067769897557131,2.4171459674835205,True,2
2zl4__1__1.C_1.E__1.D,c117,0.3896437292793566,0.12244897959183673,0.3469735822175336,0.32675473419892576,0.6705485118023817,0.5631110511006022,54,441,0.3896437292793565,0.06428571428571428,3.0459046363830566,True,2
4z9n__1__1.D__1.U,c7,0.45683033321613437,0.153125,0.3814958844493267,0.37465500544594815,0.5561066592809711,0.49667507540853784,98,640,0.45683033321613437,0.09423076923076923,2.756852149963379,True,2
2zl4__1__1.A_1.M__1.N,c117,0.34890100661985496,0.12018140589569161,0.2829918028882421,0.30302350468754924,0.619549056464691,0.5162344786274838,53,441,0.34890100661985496,0.08412698412698413,3.0172665119171143,True,2
5yk0__1__1.A__1.B,c1592,0.5225656709525349,0.10493827160493827,0.23998354813305792,0.16484344094826148,0.5198361823361823,0.6901292290420441,68,648,0.5216712770659333,0.06627680311890838,2.6123671531677246,True,2
2zl4__1__1.E_1.G__1.F,c117,0.36840978815312747,0.12698412698412698,0.29933957751709855,0.28878860161419573,0.5757457815662149,0.4903282631636605,56,441,0.3684097881531274,0.06837606837606838,3.007061719894409,True,2
4z9n__3__1.C__1.Q,c7,0.4731758505499812,0.153125,0.39936870156036086,0.3892871678932456,0.5766926824022386,0.506115703628346,98,640,0.4731758505499811,0.10652173913043478,2.805558443069458,True,2
5yk0__2__4.A__4.B,c1592,0.5202826688844967,0.10493827160493827,0.24115952357373924,0.15945753570690827,0.5138879795836809,0.6786002957137135,68,648,0.5180262200852741,0.07407407407407407,2.5709166526794434,True,2
3zcq__1__1.A__1.C,c33,0.2798471401803346,0.09539842873176206,0.21659905281120956,0.20556552331897407,0.43229263314813005,0.3617452780438873,85,891,0.2798471401803345,0.06424792139077853,2.8506581783294678,True,2
3zcp__1__2.A__2.C,c33,0.3205850488668163,0.10494752623688156,0.25798881642131066,0.2565972048843334,0.447653895229696,0.376755058598997,70,667,0.3205850488668163,0.07077856420626896,2.7219455242156982,True,2
2zl4__1__1.G_1.I__1.H,c117,0.37848580018583944,0.11688311688311688,0.3273774530388287,0.28582800582973344,0.5668136845381427,0.41926178325172125,54,462,0.3784858001858395,0.06428571428571428,3.0433731079101562,True,2
2zl4__1__1.I_1.K__1.J,c117,0.43295207952018494,0.1292517006802721,0.3427593700863951,0.31125013241616595,0.5990437331527803,0.5153260084663124,57,441,0.43295207952018494,0.06462585034013606,3.044689416885376,True,2
4z0u__1__1.A__1.C,c6412,0.1797831403317203,0.11428571428571428,0.14182225314368171,0.1390925954345073,0.40312063928135355,0.3354274930766707,60,525,0.1797831403317203,0.055299539170506916,3.7590677738189697,True,2
4zwg__1__1.D__1.T,c159,0.2862875475339169,0.12638888888888888,0.3017310335167478,0.1994128002462484,0.46390563884191327,0.36069132262152115,91,720,0.2862875475339169,0.07054263565891473,2.453056812286377,True,2
4z0u__2__1.B__1.D,c6412,0.2515472340862578,0.11607142857142858,0.22309913407715606,0.1765813337212566,0.42720536841630585,0.37585791192995494,65,560,0.2515050656147806,0.0546218487394958,4.006501197814941,True,2
3zy5__1__1.A_2.A__2.F,c5614,0.35369124192531204,0.08961593172119488,0.24753260915657505,0.20987593113592293,0.5103888096812784,0.4503923507613889,126,1406,0.35369124192531204,0.06766917293233082,2.9838457107543945,True,2
3zcq__1__2.A__2.C,c33,0.2653049411117046,0.09539842873176206,0.21705154149899242,0.20761850205141932,0.4286452476880847,0.34526758825234494,85,891,0.2653049411117046,0.06054131054131054,2.8586630821228027,True,2
2zl4__1__1.K_1.M__1.L,c117,0.4129594764464607,0.11255411255411256,0.3381187157724089,0.31163282244084706,0.6121786169483537,0.5130841316663338,52,462,0.41295947644646075,0.06878306878306878,2.9882113933563232,True,2
3zcr__1__1.A__1.D,c33,0.28789042844561974,0.09041394335511982,0.21847884719317115,0.21017018412407973,0.4089614917896424,0.3626372277792669,83,918,0.2878904284456198,0.05911680911680912,2.8806252479553223,True,2
2zl4__1__1.O_1.Q__1.R,c117,0.3220256918834912,0.12121212121212122,0.2821139021796917,0.27431586459947055,0.5382643847734451,0.40753716741811974,56,462,0.3220256918834912,0.07017543859649122,2.984015703201294,True,2
3zy6__1__1.A_2.A__2.B,c5614,0.42008832589823697,0.09941520467836257,0.24949451977140072,0.2472036062579852,0.5634736380750313,0.4918542452502563,136,1368,0.42008832589823697,0.05964912280701754,2.8612563610076904,True,2
3zcr__1__2.A__2.D,c33,0.2957778171755949,0.09041394335511982,0.21847884719317115,0.20921112953570561,0.4140305177186328,0.4220902715499902,83,918,0.2957778171755949,0.05692729766803841,2.8655145168304443,True,2
2zl4__1__1.Q_1.S__1.T,c117,0.3972707485856417,0.12698412698412698,0.33404036578556384,0.35517815129976477,0.5749554824900845,0.5265399991294548,56,441,0.3972707485856417,0.07017543859649122,3.0148024559020996,True,2
2zl4__1__1.S_1.U__1.V,c117,0.34244298301832143,0.12018140589569161,0.2902125696356,0.29288391903987887,0.5720540334189231,0.461401772540557,53,441,0.3424429830183215,0.06471306471306472,3.024064779281616,True,2
2zl4__1__1.U_1.W__1.X,c117,0.3887630085517345,0.11688311688311688,0.3031726397428234,0.31938165820615405,0.6174653688312403,0.5310756898759994,54,462,0.3887568051547544,0.06428571428571428,3.056159257888794,True,2
2zl4__1__1.W_1.Y__1.Z,c117,0.36908480716986436,0.11791383219954649,0.29024283465072936,0.296338958756591,0.5313095238095238,0.44147769774945744,52,441,0.36908480716986447,0.0707482993197279,3.0593249797821045,True,2
6zv5__1__1.C_1.D__1.I_1.O,c2350,0.18347829106376262,0.06914893617021277,0.16911979864107524,0.15917901848057303,0.4432635023706453,0.23576661473687618,52,752,0.18011634649207597,0.03815113719735877,2.6367833614349365,True,2
6zu2__1__1.A_1.B__1.G_1.O,c2350,0.23568615148616,0.10925925925925926,0.2150164179825197,0.22261991139063983,0.4226610704110703,0.2659226150558297,59,540,0.22232448189138934,0.05853174603174603,2.321927309036255,True,2
6zv5__1__1.E_1.F__1.K_1.S,c2350,0.24684907426226974,0.08179012345679013,0.24970067929973588,0.26090892835908364,0.5022500133611244,0.2146144793324606,53,648,0.24684907426226974,0.03874269005847953,2.110383987426758,True,2
6zv5__1__1.E_1.F__1.L_1.R,c2350,0.20796801180413133,0.08006535947712418,0.22373323247047736,0.23198466754787056,0.4885246753246753,0.1688683271995913,49,612,0.20638305522758787,0.035818713450292396,2.164734125137329,True,2
6zu2__1__1.A_1.B__1.H_1.M_1.Q,c2350,0.2265188845520972,0.09895833333333333,0.2194222795830983,0.2083183961689267,0.4211862244897958,0.3675319599575653,57,576,0.22162692785854973,0.05459770114942529,2.3633642196655273,True,2
3zcs__1__1.A__1.D,c33,0.3228557094079524,0.0931537598204265,0.24004231616208668,0.2325648762784097,0.47817260224476354,0.4494222051856292,83,891,0.3228557094079524,0.058001397624039136,2.6237735748291016,True,2
3zcs__1__2.A__2.D,c33,0.32961342369643337,0.0931537598204265,0.2401749377070363,0.2329729560278712,0.47939191961801364,0.43975319005821406,83,891,0.32961342369643337,0.06540583136327817,2.6261208057403564,True,2
5zwk__1__1.A_1.B__1.E_1.G_1.H,c141,0.38322170849158355,0.175,0.2593091929703219,0.2457466371142832,0.5010989995986126,0.4791118659456929,84,480,0.38322170849158355,0.11666666666666667,2.85097074508667,True,2
3zct__1__1.A__1.E,c33,0.3030750269351574,0.09477124183006536,0.21414055547584085,0.21250095571655817,0.4643372434529001,0.4457076507041016,87,918,0.30307502693515737,0.05858585858585859,2.7939565181732178,True,2
5zwk__1__1.C_1.D__1.Q_1.S_1.T,c141,0.3231890996898962,0.186,0.26157847483006846,0.2438552945319364,0.4201309799854454,0.5173181290081414,93,500,0.32314100218663755,0.11071428571428571,2.822441816329956,True,2
3zct__1__2.A__2.E,c33,0.3156449790283072,0.09477124183006536,0.21521648055643025,0.20841568664020654,0.4542093049860566,0.46029511722655986,87,918,0.31564497902830724,0.056530214424951264,2.818681240081787,True,2
3zx4__1__1.B__1.F_1.G_1.H,c2481,0.30729702322659286,0.17929292929292928,0.2756248880662026,0.28030097022239564,0.4342491613324947,0.4505971940858248,71,396,0.30729702322659286,0.11952861952861953,2.8191657066345215,True,2
3zx5__1__1.A__1.C_1.D_1.E,c2481,0.363114604883363,0.1736111111111111,0.3168942716687815,0.3169753302350305,0.48382755560000146,0.47979849452407225,75,432,0.363114604883363,0.11904761904761904,2.774556875228882,True,2
3zcu__1__1.A__1.B,c33,0.3381039171779763,0.11335403726708075,0.25336463523486985,0.2559096962658737,0.4796281340983689,0.4632121792534047,73,644,0.3381039171779763,0.07556935817805382,2.6958789825439453,True,2
3zcu__1__2.A__2.B,c33,0.3262863008178481,0.11335403726708075,0.2522669255835234,0.26329490937021627,0.481858384498124,0.4806557632141183,73,644,0.321612177001516,0.07213438735177866,2.6874747276306152,True,2
3zcv__1__1.A__1.C_1.E,c33,0.3372767345779735,0.0944055944055944,0.23036608705350192,0.2310289161807515,0.4664338128177733,0.45016437699784095,81,858,0.33727673457797347,0.06357927786499215,2.8077139854431152,True,2
3zcv__1__2.A__2.C_2.E,c33,0.3223790822443366,0.0944055944055944,0.23502284953402064,0.2544094309696806,0.46314122361964105,0.4670065979771863,81,858,0.32237908224433653,0.0662847790507365,2.8040850162506104,True,2
4zy3__1__1.A__1.D,c315,0.19166553903052028,0.0798076923076923,0.14261195140004496,0.15182801312737387,0.40095393323334505,0.23350057418711653,83,1040,0.19166553903052025,0.051875,2.6207199096679688,True,2
4zy3__2__1.B__1.F,c315,0.16431082207594008,0.07884615384615384,0.14715773301901353,0.1400102896289648,0.29868070949566045,0.2124483285346801,82,1040,0.16431082207594008,0.052564102564102565,2.683060646057129,True,2
