drug_id,name,smiles,native_feature_index,training_feature_index,split_group,feature_source
AAOVKJBEBIDNHE-UHFFFAOYSA-N,diazepam,CN1C(=O)CN=C(c2ccccc2)c2cc(Cl)ccc21,96050,877.0,SG:82a902031424450a63f4ebb9443a95d0e9f8d1a008711cc1dad4dddb99bc1bad,prepared_A_B_cache
ACRHBAYQBXXRTO-OAQYLSRUSA-N,ivabradine,COc1cc2c(cc1OC)CC(=O)N(CCCN(C)C[C@H]1Cc3cc(OC)c(OC)cc31)CC2,134986,4322.0,SG:5058f68f57b8e431a547a2dd489ef54f650a16fc1ef20002007920305267274e,preserved_catalog_cache
ACWBQPMHZXGDFX-QFIPXVFZSA-N,valsartan,CCCCC(=O)N(Cc1ccc(-c2ccccc2-c2nnn[nH]2)cc1)[C@H](C(=O)O)C(C)C,53279,4623.0,SG:441a4752f9f156fb9a01e4cf083ff1503e968a6f19443662cc7479f171b96a14,prepared_A_B_cache
ACWZRVQXLIRSDF-UHFFFAOYSA-N,binimetinib,Cn1cnc2c(F)c(Nc3ccc(Br)cc3F)c(C(=O)NOCCO)cc21,224948,4669.0,SG:8180ddc8a86eae764d07e45c70d2abbddcd367c76c25d91d591ef4c11596f871,prepared_A_B_cache
ADEBPBSSDYVVLD-UHFFFAOYSA-N,donepezil,COc1cc2c(cc1OC)C(=O)C(CC1CCN(Cc3ccccc3)CC1)C2,134815,5106.0,SG:58394385693b5d374d440c8f78bc3eb76fdc40d615667cc809db87d93eb21817,prepared_A_B_cache
AEXFXNFMSAAELR-RXVVDRJESA-N,brensocatib,Cn1c(=O)oc2ccc(-c3ccc(C[C@@H](C#N)NC(=O)[C@@H]4CNCCCO4)cc3)cc21,219984,7831.0,SG:196eb38e275db26ec64807778747240ac737a695ba037d8f72b932404c1ec5ba,prepared_A_B_cache
AFLFKFHDSCQHOL-IZZDOVSWSA-N,elafibranor,CSc1ccc(C(=O)/C=C/c2cc(C)c(OC(C)(C)C(=O)O)c(C)c2)cc1,164305,8713.0,SG:4d87422363190ac0d7bf419bb44e86bd87290ec9d8ab14f4c2b2f5dad5c2d303,prepared_A_B_cache
AHJRHEGDXFFMBM-UHFFFAOYSA-N,palbociclib,CC(=O)c1c(C)c2cnc(Nc3ccc(N4CCNCC4)cn3)nc2n(C2CCCC2)c1=O,19716,11760.0,SG:acb3e662e5c45b699e213d7e7f4f4b8f1379ee0f5c810345df2ba3447e1dceba,prepared_A_B_cache
AHOUBRCZNHFOSL-YOEHRIQHSA-N,paroxetine,Fc1ccc([C@@H]2CCNC[C@H]2COc2ccc3c(c2)OCO3)cc1,229620,12028.0,SG:88955c2afa9f1cbda181814bf3f9144ff82f2a03f2bba8bb7c9a24be828529f7,prepared_A_B_cache
AHYMHWXQRWRBKT-UHFFFAOYSA-N,tepotinib,CN1CCC(COc2cnc(-c3cccc(Cn4nc(-c5cccc(C#N)c5)ccc4=O)c3)nc2)CC1,97453,12619.0,SG:d3f1f53b1ac3cf55088839d73794ea13e037102385a317297967ef878e52cd95,prepared_A_B_cache
AILRADAXUVEEIR-UHFFFAOYSA-N,brigatinib,COc1cc(N2CCC(N3CCN(C)CC3)CC2)ccc1Nc1ncc(Cl)c(Nc2ccccc2P(C)(C)=O)n1,128985,13451.0,SG:9b2aaf89f954ea1e2a673bb16045c8c58691d3f6d6b06c738e5659b9784d6d70,prepared_A_B_cache
AJIPIJNNOJSSQC-NYLIRDPKSA-N,estetrol,C[C@]12CC[C@@H]3c4ccc(O)cc4CC[C@H]3[C@@H]1[C@@H](O)[C@@H](O)[C@@H]2O,176555,14859.0,SG:366ecf429785aeacea771d266f85e4c82bf82dd051c513bcd349ec6e71e2f81d,prepared_A_B_cache
ALWKGYPQUAPLQC-UHFFFAOYSA-N,neostigmine,CN(C)C(=O)Oc1cccc([N+](C)(C)C)c1,88387,18793.0,SG:13cad05ca8f49c509e5b7be8c67668484344ebf2b2d12b03b295f14d4b1c32d1,preserved_catalog_cache
ANGKOCUUWGHLCE-HKUYNNGSSA-N,glycopyrronium,C[N+]1(C)CC[C@H](OC(=O)[C@](O)(c2ccccc2)C2CCCC2)C1,177083,,,preserved_catalog_cache
AOMXMOCNKJTRQP-UHFFFAOYSA-N,relugolix,CONC(=O)Nc1ccc(-c2sc3c(c2CN(C)C)c(=O)n(-c2ccc(OC)nn2)c(=O)n3Cc2c(F)cccc2F)cc1,121069,22965.0,SG:cd93361c2c434a3bb2f54d8cc3b9e125617b572b7f093f966ab106d8d2821652,prepared_A_B_cache
AQHHHDLHHXJYJD-UHFFFAOYSA-N,propranolol,CC(C)NCC(O)COc1cccc2ccccc12,33762,25734.0,SG:a896d495b04a450b732a5bf6a5896266647c948af5d97014906f7afe145b9022,prepared_A_B_cache
AQNDDEOPVVGCPG-UHFFFAOYSA-N,esmolol,COC(=O)CCc1ccc(OCC(O)CNC(C)C)cc1,110689,,,preserved_catalog_cache
AQOKCDNYWBIDND-FTOWTWDKSA-N,bimatoprost,CCNC(=O)CCC/C=C\C[C@@H]1[C@@H](/C=C/[C@@H](O)CCc2ccccc2)[C@H](O)C[C@@H]1O,66474,,,preserved_catalog_cache
ASMXXROZKSBQIH-VITNCHFBSA-N,aclidinium,O=C(O[C@H]1C[N+]2(CCCOc3ccccc3)CCC1CC2)C(O)(c1cccs1)c1cccs1,286609,29211.0,SG:c7ee2b27ad27c20dde2e1769ffb346cc2a2b0927bab8721948b9f41fee4886b1,prepared_A_B_cache
ASOADIZOVZTJSR-UHFFFAOYSA-N,opicapone,Cc1c(Cl)c(C)[n+]([O-])c(Cl)c1-c1noc(-c2cc(O)c(O)c([N+](=O)[O-])c2)n1,179763,29276.0,SG:d8af5baac48b79e94f8873ac1407f2bc99f1c85d779666cc14bebe04059860cd,preserved_catalog_cache
ASUTZQLVASHGKV-JDFRZJQESA-N,galantamine,COc1ccc2c3c1O[C@H]1C[C@@H](O)C=C[C@@]31CCN(C)C2,150306,29671.0,SG:4ba7571b48ff77ef5c13643561b11debb9eae7c5752670a69fbe0963eba99495,prepared_A_B_cache
ATALOFNDEOCMKK-OITMNORJSA-N,aprepitant;fosaprepitant,C[C@@H](O[C@H]1OCCN(Cc2nc(=O)[nH][nH]2)[C@H]1c1ccc(F)cc1)c1cc(C(F)(F)F)cc(C(F)(F)F)c1,166729,30002.0,SG:74f0e56e72d0e2334f3f5120192b1a216c417c30455aa81220004bba095f743f,prepared_A_B_cache
AURFZBICLPNKBZ-SYBPFIFISA-N,brexanolone,CC(=O)[C@H]1CC[C@H]2[C@@H]3CC[C@H]4C[C@H](O)CC[C@]4(C)[C@H]3CC[C@]12C,19676,32538.0,SG:1fd900140004786074c44026654375b48b9b362b59f313af980054ef9f25e78d,prepared_A_B_cache
AVAACINZEOAHHE-VFZPANTDSA-N,doripenem,C[C@@H](O)[C@H]1C(=O)N2C(C(=O)O)=C(S[C@@H]3CN[C@H](CNS(N)(=O)=O)C3)[C@H](C)[C@H]12,166588,,,preserved_catalog_cache
AXOIZCJOOAYSMI-UHFFFAOYSA-N,succinylcholine,C[N+](C)(C)CCOC(=O)CCC(=O)OCC[N+](C)(C)C,177026,37103.0,SG:e69327ef268576159d614b0df9987dd14647c0420ae27ba838ee40b9014edeb4,preserved_catalog_cache
AXQACEQYCPKDMV-RZAWKFBISA-N,naldemedine,CC(C)(NC(=O)C1=C(O)[C@@H]2Oc3c(O)ccc4c3[C@@]23CCN(CC2CC2)[C@H](C4)[C@]3(O)C1)c1nc(-c2ccccc2)no1,26529,37199.0,SG:9f9a9101a5982677372b6bfe1950c1b8ff83e18a0f75848daca125fca9002578,prepared_A_B_cache
AYXYPKUFHZROOJ-ZETCQYMHSA-N,pregabalin,CC(C)C[C@H](CN)CC(=O)O,31637,39285.0,SG:2a10d3ac11e03ea9c334ec1ce72dcecaec1d58da91756674a9964406f3427fb2,prepared_A_B_cache
AZSRSNUQCUDCGG-UHFFFAOYSA-N,mobocertinib,C=CC(=O)Nc1cc(Nc2ncc(C(=O)OC(C)C)c(-c3cn(C)c4ccccc34)n2)c(OC)cc1N(C)CCN(C)C,8955,40548.0,SG:4aa52b59441139be8cf5c69c47ddcdfd634288f8dbfb8d35d75fc3b025e13f32,prepared_A_B_cache
BALLNEJQLSTPIO-UHFFFAOYSA-N,fruquintinib,CNC(=O)c1c(C)oc2cc(Oc3ncnc4cc(OC)c(OC)cc34)ccc12,103868,41757.0,SG:db3bff0434236a05c720a0ec26bd41493789ed1215f99d1495ee9290d3c10849,prepared_A_B_cache
BARDROPHSZEBKC-OITMNORJSA-N,fosaprepitant,C[C@@H](O[C@H]1OCCN(Cc2nn(P(=O)(O)O)c(=O)[nH]2)[C@H]1c1ccc(F)cc1)c1cc(C(F)(F)F)cc(C(F)(F)F)c1,166730,,,preserved_catalog_cache
BBAWEDCPNXPBQM-GDEBMMAJSA-N,telaprevir,CCC[C@H](NC(=O)[C@@H]1[C@H]2CCC[C@H]2CN1C(=O)[C@@H](NC(=O)[C@@H](NC(=O)c1cnccn1)C1CCCCC1)C(C)(C)C)C(=O)C(=O)NC1CC1,61038,42654.0,SG:34574dce0b73c4b3755b924cc267ae1979870b62f459670652fa21e32e580df3,prepared_A_B_cache
BCEHBSKCWLPMDN-MGPLVRAMSA-N,voriconazole,C[C@@H](c1ncncc1F)[C@](O)(Cn1cncn1)c1ccc(F)cc1F,167414,44429.0,SG:20be935c99d2243fe31c4749d70ba57d29111ae3d254d5b86dba953ebe5172f4,prepared_A_B_cache
BCFGMOOMADDAQU-UHFFFAOYSA-N,lapatinib,CS(=O)(=O)CCNCc1ccc(-c2ccc3ncnc(Nc4ccc(OCc5cccc(F)c5)c(Cl)c4)c3c2)o1,160902,44477.0,SG:7b4235358c66ec6a303bd33ec982fc7dbafd27fb146baf95bd20de7418e9f462,prepared_A_B_cache
BFDBKMOZYNOTPK-UHFFFAOYSA-N,vonoprazan,CNCc1cc(-c2ccccc2F)n(S(=O)(=O)c2cccnc2)c1,107247,,,preserved_catalog_cache
BFPYWIDHMRZLRN-SLHNCBLASA-N,ethinyl estradiol,C#C[C@]1(O)CC[C@H]2[C@@H]3CCc4cc(O)ccc4[C@H]3CC[C@@]21C,1604,49764.0,SG:366ecf429785aeacea771d266f85e4c82bf82dd051c513bcd349ec6e71e2f81d,prepared_A_B_cache
BFSMGDJOXZAERB-UHFFFAOYSA-N,dabrafenib,CC(C)(C)c1nc(-c2cccc(NS(=O)(=O)c3c(F)cccc3F)c2F)c(-c2ccnc(N)n2)s1,25534,49908.0,SG:b9e535791786327c61f66babc2915c3b738cbe32b55289bcbcb182ae1b442c1b,prepared_A_B_cache
BGDKAVGWHJFAGW-UHFFFAOYSA-N,tropicamide,CCN(Cc1ccncc1)C(=O)C(CO)c1ccccc1,64824,50573.0,SG:8b72d78f85c096b764c0834ddd405f6d2218ba91a5b593632f9798a6ba87a15e,preserved_catalog_cache
BISPBXFUKNXOQY-RITPCOANSA-N,durlobactam,CC1=C[C@@H]2CN(C(=O)N2OS(=O)(=O)O)[C@@H]1C(N)=O,47333,,,preserved_catalog_cache
BLIJXOOIHRSQRB-PXYINDEMSA-N,darolutamide,CC(O)c1cc(C(=O)N[C@@H](C)Cn2ccc(-c3ccc(C#N)c(Cl)c3)n2)n[nH]1,41330,58840.0,SG:f6b125bcf60d5e39787a513fb039cee2f2ca4676116f46a3c851b9ae39dbbf13,prepared_A_B_cache
BLJRIMJGRPQVNF-JTQLQIEISA-N,timolol,CC(C)(C)NC[C@H](O)COc1nsnc1N1CCOCC1,22722,58920.0,SG:24ef2b351b666e7d166090ad4dd59a54067de499b85fdd1ba87abb9c973f5525,prepared_A_B_cache
BMEARIQHWSVDBS-SNVBAGLBSA-N,cipepofol,CC(C)c1cccc([C@H](C)C2CC2)c1O,38137,,,preserved_catalog_cache
BMGQWWVMWDBQGC-IIFHNQTCSA-N,midostaurin,CO[C@@H]1[C@H](N(C)C(=O)c2ccccc2)C[C@H]2O[C@]1(C)n1c3ccccc3c3c4c(c5c6ccccc6n2c5c31)C(=O)NC4,121491,60348.0,SG:67cab29be8202a41710860f18be1eb61db13ea934559723c9202c152b1a918c3,prepared_A_B_cache
BMKDZUISNHGIBY-ZETCQYMHSA-N,dexrazoxane,C[C@@H](CN1CC(=O)NC(=O)C1)N1CC(=O)NC(=O)C1,165224,60537.0,SG:1c4e2a6b010cab56901d41c587b85caa502f90376ea9e34e9c265c168a4eb5f1,prepared_A_B_cache
BMPDWHIDQYTSHX-AWEZNQCLSA-N,eslicarbazepine,NC(=O)N1c2ccccc2C[C@H](O)c2ccccc21,241671,,,preserved_catalog_cache
BMPDWHIDQYTSHX-UHFFFAOYSA-N,oxcarbazepine,NC(=O)N1c2ccccc2CC(O)c2ccccc21,241669,60819.0,SG:b45882b9927c27a6e9f282a8fb35cecabee335bfd40a435264e937f7dcfe9942,prepared_A_B_cache
BNRNXUUZRGQAQC-UHFFFAOYSA-N,sildenafil,CCCc1nn(C)c2c(=O)[nH]c(-c3cc(S(=O)(=O)N4CCN(C)CC4)ccc3OCC)nc12,62138,62534.0,SG:f6348edf4a1c58b05af5faa401456496bb39a555effb6432facd4e87979dd803,prepared_A_B_cache
BPKAHTKRCLCHEA-UBFJEZKGSA-N,paricalcitol,C[C@H](/C=C/[C@H](C)C(C)(C)O)[C@H]1CC[C@H]2/C(=C/C=C3C[C@@H](O)C[C@H](O)C3)CCC[C@]12C,170731,,,preserved_catalog_cache
BPQMGSKTAYIVFO-UHFFFAOYSA-N,vismodegib,CS(=O)(=O)c1ccc(C(=O)Nc2ccc(Cl)c(-c3ccccn3)c2)c(Cl)c1,163010,65576.0,SG:c0e62497bfb9120dbfb485f3639cd1f91c37b37764a03f3b1f8bb3981d1ab473,prepared_A_B_cache
BPRHUIZQVSMCRT-VEUZHWNKSA-N,rosuvastatin,CC(C)c1nc(N(C)S(C)(=O)=O)nc(-c2ccc(F)cc2)c1/C=C/[C@@H](O)C[C@@H](O)CC(=O)O,38441,65626.0,SG:e4abaea873792828e444e148ccf7a93be41bd649fa29878a51a8a3a0f2d7eae9,preserved_catalog_cache
BPZSYCZIITTYBL-YJYMSZOUSA-N,arformoterol,COc1ccc(C[C@@H](C)NC[C@H](O)c2ccc(O)c(NC=O)c2)cc1,144521,66134.0,SG:b0e2019266823ffb66d0265d777f86d38d12fc2d017b2fb17e634e8ba7bbcd20,prepared_A_B_cache
BQEJAAIPKDQEPV-MXHGPKCJSA-N,difluprednate,CCCC(=O)O[C@]1(C(=O)CO)CC[C@H]2[C@@H]3C[C@H](F)C4=CC(=O)C=C[C@]4(C)[C@@]3(F)[C@@H](O)C[C@@]21C,52784,,,preserved_catalog_cache
BQJCRHHNABKAKU-KBQPJGBKSA-N,morphine,CN1CC[C@]23c4c5ccc(O)c4O[C@H]2[C@@H](O)C=C[C@H]3[C@H]1C5,101451,66706.0,SG:36ec7cb38b01a5c87284ac0a3b772d49ab628e36e54669c6d6d2e247323def2d,prepared_A_B_cache
BQSJTQLCZDPROO-UHFFFAOYSA-N,febuxostat,Cc1nc(-c2ccc(OCC(C)C)c(C#N)c2)sc1C(=O)O,208834,67274.0,SG:3b44f2628fa93b2838139e26cf8295a4360dc8652662fac3ad359def5d61c490,preserved_catalog_cache
BRUQQQPBMZOVGD-XFKAJCMBSA-N,oxycodone,COc1ccc2c3c1O[C@H]1C(=O)CC[C@@]4(O)[C@@H](C2)N(C)CC[C@]314,150301,68997.0,SG:379576b05a4411c44414ccfba8a8c8058db917f24e72aa5621e4e12854e68a00,prepared_A_B_cache
BSMCAPRUBJMWDF-KRWDZBQOSA-N,cobimetinib,O=C(c1ccc(F)c(F)c1Nc1ccc(I)cc1F)N1CC(O)([C@@H]2CCCCN2)C1,287748,70028.0,SG:63926383938090f987460ae9498a4dbdb2a73fda38bd7d6f6fcf682527851102,prepared_A_B_cache
BSYNRYMUTXBXSQ-UHFFFAOYSA-N,aspirin,CC(=O)Oc1ccccc1C(=O)O,19617,70777.0,SG:13cad05ca8f49c509e5b7be8c67668484344ebf2b2d12b03b295f14d4b1c32d1,preserved_catalog_cache
BTBHLEZXCOBLCY-QGZVFWFLSA-N,finerenone,CCOc1ncc(C)c2c1[C@H](c1ccc(C#N)cc1OC)C(C(N)=O)=C(C)N2,75572,70937.0,SG:dd70ad17da74c7e4713348b3fb287b16bbc0cdb8bb9898bde51dcd4bbabe525e,prepared_A_B_cache
BTCRKOKVYTVOLU-SJSRKZJXSA-N,bexagliflozin,OC[C@H]1O[C@@H](c2ccc(Cl)c(Cc3ccc(OCCOC4CC4)cc3)c2)[C@H](O)[C@@H](O)[C@@H]1O,303979,71014.0,SG:344fbec384b709d89111e3d6d5ec91b509a3f16ea0f64bc6a7eee2c280c4776d,prepared_A_B_cache
BUGYDGFZZOZRHP-UHFFFAOYSA-N,memantine,CC12CC3CC(C)(C1)CC(N)(C3)C2,46497,72892.0,SG:397fac64c7aa83aba1b9b33edc8cf4901ef6236d9a7c23d0640ec0d07328c7dc,prepared_A_B_cache
BYBLEWFAAKGYCD-UHFFFAOYSA-N,miconazole,Clc1ccc(COC(Cn2ccnc2)c2ccc(Cl)cc2Cl)c(Cl)c1,218130,78997.0,SG:718cc7bd988799d18360429348f0e637ef3174faba9946d2da6ad52ea8bd537d,preserved_catalog_cache
BZZKEPGENYLQSC-FIBGUPNXSA-N,deucravacitinib,[2H]C([2H])([2H])NC(=O)c1nnc(NC(=O)C2CC2)cc1Nc1cccc(-c2ncn(C)n2)c1OC,306546,82141.0,SG:cd8c526164c96b1c518a09302c0938a8539f389274d9dfbe1ef90ea708e43357,prepared_A_B_cache
BZZKEPGENYLQSC-UHFFFAOYSA-N,deucravacitinib,CNC(=O)c1nnc(NC(=O)C2CC2)cc1Nc1cccc(-c2ncn(C)n2)c1OC,105870,82142.0,SG:cd8c526164c96b1c518a09302c0938a8539f389274d9dfbe1ef90ea708e43357,prepared_A_B_cache
CAVRKWRKTNINFF-UHFFFAOYSA-N,tradipitant,O=C(c1ccccc1Cl)c1cccnc1-c1nnn(Cc2cc(C(F)(F)F)cc(C(F)(F)F)c2)c1-c1ccncc1,288812,,,preserved_catalog_cache
CBRJPFGIXUFMTM-WDEREUQCSA-N,ritlecitinib,C=CC(=O)N1C[C@H](Nc2ncnc3[nH]ccc23)CC[C@@H]1C,8016,84830.0,SG:edcc45e1f8fd36ba78d8d8879c92b9d676d3d125f85199fd1a554089fdeea9f2,prepared_A_B_cache
CEFJVGZHQAGLHS-UHFFFAOYSA-N,ripretinib,CCn1c(=O)c(-c2cc(NC(=O)Nc3ccccc3)c(F)cc2Br)cc2cnc(NC)cc21,85299,88922.0,SG:0cc4e5f753f98b5395bf5d513247e55f22d7b6b23778b5439ba4854495365696,preserved_catalog_cache
CEUORZQYGODEFX-UHFFFAOYSA-N,aripiprazole;aripiprazole lauroxil,O=C1CCc2ccc(OCCCCN3CCN(c4cccc(Cl)c4Cl)CC3)cc2N1,290964,89889.0,SG:c7b0e946226865dc9a21da46720ebf898b17a444914b3527bcbf11ed3c13029a,prepared_A_B_cache
CGIGDMFJXJATDK-UHFFFAOYSA-N,indomethacin,COc1ccc2c(c1)c(CC(=O)O)c(C)n2C(=O)c1ccc(Cl)cc1,150070,92274.0,SG:eb20f9381a291c0864979edda457a8648b2371084ac128a8908008e1b4337cc5,prepared_A_B_cache
CJBJHOAVZSMMDJ-HEXNFIEUSA-N,darunavir,CC(C)CN(C[C@@H](O)[C@H](Cc1ccccc1)NC(=O)O[C@H]1CO[C@H]2OCC[C@H]21)S(=O)(=O)c1ccc(N)cc1,30517,96588.0,SG:83aaa63ed5d0cae66154fd70ae60eb270bc3e2771f2155ef7328ddaf14cdc0c1,prepared_A_B_cache
CJOFXWAVKWHTFT-XSFVSMFZSA-N,fluvoxamine,COCCCC/C(=N\OCCN)c1ccc(C(F)(F)F)cc1,116655,97400.0,SG:13cad05ca8f49c509e5b7be8c67668484344ebf2b2d12b03b295f14d4b1c32d1,preserved_catalog_cache
CMHHMUWAYWTMGS-UHFFFAOYSA-N,benoxinate,CCCCOc1cc(C(=O)OCCN(CC)CC)ccc1N,57476,101753.0,SG:13cad05ca8f49c509e5b7be8c67668484344ebf2b2d12b03b295f14d4b1c32d1,preserved_catalog_cache
CMJCXYNUCSMDBY-ZDUSSCGKSA-N,encorafenib,COC(=O)N[C@@H](C)CNc1nccc(-c2cn(C(C)C)nc2-c2cc(Cl)cc(NS(C)(=O)=O)c2F)n1,111403,101860.0,SG:fe62d844f1261d7b431abcac87d07bee4e1beaa0998667d197b47f1845718ba9,prepared_A_B_cache
CMWTZPSULFXXJA-VIFPVBQESA-N,naproxen,COc1ccc2cc([C@H](C)C(=O)O)ccc2c1,150580,102749.0,SG:a896d495b04a450b732a5bf6a5896266647c948af5d97014906f7afe145b9022,prepared_A_B_cache
COUYJEVMBVSIHV-SFHVURJKSA-N,olodaterol,COc1ccc(CC(C)(C)NC[C@H](O)c2cc(O)cc3c2OCC(=O)N3)cc1,143183,105829.0,SG:e869591bfb8fe21c21e5dfae088d1710e4f9451b0131b93fd6e2dada9664bb2d,prepared_A_B_cache
CPZBLNMUGSZIPR-NVXWUHKLSA-N,palonosetron,O=C1c2cccc3c2[C@H](CCC3)CN1[C@@H]1CN2CCC1CC2,295129,107650.0,SG:bedb1941cf2cdb090b6fdc804659a41f1eddc0a87f473f1cc341daa2a50bf653,prepared_A_B_cache
CSKDFZIMJXRJGH-VWLPUNTISA-N,tecovirimat,O=C(NN1C(=O)[C@@H]2[C@@H]3C=C[C@@H]([C@H]4C[C@@H]34)[C@@H]2C1=O)c1ccc(C(F)(F)F)cc1,272865,,,preserved_catalog_cache
CSOBIBXVIYAXFM-BYNJWEBRSA-N,ensifentrine,COc1cc2c(cc1OC)-c1c/c(=N\c3c(C)cc(C)cc3C)n(CCNC(N)=O)c(=O)n1CC2,134700,,,preserved_catalog_cache
CTRLABGOLIVAIY-UHFFFAOYSA-N,oxcarbazepine,NC(=O)N1c2ccccc2CC(=O)c2ccccc21,241668,113503.0,SG:d05293816ff5de77bd09f067c03332e5b5d059c67f636feedbd28884d864078e,prepared_A_B_cache
CUHVIMMYOGQXCV-NSHDSACASA-N,dexmedetomidine,Cc1cccc([C@H](C)c2cnc[nH]2)c1C,203929,114507.0,SG:b2ea3c6e5030170d37706b58334092bc0654502cdd7c40b2ad8ebdc0aaf61ab1,prepared_A_B_cache
CUIHSIWYWATEQL-UHFFFAOYSA-N,pazopanib,Cc1ccc(Nc2nccc(N(C)c3ccc4c(C)n(C)nc4c3)n2)cc1S(N)(=O)=O,198610,114547.0,SG:6e079a61f0a7b25e786d712639c845213e555c1c409d07221fd8ff873b27e22b,prepared_A_B_cache
CVWXJKQAOSCOAB-UHFFFAOYSA-N,quizartinib,CC(C)(C)c1cc(NC(=O)Nc2ccc(-c3cn4c(n3)sc3cc(OCCN5CCOCC5)ccc34)cc2)no1,24501,116962.0,SG:acbfc9229beaba293d4594c452479133ab68cb4b4a2f9924b664d2696eab871e,prepared_A_B_cache
CXOFVDLJLONNDW-UHFFFAOYSA-N,fosphenytoin,O=C1NC(=O)C(c2ccccc2)(c2ccccc2)N1,292516,119586.0,SG:67d8cc040782f31694ae5b12adf3eb7df7f318a82bc96193b9872d508e47df1c,prepared_A_B_cache
CXOXHMZGEKVPMT-UHFFFAOYSA-N,clobazam,CN1C(=O)CC(=O)N(c2ccccc2)c2cc(Cl)ccc21,95920,119615.0,SG:4a4d2e8ed73a9c42af658a65e25fd7bc10654d2c81253e14f868e6dcbbf84f0f,prepared_A_B_cache
CYHWMBVXXDIZNZ-KRWDZBQOSA-N,remimazolam,COC(=O)CC[C@@H]1N=C(c2ccccn2)c2cc(Br)ccc2-n2c(C)cnc21,110674,,,preserved_catalog_cache
CYOHGALHFOKKQC-UHFFFAOYSA-N,selumetinib,Cn1cnc2c(F)c(Nc3ccc(Br)cc3Cl)c(C(=O)NOCCO)cc21,224947,121141.0,SG:8180ddc8a86eae764d07e45c70d2abbddcd367c76c25d91d591ef4c11596f871,prepared_A_B_cache
CYQFCXCEBYINGO-IAGOWNOFSA-N,dronabinol,CCCCCc1cc(O)c2c(c1)OC(C)(C)[C@@H]1CCC(C)=C[C@@H]21,56090,121256.0,SG:83684e5fd6e449649cc0ef8b1329b4aa6c1bda102a2bebce56c4b5b223c0826a,prepared_A_B_cache
CZFFBEXEKNGXKS-UHFFFAOYSA-N,raltegravir,Cc1nnc(C(=O)NC(C)(C)c2nc(C(=O)NCc3ccc(F)cc3)c(O)c(=O)n2C)o1,215817,122171.0,SG:91f17463a73746117769c14a89204d7fde2b00030b69aedffc86cfc8418cb82a,prepared_A_B_cache
CZGVOBIGEBDYTP-VSGBNLITSA-N,linerixibat,CCCC[C@]1(CC)CS(=O)(=O)c2cc(CNC(CC(=O)O)CC(=O)O)c(OC)cc2[C@@H](c2ccccc2)N1,58206,122285.0,SG:4784fbc3c48a968ed8a1a9d079c49c56f943492a2069aa3ae2e05edebf816c75,prepared_A_B_cache
DBABZHXKTCFAPX-UHFFFAOYSA-N,probenecid,CCCN(CCC)S(=O)(=O)c1ccc(C(=O)O)cc1,58926,125018.0,SG:13cad05ca8f49c509e5b7be8c67668484344ebf2b2d12b03b295f14d4b1c32d1,preserved_catalog_cache
DBEPLOCGEIEOCV-WSBQPABSSA-N,finasteride,CC(C)(C)NC(=O)[C@H]1CC[C@H]2[C@@H]3CC[C@H]4NC(=O)C=C[C@]4(C)[C@H]3CC[C@]12C,22632,125290.0,SG:b8d257432e36b78a7a3e019bc3c77399f440679f178931d5d55ae29c6753a77a,prepared_A_B_cache
DBGIVFWFUFKIQN-UHFFFAOYSA-N,fenfluramine,CCNC(C)Cc1cccc(C(F)(F)F)c1,67193,125383.0,SG:13cad05ca8f49c509e5b7be8c67668484344ebf2b2d12b03b295f14d4b1c32d1,preserved_catalog_cache
DCCSDBARQIPTGU-HSZRJFAPSA-N,fesoterodine,CC(C)C(=O)Oc1ccc(CO)cc1[C@H](CCN(C(C)C)C(C)C)c1ccccc1,29506,,,preserved_catalog_cache
DCOPUUMXTXDBNB-UHFFFAOYSA-N,diclofenac,O=C(O)Cc1ccccc1Nc1c(Cl)cccc1Cl,283764,127479.0,SG:66594b79d38dcf0e9b76f97ea0b663d2201a9726e63e7d60e676d1d53a8a4bca,prepared_A_B_cache
DDFOUSQFMYRUQK-RCDICMHDSA-N,isavuconazonium,C[C@@H](c1nc(-c2ccc(C#N)cc2)cs1)[C@](O)(Cn1cncn1)c1cc(F)ccc1F,167398,128540.0,SG:9bb1ccffa20769cc758188aaa28a5b9f5bed6a1250e5a20f0f8331552b789e07,prepared_A_B_cache
DDLIGBOFAVUZHB-UHFFFAOYSA-N,midazolam,Cc1ncc2n1-c1ccc(Cl)cc1C(c1ccccc1F)=NC2,213968,128886.0,SG:a70f91a7b71957a2aa9e419c6ef9ebb0094dbc5219e87b0f8638f16b848be93a,prepared_A_B_cache
DDOOFTLHJSMHLN-ZQHRPCGSSA-N,ubrogepant,C[C@@H]1[C@H](c2ccccc2)C[C@H](NC(=O)c2cnc3c(c2)C[C@@]2(C3)C(=O)Nc3ncccc32)C(=O)N1CC(F)(F)F,169906,129070.0,SG:5cb3651ec44613552f6053c5a5495cc49b699a4b45fca13ebc4037e07cdf903b,prepared_A_B_cache
DEVSOMFAQLZNKR-RJRFIUFISA-N,selinexor,O=C(/C=C\n1cnc(-c2cc(C(F)(F)F)cc(C(F)(F)F)c2)n1)NNc1cnccn1,262075,131037.0,SG:c1f58e6f7b97127f40b7fbc3f2402e7bf9e459e9fcf7fef793aaf1aac1fde20b,prepared_A_B_cache
DHHVAGZRUROJKS-UHFFFAOYSA-N,phentermine,CC(C)(N)Cc1ccccc1,26505,134989.0,SG:13cad05ca8f49c509e5b7be8c67668484344ebf2b2d12b03b295f14d4b1c32d1,preserved_catalog_cache
DHMTURDWPRKSOA-RUZDIDTESA-N,lonafarnib,NC(=O)N1CCC(CC(=O)N2CCC([C@H]3c4ncc(Br)cc4CCc4cc(Cl)cc(Br)c43)CC2)CC1,241611,135292.0,SG:ae1b660dd1057d3f6a7a54e02f52ebc96e79a5b3820c3967d451e2c6ad6898a3,prepared_A_B_cache
DHSUYTOATWAVLW-WFVMDLQDSA-N,cilastatin,CC1(C)C[C@@H]1C(=O)N/C(=C\CCCCSC[C@H](N)C(=O)O)C(=O)O,44134,,,preserved_catalog_cache
DIWRORZWFLOCLC-UHFFFAOYSA-N,lorazepam,O=C1Nc2ccc(Cl)cc2C(c2ccccc2Cl)=NC1O,294055,137514.0,SG:82a902031424450a63f4ebb9443a95d0e9f8d1a008711cc1dad4dddb99bc1bad,prepared_A_B_cache
DJXRIQMCROIRCZ-XOEOCAAJSA-N,vibegron,O=C(Nc1ccc(C[C@@H]2CC[C@H]([C@H](O)c3ccccc3)N2)cc1)[C@@H]1CCc2nccc(=O)n21,277588,139033.0,SG:2aa13f1d9a95aa036ff286b2bdec12e739ee758bfafb32351acd082e04352c97,prepared_A_B_cache
DKNWSYNQZKUICI-UHFFFAOYSA-N,amantadine,NC12CC3CC(CC(C3)C1)C2,245830,140030.0,SG:397fac64c7aa83aba1b9b33edc8cf4901ef6236d9a7c23d0640ec0d07328c7dc,prepared_A_B_cache
DKULOVKANLVDEA-UHFFFAOYSA-N,aprocitentan,NS(=O)(=O)Nc1ncnc(OCCOc2ncc(Br)cn2)c1-c1ccc(Br)cc1,248793,140466.0,SG:3b7a9a03a99fed471e7a1a96111a7aa987d544d7f2915b4faa3da5519df305c0,prepared_A_B_cache
DKYWVDODHFEZIM-UHFFFAOYSA-N,ketoprofen,CC(C(=O)O)c1cccc(C(=O)c2ccccc2)c1,21220,140735.0,SG:113660f6820aa1505046e743926bd418c121e0cb1e25a470d2d0c4ea2feaa270,prepared_A_B_cache
DMJNNHOOLUXYBV-PQTSNVLCSA-N,meropenem,C[C@@H](O)[C@H]1C(=O)N2C(C(=O)O)=C(S[C@@H]3CN[C@H](C(=O)N(C)C)C3)[C@H](C)[C@H]12,166587,,,preserved_catalog_cache
DMKSVUSAATWOCU-HROMYWEYSA-N,loteprednol etabonate,CCOC(=O)O[C@]1(C(=O)OCCl)CC[C@H]2[C@@H]3CCC4=CC(=O)C=C[C@]4(C)[C@H]3[C@@H](O)C[C@@]21C,69910,,,preserved_catalog_cache
DMNOVGJWPASQDL-OAQYLSRUSA-N,oliceridine,COc1ccsc1CNCC[C@@]1(c2ccccn2)CCOC2(CCCC2)C1,156742,143167.0,SG:71cbf9be947f194916ad89ae5b461fc3f0d05271e1da92c8c195f6639ae93aac,prepared_A_B_cache
DOBNVUFHFMVMDB-BEFAXECRSA-N,sacubitril,C[C@H](C[C@@H](Cc1ccc(-c2ccccc2)cc1)NC(=O)CCC(=O)O)C(=O)O,171397,145550.0,SG:27dacb226b18e24b40e3483c9d0e363c7a15bdec559d81ec8d9e8a3e342ad2f2,prepared_A_B_cache
DOMXUEMWDBAQBQ-WEVVVXLNSA-N,terbinafine,CN(C/C=C/C#CC(C)(C)C)Cc1cccc2ccccc12,92960,146181.0,SG:a896d495b04a450b732a5bf6a5896266647c948af5d97014906f7afe145b9022,prepared_A_B_cache
DOUYETYNHWVLEO-UHFFFAOYSA-N,imiquimod,CC(C)Cn1cnc2c(N)nc3ccccc3c21,32549,146670.0,SG:c3d743aabc8c77848a291f022d20730cb194856224abb3c634160fdcf7585755,prepared_A_B_cache
DQCKKXVULJGBQN-XFWGSAIBSA-N,naltrexone,O=C1CC[C@@]2(O)[C@H]3Cc4ccc(O)c5c4[C@@]2(CCN3CC2CC2)[C@H]1O5,290761,148709.0,SG:d4743b24c1852d73f07e8d47197a59db06bf78209503e31c21710517c9cba2d0,prepared_A_B_cache
DRHKJLXJIQTDTD-OAHLLOKOSA-N,tamsulosin,CCOc1ccccc1OCCN[C@H](C)Cc1ccc(OC)c(S(N)(=O)=O)c1,75262,150579.0,SG:4f6f880e9c5c286c7f30d1adc0575cf3101abe73ea366f3725197efa09e529f8,prepared_A_B_cache
DTGLZDAWLRGWQN-UHFFFAOYSA-N,prasugrel,CC(=O)Oc1cc2c(s1)CCN(C(C(=O)C1CC1)c1ccccc1F)C2,19541,153672.0,SG:b04c8d6609cf88e26566b090a639ce5dcc0bea3ac7883ccfdb65e73a933573da,preserved_catalog_cache
DUGOZIWVEXMGBE-CHWSQXEVSA-N,dexmethylphenidate;serdexmethylphenidate,COC(=O)[C@H](c1ccccc1)[C@H]1CCCCN1,113064,155221.0,SG:6c5ad56768e18321017e0ba2208b9056b3f547c1320e02b05e22a0f24b0faf0e,prepared_A_B_cache
DUXZAXCGJSBGDW-HXUWFJFHSA-N,fesoterodine,CC(C)N(CC[C@H](c1ccccc1)c1cc(CO)ccc1O)C(C)C,32732,,,preserved_catalog_cache
DUYJMQONPNNFPI-UHFFFAOYSA-N,osimertinib,C=CC(=O)Nc1cc(Nc2nccc(-c3cn(C)c4ccccc34)n2)c(OC)cc1N(C)CCN(C)C,9160,156298.0,SG:4aa52b59441139be8cf5c69c47ddcdfd634288f8dbfb8d35d75fc3b025e13f32,prepared_A_B_cache
DWRIJNIPBUFCQS-DQEYMECFSA-N,elinzanetant,Cc1cc(F)ccc1-c1cc(N2C[C@H]3COCCN3C[C@H]2CO)ncc1N(C)C(=O)C(C)(C)c1cc(C(F)(F)F)cc(C(F)(F)F)c1,186997,,,preserved_catalog_cache
DWYRIWUZIJHQKQ-SANMLTNESA-N,avapritinib,Cn1cc(-c2cc3c(N4CCN(c5ncc([C@@](C)(N)c6ccc(F)cc6)cn5)CC4)ncnn3c2)cn1,221024,159512.0,SG:1e415d6fa9b9df04482ee90a3c93458d7e756caad519c42a4396fba2302f5605,prepared_A_B_cache
DWZAEMINVBZMHQ-UHFFFAOYSA-N,gedatolisib,CN(C)C1CCN(C(=O)c2ccc(NC(=O)Nc3ccc(-c4nc(N5CCOCC5)nc(N5CCOCC5)n4)cc3)cc2)CC1,89347,159537.0,SG:30623d1060beafef1db8964ff7b09be9bbd8e892337335baa91556e47a42fe70,prepared_A_B_cache
DYDCPNMLZGFQTM-UHFFFAOYSA-N,delafloxacin,Nc1nc(-n2cc(C(=O)O)c(=O)c3cc(F)c(N4CC(O)C4)c(Cl)c32)c(F)cc1F,256837,161385.0,SG:a45fe119f7e139a006417dbcfd358997e33420657f8b7f2deaa1f2f4e168c436,prepared_A_B_cache
DYKFCLLONBREIL-KVUCHLLUSA-N,minocycline,CN(C)c1ccc(O)c2c1C[C@H]1C[C@H]3[C@H](N(C)C)C(O)=C(C(N)=O)C(=O)[C@@]3(O)C(O)=C1C2=O,92574,161807.0,SG:53a0465b0b1be62d4af31bbfecf9be55ba81c3f61a43d91588e619e09ac7e508,prepared_A_B_cache
DYLUUSLLRIQKOE-UHFFFAOYSA-N,enasidenib,CC(C)(O)CNc1nc(Nc2ccnc(C(F)(F)F)c2)nc(-c2cccc(C(F)(F)F)n2)n1,26994,161899.0,SG:037891770984db45f9b0262b285687969dfd8291d5eedd709cb9a918ce3214c2,prepared_A_B_cache
FABPRXSRWADJSP-MEDUHNTESA-N,moxifloxacin,COc1c(N2C[C@@H]3CCCN[C@@H]3C2)c(F)cc2c(=O)c(C(=O)O)cn(C3CC3)c12,122713,164501.0,SG:046848674965e3e7b5863b48342860cd9af9f92b80800ce2fb7375fc9735d79c,prepared_A_B_cache
FABUFPQFXZVHFB-PVYNADRNSA-N,ixabepilone,C/C(=C\c1csc(C)n1)[C@@H]1C[C@@H]2O[C@]2(C)CCC[C@H](C)[C@H](O)[C@@H](C)C(=O)C(C)(C)[C@@H](O)CC(=O)N1,2436,164515.0,SG:88b9c286f75e87d4d598a623bec099c9dfc3b892f40f1d7f1516ee137a9e4c61,prepared_A_B_cache
FAEKWTJYAYMJKF-QHCPKHFHSA-N,repaglinide,CCOc1cc(CC(=O)N[C@@H](CC(C)C)c2ccccc2N2CCCCC2)ccc1C(=O)O,73344,164663.0,SG:70d6b9bfeee739fdc436511b58d33b633b22b14e23843c3c76a6850155e511d1,prepared_A_B_cache
FASDKYOPVNHBLU-ZETCQYMHSA-N,pramipexole,CCCN[C@H]1CCc2nc(N)sc2C1,59625,165503.0,SG:2e118822f5c207843c4defe2ad459a2eb4d1e46f53f9705d758950d7e7e676f2,prepared_A_B_cache
FBHSPRKOSMHSIF-GRMWVWQJSA-N,deflazacort,CC(=O)OCC(=O)[C@@]12N=C(C)O[C@@H]1C[C@H]1[C@@H]3CCC4=CC(=O)C=C[C@]4(C)[C@H]3[C@@H](O)C[C@@]12C,19015,,,preserved_catalog_cache
FBOUYBDGKBSUES-VXKWHMMOSA-N,solifenacin,O=C(O[C@H]1CN2CCC1CC2)N1CCc2ccccc2[C@@H]1c1ccccc1,286598,166903.0,SG:0d5f17d8f197c1b53bb8dd41a96c961f8a2b0d13df9fc5af080b9b17df016da1,prepared_A_B_cache
FDBYIYFVSAHJLY-UHFFFAOYSA-N,resmetirom,CC(C)c1cc(Oc2c(Cl)cc(-n3nc(C#N)c(=O)[nH]c3=O)cc2Cl)n[nH]c1=O,37575,169367.0,SG:0e029e48d872aea25ee12fd2f72b761187c3e8e74473a9dc63168ecfa255e199,prepared_A_B_cache
FDLYAMZZIXQODN-UHFFFAOYSA-N,olaparib,O=C(c1cc(Cc2n[nH]c(=O)c3ccccc23)ccc1F)N1CCN(C(=O)C2CC2)CC1,287171,169983.0,SG:a00eb0bd54f3a6db12f3bd03f31aebc73cc054d74775df07932768ef12274c6d,prepared_A_B_cache
FDTZUTSGGSRHQF-UHFFFAOYSA-N,nitazoxanide,O=C(Nc1ncc([N+](=O)[O-])s1)c1ccccc1O,281350,170475.0,SG:cbedfe968131022a29ebcb9ffd98f158163ee1677a8aaccc508bde701409ddbb,preserved_catalog_cache
FELGMEQIXOGIFQ-UHFFFAOYSA-N,ondansetron,Cc1nccn1CC1CCc2c(c3ccccc3n2C)C1=O,214242,171456.0,SG:439131f385468f3897c2e1cd039e4a2d817d6e0d6fe9100f4b58937ef4d5c8f8,prepared_A_B_cache
FFGPTBGBLSHEPO-UHFFFAOYSA-N,carbamazepine,NC(=O)N1c2ccccc2C=Cc2ccccc21,241667,172776.0,SG:2389b5714d5e43397cc1bef2af199304360ded61b2360d22666d8fd874ae3966,prepared_A_B_cache
FGQFOYHRJSUHMR-UHFFFAOYSA-N,lesinurad,O=C(O)CSc1nnc(Br)n1-c1ccc(C2CC2)c2ccccc12,283452,174914.0,SG:0541f0a5404c75384fd51e0ffce7af46e0b31c051803faa21274681f20da457f,prepared_A_B_cache
FIDLLEYNNRGVFR-CTNGQTDRSA-N,baloxavir marboxil,O=C1c2c(O)c(=O)ccn2N([C@@H]2c3ccccc3SCc3c2ccc(F)c3F)[C@@H]2COCCN12,294865,,,preserved_catalog_cache
FIKPXCOQUIZNHB-WDEREUQCSA-N,repotrectinib,C[C@H]1CNC(=O)c2cnn3ccc(nc23)N[C@H](C)c2cc(F)ccc2O1,174340,177732.0,SG:de95a8fb8daadaff9c484659313e65dd7551dd5fe9f5305fdd684b32490a4c67,prepared_A_B_cache
FIVSJYGQAIEMOC-ZGNKEGEESA-N,rolapitant,C[C@@H](OC[C@@]1(c2ccccc2)CC[C@]2(CCC(=O)N2)CN1)c1cc(C(F)(F)F)cc(C(F)(F)F)c1,166664,178412.0,SG:35376dbf5df313f382fb5d1cc3e958b4e7edcd3832d5eb144d69be68d6168adc,prepared_A_B_cache
FJHBVJOVLFPMQE-QFIPXVFZSA-N,irinotecan,CCc1c2c(nc3ccc(O)cc13)-c1cc3c(c(=O)n1C2)COC(=O)[C@]3(O)CC,80099,179119.0,SG:752b6cef5780b2f2fae3f80e3b83b9ee24f85596a8218e38c6ee7f2bd6b5f837,prepared_A_B_cache
FJZZPCZKBUKGGU-AUSIDOKSSA-N,eliglustat,CCCCCCCC(=O)N[C@H](CN1CCCC1)[C@H](O)c1ccc2c(c1)OCCO2,54066,180251.0,SG:2e756da7ce92d3807fbe1c068f02cd29c93c4eabfa8b3158080fc70b73622753,preserved_catalog_cache
FKENQMMABCRJMK-RITPCOANSA-N,sulbactam,CC1(C)[C@H](C(=O)O)N2C(=O)C[C@H]2S1(=O)=O,45088,,,preserved_catalog_cache
FLSUCZWOEMTFAQ-PRBGKLEPSA-N,sulopenem,C[C@@H](O)[C@H]1C(=O)N2C(C(=O)O)=C(S[C@H]3CC[S@@+]([O-])C3)S[C@H]12,166589,,,preserved_catalog_cache
FNHKPVJBJVTLMP-UHFFFAOYSA-N,regorafenib,CNC(=O)c1cc(Oc2ccc(NC(=O)Nc3ccc(Cl)c(C(F)(F)F)c3)c(F)c2)ccn1,104154,185498.0,SG:74bb12f8a9b7224f7e5569bf63b3551fb0340c2fd5f68f11015f6103affb8a51,prepared_A_B_cache
FNKQXYHWGSIFBK-RPDRRWSUSA-N,sapropterin,C[C@H](O)[C@H](O)[C@H]1CNc2[nH]c(N)nc(=O)c2N1,172912,,,preserved_catalog_cache
FPOHNWQLNRZRFC-ZHACJKMWSA-N,panobinostat,Cc1[nH]c2ccccc2c1CCNCc1ccc(/C=C/C(=O)NO)cc1,177649,189029.0,SG:ed845f86be4b142d96af453eb9f1dd5ff0a261fe6b9af7ff5a08d6dd99399230,prepared_A_B_cache
FRVSRBKUQZKTOW-YOCNBXQISA-N,revumenib,CCN(C(=O)c1cc(F)ccc1Oc1cncnc1N1CC2(CCN(C[C@H]3CC[C@H](NS(=O)(=O)CC)CC3)CC2)C1)C(C)C,62703,,,preserved_catalog_cache
FTALBRSUTCGOEG-UHFFFAOYSA-N,riluzole,Nc1nc2ccc(OC(F)(F)F)cc2s1,257853,194408.0,SG:5a0630b242bf5e7865cbf5267e5f07723018c2682557fe381ad951c90a3e9cc7,prepared_A_B_cache
FVTWTVQXNAJTQP-UHFFFAOYSA-N,umeclidinium,OC(c1ccccc1)(c1ccccc1)C12CC[N+](CCOCc3ccccc3)(CC1)CC2,302772,198710.0,SG:b71055198a22f0f11098a5746e3bff3e22c11f771d4b50575be602eafd74c95e,prepared_A_B_cache
FWLMVFUGMHIOAA-UHFFFAOYSA-N,defactinib,CNC(=O)c1ccc(Nc2ncc(C(F)(F)F)c(NCc3nccnc3N(C)S(C)(=O)=O)n2)cc1,104642,199767.0,SG:7f5af921ae3cc9453aa640da336dc7d5301df33be80b0ef0ae7d5a5bd10bc1ce,prepared_A_B_cache
FWYSMLBETOMXAG-QHCPKHFHSA-N,letermovir,COc1cccc(N2CCN(C3=Nc4c(F)cccc4[C@H](CC(=O)O)N3c3cc(C(F)(F)F)ccc3OC)CC2)c1,153421,,,preserved_catalog_cache
FWZAWAUZXYCBKZ-NSHDSACASA-N,pirtobrutinib,COc1ccc(F)cc1C(=O)NCc1ccc(-c2nn([C@@H](C)C(F)(F)F)c(N)c2C(N)=O)cc1,145574,200606.0,SG:0a295adcbfa07d21286863e9c3e46670509060b984410564e11102031b0c6047,prepared_A_B_cache
FYDWDCIFZSGNBU-UHFFFAOYSA-N,revefenacin,CN(CCN1CCC(OC(=O)Nc2ccccc2-c2ccccc2)CC1)C(=O)c1ccc(CN2CCC(C(N)=O)CC2)cc1,93523,202435.0,SG:0f4f1e2b303655f2d4ffe022530e9bc4eca2a1c86d3c4bcc1f8bfd928dfdb1b5,prepared_A_B_cache
FYMHQCNFKNMJAV-HOTGVXAUSA-N,finafloxacin,N#Cc1c(N2C[C@@H]3NCCO[C@H]3C2)c(F)cc2c(=O)c(C(=O)O)cn(C3CC3)c12,234114,,,preserved_catalog_cache
GBLBJPZSROAGMF-RWYJCYHVSA-N,pralsetinib,CO[C@]1(C(=O)N[C@@H](C)c2ccc(-n3cc(F)cn3)nc2)CC[C@H](c2nc(C)cc(Nc3cc(C)[nH]n3)n2)CC1,122187,207604.0,SG:565cc68404c91e5e2e13151e4777e680380d85ee3daf724ea6861f22fdecb42d,prepared_A_B_cache
GBXSMTUPTTWBMN-XIRDDKMYSA-N,enalapril,CCOC(=O)[C@H](CCc1ccccc1)N[C@@H](C)C(=O)N1CCC[C@H]1C(=O)O,70010,,,preserved_catalog_cache
GCKFUYQCUCGESZ-BPIQYHPVSA-N,etonogestrel,C#C[C@]1(O)CC[C@H]2[C@@H]3CCC4=CC(=O)CC[C@@H]4[C@H]3C(=C)C[C@@]21CC,1598,209177.0,SG:92126e053b8e9dd4718ac51823490971660df5f32a92e5fa7741a029cfab0325,prepared_A_B_cache
GDLBFKVLRPITMI-UHFFFAOYSA-N,diazoxide,CC1=Nc2ccc(Cl)cc2S(=O)(=O)N1,47546,210758.0,SG:f403d87bf2b19ea8f735a32b4595917e3496330db6baa8b132ffb7c7b65287e2,prepared_A_B_cache
GEJDGVNQKABXKG-CFKGEZKQSA-N,valbenazine,COc1cc2c(cc1OC)[C@H]1C[C@@H](OC(=O)[C@@H](N)C(C)C)[C@H](CC(C)C)CN1CC2,135434,212125.0,SG:df707e843437727bfd869d8dc54747eb63c9e3be4039739676d1c21bf4ab4c35,preserved_catalog_cache
GFHAXPJGXSQLPT-VIFPVBQESA-N,cenobamate,NC(=O)O[C@@H](Cn1ncnn1)c1ccccc1Cl,241850,,,preserved_catalog_cache
GFNANZIMVAIWHM-OBYCQNJPSA-N,triamcinolone,C[C@]12C=CC(=O)C=C1CC[C@H]1[C@@H]3C[C@@H](O)[C@](O)(C(=O)CO)[C@@]3(C)C[C@H](O)[C@@]12F,176170,,,preserved_catalog_cache
GGCSSNBKKAUURC-UHFFFAOYSA-N,sufentanil,CCC(=O)N(c1ccccc1)C1(COC)CCN(CCc2cccs2)CC1,49365,214850.0,SG:c05e60a6e35f75584eaf884f842f72b12eb75f846ea71bf2be93335cabe008d3,prepared_A_B_cache
GGXICVAJURFBLW-CEYXHVGTSA-N,latanoprost,CC(C)OC(=O)CCC/C=C\C[C@@H]1[C@@H](CC[C@@H](O)CCc2ccccc2)[C@H](O)C[C@@H]1O,34690,,,preserved_catalog_cache
GHILNKWBALQPDP-UHFFFAOYSA-N,paltusotine,N#Cc1cccc(-c2ccc3ncc(-c4cc(F)cc(F)c4)c(N4CCC(N)CC4)c3c2)c1O,237681,216821.0,SG:e8d2e8da96d47a38b55f167d1408057f32674dd05cdc283694e280b76a586612,prepared_A_B_cache
GJJFMKBJSRMPLA-DZGCQCFKSA-N,levomilnacipran,CCN(CC)C(=O)[C@@]1(c2ccccc2)C[C@H]1CN,63114,220071.0,SG:4aa71aef36615632564322bc9cf3cf2671f35c771152e98a4b226a2e0908bc86,prepared_A_B_cache
GJPICJJJRGTNOD-UHFFFAOYSA-N,bosentan,COc1ccccc1Oc1c(NS(=O)(=O)c2ccc(C(C)(C)C)cc2)nc(-c2ncccn2)nc1OCCO,156338,220476.0,SG:b8b44de0536dc0f64a91aa3fc701c4f4b23a13be4e4fd5cc86ba616236a7798a,prepared_A_B_cache
GJSURZIOUXUGAL-UHFFFAOYSA-N,clonidine,Clc1cccc(Cl)c1NC1=NCCN1,218602,220686.0,SG:8b92d42a58f0081658cfdb6f3009d8f7dc8de70ed2a4700461e79c194e664846,preserved_catalog_cache
GKCBAIGFKIBETG-UHFFFAOYSA-N,tetracaine,CCCCNc1ccc(C(=O)OCCN(C)C)cc1,56907,221239.0,SG:13cad05ca8f49c509e5b7be8c67668484344ebf2b2d12b03b295f14d4b1c32d1,preserved_catalog_cache
GKHIVNAUVKXIIY-UHFFFAOYSA-N,belumosudil,CC(C)NC(=O)COc1cccc(-c2nc(Nc3ccc4[nH]ncc4c3)c3ccccc3n2)c1,33496,221574.0,SG:bce862faa0fb11e296c556b5fe8b6820d55ae1fd880de43a4d95956646d0b539,prepared_A_B_cache
GLYMPHUVMRFTFV-QLFBSQMISA-N,ensartinib,C[C@@H]1CN(C(=O)c2ccc(NC(=O)c3cc(O[C@H](C)c4c(Cl)ccc(F)c4Cl)c(N)nn3)cc2)C[C@H](C)N1,168088,224185.0,SG:69b887ad78c9e05387b6a5d43c4d93625f4a2f1df3558b02414ae4ce1cdb80f6,prepared_A_B_cache
GMRQFYUYWCNGIN-NKMMMXOESA-N,calcitriol,C=C1/C(=C\C=C2/CCC[C@]3(C)[C@@H]([C@H](C)CCCC(C)(C)O)CC[C@@H]23)C[C@@H](O)C[C@@H]1O,4106,225323.0,SG:5fadabefa892237d3d6a03658b7694c84ec19d929aa10931ddbfff19cf61ffb1,prepared_A_B_cache
GNXFOGHNGIVQEH-UHFFFAOYSA-N,methocarbamol,COc1ccccc1OCC(O)COC(N)=O,156316,227213.0,SG:13cad05ca8f49c509e5b7be8c67668484344ebf2b2d12b03b295f14d4b1c32d1,preserved_catalog_cache
GOTYRUGSSMKFNF-UHFFFAOYSA-N,lenalidomide,Nc1cccc2c1CN(C1CCC(=O)NC1=O)C2=O,255736,228539.0,SG:5aad17a7a0da86c6a32d8ef7b5eace7350bf50d2145a1ea4b118ee349a8c97ec,prepared_A_B_cache
GPNHMOZDMYNCPO-PDUMRIMRSA-N,clascoterone,CCC(=O)O[C@]1(C(=O)CO)CC[C@H]2[C@@H]3CCC4=CC(=O)CC[C@]4(C)[C@H]3CC[C@@]21C,50150,229710.0,SG:d6514310af66c5732deb90b9c08acea4883cc744c9beccdb69aedf8ec902e759,prepared_A_B_cache
GPXBXXGIAQBQNI-UHFFFAOYSA-N,vemurafenib,CCCS(=O)(=O)Nc1ccc(F)c(C(=O)c2c[nH]c3ncc(-c4ccc(Cl)cc4)cc23)c1F,60523,230264.0,SG:1daf1c01eff8433f5edb99d70ed0223940a8d5b8d298e70eb0e41e00019448c9,prepared_A_B_cache
GXJABQQUPOEUTA-RDJZCZTQSA-N,bortezomib,CC(C)C[C@H](NC(=O)[C@H](Cc1ccccc1)NC(=O)c1cnccn1)B(O)O,32040,242073.0,SG:d688c268165649e7117b10e81587c38ec3946fe1b698973f66190ad09ef36eb9,prepared_A_B_cache
GXXLUDOKHXEFBQ-YJFSRANCSA-N,tebipenem pivoxil,C[C@@H](O)[C@H]1C(=O)N2C(C(=O)O)=C(SC3CN(C4=NCCS4)C3)[C@H](C)[C@H]12,166585,,,preserved_catalog_cache
GYDJEQRTZSCIOI-LJGSYFOKSA-N,tranexamic acid,NC[C@H]1CC[C@H](C(=O)O)CC1,247775,243313.0,SG:a21c4f64dcc59dd2ede88d9a0768c55c266cb330970fe499e6a6d2e8cef5ad95,prepared_A_B_cache
GYHCTFXIZSNGJT-UHFFFAOYSA-N,tolvaptan,Cc1ccccc1C(=O)Nc1ccc(C(=O)N2CCCC(O)c3cc(Cl)ccc32)c(C)c1,204766,243577.0,SG:3d537e9751710ccb44bbecfec6ef2f45694bf16d24c05a1c9eee18a6b41ffb13,prepared_A_B_cache
GYQYAJJFPNQOOW-UHFFFAOYSA-N,gilteritinib,CCc1nc(C(N)=O)c(Nc2ccc(N3CCC(N4CCN(C)CC4)CC3)c(OC)c2)nc1NC1CCOCC1,82459,244204.0,SG:d1e8712956297c27d96180d6affa9ea4a84a4a504630abf0c3fc298a1ba0c852,prepared_A_B_cache
GZOSMCIZMLWJML-VJLLXTKPSA-N,abiraterone,C[C@]12CC[C@H](O)CC1=CC[C@@H]1[C@@H]2CC[C@]2(C)C(c3cccnc3)=CC[C@@H]12,176600,245657.0,SG:15997ee33109276b95a6a7b59c4eb832171ee654f02112826a276e04c07f3f03,prepared_A_B_cache
GZUITABIAKMVPG-UHFFFAOYSA-N,raloxifene,O=C(c1ccc(OCCN2CCCCC2)cc1)c1c(-c2ccc(O)cc2)sc2cc(O)ccc12,288006,246021.0,SG:fecc2998d72eaa1b1e92d27a45120650892e9f7a06ce61f39885be9db69b6fe3,prepared_A_B_cache
HARRKNSQXBRBGZ-GVKWWOCJSA-N,zuranolone,C[C@@]1(O)CC[C@H]2[C@H](CC[C@@H]3[C@@H]2CC[C@]2(C)[C@@H](C(=O)Cn4cc(C#N)cn4)CC[C@@H]32)C1,170290,247416.0,SG:670ab3158ecd692092f02e70128a466ba57bebe3572a115fd0aea4781585fb9c,prepared_A_B_cache
HAYYBYPASCDWEQ-UHFFFAOYSA-N,entrectinib,CN1CCN(c2ccc(C(=O)Nc3n[nH]c4ccc(Cc5cc(F)cc(F)c5)cc34)c(NC3CCOCC3)c2)CC1,100411,247880.0,SG:d3a44eb0d22fc4e527e81a20eaf33c21778ba238ed32ea486cc87c2444e29c32,prepared_A_B_cache
HBOMLICNUCNMMY-XLPZGREQSA-N,zidovudine,Cc1cn([C@H]2C[C@H](N=[N+]=[N-])[C@@H](CO)O2)c(=O)[nH]c1=O,206482,248834.0,SG:39b7575b238025316ed51df2621bd47b60c66cbbe9d5d6da71cc80c91be0e2bc,preserved_catalog_cache
HCDMJFOHIXMBOV-UHFFFAOYSA-N,pemigatinib,CCN1C(=O)N(c2c(F)c(OC)cc(OC)c2F)Cc2cnc3[nH]c(CN4CCOCC4)cc3c21,65332,249697.0,SG:3937b4746223bb4a2a6ad7db190ce2475a4a08ae6743e7803e37b8dc663c4b19,prepared_A_B_cache
HCFDWZZGGLSKEP-UHFFFAOYSA-N,doxylamine,CN(C)CCOC(C)(c1ccccc1)c1ccccn1,90674,249797.0,SG:80b3500deab05d35afac195f29e293d1fdaf7e2445c31d706b7347b60b30f448,prepared_A_B_cache
HCRKCZRJWPKOAR-JTQLQIEISA-N,brinzolamide,CCN[C@H]1CN(CCCOC)S(=O)(=O)c2sc(S(N)(=O)=O)cc21,67437,250534.0,SG:e1c060c1b7e45aa9585dc812bd3aa1efe8fb36a516725fe7ccc5ea92ce5e3e42,prepared_A_B_cache
HDACQVRGBOVJII-JBDAPHQKSA-N,ramipril,CCOC(=O)[C@H](CCc1ccccc1)N[C@@H](C)C(=O)N1[C@H](C(=O)O)C[C@@H]2CCC[C@@H]21,70012,251034.0,SG:30dd49b764d2fceaefcc3d5d69a1aa1d28deb9287c59a6fac957569d44dcd2d6,prepared_A_B_cache
HEAUOKZIVMZVQL-VWLOTQADSA-N,elagolix,COc1cccc(-c2c(C)n(Cc3c(F)cccc3C(F)(F)F)c(=O)n(C[C@H](NCCCC(=O)O)c3ccccc3)c2=O)c1F,151279,252619.0,SG:de5a956359ab18b573db8f60be046c6c8e013c4984516e7f7236129ada92681d,prepared_A_B_cache
HEFNNWSXXWATRW-UHFFFAOYSA-N,ibuprofen,CC(C)Cc1ccc(C(C)C(=O)O)cc1,32376,252930.0,SG:13cad05ca8f49c509e5b7be8c67668484344ebf2b2d12b03b295f14d4b1c32d1,preserved_catalog_cache
HEVHTYMYEMEBPX-HZPDHXFCSA-N,taletrectinib,C[C@@H](N)COc1ccc(-c2cnc3ccc(N[C@H](C)c4cccc(F)c4)nn23)cc1,165580,,,preserved_catalog_cache
HFNKQEVNSGCOJV-OAHLLOKOSA-N,ruxolitinib,N#CC[C@H](C1CCCC1)n1cc(-c2ncnc3[nH]ccc23)cn1,232410,255002.0,SG:c13b0620e998c36b718d13b7536f2214959f9af4c54e95611b73c56fcf32c768,prepared_A_B_cache
HFZITXBUTWITPT-YWVKMMECSA-N,enmetazobactam,C[n+]1ccn(C[C@@]2(C)[C@H](C(=O)[O-])N3C(=O)C[C@H]3S2(=O)=O)n1,177327,,,preserved_catalog_cache
HGVDHZBSSITLCT-JLJPHGGASA-N,edoxaban,CN1CCc2nc(C(=O)N[C@@H]3C[C@@H](C(=O)N(C)C)CC[C@@H]3NC(=O)C(=O)Nc3ccc(Cl)cn3)sc2C1,101626,257027.0,SG:6619e3ab5c16bbb98c5757533a092fe259b5459149427f3033aba64b62db1d8a,prepared_A_B_cache
HHZIURLSWUIHRB-UHFFFAOYSA-N,nilotinib,Cc1cn(-c2cc(NC(=O)c3ccc(C)c(Nc4nccc(-c5cccnc5)n4)c3)cc(C(F)(F)F)c2)cn1,206290,258848.0,SG:f646b1894a7f407fad0c64abb42f3e2a2af7dac56fc49dcc64cf7669986d7f25,prepared_A_B_cache
HIFJCPQKFCZDDL-ACWOEMLNSA-N,iloprost,CC#CCC(C)[C@H](O)/C=C/[C@@H]1[C@H]2C/C(=C/CCCC(=O)O)C[C@H]2C[C@H]1O,13219,259236.0,SG:d56ac3b2a126c1d5b07a48b9d9bb712e53b929223b2cff1a0df93636d098adb8,prepared_A_B_cache
HJBWBFZLDZWPHF-UHFFFAOYSA-N,apalutamide,CNC(=O)c1ccc(N2C(=S)N(c3cnc(C#N)c(C(F)(F)F)c3)C(=O)C23CCC3)cc1F,104488,260649.0,SG:3b63aeb60d0075ea78eaa7fa51774f11532f73af4ba271a3e578943f56fae84e,preserved_catalog_cache
HKDLNTKNLJPAIY-WKWWZUSTSA-N,ulipristal,CC(=O)[C@@]1(O)CC[C@H]2[C@@H]3CCC4=CC(=O)CCC4=C3[C@@H](c3ccc(N(C)C)cc3)C[C@@]21C,19650,,,preserved_catalog_cache
HKHCSWPSUSWGLI-CABCVRRESA-N,centanafadine,c1ccc2cc([C@]34CNC[C@H]3C4)ccc2c1,308922,262561.0,SG:8ab9949620c5637ad85de6078e7e67e42459f673149351b2df0680d9ce12efb9,prepared_A_B_cache
HKXBNHCUPKIYDM-CGMHZMFXSA-N,doxercalciferol,C=C1/C(=C\C=C2/CCC[C@]3(C)[C@@H]([C@H](C)/C=C/[C@H](C)C(C)C)CC[C@@H]23)C[C@@H](O)C[C@@H]1O,4101,263531.0,SG:5fadabefa892237d3d6a03658b7694c84ec19d929aa10931ddbfff19cf61ffb1,prepared_A_B_cache
HMABYWSNWIZPAG-UHFFFAOYSA-N,rucaparib,CNCc1ccc(-c2[nH]c3cc(F)cc4c3c2CCNC4=O)cc1,107467,265293.0,SG:a106ff7acc7005f2cfa8416137d7ff21ad577990dbf3decd0c8317dd6c326c92,prepared_A_B_cache
HNPFPERDNWXAGS-NFVOFSAMSA-N,latanoprost,O=C(O)CCC/C=C\C[C@@H]1[C@@H](CC[C@@H](O)CCc2ccccc2)[C@H](O)C[C@@H]1O,282315,,,preserved_catalog_cache
HOIIHACBCFLJET-SFTDATJTSA-N,lumateperone,CN1CCN2c3c(cccc31)[C@@H]1CN(CCCC(=O)c3ccc(F)cc3)CC[C@@H]12,101221,268946.0,SG:3c9bba43e76e9af4f3a4831e30683d2d17e9802bcde80b36c72199872c058120,prepared_A_B_cache
HPHUVLMMVZITSG-LURJTMIESA-N,levetiracetam,CC[C@@H](C(N)=O)N1CCCC1=O,76517,270499.0,SG:fb7798f75f8e7a9de3c9d91adbcd1ea68a16f7856f8353eac7dfb7929899ff84,prepared_A_B_cache
HPJKCIUCZWXJDR-UHFFFAOYSA-N,letrozole,N#Cc1ccc(C(c2ccc(C#N)cc2)n2cncn2)cc1,236112,270587.0,SG:29dcf5491adae795d4c3a25786079bcb70188039580cf4ca1ee00b2bb245b42d,prepared_A_B_cache
HPNSFSBZBAHARI-RUDMXATFSA-N,mycophenolate mofetil,COc1c(C)c2c(c(O)c1C/C=C(\C)CCC(=O)O)C(=O)OC2,122411,270849.0,SG:9a647e10f3fa9a1f1e0d823e4005bc8c853b7f89835bce0945471447362ced2c,prepared_A_B_cache
HSUGRBWQSSZJOP-RTWAWAEBSA-N,diltiazem,COc1ccc([C@@H]2Sc3ccccc3N(CCN(C)C)C(=O)[C@@H]2OC(C)=O)cc1,148226,276010.0,SG:c283d809523c0ba60543ced5df1ca41f0a304e31680059e7f15a722a28915570,prepared_A_B_cache
HTIQEAQVCYTUBX-KRWDZBQOSA-N,levamlodipine,CCOC(=O)C1=C(COCCN)NC(C)=C(C(=O)OC)[C@@H]1c1ccccc1Cl,68471,,,preserved_catalog_cache
HTIQEAQVCYTUBX-UHFFFAOYSA-N,amlodipine,CCOC(=O)C1=C(COCCN)NC(C)=C(C(=O)OC)C1c1ccccc1Cl,68470,276877.0,SG:496fb2d31e86fc59dc96eecaea4ffdedf8adf92356370925f321760f59e046a4,prepared_A_B_cache
HUNGUWOZPQBXGX-UHFFFAOYSA-N,tirbanibulin,O=C(Cc1ccc(-c2ccc(OCCN3CCOCC3)cc2)cn1)NCc1ccccc1,266351,278754.0,SG:73bee849f6fcadfc9d1f7446f5511ee6407db86a61a467ed982df86397f10a26,prepared_A_B_cache
HVFLCNVBZFFHBT-ZKDACBOMSA-N,cefepime,CO/N=C(\C(=O)N[C@@H]1C(=O)N2C(C(=O)[O-])=C(C[N+]3(C)CCCC3)CS[C@H]12)c1csc(N)n1,109802,,,preserved_catalog_cache
HWGQMRYQVZSGDQ-HZPDHXFCSA-N,talazoparib,Cn1ncnc1[C@H]1c2n[nH]c(=O)c3cc(F)cc(c23)N[C@@H]1c1ccc(F)cc1,227228,281515.0,SG:31c9ec3551b2cd70b6d0b4ba4149974cf459d0f542e0afd1fc678c6d3a6413f9,prepared_A_B_cache
HWXVIOGONBBTBY-ONEGZZNKSA-N,pacritinib,C1=N/C2=N/c3ccc(OCCN4CCCC4)c(c3)COC/C=C/COCc3cccc(c3)C(=C1)N2,3427,282577.0,SG:f1dca3e878939f96e1e6bc0d90398175369db158efb401d2b93ae12fbe89780b,prepared_A_B_cache
HYAFETHFCAUJAY-UHFFFAOYSA-N,pioglitazone,CCc1ccc(CCOc2ccc(CC3SC(=O)NC3=O)cc2)nc1,81301,284434.0,SG:3eccbaf7bf433da2e7c8578b60a1e6bb5c660355730f1e4f89eac575833f9b3f,preserved_catalog_cache
HYHMLYSLQUKXKP-UHFFFAOYSA-N,bempedoic acid,CC(C)(CCCCCC(O)CCCCCC(C)(C)C(=O)O)C(=O)O,26004,,,preserved_catalog_cache
HZIYEEMJNBKMJH-UHFFFAOYSA-N,fosnetupitant,Cc1ccccc1-c1cc(N2CC[N+](C)(COP(=O)([O-])O)CC2)ncc1N(C)C(=O)C(C)(C)c1cc(C(F)(F)F)cc(C(F)(F)F)c1,204427,,,preserved_catalog_cache
IAKHMKGGTNLKSZ-INIZCTEOSA-N,colchicine,COc1cc2c(c(OC)c1OC)-c1ccc(OC)c(=O)cc1[C@@H](NC(C)=O)CC2,134420,288281.0,SG:f54608e553ea05cac5f08d257f07910c5b7f4540558eba48b1ae4ee0f5677361,prepared_A_B_cache
IAVUPMFITXYVAF-XPUUQOCRSA-N,dorzolamide,CCN[C@H]1C[C@H](C)S(=O)(=O)c2sc(S(N)(=O)=O)cc21,67439,288997.0,SG:b1f0074e041d6b3746bc22222b8b9e6fa1f7034384374b4239e83f8717086eeb,prepared_A_B_cache
IDUYJRXRDSPPRC-NRFANRHFSA-N,oteseconazole,O[C@@](Cn1cnnn1)(c1ccc(F)cc1F)C(F)(F)c1ccc(-c2ccc(OCC(F)(F)F)cc2)cn1,304487,,,preserved_catalog_cache
IEAKXXNRGSLYTQ-DEOSSOPVSA-N,crinecerfont,C#CCN(c1nc(-c2cc(C)c(OC)cc2Cl)c(C)s1)[C@@H](CC1CC1)c1ccc(C)c(F)c1,849,293948.0,SG:4b7cc3f25507c81c87dfd796f8240e61ea2874c39c72bbee203ea680358b3af6,prepared_A_B_cache
IFSDAJWBUCMOAH-HNNXBMFYSA-N,idelalisib,CC[C@H](Nc1ncnc2[nH]cnc12)c1nc2cccc(F)c2c(=O)n1-c1ccccc1,79188,296519.0,SG:fd5300184d3e6aaa33f8fb9bad4580df59576e4c6d07e18dcac4fa46a6130665,prepared_A_B_cache
IIXWYSCJSQVBQM-LLVKDONJSA-N,lorlatinib,C[C@H]1Oc2cc(cnc2N)-c2c(nn(C)c2C#N)CN(C)C(=O)c2ccc(F)cc21,174992,301533.0,SG:f7d44352503e07eaf675d835f058ec860938e14ee91af04d7e621fa626b82933,prepared_A_B_cache
IKENVDNFQMCRTR-UHFFFAOYSA-N,conivaptan,Cc1nc2c([nH]1)-c1ccccc1N(C(=O)c1ccc(NC(=O)c3ccccc3-c3ccccc3)cc1)CC2,211749,303617.0,SG:236f154f9d3dd50cabc571f1eb959db92db6d4b7ea631b338c4793683779563a,prepared_A_B_cache
IKKXOSBHLYMWAE-QRPMWFLTSA-N,islatravir,C#C[C@]1(CO)O[C@@H](n2cnc3c(N)nc(F)nc32)C[C@@H]1O,1571,,,preserved_catalog_cache
IMOZEMNVLZVGJZ-QGZVFWFLSA-N,apremilast,CCOc1cc([C@@H](CS(C)(=O)=O)N2C(=O)c3cccc(NC(C)=O)c3C2=O)ccc1OC,73540,307390.0,SG:129de53e4458299110a9e2348c1f383cd0e9b941abc8fdd7500083bb6eb31f92,prepared_A_B_cache
INJOMKTZOLKMBF-UHFFFAOYSA-N,guanfacine,N=C(N)NC(=O)Cc1c(Cl)cccc1Cl,239820,308626.0,SG:13cad05ca8f49c509e5b7be8c67668484344ebf2b2d12b03b295f14d4b1c32d1,preserved_catalog_cache
IOOWNWLVCOUUEX-WPRPVWTQSA-N,vaborbactam,O=C(O)C[C@@H]1CC[C@H](NC(=O)Cc2cccs2)B(O)O1,283467,,,preserved_catalog_cache
IPOKCKJONYRRHP-FMQUCBEESA-N,balsalazide,O=C(O)CCNC(=O)c1ccc(/N=N/c2ccc(O)c(C(=O)O)c2)cc1,282610,312005.0,SG:782452139c6e50ec94b38c2eec81078d21d699e2cc1a50f969f50ecbeaa04c27,prepared_A_B_cache
IPVQLZZIHOAWMC-QXKUPLGCSA-N,perindopril,CCC[C@H](N[C@@H](C)C(=O)N1[C@H](C(=O)O)C[C@@H]2CCCC[C@@H]21)C(=O)OCC,61057,312453.0,SG:ef6b1ddaf7f5fca670f613c0c2ded1f97369319587153236d2a8d04a24efa2db,prepared_A_B_cache
IQFYYKKMVGJFEH-CSMHCCOUSA-N,telbivudine,Cc1cn([C@@H]2C[C@@H](O)[C@H](CO)O2)c(=O)[nH]c1=O,206443,,,preserved_catalog_cache
IQIBKLWBVJPOQO-UHFFFAOYSA-N,tazarotene,CC1(C)CCSc2ccc(C#Cc3ccc(C(=O)O)cn3)cc21,43746,313226.0,SG:a614bfcbb55c483264b72af369368a804da88a6d5f322d2112144886ee4b6daa,prepared_A_B_cache
IQPSEEYGBUAQFF-UHFFFAOYSA-N,pantoprazole,COc1ccnc(C[S+]([O-])c2nc3ccc(OC(F)F)cc3[nH]2)c1OC,156599,313699.0,SG:9bc427d6571da0bc1ff630f0d1d9f47d1d8fd5d8d8a00acdf52ecb0a3da57a13,prepared_A_B_cache
IQVRBWUUXZMOPW-PKNBQFBNSA-N,istradefylline,CCn1c(=O)c2c(nc(/C=C/c3ccc(OC)c(OC)c3)n2C)n(CC)c1=O,85375,314087.0,SG:c077f4a573ca0bec93f7f40b6c0d2c1127cb63bd5f3687cab02565d3e158c580,prepared_A_B_cache
IRSCQMHQWWYFCW-UHFFFAOYSA-N,ganciclovir,Nc1nc2c(ncn2COC(CO)CO)c(=O)[nH]1,257669,315409.0,SG:6ca7d9b4a7b10d4073aa3a25d37627bd79e2ffb4ebc21e9e8cf5b77eb6b45172,prepared_A_B_cache
IUBSYMUCCVWXPE-UHFFFAOYSA-N,metoprolol,COCCc1ccc(OCC(O)CNC(C)C)cc1,119276,319173.0,SG:13cad05ca8f49c509e5b7be8c67668484344ebf2b2d12b03b295f14d4b1c32d1,preserved_catalog_cache
IUEWXNHSKRWHDY-PHIMTYICSA-N,abrocitinib,CCCS(=O)(=O)N[C@H]1C[C@@H](N(C)c2ncnc3[nH]ccc23)C1,60480,319371.0,SG:e48c9227af94148a447249d049f6c25a195e09c56e3c9a5d04d1bbbe8e71ec01,prepared_A_B_cache
IVBHGBMCVLDMKU-GXNBUGAJSA-N,piperacillin,CCN1CCN(C(=O)N[C@@H](C(=O)N[C@@H]2C(=O)N3[C@@H]2SC(C)(C)[C@@H]3C(=O)O)c2ccccc2)C(=O)C1=O,65772,,,preserved_catalog_cache
IYIKLHRQXLHMJQ-UHFFFAOYSA-N,amiodarone,CCCCc1oc2ccccc2c1C(=O)c1cc(I)c(OCCN(CC)CC)c(I)c1,58530,325869.0,SG:c94893ce9c974a72e5b1a62845d1b9b088f4d85b37bd78864f0efb28aa470afb,preserved_catalog_cache
IYSYPCSSDZBWHN-UHFFFAOYSA-N,ketotifen,O=C1Cc2ccccc2C(=C2CCNCC2)c2ccsc21,291841,326484.0,SG:4b353061b40dd9ad7705ac803342eede8032eb6169008f9dcc17a72c0833a71c,prepared_A_B_cache
JAUOIFJMECXRGI-UHFFFAOYSA-N,desloratadine;loratadine,Clc1ccc2c(c1)CCc1cccnc1C2=C1CCNCC1,218431,329640.0,SG:db0241af6fb88e401966c8bcc28c22ac891817793b9f3530167f8d07b1357a85,prepared_A_B_cache
JBIMVDZLSHOPLA-LSCVHKIXSA-N,olopatadine,CN(C)CC/C=C1/c2ccccc2COc2ccc(CC(=O)O)cc21,89679,330504.0,SG:356f83d410d62115a5029828c53b8183b8aeb0b52290fb7e638c3adf54316c68,prepared_A_B_cache
JBKPUQTUERUYQE-UHFFFAOYSA-O,pralidoxime,C[n+]1ccccc1/C=N/O,177318,330649.0,SG:8eb2bbb7e55a790a4ea4197cd4fb6e536197374fbc7ec15ad9f0a3f7267095a2,prepared_A_B_cache
JCCNYMKQOSZNPW-UHFFFAOYSA-N,loratadine,CCOC(=O)N1CCC(=C2c3ccc(Cl)cc3CCc3cccnc32)CC1,69505,331792.0,SG:db0241af6fb88e401966c8bcc28c22ac891817793b9f3530167f8d07b1357a85,prepared_A_B_cache
JDUBGYFRJFOXQC-KRWDZBQOSA-N,capivasertib,NC1(C(=O)N[C@@H](CCO)c2ccc(Cl)cc2)CCN(c2ncnc3[nH]ccc23)CC1,245647,334475.0,SG:a066744e313159c9362b3c3faee0b938ca4bb773a4f9a98e7b45d070c56c8dda,prepared_A_B_cache
JEECQCWWSTZDCK-IQZGDKDPSA-N,omadacycline,CN(C)c1cc(CNCC(C)(C)C)c(O)c2c1C[C@H]1C[C@H]3[C@H](N(C)C)C(O)=C(C(N)=O)C(=O)[C@@]3(O)C(O)=C1C2=O,92057,,,preserved_catalog_cache
JFOZKMSJYSPYLN-QHCPKHFHSA-N,lifitegrast,CS(=O)(=O)c1cccc(C[C@H](NC(=O)c2c(Cl)cc3c(c2Cl)CCN(C(=O)c2ccc4ccoc4c2)C3)C(=O)O)c1,163468,337272.0,SG:27040073b28e1e2c6fc77a045b13bb32262c600a3d486ac6a85f9adec648e20e,prepared_A_B_cache
JGCMEBMXRHSZKX-UHFFFAOYSA-N,macitentan,CCCNS(=O)(=O)Nc1ncnc(OCCOc2ncc(Br)cn2)c1-c1ccc(Br)cc1,59614,338123.0,SG:3b7a9a03a99fed471e7a1a96111a7aa987d544d7f2915b4faa3da5519df305c0,prepared_A_B_cache
JGRXMPYUTJLTKT-UHFFFAOYSA-N,vadadustat,O=C(O)CNC(=O)c1ncc(-c2cccc(Cl)c2)cc1O,283159,339077.0,SG:f4014652e6431540b345cd290c58add720e7644023d8772fceaa337ae1f31d8f,prepared_A_B_cache
JGWRKYUXBBNENE-UHFFFAOYSA-N,pexidartinib,FC(F)(F)c1ccc(CNc2ccc(Cc3c[nH]c4ncc(Cl)cc34)cn2)cn1,227680,339355.0,SG:cca52c940d78e24ae1f796ed968b97018cf28a657c3e97318aa3dced56286e84,prepared_A_B_cache
JIVPVXMEBJLZRO-UHFFFAOYSA-N,chlorthalidone,NS(=O)(=O)c1cc(C2(O)NC(=O)c3ccccc32)ccc1Cl,249068,342520.0,SG:5849dd0f4fcce001d033ae933c3f17089b5a091d934e1e8850b91c530d297381,prepared_A_B_cache
JJVAPHYEOZSKJZ-JGCGQSQUSA-N,zavegepant,Cc1cc(C[C@@H](NC(=O)N2CCC(c3cc4ccccc4[nH]c3=O)CC2)C(=O)N2CCN(C3CCN(C)CC3)CC2)cc2cn[nH]c12,186354,344096.0,SG:dcb3b1c999b986e7428c7aad99026478af71ece2e23f7e4eff612569630ede6d,prepared_A_B_cache
JKVNJTYHRABHIY-WXVUKLJWSA-N,benzgalantamine,COc1ccc2c3c1O[C@H]1C[C@@H](OC(=O)c4ccccc4)C=C[C@@]31CCN(C)C2,150327,,,preserved_catalog_cache
JOLJIIDDOBNFHW-UHFFFAOYSA-N,xanomeline,CCCCCCOc1nsnc1C1=CCCN(C)C1,55602,351398.0,SG:0e9e260087c719c82b96ded09e706052fc7a09e306e61266d9e8c9031acf0f26,prepared_A_B_cache
JOOXLOJCABQBSG-UHFFFAOYSA-N,fedratinib,Cc1cnc(Nc2ccc(OCCN3CCCC3)cc2)nc1Nc1cccc(S(=O)(=O)NC(C)(C)C)c1,207269,351608.0,SG:b81104f0e242ea86c18bce0be3046b90827959884cf7782aaab4d6c83a70ac76,prepared_A_B_cache
JQSHBVHOMNKWFT-DTORHVGOSA-N,varenicline,c1cnc2cc3c(cc2n1)[C@@H]1CNC[C@H]3C1,309195,,,preserved_catalog_cache
JURKNVYFZMSNLP-UHFFFAOYSA-N,cyclobenzaprine,CN(C)CCC=C1c2ccccc2C=Cc2ccccc21,89847,361397.0,SG:b15f3df538d63eba42e11aac5d69e4bd78f6a26ae066f0ad63b071d246e4eb55,prepared_A_B_cache
JUZYLCPPVHEVSV-LJQANCHMSA-N,elvitegravir,COc1cc2c(cc1Cc1cccc(Cl)c1F)c(=O)c(C(=O)O)cn2[C@H](CO)C(C)C,134486,361915.0,SG:e27dafdd9e82e99f9b89b2f9e4c44e28a74f62d93933d566bd672b43b2a8429b,prepared_A_B_cache
JVHXJTBJCFBINQ-ADAARDCZSA-N,dapagliflozin,CCOc1ccc(Cc2cc([C@@H]3O[C@H](CO)[C@@H](O)[C@H](O)[C@H]3O)ccc2Cl)cc1,74511,362413.0,SG:c818cf3a72d248d236c8f1bbd5a16e2699e412662572fd85e6b6e56d269527ed,prepared_A_B_cache
JVLBPIPGETUEET-WIXLDOGYSA-O,methylnaltrexone,C[N@+]1(CC2CC2)CC[C@]23c4c5ccc(O)c4O[C@H]2C(=O)CC[C@@]3(O)[C@H]1C5,177119,,,preserved_catalog_cache
JWHYSEDOYMYMNM-QGZVFWFLSA-N,seladelpar,CCO[C@H](COc1ccc(C(F)(F)F)cc1)CSc1ccc(OCC(=O)O)c(C)c1,72354,364045.0,SG:1287ed29e98c277ee3015d22f0c81bb1b30c86fb463013fc7957db9af9e220c0,prepared_A_B_cache
JWJOTENAMICLJG-QWBYCMEYSA-N,dutasteride,C[C@]12C=CC(=O)N[C@@H]1CC[C@@H]1[C@@H]2CC[C@]2(C)[C@@H](C(=O)Nc3cc(C(F)(F)F)ccc3C(F)(F)F)CC[C@@H]12,176222,364156.0,SG:e168600216abb40e85e1de5ed2e980f6c643d6a37c2ab9a5268b0848b4dbfb53,prepared_A_B_cache
JWNPDZNEKVCWMY-VQHVLOKHSA-N,neratinib,CCOc1cc2ncc(C#N)c(Nc3ccc(OCc4ccccn4)c(Cl)c3)c2cc1NC(=O)/C=C/CN(C)C,73688,364404.0,SG:b1878d1131e45abc5e2ab7834fb0d9ff67d6492d9feed65665372cca2c69bcb2,prepared_A_B_cache
JWUBBDSIWDLEOM-DTOXIADCSA-N,calcifediol,C=C1CC[C@H](O)C/C1=C/C=C1\CCC[C@]2(C)[C@@H]([C@H](C)CCCC(C)(C)O)CC[C@@H]12,4292,364782.0,SG:5fadabefa892237d3d6a03658b7694c84ec19d929aa10931ddbfff19cf61ffb1,preserved_catalog_cache
JYGXADMDTFJGBT-VWUMJDOOSA-N,hydrocortisone,C[C@]12CCC(=O)C=C1CC[C@@H]1[C@@H]2[C@@H](O)C[C@@]2(C)[C@H]1CC[C@]2(O)C(=O)CO,176313,367072.0,SG:d6514310af66c5732deb90b9c08acea4883cc744c9beccdb69aedf8ec902e759,prepared_A_B_cache
JYTNQNCOQXFQPK-MRXNPFEDSA-N,suvorexant,Cc1ccc(-n2nccn2)c(C(=O)N2CCN(c3nc4cc(Cl)ccc4o3)CC[C@H]2C)c1,193724,367858.0,SG:89a4269b88022844bf41e070bd0d954e1df60dc451718cc0c6390c5441f0b3a8,prepared_A_B_cache
JZUFKLXOESDKRF-UHFFFAOYSA-N,hydrochlorothiazide,NS(=O)(=O)c1cc2c(cc1Cl)NCNS2(=O)=O,249116,369485.0,SG:0e4a133631de78cc94e639ec961e840dc171477894fd717d0535f535e454dc66,prepared_A_B_cache
KAQKFAOMNZTLHT-OZUDYXHBSA-N,epoprostenol,CCCCC[C@H](O)/C=C/[C@@H]1[C@H]2C/C(=C/CCCC(=O)O)O[C@H]2C[C@H]1O,56056,,,preserved_catalog_cache
KBOPZPXVLCULAV-UHFFFAOYSA-N,balsalazide;mesalamine,Nc1ccc(O)c(C(=O)O)c1,255247,372366.0,SG:13cad05ca8f49c509e5b7be8c67668484344ebf2b2d12b03b295f14d4b1c32d1,preserved_catalog_cache
KDGFLJKFZUIJMX-UHFFFAOYSA-N,alectinib,CCc1cc2c(cc1N1CCC(N3CCOCC3)CC1)C(C)(C)c1[nH]c3cc(C#N)ccc3c1C2=O,80943,375022.0,SG:177ad7137fa93eb944991fbaacef5db4ee8ef244e3cf00c959c6043635095b9a,prepared_A_B_cache
KDLRVYVGXIQJDK-AWPVFWJPSA-N,clindamycin,CCC[C@@H]1C[C@@H](C(=O)N[C@@H]([C@H]2O[C@H](SC)[C@H](O)[C@@H](O)[C@H]2O)[C@H](C)Cl)N(C)C1,60791,,,preserved_catalog_cache
KEDYTOTWMPBSLG-HILJTLORSA-N,ramipril,C[C@H](N[C@@H](CCc1ccccc1)C(=O)O)C(=O)N1[C@H](C(=O)O)C[C@@H]2CCC[C@@H]21,172116,,,preserved_catalog_cache
KEIPNCCJPRMIAX-HNNXBMFYSA-N,futibatinib,C=CC(=O)N1CC[C@H](n2nc(C#Cc3cc(OC)cc(OC)c3)c3c(N)ncnc32)C1,7589,376756.0,SG:b29c9daca9071dba1deb3ba4178bb243a1f348218730d17234cb3b0b0536a1ea,prepared_A_B_cache
KENSGCYKTRNIST-RVUAFKSESA-N,deflazacort,CC1=N[C@]2(C(=O)CO)[C@@H](C[C@H]3[C@@H]4CCC5=CC(=O)C=C[C@]5(C)[C@H]4[C@@H](O)C[C@@]32C)O1,47537,,,preserved_catalog_cache
KFQYTPMOWPVWEJ-INIZCTEOSA-N,rotigotine,CCCN(CCc1cccs1)[C@H]1CCc2c(O)cccc2C1,58991,378829.0,SG:acceca52227ae81f75e69e4b49e980986522c7f5dc4efd7b7f20c5fb481ef87e,prepared_A_B_cache
KGFYHTZWPPHNLQ-AWEZNQCLSA-N,rivaroxaban,O=C(NC[C@H]1CN(c2ccc(N3CCOCC3=O)cc2)C(=O)O1)c1ccc(Cl)s1,271031,379748.0,SG:6e033d911e5fd1279a6df31e0341d2b99a6df4bff0d0a63140c6da9840ef6adb,prepared_A_B_cache
KGSXMPPBFPAXLY-UHFFFAOYSA-N,azilsartan,CCOc1nc2cccc(C(=O)O)c2n1Cc1ccc(-c2ccccc2-c2noc(=O)[nH]2)cc1,75477,380498.0,SG:c02adfe00ae7fe2bb9347db33056d76c49d2441310e2e231e36fa1a02eda6376,prepared_A_B_cache
KIHYPELVXPAIDH-HNSNBQBZSA-N,siponimod,CCc1cc(/C(C)=N/OCc2ccc(C3CCCCC3)c(C(F)(F)F)c2)ccc1CN1CC(C(=O)O)C1,80269,382961.0,SG:0f84a59e15d8546fcf349a6e8d5d7f61f2ae824b9f52734fa2b81d4b350d46bc,prepared_A_B_cache
KIQXRQVVYTYYAZ-VKVYFNERSA-N,tafluprost,O=C(O)CCC/C=C\C[C@@H]1[C@@H](/C=C/C(F)(F)COc2ccccc2)[C@H](O)C[C@@H]1O,282313,,,preserved_catalog_cache
KJADKKWYZYXHBB-XBWDGYHZSA-N,topiramate,CC1(C)O[C@@H]2[C@@H](CO[C@@]3(COS(N)(=O)=O)OC(C)(C)O[C@@H]23)O1,44860,384060.0,SG:d27adfb693dc16b7b8960c75f668adcc662fc72e2619e61d6fab89959a673833,prepared_A_B_cache
KJFBVJALEQWJBS-XUXIUFHCSA-N,maribavir,CC(C)Nc1nc2cc(Cl)c(Cl)cc2n1[C@H]1O[C@@H](CO)[C@H](O)[C@@H]1O,34623,384354.0,SG:6e4ae9a9841d45c3b662285f429ce8beef409a8d4f4ffd8d6f7d83aeabe5847d,prepared_A_B_cache
KJHKTHWMRKYKJE-SUGCFTRWSA-N,lopinavir,Cc1cccc(C)c1OCC(=O)N[C@@H](Cc1ccccc1)[C@@H](O)C[C@H](Cc1ccccc1)NC(=O)[C@H](C(C)C)N1CCCNC1=O,202496,384526.0,SG:af134ec13c5986da2b28ea8d252d4a2e84b56c1959610510ceca62b4e7c1e963,prepared_A_B_cache
KKGQTZUTZRNORY-UHFFFAOYSA-N,fingolimod,CCCCCCCCc1ccc(CCC(N)(CO)CO)cc1,55053,386032.0,SG:13cad05ca8f49c509e5b7be8c67668484344ebf2b2d12b03b295f14d4b1c32d1,preserved_catalog_cache
KPBZROQVTHLCDU-UHFFFAOYSA-N,clevidipine,CCCC(=O)OCOC(=O)C1=C(C)NC(C)=C(C(=O)OC)C1c1cccc(Cl)c1Cl,52757,393623.0,SG:496fb2d31e86fc59dc96eecaea4ffdedf8adf92356370925f321760f59e046a4,prepared_A_B_cache
KPVIXBKIJXZQJX-CSOZIWFHSA-N,lefamulin,C=C[C@]1(C)C[C@@H](OC(=O)CS[C@@H]2CC[C@@H](N)C[C@H]2O)[C@]2(C)C(C)CC[C@]3(CCC(=O)[C@H]32)[C@@H](C)[C@@H]1O,12420,,,preserved_catalog_cache
KPWSJANDNDDRMB-QAQDUYKDSA-N,cariprazine,CN(C)C(=O)N[C@H]1CC[C@H](CCN2CCN(c3cccc(Cl)c3Cl)CC2)CC1,88340,394883.0,SG:677c4eb456356f175b74e56f421b7d149f18954535fa9de2eb09a0da2bace0a0,prepared_A_B_cache
KPYSYYIEGFHWSV-UHFFFAOYSA-N,baclofen,NCC(CC(=O)O)c1ccc(Cl)cc1,246868,395003.0,SG:13cad05ca8f49c509e5b7be8c67668484344ebf2b2d12b03b295f14d4b1c32d1,preserved_catalog_cache
KQKPFRSPSRPDEB-UHFFFAOYSA-N,sumatriptan,CNS(=O)(=O)Cc1ccc2[nH]cc(CCN(C)C)c2c1,107633,395748.0,SG:e65f5bb7d6337f0d157e64696f6dc39e64f22fce5c6b77a92e71dd0ab6b06cc0,preserved_catalog_cache
KRNAOFGYEFKHPB-ANJVHQHFSA-N,rimegepant,N[C@@H]1c2cccnc2[C@H](OC(=O)N2CCC(n3c(=O)[nH]c4ncccc43)CC2)CC[C@H]1c1cccc(F)c1F,252637,397542.0,SG:6f2ee1b4828d6e90712d67d4f52ecddcb468bb359ba4c0546bf2e10705793ac8,prepared_A_B_cache
KSGXQBZTULBEEQ-UHFFFAOYSA-N,dabigatran etexilate,CCCCCCOC(=O)NC(=N)c1ccc(NCc2nc3cc(C(=O)N(CCC(=O)OCC)c4ccccn4)ccc3n2C)cc1,55459,398695.0,SG:5f798ff380bfc1df3f797a73cc69183726d8ea2787b65d19e51a6a4865b101cb,prepared_A_B_cache
KSMAGQUYOIHWFS-UHFFFAOYSA-N,lofexidine,CC(Oc1c(Cl)cccc1Cl)C1=NCCN1,41429,398982.0,SG:fd6ad046739478bb4fd83adb2d4335eb0d036132596120aece64522b6bc57bb7,prepared_A_B_cache
KTEIFNKAUNYNJU-GFCCVEGCSA-N,crizotinib,C[C@@H](Oc1cc(-c2cnn(C3CCNCC3)c2)cnc1N)c1c(Cl)ccc(F)c1Cl,166835,400114.0,SG:529b71367869eca78aee37bc42b72d9479326669322a7a958cd650b6f340d7c7,prepared_A_B_cache
KTUFNOKKBVMGRW-UHFFFAOYSA-N,imatinib,Cc1ccc(NC(=O)c2ccc(CN3CCN(C)CC3)cc2)cc1Nc1nccc(-c2cccnc2)n1,197500,401068.0,SG:6e3f11efff80d7e017d4bd0abcbf7731e8055cfbb0f0bbb11d722e2d0fb378ca,preserved_catalog_cache
KVWDHTXUZHCGIO-UHFFFAOYSA-N,olanzapine,Cc1cc2c(s1)Nc1ccccc1N=C2N1CCN(C)CC1,191258,404387.0,SG:7d984b3ce0c55f7642e2c6298aa14aee5f9ae9a108c1e2c8c61864ed85acb443,prepared_A_B_cache
KWGRBVOPPLSCSI-WCBMZHEXSA-N,pseudoephedrine,CN[C@@H](C)[C@@H](O)c1ccccc1,107845,,,preserved_catalog_cache
KWGRBVOPPLSCSI-WPRPVWTQSA-N,ephedrine,CN[C@@H](C)[C@H](O)c1ccccc1,107846,,,preserved_catalog_cache
KWTSXDURSIMDCE-QMMMGPOBSA-N,dextroamphetamine;lisdexamfetamine,C[C@H](N)Cc1ccccc1,171529,405781.0,SG:13cad05ca8f49c509e5b7be8c67668484344ebf2b2d12b03b295f14d4b1c32d1,preserved_catalog_cache
KWTSXDURSIMDCE-UHFFFAOYSA-N,amphetamine,CC(N)Cc1ccccc1,40515,,,preserved_catalog_cache
KWTWDQCKEHXFFR-SMDDNHRTSA-N,tapentadol,CC[C@@H](c1cccc(O)c1)[C@@H](C)CN(C)C,77108,405790.0,SG:13cad05ca8f49c509e5b7be8c67668484344ebf2b2d12b03b295f14d4b1c32d1,preserved_catalog_cache
KXNPVXPOPUZYGB-IOVMHBDKSA-N,argatroban,CC1CNc2c(cccc2S(=O)(=O)N[C@@H](CCCNC(=N)N)C(=O)N2CC[C@@H](C)C[C@@H]2C(=O)O)C1,48655,406973.0,SG:2a895191b100c7f8c86de787b4cfde16d229bfeee0485c1469f432452e600b49,prepared_A_B_cache
KYYIDSXMWOZKMP-UHFFFAOYSA-N,desvenlafaxine,CN(C)CC(c1ccc(O)cc1)C1(O)CCCCC1,89673,409255.0,SG:780947b384693083467efc767fc266f1ffaa400cbcfc85c5dae053672f7dd7bf,prepared_A_B_cache
LCQLHJZYVOQKHU-VKHMYHEASA-N,carglumic acid,NC(=O)N[C@@H](CCC(=O)O)C(=O)O,241699,,,preserved_catalog_cache
LDCRTTXIJACKKU-ONEGZZNKSA-N,dimethyl fumarate,COC(=O)/C=C/C(=O)OC,109951,415778.0,SG:4ca8303331a952b3597defa51aaa4e8b944fabb3e175e4e31c6d4a1ab9067931,preserved_catalog_cache
LDEKQSIMHVQZJK-CAQYMETFSA-N,tenofovir alafenamide,CC(C)OC(=O)[C@H](C)N[P@](=O)(CO[C@H](C)Cn1cnc2c(N)ncnc21)Oc1ccccc1,34786,,,preserved_catalog_cache
LEBVLXFERQHONN-UHFFFAOYSA-N,bupivacaine,CCCCN1CCCCC1C(=O)Nc1c(C)cccc1C,56498,417367.0,SG:dde7955b07dab9eeb48dffce07e16995b07a736b66a18b4d3f1a076c559aba4e,prepared_A_B_cache
LERNTVKEWCAPOY-DZZGSBJMSA-N,tiotropium,C[N+]1(C)[C@@H]2C[C@@H](OC(=O)C(O)(c3cccs3)c3cccs3)C[C@H]1[C@@H]1O[C@@H]12,177089,418314.0,SG:66d16abdd381481b8747b7e58ca9dbcad09928e7dbc21d3be5ea7f358efd7156,prepared_A_B_cache
LEZWWPYKPKIXLL-UHFFFAOYSA-N,econazole,Clc1ccc(COC(Cn2ccnc2)c2ccc(Cl)cc2Cl)cc1,218131,418827.0,SG:718cc7bd988799d18360429348f0e637ef3174faba9946d2da6ad52ea8bd537d,preserved_catalog_cache
LFQDNHWZDQTITF-UHFFFAOYSA-N,tavaborole,OB1OCc2cc(F)ccc21,302363,419766.0,SG:3bfa102ccd152112d1a06b5613bacf17ddbe21cd265c3c65cf0cc6f6f539c3de,prepared_A_B_cache
LHHCSNFAOIFYRV-DOVBMPENSA-N,boceprevir,CC(C)(C)NC(=O)N[C@H](C(=O)N1C[C@H]2[C@@H]([C@H]1C(=O)NC(CC1CCC1)C(=O)C(N)=O)C2(C)C)C(C)(C)C,22604,422388.0,SG:60d96e88fffc780eacbc324ab8d1f0026ef1bb329012448cd87a1bb12e23ec72,prepared_A_B_cache
LIENCHBZNNMNKG-OJFNHCPVSA-N,nirmatrelvir,CC(C)(C)[C@H](NC(=O)C(F)(F)F)C(=O)N1C[C@H]2[C@@H]([C@H]1C(=O)N[C@H](C#N)C[C@@H]1CCNC1=O)C2(C)C,24123,423829.0,SG:2a729618c5ee71d7af24fa85afebfbc64ecbbd5c90a1c75d5680d05d3cf2baca,prepared_A_B_cache
LIOLIMKSCNQPLV-UHFFFAOYSA-N,capmatinib,CNC(=O)c1ccc(-c2cnc3ncc(Cc4ccc5ncccc5c4)n3n2)cc1F,104355,424437.0,SG:e9f6c137c0fb7e3e44910ab93011292e4ac26fc1c2c863cf107cca0c9e9ca046,prepared_A_B_cache
LIRYPHYGHXZJBZ-UHFFFAOYSA-N,trametinib,CC(=O)Nc1cccc(-n2c(=O)n(C3CC3)c(=O)c3c(Nc4ccc(I)cc4F)n(C)c(=O)c(C)c32)c1,18267,424633.0,SG:a117595a3fe3fe884ba00b0f34f9d2fb1c19ac375bd407e5846e84e27c8b46d1,prepared_A_B_cache
LKJPYSCBVHEWIU-UHFFFAOYSA-N,bicalutamide,CC(O)(CS(=O)(=O)c1ccc(F)cc1)C(=O)Nc1ccc(C#N)c(C(F)(F)F)c1,41106,427283.0,SG:cc043afda3e889db5bed082fbf58c3de92faca6c14387eeba0c0b1b849574e2c,prepared_A_B_cache
LLPOLZWFYMWNKH-CMKMFDCUSA-N,hydrocodone,COc1ccc2c3c1O[C@H]1C(=O)CC[C@H]4[C@@H](C2)N(C)CC[C@]314,150302,429195.0,SG:379576b05a4411c44414ccfba8a8c8058db917f24e72aa5621e4e12854e68a00,prepared_A_B_cache
LMMJFBMMJUMSJS-UHFFFAOYSA-N,avutometinib,CNS(=O)(=O)Nc1nccc(Cc2c(C)c3ccc(Oc4ncccn4)cc3oc2=O)c1F,107679,430532.0,SG:9bc6773f0d5f45c038c323822a9c1fe21e94fe99393f7c1aca762afc2c103080,prepared_A_B_cache
LOMMPXLFBTZENJ-ZACQAIPSSA-N,belzutifan,CS(=O)(=O)c1ccc(Oc2cc(F)cc(C#N)c2)c2c1[C@H](O)[C@H](F)[C@@H]2F,163278,433847.0,SG:f3d96b827efa8e07a260171748eb05555b0ced59e3e2e0b72670a3016dcba244,prepared_A_B_cache
LOUPRKONTZGTKE-LHHVKLHASA-N,quinidine,C=C[C@H]1C[N@@]2CC[C@H]1C[C@@H]2[C@@H](O)c1ccnc2ccc(OC)cc12,12403,434358.0,SG:452c642aaf75250efc55f3c0831763a415840585ee732e84d6a2438d581d21d1,prepared_A_B_cache
LOWWYYZBZNSPDT-ZBEGNZNMSA-N,delgocitinib,C[C@H]1CN(C(=O)CC#N)[C@]12CCN(c1ncnc3[nH]ccc13)C2,173925,434482.0,SG:8e0be4f804eff075e97239e2a1a30f7ed056beb45aaa177ae80bfcd1d38a1bfd,prepared_A_B_cache
LPAUOXUZGSBGDU-STDDISTJSA-N,ponesimod,CCC/N=C1\S/C(=C\c2ccc(OC[C@H](O)CO)c(Cl)c2)C(=O)N1c1ccccc1C,51993,434718.0,SG:415e6851937316ab8df4b761a12b7d92392aabcdcbabee00e3c95a1177872926,prepared_A_B_cache
LPQZKKCYTLCDGQ-WEDXCCLWSA-N,tazobactam,C[C@]1(Cn2ccnn2)[C@H](C(=O)O)N2C(=O)C[C@H]2S1(=O)=O,175716,,,preserved_catalog_cache
LRFKWQGGENFBFO-IBGZPJMESA-N,fingolimod,CCCCCCCCc1ccc(CC[C@](N)(CO)COP(=O)(O)O)cc1,55060,438169.0,SG:13cad05ca8f49c509e5b7be8c67668484344ebf2b2d12b03b295f14d4b1c32d1,preserved_catalog_cache
LSQZJLSUYDQPKJ-NJBDSQKTSA-N,amoxicillin,CC1(C)S[C@@H]2[C@H](NC(=O)[C@H](N)c3ccc(O)cc3)C(=O)N2[C@H]1C(=O)O,45018,,,preserved_catalog_cache
LTXBFJFJUIJOQE-GOSISDBHSA-N,netarsudil,NC[C@@H](C(=O)Nc1ccc2cnccc2c1)c1ccc(CO)cc1,247624,442399.0,SG:91589757120631fbdfe12b0a9aeb2382c28f97c3cc3f4722e0e2bc1eaa297eba,prepared_A_B_cache
LTXREWYXXSTFRX-QGZVFWFLSA-N,linagliptin,CC#CCn1c(N2CCC[C@@H](N)C2)nc2c1c(=O)n(Cc1nc(C)c3ccccc3n1)c(=O)n2C,13607,442443.0,SG:5b1f8924306ce7b28168dd81503d75d7e80e3887b87e10b31b06b2f81df64643,prepared_A_B_cache
LUKZNWIVRBCLON-GXOBDPJESA-N,ciclesonide,CC(C)C(=O)OCC(=O)[C@@]12O[C@H](C3CCCCC3)O[C@@H]1C[C@H]1[C@@H]3CCC4=CC(=O)C=C[C@]4(C)[C@H]3[C@@H](O)C[C@@]12C,29486,443281.0,SG:1648e2774082160afc084845e9d68e7203fa86a369cbcb3c3a1ae55dc1e8d3f5,prepared_A_B_cache
LUMKNAVTFCDUIE-VHXPQNKSSA-N,ospemifene,OCCOc1ccc(/C(=C(/CCCl)c2ccccc2)c2ccccc2)cc1,303417,,,preserved_catalog_cache
LUZRJRNZXALNLM-JGRZULCMSA-N,dihydroergotamine,CN1C[C@H](C(=O)N[C@]2(C)O[C@@]3(O)[C@@H]4CCCN4C(=O)[C@H](Cc4ccccc4)N3C2=O)C[C@@H]2c3cccc4[nH]cc(c34)C[C@H]21,101888,444129.0,SG:5a5b315fcd8d3353d306204a934738f45aed660a8b25228e1f7f53049e5c40f7,prepared_A_B_cache
LVXJQMNHJWSHET-AATRIKPKSA-N,dacomitinib,COc1cc2ncnc(Nc3ccc(F)c(Cl)c3)c2cc1NC(=O)/C=C/CN1CCCCC1,136562,445514.0,SG:2ce2a2dd5ffcb6e60fadc07d8ed300402491daa2f63e4f8ea0db0edf21d04453,prepared_A_B_cache
LWQQLNNNIPYSNX-UROSTWAQSA-N,calcipotriene,C=C1/C(=C\C=C2/CCC[C@]3(C)[C@@H]([C@H](C)/C=C/[C@@H](O)C4CC4)CC[C@@H]23)C[C@@H](O)C[C@@H]1O,4099,,,preserved_catalog_cache
LXBIFEVIBLOUGU-DPYQTVNSSA-N,migalastat,OC[C@H]1NC[C@H](O)[C@@H](O)[C@H]1O,303804,447375.0,SG:daa04a326d407f1003f7ae788f5749f14116dab822b70949732eb2c65d524d6a,prepared_A_B_cache
LXMSZDCAJNLERA-ZHYRCANASA-N,spironolactone,CC(=O)S[C@@H]1CC2=CC(=O)CC[C@]2(C)[C@H]2CC[C@@]3(C)[C@@H](CC[C@@]34CCC(=O)O4)[C@H]12,19643,448119.0,SG:d5f77dd50e0ffd052962263881e693e4cb4c2aca2165e749ada2a5e0647c1434,prepared_A_B_cache
LZFZMUMEGBBDTC-QEJZJMRPSA-N,enalapril,C[C@H](N[C@@H](CCc1ccccc1)C(=O)O)C(=O)N1CCC[C@H]1C(=O)O,172112,450862.0,SG:12a9f55b6d01342dea78e66caeb3ece0a37b02a8697e05ed229e89e9b7629b4b,prepared_A_B_cache
MAEIEVLCKWDQJH-UHFFFAOYSA-N,bumetanide,CCCCNc1cc(C(=O)O)cc(S(N)(=O)=O)c1Oc1ccccc1,56899,452319.0,SG:9affd80d02f471acfe8b7d17f6d6d60b0534e3d3b0175b1711405c1728070dad,prepared_A_B_cache
MBBCVAKAJPKAKM-UHFFFAOYSA-N,lomitapide,O=C(NC1CCN(CCCCC2(C(=O)NCC(F)(F)F)c3ccccc3-c3ccccc32)CC1)c1ccccc1-c1ccc(C(F)(F)F)cc1,268912,453724.0,SG:85afbbd2d97413ad494186401e381367abea9d3520dfcdcc89be38ccac7f5138,prepared_A_B_cache
MBUVEWMHONZEQD-UHFFFAOYSA-N,azelastine,CN1CCCC(n2nc(Cc3ccc(Cl)cc3)c3ccccc3c2=O)CC1,98244,454851.0,SG:1454b296c69f5e629e4494157143c4b40ebfacf31b451e80d51a9fc09f7906f7,prepared_A_B_cache
MCGSCOLBFJQGHM-SCZZXKLOSA-N,abacavir,Nc1nc(NC2CC2)c2ncn([C@H]3C=C[C@@H](CO)C3)c2n1,257206,,,preserved_catalog_cache
MCIACXAZCBVDEE-CUUWFGFTSA-N,ertugliflozin,CCOc1ccc(Cc2cc([C@]34OC[C@](CO)(O3)[C@@H](O)[C@H](O)[C@H]4O)ccc2Cl)cc1,74541,455677.0,SG:a77c800f3ca3f999375512a8008a6e244aa0bc85617c8ede881ee9633389bf31,prepared_A_B_cache
MDSQOJYHHZBZKA-GBXCKJPGSA-N,telotristat etiprate,CCOC(=O)[C@@H](N)Cc1ccc(-c2cc(O[C@H](c3ccc(Cl)cc3-n3ccc(C)n3)C(F)(F)F)nc(N)n2)cc1,69919,457852.0,SG:a5eb8262c542c226ab49e3df07368378a9a6ac85cf4ec5fa981ef4f230dc2ab2,prepared_A_B_cache
MEJLVLMAJJRLCR-GCCNXGTGSA-N,romidepsin,C/C=C1\NC(=O)[C@@H](CS)NC(=O)[C@@H](C(C)C)NC(=O)C[C@@H](/C=C/CCS)OC(=O)[C@H](C(C)C)NC1=O,3272,458851.0,SG:b670f9a71b8b4d042e2223b83c8cc64e848cedafca4535bd3c5706afe5502ad8,prepared_A_B_cache
METQSPRSQINEEU-HXCATZOESA-N,drospirenone,C[C@]12CCC(=O)C=C1[C@@H]1C[C@@H]1[C@H]1[C@@H]3[C@@H]4C[C@@H]4[C@@]4(CCC(=O)O4)[C@@]3(C)CC[C@@H]12,176362,459511.0,SG:1811a8fa39cfc876abc3d36c5aaa0658ba79ac643e65003661a72a6e30c593da,prepared_A_B_cache
MEZLKOACVSPNER-GFCCVEGCSA-N,selegiline,C#CCN(C)[C@H](C)Cc1ccccc1,730,459875.0,SG:13cad05ca8f49c509e5b7be8c67668484344ebf2b2d12b03b295f14d4b1c32d1,preserved_catalog_cache
MFBCDACCJCDGBA-UHFFFAOYSA-N,trifarotene,CC(C)(C)c1cc(-c2cc(-c3ccc(C(=O)O)cc3)ccc2OCCO)ccc1N1CCCC1,24244,459991.0,SG:f01c1f3fc50cc8996b9fadbb340c77a7be3155b3ba1df55c4c463e41b95362d8,prepared_A_B_cache
MFFMDFFZMYYVKS-SECBINFHSA-N,sitagliptin,N[C@@H](CC(=O)N1CCn2c(nnc2C(F)(F)F)C1)Cc1cc(F)c(F)cc1F,252066,460240.0,SG:822ea73fe3f0d5f4a398111d16cad1514467c3323f527887680c3dcd76e57c2b,prepared_A_B_cache
MJIHNNLFOKEZEW-RUZDIDTESA-N,dexlansoprazole,Cc1c(OCC(F)(F)F)ccnc1C[S@@+]([O-])c1nc2ccccc2[nH]1,180923,466652.0,SG:9bc427d6571da0bc1ff630f0d1d9f47d1d8fd5d8d8a00acdf52ecb0a3da57a13,prepared_A_B_cache
MJIHNNLFOKEZEW-UHFFFAOYSA-N,lansoprazole,Cc1c(OCC(F)(F)F)ccnc1C[S+]([O-])c1nc2ccccc2[nH]1,180922,466653.0,SG:9bc427d6571da0bc1ff630f0d1d9f47d1d8fd5d8d8a00acdf52ecb0a3da57a13,prepared_A_B_cache
MJUVRTYWUMPBTR-MRXNPFEDSA-N,tezacaftor,CC(C)(CO)c1cc2cc(NC(=O)C3(c4ccc5c(c4)OC(F)(F)O5)CC3)c(F)cc2n1C[C@@H](O)CO,26238,,,preserved_catalog_cache
MKJIEFSOBYUXJB-HOCLYGCPSA-N,tetrabenazine,COc1cc2c(cc1OC)[C@@H]1CC(=O)[C@@H](CC(C)C)CN1CC2,135347,,,preserved_catalog_cache
MKJIEFSOBYUXJB-WEZHFFAMSA-N,deutetrabenazine,[2H]C([2H])([2H])Oc1cc2c(cc1OC([2H])([2H])[2H])[C@@H]1CC(=O)[C@@H](CC(C)C)CN1CC2,306547,,,preserved_catalog_cache
MKPLKVHSHYCHOC-AHTXBMBWSA-N,travoprost,CC(C)OC(=O)CCC/C=C\C[C@@H]1[C@@H](/C=C/[C@@H](O)COc2cccc(C(F)(F)F)c2)[C@H](O)C[C@@H]1O,34689,,,preserved_catalog_cache
MKUXAQIIEYXACX-UHFFFAOYSA-N,acyclovir,Nc1nc2c(ncn2COCCO)c(=O)[nH]1,257670,468986.0,SG:6ca7d9b4a7b10d4073aa3a25d37627bd79e2ffb4ebc21e9e8cf5b77eb6b45172,prepared_A_B_cache
MKXZASYAUGDDCJ-NJAFHUGGSA-N,dextromethorphan,COc1ccc2c(c1)[C@]13CCCC[C@@H]1[C@H](C2)N(C)CC3,149938,469172.0,SG:88ecf2af7183bbed3cf6607ef666eb16db93b3920a3a9c644da943317a10b840,prepared_A_B_cache
MLBVMOWEQCZNCC-OEMFJLHTSA-N,fosamprenavir,CC(C)CN(C[C@@H](OP(=O)(O)O)[C@H](Cc1ccccc1)NC(=O)O[C@H]1CCOC1)S(=O)(=O)c1ccc(N)cc1,30519,,,preserved_catalog_cache
MLDQJTXFUGDVEO-UHFFFAOYSA-N,sorafenib,CNC(=O)c1cc(Oc2ccc(NC(=O)Nc3ccc(Cl)c(C(F)(F)F)c3)cc2)ccn1,104155,469496.0,SG:74bb12f8a9b7224f7e5569bf63b3551fb0340c2fd5f68f11015f6103affb8a51,prepared_A_B_cache
MLYYVTUWGNIJIB-BXKDBHETSA-N,cefazolin,Cc1nnc(SCC2=C(C(=O)O)N3C(=O)[C@@H](NC(=O)Cn4cnnn4)[C@H]3SC2)s1,215994,,,preserved_catalog_cache
MNDBXUUTURYVHR-UHFFFAOYSA-N,roflumilast,O=C(Nc1c(Cl)cncc1Cl)c1ccc(OC(F)F)c(OCC2CC2)c1,275929,472746.0,SG:788ecee7b2ba80b819b68784b6c68d1389422800d0bee9b603a55ea5b388224d,prepared_A_B_cache
MOTJMGVDPWRKOC-QPVYNBJUSA-N,atrasentan,CCCCN(CCCC)C(=O)CN1C[C@H](c2ccc3c(c2)OCO3)[C@@H](C(=O)O)[C@@H]1c1ccc(OC)cc1,56299,475316.0,SG:0e75d311f26cdc1d5f19148b72e27409d1e23ce00631552e703bf2f1825c11a6,prepared_A_B_cache
MOYKHGMNXAOIAT-JGWLITMVSA-N,isosorbide dinitrate,O=[N+]([O-])O[C@H]1CO[C@H]2[C@@H]1OC[C@H]2O[N+](=O)[O-],298460,,,preserved_catalog_cache
MQJKPEGWNLWLTK-UHFFFAOYSA-N,dapsone,Nc1ccc(S(=O)(=O)c2ccc(N)cc2)cc1,255329,477886.0,SG:a08298a168b69ca6ba776efd21dfe8d1d8afa2cd41124ad8aacbd3bcd66be779,prepared_A_B_cache
MQOBSOSZFYZQOK-UHFFFAOYSA-N,choline fenofibrate;fenofibrate,CC(C)(Oc1ccc(C(=O)c2ccc(Cl)cc2)cc1)C(=O)O,28477,478177.0,SG:113660f6820aa1505046e743926bd418c121e0cb1e25a470d2d0c4ea2feaa270,prepared_A_B_cache
MRBDMNSDAVCSSF-UHFFFAOYSA-N,phentolamine,Cc1ccc(N(CC2=NCCN2)c2cccc(O)c2)cc1,196808,478992.0,SG:fa48d9865b41a4d9622cbf98e4728c5745eb763fdb4b3f6ba10a86f10d9de4b8,prepared_A_B_cache
MSYKRHVOOPPJKU-BDAKNGLRSA-N,brivaracetam,CCC[C@@H]1CC(=O)N([C@@H](CC)C(N)=O)C1,60775,,,preserved_catalog_cache
MUGXRYIUWFITCP-PGRDOPGGSA-N,lemborexant,Cc1ncc(OC[C@@]2(c3cccc(F)c3)C[C@H]2C(=O)Nc2ccc(F)cn2)c(C)n1,213857,484073.0,SG:d8fc927b5673ee7bee09edb4230e8785bf56837bd47dba0182ef5b4a708eb34b,prepared_A_B_cache
MUMGGOZAMZWBJJ-DYKIIFRCSA-N,testosterone,C[C@]12CC[C@H]3[C@@H](CCC4=CC(=O)CC[C@@]43C)[C@@H]1CC[C@@H]2O,176753,484413.0,SG:d6514310af66c5732deb90b9c08acea4883cc744c9beccdb69aedf8ec902e759,prepared_A_B_cache
MVGWUTBTXDYMND-QGZVFWFLSA-N,etrasimod,O=C(O)C[C@H]1CCc2c1[nH]c1ccc(OCc3ccc(C4CCCC4)c(C(F)(F)F)c3)cc21,283591,485662.0,SG:6222c614c2240f5f5c82c4b6359dc908db838aafff1e6aa3e87739b0ea257699,prepared_A_B_cache
MVRHVFSOIWFBTE-INIZCTEOSA-N,elexacaftor,Cc1nn(C)cc1S(=O)(=O)NC(=O)c1ccc(-n2ccc(OCC(C)(C)C(F)(F)F)n2)nc1N1C[C@@H](C)CC1(C)C,215213,,,preserved_catalog_cache
MVWVFYHBGMAFLY-UHFFFAOYSA-N,ziprasidone,O=C1Cc2cc(CCN3CCN(c4nsc5ccccc45)CC3)c(Cl)cc2N1,291767,486646.0,SG:785b5dc4746c3aebb95eb38d7869e22a99e4643fa1456633dc05a1fb3930aeae,prepared_A_B_cache
MWKYMZXCGYXLPL-ZDUSSCGKSA-N,leniolisib,CCC(=O)N1CC[C@H](Nc2ncnc3c2CN(c2cnc(OC)c(C(F)(F)F)c2)CC3)C1,49594,487532.0,SG:ad3c9019535bb368a94cadf664d40b173a1dbc70440f75d9226277f5969123b8,prepared_A_B_cache
MWLSOWXNZPKENC-UHFFFAOYSA-N,zileuton,CC(c1cc2ccccc2s1)N(O)C(N)=O,41730,487571.0,SG:031e1ae944a270c0fe7fb296d581e5d3bb46b27bfdec0f19710166d71ba98183,prepared_A_B_cache
MWTBKTRZPHJQLH-UHFFFAOYSA-N,alcaftadine,CN1CCC(=C2c3ccccc3CCn3c(C=O)cnc32)CC1,97292,,,preserved_catalog_cache
MXAYKZJJDUDWDS-LBPRGKRZSA-N,ixazomib,CC(C)C[C@H](NC(=O)CNC(=O)c1cc(Cl)ccc1Cl)B(O)O,31716,488509.0,SG:13cad05ca8f49c509e5b7be8c67668484344ebf2b2d12b03b295f14d4b1c32d1,preserved_catalog_cache
MYSWGUAQZAJSOK-UHFFFAOYSA-N,ciprofloxacin,O=C(O)c1cn(C2CC2)c2cc(N3CCNCC3)c(F)cc2c1=O,285997,491155.0,SG:ad6c3fa112e81cdee38a4850ddf5686c891aa313ac8febdbcf3d56d70aa98b6e,prepared_A_B_cache
NBGABHGMJVIVBW-QHCPKHFHSA-N,daridorexant,COc1ccc(-n2nccn2)c(C(=O)N2CCC[C@@]2(C)c2nc3c(C)c(Cl)ccc3[nH]2)c1,140323,495036.0,SG:0f59a655c9915d493cb4195e37a438b41a833b7a1787859c03ac4f7fcf882c71,prepared_A_B_cache
NBRBXGKOEOGLOI-UHFFFAOYSA-N,dasabuvir,COc1c(-c2ccc3cc(NS(C)(=O)=O)ccc3c2)cc(-n2ccc(=O)[nH]c2=O)cc1C(C)(C)C,122249,495681.0,SG:7c074d5e08acbce61761f2144fe9b72d138042f0f7ec42d854838f4831558b5a,prepared_A_B_cache
NCLGDOBQAWBXRA-PGRDOPGGSA-N,telotristat etiprate,Cc1ccn(-c2cc(Cl)ccc2[C@@H](Oc2cc(-c3ccc(C[C@H](N)C(=O)O)cc3)nc(N)n2)C(F)(F)F)n1,205608,496906.0,SG:a5eb8262c542c226ab49e3df07368378a9a6ac85cf4ec5fa981ef4f230dc2ab2,prepared_A_B_cache
NCNRHFGMJRPRSK-MDZDMXLPSA-N,belinostat,O=C(/C=C/c1cccc(S(=O)(=O)Nc2ccccc2)c1)NO,261800,497074.0,SG:8fdc57d36383d8976e021f4e5395b2c37c144043ba43d1df77643e058d9277a1,prepared_A_B_cache
NDAUXUAQIAJITI-LBPRGKRZSA-N,levalbuterol,CC(C)(C)NC[C@H](O)c1ccc(O)c(CO)c1,22723,497894.0,SG:13cad05ca8f49c509e5b7be8c67668484344ebf2b2d12b03b295f14d4b1c32d1,preserved_catalog_cache
NDAUXUAQIAJITI-UHFFFAOYSA-N,albuterol,CC(C)(C)NCC(O)c1ccc(O)c(CO)c1,22715,497895.0,SG:13cad05ca8f49c509e5b7be8c67668484344ebf2b2d12b03b295f14d4b1c32d1,preserved_catalog_cache
NDCUAPJVLWFHHB-UHNVWZDZSA-N,avibactam,NC(=O)[C@@H]1CC[C@@H]2CN1C(=O)N2OS(=O)(=O)O,242043,,,preserved_catalog_cache
NDDAHWYSQHTHNT-UHFFFAOYSA-N,indapamide,CC1Cc2ccccc2N1NC(=O)c1ccc(Cl)c(S(N)(=O)=O)c1,48759,498022.0,SG:2c1549a8e41950c421c771d0e97cebf50688a76b2907f74a65ae91c60e85b2f8,prepared_A_B_cache
NEMGRZFTLSKBAP-LBPRGKRZSA-N,safinamide,C[C@H](NCc1ccc(OCc2cccc(F)c2)cc1)C(N)=O,172080,500072.0,SG:048c0536cc6b34f786fd7be310f416a8292bb8bf45632bad10acd17a205d46e4,preserved_catalog_cache
NEQYWYXGTJDAKR-JTQLQIEISA-N,olutasidenib,C[C@H](Nc1ccc(C#N)n(C)c1=O)c1cc2cc(Cl)ccc2[nH]c1=O,172253,500383.0,SG:e6daf7c37dabddb9e7f275fd3d0509902a5e3df40252b544a84ad68dc7f10a5f,prepared_A_B_cache
NFEZZTICAUWDHU-RDTXWAMCSA-N,efinaconazole,C=C1CCN([C@H](C)[C@](O)(Cn2cncn2)c2ccc(F)cc2F)CC1,4254,,,preserved_catalog_cache
NGBFQHCMQULJNZ-UHFFFAOYSA-N,torsemide,Cc1cccc(Nc2ccncc2S(=O)(=O)NC(=O)NC(C)C)c1,203601,502507.0,SG:32f248b1e33b555daa0e382b9c5e840459848974ebda0a0d8d5a6f0ee48e70ca,prepared_A_B_cache
NHHQJBCNYHBUSI-UHFFFAOYSA-N,fostamatinib,COc1cc(Nc2ncc(F)c(Nc3ccc4c(n3)NC(=O)C(C)(C)O4)n2)cc(OC)c1OC,130409,504418.0,SG:78759545baeeb066764da735df8ac114f1215a2ce9d57fb001c2baba90f32f3e,prepared_A_B_cache
NIJJYAXOARWZEE-UHFFFAOYSA-N,valproate,CCCC(CCC)C(=O)O,52977,506111.0,SG:561c3e39bbe38c22b1a0d9568369393470250475c7e90fa3b4c808ed7d1f2fed,prepared_A_B_cache
NKANXQFJJICGDU-QPLCGJKRSA-N,tamoxifen,CC/C(=C(\c1ccccc1)c1ccc(OCCN(C)C)cc1)c1ccccc1,42134,508743.0,SG:c9ba49f8e5c7b1af6b88fbddb84c0ad992f8e562652c58acf247a98e1ece18d9,prepared_A_B_cache
NKHAVTQWNUWKEO-NSCUHMNNSA-N,diroximel fumarate;monomethyl fumarate,COC(=O)/C=C/C(=O)O,109950,509128.0,SG:d0c37521f4c06ddad530ebc3f4c1233cd1411a122c7301fd311122bf012c7945,prepared_A_B_cache
NNACHAUCXXVJSP-UHFFFAOYSA-N,pitolisant,Clc1ccc(CCCOCCCN2CCCCC2)cc1,218053,513411.0,SG:fdb245de7db681296b0af85d88d79d1da37dd785b69e4f82acafdafb1052e506,preserved_catalog_cache
NNJVILVZKWQKPM-UHFFFAOYSA-N,lidocaine,CCN(CC)CC(=O)Nc1c(C)cccc1C,63339,514016.0,SG:13cad05ca8f49c509e5b7be8c67668484344ebf2b2d12b03b295f14d4b1c32d1,preserved_catalog_cache
NOZIJMHMKORZBA-KJCUYJGMSA-N,lusutrombopag,CCCCCCO[C@@H](C)c1cccc(-c2csc(NC(=O)c3cc(Cl)c(/C=C(\C)C(=O)O)c(Cl)c3)n2)c1OC,55484,,,preserved_catalog_cache
NQDJXKOVJZTUJA-UHFFFAOYSA-N,nevirapine,Cc1ccnc2c1NC(=O)c1cccnc1N2C1CC1,205956,518302.0,SG:c84f80f16d969e84588c96fef5f7de9733c5639cd06d6bb18b136177eeeef928,prepared_A_B_cache
NSQSAUGJQHDYNO-UHFFFAOYSA-N,tazemetostat,CCN(c1cc(-c2ccc(CN3CCOCC3)cc2)cc(C(=O)NCc2c(C)cc(C)[nH]c2=O)c1C)C1CCOCC1,64878,522338.0,SG:5192fc734238e949f7a0d54fe0e723f6be5af92ea7ecd976ba92279d885f7f28,preserved_catalog_cache
NTJOBXMMWNYJFB-UHFFFAOYSA-N,amisulpride,CCN1CCCC1CNC(=O)c1cc(S(=O)(=O)CC)c(N)cc1OC,65671,523471.0,SG:0c156b73eeb2759efccc3a191d859bf21ea883df25435f7eb0d5e41ff05778bc,preserved_catalog_cache
NUKYPUAOHBNCPY-UHFFFAOYSA-N,dalfampridine,Nc1ccncc1,256403,525157.0,SG:75c7a4b0b41e43900bfb8055909b37897a5e104541d35413384b7ff9a1c88b83,prepared_A_B_cache
NXQKSXLFSAEQCZ-SFHVURJKSA-N,sotorasib,C=CC(=O)N1CCN(c2nc(=O)n(-c3c(C)ccnc3C(C)C)c3nc(-c4c(O)cccc4F)c(F)cc23)[C@@H](C)C1,7009,530208.0,SG:a477503037e85935d10533ab68b9d817608ee9a296fd361ea759589193de6837,prepared_A_B_cache
NYDCDZSEEAUOHN-IZHYLOQSSA-N,tamoxifen,CC/C(=C(\c1ccccc1)c1ccc(OCCNC)cc1)c1ccccc1,42137,,,preserved_catalog_cache
NYNZQNWKBKUAII-KBXCAEBGSA-N,larotrectinib,O=C(Nc1cnn2ccc(N3CCC[C@@H]3c3cc(F)ccc3F)nc12)N1CC[C@H](O)C1,280919,531642.0,SG:d31d606ea7814268423b9b46b5ee4208b01bfd91c2fa0d9df9150b0bbf441911,prepared_A_B_cache
OBWASQILIWPZMG-QZMOQZSNSA-N,empagliflozin,OC[C@H]1O[C@@H](c2ccc(Cl)c(Cc3ccc(O[C@H]4CCOC4)cc3)c2)[C@H](O)[C@@H](O)[C@@H]1O,303984,536884.0,SG:85b8127df1965b1464073d991cc95d9e60845197f45e72db961850530e9c87c7,prepared_A_B_cache
ODAIHABQVKJNIY-PEDHHIEDSA-N,perindopril,CCC[C@H](N[C@@H](C)C(=O)N1[C@H](C(=O)O)C[C@@H]2CCCC[C@@H]21)C(=O)O,61056,,,preserved_catalog_cache
OEKWJQXRCDYSHL-FNOIDJSQSA-N,ticagrelor,CCCSc1nc(N[C@@H]2C[C@H]2c2ccc(F)c(F)c2)c2nnn([C@@H]3C[C@H](OCCO)[C@@H](O)[C@H]3O)c2n1,60643,541069.0,SG:e40b7a8d9718a8256328d0afd542fec27ec4f92f44243866ce2c9937dc84394a,prepared_A_B_cache
OEOLOEUAGSPDLT-UHFFFAOYSA-N,minoxidil,Nc1cc(N2CCCCC2)nc(N)[n+]1OS(=O)(=O)[O-],254366,,,preserved_catalog_cache
OEXHQOGQTVQTAT-JRNQLAHRSA-N,ipratropium,CC(C)[N@@+]1(C)[C@@H]2CC[C@H]1C[C@@H](OC(=O)C(CO)c1ccccc1)C2,37140,,,preserved_catalog_cache
OFCNXPDARWKPPY-UHFFFAOYSA-N,allopurinol,O=c1nc[nH]c2[nH]ncc12,302101,542105.0,SG:1af0ae372ccc23d9fb4f7497209b966eb48fed5dd852817da92fb00feaaf4c18,prepared_A_B_cache
OFPXSFXSNFPTHF-UHFFFAOYSA-N,oxaprozin,O=C(O)CCc1nc(-c2ccccc2)c(-c2ccccc2)o1,282800,542927.0,SG:84bed115960ee4c98964be4de0af4a867e23e0885c391de8bb882015ae892633,prepared_A_B_cache
OFZJKCQENFPZBH-UHFFFAOYSA-N,avatrombopag,O=C(Nc1nc(-c2cc(Cl)cs2)c(N2CCN(C3CCCCC3)CC2)s1)c1cnc(N2CCC(C(=O)O)CC2)c(Cl)c1,280979,,,preserved_catalog_cache
OGHNVEJMJSYVRP-UHFFFAOYSA-N,carvedilol,COc1ccccc1OCCNCC(O)COc1cccc2[nH]c3ccccc3c12,156322,544013.0,SG:bcbaa6f22cfa78802d6a9030a37480408347e774a7983a42c70a0f5017c4e1f1,prepared_A_B_cache
OGQICQVSFDPSEI-UHFFFAOYSA-N,tazarotene,CCOC(=O)c1ccc(C#Cc2ccc3c(c2)C(C)(C)CCS3)nc1,70722,544552.0,SG:a614bfcbb55c483264b72af369368a804da88a6d5f322d2112144886ee4b6daa,prepared_A_B_cache
OHRURASPPZQGQM-GCCNXGTGSA-N,romidepsin,C/C=C1\NC(=O)[C@H]2CSSCC/C=C/[C@H](CC(=O)N[C@H](C(C)C)C(=O)N2)OC(=O)[C@H](C(C)C)NC1=O,3288,546242.0,SG:116ffd5b705b1647d028be5c484ed14e66075b8b478d35283e986dfc881a3e94,prepared_A_B_cache
OIGNJSKKLXVSLS-VWUMJDOOSA-N,prednisone,C[C@]12C=CC(=O)C=C1CC[C@@H]1[C@@H]2[C@@H](O)C[C@@]2(C)[C@H]1CC[C@]2(O)C(=O)CO,176152,547058.0,SG:1da66fc6f795b514717b01b36b719369af22182021592bcbbea9fd1a96bb183f,prepared_A_B_cache
OJFSXZCBGQGRNV-UHFFFAOYSA-N,carbinoxamine,CN(C)CCOC(c1ccc(Cl)cc1)c1ccccn1,90675,548629.0,SG:80b3500deab05d35afac195f29e293d1fdaf7e2445c31d706b7347b60b30f448,prepared_A_B_cache
OJQMKCBWYCWFPU-UHFFFAOYSA-N,selexipag,CC(C)N(CCCCOCC(=O)O)c1cnc(-c2ccccc2)c(-c2ccccc2)n1,32698,549273.0,SG:1d0647bac41c6f5ef96c8905daccc7fd44709b8adff737613c5d02b412f6b6bb,prepared_A_B_cache
OLAHOMJCDNXHFI-UHFFFAOYSA-N,erdafitinib,COc1cc(OC)cc(N(CCNC(C)C)c2ccc3ncc(-c4cnn(C)c4)nc3c2)c1,132060,551450.0,SG:e2f6e577415ba721e962768df8b3e96e9b57e69314681a921c492a0db7cf7473,prepared_A_B_cache
OLNTVTPDXPETLC-XPWALMASSA-N,ezetimibe,O=C1[C@H](CC[C@H](O)c2ccc(F)cc2)[C@@H](c2ccc(O)cc2)N1c1ccc(F)cc1,294785,552297.0,SG:70dcf57b9570fbfc58c34104e338d5dcdbe02a797f04ebab6818976f2b56657d,prepared_A_B_cache
ONIQOQHATWINJY-UHFFFAOYSA-N,cabozantinib,COc1cc2nccc(Oc3ccc(NC(=O)C4(C(=O)Nc5ccc(F)cc5)CC4)cc3)c2cc1OC,136103,555224.0,SG:3a47d045782628a4b85e30b6768e6d4d8347e044671a38ebbfd78130c3e557c3,preserved_catalog_cache
OPXLLQIJSORQAM-UHFFFAOYSA-N,mebendazole,COC(=O)Nc1nc2ccc(C(=O)c3ccccc3)cc2[nH]1,112288,559264.0,SG:3ee003ebb3f132050e2580ca0bc583d352a79d304e1798316a45d76b7e4173ac,prepared_A_B_cache
OROGSEYTTFOCAN-DNJOTXNNSA-N,codeine,COc1ccc2c3c1O[C@H]1[C@@H](O)C=C[C@H]4[C@@H](C2)N(C)CC[C@@]341,150336,561887.0,SG:36ec7cb38b01a5c87284ac0a3b772d49ab628e36e54669c6d6d2e247323def2d,prepared_A_B_cache
OUBCNLGXQFSTLU-UHFFFAOYSA-N,nitisinone,O=C1CCCC(=O)C1C(=O)c1ccc(C(F)(F)F)cc1[N+](=O)[O-],290471,565953.0,SG:33a62530dd4449af7ff5e20e4d1e579d3bc085f2184dcede2bd9eed701c69958,prepared_A_B_cache
OUJTZYPIHDYQMC-LJQANCHMSA-N,ambrisentan,COC(c1ccccc1)(c1ccccc1)[C@H](Oc1nc(C)cc(C)n1)C(=O)O,115088,566482.0,SG:9e5a5d5305565e8fac8583ae2d123fc6d34f68f47144e2fc32bc26953bd51c9e,prepared_A_B_cache
OURRXQUGYQRVML-AREMUKBSSA-N,netarsudil,Cc1ccc(C(=O)OCc2ccc([C@@H](CN)C(=O)Nc3ccc4cnccc4c3)cc2)c(C)c1,194838,566947.0,SG:e6334c384eda2e81707ce0936e185b53d0faf823635b530f97538851c1299af0,prepared_A_B_cache
OXPLANUPKBHPMS-ZXBNPROVSA-N,ciclesonide,C[C@]12C=CC(=O)C=C1CC[C@@H]1[C@@H]2[C@@H](O)C[C@@]2(C)[C@H]1C[C@H]1O[C@@H](C3CCCCC3)O[C@]12C(=O)CO,176165,571510.0,SG:1648e2774082160afc084845e9d68e7203fa86a369cbcb3c3a1ae55dc1e8d3f5,prepared_A_B_cache
OYTKINVCDFNREN-UHFFFAOYSA-N,amifampridine,Nc1ccncc1N,256404,,,preserved_catalog_cache
OYYDSUSKLWTMMQ-JKHIJQBDSA-N,trospium,O=C(O[C@H]1C[C@H]2CC[C@@H](C1)[N+]21CCCC1)C(O)(c1ccccc1)c1ccccc1,286608,573610.0,SG:358778c1b47c722e1f8dc101ae51633ead776f6adb04f441569b721bb4772055,prepared_A_B_cache
OZGNYLLQHRPOBR-DHZHZOJOSA-N,naftifine,CN(C/C=C/c1ccccc1)Cc1cccc2ccccc12,92993,574191.0,SG:25a305108c3b979933754a7bc0709f11b78f6c48dff7c29906a11ae4667ad56c,preserved_catalog_cache
OZOMQRBLCMDCEG-VIZOYTHASA-N,dantrolene,O=C1CN(/N=C/c2ccc(-c3ccc([N+](=O)[O-])cc3)o2)C(=O)N1,291001,574672.0,SG:848b95c206e5925fe7e6f7e0eb56d553d4f08601838cb3c19a2324790bf80ffd,prepared_A_B_cache
OZVBMTJYIDMWIL-AYFBDAFISA-N,bromocriptine,CC(C)C[C@H]1C(=O)N2CCC[C@H]2[C@]2(O)O[C@](NC(=O)[C@@H]3C=C4c5cccc6[nH]c(Br)c(c56)C[C@H]4N(C)C3)(C(C)C)C(=O)N12,32235,575063.0,SG:feee57e52365c560f78557a4e3d6a2db7a41eb937f0f599ceb3170a355728e72,prepared_A_B_cache
OZWKMVRBQXNZKK-UHFFFAOYSA-N,ketorolac,O=C(c1ccccc1)c1ccc2n1CCC2C(=O)O,288712,575163.0,SG:b12abae8f0d31db2ff2fbd18b183672250070467656e8cd2d03f243db2478022,prepared_A_B_cache
PAJMKGZZBBTTOY-ZFORQUDYSA-N,treprostinil,CCCCC[C@H](O)CC[C@@H]1[C@H]2Cc3cccc(OCC(=O)O)c3C[C@H]2C[C@H]1O,56058,575997.0,SG:3f75a70b298436b767e9b9ded12067b981cb47cad9e567c1c2899ff67b0ddd39,prepared_A_B_cache
PBAPPPCECJKMCM-IBGZPJMESA-N,mirabegron,Nc1nc(CC(=O)Nc2ccc(CCNC[C@H](O)c3ccccc3)cc2)cs1,256885,577091.0,SG:871e8471d12157f0502ade07b8bd9cbbfa338e138b5d1e7357a4121e67b9ab15,prepared_A_B_cache
PCHKPVIQAHNQLW-CQSZACIVSA-N,niraparib,NC(=O)c1cccc2cn(-c3ccc([C@@H]4CCCNC4)cc3)nc12,243964,579054.0,SG:991871b7d28df77b629edb83ff0e09269bc9bdaf31a9bf12f0e3a249f09b6401,prepared_A_B_cache
PCOBBVZJEWWZFR-UHFFFAOYSA-N,ezogabine,CCOC(=O)Nc1ccc(NCc2ccc(F)cc2)cc1N,69848,579450.0,SG:f573aa99b3be3128d8859f779d39f976ebd9883f7c91f5579b35d278c0eaf29e,prepared_A_B_cache
PDGKHKMBHVFCMG-UHFFFAOYSA-N,trilaciclib,CN1CCN(c2ccc(Nc3ncc4cc5n(c4n3)C3(CCCCC3)CNC5=O)nc2)CC1,100746,580573.0,SG:e4b4ec21e6ba7528493b78426c71834df793e54852ba5df8271aebc7e82bafd2,prepared_A_B_cache
PDWUPXJEEYOOTR-UHFFFAOYSA-N,3-iodobenzylguanidine,N=C(N)NCc1cccc(I)c1,240082,,,preserved_catalog_cache
PEMUGDMSUDYLHU-ZEQRLZLVSA-N,adagrasib,C=C(F)C(=O)N1CCN(c2nc(OC[C@@H]3CCCN3C)nc3c2CCN(c2cccc4cccc(Cl)c24)C3)C[C@@H]1CC#N,3977,582499.0,SG:df77f88a95ea75e2ab37dc25041af1f616b27e9517c4a85ecc70b97f0165d4f2,prepared_A_B_cache
PGTVWKLGGCQMBR-FLBATMFCSA-N,ganaxolone,CC(=O)[C@H]1CC[C@H]2[C@@H]3CC[C@H]4C[C@](C)(O)CC[C@]4(C)[C@H]3CC[C@]12C,19677,,,preserved_catalog_cache
PHLBKPHSAVXXEF-UHFFFAOYSA-N,trazodone,O=c1n(CCCN2CCN(c3cccc(Cl)c3)CC2)nc2ccccn12,301983,587238.0,SG:a470a55a1dcfc29811c5e256f16784c6a18e2d7bb8dac0d74fc4b15a0cf1fb05,preserved_catalog_cache
PHXJVRSECIGDHY-UHFFFAOYSA-N,ponatinib,Cc1ccc(C(=O)Nc2ccc(CN3CCN(C)CC3)c(C(F)(F)F)c2)cc1C#Cc1cnc2cccnn12,194505,587983.0,SG:cb6e4e5189ca9665b7af7b39c954531d7fc45653413f64328b7065975a921907,prepared_A_B_cache
PIBARDGJJAGJAJ-NQIIRXRSSA-N,danicopan,CC(=O)c1nn(CC(=O)N2C[C@H](F)C[C@H]2C(=O)Nc2cccc(Br)n2)c2ccc(-c3cnc(C)nc3)cc12,20394,588216.0,SG:7ef7b56fc0118fdbf9366df3540a856da0a13bd5e3a5e14a0a17a3b52eae4439,prepared_A_B_cache
PJDFLNIOAUIZSL-UHFFFAOYSA-N,vigabatrin,C=CC(N)CCC(=O)O,11011,589890.0,SG:a60f1ce24e8f2b5738e5c34081a973c39dec4a4c4111c26a273d52f1b5f03d05,prepared_A_B_cache
PJMPHNIQZUBGLI-UHFFFAOYSA-N,fentanyl,CCC(=O)N(c1ccccc1)C1CCN(CCc2ccccc2)CC1,49368,590438.0,SG:7e69c010e2817dade4de40878b1d306c4e508e04072afc32f608c4b8e3468c81,prepared_A_B_cache
PMXMIIMHBWHSKN-UHFFFAOYSA-N,paliperidone,Cc1nc2n(c(=O)c1CCN1CCC(c3noc4cc(F)ccc34)CC1)CCCC2O,212649,595992.0,SG:978ee46222085ac1adfa71cfb47d685186208d174ca0f92f41f8081c1ba6815d,prepared_A_B_cache
PNCPYILNMDWPEY-QGZVFWFLSA-N,silodosin,C[C@H](Cc1cc2c(c(C(N)=O)c1)N(CCCO)CC2)NCCOc1ccccc1OCC(F)(F)F,171410,596309.0,SG:a80c059e2617194a8daeb2603f6e9fc8046fd5dd3fdbfcb37949aae76c177685,prepared_A_B_cache
PNVNVHUZROJLTJ-UHFFFAOYSA-N,venlafaxine,COc1ccc(C(CN(C)C)C2(O)CCCCC2)cc1,142178,597432.0,SG:780947b384693083467efc767fc266f1ffaa400cbcfc85c5dae053672f7dd7bf,prepared_A_B_cache
POGQSBRIGCQNEG-UHFFFAOYSA-N,rufinamide,NC(=O)c1cn(Cc2c(F)cccc2F)nn1,244283,598078.0,SG:9f4a791ad3f9e1726ebf4e6db3c1a127c8b1532e558b4297385c770654a50991,prepared_A_B_cache
PPSNFPASKFYPMN-SECBINFHSA-N,fezolinetant,Cc1nsc(-c2nnc3n2CCN(C(=O)c2ccc(F)cc2)[C@@H]3C)n1,216826,600402.0,SG:de27e83452788cfff008e6c81dfa328d5cb7a8737145966d17a71fb72563fb8b,prepared_A_B_cache
PQXKDMSYBGKCJA-CVTJIBDQSA-N,lurasidone,O=C1[C@@H]2[C@H]3CC[C@H](C3)[C@@H]2C(=O)N1C[C@@H]1CCCC[C@H]1CN1CCN(c2nsc3ccccc23)CC1,294784,602259.0,SG:4d02e015b66c81943312e50e81f2d66ef2a8adde005c5c42daa0a7e9aa7086c3,prepared_A_B_cache
PRMWGUBFXWROHD-UHFFFAOYSA-N,perampanel,N#Cc1ccccc1-c1cc(-c2ccccn2)cn(-c2ccccc2)c1=O,238174,603203.0,SG:b8530f73cc99b78ad686d30376d4b1166487d29d46da43b19414861d40f63585,prepared_A_B_cache
PSIFNNKUMBGKDQ-UHFFFAOYSA-N,losartan,CCCCc1nc(Cl)c(CO)n1Cc1ccc(-c2ccccc2-c2nnn[nH]2)cc1,58478,604479.0,SG:65860c8e18fd62c5dc2d3dc6e1677380547ffb457e774077099de4eb6f0bb079,preserved_catalog_cache
PTOIAAWZLUQTIO-GXFFZTMASA-N,tasimelteon,CCC(=O)NC[C@@H]1C[C@H]1c1cccc2c1CCO2,49802,606326.0,SG:2fb4e1c6559fac27cd93f9c019af2f50e75e0164363b634162bb4281d7505714,prepared_A_B_cache
PUKBOVABABRILL-YZNIXAGQSA-N,avacopan,Cc1ccc(NC(=O)[C@H]2CCCN(C(=O)c3c(C)cccc3F)[C@H]2c2ccc(NC3CCCC3)cc2)cc1C(F)(F)F,197325,,,preserved_catalog_cache
PURKAOJPTOLRMP-ASMGOKTBSA-N,deutivacaftor,[2H]C([2H])([2H])C(c1cc(C(C)(C)C)c(NC(=O)c2c[nH]c3ccccc3c2=O)cc1O)(C([2H])([2H])[2H])C([2H])([2H])[2H],306545,,,preserved_catalog_cache
PURKAOJPTOLRMP-UHFFFAOYSA-N,deutivacaftor;ivacaftor,CC(C)(C)c1cc(C(C)(C)C)c(NC(=O)c2c[nH]c3ccccc3c2=O)cc1O,24316,608178.0,SG:2fb14cf2715e470675914277247d233474ffd356c0e080d672fed8db770cd4dc,prepared_A_B_cache
PYGWGZALEOIKDF-UHFFFAOYSA-N,etravirine,Cc1cc(C#N)cc(C)c1Oc1nc(Nc2ccc(C#N)cc2)nc(N)c1Br,183877,614000.0,SG:26d6f17b0813c4c82c27e332b478fa71dd4176f417c5b427ad0b80a92df265a2,prepared_A_B_cache
PYNXFZCZUAOOQC-UTKZUKDTSA-N,sacubitril,CCOC(=O)[C@H](C)C[C@@H](Cc1ccc(-c2ccccc2)cc1)NC(=O)CCC(=O)O,69981,,,preserved_catalog_cache
PYZRQGJRPPTADH-UHFFFAOYSA-N,lamotrigine,Nc1nnc(-c2cccc(Cl)c2Cl)c(N)n1,260451,615120.0,SG:1542537d73c75f3b451cca2727e8f473f8ddf215bd425ccc9dd8f18e183a5fbc,prepared_A_B_cache
PZBCKZWLPGJMAO-UHFFFAOYSA-N,copanlisib,COc1c(OCCCN2CCOCC2)ccc2c1N=C(NC(=O)c1cnc(N)nc1)N1CCN=C21,123048,615198.0,SG:6ffd66ccd4bcb3e6946215c2d1e6c1fef0a5f99b8518a77996de72e07f08a406,prepared_A_B_cache
PZFAZQUREQIODZ-LJQANCHMSA-N,gepotidacin,O=c1ccc2ncc(=O)n3c2n1C[C@H]3CN1CCC(NCc2cc3c(cn2)OCCC3)CC1,301827,615433.0,SG:54fdf38c8aa1df56866838dcd05a87d65d2fe8548f23d516711c731724d8e4b2,prepared_A_B_cache
QADPYRIHXKWUSV-UHFFFAOYSA-N,infigratinib,CCN1CCN(c2ccc(Nc3cc(N(C)C(=O)Nc4c(Cl)c(OC)cc(OC)c4Cl)ncn3)cc2)CC1,66163,616954.0,SG:f257ecf4aca4154d089256d459fa4d90aeaa0b70198d1e46c468a0fff66c685c,prepared_A_B_cache
QCHFTSOMWOSFHM-WPRPVWTQSA-N,pilocarpine,CC[C@@H]1C(=O)OC[C@@H]1Cc1cncn1C,77416,620325.0,SG:991d13b7a33773217c0dd2bc10d7c99c491613d893eefed8854a6bc94a57cce6,prepared_A_B_cache
QCZAWDGAVJMPTA-RNFRBKRXSA-N,vorasidenib,C[C@@H](Nc1nc(N[C@H](C)C(F)(F)F)nc(-c2cccc(Cl)n2)n1)C(F)(F)F,166198,621403.0,SG:42571b45880e39316cb0e79cb83957d4e4815c174dd6ae8991831da28d3c0f4e,prepared_A_B_cache
QDGZDCVAUDNJFG-FXQIFTODSA-N,entecavir,C=C1[C@H](CO)[C@@H](O)C[C@@H]1n1cnc2c(=O)[nH]c(N)nc21,4423,,,preserved_catalog_cache
QEFAQIPZVLVERP-UHFFFAOYSA-N,nepafenac,NC(=O)Cc1cccc(C(=O)c2ccccc2)c1N,241522,,,preserved_catalog_cache
QFFGVLORLPOAEC-SNVBAGLBSA-N,besifloxacin,N[C@@H]1CCCCN(c2c(F)cc3c(=O)c(C(=O)O)cn(C4CC4)c3c2Cl)C1,252415,,,preserved_catalog_cache
QFNHIDANIVGXPE-FNZWTVRRSA-N,eluxadoline,COc1ccc(CN(C(=O)[C@@H](N)Cc2c(C)cc(C(N)=O)cc2C)[C@@H](C)c2nc(-c3ccccc3)c[nH]2)cc1C(=O)O,143622,,,preserved_catalog_cache
QGJUIPDUBHWZPV-SGTAVMJGSA-N,saxagliptin,N#C[C@@H]1C[C@@H]2C[C@@H]2N1C(=O)[C@@H](N)C12CC3CC(CC(O)(C3)C1)C2,233037,626710.0,SG:c540f50b481468e47d832950c202af1a81c259a32d9564b2ac7a32e58cfbd91b,prepared_A_B_cache
QHMBSVQNZZTUGM-ZWKOTPCHSA-N,cannabidiol,C=C(C)[C@@H]1CCC(C)=C[C@H]1c1c(O)cc(CCCCC)cc1O,3685,628501.0,SG:ecaa426fe918fbe16e450d570596db757cd175ff2cd2b25c448ef1ae5845aa09,prepared_A_B_cache
QIVUCLWGARAQIO-OLIXTKCUSA-N,atogepant,C[C@@H]1[C@H](c2c(F)ccc(F)c2F)C[C@H](NC(=O)c2cnc3c(c2)C[C@@]2(C3)C(=O)Nc3ncccc32)C(=O)N1CC(F)(F)F,169905,630679.0,SG:5cb3651ec44613552f6053c5a5495cc49b699a4b45fca13ebc4037e07cdf903b,prepared_A_B_cache
QKDRXGFQVGOQKS-CRSSMBPESA-N,sotagliflozin,CCOc1ccc(Cc2cc([C@@H]3O[C@H](SC)[C@@H](O)[C@H](O)[C@H]3O)ccc2Cl)cc1,74524,632809.0,SG:c818cf3a72d248d236c8f1bbd5a16e2699e412662572fd85e6b6e56d269527ed,prepared_A_B_cache
QNZCBYKSOIHPEH-UHFFFAOYSA-N,apixaban,COc1ccc(-n2nc(C(N)=O)c3c2C(=O)N(c2ccc(N4CCCCC4=O)cc2)CC3)cc1,140238,638891.0,SG:1273fca2ae8e889a8a9fd2b50fc0fdecb406481053b319212741b0b2b2ecb46a,prepared_A_B_cache
QOIGKGMMAGJZNZ-UHFFFAOYSA-N,gepirone,CC1(C)CC(=O)N(CCCCN2CCN(c3ncccn3)CC2)C(=O)C1,43034,639417.0,SG:e62e87a531b3fc6fda3e5d258026b9963e12a7ff752d49abe6f8397f3cfd6b35,prepared_A_B_cache
QQHMKNYGKVVGCZ-UHFFFAOYSA-N,tipiracil,N=C1CCCN1Cc1[nH]c(=O)[nH]c(=O)c1Cl,240933,642530.0,SG:dcfe97108014dc22deeaf34c8f1e242745a4f4573e4a6d65c8565388a90dca6a,prepared_A_B_cache
QRPZBKAMSFHVRW-UHFFFAOYSA-N,fostemsavir,COc1cnc(-n2cnc(C)n2)c2[nH]cc(C(=O)C(=O)N3CCN(C(=O)c4ccccc4)CC3)c12,157050,644626.0,SG:0f9029e162f9f7145a6f17c4e934ebfa256937e177b48c9baee1f730bba51fcd,prepared_A_B_cache
QTGIAADRBBLJGA-UHFFFAOYSA-N,articaine,CCCNC(C)C(=O)Nc1c(C)csc1C(=O)OC,59423,,,preserved_catalog_cache
QTWZICCBKBYHDM-UHFFFAOYSA-N,methylene blue,CN(C)c1ccc2c(c1)Sc1cc(N(C)C)ccc1N2,92648,,,preserved_catalog_cache
QUIJNHUBAXPXFS-XLJNKUFUSA-N,bedaquiline,COc1nc2ccc(Br)cc2cc1[C@@H](c1ccccc1)[C@@](O)(CCN(C)C)c1cccc2ccccc12,158128,648900.0,SG:616e1fb7c5045f6702e0281bc8c12ae917cc2f67557ca349a570ed7d55a447f7,preserved_catalog_cache
QXWYKJLNLSIPIN-JGVFFNPUSA-N,droxidopa,N[C@H](C(=O)O)[C@H](O)c1ccc(O)c(O)c1,252698,,,preserved_catalog_cache
QXWZQTURMXZVHJ-UHFFFAOYSA-N,selexipag,CC(C)N(CCCCOCC(=O)NS(C)(=O)=O)c1cnc(-c2ccccc2)c(-c2ccccc2)n1,32697,654600.0,SG:1d0647bac41c6f5ef96c8905daccc7fd44709b8adff737613c5d02b412f6b6bb,prepared_A_B_cache
QYSXJUFSXHHAJI-YRZJJWOYSA-N,cholecalciferol,C=C1CC[C@H](O)C/C1=C/C=C1\CCC[C@]2(C)[C@@H]([C@H](C)CCCC(C)C)CC[C@@H]12,4293,655997.0,SG:5fadabefa892237d3d6a03658b7694c84ec19d929aa10931ddbfff19cf61ffb1,prepared_A_B_cache
QZFHIXARHDBPBY-UHFFFAOYSA-N,vericiguat,COC(=O)Nc1c(N)nc(-c2nn(Cc3ccccc3F)c3ncc(F)cc23)nc1N,111464,656751.0,SG:28d2a14d712615725c5c8a2d00ec7e79ec1054fb540548f7b1f6b93383d5ed09,prepared_A_B_cache
QZUDBNBUXVUHMW-UHFFFAOYSA-N,clozapine,CN1CCN(C2=Nc3cc(Cl)ccc3Nc3ccccc32)CC1,99207,657659.0,SG:8f7fece12f7ef76e637394f7360e8502a99b0dd13f4102a99cab774978fb6b59,prepared_A_B_cache
QZZUEBNBZAPZLX-QFIPXVFZSA-N,indacaterol,CCc1cc2c(cc1CC)CC(NC[C@H](O)c1ccc(O)c3[nH]c(=O)ccc13)C2,80934,658045.0,SG:874dbd066c22f74abe22ed818168785b9b411d98582ba4a16bacfced1e075a5f,prepared_A_B_cache
RAPZEAPATHNIPO-UHFFFAOYSA-N,risperidone,Cc1nc2n(c(=O)c1CCN1CCC(c3noc4cc(F)ccc34)CC1)CCCC2,212648,659079.0,SG:978ee46222085ac1adfa71cfb47d685186208d174ca0f92f41f8081c1ba6815d,prepared_A_B_cache
RBTBFTRPCNLSDE-UHFFFAOYSA-N,methylene blue,CN(C)c1ccc2nc3ccc(N(C)C)cc3[s+]c2c1,92664,660915.0,SG:b5c584f019e298cf864d9670637c7a08705fa2cb50892af27ef489914d6dd18f,prepared_A_B_cache
RDOIQAHITMMDAJ-UHFFFAOYSA-N,loperamide,CN(C)C(=O)C(CCN1CCC(O)(c2ccc(Cl)cc2)CC1)(c1ccccc1)c1ccccc1,88026,663746.0,SG:ed5d611af6b21cca8835c86711048b05a504564bbb1113784291fc7f5e95c84f,preserved_catalog_cache
RENRQMCACQEWFC-UGKGYDQZSA-N,iptacopan,CCO[C@H]1CCN(Cc2c(OC)cc(C)c3[nH]ccc23)[C@H](c2ccc(C(=O)O)cc2)C1,72369,665366.0,SG:313414f22484503065372941876522ae47abb6b48229e03908cd3fc45d696515,prepared_A_B_cache
RGFBRLNVZCCMSV-BIRGHMBHSA-N,ceftaroline fosamil,CCO/N=C(\C(=O)N[C@@H]1C(=O)N2C(C(=O)[O-])=C(Sc3nc(-c4cc[n+](C)cc4)cs3)CS[C@H]12)c1nsc(N)n1,68020,,,preserved_catalog_cache
RHWKPHLQXYSBKR-BMIGLBTASA-N,dolutegravir,C[C@@H]1CCO[C@H]2Cn3cc(C(=O)NCc4ccc(F)cc4F)c(=O)c(O)c3C(=O)N12,167889,670592.0,SG:28ac67570d9b847c264aa621e50f8b9496fe176191f747cec651cead7b43548e,prepared_A_B_cache
RHXHGRAEPCAFML-UHFFFAOYSA-N,ribociclib,CN(C)C(=O)c1cc2cnc(Nc3ccc(N4CCNCC4)cn3)nc2n1C1CCCC1,88754,670644.0,SG:8e5bf141402e80e95eeb0a007a76ad8cd0e09dc95c0172f70a0495d9846c333a,prepared_A_B_cache
RITAVMQDGBJQJZ-FMIVXFBMSA-N,axitinib,CNC(=O)c1ccccc1Sc1ccc2c(/C=C/c3ccccn3)n[nH]c2c1,105219,671981.0,SG:89591eec0aac7f98a63ff84e54fa2e2b90add74af088c4d6ae8000c7d797bb8c,prepared_A_B_cache
RJCWBNBKOKFWNY-IDPLTSGASA-N,omaveloxolone,CC1(C)CC[C@]2(NC(=O)C(C)(F)F)CC[C@]3(C)[C@H](C(=O)C=C4[C@@]5(C)C=C(C#N)C(=O)C(C)(C)[C@@H]5CC[C@]43C)[C@@H]2C1,43799,,,preserved_catalog_cache
RJKFOVLPORLFTN-LEKSSAKUSA-N,progesterone,CC(=O)[C@H]1CC[C@H]2[C@@H]3CCC4=CC(=O)CC[C@]4(C)[C@H]3CC[C@]12C,19666,673006.0,SG:d6514310af66c5732deb90b9c08acea4883cc744c9beccdb69aedf8ec902e759,prepared_A_B_cache
RKEWSXXUOLRFBX-UHFFFAOYSA-N,pimavanserin,CC(C)COc1ccc(CNC(=O)N(Cc2ccc(F)cc2)C2CCN(C)CC2)cc1,30983,674286.0,SG:d17fe29caa947ed374516c39572e453748077377cf7f76c16295e3f5bdbeac3e,prepared_A_B_cache
RKUNBYITZUJHSG-SPUOUPEWSA-N,atropine,CN1[C@@H]2CC[C@H]1C[C@@H](OC(=O)C(CO)c1ccccc1)C2,102372,675140.0,SG:85ba2ac564f4103b6c989f67eb015146a8c1d67597bd57d235ec6bd01c338b5f,prepared_A_B_cache
RLAWWYSOJDYHDC-BZSNNMDCSA-N,lisinopril,NCCCC[C@H](N[C@@H](CCc1ccccc1)C(=O)O)C(=O)N1CCC[C@H]1C(=O)O,247231,675505.0,SG:12a9f55b6d01342dea78e66caeb3ece0a37b02a8697e05ed229e89e9b7629b4b,preserved_catalog_cache
RLCLASQCAPXVLM-NSHDSACASA-N,mavacamten,CC(C)n1c(=O)cc(N[C@@H](C)c2ccccc2)[nH]c1=O,38801,,,preserved_catalog_cache
RMMXLENWKUUMAY-UHFFFAOYSA-N,telmisartan,CCCc1nc2c(C)cc(-c3nc4ccccc4n3C)cc2n1Cc1ccc(-c2ccccc2C(=O)O)cc1,62047,677833.0,SG:8c5de94b31ce49dcc5fca1e87376a7615f755511229074cc2182d0bc4e237fc8,prepared_A_B_cache
RMRJXGBAOAMLHD-IHFGGWKQSA-N,buprenorphine,CO[C@]12CC[C@@]3(C[C@@H]1[C@](C)(O)C(C)(C)C)[C@H]1Cc4ccc(O)c5c4[C@@]3(CCN1CC1CC1)[C@H]2O5,122222,,,preserved_catalog_cache
RNOAOAWBMHREKO-QFIPXVFZSA-N,zanubrutinib,C=CC(=O)N1CCC([C@@H]2CCNc3c(C(N)=O)c(-c4ccc(Oc5ccccc5)cc4)nn32)CC1,5569,679484.0,SG:a5d822507e3880160fed2b1af2c7059f10a0a26a753f5ffe7802a56762e614ea,prepared_A_B_cache
RRMJMHOQSALEJJ-UHFFFAOYSA-N,lazertinib,C=CC(=O)Nc1cc(Nc2nccc(-n3cc(CN(C)C)c(-c4ccccc4)n3)n2)c(OC)cc1N1CCOCC1,9200,685596.0,SG:233674edb039cecff1c288a5a57e925463bf3b085826190b28e97829b5fbba02,prepared_A_B_cache
RTGDFNSFWBGLEC-SYZQJQIISA-N,mycophenolate mofetil,COc1c(C)c2c(c(O)c1C/C=C(\C)CCC(=O)OCCN1CCOCC1)C(=O)OC2,122412,,,preserved_catalog_cache
RTHCYVBBDHJXIQ-UHFFFAOYSA-N,fluoxetine,CNCCC(Oc1ccc(C(F)(F)F)cc1)c1ccccc1,106466,688465.0,SG:048c0536cc6b34f786fd7be310f416a8292bb8bf45632bad10acd17a205d46e4,prepared_A_B_cache
RUDATBOHQWOJDD-BSWAIDMHSA-N,chenodiol,C[C@H](CCC(=O)O)[C@H]1CC[C@H]2[C@@H]3[C@H](O)C[C@@H]4C[C@H](O)CC[C@]4(C)[C@H]3CC[C@]12C,171096,689836.0,SG:1fd900140004786074c44026654375b48b9b362b59f313af980054ef9f25e78d,prepared_A_B_cache
RUEYEZADQJCKGV-UHFFFAOYSA-N,daprodustat,O=C(O)CNC(=O)C1C(=O)N(C2CCCCC2)C(=O)N(C2CCCCC2)C1=O,283013,689961.0,SG:18f62d769231950a950269b02a8c26acd960df850c91e656df525591d6082a84,prepared_A_B_cache
RUOKEQAAGRXIBM-GFCCVEGCSA-N,rasagiline,C#CCN[C@@H]1CCc2ccccc21,1113,690515.0,SG:67b8126d52a60ce881a579d87a4d57455eccc9872fb0cabb67e743b53390af85,prepared_A_B_cache
RUZYUOTYCVRMRZ-UHFFFAOYSA-N,doxazosin,COc1cc2nc(N3CCN(C(=O)C4COc5ccccc5O4)CC3)nc(N)c2cc1OC,135837,691259.0,SG:88df77fb20940edb579aca330bc1b6f424d57ca137d893379f5b8483611efc3a,prepared_A_B_cache
RVOLLAQWKVFTGE-UHFFFAOYSA-N,pyridostigmine,CN(C)C(=O)Oc1ccc[n+](C)c1,88379,692141.0,SG:8eb2bbb7e55a790a4ea4197cd4fb6e536197374fbc7ec15ad9f0a3f7267095a2,prepared_A_B_cache
RWTNPBWLLIMQHL-UHFFFAOYSA-N,fexofenadine,CC(C)(C(=O)O)c1ccc(C(O)CCCN2CCC(C(O)(c3ccccc3)c3ccccc3)CC2)cc1,21556,694140.0,SG:8db0bea9e59206f1e33914ff9a4e709b4f42917ffb590bc6aff2e5cc4a81a314,prepared_A_B_cache
RYIDHLJADOKWFM-MAODMQOUSA-N,samidorphan,NC(=O)c1ccc2c(c1O)[C@]13CCN(CC4CC4)[C@H](C2)[C@]1(O)CCC(=O)C3,243349,696546.0,SG:ee5229541b738960d2e9aee18aab8023aded2d620962274feeba50e8bdf3a871,prepared_A_B_cache
RYMZZMVNJRMUDD-HGQWONQESA-N,simvastatin,CCC(C)(C)C(=O)O[C@H]1C[C@@H](C)C=C2C=C[C@H](C)[C@H](CC[C@@H]3C[C@@H](O)CC(=O)O3)[C@H]21,50562,696809.0,SG:909945e1c93b49842e2ab069eb9b9f9f430de21140dcc50255b299c2683adb2a,preserved_catalog_cache
RZEKVGVHFLEQIL-UHFFFAOYSA-N,celecoxib,Cc1ccc(-c2cc(C(F)(F)F)nn2-c2ccc(S(N)(=O)=O)cc2)cc1,192052,697818.0,SG:b1b3257e32e930f381a31bdc55e30f3e30d0a651f8a08e9cc76ba5455911bd8d,prepared_A_B_cache
RZVAJINKPMORJF-UHFFFAOYSA-N,acetaminophen,CC(=O)Nc1ccc(O)cc1,17957,698814.0,SG:13cad05ca8f49c509e5b7be8c67668484344ebf2b2d12b03b295f14d4b1c32d1,preserved_catalog_cache
RZVPBGBYGMDSBG-GGAORHGYSA-N,baloxavir marboxil,COC(=O)OCOc1c2n(ccc1=O)N([C@@H]1c3ccccc3SCc3c1ccc(F)c3F)[C@@H]1COCCN1C2=O,112325,,,preserved_catalog_cache
SDEAXTCZPQIFQM-UHFFFAOYSA-N,tucatinib,Cc1cc(Nc2ncnc3ccc(NC4=NC(C)(C)CO4)cc23)ccc1Oc1ccn2ncnc2c1,189473,704094.0,SG:ac3253cfbaabcfa354e95d79e2979d4e6c1d5d7d0cac242123de91be6dbf0198,prepared_A_B_cache
SDUQYLNIPVEERB-QPPQHZFASA-N,gemcitabine,Nc1ccn([C@@H]2O[C@H](CO)[C@@H](O)C2(F)F)c(=O)n1,256365,,,preserved_catalog_cache
SECKRCOLJRRGGV-UHFFFAOYSA-N,vardenafil,CCCc1nc(C)c2c(=O)nc(-c3cc(S(=O)(=O)N4CCN(CC)CC4)ccc3OCC)[nH]n12,61985,705571.0,SG:d6956d9483c0863ac406eb50b17cc67224d879b1c4ee38f9ac288878d147e237,prepared_A_B_cache
SEVCTUCCZYBJER-BSJAROSPSA-N,sofpironium,CCOC(=O)C[N+]1(C)CC[C@@H](OC(=O)[C@](O)(c2ccccc2)C2CCCC2)C1,69119,,,preserved_catalog_cache
SFLSHLFXELFNJZ-QMMMGPOBSA-N,droxidopa;norepinephrine,NC[C@H](O)c1ccc(O)c(O)c1,247702,707735.0,SG:13cad05ca8f49c509e5b7be8c67668484344ebf2b2d12b03b295f14d4b1c32d1,preserved_catalog_cache
SFNSLLSYNZWZQG-VQIMIIECSA-N,glasdegib,CN1CC[C@@H](NC(=O)Nc2ccc(C#N)cc2)C[C@@H]1c1nc2ccccc2[nH]1,101335,,,preserved_catalog_cache
SGEGOXDYSFKCPT-UHFFFAOYSA-N,vilazodone,N#Cc1ccc2[nH]cc(CCCCN3CCN(c4ccc5oc(C(N)=O)cc5c4)CC3)c2c1,237321,708897.0,SG:3944c8a9823c49502983fb222ee0b70b3ceddae8fd7afd8733da28b8cb12c412,prepared_A_B_cache
SGEUNORSOZVTOL-CABZTGNLSA-N,inavolisib,C[C@H](Nc1ccc2c(c1)OCCn1cc(N3C(=O)OC[C@H]3C(F)F)nc1-2)C(N)=O,172274,708938.0,SG:412fb8b1f0ac96cc16d55aff4008417b973edb4cb75e553b40367b4991b81b03,prepared_A_B_cache
SGUAFYQXFOLMHL-UHFFFAOYSA-N,labetalol,CC(CCc1ccccc1)NCC(O)c1ccc(O)c(C(N)=O)c1,39977,709845.0,SG:7728153248bdf7321732efe1b6671554592ffe1adc2726178e38e173d9e79962,prepared_A_B_cache
SHGAZHPCJJPHSC-XFYACQKRSA-N,isotretinoin,CC1=C(/C=C/C(C)=C/C=C/C(C)=C\C(=O)O)C(C)(C)CCC1,46663,,,preserved_catalog_cache
SHGAZHPCJJPHSC-YCNIQYBTSA-N,tretinoin,CC1=C(/C=C/C(C)=C/C=C/C(C)=C/C(=O)O)C(C)(C)CCC1,46659,710587.0,SG:fe8528cff2dfdfccb74364d107bc9b21678454f5ed2e7b9a9fba732c294a7826,prepared_A_B_cache
SIFNOOUKXBRGGB-AREMUKBSSA-N,elacestrant,CCNCCc1ccc(CN(CC)c2cc(OC)ccc2[C@@H]2CCc3cc(O)ccc3C2)cc1,67254,712106.0,SG:728ab605560fedf5a93998494cd5c4741be10a7ace888426868f472ed4a04a38,prepared_A_B_cache
SJVQHLPISAIATJ-ZDUSSCGKSA-N,duvelisib,C[C@H](Nc1ncnc2[nH]cnc12)c1cc2cccc(Cl)c2c(=O)n1-c1ccccc1,172689,714732.0,SG:e018a0dccb328c544ac1e53ddfaa7d1c438b4807315ad4cee7862fb353ec299f,prepared_A_B_cache
SJZRECIVHVDYJC-UHFFFAOYSA-N,oxybate,O=C(O)CCCO,282513,715007.0,SG:2675300741475cdab2381f8f2edf16456758f013a66dadcd60198c9f98749247,prepared_A_B_cache
SMOBCLHAZXOKDQ-ZJUUUORDSA-N,relebactam,O=C(NC1CCNCC1)[C@@H]1CC[C@@H]2CN1C(=O)N2OS(=O)(=O)O,268988,,,preserved_catalog_cache
SNICXCGAKADSCV-JTQLQIEISA-N,nicotine polacrilex,CN1CCC[C@H]1c1cccnc1,98522,720400.0,SG:2a19a0b4e25b43d113cbdde9fa52dda05111a447e09dccf49475cbbb10b852c3,prepared_A_B_cache
SNIOPGDIGTZGOP-UHFFFAOYSA-N,nitroglycerin,O=[N+]([O-])OCC(CO[N+](=O)[O-])O[N+](=O)[O-],298445,,,preserved_catalog_cache
SNPPWIUOZRMYNY-UHFFFAOYSA-N,bupropion,CC(NC(C)(C)C)C(=O)c1cccc(Cl)c1,40786,720848.0,SG:13cad05ca8f49c509e5b7be8c67668484344ebf2b2d12b03b295f14d4b1c32d1,preserved_catalog_cache
SNUDIPVBUUXCDG-QHSBEEBCSA-N,tebipenem pivoxil,C[C@@H](O)[C@H]1C(=O)N2C(C(=O)OCOC(=O)C(C)(C)C)=C(SC3CN(C4=NCCS4)C3)[C@H](C)[C@H]12,166590,721125.0,SG:2ddc152b26b0921738c4459eafa6632a79b179b3b311fb58f456fba1b6ad7578,prepared_A_B_cache
SOLUWJRYJLAZCX-LYOVBCGYSA-N,bictegravir,O=C(NCc1c(F)cc(F)cc1F)c1cn2c(c(O)c1=O)C(=O)N1[C@H]3CC[C@H](C3)O[C@@H]1C2,271069,722209.0,SG:b1018d106221a743d5f7962443d9e52c6ba3408e4a92c26b073e46f4f2404a57,prepared_A_B_cache
SONNWYBIRXJNDC-VIFPVBQESA-N,phenylephrine,CNC[C@H](O)c1cccc(O)c1,107115,722330.0,SG:13cad05ca8f49c509e5b7be8c67668484344ebf2b2d12b03b295f14d4b1c32d1,preserved_catalog_cache
SOYCMDCMZDHQFP-UHFFFAOYSA-N,nepafenac,Nc1c(CC(=O)O)cccc1C(=O)c1ccccc1,253714,,,preserved_catalog_cache
SOYKEARSMXGVTM-UHFFFAOYSA-N,chlorpheniramine,CN(C)CCC(c1ccc(Cl)cc1)c1ccccn1,89831,723036.0,SG:80b3500deab05d35afac195f29e293d1fdaf7e2445c31d706b7347b60b30f448,prepared_A_B_cache
SPMVMDHWKHCIDT-UHFFFAOYSA-N,tivozanib,COc1cc2nccc(Oc3ccc(NC(=O)Nc4cc(C)on4)c(Cl)c3)c2cc1OC,136152,723917.0,SG:2544f323cbfd41a288eb439b20873525d99338e03153fbf3c7241a2399fe35b3,prepared_A_B_cache
STPKWKPURVSAJF-LJEWAXOPSA-N,maralixibat,CCCCC1(CCCC)CS(=O)(=O)c2ccc(N(C)C)cc2[C@@H](c2ccc(OCc3ccc(C[N+]45CCN(CC4)CC5)cc3)cc2)[C@H]1O,53622,730369.0,SG:b7bf295852840981f84a8b625cfd29f210e6fce517f276e465be8bab716be9f8,prepared_A_B_cache
STUWGJZDJHPWGZ-LBPRGKRZSA-N,alpelisib,Cc1nc(NC(=O)N2CCC[C@H]2C(N)=O)sc1-c1ccnc(C(C)(C)C(F)(F)F)c1,210722,730694.0,SG:5d64ca735ef7b8ab97f3ec45fc87c4e9ca6c5297ed6951302fee6229468ce48a,prepared_A_B_cache
STZYTFJPGGDRJD-NHUWBDDWSA-N,retapamulin,C=C[C@]1(C)C[C@@H](OC(=O)CS[C@@H]2C[C@H]3CC[C@@H](C2)N3C)[C@]2(C)[C@H](C)CC[C@]3(CCC(=O)[C@H]32)[C@@H](C)[C@@H]1O,12422,,,preserved_catalog_cache
SUBDBMMJDZJVOS-DEOSSOPVSA-N,esomeprazole,COc1ccc2[nH]c([S@@+]([O-])Cc3ncc(C)c(OC)c3C)nc2c1,148610,,,preserved_catalog_cache
SUBDBMMJDZJVOS-UHFFFAOYSA-N,omeprazole,COc1ccc2[nH]c([S+]([O-])Cc3ncc(C)c(OC)c3C)nc2c1,148609,731067.0,SG:9bc427d6571da0bc1ff630f0d1d9f47d1d8fd5d8d8a00acdf52ecb0a3da57a13,prepared_A_B_cache
SUDAHWBOROXANE-SECBINFHSA-N,mirdametinib,O=C(NOC[C@H](O)CO)c1ccc(F)c(F)c1Nc1ccc(I)cc1F,274486,731193.0,SG:66594b79d38dcf0e9b76f97ea0b663d2201a9726e63e7d60e676d1d53a8a4bca,prepared_A_B_cache
SUJUHGSWHZTSEU-FYBSXPHGSA-N,tipranavir,CCC[C@@]1(CCc2ccccc2)CC(O)=C([C@H](CC)c2cccc(NS(=O)(=O)c3ccc(C(F)(F)F)cn3)c2)C(=O)O1,60824,731608.0,SG:ee073172aad122859f245b51a1ebf0b8b59bd516861fff094edf131cc62167c0,preserved_catalog_cache
TTWJBBZEZQICBI-UHFFFAOYSA-N,metoclopramide,CCN(CC)CCNC(=O)c1cc(Cl)c(N)cc1OC,63703,740407.0,SG:13cad05ca8f49c509e5b7be8c67668484344ebf2b2d12b03b295f14d4b1c32d1,preserved_catalog_cache
TTZHDVOVKQGIBA-IQWMDFIBSA-N,sofosbuvir,CC(C)OC(=O)[C@H](C)N[P@](=O)(OC[C@H]1O[C@@H](n2ccc(=O)[nH]c2=O)[C@](C)(F)[C@@H]1O)Oc1ccccc1,34787,,,preserved_catalog_cache
TXEIIPDJKFWEEC-UHFFFAOYSA-N,tafamidis,O=C(O)c1ccc2nc(-c3cc(Cl)cc(Cl)c3)oc2c1,285527,745843.0,SG:d7a02414bf824e9c40f9e4e194e90a7a76d8193b655bef004345c8e298433151,prepared_A_B_cache
TYZROVQLWOKYKF-ZDUSSCGKSA-N,linezolid,CC(=O)NC[C@H]1CN(c2ccc(N3CCOCC3)c(F)c2)C(=O)O1,16748,748738.0,SG:92dcf52398f43c32443f7d8f6b3e961524e5a3e2c690052f9b2599b9bee6c91b,prepared_A_B_cache
TZFNLOMSOLWIDK-JTQLQIEISA-N,carbidopa,C[C@@](Cc1ccc(O)c(O)c1)(NN)C(=O)O,169977,,,preserved_catalog_cache
UBPYILGKFZZVDX-UHFFFAOYSA-N,bosutinib,COc1cc(Nc2c(C#N)cnc3cc(OCCCN4CCN(C)CC4)c(OC)cc23)c(Cl)cc1Cl,129968,752983.0,SG:58802d60d9d8aaf2bd60cf0d3cbd381302fe72b8ace5743a6d625a2e904b299a,prepared_A_B_cache
UBQNRHZMVUUOMG-UHFFFAOYSA-N,zonisamide,NS(=O)(=O)Cc1noc2ccccc12,248630,753017.0,SG:ea05160cd2cb09ea09dbe58e80edb25e73a850a6e7729a6501b5c757122a915f,prepared_A_B_cache
UBZPNQRBUOBBLN-PWRODBHTSA-N,serdexmethylphenidate,COC(=O)[C@H](c1ccccc1)[C@H]1CCCCN1C(=O)OC[n+]1cccc(C(=O)N[C@@H](CO)C(=O)[O-])c1,113065,,,preserved_catalog_cache
UCFGDBYHRUNTLO-QHCPKHFHSA-N,topotecan,CC[C@@]1(O)C(=O)OCc2c1cc1n(c2=O)Cc2cc3c(CN(C)C)c(O)ccc3nc2-1,77866,753901.0,SG:752b6cef5780b2f2fae3f80e3b83b9ee24f85596a8218e38c6ee7f2bd6b5f837,prepared_A_B_cache
UCJGJABZCDBEDK-UHFFFAOYSA-N,bazedoxifene,Cc1c(-c2ccc(O)cc2)n(Cc2ccc(OCCN3CCCCCC3)cc2)c2ccc(O)cc12,178041,754126.0,SG:e300d78bb5c0669ca88536e6b6d1167b7a83d41476e54186d660200451c2cb9f,prepared_A_B_cache
UCTWMZQNUQWSLP-VIFPVBQESA-N,epinephrine,CNC[C@H](O)c1ccc(O)c(O)c1,107114,754790.0,SG:13cad05ca8f49c509e5b7be8c67668484344ebf2b2d12b03b295f14d4b1c32d1,preserved_catalog_cache
UEJJHQNACJXSKW-UHFFFAOYSA-N,thalidomide,O=C1CCC(N2C(=O)c3ccccc3C2=O)C(=O)N1,290410,757321.0,SG:076f990333cad32c4cfeab3c4724137081ebd7ca97a36b0842895de667cd5e65,prepared_A_B_cache
UFSKUSARDNFIRC-UHFFFAOYSA-N,lumacaftor,Cc1ccc(NC(=O)C2(c3ccc4c(c3)OC(F)(F)O4)CC2)nc1-c1cccc(C(=O)O)c1,196977,759452.0,SG:787f1697836f2de88efa8e6ca0c6f7acc01eaf6afd17f0eb8d6116b3236296e7,prepared_A_B_cache
UGJMXCAKCUNAIE-UHFFFAOYSA-N,gabapentin,NCC1(CC(=O)O)CCCCC1,246897,760443.0,SG:a21c4f64dcc59dd2ede88d9a0768c55c266cb330970fe499e6a6d2e8cef5ad95,prepared_A_B_cache
UHSKFQJFRQCDBE-UHFFFAOYSA-N,ropinirole,CCCN(CCC)CCc1cccc2c1CC(=O)N2,58867,762555.0,SG:e91299b7c2286d48cbac047a78ca49c5a89179e8812105fdef30b10486592a3a,preserved_catalog_cache
UHTHHESEBZOYNR-UHFFFAOYSA-N,vandetanib,COc1cc2c(Nc3ccc(Br)cc3F)ncnc2cc1OCC1CCN(C)CC1,133267,762622.0,SG:3ef02c102cdc575544170c92af725f7a633eb9efc8fb55cbec3cd3b5f353e2f8,prepared_A_B_cache
UIAGMCDKSXEBJQ-UHFFFAOYSA-N,nimodipine,COCCOC(=O)C1=C(C)NC(C)=C(C(=O)OC(C)C)C1c1cccc([N+](=O)[O-])c1,118121,763090.0,SG:496fb2d31e86fc59dc96eecaea4ffdedf8adf92356370925f321760f59e046a4,prepared_A_B_cache
UJLAWZDWDVHWOW-YPMHNXCESA-N,tofacitinib,C[C@@H]1CCN(C(=O)CC#N)C[C@@H]1N(C)c1ncnc2[nH]ccc12,167837,765277.0,SG:edcc45e1f8fd36ba78d8d8879c92b9d676d3d125f85199fd1a554089fdeea9f2,prepared_A_B_cache
UJVDJAPJQWZRFR-DHIUTWEWSA-N,macimorelin,CC(C)(N)C(=O)N[C@H](Cc1c[nH]c2ccccc12)C(=O)N[C@H](Cc1c[nH]c2ccccc12)NC=O,26477,,,preserved_catalog_cache
ULFRLSNUDGIQQP-UHFFFAOYSA-N,rizatriptan,CN(C)CCc1c[nH]c2ccc(Cn3cncn3)cc12,90951,768044.0,SG:189138c5934357533fe0132c27833221486fa42b591021ecf8b2a51667fa0acf,prepared_A_B_cache
ULXXDDBFHOBEHA-CWDCEQMOSA-N,afatinib,CN(C)C/C=C/C(=O)Nc1cc2c(Nc3ccc(F)c(Cl)c3)ncnc2cc1O[C@H]1CCOC1,89185,769156.0,SG:a83b5fc8b57cf2698065fc1e4ecd53bc8d2168e1c4d3bd1c9a9c0826a654d41f,prepared_A_B_cache
UPNUIXSCZBYVBB-JVFUWBCBSA-N,alvimopan,C[C@H]1CN(C[C@H](Cc2ccccc2)C(=O)NCC(=O)O)CC[C@@]1(C)c1cccc(O)c1,174174,774817.0,SG:741d0c085f41383ba1aa145fca2a54cc68f9fb6f83c8bab24c14ea7e190731bb,prepared_A_B_cache
UQCNKQCJZOAFTQ-ISWURRPUSA-N,oxymorphone,CN1CC[C@]23c4c5ccc(O)c4O[C@H]2C(=O)CC[C@@]3(O)[C@H]1C5,101449,775685.0,SG:379576b05a4411c44414ccfba8a8c8058db917f24e72aa5621e4e12854e68a00,prepared_A_B_cache
UQRORFVVSGFNRO-UTINFBMNSA-N,miglustat,CCCCN1C[C@H](O)[C@@H](O)[C@H](O)[C@H]1CO,56546,776593.0,SG:daa04a326d407f1003f7ae788f5749f14116dab822b70949732eb2c65d524d6a,prepared_A_B_cache
UREBDLICKHMUKA-CXSFZGCWSA-N,dexamethasone,C[C@@H]1C[C@H]2[C@@H]3CCC4=CC(=O)C=C[C@]4(C)[C@@]3(F)[C@@H](O)C[C@]2(C)[C@@]1(O)C(=O)CO,169098,777349.0,SG:1da66fc6f795b514717b01b36b719369af22182021592bcbbea9fd1a96bb183f,prepared_A_B_cache
UREBDLICKHMUKA-DVTGEIKXSA-N,betamethasone,C[C@H]1C[C@H]2[C@@H]3CCC4=CC(=O)C=C[C@]4(C)[C@@]3(F)[C@@H](O)C[C@]2(C)[C@@]1(O)C(=O)CO,174844,,,preserved_catalog_cache
URKOMYMAXPYINW-UHFFFAOYSA-N,quetiapine,OCCOCCN1CCN(C2=Nc3ccccc3Sc3ccccc32)CC1,303382,777735.0,SG:6f05c280b95fbd0238af7502c07ad63e2d7ef8dc85167f8f947ca9c8559d3c60,prepared_A_B_cache
USUZGMWDZDXMDG-CYBMUJFWSA-N,osilodrostat,N#Cc1ccc([C@H]2CCc3cncn32)c(F)c1,237253,779911.0,SG:f492f18186830a19eceb42ec10f8a2552c3ffaf3f9ea00af110b2f628be73600,prepared_A_B_cache
USZAGAREISWJDP-UHFFFAOYSA-N,crisaborole,N#Cc1ccc(Oc2ccc3c(c2)COB3O)cc1,237107,780150.0,SG:2bc136d158322b8fc4f7f6837696d4614853ee225e49ee925c974cf7b737b557,prepared_A_B_cache
UTNUDOFZCWSZMS-YFHOEESVSA-N,teriflunomide,C/C(O)=C(\C#N)C(=O)Nc1ccc(C(F)(F)F)cc1,2942,781070.0,SG:13cad05ca8f49c509e5b7be8c67668484344ebf2b2d12b03b295f14d4b1c32d1,preserved_catalog_cache
UVSMNLNDYGZFPF-UHFFFAOYSA-N,pomalidomide,Nc1cccc2c1C(=O)N(C1CCC(=O)NC1=O)C2=O,255732,784687.0,SG:076f990333cad32c4cfeab3c4724137081ebd7ca97a36b0842895de667cd5e65,prepared_A_B_cache
UWKQSNNFCGGAFS-XIFFEERXSA-N,irinotecan,CCc1c2c(nc3ccc(OC(=O)N4CCC(N5CCCCC5)CC4)cc13)-c1cc3c(c(=O)n1C2)COC(=O)[C@]3(O)CC,80100,785841.0,SG:03b166bb2514ce9116b210e79fabf891b973c62b652cbc65d3f884fe5da48edb,prepared_A_B_cache
UXNXMBYCBRBRFD-MUUNZHRXSA-N,berotralstat,N#Cc1cccc([C@@H](NCC2CC2)c2ccc(F)c(NC(=O)c3cc(C(F)(F)F)nn3-c3cccc(CN)c3)c2)c1,238134,787527.0,SG:404c1a90180370f94ed894ab13a98932abb1788084e65d7a05cc0a8a2abc9723,prepared_A_B_cache
UZHSEJADLWPNLE-GRGSLBFTSA-N,naloxone,C=CCN1CC[C@]23c4c5ccc(O)c4O[C@H]2C(=O)CC[C@@]3(O)[C@H]1C5,11461,790327.0,SG:379576b05a4411c44414ccfba8a8c8058db917f24e72aa5621e4e12854e68a00,prepared_A_B_cache
UZWDCWONPYILKI-UHFFFAOYSA-N,abemaciclib,CCN1CCN(Cc2ccc(Nc3ncc(F)c(-c4cc(F)c5nc(C)n(C(C)C)c5c4)n3)nc2)CC1,65972,791258.0,SG:74257bbb8c096d9140a55964188baf374bec93d4f05234de5bba0cd82260d74d,prepared_A_B_cache
VCKUSRYTPJJLNI-UHFFFAOYSA-N,terazosin,COc1cc2nc(N3CCN(C(=O)C4CCCO4)CC3)nc(N)c2cc1OC,135836,795402.0,SG:b4619b365d30bc0a8b638a0c66849bc98e7a524f534646cf528c8e31f95f951b,prepared_A_B_cache
VCSUIBJKYCVWNF-NRFANRHFSA-N,vanzacaftor,CC1(C)C[C@@H]2CCCNc3cccc(n3)S(=O)(=O)NC(=O)c3ccc(-n4ccc(OCCC5C6(CC6)C56CC6)n4)nc3N1C2,44136,,,preserved_catalog_cache
VDANGULDQQJODZ-UHFFFAOYSA-N,chloroprocaine,CCN(CC)CCOC(=O)c1ccc(N)cc1Cl,63784,796428.0,SG:13cad05ca8f49c509e5b7be8c67668484344ebf2b2d12b03b295f14d4b1c32d1,preserved_catalog_cache
VERWOWGGCGHDQE-UHFFFAOYSA-N,ceritinib,Cc1cc(Nc2ncc(Cl)c(Nc3ccccc3S(=O)(=O)C(C)C)n2)c(OC(C)C)cc1C1CCNCC1,189245,798991.0,SG:102b8afb7edff0c0343a90c1c9b8d569650f89a1d9ab411cdd4fcfa66703475a,prepared_A_B_cache
VFBILHPIHUPBPZ-UHFFFAOYSA-N,difamilast,CCOc1ccccc1C(=O)NCc1coc(-c2ccc(OC(F)F)c(OC(C)C)c2)n1,75190,799592.0,SG:aa35ca053ebf09246a913f4af1a4dfee622cb4e9afcfe86062cdd32272aba797,prepared_A_B_cache
VFCRKLWBYMDAED-REWPJTCUSA-N,nirogacestat,CCC[C@H](N[C@H]1CCc2cc(F)cc(F)c2C1)C(=O)Nc1cn(C(C)(C)CNCC(C)(C)C)cn1,61059,799682.0,SG:af05aa4a26026a04f68cbef4c25c0a7b51e7ad60976547af896a64f50c15ba49,prepared_A_B_cache
VGKDLMBJGBXTGI-SJCJKPOMSA-N,sertraline,CN[C@H]1CC[C@@H](c2ccc(Cl)c(Cl)c2)c2ccccc21,108075,801642.0,SG:acc17aeca675bc799c6fc38ecc0b23697bbcf4bec822431dfd1602a6435d808c,prepared_A_B_cache
VGYFMXBACGZSIL-MCBHFWOFSA-N,pitavastatin,O=C(O)C[C@H](O)C[C@H](O)/C=C/c1c(C2CC2)nc2ccccc2c1-c1ccc(F)cc1,283498,802499.0,SG:f4ba21b28bc51e24a0fc475c9c257d5cba9356644a95fded178ad380096b6f2b,prepared_A_B_cache
VHGCDTVCOLNTBX-QGZVFWFLSA-N,atomoxetine,CNCC[C@@H](Oc1ccccc1C)c1ccccc1,106773,802939.0,SG:048c0536cc6b34f786fd7be310f416a8292bb8bf45632bad10acd17a205d46e4,prepared_A_B_cache
VIKNJXKGJWUCNN-XGXHKTLJSA-N,norethindrone,C#C[C@]1(O)CC[C@H]2[C@@H]3CCC4=CC(=O)CC[C@@H]4[C@H]3CC[C@@]21C,1599,804733.0,SG:d6514310af66c5732deb90b9c08acea4883cc744c9beccdb69aedf8ec902e759,prepared_A_B_cache
VJJPUSNTGOMMGY-MRVIYFEKSA-N,etoposide,COc1cc([C@@H]2c3cc4c(cc3[C@@H](O[C@@H]3O[C@@H]5CO[C@@H](C)O[C@H]5[C@H](O)[C@H]3O)[C@H]3COC(=O)[C@H]23)OCO4)cc(OC)c1O,132704,806278.0,SG:99fa7cf529953d32b80fbab5a6705c59a7a2bc762eff0b4d0474470589c430e4,prepared_A_B_cache
VKHAHZOOUSRJNA-GCNJZUOMSA-N,mifepristone,CC#C[C@]1(O)CC[C@H]2[C@@H]3CCC4=CC(=O)CCC4=C3[C@@H](c3ccc(N(C)C)cc3)C[C@@]21C,13768,807707.0,SG:94cb62ffe48206fde14feeb18dc5d01de4f98cc61ca30f37e6d825005201c43a,prepared_A_B_cache
VLCYCQAOQCDTCN-UHFFFAOYSA-N,eflornithine,NCCCC(N)(C(=O)O)C(F)F,247102,809005.0,SG:aae9ba20c060af90132084a798a3b41dceb8c692b74feedbacf69fcfc974304d,prepared_A_B_cache
VMWNQDUVQKEIOC-CYBMUJFWSA-N,apomorphine,CN1CCc2cccc3c2[C@H]1Cc1ccc(O)c(O)c1-3,101579,811828.0,SG:7642a79404d72bc4375092999386a6beb165163bfe225f87b2f82b2d856ce435,prepared_A_B_cache
VNFPBHJOKIVQEB-UHFFFAOYSA-N,clotrimazole,Clc1ccccc1C(c1ccccc1)(c1ccccc1)n1ccnc1,218767,812395.0,SG:6408ee935d09d2cb7da087e640615e0581524ffb27686071b17e716fee08094d,prepared_A_B_cache
VOBHXZCDAVEXEY-JSGCOSHPSA-N,lisdexamfetamine,C[C@@H](Cc1ccccc1)NC(=O)[C@@H](N)CCCCN,165428,,,preserved_catalog_cache
VOVIALXJUBGFJZ-KWVAZRHASA-N,budesonide,CCCC1O[C@@H]2C[C@H]3[C@@H]4CCC5=CC(=O)C=C[C@]5(C)[C@H]4[C@@H](O)C[C@]3(C)[C@]2(C(=O)CO)O1,53246,814902.0,SG:bbbe6b5a72260a4fc24a6be64f40e1d1d3d6469f9099afdc40067efbd1ef9b87,prepared_A_B_cache
VOVZXURTCKPRDQ-CQSZACIVSA-N,asciminib,O=C(Nc1ccc(OC(F)(F)Cl)cc1)c1cnc(N2CC[C@@H](O)C2)c(-c2ccn[nH]2)c1,278301,814948.0,SG:4f2ca38f8bf94136dacb27a8d4b6e8042a4d141abbb8792a8f147029540e2cc7,prepared_A_B_cache
VPJXQGSRWJZDOB-UHFFFAOYSA-O,carbachol,C[N+](C)(C)CCOC(N)=O,177028,815815.0,SG:814ee5190eb2dacd1a5731b088787daf25b0fef9926aaae024a8b29f02bcba8c,prepared_A_B_cache
VPMRSLWWUXNYRY-PJCFOSJUSA-N,benzhydrocodone,COc1ccc2c3c1O[C@H]1C(OC(=O)c4ccccc4)=CC[C@H]4[C@@H](C2)N(C)CC[C@]314,150303,,,preserved_catalog_cache
VPPJLAIAVCUEMN-GFCCVEGCSA-N,lacosamide,COC[C@@H](NC(C)=O)C(=O)NCc1ccccc1,119827,816161.0,SG:13cad05ca8f49c509e5b7be8c67668484344ebf2b2d12b03b295f14d4b1c32d1,preserved_catalog_cache
VREFGVBLTWBCJP-UHFFFAOYSA-N,alprazolam,Cc1nnc2n1-c1ccc(Cl)cc1C(c1ccccc1)=NC2,216050,818663.0,SG:b3a1f6f79d82a31b51367788cbf484d0ff1397c400463485cbcc1c884427d941,prepared_A_B_cache
VSNHCAURESNICA-UHFFFAOYSA-N,hydroxyurea,NC(=O)NO,241697,820754.0,SG:2a50fe63b336a0c537154219249a70f984415be1d073acde8442f4284e685859,prepared_A_B_cache
VSWBSWWIRNCQIJ-HUUCEWRRSA-N,asenapine,CN1C[C@@H]2c3ccccc3Oc3ccc(Cl)cc3[C@H]2C1,101860,,,preserved_catalog_cache
VTRAEEWXHOVJFV-UHFFFAOYSA-N,olmesartan,CCCc1nc(C(C)(C)O)c(C(=O)O)n1Cc1ccc(-c2ccccc2-c2nnn[nH]2)cc1,61975,822541.0,SG:65860c8e18fd62c5dc2d3dc6e1677380547ffb457e774077099de4eb6f0bb079,preserved_catalog_cache
VUDZSIYXZUYWSC-DBRKOABJSA-N,cedazuridine,O=C1N[C@H](O)CCN1[C@@H]1O[C@H](CO)[C@@H](O)C1(F)F,293785,823362.0,SG:0320e21b3402e75d59af3a1f869680e90ce843b1ae5981c84b82ac6dcbe97c8c,prepared_A_B_cache
VWMJHAFYPMOMGF-ZCFIWIBFSA-N,tovorafenib,C[C@@H](NC(=O)c1ncnc(N)c1Cl)c1ncc(C(=O)Nc2cc(C(F)(F)F)c(Cl)cn2)s1,166048,827002.0,SG:7a72f2f42407aec07052d6fee76d6f22638b468e10ff3a3c402470e39407edf0,prepared_A_B_cache
VWUXBMIQPBEWFH-WCCTWKNTSA-N,fulvestrant,C[C@]12CC[C@@H]3c4ccc(O)cc4C[C@@H](CCCCCCCCC[S+]([O-])CCCC(F)(F)C(F)(F)F)[C@H]3[C@@H]1CC[C@@H]2O,176558,827529.0,SG:366ecf429785aeacea771d266f85e4c82bf82dd051c513bcd349ec6e71e2f81d,prepared_A_B_cache
VWVSBHGCDBMOOT-IIEHVVJPSA-N,desoximetasone,C[C@@H]1C[C@H]2[C@@H]3CCC4=CC(=O)C=C[C@]4(C)[C@@]3(F)[C@@H](O)C[C@]2(C)[C@H]1C(=O)CO,169112,,,preserved_catalog_cache
VYFYYTLLBUKUHU-UHFFFAOYSA-N,levodopa,NCCc1ccc(O)c(O)c1,247575,829770.0,SG:13cad05ca8f49c509e5b7be8c67668484344ebf2b2d12b03b295f14d4b1c32d1,preserved_catalog_cache
VZZJRYRQSPEMTK-CALCHBBNSA-N,sonidegib,Cc1c(C(=O)Nc2ccc(N3C[C@@H](C)O[C@@H](C)C3)nc2)cccc1-c1ccc(OC(F)(F)F)cc1,178854,832567.0,SG:6bee59e3c03c976a64b14cd9f9dd20852a30bb14cac68e9a2d3e32760e6eb516,prepared_A_B_cache
WAEXFXRVDQXREF-UHFFFAOYSA-N,vorinostat,O=C(CCCCCCC(=O)Nc1ccccc1)NO,263130,832897.0,SG:13cad05ca8f49c509e5b7be8c67668484344ebf2b2d12b03b295f14d4b1c32d1,preserved_catalog_cache
WANIDIGFXJFFEL-SANMLTNESA-N,relacorilant,Cn1cc(S(=O)(=O)N2CCC3=Cc4c(cnn4-c4ccc(F)cc4)C[C@]3(C(=O)c3cc(C(F)(F)F)ccn3)C2)cn1,223703,833436.0,SG:9e7125e263fd47ac6d205542fd06ef8678358c37a1b7c045ea85492703fe0489,prepared_A_B_cache
WAXQNWCZJDTGBU-UHFFFAOYSA-N,fosnetupitant;netupitant,Cc1ccccc1-c1cc(N2CCN(C)CC2)ncc1N(C)C(=O)C(C)(C)c1cc(C(F)(F)F)cc(C(F)(F)F)c1,204426,834047.0,SG:18e466a6c67c028ac7074bd6a85164f8a0cd16ac8e767ffc5c2451db650d2f09,prepared_A_B_cache
WBFUHHBPNXWNCC-UHFFFAOYSA-N,acoramidis,Cc1n[nH]c(C)c1CCCOc1cc(C(=O)O)ccc1F,208380,834619.0,SG:605430fdb714a4939c0821df0a85a6e4caddd8e511502960ee7bacb27aab5303,prepared_A_B_cache
WBGKWQHBNHJJPZ-LECWWXJVSA-N,desonide,CC1(C)O[C@@H]2C[C@H]3[C@@H]4CCC5=CC(=O)C=C[C@]5(C)[C@H]4[C@@H](O)C[C@]3(C)[C@]2(C(=O)CO)O1,44845,,,preserved_catalog_cache
WCWSTNLSLKSJPK-LKFCYVNXSA-N,cabotegravir,C[C@H]1CO[C@@H]2Cn3cc(C(=O)NCc4ccc(F)cc4F)c(=O)c(O)c3C(=O)N12,174619,,,preserved_catalog_cache
WDENQIQQYWYTPO-IBGZPJMESA-N,acalabrutinib,CC#CC(=O)N1CCC[C@H]1c1nc(-c2ccc(C(=O)Nc3ccccn3)cc2)c2c(N)nccn12,12938,837591.0,SG:97a0832cdad5fb9f8b9a755919699f4b811673d19ba1dce876b8dd38ec35cba7,prepared_A_B_cache
WEAJZXNPAWBCOA-INIZCTEOSA-N,avanafil,COc1ccc(CNc2nc(N3CCC[C@H]3CO)ncc2C(=O)NCc2ncccn2)cc1Cl,144245,838896.0,SG:d69d75b231988dc232c7bfc84505a54cb654b67504fed3a6377ba241374cda84,prepared_A_B_cache
WEQLWGNDNRARGE-DJIMGWMZSA-N,valbenazine,COc1cc2c(cc1OC)[C@H]1C[C@@H](O)[C@H](CC(C)C)CN1CC2,135433,839849.0,SG:df707e843437727bfd869d8dc54747eb63c9e3be4039739676d1c21bf4ab4c35,prepared_A_B_cache
WGFOBBZOWHGYQH-MXHNKVEKSA-N,lubiprostone,CCCCC(F)(F)[C@@]1(O)CC[C@H]2[C@@H](CC(=O)[C@@H]2CCCCCCC(=O)O)O1,53421,,,preserved_catalog_cache
WIGIZIANZCJQQY-RUCARUNLSA-N,glimepiride,CCC1=C(C)CN(C(=O)NCCc2ccc(S(=O)(=O)NC(=O)N[C@H]3CC[C@H](C)CC3)cc2)C1=O,52327,845573.0,SG:d5e3d6777f11af4b6c5f4542af4dbf88189b190f8c25261257a41bc9644babb2,prepared_A_B_cache
WIJZXSAJMHAVGX-DHLKQENFSA-N,ivosidenib,N#Cc1ccnc(N2C(=O)CC[C@H]2C(=O)N(c2cncc(F)c2)[C@H](C(=O)NC2CC(F)(F)C2)c2ccccc2Cl)c1,238401,845785.0,SG:05d59b2a1a652214d011372bfc33dee6332243180c87f6377899a6203c841e0b,prepared_A_B_cache
WINHZLLDWRZWRT-ATVHPVEESA-N,sunitinib,CCN(CC)CCNC(=O)c1c(C)[nH]c(/C=C2\C(=O)Nc3ccc(F)cc32)c1C,63677,845987.0,SG:45fffbbd798bac3338ad45a2b087ce8cfeaa87dcd8c9ab2b87e518e5c18fea50,prepared_A_B_cache
WJBLNOPPDWQMCH-MBPVOVBZSA-N,nalmefene,C=C1CC[C@@]2(O)[C@H]3Cc4ccc(O)c5c4[C@@]2(CCN3CC2CC2)[C@H]1O5,4284,846854.0,SG:ebeef6fdaeb6904f5893c87175a7e88365011b86a1b1de712b4870e37915d1eb,prepared_A_B_cache
WJOHZNCJWYWUJD-IUGZLZTKSA-N,fluocinonide,CC(=O)OCC(=O)[C@@]12OC(C)(C)O[C@@H]1C[C@H]1[C@@H]3C[C@H](F)C4=CC(=O)C=C[C@]4(C)[C@@]3(F)[C@@H](O)C[C@@]12C,19016,,,preserved_catalog_cache
WMDSZGFJQKSLLH-RBBKRZOGSA-N,landiolol,CC1(C)OC[C@@H](COC(=O)CCc2ccc(OC[C@@H](O)CNCCNC(=O)N3CCOCC3)cc2)O1,44805,,,preserved_catalog_cache
WOSKHXYHFSIKNG-UHFFFAOYSA-N,lenvatinib,COc1cc2nccc(Oc3ccc(NC(=O)NC4CC4)c(Cl)c3)c2cc1C(N)=O,136127,855810.0,SG:d61b8785a598aef472debf8e97e1f9ac41e039235a9d7d6348943764dfde3596,preserved_catalog_cache
WOXKDUGGOYFFRN-IIBYNOLFSA-N,tadalafil,CN1CC(=O)N2[C@H](c3ccc4c(c3)OCO4)c3[nH]c4ccccc4c3C[C@@H]2C1=O,97020,856099.0,SG:16a201e69225a3021f5950ba4cc2c34ba55c388e2a18cb91a933bdc97086dea0,prepared_A_B_cache
WPVFJKSGQUFQAP-GKAPJAKFSA-N,valganciclovir,CC(C)[C@H](N)C(=O)OCC(CO)OCn1cnc2c(=O)[nH]c(N)nc21,36543,,,preserved_catalog_cache
WRFHGDPIDHPWIQ-UHFFFAOYSA-N,sparsentan,CCCCC1=NC2(CCCC2)C(=O)N1Cc1ccc(-c2ccccc2S(=O)(=O)Nc2noc(C)c2C)c(COCC)c1,53705,859714.0,SG:3d8cb7e1717a2b9cb30b16ca99f1f6630b587e3cd43e093ec1108c0bae7e2505,prepared_A_B_cache
WSEQXVZVJXJVFP-FQEVSTJZSA-N,escitalopram,CN(C)CCC[C@@]1(c2ccc(F)cc2)OCc2cc(C#N)ccc21,90261,861225.0,SG:0275b0d287388b2472e8b9af6b76c0e1ea37d29a0812ab590d33a5cf3ae44a3a,prepared_A_B_cache
WSEQXVZVJXJVFP-UHFFFAOYSA-N,citalopram,CN(C)CCCC1(c2ccc(F)cc2)OCc2cc(C#N)ccc21,89873,861227.0,SG:0275b0d287388b2472e8b9af6b76c0e1ea37d29a0812ab590d33a5cf3ae44a3a,prepared_A_B_cache
WSNODXPBBALQOF-VEJSHDCNSA-N,tafluprost,CC(C)OC(=O)CCC/C=C\C[C@@H]1[C@@H](/C=C/C(F)(F)COc2ccccc2)[C@H](O)C[C@@H]1O,34688,,,preserved_catalog_cache
WTDRDQBEARUVNC-LURJTMIESA-N,levodopa,N[C@@H](Cc1ccc(O)c(O)c1)C(=O)O,252319,862721.0,SG:13cad05ca8f49c509e5b7be8c67668484344ebf2b2d12b03b295f14d4b1c32d1,preserved_catalog_cache
WVLHHLRVNDMIAR-IBGZPJMESA-N,mavorixafor,NCCCCN(Cc1nc2ccccc2[nH]1)[C@H]1CCCc2cccnc21,247158,866371.0,SG:cc2c699b68fb33d6135faeddf4da1c7c408685e5c8937c06b70bd29e924bb7ad,prepared_A_B_cache
WVLOADHCBXTIJK-YNHQPCIGSA-N,hydrocodone;hydromorphone,CN1CC[C@]23c4c5ccc(O)c4O[C@H]2C(=O)CC[C@H]3[C@H]1C5,101450,866385.0,SG:379576b05a4411c44414ccfba8a8c8058db917f24e72aa5621e4e12854e68a00,prepared_A_B_cache
WWSWYXNVCBLWNZ-QIZQQNKQSA-N,travoprost,O=C(O)CCC/C=C\C[C@@H]1[C@@H](/C=C/[C@@H](O)COc2cccc(C(F)(F)F)c2)[C@H](O)C[C@@H]1O,282314,868451.0,SG:5b404c29c352353fcc1c3d351928af5e4120ac856109f8a4aea8345cd217596f,prepared_A_B_cache
WWYNJERNGUHSAO-XUDSTZEESA-N,levonorgestrel,C#C[C@]1(O)CC[C@H]2[C@@H]3CCC4=CC(=O)CC[C@@H]4[C@H]3CC[C@@]21CC,1600,868798.0,SG:d6514310af66c5732deb90b9c08acea4883cc744c9beccdb69aedf8ec902e759,prepared_A_B_cache
WXCXUHSOUPDCQV-UHFFFAOYSA-N,enzalutamide,CNC(=O)c1ccc(N2C(=S)N(c3ccc(C#N)c(C(F)(F)F)c3)C(=O)C2(C)C)cc1F,104472,869071.0,SG:c3294fc3fb3cb425c402dadde37581050dd476fa4995c845c8130a5090ea4a87,prepared_A_B_cache
WXXSNCNJFUAIDG-UHFFFAOYSA-N,riociguat,COC(=O)N(C)c1c(N)nc(-c2nn(Cc3ccccc3F)c3ncccc23)nc1N,111014,,,preserved_catalog_cache
WYQFJHHDOKWSHR-MNOVXSKESA-N,upadacitinib,CC[C@@H]1CN(C(=O)NCC(F)(F)F)C[C@@H]1c1cnc2cnc3[nH]ccc3n12,77456,871502.0,SG:7059516fb7e81cdea6e7ec175fc3e1fd640bdd8c24325f81e7003d104b145a0e,prepared_A_B_cache
WYQPLTPSGFELIB-JTQPXKBDSA-N,difluprednate,CCCC(=O)O[C@]1(C(=O)COC(C)=O)CC[C@H]2[C@@H]3C[C@H](F)C4=CC(=O)C=C[C@]4(C)[C@@]3(F)[C@@H](O)C[C@@]21C,52785,,,preserved_catalog_cache
WYWIFABBXFUGLM-UHFFFAOYSA-N,oxymetazoline,Cc1cc(C(C)(C)C)c(O)c(C)c1CC1=NCCN1,184549,871867.0,SG:d0f7bcb9ff12b417a31b9bc75b3a5b2226fe54b66996a43bd6de0ecf8d4cd566,prepared_A_B_cache
WZOZEZRFJCJXNZ-ZBFHGGJFSA-N,cefoxitin,CO[C@@]1(NC(=O)Cc2cccs2)C(=O)N2C(C(=O)O)=C(COC(N)=O)CS[C@@H]21,121574,,,preserved_catalog_cache
XAYGBKHKBBXDAK-UHFFFAOYSA-N,mitapivat,O=C(c1ccc(NS(=O)(=O)c2cccc3cccnc23)cc1)N1CCN(CC2CC2)CC1,287861,875181.0,SG:cf1c5fd94a3dd7208ce7a372180306a5df1296abd34fbeca3659ed4f68dc4155,prepared_A_B_cache
XDXWLKQMMKQXPV-QYQHSDTDSA-N,eltrombopag,CC1=NN(c2ccc(C)c(C)c2)C(=O)/C1=N\Nc1cccc(-c2cccc(C(=O)O)c2)c1O,47469,880002.0,SG:b0400a946b76d20cc9aa97eb2989922e209e0f77f2731422cb49d866141eb014,prepared_A_B_cache
XEDHVZKDSYZQBF-UHFFFAOYSA-N,lasmiditan,CN1CCC(C(=O)c2cccc(NC(=O)c3c(F)cc(F)cc3F)n2)CC1,97320,880318.0,SG:e2696044f1b740de2ee752666881d2304cb18fd166a7f30ef5b6cb8058b3b0b8,prepared_A_B_cache
XFALPSLJIHVRKE-GFCCVEGCSA-N,tedizolid,Cn1nnc(-c2ccc(-c3ccc(N4C[C@H](CO)OC4=O)cc3F)cn2)n1,227232,881731.0,SG:f9f339e1928b76a94bcdef3714250356103b5880b7b3f5239bdc000df66f2147,preserved_catalog_cache
XFYDIVBRZNQMJC-UHFFFAOYSA-N,tizanidine,Clc1ccc2nsnc2c1NC1=NCCN1,218494,883202.0,SG:d40a98a5c5addfb7d2af02acad88c0a5b75cb0b72f9b4fab14709cf4364d1415,prepared_A_B_cache
XGALLCVXEZPNRQ-UHFFFAOYSA-N,gefitinib,COc1cc2ncnc(Nc3ccc(F)c(Cl)c3)c2cc1OCCCN1CCOCC1,136615,883352.0,SG:3f8b323fd26805287ed798cf300c969c0caf00b84636a542b740278c75f684db,prepared_A_B_cache
XHOLNRLADUSQLD-UHFFFAOYSA-N,betrixaban,COc1ccc(NC(=O)c2ccc(C(=N)N(C)C)cc2)c(C(=O)Nc2ccc(Cl)cn2)c1,146363,885768.0,SG:88fb1937339baed6f71df37a73acd73eda6805d058c16c46c777452dbf89ea83,prepared_A_B_cache
XIQVNETUBQGFHX-UHFFFAOYSA-N,oxybutynin,CCN(CC)CC#CCOC(=O)C(O)(c1ccccc1)C1CCCCC1,63327,887478.0,SG:780947b384693083467efc767fc266f1ffaa400cbcfc85c5dae053672f7dd7bf,prepared_A_B_cache
XJGVXQDUIWGIRW-UHFFFAOYSA-N,loxapine,CN1CCN(C2=Nc3ccccc3Oc3ccc(Cl)cc32)CC1,99209,888497.0,SG:9fa6929d6e0c442ce3857e1f6d1c77552996e482368f33b63412b4cc2d6885be,prepared_A_B_cache
XKLMZUWKNUAPSZ-UHFFFAOYSA-N,ranolazine,COc1ccccc1OCC(O)CN1CCN(CC(=O)Nc2c(C)cccc2C)CC1,156314,890367.0,SG:e0bb62b32682c42d99bd4670afb8fdd474cd10baf9ceb1cb62706a5eeb01b5c2,prepared_A_B_cache
XMAYWYJOQHXEEK-ZEQKJWHPSA-N,ketoconazole,CC(=O)N1CCN(c2ccc(OC[C@@H]3CO[C@@](Cn4ccnc4)(c4ccc(Cl)cc4Cl)O3)cc2)CC1,15628,,,preserved_catalog_cache
XMXHEBAFVSFQEX-UHFFFAOYSA-N,iloperidone,COc1cc(C(C)=O)ccc1OCCCN1CCC(c2noc3cc(F)ccc23)CC1,126599,894312.0,SG:1c28741f449cbb997cc765e733e19012812744f895d6ded1b209fedac6020a36,prepared_A_B_cache
XOFYZVNMUHMLCC-ZPOLXVRWSA-N,prednisone,C[C@]12C=CC(=O)C=C1CC[C@@H]1[C@@H]2C(=O)C[C@@]2(C)[C@H]1CC[C@]2(O)C(=O)CO,176142,896455.0,SG:aa9e955caa657f8b10d0d4907593c4dc87c0ce2f0bbd6a430fcfd5659bb7304b,preserved_catalog_cache
XPIJWUTXQAGSLK-UHFFFAOYSA-N,ozenoxacin,CNc1ncc(-c2ccc3c(=O)c(C(=O)O)cn(C4CC4)c3c2C)cc1C,109468,,,preserved_catalog_cache
XPOQHMRABVBWPR-ZDUSSCGKSA-N,efavirenz,O=C1Nc2ccc(Cl)cc2[C@@](C#CC2CC2)(C(F)(F)F)O1,294060,898619.0,SG:1de8756cadca933cf042bc031da8214de0c21ccdc39238d8cf3b82f855690621,prepared_A_B_cache
XQSPYNMVSIKCOC-NTSWFWBYSA-N,emtricitabine,Nc1nc(=O)n([C@@H]2CS[C@H](CO)O2)cc1F,256852,,,preserved_catalog_cache
XRQDFNLINLXZLB-CKIKVBCHSA-N,peramivir,CCC(CC)[C@H](NC(C)=O)[C@@H]1[C@H](O)[C@@H](C(=O)O)C[C@H]1NC(=N)N,51145,901852.0,SG:8c2e3ed84f9272bb9c74fd5bb22819f61f7bf62201fefebdac729e0137b53413,prepared_A_B_cache
XRVDGNKRPOAQTN-FQEVSTJZSA-N,ozanimod,CC(C)Oc1ccc(-c2nc(-c3cccc4c3CC[C@@H]4NCCO)no2)cc1C#N,35347,902146.0,SG:d4afdedd88ca42c71a5c0eb738bbc6100c9f1a47f0b85d9bbdf24c6e212d5218,prepared_A_B_cache
XSFJVAJPIHIPKU-XWCQMRHXSA-N,flunisolide,CC1(C)O[C@@H]2C[C@H]3[C@@H]4C[C@H](F)C5=CC(=O)C=C[C@]5(C)[C@H]4[C@@H](O)C[C@]3(C)[C@]2(C(=O)CO)O1,44850,,,preserved_catalog_cache
XTNGUQKDFGDXSJ-ZXGKGEBGSA-N,canagliflozin,Cc1ccc([C@@H]2O[C@H](CO)[C@@H](O)[C@H](O)[C@H]2O)cc1Cc1ccc(-c2ccc(F)cc2)s1,199836,904762.0,SG:ea18b91d2ebef126192c0861c0ebaed91e7045e7d2cd0e9703ecb18ac547bf88,prepared_A_B_cache
XUBOMFCQGDBHNK-UHFFFAOYSA-N,gatifloxacin,COc1c(N2CCNC(C)C2)c(F)cc2c(=O)c(C(=O)O)cn(C3CC3)c12,122699,905625.0,SG:ad6c3fa112e81cdee38a4850ddf5686c891aa313ac8febdbcf3d56d70aa98b6e,prepared_A_B_cache
XUFQPHANEAPEMJ-UHFFFAOYSA-N,famotidine,N=C(N)Nc1nc(CSCCC(=N)NS(N)(=O)=O)cs1,240144,905878.0,SG:8529372f407e1ce0108b5ae0056c1d370fd04527d65a39832400b6e2c8eb45aa,prepared_A_B_cache
XUKUURHRXDUEBC-KAYWLYCHSA-N,atorvastatin,CC(C)c1c(C(=O)Nc2ccccc2)c(-c2ccccc2)c(-c2ccc(F)cc2)n1CC[C@@H](O)C[C@@H](O)CC(=O)O,37232,906203.0,SG:31da33a55d48df0630c4954b0dedf20a1a695daefae5c070ab1146d6f9904587,prepared_A_B_cache
XUZMWHLSFXCVMG-UHFFFAOYSA-N,baricitinib,CCS(=O)(=O)N1CC(CC#N)(n2cc(-c3ncnc4[nH]ccc34)cn2)C1,75895,907113.0,SG:3ce1f22476bbb08d27449ec1660f9d44f0abbc41c3063ee56b1617db0110823c,prepared_A_B_cache
XWLUWCNOOVRFPX-UHFFFAOYSA-N,fosphenytoin,O=C1NC(c2ccccc2)(c2ccccc2)C(=O)N1COP(=O)(O)O,293078,,,preserved_catalog_cache
XWLXKKNPFMNSFA-HGQWONQESA-N,simvastatin,CCC(C)(C)C(=O)O[C@H]1C[C@@H](C)C=C2C=C[C@H](C)[C@H](CC[C@@H](O)C[C@@H](O)CC(=O)O)[C@H]21,50561,,,preserved_catalog_cache
XXSMGPRMXLTPCZ-UHFFFAOYSA-N,hydroxychloroquine,CCN(CCO)CCCC(C)Nc1ccnc2cc(Cl)ccc12,64656,911397.0,SG:a8daf8c5800683abd84e08e8a2110091831372530075c04e828c13e3fb8ec92c,prepared_A_B_cache
XYFPWWZEPKGCCK-GOSISDBHSA-N,ibrutinib,C=CC(=O)N1CCC[C@@H](n2nc(-c3ccc(Oc4ccccc4)cc3)c3c(N)ncnc32)C1,6489,912225.0,SG:ce31abc468305ea9cc43269b70f9a73e05ea15a69a6f868ee28820c6a0d850f4,prepared_A_B_cache
XYLJNLCSTIOKRM-UHFFFAOYSA-N,brimonidine,Brc1c(NC2=NCCN2)ccc2nccnc12,18,912592.0,SG:5ca235dce98b633a38a6c50c9d2274c843e175eff93ba11257977903a754add2,preserved_catalog_cache
XZWYZXLIPXDOLR-UHFFFAOYSA-N,metformin,CN(C)C(=N)NC(=N)N,87976,914841.0,SG:bba33bb06045e607de24f376bee644e054e5c93dc13c2f7b4c756da23050eb12,prepared_A_B_cache
XZXHXSATPCNXJR-ZIADKAODSA-N,nintedanib,COC(=O)c1ccc2c(c1)NC(=O)/C2=C(\Nc1ccc(N(C)C(=O)CN2CCN(C)CC2)cc1)c1ccccc1,114222,914867.0,SG:0d260e047c6cbb9e1c39d81afd5c900cffb849953c6ce0d4971bdc82d13f4ad6,prepared_A_B_cache
YALNUENQHAQXEA-UHFFFAOYSA-N,givinostat,CCN(CC)Cc1ccc2cc(COC(=O)Nc3ccc(C(=O)NO)cc3)ccc2c1,64085,915740.0,SG:fe0817e9266c0ef1a714ad05b15635e4114ddf07c5cc5ad42ded768d85e7f899,prepared_A_B_cache
YASAKCUCGLMORW-UHFFFAOYSA-N,rosiglitazone,CN(CCOc1ccc(CC2SC(=O)NC2=O)cc1)c1ccccn1,93694,916147.0,SG:ff0c9231fb968f5c23bfc4d40d294eb47e41f0c21a905aa09447446003c36207,prepared_A_B_cache
YBBLVLTVTVSKRW-UHFFFAOYSA-N,anastrozole,CC(C)(C#N)c1cc(Cn2cncn2)cc(C(C)(C)C#N)c1,21336,916693.0,SG:d6b8f29b9cb17d36df4aeaacffbd6e1ce3318860733a63430e92d6b139eaeb33,prepared_A_B_cache
YBSJFWOBGCMAKL-UHFFFAOYSA-N,dabigatran etexilate,Cn1c(CNc2ccc(C(=N)N)cc2)nc2cc(C(=O)N(CCC(=O)O)c3ccccn3)ccc21,220269,917732.0,SG:5f798ff380bfc1df3f797a73cc69183726d8ea2787b65d19e51a6a4865b101cb,prepared_A_B_cache
YFGHCGITMMYXAQ-LJQANCHMSA-N,armodafinil,NC(=O)C[S@@+]([O-])C(c1ccccc1)c1ccccc1,241502,923317.0,SG:05784e2ddd36e41751a899186268263edfb435d41d2e97ab7301470bb6a4ea41,preserved_catalog_cache
YHGSTSNEOJUIRN-UHFFFAOYSA-N,omidenepag,O=C(O)CNc1cccc(CN(Cc2ccc(-n3cccn3)cc2)S(=O)(=O)c2cccnc2)n1,283301,926537.0,SG:9e8e79faece4d688d26b2e4235d6fe915c7f124c420319ea80cb17a440521ff6,prepared_A_B_cache
YIBOMRUWOWDFLG-ONEGZZNKSA-N,rilpivirine,Cc1cc(/C=C/C#N)cc(C)c1Nc1ccnc(Nc2ccc(C#N)cc2)n1,183378,927707.0,SG:27529897247ca4120f3aedbc62beb4ff325f027a53e849a2cab58900c7b43fa6,prepared_A_B_cache
YIMYDTCOUQIDMT-SNAWJCMRSA-N,diroximel fumarate,COC(=O)/C=C/C(=O)OCCN1C(=O)CCC1=O,109952,,,preserved_catalog_cache
YIQPUIGJQJDJOS-UHFFFAOYSA-N,plerixafor,c1cc(CN2CCCNCCNCCCNCC2)ccc1CN1CCCNCCNCCCNCC1,307168,928626.0,SG:fd3523703861c8a91b37df0edebf1ac109c2e82c5053ec3fdb44980c8a0bcfe3,preserved_catalog_cache
YKPUWZUDDOIDPM-SOFGYWHQSA-N,capsaicin,COc1cc(CNC(=O)CCCC/C=C/C(C)C)ccc1O,127850,931822.0,SG:13cad05ca8f49c509e5b7be8c67668484344ebf2b2d12b03b295f14d4b1c32d1,preserved_catalog_cache
YLXDSYKOBKBWJQ-LBPRGKRZSA-N,ramelteon,CCC(=O)NCC[C@@H]1CCc2ccc3c(c21)CCO3,49797,933906.0,SG:35d065aaad3a2e1e2b3261ebf949ee468c4ace2d2453a36bb769bf76eab0573f,prepared_A_B_cache
YMARZQAQMVYCKC-OEMFJLHTSA-N,fosamprenavir,CC(C)CN(C[C@@H](O)[C@H](Cc1ccccc1)NC(=O)O[C@H]1CCOC1)S(=O)(=O)c1ccc(N)cc1,30516,934112.0,SG:2cf9f0f35cbc6c36c464c01357d336f546a5dfbb4caac404d70340e8c92ca164,prepared_A_B_cache
YMDXZJFXQJVXBF-STHAYSLISA-N,fosfomycin,C[C@@H]1O[C@@H]1P(=O)(O)O,169806,,,preserved_catalog_cache
YMTINGFKWWXKFG-UHFFFAOYSA-N,fenofibrate,CC(C)OC(=O)C(C)(C)Oc1ccc(C(=O)c2ccc(Cl)cc2)cc1,34678,935249.0,SG:113660f6820aa1505046e743926bd418c121e0cb1e25a470d2d0c4ea2feaa270,prepared_A_B_cache
YQEZLKZALYSWHR-ZDUSSCGKSA-N,esketamine,CN[C@]1(c2ccccc2Cl)CCCCC1=O,108103,,,preserved_catalog_cache
YQNQNVDNTFHQSW-UHFFFAOYSA-N,nitazoxanide,CC(=O)Oc1ccccc1C(=O)Nc1ncc([N+](=O)[O-])s1,19616,941052.0,SG:cbedfe968131022a29ebcb9ffd98f158163ee1677a8aaccc508bde701409ddbb,prepared_A_B_cache
YQNWZWMKLDQSAC-UHFFFAOYSA-N,vortioxetine,Cc1ccc(Sc2ccccc2N2CCNCC2)c(C)c1,199744,941063.0,SG:371b2b77798fd36b086c424ff26ad9b0bc1ab7879c472d1ab648e02ecdae9554,prepared_A_B_cache
YREYEVIYCVEVJK-UHFFFAOYSA-N,rabeprazole,COCCCOc1ccnc(C[S+]([O-])c2nc3ccccc3[nH]2)c1C,117015,942086.0,SG:9bc427d6571da0bc1ff630f0d1d9f47d1d8fd5d8d8a00acdf52ecb0a3da57a13,prepared_A_B_cache
YTAOBBFIOAEMLL-REQDGWNSSA-N,luliconazole,N#C/C(=C1/SC[C@@H](c2ccc(Cl)cc2Cl)S1)n1ccnc1,230507,,,preserved_catalog_cache
YTFHCXIPDIHOIA-DHZHZOJOSA-N,palovarotene,CC1(C)CCC(C)(C)c2cc(Cn3cccn3)c(/C=C/c3ccc(C(=O)O)cc3)cc21,43332,,,preserved_catalog_cache
YWGDOWXRIALTES-NRFANRHFSA-N,bepotastine,O=C(O)CCCN1CCC(O[C@@H](c2ccc(Cl)cc2)c2ccccn2)CC1,282465,,,preserved_catalog_cache
YWPHCCPCQOJSGZ-UHFFFAOYSA-N,viloxazine,CCOc1ccccc1OCC1CNCCO1,75261,950424.0,SG:fc5dd82a65cfa0e6114f9365d6e9c1083d35f27698f5464751fa626b64aa35e2,prepared_A_B_cache
YXRDKMPIGHSVRX-OOJCLDBCSA-N,rocuronium,C=CC[N+]1([C@H]2C[C@H]3[C@@H]4CC[C@H]5C[C@H](O)[C@@H](N6CCOCC6)C[C@]5(C)[C@H]4CC[C@]3(C)[C@H]2OC(C)=O)CCCC1,11773,952167.0,SG:9dfa3f1ee2bb63a5c962fef3488dddefb7c140ad55c7cf24a4630f4aa8277507,prepared_A_B_cache
ZAFYATHCZYHLPB-UHFFFAOYSA-N,zolpidem,Cc1ccc(-c2nc3ccc(C)cn3c2CC(=O)N(C)C)cc1,192875,956200.0,SG:9aa2b4cd810936eeb654a9c71d5ba034a1eb1fdcd4119239e510d35cb1258487,prepared_A_B_cache
ZBBHBTPTTSWHBA-UHFFFAOYSA-N,nicardipine,COC(=O)C1=C(C)NC(C)=C(C(=O)OCCN(C)Cc2ccccc2)C1c1cccc([N+](=O)[O-])c1,110303,957512.0,SG:f75b6d05cf520ed2ac7f78a3512f5d30cb1a3129db3165b7e8ad1b7a2656ea89,prepared_A_B_cache
ZBGXUVOIWDMMJE-QHNZEKIYSA-N,vorapaxar,CCOC(=O)N[C@@H]1CC[C@@H]2[C@@H](C1)C[C@H]1C(=O)O[C@H](C)[C@H]1[C@H]2/C=C/c1ccc(-c2cccc(F)c2)cn1,69825,957860.0,SG:e198479592ca35d7c287b70c0860f5139d5e171ca3727e809207c263e4c09188,prepared_A_B_cache
ZBMZVLHSJCTVON-UHFFFAOYSA-N,sotalol,CC(C)NCC(O)c1ccc(NS(C)(=O)=O)cc1,33764,958213.0,SG:13cad05ca8f49c509e5b7be8c67668484344ebf2b2d12b03b295f14d4b1c32d1,preserved_catalog_cache
ZBNZXTGUTAYRHI-UHFFFAOYSA-N,dasatinib,Cc1nc(Nc2ncc(C(=O)Nc3c(C)cccc3Cl)s2)cc(N2CCN(CCO)CC2)n1,211035,958267.0,SG:0d8f8e0dfe4120fd71db2194517257c9a3bebee6faf92d764736e6230ea90050,preserved_catalog_cache
ZBPLOVFIXSTCRZ-UHFFFAOYSA-N,bromfenac,Nc1c(CC(=O)O)cccc1C(=O)c1ccc(Br)cc1,253713,958358.0,SG:113660f6820aa1505046e743926bd418c121e0cb1e25a470d2d0c4ea2feaa270,prepared_A_B_cache
ZCVMWBYGMWKGHF-UHFFFAOYSA-N,ketotifen,CN1CCC(=C2c3ccccc3CC(=O)c3sccc32)CC1,97291,960338.0,SG:4b353061b40dd9ad7705ac803342eede8032eb6169008f9dcc17a72c0833a71c,prepared_A_B_cache
ZEUITGRIYCTCEM-KRWDZBQOSA-N,duloxetine,CNCC[C@H](Oc1cccc2ccccc12)c1cccs1,106834,963361.0,SG:e4618a496c85bbd788c3b693a165bbf57f67fb8b4f64564e9d217a3bfea55e36,prepared_A_B_cache
ZFMITUMMTDLWHR-UHFFFAOYSA-N,minoxidil,Nc1cc(N2CCCCC2)nc(N)[n+]1[O-],254367,964457.0,SG:fd50ae01ff0354e102e485028997864286e976424a40b0442278f115532ba035,prepared_A_B_cache
ZGLHBRQAEXKACO-XJRQOBMKSA-N,doxercalciferol,C=C1/C(=C\C=C2/CCC[C@]3(C)[C@@H]([C@H](C)/C=C/[C@H](C)C(C)(C)O)CC[C@@H]23)C[C@@H](O)C[C@@H]1O,4100,,,preserved_catalog_cache
ZIAOVIPSKUPPQW-UHFFFAOYSA-N,doravirine,Cn1c(Cn2ccc(C(F)(F)F)c(Oc3cc(Cl)cc(C#N)c3)c2=O)n[nH]c1=O,220362,,,preserved_catalog_cache
ZISJNXNHJRQYJO-CMDGGOBGSA-N,tapinarof,CC(C)c1c(O)cc(/C=C/c2ccccc2)cc1O,37246,969454.0,SG:4da888fa4183847030fae74a600e4b531c0aab48541b25ea2fd9dd1d77cc33ab,prepared_A_B_cache
ZKIAIYBUSXZPLP-UHFFFAOYSA-N,brexpiprazole,O=c1ccc2ccc(OCCCCN3CCN(c4cccc5sccc45)CC3)cc2[nH]1,301766,971929.0,SG:2fe8e2922ac6b1cba04d805982ace2078e0222e1ad9294c62d8a794e65ccf1f0,prepared_A_B_cache
ZKLPARSLTMPFCP-OAQYLSRUSA-N,levocetirizine,O=C(O)COCCN1CCN([C@H](c2ccccc2)c2ccc(Cl)cc2)CC1,283313,972143.0,SG:81afdce9b3af90dce1e7431842f19c6476334b088bc70997097f4e62adaf374c,prepared_A_B_cache
ZKLPARSLTMPFCP-UHFFFAOYSA-N,cetirizine,O=C(O)COCCN1CCN(C(c2ccccc2)c2ccc(Cl)cc2)CC1,283312,972144.0,SG:81afdce9b3af90dce1e7431842f19c6476334b088bc70997097f4e62adaf374c,prepared_A_B_cache
ZPMNHBXQOOVQJL-UHFFFAOYSA-N,prucalopride,COCCCN1CCC(NC(=O)c2cc(Cl)c(N)c3c2OCC3)CC1,116726,980098.0,SG:0d5530c9c1a0445375337114e62f447c3c70160b8ef6660743ff463c41ac79e2,prepared_A_B_cache
ZPUCINDJVBIVPJ-LJISPDSOSA-N,cocaine,COC(=O)[C@H]1[C@@H](OC(=O)c2ccccc2)C[C@@H]2CC[C@H]1N2C,113146,980529.0,SG:bf2ce503b36fa7c1a7dd153b23f9623ff44932085631288bd1f16c48b1fce479,preserved_catalog_cache
ZRVUJXDFFKFLMG-UHFFFAOYSA-N,meloxicam,Cc1cnc(NC(=O)C2=C(O)c3ccccc3S(=O)(=O)N2C)s1,207081,983790.0,SG:3c42a3529292007db84dca4978d1ce993a5326c6615eb46823e8928b99d9dd47,prepared_A_B_cache
ZSBOMTDTBDDKMP-OAHLLOKOSA-N,alogliptin,Cn1c(=O)cc(N2CCC[C@@H](N)C2)n(Cc2ccccc2C#N)c1=O,219732,984158.0,SG:a88c0ff18d4ebfc33610ee84ed41481f861c5e59aa4fcd124fa9e86f84441fa0,prepared_A_B_cache
ZSKVGTPCRGIANV-ZXFLCMHBSA-N,imipenem,C[C@@H](O)[C@H]1C(=O)N2C(C(=O)O)=C(SCCNC=N)C[C@H]12,166586,,,preserved_catalog_cache
ZSWMIFNWDQEXDT-ZESJGQACSA-N,zoliflodacin,C[C@@H]1CN2c3c(cc4c(N5C(=O)OC[C@@H]5C)noc4c3F)CC3(C(=O)NC(=O)NC3=O)[C@H]2[C@H](C)O1,168671,,,preserved_catalog_cache
ZVHNDZWQTBEVRY-UHFFFAOYSA-N,momelotinib,N#CCNC(=O)c1ccc(-c2ccnc(Nc3ccc(N4CCOCC4)cc3)n2)cc1,232296,989172.0,SG:9e558d79379accb528e510f23284edfcca27abecdfd8990925e6b603e95b1c0d,prepared_A_B_cache
ZWUQVNSJSJHFPS-XFXZXTDPSA-N,prasugrel,O=C(O)/C=C1/CN(C(C(=O)C2CC2)c2ccccc2F)CCC1S,281766,,,preserved_catalog_cache
ZYTXTXAMMDTYDQ-DGEXFFLYSA-N,vamorolone,C[C@@H]1C[C@H]2[C@@H]3CCC4=CC(=O)C=C[C@]4(C)C3=CC[C@]2(C)[C@@]1(O)C(=O)CO,169093,994690.0,SG:0c687e8e5326c64de7117bb00c6a20d1efd328fc1bb4817d0954cef575380279,prepared_A_B_cache
ZZUFCTLCJUWOSV-UHFFFAOYSA-N,furosemide,NS(=O)(=O)c1cc(C(=O)O)c(NCc2ccco2)cc1Cl,249056,996312.0,SG:60b8767b66dc99fd2c6baefa655c35dfa6a0eff3fb7119796be733966d1616a6,prepared_A_B_cache
ZZVUWRFHKOJYTH-UHFFFAOYSA-N,diphenhydramine,CN(C)CCOC(c1ccccc1)c1ccccc1,90676,996409.0,SG:05784e2ddd36e41751a899186268263edfb435d41d2e97ab7301470bb6a4ea41,preserved_catalog_cache
