scope,query,entity,model_a,model_b,n,ordered_comparisons,both_correct,only_a_correct,only_b_correct,both_wrong,any_tie
COMMON_378,drug_id,BCFGMOOMADDAQU-UHFFFAOYSA-N,biomaster,drugclip,19,18,0.7777777777777778,0.2222222222222222,0.0,0.0,0.0
COMMON_378,drug_id,BCFGMOOMADDAQU-UHFFFAOYSA-N,biomaster,dtiam,19,18,1.0,0.0,0.0,0.0,0.0
COMMON_378,drug_id,BCFGMOOMADDAQU-UHFFFAOYSA-N,biomaster,conplex,19,18,1.0,0.0,0.0,0.0,0.0
COMMON_378,drug_id,BCFGMOOMADDAQU-UHFFFAOYSA-N,biomaster,nesso,19,18,1.0,0.0,0.0,0.0,0.0
COMMON_378,drug_id,BCFGMOOMADDAQU-UHFFFAOYSA-N,biomaster,probematch,19,18,0.3888888888888889,0.6111111111111112,0.0,0.0,0.0
COMMON_378,drug_id,BCFGMOOMADDAQU-UHFFFAOYSA-N,biomaster,dtbind,19,18,0.7222222222222222,0.2777777777777778,0.0,0.0,0.0
COMMON_378,drug_id,BCFGMOOMADDAQU-UHFFFAOYSA-N,biomaster,nesso_pic50,19,18,1.0,0.0,0.0,0.0,0.0
COMMON_378,drug_id,BCFGMOOMADDAQU-UHFFFAOYSA-N,drugclip,dtiam,19,18,0.7777777777777778,0.0,0.2222222222222222,0.0,0.0
COMMON_378,drug_id,BCFGMOOMADDAQU-UHFFFAOYSA-N,drugclip,conplex,19,18,0.7777777777777778,0.0,0.2222222222222222,0.0,0.0
COMMON_378,drug_id,BCFGMOOMADDAQU-UHFFFAOYSA-N,drugclip,nesso,19,18,0.7777777777777778,0.0,0.2222222222222222,0.0,0.0
COMMON_378,drug_id,BCFGMOOMADDAQU-UHFFFAOYSA-N,drugclip,probematch,19,18,0.2777777777777778,0.5,0.1111111111111111,0.1111111111111111,0.0
COMMON_378,drug_id,BCFGMOOMADDAQU-UHFFFAOYSA-N,drugclip,dtbind,19,18,0.5,0.2777777777777778,0.2222222222222222,0.0,0.0
COMMON_378,drug_id,BCFGMOOMADDAQU-UHFFFAOYSA-N,drugclip,nesso_pic50,19,18,0.7777777777777778,0.0,0.2222222222222222,0.0,0.0
COMMON_378,drug_id,BCFGMOOMADDAQU-UHFFFAOYSA-N,dtiam,conplex,19,18,1.0,0.0,0.0,0.0,0.0
COMMON_378,drug_id,BCFGMOOMADDAQU-UHFFFAOYSA-N,dtiam,nesso,19,18,1.0,0.0,0.0,0.0,0.0
COMMON_378,drug_id,BCFGMOOMADDAQU-UHFFFAOYSA-N,dtiam,probematch,19,18,0.3888888888888889,0.6111111111111112,0.0,0.0,0.0
COMMON_378,drug_id,BCFGMOOMADDAQU-UHFFFAOYSA-N,dtiam,dtbind,19,18,0.7222222222222222,0.2777777777777778,0.0,0.0,0.0
COMMON_378,drug_id,BCFGMOOMADDAQU-UHFFFAOYSA-N,dtiam,nesso_pic50,19,18,1.0,0.0,0.0,0.0,0.0
COMMON_378,drug_id,BCFGMOOMADDAQU-UHFFFAOYSA-N,conplex,nesso,19,18,1.0,0.0,0.0,0.0,0.0
COMMON_378,drug_id,BCFGMOOMADDAQU-UHFFFAOYSA-N,conplex,probematch,19,18,0.3888888888888889,0.6111111111111112,0.0,0.0,0.0
COMMON_378,drug_id,BCFGMOOMADDAQU-UHFFFAOYSA-N,conplex,dtbind,19,18,0.7222222222222222,0.2777777777777778,0.0,0.0,0.0
COMMON_378,drug_id,BCFGMOOMADDAQU-UHFFFAOYSA-N,conplex,nesso_pic50,19,18,1.0,0.0,0.0,0.0,0.0
COMMON_378,drug_id,BCFGMOOMADDAQU-UHFFFAOYSA-N,nesso,probematch,19,18,0.3888888888888889,0.6111111111111112,0.0,0.0,0.0
COMMON_378,drug_id,BCFGMOOMADDAQU-UHFFFAOYSA-N,nesso,dtbind,19,18,0.7222222222222222,0.2777777777777778,0.0,0.0,0.0
COMMON_378,drug_id,BCFGMOOMADDAQU-UHFFFAOYSA-N,nesso,nesso_pic50,19,18,1.0,0.0,0.0,0.0,0.0
COMMON_378,drug_id,BCFGMOOMADDAQU-UHFFFAOYSA-N,probematch,dtbind,19,18,0.2222222222222222,0.16666666666666666,0.5,0.1111111111111111,0.0
COMMON_378,drug_id,BCFGMOOMADDAQU-UHFFFAOYSA-N,probematch,nesso_pic50,19,18,0.3888888888888889,0.0,0.6111111111111112,0.0,0.0
COMMON_378,drug_id,BCFGMOOMADDAQU-UHFFFAOYSA-N,dtbind,nesso_pic50,19,18,0.7222222222222222,0.0,0.2777777777777778,0.0,0.0
COMMON_378,drug_id,CVWXJKQAOSCOAB-UHFFFAOYSA-N,biomaster,drugclip,21,20,0.75,0.25,0.0,0.0,0.0
COMMON_378,drug_id,CVWXJKQAOSCOAB-UHFFFAOYSA-N,biomaster,dtiam,21,20,1.0,0.0,0.0,0.0,0.0
COMMON_378,drug_id,CVWXJKQAOSCOAB-UHFFFAOYSA-N,biomaster,conplex,21,20,1.0,0.0,0.0,0.0,0.0
COMMON_378,drug_id,CVWXJKQAOSCOAB-UHFFFAOYSA-N,biomaster,nesso,21,20,1.0,0.0,0.0,0.0,0.0
COMMON_378,drug_id,CVWXJKQAOSCOAB-UHFFFAOYSA-N,biomaster,probematch,21,20,0.75,0.25,0.0,0.0,0.0
COMMON_378,drug_id,CVWXJKQAOSCOAB-UHFFFAOYSA-N,biomaster,dtbind,21,20,1.0,0.0,0.0,0.0,0.0
COMMON_378,drug_id,CVWXJKQAOSCOAB-UHFFFAOYSA-N,biomaster,nesso_pic50,21,20,1.0,0.0,0.0,0.0,0.0
COMMON_378,drug_id,CVWXJKQAOSCOAB-UHFFFAOYSA-N,drugclip,dtiam,21,20,0.75,0.0,0.25,0.0,0.0
COMMON_378,drug_id,CVWXJKQAOSCOAB-UHFFFAOYSA-N,drugclip,conplex,21,20,0.75,0.0,0.25,0.0,0.0
COMMON_378,drug_id,CVWXJKQAOSCOAB-UHFFFAOYSA-N,drugclip,nesso,21,20,0.75,0.0,0.25,0.0,0.0
COMMON_378,drug_id,CVWXJKQAOSCOAB-UHFFFAOYSA-N,drugclip,probematch,21,20,0.55,0.2,0.2,0.05,0.0
COMMON_378,drug_id,CVWXJKQAOSCOAB-UHFFFAOYSA-N,drugclip,dtbind,21,20,0.75,0.0,0.25,0.0,0.0
COMMON_378,drug_id,CVWXJKQAOSCOAB-UHFFFAOYSA-N,drugclip,nesso_pic50,21,20,0.75,0.0,0.25,0.0,0.0
COMMON_378,drug_id,CVWXJKQAOSCOAB-UHFFFAOYSA-N,dtiam,conplex,21,20,1.0,0.0,0.0,0.0,0.0
COMMON_378,drug_id,CVWXJKQAOSCOAB-UHFFFAOYSA-N,dtiam,nesso,21,20,1.0,0.0,0.0,0.0,0.0
COMMON_378,drug_id,CVWXJKQAOSCOAB-UHFFFAOYSA-N,dtiam,probematch,21,20,0.75,0.25,0.0,0.0,0.0
COMMON_378,drug_id,CVWXJKQAOSCOAB-UHFFFAOYSA-N,dtiam,dtbind,21,20,1.0,0.0,0.0,0.0,0.0
COMMON_378,drug_id,CVWXJKQAOSCOAB-UHFFFAOYSA-N,dtiam,nesso_pic50,21,20,1.0,0.0,0.0,0.0,0.0
COMMON_378,drug_id,CVWXJKQAOSCOAB-UHFFFAOYSA-N,conplex,nesso,21,20,1.0,0.0,0.0,0.0,0.0
COMMON_378,drug_id,CVWXJKQAOSCOAB-UHFFFAOYSA-N,conplex,probematch,21,20,0.75,0.25,0.0,0.0,0.0
COMMON_378,drug_id,CVWXJKQAOSCOAB-UHFFFAOYSA-N,conplex,dtbind,21,20,1.0,0.0,0.0,0.0,0.0
COMMON_378,drug_id,CVWXJKQAOSCOAB-UHFFFAOYSA-N,conplex,nesso_pic50,21,20,1.0,0.0,0.0,0.0,0.0
COMMON_378,drug_id,CVWXJKQAOSCOAB-UHFFFAOYSA-N,nesso,probematch,21,20,0.75,0.25,0.0,0.0,0.0
COMMON_378,drug_id,CVWXJKQAOSCOAB-UHFFFAOYSA-N,nesso,dtbind,21,20,1.0,0.0,0.0,0.0,0.0
COMMON_378,drug_id,CVWXJKQAOSCOAB-UHFFFAOYSA-N,nesso,nesso_pic50,21,20,1.0,0.0,0.0,0.0,0.0
COMMON_378,drug_id,CVWXJKQAOSCOAB-UHFFFAOYSA-N,probematch,dtbind,21,20,0.75,0.0,0.25,0.0,0.0
COMMON_378,drug_id,CVWXJKQAOSCOAB-UHFFFAOYSA-N,probematch,nesso_pic50,21,20,0.75,0.0,0.25,0.0,0.0
COMMON_378,drug_id,CVWXJKQAOSCOAB-UHFFFAOYSA-N,dtbind,nesso_pic50,21,20,1.0,0.0,0.0,0.0,0.0
COMMON_378,drug_id,CYOHGALHFOKKQC-UHFFFAOYSA-N,biomaster,drugclip,26,25,0.12,0.88,0.0,0.0,0.0
COMMON_378,drug_id,CYOHGALHFOKKQC-UHFFFAOYSA-N,biomaster,dtiam,26,25,1.0,0.0,0.0,0.0,0.0
COMMON_378,drug_id,CYOHGALHFOKKQC-UHFFFAOYSA-N,biomaster,conplex,26,25,0.0,0.16,0.0,0.0,0.84
COMMON_378,drug_id,CYOHGALHFOKKQC-UHFFFAOYSA-N,biomaster,nesso,26,25,1.0,0.0,0.0,0.0,0.0
COMMON_378,drug_id,CYOHGALHFOKKQC-UHFFFAOYSA-N,biomaster,probematch,26,25,0.8,0.08,0.0,0.0,0.12
COMMON_378,drug_id,CYOHGALHFOKKQC-UHFFFAOYSA-N,biomaster,dtbind,26,25,0.92,0.08,0.0,0.0,0.0
COMMON_378,drug_id,CYOHGALHFOKKQC-UHFFFAOYSA-N,biomaster,nesso_pic50,26,25,1.0,0.0,0.0,0.0,0.0
COMMON_378,drug_id,CYOHGALHFOKKQC-UHFFFAOYSA-N,drugclip,dtiam,26,25,0.12,0.0,0.88,0.0,0.0
COMMON_378,drug_id,CYOHGALHFOKKQC-UHFFFAOYSA-N,drugclip,conplex,26,25,0.0,0.04,0.0,0.12,0.84
COMMON_378,drug_id,CYOHGALHFOKKQC-UHFFFAOYSA-N,drugclip,nesso,26,25,0.12,0.0,0.88,0.0,0.0
COMMON_378,drug_id,CYOHGALHFOKKQC-UHFFFAOYSA-N,drugclip,probematch,26,25,0.12,0.0,0.68,0.08,0.12
COMMON_378,drug_id,CYOHGALHFOKKQC-UHFFFAOYSA-N,drugclip,dtbind,26,25,0.12,0.0,0.8,0.08,0.0
COMMON_378,drug_id,CYOHGALHFOKKQC-UHFFFAOYSA-N,drugclip,nesso_pic50,26,25,0.12,0.0,0.88,0.0,0.0
COMMON_378,drug_id,CYOHGALHFOKKQC-UHFFFAOYSA-N,dtiam,conplex,26,25,0.0,0.16,0.0,0.0,0.84
COMMON_378,drug_id,CYOHGALHFOKKQC-UHFFFAOYSA-N,dtiam,nesso,26,25,1.0,0.0,0.0,0.0,0.0
COMMON_378,drug_id,CYOHGALHFOKKQC-UHFFFAOYSA-N,dtiam,probematch,26,25,0.8,0.08,0.0,0.0,0.12
COMMON_378,drug_id,CYOHGALHFOKKQC-UHFFFAOYSA-N,dtiam,dtbind,26,25,0.92,0.08,0.0,0.0,0.0
COMMON_378,drug_id,CYOHGALHFOKKQC-UHFFFAOYSA-N,dtiam,nesso_pic50,26,25,1.0,0.0,0.0,0.0,0.0
COMMON_378,drug_id,CYOHGALHFOKKQC-UHFFFAOYSA-N,conplex,nesso,26,25,0.0,0.0,0.16,0.0,0.84
COMMON_378,drug_id,CYOHGALHFOKKQC-UHFFFAOYSA-N,conplex,probematch,26,25,0.0,0.0,0.08,0.04,0.88
COMMON_378,drug_id,CYOHGALHFOKKQC-UHFFFAOYSA-N,conplex,dtbind,26,25,0.0,0.0,0.16,0.0,0.84
COMMON_378,drug_id,CYOHGALHFOKKQC-UHFFFAOYSA-N,conplex,nesso_pic50,26,25,0.0,0.0,0.16,0.0,0.84
COMMON_378,drug_id,CYOHGALHFOKKQC-UHFFFAOYSA-N,nesso,probematch,26,25,0.8,0.08,0.0,0.0,0.12
COMMON_378,drug_id,CYOHGALHFOKKQC-UHFFFAOYSA-N,nesso,dtbind,26,25,0.92,0.08,0.0,0.0,0.0
COMMON_378,drug_id,CYOHGALHFOKKQC-UHFFFAOYSA-N,nesso,nesso_pic50,26,25,1.0,0.0,0.0,0.0,0.0
COMMON_378,drug_id,CYOHGALHFOKKQC-UHFFFAOYSA-N,probematch,dtbind,26,25,0.72,0.08,0.08,0.0,0.12
COMMON_378,drug_id,CYOHGALHFOKKQC-UHFFFAOYSA-N,probematch,nesso_pic50,26,25,0.8,0.0,0.08,0.0,0.12
COMMON_378,drug_id,CYOHGALHFOKKQC-UHFFFAOYSA-N,dtbind,nesso_pic50,26,25,0.92,0.0,0.08,0.0,0.0
COMMON_378,drug_id,DBABZHXKTCFAPX-UHFFFAOYSA-N,biomaster,drugclip,4,3,0.0,1.0,0.0,0.0,0.0
COMMON_378,drug_id,DBABZHXKTCFAPX-UHFFFAOYSA-N,biomaster,dtiam,4,3,0.6666666666666666,0.3333333333333333,0.0,0.0,0.0
COMMON_378,drug_id,DBABZHXKTCFAPX-UHFFFAOYSA-N,biomaster,conplex,4,3,0.3333333333333333,0.6666666666666666,0.0,0.0,0.0
COMMON_378,drug_id,DBABZHXKTCFAPX-UHFFFAOYSA-N,biomaster,nesso,4,3,0.6666666666666666,0.3333333333333333,0.0,0.0,0.0
COMMON_378,drug_id,DBABZHXKTCFAPX-UHFFFAOYSA-N,biomaster,probematch,4,3,1.0,0.0,0.0,0.0,0.0
COMMON_378,drug_id,DBABZHXKTCFAPX-UHFFFAOYSA-N,biomaster,dtbind,4,3,0.6666666666666666,0.3333333333333333,0.0,0.0,0.0
COMMON_378,drug_id,DBABZHXKTCFAPX-UHFFFAOYSA-N,biomaster,nesso_pic50,4,3,1.0,0.0,0.0,0.0,0.0
COMMON_378,drug_id,DBABZHXKTCFAPX-UHFFFAOYSA-N,drugclip,dtiam,4,3,0.0,0.0,0.6666666666666666,0.3333333333333333,0.0
COMMON_378,drug_id,DBABZHXKTCFAPX-UHFFFAOYSA-N,drugclip,conplex,4,3,0.0,0.0,0.3333333333333333,0.6666666666666666,0.0
COMMON_378,drug_id,DBABZHXKTCFAPX-UHFFFAOYSA-N,drugclip,nesso,4,3,0.0,0.0,0.6666666666666666,0.3333333333333333,0.0
COMMON_378,drug_id,DBABZHXKTCFAPX-UHFFFAOYSA-N,drugclip,probematch,4,3,0.0,0.0,1.0,0.0,0.0
COMMON_378,drug_id,DBABZHXKTCFAPX-UHFFFAOYSA-N,drugclip,dtbind,4,3,0.0,0.0,0.6666666666666666,0.3333333333333333,0.0
COMMON_378,drug_id,DBABZHXKTCFAPX-UHFFFAOYSA-N,drugclip,nesso_pic50,4,3,0.0,0.0,1.0,0.0,0.0
COMMON_378,drug_id,DBABZHXKTCFAPX-UHFFFAOYSA-N,dtiam,conplex,4,3,0.3333333333333333,0.3333333333333333,0.0,0.3333333333333333,0.0
COMMON_378,drug_id,DBABZHXKTCFAPX-UHFFFAOYSA-N,dtiam,nesso,4,3,0.6666666666666666,0.0,0.0,0.3333333333333333,0.0
COMMON_378,drug_id,DBABZHXKTCFAPX-UHFFFAOYSA-N,dtiam,probematch,4,3,0.6666666666666666,0.0,0.3333333333333333,0.0,0.0
COMMON_378,drug_id,DBABZHXKTCFAPX-UHFFFAOYSA-N,dtiam,dtbind,4,3,0.6666666666666666,0.0,0.0,0.3333333333333333,0.0
COMMON_378,drug_id,DBABZHXKTCFAPX-UHFFFAOYSA-N,dtiam,nesso_pic50,4,3,0.6666666666666666,0.0,0.3333333333333333,0.0,0.0
COMMON_378,drug_id,DBABZHXKTCFAPX-UHFFFAOYSA-N,conplex,nesso,4,3,0.3333333333333333,0.0,0.3333333333333333,0.3333333333333333,0.0
COMMON_378,drug_id,DBABZHXKTCFAPX-UHFFFAOYSA-N,conplex,probematch,4,3,0.3333333333333333,0.0,0.6666666666666666,0.0,0.0
COMMON_378,drug_id,DBABZHXKTCFAPX-UHFFFAOYSA-N,conplex,dtbind,4,3,0.3333333333333333,0.0,0.3333333333333333,0.3333333333333333,0.0
COMMON_378,drug_id,DBABZHXKTCFAPX-UHFFFAOYSA-N,conplex,nesso_pic50,4,3,0.3333333333333333,0.0,0.6666666666666666,0.0,0.0
COMMON_378,drug_id,DBABZHXKTCFAPX-UHFFFAOYSA-N,nesso,probematch,4,3,0.6666666666666666,0.0,0.3333333333333333,0.0,0.0
COMMON_378,drug_id,DBABZHXKTCFAPX-UHFFFAOYSA-N,nesso,dtbind,4,3,0.6666666666666666,0.0,0.0,0.3333333333333333,0.0
COMMON_378,drug_id,DBABZHXKTCFAPX-UHFFFAOYSA-N,nesso,nesso_pic50,4,3,0.6666666666666666,0.0,0.3333333333333333,0.0,0.0
COMMON_378,drug_id,DBABZHXKTCFAPX-UHFFFAOYSA-N,probematch,dtbind,4,3,0.6666666666666666,0.3333333333333333,0.0,0.0,0.0
COMMON_378,drug_id,DBABZHXKTCFAPX-UHFFFAOYSA-N,probematch,nesso_pic50,4,3,1.0,0.0,0.0,0.0,0.0
COMMON_378,drug_id,DBABZHXKTCFAPX-UHFFFAOYSA-N,dtbind,nesso_pic50,4,3,0.6666666666666666,0.0,0.3333333333333333,0.0,0.0
COMMON_378,drug_id,HHZIURLSWUIHRB-UHFFFAOYSA-N,biomaster,drugclip,26,88,0.5681818181818182,0.375,0.011363636363636364,0.045454545454545456,0.0
COMMON_378,drug_id,HHZIURLSWUIHRB-UHFFFAOYSA-N,biomaster,dtiam,26,88,0.9431818181818182,0.0,0.056818181818181816,0.0,0.0
COMMON_378,drug_id,HHZIURLSWUIHRB-UHFFFAOYSA-N,biomaster,conplex,26,88,0.6931818181818182,0.10227272727272728,0.011363636363636364,0.045454545454545456,0.14772727272727273
COMMON_378,drug_id,HHZIURLSWUIHRB-UHFFFAOYSA-N,biomaster,nesso,26,88,0.9204545454545454,0.022727272727272728,0.022727272727272728,0.03409090909090909,0.0
COMMON_378,drug_id,HHZIURLSWUIHRB-UHFFFAOYSA-N,biomaster,probematch,26,88,0.5909090909090909,0.3522727272727273,0.022727272727272728,0.03409090909090909,0.0
COMMON_378,drug_id,HHZIURLSWUIHRB-UHFFFAOYSA-N,biomaster,dtbind,26,88,0.6022727272727273,0.3409090909090909,0.011363636363636364,0.045454545454545456,0.0
COMMON_378,drug_id,HHZIURLSWUIHRB-UHFFFAOYSA-N,biomaster,nesso_pic50,26,88,0.7727272727272727,0.17045454545454544,0.022727272727272728,0.03409090909090909,0.0
COMMON_378,drug_id,HHZIURLSWUIHRB-UHFFFAOYSA-N,drugclip,dtiam,26,88,0.5795454545454546,0.0,0.42045454545454547,0.0,0.0
COMMON_378,drug_id,HHZIURLSWUIHRB-UHFFFAOYSA-N,drugclip,conplex,26,88,0.4772727272727273,0.045454545454545456,0.22727272727272727,0.10227272727272728,0.14772727272727273
COMMON_378,drug_id,HHZIURLSWUIHRB-UHFFFAOYSA-N,drugclip,nesso,26,88,0.5568181818181818,0.022727272727272728,0.38636363636363635,0.03409090909090909,0.0
COMMON_378,drug_id,HHZIURLSWUIHRB-UHFFFAOYSA-N,drugclip,probematch,26,88,0.3522727272727273,0.22727272727272727,0.26136363636363635,0.1590909090909091,0.0
COMMON_378,drug_id,HHZIURLSWUIHRB-UHFFFAOYSA-N,drugclip,dtbind,26,88,0.36363636363636365,0.2159090909090909,0.25,0.17045454545454544,0.0
COMMON_378,drug_id,HHZIURLSWUIHRB-UHFFFAOYSA-N,drugclip,nesso_pic50,26,88,0.4659090909090909,0.11363636363636363,0.32954545454545453,0.09090909090909091,0.0
COMMON_378,drug_id,HHZIURLSWUIHRB-UHFFFAOYSA-N,dtiam,conplex,26,88,0.7045454545454546,0.14772727272727273,0.0,0.0,0.14772727272727273
COMMON_378,drug_id,HHZIURLSWUIHRB-UHFFFAOYSA-N,dtiam,nesso,26,88,0.9431818181818182,0.056818181818181816,0.0,0.0,0.0
COMMON_378,drug_id,HHZIURLSWUIHRB-UHFFFAOYSA-N,dtiam,probematch,26,88,0.6136363636363636,0.38636363636363635,0.0,0.0,0.0
COMMON_378,drug_id,HHZIURLSWUIHRB-UHFFFAOYSA-N,dtiam,dtbind,26,88,0.6136363636363636,0.38636363636363635,0.0,0.0,0.0
COMMON_378,drug_id,HHZIURLSWUIHRB-UHFFFAOYSA-N,dtiam,nesso_pic50,26,88,0.7954545454545454,0.20454545454545456,0.0,0.0,0.0
COMMON_378,drug_id,HHZIURLSWUIHRB-UHFFFAOYSA-N,conplex,nesso,26,88,0.6818181818181818,0.022727272727272728,0.11363636363636363,0.03409090909090909,0.14772727272727273
COMMON_378,drug_id,HHZIURLSWUIHRB-UHFFFAOYSA-N,conplex,probematch,26,88,0.36363636363636365,0.3409090909090909,0.125,0.022727272727272728,0.14772727272727273
COMMON_378,drug_id,HHZIURLSWUIHRB-UHFFFAOYSA-N,conplex,dtbind,26,88,0.5,0.20454545454545456,0.03409090909090909,0.11363636363636363,0.14772727272727273
COMMON_378,drug_id,HHZIURLSWUIHRB-UHFFFAOYSA-N,conplex,nesso_pic50,26,88,0.6363636363636364,0.06818181818181818,0.07954545454545454,0.06818181818181818,0.14772727272727273
COMMON_378,drug_id,HHZIURLSWUIHRB-UHFFFAOYSA-N,nesso,probematch,26,88,0.5909090909090909,0.3522727272727273,0.022727272727272728,0.03409090909090909,0.0
COMMON_378,drug_id,HHZIURLSWUIHRB-UHFFFAOYSA-N,nesso,dtbind,26,88,0.6022727272727273,0.3409090909090909,0.011363636363636364,0.045454545454545456,0.0
COMMON_378,drug_id,HHZIURLSWUIHRB-UHFFFAOYSA-N,nesso,nesso_pic50,26,88,0.7840909090909091,0.1590909090909091,0.011363636363636364,0.045454545454545456,0.0
COMMON_378,drug_id,HHZIURLSWUIHRB-UHFFFAOYSA-N,probematch,dtbind,26,88,0.3181818181818182,0.29545454545454547,0.29545454545454547,0.09090909090909091,0.0
COMMON_378,drug_id,HHZIURLSWUIHRB-UHFFFAOYSA-N,probematch,nesso_pic50,26,88,0.5,0.11363636363636363,0.29545454545454547,0.09090909090909091,0.0
COMMON_378,drug_id,HHZIURLSWUIHRB-UHFFFAOYSA-N,dtbind,nesso_pic50,26,88,0.5227272727272727,0.09090909090909091,0.2727272727272727,0.11363636363636363,0.0
COMMON_378,drug_id,JOOXLOJCABQBSG-UHFFFAOYSA-N,biomaster,drugclip,23,112,0.39285714285714285,0.5178571428571429,0.008928571428571428,0.08035714285714286,0.0
COMMON_378,drug_id,JOOXLOJCABQBSG-UHFFFAOYSA-N,biomaster,dtiam,23,112,0.9017857142857143,0.008928571428571428,0.08928571428571429,0.0,0.0
COMMON_378,drug_id,JOOXLOJCABQBSG-UHFFFAOYSA-N,biomaster,conplex,23,112,0.1875,0.11607142857142858,0.0,0.0,0.6964285714285714
COMMON_378,drug_id,JOOXLOJCABQBSG-UHFFFAOYSA-N,biomaster,nesso,23,112,0.8660714285714286,0.044642857142857144,0.08928571428571429,0.0,0.0
COMMON_378,drug_id,JOOXLOJCABQBSG-UHFFFAOYSA-N,biomaster,probematch,23,112,0.5625,0.3482142857142857,0.017857142857142856,0.07142857142857142,0.0
COMMON_378,drug_id,JOOXLOJCABQBSG-UHFFFAOYSA-N,biomaster,dtbind,23,112,0.7946428571428571,0.11607142857142858,0.07142857142857142,0.017857142857142856,0.0
COMMON_378,drug_id,JOOXLOJCABQBSG-UHFFFAOYSA-N,biomaster,nesso_pic50,23,112,0.9107142857142857,0.0,0.08928571428571429,0.0,0.0
COMMON_378,drug_id,JOOXLOJCABQBSG-UHFFFAOYSA-N,drugclip,dtiam,23,112,0.4017857142857143,0.0,0.5892857142857143,0.008928571428571428,0.0
COMMON_378,drug_id,JOOXLOJCABQBSG-UHFFFAOYSA-N,drugclip,conplex,23,112,0.044642857142857144,0.07142857142857142,0.14285714285714285,0.044642857142857144,0.6964285714285714
COMMON_378,drug_id,JOOXLOJCABQBSG-UHFFFAOYSA-N,drugclip,nesso,23,112,0.39285714285714285,0.008928571428571428,0.5625,0.03571428571428571,0.0
COMMON_378,drug_id,JOOXLOJCABQBSG-UHFFFAOYSA-N,drugclip,probematch,23,112,0.25,0.15178571428571427,0.33035714285714285,0.26785714285714285,0.0
COMMON_378,drug_id,JOOXLOJCABQBSG-UHFFFAOYSA-N,drugclip,dtbind,23,112,0.35714285714285715,0.044642857142857144,0.5089285714285714,0.08928571428571429,0.0
COMMON_378,drug_id,JOOXLOJCABQBSG-UHFFFAOYSA-N,drugclip,nesso_pic50,23,112,0.4017857142857143,0.0,0.5982142857142857,0.0,0.0
COMMON_378,drug_id,JOOXLOJCABQBSG-UHFFFAOYSA-N,dtiam,conplex,23,112,0.1875,0.11607142857142858,0.0,0.0,0.6964285714285714
COMMON_378,drug_id,JOOXLOJCABQBSG-UHFFFAOYSA-N,dtiam,nesso,23,112,0.9464285714285714,0.044642857142857144,0.008928571428571428,0.0,0.0
COMMON_378,drug_id,JOOXLOJCABQBSG-UHFFFAOYSA-N,dtiam,probematch,23,112,0.5803571428571429,0.4107142857142857,0.0,0.008928571428571428,0.0
COMMON_378,drug_id,JOOXLOJCABQBSG-UHFFFAOYSA-N,dtiam,dtbind,23,112,0.8571428571428571,0.13392857142857142,0.008928571428571428,0.0,0.0
COMMON_378,drug_id,JOOXLOJCABQBSG-UHFFFAOYSA-N,dtiam,nesso_pic50,23,112,0.9910714285714286,0.0,0.008928571428571428,0.0,0.0
COMMON_378,drug_id,JOOXLOJCABQBSG-UHFFFAOYSA-N,conplex,nesso,23,112,0.1875,0.0,0.11607142857142858,0.0,0.6964285714285714
COMMON_378,drug_id,JOOXLOJCABQBSG-UHFFFAOYSA-N,conplex,probematch,23,112,0.125,0.0625,0.03571428571428571,0.08035714285714286,0.6964285714285714
COMMON_378,drug_id,JOOXLOJCABQBSG-UHFFFAOYSA-N,conplex,dtbind,23,112,0.16964285714285715,0.017857142857142856,0.11607142857142858,0.0,0.6964285714285714
COMMON_378,drug_id,JOOXLOJCABQBSG-UHFFFAOYSA-N,conplex,nesso_pic50,23,112,0.1875,0.0,0.11607142857142858,0.0,0.6964285714285714
COMMON_378,drug_id,JOOXLOJCABQBSG-UHFFFAOYSA-N,nesso,probematch,23,112,0.5446428571428571,0.4107142857142857,0.03571428571428571,0.008928571428571428,0.0
COMMON_378,drug_id,JOOXLOJCABQBSG-UHFFFAOYSA-N,nesso,dtbind,23,112,0.8303571428571429,0.125,0.03571428571428571,0.008928571428571428,0.0
COMMON_378,drug_id,JOOXLOJCABQBSG-UHFFFAOYSA-N,nesso,nesso_pic50,23,112,0.9553571428571429,0.0,0.044642857142857144,0.0,0.0
COMMON_378,drug_id,JOOXLOJCABQBSG-UHFFFAOYSA-N,probematch,dtbind,23,112,0.4732142857142857,0.10714285714285714,0.39285714285714285,0.026785714285714284,0.0
COMMON_378,drug_id,JOOXLOJCABQBSG-UHFFFAOYSA-N,probematch,nesso_pic50,23,112,0.5803571428571429,0.0,0.41964285714285715,0.0,0.0
COMMON_378,drug_id,JOOXLOJCABQBSG-UHFFFAOYSA-N,dtbind,nesso_pic50,23,112,0.8660714285714286,0.0,0.13392857142857142,0.0,0.0
COMMON_378,drug_id,KTUFNOKKBVMGRW-UHFFFAOYSA-N,biomaster,drugclip,22,40,0.55,0.45,0.0,0.0,0.0
COMMON_378,drug_id,KTUFNOKKBVMGRW-UHFFFAOYSA-N,biomaster,dtiam,22,40,0.8,0.2,0.0,0.0,0.0
COMMON_378,drug_id,KTUFNOKKBVMGRW-UHFFFAOYSA-N,biomaster,conplex,22,40,0.5,0.225,0.0,0.0,0.275
COMMON_378,drug_id,KTUFNOKKBVMGRW-UHFFFAOYSA-N,biomaster,nesso,22,40,0.5,0.5,0.0,0.0,0.0
COMMON_378,drug_id,KTUFNOKKBVMGRW-UHFFFAOYSA-N,biomaster,probematch,22,40,0.425,0.575,0.0,0.0,0.0
COMMON_378,drug_id,KTUFNOKKBVMGRW-UHFFFAOYSA-N,biomaster,dtbind,22,40,0.525,0.475,0.0,0.0,0.0
COMMON_378,drug_id,KTUFNOKKBVMGRW-UHFFFAOYSA-N,biomaster,nesso_pic50,22,40,0.5,0.5,0.0,0.0,0.0
COMMON_378,drug_id,KTUFNOKKBVMGRW-UHFFFAOYSA-N,drugclip,dtiam,22,40,0.525,0.025,0.275,0.175,0.0
COMMON_378,drug_id,KTUFNOKKBVMGRW-UHFFFAOYSA-N,drugclip,conplex,22,40,0.5,0.0,0.0,0.225,0.275
COMMON_378,drug_id,KTUFNOKKBVMGRW-UHFFFAOYSA-N,drugclip,nesso,22,40,0.5,0.05,0.0,0.45,0.0
COMMON_378,drug_id,KTUFNOKKBVMGRW-UHFFFAOYSA-N,drugclip,probematch,22,40,0.4,0.15,0.025,0.425,0.0
COMMON_378,drug_id,KTUFNOKKBVMGRW-UHFFFAOYSA-N,drugclip,dtbind,22,40,0.45,0.1,0.075,0.375,0.0
COMMON_378,drug_id,KTUFNOKKBVMGRW-UHFFFAOYSA-N,drugclip,nesso_pic50,22,40,0.5,0.05,0.0,0.45,0.0
COMMON_378,drug_id,KTUFNOKKBVMGRW-UHFFFAOYSA-N,dtiam,conplex,22,40,0.475,0.075,0.025,0.15,0.275
COMMON_378,drug_id,KTUFNOKKBVMGRW-UHFFFAOYSA-N,dtiam,nesso,22,40,0.475,0.325,0.025,0.175,0.0
COMMON_378,drug_id,KTUFNOKKBVMGRW-UHFFFAOYSA-N,dtiam,probematch,22,40,0.4,0.4,0.025,0.175,0.0
COMMON_378,drug_id,KTUFNOKKBVMGRW-UHFFFAOYSA-N,dtiam,dtbind,22,40,0.525,0.275,0.0,0.2,0.0
COMMON_378,drug_id,KTUFNOKKBVMGRW-UHFFFAOYSA-N,dtiam,nesso_pic50,22,40,0.475,0.325,0.025,0.175,0.0
COMMON_378,drug_id,KTUFNOKKBVMGRW-UHFFFAOYSA-N,conplex,nesso,22,40,0.5,0.0,0.0,0.225,0.275
COMMON_378,drug_id,KTUFNOKKBVMGRW-UHFFFAOYSA-N,conplex,probematch,22,40,0.4,0.1,0.0,0.225,0.275
COMMON_378,drug_id,KTUFNOKKBVMGRW-UHFFFAOYSA-N,conplex,dtbind,22,40,0.425,0.075,0.025,0.2,0.275
COMMON_378,drug_id,KTUFNOKKBVMGRW-UHFFFAOYSA-N,conplex,nesso_pic50,22,40,0.5,0.0,0.0,0.225,0.275
COMMON_378,drug_id,KTUFNOKKBVMGRW-UHFFFAOYSA-N,nesso,probematch,22,40,0.4,0.1,0.025,0.475,0.0
COMMON_378,drug_id,KTUFNOKKBVMGRW-UHFFFAOYSA-N,nesso,dtbind,22,40,0.425,0.075,0.1,0.4,0.0
COMMON_378,drug_id,KTUFNOKKBVMGRW-UHFFFAOYSA-N,nesso,nesso_pic50,22,40,0.5,0.0,0.0,0.5,0.0
COMMON_378,drug_id,KTUFNOKKBVMGRW-UHFFFAOYSA-N,probematch,dtbind,22,40,0.325,0.1,0.2,0.375,0.0
COMMON_378,drug_id,KTUFNOKKBVMGRW-UHFFFAOYSA-N,probematch,nesso_pic50,22,40,0.4,0.025,0.1,0.475,0.0
COMMON_378,drug_id,KTUFNOKKBVMGRW-UHFFFAOYSA-N,dtbind,nesso_pic50,22,40,0.425,0.1,0.075,0.4,0.0
COMMON_378,drug_id,KYYIDSXMWOZKMP-UHFFFAOYSA-N,biomaster,drugclip,2,1,1.0,0.0,0.0,0.0,0.0
COMMON_378,drug_id,KYYIDSXMWOZKMP-UHFFFAOYSA-N,biomaster,dtiam,2,1,1.0,0.0,0.0,0.0,0.0
COMMON_378,drug_id,KYYIDSXMWOZKMP-UHFFFAOYSA-N,biomaster,conplex,2,1,1.0,0.0,0.0,0.0,0.0
COMMON_378,drug_id,KYYIDSXMWOZKMP-UHFFFAOYSA-N,biomaster,nesso,2,1,1.0,0.0,0.0,0.0,0.0
COMMON_378,drug_id,KYYIDSXMWOZKMP-UHFFFAOYSA-N,biomaster,probematch,2,1,1.0,0.0,0.0,0.0,0.0
COMMON_378,drug_id,KYYIDSXMWOZKMP-UHFFFAOYSA-N,biomaster,dtbind,2,1,0.0,1.0,0.0,0.0,0.0
COMMON_378,drug_id,KYYIDSXMWOZKMP-UHFFFAOYSA-N,biomaster,nesso_pic50,2,1,1.0,0.0,0.0,0.0,0.0
COMMON_378,drug_id,KYYIDSXMWOZKMP-UHFFFAOYSA-N,drugclip,dtiam,2,1,1.0,0.0,0.0,0.0,0.0
COMMON_378,drug_id,KYYIDSXMWOZKMP-UHFFFAOYSA-N,drugclip,conplex,2,1,1.0,0.0,0.0,0.0,0.0
COMMON_378,drug_id,KYYIDSXMWOZKMP-UHFFFAOYSA-N,drugclip,nesso,2,1,1.0,0.0,0.0,0.0,0.0
COMMON_378,drug_id,KYYIDSXMWOZKMP-UHFFFAOYSA-N,drugclip,probematch,2,1,1.0,0.0,0.0,0.0,0.0
COMMON_378,drug_id,KYYIDSXMWOZKMP-UHFFFAOYSA-N,drugclip,dtbind,2,1,0.0,1.0,0.0,0.0,0.0
COMMON_378,drug_id,KYYIDSXMWOZKMP-UHFFFAOYSA-N,drugclip,nesso_pic50,2,1,1.0,0.0,0.0,0.0,0.0
COMMON_378,drug_id,KYYIDSXMWOZKMP-UHFFFAOYSA-N,dtiam,conplex,2,1,1.0,0.0,0.0,0.0,0.0
COMMON_378,drug_id,KYYIDSXMWOZKMP-UHFFFAOYSA-N,dtiam,nesso,2,1,1.0,0.0,0.0,0.0,0.0
COMMON_378,drug_id,KYYIDSXMWOZKMP-UHFFFAOYSA-N,dtiam,probematch,2,1,1.0,0.0,0.0,0.0,0.0
COMMON_378,drug_id,KYYIDSXMWOZKMP-UHFFFAOYSA-N,dtiam,dtbind,2,1,0.0,1.0,0.0,0.0,0.0
COMMON_378,drug_id,KYYIDSXMWOZKMP-UHFFFAOYSA-N,dtiam,nesso_pic50,2,1,1.0,0.0,0.0,0.0,0.0
COMMON_378,drug_id,KYYIDSXMWOZKMP-UHFFFAOYSA-N,conplex,nesso,2,1,1.0,0.0,0.0,0.0,0.0
COMMON_378,drug_id,KYYIDSXMWOZKMP-UHFFFAOYSA-N,conplex,probematch,2,1,1.0,0.0,0.0,0.0,0.0
COMMON_378,drug_id,KYYIDSXMWOZKMP-UHFFFAOYSA-N,conplex,dtbind,2,1,0.0,1.0,0.0,0.0,0.0
COMMON_378,drug_id,KYYIDSXMWOZKMP-UHFFFAOYSA-N,conplex,nesso_pic50,2,1,1.0,0.0,0.0,0.0,0.0
COMMON_378,drug_id,KYYIDSXMWOZKMP-UHFFFAOYSA-N,nesso,probematch,2,1,1.0,0.0,0.0,0.0,0.0
COMMON_378,drug_id,KYYIDSXMWOZKMP-UHFFFAOYSA-N,nesso,dtbind,2,1,0.0,1.0,0.0,0.0,0.0
COMMON_378,drug_id,KYYIDSXMWOZKMP-UHFFFAOYSA-N,nesso,nesso_pic50,2,1,1.0,0.0,0.0,0.0,0.0
COMMON_378,drug_id,KYYIDSXMWOZKMP-UHFFFAOYSA-N,probematch,dtbind,2,1,0.0,1.0,0.0,0.0,0.0
COMMON_378,drug_id,KYYIDSXMWOZKMP-UHFFFAOYSA-N,probematch,nesso_pic50,2,1,1.0,0.0,0.0,0.0,0.0
COMMON_378,drug_id,KYYIDSXMWOZKMP-UHFFFAOYSA-N,dtbind,nesso_pic50,2,1,0.0,0.0,1.0,0.0,0.0
COMMON_378,drug_id,MLDQJTXFUGDVEO-UHFFFAOYSA-N,biomaster,drugclip,29,28,0.8928571428571429,0.10714285714285714,0.0,0.0,0.0
COMMON_378,drug_id,MLDQJTXFUGDVEO-UHFFFAOYSA-N,biomaster,dtiam,29,28,1.0,0.0,0.0,0.0,0.0
COMMON_378,drug_id,MLDQJTXFUGDVEO-UHFFFAOYSA-N,biomaster,conplex,29,28,0.9642857142857143,0.03571428571428571,0.0,0.0,0.0
COMMON_378,drug_id,MLDQJTXFUGDVEO-UHFFFAOYSA-N,biomaster,nesso,29,28,1.0,0.0,0.0,0.0,0.0
COMMON_378,drug_id,MLDQJTXFUGDVEO-UHFFFAOYSA-N,biomaster,probematch,29,28,0.8571428571428571,0.14285714285714285,0.0,0.0,0.0
COMMON_378,drug_id,MLDQJTXFUGDVEO-UHFFFAOYSA-N,biomaster,dtbind,29,28,0.8571428571428571,0.14285714285714285,0.0,0.0,0.0
COMMON_378,drug_id,MLDQJTXFUGDVEO-UHFFFAOYSA-N,biomaster,nesso_pic50,29,28,0.9642857142857143,0.03571428571428571,0.0,0.0,0.0
COMMON_378,drug_id,MLDQJTXFUGDVEO-UHFFFAOYSA-N,drugclip,dtiam,29,28,0.8928571428571429,0.0,0.10714285714285714,0.0,0.0
COMMON_378,drug_id,MLDQJTXFUGDVEO-UHFFFAOYSA-N,drugclip,conplex,29,28,0.8571428571428571,0.03571428571428571,0.10714285714285714,0.0,0.0
COMMON_378,drug_id,MLDQJTXFUGDVEO-UHFFFAOYSA-N,drugclip,nesso,29,28,0.8928571428571429,0.0,0.10714285714285714,0.0,0.0
COMMON_378,drug_id,MLDQJTXFUGDVEO-UHFFFAOYSA-N,drugclip,probematch,29,28,0.7857142857142857,0.10714285714285714,0.07142857142857142,0.03571428571428571,0.0
COMMON_378,drug_id,MLDQJTXFUGDVEO-UHFFFAOYSA-N,drugclip,dtbind,29,28,0.75,0.14285714285714285,0.10714285714285714,0.0,0.0
COMMON_378,drug_id,MLDQJTXFUGDVEO-UHFFFAOYSA-N,drugclip,nesso_pic50,29,28,0.8571428571428571,0.03571428571428571,0.10714285714285714,0.0,0.0
COMMON_378,drug_id,MLDQJTXFUGDVEO-UHFFFAOYSA-N,dtiam,conplex,29,28,0.9642857142857143,0.03571428571428571,0.0,0.0,0.0
COMMON_378,drug_id,MLDQJTXFUGDVEO-UHFFFAOYSA-N,dtiam,nesso,29,28,1.0,0.0,0.0,0.0,0.0
COMMON_378,drug_id,MLDQJTXFUGDVEO-UHFFFAOYSA-N,dtiam,probematch,29,28,0.8571428571428571,0.14285714285714285,0.0,0.0,0.0
COMMON_378,drug_id,MLDQJTXFUGDVEO-UHFFFAOYSA-N,dtiam,dtbind,29,28,0.8571428571428571,0.14285714285714285,0.0,0.0,0.0
COMMON_378,drug_id,MLDQJTXFUGDVEO-UHFFFAOYSA-N,dtiam,nesso_pic50,29,28,0.9642857142857143,0.03571428571428571,0.0,0.0,0.0
COMMON_378,drug_id,MLDQJTXFUGDVEO-UHFFFAOYSA-N,conplex,nesso,29,28,0.9642857142857143,0.0,0.03571428571428571,0.0,0.0
COMMON_378,drug_id,MLDQJTXFUGDVEO-UHFFFAOYSA-N,conplex,probematch,29,28,0.8214285714285714,0.14285714285714285,0.03571428571428571,0.0,0.0
COMMON_378,drug_id,MLDQJTXFUGDVEO-UHFFFAOYSA-N,conplex,dtbind,29,28,0.8214285714285714,0.14285714285714285,0.03571428571428571,0.0,0.0
COMMON_378,drug_id,MLDQJTXFUGDVEO-UHFFFAOYSA-N,conplex,nesso_pic50,29,28,0.9285714285714286,0.03571428571428571,0.03571428571428571,0.0,0.0
COMMON_378,drug_id,MLDQJTXFUGDVEO-UHFFFAOYSA-N,nesso,probematch,29,28,0.8571428571428571,0.14285714285714285,0.0,0.0,0.0
COMMON_378,drug_id,MLDQJTXFUGDVEO-UHFFFAOYSA-N,nesso,dtbind,29,28,0.8571428571428571,0.14285714285714285,0.0,0.0,0.0
COMMON_378,drug_id,MLDQJTXFUGDVEO-UHFFFAOYSA-N,nesso,nesso_pic50,29,28,0.9642857142857143,0.03571428571428571,0.0,0.0,0.0
COMMON_378,drug_id,MLDQJTXFUGDVEO-UHFFFAOYSA-N,probematch,dtbind,29,28,0.7142857142857143,0.14285714285714285,0.14285714285714285,0.0,0.0
COMMON_378,drug_id,MLDQJTXFUGDVEO-UHFFFAOYSA-N,probematch,nesso_pic50,29,28,0.8214285714285714,0.03571428571428571,0.14285714285714285,0.0,0.0
COMMON_378,drug_id,MLDQJTXFUGDVEO-UHFFFAOYSA-N,dtbind,nesso_pic50,29,28,0.8214285714285714,0.03571428571428571,0.14285714285714285,0.0,0.0
COMMON_378,drug_id,NHHQJBCNYHBUSI-UHFFFAOYSA-N,biomaster,drugclip,25,126,0.4444444444444444,0.47619047619047616,0.023809523809523808,0.05555555555555555,0.0
COMMON_378,drug_id,NHHQJBCNYHBUSI-UHFFFAOYSA-N,biomaster,dtiam,25,126,0.9206349206349206,0.0,0.07936507936507936,0.0,0.0
COMMON_378,drug_id,NHHQJBCNYHBUSI-UHFFFAOYSA-N,biomaster,conplex,25,126,0.31746031746031744,0.09523809523809523,0.015873015873015872,0.0,0.5714285714285714
COMMON_378,drug_id,NHHQJBCNYHBUSI-UHFFFAOYSA-N,biomaster,nesso,25,126,0.8888888888888888,0.031746031746031744,0.07936507936507936,0.0,0.0
COMMON_378,drug_id,NHHQJBCNYHBUSI-UHFFFAOYSA-N,biomaster,probematch,25,126,0.4603174603174603,0.4603174603174603,0.07142857142857142,0.007936507936507936,0.0
COMMON_378,drug_id,NHHQJBCNYHBUSI-UHFFFAOYSA-N,biomaster,dtbind,25,126,0.8095238095238095,0.1111111111111111,0.031746031746031744,0.047619047619047616,0.0
COMMON_378,drug_id,NHHQJBCNYHBUSI-UHFFFAOYSA-N,biomaster,nesso_pic50,25,126,0.9047619047619048,0.015873015873015872,0.07142857142857142,0.007936507936507936,0.0
COMMON_378,drug_id,NHHQJBCNYHBUSI-UHFFFAOYSA-N,drugclip,dtiam,25,126,0.46825396825396826,0.0,0.5317460317460317,0.0,0.0
COMMON_378,drug_id,NHHQJBCNYHBUSI-UHFFFAOYSA-N,drugclip,conplex,25,126,0.11904761904761904,0.0873015873015873,0.21428571428571427,0.007936507936507936,0.5714285714285714
COMMON_378,drug_id,NHHQJBCNYHBUSI-UHFFFAOYSA-N,drugclip,nesso,25,126,0.4603174603174603,0.007936507936507936,0.5079365079365079,0.023809523809523808,0.0
COMMON_378,drug_id,NHHQJBCNYHBUSI-UHFFFAOYSA-N,drugclip,probematch,25,126,0.2222222222222222,0.24603174603174602,0.30952380952380953,0.2222222222222222,0.0
COMMON_378,drug_id,NHHQJBCNYHBUSI-UHFFFAOYSA-N,drugclip,dtbind,25,126,0.40476190476190477,0.06349206349206349,0.4365079365079365,0.09523809523809523,0.0
COMMON_378,drug_id,NHHQJBCNYHBUSI-UHFFFAOYSA-N,drugclip,nesso_pic50,25,126,0.46825396825396826,0.0,0.5079365079365079,0.023809523809523808,0.0
COMMON_378,drug_id,NHHQJBCNYHBUSI-UHFFFAOYSA-N,dtiam,conplex,25,126,0.3333333333333333,0.09523809523809523,0.0,0.0,0.5714285714285714
COMMON_378,drug_id,NHHQJBCNYHBUSI-UHFFFAOYSA-N,dtiam,nesso,25,126,0.9682539682539683,0.031746031746031744,0.0,0.0,0.0
COMMON_378,drug_id,NHHQJBCNYHBUSI-UHFFFAOYSA-N,dtiam,probematch,25,126,0.5317460317460317,0.46825396825396826,0.0,0.0,0.0
COMMON_378,drug_id,NHHQJBCNYHBUSI-UHFFFAOYSA-N,dtiam,dtbind,25,126,0.8412698412698413,0.15873015873015872,0.0,0.0,0.0
COMMON_378,drug_id,NHHQJBCNYHBUSI-UHFFFAOYSA-N,dtiam,nesso_pic50,25,126,0.9761904761904762,0.023809523809523808,0.0,0.0,0.0
COMMON_378,drug_id,NHHQJBCNYHBUSI-UHFFFAOYSA-N,conplex,nesso,25,126,0.31746031746031744,0.015873015873015872,0.09523809523809523,0.0,0.5714285714285714
COMMON_378,drug_id,NHHQJBCNYHBUSI-UHFFFAOYSA-N,conplex,probematch,25,126,0.20634920634920634,0.12698412698412698,0.047619047619047616,0.047619047619047616,0.5714285714285714
COMMON_378,drug_id,NHHQJBCNYHBUSI-UHFFFAOYSA-N,conplex,dtbind,25,126,0.30158730158730157,0.031746031746031744,0.09523809523809523,0.0,0.5714285714285714
COMMON_378,drug_id,NHHQJBCNYHBUSI-UHFFFAOYSA-N,conplex,nesso_pic50,25,126,0.31746031746031744,0.015873015873015872,0.09523809523809523,0.0,0.5714285714285714
COMMON_378,drug_id,NHHQJBCNYHBUSI-UHFFFAOYSA-N,nesso,probematch,25,126,0.5158730158730159,0.4523809523809524,0.015873015873015872,0.015873015873015872,0.0
COMMON_378,drug_id,NHHQJBCNYHBUSI-UHFFFAOYSA-N,nesso,dtbind,25,126,0.8095238095238095,0.15873015873015872,0.031746031746031744,0.0,0.0
COMMON_378,drug_id,NHHQJBCNYHBUSI-UHFFFAOYSA-N,nesso,nesso_pic50,25,126,0.9444444444444444,0.023809523809523808,0.031746031746031744,0.0,0.0
COMMON_378,drug_id,NHHQJBCNYHBUSI-UHFFFAOYSA-N,probematch,dtbind,25,126,0.40476190476190477,0.12698412698412698,0.4365079365079365,0.031746031746031744,0.0
COMMON_378,drug_id,NHHQJBCNYHBUSI-UHFFFAOYSA-N,probematch,nesso_pic50,25,126,0.5079365079365079,0.023809523809523808,0.46825396825396826,0.0,0.0
COMMON_378,drug_id,NHHQJBCNYHBUSI-UHFFFAOYSA-N,dtbind,nesso_pic50,25,126,0.8333333333333334,0.007936507936507936,0.14285714285714285,0.015873015873015872,0.0
COMMON_378,drug_id,PHLBKPHSAVXXEF-UHFFFAOYSA-N,biomaster,drugclip,2,1,0.0,1.0,0.0,0.0,0.0
COMMON_378,drug_id,PHLBKPHSAVXXEF-UHFFFAOYSA-N,biomaster,dtiam,2,1,1.0,0.0,0.0,0.0,0.0
COMMON_378,drug_id,PHLBKPHSAVXXEF-UHFFFAOYSA-N,biomaster,conplex,2,1,1.0,0.0,0.0,0.0,0.0
COMMON_378,drug_id,PHLBKPHSAVXXEF-UHFFFAOYSA-N,biomaster,nesso,2,1,1.0,0.0,0.0,0.0,0.0
COMMON_378,drug_id,PHLBKPHSAVXXEF-UHFFFAOYSA-N,biomaster,probematch,2,1,1.0,0.0,0.0,0.0,0.0
COMMON_378,drug_id,PHLBKPHSAVXXEF-UHFFFAOYSA-N,biomaster,dtbind,2,1,1.0,0.0,0.0,0.0,0.0
COMMON_378,drug_id,PHLBKPHSAVXXEF-UHFFFAOYSA-N,biomaster,nesso_pic50,2,1,1.0,0.0,0.0,0.0,0.0
COMMON_378,drug_id,PHLBKPHSAVXXEF-UHFFFAOYSA-N,drugclip,dtiam,2,1,0.0,0.0,1.0,0.0,0.0
COMMON_378,drug_id,PHLBKPHSAVXXEF-UHFFFAOYSA-N,drugclip,conplex,2,1,0.0,0.0,1.0,0.0,0.0
COMMON_378,drug_id,PHLBKPHSAVXXEF-UHFFFAOYSA-N,drugclip,nesso,2,1,0.0,0.0,1.0,0.0,0.0
COMMON_378,drug_id,PHLBKPHSAVXXEF-UHFFFAOYSA-N,drugclip,probematch,2,1,0.0,0.0,1.0,0.0,0.0
COMMON_378,drug_id,PHLBKPHSAVXXEF-UHFFFAOYSA-N,drugclip,dtbind,2,1,0.0,0.0,1.0,0.0,0.0
COMMON_378,drug_id,PHLBKPHSAVXXEF-UHFFFAOYSA-N,drugclip,nesso_pic50,2,1,0.0,0.0,1.0,0.0,0.0
COMMON_378,drug_id,PHLBKPHSAVXXEF-UHFFFAOYSA-N,dtiam,conplex,2,1,1.0,0.0,0.0,0.0,0.0
COMMON_378,drug_id,PHLBKPHSAVXXEF-UHFFFAOYSA-N,dtiam,nesso,2,1,1.0,0.0,0.0,0.0,0.0
COMMON_378,drug_id,PHLBKPHSAVXXEF-UHFFFAOYSA-N,dtiam,probematch,2,1,1.0,0.0,0.0,0.0,0.0
COMMON_378,drug_id,PHLBKPHSAVXXEF-UHFFFAOYSA-N,dtiam,dtbind,2,1,1.0,0.0,0.0,0.0,0.0
COMMON_378,drug_id,PHLBKPHSAVXXEF-UHFFFAOYSA-N,dtiam,nesso_pic50,2,1,1.0,0.0,0.0,0.0,0.0
COMMON_378,drug_id,PHLBKPHSAVXXEF-UHFFFAOYSA-N,conplex,nesso,2,1,1.0,0.0,0.0,0.0,0.0
COMMON_378,drug_id,PHLBKPHSAVXXEF-UHFFFAOYSA-N,conplex,probematch,2,1,1.0,0.0,0.0,0.0,0.0
COMMON_378,drug_id,PHLBKPHSAVXXEF-UHFFFAOYSA-N,conplex,dtbind,2,1,1.0,0.0,0.0,0.0,0.0
COMMON_378,drug_id,PHLBKPHSAVXXEF-UHFFFAOYSA-N,conplex,nesso_pic50,2,1,1.0,0.0,0.0,0.0,0.0
COMMON_378,drug_id,PHLBKPHSAVXXEF-UHFFFAOYSA-N,nesso,probematch,2,1,1.0,0.0,0.0,0.0,0.0
COMMON_378,drug_id,PHLBKPHSAVXXEF-UHFFFAOYSA-N,nesso,dtbind,2,1,1.0,0.0,0.0,0.0,0.0
COMMON_378,drug_id,PHLBKPHSAVXXEF-UHFFFAOYSA-N,nesso,nesso_pic50,2,1,1.0,0.0,0.0,0.0,0.0
COMMON_378,drug_id,PHLBKPHSAVXXEF-UHFFFAOYSA-N,probematch,dtbind,2,1,1.0,0.0,0.0,0.0,0.0
COMMON_378,drug_id,PHLBKPHSAVXXEF-UHFFFAOYSA-N,probematch,nesso_pic50,2,1,1.0,0.0,0.0,0.0,0.0
COMMON_378,drug_id,PHLBKPHSAVXXEF-UHFFFAOYSA-N,dtbind,nesso_pic50,2,1,1.0,0.0,0.0,0.0,0.0
COMMON_378,drug_id,UBPYILGKFZZVDX-UHFFFAOYSA-N,biomaster,drugclip,23,120,0.275,0.425,0.16666666666666666,0.13333333333333333,0.0
COMMON_378,drug_id,UBPYILGKFZZVDX-UHFFFAOYSA-N,biomaster,dtiam,23,120,0.5416666666666666,0.15833333333333333,0.13333333333333333,0.16666666666666666,0.0
COMMON_378,drug_id,UBPYILGKFZZVDX-UHFFFAOYSA-N,biomaster,conplex,23,120,0.525,0.03333333333333333,0.175,0.1,0.16666666666666666
COMMON_378,drug_id,UBPYILGKFZZVDX-UHFFFAOYSA-N,biomaster,nesso,23,120,0.6833333333333333,0.016666666666666666,0.2833333333333333,0.016666666666666666,0.0
COMMON_378,drug_id,UBPYILGKFZZVDX-UHFFFAOYSA-N,biomaster,probematch,23,120,0.4083333333333333,0.2916666666666667,0.15,0.15,0.0
COMMON_378,drug_id,UBPYILGKFZZVDX-UHFFFAOYSA-N,biomaster,dtbind,23,120,0.4666666666666667,0.23333333333333334,0.13333333333333333,0.16666666666666666,0.0
COMMON_378,drug_id,UBPYILGKFZZVDX-UHFFFAOYSA-N,biomaster,nesso_pic50,23,120,0.6416666666666667,0.058333333333333334,0.2833333333333333,0.016666666666666666,0.0
COMMON_378,drug_id,UBPYILGKFZZVDX-UHFFFAOYSA-N,drugclip,dtiam,23,120,0.30833333333333335,0.13333333333333333,0.36666666666666664,0.19166666666666668,0.0
COMMON_378,drug_id,UBPYILGKFZZVDX-UHFFFAOYSA-N,drugclip,conplex,23,120,0.3,0.09166666666666666,0.4,0.041666666666666664,0.16666666666666666
COMMON_378,drug_id,UBPYILGKFZZVDX-UHFFFAOYSA-N,drugclip,nesso,23,120,0.4083333333333333,0.03333333333333333,0.5583333333333333,0.0,0.0
COMMON_378,drug_id,UBPYILGKFZZVDX-UHFFFAOYSA-N,drugclip,probematch,23,120,0.20833333333333334,0.23333333333333334,0.35,0.20833333333333334,0.0
COMMON_378,drug_id,UBPYILGKFZZVDX-UHFFFAOYSA-N,drugclip,dtbind,23,120,0.25833333333333336,0.18333333333333332,0.3416666666666667,0.21666666666666667,0.0
COMMON_378,drug_id,UBPYILGKFZZVDX-UHFFFAOYSA-N,drugclip,nesso_pic50,23,120,0.4083333333333333,0.03333333333333333,0.5166666666666667,0.041666666666666664,0.0
COMMON_378,drug_id,UBPYILGKFZZVDX-UHFFFAOYSA-N,dtiam,conplex,23,120,0.6,0.016666666666666666,0.1,0.11666666666666667,0.16666666666666666
COMMON_378,drug_id,UBPYILGKFZZVDX-UHFFFAOYSA-N,dtiam,nesso,23,120,0.675,0.0,0.2916666666666667,0.03333333333333333,0.0
COMMON_378,drug_id,UBPYILGKFZZVDX-UHFFFAOYSA-N,dtiam,probematch,23,120,0.4666666666666667,0.20833333333333334,0.09166666666666666,0.23333333333333334,0.0
COMMON_378,drug_id,UBPYILGKFZZVDX-UHFFFAOYSA-N,dtiam,dtbind,23,120,0.45,0.225,0.15,0.175,0.0
COMMON_378,drug_id,UBPYILGKFZZVDX-UHFFFAOYSA-N,dtiam,nesso_pic50,23,120,0.6583333333333333,0.016666666666666666,0.26666666666666666,0.058333333333333334,0.0
COMMON_378,drug_id,UBPYILGKFZZVDX-UHFFFAOYSA-N,conplex,nesso,23,120,0.7,0.0,0.1,0.03333333333333333,0.16666666666666666
COMMON_378,drug_id,UBPYILGKFZZVDX-UHFFFAOYSA-N,conplex,probematch,23,120,0.44166666666666665,0.25833333333333336,0.03333333333333333,0.1,0.16666666666666666
COMMON_378,drug_id,UBPYILGKFZZVDX-UHFFFAOYSA-N,conplex,dtbind,23,120,0.49166666666666664,0.20833333333333334,0.05,0.08333333333333333,0.16666666666666666
COMMON_378,drug_id,UBPYILGKFZZVDX-UHFFFAOYSA-N,conplex,nesso_pic50,23,120,0.7,0.0,0.1,0.03333333333333333,0.16666666666666666
COMMON_378,drug_id,UBPYILGKFZZVDX-UHFFFAOYSA-N,nesso,probematch,23,120,0.55,0.4166666666666667,0.008333333333333333,0.025,0.0
COMMON_378,drug_id,UBPYILGKFZZVDX-UHFFFAOYSA-N,nesso,dtbind,23,120,0.6,0.36666666666666664,0.0,0.03333333333333333,0.0
COMMON_378,drug_id,UBPYILGKFZZVDX-UHFFFAOYSA-N,nesso,nesso_pic50,23,120,0.9083333333333333,0.058333333333333334,0.016666666666666666,0.016666666666666666,0.0
COMMON_378,drug_id,UBPYILGKFZZVDX-UHFFFAOYSA-N,probematch,dtbind,23,120,0.30833333333333335,0.25,0.2916666666666667,0.15,0.0
COMMON_378,drug_id,UBPYILGKFZZVDX-UHFFFAOYSA-N,probematch,nesso_pic50,23,120,0.5333333333333333,0.025,0.39166666666666666,0.05,0.0
COMMON_378,drug_id,UBPYILGKFZZVDX-UHFFFAOYSA-N,dtbind,nesso_pic50,23,120,0.5583333333333333,0.041666666666666664,0.36666666666666664,0.03333333333333333,0.0
COMMON_378,drug_id,UHTHHESEBZOYNR-UHFFFAOYSA-N,biomaster,drugclip,16,48,0.3958333333333333,0.5833333333333334,0.020833333333333332,0.0,0.0
COMMON_378,drug_id,UHTHHESEBZOYNR-UHFFFAOYSA-N,biomaster,dtiam,16,48,0.9791666666666666,0.0,0.020833333333333332,0.0,0.0
COMMON_378,drug_id,UHTHHESEBZOYNR-UHFFFAOYSA-N,biomaster,conplex,16,48,0.5,0.125,0.0,0.0,0.375
COMMON_378,drug_id,UHTHHESEBZOYNR-UHFFFAOYSA-N,biomaster,nesso,16,48,0.9375,0.041666666666666664,0.0,0.020833333333333332,0.0
COMMON_378,drug_id,UHTHHESEBZOYNR-UHFFFAOYSA-N,biomaster,probematch,16,48,0.5625,0.4166666666666667,0.0,0.020833333333333332,0.0
COMMON_378,drug_id,UHTHHESEBZOYNR-UHFFFAOYSA-N,biomaster,dtbind,16,48,0.9583333333333334,0.020833333333333332,0.020833333333333332,0.0,0.0
COMMON_378,drug_id,UHTHHESEBZOYNR-UHFFFAOYSA-N,biomaster,nesso_pic50,16,48,0.8958333333333334,0.08333333333333333,0.0,0.020833333333333332,0.0
COMMON_378,drug_id,UHTHHESEBZOYNR-UHFFFAOYSA-N,drugclip,dtiam,16,48,0.4166666666666667,0.0,0.5833333333333334,0.0,0.0
COMMON_378,drug_id,UHTHHESEBZOYNR-UHFFFAOYSA-N,drugclip,conplex,16,48,0.2708333333333333,0.041666666666666664,0.22916666666666666,0.08333333333333333,0.375
COMMON_378,drug_id,UHTHHESEBZOYNR-UHFFFAOYSA-N,drugclip,nesso,16,48,0.3958333333333333,0.020833333333333332,0.5416666666666666,0.041666666666666664,0.0
COMMON_378,drug_id,UHTHHESEBZOYNR-UHFFFAOYSA-N,drugclip,probematch,16,48,0.2916666666666667,0.125,0.2708333333333333,0.3125,0.0
COMMON_378,drug_id,UHTHHESEBZOYNR-UHFFFAOYSA-N,drugclip,dtbind,16,48,0.4166666666666667,0.0,0.5625,0.020833333333333332,0.0
COMMON_378,drug_id,UHTHHESEBZOYNR-UHFFFAOYSA-N,drugclip,nesso_pic50,16,48,0.375,0.041666666666666664,0.5208333333333334,0.0625,0.0
COMMON_378,drug_id,UHTHHESEBZOYNR-UHFFFAOYSA-N,dtiam,conplex,16,48,0.5,0.125,0.0,0.0,0.375
COMMON_378,drug_id,UHTHHESEBZOYNR-UHFFFAOYSA-N,dtiam,nesso,16,48,0.9375,0.0625,0.0,0.0,0.0
COMMON_378,drug_id,UHTHHESEBZOYNR-UHFFFAOYSA-N,dtiam,probematch,16,48,0.5625,0.4375,0.0,0.0,0.0
COMMON_378,drug_id,UHTHHESEBZOYNR-UHFFFAOYSA-N,dtiam,dtbind,16,48,0.9791666666666666,0.020833333333333332,0.0,0.0,0.0
COMMON_378,drug_id,UHTHHESEBZOYNR-UHFFFAOYSA-N,dtiam,nesso_pic50,16,48,0.8958333333333334,0.10416666666666667,0.0,0.0,0.0
COMMON_378,drug_id,UHTHHESEBZOYNR-UHFFFAOYSA-N,conplex,nesso,16,48,0.5,0.0,0.125,0.0,0.375
COMMON_378,drug_id,UHTHHESEBZOYNR-UHFFFAOYSA-N,conplex,probematch,16,48,0.3125,0.1875,0.041666666666666664,0.08333333333333333,0.375
COMMON_378,drug_id,UHTHHESEBZOYNR-UHFFFAOYSA-N,conplex,dtbind,16,48,0.5,0.0,0.10416666666666667,0.020833333333333332,0.375
COMMON_378,drug_id,UHTHHESEBZOYNR-UHFFFAOYSA-N,conplex,nesso_pic50,16,48,0.5,0.0,0.10416666666666667,0.020833333333333332,0.375
COMMON_378,drug_id,UHTHHESEBZOYNR-UHFFFAOYSA-N,nesso,probematch,16,48,0.5416666666666666,0.3958333333333333,0.020833333333333332,0.041666666666666664,0.0
COMMON_378,drug_id,UHTHHESEBZOYNR-UHFFFAOYSA-N,nesso,dtbind,16,48,0.9166666666666666,0.020833333333333332,0.0625,0.0,0.0
COMMON_378,drug_id,UHTHHESEBZOYNR-UHFFFAOYSA-N,nesso,nesso_pic50,16,48,0.8958333333333334,0.041666666666666664,0.0,0.0625,0.0
COMMON_378,drug_id,UHTHHESEBZOYNR-UHFFFAOYSA-N,probematch,dtbind,16,48,0.5625,0.0,0.4166666666666667,0.020833333333333332,0.0
COMMON_378,drug_id,UHTHHESEBZOYNR-UHFFFAOYSA-N,probematch,nesso_pic50,16,48,0.5208333333333334,0.041666666666666664,0.375,0.0625,0.0
COMMON_378,drug_id,UHTHHESEBZOYNR-UHFFFAOYSA-N,dtbind,nesso_pic50,16,48,0.875,0.10416666666666667,0.020833333333333332,0.0,0.0
COMMON_378,drug_id,VYFYYTLLBUKUHU-UHFFFAOYSA-N,biomaster,drugclip,2,1,0.0,1.0,0.0,0.0,0.0
COMMON_378,drug_id,VYFYYTLLBUKUHU-UHFFFAOYSA-N,biomaster,dtiam,2,1,1.0,0.0,0.0,0.0,0.0
COMMON_378,drug_id,VYFYYTLLBUKUHU-UHFFFAOYSA-N,biomaster,conplex,2,1,0.0,1.0,0.0,0.0,0.0
COMMON_378,drug_id,VYFYYTLLBUKUHU-UHFFFAOYSA-N,biomaster,nesso,2,1,0.0,1.0,0.0,0.0,0.0
COMMON_378,drug_id,VYFYYTLLBUKUHU-UHFFFAOYSA-N,biomaster,probematch,2,1,0.0,1.0,0.0,0.0,0.0
COMMON_378,drug_id,VYFYYTLLBUKUHU-UHFFFAOYSA-N,biomaster,dtbind,2,1,1.0,0.0,0.0,0.0,0.0
COMMON_378,drug_id,VYFYYTLLBUKUHU-UHFFFAOYSA-N,biomaster,nesso_pic50,2,1,1.0,0.0,0.0,0.0,0.0
COMMON_378,drug_id,VYFYYTLLBUKUHU-UHFFFAOYSA-N,drugclip,dtiam,2,1,0.0,0.0,1.0,0.0,0.0
COMMON_378,drug_id,VYFYYTLLBUKUHU-UHFFFAOYSA-N,drugclip,conplex,2,1,0.0,0.0,0.0,1.0,0.0
COMMON_378,drug_id,VYFYYTLLBUKUHU-UHFFFAOYSA-N,drugclip,nesso,2,1,0.0,0.0,0.0,1.0,0.0
COMMON_378,drug_id,VYFYYTLLBUKUHU-UHFFFAOYSA-N,drugclip,probematch,2,1,0.0,0.0,0.0,1.0,0.0
COMMON_378,drug_id,VYFYYTLLBUKUHU-UHFFFAOYSA-N,drugclip,dtbind,2,1,0.0,0.0,1.0,0.0,0.0
COMMON_378,drug_id,VYFYYTLLBUKUHU-UHFFFAOYSA-N,drugclip,nesso_pic50,2,1,0.0,0.0,1.0,0.0,0.0
COMMON_378,drug_id,VYFYYTLLBUKUHU-UHFFFAOYSA-N,dtiam,conplex,2,1,0.0,1.0,0.0,0.0,0.0
COMMON_378,drug_id,VYFYYTLLBUKUHU-UHFFFAOYSA-N,dtiam,nesso,2,1,0.0,1.0,0.0,0.0,0.0
COMMON_378,drug_id,VYFYYTLLBUKUHU-UHFFFAOYSA-N,dtiam,probematch,2,1,0.0,1.0,0.0,0.0,0.0
COMMON_378,drug_id,VYFYYTLLBUKUHU-UHFFFAOYSA-N,dtiam,dtbind,2,1,1.0,0.0,0.0,0.0,0.0
COMMON_378,drug_id,VYFYYTLLBUKUHU-UHFFFAOYSA-N,dtiam,nesso_pic50,2,1,1.0,0.0,0.0,0.0,0.0
COMMON_378,drug_id,VYFYYTLLBUKUHU-UHFFFAOYSA-N,conplex,nesso,2,1,0.0,0.0,0.0,1.0,0.0
COMMON_378,drug_id,VYFYYTLLBUKUHU-UHFFFAOYSA-N,conplex,probematch,2,1,0.0,0.0,0.0,1.0,0.0
COMMON_378,drug_id,VYFYYTLLBUKUHU-UHFFFAOYSA-N,conplex,dtbind,2,1,0.0,0.0,1.0,0.0,0.0
COMMON_378,drug_id,VYFYYTLLBUKUHU-UHFFFAOYSA-N,conplex,nesso_pic50,2,1,0.0,0.0,1.0,0.0,0.0
COMMON_378,drug_id,VYFYYTLLBUKUHU-UHFFFAOYSA-N,nesso,probematch,2,1,0.0,0.0,0.0,1.0,0.0
COMMON_378,drug_id,VYFYYTLLBUKUHU-UHFFFAOYSA-N,nesso,dtbind,2,1,0.0,0.0,1.0,0.0,0.0
COMMON_378,drug_id,VYFYYTLLBUKUHU-UHFFFAOYSA-N,nesso,nesso_pic50,2,1,0.0,0.0,1.0,0.0,0.0
COMMON_378,drug_id,VYFYYTLLBUKUHU-UHFFFAOYSA-N,probematch,dtbind,2,1,0.0,0.0,1.0,0.0,0.0
COMMON_378,drug_id,VYFYYTLLBUKUHU-UHFFFAOYSA-N,probematch,nesso_pic50,2,1,0.0,0.0,1.0,0.0,0.0
COMMON_378,drug_id,VYFYYTLLBUKUHU-UHFFFAOYSA-N,dtbind,nesso_pic50,2,1,1.0,0.0,0.0,0.0,0.0
COMMON_378,drug_id,XGALLCVXEZPNRQ-UHFFFAOYSA-N,biomaster,drugclip,20,36,0.25,0.3611111111111111,0.2222222222222222,0.16666666666666666,0.0
COMMON_378,drug_id,XGALLCVXEZPNRQ-UHFFFAOYSA-N,biomaster,dtiam,20,36,0.5833333333333334,0.027777777777777776,0.0,0.3888888888888889,0.0
COMMON_378,drug_id,XGALLCVXEZPNRQ-UHFFFAOYSA-N,biomaster,conplex,20,36,0.5,0.027777777777777776,0.0,0.2777777777777778,0.19444444444444445
COMMON_378,drug_id,XGALLCVXEZPNRQ-UHFFFAOYSA-N,biomaster,nesso,20,36,0.6111111111111112,0.0,0.3333333333333333,0.05555555555555555,0.0
COMMON_378,drug_id,XGALLCVXEZPNRQ-UHFFFAOYSA-N,biomaster,probematch,20,36,0.3055555555555556,0.3055555555555556,0.25,0.1388888888888889,0.0
COMMON_378,drug_id,XGALLCVXEZPNRQ-UHFFFAOYSA-N,biomaster,dtbind,20,36,0.5,0.1111111111111111,0.0,0.3888888888888889,0.0
COMMON_378,drug_id,XGALLCVXEZPNRQ-UHFFFAOYSA-N,biomaster,nesso_pic50,20,36,0.5555555555555556,0.05555555555555555,0.16666666666666666,0.2222222222222222,0.0
COMMON_378,drug_id,XGALLCVXEZPNRQ-UHFFFAOYSA-N,drugclip,dtiam,20,36,0.25,0.2222222222222222,0.3333333333333333,0.19444444444444445,0.0
COMMON_378,drug_id,XGALLCVXEZPNRQ-UHFFFAOYSA-N,drugclip,conplex,20,36,0.19444444444444445,0.19444444444444445,0.3055555555555556,0.1111111111111111,0.19444444444444445
COMMON_378,drug_id,XGALLCVXEZPNRQ-UHFFFAOYSA-N,drugclip,nesso,20,36,0.4444444444444444,0.027777777777777776,0.5,0.027777777777777776,0.0
COMMON_378,drug_id,XGALLCVXEZPNRQ-UHFFFAOYSA-N,drugclip,probematch,20,36,0.3055555555555556,0.16666666666666666,0.25,0.2777777777777778,0.0
COMMON_378,drug_id,XGALLCVXEZPNRQ-UHFFFAOYSA-N,drugclip,dtbind,20,36,0.19444444444444445,0.2777777777777778,0.3055555555555556,0.2222222222222222,0.0
COMMON_378,drug_id,XGALLCVXEZPNRQ-UHFFFAOYSA-N,drugclip,nesso_pic50,20,36,0.3055555555555556,0.16666666666666666,0.4166666666666667,0.1111111111111111,0.0
COMMON_378,drug_id,XGALLCVXEZPNRQ-UHFFFAOYSA-N,dtiam,conplex,20,36,0.5,0.027777777777777776,0.0,0.2777777777777778,0.19444444444444445
COMMON_378,drug_id,XGALLCVXEZPNRQ-UHFFFAOYSA-N,dtiam,nesso,20,36,0.5833333333333334,0.0,0.3611111111111111,0.05555555555555555,0.0
COMMON_378,drug_id,XGALLCVXEZPNRQ-UHFFFAOYSA-N,dtiam,probematch,20,36,0.3055555555555556,0.2777777777777778,0.25,0.16666666666666666,0.0
COMMON_378,drug_id,XGALLCVXEZPNRQ-UHFFFAOYSA-N,dtiam,dtbind,20,36,0.5,0.08333333333333333,0.0,0.4166666666666667,0.0
COMMON_378,drug_id,XGALLCVXEZPNRQ-UHFFFAOYSA-N,dtiam,nesso_pic50,20,36,0.5277777777777778,0.05555555555555555,0.19444444444444445,0.2222222222222222,0.0
COMMON_378,drug_id,XGALLCVXEZPNRQ-UHFFFAOYSA-N,conplex,nesso,20,36,0.5,0.0,0.25,0.05555555555555555,0.19444444444444445
COMMON_378,drug_id,XGALLCVXEZPNRQ-UHFFFAOYSA-N,conplex,probematch,20,36,0.2222222222222222,0.2777777777777778,0.19444444444444445,0.1111111111111111,0.19444444444444445
COMMON_378,drug_id,XGALLCVXEZPNRQ-UHFFFAOYSA-N,conplex,dtbind,20,36,0.5,0.0,0.0,0.3055555555555556,0.19444444444444445
COMMON_378,drug_id,XGALLCVXEZPNRQ-UHFFFAOYSA-N,conplex,nesso_pic50,20,36,0.5,0.0,0.08333333333333333,0.2222222222222222,0.19444444444444445
COMMON_378,drug_id,XGALLCVXEZPNRQ-UHFFFAOYSA-N,nesso,probematch,20,36,0.5277777777777778,0.4166666666666667,0.027777777777777776,0.027777777777777776,0.0
COMMON_378,drug_id,XGALLCVXEZPNRQ-UHFFFAOYSA-N,nesso,dtbind,20,36,0.5,0.4444444444444444,0.0,0.05555555555555555,0.0
COMMON_378,drug_id,XGALLCVXEZPNRQ-UHFFFAOYSA-N,nesso,nesso_pic50,20,36,0.7222222222222222,0.2222222222222222,0.0,0.05555555555555555,0.0
COMMON_378,drug_id,XGALLCVXEZPNRQ-UHFFFAOYSA-N,probematch,dtbind,20,36,0.2222222222222222,0.3333333333333333,0.2777777777777778,0.16666666666666666,0.0
COMMON_378,drug_id,XGALLCVXEZPNRQ-UHFFFAOYSA-N,probematch,nesso_pic50,20,36,0.3888888888888889,0.16666666666666666,0.3333333333333333,0.1111111111111111,0.0
COMMON_378,drug_id,XGALLCVXEZPNRQ-UHFFFAOYSA-N,dtbind,nesso_pic50,20,36,0.5,0.0,0.2222222222222222,0.2777777777777778,0.0
COMMON_378,drug_id,XUFQPHANEAPEMJ-UHFFFAOYSA-N,biomaster,drugclip,2,1,0.0,1.0,0.0,0.0,0.0
COMMON_378,drug_id,XUFQPHANEAPEMJ-UHFFFAOYSA-N,biomaster,dtiam,2,1,1.0,0.0,0.0,0.0,0.0
COMMON_378,drug_id,XUFQPHANEAPEMJ-UHFFFAOYSA-N,biomaster,conplex,2,1,0.0,1.0,0.0,0.0,0.0
COMMON_378,drug_id,XUFQPHANEAPEMJ-UHFFFAOYSA-N,biomaster,nesso,2,1,1.0,0.0,0.0,0.0,0.0
COMMON_378,drug_id,XUFQPHANEAPEMJ-UHFFFAOYSA-N,biomaster,probematch,2,1,0.0,1.0,0.0,0.0,0.0
COMMON_378,drug_id,XUFQPHANEAPEMJ-UHFFFAOYSA-N,biomaster,dtbind,2,1,1.0,0.0,0.0,0.0,0.0
COMMON_378,drug_id,XUFQPHANEAPEMJ-UHFFFAOYSA-N,biomaster,nesso_pic50,2,1,1.0,0.0,0.0,0.0,0.0
COMMON_378,drug_id,XUFQPHANEAPEMJ-UHFFFAOYSA-N,drugclip,dtiam,2,1,0.0,0.0,1.0,0.0,0.0
COMMON_378,drug_id,XUFQPHANEAPEMJ-UHFFFAOYSA-N,drugclip,conplex,2,1,0.0,0.0,0.0,1.0,0.0
COMMON_378,drug_id,XUFQPHANEAPEMJ-UHFFFAOYSA-N,drugclip,nesso,2,1,0.0,0.0,1.0,0.0,0.0
COMMON_378,drug_id,XUFQPHANEAPEMJ-UHFFFAOYSA-N,drugclip,probematch,2,1,0.0,0.0,0.0,1.0,0.0
COMMON_378,drug_id,XUFQPHANEAPEMJ-UHFFFAOYSA-N,drugclip,dtbind,2,1,0.0,0.0,1.0,0.0,0.0
COMMON_378,drug_id,XUFQPHANEAPEMJ-UHFFFAOYSA-N,drugclip,nesso_pic50,2,1,0.0,0.0,1.0,0.0,0.0
COMMON_378,drug_id,XUFQPHANEAPEMJ-UHFFFAOYSA-N,dtiam,conplex,2,1,0.0,1.0,0.0,0.0,0.0
COMMON_378,drug_id,XUFQPHANEAPEMJ-UHFFFAOYSA-N,dtiam,nesso,2,1,1.0,0.0,0.0,0.0,0.0
COMMON_378,drug_id,XUFQPHANEAPEMJ-UHFFFAOYSA-N,dtiam,probematch,2,1,0.0,1.0,0.0,0.0,0.0
COMMON_378,drug_id,XUFQPHANEAPEMJ-UHFFFAOYSA-N,dtiam,dtbind,2,1,1.0,0.0,0.0,0.0,0.0
COMMON_378,drug_id,XUFQPHANEAPEMJ-UHFFFAOYSA-N,dtiam,nesso_pic50,2,1,1.0,0.0,0.0,0.0,0.0
COMMON_378,drug_id,XUFQPHANEAPEMJ-UHFFFAOYSA-N,conplex,nesso,2,1,0.0,0.0,1.0,0.0,0.0
COMMON_378,drug_id,XUFQPHANEAPEMJ-UHFFFAOYSA-N,conplex,probematch,2,1,0.0,0.0,0.0,1.0,0.0
COMMON_378,drug_id,XUFQPHANEAPEMJ-UHFFFAOYSA-N,conplex,dtbind,2,1,0.0,0.0,1.0,0.0,0.0
COMMON_378,drug_id,XUFQPHANEAPEMJ-UHFFFAOYSA-N,conplex,nesso_pic50,2,1,0.0,0.0,1.0,0.0,0.0
COMMON_378,drug_id,XUFQPHANEAPEMJ-UHFFFAOYSA-N,nesso,probematch,2,1,0.0,1.0,0.0,0.0,0.0
COMMON_378,drug_id,XUFQPHANEAPEMJ-UHFFFAOYSA-N,nesso,dtbind,2,1,1.0,0.0,0.0,0.0,0.0
COMMON_378,drug_id,XUFQPHANEAPEMJ-UHFFFAOYSA-N,nesso,nesso_pic50,2,1,1.0,0.0,0.0,0.0,0.0
COMMON_378,drug_id,XUFQPHANEAPEMJ-UHFFFAOYSA-N,probematch,dtbind,2,1,0.0,0.0,1.0,0.0,0.0
COMMON_378,drug_id,XUFQPHANEAPEMJ-UHFFFAOYSA-N,probematch,nesso_pic50,2,1,0.0,0.0,1.0,0.0,0.0
COMMON_378,drug_id,XUFQPHANEAPEMJ-UHFFFAOYSA-N,dtbind,nesso_pic50,2,1,1.0,0.0,0.0,0.0,0.0
COMMON_378,drug_id,YWPHCCPCQOJSGZ-UHFFFAOYSA-N,biomaster,drugclip,2,1,1.0,0.0,0.0,0.0,0.0
COMMON_378,drug_id,YWPHCCPCQOJSGZ-UHFFFAOYSA-N,biomaster,dtiam,2,1,0.0,1.0,0.0,0.0,0.0
COMMON_378,drug_id,YWPHCCPCQOJSGZ-UHFFFAOYSA-N,biomaster,conplex,2,1,0.0,1.0,0.0,0.0,0.0
COMMON_378,drug_id,YWPHCCPCQOJSGZ-UHFFFAOYSA-N,biomaster,nesso,2,1,0.0,1.0,0.0,0.0,0.0
COMMON_378,drug_id,YWPHCCPCQOJSGZ-UHFFFAOYSA-N,biomaster,probematch,2,1,1.0,0.0,0.0,0.0,0.0
COMMON_378,drug_id,YWPHCCPCQOJSGZ-UHFFFAOYSA-N,biomaster,dtbind,2,1,0.0,1.0,0.0,0.0,0.0
COMMON_378,drug_id,YWPHCCPCQOJSGZ-UHFFFAOYSA-N,biomaster,nesso_pic50,2,1,0.0,1.0,0.0,0.0,0.0
COMMON_378,drug_id,YWPHCCPCQOJSGZ-UHFFFAOYSA-N,drugclip,dtiam,2,1,0.0,1.0,0.0,0.0,0.0
COMMON_378,drug_id,YWPHCCPCQOJSGZ-UHFFFAOYSA-N,drugclip,conplex,2,1,0.0,1.0,0.0,0.0,0.0
COMMON_378,drug_id,YWPHCCPCQOJSGZ-UHFFFAOYSA-N,drugclip,nesso,2,1,0.0,1.0,0.0,0.0,0.0
COMMON_378,drug_id,YWPHCCPCQOJSGZ-UHFFFAOYSA-N,drugclip,probematch,2,1,1.0,0.0,0.0,0.0,0.0
COMMON_378,drug_id,YWPHCCPCQOJSGZ-UHFFFAOYSA-N,drugclip,dtbind,2,1,0.0,1.0,0.0,0.0,0.0
COMMON_378,drug_id,YWPHCCPCQOJSGZ-UHFFFAOYSA-N,drugclip,nesso_pic50,2,1,0.0,1.0,0.0,0.0,0.0
COMMON_378,drug_id,YWPHCCPCQOJSGZ-UHFFFAOYSA-N,dtiam,conplex,2,1,0.0,0.0,0.0,1.0,0.0
COMMON_378,drug_id,YWPHCCPCQOJSGZ-UHFFFAOYSA-N,dtiam,nesso,2,1,0.0,0.0,0.0,1.0,0.0
COMMON_378,drug_id,YWPHCCPCQOJSGZ-UHFFFAOYSA-N,dtiam,probematch,2,1,0.0,0.0,1.0,0.0,0.0
COMMON_378,drug_id,YWPHCCPCQOJSGZ-UHFFFAOYSA-N,dtiam,dtbind,2,1,0.0,0.0,0.0,1.0,0.0
COMMON_378,drug_id,YWPHCCPCQOJSGZ-UHFFFAOYSA-N,dtiam,nesso_pic50,2,1,0.0,0.0,0.0,1.0,0.0
COMMON_378,drug_id,YWPHCCPCQOJSGZ-UHFFFAOYSA-N,conplex,nesso,2,1,0.0,0.0,0.0,1.0,0.0
COMMON_378,drug_id,YWPHCCPCQOJSGZ-UHFFFAOYSA-N,conplex,probematch,2,1,0.0,0.0,1.0,0.0,0.0
COMMON_378,drug_id,YWPHCCPCQOJSGZ-UHFFFAOYSA-N,conplex,dtbind,2,1,0.0,0.0,0.0,1.0,0.0
COMMON_378,drug_id,YWPHCCPCQOJSGZ-UHFFFAOYSA-N,conplex,nesso_pic50,2,1,0.0,0.0,0.0,1.0,0.0
COMMON_378,drug_id,YWPHCCPCQOJSGZ-UHFFFAOYSA-N,nesso,probematch,2,1,0.0,0.0,1.0,0.0,0.0
COMMON_378,drug_id,YWPHCCPCQOJSGZ-UHFFFAOYSA-N,nesso,dtbind,2,1,0.0,0.0,0.0,1.0,0.0
COMMON_378,drug_id,YWPHCCPCQOJSGZ-UHFFFAOYSA-N,nesso,nesso_pic50,2,1,0.0,0.0,0.0,1.0,0.0
COMMON_378,drug_id,YWPHCCPCQOJSGZ-UHFFFAOYSA-N,probematch,dtbind,2,1,0.0,1.0,0.0,0.0,0.0
COMMON_378,drug_id,YWPHCCPCQOJSGZ-UHFFFAOYSA-N,probematch,nesso_pic50,2,1,0.0,1.0,0.0,0.0,0.0
COMMON_378,drug_id,YWPHCCPCQOJSGZ-UHFFFAOYSA-N,dtbind,nesso_pic50,2,1,0.0,0.0,0.0,1.0,0.0
COMMON_378,drug_id,ZBNZXTGUTAYRHI-UHFFFAOYSA-N,biomaster,drugclip,25,114,0.4824561403508772,0.34210526315789475,0.11403508771929824,0.06140350877192982,0.0
COMMON_378,drug_id,ZBNZXTGUTAYRHI-UHFFFAOYSA-N,biomaster,dtiam,25,114,0.39473684210526316,0.4298245614035088,0.008771929824561403,0.16666666666666666,0.0
COMMON_378,drug_id,ZBNZXTGUTAYRHI-UHFFFAOYSA-N,biomaster,conplex,25,114,0.37719298245614036,0.14035087719298245,0.043859649122807015,0.12280701754385964,0.3157894736842105
COMMON_378,drug_id,ZBNZXTGUTAYRHI-UHFFFAOYSA-N,biomaster,nesso,25,114,0.7894736842105263,0.03508771929824561,0.09649122807017543,0.07894736842105263,0.0
COMMON_378,drug_id,ZBNZXTGUTAYRHI-UHFFFAOYSA-N,biomaster,probematch,25,114,0.543859649122807,0.2807017543859649,0.14035087719298245,0.03508771929824561,0.0
COMMON_378,drug_id,ZBNZXTGUTAYRHI-UHFFFAOYSA-N,biomaster,dtbind,25,114,0.5964912280701754,0.22807017543859648,0.08771929824561403,0.08771929824561403,0.0
COMMON_378,drug_id,ZBNZXTGUTAYRHI-UHFFFAOYSA-N,biomaster,nesso_pic50,25,114,0.7017543859649122,0.12280701754385964,0.13157894736842105,0.043859649122807015,0.0
COMMON_378,drug_id,ZBNZXTGUTAYRHI-UHFFFAOYSA-N,drugclip,dtiam,25,114,0.22807017543859648,0.3684210526315789,0.17543859649122806,0.22807017543859648,0.0
COMMON_378,drug_id,ZBNZXTGUTAYRHI-UHFFFAOYSA-N,drugclip,conplex,25,114,0.15789473684210525,0.21052631578947367,0.2631578947368421,0.05263157894736842,0.3157894736842105
COMMON_378,drug_id,ZBNZXTGUTAYRHI-UHFFFAOYSA-N,drugclip,nesso,25,114,0.49122807017543857,0.10526315789473684,0.39473684210526316,0.008771929824561403,0.0
COMMON_378,drug_id,ZBNZXTGUTAYRHI-UHFFFAOYSA-N,drugclip,probematch,25,114,0.47368421052631576,0.12280701754385964,0.21052631578947367,0.19298245614035087,0.0
COMMON_378,drug_id,ZBNZXTGUTAYRHI-UHFFFAOYSA-N,drugclip,dtbind,25,114,0.4298245614035088,0.16666666666666666,0.2543859649122807,0.14912280701754385,0.0
COMMON_378,drug_id,ZBNZXTGUTAYRHI-UHFFFAOYSA-N,drugclip,nesso_pic50,25,114,0.4824561403508772,0.11403508771929824,0.3508771929824561,0.05263157894736842,0.0
COMMON_378,drug_id,ZBNZXTGUTAYRHI-UHFFFAOYSA-N,dtiam,conplex,25,114,0.22807017543859648,0.043859649122807015,0.19298245614035087,0.21929824561403508,0.3157894736842105
COMMON_378,drug_id,ZBNZXTGUTAYRHI-UHFFFAOYSA-N,dtiam,nesso,25,114,0.40350877192982454,0.0,0.4824561403508772,0.11403508771929824,0.0
COMMON_378,drug_id,ZBNZXTGUTAYRHI-UHFFFAOYSA-N,dtiam,probematch,25,114,0.3157894736842105,0.08771929824561403,0.3684210526315789,0.22807017543859648,0.0
COMMON_378,drug_id,ZBNZXTGUTAYRHI-UHFFFAOYSA-N,dtiam,dtbind,25,114,0.2631578947368421,0.14035087719298245,0.42105263157894735,0.17543859649122806,0.0
COMMON_378,drug_id,ZBNZXTGUTAYRHI-UHFFFAOYSA-N,dtiam,nesso_pic50,25,114,0.39473684210526316,0.008771929824561403,0.43859649122807015,0.15789473684210525,0.0
COMMON_378,drug_id,ZBNZXTGUTAYRHI-UHFFFAOYSA-N,conplex,nesso,25,114,0.41228070175438597,0.008771929824561403,0.18421052631578946,0.07894736842105263,0.3157894736842105
COMMON_378,drug_id,ZBNZXTGUTAYRHI-UHFFFAOYSA-N,conplex,probematch,25,114,0.2719298245614035,0.14912280701754385,0.21052631578947367,0.05263157894736842,0.3157894736842105
COMMON_378,drug_id,ZBNZXTGUTAYRHI-UHFFFAOYSA-N,conplex,dtbind,25,114,0.3333333333333333,0.08771929824561403,0.14912280701754385,0.11403508771929824,0.3157894736842105
COMMON_378,drug_id,ZBNZXTGUTAYRHI-UHFFFAOYSA-N,conplex,nesso_pic50,25,114,0.42105263157894735,0.0,0.13157894736842105,0.13157894736842105,0.3157894736842105
COMMON_378,drug_id,ZBNZXTGUTAYRHI-UHFFFAOYSA-N,nesso,probematch,25,114,0.6228070175438597,0.2631578947368421,0.06140350877192982,0.05263157894736842,0.0
COMMON_378,drug_id,ZBNZXTGUTAYRHI-UHFFFAOYSA-N,nesso,dtbind,25,114,0.631578947368421,0.2543859649122807,0.05263157894736842,0.06140350877192982,0.0
COMMON_378,drug_id,ZBNZXTGUTAYRHI-UHFFFAOYSA-N,nesso,nesso_pic50,25,114,0.7807017543859649,0.10526315789473684,0.05263157894736842,0.06140350877192982,0.0
COMMON_378,drug_id,ZBNZXTGUTAYRHI-UHFFFAOYSA-N,probematch,dtbind,25,114,0.4824561403508772,0.20175438596491227,0.20175438596491227,0.11403508771929824,0.0
COMMON_378,drug_id,ZBNZXTGUTAYRHI-UHFFFAOYSA-N,probematch,nesso_pic50,25,114,0.5877192982456141,0.09649122807017543,0.24561403508771928,0.07017543859649122,0.0
COMMON_378,drug_id,ZBNZXTGUTAYRHI-UHFFFAOYSA-N,dtbind,nesso_pic50,25,114,0.5701754385964912,0.11403508771929824,0.2631578947368421,0.05263157894736842,0.0
COMMON_378,target_id,CHEMBL1824,biomaster,drugclip,9,8,0.75,0.25,0.0,0.0,0.0
COMMON_378,target_id,CHEMBL1824,biomaster,dtiam,9,8,1.0,0.0,0.0,0.0,0.0
COMMON_378,target_id,CHEMBL1824,biomaster,conplex,9,8,1.0,0.0,0.0,0.0,0.0
COMMON_378,target_id,CHEMBL1824,biomaster,nesso,9,8,1.0,0.0,0.0,0.0,0.0
COMMON_378,target_id,CHEMBL1824,biomaster,probematch,9,8,0.625,0.375,0.0,0.0,0.0
COMMON_378,target_id,CHEMBL1824,biomaster,dtbind,9,8,0.5,0.5,0.0,0.0,0.0
COMMON_378,target_id,CHEMBL1824,biomaster,nesso_pic50,9,8,1.0,0.0,0.0,0.0,0.0
COMMON_378,target_id,CHEMBL1824,drugclip,dtiam,9,8,0.75,0.0,0.25,0.0,0.0
COMMON_378,target_id,CHEMBL1824,drugclip,conplex,9,8,0.75,0.0,0.25,0.0,0.0
COMMON_378,target_id,CHEMBL1824,drugclip,nesso,9,8,0.75,0.0,0.25,0.0,0.0
COMMON_378,target_id,CHEMBL1824,drugclip,probematch,9,8,0.5,0.25,0.125,0.125,0.0
COMMON_378,target_id,CHEMBL1824,drugclip,dtbind,9,8,0.25,0.5,0.25,0.0,0.0
COMMON_378,target_id,CHEMBL1824,drugclip,nesso_pic50,9,8,0.75,0.0,0.25,0.0,0.0
COMMON_378,target_id,CHEMBL1824,dtiam,conplex,9,8,1.0,0.0,0.0,0.0,0.0
COMMON_378,target_id,CHEMBL1824,dtiam,nesso,9,8,1.0,0.0,0.0,0.0,0.0
COMMON_378,target_id,CHEMBL1824,dtiam,probematch,9,8,0.625,0.375,0.0,0.0,0.0
COMMON_378,target_id,CHEMBL1824,dtiam,dtbind,9,8,0.5,0.5,0.0,0.0,0.0
COMMON_378,target_id,CHEMBL1824,dtiam,nesso_pic50,9,8,1.0,0.0,0.0,0.0,0.0
COMMON_378,target_id,CHEMBL1824,conplex,nesso,9,8,1.0,0.0,0.0,0.0,0.0
COMMON_378,target_id,CHEMBL1824,conplex,probematch,9,8,0.625,0.375,0.0,0.0,0.0
COMMON_378,target_id,CHEMBL1824,conplex,dtbind,9,8,0.5,0.5,0.0,0.0,0.0
COMMON_378,target_id,CHEMBL1824,conplex,nesso_pic50,9,8,1.0,0.0,0.0,0.0,0.0
COMMON_378,target_id,CHEMBL1824,nesso,probematch,9,8,0.625,0.375,0.0,0.0,0.0
COMMON_378,target_id,CHEMBL1824,nesso,dtbind,9,8,0.5,0.5,0.0,0.0,0.0
COMMON_378,target_id,CHEMBL1824,nesso,nesso_pic50,9,8,1.0,0.0,0.0,0.0,0.0
COMMON_378,target_id,CHEMBL1824,probematch,dtbind,9,8,0.25,0.375,0.25,0.125,0.0
COMMON_378,target_id,CHEMBL1824,probematch,nesso_pic50,9,8,0.625,0.0,0.375,0.0,0.0
COMMON_378,target_id,CHEMBL1824,dtbind,nesso_pic50,9,8,0.5,0.0,0.5,0.0,0.0
COMMON_378,target_id,CHEMBL1844,biomaster,drugclip,7,12,0.75,0.25,0.0,0.0,0.0
COMMON_378,target_id,CHEMBL1844,biomaster,dtiam,7,12,1.0,0.0,0.0,0.0,0.0
COMMON_378,target_id,CHEMBL1844,biomaster,conplex,7,12,0.6666666666666666,0.3333333333333333,0.0,0.0,0.0
COMMON_378,target_id,CHEMBL1844,biomaster,nesso,7,12,1.0,0.0,0.0,0.0,0.0
COMMON_378,target_id,CHEMBL1844,biomaster,probematch,7,12,0.5833333333333334,0.4166666666666667,0.0,0.0,0.0
COMMON_378,target_id,CHEMBL1844,biomaster,dtbind,7,12,0.08333333333333333,0.9166666666666666,0.0,0.0,0.0
COMMON_378,target_id,CHEMBL1844,biomaster,nesso_pic50,7,12,1.0,0.0,0.0,0.0,0.0
COMMON_378,target_id,CHEMBL1844,drugclip,dtiam,7,12,0.75,0.0,0.25,0.0,0.0
COMMON_378,target_id,CHEMBL1844,drugclip,conplex,7,12,0.5,0.25,0.16666666666666666,0.08333333333333333,0.0
COMMON_378,target_id,CHEMBL1844,drugclip,nesso,7,12,0.75,0.0,0.25,0.0,0.0
COMMON_378,target_id,CHEMBL1844,drugclip,probematch,7,12,0.4166666666666667,0.3333333333333333,0.16666666666666666,0.08333333333333333,0.0
COMMON_378,target_id,CHEMBL1844,drugclip,dtbind,7,12,0.08333333333333333,0.6666666666666666,0.0,0.25,0.0
COMMON_378,target_id,CHEMBL1844,drugclip,nesso_pic50,7,12,0.75,0.0,0.25,0.0,0.0
COMMON_378,target_id,CHEMBL1844,dtiam,conplex,7,12,0.6666666666666666,0.3333333333333333,0.0,0.0,0.0
COMMON_378,target_id,CHEMBL1844,dtiam,nesso,7,12,1.0,0.0,0.0,0.0,0.0
COMMON_378,target_id,CHEMBL1844,dtiam,probematch,7,12,0.5833333333333334,0.4166666666666667,0.0,0.0,0.0
COMMON_378,target_id,CHEMBL1844,dtiam,dtbind,7,12,0.08333333333333333,0.9166666666666666,0.0,0.0,0.0
COMMON_378,target_id,CHEMBL1844,dtiam,nesso_pic50,7,12,1.0,0.0,0.0,0.0,0.0
COMMON_378,target_id,CHEMBL1844,conplex,nesso,7,12,0.6666666666666666,0.0,0.3333333333333333,0.0,0.0
COMMON_378,target_id,CHEMBL1844,conplex,probematch,7,12,0.3333333333333333,0.3333333333333333,0.25,0.08333333333333333,0.0
COMMON_378,target_id,CHEMBL1844,conplex,dtbind,7,12,0.0,0.6666666666666666,0.08333333333333333,0.25,0.0
COMMON_378,target_id,CHEMBL1844,conplex,nesso_pic50,7,12,0.6666666666666666,0.0,0.3333333333333333,0.0,0.0
COMMON_378,target_id,CHEMBL1844,nesso,probematch,7,12,0.5833333333333334,0.4166666666666667,0.0,0.0,0.0
COMMON_378,target_id,CHEMBL1844,nesso,dtbind,7,12,0.08333333333333333,0.9166666666666666,0.0,0.0,0.0
COMMON_378,target_id,CHEMBL1844,nesso,nesso_pic50,7,12,1.0,0.0,0.0,0.0,0.0
COMMON_378,target_id,CHEMBL1844,probematch,dtbind,7,12,0.08333333333333333,0.5,0.0,0.4166666666666667,0.0
COMMON_378,target_id,CHEMBL1844,probematch,nesso_pic50,7,12,0.5833333333333334,0.0,0.4166666666666667,0.0,0.0
COMMON_378,target_id,CHEMBL1844,dtbind,nesso_pic50,7,12,0.08333333333333333,0.0,0.9166666666666666,0.0,0.0
COMMON_378,target_id,CHEMBL1862,biomaster,drugclip,2,1,1.0,0.0,0.0,0.0,0.0
COMMON_378,target_id,CHEMBL1862,biomaster,dtiam,2,1,1.0,0.0,0.0,0.0,0.0
COMMON_378,target_id,CHEMBL1862,biomaster,conplex,2,1,1.0,0.0,0.0,0.0,0.0
COMMON_378,target_id,CHEMBL1862,biomaster,nesso,2,1,1.0,0.0,0.0,0.0,0.0
COMMON_378,target_id,CHEMBL1862,biomaster,probematch,2,1,1.0,0.0,0.0,0.0,0.0
COMMON_378,target_id,CHEMBL1862,biomaster,dtbind,2,1,1.0,0.0,0.0,0.0,0.0
COMMON_378,target_id,CHEMBL1862,biomaster,nesso_pic50,2,1,1.0,0.0,0.0,0.0,0.0
COMMON_378,target_id,CHEMBL1862,drugclip,dtiam,2,1,1.0,0.0,0.0,0.0,0.0
COMMON_378,target_id,CHEMBL1862,drugclip,conplex,2,1,1.0,0.0,0.0,0.0,0.0
COMMON_378,target_id,CHEMBL1862,drugclip,nesso,2,1,1.0,0.0,0.0,0.0,0.0
COMMON_378,target_id,CHEMBL1862,drugclip,probematch,2,1,1.0,0.0,0.0,0.0,0.0
COMMON_378,target_id,CHEMBL1862,drugclip,dtbind,2,1,1.0,0.0,0.0,0.0,0.0
COMMON_378,target_id,CHEMBL1862,drugclip,nesso_pic50,2,1,1.0,0.0,0.0,0.0,0.0
COMMON_378,target_id,CHEMBL1862,dtiam,conplex,2,1,1.0,0.0,0.0,0.0,0.0
COMMON_378,target_id,CHEMBL1862,dtiam,nesso,2,1,1.0,0.0,0.0,0.0,0.0
COMMON_378,target_id,CHEMBL1862,dtiam,probematch,2,1,1.0,0.0,0.0,0.0,0.0
COMMON_378,target_id,CHEMBL1862,dtiam,dtbind,2,1,1.0,0.0,0.0,0.0,0.0
COMMON_378,target_id,CHEMBL1862,dtiam,nesso_pic50,2,1,1.0,0.0,0.0,0.0,0.0
COMMON_378,target_id,CHEMBL1862,conplex,nesso,2,1,1.0,0.0,0.0,0.0,0.0
COMMON_378,target_id,CHEMBL1862,conplex,probematch,2,1,1.0,0.0,0.0,0.0,0.0
COMMON_378,target_id,CHEMBL1862,conplex,dtbind,2,1,1.0,0.0,0.0,0.0,0.0
COMMON_378,target_id,CHEMBL1862,conplex,nesso_pic50,2,1,1.0,0.0,0.0,0.0,0.0
COMMON_378,target_id,CHEMBL1862,nesso,probematch,2,1,1.0,0.0,0.0,0.0,0.0
COMMON_378,target_id,CHEMBL1862,nesso,dtbind,2,1,1.0,0.0,0.0,0.0,0.0
COMMON_378,target_id,CHEMBL1862,nesso,nesso_pic50,2,1,1.0,0.0,0.0,0.0,0.0
COMMON_378,target_id,CHEMBL1862,probematch,dtbind,2,1,1.0,0.0,0.0,0.0,0.0
COMMON_378,target_id,CHEMBL1862,probematch,nesso_pic50,2,1,1.0,0.0,0.0,0.0,0.0
COMMON_378,target_id,CHEMBL1862,dtbind,nesso_pic50,2,1,1.0,0.0,0.0,0.0,0.0
COMMON_378,target_id,CHEMBL1868,biomaster,drugclip,7,6,0.5,0.3333333333333333,0.0,0.16666666666666666,0.0
COMMON_378,target_id,CHEMBL1868,biomaster,dtiam,7,6,0.8333333333333334,0.0,0.16666666666666666,0.0,0.0
COMMON_378,target_id,CHEMBL1868,biomaster,conplex,7,6,0.8333333333333334,0.0,0.0,0.16666666666666666,0.0
COMMON_378,target_id,CHEMBL1868,biomaster,nesso,7,6,0.8333333333333334,0.0,0.0,0.16666666666666666,0.0
COMMON_378,target_id,CHEMBL1868,biomaster,probematch,7,6,0.16666666666666666,0.6666666666666666,0.0,0.16666666666666666,0.0
COMMON_378,target_id,CHEMBL1868,biomaster,dtbind,7,6,0.0,0.8333333333333334,0.0,0.16666666666666666,0.0
COMMON_378,target_id,CHEMBL1868,biomaster,nesso_pic50,7,6,0.8333333333333334,0.0,0.16666666666666666,0.0,0.0
COMMON_378,target_id,CHEMBL1868,drugclip,dtiam,7,6,0.5,0.0,0.5,0.0,0.0
COMMON_378,target_id,CHEMBL1868,drugclip,conplex,7,6,0.5,0.0,0.3333333333333333,0.16666666666666666,0.0
COMMON_378,target_id,CHEMBL1868,drugclip,nesso,7,6,0.5,0.0,0.3333333333333333,0.16666666666666666,0.0
COMMON_378,target_id,CHEMBL1868,drugclip,probematch,7,6,0.16666666666666666,0.3333333333333333,0.0,0.5,0.0
COMMON_378,target_id,CHEMBL1868,drugclip,dtbind,7,6,0.0,0.5,0.0,0.5,0.0
COMMON_378,target_id,CHEMBL1868,drugclip,nesso_pic50,7,6,0.5,0.0,0.5,0.0,0.0
COMMON_378,target_id,CHEMBL1868,dtiam,conplex,7,6,0.8333333333333334,0.16666666666666666,0.0,0.0,0.0
COMMON_378,target_id,CHEMBL1868,dtiam,nesso,7,6,0.8333333333333334,0.16666666666666666,0.0,0.0,0.0
COMMON_378,target_id,CHEMBL1868,dtiam,probematch,7,6,0.16666666666666666,0.8333333333333334,0.0,0.0,0.0
COMMON_378,target_id,CHEMBL1868,dtiam,dtbind,7,6,0.0,1.0,0.0,0.0,0.0
COMMON_378,target_id,CHEMBL1868,dtiam,nesso_pic50,7,6,1.0,0.0,0.0,0.0,0.0
COMMON_378,target_id,CHEMBL1868,conplex,nesso,7,6,0.8333333333333334,0.0,0.0,0.16666666666666666,0.0
COMMON_378,target_id,CHEMBL1868,conplex,probematch,7,6,0.16666666666666666,0.6666666666666666,0.0,0.16666666666666666,0.0
COMMON_378,target_id,CHEMBL1868,conplex,dtbind,7,6,0.0,0.8333333333333334,0.0,0.16666666666666666,0.0
COMMON_378,target_id,CHEMBL1868,conplex,nesso_pic50,7,6,0.8333333333333334,0.0,0.16666666666666666,0.0,0.0
COMMON_378,target_id,CHEMBL1868,nesso,probematch,7,6,0.16666666666666666,0.6666666666666666,0.0,0.16666666666666666,0.0
COMMON_378,target_id,CHEMBL1868,nesso,dtbind,7,6,0.0,0.8333333333333334,0.0,0.16666666666666666,0.0
COMMON_378,target_id,CHEMBL1868,nesso,nesso_pic50,7,6,0.8333333333333334,0.0,0.16666666666666666,0.0,0.0
COMMON_378,target_id,CHEMBL1868,probematch,dtbind,7,6,0.0,0.16666666666666666,0.0,0.8333333333333334,0.0
COMMON_378,target_id,CHEMBL1868,probematch,nesso_pic50,7,6,0.16666666666666666,0.0,0.8333333333333334,0.0,0.0
COMMON_378,target_id,CHEMBL1868,dtbind,nesso_pic50,7,6,0.0,0.0,1.0,0.0,0.0
COMMON_378,target_id,CHEMBL1936,biomaster,drugclip,3,2,1.0,0.0,0.0,0.0,0.0
COMMON_378,target_id,CHEMBL1936,biomaster,dtiam,3,2,1.0,0.0,0.0,0.0,0.0
COMMON_378,target_id,CHEMBL1936,biomaster,conplex,3,2,1.0,0.0,0.0,0.0,0.0
COMMON_378,target_id,CHEMBL1936,biomaster,nesso,3,2,1.0,0.0,0.0,0.0,0.0
COMMON_378,target_id,CHEMBL1936,biomaster,probematch,3,2,0.0,1.0,0.0,0.0,0.0
COMMON_378,target_id,CHEMBL1936,biomaster,dtbind,3,2,0.0,1.0,0.0,0.0,0.0
COMMON_378,target_id,CHEMBL1936,biomaster,nesso_pic50,3,2,1.0,0.0,0.0,0.0,0.0
COMMON_378,target_id,CHEMBL1936,drugclip,dtiam,3,2,1.0,0.0,0.0,0.0,0.0
COMMON_378,target_id,CHEMBL1936,drugclip,conplex,3,2,1.0,0.0,0.0,0.0,0.0
COMMON_378,target_id,CHEMBL1936,drugclip,nesso,3,2,1.0,0.0,0.0,0.0,0.0
COMMON_378,target_id,CHEMBL1936,drugclip,probematch,3,2,0.0,1.0,0.0,0.0,0.0
COMMON_378,target_id,CHEMBL1936,drugclip,dtbind,3,2,0.0,1.0,0.0,0.0,0.0
COMMON_378,target_id,CHEMBL1936,drugclip,nesso_pic50,3,2,1.0,0.0,0.0,0.0,0.0
COMMON_378,target_id,CHEMBL1936,dtiam,conplex,3,2,1.0,0.0,0.0,0.0,0.0
COMMON_378,target_id,CHEMBL1936,dtiam,nesso,3,2,1.0,0.0,0.0,0.0,0.0
COMMON_378,target_id,CHEMBL1936,dtiam,probematch,3,2,0.0,1.0,0.0,0.0,0.0
COMMON_378,target_id,CHEMBL1936,dtiam,dtbind,3,2,0.0,1.0,0.0,0.0,0.0
COMMON_378,target_id,CHEMBL1936,dtiam,nesso_pic50,3,2,1.0,0.0,0.0,0.0,0.0
COMMON_378,target_id,CHEMBL1936,conplex,nesso,3,2,1.0,0.0,0.0,0.0,0.0
COMMON_378,target_id,CHEMBL1936,conplex,probematch,3,2,0.0,1.0,0.0,0.0,0.0
COMMON_378,target_id,CHEMBL1936,conplex,dtbind,3,2,0.0,1.0,0.0,0.0,0.0
COMMON_378,target_id,CHEMBL1936,conplex,nesso_pic50,3,2,1.0,0.0,0.0,0.0,0.0
COMMON_378,target_id,CHEMBL1936,nesso,probematch,3,2,0.0,1.0,0.0,0.0,0.0
COMMON_378,target_id,CHEMBL1936,nesso,dtbind,3,2,0.0,1.0,0.0,0.0,0.0
COMMON_378,target_id,CHEMBL1936,nesso,nesso_pic50,3,2,1.0,0.0,0.0,0.0,0.0
COMMON_378,target_id,CHEMBL1936,probematch,dtbind,3,2,0.0,0.0,0.0,1.0,0.0
COMMON_378,target_id,CHEMBL1936,probematch,nesso_pic50,3,2,0.0,0.0,1.0,0.0,0.0
COMMON_378,target_id,CHEMBL1936,dtbind,nesso_pic50,3,2,0.0,0.0,1.0,0.0,0.0
COMMON_378,target_id,CHEMBL1974,biomaster,drugclip,3,2,0.5,0.5,0.0,0.0,0.0
COMMON_378,target_id,CHEMBL1974,biomaster,dtiam,3,2,0.0,1.0,0.0,0.0,0.0
COMMON_378,target_id,CHEMBL1974,biomaster,conplex,3,2,0.5,0.5,0.0,0.0,0.0
COMMON_378,target_id,CHEMBL1974,biomaster,nesso,3,2,1.0,0.0,0.0,0.0,0.0
COMMON_378,target_id,CHEMBL1974,biomaster,probematch,3,2,1.0,0.0,0.0,0.0,0.0
COMMON_378,target_id,CHEMBL1974,biomaster,dtbind,3,2,0.0,1.0,0.0,0.0,0.0
COMMON_378,target_id,CHEMBL1974,biomaster,nesso_pic50,3,2,1.0,0.0,0.0,0.0,0.0
COMMON_378,target_id,CHEMBL1974,drugclip,dtiam,3,2,0.0,0.5,0.0,0.5,0.0
COMMON_378,target_id,CHEMBL1974,drugclip,conplex,3,2,0.0,0.5,0.5,0.0,0.0
COMMON_378,target_id,CHEMBL1974,drugclip,nesso,3,2,0.5,0.0,0.5,0.0,0.0
COMMON_378,target_id,CHEMBL1974,drugclip,probematch,3,2,0.5,0.0,0.5,0.0,0.0
COMMON_378,target_id,CHEMBL1974,drugclip,dtbind,3,2,0.0,0.5,0.0,0.5,0.0
COMMON_378,target_id,CHEMBL1974,drugclip,nesso_pic50,3,2,0.5,0.0,0.5,0.0,0.0
COMMON_378,target_id,CHEMBL1974,dtiam,conplex,3,2,0.0,0.0,0.5,0.5,0.0
COMMON_378,target_id,CHEMBL1974,dtiam,nesso,3,2,0.0,0.0,1.0,0.0,0.0
COMMON_378,target_id,CHEMBL1974,dtiam,probematch,3,2,0.0,0.0,1.0,0.0,0.0
COMMON_378,target_id,CHEMBL1974,dtiam,dtbind,3,2,0.0,0.0,0.0,1.0,0.0
COMMON_378,target_id,CHEMBL1974,dtiam,nesso_pic50,3,2,0.0,0.0,1.0,0.0,0.0
COMMON_378,target_id,CHEMBL1974,conplex,nesso,3,2,0.5,0.0,0.5,0.0,0.0
COMMON_378,target_id,CHEMBL1974,conplex,probematch,3,2,0.5,0.0,0.5,0.0,0.0
COMMON_378,target_id,CHEMBL1974,conplex,dtbind,3,2,0.0,0.5,0.0,0.5,0.0
COMMON_378,target_id,CHEMBL1974,conplex,nesso_pic50,3,2,0.5,0.0,0.5,0.0,0.0
COMMON_378,target_id,CHEMBL1974,nesso,probematch,3,2,1.0,0.0,0.0,0.0,0.0
COMMON_378,target_id,CHEMBL1974,nesso,dtbind,3,2,0.0,1.0,0.0,0.0,0.0
COMMON_378,target_id,CHEMBL1974,nesso,nesso_pic50,3,2,1.0,0.0,0.0,0.0,0.0
COMMON_378,target_id,CHEMBL1974,probematch,dtbind,3,2,0.0,1.0,0.0,0.0,0.0
COMMON_378,target_id,CHEMBL1974,probematch,nesso_pic50,3,2,1.0,0.0,0.0,0.0,0.0
COMMON_378,target_id,CHEMBL1974,dtbind,nesso_pic50,3,2,0.0,0.0,1.0,0.0,0.0
COMMON_378,target_id,CHEMBL1991,biomaster,drugclip,13,22,0.8636363636363636,0.0,0.13636363636363635,0.0,0.0
COMMON_378,target_id,CHEMBL1991,biomaster,dtiam,13,22,0.8636363636363636,0.0,0.13636363636363635,0.0,0.0
COMMON_378,target_id,CHEMBL1991,biomaster,conplex,13,22,0.0,0.0,0.0,0.0,1.0
COMMON_378,target_id,CHEMBL1991,biomaster,nesso,13,22,0.8636363636363636,0.0,0.13636363636363635,0.0,0.0
COMMON_378,target_id,CHEMBL1991,biomaster,probematch,13,22,0.6818181818181818,0.18181818181818182,0.13636363636363635,0.0,0.0
COMMON_378,target_id,CHEMBL1991,biomaster,dtbind,13,22,0.2727272727272727,0.5909090909090909,0.09090909090909091,0.045454545454545456,0.0
COMMON_378,target_id,CHEMBL1991,biomaster,nesso_pic50,13,22,0.8636363636363636,0.0,0.13636363636363635,0.0,0.0
COMMON_378,target_id,CHEMBL1991,drugclip,dtiam,13,22,1.0,0.0,0.0,0.0,0.0
COMMON_378,target_id,CHEMBL1991,drugclip,conplex,13,22,0.0,0.0,0.0,0.0,1.0
COMMON_378,target_id,CHEMBL1991,drugclip,nesso,13,22,1.0,0.0,0.0,0.0,0.0
COMMON_378,target_id,CHEMBL1991,drugclip,probematch,13,22,0.8181818181818182,0.18181818181818182,0.0,0.0,0.0
COMMON_378,target_id,CHEMBL1991,drugclip,dtbind,13,22,0.36363636363636365,0.6363636363636364,0.0,0.0,0.0
COMMON_378,target_id,CHEMBL1991,drugclip,nesso_pic50,13,22,1.0,0.0,0.0,0.0,0.0
COMMON_378,target_id,CHEMBL1991,dtiam,conplex,13,22,0.0,0.0,0.0,0.0,1.0
COMMON_378,target_id,CHEMBL1991,dtiam,nesso,13,22,1.0,0.0,0.0,0.0,0.0
COMMON_378,target_id,CHEMBL1991,dtiam,probematch,13,22,0.8181818181818182,0.18181818181818182,0.0,0.0,0.0
COMMON_378,target_id,CHEMBL1991,dtiam,dtbind,13,22,0.36363636363636365,0.6363636363636364,0.0,0.0,0.0
COMMON_378,target_id,CHEMBL1991,dtiam,nesso_pic50,13,22,1.0,0.0,0.0,0.0,0.0
COMMON_378,target_id,CHEMBL1991,conplex,nesso,13,22,0.0,0.0,0.0,0.0,1.0
COMMON_378,target_id,CHEMBL1991,conplex,probematch,13,22,0.0,0.0,0.0,0.0,1.0
COMMON_378,target_id,CHEMBL1991,conplex,dtbind,13,22,0.0,0.0,0.0,0.0,1.0
COMMON_378,target_id,CHEMBL1991,conplex,nesso_pic50,13,22,0.0,0.0,0.0,0.0,1.0
COMMON_378,target_id,CHEMBL1991,nesso,probematch,13,22,0.8181818181818182,0.18181818181818182,0.0,0.0,0.0
COMMON_378,target_id,CHEMBL1991,nesso,dtbind,13,22,0.36363636363636365,0.6363636363636364,0.0,0.0,0.0
COMMON_378,target_id,CHEMBL1991,nesso,nesso_pic50,13,22,1.0,0.0,0.0,0.0,0.0
COMMON_378,target_id,CHEMBL1991,probematch,dtbind,13,22,0.36363636363636365,0.45454545454545453,0.0,0.18181818181818182,0.0
COMMON_378,target_id,CHEMBL1991,probematch,nesso_pic50,13,22,0.8181818181818182,0.0,0.18181818181818182,0.0,0.0
COMMON_378,target_id,CHEMBL1991,dtbind,nesso_pic50,13,22,0.36363636363636365,0.0,0.6363636363636364,0.0,0.0
COMMON_378,target_id,CHEMBL2007,biomaster,drugclip,5,6,0.8333333333333334,0.16666666666666666,0.0,0.0,0.0
COMMON_378,target_id,CHEMBL2007,biomaster,dtiam,5,6,1.0,0.0,0.0,0.0,0.0
COMMON_378,target_id,CHEMBL2007,biomaster,conplex,5,6,1.0,0.0,0.0,0.0,0.0
COMMON_378,target_id,CHEMBL2007,biomaster,nesso,5,6,0.8333333333333334,0.16666666666666666,0.0,0.0,0.0
COMMON_378,target_id,CHEMBL2007,biomaster,probematch,5,6,0.16666666666666666,0.8333333333333334,0.0,0.0,0.0
COMMON_378,target_id,CHEMBL2007,biomaster,dtbind,5,6,0.6666666666666666,0.3333333333333333,0.0,0.0,0.0
COMMON_378,target_id,CHEMBL2007,biomaster,nesso_pic50,5,6,1.0,0.0,0.0,0.0,0.0
COMMON_378,target_id,CHEMBL2007,drugclip,dtiam,5,6,0.8333333333333334,0.0,0.16666666666666666,0.0,0.0
COMMON_378,target_id,CHEMBL2007,drugclip,conplex,5,6,0.8333333333333334,0.0,0.16666666666666666,0.0,0.0
COMMON_378,target_id,CHEMBL2007,drugclip,nesso,5,6,0.6666666666666666,0.16666666666666666,0.16666666666666666,0.0,0.0
COMMON_378,target_id,CHEMBL2007,drugclip,probematch,5,6,0.16666666666666666,0.6666666666666666,0.0,0.16666666666666666,0.0
COMMON_378,target_id,CHEMBL2007,drugclip,dtbind,5,6,0.6666666666666666,0.16666666666666666,0.0,0.16666666666666666,0.0
COMMON_378,target_id,CHEMBL2007,drugclip,nesso_pic50,5,6,0.8333333333333334,0.0,0.16666666666666666,0.0,0.0
COMMON_378,target_id,CHEMBL2007,dtiam,conplex,5,6,1.0,0.0,0.0,0.0,0.0
COMMON_378,target_id,CHEMBL2007,dtiam,nesso,5,6,0.8333333333333334,0.16666666666666666,0.0,0.0,0.0
COMMON_378,target_id,CHEMBL2007,dtiam,probematch,5,6,0.16666666666666666,0.8333333333333334,0.0,0.0,0.0
COMMON_378,target_id,CHEMBL2007,dtiam,dtbind,5,6,0.6666666666666666,0.3333333333333333,0.0,0.0,0.0
COMMON_378,target_id,CHEMBL2007,dtiam,nesso_pic50,5,6,1.0,0.0,0.0,0.0,0.0
COMMON_378,target_id,CHEMBL2007,conplex,nesso,5,6,0.8333333333333334,0.16666666666666666,0.0,0.0,0.0
COMMON_378,target_id,CHEMBL2007,conplex,probematch,5,6,0.16666666666666666,0.8333333333333334,0.0,0.0,0.0
COMMON_378,target_id,CHEMBL2007,conplex,dtbind,5,6,0.6666666666666666,0.3333333333333333,0.0,0.0,0.0
COMMON_378,target_id,CHEMBL2007,conplex,nesso_pic50,5,6,1.0,0.0,0.0,0.0,0.0
COMMON_378,target_id,CHEMBL2007,nesso,probematch,5,6,0.0,0.8333333333333334,0.16666666666666666,0.0,0.0
COMMON_378,target_id,CHEMBL2007,nesso,dtbind,5,6,0.6666666666666666,0.16666666666666666,0.0,0.16666666666666666,0.0
COMMON_378,target_id,CHEMBL2007,nesso,nesso_pic50,5,6,0.8333333333333334,0.0,0.16666666666666666,0.0,0.0
COMMON_378,target_id,CHEMBL2007,probematch,dtbind,5,6,0.0,0.16666666666666666,0.6666666666666666,0.16666666666666666,0.0
COMMON_378,target_id,CHEMBL2007,probematch,nesso_pic50,5,6,0.16666666666666666,0.0,0.8333333333333334,0.0,0.0
COMMON_378,target_id,CHEMBL2007,dtbind,nesso_pic50,5,6,0.6666666666666666,0.0,0.3333333333333333,0.0,0.0
COMMON_378,target_id,CHEMBL203,biomaster,drugclip,5,6,0.6666666666666666,0.3333333333333333,0.0,0.0,0.0
COMMON_378,target_id,CHEMBL203,biomaster,dtiam,5,6,1.0,0.0,0.0,0.0,0.0
COMMON_378,target_id,CHEMBL203,biomaster,conplex,5,6,0.8333333333333334,0.16666666666666666,0.0,0.0,0.0
COMMON_378,target_id,CHEMBL203,biomaster,nesso,5,6,1.0,0.0,0.0,0.0,0.0
COMMON_378,target_id,CHEMBL203,biomaster,probematch,5,6,1.0,0.0,0.0,0.0,0.0
COMMON_378,target_id,CHEMBL203,biomaster,dtbind,5,6,0.5,0.5,0.0,0.0,0.0
COMMON_378,target_id,CHEMBL203,biomaster,nesso_pic50,5,6,1.0,0.0,0.0,0.0,0.0
COMMON_378,target_id,CHEMBL203,drugclip,dtiam,5,6,0.6666666666666666,0.0,0.3333333333333333,0.0,0.0
COMMON_378,target_id,CHEMBL203,drugclip,conplex,5,6,0.5,0.16666666666666666,0.3333333333333333,0.0,0.0
COMMON_378,target_id,CHEMBL203,drugclip,nesso,5,6,0.6666666666666666,0.0,0.3333333333333333,0.0,0.0
COMMON_378,target_id,CHEMBL203,drugclip,probematch,5,6,0.6666666666666666,0.0,0.3333333333333333,0.0,0.0
COMMON_378,target_id,CHEMBL203,drugclip,dtbind,5,6,0.5,0.16666666666666666,0.0,0.3333333333333333,0.0
COMMON_378,target_id,CHEMBL203,drugclip,nesso_pic50,5,6,0.6666666666666666,0.0,0.3333333333333333,0.0,0.0
COMMON_378,target_id,CHEMBL203,dtiam,conplex,5,6,0.8333333333333334,0.16666666666666666,0.0,0.0,0.0
COMMON_378,target_id,CHEMBL203,dtiam,nesso,5,6,1.0,0.0,0.0,0.0,0.0
COMMON_378,target_id,CHEMBL203,dtiam,probematch,5,6,1.0,0.0,0.0,0.0,0.0
COMMON_378,target_id,CHEMBL203,dtiam,dtbind,5,6,0.5,0.5,0.0,0.0,0.0
COMMON_378,target_id,CHEMBL203,dtiam,nesso_pic50,5,6,1.0,0.0,0.0,0.0,0.0
COMMON_378,target_id,CHEMBL203,conplex,nesso,5,6,0.8333333333333334,0.0,0.16666666666666666,0.0,0.0
COMMON_378,target_id,CHEMBL203,conplex,probematch,5,6,0.8333333333333334,0.0,0.16666666666666666,0.0,0.0
COMMON_378,target_id,CHEMBL203,conplex,dtbind,5,6,0.3333333333333333,0.5,0.16666666666666666,0.0,0.0
COMMON_378,target_id,CHEMBL203,conplex,nesso_pic50,5,6,0.8333333333333334,0.0,0.16666666666666666,0.0,0.0
COMMON_378,target_id,CHEMBL203,nesso,probematch,5,6,1.0,0.0,0.0,0.0,0.0
COMMON_378,target_id,CHEMBL203,nesso,dtbind,5,6,0.5,0.5,0.0,0.0,0.0
COMMON_378,target_id,CHEMBL203,nesso,nesso_pic50,5,6,1.0,0.0,0.0,0.0,0.0
COMMON_378,target_id,CHEMBL203,probematch,dtbind,5,6,0.5,0.5,0.0,0.0,0.0
COMMON_378,target_id,CHEMBL203,probematch,nesso_pic50,5,6,1.0,0.0,0.0,0.0,0.0
COMMON_378,target_id,CHEMBL203,dtbind,nesso_pic50,5,6,0.5,0.0,0.5,0.0,0.0
COMMON_378,target_id,CHEMBL205,biomaster,drugclip,7,12,0.3333333333333333,0.6666666666666666,0.0,0.0,0.0
COMMON_378,target_id,CHEMBL205,biomaster,dtiam,7,12,0.9166666666666666,0.08333333333333333,0.0,0.0,0.0
COMMON_378,target_id,CHEMBL205,biomaster,conplex,7,12,0.75,0.08333333333333333,0.0,0.0,0.16666666666666666
COMMON_378,target_id,CHEMBL205,biomaster,nesso,7,12,0.8333333333333334,0.16666666666666666,0.0,0.0,0.0
COMMON_378,target_id,CHEMBL205,biomaster,probematch,7,12,0.75,0.25,0.0,0.0,0.0
COMMON_378,target_id,CHEMBL205,biomaster,dtbind,7,12,0.5833333333333334,0.4166666666666667,0.0,0.0,0.0
COMMON_378,target_id,CHEMBL205,biomaster,nesso_pic50,7,12,0.75,0.25,0.0,0.0,0.0
COMMON_378,target_id,CHEMBL205,drugclip,dtiam,7,12,0.3333333333333333,0.0,0.5833333333333334,0.08333333333333333,0.0
COMMON_378,target_id,CHEMBL205,drugclip,conplex,7,12,0.08333333333333333,0.08333333333333333,0.6666666666666666,0.0,0.16666666666666666
COMMON_378,target_id,CHEMBL205,drugclip,nesso,7,12,0.16666666666666666,0.16666666666666666,0.6666666666666666,0.0,0.0
COMMON_378,target_id,CHEMBL205,drugclip,probematch,7,12,0.08333333333333333,0.25,0.6666666666666666,0.0,0.0
COMMON_378,target_id,CHEMBL205,drugclip,dtbind,7,12,0.08333333333333333,0.25,0.5,0.16666666666666666,0.0
COMMON_378,target_id,CHEMBL205,drugclip,nesso_pic50,7,12,0.08333333333333333,0.25,0.6666666666666666,0.0,0.0
COMMON_378,target_id,CHEMBL205,dtiam,conplex,7,12,0.6666666666666666,0.08333333333333333,0.08333333333333333,0.0,0.16666666666666666
COMMON_378,target_id,CHEMBL205,dtiam,nesso,7,12,0.75,0.16666666666666666,0.08333333333333333,0.0,0.0
COMMON_378,target_id,CHEMBL205,dtiam,probematch,7,12,0.6666666666666666,0.25,0.08333333333333333,0.0,0.0
COMMON_378,target_id,CHEMBL205,dtiam,dtbind,7,12,0.5,0.4166666666666667,0.08333333333333333,0.0,0.0
COMMON_378,target_id,CHEMBL205,dtiam,nesso_pic50,7,12,0.6666666666666666,0.25,0.08333333333333333,0.0,0.0
COMMON_378,target_id,CHEMBL205,conplex,nesso,7,12,0.75,0.0,0.0,0.08333333333333333,0.16666666666666666
COMMON_378,target_id,CHEMBL205,conplex,probematch,7,12,0.75,0.0,0.0,0.08333333333333333,0.16666666666666666
COMMON_378,target_id,CHEMBL205,conplex,dtbind,7,12,0.5833333333333334,0.16666666666666666,0.0,0.08333333333333333,0.16666666666666666
COMMON_378,target_id,CHEMBL205,conplex,nesso_pic50,7,12,0.75,0.0,0.0,0.08333333333333333,0.16666666666666666
COMMON_378,target_id,CHEMBL205,nesso,probematch,7,12,0.75,0.08333333333333333,0.0,0.16666666666666666,0.0
COMMON_378,target_id,CHEMBL205,nesso,dtbind,7,12,0.5833333333333334,0.25,0.0,0.16666666666666666,0.0
COMMON_378,target_id,CHEMBL205,nesso,nesso_pic50,7,12,0.75,0.08333333333333333,0.0,0.16666666666666666,0.0
COMMON_378,target_id,CHEMBL205,probematch,dtbind,7,12,0.5833333333333334,0.16666666666666666,0.0,0.25,0.0
COMMON_378,target_id,CHEMBL205,probematch,nesso_pic50,7,12,0.75,0.0,0.0,0.25,0.0
COMMON_378,target_id,CHEMBL205,dtbind,nesso_pic50,7,12,0.5833333333333334,0.0,0.16666666666666666,0.25,0.0
COMMON_378,target_id,CHEMBL220,biomaster,drugclip,3,2,0.0,0.5,0.0,0.5,0.0
COMMON_378,target_id,CHEMBL220,biomaster,dtiam,3,2,0.5,0.0,0.5,0.0,0.0
COMMON_378,target_id,CHEMBL220,biomaster,conplex,3,2,0.0,0.5,0.5,0.0,0.0
COMMON_378,target_id,CHEMBL220,biomaster,nesso,3,2,0.5,0.0,0.0,0.5,0.0
COMMON_378,target_id,CHEMBL220,biomaster,probematch,3,2,0.0,0.5,0.0,0.5,0.0
COMMON_378,target_id,CHEMBL220,biomaster,dtbind,3,2,0.5,0.0,0.5,0.0,0.0
COMMON_378,target_id,CHEMBL220,biomaster,nesso_pic50,3,2,0.5,0.0,0.5,0.0,0.0
COMMON_378,target_id,CHEMBL220,drugclip,dtiam,3,2,0.0,0.0,1.0,0.0,0.0
COMMON_378,target_id,CHEMBL220,drugclip,conplex,3,2,0.0,0.0,0.5,0.5,0.0
COMMON_378,target_id,CHEMBL220,drugclip,nesso,3,2,0.0,0.0,0.5,0.5,0.0
COMMON_378,target_id,CHEMBL220,drugclip,probematch,3,2,0.0,0.0,0.0,1.0,0.0
COMMON_378,target_id,CHEMBL220,drugclip,dtbind,3,2,0.0,0.0,1.0,0.0,0.0
COMMON_378,target_id,CHEMBL220,drugclip,nesso_pic50,3,2,0.0,0.0,1.0,0.0,0.0
COMMON_378,target_id,CHEMBL220,dtiam,conplex,3,2,0.5,0.5,0.0,0.0,0.0
COMMON_378,target_id,CHEMBL220,dtiam,nesso,3,2,0.5,0.5,0.0,0.0,0.0
COMMON_378,target_id,CHEMBL220,dtiam,probematch,3,2,0.0,1.0,0.0,0.0,0.0
COMMON_378,target_id,CHEMBL220,dtiam,dtbind,3,2,1.0,0.0,0.0,0.0,0.0
COMMON_378,target_id,CHEMBL220,dtiam,nesso_pic50,3,2,1.0,0.0,0.0,0.0,0.0
COMMON_378,target_id,CHEMBL220,conplex,nesso,3,2,0.0,0.5,0.5,0.0,0.0
COMMON_378,target_id,CHEMBL220,conplex,probematch,3,2,0.0,0.5,0.0,0.5,0.0
COMMON_378,target_id,CHEMBL220,conplex,dtbind,3,2,0.5,0.0,0.5,0.0,0.0
COMMON_378,target_id,CHEMBL220,conplex,nesso_pic50,3,2,0.5,0.0,0.5,0.0,0.0
COMMON_378,target_id,CHEMBL220,nesso,probematch,3,2,0.0,0.5,0.0,0.5,0.0
COMMON_378,target_id,CHEMBL220,nesso,dtbind,3,2,0.5,0.0,0.5,0.0,0.0
COMMON_378,target_id,CHEMBL220,nesso,nesso_pic50,3,2,0.5,0.0,0.5,0.0,0.0
COMMON_378,target_id,CHEMBL220,probematch,dtbind,3,2,0.0,0.0,1.0,0.0,0.0
COMMON_378,target_id,CHEMBL220,probematch,nesso_pic50,3,2,0.0,0.0,1.0,0.0,0.0
COMMON_378,target_id,CHEMBL220,dtbind,nesso_pic50,3,2,1.0,0.0,0.0,0.0,0.0
COMMON_378,target_id,CHEMBL222,biomaster,drugclip,6,9,0.7777777777777778,0.1111111111111111,0.0,0.1111111111111111,0.0
COMMON_378,target_id,CHEMBL222,biomaster,dtiam,6,9,0.7777777777777778,0.1111111111111111,0.1111111111111111,0.0,0.0
COMMON_378,target_id,CHEMBL222,biomaster,conplex,6,9,0.5555555555555556,0.3333333333333333,0.1111111111111111,0.0,0.0
COMMON_378,target_id,CHEMBL222,biomaster,nesso,6,9,0.7777777777777778,0.1111111111111111,0.0,0.1111111111111111,0.0
COMMON_378,target_id,CHEMBL222,biomaster,probematch,6,9,0.4444444444444444,0.4444444444444444,0.0,0.1111111111111111,0.0
COMMON_378,target_id,CHEMBL222,biomaster,dtbind,6,9,0.8888888888888888,0.0,0.0,0.1111111111111111,0.0
COMMON_378,target_id,CHEMBL222,biomaster,nesso_pic50,6,9,0.8888888888888888,0.0,0.1111111111111111,0.0,0.0
COMMON_378,target_id,CHEMBL222,drugclip,dtiam,6,9,0.6666666666666666,0.1111111111111111,0.2222222222222222,0.0,0.0
COMMON_378,target_id,CHEMBL222,drugclip,conplex,6,9,0.5555555555555556,0.2222222222222222,0.1111111111111111,0.1111111111111111,0.0
COMMON_378,target_id,CHEMBL222,drugclip,nesso,6,9,0.6666666666666666,0.1111111111111111,0.1111111111111111,0.1111111111111111,0.0
COMMON_378,target_id,CHEMBL222,drugclip,probematch,6,9,0.3333333333333333,0.4444444444444444,0.1111111111111111,0.1111111111111111,0.0
COMMON_378,target_id,CHEMBL222,drugclip,dtbind,6,9,0.7777777777777778,0.0,0.1111111111111111,0.1111111111111111,0.0
COMMON_378,target_id,CHEMBL222,drugclip,nesso_pic50,6,9,0.7777777777777778,0.0,0.2222222222222222,0.0,0.0
COMMON_378,target_id,CHEMBL222,dtiam,conplex,6,9,0.5555555555555556,0.3333333333333333,0.1111111111111111,0.0,0.0
COMMON_378,target_id,CHEMBL222,dtiam,nesso,6,9,0.7777777777777778,0.1111111111111111,0.0,0.1111111111111111,0.0
COMMON_378,target_id,CHEMBL222,dtiam,probematch,6,9,0.4444444444444444,0.4444444444444444,0.0,0.1111111111111111,0.0
COMMON_378,target_id,CHEMBL222,dtiam,dtbind,6,9,0.7777777777777778,0.1111111111111111,0.1111111111111111,0.0,0.0
COMMON_378,target_id,CHEMBL222,dtiam,nesso_pic50,6,9,0.8888888888888888,0.0,0.1111111111111111,0.0,0.0
COMMON_378,target_id,CHEMBL222,conplex,nesso,6,9,0.4444444444444444,0.2222222222222222,0.3333333333333333,0.0,0.0
COMMON_378,target_id,CHEMBL222,conplex,probematch,6,9,0.2222222222222222,0.4444444444444444,0.2222222222222222,0.1111111111111111,0.0
COMMON_378,target_id,CHEMBL222,conplex,dtbind,6,9,0.5555555555555556,0.1111111111111111,0.3333333333333333,0.0,0.0
COMMON_378,target_id,CHEMBL222,conplex,nesso_pic50,6,9,0.6666666666666666,0.0,0.3333333333333333,0.0,0.0
COMMON_378,target_id,CHEMBL222,nesso,probematch,6,9,0.4444444444444444,0.3333333333333333,0.0,0.2222222222222222,0.0
COMMON_378,target_id,CHEMBL222,nesso,dtbind,6,9,0.7777777777777778,0.0,0.1111111111111111,0.1111111111111111,0.0
COMMON_378,target_id,CHEMBL222,nesso,nesso_pic50,6,9,0.7777777777777778,0.0,0.2222222222222222,0.0,0.0
COMMON_378,target_id,CHEMBL222,probematch,dtbind,6,9,0.4444444444444444,0.0,0.4444444444444444,0.1111111111111111,0.0
COMMON_378,target_id,CHEMBL222,probematch,nesso_pic50,6,9,0.4444444444444444,0.0,0.5555555555555556,0.0,0.0
COMMON_378,target_id,CHEMBL222,dtbind,nesso_pic50,6,9,0.8888888888888888,0.0,0.1111111111111111,0.0,0.0
COMMON_378,target_id,CHEMBL228,biomaster,drugclip,4,4,0.0,0.0,0.75,0.25,0.0
COMMON_378,target_id,CHEMBL228,biomaster,dtiam,4,4,0.0,0.0,0.75,0.25,0.0
COMMON_378,target_id,CHEMBL228,biomaster,conplex,4,4,0.0,0.0,0.75,0.25,0.0
COMMON_378,target_id,CHEMBL228,biomaster,nesso,4,4,0.0,0.0,0.5,0.5,0.0
COMMON_378,target_id,CHEMBL228,biomaster,probematch,4,4,0.0,0.0,1.0,0.0,0.0
COMMON_378,target_id,CHEMBL228,biomaster,dtbind,4,4,0.0,0.0,0.25,0.75,0.0
COMMON_378,target_id,CHEMBL228,biomaster,nesso_pic50,4,4,0.0,0.0,1.0,0.0,0.0
COMMON_378,target_id,CHEMBL228,drugclip,dtiam,4,4,0.75,0.0,0.0,0.25,0.0
COMMON_378,target_id,CHEMBL228,drugclip,conplex,4,4,0.75,0.0,0.0,0.25,0.0
COMMON_378,target_id,CHEMBL228,drugclip,nesso,4,4,0.5,0.25,0.0,0.25,0.0
COMMON_378,target_id,CHEMBL228,drugclip,probematch,4,4,0.75,0.0,0.25,0.0,0.0
COMMON_378,target_id,CHEMBL228,drugclip,dtbind,4,4,0.25,0.5,0.0,0.25,0.0
COMMON_378,target_id,CHEMBL228,drugclip,nesso_pic50,4,4,0.75,0.0,0.25,0.0,0.0
COMMON_378,target_id,CHEMBL228,dtiam,conplex,4,4,0.75,0.0,0.0,0.25,0.0
COMMON_378,target_id,CHEMBL228,dtiam,nesso,4,4,0.5,0.25,0.0,0.25,0.0
COMMON_378,target_id,CHEMBL228,dtiam,probematch,4,4,0.75,0.0,0.25,0.0,0.0
COMMON_378,target_id,CHEMBL228,dtiam,dtbind,4,4,0.25,0.5,0.0,0.25,0.0
COMMON_378,target_id,CHEMBL228,dtiam,nesso_pic50,4,4,0.75,0.0,0.25,0.0,0.0
COMMON_378,target_id,CHEMBL228,conplex,nesso,4,4,0.5,0.25,0.0,0.25,0.0
COMMON_378,target_id,CHEMBL228,conplex,probematch,4,4,0.75,0.0,0.25,0.0,0.0
COMMON_378,target_id,CHEMBL228,conplex,dtbind,4,4,0.25,0.5,0.0,0.25,0.0
COMMON_378,target_id,CHEMBL228,conplex,nesso_pic50,4,4,0.75,0.0,0.25,0.0,0.0
COMMON_378,target_id,CHEMBL228,nesso,probematch,4,4,0.5,0.0,0.5,0.0,0.0
COMMON_378,target_id,CHEMBL228,nesso,dtbind,4,4,0.0,0.5,0.25,0.25,0.0
COMMON_378,target_id,CHEMBL228,nesso,nesso_pic50,4,4,0.5,0.0,0.5,0.0,0.0
COMMON_378,target_id,CHEMBL228,probematch,dtbind,4,4,0.25,0.75,0.0,0.0,0.0
COMMON_378,target_id,CHEMBL228,probematch,nesso_pic50,4,4,1.0,0.0,0.0,0.0,0.0
COMMON_378,target_id,CHEMBL228,dtbind,nesso_pic50,4,4,0.25,0.0,0.75,0.0,0.0
COMMON_378,target_id,CHEMBL230,biomaster,drugclip,6,9,0.7777777777777778,0.0,0.0,0.2222222222222222,0.0
COMMON_378,target_id,CHEMBL230,biomaster,dtiam,6,9,0.7777777777777778,0.0,0.2222222222222222,0.0,0.0
COMMON_378,target_id,CHEMBL230,biomaster,conplex,6,9,0.3333333333333333,0.3333333333333333,0.0,0.2222222222222222,0.1111111111111111
COMMON_378,target_id,CHEMBL230,biomaster,nesso,6,9,0.4444444444444444,0.3333333333333333,0.2222222222222222,0.0,0.0
COMMON_378,target_id,CHEMBL230,biomaster,probematch,6,9,0.7777777777777778,0.0,0.1111111111111111,0.1111111111111111,0.0
COMMON_378,target_id,CHEMBL230,biomaster,dtbind,6,9,0.6666666666666666,0.1111111111111111,0.1111111111111111,0.1111111111111111,0.0
COMMON_378,target_id,CHEMBL230,biomaster,nesso_pic50,6,9,0.7777777777777778,0.0,0.1111111111111111,0.1111111111111111,0.0
COMMON_378,target_id,CHEMBL230,drugclip,dtiam,6,9,0.7777777777777778,0.0,0.2222222222222222,0.0,0.0
COMMON_378,target_id,CHEMBL230,drugclip,conplex,6,9,0.3333333333333333,0.3333333333333333,0.0,0.2222222222222222,0.1111111111111111
COMMON_378,target_id,CHEMBL230,drugclip,nesso,6,9,0.4444444444444444,0.3333333333333333,0.2222222222222222,0.0,0.0
COMMON_378,target_id,CHEMBL230,drugclip,probematch,6,9,0.7777777777777778,0.0,0.1111111111111111,0.1111111111111111,0.0
COMMON_378,target_id,CHEMBL230,drugclip,dtbind,6,9,0.6666666666666666,0.1111111111111111,0.1111111111111111,0.1111111111111111,0.0
COMMON_378,target_id,CHEMBL230,drugclip,nesso_pic50,6,9,0.7777777777777778,0.0,0.1111111111111111,0.1111111111111111,0.0
COMMON_378,target_id,CHEMBL230,dtiam,conplex,6,9,0.3333333333333333,0.5555555555555556,0.0,0.0,0.1111111111111111
COMMON_378,target_id,CHEMBL230,dtiam,nesso,6,9,0.6666666666666666,0.3333333333333333,0.0,0.0,0.0
COMMON_378,target_id,CHEMBL230,dtiam,probematch,6,9,0.8888888888888888,0.1111111111111111,0.0,0.0,0.0
COMMON_378,target_id,CHEMBL230,dtiam,dtbind,6,9,0.7777777777777778,0.2222222222222222,0.0,0.0,0.0
COMMON_378,target_id,CHEMBL230,dtiam,nesso_pic50,6,9,0.8888888888888888,0.1111111111111111,0.0,0.0,0.0
COMMON_378,target_id,CHEMBL230,conplex,nesso,6,9,0.1111111111111111,0.2222222222222222,0.5555555555555556,0.0,0.1111111111111111
COMMON_378,target_id,CHEMBL230,conplex,probematch,6,9,0.3333333333333333,0.0,0.4444444444444444,0.1111111111111111,0.1111111111111111
COMMON_378,target_id,CHEMBL230,conplex,dtbind,6,9,0.3333333333333333,0.0,0.3333333333333333,0.2222222222222222,0.1111111111111111
COMMON_378,target_id,CHEMBL230,conplex,nesso_pic50,6,9,0.3333333333333333,0.0,0.4444444444444444,0.1111111111111111,0.1111111111111111
COMMON_378,target_id,CHEMBL230,nesso,probematch,6,9,0.5555555555555556,0.1111111111111111,0.3333333333333333,0.0,0.0
COMMON_378,target_id,CHEMBL230,nesso,dtbind,6,9,0.4444444444444444,0.2222222222222222,0.3333333333333333,0.0,0.0
COMMON_378,target_id,CHEMBL230,nesso,nesso_pic50,6,9,0.5555555555555556,0.1111111111111111,0.3333333333333333,0.0,0.0
COMMON_378,target_id,CHEMBL230,probematch,dtbind,6,9,0.6666666666666666,0.2222222222222222,0.1111111111111111,0.0,0.0
COMMON_378,target_id,CHEMBL230,probematch,nesso_pic50,6,9,0.8888888888888888,0.0,0.0,0.1111111111111111,0.0
COMMON_378,target_id,CHEMBL230,dtbind,nesso_pic50,6,9,0.6666666666666666,0.1111111111111111,0.2222222222222222,0.0,0.0
COMMON_378,target_id,CHEMBL2326,biomaster,drugclip,2,1,1.0,0.0,0.0,0.0,0.0
COMMON_378,target_id,CHEMBL2326,biomaster,dtiam,2,1,1.0,0.0,0.0,0.0,0.0
COMMON_378,target_id,CHEMBL2326,biomaster,conplex,2,1,1.0,0.0,0.0,0.0,0.0
COMMON_378,target_id,CHEMBL2326,biomaster,nesso,2,1,0.0,1.0,0.0,0.0,0.0
COMMON_378,target_id,CHEMBL2326,biomaster,probematch,2,1,1.0,0.0,0.0,0.0,0.0
COMMON_378,target_id,CHEMBL2326,biomaster,dtbind,2,1,1.0,0.0,0.0,0.0,0.0
COMMON_378,target_id,CHEMBL2326,biomaster,nesso_pic50,2,1,1.0,0.0,0.0,0.0,0.0
COMMON_378,target_id,CHEMBL2326,drugclip,dtiam,2,1,1.0,0.0,0.0,0.0,0.0
COMMON_378,target_id,CHEMBL2326,drugclip,conplex,2,1,1.0,0.0,0.0,0.0,0.0
COMMON_378,target_id,CHEMBL2326,drugclip,nesso,2,1,0.0,1.0,0.0,0.0,0.0
COMMON_378,target_id,CHEMBL2326,drugclip,probematch,2,1,1.0,0.0,0.0,0.0,0.0
COMMON_378,target_id,CHEMBL2326,drugclip,dtbind,2,1,1.0,0.0,0.0,0.0,0.0
COMMON_378,target_id,CHEMBL2326,drugclip,nesso_pic50,2,1,1.0,0.0,0.0,0.0,0.0
COMMON_378,target_id,CHEMBL2326,dtiam,conplex,2,1,1.0,0.0,0.0,0.0,0.0
COMMON_378,target_id,CHEMBL2326,dtiam,nesso,2,1,0.0,1.0,0.0,0.0,0.0
COMMON_378,target_id,CHEMBL2326,dtiam,probematch,2,1,1.0,0.0,0.0,0.0,0.0
COMMON_378,target_id,CHEMBL2326,dtiam,dtbind,2,1,1.0,0.0,0.0,0.0,0.0
COMMON_378,target_id,CHEMBL2326,dtiam,nesso_pic50,2,1,1.0,0.0,0.0,0.0,0.0
COMMON_378,target_id,CHEMBL2326,conplex,nesso,2,1,0.0,1.0,0.0,0.0,0.0
COMMON_378,target_id,CHEMBL2326,conplex,probematch,2,1,1.0,0.0,0.0,0.0,0.0
COMMON_378,target_id,CHEMBL2326,conplex,dtbind,2,1,1.0,0.0,0.0,0.0,0.0
COMMON_378,target_id,CHEMBL2326,conplex,nesso_pic50,2,1,1.0,0.0,0.0,0.0,0.0
COMMON_378,target_id,CHEMBL2326,nesso,probematch,2,1,0.0,0.0,1.0,0.0,0.0
COMMON_378,target_id,CHEMBL2326,nesso,dtbind,2,1,0.0,0.0,1.0,0.0,0.0
COMMON_378,target_id,CHEMBL2326,nesso,nesso_pic50,2,1,0.0,0.0,1.0,0.0,0.0
COMMON_378,target_id,CHEMBL2326,probematch,dtbind,2,1,1.0,0.0,0.0,0.0,0.0
COMMON_378,target_id,CHEMBL2326,probematch,nesso_pic50,2,1,1.0,0.0,0.0,0.0,0.0
COMMON_378,target_id,CHEMBL2326,dtbind,nesso_pic50,2,1,1.0,0.0,0.0,0.0,0.0
COMMON_378,target_id,CHEMBL238,biomaster,drugclip,4,3,1.0,0.0,0.0,0.0,0.0
COMMON_378,target_id,CHEMBL238,biomaster,dtiam,4,3,0.0,1.0,0.0,0.0,0.0
COMMON_378,target_id,CHEMBL238,biomaster,conplex,4,3,0.0,1.0,0.0,0.0,0.0
COMMON_378,target_id,CHEMBL238,biomaster,nesso,4,3,0.3333333333333333,0.6666666666666666,0.0,0.0,0.0
COMMON_378,target_id,CHEMBL238,biomaster,probematch,4,3,0.0,1.0,0.0,0.0,0.0
COMMON_378,target_id,CHEMBL238,biomaster,dtbind,4,3,1.0,0.0,0.0,0.0,0.0
COMMON_378,target_id,CHEMBL238,biomaster,nesso_pic50,4,3,1.0,0.0,0.0,0.0,0.0
COMMON_378,target_id,CHEMBL238,drugclip,dtiam,4,3,0.0,1.0,0.0,0.0,0.0
COMMON_378,target_id,CHEMBL238,drugclip,conplex,4,3,0.0,1.0,0.0,0.0,0.0
COMMON_378,target_id,CHEMBL238,drugclip,nesso,4,3,0.3333333333333333,0.6666666666666666,0.0,0.0,0.0
COMMON_378,target_id,CHEMBL238,drugclip,probematch,4,3,0.0,1.0,0.0,0.0,0.0
COMMON_378,target_id,CHEMBL238,drugclip,dtbind,4,3,1.0,0.0,0.0,0.0,0.0
COMMON_378,target_id,CHEMBL238,drugclip,nesso_pic50,4,3,1.0,0.0,0.0,0.0,0.0
COMMON_378,target_id,CHEMBL238,dtiam,conplex,4,3,0.0,0.0,0.0,1.0,0.0
COMMON_378,target_id,CHEMBL238,dtiam,nesso,4,3,0.0,0.0,0.3333333333333333,0.6666666666666666,0.0
COMMON_378,target_id,CHEMBL238,dtiam,probematch,4,3,0.0,0.0,0.0,1.0,0.0
COMMON_378,target_id,CHEMBL238,dtiam,dtbind,4,3,0.0,0.0,1.0,0.0,0.0
COMMON_378,target_id,CHEMBL238,dtiam,nesso_pic50,4,3,0.0,0.0,1.0,0.0,0.0
COMMON_378,target_id,CHEMBL238,conplex,nesso,4,3,0.0,0.0,0.3333333333333333,0.6666666666666666,0.0
COMMON_378,target_id,CHEMBL238,conplex,probematch,4,3,0.0,0.0,0.0,1.0,0.0
COMMON_378,target_id,CHEMBL238,conplex,dtbind,4,3,0.0,0.0,1.0,0.0,0.0
COMMON_378,target_id,CHEMBL238,conplex,nesso_pic50,4,3,0.0,0.0,1.0,0.0,0.0
COMMON_378,target_id,CHEMBL238,nesso,probematch,4,3,0.0,0.3333333333333333,0.0,0.6666666666666666,0.0
COMMON_378,target_id,CHEMBL238,nesso,dtbind,4,3,0.3333333333333333,0.0,0.6666666666666666,0.0,0.0
COMMON_378,target_id,CHEMBL238,nesso,nesso_pic50,4,3,0.3333333333333333,0.0,0.6666666666666666,0.0,0.0
COMMON_378,target_id,CHEMBL238,probematch,dtbind,4,3,0.0,0.0,1.0,0.0,0.0
COMMON_378,target_id,CHEMBL238,probematch,nesso_pic50,4,3,0.0,0.0,1.0,0.0,0.0
COMMON_378,target_id,CHEMBL238,dtbind,nesso_pic50,4,3,1.0,0.0,0.0,0.0,0.0
COMMON_378,target_id,CHEMBL2527,biomaster,drugclip,13,22,0.18181818181818182,0.5909090909090909,0.09090909090909091,0.13636363636363635,0.0
COMMON_378,target_id,CHEMBL2527,biomaster,dtiam,13,22,0.6363636363636364,0.13636363636363635,0.045454545454545456,0.18181818181818182,0.0
COMMON_378,target_id,CHEMBL2527,biomaster,conplex,13,22,0.0,0.0,0.0,0.0,1.0
COMMON_378,target_id,CHEMBL2527,biomaster,nesso,13,22,0.7727272727272727,0.0,0.22727272727272727,0.0,0.0
COMMON_378,target_id,CHEMBL2527,biomaster,probematch,13,22,0.5909090909090909,0.18181818181818182,0.18181818181818182,0.045454545454545456,0.0
COMMON_378,target_id,CHEMBL2527,biomaster,dtbind,13,22,0.09090909090909091,0.6818181818181818,0.045454545454545456,0.18181818181818182,0.0
COMMON_378,target_id,CHEMBL2527,biomaster,nesso_pic50,13,22,0.5454545454545454,0.22727272727272727,0.13636363636363635,0.09090909090909091,0.0
COMMON_378,target_id,CHEMBL2527,drugclip,dtiam,13,22,0.18181818181818182,0.09090909090909091,0.5,0.22727272727272727,0.0
COMMON_378,target_id,CHEMBL2527,drugclip,conplex,13,22,0.0,0.0,0.0,0.0,1.0
COMMON_378,target_id,CHEMBL2527,drugclip,nesso,13,22,0.2727272727272727,0.0,0.7272727272727273,0.0,0.0
COMMON_378,target_id,CHEMBL2527,drugclip,probematch,13,22,0.18181818181818182,0.09090909090909091,0.5909090909090909,0.13636363636363635,0.0
COMMON_378,target_id,CHEMBL2527,drugclip,dtbind,13,22,0.09090909090909091,0.18181818181818182,0.045454545454545456,0.6818181818181818,0.0
COMMON_378,target_id,CHEMBL2527,drugclip,nesso_pic50,13,22,0.18181818181818182,0.09090909090909091,0.5,0.22727272727272727,0.0
COMMON_378,target_id,CHEMBL2527,dtiam,conplex,13,22,0.0,0.0,0.0,0.0,1.0
COMMON_378,target_id,CHEMBL2527,dtiam,nesso,13,22,0.6818181818181818,0.0,0.3181818181818182,0.0,0.0
COMMON_378,target_id,CHEMBL2527,dtiam,probematch,13,22,0.5,0.18181818181818182,0.2727272727272727,0.045454545454545456,0.0
COMMON_378,target_id,CHEMBL2527,dtiam,dtbind,13,22,0.09090909090909091,0.5909090909090909,0.045454545454545456,0.2727272727272727,0.0
COMMON_378,target_id,CHEMBL2527,dtiam,nesso_pic50,13,22,0.5,0.18181818181818182,0.18181818181818182,0.13636363636363635,0.0
COMMON_378,target_id,CHEMBL2527,conplex,nesso,13,22,0.0,0.0,0.0,0.0,1.0
COMMON_378,target_id,CHEMBL2527,conplex,probematch,13,22,0.0,0.0,0.0,0.0,1.0
COMMON_378,target_id,CHEMBL2527,conplex,dtbind,13,22,0.0,0.0,0.0,0.0,1.0
COMMON_378,target_id,CHEMBL2527,conplex,nesso_pic50,13,22,0.0,0.0,0.0,0.0,1.0
COMMON_378,target_id,CHEMBL2527,nesso,probematch,13,22,0.7727272727272727,0.22727272727272727,0.0,0.0,0.0
COMMON_378,target_id,CHEMBL2527,nesso,dtbind,13,22,0.13636363636363635,0.8636363636363636,0.0,0.0,0.0
COMMON_378,target_id,CHEMBL2527,nesso,nesso_pic50,13,22,0.6818181818181818,0.3181818181818182,0.0,0.0,0.0
COMMON_378,target_id,CHEMBL2527,probematch,dtbind,13,22,0.09090909090909091,0.6818181818181818,0.045454545454545456,0.18181818181818182,0.0
COMMON_378,target_id,CHEMBL2527,probematch,nesso_pic50,13,22,0.5454545454545454,0.22727272727272727,0.13636363636363635,0.09090909090909091,0.0
COMMON_378,target_id,CHEMBL2527,dtbind,nesso_pic50,13,22,0.09090909090909091,0.045454545454545456,0.5909090909090909,0.2727272727272727,0.0
COMMON_378,target_id,CHEMBL2534,biomaster,drugclip,13,12,0.5833333333333334,0.4166666666666667,0.0,0.0,0.0
COMMON_378,target_id,CHEMBL2534,biomaster,dtiam,13,12,1.0,0.0,0.0,0.0,0.0
COMMON_378,target_id,CHEMBL2534,biomaster,conplex,13,12,0.0,0.0,0.0,0.0,1.0
COMMON_378,target_id,CHEMBL2534,biomaster,nesso,13,12,1.0,0.0,0.0,0.0,0.0
COMMON_378,target_id,CHEMBL2534,biomaster,probematch,13,12,0.16666666666666666,0.8333333333333334,0.0,0.0,0.0
COMMON_378,target_id,CHEMBL2534,biomaster,dtbind,13,12,0.5,0.5,0.0,0.0,0.0
COMMON_378,target_id,CHEMBL2534,biomaster,nesso_pic50,13,12,1.0,0.0,0.0,0.0,0.0
COMMON_378,target_id,CHEMBL2534,drugclip,dtiam,13,12,0.5833333333333334,0.0,0.4166666666666667,0.0,0.0
COMMON_378,target_id,CHEMBL2534,drugclip,conplex,13,12,0.0,0.0,0.0,0.0,1.0
COMMON_378,target_id,CHEMBL2534,drugclip,nesso,13,12,0.5833333333333334,0.0,0.4166666666666667,0.0,0.0
COMMON_378,target_id,CHEMBL2534,drugclip,probematch,13,12,0.16666666666666666,0.4166666666666667,0.0,0.4166666666666667,0.0
COMMON_378,target_id,CHEMBL2534,drugclip,dtbind,13,12,0.25,0.3333333333333333,0.25,0.16666666666666666,0.0
COMMON_378,target_id,CHEMBL2534,drugclip,nesso_pic50,13,12,0.5833333333333334,0.0,0.4166666666666667,0.0,0.0
COMMON_378,target_id,CHEMBL2534,dtiam,conplex,13,12,0.0,0.0,0.0,0.0,1.0
COMMON_378,target_id,CHEMBL2534,dtiam,nesso,13,12,1.0,0.0,0.0,0.0,0.0
COMMON_378,target_id,CHEMBL2534,dtiam,probematch,13,12,0.16666666666666666,0.8333333333333334,0.0,0.0,0.0
COMMON_378,target_id,CHEMBL2534,dtiam,dtbind,13,12,0.5,0.5,0.0,0.0,0.0
COMMON_378,target_id,CHEMBL2534,dtiam,nesso_pic50,13,12,1.0,0.0,0.0,0.0,0.0
COMMON_378,target_id,CHEMBL2534,conplex,nesso,13,12,0.0,0.0,0.0,0.0,1.0
COMMON_378,target_id,CHEMBL2534,conplex,probematch,13,12,0.0,0.0,0.0,0.0,1.0
COMMON_378,target_id,CHEMBL2534,conplex,dtbind,13,12,0.0,0.0,0.0,0.0,1.0
COMMON_378,target_id,CHEMBL2534,conplex,nesso_pic50,13,12,0.0,0.0,0.0,0.0,1.0
COMMON_378,target_id,CHEMBL2534,nesso,probematch,13,12,0.16666666666666666,0.8333333333333334,0.0,0.0,0.0
COMMON_378,target_id,CHEMBL2534,nesso,dtbind,13,12,0.5,0.5,0.0,0.0,0.0
COMMON_378,target_id,CHEMBL2534,nesso,nesso_pic50,13,12,1.0,0.0,0.0,0.0,0.0
COMMON_378,target_id,CHEMBL2534,probematch,dtbind,13,12,0.0,0.16666666666666666,0.5,0.3333333333333333,0.0
COMMON_378,target_id,CHEMBL2534,probematch,nesso_pic50,13,12,0.16666666666666666,0.0,0.8333333333333334,0.0,0.0
COMMON_378,target_id,CHEMBL2534,dtbind,nesso_pic50,13,12,0.5,0.0,0.5,0.0,0.0
COMMON_378,target_id,CHEMBL267,biomaster,drugclip,2,1,0.0,1.0,0.0,0.0,0.0
COMMON_378,target_id,CHEMBL267,biomaster,dtiam,2,1,1.0,0.0,0.0,0.0,0.0
COMMON_378,target_id,CHEMBL267,biomaster,conplex,2,1,1.0,0.0,0.0,0.0,0.0
COMMON_378,target_id,CHEMBL267,biomaster,nesso,2,1,1.0,0.0,0.0,0.0,0.0
COMMON_378,target_id,CHEMBL267,biomaster,probematch,2,1,1.0,0.0,0.0,0.0,0.0
COMMON_378,target_id,CHEMBL267,biomaster,dtbind,2,1,1.0,0.0,0.0,0.0,0.0
COMMON_378,target_id,CHEMBL267,biomaster,nesso_pic50,2,1,1.0,0.0,0.0,0.0,0.0
COMMON_378,target_id,CHEMBL267,drugclip,dtiam,2,1,0.0,0.0,1.0,0.0,0.0
COMMON_378,target_id,CHEMBL267,drugclip,conplex,2,1,0.0,0.0,1.0,0.0,0.0
COMMON_378,target_id,CHEMBL267,drugclip,nesso,2,1,0.0,0.0,1.0,0.0,0.0
COMMON_378,target_id,CHEMBL267,drugclip,probematch,2,1,0.0,0.0,1.0,0.0,0.0
COMMON_378,target_id,CHEMBL267,drugclip,dtbind,2,1,0.0,0.0,1.0,0.0,0.0
COMMON_378,target_id,CHEMBL267,drugclip,nesso_pic50,2,1,0.0,0.0,1.0,0.0,0.0
COMMON_378,target_id,CHEMBL267,dtiam,conplex,2,1,1.0,0.0,0.0,0.0,0.0
COMMON_378,target_id,CHEMBL267,dtiam,nesso,2,1,1.0,0.0,0.0,0.0,0.0
COMMON_378,target_id,CHEMBL267,dtiam,probematch,2,1,1.0,0.0,0.0,0.0,0.0
COMMON_378,target_id,CHEMBL267,dtiam,dtbind,2,1,1.0,0.0,0.0,0.0,0.0
COMMON_378,target_id,CHEMBL267,dtiam,nesso_pic50,2,1,1.0,0.0,0.0,0.0,0.0
COMMON_378,target_id,CHEMBL267,conplex,nesso,2,1,1.0,0.0,0.0,0.0,0.0
COMMON_378,target_id,CHEMBL267,conplex,probematch,2,1,1.0,0.0,0.0,0.0,0.0
COMMON_378,target_id,CHEMBL267,conplex,dtbind,2,1,1.0,0.0,0.0,0.0,0.0
COMMON_378,target_id,CHEMBL267,conplex,nesso_pic50,2,1,1.0,0.0,0.0,0.0,0.0
COMMON_378,target_id,CHEMBL267,nesso,probematch,2,1,1.0,0.0,0.0,0.0,0.0
COMMON_378,target_id,CHEMBL267,nesso,dtbind,2,1,1.0,0.0,0.0,0.0,0.0
COMMON_378,target_id,CHEMBL267,nesso,nesso_pic50,2,1,1.0,0.0,0.0,0.0,0.0
COMMON_378,target_id,CHEMBL267,probematch,dtbind,2,1,1.0,0.0,0.0,0.0,0.0
COMMON_378,target_id,CHEMBL267,probematch,nesso_pic50,2,1,1.0,0.0,0.0,0.0,0.0
COMMON_378,target_id,CHEMBL267,dtbind,nesso_pic50,2,1,1.0,0.0,0.0,0.0,0.0
COMMON_378,target_id,CHEMBL2742,biomaster,drugclip,8,15,0.4,0.2,0.26666666666666666,0.13333333333333333,0.0
COMMON_378,target_id,CHEMBL2742,biomaster,dtiam,8,15,0.6,0.0,0.06666666666666667,0.3333333333333333,0.0
COMMON_378,target_id,CHEMBL2742,biomaster,conplex,8,15,0.0,0.26666666666666666,0.0,0.3333333333333333,0.4
COMMON_378,target_id,CHEMBL2742,biomaster,nesso,8,15,0.4666666666666667,0.13333333333333333,0.2,0.2,0.0
COMMON_378,target_id,CHEMBL2742,biomaster,probematch,8,15,0.13333333333333333,0.4666666666666667,0.06666666666666667,0.3333333333333333,0.0
COMMON_378,target_id,CHEMBL2742,biomaster,dtbind,8,15,0.26666666666666666,0.3333333333333333,0.06666666666666667,0.3333333333333333,0.0
COMMON_378,target_id,CHEMBL2742,biomaster,nesso_pic50,8,15,0.6,0.0,0.13333333333333333,0.26666666666666666,0.0
COMMON_378,target_id,CHEMBL2742,drugclip,dtiam,8,15,0.4666666666666667,0.2,0.2,0.13333333333333333,0.0
COMMON_378,target_id,CHEMBL2742,drugclip,conplex,8,15,0.0,0.4,0.0,0.2,0.4
COMMON_378,target_id,CHEMBL2742,drugclip,nesso,8,15,0.4,0.26666666666666666,0.26666666666666666,0.06666666666666667,0.0
COMMON_378,target_id,CHEMBL2742,drugclip,probematch,8,15,0.2,0.4666666666666667,0.0,0.3333333333333333,0.0
COMMON_378,target_id,CHEMBL2742,drugclip,dtbind,8,15,0.06666666666666667,0.6,0.26666666666666666,0.06666666666666667,0.0
COMMON_378,target_id,CHEMBL2742,drugclip,nesso_pic50,8,15,0.5333333333333333,0.13333333333333333,0.2,0.13333333333333333,0.0
COMMON_378,target_id,CHEMBL2742,dtiam,conplex,8,15,0.0,0.26666666666666666,0.0,0.3333333333333333,0.4
COMMON_378,target_id,CHEMBL2742,dtiam,nesso,8,15,0.5333333333333333,0.13333333333333333,0.13333333333333333,0.2,0.0
COMMON_378,target_id,CHEMBL2742,dtiam,probematch,8,15,0.13333333333333333,0.5333333333333333,0.06666666666666667,0.26666666666666666,0.0
COMMON_378,target_id,CHEMBL2742,dtiam,dtbind,8,15,0.26666666666666666,0.4,0.06666666666666667,0.26666666666666666,0.0
COMMON_378,target_id,CHEMBL2742,dtiam,nesso_pic50,8,15,0.6666666666666666,0.0,0.06666666666666667,0.26666666666666666,0.0
COMMON_378,target_id,CHEMBL2742,conplex,nesso,8,15,0.0,0.0,0.26666666666666666,0.3333333333333333,0.4
COMMON_378,target_id,CHEMBL2742,conplex,probematch,8,15,0.0,0.0,0.13333333333333333,0.4666666666666667,0.4
COMMON_378,target_id,CHEMBL2742,conplex,dtbind,8,15,0.0,0.0,0.13333333333333333,0.4666666666666667,0.4
COMMON_378,target_id,CHEMBL2742,conplex,nesso_pic50,8,15,0.0,0.0,0.3333333333333333,0.26666666666666666,0.4
COMMON_378,target_id,CHEMBL2742,nesso,probematch,8,15,0.13333333333333333,0.5333333333333333,0.06666666666666667,0.26666666666666666,0.0
COMMON_378,target_id,CHEMBL2742,nesso,dtbind,8,15,0.26666666666666666,0.4,0.06666666666666667,0.26666666666666666,0.0
COMMON_378,target_id,CHEMBL2742,nesso,nesso_pic50,8,15,0.6,0.06666666666666667,0.13333333333333333,0.2,0.0
COMMON_378,target_id,CHEMBL2742,probematch,dtbind,8,15,0.0,0.2,0.3333333333333333,0.4666666666666667,0.0
COMMON_378,target_id,CHEMBL2742,probematch,nesso_pic50,8,15,0.2,0.0,0.5333333333333333,0.26666666666666666,0.0
COMMON_378,target_id,CHEMBL2742,dtbind,nesso_pic50,8,15,0.26666666666666666,0.06666666666666667,0.4666666666666667,0.2,0.0
COMMON_378,target_id,CHEMBL279,biomaster,drugclip,7,10,0.8,0.2,0.0,0.0,0.0
COMMON_378,target_id,CHEMBL279,biomaster,dtiam,7,10,0.7,0.3,0.0,0.0,0.0
COMMON_378,target_id,CHEMBL279,biomaster,conplex,7,10,1.0,0.0,0.0,0.0,0.0
COMMON_378,target_id,CHEMBL279,biomaster,nesso,7,10,0.9,0.1,0.0,0.0,0.0
COMMON_378,target_id,CHEMBL279,biomaster,probematch,7,10,0.2,0.8,0.0,0.0,0.0
COMMON_378,target_id,CHEMBL279,biomaster,dtbind,7,10,0.1,0.9,0.0,0.0,0.0
COMMON_378,target_id,CHEMBL279,biomaster,nesso_pic50,7,10,1.0,0.0,0.0,0.0,0.0
COMMON_378,target_id,CHEMBL279,drugclip,dtiam,7,10,0.5,0.3,0.2,0.0,0.0
COMMON_378,target_id,CHEMBL279,drugclip,conplex,7,10,0.8,0.0,0.2,0.0,0.0
COMMON_378,target_id,CHEMBL279,drugclip,nesso,7,10,0.7,0.1,0.2,0.0,0.0
COMMON_378,target_id,CHEMBL279,drugclip,probematch,7,10,0.2,0.6,0.0,0.2,0.0
COMMON_378,target_id,CHEMBL279,drugclip,dtbind,7,10,0.0,0.8,0.1,0.1,0.0
COMMON_378,target_id,CHEMBL279,drugclip,nesso_pic50,7,10,0.8,0.0,0.2,0.0,0.0
COMMON_378,target_id,CHEMBL279,dtiam,conplex,7,10,0.7,0.0,0.3,0.0,0.0
COMMON_378,target_id,CHEMBL279,dtiam,nesso,7,10,0.7,0.0,0.2,0.1,0.0
COMMON_378,target_id,CHEMBL279,dtiam,probematch,7,10,0.1,0.6,0.1,0.2,0.0
COMMON_378,target_id,CHEMBL279,dtiam,dtbind,7,10,0.1,0.6,0.0,0.3,0.0
COMMON_378,target_id,CHEMBL279,dtiam,nesso_pic50,7,10,0.7,0.0,0.3,0.0,0.0
COMMON_378,target_id,CHEMBL279,conplex,nesso,7,10,0.9,0.1,0.0,0.0,0.0
COMMON_378,target_id,CHEMBL279,conplex,probematch,7,10,0.2,0.8,0.0,0.0,0.0
COMMON_378,target_id,CHEMBL279,conplex,dtbind,7,10,0.1,0.9,0.0,0.0,0.0
COMMON_378,target_id,CHEMBL279,conplex,nesso_pic50,7,10,1.0,0.0,0.0,0.0,0.0
COMMON_378,target_id,CHEMBL279,nesso,probematch,7,10,0.1,0.8,0.1,0.0,0.0
COMMON_378,target_id,CHEMBL279,nesso,dtbind,7,10,0.1,0.8,0.0,0.1,0.0
COMMON_378,target_id,CHEMBL279,nesso,nesso_pic50,7,10,0.9,0.0,0.1,0.0,0.0
COMMON_378,target_id,CHEMBL279,probematch,dtbind,7,10,0.0,0.2,0.1,0.7,0.0
COMMON_378,target_id,CHEMBL279,probematch,nesso_pic50,7,10,0.2,0.0,0.8,0.0,0.0
COMMON_378,target_id,CHEMBL279,dtbind,nesso_pic50,7,10,0.1,0.0,0.9,0.0,0.0
COMMON_378,target_id,CHEMBL2815,biomaster,drugclip,3,2,0.0,0.0,1.0,0.0,0.0
COMMON_378,target_id,CHEMBL2815,biomaster,dtiam,3,2,0.0,0.0,0.5,0.5,0.0
COMMON_378,target_id,CHEMBL2815,biomaster,conplex,3,2,0.0,0.0,0.0,0.0,1.0
COMMON_378,target_id,CHEMBL2815,biomaster,nesso,3,2,0.0,0.0,0.0,1.0,0.0
COMMON_378,target_id,CHEMBL2815,biomaster,probematch,3,2,0.0,0.0,1.0,0.0,0.0
COMMON_378,target_id,CHEMBL2815,biomaster,dtbind,3,2,0.0,0.0,0.0,1.0,0.0
COMMON_378,target_id,CHEMBL2815,biomaster,nesso_pic50,3,2,0.0,0.0,1.0,0.0,0.0
COMMON_378,target_id,CHEMBL2815,drugclip,dtiam,3,2,0.5,0.5,0.0,0.0,0.0
COMMON_378,target_id,CHEMBL2815,drugclip,conplex,3,2,0.0,0.0,0.0,0.0,1.0
COMMON_378,target_id,CHEMBL2815,drugclip,nesso,3,2,0.0,1.0,0.0,0.0,0.0
COMMON_378,target_id,CHEMBL2815,drugclip,probematch,3,2,1.0,0.0,0.0,0.0,0.0
COMMON_378,target_id,CHEMBL2815,drugclip,dtbind,3,2,0.0,1.0,0.0,0.0,0.0
COMMON_378,target_id,CHEMBL2815,drugclip,nesso_pic50,3,2,1.0,0.0,0.0,0.0,0.0
COMMON_378,target_id,CHEMBL2815,dtiam,conplex,3,2,0.0,0.0,0.0,0.0,1.0
COMMON_378,target_id,CHEMBL2815,dtiam,nesso,3,2,0.0,0.5,0.0,0.5,0.0
COMMON_378,target_id,CHEMBL2815,dtiam,probematch,3,2,0.5,0.0,0.5,0.0,0.0
COMMON_378,target_id,CHEMBL2815,dtiam,dtbind,3,2,0.0,0.5,0.0,0.5,0.0
COMMON_378,target_id,CHEMBL2815,dtiam,nesso_pic50,3,2,0.5,0.0,0.5,0.0,0.0
COMMON_378,target_id,CHEMBL2815,conplex,nesso,3,2,0.0,0.0,0.0,0.0,1.0
COMMON_378,target_id,CHEMBL2815,conplex,probematch,3,2,0.0,0.0,0.0,0.0,1.0
COMMON_378,target_id,CHEMBL2815,conplex,dtbind,3,2,0.0,0.0,0.0,0.0,1.0
COMMON_378,target_id,CHEMBL2815,conplex,nesso_pic50,3,2,0.0,0.0,0.0,0.0,1.0
COMMON_378,target_id,CHEMBL2815,nesso,probematch,3,2,0.0,0.0,1.0,0.0,0.0
COMMON_378,target_id,CHEMBL2815,nesso,dtbind,3,2,0.0,0.0,0.0,1.0,0.0
COMMON_378,target_id,CHEMBL2815,nesso,nesso_pic50,3,2,0.0,0.0,1.0,0.0,0.0
COMMON_378,target_id,CHEMBL2815,probematch,dtbind,3,2,0.0,1.0,0.0,0.0,0.0
COMMON_378,target_id,CHEMBL2815,probematch,nesso_pic50,3,2,1.0,0.0,0.0,0.0,0.0
COMMON_378,target_id,CHEMBL2815,dtbind,nesso_pic50,3,2,0.0,0.0,1.0,0.0,0.0
COMMON_378,target_id,CHEMBL2872,biomaster,drugclip,10,9,0.8888888888888888,0.0,0.1111111111111111,0.0,0.0
COMMON_378,target_id,CHEMBL2872,biomaster,dtiam,10,9,0.7777777777777778,0.1111111111111111,0.1111111111111111,0.0,0.0
COMMON_378,target_id,CHEMBL2872,biomaster,conplex,10,9,0.0,0.3333333333333333,0.0,0.1111111111111111,0.5555555555555556
COMMON_378,target_id,CHEMBL2872,biomaster,nesso,10,9,0.8888888888888888,0.0,0.1111111111111111,0.0,0.0
COMMON_378,target_id,CHEMBL2872,biomaster,probematch,10,9,0.5555555555555556,0.3333333333333333,0.1111111111111111,0.0,0.0
COMMON_378,target_id,CHEMBL2872,biomaster,dtbind,10,9,0.0,0.8888888888888888,0.0,0.1111111111111111,0.0
COMMON_378,target_id,CHEMBL2872,biomaster,nesso_pic50,10,9,0.8888888888888888,0.0,0.1111111111111111,0.0,0.0
COMMON_378,target_id,CHEMBL2872,drugclip,dtiam,10,9,0.8888888888888888,0.1111111111111111,0.0,0.0,0.0
COMMON_378,target_id,CHEMBL2872,drugclip,conplex,10,9,0.0,0.4444444444444444,0.0,0.0,0.5555555555555556
COMMON_378,target_id,CHEMBL2872,drugclip,nesso,10,9,1.0,0.0,0.0,0.0,0.0
COMMON_378,target_id,CHEMBL2872,drugclip,probematch,10,9,0.6666666666666666,0.3333333333333333,0.0,0.0,0.0
COMMON_378,target_id,CHEMBL2872,drugclip,dtbind,10,9,0.0,1.0,0.0,0.0,0.0
COMMON_378,target_id,CHEMBL2872,drugclip,nesso_pic50,10,9,1.0,0.0,0.0,0.0,0.0
COMMON_378,target_id,CHEMBL2872,dtiam,conplex,10,9,0.0,0.3333333333333333,0.0,0.1111111111111111,0.5555555555555556
COMMON_378,target_id,CHEMBL2872,dtiam,nesso,10,9,0.8888888888888888,0.0,0.1111111111111111,0.0,0.0
COMMON_378,target_id,CHEMBL2872,dtiam,probematch,10,9,0.5555555555555556,0.3333333333333333,0.1111111111111111,0.0,0.0
COMMON_378,target_id,CHEMBL2872,dtiam,dtbind,10,9,0.0,0.8888888888888888,0.0,0.1111111111111111,0.0
COMMON_378,target_id,CHEMBL2872,dtiam,nesso_pic50,10,9,0.8888888888888888,0.0,0.1111111111111111,0.0,0.0
COMMON_378,target_id,CHEMBL2872,conplex,nesso,10,9,0.0,0.0,0.4444444444444444,0.0,0.5555555555555556
COMMON_378,target_id,CHEMBL2872,conplex,probematch,10,9,0.0,0.0,0.3333333333333333,0.1111111111111111,0.5555555555555556
COMMON_378,target_id,CHEMBL2872,conplex,dtbind,10,9,0.0,0.0,0.0,0.4444444444444444,0.5555555555555556
COMMON_378,target_id,CHEMBL2872,conplex,nesso_pic50,10,9,0.0,0.0,0.4444444444444444,0.0,0.5555555555555556
COMMON_378,target_id,CHEMBL2872,nesso,probematch,10,9,0.6666666666666666,0.3333333333333333,0.0,0.0,0.0
COMMON_378,target_id,CHEMBL2872,nesso,dtbind,10,9,0.0,1.0,0.0,0.0,0.0
COMMON_378,target_id,CHEMBL2872,nesso,nesso_pic50,10,9,1.0,0.0,0.0,0.0,0.0
COMMON_378,target_id,CHEMBL2872,probematch,dtbind,10,9,0.0,0.6666666666666666,0.0,0.3333333333333333,0.0
COMMON_378,target_id,CHEMBL2872,probematch,nesso_pic50,10,9,0.6666666666666666,0.0,0.3333333333333333,0.0,0.0
COMMON_378,target_id,CHEMBL2872,dtbind,nesso_pic50,10,9,0.0,0.0,1.0,0.0,0.0
COMMON_378,target_id,CHEMBL2959,biomaster,drugclip,11,18,0.8333333333333334,0.0,0.16666666666666666,0.0,0.0
COMMON_378,target_id,CHEMBL2959,biomaster,dtiam,11,18,0.7222222222222222,0.1111111111111111,0.05555555555555555,0.1111111111111111,0.0
COMMON_378,target_id,CHEMBL2959,biomaster,conplex,11,18,0.0,0.3333333333333333,0.0,0.1111111111111111,0.5555555555555556
COMMON_378,target_id,CHEMBL2959,biomaster,nesso,11,18,0.8333333333333334,0.0,0.05555555555555555,0.1111111111111111,0.0
COMMON_378,target_id,CHEMBL2959,biomaster,probematch,11,18,0.5,0.3333333333333333,0.16666666666666666,0.0,0.0
COMMON_378,target_id,CHEMBL2959,biomaster,dtbind,11,18,0.3888888888888889,0.4444444444444444,0.1111111111111111,0.05555555555555555,0.0
COMMON_378,target_id,CHEMBL2959,biomaster,nesso_pic50,11,18,0.7777777777777778,0.05555555555555555,0.05555555555555555,0.1111111111111111,0.0
COMMON_378,target_id,CHEMBL2959,drugclip,dtiam,11,18,0.7777777777777778,0.2222222222222222,0.0,0.0,0.0
COMMON_378,target_id,CHEMBL2959,drugclip,conplex,11,18,0.0,0.4444444444444444,0.0,0.0,0.5555555555555556
COMMON_378,target_id,CHEMBL2959,drugclip,nesso,11,18,0.8888888888888888,0.1111111111111111,0.0,0.0,0.0
COMMON_378,target_id,CHEMBL2959,drugclip,probematch,11,18,0.6666666666666666,0.3333333333333333,0.0,0.0,0.0
COMMON_378,target_id,CHEMBL2959,drugclip,dtbind,11,18,0.5,0.5,0.0,0.0,0.0
COMMON_378,target_id,CHEMBL2959,drugclip,nesso_pic50,11,18,0.8333333333333334,0.16666666666666666,0.0,0.0,0.0
COMMON_378,target_id,CHEMBL2959,dtiam,conplex,11,18,0.0,0.2222222222222222,0.0,0.2222222222222222,0.5555555555555556
COMMON_378,target_id,CHEMBL2959,dtiam,nesso,11,18,0.7777777777777778,0.0,0.1111111111111111,0.1111111111111111,0.0
COMMON_378,target_id,CHEMBL2959,dtiam,probematch,11,18,0.4444444444444444,0.3333333333333333,0.2222222222222222,0.0,0.0
COMMON_378,target_id,CHEMBL2959,dtiam,dtbind,11,18,0.3888888888888889,0.3888888888888889,0.1111111111111111,0.1111111111111111,0.0
COMMON_378,target_id,CHEMBL2959,dtiam,nesso_pic50,11,18,0.7222222222222222,0.05555555555555555,0.1111111111111111,0.1111111111111111,0.0
COMMON_378,target_id,CHEMBL2959,conplex,nesso,11,18,0.0,0.0,0.3333333333333333,0.1111111111111111,0.5555555555555556
COMMON_378,target_id,CHEMBL2959,conplex,probematch,11,18,0.0,0.0,0.3333333333333333,0.1111111111111111,0.5555555555555556
COMMON_378,target_id,CHEMBL2959,conplex,dtbind,11,18,0.0,0.0,0.2222222222222222,0.2222222222222222,0.5555555555555556
COMMON_378,target_id,CHEMBL2959,conplex,nesso_pic50,11,18,0.0,0.0,0.3333333333333333,0.1111111111111111,0.5555555555555556
COMMON_378,target_id,CHEMBL2959,nesso,probematch,11,18,0.5555555555555556,0.3333333333333333,0.1111111111111111,0.0,0.0
COMMON_378,target_id,CHEMBL2959,nesso,dtbind,11,18,0.4444444444444444,0.4444444444444444,0.05555555555555555,0.05555555555555555,0.0
COMMON_378,target_id,CHEMBL2959,nesso,nesso_pic50,11,18,0.8333333333333334,0.05555555555555555,0.0,0.1111111111111111,0.0
COMMON_378,target_id,CHEMBL2959,probematch,dtbind,11,18,0.3888888888888889,0.2777777777777778,0.1111111111111111,0.2222222222222222,0.0
COMMON_378,target_id,CHEMBL2959,probematch,nesso_pic50,11,18,0.5,0.16666666666666666,0.3333333333333333,0.0,0.0
COMMON_378,target_id,CHEMBL2959,dtbind,nesso_pic50,11,18,0.4444444444444444,0.05555555555555555,0.3888888888888889,0.1111111111111111,0.0
COMMON_378,target_id,CHEMBL2971,biomaster,drugclip,4,3,1.0,0.0,0.0,0.0,0.0
COMMON_378,target_id,CHEMBL2971,biomaster,dtiam,4,3,1.0,0.0,0.0,0.0,0.0
COMMON_378,target_id,CHEMBL2971,biomaster,conplex,4,3,0.0,1.0,0.0,0.0,0.0
COMMON_378,target_id,CHEMBL2971,biomaster,nesso,4,3,1.0,0.0,0.0,0.0,0.0
COMMON_378,target_id,CHEMBL2971,biomaster,probematch,4,3,1.0,0.0,0.0,0.0,0.0
COMMON_378,target_id,CHEMBL2971,biomaster,dtbind,4,3,0.6666666666666666,0.3333333333333333,0.0,0.0,0.0
COMMON_378,target_id,CHEMBL2971,biomaster,nesso_pic50,4,3,1.0,0.0,0.0,0.0,0.0
COMMON_378,target_id,CHEMBL2971,drugclip,dtiam,4,3,1.0,0.0,0.0,0.0,0.0
COMMON_378,target_id,CHEMBL2971,drugclip,conplex,4,3,0.0,1.0,0.0,0.0,0.0
COMMON_378,target_id,CHEMBL2971,drugclip,nesso,4,3,1.0,0.0,0.0,0.0,0.0
COMMON_378,target_id,CHEMBL2971,drugclip,probematch,4,3,1.0,0.0,0.0,0.0,0.0
COMMON_378,target_id,CHEMBL2971,drugclip,dtbind,4,3,0.6666666666666666,0.3333333333333333,0.0,0.0,0.0
COMMON_378,target_id,CHEMBL2971,drugclip,nesso_pic50,4,3,1.0,0.0,0.0,0.0,0.0
COMMON_378,target_id,CHEMBL2971,dtiam,conplex,4,3,0.0,1.0,0.0,0.0,0.0
COMMON_378,target_id,CHEMBL2971,dtiam,nesso,4,3,1.0,0.0,0.0,0.0,0.0
COMMON_378,target_id,CHEMBL2971,dtiam,probematch,4,3,1.0,0.0,0.0,0.0,0.0
COMMON_378,target_id,CHEMBL2971,dtiam,dtbind,4,3,0.6666666666666666,0.3333333333333333,0.0,0.0,0.0
COMMON_378,target_id,CHEMBL2971,dtiam,nesso_pic50,4,3,1.0,0.0,0.0,0.0,0.0
COMMON_378,target_id,CHEMBL2971,conplex,nesso,4,3,0.0,0.0,1.0,0.0,0.0
COMMON_378,target_id,CHEMBL2971,conplex,probematch,4,3,0.0,0.0,1.0,0.0,0.0
COMMON_378,target_id,CHEMBL2971,conplex,dtbind,4,3,0.0,0.0,0.6666666666666666,0.3333333333333333,0.0
COMMON_378,target_id,CHEMBL2971,conplex,nesso_pic50,4,3,0.0,0.0,1.0,0.0,0.0
COMMON_378,target_id,CHEMBL2971,nesso,probematch,4,3,1.0,0.0,0.0,0.0,0.0
COMMON_378,target_id,CHEMBL2971,nesso,dtbind,4,3,0.6666666666666666,0.3333333333333333,0.0,0.0,0.0
COMMON_378,target_id,CHEMBL2971,nesso,nesso_pic50,4,3,1.0,0.0,0.0,0.0,0.0
COMMON_378,target_id,CHEMBL2971,probematch,dtbind,4,3,0.6666666666666666,0.3333333333333333,0.0,0.0,0.0
COMMON_378,target_id,CHEMBL2971,probematch,nesso_pic50,4,3,1.0,0.0,0.0,0.0,0.0
COMMON_378,target_id,CHEMBL2971,dtbind,nesso_pic50,4,3,0.6666666666666666,0.0,0.3333333333333333,0.0,0.0
COMMON_378,target_id,CHEMBL3009,biomaster,drugclip,10,24,0.08333333333333333,0.7083333333333334,0.125,0.08333333333333333,0.0
COMMON_378,target_id,CHEMBL3009,biomaster,dtiam,10,24,0.7083333333333334,0.08333333333333333,0.20833333333333334,0.0,0.0
COMMON_378,target_id,CHEMBL3009,biomaster,conplex,10,24,0.5416666666666666,0.25,0.125,0.08333333333333333,0.0
COMMON_378,target_id,CHEMBL3009,biomaster,nesso,10,24,0.7916666666666666,0.0,0.20833333333333334,0.0,0.0
COMMON_378,target_id,CHEMBL3009,biomaster,probematch,10,24,0.375,0.4166666666666667,0.20833333333333334,0.0,0.0
COMMON_378,target_id,CHEMBL3009,biomaster,dtbind,10,24,0.5,0.2916666666666667,0.041666666666666664,0.16666666666666666,0.0
COMMON_378,target_id,CHEMBL3009,biomaster,nesso_pic50,10,24,0.7916666666666666,0.0,0.16666666666666666,0.041666666666666664,0.0
COMMON_378,target_id,CHEMBL3009,drugclip,dtiam,10,24,0.20833333333333334,0.0,0.7083333333333334,0.08333333333333333,0.0
COMMON_378,target_id,CHEMBL3009,drugclip,conplex,10,24,0.125,0.08333333333333333,0.5416666666666666,0.25,0.0
COMMON_378,target_id,CHEMBL3009,drugclip,nesso,10,24,0.20833333333333334,0.0,0.7916666666666666,0.0,0.0
COMMON_378,target_id,CHEMBL3009,drugclip,probematch,10,24,0.16666666666666666,0.041666666666666664,0.4166666666666667,0.375,0.0
COMMON_378,target_id,CHEMBL3009,drugclip,dtbind,10,24,0.0,0.20833333333333334,0.5416666666666666,0.25,0.0
COMMON_378,target_id,CHEMBL3009,drugclip,nesso_pic50,10,24,0.16666666666666666,0.041666666666666664,0.7916666666666666,0.0,0.0
COMMON_378,target_id,CHEMBL3009,dtiam,conplex,10,24,0.625,0.2916666666666667,0.041666666666666664,0.041666666666666664,0.0
COMMON_378,target_id,CHEMBL3009,dtiam,nesso,10,24,0.9166666666666666,0.0,0.08333333333333333,0.0,0.0
COMMON_378,target_id,CHEMBL3009,dtiam,probematch,10,24,0.5,0.4166666666666667,0.08333333333333333,0.0,0.0
COMMON_378,target_id,CHEMBL3009,dtiam,dtbind,10,24,0.5416666666666666,0.375,0.0,0.08333333333333333,0.0
COMMON_378,target_id,CHEMBL3009,dtiam,nesso_pic50,10,24,0.875,0.041666666666666664,0.08333333333333333,0.0,0.0
COMMON_378,target_id,CHEMBL3009,conplex,nesso,10,24,0.6666666666666666,0.0,0.3333333333333333,0.0,0.0
COMMON_378,target_id,CHEMBL3009,conplex,probematch,10,24,0.3333333333333333,0.3333333333333333,0.25,0.08333333333333333,0.0
COMMON_378,target_id,CHEMBL3009,conplex,dtbind,10,24,0.3333333333333333,0.3333333333333333,0.20833333333333334,0.125,0.0
COMMON_378,target_id,CHEMBL3009,conplex,nesso_pic50,10,24,0.6666666666666666,0.0,0.2916666666666667,0.041666666666666664,0.0
COMMON_378,target_id,CHEMBL3009,nesso,probematch,10,24,0.5833333333333334,0.4166666666666667,0.0,0.0,0.0
COMMON_378,target_id,CHEMBL3009,nesso,dtbind,10,24,0.5416666666666666,0.4583333333333333,0.0,0.0,0.0
COMMON_378,target_id,CHEMBL3009,nesso,nesso_pic50,10,24,0.9583333333333334,0.041666666666666664,0.0,0.0,0.0
COMMON_378,target_id,CHEMBL3009,probematch,dtbind,10,24,0.20833333333333334,0.375,0.3333333333333333,0.08333333333333333,0.0
COMMON_378,target_id,CHEMBL3009,probematch,nesso_pic50,10,24,0.5416666666666666,0.041666666666666664,0.4166666666666667,0.0,0.0
COMMON_378,target_id,CHEMBL3009,dtbind,nesso_pic50,10,24,0.5416666666666666,0.0,0.4166666666666667,0.041666666666666664,0.0
COMMON_378,target_id,CHEMBL3242,biomaster,drugclip,4,4,0.75,0.25,0.0,0.0,0.0
COMMON_378,target_id,CHEMBL3242,biomaster,dtiam,4,4,1.0,0.0,0.0,0.0,0.0
COMMON_378,target_id,CHEMBL3242,biomaster,conplex,4,4,1.0,0.0,0.0,0.0,0.0
COMMON_378,target_id,CHEMBL3242,biomaster,nesso,4,4,0.75,0.25,0.0,0.0,0.0
COMMON_378,target_id,CHEMBL3242,biomaster,probematch,4,4,1.0,0.0,0.0,0.0,0.0
COMMON_378,target_id,CHEMBL3242,biomaster,dtbind,4,4,1.0,0.0,0.0,0.0,0.0
COMMON_378,target_id,CHEMBL3242,biomaster,nesso_pic50,4,4,1.0,0.0,0.0,0.0,0.0
COMMON_378,target_id,CHEMBL3242,drugclip,dtiam,4,4,0.75,0.0,0.25,0.0,0.0
COMMON_378,target_id,CHEMBL3242,drugclip,conplex,4,4,0.75,0.0,0.25,0.0,0.0
COMMON_378,target_id,CHEMBL3242,drugclip,nesso,4,4,0.5,0.25,0.25,0.0,0.0
COMMON_378,target_id,CHEMBL3242,drugclip,probematch,4,4,0.75,0.0,0.25,0.0,0.0
COMMON_378,target_id,CHEMBL3242,drugclip,dtbind,4,4,0.75,0.0,0.25,0.0,0.0
COMMON_378,target_id,CHEMBL3242,drugclip,nesso_pic50,4,4,0.75,0.0,0.25,0.0,0.0
COMMON_378,target_id,CHEMBL3242,dtiam,conplex,4,4,1.0,0.0,0.0,0.0,0.0
COMMON_378,target_id,CHEMBL3242,dtiam,nesso,4,4,0.75,0.25,0.0,0.0,0.0
COMMON_378,target_id,CHEMBL3242,dtiam,probematch,4,4,1.0,0.0,0.0,0.0,0.0
COMMON_378,target_id,CHEMBL3242,dtiam,dtbind,4,4,1.0,0.0,0.0,0.0,0.0
COMMON_378,target_id,CHEMBL3242,dtiam,nesso_pic50,4,4,1.0,0.0,0.0,0.0,0.0
COMMON_378,target_id,CHEMBL3242,conplex,nesso,4,4,0.75,0.25,0.0,0.0,0.0
COMMON_378,target_id,CHEMBL3242,conplex,probematch,4,4,1.0,0.0,0.0,0.0,0.0
COMMON_378,target_id,CHEMBL3242,conplex,dtbind,4,4,1.0,0.0,0.0,0.0,0.0
COMMON_378,target_id,CHEMBL3242,conplex,nesso_pic50,4,4,1.0,0.0,0.0,0.0,0.0
COMMON_378,target_id,CHEMBL3242,nesso,probematch,4,4,0.75,0.0,0.25,0.0,0.0
COMMON_378,target_id,CHEMBL3242,nesso,dtbind,4,4,0.75,0.0,0.25,0.0,0.0
COMMON_378,target_id,CHEMBL3242,nesso,nesso_pic50,4,4,0.75,0.0,0.25,0.0,0.0
COMMON_378,target_id,CHEMBL3242,probematch,dtbind,4,4,1.0,0.0,0.0,0.0,0.0
COMMON_378,target_id,CHEMBL3242,probematch,nesso_pic50,4,4,1.0,0.0,0.0,0.0,0.0
COMMON_378,target_id,CHEMBL3242,dtbind,nesso_pic50,4,4,1.0,0.0,0.0,0.0,0.0
COMMON_378,target_id,CHEMBL3629,biomaster,drugclip,13,22,0.36363636363636365,0.3181818181818182,0.0,0.3181818181818182,0.0
COMMON_378,target_id,CHEMBL3629,biomaster,dtiam,13,22,0.6818181818181818,0.0,0.3181818181818182,0.0,0.0
COMMON_378,target_id,CHEMBL3629,biomaster,conplex,13,22,0.0,0.18181818181818182,0.0,0.09090909090909091,0.7272727272727273
COMMON_378,target_id,CHEMBL3629,biomaster,nesso,13,22,0.6818181818181818,0.0,0.3181818181818182,0.0,0.0
COMMON_378,target_id,CHEMBL3629,biomaster,probematch,13,22,0.4090909090909091,0.2727272727272727,0.09090909090909091,0.22727272727272727,0.0
COMMON_378,target_id,CHEMBL3629,biomaster,dtbind,13,22,0.13636363636363635,0.5454545454545454,0.0,0.3181818181818182,0.0
COMMON_378,target_id,CHEMBL3629,biomaster,nesso_pic50,13,22,0.5454545454545454,0.13636363636363635,0.3181818181818182,0.0,0.0
COMMON_378,target_id,CHEMBL3629,drugclip,dtiam,13,22,0.36363636363636365,0.0,0.6363636363636364,0.0,0.0
COMMON_378,target_id,CHEMBL3629,drugclip,conplex,13,22,0.0,0.045454545454545456,0.0,0.22727272727272727,0.7272727272727273
COMMON_378,target_id,CHEMBL3629,drugclip,nesso,13,22,0.36363636363636365,0.0,0.6363636363636364,0.0,0.0
COMMON_378,target_id,CHEMBL3629,drugclip,probematch,13,22,0.22727272727272727,0.13636363636363635,0.2727272727272727,0.36363636363636365,0.0
COMMON_378,target_id,CHEMBL3629,drugclip,dtbind,13,22,0.045454545454545456,0.3181818181818182,0.09090909090909091,0.5454545454545454,0.0
COMMON_378,target_id,CHEMBL3629,drugclip,nesso_pic50,13,22,0.2727272727272727,0.09090909090909091,0.5909090909090909,0.045454545454545456,0.0
COMMON_378,target_id,CHEMBL3629,dtiam,conplex,13,22,0.0,0.2727272727272727,0.0,0.0,0.7272727272727273
COMMON_378,target_id,CHEMBL3629,dtiam,nesso,13,22,1.0,0.0,0.0,0.0,0.0
COMMON_378,target_id,CHEMBL3629,dtiam,probematch,13,22,0.5,0.5,0.0,0.0,0.0
COMMON_378,target_id,CHEMBL3629,dtiam,dtbind,13,22,0.13636363636363635,0.8636363636363636,0.0,0.0,0.0
COMMON_378,target_id,CHEMBL3629,dtiam,nesso_pic50,13,22,0.8636363636363636,0.13636363636363635,0.0,0.0,0.0
COMMON_378,target_id,CHEMBL3629,conplex,nesso,13,22,0.0,0.0,0.2727272727272727,0.0,0.7272727272727273
COMMON_378,target_id,CHEMBL3629,conplex,probematch,13,22,0.0,0.0,0.13636363636363635,0.13636363636363635,0.7272727272727273
COMMON_378,target_id,CHEMBL3629,conplex,dtbind,13,22,0.0,0.0,0.09090909090909091,0.18181818181818182,0.7272727272727273
COMMON_378,target_id,CHEMBL3629,conplex,nesso_pic50,13,22,0.0,0.0,0.22727272727272727,0.045454545454545456,0.7272727272727273
COMMON_378,target_id,CHEMBL3629,nesso,probematch,13,22,0.5,0.5,0.0,0.0,0.0
COMMON_378,target_id,CHEMBL3629,nesso,dtbind,13,22,0.13636363636363635,0.8636363636363636,0.0,0.0,0.0
COMMON_378,target_id,CHEMBL3629,nesso,nesso_pic50,13,22,0.8636363636363636,0.13636363636363635,0.0,0.0,0.0
COMMON_378,target_id,CHEMBL3629,probematch,dtbind,13,22,0.13636363636363635,0.36363636363636365,0.0,0.5,0.0
COMMON_378,target_id,CHEMBL3629,probematch,nesso_pic50,13,22,0.5,0.0,0.36363636363636365,0.13636363636363635,0.0
COMMON_378,target_id,CHEMBL3629,dtbind,nesso_pic50,13,22,0.13636363636363635,0.0,0.7272727272727273,0.13636363636363635,0.0
COMMON_378,target_id,CHEMBL3729,biomaster,drugclip,4,4,0.5,0.5,0.0,0.0,0.0
COMMON_378,target_id,CHEMBL3729,biomaster,dtiam,4,4,1.0,0.0,0.0,0.0,0.0
COMMON_378,target_id,CHEMBL3729,biomaster,conplex,4,4,1.0,0.0,0.0,0.0,0.0
COMMON_378,target_id,CHEMBL3729,biomaster,nesso,4,4,0.75,0.25,0.0,0.0,0.0
COMMON_378,target_id,CHEMBL3729,biomaster,probematch,4,4,1.0,0.0,0.0,0.0,0.0
COMMON_378,target_id,CHEMBL3729,biomaster,dtbind,4,4,0.75,0.25,0.0,0.0,0.0
COMMON_378,target_id,CHEMBL3729,biomaster,nesso_pic50,4,4,1.0,0.0,0.0,0.0,0.0
COMMON_378,target_id,CHEMBL3729,drugclip,dtiam,4,4,0.5,0.0,0.5,0.0,0.0
COMMON_378,target_id,CHEMBL3729,drugclip,conplex,4,4,0.5,0.0,0.5,0.0,0.0
COMMON_378,target_id,CHEMBL3729,drugclip,nesso,4,4,0.25,0.25,0.5,0.0,0.0
COMMON_378,target_id,CHEMBL3729,drugclip,probematch,4,4,0.5,0.0,0.5,0.0,0.0
COMMON_378,target_id,CHEMBL3729,drugclip,dtbind,4,4,0.25,0.25,0.5,0.0,0.0
COMMON_378,target_id,CHEMBL3729,drugclip,nesso_pic50,4,4,0.5,0.0,0.5,0.0,0.0
COMMON_378,target_id,CHEMBL3729,dtiam,conplex,4,4,1.0,0.0,0.0,0.0,0.0
COMMON_378,target_id,CHEMBL3729,dtiam,nesso,4,4,0.75,0.25,0.0,0.0,0.0
COMMON_378,target_id,CHEMBL3729,dtiam,probematch,4,4,1.0,0.0,0.0,0.0,0.0
COMMON_378,target_id,CHEMBL3729,dtiam,dtbind,4,4,0.75,0.25,0.0,0.0,0.0
COMMON_378,target_id,CHEMBL3729,dtiam,nesso_pic50,4,4,1.0,0.0,0.0,0.0,0.0
COMMON_378,target_id,CHEMBL3729,conplex,nesso,4,4,0.75,0.25,0.0,0.0,0.0
COMMON_378,target_id,CHEMBL3729,conplex,probematch,4,4,1.0,0.0,0.0,0.0,0.0
COMMON_378,target_id,CHEMBL3729,conplex,dtbind,4,4,0.75,0.25,0.0,0.0,0.0
COMMON_378,target_id,CHEMBL3729,conplex,nesso_pic50,4,4,1.0,0.0,0.0,0.0,0.0
COMMON_378,target_id,CHEMBL3729,nesso,probematch,4,4,0.75,0.0,0.25,0.0,0.0
COMMON_378,target_id,CHEMBL3729,nesso,dtbind,4,4,0.5,0.25,0.25,0.0,0.0
COMMON_378,target_id,CHEMBL3729,nesso,nesso_pic50,4,4,0.75,0.0,0.25,0.0,0.0
COMMON_378,target_id,CHEMBL3729,probematch,dtbind,4,4,0.75,0.25,0.0,0.0,0.0
COMMON_378,target_id,CHEMBL3729,probematch,nesso_pic50,4,4,1.0,0.0,0.0,0.0,0.0
COMMON_378,target_id,CHEMBL3729,dtbind,nesso_pic50,4,4,0.75,0.0,0.25,0.0,0.0
COMMON_378,target_id,CHEMBL3973,biomaster,drugclip,11,10,0.4,0.5,0.1,0.0,0.0
COMMON_378,target_id,CHEMBL3973,biomaster,dtiam,11,10,0.9,0.0,0.1,0.0,0.0
COMMON_378,target_id,CHEMBL3973,biomaster,conplex,11,10,0.0,0.0,0.0,0.0,1.0
COMMON_378,target_id,CHEMBL3973,biomaster,nesso,11,10,0.8,0.1,0.1,0.0,0.0
COMMON_378,target_id,CHEMBL3973,biomaster,probematch,11,10,0.2,0.7,0.0,0.1,0.0
COMMON_378,target_id,CHEMBL3973,biomaster,dtbind,11,10,0.0,0.9,0.0,0.1,0.0
COMMON_378,target_id,CHEMBL3973,biomaster,nesso_pic50,11,10,0.8,0.1,0.1,0.0,0.0
COMMON_378,target_id,CHEMBL3973,drugclip,dtiam,11,10,0.5,0.0,0.5,0.0,0.0
COMMON_378,target_id,CHEMBL3973,drugclip,conplex,11,10,0.0,0.0,0.0,0.0,1.0
COMMON_378,target_id,CHEMBL3973,drugclip,nesso,11,10,0.4,0.1,0.5,0.0,0.0
COMMON_378,target_id,CHEMBL3973,drugclip,probematch,11,10,0.0,0.5,0.2,0.3,0.0
COMMON_378,target_id,CHEMBL3973,drugclip,dtbind,11,10,0.0,0.5,0.0,0.5,0.0
COMMON_378,target_id,CHEMBL3973,drugclip,nesso_pic50,11,10,0.5,0.0,0.4,0.1,0.0
COMMON_378,target_id,CHEMBL3973,dtiam,conplex,11,10,0.0,0.0,0.0,0.0,1.0
COMMON_378,target_id,CHEMBL3973,dtiam,nesso,11,10,0.9,0.1,0.0,0.0,0.0
COMMON_378,target_id,CHEMBL3973,dtiam,probematch,11,10,0.2,0.8,0.0,0.0,0.0
COMMON_378,target_id,CHEMBL3973,dtiam,dtbind,11,10,0.0,1.0,0.0,0.0,0.0
COMMON_378,target_id,CHEMBL3973,dtiam,nesso_pic50,11,10,0.9,0.1,0.0,0.0,0.0
COMMON_378,target_id,CHEMBL3973,conplex,nesso,11,10,0.0,0.0,0.0,0.0,1.0
COMMON_378,target_id,CHEMBL3973,conplex,probematch,11,10,0.0,0.0,0.0,0.0,1.0
COMMON_378,target_id,CHEMBL3973,conplex,dtbind,11,10,0.0,0.0,0.0,0.0,1.0
COMMON_378,target_id,CHEMBL3973,conplex,nesso_pic50,11,10,0.0,0.0,0.0,0.0,1.0
COMMON_378,target_id,CHEMBL3973,nesso,probematch,11,10,0.2,0.7,0.0,0.1,0.0
COMMON_378,target_id,CHEMBL3973,nesso,dtbind,11,10,0.0,0.9,0.0,0.1,0.0
COMMON_378,target_id,CHEMBL3973,nesso,nesso_pic50,11,10,0.8,0.1,0.1,0.0,0.0
COMMON_378,target_id,CHEMBL3973,probematch,dtbind,11,10,0.0,0.2,0.0,0.8,0.0
COMMON_378,target_id,CHEMBL3973,probematch,nesso_pic50,11,10,0.1,0.1,0.8,0.0,0.0
COMMON_378,target_id,CHEMBL3973,dtbind,nesso_pic50,11,10,0.0,0.0,0.9,0.1,0.0
COMMON_378,target_id,CHEMBL3983,biomaster,drugclip,3,2,0.5,0.0,0.0,0.5,0.0
COMMON_378,target_id,CHEMBL3983,biomaster,dtiam,3,2,0.5,0.0,0.5,0.0,0.0
COMMON_378,target_id,CHEMBL3983,biomaster,conplex,3,2,0.0,0.0,0.0,0.0,1.0
COMMON_378,target_id,CHEMBL3983,biomaster,nesso,3,2,0.5,0.0,0.5,0.0,0.0
COMMON_378,target_id,CHEMBL3983,biomaster,probematch,3,2,0.0,0.5,0.0,0.5,0.0
COMMON_378,target_id,CHEMBL3983,biomaster,dtbind,3,2,0.0,0.5,0.0,0.5,0.0
COMMON_378,target_id,CHEMBL3983,biomaster,nesso_pic50,3,2,0.5,0.0,0.5,0.0,0.0
COMMON_378,target_id,CHEMBL3983,drugclip,dtiam,3,2,0.5,0.0,0.5,0.0,0.0
COMMON_378,target_id,CHEMBL3983,drugclip,conplex,3,2,0.0,0.0,0.0,0.0,1.0
COMMON_378,target_id,CHEMBL3983,drugclip,nesso,3,2,0.5,0.0,0.5,0.0,0.0
COMMON_378,target_id,CHEMBL3983,drugclip,probematch,3,2,0.0,0.5,0.0,0.5,0.0
COMMON_378,target_id,CHEMBL3983,drugclip,dtbind,3,2,0.0,0.5,0.0,0.5,0.0
COMMON_378,target_id,CHEMBL3983,drugclip,nesso_pic50,3,2,0.5,0.0,0.5,0.0,0.0
COMMON_378,target_id,CHEMBL3983,dtiam,conplex,3,2,0.0,0.0,0.0,0.0,1.0
COMMON_378,target_id,CHEMBL3983,dtiam,nesso,3,2,1.0,0.0,0.0,0.0,0.0
COMMON_378,target_id,CHEMBL3983,dtiam,probematch,3,2,0.0,1.0,0.0,0.0,0.0
COMMON_378,target_id,CHEMBL3983,dtiam,dtbind,3,2,0.0,1.0,0.0,0.0,0.0
COMMON_378,target_id,CHEMBL3983,dtiam,nesso_pic50,3,2,1.0,0.0,0.0,0.0,0.0
COMMON_378,target_id,CHEMBL3983,conplex,nesso,3,2,0.0,0.0,0.0,0.0,1.0
COMMON_378,target_id,CHEMBL3983,conplex,probematch,3,2,0.0,0.0,0.0,0.0,1.0
COMMON_378,target_id,CHEMBL3983,conplex,dtbind,3,2,0.0,0.0,0.0,0.0,1.0
COMMON_378,target_id,CHEMBL3983,conplex,nesso_pic50,3,2,0.0,0.0,0.0,0.0,1.0
COMMON_378,target_id,CHEMBL3983,nesso,probematch,3,2,0.0,1.0,0.0,0.0,0.0
COMMON_378,target_id,CHEMBL3983,nesso,dtbind,3,2,0.0,1.0,0.0,0.0,0.0
COMMON_378,target_id,CHEMBL3983,nesso,nesso_pic50,3,2,1.0,0.0,0.0,0.0,0.0
COMMON_378,target_id,CHEMBL3983,probematch,dtbind,3,2,0.0,0.0,0.0,1.0,0.0
COMMON_378,target_id,CHEMBL3983,probematch,nesso_pic50,3,2,0.0,0.0,1.0,0.0,0.0
COMMON_378,target_id,CHEMBL3983,dtbind,nesso_pic50,3,2,0.0,0.0,1.0,0.0,0.0
COMMON_378,target_id,CHEMBL4128,biomaster,drugclip,6,9,0.2222222222222222,0.1111111111111111,0.4444444444444444,0.2222222222222222,0.0
COMMON_378,target_id,CHEMBL4128,biomaster,dtiam,6,9,0.3333333333333333,0.0,0.5555555555555556,0.1111111111111111,0.0
COMMON_378,target_id,CHEMBL4128,biomaster,conplex,6,9,0.2222222222222222,0.0,0.2222222222222222,0.4444444444444444,0.1111111111111111
COMMON_378,target_id,CHEMBL4128,biomaster,nesso,6,9,0.2222222222222222,0.1111111111111111,0.0,0.6666666666666666,0.0
COMMON_378,target_id,CHEMBL4128,biomaster,probematch,6,9,0.0,0.3333333333333333,0.4444444444444444,0.2222222222222222,0.0
COMMON_378,target_id,CHEMBL4128,biomaster,dtbind,6,9,0.0,0.3333333333333333,0.2222222222222222,0.4444444444444444,0.0
COMMON_378,target_id,CHEMBL4128,biomaster,nesso_pic50,6,9,0.2222222222222222,0.1111111111111111,0.2222222222222222,0.4444444444444444,0.0
COMMON_378,target_id,CHEMBL4128,drugclip,dtiam,6,9,0.6666666666666666,0.0,0.2222222222222222,0.1111111111111111,0.0
COMMON_378,target_id,CHEMBL4128,drugclip,conplex,6,9,0.4444444444444444,0.2222222222222222,0.0,0.2222222222222222,0.1111111111111111
COMMON_378,target_id,CHEMBL4128,drugclip,nesso,6,9,0.2222222222222222,0.4444444444444444,0.0,0.3333333333333333,0.0
COMMON_378,target_id,CHEMBL4128,drugclip,probematch,6,9,0.3333333333333333,0.3333333333333333,0.1111111111111111,0.2222222222222222,0.0
COMMON_378,target_id,CHEMBL4128,drugclip,dtbind,6,9,0.2222222222222222,0.4444444444444444,0.0,0.3333333333333333,0.0
COMMON_378,target_id,CHEMBL4128,drugclip,nesso_pic50,6,9,0.4444444444444444,0.2222222222222222,0.0,0.3333333333333333,0.0
COMMON_378,target_id,CHEMBL4128,dtiam,conplex,6,9,0.4444444444444444,0.3333333333333333,0.0,0.1111111111111111,0.1111111111111111
COMMON_378,target_id,CHEMBL4128,dtiam,nesso,6,9,0.2222222222222222,0.6666666666666666,0.0,0.1111111111111111,0.0
COMMON_378,target_id,CHEMBL4128,dtiam,probematch,6,9,0.3333333333333333,0.5555555555555556,0.1111111111111111,0.0,0.0
COMMON_378,target_id,CHEMBL4128,dtiam,dtbind,6,9,0.2222222222222222,0.6666666666666666,0.0,0.1111111111111111,0.0
COMMON_378,target_id,CHEMBL4128,dtiam,nesso_pic50,6,9,0.4444444444444444,0.4444444444444444,0.0,0.1111111111111111,0.0
COMMON_378,target_id,CHEMBL4128,conplex,nesso,6,9,0.2222222222222222,0.2222222222222222,0.0,0.4444444444444444,0.1111111111111111
COMMON_378,target_id,CHEMBL4128,conplex,probematch,6,9,0.2222222222222222,0.2222222222222222,0.2222222222222222,0.2222222222222222,0.1111111111111111
COMMON_378,target_id,CHEMBL4128,conplex,dtbind,6,9,0.2222222222222222,0.2222222222222222,0.0,0.4444444444444444,0.1111111111111111
COMMON_378,target_id,CHEMBL4128,conplex,nesso_pic50,6,9,0.2222222222222222,0.2222222222222222,0.2222222222222222,0.2222222222222222,0.1111111111111111
COMMON_378,target_id,CHEMBL4128,nesso,probematch,6,9,0.0,0.2222222222222222,0.4444444444444444,0.3333333333333333,0.0
COMMON_378,target_id,CHEMBL4128,nesso,dtbind,6,9,0.0,0.2222222222222222,0.2222222222222222,0.5555555555555556,0.0
COMMON_378,target_id,CHEMBL4128,nesso,nesso_pic50,6,9,0.2222222222222222,0.0,0.2222222222222222,0.5555555555555556,0.0
COMMON_378,target_id,CHEMBL4128,probematch,dtbind,6,9,0.2222222222222222,0.2222222222222222,0.0,0.5555555555555556,0.0
COMMON_378,target_id,CHEMBL4128,probematch,nesso_pic50,6,9,0.1111111111111111,0.3333333333333333,0.3333333333333333,0.2222222222222222,0.0
COMMON_378,target_id,CHEMBL4128,dtbind,nesso_pic50,6,9,0.0,0.2222222222222222,0.4444444444444444,0.3333333333333333,0.0
COMMON_378,target_id,CHEMBL4142,biomaster,drugclip,6,8,0.375,0.375,0.125,0.125,0.0
COMMON_378,target_id,CHEMBL4142,biomaster,dtiam,6,8,0.625,0.125,0.125,0.125,0.0
COMMON_378,target_id,CHEMBL4142,biomaster,conplex,6,8,0.0,0.375,0.0,0.125,0.5
COMMON_378,target_id,CHEMBL4142,biomaster,nesso,6,8,0.625,0.125,0.0,0.25,0.0
COMMON_378,target_id,CHEMBL4142,biomaster,probematch,6,8,0.125,0.625,0.125,0.125,0.0
COMMON_378,target_id,CHEMBL4142,biomaster,dtbind,6,8,0.375,0.375,0.125,0.125,0.0
COMMON_378,target_id,CHEMBL4142,biomaster,nesso_pic50,6,8,0.75,0.0,0.125,0.125,0.0
COMMON_378,target_id,CHEMBL4142,drugclip,dtiam,6,8,0.25,0.25,0.5,0.0,0.0
COMMON_378,target_id,CHEMBL4142,drugclip,conplex,6,8,0.0,0.25,0.0,0.25,0.5
COMMON_378,target_id,CHEMBL4142,drugclip,nesso,6,8,0.375,0.125,0.25,0.25,0.0
COMMON_378,target_id,CHEMBL4142,drugclip,probematch,6,8,0.0,0.5,0.25,0.25,0.0
COMMON_378,target_id,CHEMBL4142,drugclip,dtbind,6,8,0.25,0.25,0.25,0.25,0.0
COMMON_378,target_id,CHEMBL4142,drugclip,nesso_pic50,6,8,0.375,0.125,0.5,0.0,0.0
COMMON_378,target_id,CHEMBL4142,dtiam,conplex,6,8,0.0,0.25,0.0,0.25,0.5
COMMON_378,target_id,CHEMBL4142,dtiam,nesso,6,8,0.5,0.25,0.125,0.125,0.0
COMMON_378,target_id,CHEMBL4142,dtiam,probematch,6,8,0.25,0.5,0.0,0.25,0.0
COMMON_378,target_id,CHEMBL4142,dtiam,dtbind,6,8,0.5,0.25,0.0,0.25,0.0
COMMON_378,target_id,CHEMBL4142,dtiam,nesso_pic50,6,8,0.75,0.0,0.125,0.125,0.0
COMMON_378,target_id,CHEMBL4142,conplex,nesso,6,8,0.0,0.0,0.25,0.25,0.5
COMMON_378,target_id,CHEMBL4142,conplex,probematch,6,8,0.0,0.0,0.0,0.5,0.5
COMMON_378,target_id,CHEMBL4142,conplex,dtbind,6,8,0.0,0.0,0.0,0.5,0.5
COMMON_378,target_id,CHEMBL4142,conplex,nesso_pic50,6,8,0.0,0.0,0.375,0.125,0.5
COMMON_378,target_id,CHEMBL4142,nesso,probematch,6,8,0.125,0.5,0.125,0.25,0.0
COMMON_378,target_id,CHEMBL4142,nesso,dtbind,6,8,0.375,0.25,0.125,0.25,0.0
COMMON_378,target_id,CHEMBL4142,nesso,nesso_pic50,6,8,0.625,0.0,0.25,0.125,0.0
COMMON_378,target_id,CHEMBL4142,probematch,dtbind,6,8,0.25,0.0,0.25,0.5,0.0
COMMON_378,target_id,CHEMBL4142,probematch,nesso_pic50,6,8,0.25,0.0,0.625,0.125,0.0
COMMON_378,target_id,CHEMBL4142,dtbind,nesso_pic50,6,8,0.5,0.0,0.375,0.125,0.0
COMMON_378,target_id,CHEMBL4179,biomaster,drugclip,3,2,0.0,0.0,1.0,0.0,0.0
COMMON_378,target_id,CHEMBL4179,biomaster,dtiam,3,2,0.0,0.0,1.0,0.0,0.0
COMMON_378,target_id,CHEMBL4179,biomaster,conplex,3,2,0.0,0.0,0.0,0.0,1.0
COMMON_378,target_id,CHEMBL4179,biomaster,nesso,3,2,0.0,0.0,1.0,0.0,0.0
COMMON_378,target_id,CHEMBL4179,biomaster,probematch,3,2,0.0,0.0,1.0,0.0,0.0
COMMON_378,target_id,CHEMBL4179,biomaster,dtbind,3,2,0.0,0.0,0.0,1.0,0.0
COMMON_378,target_id,CHEMBL4179,biomaster,nesso_pic50,3,2,0.0,0.0,1.0,0.0,0.0
COMMON_378,target_id,CHEMBL4179,drugclip,dtiam,3,2,1.0,0.0,0.0,0.0,0.0
COMMON_378,target_id,CHEMBL4179,drugclip,conplex,3,2,0.0,0.0,0.0,0.0,1.0
COMMON_378,target_id,CHEMBL4179,drugclip,nesso,3,2,1.0,0.0,0.0,0.0,0.0
COMMON_378,target_id,CHEMBL4179,drugclip,probematch,3,2,1.0,0.0,0.0,0.0,0.0
COMMON_378,target_id,CHEMBL4179,drugclip,dtbind,3,2,0.0,1.0,0.0,0.0,0.0
COMMON_378,target_id,CHEMBL4179,drugclip,nesso_pic50,3,2,1.0,0.0,0.0,0.0,0.0
COMMON_378,target_id,CHEMBL4179,dtiam,conplex,3,2,0.0,0.0,0.0,0.0,1.0
COMMON_378,target_id,CHEMBL4179,dtiam,nesso,3,2,1.0,0.0,0.0,0.0,0.0
COMMON_378,target_id,CHEMBL4179,dtiam,probematch,3,2,1.0,0.0,0.0,0.0,0.0
COMMON_378,target_id,CHEMBL4179,dtiam,dtbind,3,2,0.0,1.0,0.0,0.0,0.0
COMMON_378,target_id,CHEMBL4179,dtiam,nesso_pic50,3,2,1.0,0.0,0.0,0.0,0.0
COMMON_378,target_id,CHEMBL4179,conplex,nesso,3,2,0.0,0.0,0.0,0.0,1.0
COMMON_378,target_id,CHEMBL4179,conplex,probematch,3,2,0.0,0.0,0.0,0.0,1.0
COMMON_378,target_id,CHEMBL4179,conplex,dtbind,3,2,0.0,0.0,0.0,0.0,1.0
COMMON_378,target_id,CHEMBL4179,conplex,nesso_pic50,3,2,0.0,0.0,0.0,0.0,1.0
COMMON_378,target_id,CHEMBL4179,nesso,probematch,3,2,1.0,0.0,0.0,0.0,0.0
COMMON_378,target_id,CHEMBL4179,nesso,dtbind,3,2,0.0,1.0,0.0,0.0,0.0
COMMON_378,target_id,CHEMBL4179,nesso,nesso_pic50,3,2,1.0,0.0,0.0,0.0,0.0
COMMON_378,target_id,CHEMBL4179,probematch,dtbind,3,2,0.0,1.0,0.0,0.0,0.0
COMMON_378,target_id,CHEMBL4179,probematch,nesso_pic50,3,2,1.0,0.0,0.0,0.0,0.0
COMMON_378,target_id,CHEMBL4179,dtbind,nesso_pic50,3,2,0.0,0.0,1.0,0.0,0.0
COMMON_378,target_id,CHEMBL4247,biomaster,drugclip,11,28,0.8214285714285714,0.03571428571428571,0.14285714285714285,0.0,0.0
COMMON_378,target_id,CHEMBL4247,biomaster,dtiam,11,28,0.7857142857142857,0.07142857142857142,0.14285714285714285,0.0,0.0
COMMON_378,target_id,CHEMBL4247,biomaster,conplex,11,28,0.35714285714285715,0.2857142857142857,0.07142857142857142,0.07142857142857142,0.21428571428571427
COMMON_378,target_id,CHEMBL4247,biomaster,nesso,11,28,0.8571428571428571,0.0,0.14285714285714285,0.0,0.0
COMMON_378,target_id,CHEMBL4247,biomaster,probematch,11,28,0.32142857142857145,0.5357142857142857,0.07142857142857142,0.07142857142857142,0.0
COMMON_378,target_id,CHEMBL4247,biomaster,dtbind,11,28,0.5,0.35714285714285715,0.10714285714285714,0.03571428571428571,0.0
COMMON_378,target_id,CHEMBL4247,biomaster,nesso_pic50,11,28,0.8214285714285714,0.03571428571428571,0.14285714285714285,0.0,0.0
COMMON_378,target_id,CHEMBL4247,drugclip,dtiam,11,28,0.8928571428571429,0.07142857142857142,0.03571428571428571,0.0,0.0
COMMON_378,target_id,CHEMBL4247,drugclip,conplex,11,28,0.39285714285714285,0.35714285714285715,0.03571428571428571,0.0,0.21428571428571427
COMMON_378,target_id,CHEMBL4247,drugclip,nesso,11,28,0.9642857142857143,0.0,0.03571428571428571,0.0,0.0
COMMON_378,target_id,CHEMBL4247,drugclip,probematch,11,28,0.35714285714285715,0.6071428571428571,0.03571428571428571,0.0,0.0
COMMON_378,target_id,CHEMBL4247,drugclip,dtbind,11,28,0.5714285714285714,0.39285714285714285,0.03571428571428571,0.0,0.0
COMMON_378,target_id,CHEMBL4247,drugclip,nesso_pic50,11,28,0.9285714285714286,0.03571428571428571,0.03571428571428571,0.0,0.0
COMMON_378,target_id,CHEMBL4247,dtiam,conplex,11,28,0.39285714285714285,0.32142857142857145,0.03571428571428571,0.03571428571428571,0.21428571428571427
COMMON_378,target_id,CHEMBL4247,dtiam,nesso,11,28,0.9285714285714286,0.0,0.07142857142857142,0.0,0.0
COMMON_378,target_id,CHEMBL4247,dtiam,probematch,11,28,0.39285714285714285,0.5357142857142857,0.0,0.07142857142857142,0.0
COMMON_378,target_id,CHEMBL4247,dtiam,dtbind,11,28,0.5714285714285714,0.35714285714285715,0.03571428571428571,0.03571428571428571,0.0
COMMON_378,target_id,CHEMBL4247,dtiam,nesso_pic50,11,28,0.8928571428571429,0.03571428571428571,0.07142857142857142,0.0,0.0
COMMON_378,target_id,CHEMBL4247,conplex,nesso,11,28,0.42857142857142855,0.0,0.35714285714285715,0.0,0.21428571428571427
COMMON_378,target_id,CHEMBL4247,conplex,probematch,11,28,0.10714285714285714,0.32142857142857145,0.17857142857142858,0.17857142857142858,0.21428571428571427
COMMON_378,target_id,CHEMBL4247,conplex,dtbind,11,28,0.32142857142857145,0.10714285714285714,0.17857142857142858,0.17857142857142858,0.21428571428571427
COMMON_378,target_id,CHEMBL4247,conplex,nesso_pic50,11,28,0.42857142857142855,0.0,0.35714285714285715,0.0,0.21428571428571427
COMMON_378,target_id,CHEMBL4247,nesso,probematch,11,28,0.39285714285714285,0.6071428571428571,0.0,0.0,0.0
COMMON_378,target_id,CHEMBL4247,nesso,dtbind,11,28,0.6071428571428571,0.39285714285714285,0.0,0.0,0.0
COMMON_378,target_id,CHEMBL4247,nesso,nesso_pic50,11,28,0.9642857142857143,0.03571428571428571,0.0,0.0,0.0
COMMON_378,target_id,CHEMBL4247,probematch,dtbind,11,28,0.21428571428571427,0.17857142857142858,0.39285714285714285,0.21428571428571427,0.0
COMMON_378,target_id,CHEMBL4247,probematch,nesso_pic50,11,28,0.35714285714285715,0.03571428571428571,0.6071428571428571,0.0,0.0
COMMON_378,target_id,CHEMBL4247,dtbind,nesso_pic50,11,28,0.5714285714285714,0.03571428571428571,0.39285714285714285,0.0,0.0
COMMON_378,target_id,CHEMBL5331,biomaster,drugclip,6,8,0.625,0.375,0.0,0.0,0.0
COMMON_378,target_id,CHEMBL5331,biomaster,dtiam,6,8,1.0,0.0,0.0,0.0,0.0
COMMON_378,target_id,CHEMBL5331,biomaster,conplex,6,8,0.875,0.125,0.0,0.0,0.0
COMMON_378,target_id,CHEMBL5331,biomaster,nesso,6,8,1.0,0.0,0.0,0.0,0.0
COMMON_378,target_id,CHEMBL5331,biomaster,probematch,6,8,0.5,0.5,0.0,0.0,0.0
COMMON_378,target_id,CHEMBL5331,biomaster,dtbind,6,8,0.375,0.625,0.0,0.0,0.0
COMMON_378,target_id,CHEMBL5331,biomaster,nesso_pic50,6,8,1.0,0.0,0.0,0.0,0.0
COMMON_378,target_id,CHEMBL5331,drugclip,dtiam,6,8,0.625,0.0,0.375,0.0,0.0
COMMON_378,target_id,CHEMBL5331,drugclip,conplex,6,8,0.625,0.0,0.25,0.125,0.0
COMMON_378,target_id,CHEMBL5331,drugclip,nesso,6,8,0.625,0.0,0.375,0.0,0.0
COMMON_378,target_id,CHEMBL5331,drugclip,probematch,6,8,0.125,0.5,0.375,0.0,0.0
COMMON_378,target_id,CHEMBL5331,drugclip,dtbind,6,8,0.25,0.375,0.125,0.25,0.0
COMMON_378,target_id,CHEMBL5331,drugclip,nesso_pic50,6,8,0.625,0.0,0.375,0.0,0.0
COMMON_378,target_id,CHEMBL5331,dtiam,conplex,6,8,0.875,0.125,0.0,0.0,0.0
COMMON_378,target_id,CHEMBL5331,dtiam,nesso,6,8,1.0,0.0,0.0,0.0,0.0
COMMON_378,target_id,CHEMBL5331,dtiam,probematch,6,8,0.5,0.5,0.0,0.0,0.0
COMMON_378,target_id,CHEMBL5331,dtiam,dtbind,6,8,0.375,0.625,0.0,0.0,0.0
COMMON_378,target_id,CHEMBL5331,dtiam,nesso_pic50,6,8,1.0,0.0,0.0,0.0,0.0
COMMON_378,target_id,CHEMBL5331,conplex,nesso,6,8,0.875,0.0,0.125,0.0,0.0
COMMON_378,target_id,CHEMBL5331,conplex,probematch,6,8,0.375,0.5,0.125,0.0,0.0
COMMON_378,target_id,CHEMBL5331,conplex,dtbind,6,8,0.375,0.5,0.0,0.125,0.0
COMMON_378,target_id,CHEMBL5331,conplex,nesso_pic50,6,8,0.875,0.0,0.125,0.0,0.0
COMMON_378,target_id,CHEMBL5331,nesso,probematch,6,8,0.5,0.5,0.0,0.0,0.0
COMMON_378,target_id,CHEMBL5331,nesso,dtbind,6,8,0.375,0.625,0.0,0.0,0.0
COMMON_378,target_id,CHEMBL5331,nesso,nesso_pic50,6,8,1.0,0.0,0.0,0.0,0.0
COMMON_378,target_id,CHEMBL5331,probematch,dtbind,6,8,0.125,0.375,0.25,0.25,0.0
COMMON_378,target_id,CHEMBL5331,probematch,nesso_pic50,6,8,0.5,0.0,0.5,0.0,0.0
COMMON_378,target_id,CHEMBL5331,dtbind,nesso_pic50,6,8,0.375,0.0,0.625,0.0,0.0
AB_UNSEEN_141,drug_id,DBABZHXKTCFAPX-UHFFFAOYSA-N,biomaster,drugclip,4,3,0.0,1.0,0.0,0.0,0.0
AB_UNSEEN_141,drug_id,DBABZHXKTCFAPX-UHFFFAOYSA-N,biomaster,dtiam,4,3,0.6666666666666666,0.3333333333333333,0.0,0.0,0.0
AB_UNSEEN_141,drug_id,DBABZHXKTCFAPX-UHFFFAOYSA-N,biomaster,conplex,4,3,0.3333333333333333,0.6666666666666666,0.0,0.0,0.0
AB_UNSEEN_141,drug_id,DBABZHXKTCFAPX-UHFFFAOYSA-N,biomaster,nesso,4,3,0.6666666666666666,0.3333333333333333,0.0,0.0,0.0
AB_UNSEEN_141,drug_id,DBABZHXKTCFAPX-UHFFFAOYSA-N,biomaster,probematch,4,3,1.0,0.0,0.0,0.0,0.0
AB_UNSEEN_141,drug_id,DBABZHXKTCFAPX-UHFFFAOYSA-N,biomaster,dtbind,4,3,0.6666666666666666,0.3333333333333333,0.0,0.0,0.0
AB_UNSEEN_141,drug_id,DBABZHXKTCFAPX-UHFFFAOYSA-N,biomaster,nesso_pic50,4,3,1.0,0.0,0.0,0.0,0.0
AB_UNSEEN_141,drug_id,DBABZHXKTCFAPX-UHFFFAOYSA-N,drugclip,dtiam,4,3,0.0,0.0,0.6666666666666666,0.3333333333333333,0.0
AB_UNSEEN_141,drug_id,DBABZHXKTCFAPX-UHFFFAOYSA-N,drugclip,conplex,4,3,0.0,0.0,0.3333333333333333,0.6666666666666666,0.0
AB_UNSEEN_141,drug_id,DBABZHXKTCFAPX-UHFFFAOYSA-N,drugclip,nesso,4,3,0.0,0.0,0.6666666666666666,0.3333333333333333,0.0
AB_UNSEEN_141,drug_id,DBABZHXKTCFAPX-UHFFFAOYSA-N,drugclip,probematch,4,3,0.0,0.0,1.0,0.0,0.0
AB_UNSEEN_141,drug_id,DBABZHXKTCFAPX-UHFFFAOYSA-N,drugclip,dtbind,4,3,0.0,0.0,0.6666666666666666,0.3333333333333333,0.0
AB_UNSEEN_141,drug_id,DBABZHXKTCFAPX-UHFFFAOYSA-N,drugclip,nesso_pic50,4,3,0.0,0.0,1.0,0.0,0.0
AB_UNSEEN_141,drug_id,DBABZHXKTCFAPX-UHFFFAOYSA-N,dtiam,conplex,4,3,0.3333333333333333,0.3333333333333333,0.0,0.3333333333333333,0.0
AB_UNSEEN_141,drug_id,DBABZHXKTCFAPX-UHFFFAOYSA-N,dtiam,nesso,4,3,0.6666666666666666,0.0,0.0,0.3333333333333333,0.0
AB_UNSEEN_141,drug_id,DBABZHXKTCFAPX-UHFFFAOYSA-N,dtiam,probematch,4,3,0.6666666666666666,0.0,0.3333333333333333,0.0,0.0
AB_UNSEEN_141,drug_id,DBABZHXKTCFAPX-UHFFFAOYSA-N,dtiam,dtbind,4,3,0.6666666666666666,0.0,0.0,0.3333333333333333,0.0
AB_UNSEEN_141,drug_id,DBABZHXKTCFAPX-UHFFFAOYSA-N,dtiam,nesso_pic50,4,3,0.6666666666666666,0.0,0.3333333333333333,0.0,0.0
AB_UNSEEN_141,drug_id,DBABZHXKTCFAPX-UHFFFAOYSA-N,conplex,nesso,4,3,0.3333333333333333,0.0,0.3333333333333333,0.3333333333333333,0.0
AB_UNSEEN_141,drug_id,DBABZHXKTCFAPX-UHFFFAOYSA-N,conplex,probematch,4,3,0.3333333333333333,0.0,0.6666666666666666,0.0,0.0
AB_UNSEEN_141,drug_id,DBABZHXKTCFAPX-UHFFFAOYSA-N,conplex,dtbind,4,3,0.3333333333333333,0.0,0.3333333333333333,0.3333333333333333,0.0
AB_UNSEEN_141,drug_id,DBABZHXKTCFAPX-UHFFFAOYSA-N,conplex,nesso_pic50,4,3,0.3333333333333333,0.0,0.6666666666666666,0.0,0.0
AB_UNSEEN_141,drug_id,DBABZHXKTCFAPX-UHFFFAOYSA-N,nesso,probematch,4,3,0.6666666666666666,0.0,0.3333333333333333,0.0,0.0
AB_UNSEEN_141,drug_id,DBABZHXKTCFAPX-UHFFFAOYSA-N,nesso,dtbind,4,3,0.6666666666666666,0.0,0.0,0.3333333333333333,0.0
AB_UNSEEN_141,drug_id,DBABZHXKTCFAPX-UHFFFAOYSA-N,nesso,nesso_pic50,4,3,0.6666666666666666,0.0,0.3333333333333333,0.0,0.0
AB_UNSEEN_141,drug_id,DBABZHXKTCFAPX-UHFFFAOYSA-N,probematch,dtbind,4,3,0.6666666666666666,0.3333333333333333,0.0,0.0,0.0
AB_UNSEEN_141,drug_id,DBABZHXKTCFAPX-UHFFFAOYSA-N,probematch,nesso_pic50,4,3,1.0,0.0,0.0,0.0,0.0
AB_UNSEEN_141,drug_id,DBABZHXKTCFAPX-UHFFFAOYSA-N,dtbind,nesso_pic50,4,3,0.6666666666666666,0.0,0.3333333333333333,0.0,0.0
AB_UNSEEN_141,drug_id,KTUFNOKKBVMGRW-UHFFFAOYSA-N,biomaster,drugclip,22,40,0.55,0.45,0.0,0.0,0.0
AB_UNSEEN_141,drug_id,KTUFNOKKBVMGRW-UHFFFAOYSA-N,biomaster,dtiam,22,40,0.8,0.2,0.0,0.0,0.0
AB_UNSEEN_141,drug_id,KTUFNOKKBVMGRW-UHFFFAOYSA-N,biomaster,conplex,22,40,0.5,0.225,0.0,0.0,0.275
AB_UNSEEN_141,drug_id,KTUFNOKKBVMGRW-UHFFFAOYSA-N,biomaster,nesso,22,40,0.5,0.5,0.0,0.0,0.0
AB_UNSEEN_141,drug_id,KTUFNOKKBVMGRW-UHFFFAOYSA-N,biomaster,probematch,22,40,0.425,0.575,0.0,0.0,0.0
AB_UNSEEN_141,drug_id,KTUFNOKKBVMGRW-UHFFFAOYSA-N,biomaster,dtbind,22,40,0.525,0.475,0.0,0.0,0.0
AB_UNSEEN_141,drug_id,KTUFNOKKBVMGRW-UHFFFAOYSA-N,biomaster,nesso_pic50,22,40,0.5,0.5,0.0,0.0,0.0
AB_UNSEEN_141,drug_id,KTUFNOKKBVMGRW-UHFFFAOYSA-N,drugclip,dtiam,22,40,0.525,0.025,0.275,0.175,0.0
AB_UNSEEN_141,drug_id,KTUFNOKKBVMGRW-UHFFFAOYSA-N,drugclip,conplex,22,40,0.5,0.0,0.0,0.225,0.275
AB_UNSEEN_141,drug_id,KTUFNOKKBVMGRW-UHFFFAOYSA-N,drugclip,nesso,22,40,0.5,0.05,0.0,0.45,0.0
AB_UNSEEN_141,drug_id,KTUFNOKKBVMGRW-UHFFFAOYSA-N,drugclip,probematch,22,40,0.4,0.15,0.025,0.425,0.0
AB_UNSEEN_141,drug_id,KTUFNOKKBVMGRW-UHFFFAOYSA-N,drugclip,dtbind,22,40,0.45,0.1,0.075,0.375,0.0
AB_UNSEEN_141,drug_id,KTUFNOKKBVMGRW-UHFFFAOYSA-N,drugclip,nesso_pic50,22,40,0.5,0.05,0.0,0.45,0.0
AB_UNSEEN_141,drug_id,KTUFNOKKBVMGRW-UHFFFAOYSA-N,dtiam,conplex,22,40,0.475,0.075,0.025,0.15,0.275
AB_UNSEEN_141,drug_id,KTUFNOKKBVMGRW-UHFFFAOYSA-N,dtiam,nesso,22,40,0.475,0.325,0.025,0.175,0.0
AB_UNSEEN_141,drug_id,KTUFNOKKBVMGRW-UHFFFAOYSA-N,dtiam,probematch,22,40,0.4,0.4,0.025,0.175,0.0
AB_UNSEEN_141,drug_id,KTUFNOKKBVMGRW-UHFFFAOYSA-N,dtiam,dtbind,22,40,0.525,0.275,0.0,0.2,0.0
AB_UNSEEN_141,drug_id,KTUFNOKKBVMGRW-UHFFFAOYSA-N,dtiam,nesso_pic50,22,40,0.475,0.325,0.025,0.175,0.0
AB_UNSEEN_141,drug_id,KTUFNOKKBVMGRW-UHFFFAOYSA-N,conplex,nesso,22,40,0.5,0.0,0.0,0.225,0.275
AB_UNSEEN_141,drug_id,KTUFNOKKBVMGRW-UHFFFAOYSA-N,conplex,probematch,22,40,0.4,0.1,0.0,0.225,0.275
AB_UNSEEN_141,drug_id,KTUFNOKKBVMGRW-UHFFFAOYSA-N,conplex,dtbind,22,40,0.425,0.075,0.025,0.2,0.275
AB_UNSEEN_141,drug_id,KTUFNOKKBVMGRW-UHFFFAOYSA-N,conplex,nesso_pic50,22,40,0.5,0.0,0.0,0.225,0.275
AB_UNSEEN_141,drug_id,KTUFNOKKBVMGRW-UHFFFAOYSA-N,nesso,probematch,22,40,0.4,0.1,0.025,0.475,0.0
AB_UNSEEN_141,drug_id,KTUFNOKKBVMGRW-UHFFFAOYSA-N,nesso,dtbind,22,40,0.425,0.075,0.1,0.4,0.0
AB_UNSEEN_141,drug_id,KTUFNOKKBVMGRW-UHFFFAOYSA-N,nesso,nesso_pic50,22,40,0.5,0.0,0.0,0.5,0.0
AB_UNSEEN_141,drug_id,KTUFNOKKBVMGRW-UHFFFAOYSA-N,probematch,dtbind,22,40,0.325,0.1,0.2,0.375,0.0
AB_UNSEEN_141,drug_id,KTUFNOKKBVMGRW-UHFFFAOYSA-N,probematch,nesso_pic50,22,40,0.4,0.025,0.1,0.475,0.0
AB_UNSEEN_141,drug_id,KTUFNOKKBVMGRW-UHFFFAOYSA-N,dtbind,nesso_pic50,22,40,0.425,0.1,0.075,0.4,0.0
AB_UNSEEN_141,drug_id,PHLBKPHSAVXXEF-UHFFFAOYSA-N,biomaster,drugclip,2,1,0.0,1.0,0.0,0.0,0.0
AB_UNSEEN_141,drug_id,PHLBKPHSAVXXEF-UHFFFAOYSA-N,biomaster,dtiam,2,1,1.0,0.0,0.0,0.0,0.0
AB_UNSEEN_141,drug_id,PHLBKPHSAVXXEF-UHFFFAOYSA-N,biomaster,conplex,2,1,1.0,0.0,0.0,0.0,0.0
AB_UNSEEN_141,drug_id,PHLBKPHSAVXXEF-UHFFFAOYSA-N,biomaster,nesso,2,1,1.0,0.0,0.0,0.0,0.0
AB_UNSEEN_141,drug_id,PHLBKPHSAVXXEF-UHFFFAOYSA-N,biomaster,probematch,2,1,1.0,0.0,0.0,0.0,0.0
AB_UNSEEN_141,drug_id,PHLBKPHSAVXXEF-UHFFFAOYSA-N,biomaster,dtbind,2,1,1.0,0.0,0.0,0.0,0.0
AB_UNSEEN_141,drug_id,PHLBKPHSAVXXEF-UHFFFAOYSA-N,biomaster,nesso_pic50,2,1,1.0,0.0,0.0,0.0,0.0
AB_UNSEEN_141,drug_id,PHLBKPHSAVXXEF-UHFFFAOYSA-N,drugclip,dtiam,2,1,0.0,0.0,1.0,0.0,0.0
AB_UNSEEN_141,drug_id,PHLBKPHSAVXXEF-UHFFFAOYSA-N,drugclip,conplex,2,1,0.0,0.0,1.0,0.0,0.0
AB_UNSEEN_141,drug_id,PHLBKPHSAVXXEF-UHFFFAOYSA-N,drugclip,nesso,2,1,0.0,0.0,1.0,0.0,0.0
AB_UNSEEN_141,drug_id,PHLBKPHSAVXXEF-UHFFFAOYSA-N,drugclip,probematch,2,1,0.0,0.0,1.0,0.0,0.0
AB_UNSEEN_141,drug_id,PHLBKPHSAVXXEF-UHFFFAOYSA-N,drugclip,dtbind,2,1,0.0,0.0,1.0,0.0,0.0
AB_UNSEEN_141,drug_id,PHLBKPHSAVXXEF-UHFFFAOYSA-N,drugclip,nesso_pic50,2,1,0.0,0.0,1.0,0.0,0.0
AB_UNSEEN_141,drug_id,PHLBKPHSAVXXEF-UHFFFAOYSA-N,dtiam,conplex,2,1,1.0,0.0,0.0,0.0,0.0
AB_UNSEEN_141,drug_id,PHLBKPHSAVXXEF-UHFFFAOYSA-N,dtiam,nesso,2,1,1.0,0.0,0.0,0.0,0.0
AB_UNSEEN_141,drug_id,PHLBKPHSAVXXEF-UHFFFAOYSA-N,dtiam,probematch,2,1,1.0,0.0,0.0,0.0,0.0
AB_UNSEEN_141,drug_id,PHLBKPHSAVXXEF-UHFFFAOYSA-N,dtiam,dtbind,2,1,1.0,0.0,0.0,0.0,0.0
AB_UNSEEN_141,drug_id,PHLBKPHSAVXXEF-UHFFFAOYSA-N,dtiam,nesso_pic50,2,1,1.0,0.0,0.0,0.0,0.0
AB_UNSEEN_141,drug_id,PHLBKPHSAVXXEF-UHFFFAOYSA-N,conplex,nesso,2,1,1.0,0.0,0.0,0.0,0.0
AB_UNSEEN_141,drug_id,PHLBKPHSAVXXEF-UHFFFAOYSA-N,conplex,probematch,2,1,1.0,0.0,0.0,0.0,0.0
AB_UNSEEN_141,drug_id,PHLBKPHSAVXXEF-UHFFFAOYSA-N,conplex,dtbind,2,1,1.0,0.0,0.0,0.0,0.0
AB_UNSEEN_141,drug_id,PHLBKPHSAVXXEF-UHFFFAOYSA-N,conplex,nesso_pic50,2,1,1.0,0.0,0.0,0.0,0.0
AB_UNSEEN_141,drug_id,PHLBKPHSAVXXEF-UHFFFAOYSA-N,nesso,probematch,2,1,1.0,0.0,0.0,0.0,0.0
AB_UNSEEN_141,drug_id,PHLBKPHSAVXXEF-UHFFFAOYSA-N,nesso,dtbind,2,1,1.0,0.0,0.0,0.0,0.0
AB_UNSEEN_141,drug_id,PHLBKPHSAVXXEF-UHFFFAOYSA-N,nesso,nesso_pic50,2,1,1.0,0.0,0.0,0.0,0.0
AB_UNSEEN_141,drug_id,PHLBKPHSAVXXEF-UHFFFAOYSA-N,probematch,dtbind,2,1,1.0,0.0,0.0,0.0,0.0
AB_UNSEEN_141,drug_id,PHLBKPHSAVXXEF-UHFFFAOYSA-N,probematch,nesso_pic50,2,1,1.0,0.0,0.0,0.0,0.0
AB_UNSEEN_141,drug_id,PHLBKPHSAVXXEF-UHFFFAOYSA-N,dtbind,nesso_pic50,2,1,1.0,0.0,0.0,0.0,0.0
AB_UNSEEN_141,drug_id,UBPYILGKFZZVDX-UHFFFAOYSA-N,biomaster,drugclip,23,120,0.275,0.425,0.16666666666666666,0.13333333333333333,0.0
AB_UNSEEN_141,drug_id,UBPYILGKFZZVDX-UHFFFAOYSA-N,biomaster,dtiam,23,120,0.5416666666666666,0.15833333333333333,0.13333333333333333,0.16666666666666666,0.0
AB_UNSEEN_141,drug_id,UBPYILGKFZZVDX-UHFFFAOYSA-N,biomaster,conplex,23,120,0.525,0.03333333333333333,0.175,0.1,0.16666666666666666
AB_UNSEEN_141,drug_id,UBPYILGKFZZVDX-UHFFFAOYSA-N,biomaster,nesso,23,120,0.6833333333333333,0.016666666666666666,0.2833333333333333,0.016666666666666666,0.0
AB_UNSEEN_141,drug_id,UBPYILGKFZZVDX-UHFFFAOYSA-N,biomaster,probematch,23,120,0.4083333333333333,0.2916666666666667,0.15,0.15,0.0
AB_UNSEEN_141,drug_id,UBPYILGKFZZVDX-UHFFFAOYSA-N,biomaster,dtbind,23,120,0.4666666666666667,0.23333333333333334,0.13333333333333333,0.16666666666666666,0.0
AB_UNSEEN_141,drug_id,UBPYILGKFZZVDX-UHFFFAOYSA-N,biomaster,nesso_pic50,23,120,0.6416666666666667,0.058333333333333334,0.2833333333333333,0.016666666666666666,0.0
AB_UNSEEN_141,drug_id,UBPYILGKFZZVDX-UHFFFAOYSA-N,drugclip,dtiam,23,120,0.30833333333333335,0.13333333333333333,0.36666666666666664,0.19166666666666668,0.0
AB_UNSEEN_141,drug_id,UBPYILGKFZZVDX-UHFFFAOYSA-N,drugclip,conplex,23,120,0.3,0.09166666666666666,0.4,0.041666666666666664,0.16666666666666666
AB_UNSEEN_141,drug_id,UBPYILGKFZZVDX-UHFFFAOYSA-N,drugclip,nesso,23,120,0.4083333333333333,0.03333333333333333,0.5583333333333333,0.0,0.0
AB_UNSEEN_141,drug_id,UBPYILGKFZZVDX-UHFFFAOYSA-N,drugclip,probematch,23,120,0.20833333333333334,0.23333333333333334,0.35,0.20833333333333334,0.0
AB_UNSEEN_141,drug_id,UBPYILGKFZZVDX-UHFFFAOYSA-N,drugclip,dtbind,23,120,0.25833333333333336,0.18333333333333332,0.3416666666666667,0.21666666666666667,0.0
AB_UNSEEN_141,drug_id,UBPYILGKFZZVDX-UHFFFAOYSA-N,drugclip,nesso_pic50,23,120,0.4083333333333333,0.03333333333333333,0.5166666666666667,0.041666666666666664,0.0
AB_UNSEEN_141,drug_id,UBPYILGKFZZVDX-UHFFFAOYSA-N,dtiam,conplex,23,120,0.6,0.016666666666666666,0.1,0.11666666666666667,0.16666666666666666
AB_UNSEEN_141,drug_id,UBPYILGKFZZVDX-UHFFFAOYSA-N,dtiam,nesso,23,120,0.675,0.0,0.2916666666666667,0.03333333333333333,0.0
AB_UNSEEN_141,drug_id,UBPYILGKFZZVDX-UHFFFAOYSA-N,dtiam,probematch,23,120,0.4666666666666667,0.20833333333333334,0.09166666666666666,0.23333333333333334,0.0
AB_UNSEEN_141,drug_id,UBPYILGKFZZVDX-UHFFFAOYSA-N,dtiam,dtbind,23,120,0.45,0.225,0.15,0.175,0.0
AB_UNSEEN_141,drug_id,UBPYILGKFZZVDX-UHFFFAOYSA-N,dtiam,nesso_pic50,23,120,0.6583333333333333,0.016666666666666666,0.26666666666666666,0.058333333333333334,0.0
AB_UNSEEN_141,drug_id,UBPYILGKFZZVDX-UHFFFAOYSA-N,conplex,nesso,23,120,0.7,0.0,0.1,0.03333333333333333,0.16666666666666666
AB_UNSEEN_141,drug_id,UBPYILGKFZZVDX-UHFFFAOYSA-N,conplex,probematch,23,120,0.44166666666666665,0.25833333333333336,0.03333333333333333,0.1,0.16666666666666666
AB_UNSEEN_141,drug_id,UBPYILGKFZZVDX-UHFFFAOYSA-N,conplex,dtbind,23,120,0.49166666666666664,0.20833333333333334,0.05,0.08333333333333333,0.16666666666666666
AB_UNSEEN_141,drug_id,UBPYILGKFZZVDX-UHFFFAOYSA-N,conplex,nesso_pic50,23,120,0.7,0.0,0.1,0.03333333333333333,0.16666666666666666
AB_UNSEEN_141,drug_id,UBPYILGKFZZVDX-UHFFFAOYSA-N,nesso,probematch,23,120,0.55,0.4166666666666667,0.008333333333333333,0.025,0.0
AB_UNSEEN_141,drug_id,UBPYILGKFZZVDX-UHFFFAOYSA-N,nesso,dtbind,23,120,0.6,0.36666666666666664,0.0,0.03333333333333333,0.0
AB_UNSEEN_141,drug_id,UBPYILGKFZZVDX-UHFFFAOYSA-N,nesso,nesso_pic50,23,120,0.9083333333333333,0.058333333333333334,0.016666666666666666,0.016666666666666666,0.0
AB_UNSEEN_141,drug_id,UBPYILGKFZZVDX-UHFFFAOYSA-N,probematch,dtbind,23,120,0.30833333333333335,0.25,0.2916666666666667,0.15,0.0
AB_UNSEEN_141,drug_id,UBPYILGKFZZVDX-UHFFFAOYSA-N,probematch,nesso_pic50,23,120,0.5333333333333333,0.025,0.39166666666666666,0.05,0.0
AB_UNSEEN_141,drug_id,UBPYILGKFZZVDX-UHFFFAOYSA-N,dtbind,nesso_pic50,23,120,0.5583333333333333,0.041666666666666664,0.36666666666666664,0.03333333333333333,0.0
AB_UNSEEN_141,drug_id,VYFYYTLLBUKUHU-UHFFFAOYSA-N,biomaster,drugclip,2,1,0.0,1.0,0.0,0.0,0.0
AB_UNSEEN_141,drug_id,VYFYYTLLBUKUHU-UHFFFAOYSA-N,biomaster,dtiam,2,1,1.0,0.0,0.0,0.0,0.0
AB_UNSEEN_141,drug_id,VYFYYTLLBUKUHU-UHFFFAOYSA-N,biomaster,conplex,2,1,0.0,1.0,0.0,0.0,0.0
AB_UNSEEN_141,drug_id,VYFYYTLLBUKUHU-UHFFFAOYSA-N,biomaster,nesso,2,1,0.0,1.0,0.0,0.0,0.0
AB_UNSEEN_141,drug_id,VYFYYTLLBUKUHU-UHFFFAOYSA-N,biomaster,probematch,2,1,0.0,1.0,0.0,0.0,0.0
AB_UNSEEN_141,drug_id,VYFYYTLLBUKUHU-UHFFFAOYSA-N,biomaster,dtbind,2,1,1.0,0.0,0.0,0.0,0.0
AB_UNSEEN_141,drug_id,VYFYYTLLBUKUHU-UHFFFAOYSA-N,biomaster,nesso_pic50,2,1,1.0,0.0,0.0,0.0,0.0
AB_UNSEEN_141,drug_id,VYFYYTLLBUKUHU-UHFFFAOYSA-N,drugclip,dtiam,2,1,0.0,0.0,1.0,0.0,0.0
AB_UNSEEN_141,drug_id,VYFYYTLLBUKUHU-UHFFFAOYSA-N,drugclip,conplex,2,1,0.0,0.0,0.0,1.0,0.0
AB_UNSEEN_141,drug_id,VYFYYTLLBUKUHU-UHFFFAOYSA-N,drugclip,nesso,2,1,0.0,0.0,0.0,1.0,0.0
AB_UNSEEN_141,drug_id,VYFYYTLLBUKUHU-UHFFFAOYSA-N,drugclip,probematch,2,1,0.0,0.0,0.0,1.0,0.0
AB_UNSEEN_141,drug_id,VYFYYTLLBUKUHU-UHFFFAOYSA-N,drugclip,dtbind,2,1,0.0,0.0,1.0,0.0,0.0
AB_UNSEEN_141,drug_id,VYFYYTLLBUKUHU-UHFFFAOYSA-N,drugclip,nesso_pic50,2,1,0.0,0.0,1.0,0.0,0.0
AB_UNSEEN_141,drug_id,VYFYYTLLBUKUHU-UHFFFAOYSA-N,dtiam,conplex,2,1,0.0,1.0,0.0,0.0,0.0
AB_UNSEEN_141,drug_id,VYFYYTLLBUKUHU-UHFFFAOYSA-N,dtiam,nesso,2,1,0.0,1.0,0.0,0.0,0.0
AB_UNSEEN_141,drug_id,VYFYYTLLBUKUHU-UHFFFAOYSA-N,dtiam,probematch,2,1,0.0,1.0,0.0,0.0,0.0
AB_UNSEEN_141,drug_id,VYFYYTLLBUKUHU-UHFFFAOYSA-N,dtiam,dtbind,2,1,1.0,0.0,0.0,0.0,0.0
AB_UNSEEN_141,drug_id,VYFYYTLLBUKUHU-UHFFFAOYSA-N,dtiam,nesso_pic50,2,1,1.0,0.0,0.0,0.0,0.0
AB_UNSEEN_141,drug_id,VYFYYTLLBUKUHU-UHFFFAOYSA-N,conplex,nesso,2,1,0.0,0.0,0.0,1.0,0.0
AB_UNSEEN_141,drug_id,VYFYYTLLBUKUHU-UHFFFAOYSA-N,conplex,probematch,2,1,0.0,0.0,0.0,1.0,0.0
AB_UNSEEN_141,drug_id,VYFYYTLLBUKUHU-UHFFFAOYSA-N,conplex,dtbind,2,1,0.0,0.0,1.0,0.0,0.0
AB_UNSEEN_141,drug_id,VYFYYTLLBUKUHU-UHFFFAOYSA-N,conplex,nesso_pic50,2,1,0.0,0.0,1.0,0.0,0.0
AB_UNSEEN_141,drug_id,VYFYYTLLBUKUHU-UHFFFAOYSA-N,nesso,probematch,2,1,0.0,0.0,0.0,1.0,0.0
AB_UNSEEN_141,drug_id,VYFYYTLLBUKUHU-UHFFFAOYSA-N,nesso,dtbind,2,1,0.0,0.0,1.0,0.0,0.0
AB_UNSEEN_141,drug_id,VYFYYTLLBUKUHU-UHFFFAOYSA-N,nesso,nesso_pic50,2,1,0.0,0.0,1.0,0.0,0.0
AB_UNSEEN_141,drug_id,VYFYYTLLBUKUHU-UHFFFAOYSA-N,probematch,dtbind,2,1,0.0,0.0,1.0,0.0,0.0
AB_UNSEEN_141,drug_id,VYFYYTLLBUKUHU-UHFFFAOYSA-N,probematch,nesso_pic50,2,1,0.0,0.0,1.0,0.0,0.0
AB_UNSEEN_141,drug_id,VYFYYTLLBUKUHU-UHFFFAOYSA-N,dtbind,nesso_pic50,2,1,1.0,0.0,0.0,0.0,0.0
AB_UNSEEN_141,drug_id,XGALLCVXEZPNRQ-UHFFFAOYSA-N,biomaster,drugclip,20,36,0.25,0.3611111111111111,0.2222222222222222,0.16666666666666666,0.0
AB_UNSEEN_141,drug_id,XGALLCVXEZPNRQ-UHFFFAOYSA-N,biomaster,dtiam,20,36,0.5833333333333334,0.027777777777777776,0.0,0.3888888888888889,0.0
AB_UNSEEN_141,drug_id,XGALLCVXEZPNRQ-UHFFFAOYSA-N,biomaster,conplex,20,36,0.5,0.027777777777777776,0.0,0.2777777777777778,0.19444444444444445
AB_UNSEEN_141,drug_id,XGALLCVXEZPNRQ-UHFFFAOYSA-N,biomaster,nesso,20,36,0.6111111111111112,0.0,0.3333333333333333,0.05555555555555555,0.0
AB_UNSEEN_141,drug_id,XGALLCVXEZPNRQ-UHFFFAOYSA-N,biomaster,probematch,20,36,0.3055555555555556,0.3055555555555556,0.25,0.1388888888888889,0.0
AB_UNSEEN_141,drug_id,XGALLCVXEZPNRQ-UHFFFAOYSA-N,biomaster,dtbind,20,36,0.5,0.1111111111111111,0.0,0.3888888888888889,0.0
AB_UNSEEN_141,drug_id,XGALLCVXEZPNRQ-UHFFFAOYSA-N,biomaster,nesso_pic50,20,36,0.5555555555555556,0.05555555555555555,0.16666666666666666,0.2222222222222222,0.0
AB_UNSEEN_141,drug_id,XGALLCVXEZPNRQ-UHFFFAOYSA-N,drugclip,dtiam,20,36,0.25,0.2222222222222222,0.3333333333333333,0.19444444444444445,0.0
AB_UNSEEN_141,drug_id,XGALLCVXEZPNRQ-UHFFFAOYSA-N,drugclip,conplex,20,36,0.19444444444444445,0.19444444444444445,0.3055555555555556,0.1111111111111111,0.19444444444444445
AB_UNSEEN_141,drug_id,XGALLCVXEZPNRQ-UHFFFAOYSA-N,drugclip,nesso,20,36,0.4444444444444444,0.027777777777777776,0.5,0.027777777777777776,0.0
AB_UNSEEN_141,drug_id,XGALLCVXEZPNRQ-UHFFFAOYSA-N,drugclip,probematch,20,36,0.3055555555555556,0.16666666666666666,0.25,0.2777777777777778,0.0
AB_UNSEEN_141,drug_id,XGALLCVXEZPNRQ-UHFFFAOYSA-N,drugclip,dtbind,20,36,0.19444444444444445,0.2777777777777778,0.3055555555555556,0.2222222222222222,0.0
AB_UNSEEN_141,drug_id,XGALLCVXEZPNRQ-UHFFFAOYSA-N,drugclip,nesso_pic50,20,36,0.3055555555555556,0.16666666666666666,0.4166666666666667,0.1111111111111111,0.0
AB_UNSEEN_141,drug_id,XGALLCVXEZPNRQ-UHFFFAOYSA-N,dtiam,conplex,20,36,0.5,0.027777777777777776,0.0,0.2777777777777778,0.19444444444444445
AB_UNSEEN_141,drug_id,XGALLCVXEZPNRQ-UHFFFAOYSA-N,dtiam,nesso,20,36,0.5833333333333334,0.0,0.3611111111111111,0.05555555555555555,0.0
AB_UNSEEN_141,drug_id,XGALLCVXEZPNRQ-UHFFFAOYSA-N,dtiam,probematch,20,36,0.3055555555555556,0.2777777777777778,0.25,0.16666666666666666,0.0
AB_UNSEEN_141,drug_id,XGALLCVXEZPNRQ-UHFFFAOYSA-N,dtiam,dtbind,20,36,0.5,0.08333333333333333,0.0,0.4166666666666667,0.0
AB_UNSEEN_141,drug_id,XGALLCVXEZPNRQ-UHFFFAOYSA-N,dtiam,nesso_pic50,20,36,0.5277777777777778,0.05555555555555555,0.19444444444444445,0.2222222222222222,0.0
AB_UNSEEN_141,drug_id,XGALLCVXEZPNRQ-UHFFFAOYSA-N,conplex,nesso,20,36,0.5,0.0,0.25,0.05555555555555555,0.19444444444444445
AB_UNSEEN_141,drug_id,XGALLCVXEZPNRQ-UHFFFAOYSA-N,conplex,probematch,20,36,0.2222222222222222,0.2777777777777778,0.19444444444444445,0.1111111111111111,0.19444444444444445
AB_UNSEEN_141,drug_id,XGALLCVXEZPNRQ-UHFFFAOYSA-N,conplex,dtbind,20,36,0.5,0.0,0.0,0.3055555555555556,0.19444444444444445
AB_UNSEEN_141,drug_id,XGALLCVXEZPNRQ-UHFFFAOYSA-N,conplex,nesso_pic50,20,36,0.5,0.0,0.08333333333333333,0.2222222222222222,0.19444444444444445
AB_UNSEEN_141,drug_id,XGALLCVXEZPNRQ-UHFFFAOYSA-N,nesso,probematch,20,36,0.5277777777777778,0.4166666666666667,0.027777777777777776,0.027777777777777776,0.0
AB_UNSEEN_141,drug_id,XGALLCVXEZPNRQ-UHFFFAOYSA-N,nesso,dtbind,20,36,0.5,0.4444444444444444,0.0,0.05555555555555555,0.0
AB_UNSEEN_141,drug_id,XGALLCVXEZPNRQ-UHFFFAOYSA-N,nesso,nesso_pic50,20,36,0.7222222222222222,0.2222222222222222,0.0,0.05555555555555555,0.0
AB_UNSEEN_141,drug_id,XGALLCVXEZPNRQ-UHFFFAOYSA-N,probematch,dtbind,20,36,0.2222222222222222,0.3333333333333333,0.2777777777777778,0.16666666666666666,0.0
AB_UNSEEN_141,drug_id,XGALLCVXEZPNRQ-UHFFFAOYSA-N,probematch,nesso_pic50,20,36,0.3888888888888889,0.16666666666666666,0.3333333333333333,0.1111111111111111,0.0
AB_UNSEEN_141,drug_id,XGALLCVXEZPNRQ-UHFFFAOYSA-N,dtbind,nesso_pic50,20,36,0.5,0.0,0.2222222222222222,0.2777777777777778,0.0
AB_UNSEEN_141,drug_id,ZBNZXTGUTAYRHI-UHFFFAOYSA-N,biomaster,drugclip,25,114,0.4824561403508772,0.34210526315789475,0.11403508771929824,0.06140350877192982,0.0
AB_UNSEEN_141,drug_id,ZBNZXTGUTAYRHI-UHFFFAOYSA-N,biomaster,dtiam,25,114,0.39473684210526316,0.4298245614035088,0.008771929824561403,0.16666666666666666,0.0
AB_UNSEEN_141,drug_id,ZBNZXTGUTAYRHI-UHFFFAOYSA-N,biomaster,conplex,25,114,0.37719298245614036,0.14035087719298245,0.043859649122807015,0.12280701754385964,0.3157894736842105
AB_UNSEEN_141,drug_id,ZBNZXTGUTAYRHI-UHFFFAOYSA-N,biomaster,nesso,25,114,0.7894736842105263,0.03508771929824561,0.09649122807017543,0.07894736842105263,0.0
AB_UNSEEN_141,drug_id,ZBNZXTGUTAYRHI-UHFFFAOYSA-N,biomaster,probematch,25,114,0.543859649122807,0.2807017543859649,0.14035087719298245,0.03508771929824561,0.0
AB_UNSEEN_141,drug_id,ZBNZXTGUTAYRHI-UHFFFAOYSA-N,biomaster,dtbind,25,114,0.5964912280701754,0.22807017543859648,0.08771929824561403,0.08771929824561403,0.0
AB_UNSEEN_141,drug_id,ZBNZXTGUTAYRHI-UHFFFAOYSA-N,biomaster,nesso_pic50,25,114,0.7017543859649122,0.12280701754385964,0.13157894736842105,0.043859649122807015,0.0
AB_UNSEEN_141,drug_id,ZBNZXTGUTAYRHI-UHFFFAOYSA-N,drugclip,dtiam,25,114,0.22807017543859648,0.3684210526315789,0.17543859649122806,0.22807017543859648,0.0
AB_UNSEEN_141,drug_id,ZBNZXTGUTAYRHI-UHFFFAOYSA-N,drugclip,conplex,25,114,0.15789473684210525,0.21052631578947367,0.2631578947368421,0.05263157894736842,0.3157894736842105
AB_UNSEEN_141,drug_id,ZBNZXTGUTAYRHI-UHFFFAOYSA-N,drugclip,nesso,25,114,0.49122807017543857,0.10526315789473684,0.39473684210526316,0.008771929824561403,0.0
AB_UNSEEN_141,drug_id,ZBNZXTGUTAYRHI-UHFFFAOYSA-N,drugclip,probematch,25,114,0.47368421052631576,0.12280701754385964,0.21052631578947367,0.19298245614035087,0.0
AB_UNSEEN_141,drug_id,ZBNZXTGUTAYRHI-UHFFFAOYSA-N,drugclip,dtbind,25,114,0.4298245614035088,0.16666666666666666,0.2543859649122807,0.14912280701754385,0.0
AB_UNSEEN_141,drug_id,ZBNZXTGUTAYRHI-UHFFFAOYSA-N,drugclip,nesso_pic50,25,114,0.4824561403508772,0.11403508771929824,0.3508771929824561,0.05263157894736842,0.0
AB_UNSEEN_141,drug_id,ZBNZXTGUTAYRHI-UHFFFAOYSA-N,dtiam,conplex,25,114,0.22807017543859648,0.043859649122807015,0.19298245614035087,0.21929824561403508,0.3157894736842105
AB_UNSEEN_141,drug_id,ZBNZXTGUTAYRHI-UHFFFAOYSA-N,dtiam,nesso,25,114,0.40350877192982454,0.0,0.4824561403508772,0.11403508771929824,0.0
AB_UNSEEN_141,drug_id,ZBNZXTGUTAYRHI-UHFFFAOYSA-N,dtiam,probematch,25,114,0.3157894736842105,0.08771929824561403,0.3684210526315789,0.22807017543859648,0.0
AB_UNSEEN_141,drug_id,ZBNZXTGUTAYRHI-UHFFFAOYSA-N,dtiam,dtbind,25,114,0.2631578947368421,0.14035087719298245,0.42105263157894735,0.17543859649122806,0.0
AB_UNSEEN_141,drug_id,ZBNZXTGUTAYRHI-UHFFFAOYSA-N,dtiam,nesso_pic50,25,114,0.39473684210526316,0.008771929824561403,0.43859649122807015,0.15789473684210525,0.0
AB_UNSEEN_141,drug_id,ZBNZXTGUTAYRHI-UHFFFAOYSA-N,conplex,nesso,25,114,0.41228070175438597,0.008771929824561403,0.18421052631578946,0.07894736842105263,0.3157894736842105
AB_UNSEEN_141,drug_id,ZBNZXTGUTAYRHI-UHFFFAOYSA-N,conplex,probematch,25,114,0.2719298245614035,0.14912280701754385,0.21052631578947367,0.05263157894736842,0.3157894736842105
AB_UNSEEN_141,drug_id,ZBNZXTGUTAYRHI-UHFFFAOYSA-N,conplex,dtbind,25,114,0.3333333333333333,0.08771929824561403,0.14912280701754385,0.11403508771929824,0.3157894736842105
AB_UNSEEN_141,drug_id,ZBNZXTGUTAYRHI-UHFFFAOYSA-N,conplex,nesso_pic50,25,114,0.42105263157894735,0.0,0.13157894736842105,0.13157894736842105,0.3157894736842105
AB_UNSEEN_141,drug_id,ZBNZXTGUTAYRHI-UHFFFAOYSA-N,nesso,probematch,25,114,0.6228070175438597,0.2631578947368421,0.06140350877192982,0.05263157894736842,0.0
AB_UNSEEN_141,drug_id,ZBNZXTGUTAYRHI-UHFFFAOYSA-N,nesso,dtbind,25,114,0.631578947368421,0.2543859649122807,0.05263157894736842,0.06140350877192982,0.0
AB_UNSEEN_141,drug_id,ZBNZXTGUTAYRHI-UHFFFAOYSA-N,nesso,nesso_pic50,25,114,0.7807017543859649,0.10526315789473684,0.05263157894736842,0.06140350877192982,0.0
AB_UNSEEN_141,drug_id,ZBNZXTGUTAYRHI-UHFFFAOYSA-N,probematch,dtbind,25,114,0.4824561403508772,0.20175438596491227,0.20175438596491227,0.11403508771929824,0.0
AB_UNSEEN_141,drug_id,ZBNZXTGUTAYRHI-UHFFFAOYSA-N,probematch,nesso_pic50,25,114,0.5877192982456141,0.09649122807017543,0.24561403508771928,0.07017543859649122,0.0
AB_UNSEEN_141,drug_id,ZBNZXTGUTAYRHI-UHFFFAOYSA-N,dtbind,nesso_pic50,25,114,0.5701754385964912,0.11403508771929824,0.2631578947368421,0.05263157894736842,0.0
AB_UNSEEN_141,target_id,CHEMBL1844,biomaster,drugclip,2,1,1.0,0.0,0.0,0.0,0.0
AB_UNSEEN_141,target_id,CHEMBL1844,biomaster,dtiam,2,1,1.0,0.0,0.0,0.0,0.0
AB_UNSEEN_141,target_id,CHEMBL1844,biomaster,conplex,2,1,0.0,1.0,0.0,0.0,0.0
AB_UNSEEN_141,target_id,CHEMBL1844,biomaster,nesso,2,1,1.0,0.0,0.0,0.0,0.0
AB_UNSEEN_141,target_id,CHEMBL1844,biomaster,probematch,2,1,1.0,0.0,0.0,0.0,0.0
AB_UNSEEN_141,target_id,CHEMBL1844,biomaster,dtbind,2,1,1.0,0.0,0.0,0.0,0.0
AB_UNSEEN_141,target_id,CHEMBL1844,biomaster,nesso_pic50,2,1,1.0,0.0,0.0,0.0,0.0
AB_UNSEEN_141,target_id,CHEMBL1844,drugclip,dtiam,2,1,1.0,0.0,0.0,0.0,0.0
AB_UNSEEN_141,target_id,CHEMBL1844,drugclip,conplex,2,1,0.0,1.0,0.0,0.0,0.0
AB_UNSEEN_141,target_id,CHEMBL1844,drugclip,nesso,2,1,1.0,0.0,0.0,0.0,0.0
AB_UNSEEN_141,target_id,CHEMBL1844,drugclip,probematch,2,1,1.0,0.0,0.0,0.0,0.0
AB_UNSEEN_141,target_id,CHEMBL1844,drugclip,dtbind,2,1,1.0,0.0,0.0,0.0,0.0
AB_UNSEEN_141,target_id,CHEMBL1844,drugclip,nesso_pic50,2,1,1.0,0.0,0.0,0.0,0.0
AB_UNSEEN_141,target_id,CHEMBL1844,dtiam,conplex,2,1,0.0,1.0,0.0,0.0,0.0
AB_UNSEEN_141,target_id,CHEMBL1844,dtiam,nesso,2,1,1.0,0.0,0.0,0.0,0.0
AB_UNSEEN_141,target_id,CHEMBL1844,dtiam,probematch,2,1,1.0,0.0,0.0,0.0,0.0
AB_UNSEEN_141,target_id,CHEMBL1844,dtiam,dtbind,2,1,1.0,0.0,0.0,0.0,0.0
AB_UNSEEN_141,target_id,CHEMBL1844,dtiam,nesso_pic50,2,1,1.0,0.0,0.0,0.0,0.0
AB_UNSEEN_141,target_id,CHEMBL1844,conplex,nesso,2,1,0.0,0.0,1.0,0.0,0.0
AB_UNSEEN_141,target_id,CHEMBL1844,conplex,probematch,2,1,0.0,0.0,1.0,0.0,0.0
AB_UNSEEN_141,target_id,CHEMBL1844,conplex,dtbind,2,1,0.0,0.0,1.0,0.0,0.0
AB_UNSEEN_141,target_id,CHEMBL1844,conplex,nesso_pic50,2,1,0.0,0.0,1.0,0.0,0.0
AB_UNSEEN_141,target_id,CHEMBL1844,nesso,probematch,2,1,1.0,0.0,0.0,0.0,0.0
AB_UNSEEN_141,target_id,CHEMBL1844,nesso,dtbind,2,1,1.0,0.0,0.0,0.0,0.0
AB_UNSEEN_141,target_id,CHEMBL1844,nesso,nesso_pic50,2,1,1.0,0.0,0.0,0.0,0.0
AB_UNSEEN_141,target_id,CHEMBL1844,probematch,dtbind,2,1,1.0,0.0,0.0,0.0,0.0
AB_UNSEEN_141,target_id,CHEMBL1844,probematch,nesso_pic50,2,1,1.0,0.0,0.0,0.0,0.0
AB_UNSEEN_141,target_id,CHEMBL1844,dtbind,nesso_pic50,2,1,1.0,0.0,0.0,0.0,0.0
AB_UNSEEN_141,target_id,CHEMBL2007,biomaster,drugclip,2,1,1.0,0.0,0.0,0.0,0.0
AB_UNSEEN_141,target_id,CHEMBL2007,biomaster,dtiam,2,1,1.0,0.0,0.0,0.0,0.0
AB_UNSEEN_141,target_id,CHEMBL2007,biomaster,conplex,2,1,1.0,0.0,0.0,0.0,0.0
AB_UNSEEN_141,target_id,CHEMBL2007,biomaster,nesso,2,1,1.0,0.0,0.0,0.0,0.0
AB_UNSEEN_141,target_id,CHEMBL2007,biomaster,probematch,2,1,0.0,1.0,0.0,0.0,0.0
AB_UNSEEN_141,target_id,CHEMBL2007,biomaster,dtbind,2,1,1.0,0.0,0.0,0.0,0.0
AB_UNSEEN_141,target_id,CHEMBL2007,biomaster,nesso_pic50,2,1,1.0,0.0,0.0,0.0,0.0
AB_UNSEEN_141,target_id,CHEMBL2007,drugclip,dtiam,2,1,1.0,0.0,0.0,0.0,0.0
AB_UNSEEN_141,target_id,CHEMBL2007,drugclip,conplex,2,1,1.0,0.0,0.0,0.0,0.0
AB_UNSEEN_141,target_id,CHEMBL2007,drugclip,nesso,2,1,1.0,0.0,0.0,0.0,0.0
AB_UNSEEN_141,target_id,CHEMBL2007,drugclip,probematch,2,1,0.0,1.0,0.0,0.0,0.0
AB_UNSEEN_141,target_id,CHEMBL2007,drugclip,dtbind,2,1,1.0,0.0,0.0,0.0,0.0
AB_UNSEEN_141,target_id,CHEMBL2007,drugclip,nesso_pic50,2,1,1.0,0.0,0.0,0.0,0.0
AB_UNSEEN_141,target_id,CHEMBL2007,dtiam,conplex,2,1,1.0,0.0,0.0,0.0,0.0
AB_UNSEEN_141,target_id,CHEMBL2007,dtiam,nesso,2,1,1.0,0.0,0.0,0.0,0.0
AB_UNSEEN_141,target_id,CHEMBL2007,dtiam,probematch,2,1,0.0,1.0,0.0,0.0,0.0
AB_UNSEEN_141,target_id,CHEMBL2007,dtiam,dtbind,2,1,1.0,0.0,0.0,0.0,0.0
AB_UNSEEN_141,target_id,CHEMBL2007,dtiam,nesso_pic50,2,1,1.0,0.0,0.0,0.0,0.0
AB_UNSEEN_141,target_id,CHEMBL2007,conplex,nesso,2,1,1.0,0.0,0.0,0.0,0.0
AB_UNSEEN_141,target_id,CHEMBL2007,conplex,probematch,2,1,0.0,1.0,0.0,0.0,0.0
AB_UNSEEN_141,target_id,CHEMBL2007,conplex,dtbind,2,1,1.0,0.0,0.0,0.0,0.0
AB_UNSEEN_141,target_id,CHEMBL2007,conplex,nesso_pic50,2,1,1.0,0.0,0.0,0.0,0.0
AB_UNSEEN_141,target_id,CHEMBL2007,nesso,probematch,2,1,0.0,1.0,0.0,0.0,0.0
AB_UNSEEN_141,target_id,CHEMBL2007,nesso,dtbind,2,1,1.0,0.0,0.0,0.0,0.0
AB_UNSEEN_141,target_id,CHEMBL2007,nesso,nesso_pic50,2,1,1.0,0.0,0.0,0.0,0.0
AB_UNSEEN_141,target_id,CHEMBL2007,probematch,dtbind,2,1,0.0,0.0,1.0,0.0,0.0
AB_UNSEEN_141,target_id,CHEMBL2007,probematch,nesso_pic50,2,1,0.0,0.0,1.0,0.0,0.0
AB_UNSEEN_141,target_id,CHEMBL2007,dtbind,nesso_pic50,2,1,1.0,0.0,0.0,0.0,0.0
AB_UNSEEN_141,target_id,CHEMBL203,biomaster,drugclip,3,2,0.5,0.5,0.0,0.0,0.0
AB_UNSEEN_141,target_id,CHEMBL203,biomaster,dtiam,3,2,1.0,0.0,0.0,0.0,0.0
AB_UNSEEN_141,target_id,CHEMBL203,biomaster,conplex,3,2,1.0,0.0,0.0,0.0,0.0
AB_UNSEEN_141,target_id,CHEMBL203,biomaster,nesso,3,2,1.0,0.0,0.0,0.0,0.0
AB_UNSEEN_141,target_id,CHEMBL203,biomaster,probematch,3,2,1.0,0.0,0.0,0.0,0.0
AB_UNSEEN_141,target_id,CHEMBL203,biomaster,dtbind,3,2,0.5,0.5,0.0,0.0,0.0
AB_UNSEEN_141,target_id,CHEMBL203,biomaster,nesso_pic50,3,2,1.0,0.0,0.0,0.0,0.0
AB_UNSEEN_141,target_id,CHEMBL203,drugclip,dtiam,3,2,0.5,0.0,0.5,0.0,0.0
AB_UNSEEN_141,target_id,CHEMBL203,drugclip,conplex,3,2,0.5,0.0,0.5,0.0,0.0
AB_UNSEEN_141,target_id,CHEMBL203,drugclip,nesso,3,2,0.5,0.0,0.5,0.0,0.0
AB_UNSEEN_141,target_id,CHEMBL203,drugclip,probematch,3,2,0.5,0.0,0.5,0.0,0.0
AB_UNSEEN_141,target_id,CHEMBL203,drugclip,dtbind,3,2,0.5,0.0,0.0,0.5,0.0
AB_UNSEEN_141,target_id,CHEMBL203,drugclip,nesso_pic50,3,2,0.5,0.0,0.5,0.0,0.0
AB_UNSEEN_141,target_id,CHEMBL203,dtiam,conplex,3,2,1.0,0.0,0.0,0.0,0.0
AB_UNSEEN_141,target_id,CHEMBL203,dtiam,nesso,3,2,1.0,0.0,0.0,0.0,0.0
AB_UNSEEN_141,target_id,CHEMBL203,dtiam,probematch,3,2,1.0,0.0,0.0,0.0,0.0
AB_UNSEEN_141,target_id,CHEMBL203,dtiam,dtbind,3,2,0.5,0.5,0.0,0.0,0.0
AB_UNSEEN_141,target_id,CHEMBL203,dtiam,nesso_pic50,3,2,1.0,0.0,0.0,0.0,0.0
AB_UNSEEN_141,target_id,CHEMBL203,conplex,nesso,3,2,1.0,0.0,0.0,0.0,0.0
AB_UNSEEN_141,target_id,CHEMBL203,conplex,probematch,3,2,1.0,0.0,0.0,0.0,0.0
AB_UNSEEN_141,target_id,CHEMBL203,conplex,dtbind,3,2,0.5,0.5,0.0,0.0,0.0
AB_UNSEEN_141,target_id,CHEMBL203,conplex,nesso_pic50,3,2,1.0,0.0,0.0,0.0,0.0
AB_UNSEEN_141,target_id,CHEMBL203,nesso,probematch,3,2,1.0,0.0,0.0,0.0,0.0
AB_UNSEEN_141,target_id,CHEMBL203,nesso,dtbind,3,2,0.5,0.5,0.0,0.0,0.0
AB_UNSEEN_141,target_id,CHEMBL203,nesso,nesso_pic50,3,2,1.0,0.0,0.0,0.0,0.0
AB_UNSEEN_141,target_id,CHEMBL203,probematch,dtbind,3,2,0.5,0.5,0.0,0.0,0.0
AB_UNSEEN_141,target_id,CHEMBL203,probematch,nesso_pic50,3,2,1.0,0.0,0.0,0.0,0.0
AB_UNSEEN_141,target_id,CHEMBL203,dtbind,nesso_pic50,3,2,0.5,0.0,0.5,0.0,0.0
AB_UNSEEN_141,target_id,CHEMBL205,biomaster,drugclip,3,2,0.5,0.5,0.0,0.0,0.0
AB_UNSEEN_141,target_id,CHEMBL205,biomaster,dtiam,3,2,0.5,0.5,0.0,0.0,0.0
AB_UNSEEN_141,target_id,CHEMBL205,biomaster,conplex,3,2,0.5,0.0,0.0,0.0,0.5
AB_UNSEEN_141,target_id,CHEMBL205,biomaster,nesso,3,2,1.0,0.0,0.0,0.0,0.0
AB_UNSEEN_141,target_id,CHEMBL205,biomaster,probematch,3,2,0.5,0.5,0.0,0.0,0.0
AB_UNSEEN_141,target_id,CHEMBL205,biomaster,dtbind,3,2,0.5,0.5,0.0,0.0,0.0
AB_UNSEEN_141,target_id,CHEMBL205,biomaster,nesso_pic50,3,2,0.5,0.5,0.0,0.0,0.0
AB_UNSEEN_141,target_id,CHEMBL205,drugclip,dtiam,3,2,0.5,0.0,0.0,0.5,0.0
AB_UNSEEN_141,target_id,CHEMBL205,drugclip,conplex,3,2,0.0,0.0,0.5,0.0,0.5
AB_UNSEEN_141,target_id,CHEMBL205,drugclip,nesso,3,2,0.5,0.0,0.5,0.0,0.0
AB_UNSEEN_141,target_id,CHEMBL205,drugclip,probematch,3,2,0.0,0.5,0.5,0.0,0.0
AB_UNSEEN_141,target_id,CHEMBL205,drugclip,dtbind,3,2,0.0,0.5,0.5,0.0,0.0
AB_UNSEEN_141,target_id,CHEMBL205,drugclip,nesso_pic50,3,2,0.0,0.5,0.5,0.0,0.0
AB_UNSEEN_141,target_id,CHEMBL205,dtiam,conplex,3,2,0.0,0.0,0.5,0.0,0.5
AB_UNSEEN_141,target_id,CHEMBL205,dtiam,nesso,3,2,0.5,0.0,0.5,0.0,0.0
AB_UNSEEN_141,target_id,CHEMBL205,dtiam,probematch,3,2,0.0,0.5,0.5,0.0,0.0
AB_UNSEEN_141,target_id,CHEMBL205,dtiam,dtbind,3,2,0.0,0.5,0.5,0.0,0.0
AB_UNSEEN_141,target_id,CHEMBL205,dtiam,nesso_pic50,3,2,0.0,0.5,0.5,0.0,0.0
AB_UNSEEN_141,target_id,CHEMBL205,conplex,nesso,3,2,0.5,0.0,0.0,0.0,0.5
AB_UNSEEN_141,target_id,CHEMBL205,conplex,probematch,3,2,0.5,0.0,0.0,0.0,0.5
AB_UNSEEN_141,target_id,CHEMBL205,conplex,dtbind,3,2,0.5,0.0,0.0,0.0,0.5
AB_UNSEEN_141,target_id,CHEMBL205,conplex,nesso_pic50,3,2,0.5,0.0,0.0,0.0,0.5
AB_UNSEEN_141,target_id,CHEMBL205,nesso,probematch,3,2,0.5,0.5,0.0,0.0,0.0
AB_UNSEEN_141,target_id,CHEMBL205,nesso,dtbind,3,2,0.5,0.5,0.0,0.0,0.0
AB_UNSEEN_141,target_id,CHEMBL205,nesso,nesso_pic50,3,2,0.5,0.5,0.0,0.0,0.0
AB_UNSEEN_141,target_id,CHEMBL205,probematch,dtbind,3,2,0.5,0.0,0.0,0.5,0.0
AB_UNSEEN_141,target_id,CHEMBL205,probematch,nesso_pic50,3,2,0.5,0.0,0.0,0.5,0.0
AB_UNSEEN_141,target_id,CHEMBL205,dtbind,nesso_pic50,3,2,0.5,0.0,0.0,0.5,0.0
AB_UNSEEN_141,target_id,CHEMBL220,biomaster,drugclip,3,2,0.0,0.5,0.0,0.5,0.0
AB_UNSEEN_141,target_id,CHEMBL220,biomaster,dtiam,3,2,0.5,0.0,0.5,0.0,0.0
AB_UNSEEN_141,target_id,CHEMBL220,biomaster,conplex,3,2,0.0,0.5,0.5,0.0,0.0
AB_UNSEEN_141,target_id,CHEMBL220,biomaster,nesso,3,2,0.5,0.0,0.0,0.5,0.0
AB_UNSEEN_141,target_id,CHEMBL220,biomaster,probematch,3,2,0.0,0.5,0.0,0.5,0.0
AB_UNSEEN_141,target_id,CHEMBL220,biomaster,dtbind,3,2,0.5,0.0,0.5,0.0,0.0
AB_UNSEEN_141,target_id,CHEMBL220,biomaster,nesso_pic50,3,2,0.5,0.0,0.5,0.0,0.0
AB_UNSEEN_141,target_id,CHEMBL220,drugclip,dtiam,3,2,0.0,0.0,1.0,0.0,0.0
AB_UNSEEN_141,target_id,CHEMBL220,drugclip,conplex,3,2,0.0,0.0,0.5,0.5,0.0
AB_UNSEEN_141,target_id,CHEMBL220,drugclip,nesso,3,2,0.0,0.0,0.5,0.5,0.0
AB_UNSEEN_141,target_id,CHEMBL220,drugclip,probematch,3,2,0.0,0.0,0.0,1.0,0.0
AB_UNSEEN_141,target_id,CHEMBL220,drugclip,dtbind,3,2,0.0,0.0,1.0,0.0,0.0
AB_UNSEEN_141,target_id,CHEMBL220,drugclip,nesso_pic50,3,2,0.0,0.0,1.0,0.0,0.0
AB_UNSEEN_141,target_id,CHEMBL220,dtiam,conplex,3,2,0.5,0.5,0.0,0.0,0.0
AB_UNSEEN_141,target_id,CHEMBL220,dtiam,nesso,3,2,0.5,0.5,0.0,0.0,0.0
AB_UNSEEN_141,target_id,CHEMBL220,dtiam,probematch,3,2,0.0,1.0,0.0,0.0,0.0
AB_UNSEEN_141,target_id,CHEMBL220,dtiam,dtbind,3,2,1.0,0.0,0.0,0.0,0.0
AB_UNSEEN_141,target_id,CHEMBL220,dtiam,nesso_pic50,3,2,1.0,0.0,0.0,0.0,0.0
AB_UNSEEN_141,target_id,CHEMBL220,conplex,nesso,3,2,0.0,0.5,0.5,0.0,0.0
AB_UNSEEN_141,target_id,CHEMBL220,conplex,probematch,3,2,0.0,0.5,0.0,0.5,0.0
AB_UNSEEN_141,target_id,CHEMBL220,conplex,dtbind,3,2,0.5,0.0,0.5,0.0,0.0
AB_UNSEEN_141,target_id,CHEMBL220,conplex,nesso_pic50,3,2,0.5,0.0,0.5,0.0,0.0
AB_UNSEEN_141,target_id,CHEMBL220,nesso,probematch,3,2,0.0,0.5,0.0,0.5,0.0
AB_UNSEEN_141,target_id,CHEMBL220,nesso,dtbind,3,2,0.5,0.0,0.5,0.0,0.0
AB_UNSEEN_141,target_id,CHEMBL220,nesso,nesso_pic50,3,2,0.5,0.0,0.5,0.0,0.0
AB_UNSEEN_141,target_id,CHEMBL220,probematch,dtbind,3,2,0.0,0.0,1.0,0.0,0.0
AB_UNSEEN_141,target_id,CHEMBL220,probematch,nesso_pic50,3,2,0.0,0.0,1.0,0.0,0.0
AB_UNSEEN_141,target_id,CHEMBL220,dtbind,nesso_pic50,3,2,1.0,0.0,0.0,0.0,0.0
AB_UNSEEN_141,target_id,CHEMBL228,biomaster,drugclip,2,1,0.0,0.0,1.0,0.0,0.0
AB_UNSEEN_141,target_id,CHEMBL228,biomaster,dtiam,2,1,0.0,0.0,1.0,0.0,0.0
AB_UNSEEN_141,target_id,CHEMBL228,biomaster,conplex,2,1,0.0,0.0,1.0,0.0,0.0
AB_UNSEEN_141,target_id,CHEMBL228,biomaster,nesso,2,1,0.0,0.0,1.0,0.0,0.0
AB_UNSEEN_141,target_id,CHEMBL228,biomaster,probematch,2,1,0.0,0.0,1.0,0.0,0.0
AB_UNSEEN_141,target_id,CHEMBL228,biomaster,dtbind,2,1,0.0,0.0,0.0,1.0,0.0
AB_UNSEEN_141,target_id,CHEMBL228,biomaster,nesso_pic50,2,1,0.0,0.0,1.0,0.0,0.0
AB_UNSEEN_141,target_id,CHEMBL228,drugclip,dtiam,2,1,1.0,0.0,0.0,0.0,0.0
AB_UNSEEN_141,target_id,CHEMBL228,drugclip,conplex,2,1,1.0,0.0,0.0,0.0,0.0
AB_UNSEEN_141,target_id,CHEMBL228,drugclip,nesso,2,1,1.0,0.0,0.0,0.0,0.0
AB_UNSEEN_141,target_id,CHEMBL228,drugclip,probematch,2,1,1.0,0.0,0.0,0.0,0.0
AB_UNSEEN_141,target_id,CHEMBL228,drugclip,dtbind,2,1,0.0,1.0,0.0,0.0,0.0
AB_UNSEEN_141,target_id,CHEMBL228,drugclip,nesso_pic50,2,1,1.0,0.0,0.0,0.0,0.0
AB_UNSEEN_141,target_id,CHEMBL228,dtiam,conplex,2,1,1.0,0.0,0.0,0.0,0.0
AB_UNSEEN_141,target_id,CHEMBL228,dtiam,nesso,2,1,1.0,0.0,0.0,0.0,0.0
AB_UNSEEN_141,target_id,CHEMBL228,dtiam,probematch,2,1,1.0,0.0,0.0,0.0,0.0
AB_UNSEEN_141,target_id,CHEMBL228,dtiam,dtbind,2,1,0.0,1.0,0.0,0.0,0.0
AB_UNSEEN_141,target_id,CHEMBL228,dtiam,nesso_pic50,2,1,1.0,0.0,0.0,0.0,0.0
AB_UNSEEN_141,target_id,CHEMBL228,conplex,nesso,2,1,1.0,0.0,0.0,0.0,0.0
AB_UNSEEN_141,target_id,CHEMBL228,conplex,probematch,2,1,1.0,0.0,0.0,0.0,0.0
AB_UNSEEN_141,target_id,CHEMBL228,conplex,dtbind,2,1,0.0,1.0,0.0,0.0,0.0
AB_UNSEEN_141,target_id,CHEMBL228,conplex,nesso_pic50,2,1,1.0,0.0,0.0,0.0,0.0
AB_UNSEEN_141,target_id,CHEMBL228,nesso,probematch,2,1,1.0,0.0,0.0,0.0,0.0
AB_UNSEEN_141,target_id,CHEMBL228,nesso,dtbind,2,1,0.0,1.0,0.0,0.0,0.0
AB_UNSEEN_141,target_id,CHEMBL228,nesso,nesso_pic50,2,1,1.0,0.0,0.0,0.0,0.0
AB_UNSEEN_141,target_id,CHEMBL228,probematch,dtbind,2,1,0.0,1.0,0.0,0.0,0.0
AB_UNSEEN_141,target_id,CHEMBL228,probematch,nesso_pic50,2,1,1.0,0.0,0.0,0.0,0.0
AB_UNSEEN_141,target_id,CHEMBL228,dtbind,nesso_pic50,2,1,0.0,0.0,1.0,0.0,0.0
AB_UNSEEN_141,target_id,CHEMBL238,biomaster,drugclip,2,1,1.0,0.0,0.0,0.0,0.0
AB_UNSEEN_141,target_id,CHEMBL238,biomaster,dtiam,2,1,0.0,1.0,0.0,0.0,0.0
AB_UNSEEN_141,target_id,CHEMBL238,biomaster,conplex,2,1,0.0,1.0,0.0,0.0,0.0
AB_UNSEEN_141,target_id,CHEMBL238,biomaster,nesso,2,1,1.0,0.0,0.0,0.0,0.0
AB_UNSEEN_141,target_id,CHEMBL238,biomaster,probematch,2,1,0.0,1.0,0.0,0.0,0.0
AB_UNSEEN_141,target_id,CHEMBL238,biomaster,dtbind,2,1,1.0,0.0,0.0,0.0,0.0
AB_UNSEEN_141,target_id,CHEMBL238,biomaster,nesso_pic50,2,1,1.0,0.0,0.0,0.0,0.0
AB_UNSEEN_141,target_id,CHEMBL238,drugclip,dtiam,2,1,0.0,1.0,0.0,0.0,0.0
AB_UNSEEN_141,target_id,CHEMBL238,drugclip,conplex,2,1,0.0,1.0,0.0,0.0,0.0
AB_UNSEEN_141,target_id,CHEMBL238,drugclip,nesso,2,1,1.0,0.0,0.0,0.0,0.0
AB_UNSEEN_141,target_id,CHEMBL238,drugclip,probematch,2,1,0.0,1.0,0.0,0.0,0.0
AB_UNSEEN_141,target_id,CHEMBL238,drugclip,dtbind,2,1,1.0,0.0,0.0,0.0,0.0
AB_UNSEEN_141,target_id,CHEMBL238,drugclip,nesso_pic50,2,1,1.0,0.0,0.0,0.0,0.0
AB_UNSEEN_141,target_id,CHEMBL238,dtiam,conplex,2,1,0.0,0.0,0.0,1.0,0.0
AB_UNSEEN_141,target_id,CHEMBL238,dtiam,nesso,2,1,0.0,0.0,1.0,0.0,0.0
AB_UNSEEN_141,target_id,CHEMBL238,dtiam,probematch,2,1,0.0,0.0,0.0,1.0,0.0
AB_UNSEEN_141,target_id,CHEMBL238,dtiam,dtbind,2,1,0.0,0.0,1.0,0.0,0.0
AB_UNSEEN_141,target_id,CHEMBL238,dtiam,nesso_pic50,2,1,0.0,0.0,1.0,0.0,0.0
AB_UNSEEN_141,target_id,CHEMBL238,conplex,nesso,2,1,0.0,0.0,1.0,0.0,0.0
AB_UNSEEN_141,target_id,CHEMBL238,conplex,probematch,2,1,0.0,0.0,0.0,1.0,0.0
AB_UNSEEN_141,target_id,CHEMBL238,conplex,dtbind,2,1,0.0,0.0,1.0,0.0,0.0
AB_UNSEEN_141,target_id,CHEMBL238,conplex,nesso_pic50,2,1,0.0,0.0,1.0,0.0,0.0
AB_UNSEEN_141,target_id,CHEMBL238,nesso,probematch,2,1,0.0,1.0,0.0,0.0,0.0
AB_UNSEEN_141,target_id,CHEMBL238,nesso,dtbind,2,1,1.0,0.0,0.0,0.0,0.0
AB_UNSEEN_141,target_id,CHEMBL238,nesso,nesso_pic50,2,1,1.0,0.0,0.0,0.0,0.0
AB_UNSEEN_141,target_id,CHEMBL238,probematch,dtbind,2,1,0.0,0.0,1.0,0.0,0.0
AB_UNSEEN_141,target_id,CHEMBL238,probematch,nesso_pic50,2,1,0.0,0.0,1.0,0.0,0.0
AB_UNSEEN_141,target_id,CHEMBL238,dtbind,nesso_pic50,2,1,1.0,0.0,0.0,0.0,0.0
AB_UNSEEN_141,target_id,CHEMBL2527,biomaster,drugclip,4,4,0.0,0.5,0.25,0.25,0.0
AB_UNSEEN_141,target_id,CHEMBL2527,biomaster,dtiam,4,4,0.0,0.5,0.0,0.5,0.0
AB_UNSEEN_141,target_id,CHEMBL2527,biomaster,conplex,4,4,0.0,0.0,0.0,0.0,1.0
AB_UNSEEN_141,target_id,CHEMBL2527,biomaster,nesso,4,4,0.5,0.0,0.5,0.0,0.0
AB_UNSEEN_141,target_id,CHEMBL2527,biomaster,probematch,4,4,0.5,0.0,0.5,0.0,0.0
AB_UNSEEN_141,target_id,CHEMBL2527,biomaster,dtbind,4,4,0.0,0.5,0.0,0.5,0.0
AB_UNSEEN_141,target_id,CHEMBL2527,biomaster,nesso_pic50,4,4,0.25,0.25,0.5,0.0,0.0
AB_UNSEEN_141,target_id,CHEMBL2527,drugclip,dtiam,4,4,0.0,0.25,0.0,0.75,0.0
AB_UNSEEN_141,target_id,CHEMBL2527,drugclip,conplex,4,4,0.0,0.0,0.0,0.0,1.0
AB_UNSEEN_141,target_id,CHEMBL2527,drugclip,nesso,4,4,0.25,0.0,0.75,0.0,0.0
AB_UNSEEN_141,target_id,CHEMBL2527,drugclip,probematch,4,4,0.25,0.0,0.75,0.0,0.0
AB_UNSEEN_141,target_id,CHEMBL2527,drugclip,dtbind,4,4,0.0,0.25,0.0,0.75,0.0
AB_UNSEEN_141,target_id,CHEMBL2527,drugclip,nesso_pic50,4,4,0.25,0.0,0.5,0.25,0.0
AB_UNSEEN_141,target_id,CHEMBL2527,dtiam,conplex,4,4,0.0,0.0,0.0,0.0,1.0
AB_UNSEEN_141,target_id,CHEMBL2527,dtiam,nesso,4,4,0.0,0.0,1.0,0.0,0.0
AB_UNSEEN_141,target_id,CHEMBL2527,dtiam,probematch,4,4,0.0,0.0,1.0,0.0,0.0
AB_UNSEEN_141,target_id,CHEMBL2527,dtiam,dtbind,4,4,0.0,0.0,0.0,1.0,0.0
AB_UNSEEN_141,target_id,CHEMBL2527,dtiam,nesso_pic50,4,4,0.0,0.0,0.75,0.25,0.0
AB_UNSEEN_141,target_id,CHEMBL2527,conplex,nesso,4,4,0.0,0.0,0.0,0.0,1.0
AB_UNSEEN_141,target_id,CHEMBL2527,conplex,probematch,4,4,0.0,0.0,0.0,0.0,1.0
AB_UNSEEN_141,target_id,CHEMBL2527,conplex,dtbind,4,4,0.0,0.0,0.0,0.0,1.0
AB_UNSEEN_141,target_id,CHEMBL2527,conplex,nesso_pic50,4,4,0.0,0.0,0.0,0.0,1.0
AB_UNSEEN_141,target_id,CHEMBL2527,nesso,probematch,4,4,1.0,0.0,0.0,0.0,0.0
AB_UNSEEN_141,target_id,CHEMBL2527,nesso,dtbind,4,4,0.0,1.0,0.0,0.0,0.0
AB_UNSEEN_141,target_id,CHEMBL2527,nesso,nesso_pic50,4,4,0.75,0.25,0.0,0.0,0.0
AB_UNSEEN_141,target_id,CHEMBL2527,probematch,dtbind,4,4,0.0,1.0,0.0,0.0,0.0
AB_UNSEEN_141,target_id,CHEMBL2527,probematch,nesso_pic50,4,4,0.75,0.25,0.0,0.0,0.0
AB_UNSEEN_141,target_id,CHEMBL2527,dtbind,nesso_pic50,4,4,0.0,0.0,0.75,0.25,0.0
AB_UNSEEN_141,target_id,CHEMBL279,biomaster,drugclip,4,3,1.0,0.0,0.0,0.0,0.0
AB_UNSEEN_141,target_id,CHEMBL279,biomaster,dtiam,4,3,0.3333333333333333,0.6666666666666666,0.0,0.0,0.0
AB_UNSEEN_141,target_id,CHEMBL279,biomaster,conplex,4,3,1.0,0.0,0.0,0.0,0.0
AB_UNSEEN_141,target_id,CHEMBL279,biomaster,nesso,4,3,0.6666666666666666,0.3333333333333333,0.0,0.0,0.0
AB_UNSEEN_141,target_id,CHEMBL279,biomaster,probematch,4,3,0.3333333333333333,0.6666666666666666,0.0,0.0,0.0
AB_UNSEEN_141,target_id,CHEMBL279,biomaster,dtbind,4,3,0.0,1.0,0.0,0.0,0.0
AB_UNSEEN_141,target_id,CHEMBL279,biomaster,nesso_pic50,4,3,1.0,0.0,0.0,0.0,0.0
AB_UNSEEN_141,target_id,CHEMBL279,drugclip,dtiam,4,3,0.3333333333333333,0.6666666666666666,0.0,0.0,0.0
AB_UNSEEN_141,target_id,CHEMBL279,drugclip,conplex,4,3,1.0,0.0,0.0,0.0,0.0
AB_UNSEEN_141,target_id,CHEMBL279,drugclip,nesso,4,3,0.6666666666666666,0.3333333333333333,0.0,0.0,0.0
AB_UNSEEN_141,target_id,CHEMBL279,drugclip,probematch,4,3,0.3333333333333333,0.6666666666666666,0.0,0.0,0.0
AB_UNSEEN_141,target_id,CHEMBL279,drugclip,dtbind,4,3,0.0,1.0,0.0,0.0,0.0
AB_UNSEEN_141,target_id,CHEMBL279,drugclip,nesso_pic50,4,3,1.0,0.0,0.0,0.0,0.0
AB_UNSEEN_141,target_id,CHEMBL279,dtiam,conplex,4,3,0.3333333333333333,0.0,0.6666666666666666,0.0,0.0
AB_UNSEEN_141,target_id,CHEMBL279,dtiam,nesso,4,3,0.3333333333333333,0.0,0.3333333333333333,0.3333333333333333,0.0
AB_UNSEEN_141,target_id,CHEMBL279,dtiam,probematch,4,3,0.0,0.3333333333333333,0.3333333333333333,0.3333333333333333,0.0
AB_UNSEEN_141,target_id,CHEMBL279,dtiam,dtbind,4,3,0.0,0.3333333333333333,0.0,0.6666666666666666,0.0
AB_UNSEEN_141,target_id,CHEMBL279,dtiam,nesso_pic50,4,3,0.3333333333333333,0.0,0.6666666666666666,0.0,0.0
AB_UNSEEN_141,target_id,CHEMBL279,conplex,nesso,4,3,0.6666666666666666,0.3333333333333333,0.0,0.0,0.0
AB_UNSEEN_141,target_id,CHEMBL279,conplex,probematch,4,3,0.3333333333333333,0.6666666666666666,0.0,0.0,0.0
AB_UNSEEN_141,target_id,CHEMBL279,conplex,dtbind,4,3,0.0,1.0,0.0,0.0,0.0
AB_UNSEEN_141,target_id,CHEMBL279,conplex,nesso_pic50,4,3,1.0,0.0,0.0,0.0,0.0
AB_UNSEEN_141,target_id,CHEMBL279,nesso,probematch,4,3,0.0,0.6666666666666666,0.3333333333333333,0.0,0.0
AB_UNSEEN_141,target_id,CHEMBL279,nesso,dtbind,4,3,0.0,0.6666666666666666,0.0,0.3333333333333333,0.0
AB_UNSEEN_141,target_id,CHEMBL279,nesso,nesso_pic50,4,3,0.6666666666666666,0.0,0.3333333333333333,0.0,0.0
AB_UNSEEN_141,target_id,CHEMBL279,probematch,dtbind,4,3,0.0,0.3333333333333333,0.0,0.6666666666666666,0.0
AB_UNSEEN_141,target_id,CHEMBL279,probematch,nesso_pic50,4,3,0.3333333333333333,0.0,0.6666666666666666,0.0,0.0
AB_UNSEEN_141,target_id,CHEMBL279,dtbind,nesso_pic50,4,3,0.0,0.0,1.0,0.0,0.0
AB_UNSEEN_141,target_id,CHEMBL3009,biomaster,drugclip,3,2,0.0,1.0,0.0,0.0,0.0
AB_UNSEEN_141,target_id,CHEMBL3009,biomaster,dtiam,3,2,0.5,0.5,0.0,0.0,0.0
AB_UNSEEN_141,target_id,CHEMBL3009,biomaster,conplex,3,2,0.5,0.5,0.0,0.0,0.0
AB_UNSEEN_141,target_id,CHEMBL3009,biomaster,nesso,3,2,1.0,0.0,0.0,0.0,0.0
AB_UNSEEN_141,target_id,CHEMBL3009,biomaster,probematch,3,2,1.0,0.0,0.0,0.0,0.0
AB_UNSEEN_141,target_id,CHEMBL3009,biomaster,dtbind,3,2,0.0,1.0,0.0,0.0,0.0
AB_UNSEEN_141,target_id,CHEMBL3009,biomaster,nesso_pic50,3,2,1.0,0.0,0.0,0.0,0.0
AB_UNSEEN_141,target_id,CHEMBL3009,drugclip,dtiam,3,2,0.0,0.0,0.5,0.5,0.0
AB_UNSEEN_141,target_id,CHEMBL3009,drugclip,conplex,3,2,0.0,0.0,0.5,0.5,0.0
AB_UNSEEN_141,target_id,CHEMBL3009,drugclip,nesso,3,2,0.0,0.0,1.0,0.0,0.0
AB_UNSEEN_141,target_id,CHEMBL3009,drugclip,probematch,3,2,0.0,0.0,1.0,0.0,0.0
AB_UNSEEN_141,target_id,CHEMBL3009,drugclip,dtbind,3,2,0.0,0.0,0.0,1.0,0.0
AB_UNSEEN_141,target_id,CHEMBL3009,drugclip,nesso_pic50,3,2,0.0,0.0,1.0,0.0,0.0
AB_UNSEEN_141,target_id,CHEMBL3009,dtiam,conplex,3,2,0.5,0.0,0.0,0.5,0.0
AB_UNSEEN_141,target_id,CHEMBL3009,dtiam,nesso,3,2,0.5,0.0,0.5,0.0,0.0
AB_UNSEEN_141,target_id,CHEMBL3009,dtiam,probematch,3,2,0.5,0.0,0.5,0.0,0.0
AB_UNSEEN_141,target_id,CHEMBL3009,dtiam,dtbind,3,2,0.0,0.5,0.0,0.5,0.0
AB_UNSEEN_141,target_id,CHEMBL3009,dtiam,nesso_pic50,3,2,0.5,0.0,0.5,0.0,0.0
AB_UNSEEN_141,target_id,CHEMBL3009,conplex,nesso,3,2,0.5,0.0,0.5,0.0,0.0
AB_UNSEEN_141,target_id,CHEMBL3009,conplex,probematch,3,2,0.5,0.0,0.5,0.0,0.0
AB_UNSEEN_141,target_id,CHEMBL3009,conplex,dtbind,3,2,0.0,0.5,0.0,0.5,0.0
AB_UNSEEN_141,target_id,CHEMBL3009,conplex,nesso_pic50,3,2,0.5,0.0,0.5,0.0,0.0
AB_UNSEEN_141,target_id,CHEMBL3009,nesso,probematch,3,2,1.0,0.0,0.0,0.0,0.0
AB_UNSEEN_141,target_id,CHEMBL3009,nesso,dtbind,3,2,0.0,1.0,0.0,0.0,0.0
AB_UNSEEN_141,target_id,CHEMBL3009,nesso,nesso_pic50,3,2,1.0,0.0,0.0,0.0,0.0
AB_UNSEEN_141,target_id,CHEMBL3009,probematch,dtbind,3,2,0.0,1.0,0.0,0.0,0.0
AB_UNSEEN_141,target_id,CHEMBL3009,probematch,nesso_pic50,3,2,1.0,0.0,0.0,0.0,0.0
AB_UNSEEN_141,target_id,CHEMBL3009,dtbind,nesso_pic50,3,2,0.0,0.0,1.0,0.0,0.0
AB_UNSEEN_141,target_id,CHEMBL4247,biomaster,drugclip,5,6,0.6666666666666666,0.16666666666666666,0.16666666666666666,0.0,0.0
AB_UNSEEN_141,target_id,CHEMBL4247,biomaster,dtiam,5,6,0.5,0.3333333333333333,0.16666666666666666,0.0,0.0
AB_UNSEEN_141,target_id,CHEMBL4247,biomaster,conplex,5,6,0.6666666666666666,0.16666666666666666,0.0,0.16666666666666666,0.0
AB_UNSEEN_141,target_id,CHEMBL4247,biomaster,nesso,5,6,0.8333333333333334,0.0,0.16666666666666666,0.0,0.0
AB_UNSEEN_141,target_id,CHEMBL4247,biomaster,probematch,5,6,0.16666666666666666,0.6666666666666666,0.0,0.16666666666666666,0.0
AB_UNSEEN_141,target_id,CHEMBL4247,biomaster,dtbind,5,6,0.5,0.3333333333333333,0.16666666666666666,0.0,0.0
AB_UNSEEN_141,target_id,CHEMBL4247,biomaster,nesso_pic50,5,6,0.8333333333333334,0.0,0.16666666666666666,0.0,0.0
AB_UNSEEN_141,target_id,CHEMBL4247,drugclip,dtiam,5,6,0.5,0.3333333333333333,0.16666666666666666,0.0,0.0
AB_UNSEEN_141,target_id,CHEMBL4247,drugclip,conplex,5,6,0.5,0.3333333333333333,0.16666666666666666,0.0,0.0
AB_UNSEEN_141,target_id,CHEMBL4247,drugclip,nesso,5,6,0.8333333333333334,0.0,0.16666666666666666,0.0,0.0
AB_UNSEEN_141,target_id,CHEMBL4247,drugclip,probematch,5,6,0.0,0.8333333333333334,0.16666666666666666,0.0,0.0
AB_UNSEEN_141,target_id,CHEMBL4247,drugclip,dtbind,5,6,0.5,0.3333333333333333,0.16666666666666666,0.0,0.0
AB_UNSEEN_141,target_id,CHEMBL4247,drugclip,nesso_pic50,5,6,0.8333333333333334,0.0,0.16666666666666666,0.0,0.0
AB_UNSEEN_141,target_id,CHEMBL4247,dtiam,conplex,5,6,0.5,0.16666666666666666,0.16666666666666666,0.16666666666666666,0.0
AB_UNSEEN_141,target_id,CHEMBL4247,dtiam,nesso,5,6,0.6666666666666666,0.0,0.3333333333333333,0.0,0.0
AB_UNSEEN_141,target_id,CHEMBL4247,dtiam,probematch,5,6,0.16666666666666666,0.5,0.0,0.3333333333333333,0.0
AB_UNSEEN_141,target_id,CHEMBL4247,dtiam,dtbind,5,6,0.5,0.16666666666666666,0.16666666666666666,0.16666666666666666,0.0
AB_UNSEEN_141,target_id,CHEMBL4247,dtiam,nesso_pic50,5,6,0.6666666666666666,0.0,0.3333333333333333,0.0,0.0
AB_UNSEEN_141,target_id,CHEMBL4247,conplex,nesso,5,6,0.6666666666666666,0.0,0.3333333333333333,0.0,0.0
AB_UNSEEN_141,target_id,CHEMBL4247,conplex,probematch,5,6,0.16666666666666666,0.5,0.0,0.3333333333333333,0.0
AB_UNSEEN_141,target_id,CHEMBL4247,conplex,dtbind,5,6,0.3333333333333333,0.3333333333333333,0.3333333333333333,0.0,0.0
AB_UNSEEN_141,target_id,CHEMBL4247,conplex,nesso_pic50,5,6,0.6666666666666666,0.0,0.3333333333333333,0.0,0.0
AB_UNSEEN_141,target_id,CHEMBL4247,nesso,probematch,5,6,0.16666666666666666,0.8333333333333334,0.0,0.0,0.0
AB_UNSEEN_141,target_id,CHEMBL4247,nesso,dtbind,5,6,0.6666666666666666,0.3333333333333333,0.0,0.0,0.0
AB_UNSEEN_141,target_id,CHEMBL4247,nesso,nesso_pic50,5,6,1.0,0.0,0.0,0.0,0.0
AB_UNSEEN_141,target_id,CHEMBL4247,probematch,dtbind,5,6,0.16666666666666666,0.0,0.5,0.3333333333333333,0.0
AB_UNSEEN_141,target_id,CHEMBL4247,probematch,nesso_pic50,5,6,0.16666666666666666,0.0,0.8333333333333334,0.0,0.0
AB_UNSEEN_141,target_id,CHEMBL4247,dtbind,nesso_pic50,5,6,0.6666666666666666,0.0,0.3333333333333333,0.0,0.0
AB_UNSEEN_141,target_id,CHEMBL5331,biomaster,drugclip,3,2,0.5,0.5,0.0,0.0,0.0
AB_UNSEEN_141,target_id,CHEMBL5331,biomaster,dtiam,3,2,1.0,0.0,0.0,0.0,0.0
AB_UNSEEN_141,target_id,CHEMBL5331,biomaster,conplex,3,2,1.0,0.0,0.0,0.0,0.0
AB_UNSEEN_141,target_id,CHEMBL5331,biomaster,nesso,3,2,1.0,0.0,0.0,0.0,0.0
AB_UNSEEN_141,target_id,CHEMBL5331,biomaster,probematch,3,2,0.5,0.5,0.0,0.0,0.0
AB_UNSEEN_141,target_id,CHEMBL5331,biomaster,dtbind,3,2,0.5,0.5,0.0,0.0,0.0
AB_UNSEEN_141,target_id,CHEMBL5331,biomaster,nesso_pic50,3,2,1.0,0.0,0.0,0.0,0.0
AB_UNSEEN_141,target_id,CHEMBL5331,drugclip,dtiam,3,2,0.5,0.0,0.5,0.0,0.0
AB_UNSEEN_141,target_id,CHEMBL5331,drugclip,conplex,3,2,0.5,0.0,0.5,0.0,0.0
AB_UNSEEN_141,target_id,CHEMBL5331,drugclip,nesso,3,2,0.5,0.0,0.5,0.0,0.0
AB_UNSEEN_141,target_id,CHEMBL5331,drugclip,probematch,3,2,0.0,0.5,0.5,0.0,0.0
AB_UNSEEN_141,target_id,CHEMBL5331,drugclip,dtbind,3,2,0.5,0.0,0.0,0.5,0.0
AB_UNSEEN_141,target_id,CHEMBL5331,drugclip,nesso_pic50,3,2,0.5,0.0,0.5,0.0,0.0
AB_UNSEEN_141,target_id,CHEMBL5331,dtiam,conplex,3,2,1.0,0.0,0.0,0.0,0.0
AB_UNSEEN_141,target_id,CHEMBL5331,dtiam,nesso,3,2,1.0,0.0,0.0,0.0,0.0
AB_UNSEEN_141,target_id,CHEMBL5331,dtiam,probematch,3,2,0.5,0.5,0.0,0.0,0.0
AB_UNSEEN_141,target_id,CHEMBL5331,dtiam,dtbind,3,2,0.5,0.5,0.0,0.0,0.0
AB_UNSEEN_141,target_id,CHEMBL5331,dtiam,nesso_pic50,3,2,1.0,0.0,0.0,0.0,0.0
AB_UNSEEN_141,target_id,CHEMBL5331,conplex,nesso,3,2,1.0,0.0,0.0,0.0,0.0
AB_UNSEEN_141,target_id,CHEMBL5331,conplex,probematch,3,2,0.5,0.5,0.0,0.0,0.0
AB_UNSEEN_141,target_id,CHEMBL5331,conplex,dtbind,3,2,0.5,0.5,0.0,0.0,0.0
AB_UNSEEN_141,target_id,CHEMBL5331,conplex,nesso_pic50,3,2,1.0,0.0,0.0,0.0,0.0
AB_UNSEEN_141,target_id,CHEMBL5331,nesso,probematch,3,2,0.5,0.5,0.0,0.0,0.0
AB_UNSEEN_141,target_id,CHEMBL5331,nesso,dtbind,3,2,0.5,0.5,0.0,0.0,0.0
AB_UNSEEN_141,target_id,CHEMBL5331,nesso,nesso_pic50,3,2,1.0,0.0,0.0,0.0,0.0
AB_UNSEEN_141,target_id,CHEMBL5331,probematch,dtbind,3,2,0.0,0.5,0.5,0.0,0.0
AB_UNSEEN_141,target_id,CHEMBL5331,probematch,nesso_pic50,3,2,0.5,0.0,0.5,0.0,0.0
AB_UNSEEN_141,target_id,CHEMBL5331,dtbind,nesso_pic50,3,2,0.5,0.0,0.5,0.0,0.0
