target_chembl_id,gene_symbol,uniprot_accession,target_class_zh,assay_lane,target_calibration_tier,positive_compounds,negative_compounds,panel_quota_per_class,positive_pool,primary_negative_pool,all_negative_pool,panel_quality,selected_positive,selected_negative,development_rows,locked_evaluation_rows,gnina_gate_b_remote_positive_rows,gnina_gate_a_formally_evaluable,gnina_gate_a_auroc_primary_cnn_affinity,gnina_gate_a_average_precision_primary_cnn_affinity,gnina_gate_a_bedroc_alpha20_primary_cnn_affinity,gnina_gate_a_ef_5pct,gnina_gate_a_bootstrap_auroc_ci_low,gnina_gate_a_bootstrap_auroc_ci_high,gnina_gate_a_permutation_bh_q,gnina_gate_a_primary_gate_pass,gnina_gate_a_primary_gate_strong,gnina_gate_b_formally_evaluable,gnina_gate_b_auroc_primary_cnn_affinity,gnina_gate_b_average_precision_primary_cnn_affinity,gnina_gate_b_bedroc_alpha20_primary_cnn_affinity,gnina_gate_b_ef_5pct,gnina_gate_b_bootstrap_auroc_ci_low,gnina_gate_b_bootstrap_auroc_ci_high,gnina_gate_b_permutation_bh_q,gnina_gate_b_primary_gate_pass,gnina_gate_b_primary_gate_strong,gnina_target_qualification,gnina_use_policy,gate_a_scope,gate_a_rows,gate_a_positive,gate_a_negative,gate_a_formally_evaluable,gate_a_auroc_affinity_probability_binary,gate_a_average_precision_affinity_probability_binary,gate_a_auroc_secondary_ligand_iptm,gate_a_average_precision_secondary_ligand_iptm,gate_a_bedroc_alpha20_affinity_probability_binary,gate_a_bootstrap_auroc_ci_low,gate_a_bootstrap_auroc_ci_high,gate_a_permutation_p_one_sided,gate_a_ef_5pct,gate_a_permutation_bh_q,gate_a_primary_gate_pass_raw,gate_a_gate_a_dependency_pass,gate_a_primary_gate_pass,gate_a_primary_gate_strong,gate_b_scope,gate_b_rows,gate_b_positive,gate_b_negative,gate_b_formally_evaluable,gate_b_auroc_affinity_probability_binary,gate_b_average_precision_affinity_probability_binary,gate_b_auroc_secondary_ligand_iptm,gate_b_average_precision_secondary_ligand_iptm,gate_b_bedroc_alpha20_affinity_probability_binary,gate_b_bootstrap_auroc_ci_low,gate_b_bootstrap_auroc_ci_high,gate_b_permutation_p_one_sided,gate_b_ef_5pct,gate_b_permutation_bh_q,gate_b_primary_gate_pass_raw,gate_b_gate_a_dependency_pass,gate_b_primary_gate_pass,gate_b_primary_gate_strong,development_positive_n,development_negative_n,development_positive_q25,development_positive_median,development_negative_q90,development_negative_q95,development_negative_q99,boltz_target_qualification,boltz_use_policy,final_audit_status,redock_status_final,redock_best_symmetry_rmsd_A_final,pdb_id,target_chain_id,alternate_structure_used,docking_context_included,usable_experimental_pocket_instances,usable_experimental_pdbs,alternate_experimental_pdb_count,target_route,target_route_zh,qualified_models,allowed_scope_zh,next_compute_action_zh,target_route_priority,01_STRICT_AB_DISCOVERY_CORE,02_STRICT_C_DISCOVERY_RESERVE,03_LOCAL_ANALOG_BASELINE,04_RECEPTOR_PROTOCOL_REVIEW_AB,05_RECEPTOR_PROTOCOL_REVIEW_C,06_IN_DOMAIN_BELOW_BACKGROUND,07_OUT_OF_DOMAIN_EXPLORATORY,08_KNOWN_CONTROL_CALIBRATION_ONLY,09_TECHNICAL_INCOMPLETE,strict_boltz_abc_pairs,receptor_review_abc_pairs,strict_gnina_abc_pairs,P1_DUAL_STRUCTURE_SUPPORT,P2_BOLTZ_SUPPORT_GNINA_DISAGREES,P3_GNINA_SUPPORT_BOLTZ_DISAGREES,P4_BOLTZ_ONLY_APPLICABLE,P5_GNINA_ONLY_APPLICABLE,physical_union_pairs,urgent_receptor_repair,task_code,diagnostic_scope
CHEMBL3004,ABCC1,P33527,转运体,TRANSPORTER_MEMBRANE_FUNCTIONAL,T1_RICH_POSITIVE_NEGATIVE,55,384,32,94.0,101.0,415.0,PRIMARY_QUANTITATIVE,32.0,32.0,32.0,32.0,7.0,True,0.609375,0.5835984282530335,0.2655328219885407,0.0,0.4041666666666667,0.8052038239538238,0.2929385345952392,False,False,True,0.3877551020408163,0.477045177045177,0.0566121604277389,0.0,0.0888888888888888,0.7333333333333334,0.9262193857524792,False,False,GATE_A_FAIL,DO_NOT_USE_GNINA_FOR_DISCOVERY_SELECTION,GATE_A,32.0,16.0,16.0,True,0.609375,0.628652269106023,0.42578125,0.4898938544796865,0.6886072535185043,0.373015873015873,0.8016648065476191,0.1549225387306347,1.0,0.250991822524492,False,False,False,False,GATE_B,14.0,7.0,7.0,True,0.6734693877551021,0.7472789115646259,0.5714285714285714,0.7023809523809523,0.9538209481777996,0.3469387755102041,0.9583333333333331,0.1374312843578211,2.0,0.2916480690952234,False,False,False,False,16.0,16.0,0.3652966320514679,0.4640090614557266,0.5356677174568176,0.5510776191949844,0.5760778456926345,BOLTZ_GATE_A_FAIL,DO_NOT_USE_BOLTZ_FOR_DISCOVERY_SELECTION,FROZEN_PASS,PASS,2.2406,2cbz,A,,True,9,4,3,E5_NO_MODEL_QUALIFICATION,当前模型未取得资格,NONE,停止同协议扩筛；先诊断历史对照与结构状态,检查标签、阴性、构象和口袋；不追加同协议pair筛选,5,0,0,0,0,0,0,5,0,0,0,0,0,0,0,0,0,0,0,False,C0_GATE_FAILURE_DIAGNOSTIC,control labels; property separability; receptor state; pocket; model direction
CHEMBL220,ACHE,P22303,酶（非激酶）,ENZYME_BIOCHEMICAL,T1_RICH_POSITIVE_NEGATIVE,2363,1538,32,2302.0,1667.0,2215.0,PRIMARY_QUANTITATIVE,32.0,32.0,32.0,32.0,10.0,True,0.59765625,0.6369201941494442,0.7741830320171936,2.0,0.3803141711229946,0.7968923962550606,0.3157041794255528,False,False,True,0.64,0.6458061383061382,0.7337827998211878,2.0,0.3737272727272727,0.8787878787878788,0.4537478867862791,False,False,GATE_A_FAIL,DO_NOT_USE_GNINA_FOR_DISCOVERY_SELECTION,GATE_A,32.0,16.0,16.0,True,0.36328125,0.4405606982877399,0.53515625,0.5436483489204456,0.2935359784657336,0.1739035087719298,0.5844536323051949,0.9100449775112444,1.0,0.9810893809600776,False,False,False,False,GATE_B,20.0,10.0,10.0,True,0.37,0.4438000449842555,0.49,0.5290950226244344,0.0978942786035226,0.1211818181818181,0.6458333333333334,0.8190904547726137,0.0,0.9320157734897734,False,False,False,False,16.0,16.0,0.5082404017448425,0.5992266833782196,0.6654986143112183,0.6903892457485199,0.7426818072795868,BOLTZ_GATE_A_FAIL,DO_NOT_USE_BOLTZ_FOR_DISCOVERY_SELECTION,FROZEN_PASS,PASS,0.148,4ey5,B,,False,509,76,75,E5_NO_MODEL_QUALIFICATION,当前模型未取得资格,NONE,停止同协议扩筛；先诊断历史对照与结构状态,检查标签、阴性、构象和口袋；不追加同协议pair筛选,5,0,0,0,0,0,0,5,0,0,0,0,0,0,0,0,0,0,0,False,C0_GATE_FAILURE_DIAGNOSTIC,control labels; property separability; receptor state; pocket; model direction
CHEMBL3720,ACLY,P53396,酶（非激酶）,ENZYME_BIOCHEMICAL,T1_RICH_POSITIVE_NEGATIVE,73,432,32,125.0,439.0,440.0,PRIMARY_QUANTITATIVE,32.0,32.0,32.0,32.0,4.0,True,0.58984375,0.6423701721540878,0.8115199261426905,2.0,0.3764338235294117,0.7738392857142856,0.3390764884997684,False,False,True,0.3125,0.475,0.0753536127746236,0.0,0.0,0.8125,0.9480254391599556,False,False,GATE_A_FAIL,DO_NOT_USE_GNINA_FOR_DISCOVERY_SELECTION,GATE_A,32.0,16.0,16.0,True,0.4296875,0.4829324572840895,0.4375,0.4991824263404802,0.307879630945049,0.2348067434210526,0.650054347826087,0.7496251874062968,1.0,0.880126738250308,False,False,False,False,GATE_B,8.0,4.0,4.0,True,0.3125,0.475,0.125,0.3988095238095238,0.0753536127746236,0.0,0.8333333333333334,0.8280859570214892,0.0,0.9320157734897734,False,False,False,False,16.0,16.0,0.6640999019145966,0.7014108896255493,0.7833414375782013,0.807017132639885,0.8079091638326645,BOLTZ_GATE_A_FAIL,DO_NOT_USE_BOLTZ_FOR_DISCOVERY_SELECTION,FROZEN_PASS,PASS,1.5285,3pff,A,,True,341,33,32,E5_NO_MODEL_QUALIFICATION,当前模型未取得资格,NONE,停止同协议扩筛；先诊断历史对照与结构状态,检查标签、阴性、构象和口袋；不追加同协议pair筛选,5,0,0,0,0,0,0,5,0,0,0,0,0,0,0,0,0,0,0,False,C0_GATE_FAILURE_DIAGNOSTIC,control labels; property separability; receptor state; pocket; model direction
CHEMBL3201,AHR,P35869,核内/表观遗传蛋白,NUCLEAR_EPIGENETIC_DOMAIN,T1_RICH_POSITIVE_NEGATIVE,52,52,16,52.0,17.0,49.0,PRIMARY_QUANTITATIVE,16.0,16.0,16.0,16.0,7.0,True,0.59375,0.6141826923076923,0.2846688515330772,0.0,0.28125,0.8910321969696963,0.4341987158123931,False,False,True,0.6326530612244898,0.6322261072261072,0.2388718594891028,0.0,0.3,0.9183673469387754,0.5071476270783579,False,False,GATE_A_FAIL,DO_NOT_USE_GNINA_FOR_DISCOVERY_SELECTION,GATE_A,16.0,8.0,8.0,True,0.4375,0.5181089743589744,0.53125,0.6582799145299145,0.2273607534363896,0.126984126984127,0.75,0.7106446776611695,0.0,0.8515989938914841,False,False,False,False,GATE_B,14.0,7.0,7.0,True,0.3877551020408163,0.4935064935064934,0.5102040816326531,0.6446410732125016,0.19516661450256,0.0814668367346938,0.7250568181818181,0.736631684157921,0.0,0.8751436247688121,False,False,False,False,8.0,8.0,0.5980240404605865,0.6044838428497314,0.6539632439613342,0.6565780818462372,0.6586699521541596,BOLTZ_GATE_A_FAIL,DO_NOT_USE_BOLTZ_FOR_DISCOVERY_SELECTION,FROZEN_PASS,PASS,0.9369,8qmo,D,,False,3,3,2,E5_NO_MODEL_QUALIFICATION,当前模型未取得资格,NONE,停止同协议扩筛；先诊断历史对照与结构状态,检查标签、阴性、构象和口袋；不追加同协议pair筛选,5,0,0,0,0,0,0,5,0,0,0,0,0,0,0,0,0,0,0,False,C0_GATE_FAILURE_DIAGNOSTIC,control labels; property separability; receptor state; pocket; model direction
CHEMBL1900,AKR1B1,P15121,酶（非激酶）,ENZYME_BIOCHEMICAL,T1_RICH_POSITIVE_NEGATIVE,253,102,32,257.0,116.0,123.0,PRIMARY_QUANTITATIVE,32.0,32.0,32.0,32.0,10.0,True,0.5078125,0.6257969368453649,0.9208108559894106,2.0,0.2941176470588235,0.7137254901960784,0.624006929383354,False,False,True,0.5599999999999999,0.6793332596196373,0.9524768517208172,2.0,0.2828282828282829,0.8181818181818181,0.6322035592881424,False,False,GATE_A_FAIL,DO_NOT_USE_GNINA_FOR_DISCOVERY_SELECTION,GATE_A,32.0,16.0,16.0,True,0.56640625,0.5286107536786885,0.5078125,0.576870894206087,0.1738218466031999,0.3665277777777778,0.7804136029411765,0.2623688155922039,0.0,0.3901895206243032,False,False,False,False,GATE_B,20.0,10.0,10.0,True,0.47,0.4852000287294404,0.54,0.6403666216824111,0.0922082205596667,0.1866428571428571,0.75,0.6016991504247876,0.0,0.7805957486373092,False,False,False,False,16.0,16.0,0.6898020505905151,0.747005045413971,0.8165176510810852,0.8548866361379623,0.9172912329435348,BOLTZ_GATE_A_FAIL,DO_NOT_USE_BOLTZ_FOR_DISCOVERY_SELECTION,FROZEN_PASS,PASS,1.3812,2fzb,A,,True,442,176,175,E5_NO_MODEL_QUALIFICATION,当前模型未取得资格,NONE,停止同协议扩筛；先诊断历史对照与结构状态,检查标签、阴性、构象和口袋；不追加同协议pair筛选,5,0,0,0,0,0,0,5,0,0,0,0,0,0,0,0,0,0,0,False,C0_GATE_FAILURE_DIAGNOSTIC,control labels; property separability; receptor state; pocket; model direction
CHEMBL4282,AKT1,P31749,激酶,KINASE_BIOCHEMICAL,T1_RICH_POSITIVE_NEGATIVE,1475,584,32,1480.0,516.0,728.0,PRIMARY_QUANTITATIVE,32.0,32.0,32.0,32.0,7.0,True,0.63671875,0.7284888916936221,0.9405848536803024,2.0,0.420828373015873,0.8353443043884218,0.2268691423005721,False,False,True,0.2653061224489795,0.4966854573997431,0.7605536754859065,2.0,0.0,0.5833333333333333,0.9989220262943296,False,False,GATE_A_FAIL,DO_NOT_USE_GNINA_FOR_DISCOVERY_SELECTION,GATE_A,32.0,16.0,16.0,True,0.54296875,0.5335420240022167,0.484375,0.5211633363868895,0.3098887875514751,0.345,0.75,0.3263368315842079,1.0,0.4661954736917256,False,False,False,False,GATE_B,14.0,7.0,7.0,True,0.4081632653061224,0.4832722832722832,0.4489795918367347,0.5128427128427128,0.1853093053297525,0.0833333333333333,0.7292708333333333,0.7251374312843578,0.0,0.8689146805907391,False,False,False,False,16.0,16.0,0.4439903870224952,0.5243787467479706,0.6950885653495789,0.7440562695264816,0.7755542367696762,BOLTZ_GATE_A_FAIL,DO_NOT_USE_BOLTZ_FOR_DISCOVERY_SELECTION,FROZEN_PASS,PASS,0.5361,4ekl,A,,False,68,38,37,E5_NO_MODEL_QUALIFICATION,当前模型未取得资格,NONE,停止同协议扩筛；先诊断历史对照与结构状态,检查标签、阴性、构象和口袋；不追加同协议pair筛选,5,0,0,0,0,0,0,5,0,0,0,0,0,0,0,0,0,0,0,False,C0_GATE_FAILURE_DIAGNOSTIC,control labels; property separability; receptor state; pocket; model direction
CHEMBL1935,ALDH2,P05091,酶（非激酶）,ENZYME_BIOCHEMICAL,T1_RICH_POSITIVE_NEGATIVE,69,70,32,68.0,33.0,96.0,PRIMARY_QUANTITATIVE,32.0,32.0,32.0,32.0,6.0,True,0.6875,0.6991726030899459,0.7449858193071632,1.0,0.4977425515660809,0.8614975649350648,0.1261978373556058,False,False,True,0.5833333333333334,0.5541666666666666,0.0355936308393429,0.0,0.1714285714285714,0.9714285714285716,0.6271050137798527,False,False,GATE_A_FAIL,DO_NOT_USE_GNINA_FOR_DISCOVERY_SELECTION,GATE_A,32.0,16.0,16.0,True,0.37890625,0.5179744529124457,0.59375,0.6762682044795216,0.7360054031536964,0.1860569985569986,0.5990381297446514,0.8910544727636182,2.0,0.9801678108314263,False,False,False,False,GATE_B,12.0,6.0,6.0,True,0.3333333333333333,0.4712602212602212,0.5555555555555556,0.6438492063492063,0.1586741264822525,0.0,0.71875,0.8340829585207397,0.0,0.9349800905998614,False,False,False,False,16.0,16.0,0.6927972286939621,0.7326631546020508,0.7583768367767334,0.7717985957860947,0.77905955016613,BOLTZ_GATE_A_FAIL,DO_NOT_USE_BOLTZ_FOR_DISCOVERY_SELECTION,FROZEN_PASS,PASS,0.7122,2vle,D,,False,408,26,25,E5_NO_MODEL_QUALIFICATION,当前模型未取得资格,NONE,停止同协议扩筛；先诊断历史对照与结构状态,检查标签、阴性、构象和口袋；不追加同协议pair筛选,5,0,0,0,0,0,0,5,0,0,0,0,0,0,0,0,0,0,0,False,C0_GATE_FAILURE_DIAGNOSTIC,control labels; property separability; receptor state; pocket; model direction
CHEMBL3687,ALOX12,P18054,酶（非激酶）,ENZYME_BIOCHEMICAL,T2_ADEQUATE_POSITIVE_NEGATIVE,29,33,16,28.0,111.0,122.0,PRIMARY_QUANTITATIVE,16.0,16.0,16.0,16.0,1.0,True,0.625,0.699599358974359,0.9242840665150188,2.0,0.3333333333333333,0.9166666666666666,0.3526183652158457,False,False,False,0.0,0.5,6.776878889750501e-21,0.0,0.0,0.0,1.0,False,False,GATE_A_FAIL,DO_NOT_USE_GNINA_FOR_DISCOVERY_SELECTION,GATE_A,16.0,8.0,8.0,True,0.734375,0.7349587912087913,0.453125,0.5080544455544456,0.7941851245215914,0.4602678571428571,0.9682539682539684,0.0709645177411294,2.0,0.1302513300311869,False,False,False,False,GATE_B,2.0,1.0,1.0,False,1.0,1.0,1.0,1.0,1.0000000000000002,1.0,1.0,0.4817591204397801,2.0,0.7086860610098991,False,False,False,False,8.0,8.0,0.5653293803334236,0.630018949508667,0.8361577093601227,0.8554510623216629,0.8708857446908951,BOLTZ_GATE_A_FAIL,DO_NOT_USE_BOLTZ_FOR_DISCOVERY_SELECTION,FROZEN_PASS,PASS,1.5215,8ghd,D,,True,23,5,4,E5_NO_MODEL_QUALIFICATION,当前模型未取得资格,NONE,停止同协议扩筛；先诊断历史对照与结构状态,检查标签、阴性、构象和口袋；不追加同协议pair筛选,5,0,0,0,0,0,0,5,0,0,0,0,0,0,0,0,0,0,0,False,C0_GATE_FAILURE_DIAGNOSTIC,control labels; property separability; receptor state; pocket; model direction
CHEMBL5619,APEX1,P27695,酶（非激酶）,ENZYME_BIOCHEMICAL,T2_ADEQUATE_POSITIVE_NEGATIVE,26,81,16,24.0,199.0,201.0,PRIMARY_QUANTITATIVE,16.0,16.0,16.0,16.0,8.0,True,0.25,0.4516483516483516,0.2629989911399063,0.0,0.0,0.5641666666666663,0.9733000369623044,False,False,True,0.25,0.4516483516483516,0.2629989911399063,0.0,0.0,0.5555555555555556,1.0,False,False,GATE_A_FAIL,DO_NOT_USE_GNINA_FOR_DISCOVERY_SELECTION,GATE_A,16.0,8.0,8.0,True,0.640625,0.6264204545454545,0.53125,0.5492521367521367,0.2812724787899953,0.3272727272727273,0.9092803030303028,0.1814092953523238,0.0,0.2859168241965973,False,False,False,False,GATE_B,16.0,8.0,8.0,True,0.640625,0.6264204545454545,0.53125,0.5492521367521367,0.2812724787899953,0.328125,0.9365079365079364,0.1869065467266366,0.0,0.3534695237415305,False,False,False,False,8.0,8.0,0.5302541106939316,0.6071858108043671,0.6145343005657196,0.6817316621541976,0.7354895514249801,BOLTZ_GATE_A_FAIL,DO_NOT_USE_BOLTZ_FOR_DISCOVERY_SELECTION,FROZEN_PASS,PASS,0.2276,7tc2,D,,False,111,41,40,E5_NO_MODEL_QUALIFICATION,当前模型未取得资格,NONE,停止同协议扩筛；先诊断历史对照与结构状态,检查标签、阴性、构象和口袋；不追加同协议pair筛选,5,0,0,0,0,0,0,5,0,0,0,0,0,0,0,0,0,0,0,False,C0_GATE_FAILURE_DIAGNOSTIC,control labels; property separability; receptor state; pocket; model direction
CHEMBL1871,AR,P10275,核内/表观遗传蛋白,NUCLEAR_EPIGENETIC_DOMAIN,T1_RICH_POSITIVE_NEGATIVE,1551,471,32,1549.0,417.0,753.0,PRIMARY_QUANTITATIVE,32.0,32.0,32.0,32.0,6.0,True,0.6640625,0.6314924379666227,0.4526295080256678,1.0,0.45,0.8571428571428572,0.1584443980769063,False,False,True,0.75,0.8152777777777778,0.993509036579292,2.0,0.4285714285714286,1.0,0.3225082256276017,False,False,GATE_A_FAIL,DO_NOT_USE_GNINA_FOR_DISCOVERY_SELECTION,GATE_A,31.0,15.0,16.0,True,0.4,0.4191163785940973,0.7666666666666667,0.7514982687563333,0.0241350555273839,0.1890078304048892,0.6250548245614035,0.8390804597701149,0.0,0.9395109395109394,False,False,False,False,GATE_B,11.0,5.0,6.0,True,0.2666666666666666,0.3821789321789321,0.8666666666666667,0.81,0.0036749273353339,0.0,0.6666666666666666,0.9045477261369316,0.0,0.9709045091353938,False,False,False,False,16.0,16.0,0.2659133821725845,0.3410356193780899,0.5707333385944366,0.6171461045742035,0.6533725917339325,BOLTZ_GATE_A_FAIL,DO_NOT_USE_BOLTZ_FOR_DISCOVERY_SELECTION,FROZEN_PASS,PASS,0.3027,2pix,A,,False,182,94,93,E5_NO_MODEL_QUALIFICATION,当前模型未取得资格,NONE,停止同协议扩筛；先诊断历史对照与结构状态,检查标签、阴性、构象和口袋；不追加同协议pair筛选,5,0,0,0,0,0,0,5,0,0,0,0,0,0,0,0,0,0,0,False,C0_GATE_FAILURE_DIAGNOSTIC,control labels; property separability; receptor state; pocket; model direction
CHEMBL2185,AURKB,Q96GD4,激酶,KINASE_BIOCHEMICAL,T1_RICH_POSITIVE_NEGATIVE,1124,457,32,1331.0,516.0,678.0,PRIMARY_QUANTITATIVE,32.0,32.0,32.0,32.0,16.0,True,0.36328125,0.5277207340551127,0.7871314060606998,2.0,0.1626934523809523,0.5833578431372547,0.950068125909702,False,False,True,0.36328125,0.5277207340551127,0.7871314060606998,2.0,0.1625,0.5708646616541353,0.9935376941348132,False,False,GATE_A_FAIL,DO_NOT_USE_GNINA_FOR_DISCOVERY_SELECTION,GATE_A,32.0,16.0,16.0,True,0.61328125,0.699836692578628,0.4765625,0.5905934611597153,0.9115131768439244,0.4129490392648287,0.8235466452205882,0.1489255372313843,2.0,0.2426314932421429,False,False,False,False,GATE_B,32.0,16.0,16.0,True,0.61328125,0.699836692578628,0.4765625,0.5905934611597153,0.9115131768439244,0.3928273809523809,0.8235466452205883,0.1299350324837581,2.0,0.2799984623073078,False,False,False,False,16.0,16.0,0.8058150410652161,0.8826198279857635,0.7505526542663574,0.8466868698596954,0.8808152258396148,BOLTZ_GATE_A_FAIL,DO_NOT_USE_BOLTZ_FOR_DISCOVERY_SELECTION,FROZEN_PASS,PASS,0.9435,4af3,A,,False,1,1,0,E5_NO_MODEL_QUALIFICATION,当前模型未取得资格,NONE,停止同协议扩筛；先诊断历史对照与结构状态,检查标签、阴性、构象和口袋；不追加同协议pair筛选,5,0,0,0,0,0,0,5,0,0,0,0,0,0,0,0,0,0,0,False,C0_GATE_FAILURE_DIAGNOSTIC,control labels; property separability; receptor state; pocket; model direction
CHEMBL4822,BACE1,P56817,酶（非激酶）,ENZYME_BIOCHEMICAL,T1_RICH_POSITIVE_NEGATIVE,5258,689,32,5274.0,731.0,930.0,PRIMARY_QUANTITATIVE,32.0,32.0,32.0,32.0,7.0,True,0.578125,0.5968675001898687,0.6554650375735797,1.0,0.3554166666666667,0.77383658008658,0.3687945045721394,False,False,True,0.8367346938775511,0.7968253968253969,0.8176637776957044,2.0,0.5554421768707483,1.0,0.1573608355252026,False,False,GATE_A_FAIL,DO_NOT_USE_GNINA_FOR_DISCOVERY_SELECTION,GATE_A,32.0,16.0,16.0,True,0.6640625,0.6218160850165161,0.6796875,0.6929897082040701,0.3908902958222038,0.4570141989087302,0.8531746031746033,0.0519740129935032,1.0,0.1011574749537982,False,False,False,False,GATE_B,14.0,7.0,7.0,True,0.5918367346938775,0.5960626674912389,0.489795918367347,0.5713453213453213,0.2364815084031037,0.25,0.8958333333333334,0.3103448275862069,0.0,0.5166219285566798,False,False,False,False,16.0,16.0,0.661312609910965,0.708607017993927,0.7588778436183929,0.7805416882038116,0.7899113237857819,BOLTZ_GATE_A_FAIL,DO_NOT_USE_BOLTZ_FOR_DISCOVERY_SELECTION,FROZEN_PASS,PASS,0.9865,4fco,A,,False,1082,409,408,E5_NO_MODEL_QUALIFICATION,当前模型未取得资格,NONE,停止同协议扩筛；先诊断历史对照与结构状态,检查标签、阴性、构象和口袋；不追加同协议pair筛选,5,0,0,0,0,0,0,5,0,0,0,0,0,0,0,0,0,0,0,False,C0_GATE_FAILURE_DIAGNOSTIC,control labels; property separability; receptor state; pocket; model direction
CHEMBL1914,BCHE,P06276,酶（非激酶）,ENZYME_BIOCHEMICAL,T1_RICH_POSITIVE_NEGATIVE,1599,965,32,1588.0,1346.0,1565.0,PRIMARY_QUANTITATIVE,32.0,32.0,32.0,32.0,11.0,True,0.69140625,0.7574624218374219,0.9551620943976356,2.0,0.4784139080733507,0.8614975649350648,0.1193679072404697,False,False,True,0.71900826446281,0.8132798573975044,0.996184951698844,2.0,0.4710743801652892,0.925,0.2505173383927865,False,False,GATE_A_FAIL,DO_NOT_USE_GNINA_FOR_DISCOVERY_SELECTION,GATE_A,32.0,16.0,16.0,True,0.47265625,0.5231021407111816,0.78515625,0.8169764037991591,0.5547027896853235,0.2509558823529412,0.6876041666666666,0.6056971514242878,1.0,0.7506503158677071,False,False,False,False,GATE_B,22.0,11.0,11.0,True,0.4710743801652892,0.5662181299952197,0.71900826446281,0.7086481700118065,0.7033873771232969,0.2165918803418803,0.725,0.591704147926037,1.0,0.7795912470305131,False,False,False,False,16.0,16.0,0.4922951534390449,0.5250406563282013,0.7559463083744049,0.7900633215904236,0.812063443660736,BOLTZ_GATE_A_FAIL,DO_NOT_USE_BOLTZ_FOR_DISCOVERY_SELECTION,FROZEN_PASS,PASS,1.2094,7qhd,A,True,False,770,110,109,E5_NO_MODEL_QUALIFICATION,当前模型未取得资格,NONE,停止同协议扩筛；先诊断历史对照与结构状态,检查标签、阴性、构象和口袋；不追加同协议pair筛选,5,0,0,0,0,0,0,5,0,0,0,0,0,0,0,0,0,0,0,False,C0_GATE_FAILURE_DIAGNOSTIC,control labels; property separability; receptor state; pocket; model direction
CHEMBL4860,BCL2,P10415,离子通道,ION_CHANNEL_FUNCTIONAL,T1_RICH_POSITIVE_NEGATIVE,1132,202,32,825.0,251.0,370.0,PRIMARY_QUANTITATIVE,32.0,32.0,32.0,32.0,10.0,True,0.5703125,0.6338925623423539,0.8202698210689735,2.0,0.373015873015873,0.7658820346320345,0.3899720055988802,False,False,True,0.55,0.6276182099634111,0.7540283815703521,2.0,0.2737824675324675,0.8095238095238095,0.6530461031081455,False,False,GATE_A_FAIL,DO_NOT_USE_GNINA_FOR_DISCOVERY_SELECTION,GATE_A,32.0,16.0,16.0,True,0.640625,0.7799304783092325,0.75390625,0.8260477582846004,0.9964429160186828,0.4199057804940158,0.8492261904761904,0.0989505247376311,2.0,0.1739130434782609,False,False,False,False,GATE_B,20.0,10.0,10.0,True,0.7399999999999999,0.8526315789473683,0.7500000000000001,0.8472744360902255,0.9991336684669389,0.4542929292929292,1.0,0.0349825087456271,2.0,0.1130829933870274,False,False,False,False,16.0,16.0,0.5683738589286804,0.6310584545135498,0.8781422972679138,0.8932689428329468,0.8943833112716675,BOLTZ_GATE_A_FAIL,DO_NOT_USE_BOLTZ_FOR_DISCOVERY_SELECTION,FROZEN_PASS,PASS,1.0039,4lvt,B,,False,56,37,36,E5_NO_MODEL_QUALIFICATION,当前模型未取得资格,NONE,停止同协议扩筛；先诊断历史对照与结构状态,检查标签、阴性、构象和口袋；不追加同协议pair筛选,5,0,0,0,0,0,0,5,0,0,0,0,0,0,0,0,0,0,0,False,C0_GATE_FAILURE_DIAGNOSTIC,control labels; property separability; receptor state; pocket; model direction
CHEMBL1919,CACNA2D1,P54289,转运体,TRANSPORTER_MEMBRANE_FUNCTIONAL,T4_POSITIVE_ONLY,152,7,16,152.0,24.0,25.0,PRIMARY_QUANTITATIVE,16.0,16.0,16.0,16.0,4.0,True,0.71875,0.7194264069264069,0.790756431527163,2.0,0.4284040178571429,0.9636363636363636,0.2041999007605886,False,False,True,0.5,0.5428571428571428,0.0758581800212435,0.0,0.0,1.0,0.7537968846021372,False,False,GATE_A_FAIL,DO_NOT_USE_GNINA_FOR_DISCOVERY_SELECTION,GATE_A,16.0,8.0,8.0,True,0.296875,0.4122211122211122,0.375,0.5210008741258741,0.0168943711751465,0.0,0.6031746031746031,0.9150424787606196,0.0,0.9828234031132584,False,False,False,False,GATE_B,8.0,4.0,4.0,True,0.5625,0.5666666666666667,0.5,0.5249999999999999,0.0758613202648934,0.0,1.0,0.4312843578210895,0.0,0.6624146490290767,False,False,False,False,8.0,8.0,0.5101894289255142,0.5436592400074005,0.608639907836914,0.6103118419647217,0.6116493892669678,BOLTZ_GATE_A_FAIL,DO_NOT_USE_BOLTZ_FOR_DISCOVERY_SELECTION,FROZEN_PASS,PASS,0.5605,8if3,A,,False,22,9,8,E5_NO_MODEL_QUALIFICATION,当前模型未取得资格,NONE,停止同协议扩筛；先诊断历史对照与结构状态,检查标签、阴性、构象和口袋；不追加同协议pair筛选,5,0,0,0,0,0,0,5,0,0,0,0,0,0,0,0,0,0,0,False,C0_GATE_FAILURE_DIAGNOSTIC,control labels; property separability; receptor state; pocket; model direction
CHEMBL3776,CASP8,Q14790,酶（非激酶）,ENZYME_BIOCHEMICAL,T1_RICH_POSITIVE_NEGATIVE,142,53,32,141.0,122.0,165.0,PRIMARY_QUANTITATIVE,32.0,32.0,32.0,32.0,2.0,True,0.69140625,0.697173622265534,0.8462229401450226,2.0,0.4938836348684211,0.8672725183823525,0.130047408239871,False,False,False,0.0,0.4166666666666666,0.0,0.0,0.0,0.0,1.0,False,False,GATE_A_FAIL,DO_NOT_USE_GNINA_FOR_DISCOVERY_SELECTION,GATE_A,32.0,16.0,16.0,True,0.41796875,0.4831031690945628,0.9296875,0.926409650398621,0.4801312785694215,0.2064777327935222,0.6333333333333333,0.8035982008995503,1.0,0.921120467434267,False,False,False,False,GATE_B,4.0,2.0,2.0,False,0.75,0.8333333333333333,0.0,0.4166666666666666,0.99335194332921,0.0,1.0,0.335832083958021,2.0,0.5524338422504724,False,False,False,False,16.0,16.0,0.5445596277713776,0.6235060393810272,0.641692191362381,0.6540735960006714,0.6591815233230591,BOLTZ_GATE_A_FAIL,DO_NOT_USE_BOLTZ_FOR_DISCOVERY_SELECTION,FROZEN_PASS,PASS,2.0497,3kjn,A,True,False,21,9,8,E5_NO_MODEL_QUALIFICATION,当前模型未取得资格,NONE,停止同协议扩筛；先诊断历史对照与结构状态,检查标签、阴性、构象和口袋；不追加同协议pair筛选,5,0,0,0,0,0,0,5,0,0,0,0,0,0,0,0,0,0,0,False,C0_GATE_FAILURE_DIAGNOSTIC,control labels; property separability; receptor state; pocket; model direction
CHEMBL3572,CETP,P11597,离子通道,ION_CHANNEL_FUNCTIONAL,T1_RICH_POSITIVE_NEGATIVE,502,109,32,509.0,192.0,194.0,PRIMARY_QUANTITATIVE,32.0,32.0,32.0,32.0,5.0,True,0.34765625,0.414298297774921,0.0295670984379843,0.0,0.1578689370485035,0.5648039215686269,0.9619999077107656,False,False,True,0.56,0.5449999999999999,0.0182664743569719,0.0,0.0,1.0,0.7045409099998182,False,False,GATE_A_FAIL,DO_NOT_USE_GNINA_FOR_DISCOVERY_SELECTION,GATE_A,32.0,16.0,16.0,True,0.30859375,0.3997066248806256,0.3046875,0.3954538069572899,0.019304331828859,0.1294534412955465,0.5119613938692885,0.9665167416291854,0.0,0.999000499750125,False,False,False,False,GATE_B,10.0,5.0,5.0,True,0.1999999999999999,0.4034920634920635,0.4,0.4692857142857143,0.000290075867564,0.0,0.6666666666666667,0.9480259870064968,0.0,1.0,False,False,False,False,16.0,16.0,0.2543700113892555,0.3213039189577102,0.5879467725753784,0.6553073227405548,0.7342453062534332,BOLTZ_GATE_A_FAIL,DO_NOT_USE_BOLTZ_FOR_DISCOVERY_SELECTION,FROZEN_PASS,PASS,0.559,4ews,A,,False,22,3,2,E5_NO_MODEL_QUALIFICATION,当前模型未取得资格,NONE,停止同协议扩筛；先诊断历史对照与结构状态,检查标签、阴性、构象和口袋；不追加同协议pair筛选,5,0,0,0,0,0,0,5,0,0,0,0,0,0,0,0,0,0,0,False,C0_GATE_FAILURE_DIAGNOSTIC,control labels; property separability; receptor state; pocket; model direction
CHEMBL2527,CHEK2,O96017,激酶,KINASE_BIOCHEMICAL,T1_RICH_POSITIVE_NEGATIVE,314,171,32,314.0,90.0,227.0,PRIMARY_QUANTITATIVE,32.0,32.0,32.0,32.0,8.0,True,0.6484375,0.6199254851428764,0.4840830189267634,1.0,0.4374936740890688,0.8458413461538462,0.1938442500179209,False,False,True,0.84375,0.883173076923077,0.9982373460481104,2.0,0.6031746031746031,1.0,0.1035792841431713,False,False,GATE_A_FAIL,DO_NOT_USE_GNINA_FOR_DISCOVERY_SELECTION,GATE_A,32.0,16.0,16.0,True,0.65234375,0.7331620357299705,0.57421875,0.6597763959186894,0.9542928425037208,0.4431372549019607,0.8421310629514963,0.0759620189905047,2.0,0.1385470786619269,False,False,False,False,GATE_B,16.0,8.0,8.0,True,0.5625,0.6965277777777777,0.625,0.7277514152514152,0.9395753840861888,0.2545310245310245,0.8752083333333331,0.3643178410794602,2.0,0.5722054227123726,False,False,False,False,16.0,16.0,0.467549204826355,0.5977076292037964,0.739376425743103,0.7826929986476898,0.7872127711772918,BOLTZ_GATE_A_FAIL,DO_NOT_USE_BOLTZ_FOR_DISCOVERY_SELECTION,FROZEN_PASS,PASS,0.5229,2yit,A,,False,95,34,33,E5_NO_MODEL_QUALIFICATION,当前模型未取得资格,NONE,停止同协议扩筛；先诊断历史对照与结构状态,检查标签、阴性、构象和口袋；不追加同协议pair筛选,5,0,0,0,0,0,0,5,0,0,0,0,0,0,0,0,0,0,0,False,C0_GATE_FAILURE_DIAGNOSTIC,control labels; property separability; receptor state; pocket; model direction
CHEMBL3117,CHKA,P35790,酶（非激酶）,ENZYME_BIOCHEMICAL,T1_RICH_POSITIVE_NEGATIVE,84,51,32,85.0,58.0,60.0,PRIMARY_QUANTITATIVE,32.0,32.0,32.0,32.0,6.0,True,0.65625,0.7015921364027182,0.929030905294978,2.0,0.4444117647058823,0.8416776315789473,0.1919537661095231,False,False,True,0.638888888888889,0.6188492063492064,0.1876186349844087,0.0,0.2569642857142857,0.9445833333333328,0.5087001291330518,False,False,GATE_A_FAIL,DO_NOT_USE_GNINA_FOR_DISCOVERY_SELECTION,GATE_A,32.0,16.0,16.0,True,0.59375,0.6240289046067078,0.42578125,0.4444609363695462,0.7637869334021177,0.3842296918767507,0.7895407636738906,0.1984007996001999,2.0,0.3028222730739893,False,False,False,False,GATE_B,12.0,6.0,6.0,True,0.5,0.6666666666666666,0.4166666666666667,0.4814814814814815,0.9645703715156532,0.1428571428571428,0.875,0.5347326336831584,2.0,0.7251496203117953,False,False,False,False,16.0,16.0,0.5534799098968506,0.6201236844062805,0.6358844637870789,0.6536330729722977,0.6695097833871841,BOLTZ_GATE_A_FAIL,DO_NOT_USE_BOLTZ_FOR_DISCOVERY_SELECTION,FROZEN_PASS,PASS,2.1074,4da5,B,,False,79,25,24,E5_NO_MODEL_QUALIFICATION,当前模型未取得资格,NONE,停止同协议扩筛；先诊断历史对照与结构状态,检查标签、阴性、构象和口袋；不追加同协议pair筛选,5,0,0,0,0,0,0,5,0,0,0,0,0,0,0,0,0,0,0,False,C0_GATE_FAILURE_DIAGNOSTIC,control labels; property separability; receptor state; pocket; model direction
CHEMBL2492,CHRNA7,P36544,离子通道,ION_CHANNEL_FUNCTIONAL,T1_RICH_POSITIVE_NEGATIVE,481,429,32,450.0,270.0,547.0,PRIMARY_QUANTITATIVE,32.0,32.0,32.0,32.0,1.0,True,0.62890625,0.714128388488876,0.976678468240038,2.0,0.4007936507936508,0.8203512462044532,0.23351361473737,False,False,False,1.0,1.0,1.0000000000000002,2.0,1.0,1.0,0.7253427092359306,False,False,GATE_A_FAIL,DO_NOT_USE_GNINA_FOR_DISCOVERY_SELECTION,GATE_A,32.0,16.0,16.0,True,0.3203125,0.4008771606260362,0.71484375,0.7238955936536582,0.0258581454161024,0.1375506072874494,0.5384615384615384,0.9650174912543728,0.0,0.999000499750125,False,False,False,False,GATE_B,2.0,1.0,1.0,False,1.0,1.0,1.0,1.0,1.0000000000000002,1.0,1.0,0.4902548725637181,2.0,0.7086860610098991,False,False,False,False,15.0,15.0,0.6334781348705292,0.6963517665863037,0.8255041599273681,0.8486627161502838,0.8871729099750518,BOLTZ_GATE_A_FAIL,DO_NOT_USE_BOLTZ_FOR_DISCOVERY_SELECTION,FROZEN_PASS,PASS,0.2662,7ekp,E,,False,484,46,45,E5_NO_MODEL_QUALIFICATION,当前模型未取得资格,NONE,停止同协议扩筛；先诊断历史对照与结构状态,检查标签、阴性、构象和口袋；不追加同协议pair筛选,5,0,0,0,0,0,0,5,0,0,0,0,0,0,0,0,0,0,0,False,C0_GATE_FAILURE_DIAGNOSTIC,control labels; property separability; receptor state; pocket; model direction
CHEMBL268,CTSK,P43235,酶（非激酶）,ENZYME_BIOCHEMICAL,T1_RICH_POSITIVE_NEGATIVE,1257,150,32,1272.0,374.0,406.0,PRIMARY_QUANTITATIVE,32.0,32.0,32.0,32.0,13.0,True,0.5859375,0.5738720257360685,0.3870623580952617,1.0,0.3719519927536232,0.7965452516233766,0.3469406118776245,False,False,True,0.5857988165680473,0.5715017584754426,0.3402692631263818,1.0,0.3575757575757575,0.8036336580086576,0.5295044439387985,False,False,GATE_A_FAIL,DO_NOT_USE_GNINA_FOR_DISCOVERY_SELECTION,GATE_A,32.0,16.0,16.0,True,0.47265625,0.5365745400279159,0.828125,0.8740481433985993,0.4711746279009047,0.2737289915966386,0.6823576097105509,0.6166916541729135,1.0,0.7610237434474252,False,False,False,False,GATE_B,26.0,13.0,13.0,True,0.5088757396449705,0.663255422627012,0.8698224852071006,0.8905497280497279,0.9379456164598108,0.2677232142857143,0.7396449704142012,0.4702648675662169,2.0,0.7066682874778827,False,False,False,False,16.0,16.0,0.543304942548275,0.6467559635639191,0.7049002647399902,0.7140657603740692,0.7295587003231049,BOLTZ_GATE_A_FAIL,DO_NOT_USE_BOLTZ_FOR_DISCOVERY_SELECTION,FROZEN_PASS,PASS,1.1809,6ql8,A,True,False,141,64,63,E5_NO_MODEL_QUALIFICATION,当前模型未取得资格,NONE,停止同协议扩筛；先诊断历史对照与结构状态,检查标签、阴性、构象和口袋；不追加同协议pair筛选,5,0,0,0,0,0,0,5,0,0,0,0,0,0,0,0,0,0,0,False,C0_GATE_FAILURE_DIAGNOSTIC,control labels; property separability; receptor state; pocket; model direction
CHEMBL1908,CYP11B1,P15538,酶（非激酶）,ENZYME_BIOCHEMICAL,T1_RICH_POSITIVE_NEGATIVE,670,58,32,741.0,144.0,144.0,PRIMARY_QUANTITATIVE,32.0,32.0,32.0,32.0,1.0,True,0.703125,0.691846280242313,0.7886327427597781,2.0,0.4999509803921568,0.875,0.106084338687818,False,False,False,1.0,1.0,1.0000000000000002,2.0,1.0,1.0,0.7253427092359306,False,False,GATE_A_FAIL,DO_NOT_USE_GNINA_FOR_DISCOVERY_SELECTION,GATE_A,32.0,16.0,16.0,True,0.375,0.4504597479866876,0.46484375,0.5168007097818871,0.2030055026336502,0.1998611111111111,0.5789578111946533,0.8970514742628686,0.0,0.9801678108314263,False,False,False,False,GATE_B,2.0,1.0,1.0,False,1.0,1.0,0.0,0.5,1.0000000000000002,1.0,1.0,0.5047476261869065,2.0,0.7086860610098991,False,False,False,False,16.0,16.0,0.5188994258642197,0.6109758019447327,0.7165506780147552,0.7210310846567154,0.7261007100343704,BOLTZ_GATE_A_FAIL,DO_NOT_USE_BOLTZ_FOR_DISCOVERY_SELECTION,FROZEN_PASS,PASS,1.2854,7e7f,A,,True,8,2,1,E5_NO_MODEL_QUALIFICATION,当前模型未取得资格,NONE,停止同协议扩筛；先诊断历史对照与结构状态,检查标签、阴性、构象和口袋；不追加同协议pair筛选,5,0,0,0,0,0,0,5,0,0,0,0,0,0,0,0,0,0,0,False,C0_GATE_FAILURE_DIAGNOSTIC,control labels; property separability; receptor state; pocket; model direction
CHEMBL2722,CYP11B2,P19099,酶（非激酶）,ENZYME_BIOCHEMICAL,T4_POSITIVE_ONLY,1083,7,16,1172.0,17.0,22.0,PRIMARY_QUANTITATIVE,16.0,16.0,16.0,16.0,7.0,True,0.375,0.4728896103896104,0.0802322374554254,0.0,0.1,0.7090909090909091,0.8769146569092557,False,False,True,0.3061224489795918,0.4406506192220478,0.0542461033594122,0.0,0.0416666666666666,0.6365656565656554,0.9861976757190934,False,False,GATE_A_FAIL,DO_NOT_USE_GNINA_FOR_DISCOVERY_SELECTION,GATE_A,16.0,8.0,8.0,True,0.6875,0.6521645021645022,0.609375,0.5916326728826728,0.2816347548796695,0.3903245192307693,0.9526785714285712,0.1149425287356321,0.0,0.1972386587771203,False,False,False,False,GATE_B,14.0,7.0,7.0,True,0.6326530612244898,0.6122972265829407,0.5306122448979591,0.5564935064935065,0.2291177709049485,0.2498724489795918,0.9183673469387756,0.217391304347826,0.0,0.3924336533032185,False,False,False,False,8.0,8.0,0.4244339615106582,0.4625032097101211,0.5436981320381165,0.557807058095932,0.5690941989421844,BOLTZ_GATE_A_FAIL,DO_NOT_USE_BOLTZ_FOR_DISCOVERY_SELECTION,FROZEN_PASS,PASS,0.6039,6xz9,B,,True,86,7,6,E5_NO_MODEL_QUALIFICATION,当前模型未取得资格,NONE,停止同协议扩筛；先诊断历史对照与结构状态,检查标签、阴性、构象和口袋；不追加同协议pair筛选,5,0,0,0,0,0,0,4,1,0,0,0,0,0,0,0,0,0,0,False,C0_GATE_FAILURE_DIAGNOSTIC,control labels; property separability; receptor state; pocket; model direction
CHEMBL1993,DNMT1,P26358,核内/表观遗传蛋白,NUCLEAR_EPIGENETIC_DOMAIN,T1_RICH_POSITIVE_NEGATIVE,96,158,32,100.0,84.0,184.0,PRIMARY_QUANTITATIVE,32.0,32.0,32.0,32.0,4.0,True,0.453125,0.4874790494801382,0.3121541876829241,1.0,0.2553896103896104,0.6666666666666666,0.7749376531620082,False,False,True,0.5,0.65,0.9185023822674148,2.0,0.0,1.0,0.7537968846021372,False,False,GATE_A_FAIL,DO_NOT_USE_GNINA_FOR_DISCOVERY_SELECTION,GATE_A,32.0,16.0,16.0,True,0.51953125,0.5072636273623993,0.37890625,0.4586643619348818,0.197381651362159,0.3136948529411765,0.7372759103641456,0.4282858570714642,0.0,0.5776879002359285,False,False,False,False,GATE_B,8.0,4.0,4.0,True,0.25,0.4571428571428572,0.3125,0.4821428571428571,0.0753504725309738,0.0,0.7333333333333333,0.8980509745127436,0.0,0.9703597813496352,False,False,False,False,16.0,16.0,0.6511940956115723,0.7043452858924866,0.7351147830486298,0.7460879385471344,0.7649601757526397,BOLTZ_GATE_A_FAIL,DO_NOT_USE_BOLTZ_FOR_DISCOVERY_SELECTION,FROZEN_PASS,PASS,1.9233,7sfc,A,,False,63,21,20,E5_NO_MODEL_QUALIFICATION,当前模型未取得资格,NONE,停止同协议扩筛；先诊断历史对照与结构状态,检查标签、阴性、构象和口袋；不追加同协议pair筛选,5,0,0,0,0,0,0,5,0,0,0,0,0,0,0,0,0,0,0,False,C0_GATE_FAILURE_DIAGNOSTIC,control labels; property separability; receptor state; pocket; model direction
CHEMBL284,DPP4,P27487,酶（非激酶）,ENZYME_BIOCHEMICAL,T1_RICH_POSITIVE_NEGATIVE,2775,237,32,2748.0,607.0,670.0,PRIMARY_QUANTITATIVE,32.0,32.0,32.0,32.0,7.0,True,0.546875,0.5482539850817882,0.4353253588640747,1.0,0.3319195046439628,0.7460332961309524,0.4795253715214404,False,False,True,0.6326530612244898,0.7186206650492364,0.9532528811993812,2.0,0.2749431818181818,0.9111111111111112,0.5206708658268346,False,False,GATE_A_FAIL,DO_NOT_USE_GNINA_FOR_DISCOVERY_SELECTION,GATE_A,32.0,16.0,16.0,True,0.53125,0.5171455513018647,0.50390625,0.6079391927376208,0.3149022572073907,0.3163392310049019,0.7328947368421052,0.3653173413293353,1.0,0.5044858523119393,False,False,False,False,GATE_B,14.0,7.0,7.0,True,0.5714285714285714,0.5621271585557299,0.6122448979591837,0.697192093620665,0.1953446241117734,0.2420928030303031,0.9,0.3798100949525237,0.0,0.5931865527910202,False,False,False,False,16.0,16.0,0.3343782499432564,0.3999855071306228,0.5938219726085663,0.6163122355937958,0.662455028295517,BOLTZ_GATE_A_FAIL,DO_NOT_USE_BOLTZ_FOR_DISCOVERY_SELECTION,FROZEN_PASS,PASS,0.8128,2rgu,B,,False,464,115,114,E5_NO_MODEL_QUALIFICATION,当前模型未取得资格,NONE,停止同协议扩筛；先诊断历史对照与结构状态,检查标签、阴性、构象和口袋；不追加同协议pair筛选,5,0,0,0,0,0,0,5,0,0,0,0,0,0,0,0,0,0,0,False,C0_GATE_FAILURE_DIAGNOSTIC,control labels; property separability; receptor state; pocket; model direction
CHEMBL4791,ECE1,P42892,酶（非激酶）,ENZYME_BIOCHEMICAL,T4_POSITIVE_ONLY,63,7,16,63.0,22.0,28.0,PRIMARY_QUANTITATIVE,16.0,16.0,16.0,16.0,8.0,True,0.484375,0.5637362637362637,0.7198234109149195,2.0,0.1666666666666666,0.7936507936507936,0.7078960354718048,False,False,True,0.484375,0.5637362637362637,0.7198234109149195,2.0,0.1816378066378066,0.796875,0.7617393188029061,False,False,GATE_A_FAIL,DO_NOT_USE_GNINA_FOR_DISCOVERY_SELECTION,GATE_A,16.0,8.0,8.0,True,0.34375,0.460576923076923,0.3125,0.419665404040404,0.077080949188966,0.0832341269841269,0.6984126984126984,0.8740629685157422,0.0,0.9674742781281116,False,False,False,False,GATE_B,16.0,8.0,8.0,True,0.34375,0.460576923076923,0.3125,0.419665404040404,0.077080949188966,0.0832341269841269,0.6666666666666667,0.8685657171414293,0.0,0.9653181377438772,False,False,False,False,8.0,8.0,0.7178961336612701,0.7664444446563721,0.8501494407653808,0.8778719544410705,0.9000499653816223,BOLTZ_GATE_A_FAIL,DO_NOT_USE_BOLTZ_FOR_DISCOVERY_SELECTION,FROZEN_PASS,PASS,2.2021,3dwb,A,,True,3,1,0,E5_NO_MODEL_QUALIFICATION,当前模型未取得资格,NONE,停止同协议扩筛；先诊断历史对照与结构状态,检查标签、阴性、构象和口袋；不追加同协议pair筛选,5,0,0,0,0,0,0,5,0,0,0,0,0,0,0,0,0,0,0,False,C0_GATE_FAILURE_DIAGNOSTIC,control labels; property separability; receptor state; pocket; model direction
CHEMBL5697,EGLN1,Q9GZT9,酶（非激酶）,ENZYME_BIOCHEMICAL,T1_RICH_POSITIVE_NEGATIVE,421,219,32,440.0,262.0,293.0,PRIMARY_QUANTITATIVE,32.0,32.0,32.0,32.0,9.0,True,0.41796875,0.4823775931690976,0.3451665498994778,1.0,0.2261634199134199,0.625,0.8658756053667315,False,False,True,0.3333333333333333,0.469417211328976,0.2526445078366999,0.0,0.0779220779220779,0.6234172077922076,0.9861976757190934,False,False,GATE_A_FAIL,DO_NOT_USE_GNINA_FOR_DISCOVERY_SELECTION,GATE_A,32.0,16.0,16.0,True,0.5078125,0.5581719282718324,0.3828125,0.431312671111099,0.4818802656772035,0.2995457393483709,0.7217480352464871,0.4987506246876562,1.0,0.6564364876385337,False,False,False,False,GATE_B,18.0,9.0,9.0,True,0.3950617283950617,0.4901468901468901,0.4444444444444444,0.4796310171310171,0.2943959858483299,0.1388782051282051,0.6807291666666665,0.7541229385307346,0.0,0.8808662895443035,False,False,False,False,16.0,16.0,0.6364392340183258,0.7168737649917603,0.7736845016479492,0.792611688375473,0.8019278228282929,BOLTZ_GATE_A_FAIL,DO_NOT_USE_BOLTZ_FOR_DISCOVERY_SELECTION,FROZEN_PASS,PASS,1.0215,5ox6,A,,True,201,64,63,E5_NO_MODEL_QUALIFICATION,当前模型未取得资格,NONE,停止同协议扩筛；先诊断历史对照与结构状态,检查标签、阴性、构象和口袋；不追加同协议pair筛选,5,0,0,0,0,0,0,5,0,0,0,0,0,0,0,0,0,0,0,False,C0_GATE_FAILURE_DIAGNOSTIC,control labels; property separability; receptor state; pocket; model direction
CHEMBL3028,EGLN2,Q96KS0,酶（非激酶）,ENZYME_BIOCHEMICAL,T3_MINIMUM_POSITIVE_NEGATIVE,251,11,16,254.0,30.0,30.0,PRIMARY_QUANTITATIVE,16.0,16.0,16.0,16.0,3.0,True,0.765625,0.7906746031746031,0.940082347623078,2.0,0.4666666666666667,1.0,0.1322048843243399,False,False,False,0.4444444444444445,0.5555555555555556,0.0355864824394699,0.0,0.0,1.0,0.7832187408672113,False,False,GATE_A_FAIL,DO_NOT_USE_GNINA_FOR_DISCOVERY_SELECTION,GATE_A,16.0,8.0,8.0,True,0.5625,0.5812770562770563,0.46875,0.5075396825396825,0.280154231736166,0.2363139204545454,0.8571428571428571,0.3578210894552723,0.0,0.4964981624020526,False,False,False,False,GATE_B,6.0,3.0,3.0,False,0.6666666666666667,0.6388888888888888,0.0,0.3833333333333333,0.0356302110265679,0.0,1.0,0.2928535732133933,0.0,0.4994680573823516,False,False,False,False,8.0,8.0,0.6561602354049683,0.7209193706512451,0.770354276895523,0.8038511008024215,0.8306485599279403,BOLTZ_GATE_A_FAIL,DO_NOT_USE_BOLTZ_FOR_DISCOVERY_SELECTION,FROZEN_PASS,PASS,0.253,5v1b,A,,True,3,1,0,E5_NO_MODEL_QUALIFICATION,当前模型未取得资格,NONE,停止同协议扩筛；先诊断历史对照与结构状态,检查标签、阴性、构象和口袋；不追加同协议pair筛选,5,0,0,0,0,0,0,5,0,0,0,0,0,0,0,0,0,0,0,False,C0_GATE_FAILURE_DIAGNOSTIC,control labels; property separability; receptor state; pocket; model direction
CHEMBL248,ELANE,P08246,酶（非激酶）,ENZYME_BIOCHEMICAL,T1_RICH_POSITIVE_NEGATIVE,488,1220,32,490.0,210.0,1180.0,PRIMARY_QUANTITATIVE,32.0,32.0,32.0,32.0,7.0,True,0.64453125,0.5925505050505051,0.4215226429268733,1.0,0.4404446778711484,0.8314215686274506,0.2058660995073712,False,False,True,0.7346938775510203,0.7249999999999999,0.8151575172618857,2.0,0.3958333333333333,1.0,0.3259701000976275,False,False,GATE_A_FAIL,DO_NOT_USE_GNINA_FOR_DISCOVERY_SELECTION,GATE_A,32.0,16.0,16.0,True,0.640625,0.5730016021560139,0.52734375,0.5769585751724822,0.149851541624347,0.4227059659090909,0.8274678308823529,0.0929535232383808,0.0,0.1653774339823953,False,False,False,False,GATE_B,14.0,7.0,7.0,True,0.7755102040816326,0.7129251700680271,0.5102040816326531,0.595063666492238,0.2395821060348861,0.4666666666666667,1.0,0.0529735132433783,0.0,0.1502718028740731,False,False,False,False,16.0,16.0,0.4292159229516983,0.5228208303451538,0.7084389626979828,0.7156557887792587,0.73222436606884,BOLTZ_GATE_A_FAIL,DO_NOT_USE_BOLTZ_FOR_DISCOVERY_SELECTION,FROZEN_PASS,PASS,1.4348,6f5m,A,,False,135,34,33,E5_NO_MODEL_QUALIFICATION,当前模型未取得资格,NONE,停止同协议扩筛；先诊断历史对照与结构状态,检查标签、阴性、构象和口袋；不追加同协议pair筛选,5,0,0,0,0,0,0,5,0,0,0,0,0,0,0,0,0,0,0,False,C0_GATE_FAILURE_DIAGNOSTIC,control labels; property separability; receptor state; pocket; model direction
CHEMBL3691,ENPP2,Q13822,酶（非激酶）,ENZYME_BIOCHEMICAL,T1_RICH_POSITIVE_NEGATIVE,1535,177,32,1739.0,267.0,371.0,PRIMARY_QUANTITATIVE,32.0,32.0,32.0,32.0,7.0,True,0.52734375,0.535495914711066,0.3560807122276781,1.0,0.3278740970072239,0.753968253968254,0.5568284302323209,False,False,True,0.5714285714285714,0.7683150183150182,0.9967467464763422,2.0,0.1666666666666666,1.0,0.6387389188828901,False,False,GATE_A_FAIL,DO_NOT_USE_GNINA_FOR_DISCOVERY_SELECTION,GATE_A,32.0,16.0,16.0,True,0.53515625,0.6266144303969916,0.609375,0.6726999707985961,0.889062438731589,0.3157378740970071,0.7316315263683685,0.4052973513243378,2.0,0.5492347284301774,False,False,False,False,GATE_B,14.0,7.0,7.0,True,0.5714285714285714,0.6419501133786847,0.4693877551020408,0.5927960927960927,0.8067079646643552,0.2083333333333333,0.875,0.3593203398300849,2.0,0.5722054227123726,False,False,False,False,16.0,16.0,0.609887033700943,0.7030030786991119,0.7377746999263763,0.7501653581857681,0.7630292683839798,BOLTZ_GATE_A_FAIL,DO_NOT_USE_BOLTZ_FOR_DISCOVERY_SELECTION,FROZEN_PASS,PASS,1.5532,4zg7,A,,True,90,9,8,E5_NO_MODEL_QUALIFICATION,当前模型未取得资格,NONE,停止同协议扩筛；先诊断历史对照与结构状态,检查标签、阴性、构象和口袋；不追加同协议pair筛选,5,0,0,0,0,0,0,5,0,0,0,0,0,0,0,0,0,0,0,False,C0_GATE_FAILURE_DIAGNOSTIC,control labels; property separability; receptor state; pocket; model direction
CHEMBL5147,EPHB4,P54760,激酶,KINASE_BIOCHEMICAL,T1_RICH_POSITIVE_NEGATIVE,490,366,32,627.0,245.0,368.0,PRIMARY_QUANTITATIVE,32.0,32.0,32.0,32.0,0.0,True,0.4140625,0.4372846105070625,0.0360223280728772,0.0,0.1958076298701299,0.6289679074754898,0.8756888622275544,False,False,,,,,,,,,,,GATE_A_FAIL,DO_NOT_USE_GNINA_FOR_DISCOVERY_SELECTION,GATE_A,32.0,16.0,16.0,True,0.421875,0.436914905206007,0.36328125,0.4618109884440529,0.0156883197138486,0.2156584901166944,0.6558799342105263,0.7651174412793603,0.0,0.887536231884058,False,False,False,False,,,,,,,,,,,,,,,,,,,,16.0,16.0,0.3243461549282074,0.4235975593328476,0.6826749742031097,0.6989773809909821,0.7332422077655792,BOLTZ_GATE_A_FAIL,DO_NOT_USE_BOLTZ_FOR_DISCOVERY_SELECTION,FROZEN_PASS,PASS,0.4824,6fni,A,,False,34,20,19,E5_NO_MODEL_QUALIFICATION,当前模型未取得资格,NONE,停止同协议扩筛；先诊断历史对照与结构状态,检查标签、阴性、构象和口袋；不追加同协议pair筛选,5,0,0,0,0,0,0,5,0,0,0,0,0,0,0,0,0,0,0,False,C0_GATE_FAILURE_DIAGNOSTIC,control labels; property separability; receptor state; pocket; model direction
CHEMBL4245,ESRRG,P62508,核内/表观遗传蛋白,NUCLEAR_EPIGENETIC_DOMAIN,T1_RICH_POSITIVE_NEGATIVE,98,77,16,94.0,23.0,99.0,PRIMARY_QUANTITATIVE,16.0,16.0,16.0,16.0,0.0,True,0.671875,0.653720238095238,0.7322235777016408,2.0,0.3491125541125541,0.9833333333333334,0.2753212320498863,False,False,,,,,,,,,,,GATE_A_FAIL,DO_NOT_USE_GNINA_FOR_DISCOVERY_SELECTION,GATE_A,16.0,8.0,8.0,True,0.6875,0.614186507936508,0.921875,0.932426948051948,0.082034104506207,0.3569642857142858,1.0,0.1144427786106946,0.0,0.1972386587771203,False,False,False,False,,,,,,,,,,,,,,,,,,,,8.0,8.0,0.9088464975357056,0.9123437106609344,0.9447649657726288,0.9551034241914748,0.963374190926552,BOLTZ_GATE_A_FAIL,DO_NOT_USE_BOLTZ_FOR_DISCOVERY_SELECTION,FROZEN_PASS,PASS,1.0882,2gpu,A,,False,57,37,36,E5_NO_MODEL_QUALIFICATION,当前模型未取得资格,NONE,停止同协议扩筛；先诊断历史对照与结构状态,检查标签、阴性、构象和口袋；不追加同协议pair筛选,5,0,0,0,0,0,0,5,0,0,0,0,0,0,0,0,0,0,0,False,C0_GATE_FAILURE_DIAGNOSTIC,control labels; property separability; receptor state; pocket; model direction
CHEMBL2821,F12,P00748,酶（非激酶）,ENZYME_BIOCHEMICAL,T1_RICH_POSITIVE_NEGATIVE,460,142,32,341.0,184.0,197.0,PRIMARY_QUANTITATIVE,32.0,32.0,32.0,32.0,4.0,True,0.41796875,0.5208918337490241,0.5838968339162877,1.0,0.2142857142857142,0.626984126984127,0.8606278744251149,False,False,True,0.6875,0.8125,0.9938145987990894,2.0,0.1999999999999999,1.0,0.5295044439387985,False,False,GATE_A_FAIL,DO_NOT_USE_GNINA_FOR_DISCOVERY_SELECTION,GATE_A,32.0,16.0,16.0,True,0.45703125,0.5441180250531251,0.37109375,0.4613217782331411,0.7245054460307537,0.2459593837535014,0.67847463681829,0.6391804097951025,2.0,0.777393729913286,False,False,False,False,GATE_B,8.0,4.0,4.0,True,0.5,0.5249999999999999,0.8125,0.8541666666666666,0.0066928509242848,0.0,1.0,0.559720139930035,0.0,0.7480874947141813,False,False,False,False,16.0,16.0,0.834505558013916,0.9050856232643129,0.9416808187961578,0.9547603875398636,0.9632188946008682,BOLTZ_GATE_A_FAIL,DO_NOT_USE_BOLTZ_FOR_DISCOVERY_SELECTION,FROZEN_PASS,PASS,1.1184,6b77,B,,False,40,15,14,E5_NO_MODEL_QUALIFICATION,当前模型未取得资格,NONE,停止同协议扩筛；先诊断历史对照与结构状态,检查标签、阴性、构象和口袋；不追加同协议pair筛选,5,0,0,0,0,0,0,5,0,0,0,0,0,0,0,0,0,0,0,False,C0_GATE_FAILURE_DIAGNOSTIC,control labels; property separability; receptor state; pocket; model direction
CHEMBL1782,FDPS,P14324,酶（非激酶）,ENZYME_BIOCHEMICAL,T1_RICH_POSITIVE_NEGATIVE,122,79,32,126.0,102.0,120.0,PRIMARY_QUANTITATIVE,32.0,32.0,32.0,32.0,6.0,True,0.56640625,0.6076642691636297,0.7541801870997275,2.0,0.3529411764705882,0.7658820346320345,0.4227592683710448,False,False,True,0.4999999999999999,0.6260942760942761,0.8411252909755266,2.0,0.1142857142857142,0.8443749999999994,0.7537968846021372,False,False,GATE_A_FAIL,DO_NOT_USE_GNINA_FOR_DISCOVERY_SELECTION,GATE_A,32.0,16.0,16.0,True,0.640625,0.7447577853516819,0.74609375,0.7788915367040368,0.9761315382924288,0.4363795518207283,0.8441829004329005,0.0984507746126936,2.0,0.1739130434782609,False,False,False,False,GATE_B,12.0,6.0,6.0,True,0.6111111111111112,0.7592592592592593,0.6388888888888888,0.6771825396825396,0.993315123847026,0.2,1.0,0.2818590704647676,2.0,0.4866883328522074,False,False,False,False,16.0,16.0,0.6073135733604431,0.6995234489440918,0.7557993829250336,0.7903457581996918,0.8287002742290497,BOLTZ_GATE_A_FAIL,DO_NOT_USE_BOLTZ_FOR_DISCOVERY_SELECTION,FROZEN_PASS,PASS,1.269,4nke,A,,True,96,34,33,E5_NO_MODEL_QUALIFICATION,当前模型未取得资格,NONE,停止同协议扩筛；先诊断历史对照与结构状态,检查标签、阴性、构象和口袋；不追加同协议pair筛选,5,0,0,0,0,0,0,5,0,0,0,0,0,0,0,0,0,0,0,False,C0_GATE_FAILURE_DIAGNOSTIC,control labels; property separability; receptor state; pocket; model direction
CHEMBL1902,FKBP1A,P62942,酶（非激酶）,ENZYME_BIOCHEMICAL,T1_RICH_POSITIVE_NEGATIVE,261,61,32,201.0,95.0,97.0,PRIMARY_QUANTITATIVE,32.0,32.0,32.0,32.0,13.0,True,0.55078125,0.5010580646162067,0.1058815573954397,0.0,0.3203454748376623,0.775,0.4576446872787604,False,False,True,0.5798816568047337,0.5161161739216038,0.0717220343431626,0.0,0.3070990896358543,0.818767361111111,0.5339990825364339,False,False,GATE_A_FAIL,DO_NOT_USE_GNINA_FOR_DISCOVERY_SELECTION,GATE_A,32.0,16.0,16.0,True,0.546875,0.5908989575521284,0.85546875,0.8632776603724495,0.7910562811973337,0.3036016511867905,0.75,0.3423288355822089,2.0,0.4826227662867595,False,False,False,False,GATE_B,26.0,13.0,13.0,True,0.5443786982248521,0.4998262976472074,0.8461538461538463,0.84065971735655,0.1226179515565746,0.2787708445400753,0.8035949248120301,0.3623188405797101,0.0,0.5722054227123726,False,False,False,False,16.0,16.0,0.8880215585231781,0.9145454168319702,0.9149126708507538,0.9255365282297134,0.9431082516908644,BOLTZ_GATE_A_FAIL,DO_NOT_USE_BOLTZ_FOR_DISCOVERY_SELECTION,FROZEN_PASS,PASS,0.9053,2fke,A,,False,141,69,68,E5_NO_MODEL_QUALIFICATION,当前模型未取得资格,NONE,停止同协议扩筛；先诊断历史对照与结构状态,检查标签、阴性、构象和口袋；不追加同协议pair筛选,5,0,0,0,0,0,0,5,0,0,0,0,0,0,0,0,0,0,0,False,C0_GATE_FAILURE_DIAGNOSTIC,control labels; property separability; receptor state; pocket; model direction
CHEMBL2331065,FTO,Q9C0B1,酶（非激酶）,ENZYME_BIOCHEMICAL,T1_RICH_POSITIVE_NEGATIVE,68,68,32,107.0,72.0,73.0,PRIMARY_QUANTITATIVE,32.0,32.0,32.0,32.0,10.0,True,0.48046875,0.5816854197527394,0.61126014874112,1.0,0.2683684736316314,0.705911075367647,0.7128900011852833,False,False,True,0.3,0.5168529724489477,0.7292968139599508,2.0,0.0533020833333333,0.5867499999999995,0.9989220262943296,False,False,GATE_A_FAIL,DO_NOT_USE_GNINA_FOR_DISCOVERY_SELECTION,GATE_A,32.0,16.0,16.0,True,0.2734375,0.4392783197573242,0.265625,0.3955142713436834,0.4750244964662063,0.0980392156862745,0.4604761904761904,0.9845077461269364,1.0,0.999000499750125,False,False,False,False,GATE_B,20.0,10.0,10.0,True,0.11,0.3540424496384248,0.1399999999999999,0.3592096332460109,0.013106496424371,0.0,0.32,0.9995002498750624,0.0,1.0,False,False,False,False,16.0,16.0,0.7345284819602966,0.7723555564880371,0.8167961835861206,0.8250579237937927,0.8410932421684265,BOLTZ_GATE_A_FAIL,DO_NOT_USE_BOLTZ_FOR_DISCOVERY_SELECTION,FROZEN_PASS,PASS,1.8831,4ie6,A,,True,76,28,27,E5_NO_MODEL_QUALIFICATION,当前模型未取得资格,NONE,停止同协议扩筛；先诊断历史对照与结构状态,检查标签、阴性、构象和口袋；不追加同协议pair筛选,5,0,0,0,0,0,0,5,0,0,0,0,0,0,0,0,0,0,0,False,C0_GATE_FAILURE_DIAGNOSTIC,control labels; property separability; receptor state; pocket; model direction
CHEMBL2608,GAA,P10253,酶（非激酶）,ENZYME_BIOCHEMICAL,T2_ADEQUATE_POSITIVE_NEGATIVE,22,130,16,21.0,48.0,135.0,PRIMARY_QUANTITATIVE,16.0,16.0,16.0,16.0,5.0,True,0.5625,0.5519501332001332,0.2263897904822173,0.0,0.2380952380952381,0.8546103896103893,0.5160405418916216,False,False,True,0.56,0.6392857142857142,0.8668866072335045,2.0,0.125,1.0,0.7045409099998182,False,False,GATE_A_FAIL,DO_NOT_USE_GNINA_FOR_DISCOVERY_SELECTION,GATE_A,16.0,8.0,8.0,True,0.40625,0.4625992063492063,0.859375,0.8106150793650793,0.0220932806382269,0.111060606060606,0.75,0.7551224387806097,0.0,0.8830060776063581,False,False,False,False,GATE_B,10.0,5.0,5.0,True,0.44,0.5422222222222222,0.8,0.71,0.1331133927664955,0.0,0.8584821428571418,0.631184407796102,0.0,0.8086141261166653,False,False,False,False,8.0,8.0,0.4910367354750633,0.7113320231437683,0.770499074459076,0.7727437436580658,0.7745394790172577,BOLTZ_GATE_A_FAIL,DO_NOT_USE_BOLTZ_FOR_DISCOVERY_SELECTION,FROZEN_PASS,PASS,1.1502,5nn6,A,,False,131,18,17,E5_NO_MODEL_QUALIFICATION,当前模型未取得资格,NONE,停止同协议扩筛；先诊断历史对照与结构状态,检查标签、阴性、构象和口袋；不追加同协议pair筛选,5,0,0,0,0,0,0,5,0,0,0,0,0,0,0,0,0,0,0,False,C0_GATE_FAILURE_DIAGNOSTIC,control labels; property separability; receptor state; pocket; model direction
CHEMBL2179,GBA1,P04062,酶（非激酶）,ENZYME_BIOCHEMICAL,T1_RICH_POSITIVE_NEGATIVE,191,193,32,183.0,103.0,159.0,PRIMARY_QUANTITATIVE,32.0,32.0,32.0,32.0,12.0,True,0.671875,0.7075409413615059,0.9314275356366952,2.0,0.4681439393939394,0.8571428571428571,0.1392192149805332,False,False,True,0.701388888888889,0.7076264084735951,0.863986031659249,2.0,0.4642526455026455,0.916083916083916,0.2569938842420195,False,False,GATE_A_FAIL,DO_NOT_USE_GNINA_FOR_DISCOVERY_SELECTION,GATE_A,32.0,16.0,16.0,True,0.3125,0.4085758497127489,0.48046875,0.4837180401157328,0.0615792710492878,0.1385062306114937,0.5083780364372469,0.9705147426286856,0.0,0.999000499750125,False,False,False,False,GATE_B,24.0,12.0,12.0,True,0.513888888888889,0.546554507288203,0.5277777777777778,0.5212039866451631,0.3662517688216768,0.2785515873015873,0.7571428571428571,0.4452773613193403,1.0,0.6801489365207506,False,False,False,False,16.0,16.0,0.5539566203951836,0.6518970429897308,0.7788003385066986,0.8059934824705124,0.8546840518712997,BOLTZ_GATE_A_FAIL,DO_NOT_USE_BOLTZ_FOR_DISCOVERY_SELECTION,FROZEN_PASS,PASS,0.4718,3gxf,B,,False,364,58,57,E5_NO_MODEL_QUALIFICATION,当前模型未取得资格,NONE,停止同协议扩筛；先诊断历史对照与结构状态,检查标签、阴性、构象和口袋；不追加同协议pair筛选,5,0,0,0,0,0,0,5,0,0,0,0,0,0,0,0,0,0,0,False,C0_GATE_FAILURE_DIAGNOSTIC,control labels; property separability; receptor state; pocket; model direction
CHEMBL4016,GRIA2,P42262,离子通道,ION_CHANNEL_FUNCTIONAL,T2_ADEQUATE_POSITIVE_NEGATIVE,22,38,16,22.0,61.0,65.0,PRIMARY_QUANTITATIVE,16.0,16.0,16.0,16.0,5.0,True,0.5,0.5839743589743589,0.7352271940187237,2.0,0.1875,0.7999999999999999,0.6644252101960562,False,False,True,0.6799999999999999,0.7226190476190477,0.8826856727485283,2.0,0.25,1.0,0.5071476270783579,False,False,GATE_A_FAIL,DO_NOT_USE_GNINA_FOR_DISCOVERY_SELECTION,GATE_A,16.0,8.0,8.0,True,0.3125,0.4226377788877789,0.5,0.6286976911976911,0.0586856196394643,0.0,0.6333730158730158,0.8990504747626187,0.0,0.9801678108314263,False,False,False,False,GATE_B,10.0,5.0,5.0,True,0.48,0.5192857142857142,0.36,0.4666666666666667,0.1173202489923103,0.0416666666666666,0.8804444444444441,0.5412293853073463,0.0,0.7303969374536033,False,False,False,False,8.0,8.0,0.4528721645474434,0.5379294455051422,0.8036409437656402,0.8444354146718979,0.8770709913969039,BOLTZ_GATE_A_FAIL,DO_NOT_USE_BOLTZ_FOR_DISCOVERY_SELECTION,FROZEN_PASS,PASS,0.563,3ua8,A,,False,133,15,14,E5_NO_MODEL_QUALIFICATION,当前模型未取得资格,NONE,停止同协议扩筛；先诊断历史对照与结构状态,检查标签、阴性、构象和口袋；不追加同协议pair筛选,5,0,0,0,0,0,0,5,0,0,0,0,0,0,0,0,0,0,0,False,C0_GATE_FAILURE_DIAGNOSTIC,control labels; property separability; receptor state; pocket; model direction
CHEMBL3902,GSTP1,P09211,酶（非激酶）,ENZYME_BIOCHEMICAL,T2_ADEQUATE_POSITIVE_NEGATIVE,47,36,32,41.0,39.0,50.0,PRIMARY_QUANTITATIVE,32.0,32.0,32.0,32.0,5.0,True,0.65625,0.6540885832004253,0.7539692603764011,2.0,0.4444117647058823,0.8409280303030302,0.1919537661095231,False,False,True,0.44,0.6088888888888888,0.8671315152481865,2.0,0.0,0.8602678571428564,0.8186845389542781,False,False,GATE_A_FAIL,DO_NOT_USE_GNINA_FOR_DISCOVERY_SELECTION,GATE_A,32.0,16.0,16.0,True,0.671875,0.6673338501489248,0.41796875,0.5385178595522322,0.6775697984360808,0.46662109375,0.8599645015548905,0.0534732633683158,1.0,0.1033816425120772,False,False,False,False,GATE_B,10.0,5.0,5.0,True,0.48,0.5192857142857142,0.6000000000000001,0.75,0.1173202489923103,0.0,1.0,0.5157421289355323,0.0,0.711847046773643,False,False,False,False,16.0,16.0,0.6012837588787079,0.6776548027992249,0.7839010655879974,0.8145822286605835,0.8292026281356811,BOLTZ_GATE_A_FAIL,DO_NOT_USE_BOLTZ_FOR_DISCOVERY_SELECTION,FROZEN_PASS,PASS,1.9321,5l6x,B,True,False,353,65,64,E5_NO_MODEL_QUALIFICATION,当前模型未取得资格,NONE,停止同协议扩筛；先诊断历史对照与结构状态,检查标签、阴性、构象和口袋；不追加同协议pair筛选,5,0,0,0,0,0,0,5,0,0,0,0,0,0,0,0,0,0,0,False,C0_GATE_FAILURE_DIAGNOSTIC,control labels; property separability; receptor state; pocket; model direction
CHEMBL325,HDAC1,Q13547,核内/表观遗传蛋白,NUCLEAR_EPIGENETIC_DOMAIN,T1_RICH_POSITIVE_NEGATIVE,4913,728,32,5056.0,1395.0,1630.0,PRIMARY_QUANTITATIVE,32.0,32.0,32.0,32.0,13.0,True,0.5234375,0.5642735366988084,0.5975307556401287,1.0,0.301547619047619,0.7255077030812325,0.568473107408975,False,False,True,0.485207100591716,0.5567712483284514,0.6268430922636482,1.0,0.2619047619047619,0.7152952416173568,0.7537968846021372,False,False,GATE_A_FAIL,DO_NOT_USE_GNINA_FOR_DISCOVERY_SELECTION,GATE_A,32.0,16.0,16.0,True,0.59765625,0.5935862980551114,0.65234375,0.6537370336172414,0.4880885444800896,0.3842761948529411,0.8040383731617646,0.1979010494752623,1.0,0.3028222730739893,False,False,False,False,GATE_B,26.0,13.0,13.0,True,0.6568047337278107,0.7146225506519623,0.6568047337278107,0.6506694614818185,0.9375582143360378,0.44375,0.854587046939988,0.0989505247376311,2.0,0.2331207277717073,False,False,False,False,16.0,16.0,0.7056061327457428,0.8855040669441223,0.9087786674499512,0.91477270424366,0.925864639878273,BOLTZ_GATE_A_FAIL,DO_NOT_USE_BOLTZ_FOR_DISCOVERY_SELECTION,FROZEN_PASS,PASS,1.9359,8voj,C,True,True,20,7,6,E5_NO_MODEL_QUALIFICATION,当前模型未取得资格,NONE,停止同协议扩筛；先诊断历史对照与结构状态,检查标签、阴性、构象和口袋；不追加同协议pair筛选,5,0,0,0,0,0,0,5,0,0,0,0,0,0,0,0,0,0,0,False,C0_GATE_FAILURE_DIAGNOSTIC,control labels; property separability; receptor state; pocket; model direction
CHEMBL1865,HDAC6,Q9UBN7,核内/表观遗传蛋白,NUCLEAR_EPIGENETIC_DOMAIN,T1_RICH_POSITIVE_NEGATIVE,4959,485,32,4916.0,976.0,1231.0,PRIMARY_QUANTITATIVE,32.0,32.0,32.0,32.0,12.0,True,0.6171875,0.5618618757375873,0.2089170947662263,0.0,0.4125,0.8196254595588234,0.2717560965418856,False,False,True,0.5347222222222222,0.5190330233728571,0.1405695068285926,0.0,0.2734197443181818,0.7847337962962962,0.6955105623170668,False,False,GATE_A_FAIL,DO_NOT_USE_GNINA_FOR_DISCOVERY_SELECTION,GATE_A,32.0,16.0,16.0,True,0.54296875,0.6827424338924631,0.54296875,0.5335286820599954,0.9676764586061984,0.325,0.7572203947368421,0.3488255872063968,2.0,0.4886928516418119,False,False,False,False,GATE_B,24.0,12.0,12.0,True,0.6458333333333334,0.7598634004884005,0.5555555555555556,0.5444307598719363,0.9884370762649342,0.4055239898989898,0.896458333333333,0.1179410294852573,2.0,0.2581701275346578,False,False,False,False,16.0,16.0,0.5927558392286301,0.6775940358638763,0.6735033988952637,0.716431200504303,0.8179890751838683,BOLTZ_GATE_A_FAIL,DO_NOT_USE_BOLTZ_FOR_DISCOVERY_SELECTION,FROZEN_PASS,PASS,0.5629,8g45,A,,False,50,22,21,E5_NO_MODEL_QUALIFICATION,当前模型未取得资格,NONE,停止同协议扩筛；先诊断历史对照与结构状态,检查标签、阴性、构象和口袋；不追加同协议pair筛选,5,0,0,0,0,0,0,5,0,0,0,0,0,0,0,0,0,0,0,False,C0_GATE_FAILURE_DIAGNOSTIC,control labels; property separability; receptor state; pocket; model direction
CHEMBL3192,HDAC8,Q9BY41,核内/表观遗传蛋白,NUCLEAR_EPIGENETIC_DOMAIN,T1_RICH_POSITIVE_NEGATIVE,1387,489,32,1404.0,766.0,926.0,PRIMARY_QUANTITATIVE,32.0,32.0,32.0,32.0,16.0,True,0.48046875,0.4959555435077256,0.3361805292304701,1.0,0.2833333333333334,0.6905059523809524,0.7078960354718048,False,False,True,0.48046875,0.4959555435077256,0.3361805292304701,1.0,0.2749877450980392,0.6785863095238095,0.7699037512085212,False,False,GATE_A_FAIL,DO_NOT_USE_GNINA_FOR_DISCOVERY_SELECTION,GATE_A,32.0,16.0,16.0,True,0.58984375,0.6598043444773322,0.44140625,0.5102099659391404,0.922001458971018,0.3809427414690572,0.7999999999999999,0.20039980009995,2.0,0.3042719477957356,False,False,False,False,GATE_B,32.0,16.0,16.0,True,0.58984375,0.6598043444773322,0.44140625,0.5102099659391404,0.922001458971018,0.3710872395833333,0.7857142857142857,0.1899050474762618,2.0,0.3543194845530255,False,False,False,False,16.0,16.0,0.8367421925067902,0.9248866438865662,0.971784770488739,0.976702481508255,0.9845248758792876,BOLTZ_GATE_A_FAIL,DO_NOT_USE_BOLTZ_FOR_DISCOVERY_SELECTION,FROZEN_PASS,PASS,1.5918,4qa0,A,,True,320,53,52,E5_NO_MODEL_QUALIFICATION,当前模型未取得资格,NONE,停止同协议扩筛；先诊断历史对照与结构状态,检查标签、阴性、构象和口袋；不追加同协议pair筛选,5,0,0,0,0,0,0,5,0,0,0,0,0,0,0,0,0,0,0,False,C0_GATE_FAILURE_DIAGNOSTIC,control labels; property separability; receptor state; pocket; model direction
CHEMBL402,HMGCR,P04035,酶（非激酶）,ENZYME_BIOCHEMICAL,T2_ADEQUATE_POSITIVE_NEGATIVE,47,30,16,46.0,6.0,29.0,SECONDARY_INCLUDES_TEXT_INACTIVE,16.0,16.0,16.0,16.0,3.0,,,,,,,,,,,,,,,,,,,,,NOT_EVALUABLE,DO_NOT_USE_GNINA_FOR_DISCOVERY_SELECTION,GATE_A,16.0,8.0,8.0,True,0.359375,0.441445707070707,1.0,1.0,0.060062139461965,0.0832341269841269,0.6729725829725828,0.8375812093953023,0.0,0.9395109395109394,False,False,False,False,GATE_B,6.0,3.0,3.0,False,0.3333333333333333,0.5,1.0,1.0,0.0344029214361294,0.0,1.0,0.750624687656172,0.0,0.8808662895443035,False,False,False,False,8.0,8.0,0.4799090251326561,0.5246057510375977,0.6456678569316864,0.6528673499822617,0.6586269444227218,BOLTZ_GATE_A_FAIL,DO_NOT_USE_BOLTZ_FOR_DISCOVERY_SELECTION,FROZEN_PASS,PASS,0.9261,3ccw,D,True,False,130,23,22,E5_NO_MODEL_QUALIFICATION,当前模型未取得资格,NONE,停止同协议扩筛；先诊断历史对照与结构状态,检查标签、阴性、构象和口袋；不追加同协议pair筛选,5,0,0,0,0,0,0,4,1,0,0,0,0,0,0,0,0,0,0,False,C0_GATE_FAILURE_DIAGNOSTIC,control labels; property separability; receptor state; pocket; model direction
CHEMBL4685,IDO1,P14902,酶（非激酶）,ENZYME_BIOCHEMICAL,T1_RICH_POSITIVE_NEGATIVE,2331,624,32,2665.0,916.0,1056.0,PRIMARY_QUANTITATIVE,32.0,32.0,32.0,32.0,12.0,True,0.6328125,0.6774380256686303,0.8258812986055807,2.0,0.4101250158147773,0.8235294117647058,0.2230285650187035,False,False,True,0.576388888888889,0.6611198031034988,0.8795980074868441,2.0,0.3202907986111111,0.8251748251748251,0.5427212078245507,False,False,GATE_A_FAIL,DO_NOT_USE_GNINA_FOR_DISCOVERY_SELECTION,GATE_A,32.0,16.0,16.0,True,0.59375,0.6406970732940539,0.37890625,0.523910781712825,0.7895536626841457,0.3772655122655122,0.7965638528138528,0.1864067966016991,2.0,0.29063425276609,False,False,False,False,GATE_B,24.0,12.0,12.0,True,0.5902777777777778,0.6145443608678902,0.4097222222222222,0.560207405316101,0.6447502066333878,0.3426573426573426,0.8402777777777778,0.2298850574712643,1.0,0.4070576176879713,False,False,False,False,16.0,16.0,0.4224934205412864,0.484149307012558,0.6494853794574738,0.6883397102355957,0.7431660652160644,BOLTZ_GATE_A_FAIL,DO_NOT_USE_BOLTZ_FOR_DISCOVERY_SELECTION,FROZEN_PASS,PASS,0.6536,8abx,A,,False,425,85,84,E5_NO_MODEL_QUALIFICATION,当前模型未取得资格,NONE,停止同协议扩筛；先诊断历史对照与结构状态,检查标签、阴性、构象和口袋；不追加同协议pair筛选,5,0,0,0,0,0,0,5,0,0,0,0,0,0,0,0,0,0,0,False,C0_GATE_FAILURE_DIAGNOSTIC,control labels; property separability; receptor state; pocket; model direction
CHEMBL1957,IGF1R,P08069,激酶,KINASE_BIOCHEMICAL,T1_RICH_POSITIVE_NEGATIVE,1482,451,32,1693.0,446.0,598.0,PRIMARY_QUANTITATIVE,32.0,32.0,32.0,32.0,11.0,True,0.47265625,0.4969285383616882,0.3390284136160227,1.0,0.2627389705882352,0.686532738095238,0.7248281285446946,False,False,True,0.512396694214876,0.5201674142850613,0.2656306832516617,1.0,0.2479338842975206,0.7813020833333331,0.7253427092359306,False,False,GATE_A_FAIL,DO_NOT_USE_GNINA_FOR_DISCOVERY_SELECTION,GATE_A,32.0,16.0,16.0,True,0.64453125,0.7148104130169347,0.41796875,0.5014388463021775,0.9440578814224672,0.4374936740890688,0.843791515700483,0.0904547726136931,2.0,0.161925210234389,False,False,False,False,GATE_B,22.0,11.0,11.0,True,0.5537190082644627,0.6233428937763303,0.4628099173553719,0.525518673245946,0.7420038780515141,0.2833012820512819,0.7917097107438016,0.3478260869565217,1.0,0.5654716501398424,False,False,False,False,16.0,16.0,0.6079788058996201,0.7979947924613953,0.5912133753299713,0.6610331535339355,0.8011443138122558,BOLTZ_GATE_A_FAIL,DO_NOT_USE_BOLTZ_FOR_DISCOVERY_SELECTION,FROZEN_PASS,PASS,0.4092,3i81,A,,False,67,29,28,E5_NO_MODEL_QUALIFICATION,当前模型未取得资格,NONE,停止同协议扩筛；先诊断历史对照与结构状态,检查标签、阴性、构象和口袋；不追加同协议pair筛选,5,0,0,0,0,0,0,5,0,0,0,0,0,0,0,0,0,0,0,False,C0_GATE_FAILURE_DIAGNOSTIC,control labels; property separability; receptor state; pocket; model direction
CHEMBL1991,IKBKB,O14920,激酶,KINASE_BIOCHEMICAL,T1_RICH_POSITIVE_NEGATIVE,409,266,32,863.0,229.0,387.0,PRIMARY_QUANTITATIVE,32.0,32.0,32.0,32.0,14.0,True,0.3984375,0.4474285717618883,0.1923250890703428,0.0,0.1874751984126984,0.6208878968253966,0.8957078149587474,False,False,True,0.4183673469387755,0.4768667923555141,0.3742734045273594,1.0,0.203125,0.6461538461538461,0.9251953347648226,False,False,GATE_A_FAIL,DO_NOT_USE_GNINA_FOR_DISCOVERY_SELECTION,GATE_A,32.0,16.0,16.0,True,0.6640625,0.7072320348284504,0.640625,0.719313460347376,0.8888468696954659,0.46308170995671,0.8476950024801587,0.0579710144927536,2.0,0.1098797006725395,False,False,False,False,GATE_B,28.0,14.0,14.0,True,0.6683673469387755,0.7217577674344591,0.6632653061224489,0.742371557014414,0.9100952946131498,0.4563636363636363,0.8718750000000001,0.0694652673663168,2.0,0.17880874377626,False,False,False,False,16.0,16.0,0.5193503797054291,0.6304278075695038,0.9153854846954346,0.9349062591791152,0.9564829856157304,BOLTZ_GATE_A_FAIL,DO_NOT_USE_BOLTZ_FOR_DISCOVERY_SELECTION,FROZEN_PASS,PASS,0.4053,4kik,B,,False,2,1,0,E5_NO_MODEL_QUALIFICATION,当前模型未取得资格,NONE,停止同协议扩筛；先诊断历史对照与结构状态,检查标签、阴性、构象和口袋；不追加同协议pair筛选,5,0,0,0,0,0,0,5,0,0,0,0,0,0,0,0,0,0,0,False,C0_GATE_FAILURE_DIAGNOSTIC,control labels; property separability; receptor state; pocket; model direction
CHEMBL240,KCNH2,Q12809,离子通道,ION_CHANNEL_FUNCTIONAL,T1_RICH_POSITIVE_NEGATIVE,2092,3638,32,2171.0,6482.0,7085.0,PRIMARY_QUANTITATIVE,32.0,32.0,32.0,32.0,5.0,True,0.59765625,0.5767380138748683,0.3795130423214102,1.0,0.3984332724567099,0.7976785714285711,0.3157041794255528,False,False,True,0.64,0.6277777777777778,0.1350060340133607,0.0,0.2194444444444445,1.0,0.5604975779037741,False,False,GATE_A_FAIL,DO_NOT_USE_GNINA_FOR_DISCOVERY_SELECTION,GATE_A,32.0,16.0,16.0,True,0.578125,0.6163904058615481,0.65234375,0.6683818456447767,0.7680877390323921,0.3636079545454545,0.7748944805194805,0.2348825587206396,2.0,0.3529323421190958,False,False,False,False,GATE_B,10.0,5.0,5.0,True,0.76,0.8083333333333333,0.76,0.7595238095238095,0.9839115645062236,0.380952380952381,1.0,0.0974512743628185,2.0,0.2331207277717073,False,False,False,False,16.0,16.0,0.6421049535274506,0.7303631901741028,0.7907782793045044,0.8367410153150558,0.8858673185110092,BOLTZ_GATE_A_FAIL,DO_NOT_USE_BOLTZ_FOR_DISCOVERY_SELECTION,FROZEN_PASS,PASS,1.4343,8zyq,B,,False,3,3,2,E5_NO_MODEL_QUALIFICATION,当前模型未取得资格,NONE,停止同协议扩筛；先诊断历史对照与结构状态,检查标签、阴性、构象和口袋；不追加同协议pair筛选,5,0,0,0,0,0,0,5,0,0,0,0,0,0,0,0,0,0,0,False,C0_GATE_FAILURE_DIAGNOSTIC,control labels; property separability; receptor state; pocket; model direction
CHEMBL2321613,KCNK3,O14649,离子通道,ION_CHANNEL_FUNCTIONAL,T2_ADEQUATE_POSITIVE_NEGATIVE,142,29,16,146.0,30.0,31.0,PRIMARY_QUANTITATIVE,16.0,16.0,16.0,16.0,1.0,True,0.65625,0.662085137085137,0.7773348482672426,2.0,0.35,0.933412698412698,0.2990380944790063,False,False,False,1.0,1.0,1.0000000000000002,2.0,1.0,1.0,0.7253427092359306,False,False,GATE_A_FAIL,DO_NOT_USE_GNINA_FOR_DISCOVERY_SELECTION,GATE_A,16.0,8.0,8.0,True,0.671875,0.7209821428571428,0.609375,0.642227910977911,0.935275224702364,0.3650793650793651,0.9092803030303028,0.1404297851074462,2.0,0.2322134387351778,False,False,False,False,GATE_B,2.0,1.0,1.0,False,1.0,1.0,1.0,1.0,1.0000000000000002,1.0,1.0,0.5027486256871564,2.0,0.7086860610098991,False,False,False,False,8.0,7.0,0.6294920444488525,0.666868269443512,0.7351335644721985,0.7359608292579651,0.7366226410865784,BOLTZ_GATE_A_FAIL,DO_NOT_USE_BOLTZ_FOR_DISCOVERY_SELECTION,FROZEN_PASS,PASS,0.8328,6rv2,A,,False,48,4,3,E5_NO_MODEL_QUALIFICATION,当前模型未取得资格,NONE,停止同协议扩筛；先诊断历史对照与结构状态,检查标签、阴性、构象和口袋；不追加同协议pair筛选,5,0,0,0,0,0,0,5,0,0,0,0,0,0,0,0,0,0,0,False,C0_GATE_FAILURE_DIAGNOSTIC,control labels; property separability; receptor state; pocket; model direction
CHEMBL6136,KDM1A,O60341,核内/表观遗传蛋白,NUCLEAR_EPIGENETIC_DOMAIN,T1_RICH_POSITIVE_NEGATIVE,2724,562,32,3746.0,732.0,795.0,PRIMARY_QUANTITATIVE,32.0,32.0,32.0,32.0,5.0,True,0.66796875,0.6635436724465986,0.6145316983618476,1.0,0.4615384615384615,0.8672469429347823,0.1669707725121642,False,False,True,0.7200000000000001,0.7416666666666667,0.8827196188645356,2.0,0.3125,1.0,0.4169393969307404,False,False,GATE_A_FAIL,DO_NOT_USE_GNINA_FOR_DISCOVERY_SELECTION,GATE_A,32.0,16.0,16.0,True,0.42578125,0.5094349973106367,0.58203125,0.724216214714534,0.5596501114161807,0.2267166940789473,0.6270833333333332,0.775112443778111,1.0,0.8955482418153473,False,False,False,False,GATE_B,10.0,5.0,5.0,True,0.48,0.6333333333333333,0.7600000000000001,0.8599999999999999,0.88057614786215,0.08325,0.9375,0.5227386306846576,2.0,0.7123595065212492,False,False,False,False,16.0,16.0,0.5632749646902084,0.6466835141181946,0.7160398960113525,0.7781813591718674,0.7977966398000716,BOLTZ_GATE_A_FAIL,DO_NOT_USE_BOLTZ_FOR_DISCOVERY_SELECTION,FROZEN_PASS,PASS,0.1772,2uxx,A,,False,224,120,119,E5_NO_MODEL_QUALIFICATION,当前模型未取得资格,NONE,停止同协议扩筛；先诊断历史对照与结构状态,检查标签、阴性、构象和口袋；不追加同协议pair筛选,5,0,0,0,0,0,0,5,0,0,0,0,0,0,0,0,0,0,0,False,C0_GATE_FAILURE_DIAGNOSTIC,control labels; property separability; receptor state; pocket; model direction
CHEMBL1936,KIT,P10721,激酶,KINASE_BIOCHEMICAL,T1_RICH_POSITIVE_NEGATIVE,834,213,32,818.0,234.0,385.0,PRIMARY_QUANTITATIVE,32.0,32.0,32.0,32.0,14.0,True,0.48828125,0.537089765419559,0.6118665386550678,1.0,0.2833088235294118,0.6984523809523808,0.7022763671564751,False,False,True,0.4846938775510204,0.5443582662973852,0.6424996861772879,1.0,0.2563888888888889,0.7128205128205128,0.7537968846021372,False,False,GATE_A_FAIL,DO_NOT_USE_GNINA_FOR_DISCOVERY_SELECTION,GATE_A,32.0,16.0,16.0,True,0.6640625,0.5902150816113412,0.828125,0.7623717275371688,0.3569363772407961,0.4509558823529412,0.8542583732057417,0.0669665167416291,1.0,0.1244890375325158,False,False,False,False,GATE_B,28.0,14.0,14.0,True,0.673469387755102,0.6072352953972764,0.8520408163265306,0.7730690761152946,0.3580663537829653,0.4479166666666666,0.8750480769230768,0.0734632683658171,1.0,0.1839890865378121,False,False,False,False,16.0,16.0,0.5849026739597321,0.684926837682724,0.685451477766037,0.6945095211267471,0.7137125998735427,BOLTZ_GATE_A_FAIL,DO_NOT_USE_BOLTZ_FOR_DISCOVERY_SELECTION,FROZEN_PASS,PASS,1.1854,7khg,A,,False,110,58,57,E5_NO_MODEL_QUALIFICATION,当前模型未取得资格,NONE,停止同协议扩筛；先诊断历史对照与结构状态,检查标签、阴性、构象和口袋；不追加同协议pair筛选,5,0,0,0,0,0,0,5,0,0,0,0,0,0,0,0,0,0,0,False,C0_GATE_FAILURE_DIAGNOSTIC,control labels; property separability; receptor state; pocket; model direction
CHEMBL2000,KLKB1,P03952,酶（非激酶）,ENZYME_BIOCHEMICAL,T1_RICH_POSITIVE_NEGATIVE,2296,350,32,2653.0,366.0,513.0,PRIMARY_QUANTITATIVE,32.0,32.0,32.0,32.0,4.0,True,0.3125,0.397301247242933,0.0266385135691598,0.0,0.1214574898785425,0.53515625,0.978721548923298,False,False,True,0.25,0.4303571428571429,0.0005077074902697,0.0,0.0,0.75,0.9861976757190934,False,False,GATE_A_FAIL,DO_NOT_USE_GNINA_FOR_DISCOVERY_SELECTION,GATE_A,32.0,16.0,16.0,True,0.62890625,0.655385415660517,0.62890625,0.6365100195930838,0.6167599772667339,0.4129129642287538,0.8416666666666666,0.1164417791104447,1.0,0.1986359761295822,False,False,False,False,GATE_B,8.0,4.0,4.0,True,0.75,0.8303571428571428,0.9375,0.95,0.9938148565659852,0.2857142857142857,1.0,0.1574212893553223,2.0,0.317124046672316,False,False,False,False,16.0,16.0,0.9392982125282288,0.9573767781257628,0.9711326360702516,0.9783040285110474,0.979608941078186,BOLTZ_GATE_A_FAIL,DO_NOT_USE_BOLTZ_FOR_DISCOVERY_SELECTION,FROZEN_PASS,PASS,1.0852,8a3q,A,,False,57,19,18,E5_NO_MODEL_QUALIFICATION,当前模型未取得资格,NONE,停止同协议扩筛；先诊断历史对照与结构状态,检查标签、阴性、构象和口袋；不追加同协议pair筛选,5,0,0,0,0,0,0,5,0,0,0,0,0,0,0,0,0,0,0,False,C0_GATE_FAILURE_DIAGNOSTIC,control labels; property separability; receptor state; pocket; model direction
CHEMBL3632452,MALT1,Q9UDY8,酶（非激酶）,ENZYME_BIOCHEMICAL,T1_RICH_POSITIVE_NEGATIVE,230,79,32,238.0,127.0,137.0,PRIMARY_QUANTITATIVE,32.0,32.0,32.0,32.0,11.0,True,0.609375,0.6936859138201428,0.9498883259698528,2.0,0.4025910612824675,0.8000195312499999,0.2903839521950683,False,False,True,0.7190082644628099,0.7751589319771137,0.9805294139093608,2.0,0.4628099173553719,0.9145299145299144,0.2569938842420195,False,False,GATE_A_FAIL,DO_NOT_USE_GNINA_FOR_DISCOVERY_SELECTION,GATE_A,32.0,16.0,16.0,True,0.3125,0.4229693844187836,0.54296875,0.5464272912115404,0.185868521316846,0.1467911255411255,0.5183023735810113,0.9610194902548724,0.0,0.999000499750125,False,False,False,False,GATE_B,22.0,11.0,11.0,True,0.2396694214876033,0.3958897304028178,0.512396694214876,0.5490133158582357,0.1037130404136619,0.0512820512820512,0.4910714285714285,0.9825087456271864,0.0,1.0,False,False,False,False,16.0,16.0,0.4742659330368042,0.5656030774116516,0.6712862551212311,0.6832399070262909,0.6942386090755462,BOLTZ_GATE_A_FAIL,DO_NOT_USE_BOLTZ_FOR_DISCOVERY_SELECTION,FROZEN_PASS,PASS,0.5438,4i1r,A,,False,42,16,15,E5_NO_MODEL_QUALIFICATION,当前模型未取得资格,NONE,停止同协议扩筛；先诊断历史对照与结构状态,检查标签、阴性、构象和口袋；不追加同协议pair筛选,5,0,0,0,0,0,0,5,0,0,0,0,0,0,0,0,0,0,0,False,C0_GATE_FAILURE_DIAGNOSTIC,control labels; property separability; receptor state; pocket; model direction
CHEMBL1951,MAOA,P21397,酶（非激酶）,ENZYME_BIOCHEMICAL,T1_RICH_POSITIVE_NEGATIVE,705,2026,32,715.0,2214.0,3057.0,PRIMARY_QUANTITATIVE,32.0,32.0,32.0,32.0,16.0,True,0.45703125,0.5128326619706451,0.513827144900013,1.0,0.2545359848484848,0.6785984848484847,0.7750751573823167,False,False,True,0.45703125,0.5128326619706451,0.513827144900013,1.0,0.25,0.6666666666666666,0.8341384863123993,False,False,GATE_A_FAIL,DO_NOT_USE_GNINA_FOR_DISCOVERY_SELECTION,GATE_A,32.0,16.0,16.0,True,0.61328125,0.695033382155303,0.45703125,0.496232352451249,0.9621369131661168,0.3803550091911765,0.8117647058823529,0.1374312843578211,2.0,0.2303761414090642,False,False,False,False,GATE_B,32.0,16.0,16.0,True,0.61328125,0.695033382155303,0.45703125,0.496232352451249,0.9621369131661168,0.3959942843534175,0.7960784313725491,0.1469265367316342,2.0,0.3048177403835396,False,False,False,False,16.0,16.0,0.676188662648201,0.7593678534030914,0.8059751391410828,0.8247886002063751,0.8397389471530914,BOLTZ_GATE_A_FAIL,DO_NOT_USE_BOLTZ_FOR_DISCOVERY_SELECTION,FROZEN_PASS,PASS,1.4949,2z5x,A,,True,15,4,3,E5_NO_MODEL_QUALIFICATION,当前模型未取得资格,NONE,停止同协议扩筛；先诊断历史对照与结构状态,检查标签、阴性、构象和口袋；不追加同协议pair筛选,5,0,0,0,0,0,0,5,0,0,0,0,0,0,0,0,0,0,0,False,C0_GATE_FAILURE_DIAGNOSTIC,control labels; property separability; receptor state; pocket; model direction
CHEMBL2964,MAP2K2,P36507,激酶,KINASE_BIOCHEMICAL,T2_ADEQUATE_POSITIVE_NEGATIVE,32,343,16,31.0,227.0,349.0,PRIMARY_QUANTITATIVE,16.0,16.0,16.0,16.0,5.0,True,0.609375,0.6867715617715617,0.9348602666689396,2.0,0.2697619047619048,0.875,0.3899720055988802,False,False,True,0.64,0.596190476190476,0.1194630141058845,0.0,0.1999999999999999,1.0,0.5604975779037741,False,False,GATE_A_FAIL,DO_NOT_USE_GNINA_FOR_DISCOVERY_SELECTION,GATE_A,16.0,8.0,8.0,True,0.515625,0.5921130952380953,0.546875,0.7030792124542125,0.2846679390541684,0.2082837301587301,0.8666666666666667,0.4897551224387806,0.0,0.6485341803983853,False,False,False,False,GATE_B,10.0,5.0,5.0,True,0.76,0.6861904761904761,0.76,0.8392857142857142,0.1352620796209082,0.3333333333333333,1.0,0.1059470264867566,0.0,0.2394575070188483,False,False,False,False,8.0,8.0,0.3510864824056625,0.6392940580844879,0.8112324297428131,0.8225625663995743,0.8316266757249832,BOLTZ_GATE_A_FAIL,DO_NOT_USE_BOLTZ_FOR_DISCOVERY_SELECTION,FROZEN_PASS,PASS,1.4489,1s9i,B,,True,5,1,0,E5_NO_MODEL_QUALIFICATION,当前模型未取得资格,NONE,停止同协议扩筛；先诊断历史对照与结构状态,检查标签、阴性、构象和口袋；不追加同协议pair筛选,5,0,0,0,0,0,0,5,0,0,0,0,0,0,0,0,0,0,0,False,C0_GATE_FAILURE_DIAGNOSTIC,control labels; property separability; receptor state; pocket; model direction
CHEMBL260,MAPK14,Q16539,激酶,KINASE_BIOCHEMICAL,T1_RICH_POSITIVE_NEGATIVE,2590,534,32,2611.0,636.0,833.0,PRIMARY_QUANTITATIVE,32.0,32.0,32.0,32.0,8.0,True,0.46484375,0.4788655319006428,0.13894121596206,0.0,0.2588235294117647,0.6745301757066462,0.7575515733857634,False,False,True,0.390625,0.4747211122211122,0.2212196603024889,0.0,0.0909090909090909,0.6984920634920635,0.9270345930813836,False,False,GATE_A_FAIL,DO_NOT_USE_GNINA_FOR_DISCOVERY_SELECTION,GATE_A,32.0,16.0,16.0,True,0.6171875,0.6581139990405418,0.47265625,0.5579052847820761,0.8291280890640292,0.4156180042867349,0.8164326016865079,0.1399300349825087,2.0,0.2322134387351778,False,False,False,False,GATE_B,16.0,8.0,8.0,True,0.734375,0.7913690476190476,0.59375,0.6790140415140415,0.9784200346443368,0.4362878787878788,0.9682663690476192,0.064967516241879,2.0,0.1703865048607771,False,False,False,False,16.0,16.0,0.4355332776904106,0.6254090964794159,0.7192326188087463,0.7862146496772766,0.8197717308998108,BOLTZ_GATE_A_FAIL,DO_NOT_USE_BOLTZ_FOR_DISCOVERY_SELECTION,FROZEN_PASS,PASS,0.6259,3hvc,A,,False,434,254,253,E5_NO_MODEL_QUALIFICATION,当前模型未取得资格,NONE,停止同协议扩筛；先诊断历史对照与结构状态,检查标签、阴性、构象和口袋；不追加同协议pair筛选,5,0,0,0,0,0,0,5,0,0,0,0,0,0,0,0,0,0,0,False,C0_GATE_FAILURE_DIAGNOSTIC,control labels; property separability; receptor state; pocket; model direction
CHEMBL4179,MAPK9,P45984,激酶,KINASE_BIOCHEMICAL,T1_RICH_POSITIVE_NEGATIVE,360,404,32,750.0,311.0,475.0,PRIMARY_QUANTITATIVE,32.0,32.0,32.0,32.0,14.0,True,0.3828125,0.4804482802489956,0.5157956954697915,1.0,0.1833333333333333,0.5951441102756893,0.9315031111424774,False,False,True,0.3673469387755102,0.4816084025192153,0.5477372631718607,1.0,0.1458333333333333,0.5882429534313725,0.9861976757190934,False,False,GATE_A_FAIL,DO_NOT_USE_GNINA_FOR_DISCOVERY_SELECTION,GATE_A,32.0,16.0,16.0,True,0.6484375,0.5955814778126026,0.546875,0.5780590238409766,0.2628269545148067,0.4330971659919029,0.8412797619047618,0.0794602698650674,0.0,0.1440217391304347,False,False,False,False,GATE_B,28.0,14.0,14.0,True,0.6581632653061225,0.6052545967882103,0.5612244897959183,0.5891469865538189,0.2251383336748439,0.4385026737967914,0.871875,0.0874562718640679,0.0,0.2151579077717778,False,False,False,False,16.0,16.0,0.4834695756435394,0.6071401834487915,0.5288234949111938,0.563399612903595,0.6258988022804259,BOLTZ_GATE_A_FAIL,DO_NOT_USE_BOLTZ_FOR_DISCOVERY_SELECTION,FROZEN_PASS,PASS,0.3497,3npc,B,,False,6,4,3,E5_NO_MODEL_QUALIFICATION,当前模型未取得资格,NONE,停止同协议扩筛；先诊断历史对照与结构状态,检查标签、阴性、构象和口袋；不追加同协议pair筛选,5,0,0,0,0,0,0,5,0,0,0,0,0,0,0,0,0,0,0,False,C0_GATE_FAILURE_DIAGNOSTIC,control labels; property separability; receptor state; pocket; model direction
CHEMBL5331,MERTK,Q12866,激酶,KINASE_BIOCHEMICAL,T1_RICH_POSITIVE_NEGATIVE,1876,317,32,2582.0,261.0,399.0,PRIMARY_QUANTITATIVE,32.0,32.0,32.0,32.0,13.0,True,0.69140625,0.6803006774434871,0.522911688518075,1.0,0.4848484848484848,0.875,0.1222482776172038,False,False,True,0.6449704142011834,0.6407749480501791,0.4501896809422998,1.0,0.4121212121212121,0.8666666666666667,0.3866959941345064,False,False,GATE_A_FAIL,DO_NOT_USE_GNINA_FOR_DISCOVERY_SELECTION,GATE_A,32.0,16.0,16.0,True,0.5546875,0.5959651874393721,0.57421875,0.6270288379033885,0.7448595248517171,0.3294056372549019,0.7542340686274509,0.3113443278360819,2.0,0.4492032590669839,False,False,False,False,GATE_B,26.0,13.0,13.0,True,0.5621301775147929,0.6136954548719256,0.514792899408284,0.5949793155562386,0.8030065587475899,0.3333333333333333,0.7875493421052631,0.303848075962019,2.0,0.5113647995279469,False,False,False,False,16.0,16.0,0.3040778711438179,0.3950743973255157,0.6404120028018951,0.7262127101421356,0.846962970495224,BOLTZ_GATE_A_FAIL,DO_NOT_USE_BOLTZ_FOR_DISCOVERY_SELECTION,FROZEN_PASS,PASS,0.2389,7aay,A,,False,108,41,40,E5_NO_MODEL_QUALIFICATION,当前模型未取得资格,NONE,停止同协议扩筛；先诊断历史对照与结构状态,检查标签、阴性、构象和口袋；不追加同协议pair筛选,5,0,0,0,0,0,0,5,0,0,0,0,0,0,0,0,0,0,0,False,C0_GATE_FAILURE_DIAGNOSTIC,control labels; property separability; receptor state; pocket; model direction
CHEMBL2074,MGAM,O43451,酶（非激酶）,ENZYME_BIOCHEMICAL,T2_ADEQUATE_POSITIVE_NEGATIVE,32,103,16,31.0,121.0,127.0,PRIMARY_QUANTITATIVE,16.0,16.0,16.0,16.0,8.0,True,0.703125,0.6163690476190475,0.0820116897525692,0.0,0.359375,1.0,0.2151569686062787,False,False,True,0.703125,0.6163690476190475,0.0820116897525692,0.0,0.36504329004329,1.0,0.3517379857361861,False,False,GATE_A_FAIL,DO_NOT_USE_GNINA_FOR_DISCOVERY_SELECTION,GATE_A,16.0,8.0,8.0,True,0.375,0.4394997363747364,0.4375,0.5603708791208791,0.0018851397916793,0.0,0.75,0.808095952023988,0.0,0.9226292365628208,False,False,False,False,GATE_B,16.0,8.0,8.0,True,0.375,0.4394997363747364,0.4375,0.5603708791208791,0.0018851397916793,0.0,0.75,0.8065967016491754,0.0,0.9265862936300444,False,False,False,False,8.0,8.0,0.4821463525295257,0.5647491216659546,0.7336207926273346,0.7415153533220291,0.7478310018777847,BOLTZ_GATE_A_FAIL,DO_NOT_USE_BOLTZ_FOR_DISCOVERY_SELECTION,FROZEN_PASS,PASS,0.6537,3l4w,A,,False,35,11,10,E5_NO_MODEL_QUALIFICATION,当前模型未取得资格,NONE,停止同协议扩筛；先诊断历史对照与结构状态,检查标签、阴性、构象和口袋；不追加同协议pair筛选,5,0,0,0,0,0,0,5,0,0,0,0,0,0,0,0,0,0,0,False,C0_GATE_FAILURE_DIAGNOSTIC,control labels; property separability; receptor state; pocket; model direction
CHEMBL4191,MGLL,Q99685,酶（非激酶）,ENZYME_BIOCHEMICAL,T1_RICH_POSITIVE_NEGATIVE,1543,254,32,2021.0,265.0,365.0,PRIMARY_QUANTITATIVE,32.0,32.0,32.0,32.0,13.0,True,0.328125,0.4597999139445029,0.5099277640220286,1.0,0.1428282244071717,0.5291666666666667,0.9733000369623044,False,False,True,0.3431952662721894,0.4856143030628156,0.5959899569290081,1.0,0.1393465909090909,0.5654761904761905,0.9861976757190934,False,False,GATE_A_FAIL,DO_NOT_USE_GNINA_FOR_DISCOVERY_SELECTION,GATE_A,32.0,16.0,16.0,True,0.5,0.5541193364194616,0.3359375,0.4593263539950698,0.526114410717044,0.2942678889737714,0.7166405597326649,0.5002498750624688,1.0,0.6564364876385337,False,False,False,False,GATE_B,26.0,13.0,13.0,True,0.4437869822485207,0.4935134799093609,0.301775147928994,0.4134531061850195,0.160318918906968,0.2062452651515151,0.6785768398268398,0.6941529235382309,0.0,0.8426834617625686,False,False,False,False,16.0,16.0,0.5502015799283981,0.6449248194694519,0.6548827886581421,0.6973150372505188,0.7430025696754455,BOLTZ_GATE_A_FAIL,DO_NOT_USE_BOLTZ_FOR_DISCOVERY_SELECTION,FROZEN_PASS,PASS,0.8326,3pe6,A,,False,68,30,29,E5_NO_MODEL_QUALIFICATION,当前模型未取得资格,NONE,停止同协议扩筛；先诊断历史对照与结构状态,检查标签、阴性、构象和口袋；不追加同协议pair筛选,5,0,0,0,0,0,0,5,0,0,0,0,0,0,0,0,0,0,0,False,C0_GATE_FAILURE_DIAGNOSTIC,control labels; property separability; receptor state; pocket; model direction
CHEMBL332,MMP1,P03956,酶（非激酶）,ENZYME_BIOCHEMICAL,T1_RICH_POSITIVE_NEGATIVE,412,1049,32,410.0,386.0,1235.0,PRIMARY_QUANTITATIVE,32.0,32.0,32.0,32.0,8.0,True,0.44921875,0.5466479672251787,0.6820448966959995,1.0,0.2460872395833333,0.658016774891775,0.7908841960421474,False,False,True,0.421875,0.5487637362637363,0.7308132113689134,2.0,0.1272727272727273,0.7166666666666667,0.8752694958638604,False,False,GATE_A_FAIL,DO_NOT_USE_GNINA_FOR_DISCOVERY_SELECTION,GATE_A,32.0,16.0,16.0,True,0.625,0.7071446610094589,0.625,0.7361897427412856,0.9629681316111663,0.4234570494864613,0.828156001984127,0.1089455272363818,2.0,0.1891868437038965,False,False,False,False,GATE_B,16.0,8.0,8.0,True,0.6875,0.7593749999999999,0.6875,0.7934523809523809,0.9780492645063876,0.395703125,0.9334126984126984,0.112943528235882,2.0,0.2491928638855175,False,False,False,False,16.0,16.0,0.934097483754158,0.9882124960422516,0.947921484708786,0.9748149067163469,0.981409314274788,BOLTZ_GATE_A_FAIL,DO_NOT_USE_BOLTZ_FOR_DISCOVERY_SELECTION,FROZEN_PASS,PASS,1.0464,4ayk,A,,True,59,15,14,E5_NO_MODEL_QUALIFICATION,当前模型未取得资格,NONE,停止同协议扩筛；先诊断历史对照与结构状态,检查标签、阴性、构象和口袋；不追加同协议pair筛选,5,0,0,0,0,0,0,5,0,0,0,0,0,0,0,0,0,0,0,False,C0_GATE_FAILURE_DIAGNOSTIC,control labels; property separability; receptor state; pocket; model direction
CHEMBL280,MMP13,P45452,酶（非激酶）,ENZYME_BIOCHEMICAL,T1_RICH_POSITIVE_NEGATIVE,1188,184,32,1165.0,449.0,497.0,PRIMARY_QUANTITATIVE,32.0,32.0,32.0,32.0,7.0,True,0.4375,0.4719358518341839,0.2796431897899101,1.0,0.2340581232492997,0.6549877450980388,0.8278571176520998,False,False,True,0.4489795918367347,0.5301587301587302,0.2283809794315454,0.0,0.1458333333333333,0.7916666666666666,0.8186845389542781,False,False,GATE_A_FAIL,DO_NOT_USE_GNINA_FOR_DISCOVERY_SELECTION,GATE_A,32.0,16.0,16.0,True,0.40234375,0.5628342756529374,0.8359375,0.8831946699134199,0.8521243067409225,0.190189014202172,0.607924836601307,0.8190904547726137,2.0,0.931514634839443,False,False,False,False,GATE_B,14.0,7.0,7.0,True,0.4693877551020408,0.6499476713762427,0.7551020408163265,0.8245421245421245,0.9452600154111274,0.1498958333333333,0.8333333333333334,0.6036981509245377,2.0,0.7805957486373092,False,False,False,False,16.0,16.0,0.7044021785259247,0.87904953956604,0.9670402109622956,0.9726386964321136,0.9823126018047332,BOLTZ_GATE_A_FAIL,DO_NOT_USE_BOLTZ_FOR_DISCOVERY_SELECTION,FROZEN_PASS,PASS,1.0923,1you,A,,True,337,49,48,E5_NO_MODEL_QUALIFICATION,当前模型未取得资格,NONE,停止同协议扩筛；先诊断历史对照与结构状态,检查标签、阴性、构象和口袋；不追加同协议pair筛选,5,0,0,0,0,0,0,5,0,0,0,0,0,0,0,0,0,0,0,False,C0_GATE_FAILURE_DIAGNOSTIC,control labels; property separability; receptor state; pocket; model direction
CHEMBL2842,MTOR,P42345,激酶,KINASE_BIOCHEMICAL,T1_RICH_POSITIVE_NEGATIVE,3066,320,32,3183.0,669.0,869.0,PRIMARY_QUANTITATIVE,32.0,32.0,32.0,32.0,0.0,True,0.48828125,0.503565867897243,0.1412522140525365,0.0,0.2772942142210145,0.7000490196078428,0.704738681893251,False,False,,,,,,,,,,,GATE_A_FAIL,DO_NOT_USE_GNINA_FOR_DISCOVERY_SELECTION,GATE_A,32.0,16.0,16.0,True,0.2265625,0.3720227241396596,0.2109375,0.3739096454606313,0.009460473054752,0.0823184091450345,0.4079009650735293,0.9970014992503748,0.0,0.999000499750125,False,False,False,False,,,,,,,,,,,,,,,,,,,,16.0,16.0,0.3054147586226463,0.3708487153053283,0.6551506817340851,0.6665415614843369,0.6695693463087082,BOLTZ_GATE_A_FAIL,DO_NOT_USE_BOLTZ_FOR_DISCOVERY_SELECTION,FROZEN_PASS,PASS,1.5416,4dri,B,,False,84,46,45,E5_NO_MODEL_QUALIFICATION,当前模型未取得资格,NONE,停止同协议扩筛；先诊断历史对照与结构状态,检查标签、阴性、构象和口袋；不追加同协议pair筛选,5,0,0,0,0,0,0,5,0,0,0,0,0,0,0,0,0,0,0,False,C0_GATE_FAILURE_DIAGNOSTIC,control labels; property separability; receptor state; pocket; model direction
CHEMBL1744525,NAMPT,P43490,酶（非激酶）,ENZYME_BIOCHEMICAL,T1_RICH_POSITIVE_NEGATIVE,2126,65,32,2367.0,125.0,138.0,PRIMARY_QUANTITATIVE,32.0,32.0,32.0,32.0,10.0,True,0.19140625,0.3633194515744857,0.044157081225573,0.0,0.058292004048583,0.3603353973168214,1.0,False,False,True,0.1499999999999999,0.3620569351529104,0.0116551378569963,0.0,0.0,0.3600659340659337,1.0,False,False,GATE_A_FAIL,DO_NOT_USE_GNINA_FOR_DISCOVERY_SELECTION,GATE_A,32.0,16.0,16.0,True,0.35546875,0.4251162809131755,0.23046875,0.3779029550198904,0.0681578521345215,0.182521645021645,0.5584453632305194,0.9100449775112444,0.0,0.9810893809600776,False,False,False,False,GATE_B,20.0,10.0,10.0,True,0.3299999999999999,0.4399214725762713,0.1099999999999999,0.3517686042028147,0.2349061683623939,0.1041666666666666,0.6262626262626263,0.8940529735132434,0.0,0.9703597813496352,False,False,False,False,16.0,16.0,0.5444570332765579,0.6057776510715485,0.8091591894626617,0.8340993374586105,0.8913060277700424,BOLTZ_GATE_A_FAIL,DO_NOT_USE_BOLTZ_FOR_DISCOVERY_SELECTION,FROZEN_PASS,PASS,1.0674,4o1b,A,,False,453,84,83,E5_NO_MODEL_QUALIFICATION,当前模型未取得资格,NONE,停止同协议扩筛；先诊断历史对照与结构状态,检查标签、阴性、构象和口袋；不追加同协议pair筛选,5,0,0,0,0,0,0,5,0,0,0,0,0,0,0,0,0,0,0,False,C0_GATE_FAILURE_DIAGNOSTIC,control labels; property separability; receptor state; pocket; model direction
CHEMBL4481,NOS2,P35228,酶（非激酶）,ENZYME_BIOCHEMICAL,T1_RICH_POSITIVE_NEGATIVE,299,189,32,303.0,227.0,238.0,PRIMARY_QUANTITATIVE,32.0,32.0,32.0,32.0,9.0,True,0.0625,0.3320429371059199,0.0002098223132876,0.0,0.0,0.1619433198380566,1.0,False,False,True,0.0493827160493827,0.3424892010676325,9.143474476238914e-05,0.0,0.0,0.1846153846153846,1.0,False,False,GATE_A_FAIL,DO_NOT_USE_GNINA_FOR_DISCOVERY_SELECTION,GATE_A,32.0,16.0,16.0,True,0.15625,0.3519758366124498,0.78125,0.8240813465537731,0.0211704188576238,0.0357142857142857,0.3177018337699451,0.999000499750125,0.0,0.999000499750125,False,False,False,False,GATE_B,18.0,9.0,9.0,True,0.0987654320987654,0.3519858772309753,0.7654320987654322,0.810918710918711,0.0079371869811376,0.0,0.2641098484848483,0.9995002498750624,0.0,1.0,False,False,False,False,16.0,16.0,0.4635434970259666,0.5126487016677856,0.7824414968490601,0.7904290556907654,0.7963111758232116,BOLTZ_GATE_A_FAIL,DO_NOT_USE_BOLTZ_FOR_DISCOVERY_SELECTION,FROZEN_PASS,PASS,1.2242,4nos,C,,True,83,7,6,E5_NO_MODEL_QUALIFICATION,当前模型未取得资格,NONE,停止同协议扩筛；先诊断历史对照与结构状态,检查标签、阴性、构象和口袋；不追加同协议pair筛选,5,0,0,0,0,0,0,5,0,0,0,0,0,0,0,0,0,0,0,False,C0_GATE_FAILURE_DIAGNOSTIC,control labels; property separability; receptor state; pocket; model direction
CHEMBL4093,NR1H2,P55055,核内/表观遗传蛋白,NUCLEAR_EPIGENETIC_DOMAIN,T1_RICH_POSITIVE_NEGATIVE,340,233,32,339.0,138.0,307.0,PRIMARY_QUANTITATIVE,32.0,32.0,32.0,32.0,13.0,True,0.5546875,0.5389951138762602,0.3508035992031595,1.0,0.3529233150750178,0.7532647907647907,0.4432468697517328,False,False,True,0.5857988165680473,0.551424360614644,0.2917312445989894,1.0,0.35625,0.8122050865800862,0.5295044439387985,False,False,GATE_A_FAIL,DO_NOT_USE_GNINA_FOR_DISCOVERY_SELECTION,GATE_A,32.0,16.0,16.0,True,0.5625,0.6255198315119135,0.5703125,0.6871366777507205,0.7189232664840289,0.3607019039499858,0.7857773109243698,0.2713643178410794,1.0,0.3994703156036195,False,False,False,False,GATE_B,26.0,13.0,13.0,True,0.5680473372781065,0.6309859095900285,0.6153846153846154,0.7192474349359528,0.7246182401981268,0.3393939393939394,0.7917187499999999,0.2863568215892054,1.0,0.4914024469246858,False,False,False,False,16.0,16.0,0.4892881065607071,0.5572114884853363,0.7434701025485992,0.7596992254257202,0.790849757194519,BOLTZ_GATE_A_FAIL,DO_NOT_USE_BOLTZ_FOR_DISCOVERY_SELECTION,FROZEN_PASS,PASS,0.6922,4dk8,C,,False,65,25,24,E5_NO_MODEL_QUALIFICATION,当前模型未取得资格,NONE,停止同协议扩筛；先诊断历史对照与结构状态,检查标签、阴性、构象和口袋；不追加同协议pair筛选,5,0,0,0,0,0,0,5,0,0,0,0,0,0,0,0,0,0,0,False,C0_GATE_FAILURE_DIAGNOSTIC,control labels; property separability; receptor state; pocket; model direction
CHEMBL1994,NR3C2,P08235,核内/表观遗传蛋白,NUCLEAR_EPIGENETIC_DOMAIN,T2_ADEQUATE_POSITIVE_NEGATIVE,491,45,32,495.0,74.0,109.0,PRIMARY_QUANTITATIVE,32.0,32.0,32.0,32.0,10.0,True,0.46875,0.5893921151113579,0.8109413995885097,2.0,0.2579365079365079,0.68359375,0.7575515733857634,False,False,True,0.3299999999999999,0.4490792592340579,0.1285800932613942,0.0,0.0952008928571428,0.604214015151515,0.9935376941348132,False,False,GATE_A_FAIL,DO_NOT_USE_GNINA_FOR_DISCOVERY_SELECTION,GATE_A,32.0,16.0,16.0,True,0.46484375,0.5169452784372139,0.4375,0.4989004134023238,0.4175883540159975,0.2708272058823529,0.6719408700980392,0.6346826586706646,1.0,0.7766159114535559,False,False,False,False,GATE_B,20.0,10.0,10.0,True,0.35,0.4445689982532087,0.32,0.4136447324605219,0.1015916728305316,0.1399313725490196,0.635440340909091,0.894552723638181,0.0,0.9703597813496352,False,False,False,False,16.0,16.0,0.3028441965579986,0.3717290908098221,0.5390542149543762,0.6179328262805939,0.6752403318881988,BOLTZ_GATE_A_FAIL,DO_NOT_USE_BOLTZ_FOR_DISCOVERY_SELECTION,FROZEN_PASS,PASS,0.1352,2a3i,A,,False,73,30,29,E5_NO_MODEL_QUALIFICATION,当前模型未取得资格,NONE,停止同协议扩筛；先诊断历史对照与结构状态,检查标签、阴性、构象和口袋；不追加同协议pair筛选,5,0,0,0,0,0,0,5,0,0,0,0,0,0,0,0,0,0,0,False,C0_GATE_FAILURE_DIAGNOSTIC,control labels; property separability; receptor state; pocket; model direction
CHEMBL2815,NTRK1,P04629,激酶,KINASE_BIOCHEMICAL,T1_RICH_POSITIVE_NEGATIVE,1826,364,32,2579.0,341.0,469.0,PRIMARY_QUANTITATIVE,32.0,32.0,32.0,32.0,15.0,True,0.41015625,0.4691009543489805,0.2982983705959432,1.0,0.2145135566188198,0.626984126984127,0.8756888622275544,False,False,True,0.3955555555555555,0.4651097020587275,0.2922306612676676,1.0,0.1990950226244343,0.625,0.9500091171193074,False,False,GATE_A_FAIL,DO_NOT_USE_GNINA_FOR_DISCOVERY_SELECTION,GATE_A,32.0,16.0,16.0,True,0.6484375,0.7753663943583299,0.75390625,0.8430384479258228,0.9905118365074072,0.4235294117647059,0.8502024291497975,0.088455772113943,2.0,0.1593302727518228,False,False,False,False,GATE_B,30.0,15.0,15.0,True,0.6355555555555555,0.7713201874797393,0.7377777777777778,0.829579760384358,0.9924698310755856,0.4106026785714285,0.8571428571428571,0.1074462768615692,2.0,0.2408876207057761,False,False,False,False,16.0,16.0,0.7064164131879807,0.8702259659767151,0.7121708989143372,0.7649375200271606,0.870144772529602,BOLTZ_GATE_A_FAIL,DO_NOT_USE_BOLTZ_FOR_DISCOVERY_SELECTION,FROZEN_PASS,PASS,0.9392,5kvt,A,,False,100,56,55,E5_NO_MODEL_QUALIFICATION,当前模型未取得资格,NONE,停止同协议扩筛；先诊断历史对照与结构状态,检查标签、阴性、构象和口袋；不追加同协议pair筛选,5,0,0,0,0,0,0,5,0,0,0,0,0,0,0,0,0,0,0,False,C0_GATE_FAILURE_DIAGNOSTIC,control labels; property separability; receptor state; pocket; model direction
CHEMBL3105,PARP1,P09874,酶（非激酶）,ENZYME_BIOCHEMICAL,T1_RICH_POSITIVE_NEGATIVE,1984,163,32,1985.0,230.0,284.0,PRIMARY_QUANTITATIVE,32.0,32.0,32.0,32.0,11.0,True,0.703125,0.6311481251759637,0.2822405310192101,0.0,0.4960921999007937,0.890625,0.1014311423429599,False,False,True,0.7190082644628099,0.6791216359398178,0.399739321510225,1.0,0.4821428571428571,0.925,0.2557113577284542,False,False,GATE_A_FAIL,DO_NOT_USE_GNINA_FOR_DISCOVERY_SELECTION,GATE_A,32.0,16.0,16.0,True,0.65625,0.6633318427350894,0.7890625,0.8136108104858105,0.788025626344749,0.4469934640522876,0.835344304388422,0.0629685157421289,2.0,0.1178120617110799,False,False,False,False,GATE_B,22.0,11.0,11.0,True,0.5371900826446281,0.6242969105198207,0.8512396694214877,0.8682113341204252,0.8599676902467036,0.2678571428571428,0.77688246097337,0.3973013493253373,2.0,0.6136098617357988,False,False,False,False,16.0,16.0,0.4050356149673462,0.4617654979228973,0.5361267924308777,0.5840671807527542,0.6461780220270157,BOLTZ_GATE_A_FAIL,DO_NOT_USE_BOLTZ_FOR_DISCOVERY_SELECTION,FROZEN_PASS,PASS,1.0319,2rcw,A,,False,309,98,97,E5_NO_MODEL_QUALIFICATION,当前模型未取得资格,NONE,停止同协议扩筛；先诊断历史对照与结构状态,检查标签、阴性、构象和口袋；不追加同协议pair筛选,5,0,0,0,0,0,0,5,0,0,0,0,0,0,0,0,0,0,0,False,C0_GATE_FAILURE_DIAGNOSTIC,control labels; property separability; receptor state; pocket; model direction
CHEMBL5366,PARP2,Q9UGN5,酶（非激酶）,ENZYME_BIOCHEMICAL,T1_RICH_POSITIVE_NEGATIVE,327,54,32,343.0,131.0,132.0,PRIMARY_QUANTITATIVE,32.0,32.0,32.0,32.0,12.0,True,0.6171875,0.5903273840961878,0.5568828170440845,1.0,0.4117244944852941,0.8196078431372549,0.2717560965418856,False,False,True,0.5833333333333333,0.5774036220008087,0.5792543715913298,1.0,0.3194212962962963,0.8285714285714285,0.5604975779037741,False,False,GATE_A_FAIL,DO_NOT_USE_GNINA_FOR_DISCOVERY_SELECTION,GATE_A,32.0,16.0,16.0,True,0.625,0.6432446620356571,0.80078125,0.8202300598410656,0.7637416246651506,0.4047408963585434,0.8268551056786351,0.1179410294852573,2.0,0.1988540613414222,False,False,False,False,GATE_B,24.0,12.0,12.0,True,0.6944444444444445,0.7039267384662121,0.7777777777777778,0.781369073760378,0.8639852968544643,0.4614285714285714,0.8906282825630252,0.0594702648675662,2.0,0.1620856238547393,False,False,False,False,16.0,16.0,0.3245508819818496,0.3948312699794769,0.6023907959461212,0.6310781985521317,0.6489922434091568,BOLTZ_GATE_A_FAIL,DO_NOT_USE_BOLTZ_FOR_DISCOVERY_SELECTION,FROZEN_PASS,PASS,0.3815,4tvj,A,,False,51,19,18,E5_NO_MODEL_QUALIFICATION,当前模型未取得资格,NONE,停止同协议扩筛；先诊断历史对照与结构状态,检查标签、阴性、构象和口袋；不追加同协议pair筛选,5,0,0,0,0,0,0,5,0,0,0,0,0,0,0,0,0,0,0,False,C0_GATE_FAILURE_DIAGNOSTIC,control labels; property separability; receptor state; pocket; model direction
CHEMBL1827,PDE5A,O76074,酶（非激酶）,ENZYME_BIOCHEMICAL,T1_RICH_POSITIVE_NEGATIVE,911,1011,32,909.0,170.0,1005.0,PRIMARY_QUANTITATIVE,32.0,32.0,32.0,32.0,11.0,True,0.515625,0.5909922070639361,0.7932216290127326,2.0,0.3058741830065359,0.7215849673202613,0.6019529762389231,False,False,True,0.5619834710743801,0.644984808480446,0.8798280585507189,2.0,0.3125,0.7949999999999993,0.6222603964055673,False,False,GATE_A_FAIL,DO_NOT_USE_GNINA_FOR_DISCOVERY_SELECTION,GATE_A,32.0,16.0,16.0,True,0.33203125,0.4160348930405654,0.4296875,0.4613684542691462,0.1119061516265961,0.1428282244071717,0.5215686274509803,0.9505247376311844,0.0,0.999000499750125,False,False,False,False,GATE_B,22.0,11.0,11.0,True,0.3057851239669421,0.4134987088934457,0.4049586776859504,0.4565848293121021,0.1000519408058302,0.0916666666666666,0.5385416666666667,0.9400299850074962,0.0,1.0,False,False,False,False,16.0,16.0,0.4123361334204674,0.4751206040382385,0.5648121237754822,0.5861193686723709,0.587200728058815,BOLTZ_GATE_A_FAIL,DO_NOT_USE_BOLTZ_FOR_DISCOVERY_SELECTION,FROZEN_PASS,PASS,0.5605,1rkp,A,,True,153,47,46,E5_NO_MODEL_QUALIFICATION,当前模型未取得资格,NONE,停止同协议扩筛；先诊断历史对照与结构状态,检查标签、阴性、构象和口袋；不追加同协议pair筛选,5,0,0,0,0,0,0,5,0,0,0,0,0,0,0,0,0,0,0,False,C0_GATE_FAILURE_DIAGNOSTIC,control labels; property separability; receptor state; pocket; model direction
CHEMBL208,PGR,P06401,核内/表观遗传蛋白,NUCLEAR_EPIGENETIC_DOMAIN,T1_RICH_POSITIVE_NEGATIVE,516,139,32,506.0,83.0,206.0,PRIMARY_QUANTITATIVE,32.0,32.0,32.0,32.0,15.0,True,0.64453125,0.6364941431117902,0.5171419490661735,1.0,0.4313725490196078,0.8293650793650794,0.2015839822689667,False,False,True,0.6844444444444444,0.6666009393656451,0.5027654020948662,1.0,0.4731894841269841,0.8794684193121693,0.2416849963340665,False,False,GATE_A_FAIL,DO_NOT_USE_GNINA_FOR_DISCOVERY_SELECTION,GATE_A,32.0,16.0,16.0,True,0.46875,0.5884891529314561,0.5546875,0.5945926633568421,0.8270381137370637,0.2697619047619047,0.6746326264880953,0.591704147926037,2.0,0.7364558064315482,False,False,False,False,GATE_B,30.0,15.0,15.0,True,0.4844444444444444,0.601111078849578,0.5955555555555556,0.6530520140716218,0.8391333550626504,0.2665555555555556,0.6965178571428571,0.5807096451774113,2.0,0.7687489588539064,False,False,False,False,16.0,16.0,0.5724290162324905,0.6582548916339874,0.6620562672615051,0.6944573521614075,0.7308800339698791,BOLTZ_GATE_A_FAIL,DO_NOT_USE_BOLTZ_FOR_DISCOVERY_SELECTION,FROZEN_PASS,PASS,0.886,2ovh,A,,False,71,20,19,E5_NO_MODEL_QUALIFICATION,当前模型未取得资格,NONE,停止同协议扩筛；先诊断历史对照与结构状态,检查标签、阴性、构象和口袋；不追加同协议pair筛选,5,0,0,0,0,0,0,4,1,0,0,0,0,0,0,0,0,0,0,False,C0_GATE_FAILURE_DIAGNOSTIC,control labels; property separability; receptor state; pocket; model direction
CHEMBL3130,PIK3CD,O00329,酶（非激酶）,ENZYME_BIOCHEMICAL,T1_RICH_POSITIVE_NEGATIVE,5432,313,32,7439.0,689.0,818.0,PRIMARY_QUANTITATIVE,32.0,32.0,32.0,32.0,11.0,True,0.484375,0.5448486933515949,0.4409918566221491,1.0,0.2665789473684211,0.6992382812499999,0.704738681893251,False,False,True,0.4545454545454545,0.5332450444292549,0.3043940622855094,1.0,0.1965811965811966,0.7350550964187328,0.8273649191730281,False,False,GATE_A_FAIL,DO_NOT_USE_GNINA_FOR_DISCOVERY_SELECTION,GATE_A,32.0,16.0,16.0,True,0.4609375,0.4762035194738122,0.48828125,0.5225554339021831,0.2658806757774672,0.2694397941468254,0.6842679615705931,0.6406796601699151,1.0,0.777393729913286,False,False,False,False,GATE_B,22.0,11.0,11.0,True,0.3801652892561984,0.4562056677100302,0.4297520661157025,0.4748430416879615,0.248425315226573,0.1416666666666666,0.638095238095238,0.8255872063968016,1.0,0.9320157734897734,False,False,False,False,16.0,16.0,0.3681003376841545,0.4483467936515808,0.5337045192718506,0.6219250559806824,0.81198753118515,BOLTZ_GATE_A_FAIL,DO_NOT_USE_BOLTZ_FOR_DISCOVERY_SELECTION,FROZEN_PASS,PASS,0.4535,7jis,A,,False,23,20,19,E5_NO_MODEL_QUALIFICATION,当前模型未取得资格,NONE,停止同协议扩筛；先诊断历史对照与结构状态,检查标签、阴性、构象和口袋；不追加同协议pair筛选,5,0,0,0,0,0,0,5,0,0,0,0,0,0,0,0,0,0,0,False,C0_GATE_FAILURE_DIAGNOSTIC,control labels; property separability; receptor state; pocket; model direction
CHEMBL3267,PIK3CG,P48736,酶（非激酶）,ENZYME_BIOCHEMICAL,T1_RICH_POSITIVE_NEGATIVE,2204,344,32,4141.0,780.0,936.0,PRIMARY_QUANTITATIVE,32.0,32.0,32.0,32.0,15.0,True,0.3984375,0.5311773877022179,0.7385907053634265,2.0,0.192156862745098,0.6090980113636364,0.8957078149587474,False,False,True,0.4222222222222221,0.5432872604101989,0.7571625024618425,2.0,0.2099955357142856,0.6380186449579832,0.9262193857524792,False,False,GATE_A_FAIL,DO_NOT_USE_GNINA_FOR_DISCOVERY_SELECTION,GATE_A,32.0,16.0,16.0,True,0.6015625,0.7284734580011092,0.49609375,0.5311868720528654,0.9829182646946728,0.3643256578947368,0.8000404858299596,0.1824087956021989,2.0,0.2859381120250686,False,False,False,False,GATE_B,30.0,15.0,15.0,True,0.5733333333333334,0.7033067432780076,0.4933333333333333,0.4942473116153768,0.9739674722500914,0.3481026785714285,0.7768973214285714,0.2563718140929535,2.0,0.4482475743260445,False,False,False,False,16.0,16.0,0.2486648187041282,0.315308928489685,0.5790676176548004,0.6083064824342728,0.6527273327112197,BOLTZ_GATE_A_FAIL,DO_NOT_USE_BOLTZ_FOR_DISCOVERY_SELECTION,FROZEN_PASS,PASS,1.1442,2a4z,A,,False,144,103,102,E5_NO_MODEL_QUALIFICATION,当前模型未取得资格,NONE,停止同协议扩筛；先诊断历史对照与结构状态,检查标签、阴性、构象和口袋；不追加同协议pair筛选,5,0,0,0,0,0,0,5,0,0,0,0,0,0,0,0,0,0,0,False,C0_GATE_FAILURE_DIAGNOSTIC,control labels; property separability; receptor state; pocket; model direction
CHEMBL4342,PLA2G10,O15496,酶（非激酶）,ENZYME_BIOCHEMICAL,T2_ADEQUATE_POSITIVE_NEGATIVE,60,21,16,57.0,24.0,29.0,PRIMARY_QUANTITATIVE,16.0,16.0,16.0,16.0,6.0,True,0.71875,0.8010416666666667,0.9934530922308752,2.0,0.4285714285714286,0.95,0.1938442500179209,False,False,True,0.6666666666666666,0.739520202020202,0.965602519445622,2.0,0.2777777777777778,0.9688839285714284,0.4932586298274325,False,False,GATE_A_FAIL,DO_NOT_USE_GNINA_FOR_DISCOVERY_SELECTION,GATE_A,16.0,8.0,8.0,True,0.453125,0.5731421356421357,0.578125,0.6668612637362636,0.7725262246557282,0.1666666666666666,0.7461309523809523,0.6486756621689156,2.0,0.783816425120773,False,False,False,False,GATE_B,12.0,6.0,6.0,True,0.5,0.623015873015873,0.5277777777777778,0.6785714285714285,0.8403233966700897,0.1426587301587301,0.8857142857142857,0.5212393803098451,2.0,0.7123595065212492,False,False,False,False,8.0,8.0,0.3628657087683677,0.4000492542982101,0.6417895495891571,0.6458526223897934,0.6491030806303024,BOLTZ_GATE_A_FAIL,DO_NOT_USE_BOLTZ_FOR_DISCOVERY_SELECTION,FROZEN_PASS,PASS,0.6503,6g5j,A,,True,43,7,6,E5_NO_MODEL_QUALIFICATION,当前模型未取得资格,NONE,停止同协议扩筛；先诊断历史对照与结构状态,检查标签、阴性、构象和口袋；不追加同协议pair筛选,5,0,0,0,0,0,0,5,0,0,0,0,0,0,0,0,0,0,0,False,C0_GATE_FAILURE_DIAGNOSTIC,control labels; property separability; receptor state; pocket; model direction
CHEMBL3474,PLA2G2A,P14555,酶（非激酶）,ENZYME_BIOCHEMICAL,T1_RICH_POSITIVE_NEGATIVE,92,71,32,82.0,57.0,74.0,PRIMARY_QUANTITATIVE,32.0,32.0,32.0,32.0,13.0,True,0.640625,0.7001629568547671,0.8795285858433349,2.0,0.4135895721925133,0.8438020833333331,0.2221124740569127,False,False,True,0.5917159763313609,0.6016931263498769,0.3476793432017945,1.0,0.3374944526627219,0.827454004329004,0.5206708658268346,False,False,GATE_A_FAIL,DO_NOT_USE_GNINA_FOR_DISCOVERY_SELECTION,GATE_A,32.0,16.0,16.0,True,0.46875,0.610188453781572,0.43359375,0.5090763964732709,0.8387039492828653,0.2541617063492063,0.686630394345238,0.6201899050474763,2.0,0.7620977646769835,False,False,False,False,GATE_B,26.0,13.0,13.0,True,0.544378698224852,0.6591495346758505,0.3491124260355029,0.4897447830548362,0.8704570000279611,0.2985863095238096,0.78125,0.3548225887056472,2.0,0.5701773390761267,False,False,False,False,16.0,16.0,0.2722186520695686,0.3189787715673446,0.5894913673400879,0.6013824045658112,0.613528949022293,BOLTZ_GATE_A_FAIL,DO_NOT_USE_BOLTZ_FOR_DISCOVERY_SELECTION,FROZEN_PASS,PASS,0.8246,1kqu,A,,True,53,16,15,E5_NO_MODEL_QUALIFICATION,当前模型未取得资格,NONE,停止同协议扩筛；先诊断历史对照与结构状态,检查标签、阴性、构象和口袋；不追加同协议pair筛选,5,0,0,0,0,0,0,5,0,0,0,0,0,0,0,0,0,0,0,False,C0_GATE_FAILURE_DIAGNOSTIC,control labels; property separability; receptor state; pocket; model direction
CHEMBL239,PPARA,Q07869,核内/表观遗传蛋白,NUCLEAR_EPIGENETIC_DOMAIN,T1_RICH_POSITIVE_NEGATIVE,355,516,32,354.0,233.0,657.0,PRIMARY_QUANTITATIVE,32.0,32.0,32.0,32.0,9.0,True,0.58203125,0.6963667046890731,0.9675129339717884,2.0,0.3686222910216718,0.78515625,0.3634848787818194,False,False,True,0.5432098765432098,0.6771130104463439,0.9647461775050856,2.0,0.2461538461538462,0.8307692307692307,0.6955105623170668,False,False,GATE_A_FAIL,DO_NOT_USE_GNINA_FOR_DISCOVERY_SELECTION,GATE_A,32.0,16.0,16.0,True,0.6015625,0.5852983099594353,0.73828125,0.7968640170681246,0.2832343318295272,0.38093837535014,0.7960983455882352,0.1889055472263868,0.0,0.2929551267147175,False,False,False,False,GATE_B,18.0,9.0,9.0,True,0.4814814814814814,0.509400113321682,0.7283950617283951,0.8111351611351612,0.1054140557134741,0.1851851851851852,0.7655270655270654,0.5652173913043478,0.0,0.7518202621177449,False,False,False,False,16.0,16.0,0.6982012838125229,0.7301019430160522,0.8780685663223267,0.8853668570518494,0.8960454821586609,BOLTZ_GATE_A_FAIL,DO_NOT_USE_BOLTZ_FOR_DISCOVERY_SELECTION,FROZEN_PASS,PASS,0.8644,1i7g,A,,False,139,78,77,E5_NO_MODEL_QUALIFICATION,当前模型未取得资格,NONE,停止同协议扩筛；先诊断历史对照与结构状态,检查标签、阴性、构象和口袋；不追加同协议pair筛选,5,0,0,0,0,0,0,5,0,0,0,0,0,0,0,0,0,0,0,False,C0_GATE_FAILURE_DIAGNOSTIC,control labels; property separability; receptor state; pocket; model direction
CHEMBL3979,PPARD,Q03181,核内/表观遗传蛋白,NUCLEAR_EPIGENETIC_DOMAIN,T1_RICH_POSITIVE_NEGATIVE,312,579,32,311.0,123.0,671.0,PRIMARY_QUANTITATIVE,32.0,32.0,32.0,32.0,7.0,True,0.58984375,0.6134386627125598,0.6062123799307482,1.0,0.3764338235294117,0.7875094696969697,0.3367823250636496,False,False,True,0.2857142857142857,0.5774059274059274,0.9426101751681288,2.0,0.0,0.6666666666666666,0.9935376941348132,False,False,GATE_A_FAIL,DO_NOT_USE_GNINA_FOR_DISCOVERY_SELECTION,GATE_A,32.0,16.0,16.0,True,0.21875,0.3697991773445016,0.65234375,0.6215458612057876,0.0400326913127098,0.0688098086124401,0.4008718487394958,0.9975012493753124,0.0,0.999000499750125,False,False,False,False,GATE_B,14.0,7.0,7.0,True,0.2040816326530612,0.3890847247990104,0.4693877551020408,0.5728414442700156,0.010575736049031,0.0,0.5209374999999999,0.9775112443778112,0.0,1.0,False,False,False,False,16.0,16.0,0.5751889050006866,0.674353837966919,0.8400803208351135,0.8487608432769775,0.8688930034637451,BOLTZ_GATE_A_FAIL,DO_NOT_USE_BOLTZ_FOR_DISCOVERY_SELECTION,FROZEN_PASS,PASS,0.8804,3d5f,A,,False,244,55,54,E5_NO_MODEL_QUALIFICATION,当前模型未取得资格,NONE,停止同协议扩筛；先诊断历史对照与结构状态,检查标签、阴性、构象和口袋；不追加同协议pair筛选,5,0,0,0,0,0,0,4,1,0,0,0,0,0,0,0,0,0,0,False,C0_GATE_FAILURE_DIAGNOSTIC,control labels; property separability; receptor state; pocket; model direction
CHEMBL235,PPARG,P37231,核内/表观遗传蛋白,NUCLEAR_EPIGENETIC_DOMAIN,T1_RICH_POSITIVE_NEGATIVE,971,738,32,988.0,287.0,881.0,PRIMARY_QUANTITATIVE,32.0,32.0,32.0,32.0,8.0,True,0.58984375,0.6561079579346458,0.8382609705276682,2.0,0.376984126984127,0.7835688820982938,0.3393120118114742,False,False,True,0.453125,0.6151515151515152,0.9194469622285044,2.0,0.1454545454545454,0.7818560606060604,0.8186845389542781,False,False,GATE_A_FAIL,DO_NOT_USE_GNINA_FOR_DISCOVERY_SELECTION,GATE_A,32.0,16.0,16.0,True,0.55859375,0.6435632161160069,0.7265625,0.8095977546237536,0.8803154671214053,0.3515396712662337,0.7489886480908153,0.2988505747126437,2.0,0.4333333333333333,False,False,False,False,GATE_B,16.0,8.0,8.0,True,0.34375,0.4418192918192918,0.46875,0.6415938228438229,0.0637716757201911,0.0833333333333333,0.640635016025641,0.8530734632683659,0.0,0.9524274007574526,False,False,False,False,16.0,16.0,0.6513821482658386,0.7647759020328522,0.9037048816680908,0.919208288192749,0.9457677364349364,BOLTZ_GATE_A_FAIL,DO_NOT_USE_BOLTZ_FOR_DISCOVERY_SELECTION,FROZEN_PASS,PASS,1.6367,3vn2,A,,False,675,356,355,E5_NO_MODEL_QUALIFICATION,当前模型未取得资格,NONE,停止同协议扩筛；先诊断历史对照与结构状态,检查标签、阴性、构象和口袋；不追加同协议pair筛选,5,0,0,0,0,0,0,5,0,0,0,0,0,0,0,0,0,0,0,False,C0_GATE_FAILURE_DIAGNOSTIC,control labels; property separability; receptor state; pocket; model direction
CHEMBL1795116,PRMT5,O14744,核内/表观遗传蛋白,NUCLEAR_EPIGENETIC_DOMAIN,T1_RICH_POSITIVE_NEGATIVE,518,105,32,657.0,132.0,166.0,PRIMARY_QUANTITATIVE,32.0,32.0,32.0,32.0,7.0,True,0.6328125,0.6022055565473885,0.2838516163662394,0.0,0.4272354403409091,0.830929241261722,0.2230285650187035,False,False,True,0.5510204081632654,0.5661564625850339,0.2266440299033656,0.0,0.2039795918367346,0.8775819418676559,0.6530461031081455,False,False,GATE_A_FAIL,DO_NOT_USE_GNINA_FOR_DISCOVERY_SELECTION,GATE_A,32.0,16.0,16.0,True,0.546875,0.58611609318524,0.48046875,0.535063937027129,0.4003215826584612,0.3333333333333333,0.757097288676236,0.3213393303348326,1.0,0.4613287415698092,False,False,False,False,GATE_B,14.0,7.0,7.0,True,0.4081632653061224,0.4935064935064934,0.4081632653061224,0.5173160173160173,0.1932920145856934,0.1041135204081632,0.7551133786848073,0.7186406796601699,0.0,0.8648576144828019,False,False,False,False,16.0,16.0,0.4472246021032333,0.5055229067802429,0.7854515016078949,0.7943208962678909,0.7963771492242813,BOLTZ_GATE_A_FAIL,DO_NOT_USE_BOLTZ_FOR_DISCOVERY_SELECTION,FROZEN_PASS,PASS,0.222,5fa5,A,,False,263,88,87,E5_NO_MODEL_QUALIFICATION,当前模型未取得资格,NONE,停止同协议扩筛；先诊断历史对照与结构状态,检查标签、阴性、构象和口袋；不追加同协议pair筛选,5,0,0,0,0,0,0,5,0,0,0,0,0,0,0,0,0,0,0,False,C0_GATE_FAILURE_DIAGNOSTIC,control labels; property separability; receptor state; pocket; model direction
CHEMBL230,PTGS2,P35354,酶（非激酶）,ENZYME_BIOCHEMICAL,T1_RICH_POSITIVE_NEGATIVE,1474,727,32,1482.0,942.0,1196.0,PRIMARY_QUANTITATIVE,32.0,32.0,32.0,32.0,15.0,True,0.453125,0.5226462918466993,0.4473727177282363,1.0,0.2460921999007936,0.6666666666666667,0.7908841960421474,False,False,True,0.4444444444444444,0.523080775819275,0.4345318171308684,1.0,0.2217194570135746,0.6620416666666666,0.8752694958638604,False,False,GATE_A_FAIL,DO_NOT_USE_GNINA_FOR_DISCOVERY_SELECTION,GATE_A,32.0,16.0,16.0,True,0.49609375,0.5122817596480558,0.5,0.5743937172355569,0.251557397623808,0.2929361979166666,0.7085345717234263,0.5132433783108445,0.0,0.6704530617574095,False,False,False,False,GATE_B,30.0,15.0,15.0,True,0.5422222222222222,0.5680641173980533,0.4666666666666667,0.512144836006905,0.4571354049345454,0.33013995215311,0.7500277777777778,0.3538230884557721,1.0,0.5701773390761267,False,False,False,False,16.0,16.0,0.3972327634692192,0.4800439774990082,0.6618047952651978,0.6653734445571899,0.6702975511550904,BOLTZ_GATE_A_FAIL,DO_NOT_USE_BOLTZ_FOR_DISCOVERY_SELECTION,FROZEN_PASS,PASS,0.8224,5ikq,A,,False,67,7,6,E5_NO_MODEL_QUALIFICATION,当前模型未取得资格,NONE,停止同协议扩筛；先诊断历史对照与结构状态,检查标签、阴性、构象和口袋；不追加同协议pair筛选,5,0,0,0,0,0,0,5,0,0,0,0,0,0,0,0,0,0,0,False,C0_GATE_FAILURE_DIAGNOSTIC,control labels; property separability; receptor state; pocket; model direction
CHEMBL2695,PTK2,Q05397,激酶,KINASE_BIOCHEMICAL,T1_RICH_POSITIVE_NEGATIVE,1140,569,32,1113.0,522.0,670.0,PRIMARY_QUANTITATIVE,32.0,32.0,32.0,32.0,9.0,True,0.5546875,0.5215822545510045,0.114452410199783,0.0,0.3412698412698413,0.7734765624999997,0.4432468697517328,False,False,True,0.5061728395061729,0.5014830848164181,0.0347735031051154,0.0,0.2098379629629629,0.8,0.7253427092359306,False,False,GATE_A_FAIL,DO_NOT_USE_GNINA_FOR_DISCOVERY_SELECTION,GATE_A,32.0,16.0,16.0,True,0.5859375,0.5256565131420007,0.59765625,0.5908474784342169,0.1741525041963676,0.3554113963293651,0.7976712614870508,0.2123938030984507,0.0,0.3208031400966183,False,False,False,False,GATE_B,18.0,9.0,9.0,True,0.4320987654320988,0.4681709720925407,0.5432098765432098,0.5982994855543875,0.0764798848658939,0.15,0.7409722222222219,0.6841579210394803,0.0,0.8341925528463838,False,False,False,False,16.0,16.0,0.418561689555645,0.4479738920927048,0.6886645555496216,0.7405256032943726,0.8534493207931518,BOLTZ_GATE_A_FAIL,DO_NOT_USE_BOLTZ_FOR_DISCOVERY_SELECTION,FROZEN_PASS,PASS,0.1863,4k9y,A,,False,65,30,29,E5_NO_MODEL_QUALIFICATION,当前模型未取得资格,NONE,停止同协议扩筛；先诊断历史对照与结构状态,检查标签、阴性、构象和口袋；不追加同协议pair筛选,5,0,0,0,0,0,0,5,0,0,0,0,0,0,0,0,0,0,0,False,C0_GATE_FAILURE_DIAGNOSTIC,control labels; property separability; receptor state; pocket; model direction
CHEMBL5469,PTK2B,Q14289,激酶,KINASE_BIOCHEMICAL,T1_RICH_POSITIVE_NEGATIVE,88,518,32,86.0,343.0,532.0,PRIMARY_QUANTITATIVE,32.0,32.0,32.0,32.0,12.0,True,0.4609375,0.5663229580528951,0.7624956672298124,2.0,0.2470588235294117,0.6727718360071299,0.7749376531620082,False,False,True,0.5208333333333334,0.609219001610306,0.8340292948651772,2.0,0.2688282305929365,0.7638888888888888,0.7253427092359306,False,False,GATE_A_FAIL,DO_NOT_USE_GNINA_FOR_DISCOVERY_SELECTION,GATE_A,32.0,16.0,16.0,True,0.63671875,0.6526105901640126,0.625,0.6449601321853019,0.7258648029125584,0.4245144110275689,0.8292167207792208,0.1019490254872563,1.0,0.1781037192247249,False,False,False,False,GATE_B,24.0,12.0,12.0,True,0.6319444444444444,0.672697131085289,0.701388888888889,0.6891199149671017,0.7445809524302878,0.3916083916083915,0.8601641414141413,0.153423288355822,1.0,0.3113260887804273,False,False,False,False,16.0,16.0,0.3184769004583359,0.3617420196533203,0.4207667261362076,0.4757023304700851,0.5315002530813216,BOLTZ_GATE_A_FAIL,DO_NOT_USE_BOLTZ_FOR_DISCOVERY_SELECTION,FROZEN_PASS,PASS,0.3211,3fzt,A,,False,18,12,11,E5_NO_MODEL_QUALIFICATION,当前模型未取得资格,NONE,停止同协议扩筛；先诊断历史对照与结构状态,检查标签、阴性、构象和口袋；不追加同协议pair筛选,5,0,0,0,0,0,0,5,0,0,0,0,0,0,0,0,0,0,0,False,C0_GATE_FAILURE_DIAGNOSTIC,control labels; property separability; receptor state; pocket; model direction
CHEMBL3864,PTPN11,Q06124,酶（非激酶）,ENZYME_BIOCHEMICAL,T1_RICH_POSITIVE_NEGATIVE,1079,346,32,1090.0,486.0,581.0,PRIMARY_QUANTITATIVE,32.0,32.0,32.0,32.0,9.0,True,0.43359375,0.4818843873910343,0.1474631174690121,0.0,0.2307617187499999,0.6587324929971989,0.8301473038725589,False,False,True,0.4567901234567901,0.5173961840628507,0.2962271732190419,0.0,0.1851851851851852,0.7532467532467533,0.8186845389542781,False,False,GATE_A_FAIL,DO_NOT_USE_GNINA_FOR_DISCOVERY_SELECTION,GATE_A,32.0,16.0,16.0,True,0.44140625,0.4966252986254452,0.61328125,0.6716256560416511,0.4114910409937687,0.2459593837535013,0.6618482966309054,0.7201399300349826,1.0,0.852410529429163,False,False,False,False,GATE_B,18.0,9.0,9.0,True,0.4567901234567901,0.4931435303984324,0.5555555555555556,0.5937796771130105,0.2313788655289693,0.1875,0.7375689935064935,0.6211894052973513,0.0,0.7994937716327022,False,False,False,False,16.0,16.0,0.4655719697475433,0.5318319797515869,0.7098212838172913,0.724861279129982,0.7324493199586868,BOLTZ_GATE_A_FAIL,DO_NOT_USE_BOLTZ_FOR_DISCOVERY_SELECTION,FROZEN_PASS,PASS,1.0032,2shp,B,,False,223,81,80,E5_NO_MODEL_QUALIFICATION,当前模型未取得资格,NONE,停止同协议扩筛；先诊断历史对照与结构状态,检查标签、阴性、构象和口袋；不追加同协议pair筛选,5,0,0,0,0,0,0,5,0,0,0,0,0,0,0,0,0,0,0,False,C0_GATE_FAILURE_DIAGNOSTIC,control labels; property separability; receptor state; pocket; model direction
CHEMBL2003,RARG,P13631,核内/表观遗传蛋白,NUCLEAR_EPIGENETIC_DOMAIN,T1_RICH_POSITIVE_NEGATIVE,64,51,32,63.0,39.0,90.0,PRIMARY_QUANTITATIVE,32.0,32.0,32.0,32.0,2.0,True,0.63671875,0.6825359156352437,0.8999357979225838,2.0,0.421875,0.8235294117647058,0.2221124740569127,False,False,False,0.5,0.5833333333333333,0.0066928509242848,0.0,0.0,1.0,0.8341384863123993,False,False,GATE_A_FAIL,DO_NOT_USE_GNINA_FOR_DISCOVERY_SELECTION,GATE_A,32.0,16.0,16.0,True,0.53515625,0.4978123821585677,0.55078125,0.6317556044242817,0.1035694181372526,0.331964595734127,0.7529653033088235,0.384807596201899,0.0,0.5288824781921835,False,False,False,False,GATE_B,4.0,2.0,2.0,False,0.5,0.5833333333333333,0.0,0.4166666666666666,0.0066928509242848,0.0,1.0,0.665167416291854,0.0,0.8243621552055831,False,False,False,False,16.0,16.0,0.722721517086029,0.7318052649497986,0.7399879097938538,0.7958022952079773,0.824567449092865,BOLTZ_GATE_A_FAIL,DO_NOT_USE_BOLTZ_FOR_DISCOVERY_SELECTION,FROZEN_PASS,PASS,0.2905,1fcy,A,,False,19,11,10,E5_NO_MODEL_QUALIFICATION,当前模型未取得资格,NONE,停止同协议扩筛；先诊断历史对照与结构状态,检查标签、阴性、构象和口袋；不追加同协议pair筛选,5,0,0,0,0,0,0,4,1,0,0,0,0,0,0,0,0,0,0,False,C0_GATE_FAILURE_DIAGNOSTIC,control labels; property separability; receptor state; pocket; model direction
CHEMBL286,REN,P00797,酶（非激酶）,ENZYME_BIOCHEMICAL,T1_RICH_POSITIVE_NEGATIVE,1238,68,32,1165.0,82.0,120.0,PRIMARY_QUANTITATIVE,32.0,32.0,32.0,32.0,14.0,True,0.6875,0.7163416283578823,0.8969343039866783,2.0,0.4874582489878543,0.8667261904761902,0.1222482776172038,False,False,True,0.6785714285714286,0.7196911930881604,0.9093802478631824,2.0,0.448953018707483,0.8716577540106951,0.2791373928604109,False,False,GATE_A_FAIL,DO_NOT_USE_GNINA_FOR_DISCOVERY_SELECTION,GATE_A,32.0,16.0,16.0,True,0.4140625,0.5135689634121484,0.72265625,0.7673214322301543,0.6383707729113629,0.21787109375,0.6171875,0.7966016991504248,1.0,0.9167241775937428,False,False,False,False,GATE_B,28.0,14.0,14.0,True,0.3622448979591837,0.4608083701316783,0.6887755102040817,0.7297419063319106,0.3767008064710404,0.1611111111111111,0.5833333333333333,0.9005497251374313,1.0,0.9703597813496352,False,False,False,False,16.0,16.0,0.6398086249828339,0.7444052696228027,0.9054147005081176,0.9093460738658904,0.9163635194301604,BOLTZ_GATE_A_FAIL,DO_NOT_USE_BOLTZ_FOR_DISCOVERY_SELECTION,FROZEN_PASS,PASS,1.016,3d91,B,,False,334,84,83,E5_NO_MODEL_QUALIFICATION,当前模型未取得资格,NONE,停止同协议扩筛；先诊断历史对照与结构状态,检查标签、阴性、构象和口袋；不追加同协议pair筛选,5,0,0,0,0,0,0,5,0,0,0,0,0,0,0,0,0,0,0,False,C0_GATE_FAILURE_DIAGNOSTIC,control labels; property separability; receptor state; pocket; model direction
CHEMBL5464,RIPK1,Q13546,激酶,KINASE_BIOCHEMICAL,T1_RICH_POSITIVE_NEGATIVE,1696,849,32,1864.0,857.0,977.0,PRIMARY_QUANTITATIVE,32.0,32.0,32.0,32.0,15.0,True,0.44921875,0.5481395415292131,0.6902284693245478,1.0,0.2458072916666666,0.6628431372549015,0.7939019790978513,False,False,True,0.4488888888888888,0.5523505255701797,0.6984770024156833,1.0,0.2187160326086956,0.6800138888888887,0.8487058569147414,False,False,GATE_A_FAIL,DO_NOT_USE_GNINA_FOR_DISCOVERY_SELECTION,GATE_A,32.0,16.0,16.0,True,0.62890625,0.612099726254138,0.45703125,0.5534732815603847,0.5432911546562884,0.4284722222222222,0.8431372549019607,0.1174412793603198,1.0,0.1988540613414222,False,False,False,False,GATE_B,30.0,15.0,15.0,True,0.6311111111111111,0.6151186386712701,0.4711111111111111,0.5643367704308418,0.5533852781958728,0.3999330357142857,0.8400407239819006,0.0984507746126936,1.0,0.2331207277717073,False,False,False,False,16.0,16.0,0.3013512939214706,0.5688413381576538,0.5997109115123749,0.6467304825782776,0.7483182549476622,BOLTZ_GATE_A_FAIL,DO_NOT_USE_BOLTZ_FOR_DISCOVERY_SELECTION,FROZEN_PASS,PASS,0.5148,4neu,B,,False,97,31,30,E5_NO_MODEL_QUALIFICATION,当前模型未取得资格,NONE,停止同协议扩筛；先诊断历史对照与结构状态,检查标签、阴性、构象和口袋；不追加同协议pair筛选,5,0,0,0,0,0,0,5,0,0,0,0,0,0,0,0,0,0,0,False,C0_GATE_FAILURE_DIAGNOSTIC,control labels; property separability; receptor state; pocket; model direction
CHEMBL5163,SCN3A,Q9NY46,离子通道,ION_CHANNEL_FUNCTIONAL,T2_ADEQUATE_POSITIVE_NEGATIVE,38,62,16,27.0,135.0,135.0,PRIMARY_QUANTITATIVE,16.0,16.0,16.0,16.0,3.0,True,0.375,0.4472680097680097,0.0603419851008869,0.0,0.1111111111111111,0.6833333333333333,0.8756888622275544,False,False,False,0.6666666666666666,0.8333333333333333,0.9987727104095616,2.0,0.0,1.0,0.6387389188828901,False,False,GATE_A_FAIL,DO_NOT_USE_GNINA_FOR_DISCOVERY_SELECTION,GATE_A,16.0,8.0,8.0,True,0.265625,0.4029491341991342,0.4375,0.5014423076923077,0.0171757452461126,0.0181818181818181,0.600079365079365,0.952023988005997,0.0,0.999000499750125,False,False,False,False,GATE_B,6.0,3.0,3.0,False,0.4444444444444445,0.5333333333333333,0.5555555555555556,0.5888888888888889,0.0344044276758682,0.0,1.0,0.6011994002998501,0.0,0.7805957486373092,False,False,False,False,8.0,8.0,0.4629701375961303,0.5665434300899506,0.6067997217178345,0.6161951720714569,0.6237115323543548,BOLTZ_GATE_A_FAIL,DO_NOT_USE_BOLTZ_FOR_DISCOVERY_SELECTION,FROZEN_PASS,PASS,0.9516,7w77,D,True,False,0,0,0,E5_NO_MODEL_QUALIFICATION,当前模型未取得资格,NONE,停止同协议扩筛；先诊断历史对照与结构状态,检查标签、阴性、构象和口袋；不追加同协议pair筛选,5,0,0,0,0,0,0,5,0,0,0,0,0,0,0,0,0,0,0,False,C0_GATE_FAILURE_DIAGNOSTIC,control labels; property separability; receptor state; pocket; model direction
CHEMBL2072,SCN4A,P35499,离子通道,ION_CHANNEL_FUNCTIONAL,T2_ADEQUATE_POSITIVE_NEGATIVE,96,47,16,26.0,70.0,73.0,PRIMARY_QUANTITATIVE,16.0,16.0,16.0,16.0,8.0,True,0.125,0.3652996309246309,0.0001130665285657,0.0,0.0,0.4008333333333326,1.0,False,False,True,0.125,0.3652996309246309,0.0001130665285657,0.0,0.0,0.4,1.0,False,False,GATE_A_FAIL,DO_NOT_USE_GNINA_FOR_DISCOVERY_SELECTION,GATE_A,16.0,8.0,8.0,True,0.203125,0.4073135198135198,0.390625,0.4506139693639693,0.2045189743396407,0.0,0.5092542613636363,0.9795102448775612,0.0,0.999000499750125,False,False,False,False,GATE_B,16.0,8.0,8.0,True,0.203125,0.4073135198135198,0.390625,0.4506139693639693,0.2045189743396407,0.0,0.5092542613636362,0.9815092453773112,0.0,1.0,False,False,False,False,8.0,8.0,0.350529283285141,0.3774682879447937,0.5900400400161743,0.5989515841007232,0.6060808193683624,BOLTZ_GATE_A_FAIL,DO_NOT_USE_BOLTZ_FOR_DISCOVERY_SELECTION,FROZEN_PASS,PASS,1.0543,6agf,A,True,False,5,2,1,E5_NO_MODEL_QUALIFICATION,当前模型未取得资格,NONE,停止同协议扩筛；先诊断历史对照与结构状态,检查标签、阴性、构象和口袋；不追加同协议pair筛选,5,0,0,0,0,0,0,5,0,0,0,0,0,0,0,0,0,0,0,False,C0_GATE_FAILURE_DIAGNOSTIC,control labels; property separability; receptor state; pocket; model direction
CHEMBL4296,SCN9A,Q15858,离子通道,ION_CHANNEL_FUNCTIONAL,T1_RICH_POSITIVE_NEGATIVE,2782,246,32,2536.0,303.0,340.0,PRIMARY_QUANTITATIVE,32.0,32.0,32.0,32.0,7.0,True,0.35546875,0.4519850209887751,0.3439110307573674,1.0,0.1700404858299595,0.5647058823529412,0.9530456842994336,False,False,True,0.2448979591836735,0.4064839921982778,0.0437823234395808,0.0,0.0,0.551133786848072,0.9989220262943296,False,False,GATE_A_FAIL,DO_NOT_USE_GNINA_FOR_DISCOVERY_SELECTION,GATE_A,32.0,16.0,16.0,True,0.3984375,0.4936706677695306,0.42578125,0.496129116627436,0.3767588158627135,0.1958333333333333,0.6274938725490196,0.8570714642678661,1.0,0.9523016269642957,False,False,False,False,GATE_B,14.0,7.0,7.0,True,0.4081632653061224,0.4809000523286237,0.6122448979591836,0.6204390847247989,0.0548408018494771,0.125,0.7350765306122445,0.7341329335332334,0.0,0.8751436247688121,False,False,False,False,16.0,16.0,0.3362333253026008,0.507429301738739,0.5818226933479309,0.6254333406686783,0.7289820939302444,BOLTZ_GATE_A_FAIL,DO_NOT_USE_BOLTZ_FOR_DISCOVERY_SELECTION,FROZEN_PASS,PASS,1.4971,8thh,A,,False,150,32,31,E5_NO_MODEL_QUALIFICATION,当前模型未取得资格,NONE,停止同协议扩筛；先诊断历史对照与结构状态,检查标签、阴性、构象和口袋；不追加同协议pair筛选,5,0,0,0,0,0,0,5,0,0,0,0,0,0,0,0,0,0,0,False,C0_GATE_FAILURE_DIAGNOSTIC,control labels; property separability; receptor state; pocket; model direction
CHEMBL4506,SIRT1,Q96EB6,核内/表观遗传蛋白,NUCLEAR_EPIGENETIC_DOMAIN,T1_RICH_POSITIVE_NEGATIVE,121,515,32,92.0,430.0,615.0,PRIMARY_QUANTITATIVE,32.0,32.0,32.0,32.0,13.0,True,0.5078125,0.6000956906308016,0.8598436844386859,2.0,0.2901274112884019,0.7058823529411764,0.6078706588779331,False,False,True,0.5029585798816568,0.6190439789716273,0.9065094215638292,2.0,0.262485119047619,0.7375148809523808,0.7253427092359306,False,False,GATE_A_FAIL,DO_NOT_USE_GNINA_FOR_DISCOVERY_SELECTION,GATE_A,32.0,16.0,16.0,True,0.44140625,0.4711466798133942,0.3984375,0.4380897404941778,0.2171943481477402,0.2392069540366753,0.6545785793154214,0.7151424287856072,0.0,0.852410529429163,False,False,False,False,GATE_B,26.0,13.0,13.0,True,0.4437869822485207,0.4795480773407194,0.4437869822485207,0.4774277161931571,0.1809966440398079,0.2156512605042016,0.6666666666666667,0.6996501749125438,0.0,0.8456641244595094,False,False,False,False,16.0,16.0,0.647711917757988,0.7048048079013824,0.8018293976783752,0.8067067265510559,0.8067855477333069,BOLTZ_GATE_A_FAIL,DO_NOT_USE_BOLTZ_FOR_DISCOVERY_SELECTION,FROZEN_PASS,PASS,0.5491,4zzj,A,,False,29,8,7,E5_NO_MODEL_QUALIFICATION,当前模型未取得资格,NONE,停止同协议扩筛；先诊断历史对照与结构状态,检查标签、阴性、构象和口袋；不追加同协议pair筛选,5,0,0,0,0,0,0,5,0,0,0,0,0,0,0,0,0,0,0,False,C0_GATE_FAILURE_DIAGNOSTIC,control labels; property separability; receptor state; pocket; model direction
CHEMBL6120,SLC22A12,Q96S37,转运体,TRANSPORTER_MEMBRANE_FUNCTIONAL,T1_RICH_POSITIVE_NEGATIVE,206,83,32,215.0,98.0,105.0,PRIMARY_QUANTITATIVE,32.0,32.0,32.0,32.0,11.0,True,0.578125,0.5771035802965151,0.4766801886518688,1.0,0.3724574116450547,0.7813857560568086,0.367775842421877,False,False,True,0.5123966942148761,0.5436747150650894,0.3547511802814004,1.0,0.2571428571428572,0.7692307692307693,0.7253427092359306,False,False,GATE_A_FAIL,DO_NOT_USE_GNINA_FOR_DISCOVERY_SELECTION,GATE_A,32.0,16.0,16.0,True,0.55859375,0.5815253039621646,0.49609375,0.5313316405957126,0.5999732376845525,0.3650793650793651,0.7609053308823528,0.2948525737131434,1.0,0.4296846551598572,False,False,False,False,GATE_B,22.0,11.0,11.0,True,0.5619834710743802,0.5362128958385642,0.4297520661157025,0.4755645424094622,0.1544793186558239,0.3083173076923077,0.8167045454545454,0.3213393303348326,0.0,0.5317400823397824,False,False,False,False,16.0,16.0,0.6465188413858414,0.7473053336143494,0.8066809773445129,0.8245113641023636,0.8511256366968155,BOLTZ_GATE_A_FAIL,DO_NOT_USE_BOLTZ_FOR_DISCOVERY_SELECTION,FROZEN_PASS,PASS,0.3928,9b1g,A,True,False,31,23,22,E5_NO_MODEL_QUALIFICATION,当前模型未取得资格,NONE,停止同协议扩筛；先诊断历史对照与结构状态,检查标签、阴性、构象和口袋；不追加同协议pair筛选,5,0,0,0,0,0,0,5,0,0,0,0,0,0,0,0,0,0,0,False,C0_GATE_FAILURE_DIAGNOSTIC,control labels; property separability; receptor state; pocket; model direction
CHEMBL4979,SLC5A1,P13866,转运体,TRANSPORTER_MEMBRANE_FUNCTIONAL,T1_RICH_POSITIVE_NEGATIVE,905,94,32,975.0,140.0,143.0,PRIMARY_QUANTITATIVE,32.0,32.0,32.0,32.0,12.0,True,0.5546875,0.5906860780734529,0.502324892063925,1.0,0.3359375,0.76171875,0.4551622284238805,False,False,True,0.5138888888888888,0.566392540217668,0.4116311864890231,1.0,0.2641600529100528,0.7703819444444444,0.7253427092359306,False,False,GATE_A_FAIL,DO_NOT_USE_GNINA_FOR_DISCOVERY_SELECTION,GATE_A,32.0,16.0,16.0,True,0.38671875,0.5633779871160436,0.38671875,0.5465338447303514,0.8849335644754988,0.1687770562770562,0.59619140625,0.8555722138930535,2.0,0.9523016269642957,False,False,False,False,GATE_B,24.0,12.0,12.0,True,0.2499999999999999,0.3835366882000008,0.2986111111111111,0.4080266060958281,0.0046940661538327,0.0444444444444444,0.4757457386363634,0.9825087456271864,0.0,1.0,False,False,False,False,16.0,16.0,0.5952073633670807,0.6877806186676025,0.7778749763965607,0.7808911353349686,0.7833101660013199,BOLTZ_GATE_A_FAIL,DO_NOT_USE_BOLTZ_FOR_DISCOVERY_SELECTION,FROZEN_PASS,PASS,0.8235,7wmv,A,,False,4,4,3,E5_NO_MODEL_QUALIFICATION,当前模型未取得资格,NONE,停止同协议扩筛；先诊断历史对照与结构状态,检查标签、阴性、构象和口袋；不追加同协议pair筛选,5,0,0,0,0,0,0,5,0,0,0,0,0,0,0,0,0,0,0,False,C0_GATE_FAILURE_DIAGNOSTIC,control labels; property separability; receptor state; pocket; model direction
CHEMBL222,SLC6A2,P23975,转运体,TRANSPORTER_MEMBRANE_FUNCTIONAL,T1_RICH_POSITIVE_NEGATIVE,2372,504,32,2420.0,261.0,640.0,PRIMARY_QUANTITATIVE,32.0,32.0,32.0,32.0,7.0,True,0.578125,0.6143139663231953,0.6723772278800351,1.0,0.36328125,0.7803921568627451,0.3691606916711895,False,False,True,0.5510204081632653,0.5566326530612244,0.1953446033618217,0.0,0.2222222222222222,0.877581941867656,0.6962448569888672,False,False,GATE_A_FAIL,DO_NOT_USE_GNINA_FOR_DISCOVERY_SELECTION,GATE_A,32.0,16.0,16.0,True,0.5859375,0.711754296851801,0.5625,0.6281634186145413,0.9779556512455666,0.3802941176470589,0.7778125000000001,0.1959020489755122,2.0,0.3021893308664817,False,False,False,False,GATE_B,14.0,7.0,7.0,True,0.8571428571428571,0.9285714285714284,0.6122448979591837,0.6471611721611721,0.9998559515647408,0.5,1.0,0.0099950024987506,2.0,0.0470950965195368,True,False,False,False,16.0,16.0,0.6341625899076462,0.7120485901832581,0.7651993334293365,0.7764328569173813,0.78541199862957,BOLTZ_GATE_A_FAIL,DO_NOT_USE_BOLTZ_FOR_DISCOVERY_SELECTION,FROZEN_PASS,PASS,0.7003,8wgr,A,,True,112,35,34,E5_NO_MODEL_QUALIFICATION,当前模型未取得资格,NONE,停止同协议扩筛；先诊断历史对照与结构状态,检查标签、阴性、构象和口袋；不追加同协议pair筛选,5,0,0,0,0,0,0,5,0,0,0,0,0,0,0,0,0,0,0,False,C0_GATE_FAILURE_DIAGNOSTIC,control labels; property separability; receptor state; pocket; model direction
CHEMBL238,SLC6A3,Q01959,转运体,TRANSPORTER_MEMBRANE_FUNCTIONAL,T1_RICH_POSITIVE_NEGATIVE,1691,511,32,1713.0,554.0,912.0,PRIMARY_QUANTITATIVE,32.0,32.0,32.0,32.0,7.0,True,0.42578125,0.5036430957039151,0.4603280254677575,1.0,0.2222222222222222,0.6428641456582633,0.8489441455971101,False,False,True,0.5306122448979591,0.575222396650968,0.2364747698143817,0.0,0.1747916666666666,0.875,0.7253427092359306,False,False,GATE_A_FAIL,DO_NOT_USE_GNINA_FOR_DISCOVERY_SELECTION,GATE_A,32.0,16.0,16.0,True,0.6640625,0.6983359714190356,0.65234375,0.6741263521433891,0.843541054607136,0.4696134868421052,0.8373015873015873,0.056471764117941,2.0,0.1084557059218735,False,False,False,False,GATE_B,14.0,7.0,7.0,True,0.4897959183673469,0.5382395382395382,0.3877551020408163,0.4943611943611943,0.22650674080678,0.1333333333333333,0.8163265306122448,0.5167416291854073,0.0,0.711847046773643,False,False,False,False,16.0,16.0,0.4536963626742363,0.551949143409729,0.7053349614143372,0.7327763140201569,0.7736326515674591,BOLTZ_GATE_A_FAIL,DO_NOT_USE_BOLTZ_FOR_DISCOVERY_SELECTION,FROZEN_PASS,PASS,0.9196,8y2f,A,,False,48,15,14,E5_NO_MODEL_QUALIFICATION,当前模型未取得资格,NONE,停止同协议扩筛；先诊断历史对照与结构状态,检查标签、阴性、构象和口袋；不追加同协议pair筛选,5,0,0,0,0,0,0,5,0,0,0,0,0,0,0,0,0,0,0,False,C0_GATE_FAILURE_DIAGNOSTIC,control labels; property separability; receptor state; pocket; model direction
CHEMBL267,SRC,P12931,激酶,KINASE_BIOCHEMICAL,T1_RICH_POSITIVE_NEGATIVE,1029,538,32,1051.0,582.0,798.0,PRIMARY_QUANTITATIVE,32.0,32.0,32.0,32.0,11.0,True,0.5390625,0.5142722248911342,0.1144743360634112,0.0,0.3181684491978609,0.7422475311147183,0.5160405418916216,False,False,True,0.512396694214876,0.5026546240449984,0.0641296646829745,0.0,0.256198347107438,0.7678571428571428,0.7253427092359306,False,False,GATE_A_FAIL,DO_NOT_USE_GNINA_FOR_DISCOVERY_SELECTION,GATE_A,32.0,16.0,16.0,True,0.4765625,0.569039927264898,0.42578125,0.5352690762175335,0.7918973793833853,0.2777777777777778,0.6865530303030303,0.5867066466766616,2.0,0.7333833083458271,False,False,False,False,GATE_B,22.0,11.0,11.0,True,0.4462809917355372,0.5509184443007972,0.4132231404958678,0.5103161942663773,0.701597665205117,0.2053571428571428,0.7144037780401415,0.665167416291854,1.0,0.8243621552055831,False,False,False,False,16.0,16.0,0.256524845957756,0.3283437639474869,0.4843162298202514,0.5565376728773117,0.629148969054222,BOLTZ_GATE_A_FAIL,DO_NOT_USE_BOLTZ_FOR_DISCOVERY_SELECTION,FROZEN_PASS,PASS,1.8115,1o45,A,,False,73,54,53,E5_NO_MODEL_QUALIFICATION,当前模型未取得资格,NONE,停止同协议扩筛；先诊断历史对照与结构状态,检查标签、阴性、构象和口袋；不追加同协议pair筛选,5,0,0,0,0,0,0,5,0,0,0,0,0,0,0,0,0,0,0,False,C0_GATE_FAILURE_DIAGNOSTIC,control labels; property separability; receptor state; pocket; model direction
CHEMBL1806,TOP2A,P11388,酶（非激酶）,ENZYME_BIOCHEMICAL,T2_ADEQUATE_POSITIVE_NEGATIVE,26,863,16,27.0,463.0,897.0,PRIMARY_QUANTITATIVE,16.0,16.0,16.0,16.0,7.0,True,0.671875,0.7822916666666666,0.9934292788118438,2.0,0.359375,0.9500595238095236,0.2819980121622734,False,False,True,0.7142857142857143,0.8218210361067504,0.9968907949116014,2.0,0.375,1.0,0.3540141286811131,False,False,GATE_A_FAIL,DO_NOT_USE_GNINA_FOR_DISCOVERY_SELECTION,GATE_A,16.0,8.0,8.0,True,0.546875,0.6069104506604506,0.375,0.5187229437229437,0.7735099730950263,0.22890625,0.8412698412698413,0.4002998500749625,2.0,0.545009185548071,False,False,False,False,GATE_B,14.0,7.0,7.0,True,0.5918367346938775,0.6369408369408369,0.3061224489795918,0.5111412397126682,0.8046917611401815,0.2290625,0.9111111111111112,0.3018490754622688,2.0,0.5113647995279469,False,False,False,False,8.0,8.0,0.4578163027763366,0.5487790107727051,0.6729091227054596,0.6893390923738479,0.7024830681085587,BOLTZ_GATE_A_FAIL,DO_NOT_USE_BOLTZ_FOR_DISCOVERY_SELECTION,FROZEN_PASS,PASS,0.8721,1zxm,B,,True,57,11,10,E5_NO_MODEL_QUALIFICATION,当前模型未取得资格,NONE,停止同协议扩筛；先诊断历史对照与结构状态,检查标签、阴性、构象和口袋；不追加同协议pair筛选,5,0,0,0,0,0,0,5,0,0,0,0,0,0,0,0,0,0,0,False,C0_GATE_FAILURE_DIAGNOSTIC,control labels; property separability; receptor state; pocket; model direction
CHEMBL1075319,TRPM8,Q7Z2W7,离子通道,ION_CHANNEL_FUNCTIONAL,T1_RICH_POSITIVE_NEGATIVE,244,76,32,246.0,58.0,101.0,PRIMARY_QUANTITATIVE,32.0,32.0,32.0,32.0,13.0,True,0.59375,0.652038192476404,0.8638998014704004,2.0,0.3842296918767506,0.7936958874458873,0.3323899322699563,False,False,True,0.6153846153846154,0.6558288107284762,0.8195643049124177,2.0,0.3817498514557337,0.8393094885883345,0.4693777034066871,False,False,GATE_A_FAIL,DO_NOT_USE_GNINA_FOR_DISCOVERY_SELECTION,GATE_A,32.0,16.0,16.0,True,0.5078125,0.551740683190558,0.47265625,0.5071113435470396,0.5877979986517762,0.3076470588235294,0.7166911764705881,0.4627686156921539,1.0,0.6156096263794709,False,False,False,False,GATE_B,26.0,13.0,13.0,True,0.4201183431952662,0.4668598568878397,0.4733727810650887,0.5085706847855185,0.1812715736698451,0.2023809523809524,0.6726190476190477,0.7536231884057971,0.0,0.8808662895443035,False,False,False,False,16.0,16.0,0.6216001808643341,0.6365743279457092,0.7164340317249298,0.7430712580680847,0.7666425108909607,BOLTZ_GATE_A_FAIL,DO_NOT_USE_BOLTZ_FOR_DISCOVERY_SELECTION,FROZEN_PASS,PASS,0.9558,8bdc,B,,False,16,2,1,E5_NO_MODEL_QUALIFICATION,当前模型未取得资格,NONE,停止同协议扩筛；先诊断历史对照与结构状态,检查标签、阴性、构象和口袋；不追加同协议pair筛选,5,0,0,0,0,0,0,5,0,0,0,0,0,0,0,0,0,0,0,False,C0_GATE_FAILURE_DIAGNOSTIC,control labels; property separability; receptor state; pocket; model direction
CHEMBL3106,TYMP,P19971,酶（非激酶）,ENZYME_BIOCHEMICAL,T2_ADEQUATE_POSITIVE_NEGATIVE,25,103,16,24.0,121.0,124.0,PRIMARY_QUANTITATIVE,16.0,16.0,16.0,16.0,5.0,True,0.5625,0.6986111111111111,0.976671832204978,2.0,0.2222222222222222,0.8573809523809511,0.4996737494606342,False,False,True,0.6799999999999999,0.8111111111111111,0.9975672431628708,2.0,0.2,1.0,0.5140601509327765,False,False,GATE_A_FAIL,DO_NOT_USE_GNINA_FOR_DISCOVERY_SELECTION,GATE_A,16.0,8.0,8.0,True,0.5625,0.555952380952381,0.640625,0.6264204545454545,0.0818979366753466,0.265625,0.8730654761904761,0.3318340829585207,0.0,0.4717249218527991,False,False,False,False,GATE_B,10.0,5.0,5.0,True,0.52,0.5644444444444444,0.36,0.48,0.1331140986553069,0.125,0.9375,0.4982508745627186,0.0,0.7086860610098991,False,False,False,False,8.0,8.0,0.4355290159583092,0.4915394783020019,0.670758032798767,0.787215095758438,0.8803807461261748,BOLTZ_GATE_A_FAIL,DO_NOT_USE_BOLTZ_FOR_DISCOVERY_SELECTION,FROZEN_PASS,PASS,0.5359,1uou,A,,False,5,3,2,E5_NO_MODEL_QUALIFICATION,当前模型未取得资格,NONE,停止同协议扩筛；先诊断历史对照与结构状态,检查标签、阴性、构象和口袋；不追加同协议pair筛选,5,0,0,0,0,0,0,5,0,0,0,0,0,0,0,0,0,0,0,False,C0_GATE_FAILURE_DIAGNOSTIC,control labels; property separability; receptor state; pocket; model direction
CHEMBL1952,TYMS,P04818,酶（非激酶）,ENZYME_BIOCHEMICAL,T1_RICH_POSITIVE_NEGATIVE,154,162,32,155.0,87.0,182.0,PRIMARY_QUANTITATIVE,32.0,32.0,32.0,32.0,15.0,True,0.578125,0.5754568927382061,0.4413724177461056,1.0,0.3582965686274509,0.7835497835497836,0.380637990049049,False,False,True,0.6266666666666667,0.6136392281110951,0.4445930185831818,1.0,0.4107142857142857,0.8201388888888888,0.4056855295607545,False,False,GATE_A_FAIL,DO_NOT_USE_GNINA_FOR_DISCOVERY_SELECTION,GATE_A,32.0,16.0,16.0,True,0.5390625,0.5410929521867022,0.53515625,0.4970371403650193,0.5164991387512166,0.3333333333333333,0.7375148809523809,0.3428285857071464,1.0,0.4826227662867595,False,False,False,False,GATE_B,30.0,15.0,15.0,True,0.5555555555555556,0.5528100256807351,0.5644444444444444,0.5185896577136986,0.5317303515719404,0.3287037037037037,0.7799379485645933,0.3053473263368316,1.0,0.5113647995279469,False,False,False,False,16.0,16.0,0.5031713023781776,0.63833287358284,0.7514442801475525,0.7605928480625153,0.7728953182697296,BOLTZ_GATE_A_FAIL,DO_NOT_USE_BOLTZ_FOR_DISCOVERY_SELECTION,FROZEN_PASS,PASS,1.7197,1ju6,D,,True,259,60,59,E5_NO_MODEL_QUALIFICATION,当前模型未取得资格,NONE,停止同协议扩筛；先诊断历史对照与结构状态,检查标签、阴性、构象和口袋；不追加同协议pair筛选,5,0,0,0,0,0,0,5,0,0,0,0,0,0,0,0,0,0,0,False,C0_GATE_FAILURE_DIAGNOSTIC,control labels; property separability; receptor state; pocket; model direction
