scope,query,entity,model_a,model_b,n,spearman,top10_overlap,top10_tie_expected,top10_chance
SEVEN_FIXED_8_TARGETS,target_id,CHEMBL1871,biomaster,drugclip,719,0.26058741184689865,1,1.0,0.13908205841446453
SEVEN_FIXED_8_TARGETS,target_id,CHEMBL1871,biomaster,dtiam,719,0.18651758002782182,0,0.0,0.13908205841446453
SEVEN_FIXED_8_TARGETS,target_id,CHEMBL1871,biomaster,conplex,719,0.29780086798588473,1,1.0,0.13908205841446453
SEVEN_FIXED_8_TARGETS,target_id,CHEMBL1871,biomaster,nesso,719,0.26339969110094363,2,2.0,0.13908205841446453
SEVEN_FIXED_8_TARGETS,target_id,CHEMBL1871,biomaster,probematch,719,0.11933139624299338,3,2.727272727272727,0.13908205841446453
SEVEN_FIXED_8_TARGETS,target_id,CHEMBL1871,biomaster,dtbind,719,0.1240845297415123,1,1.0,0.13908205841446453
SEVEN_FIXED_8_TARGETS,target_id,CHEMBL1871,drugclip,dtiam,719,0.3888986357002883,0,0.0,0.13908205841446453
SEVEN_FIXED_8_TARGETS,target_id,CHEMBL1871,drugclip,conplex,719,0.40655333360514767,1,1.0,0.13908205841446453
SEVEN_FIXED_8_TARGETS,target_id,CHEMBL1871,drugclip,nesso,719,0.41272933365876213,2,2.0,0.13908205841446453
SEVEN_FIXED_8_TARGETS,target_id,CHEMBL1871,drugclip,probematch,719,0.3428903254960836,1,0.9090909090909091,0.13908205841446453
SEVEN_FIXED_8_TARGETS,target_id,CHEMBL1871,drugclip,dtbind,719,0.5585382313293797,0,0.0,0.13908205841446453
SEVEN_FIXED_8_TARGETS,target_id,CHEMBL1871,dtiam,conplex,719,0.31939201292045577,3,3.0,0.13908205841446453
SEVEN_FIXED_8_TARGETS,target_id,CHEMBL1871,dtiam,nesso,719,0.35364489821064254,2,2.0,0.13908205841446453
SEVEN_FIXED_8_TARGETS,target_id,CHEMBL1871,dtiam,probematch,719,0.3880653855219234,0,0.0,0.13908205841446453
SEVEN_FIXED_8_TARGETS,target_id,CHEMBL1871,dtiam,dtbind,719,0.2802445148838932,1,1.0,0.13908205841446453
SEVEN_FIXED_8_TARGETS,target_id,CHEMBL1871,conplex,nesso,719,0.2392423877264186,6,6.0,0.13908205841446453
SEVEN_FIXED_8_TARGETS,target_id,CHEMBL1871,conplex,probematch,719,0.21439727893479385,4,3.6363636363636362,0.13908205841446453
SEVEN_FIXED_8_TARGETS,target_id,CHEMBL1871,conplex,dtbind,719,0.2643743957047133,0,0.0,0.13908205841446453
SEVEN_FIXED_8_TARGETS,target_id,CHEMBL1871,nesso,probematch,719,0.29330519875632793,4,3.6363636363636362,0.13908205841446453
SEVEN_FIXED_8_TARGETS,target_id,CHEMBL1871,nesso,dtbind,719,0.4176379274085888,0,0.0,0.13908205841446453
SEVEN_FIXED_8_TARGETS,target_id,CHEMBL1871,probematch,dtbind,719,0.32563759187769437,1,0.9090909090909091,0.13908205841446453
SEVEN_FIXED_8_TARGETS,target_id,CHEMBL1902,biomaster,drugclip,719,0.01975504382311655,1,1.0,0.13908205841446453
SEVEN_FIXED_8_TARGETS,target_id,CHEMBL1902,biomaster,dtiam,719,-0.07698678499985369,0,0.0,0.13908205841446453
SEVEN_FIXED_8_TARGETS,target_id,CHEMBL1902,biomaster,conplex,719,0.014728825324695756,0,0.0,0.13908205841446453
SEVEN_FIXED_8_TARGETS,target_id,CHEMBL1902,biomaster,nesso,719,0.24974992348549713,1,1.0,0.13908205841446453
SEVEN_FIXED_8_TARGETS,target_id,CHEMBL1902,biomaster,probematch,719,-0.03917742744017847,0,0.0,0.13908205841446453
SEVEN_FIXED_8_TARGETS,target_id,CHEMBL1902,biomaster,dtbind,719,0.20818906353620986,0,0.0,0.13908205841446453
SEVEN_FIXED_8_TARGETS,target_id,CHEMBL1902,drugclip,dtiam,719,-0.08577754347406369,1,1.0,0.13908205841446453
SEVEN_FIXED_8_TARGETS,target_id,CHEMBL1902,drugclip,conplex,719,-0.026826931812834,0,0.0,0.13908205841446453
SEVEN_FIXED_8_TARGETS,target_id,CHEMBL1902,drugclip,nesso,719,0.2892497769134114,2,2.0,0.13908205841446453
SEVEN_FIXED_8_TARGETS,target_id,CHEMBL1902,drugclip,probematch,719,-0.11881120449010352,1,1.0,0.13908205841446453
SEVEN_FIXED_8_TARGETS,target_id,CHEMBL1902,drugclip,dtbind,719,0.10119769900539385,0,0.0,0.13908205841446453
SEVEN_FIXED_8_TARGETS,target_id,CHEMBL1902,dtiam,conplex,719,-0.06310864676425572,0,0.0,0.13908205841446453
SEVEN_FIXED_8_TARGETS,target_id,CHEMBL1902,dtiam,nesso,719,-0.39330914834516256,0,0.0,0.13908205841446453
SEVEN_FIXED_8_TARGETS,target_id,CHEMBL1902,dtiam,probematch,719,0.2578433587842556,1,1.0,0.13908205841446453
SEVEN_FIXED_8_TARGETS,target_id,CHEMBL1902,dtiam,dtbind,719,0.09105498283697952,0,0.0,0.13908205841446453
SEVEN_FIXED_8_TARGETS,target_id,CHEMBL1902,conplex,nesso,719,0.2116516897485435,0,0.0,0.13908205841446453
SEVEN_FIXED_8_TARGETS,target_id,CHEMBL1902,conplex,probematch,719,-0.09820719627513311,0,0.0,0.13908205841446453
SEVEN_FIXED_8_TARGETS,target_id,CHEMBL1902,conplex,dtbind,719,-0.055337776948609294,0,0.0,0.13908205841446453
SEVEN_FIXED_8_TARGETS,target_id,CHEMBL1902,nesso,probematch,719,-0.20981371309235558,0,0.0,0.13908205841446453
SEVEN_FIXED_8_TARGETS,target_id,CHEMBL1902,nesso,dtbind,719,0.06605427942326214,0,0.0,0.13908205841446453
SEVEN_FIXED_8_TARGETS,target_id,CHEMBL1902,probematch,dtbind,719,0.015680260015020583,0,0.0,0.13908205841446453
SEVEN_FIXED_8_TARGETS,target_id,CHEMBL2023,biomaster,drugclip,719,0.021613409989888466,0,0.0,0.13908205841446453
SEVEN_FIXED_8_TARGETS,target_id,CHEMBL2023,biomaster,dtiam,719,-0.05209792252694451,1,1.0,0.13908205841446453
SEVEN_FIXED_8_TARGETS,target_id,CHEMBL2023,biomaster,conplex,719,-0.06691963716360565,0,0.0,0.13908205841446453
SEVEN_FIXED_8_TARGETS,target_id,CHEMBL2023,biomaster,nesso,719,0.17757363148807476,2,2.0,0.13908205841446453
SEVEN_FIXED_8_TARGETS,target_id,CHEMBL2023,biomaster,probematch,719,0.02387350338361493,0,0.6666666666666666,0.13908205841446453
SEVEN_FIXED_8_TARGETS,target_id,CHEMBL2023,biomaster,dtbind,719,0.03463385556744009,1,1.0,0.13908205841446453
SEVEN_FIXED_8_TARGETS,target_id,CHEMBL2023,drugclip,dtiam,719,-0.12245025384536107,0,0.0,0.13908205841446453
SEVEN_FIXED_8_TARGETS,target_id,CHEMBL2023,drugclip,conplex,719,-0.07214411793238716,0,0.0,0.13908205841446453
SEVEN_FIXED_8_TARGETS,target_id,CHEMBL2023,drugclip,nesso,719,0.023767664519095053,1,1.0,0.13908205841446453
SEVEN_FIXED_8_TARGETS,target_id,CHEMBL2023,drugclip,probematch,719,-0.08564756792102252,0,0.0,0.13908205841446453
SEVEN_FIXED_8_TARGETS,target_id,CHEMBL2023,drugclip,dtbind,719,-0.024782289997502337,0,0.0,0.13908205841446453
SEVEN_FIXED_8_TARGETS,target_id,CHEMBL2023,dtiam,conplex,719,0.016631563145763945,1,1.0,0.13908205841446453
SEVEN_FIXED_8_TARGETS,target_id,CHEMBL2023,dtiam,nesso,719,-0.19151331567564697,1,1.0,0.13908205841446453
SEVEN_FIXED_8_TARGETS,target_id,CHEMBL2023,dtiam,probematch,719,0.3115698010399263,0,1.3333333333333333,0.13908205841446453
SEVEN_FIXED_8_TARGETS,target_id,CHEMBL2023,dtiam,dtbind,719,0.013807124652142474,0,0.0,0.13908205841446453
SEVEN_FIXED_8_TARGETS,target_id,CHEMBL2023,conplex,nesso,719,0.01848426698353072,0,0.0,0.13908205841446453
SEVEN_FIXED_8_TARGETS,target_id,CHEMBL2023,conplex,probematch,719,-0.2031987946459359,0,0.0,0.13908205841446453
SEVEN_FIXED_8_TARGETS,target_id,CHEMBL2023,conplex,dtbind,719,0.029218912319645404,0,0.0,0.13908205841446453
SEVEN_FIXED_8_TARGETS,target_id,CHEMBL2023,nesso,probematch,719,-0.42746742353066497,1,0.6666666666666666,0.13908205841446453
SEVEN_FIXED_8_TARGETS,target_id,CHEMBL2023,nesso,dtbind,719,0.3144512480476496,2,2.0,0.13908205841446453
SEVEN_FIXED_8_TARGETS,target_id,CHEMBL2023,probematch,dtbind,719,-0.3755498069182467,0,0.0,0.13908205841446453
SEVEN_FIXED_8_TARGETS,target_id,CHEMBL2085,biomaster,drugclip,719,-0.06287916648910137,0,0.0,0.13908205841446453
SEVEN_FIXED_8_TARGETS,target_id,CHEMBL2085,biomaster,dtiam,719,-0.05475943293353528,0,0.0,0.13908205841446453
SEVEN_FIXED_8_TARGETS,target_id,CHEMBL2085,biomaster,conplex,719,-0.04156360951357348,0,0.0,0.13908205841446453
SEVEN_FIXED_8_TARGETS,target_id,CHEMBL2085,biomaster,nesso,719,0.12277449335776634,1,1.0,0.13908205841446453
SEVEN_FIXED_8_TARGETS,target_id,CHEMBL2085,biomaster,probematch,719,0.11248439039571882,0,0.0,0.13908205841446453
SEVEN_FIXED_8_TARGETS,target_id,CHEMBL2085,biomaster,dtbind,719,0.13506741032955863,0,0.0,0.13908205841446453
SEVEN_FIXED_8_TARGETS,target_id,CHEMBL2085,drugclip,dtiam,719,0.3193732744938919,0,0.0,0.13908205841446453
SEVEN_FIXED_8_TARGETS,target_id,CHEMBL2085,drugclip,conplex,719,0.08975279026431805,0,0.0,0.13908205841446453
SEVEN_FIXED_8_TARGETS,target_id,CHEMBL2085,drugclip,nesso,719,-0.10754455597697721,0,0.0,0.13908205841446453
SEVEN_FIXED_8_TARGETS,target_id,CHEMBL2085,drugclip,probematch,719,-0.007702524526610906,0,0.0,0.13908205841446453
SEVEN_FIXED_8_TARGETS,target_id,CHEMBL2085,drugclip,dtbind,719,-0.13790025501122818,0,0.0,0.13908205841446453
SEVEN_FIXED_8_TARGETS,target_id,CHEMBL2085,dtiam,conplex,719,-0.12039681455365775,0,0.0,0.13908205841446453
SEVEN_FIXED_8_TARGETS,target_id,CHEMBL2085,dtiam,nesso,719,-0.3350701131589078,0,0.0,0.13908205841446453
SEVEN_FIXED_8_TARGETS,target_id,CHEMBL2085,dtiam,probematch,719,-0.12541867783266308,0,0.0,0.13908205841446453
SEVEN_FIXED_8_TARGETS,target_id,CHEMBL2085,dtiam,dtbind,719,0.11500983675588222,0,0.0,0.13908205841446453
SEVEN_FIXED_8_TARGETS,target_id,CHEMBL2085,conplex,nesso,719,0.058704951663279666,0,0.0,0.13908205841446453
SEVEN_FIXED_8_TARGETS,target_id,CHEMBL2085,conplex,probematch,719,0.0904015254825494,0,0.0,0.13908205841446453
SEVEN_FIXED_8_TARGETS,target_id,CHEMBL2085,conplex,dtbind,719,-0.2225904498773365,0,0.0,0.13908205841446453
SEVEN_FIXED_8_TARGETS,target_id,CHEMBL2085,nesso,probematch,719,0.16516275312740925,1,1.0,0.13908205841446453
SEVEN_FIXED_8_TARGETS,target_id,CHEMBL2085,nesso,dtbind,719,0.12285070710623008,0,0.0,0.13908205841446453
SEVEN_FIXED_8_TARGETS,target_id,CHEMBL2085,probematch,dtbind,719,0.07441471608348013,0,0.0,0.13908205841446453
SEVEN_FIXED_8_TARGETS,target_id,CHEMBL2326,biomaster,drugclip,719,0.21633594322042762,0,0.0,0.13908205841446453
SEVEN_FIXED_8_TARGETS,target_id,CHEMBL2326,biomaster,dtiam,719,0.027070542963829512,4,4.0,0.13908205841446453
SEVEN_FIXED_8_TARGETS,target_id,CHEMBL2326,biomaster,conplex,719,0.08114641580444024,3,3.0,0.13908205841446453
SEVEN_FIXED_8_TARGETS,target_id,CHEMBL2326,biomaster,nesso,719,0.5003624269238071,7,7.0,0.13908205841446453
SEVEN_FIXED_8_TARGETS,target_id,CHEMBL2326,biomaster,probematch,719,0.35871374277954915,2,2.0,0.13908205841446453
SEVEN_FIXED_8_TARGETS,target_id,CHEMBL2326,biomaster,dtbind,719,0.42810334565814206,3,3.0,0.13908205841446453
SEVEN_FIXED_8_TARGETS,target_id,CHEMBL2326,drugclip,dtiam,719,0.09589064701242475,0,0.0,0.13908205841446453
SEVEN_FIXED_8_TARGETS,target_id,CHEMBL2326,drugclip,conplex,719,0.04634087148592768,0,0.0,0.13908205841446453
SEVEN_FIXED_8_TARGETS,target_id,CHEMBL2326,drugclip,nesso,719,0.13311127985195573,0,0.0,0.13908205841446453
SEVEN_FIXED_8_TARGETS,target_id,CHEMBL2326,drugclip,probematch,719,0.2050997077597974,0,0.0,0.13908205841446453
SEVEN_FIXED_8_TARGETS,target_id,CHEMBL2326,drugclip,dtbind,719,0.14048073095954683,0,0.0,0.13908205841446453
SEVEN_FIXED_8_TARGETS,target_id,CHEMBL2326,dtiam,conplex,719,0.05192176353374172,5,5.0,0.13908205841446453
SEVEN_FIXED_8_TARGETS,target_id,CHEMBL2326,dtiam,nesso,719,-0.07134291979966237,7,7.0,0.13908205841446453
SEVEN_FIXED_8_TARGETS,target_id,CHEMBL2326,dtiam,probematch,719,0.07530367563678524,2,2.0,0.13908205841446453
SEVEN_FIXED_8_TARGETS,target_id,CHEMBL2326,dtiam,dtbind,719,0.04494239752561753,2,2.0,0.13908205841446453
SEVEN_FIXED_8_TARGETS,target_id,CHEMBL2326,conplex,nesso,719,0.21985548943013614,5,5.0,0.13908205841446453
SEVEN_FIXED_8_TARGETS,target_id,CHEMBL2326,conplex,probematch,719,0.041676864500450675,2,2.0,0.13908205841446453
SEVEN_FIXED_8_TARGETS,target_id,CHEMBL2326,conplex,dtbind,719,0.15992775906153245,2,2.0,0.13908205841446453
SEVEN_FIXED_8_TARGETS,target_id,CHEMBL2326,nesso,probematch,719,0.3378738072454392,3,3.0,0.13908205841446453
SEVEN_FIXED_8_TARGETS,target_id,CHEMBL2326,nesso,dtbind,719,0.4624399730378381,4,4.0,0.13908205841446453
SEVEN_FIXED_8_TARGETS,target_id,CHEMBL2326,probematch,dtbind,719,0.3760785821416405,2,2.0,0.13908205841446453
SEVEN_FIXED_8_TARGETS,target_id,CHEMBL261,biomaster,drugclip,719,-0.134790143640644,0,0.0,0.13908205841446453
SEVEN_FIXED_8_TARGETS,target_id,CHEMBL261,biomaster,dtiam,719,0.044691721547331156,0,0.0,0.13908205841446453
SEVEN_FIXED_8_TARGETS,target_id,CHEMBL261,biomaster,conplex,719,0.17068142043692033,3,3.0,0.13908205841446453
SEVEN_FIXED_8_TARGETS,target_id,CHEMBL261,biomaster,nesso,719,0.36347158890597825,6,6.0,0.13908205841446453
SEVEN_FIXED_8_TARGETS,target_id,CHEMBL261,biomaster,probematch,719,0.018389437511864594,0,0.0,0.13908205841446453
SEVEN_FIXED_8_TARGETS,target_id,CHEMBL261,biomaster,dtbind,719,0.3718460708275421,4,4.0,0.13908205841446453
SEVEN_FIXED_8_TARGETS,target_id,CHEMBL261,drugclip,dtiam,719,-0.02083367417130617,0,0.0,0.13908205841446453
SEVEN_FIXED_8_TARGETS,target_id,CHEMBL261,drugclip,conplex,719,0.04478735734890607,0,0.0,0.13908205841446453
SEVEN_FIXED_8_TARGETS,target_id,CHEMBL261,drugclip,nesso,719,0.05757170732589239,0,0.0,0.13908205841446453
SEVEN_FIXED_8_TARGETS,target_id,CHEMBL261,drugclip,probematch,719,-0.09253027972669149,0,0.0,0.13908205841446453
SEVEN_FIXED_8_TARGETS,target_id,CHEMBL261,drugclip,dtbind,719,-0.08586767862105761,0,0.0,0.13908205841446453
SEVEN_FIXED_8_TARGETS,target_id,CHEMBL261,dtiam,conplex,719,0.0756743524088811,0,0.0,0.13908205841446453
SEVEN_FIXED_8_TARGETS,target_id,CHEMBL261,dtiam,nesso,719,-0.2180486606292476,1,1.0,0.13908205841446453
SEVEN_FIXED_8_TARGETS,target_id,CHEMBL261,dtiam,probematch,719,0.02719550052067408,0,0.0,0.13908205841446453
SEVEN_FIXED_8_TARGETS,target_id,CHEMBL261,dtiam,dtbind,719,-0.039872923598490824,0,0.0,0.13908205841446453
SEVEN_FIXED_8_TARGETS,target_id,CHEMBL261,conplex,nesso,719,0.27339732138372375,3,3.0,0.13908205841446453
SEVEN_FIXED_8_TARGETS,target_id,CHEMBL261,conplex,probematch,719,-0.23613822086494193,0,0.0,0.13908205841446453
SEVEN_FIXED_8_TARGETS,target_id,CHEMBL261,conplex,dtbind,719,0.2124724025050707,2,2.0,0.13908205841446453
SEVEN_FIXED_8_TARGETS,target_id,CHEMBL261,nesso,probematch,719,-0.12741178878639606,1,1.0,0.13908205841446453
SEVEN_FIXED_8_TARGETS,target_id,CHEMBL261,nesso,dtbind,719,0.4424798726088354,4,4.0,0.13908205841446453
SEVEN_FIXED_8_TARGETS,target_id,CHEMBL261,probematch,dtbind,719,-0.07725787569546894,1,1.0,0.13908205841446453
SEVEN_FIXED_8_TARGETS,target_id,CHEMBL3474,biomaster,drugclip,719,0.0937461823460057,0,0.0,0.13908205841446453
SEVEN_FIXED_8_TARGETS,target_id,CHEMBL3474,biomaster,dtiam,719,-0.021857854782224333,0,0.0,0.13908205841446453
SEVEN_FIXED_8_TARGETS,target_id,CHEMBL3474,biomaster,conplex,719,0.08322010087968745,0,0.0,0.13908205841446453
SEVEN_FIXED_8_TARGETS,target_id,CHEMBL3474,biomaster,nesso,719,0.2761091697304753,0,0.0,0.13908205841446453
SEVEN_FIXED_8_TARGETS,target_id,CHEMBL3474,biomaster,probematch,719,0.07654695138284476,0,0.0,0.13908205841446453
SEVEN_FIXED_8_TARGETS,target_id,CHEMBL3474,biomaster,dtbind,719,0.18616373326352134,1,1.0,0.13908205841446453
SEVEN_FIXED_8_TARGETS,target_id,CHEMBL3474,drugclip,dtiam,719,0.24023782000993185,1,1.0,0.13908205841446453
SEVEN_FIXED_8_TARGETS,target_id,CHEMBL3474,drugclip,conplex,719,0.10454329114216045,0,0.0,0.13908205841446453
SEVEN_FIXED_8_TARGETS,target_id,CHEMBL3474,drugclip,nesso,719,0.12096174533132396,0,0.0,0.13908205841446453
SEVEN_FIXED_8_TARGETS,target_id,CHEMBL3474,drugclip,probematch,719,0.017749541163173517,0,0.0,0.13908205841446453
SEVEN_FIXED_8_TARGETS,target_id,CHEMBL3474,drugclip,dtbind,719,0.23678416502261396,0,0.0,0.13908205841446453
SEVEN_FIXED_8_TARGETS,target_id,CHEMBL3474,dtiam,conplex,719,-0.09970206728199206,0,0.0,0.13908205841446453
SEVEN_FIXED_8_TARGETS,target_id,CHEMBL3474,dtiam,nesso,719,-0.12057569678507306,0,0.0,0.13908205841446453
SEVEN_FIXED_8_TARGETS,target_id,CHEMBL3474,dtiam,probematch,719,-0.0978076291990518,0,0.0,0.13908205841446453
SEVEN_FIXED_8_TARGETS,target_id,CHEMBL3474,dtiam,dtbind,719,-0.00610272656159282,0,0.0,0.13908205841446453
SEVEN_FIXED_8_TARGETS,target_id,CHEMBL3474,conplex,nesso,719,0.22109281810215042,0,0.0,0.13908205841446453
SEVEN_FIXED_8_TARGETS,target_id,CHEMBL3474,conplex,probematch,719,0.11901404624889386,0,0.0,0.13908205841446453
SEVEN_FIXED_8_TARGETS,target_id,CHEMBL3474,conplex,dtbind,719,0.213646884076645,0,0.0,0.13908205841446453
SEVEN_FIXED_8_TARGETS,target_id,CHEMBL3474,nesso,probematch,719,0.1764100517589959,0,0.0,0.13908205841446453
SEVEN_FIXED_8_TARGETS,target_id,CHEMBL3474,nesso,dtbind,719,0.42570421231891037,0,0.0,0.13908205841446453
SEVEN_FIXED_8_TARGETS,target_id,CHEMBL3474,probematch,dtbind,719,0.23431499780424342,1,1.0,0.13908205841446453
SEVEN_FIXED_8_TARGETS,target_id,CHEMBL4073,biomaster,drugclip,719,0.16979814376461688,2,2.0,0.13908205841446453
SEVEN_FIXED_8_TARGETS,target_id,CHEMBL4073,biomaster,dtiam,719,-0.19881346173361344,0,0.0,0.13908205841446453
SEVEN_FIXED_8_TARGETS,target_id,CHEMBL4073,biomaster,conplex,719,0.037334184662050796,0,0.0,0.13908205841446453
SEVEN_FIXED_8_TARGETS,target_id,CHEMBL4073,biomaster,nesso,719,0.19353148975351356,1,1.0,0.13908205841446453
SEVEN_FIXED_8_TARGETS,target_id,CHEMBL4073,biomaster,probematch,719,0.17535238641309053,1,1.0,0.13908205841446453
SEVEN_FIXED_8_TARGETS,target_id,CHEMBL4073,biomaster,dtbind,719,0.2566488160259863,0,0.0,0.13908205841446453
SEVEN_FIXED_8_TARGETS,target_id,CHEMBL4073,drugclip,dtiam,719,0.10020052854899658,0,0.0,0.13908205841446453
SEVEN_FIXED_8_TARGETS,target_id,CHEMBL4073,drugclip,conplex,719,-0.07081706943910221,0,0.0,0.13908205841446453
SEVEN_FIXED_8_TARGETS,target_id,CHEMBL4073,drugclip,nesso,719,0.06157183388152585,1,1.0,0.13908205841446453
SEVEN_FIXED_8_TARGETS,target_id,CHEMBL4073,drugclip,probematch,719,0.20873237099396538,1,1.0,0.13908205841446453
SEVEN_FIXED_8_TARGETS,target_id,CHEMBL4073,drugclip,dtbind,719,0.21437430899854046,0,0.0,0.13908205841446453
SEVEN_FIXED_8_TARGETS,target_id,CHEMBL4073,dtiam,conplex,719,-0.04547976794218251,0,0.0,0.13908205841446453
SEVEN_FIXED_8_TARGETS,target_id,CHEMBL4073,dtiam,nesso,719,-0.31294108385176006,0,0.0,0.13908205841446453
SEVEN_FIXED_8_TARGETS,target_id,CHEMBL4073,dtiam,probematch,719,-0.011856730390204918,2,2.0,0.13908205841446453
SEVEN_FIXED_8_TARGETS,target_id,CHEMBL4073,dtiam,dtbind,719,-0.23232656994807113,0,0.0,0.13908205841446453
SEVEN_FIXED_8_TARGETS,target_id,CHEMBL4073,conplex,nesso,719,0.3397131799174122,0,0.0,0.13908205841446453
SEVEN_FIXED_8_TARGETS,target_id,CHEMBL4073,conplex,probematch,719,-0.13552721438109686,0,0.0,0.13908205841446453
SEVEN_FIXED_8_TARGETS,target_id,CHEMBL4073,conplex,dtbind,719,0.018287989182423896,0,0.0,0.13908205841446453
SEVEN_FIXED_8_TARGETS,target_id,CHEMBL4073,nesso,probematch,719,0.07810945900049461,1,1.0,0.13908205841446453
SEVEN_FIXED_8_TARGETS,target_id,CHEMBL4073,nesso,dtbind,719,0.3455254679745874,0,0.0,0.13908205841446453
SEVEN_FIXED_8_TARGETS,target_id,CHEMBL4073,probematch,dtbind,719,0.21378711665848843,0,0.0,0.13908205841446453
OLD_NEW_FIXED_8_TARGETS,target_id,CHEMBL1871,dtiam_historical,dtiam,719,0.3635659406380687,2,2.0,0.13908205841446453
OLD_NEW_FIXED_8_TARGETS,target_id,CHEMBL1902,dtiam_historical,dtiam,719,0.624547529227617,4,4.0,0.13908205841446453
OLD_NEW_FIXED_8_TARGETS,target_id,CHEMBL2023,dtiam_historical,dtiam,719,0.47954687070236396,3,3.0,0.13908205841446453
OLD_NEW_FIXED_8_TARGETS,target_id,CHEMBL2085,dtiam_historical,dtiam,719,0.5602152537370682,3,3.0,0.13908205841446453
OLD_NEW_FIXED_8_TARGETS,target_id,CHEMBL2326,dtiam_historical,dtiam,719,0.3541726053527005,5,5.0,0.13908205841446453
OLD_NEW_FIXED_8_TARGETS,target_id,CHEMBL261,dtiam_historical,dtiam,719,0.32213597730482585,3,3.0,0.13908205841446453
OLD_NEW_FIXED_8_TARGETS,target_id,CHEMBL3474,dtiam_historical,dtiam,719,0.5490259258139462,3,3.0,0.13908205841446453
OLD_NEW_FIXED_8_TARGETS,target_id,CHEMBL4073,dtiam_historical,dtiam,719,0.48821509373456035,2,2.0,0.13908205841446453
FIVE_FIXED_382_TARGETS,target_id,CHEMBL1075094,dtiam,biomaster,720,-0.036083373978643314,0,0.0,0.1388888888888889
FIVE_FIXED_382_TARGETS,target_id,CHEMBL1075094,dtiam,drugclip,720,0.10937240750767055,0,0.0,0.1388888888888889
FIVE_FIXED_382_TARGETS,target_id,CHEMBL1075094,dtiam,conplex,720,0.07834139479663539,1,1.0,0.1388888888888889
FIVE_FIXED_382_TARGETS,target_id,CHEMBL1075094,dtiam,probematch,720,-0.104205151712747,0,0.0,0.1388888888888889
FIVE_FIXED_382_TARGETS,target_id,CHEMBL1075126,dtiam,biomaster,720,-0.10556333989517719,0,0.0,0.1388888888888889
FIVE_FIXED_382_TARGETS,target_id,CHEMBL1075126,dtiam,drugclip,720,0.17659691941411762,0,0.0,0.1388888888888889
FIVE_FIXED_382_TARGETS,target_id,CHEMBL1075126,dtiam,conplex,720,0.11606650954242236,0,0.0,0.1388888888888889
FIVE_FIXED_382_TARGETS,target_id,CHEMBL1075126,dtiam,probematch,720,-0.11863398419118192,0,0.0,0.1388888888888889
FIVE_FIXED_382_TARGETS,target_id,CHEMBL1075319,dtiam,biomaster,720,0.06734454494181467,0,0.0,0.1388888888888889
FIVE_FIXED_382_TARGETS,target_id,CHEMBL1075319,dtiam,drugclip,720,0.022657967521459123,0,0.0,0.1388888888888889
FIVE_FIXED_382_TARGETS,target_id,CHEMBL1075319,dtiam,conplex,720,0.0028277362063405223,2,2.0,0.1388888888888889
FIVE_FIXED_382_TARGETS,target_id,CHEMBL1075319,dtiam,probematch,720,0.09435374616440276,0,0.0,0.1388888888888889
FIVE_FIXED_382_TARGETS,target_id,CHEMBL1163124,dtiam,biomaster,720,0.017968143245273623,0,0.0,0.1388888888888889
FIVE_FIXED_382_TARGETS,target_id,CHEMBL1163124,dtiam,drugclip,720,-0.1734098148619439,0,0.0,0.1388888888888889
FIVE_FIXED_382_TARGETS,target_id,CHEMBL1163124,dtiam,conplex,720,0.15845173958328002,0,0.0,0.1388888888888889
FIVE_FIXED_382_TARGETS,target_id,CHEMBL1163124,dtiam,probematch,720,-0.015594665591733146,2,2.0,0.1388888888888889
FIVE_FIXED_382_TARGETS,target_id,CHEMBL1169596,dtiam,biomaster,720,-0.0025860391677584266,1,1.0,0.1388888888888889
FIVE_FIXED_382_TARGETS,target_id,CHEMBL1169596,dtiam,drugclip,720,-0.12823341199352553,0,0.0,0.1388888888888889
FIVE_FIXED_382_TARGETS,target_id,CHEMBL1169596,dtiam,conplex,720,0.07764295078962277,0,0.0,0.1388888888888889
FIVE_FIXED_382_TARGETS,target_id,CHEMBL1169596,dtiam,probematch,720,0.1609308159210622,1,1.0,0.1388888888888889
FIVE_FIXED_382_TARGETS,target_id,CHEMBL1250375,dtiam,biomaster,720,-0.03560685874261801,0,0.0,0.1388888888888889
FIVE_FIXED_382_TARGETS,target_id,CHEMBL1250375,dtiam,drugclip,720,-0.10849787192134375,0,0.0,0.1388888888888889
FIVE_FIXED_382_TARGETS,target_id,CHEMBL1250375,dtiam,conplex,720,-0.12093465235462972,0,0.0,0.1388888888888889
FIVE_FIXED_382_TARGETS,target_id,CHEMBL1250375,dtiam,probematch,720,0.16694055348250228,1,1.0,0.1388888888888889
FIVE_FIXED_382_TARGETS,target_id,CHEMBL1250417,dtiam,biomaster,720,0.0726378458727121,0,0.0,0.1388888888888889
FIVE_FIXED_382_TARGETS,target_id,CHEMBL1250417,dtiam,drugclip,720,0.17462699195742562,0,0.0,0.1388888888888889
FIVE_FIXED_382_TARGETS,target_id,CHEMBL1250417,dtiam,conplex,720,0.14140418415128922,0,0.0,0.1388888888888889
FIVE_FIXED_382_TARGETS,target_id,CHEMBL1250417,dtiam,probematch,720,0.08226677220957618,1,1.0,0.1388888888888889
FIVE_FIXED_382_TARGETS,target_id,CHEMBL1255163,dtiam,biomaster,720,-0.055496012807832125,0,0.0,0.1388888888888889
FIVE_FIXED_382_TARGETS,target_id,CHEMBL1255163,dtiam,drugclip,720,0.17582086010670633,0,0.0,0.1388888888888889
FIVE_FIXED_382_TARGETS,target_id,CHEMBL1255163,dtiam,conplex,720,-0.040194489571089745,0,0.0,0.1388888888888889
FIVE_FIXED_382_TARGETS,target_id,CHEMBL1255163,dtiam,probematch,720,0.04047656378293411,0,0.0,0.1388888888888889
FIVE_FIXED_382_TARGETS,target_id,CHEMBL1287628,dtiam,biomaster,720,0.06865101941394922,0,0.0,0.1388888888888889
FIVE_FIXED_382_TARGETS,target_id,CHEMBL1287628,dtiam,drugclip,720,-0.02488572407340498,2,2.0,0.1388888888888889
FIVE_FIXED_382_TARGETS,target_id,CHEMBL1287628,dtiam,conplex,720,-0.14798225058717399,0,0.0,0.1388888888888889
FIVE_FIXED_382_TARGETS,target_id,CHEMBL1287628,dtiam,probematch,720,-0.1386706919234161,0,0.0,0.1388888888888889
FIVE_FIXED_382_TARGETS,target_id,CHEMBL1628478,dtiam,biomaster,720,-0.035673232976317304,0,0.0,0.1388888888888889
FIVE_FIXED_382_TARGETS,target_id,CHEMBL1628478,dtiam,drugclip,720,0.050311267265690164,2,2.0,0.1388888888888889
FIVE_FIXED_382_TARGETS,target_id,CHEMBL1628478,dtiam,conplex,720,0.0957360920730816,1,1.0,0.1388888888888889
FIVE_FIXED_382_TARGETS,target_id,CHEMBL1628478,dtiam,probematch,720,0.04495858478495372,2,2.0,0.1388888888888889
FIVE_FIXED_382_TARGETS,target_id,CHEMBL1641347,dtiam,biomaster,720,-0.041266061903465455,0,0.0,0.1388888888888889
FIVE_FIXED_382_TARGETS,target_id,CHEMBL1641347,dtiam,drugclip,720,0.2592985555229035,0,0.0,0.1388888888888889
FIVE_FIXED_382_TARGETS,target_id,CHEMBL1641347,dtiam,conplex,720,-0.0805395624280712,0,0.0,0.1388888888888889
FIVE_FIXED_382_TARGETS,target_id,CHEMBL1641347,dtiam,probematch,720,-0.12879980331107488,1,1.0,0.1388888888888889
FIVE_FIXED_382_TARGETS,target_id,CHEMBL1641348,dtiam,biomaster,720,0.029047946333546685,0,0.0,0.1388888888888889
FIVE_FIXED_382_TARGETS,target_id,CHEMBL1641348,dtiam,drugclip,720,-0.09658462129259894,0,0.0,0.1388888888888889
FIVE_FIXED_382_TARGETS,target_id,CHEMBL1641348,dtiam,conplex,720,-0.0783540922779241,1,1.0,0.1388888888888889
FIVE_FIXED_382_TARGETS,target_id,CHEMBL1641348,dtiam,probematch,720,0.19723187938208764,1,1.0,0.1388888888888889
FIVE_FIXED_382_TARGETS,target_id,CHEMBL1641353,dtiam,biomaster,720,-0.04257335620750087,0,0.0,0.1388888888888889
FIVE_FIXED_382_TARGETS,target_id,CHEMBL1641353,dtiam,drugclip,720,-0.08167639612891806,0,0.0,0.1388888888888889
FIVE_FIXED_382_TARGETS,target_id,CHEMBL1641353,dtiam,conplex,720,0.054402375688725586,2,2.0,0.1388888888888889
FIVE_FIXED_382_TARGETS,target_id,CHEMBL1641353,dtiam,probematch,720,-0.10035944886687978,0,0.0,0.1388888888888889
FIVE_FIXED_382_TARGETS,target_id,CHEMBL1744522,dtiam,biomaster,720,0.025122559041942612,0,0.0,0.1388888888888889
FIVE_FIXED_382_TARGETS,target_id,CHEMBL1744522,dtiam,drugclip,720,0.3017103083951224,0,0.0,0.1388888888888889
FIVE_FIXED_382_TARGETS,target_id,CHEMBL1744522,dtiam,conplex,720,0.11435859274456145,2,2.0,0.1388888888888889
FIVE_FIXED_382_TARGETS,target_id,CHEMBL1744522,dtiam,probematch,720,-0.03864485033964646,0,0.0,0.1388888888888889
FIVE_FIXED_382_TARGETS,target_id,CHEMBL1744525,dtiam,biomaster,720,0.10173901697927366,2,2.0,0.1388888888888889
FIVE_FIXED_382_TARGETS,target_id,CHEMBL1744525,dtiam,drugclip,720,-0.1008338100347734,2,2.0,0.1388888888888889
FIVE_FIXED_382_TARGETS,target_id,CHEMBL1744525,dtiam,conplex,720,0.008962241732860084,1,1.0,0.1388888888888889
FIVE_FIXED_382_TARGETS,target_id,CHEMBL1744525,dtiam,probematch,720,0.19503646757000628,1,1.0,0.1388888888888889
FIVE_FIXED_382_TARGETS,target_id,CHEMBL1781,dtiam,biomaster,720,-0.04168158807612066,0,0.0,0.1388888888888889
FIVE_FIXED_382_TARGETS,target_id,CHEMBL1781,dtiam,drugclip,720,-0.05248837106627092,1,1.0,0.1388888888888889
FIVE_FIXED_382_TARGETS,target_id,CHEMBL1781,dtiam,conplex,720,0.1571876285871357,2,2.0,0.1388888888888889
FIVE_FIXED_382_TARGETS,target_id,CHEMBL1781,dtiam,probematch,720,0.2394096843563467,1,1.0,0.1388888888888889
FIVE_FIXED_382_TARGETS,target_id,CHEMBL1781870,dtiam,biomaster,720,-0.005596767335299349,0,0.0,0.1388888888888889
FIVE_FIXED_382_TARGETS,target_id,CHEMBL1781870,dtiam,drugclip,720,-0.0620320020739499,0,0.0,0.1388888888888889
FIVE_FIXED_382_TARGETS,target_id,CHEMBL1781870,dtiam,conplex,720,0.03566027573007762,1,1.0,0.1388888888888889
FIVE_FIXED_382_TARGETS,target_id,CHEMBL1781870,dtiam,probematch,720,-0.03678669329877215,1,1.0,0.1388888888888889
FIVE_FIXED_382_TARGETS,target_id,CHEMBL1782,dtiam,biomaster,720,-0.03206118222219613,0,0.0,0.1388888888888889
FIVE_FIXED_382_TARGETS,target_id,CHEMBL1782,dtiam,drugclip,720,0.1429381420193039,1,1.0,0.1388888888888889
FIVE_FIXED_382_TARGETS,target_id,CHEMBL1782,dtiam,conplex,720,-0.04028175276032667,0,0.0,0.1388888888888889
FIVE_FIXED_382_TARGETS,target_id,CHEMBL1782,dtiam,probematch,720,-0.06877047374444559,0,0.0,0.1388888888888889
FIVE_FIXED_382_TARGETS,target_id,CHEMBL1786,dtiam,biomaster,720,-0.05655845065080971,1,1.0,0.1388888888888889
FIVE_FIXED_382_TARGETS,target_id,CHEMBL1786,dtiam,drugclip,720,0.23461907543553925,0,0.0,0.1388888888888889
FIVE_FIXED_382_TARGETS,target_id,CHEMBL1786,dtiam,conplex,720,0.09474621703536001,2,2.0,0.1388888888888889
FIVE_FIXED_382_TARGETS,target_id,CHEMBL1786,dtiam,probematch,720,-0.15849985358364943,0,0.0,0.1388888888888889
FIVE_FIXED_382_TARGETS,target_id,CHEMBL1795116,dtiam,biomaster,720,-0.0797682614923617,0,0.0,0.1388888888888889
FIVE_FIXED_382_TARGETS,target_id,CHEMBL1795116,dtiam,drugclip,720,0.10740574330344667,0,0.0,0.1388888888888889
FIVE_FIXED_382_TARGETS,target_id,CHEMBL1795116,dtiam,conplex,720,0.06796603505887126,2,2.0,0.1388888888888889
FIVE_FIXED_382_TARGETS,target_id,CHEMBL1795116,dtiam,probematch,720,-0.12301994018458273,0,0.0,0.1388888888888889
FIVE_FIXED_382_TARGETS,target_id,CHEMBL1801,dtiam,biomaster,720,-0.20182022132905453,1,1.0,0.1388888888888889
FIVE_FIXED_382_TARGETS,target_id,CHEMBL1801,dtiam,drugclip,720,-0.052345527413896975,0,0.0,0.1388888888888889
FIVE_FIXED_382_TARGETS,target_id,CHEMBL1801,dtiam,conplex,720,-0.07076561694256643,0,0.0,0.1388888888888889
FIVE_FIXED_382_TARGETS,target_id,CHEMBL1801,dtiam,probematch,720,-0.2504341472075221,0,0.0,0.1388888888888889
FIVE_FIXED_382_TARGETS,target_id,CHEMBL1806,dtiam,biomaster,720,-0.0663972532930701,0,0.0,0.1388888888888889
FIVE_FIXED_382_TARGETS,target_id,CHEMBL1806,dtiam,drugclip,720,-0.051237275435282906,0,0.0,0.1388888888888889
FIVE_FIXED_382_TARGETS,target_id,CHEMBL1806,dtiam,conplex,720,0.16987560652151318,2,2.0,0.1388888888888889
FIVE_FIXED_382_TARGETS,target_id,CHEMBL1806,dtiam,probematch,720,0.0053297914880535155,1,1.0,0.1388888888888889
FIVE_FIXED_382_TARGETS,target_id,CHEMBL1808,dtiam,biomaster,720,5.4285731945398855e-05,1,1.0,0.1388888888888889
FIVE_FIXED_382_TARGETS,target_id,CHEMBL1808,dtiam,drugclip,720,-0.02537117708466323,0,0.0,0.1388888888888889
FIVE_FIXED_382_TARGETS,target_id,CHEMBL1808,dtiam,conplex,720,0.11487469224770647,1,1.0,0.1388888888888889
FIVE_FIXED_382_TARGETS,target_id,CHEMBL1808,dtiam,probematch,720,0.16084618033364956,1,1.0,0.1388888888888889
FIVE_FIXED_382_TARGETS,target_id,CHEMBL1812,dtiam,biomaster,720,-0.030860530365814175,0,0.0,0.1388888888888889
FIVE_FIXED_382_TARGETS,target_id,CHEMBL1812,dtiam,drugclip,720,0.20115448567528293,0,0.0,0.1388888888888889
FIVE_FIXED_382_TARGETS,target_id,CHEMBL1812,dtiam,conplex,720,0.035456945865472586,0,0.0,0.1388888888888889
FIVE_FIXED_382_TARGETS,target_id,CHEMBL1812,dtiam,probematch,720,-0.08486790526816698,0,0.0,0.1388888888888889
FIVE_FIXED_382_TARGETS,target_id,CHEMBL1822,dtiam,biomaster,720,-0.06753897370340174,1,1.0,0.1388888888888889
FIVE_FIXED_382_TARGETS,target_id,CHEMBL1822,dtiam,drugclip,720,0.1209073298268699,0,0.0,0.1388888888888889
FIVE_FIXED_382_TARGETS,target_id,CHEMBL1822,dtiam,conplex,720,0.11722847560892394,0,0.0,0.1388888888888889
FIVE_FIXED_382_TARGETS,target_id,CHEMBL1822,dtiam,probematch,720,0.03390355348019499,0,0.0,0.1388888888888889
FIVE_FIXED_382_TARGETS,target_id,CHEMBL1824,dtiam,biomaster,720,0.13105921180444818,4,4.0,0.1388888888888889
FIVE_FIXED_382_TARGETS,target_id,CHEMBL1824,dtiam,drugclip,720,0.11258815795096853,2,2.0,0.1388888888888889
FIVE_FIXED_382_TARGETS,target_id,CHEMBL1824,dtiam,conplex,720,0.010844651567761583,2,2.0,0.1388888888888889
FIVE_FIXED_382_TARGETS,target_id,CHEMBL1824,dtiam,probematch,720,0.16195102438357767,0,0.0,0.1388888888888889
FIVE_FIXED_382_TARGETS,target_id,CHEMBL1827,dtiam,biomaster,720,0.0013228711101518236,1,1.0,0.1388888888888889
FIVE_FIXED_382_TARGETS,target_id,CHEMBL1827,dtiam,drugclip,720,0.12144169947487965,0,0.0,0.1388888888888889
FIVE_FIXED_382_TARGETS,target_id,CHEMBL1827,dtiam,conplex,720,-0.02154422419352476,2,2.0,0.1388888888888889
FIVE_FIXED_382_TARGETS,target_id,CHEMBL1827,dtiam,probematch,720,0.3181620198259639,0,0.0,0.1388888888888889
FIVE_FIXED_382_TARGETS,target_id,CHEMBL1829,dtiam,biomaster,720,-0.06581247202072489,5,5.0,0.1388888888888889
FIVE_FIXED_382_TARGETS,target_id,CHEMBL1829,dtiam,drugclip,720,-0.015445182908475737,0,0.0,0.1388888888888889
FIVE_FIXED_382_TARGETS,target_id,CHEMBL1829,dtiam,conplex,720,0.09130137476255808,0,0.0,0.1388888888888889
FIVE_FIXED_382_TARGETS,target_id,CHEMBL1829,dtiam,probematch,720,0.0953619947262468,1,1.0,0.1388888888888889
FIVE_FIXED_382_TARGETS,target_id,CHEMBL1835,dtiam,biomaster,720,0.07606321669182932,0,0.0,0.1388888888888889
FIVE_FIXED_382_TARGETS,target_id,CHEMBL1835,dtiam,drugclip,720,-0.009049159845511232,0,0.0,0.1388888888888889
FIVE_FIXED_382_TARGETS,target_id,CHEMBL1835,dtiam,conplex,720,0.03130753191151996,0,0.0,0.1388888888888889
FIVE_FIXED_382_TARGETS,target_id,CHEMBL1835,dtiam,probematch,720,0.2597118192763822,1,1.0,0.1388888888888889
FIVE_FIXED_382_TARGETS,target_id,CHEMBL1839,dtiam,biomaster,720,-0.15126451555582462,0,0.0,0.1388888888888889
FIVE_FIXED_382_TARGETS,target_id,CHEMBL1839,dtiam,drugclip,720,-0.042160964686231324,0,0.0,0.1388888888888889
FIVE_FIXED_382_TARGETS,target_id,CHEMBL1839,dtiam,conplex,720,-0.08811286201040427,0,0.0,0.1388888888888889
FIVE_FIXED_382_TARGETS,target_id,CHEMBL1839,dtiam,probematch,720,-0.11992068624688389,0,0.0,0.1388888888888889
FIVE_FIXED_382_TARGETS,target_id,CHEMBL1841,dtiam,biomaster,720,0.07329837318264294,4,4.0,0.1388888888888889
FIVE_FIXED_382_TARGETS,target_id,CHEMBL1841,dtiam,drugclip,720,0.06249880792824734,1,1.0,0.1388888888888889
FIVE_FIXED_382_TARGETS,target_id,CHEMBL1841,dtiam,conplex,720,0.022192207901426675,4,4.0,0.1388888888888889
FIVE_FIXED_382_TARGETS,target_id,CHEMBL1841,dtiam,probematch,720,0.03786621901058537,0,0.0,0.1388888888888889
FIVE_FIXED_382_TARGETS,target_id,CHEMBL1843,dtiam,biomaster,720,-0.09031369493262499,0,0.0,0.1388888888888889
FIVE_FIXED_382_TARGETS,target_id,CHEMBL1843,dtiam,drugclip,720,0.09687063010005306,0,0.0,0.1388888888888889
FIVE_FIXED_382_TARGETS,target_id,CHEMBL1843,dtiam,conplex,720,-0.07559603673663645,0,0.0,0.1388888888888889
FIVE_FIXED_382_TARGETS,target_id,CHEMBL1843,dtiam,probematch,720,-0.18239870902517405,0,0.0,0.1388888888888889
FIVE_FIXED_382_TARGETS,target_id,CHEMBL1844,dtiam,biomaster,720,0.12418500169138603,2,2.0,0.1388888888888889
FIVE_FIXED_382_TARGETS,target_id,CHEMBL1844,dtiam,drugclip,720,-0.038624145565365836,1,1.0,0.1388888888888889
FIVE_FIXED_382_TARGETS,target_id,CHEMBL1844,dtiam,conplex,720,0.16509327259070872,4,4.0,0.1388888888888889
FIVE_FIXED_382_TARGETS,target_id,CHEMBL1844,dtiam,probematch,720,0.3620334263009374,0,0.0,0.1388888888888889
FIVE_FIXED_382_TARGETS,target_id,CHEMBL1847,dtiam,biomaster,720,0.07356345216392207,0,0.0,0.1388888888888889
FIVE_FIXED_382_TARGETS,target_id,CHEMBL1847,dtiam,drugclip,720,0.1716998544935021,0,0.0,0.1388888888888889
FIVE_FIXED_382_TARGETS,target_id,CHEMBL1847,dtiam,conplex,720,-0.024314014920509226,0,0.0,0.1388888888888889
FIVE_FIXED_382_TARGETS,target_id,CHEMBL1847,dtiam,probematch,720,0.11365901916484909,0,0.0,0.1388888888888889
FIVE_FIXED_382_TARGETS,target_id,CHEMBL1856,dtiam,biomaster,720,0.03566140167672838,1,1.0,0.1388888888888889
FIVE_FIXED_382_TARGETS,target_id,CHEMBL1856,dtiam,drugclip,720,0.005769591115028393,0,0.0,0.1388888888888889
FIVE_FIXED_382_TARGETS,target_id,CHEMBL1856,dtiam,conplex,720,0.010606299729503107,0,0.0,0.1388888888888889
FIVE_FIXED_382_TARGETS,target_id,CHEMBL1856,dtiam,probematch,720,-0.10756710637627677,0,0.0,0.1388888888888889
FIVE_FIXED_382_TARGETS,target_id,CHEMBL1859,dtiam,biomaster,720,0.14218916931489173,0,0.0,0.1388888888888889
FIVE_FIXED_382_TARGETS,target_id,CHEMBL1859,dtiam,drugclip,720,0.1909395087916088,2,2.0,0.1388888888888889
FIVE_FIXED_382_TARGETS,target_id,CHEMBL1859,dtiam,conplex,720,0.10002908523128592,0,0.0,0.1388888888888889
FIVE_FIXED_382_TARGETS,target_id,CHEMBL1859,dtiam,probematch,720,0.15158135647280532,2,2.0,0.1388888888888889
FIVE_FIXED_382_TARGETS,target_id,CHEMBL1861,dtiam,biomaster,720,-0.034174789238298246,0,0.0,0.1388888888888889
FIVE_FIXED_382_TARGETS,target_id,CHEMBL1861,dtiam,drugclip,720,0.27329535266471877,0,0.0,0.1388888888888889
FIVE_FIXED_382_TARGETS,target_id,CHEMBL1861,dtiam,conplex,720,0.027469087499088395,0,0.0,0.1388888888888889
FIVE_FIXED_382_TARGETS,target_id,CHEMBL1861,dtiam,probematch,720,0.09235745548580063,0,0.0,0.1388888888888889
FIVE_FIXED_382_TARGETS,target_id,CHEMBL1862,dtiam,biomaster,720,0.08456675368324987,2,2.0,0.1388888888888889
FIVE_FIXED_382_TARGETS,target_id,CHEMBL1862,dtiam,drugclip,720,0.2656330429678973,0,0.0,0.1388888888888889
FIVE_FIXED_382_TARGETS,target_id,CHEMBL1862,dtiam,conplex,720,0.1285426325230579,3,3.0,0.1388888888888889
FIVE_FIXED_382_TARGETS,target_id,CHEMBL1862,dtiam,probematch,720,0.16939408530989178,1,1.0,0.1388888888888889
FIVE_FIXED_382_TARGETS,target_id,CHEMBL1865,dtiam,biomaster,720,-0.09118172008915079,4,4.0,0.1388888888888889
FIVE_FIXED_382_TARGETS,target_id,CHEMBL1865,dtiam,drugclip,720,0.02964751673037803,0,0.0,0.1388888888888889
FIVE_FIXED_382_TARGETS,target_id,CHEMBL1865,dtiam,conplex,720,0.05169198902255723,1,1.0,0.1388888888888889
FIVE_FIXED_382_TARGETS,target_id,CHEMBL1865,dtiam,probematch,720,0.19416366653067446,3,3.0,0.1388888888888889
FIVE_FIXED_382_TARGETS,target_id,CHEMBL1868,dtiam,biomaster,720,0.17777527505782315,1,1.0,0.1388888888888889
FIVE_FIXED_382_TARGETS,target_id,CHEMBL1868,dtiam,drugclip,720,0.13838076078294612,0,0.0,0.1388888888888889
FIVE_FIXED_382_TARGETS,target_id,CHEMBL1868,dtiam,conplex,720,0.19290695311378234,3,3.0,0.1388888888888889
FIVE_FIXED_382_TARGETS,target_id,CHEMBL1868,dtiam,probematch,720,0.23501119621118152,0,0.0,0.1388888888888889
FIVE_FIXED_382_TARGETS,target_id,CHEMBL1871,dtiam,biomaster,720,0.18661991095677197,0,0.0,0.1388888888888889
FIVE_FIXED_382_TARGETS,target_id,CHEMBL1871,dtiam,drugclip,720,0.38841952396235774,0,0.0,0.1388888888888889
FIVE_FIXED_382_TARGETS,target_id,CHEMBL1871,dtiam,conplex,720,0.3196238247811774,3,3.0,0.1388888888888889
FIVE_FIXED_382_TARGETS,target_id,CHEMBL1871,dtiam,probematch,720,0.3867495552630987,0,0.0,0.1388888888888889
FIVE_FIXED_382_TARGETS,target_id,CHEMBL1873,dtiam,biomaster,720,-0.14739904029352482,0,0.0,0.1388888888888889
FIVE_FIXED_382_TARGETS,target_id,CHEMBL1873,dtiam,drugclip,720,-0.03095892626905308,0,0.0,0.1388888888888889
FIVE_FIXED_382_TARGETS,target_id,CHEMBL1873,dtiam,conplex,720,-0.1633663020704348,1,1.0,0.1388888888888889
FIVE_FIXED_382_TARGETS,target_id,CHEMBL1873,dtiam,probematch,720,-0.23016192266784577,0,0.0,0.1388888888888889
FIVE_FIXED_382_TARGETS,target_id,CHEMBL1874,dtiam,biomaster,720,-0.11845775248276692,0,0.0,0.1388888888888889
FIVE_FIXED_382_TARGETS,target_id,CHEMBL1874,dtiam,drugclip,720,-0.19042050697295637,0,0.0,0.1388888888888889
FIVE_FIXED_382_TARGETS,target_id,CHEMBL1874,dtiam,conplex,720,0.021515051808305957,2,2.0,0.1388888888888889
FIVE_FIXED_382_TARGETS,target_id,CHEMBL1874,dtiam,probematch,720,-0.06985292513088542,1,1.0,0.1388888888888889
FIVE_FIXED_382_TARGETS,target_id,CHEMBL1876,dtiam,biomaster,720,-0.057315685974771796,0,0.0,0.1388888888888889
FIVE_FIXED_382_TARGETS,target_id,CHEMBL1876,dtiam,drugclip,720,0.11259314124291495,1,1.0,0.1388888888888889
FIVE_FIXED_382_TARGETS,target_id,CHEMBL1876,dtiam,conplex,720,0.00946387348161609,2,2.0,0.1388888888888889
FIVE_FIXED_382_TARGETS,target_id,CHEMBL1876,dtiam,probematch,720,-0.03931126114910114,0,0.0,0.1388888888888889
FIVE_FIXED_382_TARGETS,target_id,CHEMBL1886,dtiam,biomaster,720,0.1032249381868854,0,0.0,0.1388888888888889
FIVE_FIXED_382_TARGETS,target_id,CHEMBL1886,dtiam,drugclip,720,-0.08258157092314768,0,0.0,0.1388888888888889
FIVE_FIXED_382_TARGETS,target_id,CHEMBL1886,dtiam,conplex,720,-0.02233708538258389,1,1.0,0.1388888888888889
FIVE_FIXED_382_TARGETS,target_id,CHEMBL1886,dtiam,probematch,720,0.29410729230711025,2,2.0,0.1388888888888889
FIVE_FIXED_382_TARGETS,target_id,CHEMBL1893,dtiam,biomaster,720,0.061388337580960343,2,2.0,0.1388888888888889
FIVE_FIXED_382_TARGETS,target_id,CHEMBL1893,dtiam,drugclip,720,-0.0016674094852734505,0,0.0,0.1388888888888889
FIVE_FIXED_382_TARGETS,target_id,CHEMBL1893,dtiam,conplex,720,-0.02105119641494876,3,3.0,0.1388888888888889
FIVE_FIXED_382_TARGETS,target_id,CHEMBL1893,dtiam,probematch,720,0.2877935815022915,0,0.0,0.1388888888888889
FIVE_FIXED_382_TARGETS,target_id,CHEMBL1899,dtiam,biomaster,720,0.28497993449366393,4,4.0,0.1388888888888889
FIVE_FIXED_382_TARGETS,target_id,CHEMBL1899,dtiam,drugclip,720,0.09495865350615737,0,0.0,0.1388888888888889
FIVE_FIXED_382_TARGETS,target_id,CHEMBL1899,dtiam,conplex,720,0.03955428447877873,1,1.0,0.1388888888888889
FIVE_FIXED_382_TARGETS,target_id,CHEMBL1899,dtiam,probematch,720,0.23576072638205364,0,0.0,0.1388888888888889
FIVE_FIXED_382_TARGETS,target_id,CHEMBL1900,dtiam,biomaster,720,-0.014297675449432104,0,0.0,0.1388888888888889
FIVE_FIXED_382_TARGETS,target_id,CHEMBL1900,dtiam,drugclip,720,0.20730144059173813,0,0.0,0.1388888888888889
FIVE_FIXED_382_TARGETS,target_id,CHEMBL1900,dtiam,conplex,720,-0.07351487375016068,0,0.0,0.1388888888888889
FIVE_FIXED_382_TARGETS,target_id,CHEMBL1900,dtiam,probematch,720,0.034372996485509226,1,1.0,0.1388888888888889
FIVE_FIXED_382_TARGETS,target_id,CHEMBL1902,dtiam,biomaster,720,-0.0767463611057796,0,0.0,0.1388888888888889
FIVE_FIXED_382_TARGETS,target_id,CHEMBL1902,dtiam,drugclip,720,-0.08599564031077803,1,1.0,0.1388888888888889
FIVE_FIXED_382_TARGETS,target_id,CHEMBL1902,dtiam,conplex,720,-0.06340612215269105,0,0.0,0.1388888888888889
FIVE_FIXED_382_TARGETS,target_id,CHEMBL1902,dtiam,probematch,720,0.2577301387923987,1,1.0,0.1388888888888889
FIVE_FIXED_382_TARGETS,target_id,CHEMBL1903,dtiam,biomaster,720,0.3158149857700101,2,2.0,0.1388888888888889
FIVE_FIXED_382_TARGETS,target_id,CHEMBL1903,dtiam,drugclip,720,0.060798669467480596,0,0.0,0.1388888888888889
FIVE_FIXED_382_TARGETS,target_id,CHEMBL1903,dtiam,conplex,720,0.12300544954854294,1,1.0,0.1388888888888889
FIVE_FIXED_382_TARGETS,target_id,CHEMBL1903,dtiam,probematch,720,-0.030971111221618854,0,0.0,0.1388888888888889
FIVE_FIXED_382_TARGETS,target_id,CHEMBL1906,dtiam,biomaster,720,0.08227114398515609,1,1.0,0.1388888888888889
FIVE_FIXED_382_TARGETS,target_id,CHEMBL1906,dtiam,drugclip,720,-0.10018008250707915,0,0.0,0.1388888888888889
FIVE_FIXED_382_TARGETS,target_id,CHEMBL1906,dtiam,conplex,720,0.0478913499394785,0,0.0,0.1388888888888889
FIVE_FIXED_382_TARGETS,target_id,CHEMBL1906,dtiam,probematch,720,0.1715740826348285,0,0.0,0.1388888888888889
FIVE_FIXED_382_TARGETS,target_id,CHEMBL1908,dtiam,biomaster,720,0.07548578114495806,0,0.0,0.1388888888888889
FIVE_FIXED_382_TARGETS,target_id,CHEMBL1908,dtiam,drugclip,720,0.07855812530614624,0,0.0,0.1388888888888889
FIVE_FIXED_382_TARGETS,target_id,CHEMBL1908,dtiam,conplex,720,-0.01001510117773917,0,0.0,0.1388888888888889
FIVE_FIXED_382_TARGETS,target_id,CHEMBL1908,dtiam,probematch,720,0.14890751491597798,0,0.0,0.1388888888888889
FIVE_FIXED_382_TARGETS,target_id,CHEMBL1908389,dtiam,biomaster,720,0.017149758106588326,0,0.0,0.1388888888888889
FIVE_FIXED_382_TARGETS,target_id,CHEMBL1908389,dtiam,drugclip,720,-0.012883465420442925,0,0.0,0.1388888888888889
FIVE_FIXED_382_TARGETS,target_id,CHEMBL1908389,dtiam,conplex,720,0.18170710903831788,2,2.0,0.1388888888888889
FIVE_FIXED_382_TARGETS,target_id,CHEMBL1908389,dtiam,probematch,720,0.09687038975162565,2,2.0,0.1388888888888889
FIVE_FIXED_382_TARGETS,target_id,CHEMBL1910,dtiam,biomaster,720,-0.0317651103800373,0,0.0,0.1388888888888889
FIVE_FIXED_382_TARGETS,target_id,CHEMBL1910,dtiam,drugclip,720,-0.10756377795868954,0,0.0,0.1388888888888889
FIVE_FIXED_382_TARGETS,target_id,CHEMBL1910,dtiam,conplex,720,-0.16968123039864683,0,0.0,0.1388888888888889
FIVE_FIXED_382_TARGETS,target_id,CHEMBL1910,dtiam,probematch,720,0.09834323249147087,1,1.0,0.1388888888888889
FIVE_FIXED_382_TARGETS,target_id,CHEMBL1911,dtiam,biomaster,720,-0.15042385148864,0,0.0,0.1388888888888889
FIVE_FIXED_382_TARGETS,target_id,CHEMBL1911,dtiam,drugclip,720,-0.03754349459408084,0,0.0,0.1388888888888889
FIVE_FIXED_382_TARGETS,target_id,CHEMBL1911,dtiam,conplex,720,-0.08425374951193798,0,0.0,0.1388888888888889
FIVE_FIXED_382_TARGETS,target_id,CHEMBL1911,dtiam,probematch,720,-0.21771155354295305,0,0.0,0.1388888888888889
FIVE_FIXED_382_TARGETS,target_id,CHEMBL1914,dtiam,biomaster,720,-0.0012041240856091344,1,1.0,0.1388888888888889
FIVE_FIXED_382_TARGETS,target_id,CHEMBL1914,dtiam,drugclip,720,-0.08127464634722441,0,0.0,0.1388888888888889
FIVE_FIXED_382_TARGETS,target_id,CHEMBL1914,dtiam,conplex,720,-0.1059848771859922,0,0.0,0.1388888888888889
FIVE_FIXED_382_TARGETS,target_id,CHEMBL1914,dtiam,probematch,720,0.11782929506778163,0,0.0,0.1388888888888889
FIVE_FIXED_382_TARGETS,target_id,CHEMBL1914276,dtiam,biomaster,720,0.09713392474131267,0,0.0,0.1388888888888889
FIVE_FIXED_382_TARGETS,target_id,CHEMBL1914276,dtiam,drugclip,720,-0.12069224451640811,0,0.0,0.1388888888888889
FIVE_FIXED_382_TARGETS,target_id,CHEMBL1914276,dtiam,conplex,720,-0.04678814450238313,0,0.0,0.1388888888888889
FIVE_FIXED_382_TARGETS,target_id,CHEMBL1914276,dtiam,probematch,720,0.26581662101314946,0,0.0,0.1388888888888889
FIVE_FIXED_382_TARGETS,target_id,CHEMBL1918,dtiam,biomaster,720,0.017232030649110254,0,0.0,0.1388888888888889
FIVE_FIXED_382_TARGETS,target_id,CHEMBL1918,dtiam,drugclip,720,0.038212107697073124,0,0.0,0.1388888888888889
FIVE_FIXED_382_TARGETS,target_id,CHEMBL1918,dtiam,conplex,720,0.014169662201444853,1,1.0,0.1388888888888889
FIVE_FIXED_382_TARGETS,target_id,CHEMBL1918,dtiam,probematch,720,-0.06984948505192887,1,1.0,0.1388888888888889
FIVE_FIXED_382_TARGETS,target_id,CHEMBL1919,dtiam,biomaster,720,0.013020875677081736,0,0.0,0.1388888888888889
FIVE_FIXED_382_TARGETS,target_id,CHEMBL1919,dtiam,drugclip,720,-0.23423180935076082,0,0.0,0.1388888888888889
FIVE_FIXED_382_TARGETS,target_id,CHEMBL1919,dtiam,conplex,720,-0.03829374888386828,2,2.0,0.1388888888888889
FIVE_FIXED_382_TARGETS,target_id,CHEMBL1919,dtiam,probematch,720,0.013046676269255963,0,0.0,0.1388888888888889
FIVE_FIXED_382_TARGETS,target_id,CHEMBL1927,dtiam,biomaster,720,-0.09830208874923099,0,0.0,0.1388888888888889
FIVE_FIXED_382_TARGETS,target_id,CHEMBL1927,dtiam,drugclip,720,-0.23625941439294887,0,0.0,0.1388888888888889
FIVE_FIXED_382_TARGETS,target_id,CHEMBL1927,dtiam,conplex,720,0.11009287271913296,0,0.0,0.1388888888888889
FIVE_FIXED_382_TARGETS,target_id,CHEMBL1927,dtiam,probematch,720,-0.13828953439005592,0,0.0,0.1388888888888889
FIVE_FIXED_382_TARGETS,target_id,CHEMBL1929,dtiam,biomaster,720,-0.06366555732425828,0,0.0,0.1388888888888889
FIVE_FIXED_382_TARGETS,target_id,CHEMBL1929,dtiam,drugclip,720,-0.1192774075571418,0,0.0,0.1388888888888889
FIVE_FIXED_382_TARGETS,target_id,CHEMBL1929,dtiam,conplex,720,0.11971582894469338,0,0.0,0.1388888888888889
FIVE_FIXED_382_TARGETS,target_id,CHEMBL1929,dtiam,probematch,720,-0.12989412858770222,0,0.0,0.1388888888888889
FIVE_FIXED_382_TARGETS,target_id,CHEMBL1930,dtiam,biomaster,720,-0.011219447878897167,0,0.0,0.1388888888888889
FIVE_FIXED_382_TARGETS,target_id,CHEMBL1930,dtiam,drugclip,720,-0.09040453552226771,0,0.0,0.1388888888888889
FIVE_FIXED_382_TARGETS,target_id,CHEMBL1930,dtiam,conplex,720,-0.05864064924063878,0,0.0,0.1388888888888889
FIVE_FIXED_382_TARGETS,target_id,CHEMBL1930,dtiam,probematch,720,-0.12594710979877685,0,0.0,0.1388888888888889
FIVE_FIXED_382_TARGETS,target_id,CHEMBL1935,dtiam,biomaster,720,-0.13776958413842016,0,0.0,0.1388888888888889
FIVE_FIXED_382_TARGETS,target_id,CHEMBL1935,dtiam,drugclip,720,0.1054664389795222,1,1.0,0.1388888888888889
FIVE_FIXED_382_TARGETS,target_id,CHEMBL1935,dtiam,conplex,720,-0.04856698104756155,1,1.0,0.1388888888888889
FIVE_FIXED_382_TARGETS,target_id,CHEMBL1935,dtiam,probematch,720,0.09906157386495837,0,0.0,0.1388888888888889
FIVE_FIXED_382_TARGETS,target_id,CHEMBL1936,dtiam,biomaster,720,0.0978688317023277,2,2.0,0.1388888888888889
FIVE_FIXED_382_TARGETS,target_id,CHEMBL1936,dtiam,drugclip,720,0.02354126405653043,1,1.0,0.1388888888888889
FIVE_FIXED_382_TARGETS,target_id,CHEMBL1936,dtiam,conplex,720,0.12462460265175172,3,3.0,0.1388888888888889
FIVE_FIXED_382_TARGETS,target_id,CHEMBL1936,dtiam,probematch,720,0.3055620554918666,0,0.0,0.1388888888888889
FIVE_FIXED_382_TARGETS,target_id,CHEMBL1937,dtiam,biomaster,720,-0.12803973876329805,4,4.0,0.1388888888888889
FIVE_FIXED_382_TARGETS,target_id,CHEMBL1937,dtiam,drugclip,720,0.05481822080257722,0,0.0,0.1388888888888889
FIVE_FIXED_382_TARGETS,target_id,CHEMBL1937,dtiam,conplex,720,0.14976309711356886,0,0.0,0.1388888888888889
FIVE_FIXED_382_TARGETS,target_id,CHEMBL1937,dtiam,probematch,720,0.06563503573225359,0,0.0,0.1388888888888889
FIVE_FIXED_382_TARGETS,target_id,CHEMBL1938222,dtiam,biomaster,720,-0.0936140327379297,0,0.0,0.1388888888888889
FIVE_FIXED_382_TARGETS,target_id,CHEMBL1938222,dtiam,drugclip,720,0.000658453617475713,0,0.0,0.1388888888888889
FIVE_FIXED_382_TARGETS,target_id,CHEMBL1938222,dtiam,conplex,720,0.10015008330611751,1,1.0,0.1388888888888889
FIVE_FIXED_382_TARGETS,target_id,CHEMBL1938222,dtiam,probematch,720,0.024860228908801664,3,3.0,0.1388888888888889
FIVE_FIXED_382_TARGETS,target_id,CHEMBL1944,dtiam,biomaster,720,0.07671713650978411,2,2.0,0.1388888888888889
FIVE_FIXED_382_TARGETS,target_id,CHEMBL1944,dtiam,drugclip,720,0.17234244195242585,1,1.0,0.1388888888888889
FIVE_FIXED_382_TARGETS,target_id,CHEMBL1944,dtiam,conplex,720,-0.0012488948544819602,1,1.0,0.1388888888888889
FIVE_FIXED_382_TARGETS,target_id,CHEMBL1944,dtiam,probematch,720,0.0849705309808617,0,0.0,0.1388888888888889
FIVE_FIXED_382_TARGETS,target_id,CHEMBL1947,dtiam,biomaster,720,-0.013300856308794207,0,0.0,0.1388888888888889
FIVE_FIXED_382_TARGETS,target_id,CHEMBL1947,dtiam,drugclip,720,0.3069035576838439,1,1.0,0.1388888888888889
FIVE_FIXED_382_TARGETS,target_id,CHEMBL1947,dtiam,conplex,720,0.0785286287103401,0,0.0,0.1388888888888889
FIVE_FIXED_382_TARGETS,target_id,CHEMBL1947,dtiam,probematch,720,0.33123511020486035,2,2.0,0.1388888888888889
FIVE_FIXED_382_TARGETS,target_id,CHEMBL1951,dtiam,biomaster,720,0.01921245516916037,0,0.0,0.1388888888888889
FIVE_FIXED_382_TARGETS,target_id,CHEMBL1951,dtiam,drugclip,720,-0.22618400183404525,0,0.0,0.1388888888888889
FIVE_FIXED_382_TARGETS,target_id,CHEMBL1951,dtiam,conplex,720,0.016694042525130338,2,2.0,0.1388888888888889
FIVE_FIXED_382_TARGETS,target_id,CHEMBL1951,dtiam,probematch,720,0.01177966625431002,1,1.0,0.1388888888888889
FIVE_FIXED_382_TARGETS,target_id,CHEMBL1952,dtiam,biomaster,720,-0.08616741920671186,1,1.0,0.1388888888888889
FIVE_FIXED_382_TARGETS,target_id,CHEMBL1952,dtiam,drugclip,720,-0.13988397883615256,0,0.0,0.1388888888888889
FIVE_FIXED_382_TARGETS,target_id,CHEMBL1952,dtiam,conplex,720,0.01387213574134187,0,0.0,0.1388888888888889
FIVE_FIXED_382_TARGETS,target_id,CHEMBL1952,dtiam,probematch,720,0.09481645285919589,0,0.0,0.1388888888888889
FIVE_FIXED_382_TARGETS,target_id,CHEMBL1957,dtiam,biomaster,720,-0.09543999128277598,2,2.0,0.1388888888888889
FIVE_FIXED_382_TARGETS,target_id,CHEMBL1957,dtiam,drugclip,720,0.17826194977936505,1,1.0,0.1388888888888889
FIVE_FIXED_382_TARGETS,target_id,CHEMBL1957,dtiam,conplex,720,0.14499105779079377,1,1.0,0.1388888888888889
FIVE_FIXED_382_TARGETS,target_id,CHEMBL1957,dtiam,probematch,720,0.16409554388488293,1,1.0,0.1388888888888889
FIVE_FIXED_382_TARGETS,target_id,CHEMBL1962,dtiam,biomaster,720,0.1839587687568403,0,0.0,0.1388888888888889
FIVE_FIXED_382_TARGETS,target_id,CHEMBL1962,dtiam,drugclip,720,0.05467121369015772,0,0.0,0.1388888888888889
FIVE_FIXED_382_TARGETS,target_id,CHEMBL1962,dtiam,conplex,720,-0.24509927980900678,0,0.0,0.1388888888888889
FIVE_FIXED_382_TARGETS,target_id,CHEMBL1962,dtiam,probematch,720,0.1796279504775564,0,0.0,0.1388888888888889
FIVE_FIXED_382_TARGETS,target_id,CHEMBL1964,dtiam,biomaster,720,0.008635691290175846,0,0.0,0.1388888888888889
FIVE_FIXED_382_TARGETS,target_id,CHEMBL1964,dtiam,drugclip,720,-0.016821294866777744,0,0.0,0.1388888888888889
FIVE_FIXED_382_TARGETS,target_id,CHEMBL1964,dtiam,conplex,720,0.007000754591212295,0,0.0,0.1388888888888889
FIVE_FIXED_382_TARGETS,target_id,CHEMBL1964,dtiam,probematch,720,-0.021822446288532252,0,0.0,0.1388888888888889
FIVE_FIXED_382_TARGETS,target_id,CHEMBL1966,dtiam,biomaster,720,-0.07127933618757569,0,0.0,0.1388888888888889
FIVE_FIXED_382_TARGETS,target_id,CHEMBL1966,dtiam,drugclip,720,0.25184583344026745,0,0.0,0.1388888888888889
FIVE_FIXED_382_TARGETS,target_id,CHEMBL1966,dtiam,conplex,720,-0.12521986826723913,0,0.0,0.1388888888888889
FIVE_FIXED_382_TARGETS,target_id,CHEMBL1966,dtiam,probematch,720,-0.008260449406610122,1,1.0,0.1388888888888889
FIVE_FIXED_382_TARGETS,target_id,CHEMBL1969,dtiam,biomaster,720,-0.06984085270426683,0,0.0,0.1388888888888889
FIVE_FIXED_382_TARGETS,target_id,CHEMBL1969,dtiam,drugclip,720,0.11751084663726981,1,1.0,0.1388888888888889
FIVE_FIXED_382_TARGETS,target_id,CHEMBL1969,dtiam,conplex,720,0.10763496633558704,1,1.0,0.1388888888888889
FIVE_FIXED_382_TARGETS,target_id,CHEMBL1969,dtiam,probematch,720,-0.07829015280051112,0,0.0,0.1388888888888889
FIVE_FIXED_382_TARGETS,target_id,CHEMBL1972,dtiam,biomaster,720,-0.036011936077321026,0,0.0,0.1388888888888889
FIVE_FIXED_382_TARGETS,target_id,CHEMBL1972,dtiam,drugclip,720,0.18468669910913038,0,0.0,0.1388888888888889
FIVE_FIXED_382_TARGETS,target_id,CHEMBL1972,dtiam,conplex,720,0.003271530060394,1,1.0,0.1388888888888889
FIVE_FIXED_382_TARGETS,target_id,CHEMBL1972,dtiam,probematch,720,0.2275680245880135,0,0.0,0.1388888888888889
FIVE_FIXED_382_TARGETS,target_id,CHEMBL1973,dtiam,biomaster,720,-0.1500960621954707,0,0.0,0.1388888888888889
FIVE_FIXED_382_TARGETS,target_id,CHEMBL1973,dtiam,drugclip,720,-0.0447855038030597,0,0.0,0.1388888888888889
FIVE_FIXED_382_TARGETS,target_id,CHEMBL1973,dtiam,conplex,720,0.013306212409058833,0,0.0,0.1388888888888889
FIVE_FIXED_382_TARGETS,target_id,CHEMBL1973,dtiam,probematch,720,-0.17602707194247638,1,1.0,0.1388888888888889
FIVE_FIXED_382_TARGETS,target_id,CHEMBL1974,dtiam,biomaster,720,0.09259118065986338,4,4.0,0.1388888888888889
FIVE_FIXED_382_TARGETS,target_id,CHEMBL1974,dtiam,drugclip,720,0.0028210094205999704,2,2.0,0.1388888888888889
FIVE_FIXED_382_TARGETS,target_id,CHEMBL1974,dtiam,conplex,720,0.1346619056364709,4,4.0,0.1388888888888889
FIVE_FIXED_382_TARGETS,target_id,CHEMBL1974,dtiam,probematch,720,0.28606147649510594,0,0.0,0.1388888888888889
FIVE_FIXED_382_TARGETS,target_id,CHEMBL1977,dtiam,biomaster,720,-0.006109644527398239,1,1.0,0.1388888888888889
FIVE_FIXED_382_TARGETS,target_id,CHEMBL1977,dtiam,drugclip,720,0.02027402495483116,0,0.0,0.1388888888888889
FIVE_FIXED_382_TARGETS,target_id,CHEMBL1977,dtiam,conplex,720,0.08918000921482357,1,1.0,0.1388888888888889
FIVE_FIXED_382_TARGETS,target_id,CHEMBL1977,dtiam,probematch,720,0.20023091774463825,0,0.0,0.1388888888888889
FIVE_FIXED_382_TARGETS,target_id,CHEMBL1978,dtiam,biomaster,720,0.18706975754331626,3,3.0,0.1388888888888889
FIVE_FIXED_382_TARGETS,target_id,CHEMBL1978,dtiam,drugclip,720,0.20327748057040668,0,0.0,0.1388888888888889
FIVE_FIXED_382_TARGETS,target_id,CHEMBL1978,dtiam,conplex,720,0.018927563898564106,1,1.0,0.1388888888888889
FIVE_FIXED_382_TARGETS,target_id,CHEMBL1978,dtiam,probematch,720,0.2372737091127732,0,0.0,0.1388888888888889
FIVE_FIXED_382_TARGETS,target_id,CHEMBL1980,dtiam,biomaster,720,0.18407582789217536,0,0.0,0.1388888888888889
FIVE_FIXED_382_TARGETS,target_id,CHEMBL1980,dtiam,drugclip,720,0.2296997143022473,3,3.0,0.1388888888888889
FIVE_FIXED_382_TARGETS,target_id,CHEMBL1980,dtiam,conplex,720,-0.006282920212339542,0,0.0,0.1388888888888889
FIVE_FIXED_382_TARGETS,target_id,CHEMBL1980,dtiam,probematch,720,-0.18529052941681917,0,0.0,0.1388888888888889
FIVE_FIXED_382_TARGETS,target_id,CHEMBL1981,dtiam,biomaster,720,-0.06534737013077044,1,1.0,0.1388888888888889
FIVE_FIXED_382_TARGETS,target_id,CHEMBL1981,dtiam,drugclip,720,0.036471299143969446,2,2.0,0.1388888888888889
FIVE_FIXED_382_TARGETS,target_id,CHEMBL1981,dtiam,conplex,720,0.1779539994168144,1,1.0,0.1388888888888889
FIVE_FIXED_382_TARGETS,target_id,CHEMBL1981,dtiam,probematch,720,0.02769533622306942,0,0.0,0.1388888888888889
FIVE_FIXED_382_TARGETS,target_id,CHEMBL1989,dtiam,biomaster,720,-0.17969443723720288,0,0.0,0.1388888888888889
FIVE_FIXED_382_TARGETS,target_id,CHEMBL1989,dtiam,drugclip,720,0.07109845876505581,0,0.0,0.1388888888888889
FIVE_FIXED_382_TARGETS,target_id,CHEMBL1989,dtiam,conplex,720,0.05244793692232365,2,2.0,0.1388888888888889
FIVE_FIXED_382_TARGETS,target_id,CHEMBL1989,dtiam,probematch,720,-0.20870071682002336,0,0.0,0.1388888888888889
FIVE_FIXED_382_TARGETS,target_id,CHEMBL1991,dtiam,biomaster,720,-0.04350296520740329,0,0.0,0.1388888888888889
FIVE_FIXED_382_TARGETS,target_id,CHEMBL1991,dtiam,drugclip,720,0.007399545535027108,1,1.0,0.1388888888888889
FIVE_FIXED_382_TARGETS,target_id,CHEMBL1991,dtiam,conplex,720,0.14771205184095682,2,2.0,0.1388888888888889
FIVE_FIXED_382_TARGETS,target_id,CHEMBL1991,dtiam,probematch,720,0.01574554681176261,0,0.0,0.1388888888888889
FIVE_FIXED_382_TARGETS,target_id,CHEMBL1993,dtiam,biomaster,720,-0.14583341856504092,0,0.0,0.1388888888888889
FIVE_FIXED_382_TARGETS,target_id,CHEMBL1993,dtiam,drugclip,720,0.16737355332724058,0,0.0,0.1388888888888889
FIVE_FIXED_382_TARGETS,target_id,CHEMBL1993,dtiam,conplex,720,0.10615748969499313,0,0.0,0.1388888888888889
FIVE_FIXED_382_TARGETS,target_id,CHEMBL1993,dtiam,probematch,720,-0.14862263136799564,0,0.0,0.1388888888888889
FIVE_FIXED_382_TARGETS,target_id,CHEMBL1994,dtiam,biomaster,720,0.17829490380675267,1,1.0,0.1388888888888889
FIVE_FIXED_382_TARGETS,target_id,CHEMBL1994,dtiam,drugclip,720,0.37456179281611834,0,0.0,0.1388888888888889
FIVE_FIXED_382_TARGETS,target_id,CHEMBL1994,dtiam,conplex,720,0.18230516377181835,1,1.0,0.1388888888888889
FIVE_FIXED_382_TARGETS,target_id,CHEMBL1994,dtiam,probematch,720,0.3590136474439194,0,0.0,0.1388888888888889
FIVE_FIXED_382_TARGETS,target_id,CHEMBL1997,dtiam,biomaster,720,0.0041893892388173625,0,0.0,0.1388888888888889
FIVE_FIXED_382_TARGETS,target_id,CHEMBL1997,dtiam,drugclip,720,-0.01563212065700788,0,0.0,0.1388888888888889
FIVE_FIXED_382_TARGETS,target_id,CHEMBL1997,dtiam,conplex,720,-0.08222480151225056,0,0.0,0.1388888888888889
FIVE_FIXED_382_TARGETS,target_id,CHEMBL1997,dtiam,probematch,720,0.3880972335745066,2,2.0,0.1388888888888889
FIVE_FIXED_382_TARGETS,target_id,CHEMBL1998,dtiam,biomaster,720,-0.019185256040214083,0,0.0,0.1388888888888889
FIVE_FIXED_382_TARGETS,target_id,CHEMBL1998,dtiam,drugclip,720,0.2922001297440257,0,0.0,0.1388888888888889
FIVE_FIXED_382_TARGETS,target_id,CHEMBL1998,dtiam,conplex,720,0.09848144053767177,0,0.0,0.1388888888888889
FIVE_FIXED_382_TARGETS,target_id,CHEMBL1998,dtiam,probematch,720,-0.18229793400190908,0,0.0,0.1388888888888889
FIVE_FIXED_382_TARGETS,target_id,CHEMBL2000,dtiam,biomaster,720,0.07129073345851122,1,1.0,0.1388888888888889
FIVE_FIXED_382_TARGETS,target_id,CHEMBL2000,dtiam,drugclip,720,-0.04872778606187568,1,1.0,0.1388888888888889
FIVE_FIXED_382_TARGETS,target_id,CHEMBL2000,dtiam,conplex,720,-0.1750799393523711,0,0.0,0.1388888888888889
FIVE_FIXED_382_TARGETS,target_id,CHEMBL2000,dtiam,probematch,720,-0.25772214737862587,0,0.0,0.1388888888888889
FIVE_FIXED_382_TARGETS,target_id,CHEMBL2003,dtiam,biomaster,720,-0.07082505286368557,3,3.0,0.1388888888888889
FIVE_FIXED_382_TARGETS,target_id,CHEMBL2003,dtiam,drugclip,720,0.20473012624792458,1,1.0,0.1388888888888889
FIVE_FIXED_382_TARGETS,target_id,CHEMBL2003,dtiam,conplex,720,0.08122916718134687,2,2.0,0.1388888888888889
FIVE_FIXED_382_TARGETS,target_id,CHEMBL2003,dtiam,probematch,720,0.28895718017178146,0,0.0,0.1388888888888889
FIVE_FIXED_382_TARGETS,target_id,CHEMBL2007,dtiam,biomaster,720,0.14984519363380652,1,1.0,0.1388888888888889
FIVE_FIXED_382_TARGETS,target_id,CHEMBL2007,dtiam,drugclip,720,0.10053723986341993,1,1.0,0.1388888888888889
FIVE_FIXED_382_TARGETS,target_id,CHEMBL2007,dtiam,conplex,720,0.15870223702773562,3,3.0,0.1388888888888889
FIVE_FIXED_382_TARGETS,target_id,CHEMBL2007,dtiam,probematch,720,0.30670877526928003,0,0.0,0.1388888888888889
FIVE_FIXED_382_TARGETS,target_id,CHEMBL2007625,dtiam,biomaster,720,-0.05133737530286479,0,0.0,0.1388888888888889
FIVE_FIXED_382_TARGETS,target_id,CHEMBL2007625,dtiam,drugclip,720,-0.019760569057861072,0,0.0,0.1388888888888889
FIVE_FIXED_382_TARGETS,target_id,CHEMBL2007625,dtiam,conplex,720,-0.014607445611895096,0,0.0,0.1388888888888889
FIVE_FIXED_382_TARGETS,target_id,CHEMBL2007625,dtiam,probematch,720,-0.03279809857512505,0,0.0,0.1388888888888889
FIVE_FIXED_382_TARGETS,target_id,CHEMBL2008,dtiam,biomaster,720,-0.05039103208710357,1,1.0,0.1388888888888889
FIVE_FIXED_382_TARGETS,target_id,CHEMBL2008,dtiam,drugclip,720,0.11065481750224446,1,1.0,0.1388888888888889
FIVE_FIXED_382_TARGETS,target_id,CHEMBL2008,dtiam,conplex,720,0.02610822733715001,0,0.0,0.1388888888888889
FIVE_FIXED_382_TARGETS,target_id,CHEMBL2008,dtiam,probematch,720,0.1593827160900673,0,0.0,0.1388888888888889
FIVE_FIXED_382_TARGETS,target_id,CHEMBL2012,dtiam,biomaster,720,-0.02342804687853474,0,0.0,0.1388888888888889
FIVE_FIXED_382_TARGETS,target_id,CHEMBL2012,dtiam,drugclip,720,0.17536942208176623,0,0.0,0.1388888888888889
FIVE_FIXED_382_TARGETS,target_id,CHEMBL2012,dtiam,conplex,720,0.05477532938999699,0,0.0,0.1388888888888889
FIVE_FIXED_382_TARGETS,target_id,CHEMBL2012,dtiam,probematch,720,0.021553380673695985,0,0.0,0.1388888888888889
FIVE_FIXED_382_TARGETS,target_id,CHEMBL202,dtiam,biomaster,720,-0.0782828386139446,0,0.0,0.1388888888888889
FIVE_FIXED_382_TARGETS,target_id,CHEMBL202,dtiam,drugclip,720,0.2499231347311193,3,3.0,0.1388888888888889
FIVE_FIXED_382_TARGETS,target_id,CHEMBL202,dtiam,conplex,720,-0.13363775079312498,0,0.0,0.1388888888888889
FIVE_FIXED_382_TARGETS,target_id,CHEMBL202,dtiam,probematch,720,-0.02020467682109931,1,1.0,0.1388888888888889
FIVE_FIXED_382_TARGETS,target_id,CHEMBL2023,dtiam,biomaster,720,-0.05210899787293026,1,1.0,0.1388888888888889
FIVE_FIXED_382_TARGETS,target_id,CHEMBL2023,dtiam,drugclip,720,-0.12265175528541856,0,0.0,0.1388888888888889
FIVE_FIXED_382_TARGETS,target_id,CHEMBL2023,dtiam,conplex,720,0.016764855523073094,1,1.0,0.1388888888888889
FIVE_FIXED_382_TARGETS,target_id,CHEMBL2023,dtiam,probematch,720,0.310803385120489,0,1.3333333333333333,0.1388888888888889
FIVE_FIXED_382_TARGETS,target_id,CHEMBL203,dtiam,biomaster,720,0.054840709916877374,4,4.0,0.1388888888888889
FIVE_FIXED_382_TARGETS,target_id,CHEMBL203,dtiam,drugclip,720,-0.02297013057406431,3,3.0,0.1388888888888889
FIVE_FIXED_382_TARGETS,target_id,CHEMBL203,dtiam,conplex,720,0.12836657701876392,1,1.0,0.1388888888888889
FIVE_FIXED_382_TARGETS,target_id,CHEMBL203,dtiam,probematch,720,0.22743718723262366,0,0.0,0.1388888888888889
FIVE_FIXED_382_TARGETS,target_id,CHEMBL2033,dtiam,biomaster,720,0.010411495412851671,0,0.0,0.1388888888888889
FIVE_FIXED_382_TARGETS,target_id,CHEMBL2033,dtiam,drugclip,720,0.03711821081429183,0,0.0,0.1388888888888889
FIVE_FIXED_382_TARGETS,target_id,CHEMBL2033,dtiam,conplex,720,0.011968623321140251,1,1.0,0.1388888888888889
FIVE_FIXED_382_TARGETS,target_id,CHEMBL2033,dtiam,probematch,720,-0.0976016147280522,0,0.0,0.1388888888888889
FIVE_FIXED_382_TARGETS,target_id,CHEMBL2034,dtiam,biomaster,720,0.23888800444387565,1,1.0,0.1388888888888889
FIVE_FIXED_382_TARGETS,target_id,CHEMBL2034,dtiam,drugclip,720,0.37887184202058033,1,1.0,0.1388888888888889
FIVE_FIXED_382_TARGETS,target_id,CHEMBL2034,dtiam,conplex,720,0.2016666586242787,1,1.0,0.1388888888888889
FIVE_FIXED_382_TARGETS,target_id,CHEMBL2034,dtiam,probematch,720,0.3539497459009406,0,0.9090909090909091,0.1388888888888889
FIVE_FIXED_382_TARGETS,target_id,CHEMBL2039,dtiam,biomaster,720,0.15346092559391394,0,0.0,0.1388888888888889
FIVE_FIXED_382_TARGETS,target_id,CHEMBL2039,dtiam,drugclip,720,0.06041006914647139,1,1.0,0.1388888888888889
FIVE_FIXED_382_TARGETS,target_id,CHEMBL2039,dtiam,conplex,720,0.04332229533398959,2,2.0,0.1388888888888889
FIVE_FIXED_382_TARGETS,target_id,CHEMBL2039,dtiam,probematch,720,0.12528147059581712,0,0.0,0.1388888888888889
FIVE_FIXED_382_TARGETS,target_id,CHEMBL204,dtiam,biomaster,720,-0.14097368010861766,1,1.0,0.1388888888888889
FIVE_FIXED_382_TARGETS,target_id,CHEMBL204,dtiam,drugclip,720,0.13310850220417084,1,1.0,0.1388888888888889
FIVE_FIXED_382_TARGETS,target_id,CHEMBL204,dtiam,conplex,720,-0.10623705870329399,1,1.0,0.1388888888888889
FIVE_FIXED_382_TARGETS,target_id,CHEMBL204,dtiam,probematch,720,0.22277122506051236,0,0.0,0.1388888888888889
FIVE_FIXED_382_TARGETS,target_id,CHEMBL2041,dtiam,biomaster,720,0.11048815049933955,3,3.0,0.1388888888888889
FIVE_FIXED_382_TARGETS,target_id,CHEMBL2041,dtiam,drugclip,720,0.08817779170384646,1,1.0,0.1388888888888889
FIVE_FIXED_382_TARGETS,target_id,CHEMBL2041,dtiam,conplex,720,0.18761899964312984,5,5.0,0.1388888888888889
FIVE_FIXED_382_TARGETS,target_id,CHEMBL2041,dtiam,probematch,720,0.20053159025711526,1,1.0,0.1388888888888889
FIVE_FIXED_382_TARGETS,target_id,CHEMBL2044,dtiam,biomaster,720,-0.04530014926004281,0,0.0,0.1388888888888889
FIVE_FIXED_382_TARGETS,target_id,CHEMBL2044,dtiam,drugclip,720,-0.096689640151586,0,0.0,0.1388888888888889
FIVE_FIXED_382_TARGETS,target_id,CHEMBL2044,dtiam,conplex,720,-0.012611228794149287,2,2.0,0.1388888888888889
FIVE_FIXED_382_TARGETS,target_id,CHEMBL2044,dtiam,probematch,720,-0.20235680934573722,0,0.0,0.1388888888888889
FIVE_FIXED_382_TARGETS,target_id,CHEMBL2046267,dtiam,biomaster,720,-0.04354906869547537,0,0.0,0.1388888888888889
FIVE_FIXED_382_TARGETS,target_id,CHEMBL2046267,dtiam,drugclip,720,0.11508909535239027,0,0.0,0.1388888888888889
FIVE_FIXED_382_TARGETS,target_id,CHEMBL2046267,dtiam,conplex,720,-0.01753723690648238,1,1.0,0.1388888888888889
FIVE_FIXED_382_TARGETS,target_id,CHEMBL2046267,dtiam,probematch,720,0.07777542696785145,1,1.0,0.1388888888888889
FIVE_FIXED_382_TARGETS,target_id,CHEMBL2047,dtiam,biomaster,720,-0.07246429871189407,0,0.0,0.1388888888888889
FIVE_FIXED_382_TARGETS,target_id,CHEMBL2047,dtiam,drugclip,720,0.20007393115480976,0,0.0,0.1388888888888889
FIVE_FIXED_382_TARGETS,target_id,CHEMBL2047,dtiam,conplex,720,0.07652169313155477,0,0.0,0.1388888888888889
FIVE_FIXED_382_TARGETS,target_id,CHEMBL2047,dtiam,probematch,720,0.24191241449595347,0,0.0,0.1388888888888889
FIVE_FIXED_382_TARGETS,target_id,CHEMBL205,dtiam,biomaster,720,0.028702089797329546,4,4.0,0.1388888888888889
FIVE_FIXED_382_TARGETS,target_id,CHEMBL205,dtiam,drugclip,720,-0.03215959420057034,0,0.0,0.1388888888888889
FIVE_FIXED_382_TARGETS,target_id,CHEMBL205,dtiam,conplex,720,0.09910613430300803,4,4.0,0.1388888888888889
FIVE_FIXED_382_TARGETS,target_id,CHEMBL205,dtiam,probematch,720,0.20433733524372433,1,1.0,0.1388888888888889
FIVE_FIXED_382_TARGETS,target_id,CHEMBL2055,dtiam,biomaster,720,-0.06556612057208314,3,3.0,0.1388888888888889
FIVE_FIXED_382_TARGETS,target_id,CHEMBL2055,dtiam,drugclip,720,0.10386620748471359,1,1.0,0.1388888888888889
FIVE_FIXED_382_TARGETS,target_id,CHEMBL2055,dtiam,conplex,720,0.034813118310826584,2,2.0,0.1388888888888889
FIVE_FIXED_382_TARGETS,target_id,CHEMBL2055,dtiam,probematch,720,0.1865429929336604,0,0.0,0.1388888888888889
FIVE_FIXED_382_TARGETS,target_id,CHEMBL206,dtiam,biomaster,720,0.023048930887359053,5,5.0,0.1388888888888889
FIVE_FIXED_382_TARGETS,target_id,CHEMBL206,dtiam,drugclip,720,0.32081155577820103,0,0.0,0.1388888888888889
FIVE_FIXED_382_TARGETS,target_id,CHEMBL206,dtiam,conplex,720,0.17239453522469364,3,3.0,0.1388888888888889
FIVE_FIXED_382_TARGETS,target_id,CHEMBL206,dtiam,probematch,720,0.2594215624583036,0,0.0,0.1388888888888889
FIVE_FIXED_382_TARGETS,target_id,CHEMBL2061,dtiam,biomaster,720,0.13710896037767747,1,1.0,0.1388888888888889
FIVE_FIXED_382_TARGETS,target_id,CHEMBL2061,dtiam,drugclip,720,0.21226430104118174,0,0.0,0.1388888888888889
FIVE_FIXED_382_TARGETS,target_id,CHEMBL2061,dtiam,conplex,720,0.1547953156178235,3,3.0,0.1388888888888889
FIVE_FIXED_382_TARGETS,target_id,CHEMBL2061,dtiam,probematch,720,0.2994242231221431,1,1.0,0.1388888888888889
FIVE_FIXED_382_TARGETS,target_id,CHEMBL2063,dtiam,biomaster,720,0.034936091571494035,0,0.0,0.1388888888888889
FIVE_FIXED_382_TARGETS,target_id,CHEMBL2063,dtiam,drugclip,720,-0.23929020432935796,0,0.0,0.1388888888888889
FIVE_FIXED_382_TARGETS,target_id,CHEMBL2063,dtiam,conplex,720,-0.029465486505740494,0,0.0,0.1388888888888889
FIVE_FIXED_382_TARGETS,target_id,CHEMBL2063,dtiam,probematch,720,-0.1393805698987519,0,0.0,0.1388888888888889
FIVE_FIXED_382_TARGETS,target_id,CHEMBL2068,dtiam,biomaster,720,0.0488296863446124,2,2.0,0.1388888888888889
FIVE_FIXED_382_TARGETS,target_id,CHEMBL2068,dtiam,drugclip,720,0.06571999176728045,1,1.0,0.1388888888888889
FIVE_FIXED_382_TARGETS,target_id,CHEMBL2068,dtiam,conplex,720,0.09166154702118237,3,3.0,0.1388888888888889
FIVE_FIXED_382_TARGETS,target_id,CHEMBL2068,dtiam,probematch,720,0.11277705686600861,1,1.0,0.1388888888888889
FIVE_FIXED_382_TARGETS,target_id,CHEMBL2072,dtiam,biomaster,720,0.12343802230375239,0,0.0,0.1388888888888889
FIVE_FIXED_382_TARGETS,target_id,CHEMBL2072,dtiam,drugclip,720,-0.02963295265778623,0,0.0,0.1388888888888889
FIVE_FIXED_382_TARGETS,target_id,CHEMBL2072,dtiam,conplex,720,0.015536922951444451,0,0.0,0.1388888888888889
FIVE_FIXED_382_TARGETS,target_id,CHEMBL2072,dtiam,probematch,720,0.1292655482064418,0,0.0,0.1388888888888889
FIVE_FIXED_382_TARGETS,target_id,CHEMBL2073,dtiam,biomaster,720,0.0770308910007851,3,3.0,0.1388888888888889
FIVE_FIXED_382_TARGETS,target_id,CHEMBL2073,dtiam,drugclip,720,-0.029411051489952565,0,0.0,0.1388888888888889
FIVE_FIXED_382_TARGETS,target_id,CHEMBL2073,dtiam,conplex,720,0.09249016914284879,3,3.0,0.1388888888888889
FIVE_FIXED_382_TARGETS,target_id,CHEMBL2073,dtiam,probematch,720,0.1029539435558118,0,0.0,0.1388888888888889
FIVE_FIXED_382_TARGETS,target_id,CHEMBL2074,dtiam,biomaster,720,-0.11038546253497257,0,0.0,0.1388888888888889
FIVE_FIXED_382_TARGETS,target_id,CHEMBL2074,dtiam,drugclip,720,0.03706116015907293,0,0.0,0.1388888888888889
FIVE_FIXED_382_TARGETS,target_id,CHEMBL2074,dtiam,conplex,720,0.15615145984768466,0,0.0,0.1388888888888889
FIVE_FIXED_382_TARGETS,target_id,CHEMBL2074,dtiam,probematch,720,-0.08637917696416425,0,0.0,0.1388888888888889
FIVE_FIXED_382_TARGETS,target_id,CHEMBL208,dtiam,biomaster,720,0.13712227058971502,0,0.0,0.1388888888888889
FIVE_FIXED_382_TARGETS,target_id,CHEMBL208,dtiam,drugclip,720,0.27767714519807407,0,0.0,0.1388888888888889
FIVE_FIXED_382_TARGETS,target_id,CHEMBL208,dtiam,conplex,720,0.23281360717631155,1,1.0,0.1388888888888889
FIVE_FIXED_382_TARGETS,target_id,CHEMBL208,dtiam,probematch,720,0.3193479493824142,1,1.1764705882352942,0.1388888888888889
FIVE_FIXED_382_TARGETS,target_id,CHEMBL2085,dtiam,biomaster,720,-0.05471443972900912,0,0.0,0.1388888888888889
FIVE_FIXED_382_TARGETS,target_id,CHEMBL2085,dtiam,drugclip,720,0.3194310070825531,0,0.0,0.1388888888888889
FIVE_FIXED_382_TARGETS,target_id,CHEMBL2085,dtiam,conplex,720,-0.11960171256088883,0,0.0,0.1388888888888889
FIVE_FIXED_382_TARGETS,target_id,CHEMBL2085,dtiam,probematch,720,-0.12587944955425265,0,0.0,0.1388888888888889
FIVE_FIXED_382_TARGETS,target_id,CHEMBL2118,dtiam,biomaster,720,0.018761354722061824,0,0.0,0.1388888888888889
FIVE_FIXED_382_TARGETS,target_id,CHEMBL2118,dtiam,drugclip,720,0.01955477517560907,0,0.0,0.1388888888888889
FIVE_FIXED_382_TARGETS,target_id,CHEMBL2118,dtiam,conplex,720,-0.054008720446713766,0,0.0,0.1388888888888889
FIVE_FIXED_382_TARGETS,target_id,CHEMBL2118,dtiam,probematch,720,0.05631733969627934,1,1.0,0.1388888888888889
FIVE_FIXED_382_TARGETS,target_id,CHEMBL2146302,dtiam,biomaster,720,-0.033413390454290606,0,0.0,0.1388888888888889
FIVE_FIXED_382_TARGETS,target_id,CHEMBL2146302,dtiam,drugclip,720,0.02311212224426677,0,0.0,0.1388888888888889
FIVE_FIXED_382_TARGETS,target_id,CHEMBL2146302,dtiam,conplex,720,0.07653716248129522,2,2.0,0.1388888888888889
FIVE_FIXED_382_TARGETS,target_id,CHEMBL2146302,dtiam,probematch,720,-0.22769143157270313,0,0.0,0.1388888888888889
FIVE_FIXED_382_TARGETS,target_id,CHEMBL2148,dtiam,biomaster,720,0.04897590577540167,3,3.0,0.1388888888888889
FIVE_FIXED_382_TARGETS,target_id,CHEMBL2148,dtiam,drugclip,720,0.09823407485172996,2,2.0,0.1388888888888889
FIVE_FIXED_382_TARGETS,target_id,CHEMBL2148,dtiam,conplex,720,0.15361088590906707,4,4.0,0.1388888888888889
FIVE_FIXED_382_TARGETS,target_id,CHEMBL2148,dtiam,probematch,720,0.1432360625020235,0,0.0,0.1388888888888889
FIVE_FIXED_382_TARGETS,target_id,CHEMBL215,dtiam,biomaster,720,0.07191512386426283,0,0.0,0.1388888888888889
FIVE_FIXED_382_TARGETS,target_id,CHEMBL215,dtiam,drugclip,720,0.0840652576869512,0,0.0,0.1388888888888889
FIVE_FIXED_382_TARGETS,target_id,CHEMBL215,dtiam,conplex,720,-0.032626598951418895,2,2.0,0.1388888888888889
FIVE_FIXED_382_TARGETS,target_id,CHEMBL215,dtiam,probematch,720,0.2443372843765734,0,0.0,0.1388888888888889
FIVE_FIXED_382_TARGETS,target_id,CHEMBL2176771,dtiam,biomaster,720,-0.004480654615518186,2,2.0,0.1388888888888889
FIVE_FIXED_382_TARGETS,target_id,CHEMBL2176771,dtiam,drugclip,720,0.05642247108121357,1,1.0,0.1388888888888889
FIVE_FIXED_382_TARGETS,target_id,CHEMBL2176771,dtiam,conplex,720,-0.12947016995541605,1,1.0,0.1388888888888889
FIVE_FIXED_382_TARGETS,target_id,CHEMBL2176771,dtiam,probematch,720,-0.19408673093307577,0,0.0,0.1388888888888889
FIVE_FIXED_382_TARGETS,target_id,CHEMBL2179,dtiam,biomaster,720,-0.0739077172617434,2,2.0,0.1388888888888889
FIVE_FIXED_382_TARGETS,target_id,CHEMBL2179,dtiam,drugclip,720,-0.04883531264197126,0,0.0,0.1388888888888889
FIVE_FIXED_382_TARGETS,target_id,CHEMBL2179,dtiam,conplex,720,0.0021539751502263555,0,0.0,0.1388888888888889
FIVE_FIXED_382_TARGETS,target_id,CHEMBL2179,dtiam,probematch,720,0.16073487609675588,2,2.0,0.1388888888888889
FIVE_FIXED_382_TARGETS,target_id,CHEMBL2185,dtiam,biomaster,720,-0.008248393254017881,2,2.0,0.1388888888888889
FIVE_FIXED_382_TARGETS,target_id,CHEMBL2185,dtiam,drugclip,720,0.08104092995493713,1,1.0,0.1388888888888889
FIVE_FIXED_382_TARGETS,target_id,CHEMBL2185,dtiam,conplex,720,0.048699820984686004,1,1.0,0.1388888888888889
FIVE_FIXED_382_TARGETS,target_id,CHEMBL2185,dtiam,probematch,720,0.06446676073407566,1,1.0,0.1388888888888889
FIVE_FIXED_382_TARGETS,target_id,CHEMBL2189110,dtiam,biomaster,720,-0.061187928869037546,0,0.0,0.1388888888888889
FIVE_FIXED_382_TARGETS,target_id,CHEMBL2189110,dtiam,drugclip,720,0.026882545231472363,0,0.0,0.1388888888888889
FIVE_FIXED_382_TARGETS,target_id,CHEMBL2189110,dtiam,conplex,720,0.1105255587503865,0,0.0,0.1388888888888889
FIVE_FIXED_382_TARGETS,target_id,CHEMBL2189110,dtiam,probematch,720,0.15724915983104418,1,1.0,0.1388888888888889
FIVE_FIXED_382_TARGETS,target_id,CHEMBL2189121,dtiam,biomaster,720,-0.07674441601440697,0,0.0,0.1388888888888889
FIVE_FIXED_382_TARGETS,target_id,CHEMBL2189121,dtiam,drugclip,720,-0.07984151588397413,2,2.0,0.1388888888888889
FIVE_FIXED_382_TARGETS,target_id,CHEMBL2189121,dtiam,conplex,720,0.17644090836126605,0,0.0,0.1388888888888889
FIVE_FIXED_382_TARGETS,target_id,CHEMBL2189121,dtiam,probematch,720,-0.11346549061083942,0,0.0,0.1388888888888889
FIVE_FIXED_382_TARGETS,target_id,CHEMBL220,dtiam,biomaster,720,0.028133962365166593,0,0.0,0.1388888888888889
FIVE_FIXED_382_TARGETS,target_id,CHEMBL220,dtiam,drugclip,720,-0.07602669337303943,0,0.0,0.1388888888888889
FIVE_FIXED_382_TARGETS,target_id,CHEMBL220,dtiam,conplex,720,-0.13172271554972523,0,0.0,0.1388888888888889
FIVE_FIXED_382_TARGETS,target_id,CHEMBL220,dtiam,probematch,720,0.34089340249038863,0,0.0,0.1388888888888889
FIVE_FIXED_382_TARGETS,target_id,CHEMBL2208,dtiam,biomaster,720,-0.10091952265625188,0,0.0,0.1388888888888889
FIVE_FIXED_382_TARGETS,target_id,CHEMBL2208,dtiam,drugclip,720,0.11968815941460963,0,0.0,0.1388888888888889
FIVE_FIXED_382_TARGETS,target_id,CHEMBL2208,dtiam,conplex,720,0.16052937060795783,2,2.0,0.1388888888888889
FIVE_FIXED_382_TARGETS,target_id,CHEMBL2208,dtiam,probematch,720,-0.03130749950313778,0,0.0,0.1388888888888889
FIVE_FIXED_382_TARGETS,target_id,CHEMBL2216739,dtiam,biomaster,720,-0.07960693143438005,0,0.0,0.1388888888888889
FIVE_FIXED_382_TARGETS,target_id,CHEMBL2216739,dtiam,drugclip,720,0.038199440490448024,0,0.0,0.1388888888888889
FIVE_FIXED_382_TARGETS,target_id,CHEMBL2216739,dtiam,conplex,720,-0.0008686636037264539,0,0.0,0.1388888888888889
FIVE_FIXED_382_TARGETS,target_id,CHEMBL2216739,dtiam,probematch,720,-0.02338853419594019,1,1.0,0.1388888888888889
FIVE_FIXED_382_TARGETS,target_id,CHEMBL222,dtiam,biomaster,720,0.35447443233251896,3,3.0,0.1388888888888889
FIVE_FIXED_382_TARGETS,target_id,CHEMBL222,dtiam,drugclip,720,0.45090325341368337,1,1.0,0.1388888888888889
FIVE_FIXED_382_TARGETS,target_id,CHEMBL222,dtiam,conplex,720,0.12693375208614416,1,1.0,0.1388888888888889
FIVE_FIXED_382_TARGETS,target_id,CHEMBL222,dtiam,probematch,720,0.3232590135810651,0,0.0,0.1388888888888889
FIVE_FIXED_382_TARGETS,target_id,CHEMBL2243,dtiam,biomaster,720,0.061201271231345715,1,1.0,0.1388888888888889
FIVE_FIXED_382_TARGETS,target_id,CHEMBL2243,dtiam,drugclip,720,0.07486995878632725,0,0.0,0.1388888888888889
FIVE_FIXED_382_TARGETS,target_id,CHEMBL2243,dtiam,conplex,720,-0.06355585160077515,0,0.0,0.1388888888888889
FIVE_FIXED_382_TARGETS,target_id,CHEMBL2243,dtiam,probematch,720,-0.06683250365675195,0,0.0,0.1388888888888889
FIVE_FIXED_382_TARGETS,target_id,CHEMBL2252,dtiam,biomaster,720,-0.1866029677641541,0,0.0,0.1388888888888889
FIVE_FIXED_382_TARGETS,target_id,CHEMBL2252,dtiam,drugclip,720,0.24953861749447911,1,1.0,0.1388888888888889
FIVE_FIXED_382_TARGETS,target_id,CHEMBL2252,dtiam,conplex,720,0.08571854210353819,0,0.0,0.1388888888888889
FIVE_FIXED_382_TARGETS,target_id,CHEMBL2252,dtiam,probematch,720,0.14515437619929583,1,1.0,0.1388888888888889
FIVE_FIXED_382_TARGETS,target_id,CHEMBL2276,dtiam,biomaster,720,-0.02651027724793919,0,0.0,0.1388888888888889
FIVE_FIXED_382_TARGETS,target_id,CHEMBL2276,dtiam,drugclip,720,0.010527863317368326,2,2.0,0.1388888888888889
FIVE_FIXED_382_TARGETS,target_id,CHEMBL2276,dtiam,conplex,720,0.18927649599685553,2,2.0,0.1388888888888889
FIVE_FIXED_382_TARGETS,target_id,CHEMBL2276,dtiam,probematch,720,-0.01575226621832263,0,0.0,0.1388888888888889
FIVE_FIXED_382_TARGETS,target_id,CHEMBL228,dtiam,biomaster,720,0.37909748869494153,3,3.0,0.1388888888888889
FIVE_FIXED_382_TARGETS,target_id,CHEMBL228,dtiam,drugclip,720,0.5489225001571165,0,0.0,0.1388888888888889
FIVE_FIXED_382_TARGETS,target_id,CHEMBL228,dtiam,conplex,720,0.14925579344236056,1,1.0,0.1388888888888889
FIVE_FIXED_382_TARGETS,target_id,CHEMBL228,dtiam,probematch,720,0.3532982091488619,0,0.0,0.1388888888888889
FIVE_FIXED_382_TARGETS,target_id,CHEMBL2285,dtiam,biomaster,720,-0.08438552260775314,0,0.0,0.1388888888888889
FIVE_FIXED_382_TARGETS,target_id,CHEMBL2285,dtiam,drugclip,720,-0.16293469406353114,0,0.0,0.1388888888888889
FIVE_FIXED_382_TARGETS,target_id,CHEMBL2285,dtiam,conplex,720,-0.06348331581854101,0,0.0,0.1388888888888889
FIVE_FIXED_382_TARGETS,target_id,CHEMBL2285,dtiam,probematch,720,-0.043064869544771386,0,0.0,0.1388888888888889
FIVE_FIXED_382_TARGETS,target_id,CHEMBL2292,dtiam,biomaster,720,-0.11519077058323263,0,0.0,0.1388888888888889
FIVE_FIXED_382_TARGETS,target_id,CHEMBL2292,dtiam,drugclip,720,0.050547475303950665,1,1.0,0.1388888888888889
FIVE_FIXED_382_TARGETS,target_id,CHEMBL2292,dtiam,conplex,720,0.17007229871110727,3,3.0,0.1388888888888889
FIVE_FIXED_382_TARGETS,target_id,CHEMBL2292,dtiam,probematch,720,0.04366260737617728,1,1.0,0.1388888888888889
FIVE_FIXED_382_TARGETS,target_id,CHEMBL230,dtiam,biomaster,720,0.0861655705661511,2,2.0,0.1388888888888889
FIVE_FIXED_382_TARGETS,target_id,CHEMBL230,dtiam,drugclip,720,0.11621832538258525,0,0.0,0.1388888888888889
FIVE_FIXED_382_TARGETS,target_id,CHEMBL230,dtiam,conplex,720,0.03172445369721845,2,2.0,0.1388888888888889
FIVE_FIXED_382_TARGETS,target_id,CHEMBL230,dtiam,probematch,720,0.13774668763981013,0,0.0,0.1388888888888889
FIVE_FIXED_382_TARGETS,target_id,CHEMBL2321613,dtiam,biomaster,720,0.1532768813697378,0,0.0,0.1388888888888889
FIVE_FIXED_382_TARGETS,target_id,CHEMBL2321613,dtiam,drugclip,720,0.0949189639970744,0,0.0,0.1388888888888889
FIVE_FIXED_382_TARGETS,target_id,CHEMBL2321613,dtiam,conplex,720,-0.010932826642659196,0,0.0,0.1388888888888889
FIVE_FIXED_382_TARGETS,target_id,CHEMBL2321613,dtiam,probematch,720,0.20803684588194782,0,0.0,0.1388888888888889
FIVE_FIXED_382_TARGETS,target_id,CHEMBL2321614,dtiam,biomaster,720,0.12073055156385434,0,0.0,0.1388888888888889
FIVE_FIXED_382_TARGETS,target_id,CHEMBL2321614,dtiam,drugclip,720,-0.08918107304887939,0,0.0,0.1388888888888889
FIVE_FIXED_382_TARGETS,target_id,CHEMBL2321614,dtiam,conplex,720,0.02586705738357655,0,0.0,0.1388888888888889
FIVE_FIXED_382_TARGETS,target_id,CHEMBL2321614,dtiam,probematch,720,0.18604149543800996,0,0.0,0.1388888888888889
FIVE_FIXED_382_TARGETS,target_id,CHEMBL2321615,dtiam,biomaster,720,0.11292020685355719,0,0.0,0.1388888888888889
FIVE_FIXED_382_TARGETS,target_id,CHEMBL2321615,dtiam,drugclip,720,-0.09588257190815969,0,0.0,0.1388888888888889
FIVE_FIXED_382_TARGETS,target_id,CHEMBL2321615,dtiam,conplex,720,0.007104768362165636,0,0.0,0.1388888888888889
FIVE_FIXED_382_TARGETS,target_id,CHEMBL2321615,dtiam,probematch,720,-0.0003974416454302758,0,0.0,0.1388888888888889
FIVE_FIXED_382_TARGETS,target_id,CHEMBL2326,dtiam,biomaster,720,0.02691212348044469,4,4.0,0.1388888888888889
FIVE_FIXED_382_TARGETS,target_id,CHEMBL2326,dtiam,drugclip,720,0.09588077149300483,0,0.0,0.1388888888888889
FIVE_FIXED_382_TARGETS,target_id,CHEMBL2326,dtiam,conplex,720,0.05190527753755038,5,5.0,0.1388888888888889
FIVE_FIXED_382_TARGETS,target_id,CHEMBL2326,dtiam,probematch,720,0.07524476664123958,2,2.0,0.1388888888888889
FIVE_FIXED_382_TARGETS,target_id,CHEMBL2331041,dtiam,biomaster,720,0.059694162995394005,0,0.0,0.1388888888888889
FIVE_FIXED_382_TARGETS,target_id,CHEMBL2331041,dtiam,drugclip,720,0.15188011286256112,2,2.0,0.1388888888888889
FIVE_FIXED_382_TARGETS,target_id,CHEMBL2331041,dtiam,conplex,720,0.0031277742162500225,0,0.0,0.1388888888888889
FIVE_FIXED_382_TARGETS,target_id,CHEMBL2331041,dtiam,probematch,720,-0.13154125794429217,1,1.0,0.1388888888888889
FIVE_FIXED_382_TARGETS,target_id,CHEMBL2331042,dtiam,biomaster,720,0.017837564921142007,0,0.0,0.1388888888888889
FIVE_FIXED_382_TARGETS,target_id,CHEMBL2331042,dtiam,drugclip,720,0.07459163389355182,0,0.0,0.1388888888888889
FIVE_FIXED_382_TARGETS,target_id,CHEMBL2331042,dtiam,conplex,720,0.07828256517709223,0,0.0,0.1388888888888889
FIVE_FIXED_382_TARGETS,target_id,CHEMBL2331042,dtiam,probematch,720,0.17874992658686714,0,0.0,0.1388888888888889
FIVE_FIXED_382_TARGETS,target_id,CHEMBL2331059,dtiam,biomaster,720,-0.10916196791131365,0,0.0,0.1388888888888889
FIVE_FIXED_382_TARGETS,target_id,CHEMBL2331059,dtiam,drugclip,720,-0.1756514603307985,0,0.0,0.1388888888888889
FIVE_FIXED_382_TARGETS,target_id,CHEMBL2331059,dtiam,conplex,720,0.014536182267425125,1,1.0,0.1388888888888889
FIVE_FIXED_382_TARGETS,target_id,CHEMBL2331059,dtiam,probematch,720,-0.04695571137059202,1,1.0,0.1388888888888889
FIVE_FIXED_382_TARGETS,target_id,CHEMBL2331065,dtiam,biomaster,720,-0.1278689243754829,0,0.0,0.1388888888888889
FIVE_FIXED_382_TARGETS,target_id,CHEMBL2331065,dtiam,drugclip,720,0.16306990202663232,0,0.0,0.1388888888888889
FIVE_FIXED_382_TARGETS,target_id,CHEMBL2331065,dtiam,conplex,720,0.05803534727866037,2,2.0,0.1388888888888889
FIVE_FIXED_382_TARGETS,target_id,CHEMBL2331065,dtiam,probematch,720,-0.1301586184237822,0,0.0,0.1388888888888889
FIVE_FIXED_382_TARGETS,target_id,CHEMBL2337,dtiam,biomaster,720,0.20470107847841754,1,1.0,0.1388888888888889
FIVE_FIXED_382_TARGETS,target_id,CHEMBL2337,dtiam,drugclip,720,0.3187129629384794,0,0.0,0.1388888888888889
FIVE_FIXED_382_TARGETS,target_id,CHEMBL2337,dtiam,conplex,720,0.06215865805963669,1,1.0,0.1388888888888889
FIVE_FIXED_382_TARGETS,target_id,CHEMBL2337,dtiam,probematch,720,0.058132077796678526,0,0.0,0.1388888888888889
FIVE_FIXED_382_TARGETS,target_id,CHEMBL235,dtiam,biomaster,720,0.04717288644864424,0,0.0,0.1388888888888889
FIVE_FIXED_382_TARGETS,target_id,CHEMBL235,dtiam,drugclip,720,-0.13672386443616608,2,2.0,0.1388888888888889
FIVE_FIXED_382_TARGETS,target_id,CHEMBL235,dtiam,conplex,720,0.08331482694942369,0,0.0,0.1388888888888889
FIVE_FIXED_382_TARGETS,target_id,CHEMBL235,dtiam,probematch,720,0.3342241477091521,1,1.0,0.1388888888888889
FIVE_FIXED_382_TARGETS,target_id,CHEMBL2362986,dtiam,biomaster,720,-0.08548398482896279,0,0.0,0.1388888888888889
FIVE_FIXED_382_TARGETS,target_id,CHEMBL2362986,dtiam,drugclip,720,0.010332984451992528,0,0.0,0.1388888888888889
FIVE_FIXED_382_TARGETS,target_id,CHEMBL2362986,dtiam,conplex,720,0.08114413814509887,1,1.0,0.1388888888888889
FIVE_FIXED_382_TARGETS,target_id,CHEMBL2362986,dtiam,probematch,720,-0.12167576952014379,1,1.0,0.1388888888888889
FIVE_FIXED_382_TARGETS,target_id,CHEMBL2362990,dtiam,biomaster,720,-0.034186250809775026,0,0.0,0.1388888888888889
FIVE_FIXED_382_TARGETS,target_id,CHEMBL2362990,dtiam,drugclip,720,0.1101766143770115,0,0.0,0.1388888888888889
FIVE_FIXED_382_TARGETS,target_id,CHEMBL2362990,dtiam,conplex,720,0.22012174696980139,2,2.0,0.1388888888888889
FIVE_FIXED_382_TARGETS,target_id,CHEMBL2362990,dtiam,probematch,720,0.027729881688852858,0,0.0,0.1388888888888889
FIVE_FIXED_382_TARGETS,target_id,CHEMBL238,dtiam,biomaster,720,0.295874407346936,5,5.0,0.1388888888888889
FIVE_FIXED_382_TARGETS,target_id,CHEMBL238,dtiam,drugclip,720,0.13099886574649053,0,0.0,0.1388888888888889
FIVE_FIXED_382_TARGETS,target_id,CHEMBL238,dtiam,conplex,720,0.10130788323339458,1,1.0,0.1388888888888889
FIVE_FIXED_382_TARGETS,target_id,CHEMBL238,dtiam,probematch,720,0.29824038566699307,0,0.0,0.1388888888888889
FIVE_FIXED_382_TARGETS,target_id,CHEMBL239,dtiam,biomaster,720,0.05338089472901076,0,0.0,0.1388888888888889
FIVE_FIXED_382_TARGETS,target_id,CHEMBL239,dtiam,drugclip,720,0.058195365604398114,0,0.0,0.1388888888888889
FIVE_FIXED_382_TARGETS,target_id,CHEMBL239,dtiam,conplex,720,0.09206832550817658,0,0.0,0.1388888888888889
FIVE_FIXED_382_TARGETS,target_id,CHEMBL239,dtiam,probematch,720,0.27938718818778563,0,0.0,0.1388888888888889
FIVE_FIXED_382_TARGETS,target_id,CHEMBL240,dtiam,biomaster,720,0.2738832203630437,1,1.0,0.1388888888888889
FIVE_FIXED_382_TARGETS,target_id,CHEMBL240,dtiam,drugclip,720,0.2035653540935569,0,0.0,0.1388888888888889
FIVE_FIXED_382_TARGETS,target_id,CHEMBL240,dtiam,conplex,720,0.06929377422507918,1,1.0,0.1388888888888889
FIVE_FIXED_382_TARGETS,target_id,CHEMBL240,dtiam,probematch,720,0.06123104698224879,1,1.4,0.1388888888888889
FIVE_FIXED_382_TARGETS,target_id,CHEMBL2409,dtiam,biomaster,720,0.14248598061327486,1,1.0,0.1388888888888889
FIVE_FIXED_382_TARGETS,target_id,CHEMBL2409,dtiam,drugclip,720,0.28074825157384325,0,0.0,0.1388888888888889
FIVE_FIXED_382_TARGETS,target_id,CHEMBL2409,dtiam,conplex,720,0.04256280813164998,0,0.0,0.1388888888888889
FIVE_FIXED_382_TARGETS,target_id,CHEMBL2409,dtiam,probematch,720,0.17876179291034647,1,1.0,0.1388888888888889
FIVE_FIXED_382_TARGETS,target_id,CHEMBL241,dtiam,biomaster,720,-0.042814852965278705,0,0.0,0.1388888888888889
FIVE_FIXED_382_TARGETS,target_id,CHEMBL241,dtiam,drugclip,720,0.14614235051544858,0,0.0,0.1388888888888889
FIVE_FIXED_382_TARGETS,target_id,CHEMBL241,dtiam,conplex,720,0.0432959895842201,2,2.0,0.1388888888888889
FIVE_FIXED_382_TARGETS,target_id,CHEMBL241,dtiam,probematch,720,0.3250498932854466,1,1.0,0.1388888888888889
FIVE_FIXED_382_TARGETS,target_id,CHEMBL242,dtiam,biomaster,720,0.07822601301062006,5,5.0,0.1388888888888889
FIVE_FIXED_382_TARGETS,target_id,CHEMBL242,dtiam,drugclip,720,0.30743540353560983,3,3.0,0.1388888888888889
FIVE_FIXED_382_TARGETS,target_id,CHEMBL242,dtiam,conplex,720,0.1417721816449467,3,3.0,0.1388888888888889
FIVE_FIXED_382_TARGETS,target_id,CHEMBL242,dtiam,probematch,720,0.2836841844169125,0,0.0,0.1388888888888889
FIVE_FIXED_382_TARGETS,target_id,CHEMBL2431,dtiam,biomaster,720,-0.16496448532412147,0,0.0,0.1388888888888889
FIVE_FIXED_382_TARGETS,target_id,CHEMBL2431,dtiam,drugclip,720,0.21245570767733035,2,2.0,0.1388888888888889
FIVE_FIXED_382_TARGETS,target_id,CHEMBL2431,dtiam,conplex,720,0.1527225484812818,2,2.0,0.1388888888888889
FIVE_FIXED_382_TARGETS,target_id,CHEMBL2431,dtiam,probematch,720,0.05941175501824957,1,1.0,0.1388888888888889
FIVE_FIXED_382_TARGETS,target_id,CHEMBL2435,dtiam,biomaster,720,-0.09156888972311732,0,0.0,0.1388888888888889
FIVE_FIXED_382_TARGETS,target_id,CHEMBL2435,dtiam,drugclip,720,0.02224572067640738,0,0.0,0.1388888888888889
FIVE_FIXED_382_TARGETS,target_id,CHEMBL2435,dtiam,conplex,720,0.1341370155209441,0,0.0,0.1388888888888889
FIVE_FIXED_382_TARGETS,target_id,CHEMBL2435,dtiam,probematch,720,0.2570836912294771,0,0.0,0.1388888888888889
FIVE_FIXED_382_TARGETS,target_id,CHEMBL2439,dtiam,biomaster,720,-0.140369753350117,0,0.0,0.1388888888888889
FIVE_FIXED_382_TARGETS,target_id,CHEMBL2439,dtiam,drugclip,720,0.06405599021069294,0,0.0,0.1388888888888889
FIVE_FIXED_382_TARGETS,target_id,CHEMBL2439,dtiam,conplex,720,-0.05201095254536482,1,1.0,0.1388888888888889
FIVE_FIXED_382_TARGETS,target_id,CHEMBL2439,dtiam,probematch,720,0.05157612321250444,0,0.0,0.1388888888888889
FIVE_FIXED_382_TARGETS,target_id,CHEMBL244,dtiam,biomaster,720,0.07474026459463774,3,3.0,0.1388888888888889
FIVE_FIXED_382_TARGETS,target_id,CHEMBL244,dtiam,drugclip,720,0.20701670171997358,2,2.0,0.1388888888888889
FIVE_FIXED_382_TARGETS,target_id,CHEMBL244,dtiam,conplex,720,-0.1644169518554379,0,0.0,0.1388888888888889
FIVE_FIXED_382_TARGETS,target_id,CHEMBL244,dtiam,probematch,720,0.38383297251368653,1,1.0,0.1388888888888889
FIVE_FIXED_382_TARGETS,target_id,CHEMBL2476,dtiam,biomaster,720,0.04495112628346709,0,0.0,0.1388888888888889
FIVE_FIXED_382_TARGETS,target_id,CHEMBL2476,dtiam,drugclip,720,0.3874448242079079,1,1.0,0.1388888888888889
FIVE_FIXED_382_TARGETS,target_id,CHEMBL2476,dtiam,conplex,720,0.09716762506487173,0,0.0,0.1388888888888889
FIVE_FIXED_382_TARGETS,target_id,CHEMBL2476,dtiam,probematch,720,-0.10511584027838831,1,1.0,0.1388888888888889
FIVE_FIXED_382_TARGETS,target_id,CHEMBL248,dtiam,biomaster,720,0.016230051390037508,0,0.0,0.1388888888888889
FIVE_FIXED_382_TARGETS,target_id,CHEMBL248,dtiam,drugclip,720,-0.14044823216070554,0,0.0,0.1388888888888889
FIVE_FIXED_382_TARGETS,target_id,CHEMBL248,dtiam,conplex,720,-0.15040204563204468,0,0.0,0.1388888888888889
FIVE_FIXED_382_TARGETS,target_id,CHEMBL248,dtiam,probematch,720,0.07033243034207859,0,0.0,0.1388888888888889
FIVE_FIXED_382_TARGETS,target_id,CHEMBL2492,dtiam,biomaster,720,-0.061541244268039,0,0.0,0.1388888888888889
FIVE_FIXED_382_TARGETS,target_id,CHEMBL2492,dtiam,drugclip,720,0.16925636962568205,0,0.0,0.1388888888888889
FIVE_FIXED_382_TARGETS,target_id,CHEMBL2492,dtiam,conplex,720,-0.1119216545881919,0,0.0,0.1388888888888889
FIVE_FIXED_382_TARGETS,target_id,CHEMBL2492,dtiam,probematch,720,0.24677562720416799,1,1.0,0.1388888888888889
FIVE_FIXED_382_TARGETS,target_id,CHEMBL2508,dtiam,biomaster,720,-0.07257979855910392,1,1.0,0.1388888888888889
FIVE_FIXED_382_TARGETS,target_id,CHEMBL2508,dtiam,drugclip,720,0.030271633858829358,1,1.0,0.1388888888888889
FIVE_FIXED_382_TARGETS,target_id,CHEMBL2508,dtiam,conplex,720,0.1770426782260404,2,2.0,0.1388888888888889
FIVE_FIXED_382_TARGETS,target_id,CHEMBL2508,dtiam,probematch,720,0.003956846331407786,0,0.0,0.1388888888888889
FIVE_FIXED_382_TARGETS,target_id,CHEMBL2524,dtiam,biomaster,720,-0.17964638865775814,0,0.0,0.1388888888888889
FIVE_FIXED_382_TARGETS,target_id,CHEMBL2524,dtiam,drugclip,720,0.08282544680095154,1,1.0,0.1388888888888889
FIVE_FIXED_382_TARGETS,target_id,CHEMBL2524,dtiam,conplex,720,0.07438990136527947,0,0.0,0.1388888888888889
FIVE_FIXED_382_TARGETS,target_id,CHEMBL2524,dtiam,probematch,720,-0.16669569702144443,0,0.0,0.1388888888888889
FIVE_FIXED_382_TARGETS,target_id,CHEMBL2527,dtiam,biomaster,720,-0.0454337497096129,0,0.0,0.1388888888888889
FIVE_FIXED_382_TARGETS,target_id,CHEMBL2527,dtiam,drugclip,720,-0.11317938535257345,1,1.0,0.1388888888888889
FIVE_FIXED_382_TARGETS,target_id,CHEMBL2527,dtiam,conplex,720,0.13536822230566004,3,3.0,0.1388888888888889
FIVE_FIXED_382_TARGETS,target_id,CHEMBL2527,dtiam,probematch,720,0.06423755886403121,0,0.0,0.1388888888888889
FIVE_FIXED_382_TARGETS,target_id,CHEMBL2534,dtiam,biomaster,720,-0.10388434910988954,0,0.0,0.1388888888888889
FIVE_FIXED_382_TARGETS,target_id,CHEMBL2534,dtiam,drugclip,720,-0.10750629327481724,0,0.0,0.1388888888888889
FIVE_FIXED_382_TARGETS,target_id,CHEMBL2534,dtiam,conplex,720,0.18931415555476638,2,2.0,0.1388888888888889
FIVE_FIXED_382_TARGETS,target_id,CHEMBL2534,dtiam,probematch,720,0.022796535187840337,1,1.0,0.1388888888888889
FIVE_FIXED_382_TARGETS,target_id,CHEMBL258,dtiam,biomaster,720,0.11357505873311952,4,4.0,0.1388888888888889
FIVE_FIXED_382_TARGETS,target_id,CHEMBL258,dtiam,drugclip,720,0.00047270542895658837,2,2.0,0.1388888888888889
FIVE_FIXED_382_TARGETS,target_id,CHEMBL258,dtiam,conplex,720,0.02505044074010311,4,4.0,0.1388888888888889
FIVE_FIXED_382_TARGETS,target_id,CHEMBL258,dtiam,probematch,720,0.24515643915787638,0,0.0,0.1388888888888889
FIVE_FIXED_382_TARGETS,target_id,CHEMBL2599,dtiam,biomaster,720,-0.06740497137544887,3,3.0,0.1388888888888889
FIVE_FIXED_382_TARGETS,target_id,CHEMBL2599,dtiam,drugclip,720,-0.04507347377702176,0,0.0,0.1388888888888889
FIVE_FIXED_382_TARGETS,target_id,CHEMBL2599,dtiam,conplex,720,0.16820361692813435,2,2.0,0.1388888888888889
FIVE_FIXED_382_TARGETS,target_id,CHEMBL2599,dtiam,probematch,720,0.1665434547693303,2,2.0,0.1388888888888889
FIVE_FIXED_382_TARGETS,target_id,CHEMBL260,dtiam,biomaster,720,0.02657459386431868,0,0.0,0.1388888888888889
FIVE_FIXED_382_TARGETS,target_id,CHEMBL260,dtiam,drugclip,720,0.0092784877258586,0,0.0,0.1388888888888889
FIVE_FIXED_382_TARGETS,target_id,CHEMBL260,dtiam,conplex,720,0.12381756940659575,1,1.0,0.1388888888888889
FIVE_FIXED_382_TARGETS,target_id,CHEMBL260,dtiam,probematch,720,0.28724964945755993,0,0.0,0.1388888888888889
FIVE_FIXED_382_TARGETS,target_id,CHEMBL2608,dtiam,biomaster,720,-0.13308340891795029,1,1.0,0.1388888888888889
FIVE_FIXED_382_TARGETS,target_id,CHEMBL2608,dtiam,drugclip,720,0.03320140764494386,1,1.0,0.1388888888888889
FIVE_FIXED_382_TARGETS,target_id,CHEMBL2608,dtiam,conplex,720,0.12937752130325844,0,0.0,0.1388888888888889
FIVE_FIXED_382_TARGETS,target_id,CHEMBL2608,dtiam,probematch,720,0.08268168686586486,0,0.0,0.1388888888888889
FIVE_FIXED_382_TARGETS,target_id,CHEMBL261,dtiam,biomaster,720,0.04398576582133522,0,0.0,0.1388888888888889
FIVE_FIXED_382_TARGETS,target_id,CHEMBL261,dtiam,drugclip,720,-0.022102314394297547,0,0.0,0.1388888888888889
FIVE_FIXED_382_TARGETS,target_id,CHEMBL261,dtiam,conplex,720,0.07463078997595736,0,0.0,0.1388888888888889
FIVE_FIXED_382_TARGETS,target_id,CHEMBL261,dtiam,probematch,720,0.026881661099030257,0,0.0,0.1388888888888889
FIVE_FIXED_382_TARGETS,target_id,CHEMBL262,dtiam,biomaster,720,-0.10017043742589252,0,0.0,0.1388888888888889
FIVE_FIXED_382_TARGETS,target_id,CHEMBL262,dtiam,drugclip,720,0.06037026711144124,0,0.0,0.1388888888888889
FIVE_FIXED_382_TARGETS,target_id,CHEMBL262,dtiam,conplex,720,0.1674326763244367,0,0.0,0.1388888888888889
FIVE_FIXED_382_TARGETS,target_id,CHEMBL262,dtiam,probematch,720,0.0036628642568393953,0,0.0,0.1388888888888889
FIVE_FIXED_382_TARGETS,target_id,CHEMBL2637,dtiam,biomaster,720,-0.04087577369324859,0,0.0,0.1388888888888889
FIVE_FIXED_382_TARGETS,target_id,CHEMBL2637,dtiam,drugclip,720,0.18081714076246155,2,2.0,0.1388888888888889
FIVE_FIXED_382_TARGETS,target_id,CHEMBL2637,dtiam,conplex,720,0.19377966311971628,2,2.0,0.1388888888888889
FIVE_FIXED_382_TARGETS,target_id,CHEMBL2637,dtiam,probematch,720,-0.04437361061098479,0,0.0,0.1388888888888889
FIVE_FIXED_382_TARGETS,target_id,CHEMBL267,dtiam,biomaster,720,0.09319636857227814,1,1.0,0.1388888888888889
FIVE_FIXED_382_TARGETS,target_id,CHEMBL267,dtiam,drugclip,720,-0.22149382390488287,0,0.0,0.1388888888888889
FIVE_FIXED_382_TARGETS,target_id,CHEMBL267,dtiam,conplex,720,0.08726040687257734,3,3.0,0.1388888888888889
FIVE_FIXED_382_TARGETS,target_id,CHEMBL267,dtiam,probematch,720,0.17644481648380453,0,0.0,0.1388888888888889
FIVE_FIXED_382_TARGETS,target_id,CHEMBL268,dtiam,biomaster,720,0.005953924691640146,1,1.0,0.1388888888888889
FIVE_FIXED_382_TARGETS,target_id,CHEMBL268,dtiam,drugclip,720,0.31107508744733076,3,3.0,0.1388888888888889
FIVE_FIXED_382_TARGETS,target_id,CHEMBL268,dtiam,conplex,720,0.02983414864963913,0,0.0,0.1388888888888889
FIVE_FIXED_382_TARGETS,target_id,CHEMBL268,dtiam,probematch,720,0.2259525311977723,0,0.0,0.1388888888888889
FIVE_FIXED_382_TARGETS,target_id,CHEMBL2689,dtiam,biomaster,720,-0.11112593149280525,1,1.0,0.1388888888888889
FIVE_FIXED_382_TARGETS,target_id,CHEMBL2689,dtiam,drugclip,720,-0.0024143406475011548,0,0.0,0.1388888888888889
FIVE_FIXED_382_TARGETS,target_id,CHEMBL2689,dtiam,conplex,720,0.15440021602033968,2,2.0,0.1388888888888889
FIVE_FIXED_382_TARGETS,target_id,CHEMBL2689,dtiam,probematch,720,0.20410785776003407,0,0.0,0.1388888888888889
FIVE_FIXED_382_TARGETS,target_id,CHEMBL2695,dtiam,biomaster,720,-0.031368504641643195,2,2.0,0.1388888888888889
FIVE_FIXED_382_TARGETS,target_id,CHEMBL2695,dtiam,drugclip,720,-0.007370433464978806,1,1.0,0.1388888888888889
FIVE_FIXED_382_TARGETS,target_id,CHEMBL2695,dtiam,conplex,720,0.13781411488878229,3,3.0,0.1388888888888889
FIVE_FIXED_382_TARGETS,target_id,CHEMBL2695,dtiam,probematch,720,0.11581750795873966,2,2.0,0.1388888888888889
FIVE_FIXED_382_TARGETS,target_id,CHEMBL2706,dtiam,biomaster,720,-0.038974937168123454,1,1.0,0.1388888888888889
FIVE_FIXED_382_TARGETS,target_id,CHEMBL2706,dtiam,drugclip,720,0.04898167674897833,0,0.0,0.1388888888888889
FIVE_FIXED_382_TARGETS,target_id,CHEMBL2706,dtiam,conplex,720,0.16134097734719655,0,0.0,0.1388888888888889
FIVE_FIXED_382_TARGETS,target_id,CHEMBL2706,dtiam,probematch,720,-0.304479459429209,0,0.0,0.1388888888888889
FIVE_FIXED_382_TARGETS,target_id,CHEMBL2722,dtiam,biomaster,720,0.06788614840071439,0,0.0,0.1388888888888889
FIVE_FIXED_382_TARGETS,target_id,CHEMBL2722,dtiam,drugclip,720,0.15866975168875186,0,0.0,0.1388888888888889
FIVE_FIXED_382_TARGETS,target_id,CHEMBL2722,dtiam,conplex,720,0.011461179303000573,0,0.0,0.1388888888888889
FIVE_FIXED_382_TARGETS,target_id,CHEMBL2722,dtiam,probematch,720,0.05805951463588446,0,0.0,0.1388888888888889
FIVE_FIXED_382_TARGETS,target_id,CHEMBL2742,dtiam,biomaster,720,0.08238567932424729,3,3.0,0.1388888888888889
FIVE_FIXED_382_TARGETS,target_id,CHEMBL2742,dtiam,drugclip,720,-0.07499794901367379,1,1.0,0.1388888888888889
FIVE_FIXED_382_TARGETS,target_id,CHEMBL2742,dtiam,conplex,720,0.10414535741775029,3,3.0,0.1388888888888889
FIVE_FIXED_382_TARGETS,target_id,CHEMBL2742,dtiam,probematch,720,0.18623052783476307,0,0.0,0.1388888888888889
FIVE_FIXED_382_TARGETS,target_id,CHEMBL2755,dtiam,biomaster,720,-0.11293065478390565,0,0.0,0.1388888888888889
FIVE_FIXED_382_TARGETS,target_id,CHEMBL2755,dtiam,drugclip,720,0.2124536500600105,0,0.0,0.1388888888888889
FIVE_FIXED_382_TARGETS,target_id,CHEMBL2755,dtiam,conplex,720,0.1205930062695736,0,0.0,0.1388888888888889
FIVE_FIXED_382_TARGETS,target_id,CHEMBL2755,dtiam,probematch,720,-0.11688409318662749,0,0.0,0.1388888888888889
FIVE_FIXED_382_TARGETS,target_id,CHEMBL2778,dtiam,biomaster,720,0.05938261079793065,0,0.0,0.1388888888888889
FIVE_FIXED_382_TARGETS,target_id,CHEMBL2778,dtiam,drugclip,720,-0.06066624250278821,0,0.0,0.1388888888888889
FIVE_FIXED_382_TARGETS,target_id,CHEMBL2778,dtiam,conplex,720,0.002728432802928541,0,0.0,0.1388888888888889
FIVE_FIXED_382_TARGETS,target_id,CHEMBL2778,dtiam,probematch,720,-0.013785971742210919,0,0.0,0.1388888888888889
FIVE_FIXED_382_TARGETS,target_id,CHEMBL2782,dtiam,biomaster,720,0.02060372598006069,0,0.0,0.1388888888888889
FIVE_FIXED_382_TARGETS,target_id,CHEMBL2782,dtiam,drugclip,720,0.0910780836918005,1,1.0,0.1388888888888889
FIVE_FIXED_382_TARGETS,target_id,CHEMBL2782,dtiam,conplex,720,-0.012148197809713391,0,0.0,0.1388888888888889
FIVE_FIXED_382_TARGETS,target_id,CHEMBL2782,dtiam,probematch,720,0.23689161731446165,0,0.0,0.1388888888888889
FIVE_FIXED_382_TARGETS,target_id,CHEMBL279,dtiam,biomaster,720,0.12382626996704668,1,1.0,0.1388888888888889
FIVE_FIXED_382_TARGETS,target_id,CHEMBL279,dtiam,drugclip,720,-0.029486025921043275,1,1.0,0.1388888888888889
FIVE_FIXED_382_TARGETS,target_id,CHEMBL279,dtiam,conplex,720,0.19152444852240832,3,3.0,0.1388888888888889
FIVE_FIXED_382_TARGETS,target_id,CHEMBL279,dtiam,probematch,720,0.28583505131653497,1,1.0,0.1388888888888889
FIVE_FIXED_382_TARGETS,target_id,CHEMBL280,dtiam,biomaster,720,0.06502950040512982,0,0.0,0.1388888888888889
FIVE_FIXED_382_TARGETS,target_id,CHEMBL280,dtiam,drugclip,720,0.02794448474525531,1,1.0,0.1388888888888889
FIVE_FIXED_382_TARGETS,target_id,CHEMBL280,dtiam,conplex,720,-0.08528480803695793,1,1.0,0.1388888888888889
FIVE_FIXED_382_TARGETS,target_id,CHEMBL280,dtiam,probematch,720,0.05778577115667268,0,0.0,0.1388888888888889
FIVE_FIXED_382_TARGETS,target_id,CHEMBL2808,dtiam,biomaster,720,-0.055387843222324096,0,0.0,0.1388888888888889
FIVE_FIXED_382_TARGETS,target_id,CHEMBL2808,dtiam,drugclip,720,-0.006813767604292631,0,0.0,0.1388888888888889
FIVE_FIXED_382_TARGETS,target_id,CHEMBL2808,dtiam,conplex,720,0.0609081315727845,0,0.0,0.1388888888888889
FIVE_FIXED_382_TARGETS,target_id,CHEMBL2808,dtiam,probematch,720,0.2948696976848953,1,1.0,0.1388888888888889
FIVE_FIXED_382_TARGETS,target_id,CHEMBL2815,dtiam,biomaster,720,0.014964423836728318,2,2.0,0.1388888888888889
FIVE_FIXED_382_TARGETS,target_id,CHEMBL2815,dtiam,drugclip,720,0.06094479244745799,1,1.0,0.1388888888888889
FIVE_FIXED_382_TARGETS,target_id,CHEMBL2815,dtiam,conplex,720,0.16175173052284816,3,3.0,0.1388888888888889
FIVE_FIXED_382_TARGETS,target_id,CHEMBL2815,dtiam,probematch,720,0.25660066022516637,2,2.0,0.1388888888888889
FIVE_FIXED_382_TARGETS,target_id,CHEMBL2820,dtiam,biomaster,720,0.0646395497727545,1,1.0,0.1388888888888889
FIVE_FIXED_382_TARGETS,target_id,CHEMBL2820,dtiam,drugclip,720,-0.017823000848550197,1,1.0,0.1388888888888889
FIVE_FIXED_382_TARGETS,target_id,CHEMBL2820,dtiam,conplex,720,-0.174763696573831,0,0.0,0.1388888888888889
FIVE_FIXED_382_TARGETS,target_id,CHEMBL2820,dtiam,probematch,720,-0.17952822033808669,0,0.0,0.1388888888888889
FIVE_FIXED_382_TARGETS,target_id,CHEMBL2821,dtiam,biomaster,720,-0.05105771617385854,0,0.0,0.1388888888888889
FIVE_FIXED_382_TARGETS,target_id,CHEMBL2821,dtiam,drugclip,720,0.057762880163989755,0,0.0,0.1388888888888889
FIVE_FIXED_382_TARGETS,target_id,CHEMBL2821,dtiam,conplex,720,-0.16981541515366352,0,0.0,0.1388888888888889
FIVE_FIXED_382_TARGETS,target_id,CHEMBL2821,dtiam,probematch,720,-0.1785663646167503,0,0.0,0.1388888888888889
FIVE_FIXED_382_TARGETS,target_id,CHEMBL283,dtiam,biomaster,720,-0.014427851895180945,0,0.0,0.1388888888888889
FIVE_FIXED_382_TARGETS,target_id,CHEMBL283,dtiam,drugclip,720,0.3038469028547193,0,0.0,0.1388888888888889
FIVE_FIXED_382_TARGETS,target_id,CHEMBL283,dtiam,conplex,720,-0.03541289677304354,0,0.0,0.1388888888888889
FIVE_FIXED_382_TARGETS,target_id,CHEMBL283,dtiam,probematch,720,0.16356924921359456,0,0.0,0.1388888888888889
FIVE_FIXED_382_TARGETS,target_id,CHEMBL2835,dtiam,biomaster,720,-0.009280802545343391,3,3.0,0.1388888888888889
FIVE_FIXED_382_TARGETS,target_id,CHEMBL2835,dtiam,drugclip,720,0.125106524898227,1,1.0,0.1388888888888889
FIVE_FIXED_382_TARGETS,target_id,CHEMBL2835,dtiam,conplex,720,0.11836212810269547,3,3.0,0.1388888888888889
FIVE_FIXED_382_TARGETS,target_id,CHEMBL2835,dtiam,probematch,720,0.19206420095157514,2,2.0,0.1388888888888889
FIVE_FIXED_382_TARGETS,target_id,CHEMBL284,dtiam,biomaster,720,0.07963816542228941,3,3.0,0.1388888888888889
FIVE_FIXED_382_TARGETS,target_id,CHEMBL284,dtiam,drugclip,720,0.07067386621608518,0,0.0,0.1388888888888889
FIVE_FIXED_382_TARGETS,target_id,CHEMBL284,dtiam,conplex,720,0.14407805071993265,2,2.0,0.1388888888888889
FIVE_FIXED_382_TARGETS,target_id,CHEMBL284,dtiam,probematch,720,0.25106606755228617,0,0.8108108108108109,0.1388888888888889
FIVE_FIXED_382_TARGETS,target_id,CHEMBL2842,dtiam,biomaster,720,-0.0019044373554348087,0,0.0,0.1388888888888889
FIVE_FIXED_382_TARGETS,target_id,CHEMBL2842,dtiam,drugclip,720,-0.03986689820112741,0,0.0,0.1388888888888889
FIVE_FIXED_382_TARGETS,target_id,CHEMBL2842,dtiam,conplex,720,0.11028870085783442,0,0.0,0.1388888888888889
FIVE_FIXED_382_TARGETS,target_id,CHEMBL2842,dtiam,probematch,720,0.25319473019448785,1,1.0,0.1388888888888889
FIVE_FIXED_382_TARGETS,target_id,CHEMBL2850,dtiam,biomaster,720,-0.12414793242935875,0,0.0,0.1388888888888889
FIVE_FIXED_382_TARGETS,target_id,CHEMBL2850,dtiam,drugclip,720,-0.0131972199114439,0,0.0,0.1388888888888889
FIVE_FIXED_382_TARGETS,target_id,CHEMBL2850,dtiam,conplex,720,0.1884946468033929,2,2.0,0.1388888888888889
FIVE_FIXED_382_TARGETS,target_id,CHEMBL2850,dtiam,probematch,720,-0.10469973540086193,1,1.0,0.1388888888888889
FIVE_FIXED_382_TARGETS,target_id,CHEMBL286,dtiam,biomaster,720,0.07783816822097046,0,0.0,0.1388888888888889
FIVE_FIXED_382_TARGETS,target_id,CHEMBL286,dtiam,drugclip,720,-0.2162441830414902,0,0.0,0.1388888888888889
FIVE_FIXED_382_TARGETS,target_id,CHEMBL286,dtiam,conplex,720,-0.0028273671211369797,1,1.0,0.1388888888888889
FIVE_FIXED_382_TARGETS,target_id,CHEMBL286,dtiam,probematch,720,0.1611645750919299,2,2.0,0.1388888888888889
FIVE_FIXED_382_TARGETS,target_id,CHEMBL2872,dtiam,biomaster,720,0.04321007658933993,2,2.0,0.1388888888888889
FIVE_FIXED_382_TARGETS,target_id,CHEMBL2872,dtiam,drugclip,720,-0.16784850927514072,1,1.0,0.1388888888888889
FIVE_FIXED_382_TARGETS,target_id,CHEMBL2872,dtiam,conplex,720,0.13979638091355603,3,3.0,0.1388888888888889
FIVE_FIXED_382_TARGETS,target_id,CHEMBL2872,dtiam,probematch,720,0.19108778583971786,3,3.0,0.1388888888888889
FIVE_FIXED_382_TARGETS,target_id,CHEMBL2873,dtiam,biomaster,720,-0.032034867225691946,1,1.0,0.1388888888888889
FIVE_FIXED_382_TARGETS,target_id,CHEMBL2873,dtiam,drugclip,720,-0.1886470337449007,0,0.0,0.1388888888888889
FIVE_FIXED_382_TARGETS,target_id,CHEMBL2873,dtiam,conplex,720,0.17188575997186448,3,3.0,0.1388888888888889
FIVE_FIXED_382_TARGETS,target_id,CHEMBL2873,dtiam,probematch,720,-0.05585964844370327,2,2.0,0.1388888888888889
FIVE_FIXED_382_TARGETS,target_id,CHEMBL288,dtiam,biomaster,720,0.013548172265554633,1,1.0,0.1388888888888889
FIVE_FIXED_382_TARGETS,target_id,CHEMBL288,dtiam,drugclip,720,0.07658716904079432,0,0.0,0.1388888888888889
FIVE_FIXED_382_TARGETS,target_id,CHEMBL288,dtiam,conplex,720,0.137647574788331,0,0.0,0.1388888888888889
FIVE_FIXED_382_TARGETS,target_id,CHEMBL288,dtiam,probematch,720,0.21226777497652533,2,2.0,0.1388888888888889
FIVE_FIXED_382_TARGETS,target_id,CHEMBL2954,dtiam,biomaster,720,-0.11224447155801837,0,0.0,0.1388888888888889
FIVE_FIXED_382_TARGETS,target_id,CHEMBL2954,dtiam,drugclip,720,0.27374970028915013,2,2.0,0.1388888888888889
FIVE_FIXED_382_TARGETS,target_id,CHEMBL2954,dtiam,conplex,720,0.003590771509987123,0,0.0,0.1388888888888889
FIVE_FIXED_382_TARGETS,target_id,CHEMBL2954,dtiam,probematch,720,0.1824675909799819,1,1.0,0.1388888888888889
FIVE_FIXED_382_TARGETS,target_id,CHEMBL2959,dtiam,biomaster,720,-0.003851506000671246,3,3.0,0.1388888888888889
FIVE_FIXED_382_TARGETS,target_id,CHEMBL2959,dtiam,drugclip,720,0.013156212241265421,1,1.0,0.1388888888888889
FIVE_FIXED_382_TARGETS,target_id,CHEMBL2959,dtiam,conplex,720,0.12315626703087096,4,4.0,0.1388888888888889
FIVE_FIXED_382_TARGETS,target_id,CHEMBL2959,dtiam,probematch,720,0.058919003895560096,0,0.0,0.1388888888888889
FIVE_FIXED_382_TARGETS,target_id,CHEMBL2964,dtiam,biomaster,720,0.01119011075671871,5,5.0,0.1388888888888889
FIVE_FIXED_382_TARGETS,target_id,CHEMBL2964,dtiam,drugclip,720,0.08871200060050309,0,0.0,0.1388888888888889
FIVE_FIXED_382_TARGETS,target_id,CHEMBL2964,dtiam,conplex,720,0.1760897280486536,0,0.0,0.1388888888888889
FIVE_FIXED_382_TARGETS,target_id,CHEMBL2964,dtiam,probematch,720,0.11047455093486638,2,2.0,0.1388888888888889
FIVE_FIXED_382_TARGETS,target_id,CHEMBL2971,dtiam,biomaster,720,-0.006193074529439814,4,4.0,0.1388888888888889
FIVE_FIXED_382_TARGETS,target_id,CHEMBL2971,dtiam,drugclip,720,0.04694751305158339,0,0.0,0.1388888888888889
FIVE_FIXED_382_TARGETS,target_id,CHEMBL2971,dtiam,conplex,720,0.12105858990101066,3,3.0,0.1388888888888889
FIVE_FIXED_382_TARGETS,target_id,CHEMBL2971,dtiam,probematch,720,0.15993929867960066,0,0.0,0.1388888888888889
FIVE_FIXED_382_TARGETS,target_id,CHEMBL2973,dtiam,biomaster,720,-0.07293190890915215,2,2.0,0.1388888888888889
FIVE_FIXED_382_TARGETS,target_id,CHEMBL2973,dtiam,drugclip,720,0.053913078158618205,0,0.0,0.1388888888888889
FIVE_FIXED_382_TARGETS,target_id,CHEMBL2973,dtiam,conplex,720,0.12731067928830495,0,0.0,0.1388888888888889
FIVE_FIXED_382_TARGETS,target_id,CHEMBL2973,dtiam,probematch,720,-0.17080044146181392,1,1.0,0.1388888888888889
FIVE_FIXED_382_TARGETS,target_id,CHEMBL2998,dtiam,biomaster,720,0.09015863490207086,0,0.0,0.1388888888888889
FIVE_FIXED_382_TARGETS,target_id,CHEMBL2998,dtiam,drugclip,720,0.0726539537422549,0,0.0,0.1388888888888889
FIVE_FIXED_382_TARGETS,target_id,CHEMBL2998,dtiam,conplex,720,-0.08560514219012985,0,0.0,0.1388888888888889
FIVE_FIXED_382_TARGETS,target_id,CHEMBL2998,dtiam,probematch,720,0.006595274418154878,0,0.0,0.1388888888888889
FIVE_FIXED_382_TARGETS,target_id,CHEMBL3004,dtiam,biomaster,720,-0.1248817945065786,0,0.0,0.1388888888888889
FIVE_FIXED_382_TARGETS,target_id,CHEMBL3004,dtiam,drugclip,720,-0.10362655936749654,1,1.0,0.1388888888888889
FIVE_FIXED_382_TARGETS,target_id,CHEMBL3004,dtiam,conplex,720,-0.015325787158908625,0,0.0,0.1388888888888889
FIVE_FIXED_382_TARGETS,target_id,CHEMBL3004,dtiam,probematch,720,-0.0024594474771839473,1,1.0,0.1388888888888889
FIVE_FIXED_382_TARGETS,target_id,CHEMBL3009,dtiam,biomaster,720,0.07552494017457578,5,5.0,0.1388888888888889
FIVE_FIXED_382_TARGETS,target_id,CHEMBL3009,dtiam,drugclip,720,0.13031401675683407,0,0.0,0.1388888888888889
FIVE_FIXED_382_TARGETS,target_id,CHEMBL3009,dtiam,conplex,720,0.08999645585252282,3,3.0,0.1388888888888889
FIVE_FIXED_382_TARGETS,target_id,CHEMBL3009,dtiam,probematch,720,0.2042880921771415,0,0.0,0.1388888888888889
FIVE_FIXED_382_TARGETS,target_id,CHEMBL301,dtiam,biomaster,720,-0.054011490136992434,0,0.0,0.1388888888888889
FIVE_FIXED_382_TARGETS,target_id,CHEMBL301,dtiam,drugclip,720,0.21935022068629031,1,1.0,0.1388888888888889
FIVE_FIXED_382_TARGETS,target_id,CHEMBL301,dtiam,conplex,720,0.2140229378730965,1,1.0,0.1388888888888889
FIVE_FIXED_382_TARGETS,target_id,CHEMBL301,dtiam,probematch,720,0.007991544543126963,0,0.0,0.1388888888888889
FIVE_FIXED_382_TARGETS,target_id,CHEMBL3023,dtiam,biomaster,720,0.004504494041184466,0,0.0,0.1388888888888889
FIVE_FIXED_382_TARGETS,target_id,CHEMBL3023,dtiam,drugclip,720,-0.23523380468496888,0,0.0,0.1388888888888889
FIVE_FIXED_382_TARGETS,target_id,CHEMBL3023,dtiam,conplex,720,0.054911345042480735,1,1.0,0.1388888888888889
FIVE_FIXED_382_TARGETS,target_id,CHEMBL3023,dtiam,probematch,720,0.020100606395095606,2,2.0,0.1388888888888889
FIVE_FIXED_382_TARGETS,target_id,CHEMBL3024,dtiam,biomaster,720,-0.05109880421971357,1,1.0,0.1388888888888889
FIVE_FIXED_382_TARGETS,target_id,CHEMBL3024,dtiam,drugclip,720,0.06013986219702804,1,1.0,0.1388888888888889
FIVE_FIXED_382_TARGETS,target_id,CHEMBL3024,dtiam,conplex,720,0.1433640621591764,2,2.0,0.1388888888888889
FIVE_FIXED_382_TARGETS,target_id,CHEMBL3024,dtiam,probematch,720,0.19212690020559195,0,0.0,0.1388888888888889
FIVE_FIXED_382_TARGETS,target_id,CHEMBL3026,dtiam,biomaster,720,0.14460040746127784,0,0.0,0.1388888888888889
FIVE_FIXED_382_TARGETS,target_id,CHEMBL3026,dtiam,drugclip,720,-0.11895151633898098,0,0.0,0.1388888888888889
FIVE_FIXED_382_TARGETS,target_id,CHEMBL3026,dtiam,conplex,720,-0.2071093518753497,0,0.0,0.1388888888888889
FIVE_FIXED_382_TARGETS,target_id,CHEMBL3026,dtiam,probematch,720,0.2106965785504357,0,0.0,0.1388888888888889
FIVE_FIXED_382_TARGETS,target_id,CHEMBL3028,dtiam,biomaster,720,-0.08068415840184379,0,0.0,0.1388888888888889
FIVE_FIXED_382_TARGETS,target_id,CHEMBL3028,dtiam,drugclip,720,0.20381357025789476,0,0.0,0.1388888888888889
FIVE_FIXED_382_TARGETS,target_id,CHEMBL3028,dtiam,conplex,720,0.12751392869065478,0,0.0,0.1388888888888889
FIVE_FIXED_382_TARGETS,target_id,CHEMBL3028,dtiam,probematch,720,-0.1094291045099126,0,0.0,0.1388888888888889
FIVE_FIXED_382_TARGETS,target_id,CHEMBL3045,dtiam,biomaster,720,-0.14876587689875234,0,0.0,0.1388888888888889
FIVE_FIXED_382_TARGETS,target_id,CHEMBL3045,dtiam,drugclip,720,-0.01850961810309086,0,0.0,0.1388888888888889
FIVE_FIXED_382_TARGETS,target_id,CHEMBL3045,dtiam,conplex,720,0.18247070814935026,2,2.0,0.1388888888888889
FIVE_FIXED_382_TARGETS,target_id,CHEMBL3045,dtiam,probematch,720,0.15579172376320358,1,1.0,0.1388888888888889
FIVE_FIXED_382_TARGETS,target_id,CHEMBL3055,dtiam,biomaster,720,-0.08810598407441202,1,1.0,0.1388888888888889
FIVE_FIXED_382_TARGETS,target_id,CHEMBL3055,dtiam,drugclip,720,0.0008472400065686251,0,0.0,0.1388888888888889
FIVE_FIXED_382_TARGETS,target_id,CHEMBL3055,dtiam,conplex,720,0.22218788652430163,0,0.0,0.1388888888888889
FIVE_FIXED_382_TARGETS,target_id,CHEMBL3055,dtiam,probematch,720,-0.05097013924635988,1,1.0,0.1388888888888889
FIVE_FIXED_382_TARGETS,target_id,CHEMBL3076,dtiam,biomaster,720,0.019502707812336602,1,1.0,0.1388888888888889
FIVE_FIXED_382_TARGETS,target_id,CHEMBL3076,dtiam,drugclip,720,0.05640668529833814,0,0.0,0.1388888888888889
FIVE_FIXED_382_TARGETS,target_id,CHEMBL3076,dtiam,conplex,720,0.1725211150931445,1,1.0,0.1388888888888889
FIVE_FIXED_382_TARGETS,target_id,CHEMBL3076,dtiam,probematch,720,-0.13936322482775124,0,0.0,0.1388888888888889
FIVE_FIXED_382_TARGETS,target_id,CHEMBL308,dtiam,biomaster,720,-0.08198897713504132,1,1.0,0.1388888888888889
FIVE_FIXED_382_TARGETS,target_id,CHEMBL308,dtiam,drugclip,720,0.1975716273668866,0,0.0,0.1388888888888889
FIVE_FIXED_382_TARGETS,target_id,CHEMBL308,dtiam,conplex,720,0.20176779527357974,2,2.0,0.1388888888888889
FIVE_FIXED_382_TARGETS,target_id,CHEMBL308,dtiam,probematch,720,-0.12245610481354784,0,0.0,0.1388888888888889
FIVE_FIXED_382_TARGETS,target_id,CHEMBL3094,dtiam,biomaster,720,-0.1338588734453551,0,0.0,0.1388888888888889
FIVE_FIXED_382_TARGETS,target_id,CHEMBL3094,dtiam,drugclip,720,-0.1361017084742227,0,0.0,0.1388888888888889
FIVE_FIXED_382_TARGETS,target_id,CHEMBL3094,dtiam,conplex,720,0.18389574146004972,2,2.0,0.1388888888888889
FIVE_FIXED_382_TARGETS,target_id,CHEMBL3094,dtiam,probematch,720,-0.12431385997603936,0,0.0,0.1388888888888889
FIVE_FIXED_382_TARGETS,target_id,CHEMBL3105,dtiam,biomaster,720,0.05398149393450202,1,1.0,0.1388888888888889
FIVE_FIXED_382_TARGETS,target_id,CHEMBL3105,dtiam,drugclip,720,0.20463735664204452,1,1.0,0.1388888888888889
FIVE_FIXED_382_TARGETS,target_id,CHEMBL3105,dtiam,conplex,720,0.08524847643059762,1,1.0,0.1388888888888889
FIVE_FIXED_382_TARGETS,target_id,CHEMBL3105,dtiam,probematch,720,0.1402622658953351,1,1.0,0.1388888888888889
FIVE_FIXED_382_TARGETS,target_id,CHEMBL3106,dtiam,biomaster,720,-0.12416812279930943,1,1.0,0.1388888888888889
FIVE_FIXED_382_TARGETS,target_id,CHEMBL3106,dtiam,drugclip,720,-0.05971424083939749,0,0.0,0.1388888888888889
FIVE_FIXED_382_TARGETS,target_id,CHEMBL3106,dtiam,conplex,720,0.063554008729122,0,0.0,0.1388888888888889
FIVE_FIXED_382_TARGETS,target_id,CHEMBL3106,dtiam,probematch,720,-0.0641644812989072,1,1.0,0.1388888888888889
FIVE_FIXED_382_TARGETS,target_id,CHEMBL3116,dtiam,biomaster,720,-0.11597002977468775,1,1.0,0.1388888888888889
FIVE_FIXED_382_TARGETS,target_id,CHEMBL3116,dtiam,drugclip,720,0.22743641562612874,0,0.0,0.1388888888888889
FIVE_FIXED_382_TARGETS,target_id,CHEMBL3116,dtiam,conplex,720,0.19479851199801942,2,2.0,0.1388888888888889
FIVE_FIXED_382_TARGETS,target_id,CHEMBL3116,dtiam,probematch,720,-0.08081093155051058,2,2.0,0.1388888888888889
FIVE_FIXED_382_TARGETS,target_id,CHEMBL3117,dtiam,biomaster,720,-0.04782071440167934,0,0.0,0.1388888888888889
FIVE_FIXED_382_TARGETS,target_id,CHEMBL3117,dtiam,drugclip,720,0.23836305482515813,0,0.0,0.1388888888888889
FIVE_FIXED_382_TARGETS,target_id,CHEMBL3117,dtiam,conplex,720,0.02128941293045093,1,1.0,0.1388888888888889
FIVE_FIXED_382_TARGETS,target_id,CHEMBL3117,dtiam,probematch,720,-0.07409235626592607,0,0.0,0.1388888888888889
FIVE_FIXED_382_TARGETS,target_id,CHEMBL3119,dtiam,biomaster,720,0.11902043044405945,0,0.0,0.1388888888888889
FIVE_FIXED_382_TARGETS,target_id,CHEMBL3119,dtiam,drugclip,720,-0.20787307240339886,0,0.0,0.1388888888888889
FIVE_FIXED_382_TARGETS,target_id,CHEMBL3119,dtiam,conplex,720,-0.10046796678607121,0,0.0,0.1388888888888889
FIVE_FIXED_382_TARGETS,target_id,CHEMBL3119,dtiam,probematch,720,0.09389947891564793,2,2.0,0.1388888888888889
FIVE_FIXED_382_TARGETS,target_id,CHEMBL3130,dtiam,biomaster,720,0.10048907875802805,1,1.0,0.1388888888888889
FIVE_FIXED_382_TARGETS,target_id,CHEMBL3130,dtiam,drugclip,720,0.13971160516021222,0,0.0,0.1388888888888889
FIVE_FIXED_382_TARGETS,target_id,CHEMBL3130,dtiam,conplex,720,0.05221402937612572,3,3.0,0.1388888888888889
FIVE_FIXED_382_TARGETS,target_id,CHEMBL3130,dtiam,probematch,720,0.3303125901865378,0,0.0,0.1388888888888889
FIVE_FIXED_382_TARGETS,target_id,CHEMBL3142,dtiam,biomaster,720,0.045387935573976426,0,0.0,0.1388888888888889
FIVE_FIXED_382_TARGETS,target_id,CHEMBL3142,dtiam,drugclip,720,0.12029153961850969,2,2.0,0.1388888888888889
FIVE_FIXED_382_TARGETS,target_id,CHEMBL3142,dtiam,conplex,720,0.07299849798744915,0,0.0,0.1388888888888889
FIVE_FIXED_382_TARGETS,target_id,CHEMBL3142,dtiam,probematch,720,0.17267182482987384,0,0.0,0.1388888888888889
FIVE_FIXED_382_TARGETS,target_id,CHEMBL3145,dtiam,biomaster,720,0.08146883398178184,1,1.0,0.1388888888888889
FIVE_FIXED_382_TARGETS,target_id,CHEMBL3145,dtiam,drugclip,720,-0.003701460656721214,0,0.0,0.1388888888888889
FIVE_FIXED_382_TARGETS,target_id,CHEMBL3145,dtiam,conplex,720,0.07875175329975419,2,2.0,0.1388888888888889
FIVE_FIXED_382_TARGETS,target_id,CHEMBL3145,dtiam,probematch,720,0.2350924560201789,0,0.0,0.1388888888888889
FIVE_FIXED_382_TARGETS,target_id,CHEMBL3172,dtiam,biomaster,720,-0.11478233354524962,0,0.0,0.1388888888888889
FIVE_FIXED_382_TARGETS,target_id,CHEMBL3172,dtiam,drugclip,720,-0.10214464086857726,0,0.0,0.1388888888888889
FIVE_FIXED_382_TARGETS,target_id,CHEMBL3172,dtiam,conplex,720,0.08216301256077205,2,2.0,0.1388888888888889
FIVE_FIXED_382_TARGETS,target_id,CHEMBL3172,dtiam,probematch,720,-0.15738096113041944,0,0.0,0.1388888888888889
FIVE_FIXED_382_TARGETS,target_id,CHEMBL3192,dtiam,biomaster,720,0.05364754907355037,3,3.0,0.1388888888888889
FIVE_FIXED_382_TARGETS,target_id,CHEMBL3192,dtiam,drugclip,720,0.12390080937422206,0,0.0,0.1388888888888889
FIVE_FIXED_382_TARGETS,target_id,CHEMBL3192,dtiam,conplex,720,0.08339834049419811,0,0.0,0.1388888888888889
FIVE_FIXED_382_TARGETS,target_id,CHEMBL3192,dtiam,probematch,720,-0.08289866904229334,1,1.0,0.1388888888888889
FIVE_FIXED_382_TARGETS,target_id,CHEMBL3201,dtiam,biomaster,720,0.12104088205103404,1,1.0,0.1388888888888889
FIVE_FIXED_382_TARGETS,target_id,CHEMBL3201,dtiam,drugclip,720,0.21204006897872793,0,0.0,0.1388888888888889
FIVE_FIXED_382_TARGETS,target_id,CHEMBL3201,dtiam,conplex,720,0.1723145169264145,1,1.0,0.1388888888888889
FIVE_FIXED_382_TARGETS,target_id,CHEMBL3201,dtiam,probematch,720,0.09379945013388179,2,2.0,0.1388888888888889
FIVE_FIXED_382_TARGETS,target_id,CHEMBL321,dtiam,biomaster,720,-0.07713689044302613,1,1.0,0.1388888888888889
FIVE_FIXED_382_TARGETS,target_id,CHEMBL321,dtiam,drugclip,720,-0.09380114731295028,0,0.0,0.1388888888888889
FIVE_FIXED_382_TARGETS,target_id,CHEMBL321,dtiam,conplex,720,-0.043530818483595,0,0.0,0.1388888888888889
FIVE_FIXED_382_TARGETS,target_id,CHEMBL321,dtiam,probematch,720,0.11513154978474675,0,0.0,0.1388888888888889
FIVE_FIXED_382_TARGETS,target_id,CHEMBL3234,dtiam,biomaster,720,0.0797915543634274,4,4.0,0.1388888888888889
FIVE_FIXED_382_TARGETS,target_id,CHEMBL3234,dtiam,drugclip,720,0.13985034965308182,1,1.0,0.1388888888888889
FIVE_FIXED_382_TARGETS,target_id,CHEMBL3234,dtiam,conplex,720,0.056769813522612914,3,3.0,0.1388888888888889
FIVE_FIXED_382_TARGETS,target_id,CHEMBL3234,dtiam,probematch,720,0.08959536143611566,0,0.0,0.1388888888888889
FIVE_FIXED_382_TARGETS,target_id,CHEMBL3238,dtiam,biomaster,720,-0.038770735035889625,0,0.0,0.1388888888888889
FIVE_FIXED_382_TARGETS,target_id,CHEMBL3238,dtiam,drugclip,720,0.11554972835472826,0,0.0,0.1388888888888889
FIVE_FIXED_382_TARGETS,target_id,CHEMBL3238,dtiam,conplex,720,0.05669292334604055,0,0.0,0.1388888888888889
FIVE_FIXED_382_TARGETS,target_id,CHEMBL3238,dtiam,probematch,720,0.07314728298585443,1,1.0,0.1388888888888889
FIVE_FIXED_382_TARGETS,target_id,CHEMBL3242,dtiam,biomaster,720,0.010267687252359065,4,4.0,0.1388888888888889
FIVE_FIXED_382_TARGETS,target_id,CHEMBL3242,dtiam,drugclip,720,0.039419784387586,0,0.0,0.1388888888888889
FIVE_FIXED_382_TARGETS,target_id,CHEMBL3242,dtiam,conplex,720,0.01487261406282505,3,3.0,0.1388888888888889
FIVE_FIXED_382_TARGETS,target_id,CHEMBL3242,dtiam,probematch,720,0.0991076620050734,2,2.0,0.1388888888888889
FIVE_FIXED_382_TARGETS,target_id,CHEMBL325,dtiam,biomaster,720,-0.08703819321137586,4,4.0,0.1388888888888889
FIVE_FIXED_382_TARGETS,target_id,CHEMBL325,dtiam,drugclip,720,-0.005459501754878337,0,0.0,0.1388888888888889
FIVE_FIXED_382_TARGETS,target_id,CHEMBL325,dtiam,conplex,720,0.14436889236393946,0,0.0,0.1388888888888889
FIVE_FIXED_382_TARGETS,target_id,CHEMBL325,dtiam,probematch,720,0.07433603924210622,1,1.0,0.1388888888888889
FIVE_FIXED_382_TARGETS,target_id,CHEMBL3267,dtiam,biomaster,720,0.04719957117326057,1,1.0,0.1388888888888889
FIVE_FIXED_382_TARGETS,target_id,CHEMBL3267,dtiam,drugclip,720,0.31080536275194665,1,1.0,0.1388888888888889
FIVE_FIXED_382_TARGETS,target_id,CHEMBL3267,dtiam,conplex,720,0.06781200120155724,3,3.0,0.1388888888888889
FIVE_FIXED_382_TARGETS,target_id,CHEMBL3267,dtiam,probematch,720,0.28552064231297847,0,0.0,0.1388888888888889
FIVE_FIXED_382_TARGETS,target_id,CHEMBL3273,dtiam,biomaster,720,0.10121254022270162,0,0.0,0.1388888888888889
FIVE_FIXED_382_TARGETS,target_id,CHEMBL3273,dtiam,drugclip,720,-0.05675168985238377,0,0.0,0.1388888888888889
FIVE_FIXED_382_TARGETS,target_id,CHEMBL3273,dtiam,conplex,720,0.07078690394669614,2,2.0,0.1388888888888889
FIVE_FIXED_382_TARGETS,target_id,CHEMBL3273,dtiam,probematch,720,-0.017596293215258532,2,2.0,0.1388888888888889
FIVE_FIXED_382_TARGETS,target_id,CHEMBL3286067,dtiam,biomaster,720,-0.0851274222526285,0,0.0,0.1388888888888889
FIVE_FIXED_382_TARGETS,target_id,CHEMBL3286067,dtiam,drugclip,720,-0.10501053206696565,0,0.0,0.1388888888888889
FIVE_FIXED_382_TARGETS,target_id,CHEMBL3286067,dtiam,conplex,720,0.08849090187392974,2,2.0,0.1388888888888889
FIVE_FIXED_382_TARGETS,target_id,CHEMBL3286067,dtiam,probematch,720,-0.02524532485031306,0,0.0,0.1388888888888889
FIVE_FIXED_382_TARGETS,target_id,CHEMBL331,dtiam,biomaster,720,-0.06376491773561586,0,0.0,0.1388888888888889
FIVE_FIXED_382_TARGETS,target_id,CHEMBL331,dtiam,drugclip,720,0.1170156360188778,0,0.0,0.1388888888888889
FIVE_FIXED_382_TARGETS,target_id,CHEMBL331,dtiam,conplex,720,0.18830611835080807,2,2.0,0.1388888888888889
FIVE_FIXED_382_TARGETS,target_id,CHEMBL331,dtiam,probematch,720,0.09485475990664209,0,0.0,0.1388888888888889
FIVE_FIXED_382_TARGETS,target_id,CHEMBL3310,dtiam,biomaster,720,-0.018921720271924812,2,2.0,0.1388888888888889
FIVE_FIXED_382_TARGETS,target_id,CHEMBL3310,dtiam,drugclip,720,-0.049657298610966245,0,0.0,0.1388888888888889
FIVE_FIXED_382_TARGETS,target_id,CHEMBL3310,dtiam,conplex,720,0.11306547057575338,0,0.0,0.1388888888888889
FIVE_FIXED_382_TARGETS,target_id,CHEMBL3310,dtiam,probematch,720,0.026060430661394907,0,0.0,0.1388888888888889
FIVE_FIXED_382_TARGETS,target_id,CHEMBL332,dtiam,biomaster,720,-0.07151416176419943,0,0.0,0.1388888888888889
FIVE_FIXED_382_TARGETS,target_id,CHEMBL332,dtiam,drugclip,720,0.26249438887355114,0,0.0,0.1388888888888889
FIVE_FIXED_382_TARGETS,target_id,CHEMBL332,dtiam,conplex,720,-0.020698766599256062,0,0.0,0.1388888888888889
FIVE_FIXED_382_TARGETS,target_id,CHEMBL332,dtiam,probematch,720,0.015887763661558394,1,1.0,0.1388888888888889
FIVE_FIXED_382_TARGETS,target_id,CHEMBL333,dtiam,biomaster,720,-0.0747896956357192,0,0.0,0.1388888888888889
FIVE_FIXED_382_TARGETS,target_id,CHEMBL333,dtiam,drugclip,720,-0.19139615516038963,2,2.0,0.1388888888888889
FIVE_FIXED_382_TARGETS,target_id,CHEMBL333,dtiam,conplex,720,-0.06372436865894983,0,0.0,0.1388888888888889
FIVE_FIXED_382_TARGETS,target_id,CHEMBL333,dtiam,probematch,720,-0.05357111180514635,0,0.0,0.1388888888888889
FIVE_FIXED_382_TARGETS,target_id,CHEMBL3338,dtiam,biomaster,720,0.006040810797996344,0,0.0,0.1388888888888889
FIVE_FIXED_382_TARGETS,target_id,CHEMBL3338,dtiam,drugclip,720,-0.037316577984030125,1,1.0,0.1388888888888889
FIVE_FIXED_382_TARGETS,target_id,CHEMBL3338,dtiam,conplex,720,0.016746673740553563,2,2.0,0.1388888888888889
FIVE_FIXED_382_TARGETS,target_id,CHEMBL3338,dtiam,probematch,720,0.21276705773855267,1,1.0,0.1388888888888889
FIVE_FIXED_382_TARGETS,target_id,CHEMBL3357,dtiam,biomaster,720,0.05774696578003182,0,0.0,0.1388888888888889
FIVE_FIXED_382_TARGETS,target_id,CHEMBL3357,dtiam,drugclip,720,0.15121595257204995,2,2.0,0.1388888888888889
FIVE_FIXED_382_TARGETS,target_id,CHEMBL3357,dtiam,conplex,720,0.058532388914516086,3,3.0,0.1388888888888889
FIVE_FIXED_382_TARGETS,target_id,CHEMBL3357,dtiam,probematch,720,0.009301491244488706,0,0.0,0.1388888888888889
FIVE_FIXED_382_TARGETS,target_id,CHEMBL3385,dtiam,biomaster,720,-0.09320540279832296,0,0.0,0.1388888888888889
FIVE_FIXED_382_TARGETS,target_id,CHEMBL3385,dtiam,drugclip,720,-0.0018207823512761305,0,0.0,0.1388888888888889
FIVE_FIXED_382_TARGETS,target_id,CHEMBL3385,dtiam,conplex,720,0.15291991236215272,1,1.0,0.1388888888888889
FIVE_FIXED_382_TARGETS,target_id,CHEMBL3385,dtiam,probematch,720,-0.004277706032216244,0,0.0,0.1388888888888889
FIVE_FIXED_382_TARGETS,target_id,CHEMBL3391681,dtiam,biomaster,720,-0.045524043744655046,0,0.0,0.1388888888888889
FIVE_FIXED_382_TARGETS,target_id,CHEMBL3391681,dtiam,drugclip,720,-0.11306415878266388,0,0.0,0.1388888888888889
FIVE_FIXED_382_TARGETS,target_id,CHEMBL3391681,dtiam,conplex,720,0.0692280163734452,0,0.0,0.1388888888888889
FIVE_FIXED_382_TARGETS,target_id,CHEMBL3391681,dtiam,probematch,720,-0.04417665805315387,1,1.0,0.1388888888888889
FIVE_FIXED_382_TARGETS,target_id,CHEMBL340,dtiam,biomaster,720,-0.007011813271324705,0,0.0,0.1388888888888889
FIVE_FIXED_382_TARGETS,target_id,CHEMBL340,dtiam,drugclip,720,-0.21947200591140678,0,0.0,0.1388888888888889
FIVE_FIXED_382_TARGETS,target_id,CHEMBL340,dtiam,conplex,720,-0.03925277626329529,0,0.0,0.1388888888888889
FIVE_FIXED_382_TARGETS,target_id,CHEMBL340,dtiam,probematch,720,0.014948525527905692,0,0.0,0.1388888888888889
FIVE_FIXED_382_TARGETS,target_id,CHEMBL3425389,dtiam,biomaster,720,-0.09037775434683952,0,0.0,0.1388888888888889
FIVE_FIXED_382_TARGETS,target_id,CHEMBL3425389,dtiam,drugclip,720,0.10856424615504304,0,0.0,0.1388888888888889
FIVE_FIXED_382_TARGETS,target_id,CHEMBL3425389,dtiam,conplex,720,0.1446775676620244,1,1.0,0.1388888888888889
FIVE_FIXED_382_TARGETS,target_id,CHEMBL3425389,dtiam,probematch,720,-0.11260289885004876,0,0.0,0.1388888888888889
FIVE_FIXED_382_TARGETS,target_id,CHEMBL3430865,dtiam,biomaster,720,-0.1274679622754195,0,0.0,0.1388888888888889
FIVE_FIXED_382_TARGETS,target_id,CHEMBL3430865,dtiam,drugclip,720,0.07430011131468602,1,1.0,0.1388888888888889
FIVE_FIXED_382_TARGETS,target_id,CHEMBL3430865,dtiam,conplex,720,-0.08250471576808888,0,0.0,0.1388888888888889
FIVE_FIXED_382_TARGETS,target_id,CHEMBL3430865,dtiam,probematch,720,-0.18998234700978323,0,0.0,0.1388888888888889
FIVE_FIXED_382_TARGETS,target_id,CHEMBL3439,dtiam,biomaster,720,8.982785611811927e-05,0,0.0,0.1388888888888889
FIVE_FIXED_382_TARGETS,target_id,CHEMBL3439,dtiam,drugclip,720,-0.046716031103104336,0,0.0,0.1388888888888889
FIVE_FIXED_382_TARGETS,target_id,CHEMBL3439,dtiam,conplex,720,-0.01702469148425824,0,0.0,0.1388888888888889
FIVE_FIXED_382_TARGETS,target_id,CHEMBL3439,dtiam,probematch,720,-0.18147855220483453,0,0.0,0.1388888888888889
FIVE_FIXED_382_TARGETS,target_id,CHEMBL3474,dtiam,biomaster,720,-0.021767855129015946,0,0.0,0.1388888888888889
FIVE_FIXED_382_TARGETS,target_id,CHEMBL3474,dtiam,drugclip,720,0.23962086986270614,1,1.0,0.1388888888888889
FIVE_FIXED_382_TARGETS,target_id,CHEMBL3474,dtiam,conplex,720,-0.09993932264967258,0,0.0,0.1388888888888889
FIVE_FIXED_382_TARGETS,target_id,CHEMBL3474,dtiam,probematch,720,-0.09740365256825026,0,0.0,0.1388888888888889
FIVE_FIXED_382_TARGETS,target_id,CHEMBL3514,dtiam,biomaster,720,-0.0010800240410078672,0,0.0,0.1388888888888889
FIVE_FIXED_382_TARGETS,target_id,CHEMBL3514,dtiam,drugclip,720,-0.15271954035336857,0,0.0,0.1388888888888889
FIVE_FIXED_382_TARGETS,target_id,CHEMBL3514,dtiam,conplex,720,0.03732189098743869,2,2.0,0.1388888888888889
FIVE_FIXED_382_TARGETS,target_id,CHEMBL3514,dtiam,probematch,720,0.3758611620784454,1,1.0,0.1388888888888889
FIVE_FIXED_382_TARGETS,target_id,CHEMBL3522,dtiam,biomaster,720,0.1525797188264331,1,1.0,0.1388888888888889
FIVE_FIXED_382_TARGETS,target_id,CHEMBL3522,dtiam,drugclip,720,0.22946877890836886,1,1.0,0.1388888888888889
FIVE_FIXED_382_TARGETS,target_id,CHEMBL3522,dtiam,conplex,720,-0.07996207763845845,1,1.0,0.1388888888888889
FIVE_FIXED_382_TARGETS,target_id,CHEMBL3522,dtiam,probematch,720,0.18167519933509452,0,0.0,0.1388888888888889
FIVE_FIXED_382_TARGETS,target_id,CHEMBL3535,dtiam,biomaster,720,-0.027620779745496798,0,0.0,0.1388888888888889
FIVE_FIXED_382_TARGETS,target_id,CHEMBL3535,dtiam,drugclip,720,-0.053963666609442074,0,0.0,0.1388888888888889
FIVE_FIXED_382_TARGETS,target_id,CHEMBL3535,dtiam,conplex,720,0.16809114531109903,2,2.0,0.1388888888888889
FIVE_FIXED_382_TARGETS,target_id,CHEMBL3535,dtiam,probematch,720,0.0731907662268708,0,0.0,0.1388888888888889
FIVE_FIXED_382_TARGETS,target_id,CHEMBL3553,dtiam,biomaster,720,0.023884387819744682,2,2.0,0.1388888888888889
FIVE_FIXED_382_TARGETS,target_id,CHEMBL3553,dtiam,drugclip,720,-0.006581546199589276,1,1.0,0.1388888888888889
FIVE_FIXED_382_TARGETS,target_id,CHEMBL3553,dtiam,conplex,720,0.15395916479429983,3,3.0,0.1388888888888889
FIVE_FIXED_382_TARGETS,target_id,CHEMBL3553,dtiam,probematch,720,0.10931890945735537,2,2.0,0.1388888888888889
FIVE_FIXED_382_TARGETS,target_id,CHEMBL3572,dtiam,biomaster,720,-0.008996497702232249,0,0.0,0.1388888888888889
FIVE_FIXED_382_TARGETS,target_id,CHEMBL3572,dtiam,drugclip,720,-0.07867852806962596,0,0.0,0.1388888888888889
FIVE_FIXED_382_TARGETS,target_id,CHEMBL3572,dtiam,conplex,720,-0.005719237488242843,0,0.0,0.1388888888888889
FIVE_FIXED_382_TARGETS,target_id,CHEMBL3572,dtiam,probematch,720,0.18169008491039257,3,3.0,0.1388888888888889
FIVE_FIXED_382_TARGETS,target_id,CHEMBL3576,dtiam,biomaster,720,0.09771394777360577,0,0.0,0.1388888888888889
FIVE_FIXED_382_TARGETS,target_id,CHEMBL3576,dtiam,drugclip,720,0.27347814302834067,1,1.0,0.1388888888888889
FIVE_FIXED_382_TARGETS,target_id,CHEMBL3576,dtiam,conplex,720,0.06947406430852253,0,0.0,0.1388888888888889
FIVE_FIXED_382_TARGETS,target_id,CHEMBL3576,dtiam,probematch,720,-0.05101556716907299,1,1.0,0.1388888888888889
FIVE_FIXED_382_TARGETS,target_id,CHEMBL3587,dtiam,biomaster,720,0.03541050096479358,4,4.0,0.1388888888888889
FIVE_FIXED_382_TARGETS,target_id,CHEMBL3587,dtiam,drugclip,720,-0.001214347871666959,0,0.0,0.1388888888888889
FIVE_FIXED_382_TARGETS,target_id,CHEMBL3587,dtiam,conplex,720,0.16252290046822504,1,1.0,0.1388888888888889
FIVE_FIXED_382_TARGETS,target_id,CHEMBL3587,dtiam,probematch,720,0.12215440863767862,2,2.0,0.1388888888888889
FIVE_FIXED_382_TARGETS,target_id,CHEMBL3623,dtiam,biomaster,720,-0.10652318622459969,0,0.0,0.1388888888888889
FIVE_FIXED_382_TARGETS,target_id,CHEMBL3623,dtiam,drugclip,720,-0.07359404314641899,1,1.0,0.1388888888888889
FIVE_FIXED_382_TARGETS,target_id,CHEMBL3623,dtiam,conplex,720,-0.03327098586692095,0,0.0,0.1388888888888889
FIVE_FIXED_382_TARGETS,target_id,CHEMBL3623,dtiam,probematch,720,-0.029617295475993274,0,0.0,0.1388888888888889
FIVE_FIXED_382_TARGETS,target_id,CHEMBL3629,dtiam,biomaster,720,-0.012687831023707507,0,0.0,0.1388888888888889
FIVE_FIXED_382_TARGETS,target_id,CHEMBL3629,dtiam,drugclip,720,0.119621769105775,0,0.0,0.1388888888888889
FIVE_FIXED_382_TARGETS,target_id,CHEMBL3629,dtiam,conplex,720,0.171513014269907,1,1.0,0.1388888888888889
FIVE_FIXED_382_TARGETS,target_id,CHEMBL3629,dtiam,probematch,720,0.02655504692665639,0,0.0,0.1388888888888889
FIVE_FIXED_382_TARGETS,target_id,CHEMBL3632452,dtiam,biomaster,720,-0.03863403177358213,0,0.0,0.1388888888888889
FIVE_FIXED_382_TARGETS,target_id,CHEMBL3632452,dtiam,drugclip,720,0.045559971672075227,0,0.0,0.1388888888888889
FIVE_FIXED_382_TARGETS,target_id,CHEMBL3632452,dtiam,conplex,720,0.02250055102434369,1,1.0,0.1388888888888889
FIVE_FIXED_382_TARGETS,target_id,CHEMBL3632452,dtiam,probematch,720,-0.12831266241060899,1,1.0,0.1388888888888889
FIVE_FIXED_382_TARGETS,target_id,CHEMBL3650,dtiam,biomaster,720,0.06804162710944281,1,1.0,0.1388888888888889
FIVE_FIXED_382_TARGETS,target_id,CHEMBL3650,dtiam,drugclip,720,0.09191968132587496,0,0.0,0.1388888888888889
FIVE_FIXED_382_TARGETS,target_id,CHEMBL3650,dtiam,conplex,720,0.09973994872444225,3,3.0,0.1388888888888889
FIVE_FIXED_382_TARGETS,target_id,CHEMBL3650,dtiam,probematch,720,0.15936863427153483,0,0.0,0.1388888888888889
FIVE_FIXED_382_TARGETS,target_id,CHEMBL3670,dtiam,biomaster,720,0.008781412391770469,0,0.0,0.1388888888888889
FIVE_FIXED_382_TARGETS,target_id,CHEMBL3670,dtiam,drugclip,720,-0.33910538126487644,0,0.0,0.1388888888888889
FIVE_FIXED_382_TARGETS,target_id,CHEMBL3670,dtiam,conplex,720,-0.14728865994154278,1,1.0,0.1388888888888889
FIVE_FIXED_382_TARGETS,target_id,CHEMBL3670,dtiam,probematch,720,-0.035331170172033584,0,0.0,0.1388888888888889
FIVE_FIXED_382_TARGETS,target_id,CHEMBL3687,dtiam,biomaster,720,-0.016375659965684953,0,0.0,0.1388888888888889
FIVE_FIXED_382_TARGETS,target_id,CHEMBL3687,dtiam,drugclip,720,0.24107783975162275,0,0.0,0.1388888888888889
FIVE_FIXED_382_TARGETS,target_id,CHEMBL3687,dtiam,conplex,720,-0.017755822819304802,1,1.0,0.1388888888888889
FIVE_FIXED_382_TARGETS,target_id,CHEMBL3687,dtiam,probematch,720,-0.01997068715151174,1,1.0,0.1388888888888889
FIVE_FIXED_382_TARGETS,target_id,CHEMBL3691,dtiam,biomaster,720,-0.04875718748435958,1,1.0,0.1388888888888889
FIVE_FIXED_382_TARGETS,target_id,CHEMBL3691,dtiam,drugclip,720,-0.12552968676015494,1,1.0,0.1388888888888889
FIVE_FIXED_382_TARGETS,target_id,CHEMBL3691,dtiam,conplex,720,0.09575231831095782,0,0.0,0.1388888888888889
FIVE_FIXED_382_TARGETS,target_id,CHEMBL3691,dtiam,probematch,720,0.3501610480316982,0,0.43478260869565216,0.1388888888888889
FIVE_FIXED_382_TARGETS,target_id,CHEMBL3706,dtiam,biomaster,720,0.017602530367759217,0,0.0,0.1388888888888889
FIVE_FIXED_382_TARGETS,target_id,CHEMBL3706,dtiam,drugclip,720,-0.13205453595750216,0,0.0,0.1388888888888889
FIVE_FIXED_382_TARGETS,target_id,CHEMBL3706,dtiam,conplex,720,0.030948618985657723,2,2.0,0.1388888888888889
FIVE_FIXED_382_TARGETS,target_id,CHEMBL3706,dtiam,probematch,720,-0.08546615750390282,0,0.0,0.1388888888888889
FIVE_FIXED_382_TARGETS,target_id,CHEMBL3714029,dtiam,biomaster,720,-0.21274567096807095,0,0.0,0.1388888888888889
FIVE_FIXED_382_TARGETS,target_id,CHEMBL3714029,dtiam,drugclip,720,-0.267301706313725,0,0.0,0.1388888888888889
FIVE_FIXED_382_TARGETS,target_id,CHEMBL3714029,dtiam,conplex,720,0.04720702205623879,0,0.0,0.1388888888888889
FIVE_FIXED_382_TARGETS,target_id,CHEMBL3714029,dtiam,probematch,720,-0.2244591719654407,0,0.0,0.1388888888888889
FIVE_FIXED_382_TARGETS,target_id,CHEMBL3717,dtiam,biomaster,720,-0.007671938702872766,2,2.0,0.1388888888888889
FIVE_FIXED_382_TARGETS,target_id,CHEMBL3717,dtiam,drugclip,720,0.2213544364066008,1,1.0,0.1388888888888889
FIVE_FIXED_382_TARGETS,target_id,CHEMBL3717,dtiam,conplex,720,0.11619055650430846,1,1.0,0.1388888888888889
FIVE_FIXED_382_TARGETS,target_id,CHEMBL3717,dtiam,probematch,720,0.30397577721450797,3,3.0,0.1388888888888889
FIVE_FIXED_382_TARGETS,target_id,CHEMBL3720,dtiam,biomaster,720,-0.05933867745312556,0,0.0,0.1388888888888889
FIVE_FIXED_382_TARGETS,target_id,CHEMBL3720,dtiam,drugclip,720,-0.050131338276153646,0,0.0,0.1388888888888889
FIVE_FIXED_382_TARGETS,target_id,CHEMBL3720,dtiam,conplex,720,0.14428717233236354,2,2.0,0.1388888888888889
FIVE_FIXED_382_TARGETS,target_id,CHEMBL3720,dtiam,probematch,720,0.003429180014822734,0,0.0,0.1388888888888889
FIVE_FIXED_382_TARGETS,target_id,CHEMBL3729,dtiam,biomaster,720,-0.027951782856686525,5,5.0,0.1388888888888889
FIVE_FIXED_382_TARGETS,target_id,CHEMBL3729,dtiam,drugclip,720,-0.07945969927006619,0,0.0,0.1388888888888889
FIVE_FIXED_382_TARGETS,target_id,CHEMBL3729,dtiam,conplex,720,0.035926344909143,3,3.0,0.1388888888888889
FIVE_FIXED_382_TARGETS,target_id,CHEMBL3729,dtiam,probematch,720,0.2095264838139827,1,1.0,0.1388888888888889
FIVE_FIXED_382_TARGETS,target_id,CHEMBL3776,dtiam,biomaster,720,-0.050090587808140144,0,0.0,0.1388888888888889
FIVE_FIXED_382_TARGETS,target_id,CHEMBL3776,dtiam,drugclip,720,-0.04486732624179292,1,1.0,0.1388888888888889
FIVE_FIXED_382_TARGETS,target_id,CHEMBL3776,dtiam,conplex,720,0.11448272205548511,1,1.0,0.1388888888888889
FIVE_FIXED_382_TARGETS,target_id,CHEMBL3776,dtiam,probematch,720,0.024567934723440935,2,2.0,0.1388888888888889
FIVE_FIXED_382_TARGETS,target_id,CHEMBL3778,dtiam,biomaster,720,0.01150216119343545,0,0.0,0.1388888888888889
FIVE_FIXED_382_TARGETS,target_id,CHEMBL3778,dtiam,drugclip,720,0.1451154869469143,0,0.0,0.1388888888888889
FIVE_FIXED_382_TARGETS,target_id,CHEMBL3778,dtiam,conplex,720,0.21348541600700652,3,3.0,0.1388888888888889
FIVE_FIXED_382_TARGETS,target_id,CHEMBL3778,dtiam,probematch,720,-0.0778065169049181,1,1.0,0.1388888888888889
FIVE_FIXED_382_TARGETS,target_id,CHEMBL3788,dtiam,biomaster,720,0.030967542541579803,1,1.0,0.1388888888888889
FIVE_FIXED_382_TARGETS,target_id,CHEMBL3788,dtiam,drugclip,720,0.11980169809531153,2,2.0,0.1388888888888889
FIVE_FIXED_382_TARGETS,target_id,CHEMBL3788,dtiam,conplex,720,0.07980775412255947,2,2.0,0.1388888888888889
FIVE_FIXED_382_TARGETS,target_id,CHEMBL3788,dtiam,probematch,720,0.09556352869764138,1,1.0,0.1388888888888889
FIVE_FIXED_382_TARGETS,target_id,CHEMBL3820,dtiam,biomaster,720,-0.009396238092012005,0,0.0,0.1388888888888889
FIVE_FIXED_382_TARGETS,target_id,CHEMBL3820,dtiam,drugclip,720,-0.06525472912597288,0,0.0,0.1388888888888889
FIVE_FIXED_382_TARGETS,target_id,CHEMBL3820,dtiam,conplex,720,0.09463080728097702,2,2.0,0.1388888888888889
FIVE_FIXED_382_TARGETS,target_id,CHEMBL3820,dtiam,probematch,720,-0.016919787220828517,0,0.0,0.1388888888888889
FIVE_FIXED_382_TARGETS,target_id,CHEMBL3831182,dtiam,biomaster,720,-0.0398692130206122,0,0.0,0.1388888888888889
FIVE_FIXED_382_TARGETS,target_id,CHEMBL3831182,dtiam,drugclip,720,0.0013751474501833417,1,1.0,0.1388888888888889
FIVE_FIXED_382_TARGETS,target_id,CHEMBL3831182,dtiam,conplex,720,-0.06046685301556111,0,0.0,0.1388888888888889
FIVE_FIXED_382_TARGETS,target_id,CHEMBL3831182,dtiam,probematch,720,-0.27152567316859644,0,0.0,0.1388888888888889
FIVE_FIXED_382_TARGETS,target_id,CHEMBL3864,dtiam,biomaster,720,-0.05978164388175672,0,0.0,0.1388888888888889
FIVE_FIXED_382_TARGETS,target_id,CHEMBL3864,dtiam,drugclip,720,0.20486250498721104,1,1.0,0.1388888888888889
FIVE_FIXED_382_TARGETS,target_id,CHEMBL3864,dtiam,conplex,720,0.13199371955152148,1,1.0,0.1388888888888889
FIVE_FIXED_382_TARGETS,target_id,CHEMBL3864,dtiam,probematch,720,-0.1653033491764783,0,0.0,0.1388888888888889
FIVE_FIXED_382_TARGETS,target_id,CHEMBL3884,dtiam,biomaster,720,0.08444477555650966,0,0.0,0.1388888888888889
FIVE_FIXED_382_TARGETS,target_id,CHEMBL3884,dtiam,drugclip,720,0.09770817680002912,0,0.0,0.1388888888888889
FIVE_FIXED_382_TARGETS,target_id,CHEMBL3884,dtiam,conplex,720,-0.02900313187386284,0,0.0,0.1388888888888889
FIVE_FIXED_382_TARGETS,target_id,CHEMBL3884,dtiam,probematch,720,0.24014190360127277,1,1.0,0.1388888888888889
FIVE_FIXED_382_TARGETS,target_id,CHEMBL3896,dtiam,biomaster,720,-0.013362231175411774,0,0.0,0.1388888888888889
FIVE_FIXED_382_TARGETS,target_id,CHEMBL3896,dtiam,drugclip,720,-0.021618742173870695,0,0.0,0.1388888888888889
FIVE_FIXED_382_TARGETS,target_id,CHEMBL3896,dtiam,conplex,720,0.02387706945593589,1,1.0,0.1388888888888889
FIVE_FIXED_382_TARGETS,target_id,CHEMBL3896,dtiam,probematch,720,0.32007439829824236,3,3.0,0.1388888888888889
FIVE_FIXED_382_TARGETS,target_id,CHEMBL3901,dtiam,biomaster,720,-0.05036716051116668,0,0.0,0.1388888888888889
FIVE_FIXED_382_TARGETS,target_id,CHEMBL3901,dtiam,drugclip,720,-0.15384529815433637,1,1.0,0.1388888888888889
FIVE_FIXED_382_TARGETS,target_id,CHEMBL3901,dtiam,conplex,720,0.10829039390373295,1,1.0,0.1388888888888889
FIVE_FIXED_382_TARGETS,target_id,CHEMBL3901,dtiam,probematch,720,-0.03855606736732356,0,0.0,0.1388888888888889
FIVE_FIXED_382_TARGETS,target_id,CHEMBL3902,dtiam,biomaster,720,0.02731331063240244,0,0.0,0.1388888888888889
FIVE_FIXED_382_TARGETS,target_id,CHEMBL3902,dtiam,drugclip,720,0.3282034173985494,0,0.0,0.1388888888888889
FIVE_FIXED_382_TARGETS,target_id,CHEMBL3902,dtiam,conplex,720,-0.08250275824013346,0,0.0,0.1388888888888889
FIVE_FIXED_382_TARGETS,target_id,CHEMBL3902,dtiam,probematch,720,0.16398589802302158,1,1.0,0.1388888888888889
FIVE_FIXED_382_TARGETS,target_id,CHEMBL3905,dtiam,biomaster,720,0.09549242837416062,3,3.0,0.1388888888888889
FIVE_FIXED_382_TARGETS,target_id,CHEMBL3905,dtiam,drugclip,720,0.1368630429576891,1,1.0,0.1388888888888889
FIVE_FIXED_382_TARGETS,target_id,CHEMBL3905,dtiam,conplex,720,0.08953107007477,2,2.0,0.1388888888888889
FIVE_FIXED_382_TARGETS,target_id,CHEMBL3905,dtiam,probematch,720,0.06294008646767082,0,0.0,0.1388888888888889
FIVE_FIXED_382_TARGETS,target_id,CHEMBL3922,dtiam,biomaster,720,-0.03728441163827272,0,0.0,0.1388888888888889
FIVE_FIXED_382_TARGETS,target_id,CHEMBL3922,dtiam,drugclip,720,-0.020622791090539588,0,0.0,0.1388888888888889
FIVE_FIXED_382_TARGETS,target_id,CHEMBL3922,dtiam,conplex,720,0.060082710765216665,1,1.0,0.1388888888888889
FIVE_FIXED_382_TARGETS,target_id,CHEMBL3922,dtiam,probematch,720,0.07669514572467862,0,0.0,0.1388888888888889
FIVE_FIXED_382_TARGETS,target_id,CHEMBL3935,dtiam,biomaster,720,0.0030389882554177398,3,3.0,0.1388888888888889
FIVE_FIXED_382_TARGETS,target_id,CHEMBL3935,dtiam,drugclip,720,-0.05259126800739692,1,1.0,0.1388888888888889
FIVE_FIXED_382_TARGETS,target_id,CHEMBL3935,dtiam,conplex,720,0.03631778038167962,0,0.0,0.1388888888888889
FIVE_FIXED_382_TARGETS,target_id,CHEMBL3935,dtiam,probematch,720,-0.057433902981478054,1,1.0,0.1388888888888889
FIVE_FIXED_382_TARGETS,target_id,CHEMBL3961,dtiam,biomaster,720,-0.0016828737789688865,0,0.0,0.1388888888888889
FIVE_FIXED_382_TARGETS,target_id,CHEMBL3961,dtiam,drugclip,720,-0.04163376454857029,0,0.0,0.1388888888888889
FIVE_FIXED_382_TARGETS,target_id,CHEMBL3961,dtiam,conplex,720,0.16822705828253182,2,2.0,0.1388888888888889
FIVE_FIXED_382_TARGETS,target_id,CHEMBL3961,dtiam,probematch,720,0.2136451223936779,1,1.0,0.1388888888888889
FIVE_FIXED_382_TARGETS,target_id,CHEMBL3972,dtiam,biomaster,720,-0.07234740032791215,0,0.0,0.1388888888888889
FIVE_FIXED_382_TARGETS,target_id,CHEMBL3972,dtiam,drugclip,720,-0.08858642164345323,0,0.0,0.1388888888888889
FIVE_FIXED_382_TARGETS,target_id,CHEMBL3972,dtiam,conplex,720,0.14518832206381743,0,0.0,0.1388888888888889
FIVE_FIXED_382_TARGETS,target_id,CHEMBL3972,dtiam,probematch,720,-0.1805298941695885,1,1.0,0.1388888888888889
FIVE_FIXED_382_TARGETS,target_id,CHEMBL3973,dtiam,biomaster,720,0.09162917148053373,0,0.0,0.1388888888888889
FIVE_FIXED_382_TARGETS,target_id,CHEMBL3973,dtiam,drugclip,720,-0.1669736361109724,0,0.0,0.1388888888888889
FIVE_FIXED_382_TARGETS,target_id,CHEMBL3973,dtiam,conplex,720,0.07134439291932644,3,3.0,0.1388888888888889
FIVE_FIXED_382_TARGETS,target_id,CHEMBL3973,dtiam,probematch,720,0.14355140843142028,0,0.0,0.1388888888888889
FIVE_FIXED_382_TARGETS,target_id,CHEMBL3979,dtiam,biomaster,720,0.005160697139716633,0,0.0,0.1388888888888889
FIVE_FIXED_382_TARGETS,target_id,CHEMBL3979,dtiam,drugclip,720,0.06601754252188789,0,0.0,0.1388888888888889
FIVE_FIXED_382_TARGETS,target_id,CHEMBL3979,dtiam,conplex,720,0.10538580307272044,0,0.0,0.1388888888888889
FIVE_FIXED_382_TARGETS,target_id,CHEMBL3979,dtiam,probematch,720,0.17730031910992303,0,0.0,0.1388888888888889
FIVE_FIXED_382_TARGETS,target_id,CHEMBL3983,dtiam,biomaster,720,-0.04419549811173842,0,0.0,0.1388888888888889
FIVE_FIXED_382_TARGETS,target_id,CHEMBL3983,dtiam,drugclip,720,0.06326734407233309,1,1.0,0.1388888888888889
FIVE_FIXED_382_TARGETS,target_id,CHEMBL3983,dtiam,conplex,720,0.0971651205196657,3,3.0,0.1388888888888889
FIVE_FIXED_382_TARGETS,target_id,CHEMBL3983,dtiam,probematch,720,0.19383386905463307,2,2.0,0.1388888888888889
FIVE_FIXED_382_TARGETS,target_id,CHEMBL3991,dtiam,biomaster,720,-0.06306844642312952,2,2.0,0.1388888888888889
FIVE_FIXED_382_TARGETS,target_id,CHEMBL3991,dtiam,drugclip,720,-0.121428951892578,2,2.0,0.1388888888888889
FIVE_FIXED_382_TARGETS,target_id,CHEMBL3991,dtiam,conplex,720,-0.18892541026382387,0,0.0,0.1388888888888889
FIVE_FIXED_382_TARGETS,target_id,CHEMBL3991,dtiam,probematch,720,0.21030726584300916,0,0.0,0.1388888888888889
FIVE_FIXED_382_TARGETS,target_id,CHEMBL3991501,dtiam,biomaster,720,-0.061454068809247205,0,0.0,0.1388888888888889
FIVE_FIXED_382_TARGETS,target_id,CHEMBL3991501,dtiam,drugclip,720,-0.027383398222358597,1,1.0,0.1388888888888889
FIVE_FIXED_382_TARGETS,target_id,CHEMBL3991501,dtiam,conplex,720,0.14762852046310007,1,1.0,0.1388888888888889
FIVE_FIXED_382_TARGETS,target_id,CHEMBL3991501,dtiam,probematch,720,-0.028710368722776245,0,0.0,0.1388888888888889
FIVE_FIXED_382_TARGETS,target_id,CHEMBL4005,dtiam,biomaster,720,0.06308823491469742,1,1.0,0.1388888888888889
FIVE_FIXED_382_TARGETS,target_id,CHEMBL4005,dtiam,drugclip,720,0.07582242662864197,1,1.0,0.1388888888888889
FIVE_FIXED_382_TARGETS,target_id,CHEMBL4005,dtiam,conplex,720,0.15715413912459086,2,2.0,0.1388888888888889
FIVE_FIXED_382_TARGETS,target_id,CHEMBL4005,dtiam,probematch,720,0.2619433814604944,1,1.0,0.1388888888888889
FIVE_FIXED_382_TARGETS,target_id,CHEMBL4016,dtiam,biomaster,720,0.05297776248568037,0,0.0,0.1388888888888889
FIVE_FIXED_382_TARGETS,target_id,CHEMBL4016,dtiam,drugclip,720,-0.006453555972242735,0,0.0,0.1388888888888889
FIVE_FIXED_382_TARGETS,target_id,CHEMBL4016,dtiam,conplex,720,0.04161253559245973,1,1.0,0.1388888888888889
FIVE_FIXED_382_TARGETS,target_id,CHEMBL4016,dtiam,probematch,720,0.029662305854864197,0,0.0,0.1388888888888889
FIVE_FIXED_382_TARGETS,target_id,CHEMBL402,dtiam,biomaster,720,-0.039954845266414137,0,0.0,0.1388888888888889
FIVE_FIXED_382_TARGETS,target_id,CHEMBL402,dtiam,drugclip,720,0.07180687390307826,0,0.0,0.1388888888888889
FIVE_FIXED_382_TARGETS,target_id,CHEMBL402,dtiam,conplex,720,0.015647293387723485,2,2.0,0.1388888888888889
FIVE_FIXED_382_TARGETS,target_id,CHEMBL402,dtiam,probematch,720,0.25024261206390164,0,0.5,0.1388888888888889
FIVE_FIXED_382_TARGETS,target_id,CHEMBL4036,dtiam,biomaster,720,-0.09180117542836193,0,0.0,0.1388888888888889
FIVE_FIXED_382_TARGETS,target_id,CHEMBL4036,dtiam,drugclip,720,0.036007418964298626,0,0.0,0.1388888888888889
FIVE_FIXED_382_TARGETS,target_id,CHEMBL4036,dtiam,conplex,720,0.2088895812387563,1,1.0,0.1388888888888889
FIVE_FIXED_382_TARGETS,target_id,CHEMBL4036,dtiam,probematch,720,-0.10229258033884481,0,0.0,0.1388888888888889
FIVE_FIXED_382_TARGETS,target_id,CHEMBL4040,dtiam,biomaster,720,-0.07137866444866264,0,0.0,0.1388888888888889
FIVE_FIXED_382_TARGETS,target_id,CHEMBL4040,dtiam,drugclip,720,0.05180963062803266,0,0.0,0.1388888888888889
FIVE_FIXED_382_TARGETS,target_id,CHEMBL4040,dtiam,conplex,720,0.1346741597234076,0,0.0,0.1388888888888889
FIVE_FIXED_382_TARGETS,target_id,CHEMBL4040,dtiam,probematch,720,0.0626295650924247,0,0.0,0.1388888888888889
FIVE_FIXED_382_TARGETS,target_id,CHEMBL4051,dtiam,biomaster,720,-0.06412718698498557,0,0.0,0.1388888888888889
FIVE_FIXED_382_TARGETS,target_id,CHEMBL4051,dtiam,drugclip,720,0.19999548449449187,0,0.0,0.1388888888888889
FIVE_FIXED_382_TARGETS,target_id,CHEMBL4051,dtiam,conplex,720,0.06269402163745735,2,2.0,0.1388888888888889
FIVE_FIXED_382_TARGETS,target_id,CHEMBL4051,dtiam,probematch,720,-0.05167320095464782,2,2.0,0.1388888888888889
FIVE_FIXED_382_TARGETS,target_id,CHEMBL4068,dtiam,biomaster,720,0.12138824964997043,0,0.0,0.1388888888888889
FIVE_FIXED_382_TARGETS,target_id,CHEMBL4068,dtiam,drugclip,720,0.028919875730523584,0,0.0,0.1388888888888889
FIVE_FIXED_382_TARGETS,target_id,CHEMBL4068,dtiam,conplex,720,-0.1665930584710233,0,0.0,0.1388888888888889
FIVE_FIXED_382_TARGETS,target_id,CHEMBL4068,dtiam,probematch,720,0.3448308006796707,1,1.0,0.1388888888888889
FIVE_FIXED_382_TARGETS,target_id,CHEMBL4073,dtiam,biomaster,720,-0.1990005139944148,0,0.0,0.1388888888888889
FIVE_FIXED_382_TARGETS,target_id,CHEMBL4073,dtiam,drugclip,720,0.10014645332400841,0,0.0,0.1388888888888889
FIVE_FIXED_382_TARGETS,target_id,CHEMBL4073,dtiam,conplex,720,-0.04541271845152691,0,0.0,0.1388888888888889
FIVE_FIXED_382_TARGETS,target_id,CHEMBL4073,dtiam,probematch,720,-0.011717584081738763,2,2.0,0.1388888888888889
FIVE_FIXED_382_TARGETS,target_id,CHEMBL4093,dtiam,biomaster,720,-0.05020515529750197,0,0.0,0.1388888888888889
FIVE_FIXED_382_TARGETS,target_id,CHEMBL4093,dtiam,drugclip,720,0.23954141046886368,0,0.0,0.1388888888888889
FIVE_FIXED_382_TARGETS,target_id,CHEMBL4093,dtiam,conplex,720,0.1298915061113109,0,0.0,0.1388888888888889
FIVE_FIXED_382_TARGETS,target_id,CHEMBL4093,dtiam,probematch,720,0.1378073285561305,0,0.0,0.1388888888888889
FIVE_FIXED_382_TARGETS,target_id,CHEMBL4096,dtiam,biomaster,720,-0.08231607398835046,0,0.0,0.1388888888888889
FIVE_FIXED_382_TARGETS,target_id,CHEMBL4096,dtiam,drugclip,720,0.10871747434482794,0,0.0,0.1388888888888889
FIVE_FIXED_382_TARGETS,target_id,CHEMBL4096,dtiam,conplex,720,0.08725191804521423,0,0.0,0.1388888888888889
FIVE_FIXED_382_TARGETS,target_id,CHEMBL4096,dtiam,probematch,720,-0.1922259069647685,1,1.0,0.1388888888888889
FIVE_FIXED_382_TARGETS,target_id,CHEMBL4116,dtiam,biomaster,720,-0.07631852137947615,0,0.0,0.1388888888888889
FIVE_FIXED_382_TARGETS,target_id,CHEMBL4116,dtiam,drugclip,720,0.15675436716617022,0,0.0,0.1388888888888889
FIVE_FIXED_382_TARGETS,target_id,CHEMBL4116,dtiam,conplex,720,-0.01607641883410737,0,0.0,0.1388888888888889
FIVE_FIXED_382_TARGETS,target_id,CHEMBL4116,dtiam,probematch,720,-0.12734857224546436,0,0.0,0.1388888888888889
FIVE_FIXED_382_TARGETS,target_id,CHEMBL4128,dtiam,biomaster,720,0.05658624455976251,0,0.0,0.1388888888888889
FIVE_FIXED_382_TARGETS,target_id,CHEMBL4128,dtiam,drugclip,720,0.04897150118832644,2,2.0,0.1388888888888889
FIVE_FIXED_382_TARGETS,target_id,CHEMBL4128,dtiam,conplex,720,0.15630929881527164,1,1.0,0.1388888888888889
FIVE_FIXED_382_TARGETS,target_id,CHEMBL4128,dtiam,probematch,720,0.19495388803229477,2,2.0,0.1388888888888889
FIVE_FIXED_382_TARGETS,target_id,CHEMBL4142,dtiam,biomaster,720,0.04108770827718941,2,2.0,0.1388888888888889
FIVE_FIXED_382_TARGETS,target_id,CHEMBL4142,dtiam,drugclip,720,0.0535935848443112,0,0.0,0.1388888888888889
FIVE_FIXED_382_TARGETS,target_id,CHEMBL4142,dtiam,conplex,720,0.08876271819557026,3,3.0,0.1388888888888889
FIVE_FIXED_382_TARGETS,target_id,CHEMBL4142,dtiam,probematch,720,0.052063649916217807,0,0.0,0.1388888888888889
FIVE_FIXED_382_TARGETS,target_id,CHEMBL4179,dtiam,biomaster,720,-0.023341112546772607,0,0.0,0.1388888888888889
FIVE_FIXED_382_TARGETS,target_id,CHEMBL4179,dtiam,drugclip,720,-0.07799165361292032,0,0.0,0.1388888888888889
FIVE_FIXED_382_TARGETS,target_id,CHEMBL4179,dtiam,conplex,720,0.098807024717267,2,2.0,0.1388888888888889
FIVE_FIXED_382_TARGETS,target_id,CHEMBL4179,dtiam,probematch,720,0.009928083943777928,0,0.0,0.1388888888888889
FIVE_FIXED_382_TARGETS,target_id,CHEMBL4187,dtiam,biomaster,720,0.11915377369146454,0,0.0,0.1388888888888889
FIVE_FIXED_382_TARGETS,target_id,CHEMBL4187,dtiam,drugclip,720,0.17900745025455006,1,1.0,0.1388888888888889
FIVE_FIXED_382_TARGETS,target_id,CHEMBL4187,dtiam,conplex,720,0.02403770997298712,0,0.0,0.1388888888888889
FIVE_FIXED_382_TARGETS,target_id,CHEMBL4187,dtiam,probematch,720,-0.1803431653978154,0,0.0,0.1388888888888889
FIVE_FIXED_382_TARGETS,target_id,CHEMBL4191,dtiam,biomaster,720,-0.019836299020311404,0,0.0,0.1388888888888889
FIVE_FIXED_382_TARGETS,target_id,CHEMBL4191,dtiam,drugclip,720,-0.28002916254597426,2,2.0,0.1388888888888889
FIVE_FIXED_382_TARGETS,target_id,CHEMBL4191,dtiam,conplex,720,-0.17140405777632317,0,0.0,0.1388888888888889
FIVE_FIXED_382_TARGETS,target_id,CHEMBL4191,dtiam,probematch,720,-0.1253134601150861,0,0.0,0.1388888888888889
FIVE_FIXED_382_TARGETS,target_id,CHEMBL4223,dtiam,biomaster,720,0.11379831021231929,2,2.0,0.1388888888888889
FIVE_FIXED_382_TARGETS,target_id,CHEMBL4223,dtiam,drugclip,720,0.05135992871770619,0,0.0,0.1388888888888889
FIVE_FIXED_382_TARGETS,target_id,CHEMBL4223,dtiam,conplex,720,0.08331771686637064,4,4.0,0.1388888888888889
FIVE_FIXED_382_TARGETS,target_id,CHEMBL4223,dtiam,probematch,720,0.22937888859535766,2,2.0,0.1388888888888889
FIVE_FIXED_382_TARGETS,target_id,CHEMBL4225,dtiam,biomaster,720,-0.04793229230113232,0,0.0,0.1388888888888889
FIVE_FIXED_382_TARGETS,target_id,CHEMBL4225,dtiam,drugclip,720,-0.00991766725609637,0,0.0,0.1388888888888889
FIVE_FIXED_382_TARGETS,target_id,CHEMBL4225,dtiam,conplex,720,0.13537985028965455,1,1.0,0.1388888888888889
FIVE_FIXED_382_TARGETS,target_id,CHEMBL4225,dtiam,probematch,720,-0.012708085694199423,1,1.0,0.1388888888888889
FIVE_FIXED_382_TARGETS,target_id,CHEMBL4235,dtiam,biomaster,720,0.15488854228575252,0,0.0,0.1388888888888889
FIVE_FIXED_382_TARGETS,target_id,CHEMBL4235,dtiam,drugclip,720,0.04043433440247199,0,0.0,0.1388888888888889
FIVE_FIXED_382_TARGETS,target_id,CHEMBL4235,dtiam,conplex,720,0.027086694395202757,1,1.0,0.1388888888888889
FIVE_FIXED_382_TARGETS,target_id,CHEMBL4235,dtiam,probematch,720,0.19094390651189555,0,0.0,0.1388888888888889
FIVE_FIXED_382_TARGETS,target_id,CHEMBL4245,dtiam,biomaster,720,0.06393211521798604,0,0.0,0.1388888888888889
FIVE_FIXED_382_TARGETS,target_id,CHEMBL4245,dtiam,drugclip,720,0.22904386485669198,0,0.0,0.1388888888888889
FIVE_FIXED_382_TARGETS,target_id,CHEMBL4245,dtiam,conplex,720,0.1537605270213166,0,0.0,0.1388888888888889
FIVE_FIXED_382_TARGETS,target_id,CHEMBL4245,dtiam,probematch,720,0.2479113154718067,0,0.0,0.1388888888888889
FIVE_FIXED_382_TARGETS,target_id,CHEMBL4247,dtiam,biomaster,720,0.05815011409849752,3,3.0,0.1388888888888889
FIVE_FIXED_382_TARGETS,target_id,CHEMBL4247,dtiam,drugclip,720,0.10645419174384467,1,1.0,0.1388888888888889
FIVE_FIXED_382_TARGETS,target_id,CHEMBL4247,dtiam,conplex,720,-0.008771161243992649,0,0.0,0.1388888888888889
FIVE_FIXED_382_TARGETS,target_id,CHEMBL4247,dtiam,probematch,720,0.1801005184681452,1,1.0,0.1388888888888889
FIVE_FIXED_382_TARGETS,target_id,CHEMBL4266,dtiam,biomaster,720,0.05322884002410358,0,0.0,0.1388888888888889
FIVE_FIXED_382_TARGETS,target_id,CHEMBL4266,dtiam,drugclip,720,0.2572137551492788,1,1.0,0.1388888888888889
FIVE_FIXED_382_TARGETS,target_id,CHEMBL4266,dtiam,conplex,720,0.13173695504246183,0,0.0,0.1388888888888889
FIVE_FIXED_382_TARGETS,target_id,CHEMBL4266,dtiam,probematch,720,-0.23349285145564744,0,0.0,0.1388888888888889
FIVE_FIXED_382_TARGETS,target_id,CHEMBL4282,dtiam,biomaster,720,-0.13276891497072502,0,0.0,0.1388888888888889
FIVE_FIXED_382_TARGETS,target_id,CHEMBL4282,dtiam,drugclip,720,0.22010099380585738,1,1.0,0.1388888888888889
FIVE_FIXED_382_TARGETS,target_id,CHEMBL4282,dtiam,conplex,720,0.1769012639487344,1,1.0,0.1388888888888889
FIVE_FIXED_382_TARGETS,target_id,CHEMBL4282,dtiam,probematch,720,0.05207933924828138,1,1.0,0.1388888888888889
FIVE_FIXED_382_TARGETS,target_id,CHEMBL4296,dtiam,biomaster,720,0.1518234801608603,1,1.0,0.1388888888888889
FIVE_FIXED_382_TARGETS,target_id,CHEMBL4296,dtiam,drugclip,720,0.302260688877902,0,0.0,0.1388888888888889
FIVE_FIXED_382_TARGETS,target_id,CHEMBL4296,dtiam,conplex,720,0.01612984562349416,0,0.0,0.1388888888888889
FIVE_FIXED_382_TARGETS,target_id,CHEMBL4296,dtiam,probematch,720,0.3600170103866849,0,0.0,0.1388888888888889
FIVE_FIXED_382_TARGETS,target_id,CHEMBL4302,dtiam,biomaster,720,-0.022203925324598663,0,0.0,0.1388888888888889
FIVE_FIXED_382_TARGETS,target_id,CHEMBL4302,dtiam,drugclip,720,0.008781412391770469,1,1.0,0.1388888888888889
FIVE_FIXED_382_TARGETS,target_id,CHEMBL4302,dtiam,conplex,720,0.0026914891576526813,1,1.0,0.1388888888888889
FIVE_FIXED_382_TARGETS,target_id,CHEMBL4302,dtiam,probematch,720,0.1989044650609313,0,0.0,0.1388888888888889
FIVE_FIXED_382_TARGETS,target_id,CHEMBL4304,dtiam,biomaster,720,0.003055802846953093,0,0.0,0.1388888888888889
FIVE_FIXED_382_TARGETS,target_id,CHEMBL4304,dtiam,drugclip,720,0.0049206792943874205,0,0.0,0.1388888888888889
FIVE_FIXED_382_TARGETS,target_id,CHEMBL4304,dtiam,conplex,720,0.09106039475486667,0,0.0,0.1388888888888889
FIVE_FIXED_382_TARGETS,target_id,CHEMBL4304,dtiam,probematch,720,0.276694923407729,0,0.0,0.1388888888888889
FIVE_FIXED_382_TARGETS,target_id,CHEMBL4306,dtiam,biomaster,720,0.13958916197650523,0,0.0,0.1388888888888889
FIVE_FIXED_382_TARGETS,target_id,CHEMBL4306,dtiam,drugclip,720,0.002511659516674221,0,0.0,0.1388888888888889
FIVE_FIXED_382_TARGETS,target_id,CHEMBL4306,dtiam,conplex,720,0.08340346339997576,0,0.0,0.1388888888888889
FIVE_FIXED_382_TARGETS,target_id,CHEMBL4306,dtiam,probematch,720,0.06554546402320845,2,2.0,0.1388888888888889
FIVE_FIXED_382_TARGETS,target_id,CHEMBL4338,dtiam,biomaster,720,-0.08756782069446885,0,0.0,0.1388888888888889
FIVE_FIXED_382_TARGETS,target_id,CHEMBL4338,dtiam,drugclip,720,0.23035156103911017,0,0.0,0.1388888888888889
FIVE_FIXED_382_TARGETS,target_id,CHEMBL4338,dtiam,conplex,720,-0.11165008770768711,1,1.0,0.1388888888888889
FIVE_FIXED_382_TARGETS,target_id,CHEMBL4338,dtiam,probematch,720,-0.01689815008869985,0,0.0,0.1388888888888889
FIVE_FIXED_382_TARGETS,target_id,CHEMBL4342,dtiam,biomaster,720,-0.15406607406269823,0,0.0,0.1388888888888889
FIVE_FIXED_382_TARGETS,target_id,CHEMBL4342,dtiam,drugclip,720,0.19493073983744688,0,0.0,0.1388888888888889
FIVE_FIXED_382_TARGETS,target_id,CHEMBL4342,dtiam,conplex,720,-0.039690350320842865,0,0.0,0.1388888888888889
FIVE_FIXED_382_TARGETS,target_id,CHEMBL4342,dtiam,probematch,720,-0.05622251247307949,1,1.0,0.1388888888888889
FIVE_FIXED_382_TARGETS,target_id,CHEMBL4393,dtiam,biomaster,720,0.0398764950569081,0,0.0,0.1388888888888889
FIVE_FIXED_382_TARGETS,target_id,CHEMBL4393,dtiam,drugclip,720,0.12157761474393454,0,0.0,0.1388888888888889
FIVE_FIXED_382_TARGETS,target_id,CHEMBL4393,dtiam,conplex,720,0.002686011880721225,0,0.0,0.1388888888888889
FIVE_FIXED_382_TARGETS,target_id,CHEMBL4393,dtiam,probematch,720,0.18488958663556837,1,1.0,0.1388888888888889
FIVE_FIXED_382_TARGETS,target_id,CHEMBL4409,dtiam,biomaster,720,0.09160621618730956,1,1.0,0.1388888888888889
FIVE_FIXED_382_TARGETS,target_id,CHEMBL4409,dtiam,drugclip,720,0.051360330596088966,1,1.0,0.1388888888888889
FIVE_FIXED_382_TARGETS,target_id,CHEMBL4409,dtiam,conplex,720,0.006451494043885474,2,2.0,0.1388888888888889
FIVE_FIXED_382_TARGETS,target_id,CHEMBL4409,dtiam,probematch,720,0.4539625642888887,1,1.0,0.1388888888888889
FIVE_FIXED_382_TARGETS,target_id,CHEMBL4439,dtiam,biomaster,720,0.007695175372815369,3,3.0,0.1388888888888889
FIVE_FIXED_382_TARGETS,target_id,CHEMBL4439,dtiam,drugclip,720,0.16055726192670414,2,2.0,0.1388888888888889
FIVE_FIXED_382_TARGETS,target_id,CHEMBL4439,dtiam,conplex,720,0.16615025624334698,3,3.0,0.1388888888888889
FIVE_FIXED_382_TARGETS,target_id,CHEMBL4439,dtiam,probematch,720,0.1404234775809896,1,1.0,0.1388888888888889
FIVE_FIXED_382_TARGETS,target_id,CHEMBL4465,dtiam,biomaster,720,0.04863787783008101,0,0.0,0.1388888888888889
FIVE_FIXED_382_TARGETS,target_id,CHEMBL4465,dtiam,drugclip,720,0.4078758871595926,0,0.0,0.1388888888888889
FIVE_FIXED_382_TARGETS,target_id,CHEMBL4465,dtiam,conplex,720,-0.010570331745995608,0,0.0,0.1388888888888889
FIVE_FIXED_382_TARGETS,target_id,CHEMBL4465,dtiam,probematch,720,-0.13482929721381226,0,0.0,0.1388888888888889
FIVE_FIXED_382_TARGETS,target_id,CHEMBL4478,dtiam,biomaster,720,0.08104351805172222,0,0.0,0.1388888888888889
FIVE_FIXED_382_TARGETS,target_id,CHEMBL4478,dtiam,drugclip,720,0.3480032580119754,1,1.0,0.1388888888888889
FIVE_FIXED_382_TARGETS,target_id,CHEMBL4478,dtiam,conplex,720,0.12086311955638925,0,0.0,0.1388888888888889
FIVE_FIXED_382_TARGETS,target_id,CHEMBL4478,dtiam,probematch,720,-0.14305270950866575,0,0.0,0.1388888888888889
FIVE_FIXED_382_TARGETS,target_id,CHEMBL4481,dtiam,biomaster,720,-0.07829084403132948,0,0.0,0.1388888888888889
FIVE_FIXED_382_TARGETS,target_id,CHEMBL4481,dtiam,drugclip,720,-0.13536519399967656,0,0.0,0.1388888888888889
FIVE_FIXED_382_TARGETS,target_id,CHEMBL4481,dtiam,conplex,720,0.19730126418578323,2,2.0,0.1388888888888889
FIVE_FIXED_382_TARGETS,target_id,CHEMBL4481,dtiam,probematch,720,-0.00907528194039168,2,2.0,0.1388888888888889
FIVE_FIXED_382_TARGETS,target_id,CHEMBL4482,dtiam,biomaster,720,-0.10750475006182739,0,0.0,0.1388888888888889
FIVE_FIXED_382_TARGETS,target_id,CHEMBL4482,dtiam,drugclip,720,-0.07107000577555526,0,0.0,0.1388888888888889
FIVE_FIXED_382_TARGETS,target_id,CHEMBL4482,dtiam,conplex,720,0.2225048976507261,3,3.0,0.1388888888888889
FIVE_FIXED_382_TARGETS,target_id,CHEMBL4482,dtiam,probematch,720,-0.08403022996710842,0,0.0,0.1388888888888889
FIVE_FIXED_382_TARGETS,target_id,CHEMBL4501,dtiam,biomaster,720,-0.08877888923853236,0,0.0,0.1388888888888889
FIVE_FIXED_382_TARGETS,target_id,CHEMBL4501,dtiam,drugclip,720,0.04109519929024435,0,0.0,0.1388888888888889
FIVE_FIXED_382_TARGETS,target_id,CHEMBL4501,dtiam,conplex,720,0.15407413230843475,3,3.0,0.1388888888888889
FIVE_FIXED_382_TARGETS,target_id,CHEMBL4501,dtiam,probematch,720,0.04540242182536678,0,0.0,0.1388888888888889
FIVE_FIXED_382_TARGETS,target_id,CHEMBL4502,dtiam,biomaster,720,-0.20043780791771065,0,0.0,0.1388888888888889
FIVE_FIXED_382_TARGETS,target_id,CHEMBL4502,dtiam,drugclip,720,-0.04629188865792242,0,0.0,0.1388888888888889
FIVE_FIXED_382_TARGETS,target_id,CHEMBL4502,dtiam,conplex,720,-0.0698394966820338,0,0.0,0.1388888888888889
FIVE_FIXED_382_TARGETS,target_id,CHEMBL4502,dtiam,probematch,720,-0.25806030392502904,0,0.0,0.1388888888888889
FIVE_FIXED_382_TARGETS,target_id,CHEMBL4506,dtiam,biomaster,720,-0.1624025588593296,0,0.0,0.1388888888888889
FIVE_FIXED_382_TARGETS,target_id,CHEMBL4506,dtiam,drugclip,720,-0.12862310542373587,0,0.0,0.1388888888888889
FIVE_FIXED_382_TARGETS,target_id,CHEMBL4506,dtiam,conplex,720,0.19937593658044583,2,2.0,0.1388888888888889
FIVE_FIXED_382_TARGETS,target_id,CHEMBL4506,dtiam,probematch,720,-0.05167826462227081,0,0.0,0.1388888888888889
FIVE_FIXED_382_TARGETS,target_id,CHEMBL4523510,dtiam,biomaster,720,0.0513260423324705,0,0.0,0.1388888888888889
FIVE_FIXED_382_TARGETS,target_id,CHEMBL4523510,dtiam,drugclip,720,0.13194652712334726,1,1.0,0.1388888888888889
FIVE_FIXED_382_TARGETS,target_id,CHEMBL4523510,dtiam,conplex,720,-0.05944144510602663,0,0.0,0.1388888888888889
FIVE_FIXED_382_TARGETS,target_id,CHEMBL4523510,dtiam,probematch,720,0.214364822590933,0,0.0,0.1388888888888889
FIVE_FIXED_382_TARGETS,target_id,CHEMBL4523586,dtiam,biomaster,720,0.08562102604567418,0,0.0,0.1388888888888889
FIVE_FIXED_382_TARGETS,target_id,CHEMBL4523586,dtiam,drugclip,720,0.05877162705502845,0,0.0,0.1388888888888889
FIVE_FIXED_382_TARGETS,target_id,CHEMBL4523586,dtiam,conplex,720,0.10807984822786917,0,0.0,0.1388888888888889
FIVE_FIXED_382_TARGETS,target_id,CHEMBL4523586,dtiam,probematch,720,0.025957469419727663,2,2.0,0.1388888888888889
FIVE_FIXED_382_TARGETS,target_id,CHEMBL4588,dtiam,biomaster,720,-0.006094903628318011,0,0.0,0.1388888888888889
FIVE_FIXED_382_TARGETS,target_id,CHEMBL4588,dtiam,drugclip,720,0.15574952653301213,0,0.0,0.1388888888888889
FIVE_FIXED_382_TARGETS,target_id,CHEMBL4588,dtiam,conplex,720,4.67408375649908e-05,0,0.0,0.1388888888888889
FIVE_FIXED_382_TARGETS,target_id,CHEMBL4588,dtiam,probematch,720,0.22821878666119538,2,2.0,0.1388888888888889
FIVE_FIXED_382_TARGETS,target_id,CHEMBL4601,dtiam,biomaster,720,0.03278203951494932,2,2.0,0.1388888888888889
FIVE_FIXED_382_TARGETS,target_id,CHEMBL4601,dtiam,drugclip,720,0.01856019047877941,1,1.0,0.1388888888888889
FIVE_FIXED_382_TARGETS,target_id,CHEMBL4601,dtiam,conplex,720,0.10014689463051163,2,2.0,0.1388888888888889
FIVE_FIXED_382_TARGETS,target_id,CHEMBL4601,dtiam,probematch,720,0.1716304783479741,0,0.0,0.1388888888888889
FIVE_FIXED_382_TARGETS,target_id,CHEMBL4618,dtiam,biomaster,720,0.11302617323792388,0,0.0,0.1388888888888889
FIVE_FIXED_382_TARGETS,target_id,CHEMBL4618,dtiam,drugclip,720,-0.10733832418595214,0,0.0,0.1388888888888889
FIVE_FIXED_382_TARGETS,target_id,CHEMBL4618,dtiam,conplex,720,-0.03211538825669056,0,0.0,0.1388888888888889
FIVE_FIXED_382_TARGETS,target_id,CHEMBL4618,dtiam,probematch,720,0.010902349669574431,0,0.0,0.1388888888888889
FIVE_FIXED_382_TARGETS,target_id,CHEMBL4625,dtiam,biomaster,720,-0.14292176145642196,0,0.0,0.1388888888888889
FIVE_FIXED_382_TARGETS,target_id,CHEMBL4625,dtiam,drugclip,720,0.0854152957757787,1,1.0,0.1388888888888889
FIVE_FIXED_382_TARGETS,target_id,CHEMBL4625,dtiam,conplex,720,-0.055933644977971514,0,0.0,0.1388888888888889
FIVE_FIXED_382_TARGETS,target_id,CHEMBL4625,dtiam,probematch,720,0.2676929911823312,0,0.0,0.1388888888888889
FIVE_FIXED_382_TARGETS,target_id,CHEMBL4630,dtiam,biomaster,720,-0.03227083413692278,0,0.0,0.1388888888888889
FIVE_FIXED_382_TARGETS,target_id,CHEMBL4630,dtiam,drugclip,720,0.003155661587505304,1,1.0,0.1388888888888889
FIVE_FIXED_382_TARGETS,target_id,CHEMBL4630,dtiam,conplex,720,0.11706992175887802,2,2.0,0.1388888888888889
FIVE_FIXED_382_TARGETS,target_id,CHEMBL4630,dtiam,probematch,720,0.0691666615293216,0,0.0,0.1388888888888889
FIVE_FIXED_382_TARGETS,target_id,CHEMBL4665582,dtiam,biomaster,720,-0.0633273525524492,0,0.0,0.1388888888888889
FIVE_FIXED_382_TARGETS,target_id,CHEMBL4665582,dtiam,drugclip,720,-0.03378880916434475,0,0.0,0.1388888888888889
FIVE_FIXED_382_TARGETS,target_id,CHEMBL4665582,dtiam,conplex,720,0.14915698822794934,2,2.0,0.1388888888888889
FIVE_FIXED_382_TARGETS,target_id,CHEMBL4665582,dtiam,probematch,720,0.012092986716657598,0,0.0,0.1388888888888889
FIVE_FIXED_382_TARGETS,target_id,CHEMBL4685,dtiam,biomaster,720,0.15521878986558266,0,0.0,0.1388888888888889
FIVE_FIXED_382_TARGETS,target_id,CHEMBL4685,dtiam,drugclip,720,0.1048945981911024,1,1.0,0.1388888888888889
FIVE_FIXED_382_TARGETS,target_id,CHEMBL4685,dtiam,conplex,720,0.05232944289045219,1,1.0,0.1388888888888889
FIVE_FIXED_382_TARGETS,target_id,CHEMBL4685,dtiam,probematch,720,0.11408756619710625,1,1.0,0.1388888888888889
FIVE_FIXED_382_TARGETS,target_id,CHEMBL4703,dtiam,biomaster,720,-0.11321661536595383,0,0.0,0.1388888888888889
FIVE_FIXED_382_TARGETS,target_id,CHEMBL4703,dtiam,drugclip,720,0.050497433407727374,0,0.0,0.1388888888888889
FIVE_FIXED_382_TARGETS,target_id,CHEMBL4703,dtiam,conplex,720,0.1450721105986748,0,0.0,0.1388888888888889
FIVE_FIXED_382_TARGETS,target_id,CHEMBL4703,dtiam,probematch,720,0.24805605599014732,0,0.0,0.1388888888888889
FIVE_FIXED_382_TARGETS,target_id,CHEMBL4722,dtiam,biomaster,720,-0.011104140932384253,0,0.0,0.1388888888888889
FIVE_FIXED_382_TARGETS,target_id,CHEMBL4722,dtiam,drugclip,720,-0.10125534830803494,0,0.0,0.1388888888888889
FIVE_FIXED_382_TARGETS,target_id,CHEMBL4722,dtiam,conplex,720,0.009187439890105394,0,0.0,0.1388888888888889
FIVE_FIXED_382_TARGETS,target_id,CHEMBL4722,dtiam,probematch,720,0.07111249235818236,2,2.0,0.1388888888888889
FIVE_FIXED_382_TARGETS,target_id,CHEMBL4770,dtiam,biomaster,720,0.06969675519133864,0,0.0,0.1388888888888889
FIVE_FIXED_382_TARGETS,target_id,CHEMBL4770,dtiam,drugclip,720,0.150052820081484,0,0.0,0.1388888888888889
FIVE_FIXED_382_TARGETS,target_id,CHEMBL4770,dtiam,conplex,720,-0.03799626331065025,0,0.0,0.1388888888888889
FIVE_FIXED_382_TARGETS,target_id,CHEMBL4770,dtiam,probematch,720,-0.0024714716783966082,1,1.0,0.1388888888888889
FIVE_FIXED_382_TARGETS,target_id,CHEMBL4791,dtiam,biomaster,720,-0.10116510249839873,0,0.0,0.1388888888888889
FIVE_FIXED_382_TARGETS,target_id,CHEMBL4791,dtiam,drugclip,720,-0.10071188013343911,0,0.0,0.1388888888888889
FIVE_FIXED_382_TARGETS,target_id,CHEMBL4791,dtiam,conplex,720,-0.04502353566767237,0,0.0,0.1388888888888889
FIVE_FIXED_382_TARGETS,target_id,CHEMBL4791,dtiam,probematch,720,0.029499512959569242,1,1.0,0.1388888888888889
FIVE_FIXED_382_TARGETS,target_id,CHEMBL4794,dtiam,biomaster,720,0.14757141396946516,0,0.0,0.1388888888888889
FIVE_FIXED_382_TARGETS,target_id,CHEMBL4794,dtiam,drugclip,720,-0.17199984866867685,0,0.0,0.1388888888888889
FIVE_FIXED_382_TARGETS,target_id,CHEMBL4794,dtiam,conplex,720,-0.08761210768881567,1,1.0,0.1388888888888889
FIVE_FIXED_382_TARGETS,target_id,CHEMBL4794,dtiam,probematch,720,0.2273950543029734,0,0.0,0.1388888888888889
FIVE_FIXED_382_TARGETS,target_id,CHEMBL4801,dtiam,biomaster,720,-0.050675610207515,0,0.0,0.1388888888888889
FIVE_FIXED_382_TARGETS,target_id,CHEMBL4801,dtiam,drugclip,720,-0.17812503785192088,0,0.0,0.1388888888888889
FIVE_FIXED_382_TARGETS,target_id,CHEMBL4801,dtiam,conplex,720,-0.0033117578223474603,0,0.0,0.1388888888888889
FIVE_FIXED_382_TARGETS,target_id,CHEMBL4801,dtiam,probematch,720,0.04012453439475752,1,1.0,0.1388888888888889
FIVE_FIXED_382_TARGETS,target_id,CHEMBL4816,dtiam,biomaster,720,-0.1556379984951749,0,0.0,0.1388888888888889
FIVE_FIXED_382_TARGETS,target_id,CHEMBL4816,dtiam,drugclip,720,0.13314471948402662,1,1.0,0.1388888888888889
FIVE_FIXED_382_TARGETS,target_id,CHEMBL4816,dtiam,conplex,720,0.19965091160805742,1,1.0,0.1388888888888889
FIVE_FIXED_382_TARGETS,target_id,CHEMBL4816,dtiam,probematch,720,-0.11283986241966885,1,1.0,0.1388888888888889
FIVE_FIXED_382_TARGETS,target_id,CHEMBL4822,dtiam,biomaster,720,-0.09318743079704518,0,0.0,0.1388888888888889
FIVE_FIXED_382_TARGETS,target_id,CHEMBL4822,dtiam,drugclip,720,-0.30571639286598795,0,0.0,0.1388888888888889
FIVE_FIXED_382_TARGETS,target_id,CHEMBL4822,dtiam,conplex,720,-0.19578680838397733,0,0.0,0.1388888888888889
FIVE_FIXED_382_TARGETS,target_id,CHEMBL4822,dtiam,probematch,720,0.40830170141884686,2,2.0,0.1388888888888889
FIVE_FIXED_382_TARGETS,target_id,CHEMBL4860,dtiam,biomaster,720,-0.07943259659193178,0,0.0,0.1388888888888889
FIVE_FIXED_382_TARGETS,target_id,CHEMBL4860,dtiam,drugclip,720,-0.02550585456829917,2,2.0,0.1388888888888889
FIVE_FIXED_382_TARGETS,target_id,CHEMBL4860,dtiam,conplex,720,-0.0859397811831955,0,0.0,0.1388888888888889
FIVE_FIXED_382_TARGETS,target_id,CHEMBL4860,dtiam,probematch,720,0.39082002872514815,2,2.0,0.1388888888888889
FIVE_FIXED_382_TARGETS,target_id,CHEMBL4895,dtiam,biomaster,720,0.08329275165391468,2,2.0,0.1388888888888889
FIVE_FIXED_382_TARGETS,target_id,CHEMBL4895,dtiam,drugclip,720,0.08589742123402755,1,1.0,0.1388888888888889
FIVE_FIXED_382_TARGETS,target_id,CHEMBL4895,dtiam,conplex,720,0.12463807002611356,3,3.0,0.1388888888888889
FIVE_FIXED_382_TARGETS,target_id,CHEMBL4895,dtiam,probematch,720,0.1875579915529833,2,2.0,0.1388888888888889
FIVE_FIXED_382_TARGETS,target_id,CHEMBL4898,dtiam,biomaster,720,0.051512642503161114,2,2.0,0.1388888888888889
FIVE_FIXED_382_TARGETS,target_id,CHEMBL4898,dtiam,drugclip,720,0.02399543485447338,0,0.0,0.1388888888888889
FIVE_FIXED_382_TARGETS,target_id,CHEMBL4898,dtiam,conplex,720,0.13417883542111725,2,2.0,0.1388888888888889
FIVE_FIXED_382_TARGETS,target_id,CHEMBL4898,dtiam,probematch,720,0.33260658180677616,1,1.0,0.1388888888888889
FIVE_FIXED_382_TARGETS,target_id,CHEMBL4899,dtiam,biomaster,720,-0.024958914164476174,0,0.0,0.1388888888888889
FIVE_FIXED_382_TARGETS,target_id,CHEMBL4899,dtiam,drugclip,720,-0.05229863624419466,0,0.0,0.1388888888888889
FIVE_FIXED_382_TARGETS,target_id,CHEMBL4899,dtiam,conplex,720,0.10470799271040551,2,2.0,0.1388888888888889
FIVE_FIXED_382_TARGETS,target_id,CHEMBL4899,dtiam,probematch,720,0.08575767712844264,1,0.8333333333333334,0.1388888888888889
FIVE_FIXED_382_TARGETS,target_id,CHEMBL4937,dtiam,biomaster,720,-0.09195176729595579,0,0.0,0.1388888888888889
FIVE_FIXED_382_TARGETS,target_id,CHEMBL4937,dtiam,drugclip,720,0.24558943900261465,0,0.0,0.1388888888888889
FIVE_FIXED_382_TARGETS,target_id,CHEMBL4937,dtiam,conplex,720,0.21507156938208433,0,0.0,0.1388888888888889
FIVE_FIXED_382_TARGETS,target_id,CHEMBL4937,dtiam,probematch,720,0.03355530174881651,0,0.0,0.1388888888888889
FIVE_FIXED_382_TARGETS,target_id,CHEMBL4956,dtiam,biomaster,720,0.2020084611635469,0,0.0,0.1388888888888889
FIVE_FIXED_382_TARGETS,target_id,CHEMBL4956,dtiam,drugclip,720,-0.2545455398898103,0,0.0,0.1388888888888889
FIVE_FIXED_382_TARGETS,target_id,CHEMBL4956,dtiam,conplex,720,-0.17633245019180496,0,0.0,0.1388888888888889
FIVE_FIXED_382_TARGETS,target_id,CHEMBL4956,dtiam,probematch,720,0.2025341823887593,0,0.0,0.1388888888888889
FIVE_FIXED_382_TARGETS,target_id,CHEMBL4979,dtiam,biomaster,720,0.11310137272090894,1,1.0,0.1388888888888889
FIVE_FIXED_382_TARGETS,target_id,CHEMBL4979,dtiam,drugclip,720,0.06907744452834531,0,0.0,0.1388888888888889
FIVE_FIXED_382_TARGETS,target_id,CHEMBL4979,dtiam,conplex,720,-0.014320238042534135,1,1.0,0.1388888888888889
FIVE_FIXED_382_TARGETS,target_id,CHEMBL4979,dtiam,probematch,720,0.261654003933168,0,0.0,0.1388888888888889
FIVE_FIXED_382_TARGETS,target_id,CHEMBL5122,dtiam,biomaster,720,0.09547074378397852,5,5.0,0.1388888888888889
FIVE_FIXED_382_TARGETS,target_id,CHEMBL5122,dtiam,drugclip,720,0.050863882192277964,5,5.0,0.1388888888888889
FIVE_FIXED_382_TARGETS,target_id,CHEMBL5122,dtiam,conplex,720,0.1431075742207745,2,2.0,0.1388888888888889
FIVE_FIXED_382_TARGETS,target_id,CHEMBL5122,dtiam,probematch,720,0.2932993177037373,2,2.0,0.1388888888888889
FIVE_FIXED_382_TARGETS,target_id,CHEMBL5141,dtiam,biomaster,720,0.13559246426270413,0,0.0,0.1388888888888889
FIVE_FIXED_382_TARGETS,target_id,CHEMBL5141,dtiam,drugclip,720,-0.20573559381135983,0,0.0,0.1388888888888889
FIVE_FIXED_382_TARGETS,target_id,CHEMBL5141,dtiam,conplex,720,-0.057874893926184535,1,1.0,0.1388888888888889
FIVE_FIXED_382_TARGETS,target_id,CHEMBL5141,dtiam,probematch,720,0.0037996154329304555,1,1.0,0.1388888888888889
FIVE_FIXED_382_TARGETS,target_id,CHEMBL5145,dtiam,biomaster,720,0.04805353058638921,1,1.0,0.1388888888888889
FIVE_FIXED_382_TARGETS,target_id,CHEMBL5145,dtiam,drugclip,720,-0.019487693635956087,0,0.0,0.1388888888888889
FIVE_FIXED_382_TARGETS,target_id,CHEMBL5145,dtiam,conplex,720,0.053856150943630283,0,0.0,0.1388888888888889
FIVE_FIXED_382_TARGETS,target_id,CHEMBL5145,dtiam,probematch,720,0.20455188514759576,2,2.0,0.1388888888888889
FIVE_FIXED_382_TARGETS,target_id,CHEMBL5147,dtiam,biomaster,720,0.027811093272444257,2,2.0,0.1388888888888889
FIVE_FIXED_382_TARGETS,target_id,CHEMBL5147,dtiam,drugclip,720,0.17556549050715503,1,1.0,0.1388888888888889
FIVE_FIXED_382_TARGETS,target_id,CHEMBL5147,dtiam,conplex,720,0.1419017594537667,3,3.0,0.1388888888888889
FIVE_FIXED_382_TARGETS,target_id,CHEMBL5147,dtiam,probematch,720,0.17798132614224013,0,0.0,0.1388888888888889
FIVE_FIXED_382_TARGETS,target_id,CHEMBL5163,dtiam,biomaster,720,0.12153517638671336,0,0.0,0.1388888888888889
FIVE_FIXED_382_TARGETS,target_id,CHEMBL5163,dtiam,drugclip,720,0.30215856354327086,1,1.0,0.1388888888888889
FIVE_FIXED_382_TARGETS,target_id,CHEMBL5163,dtiam,conplex,720,0.04224859052893731,0,0.0,0.1388888888888889
FIVE_FIXED_382_TARGETS,target_id,CHEMBL5163,dtiam,probematch,720,-0.1739236565621615,0,0.0,0.1388888888888889
FIVE_FIXED_382_TARGETS,target_id,CHEMBL5167,dtiam,biomaster,720,0.16765409658868893,0,0.0,0.1388888888888889
FIVE_FIXED_382_TARGETS,target_id,CHEMBL5167,dtiam,drugclip,720,-0.09037719171710364,0,0.0,0.1388888888888889
FIVE_FIXED_382_TARGETS,target_id,CHEMBL5167,dtiam,conplex,720,-0.023834268421387937,0,0.0,0.1388888888888889
FIVE_FIXED_382_TARGETS,target_id,CHEMBL5167,dtiam,probematch,720,0.1365341950120338,0,0.0,0.1388888888888889
FIVE_FIXED_382_TARGETS,target_id,CHEMBL5202,dtiam,biomaster,720,0.12997357754121677,0,0.0,0.1388888888888889
FIVE_FIXED_382_TARGETS,target_id,CHEMBL5202,dtiam,drugclip,720,-0.06009616997925262,0,0.0,0.1388888888888889
FIVE_FIXED_382_TARGETS,target_id,CHEMBL5202,dtiam,conplex,720,0.03446447362316445,0,0.0,0.1388888888888889
FIVE_FIXED_382_TARGETS,target_id,CHEMBL5202,dtiam,probematch,720,0.2295358622929317,0,0.0,0.1388888888888889
FIVE_FIXED_382_TARGETS,target_id,CHEMBL5216,dtiam,biomaster,720,-0.09159028572821633,0,0.0,0.1388888888888889
FIVE_FIXED_382_TARGETS,target_id,CHEMBL5216,dtiam,drugclip,720,0.07025223149201178,0,0.0,0.1388888888888889
FIVE_FIXED_382_TARGETS,target_id,CHEMBL5216,dtiam,conplex,720,0.002701424669499354,0,0.0,0.1388888888888889
FIVE_FIXED_382_TARGETS,target_id,CHEMBL5216,dtiam,probematch,720,-0.09413888590583533,0,0.0,0.1388888888888889
FIVE_FIXED_382_TARGETS,target_id,CHEMBL5251,dtiam,biomaster,720,0.020067202425210737,4,4.0,0.1388888888888889
FIVE_FIXED_382_TARGETS,target_id,CHEMBL5251,dtiam,drugclip,720,-0.11990343762669511,1,1.0,0.1388888888888889
FIVE_FIXED_382_TARGETS,target_id,CHEMBL5251,dtiam,conplex,720,0.11087297464361193,2,2.0,0.1388888888888889
FIVE_FIXED_382_TARGETS,target_id,CHEMBL5251,dtiam,probematch,720,0.16396993804923993,0,0.0,0.1388888888888889
FIVE_FIXED_382_TARGETS,target_id,CHEMBL5285,dtiam,biomaster,720,-0.14809043186325285,0,0.0,0.1388888888888889
FIVE_FIXED_382_TARGETS,target_id,CHEMBL5285,dtiam,drugclip,720,0.020773463333810013,1,1.0,0.1388888888888889
FIVE_FIXED_382_TARGETS,target_id,CHEMBL5285,dtiam,conplex,720,0.21092355290658432,2,2.0,0.1388888888888889
FIVE_FIXED_382_TARGETS,target_id,CHEMBL5285,dtiam,probematch,720,0.024445490417776706,1,1.0,0.1388888888888889
FIVE_FIXED_382_TARGETS,target_id,CHEMBL5311,dtiam,biomaster,720,0.016108410841138832,2,2.0,0.1388888888888889
FIVE_FIXED_382_TARGETS,target_id,CHEMBL5311,dtiam,drugclip,720,0.07800493167468725,1,1.0,0.1388888888888889
FIVE_FIXED_382_TARGETS,target_id,CHEMBL5311,dtiam,conplex,720,0.128009230904957,2,2.0,0.1388888888888889
FIVE_FIXED_382_TARGETS,target_id,CHEMBL5311,dtiam,probematch,720,-0.10046427482424311,0,0.0,0.1388888888888889
FIVE_FIXED_382_TARGETS,target_id,CHEMBL5331,dtiam,biomaster,720,0.04484490142803402,2,2.0,0.1388888888888889
FIVE_FIXED_382_TARGETS,target_id,CHEMBL5331,dtiam,drugclip,720,-0.09959547806122238,0,0.0,0.1388888888888889
FIVE_FIXED_382_TARGETS,target_id,CHEMBL5331,dtiam,conplex,720,0.015571454307942316,0,0.0,0.1388888888888889
FIVE_FIXED_382_TARGETS,target_id,CHEMBL5331,dtiam,probematch,720,0.10302821068094885,1,1.0,0.1388888888888889
FIVE_FIXED_382_TARGETS,target_id,CHEMBL5366,dtiam,biomaster,720,-0.017143311977328598,1,1.0,0.1388888888888889
FIVE_FIXED_382_TARGETS,target_id,CHEMBL5366,dtiam,drugclip,720,0.05763762270964609,0,0.0,0.1388888888888889
FIVE_FIXED_382_TARGETS,target_id,CHEMBL5366,dtiam,conplex,720,0.014385952064386132,4,4.0,0.1388888888888889
FIVE_FIXED_382_TARGETS,target_id,CHEMBL5366,dtiam,probematch,720,0.23708823229445106,1,1.0,0.1388888888888889
FIVE_FIXED_382_TARGETS,target_id,CHEMBL5443,dtiam,biomaster,720,-0.05876373416359072,0,0.0,0.1388888888888889
FIVE_FIXED_382_TARGETS,target_id,CHEMBL5443,dtiam,drugclip,720,0.09277026496058827,0,0.0,0.1388888888888889
FIVE_FIXED_382_TARGETS,target_id,CHEMBL5443,dtiam,conplex,720,0.18379548709408844,2,2.0,0.1388888888888889
FIVE_FIXED_382_TARGETS,target_id,CHEMBL5443,dtiam,probematch,720,-0.09001870012453202,0,0.0,0.1388888888888889
FIVE_FIXED_382_TARGETS,target_id,CHEMBL5451,dtiam,biomaster,720,0.18191193785282028,0,0.0,0.1388888888888889
FIVE_FIXED_382_TARGETS,target_id,CHEMBL5451,dtiam,drugclip,720,0.07056460352137602,0,0.0,0.1388888888888889
FIVE_FIXED_382_TARGETS,target_id,CHEMBL5451,dtiam,conplex,720,0.006793959576660858,0,0.0,0.1388888888888889
FIVE_FIXED_382_TARGETS,target_id,CHEMBL5451,dtiam,probematch,720,0.2344505947113331,0,0.0,0.1388888888888889
FIVE_FIXED_382_TARGETS,target_id,CHEMBL5464,dtiam,biomaster,720,0.1267162567980044,0,0.0,0.1388888888888889
FIVE_FIXED_382_TARGETS,target_id,CHEMBL5464,dtiam,drugclip,720,0.040825635346213446,0,0.0,0.1388888888888889
FIVE_FIXED_382_TARGETS,target_id,CHEMBL5464,dtiam,conplex,720,0.03853264236486656,0,0.0,0.1388888888888889
FIVE_FIXED_382_TARGETS,target_id,CHEMBL5464,dtiam,probematch,720,0.18349222010470786,1,1.0,0.1388888888888889
FIVE_FIXED_382_TARGETS,target_id,CHEMBL5469,dtiam,biomaster,720,-0.022956868587432695,2,2.0,0.1388888888888889
FIVE_FIXED_382_TARGETS,target_id,CHEMBL5469,dtiam,drugclip,720,-0.188030391554369,0,0.0,0.1388888888888889
FIVE_FIXED_382_TARGETS,target_id,CHEMBL5469,dtiam,conplex,720,0.15320191560170474,3,3.0,0.1388888888888889
FIVE_FIXED_382_TARGETS,target_id,CHEMBL5469,dtiam,probematch,720,0.1078418295741647,1,1.0,0.1388888888888889
FIVE_FIXED_382_TARGETS,target_id,CHEMBL5491,dtiam,biomaster,720,0.018505036689527216,1,1.0,0.1388888888888889
FIVE_FIXED_382_TARGETS,target_id,CHEMBL5491,dtiam,drugclip,720,0.12869312871315078,1,1.0,0.1388888888888889
FIVE_FIXED_382_TARGETS,target_id,CHEMBL5491,dtiam,conplex,720,0.1555842393638435,3,3.0,0.1388888888888889
FIVE_FIXED_382_TARGETS,target_id,CHEMBL5491,dtiam,probematch,720,0.2917633545875568,2,2.0,0.1388888888888889
FIVE_FIXED_382_TARGETS,target_id,CHEMBL5568,dtiam,biomaster,720,-0.02776206410974557,1,1.0,0.1388888888888889
FIVE_FIXED_382_TARGETS,target_id,CHEMBL5568,dtiam,drugclip,720,0.21952225678438916,0,0.0,0.1388888888888889
FIVE_FIXED_382_TARGETS,target_id,CHEMBL5568,dtiam,conplex,720,0.06103073600729464,1,1.0,0.1388888888888889
FIVE_FIXED_382_TARGETS,target_id,CHEMBL5568,dtiam,probematch,720,0.04992726443337993,2,2.0,0.1388888888888889
FIVE_FIXED_382_TARGETS,target_id,CHEMBL5608,dtiam,biomaster,720,0.05787199818248112,2,2.0,0.1388888888888889
FIVE_FIXED_382_TARGETS,target_id,CHEMBL5608,dtiam,drugclip,720,0.0419168476813978,2,2.0,0.1388888888888889
FIVE_FIXED_382_TARGETS,target_id,CHEMBL5608,dtiam,conplex,720,0.14625880219299342,2,2.0,0.1388888888888889
FIVE_FIXED_382_TARGETS,target_id,CHEMBL5608,dtiam,probematch,720,0.1957320096766534,1,1.0,0.1388888888888889
FIVE_FIXED_382_TARGETS,target_id,CHEMBL5619,dtiam,biomaster,720,-0.07605334594738514,0,0.0,0.1388888888888889
FIVE_FIXED_382_TARGETS,target_id,CHEMBL5619,dtiam,drugclip,720,-0.0759084929030973,0,0.0,0.1388888888888889
FIVE_FIXED_382_TARGETS,target_id,CHEMBL5619,dtiam,conplex,720,-0.002102027861266951,0,0.0,0.1388888888888889
FIVE_FIXED_382_TARGETS,target_id,CHEMBL5619,dtiam,probematch,720,-0.12527500839142208,0,0.0,0.1388888888888889
FIVE_FIXED_382_TARGETS,target_id,CHEMBL5689,dtiam,biomaster,720,0.09911941292898575,1,1.0,0.1388888888888889
FIVE_FIXED_382_TARGETS,target_id,CHEMBL5689,dtiam,drugclip,720,-0.14989075056727805,0,0.0,0.1388888888888889
FIVE_FIXED_382_TARGETS,target_id,CHEMBL5689,dtiam,conplex,720,0.13865901193197652,2,2.0,0.1388888888888889
FIVE_FIXED_382_TARGETS,target_id,CHEMBL5689,dtiam,probematch,720,0.0538603677899333,0,0.0,0.1388888888888889
FIVE_FIXED_382_TARGETS,target_id,CHEMBL5697,dtiam,biomaster,720,-0.0806273810239252,1,1.0,0.1388888888888889
FIVE_FIXED_382_TARGETS,target_id,CHEMBL5697,dtiam,drugclip,720,0.23024911420177285,0,0.0,0.1388888888888889
FIVE_FIXED_382_TARGETS,target_id,CHEMBL5697,dtiam,conplex,720,-0.0378354880540052,1,1.0,0.1388888888888889
FIVE_FIXED_382_TARGETS,target_id,CHEMBL5697,dtiam,probematch,720,0.151251253569193,1,1.0,0.1388888888888889
FIVE_FIXED_382_TARGETS,target_id,CHEMBL5705,dtiam,biomaster,720,0.009993734796388236,0,0.0,0.1388888888888889
FIVE_FIXED_382_TARGETS,target_id,CHEMBL5705,dtiam,drugclip,720,0.07349553471723291,0,0.0,0.1388888888888889
FIVE_FIXED_382_TARGETS,target_id,CHEMBL5705,dtiam,conplex,720,0.0582662514237229,0,0.0,0.1388888888888889
FIVE_FIXED_382_TARGETS,target_id,CHEMBL5705,dtiam,probematch,720,-0.06894649647610154,0,0.0,0.1388888888888889
FIVE_FIXED_382_TARGETS,target_id,CHEMBL5721,dtiam,biomaster,720,-0.04795212863284714,0,0.0,0.1388888888888889
FIVE_FIXED_382_TARGETS,target_id,CHEMBL5721,dtiam,drugclip,720,0.13133936926264908,0,0.0,0.1388888888888889
FIVE_FIXED_382_TARGETS,target_id,CHEMBL5721,dtiam,conplex,720,0.05913808648127988,2,2.0,0.1388888888888889
FIVE_FIXED_382_TARGETS,target_id,CHEMBL5721,dtiam,probematch,720,-0.12590160109071127,0,0.0,0.1388888888888889
FIVE_FIXED_382_TARGETS,target_id,CHEMBL5731,dtiam,biomaster,720,0.04796227204322841,1,1.0,0.1388888888888889
FIVE_FIXED_382_TARGETS,target_id,CHEMBL5731,dtiam,drugclip,720,-0.25951367298363587,0,0.0,0.1388888888888889
FIVE_FIXED_382_TARGETS,target_id,CHEMBL5731,dtiam,conplex,720,-0.10570278021153186,0,0.0,0.1388888888888889
FIVE_FIXED_382_TARGETS,target_id,CHEMBL5731,dtiam,probematch,720,0.24490029992023277,0,0.0,0.1388888888888889
FIVE_FIXED_382_TARGETS,target_id,CHEMBL5838,dtiam,biomaster,720,0.06115634122815135,3,3.0,0.1388888888888889
FIVE_FIXED_382_TARGETS,target_id,CHEMBL5838,dtiam,drugclip,720,0.20459441995562877,2,2.0,0.1388888888888889
FIVE_FIXED_382_TARGETS,target_id,CHEMBL5838,dtiam,conplex,720,-0.06400279366200815,0,0.0,0.1388888888888889
FIVE_FIXED_382_TARGETS,target_id,CHEMBL5838,dtiam,probematch,720,0.20670373491060284,1,1.0,0.1388888888888889
FIVE_FIXED_382_TARGETS,target_id,CHEMBL5903,dtiam,biomaster,720,0.017421877997133697,4,4.0,0.1388888888888889
FIVE_FIXED_382_TARGETS,target_id,CHEMBL5903,dtiam,drugclip,720,0.13777813611040565,0,0.0,0.1388888888888889
FIVE_FIXED_382_TARGETS,target_id,CHEMBL5903,dtiam,conplex,720,0.15116830155425762,3,3.0,0.1388888888888889
FIVE_FIXED_382_TARGETS,target_id,CHEMBL5903,dtiam,probematch,720,0.04799022670353432,1,1.0,0.1388888888888889
FIVE_FIXED_382_TARGETS,target_id,CHEMBL6007,dtiam,biomaster,720,0.091198888333663,0,0.0,0.1388888888888889
FIVE_FIXED_382_TARGETS,target_id,CHEMBL6007,dtiam,drugclip,720,-0.18471516817376626,0,0.0,0.1388888888888889
FIVE_FIXED_382_TARGETS,target_id,CHEMBL6007,dtiam,conplex,720,0.05583724557780424,2,2.0,0.1388888888888889
FIVE_FIXED_382_TARGETS,target_id,CHEMBL6007,dtiam,probematch,720,-0.1517430080334932,0,0.0,0.1388888888888889
FIVE_FIXED_382_TARGETS,target_id,CHEMBL6009,dtiam,biomaster,720,0.05793184591124415,0,0.0,0.1388888888888889
FIVE_FIXED_382_TARGETS,target_id,CHEMBL6009,dtiam,drugclip,720,-0.09751196369842252,0,0.0,0.1388888888888889
FIVE_FIXED_382_TARGETS,target_id,CHEMBL6009,dtiam,conplex,720,-0.032422156609725465,0,0.0,0.1388888888888889
FIVE_FIXED_382_TARGETS,target_id,CHEMBL6009,dtiam,probematch,720,-0.19956230942726055,0,0.0,0.1388888888888889
FIVE_FIXED_382_TARGETS,target_id,CHEMBL6044,dtiam,biomaster,720,-0.06411932624381847,0,0.0,0.1388888888888889
FIVE_FIXED_382_TARGETS,target_id,CHEMBL6044,dtiam,drugclip,720,-0.005371281412291322,0,0.0,0.1388888888888889
FIVE_FIXED_382_TARGETS,target_id,CHEMBL6044,dtiam,conplex,720,0.05232091728494037,1,1.0,0.1388888888888889
FIVE_FIXED_382_TARGETS,target_id,CHEMBL6044,dtiam,probematch,720,-0.154243897209509,0,0.0,0.1388888888888889
FIVE_FIXED_382_TARGETS,target_id,CHEMBL6120,dtiam,biomaster,720,-0.043016017208561116,0,0.0,0.1388888888888889
FIVE_FIXED_382_TARGETS,target_id,CHEMBL6120,dtiam,drugclip,720,0.33359144910183486,0,0.0,0.1388888888888889
FIVE_FIXED_382_TARGETS,target_id,CHEMBL6120,dtiam,conplex,720,-0.10969943369768546,0,0.0,0.1388888888888889
FIVE_FIXED_382_TARGETS,target_id,CHEMBL6120,dtiam,probematch,720,0.08678912506486651,0,0.0,0.1388888888888889
FIVE_FIXED_382_TARGETS,target_id,CHEMBL6136,dtiam,biomaster,720,0.03881529499934947,0,0.0,0.1388888888888889
FIVE_FIXED_382_TARGETS,target_id,CHEMBL6136,dtiam,drugclip,720,-0.05031853322685076,0,0.0,0.1388888888888889
FIVE_FIXED_382_TARGETS,target_id,CHEMBL6136,dtiam,conplex,720,0.1517942216227973,2,2.0,0.1388888888888889
FIVE_FIXED_382_TARGETS,target_id,CHEMBL6136,dtiam,probematch,720,0.22097799954463979,1,1.0,0.1388888888888889
OLD_NEW_FIVE_FIXED_382_TARGETS,target_id,CHEMBL1075094,dtiam_historical,dtiam,720,0.5294392418425393,3,3.0,0.1388888888888889
OLD_NEW_FIVE_FIXED_382_TARGETS,target_id,CHEMBL1075126,dtiam_historical,dtiam,720,0.16500213180425774,0,0.0,0.1388888888888889
OLD_NEW_FIVE_FIXED_382_TARGETS,target_id,CHEMBL1075319,dtiam_historical,dtiam,720,0.5626416330062681,2,2.0,0.1388888888888889
OLD_NEW_FIVE_FIXED_382_TARGETS,target_id,CHEMBL1163124,dtiam_historical,dtiam,720,0.3486656487139915,3,3.0,0.1388888888888889
OLD_NEW_FIVE_FIXED_382_TARGETS,target_id,CHEMBL1169596,dtiam_historical,dtiam,720,0.42893581517798013,4,4.0,0.1388888888888889
OLD_NEW_FIVE_FIXED_382_TARGETS,target_id,CHEMBL1250375,dtiam_historical,dtiam,720,0.39945658643281934,1,1.0,0.1388888888888889
OLD_NEW_FIVE_FIXED_382_TARGETS,target_id,CHEMBL1250417,dtiam_historical,dtiam,720,0.29884246637672157,0,0.0,0.1388888888888889
OLD_NEW_FIVE_FIXED_382_TARGETS,target_id,CHEMBL1255163,dtiam_historical,dtiam,720,0.4236295732940153,0,0.0,0.1388888888888889
OLD_NEW_FIVE_FIXED_382_TARGETS,target_id,CHEMBL1287628,dtiam_historical,dtiam,720,0.5322160609616767,1,1.0,0.1388888888888889
OLD_NEW_FIVE_FIXED_382_TARGETS,target_id,CHEMBL1628478,dtiam_historical,dtiam,720,0.39765260243844713,1,1.0,0.1388888888888889
OLD_NEW_FIVE_FIXED_382_TARGETS,target_id,CHEMBL1641347,dtiam_historical,dtiam,720,0.4989745429151415,0,0.0,0.1388888888888889
OLD_NEW_FIVE_FIXED_382_TARGETS,target_id,CHEMBL1641348,dtiam_historical,dtiam,720,0.4791391423486955,1,1.0,0.1388888888888889
OLD_NEW_FIVE_FIXED_382_TARGETS,target_id,CHEMBL1641353,dtiam_historical,dtiam,720,0.36812064724480437,1,1.0,0.1388888888888889
OLD_NEW_FIVE_FIXED_382_TARGETS,target_id,CHEMBL1744522,dtiam_historical,dtiam,720,0.45400405855407133,3,3.0,0.1388888888888889
OLD_NEW_FIVE_FIXED_382_TARGETS,target_id,CHEMBL1744525,dtiam_historical,dtiam,720,0.40060062176378364,2,2.0,0.1388888888888889
OLD_NEW_FIVE_FIXED_382_TARGETS,target_id,CHEMBL1781,dtiam_historical,dtiam,720,0.3670592059663706,1,1.0,0.1388888888888889
OLD_NEW_FIVE_FIXED_382_TARGETS,target_id,CHEMBL1781870,dtiam_historical,dtiam,720,0.4685386184824946,1,1.0,0.1388888888888889
OLD_NEW_FIVE_FIXED_382_TARGETS,target_id,CHEMBL1782,dtiam_historical,dtiam,720,0.23645203149460078,2,2.0,0.1388888888888889
OLD_NEW_FIVE_FIXED_382_TARGETS,target_id,CHEMBL1786,dtiam_historical,dtiam,720,0.26200294692621606,0,0.0,0.1388888888888889
OLD_NEW_FIVE_FIXED_382_TARGETS,target_id,CHEMBL1795116,dtiam_historical,dtiam,720,0.500110219175005,4,4.0,0.1388888888888889
OLD_NEW_FIVE_FIXED_382_TARGETS,target_id,CHEMBL1801,dtiam_historical,dtiam,720,0.4761733117718596,1,1.0,0.1388888888888889
OLD_NEW_FIVE_FIXED_382_TARGETS,target_id,CHEMBL1806,dtiam_historical,dtiam,720,0.2550253409259205,2,2.0,0.1388888888888889
OLD_NEW_FIVE_FIXED_382_TARGETS,target_id,CHEMBL1808,dtiam_historical,dtiam,720,0.28158995447987456,1,1.0,0.1388888888888889
OLD_NEW_FIVE_FIXED_382_TARGETS,target_id,CHEMBL1812,dtiam_historical,dtiam,720,0.37657591196380635,2,2.0,0.1388888888888889
OLD_NEW_FIVE_FIXED_382_TARGETS,target_id,CHEMBL1822,dtiam_historical,dtiam,720,0.37055043631216494,1,1.0,0.1388888888888889
OLD_NEW_FIVE_FIXED_382_TARGETS,target_id,CHEMBL1824,dtiam_historical,dtiam,720,0.4804936012194856,4,4.0,0.1388888888888889
OLD_NEW_FIVE_FIXED_382_TARGETS,target_id,CHEMBL1827,dtiam_historical,dtiam,720,0.6000400849609556,2,2.0,0.1388888888888889
OLD_NEW_FIVE_FIXED_382_TARGETS,target_id,CHEMBL1829,dtiam_historical,dtiam,720,-0.044407838500302915,0,0.0,0.1388888888888889
OLD_NEW_FIVE_FIXED_382_TARGETS,target_id,CHEMBL1835,dtiam_historical,dtiam,720,0.2712365376155225,0,0.0,0.1388888888888889
OLD_NEW_FIVE_FIXED_382_TARGETS,target_id,CHEMBL1839,dtiam_historical,dtiam,720,0.41906937850579645,1,1.0,0.1388888888888889
OLD_NEW_FIVE_FIXED_382_TARGETS,target_id,CHEMBL1841,dtiam_historical,dtiam,720,0.4288362457810602,2,2.0,0.1388888888888889
OLD_NEW_FIVE_FIXED_382_TARGETS,target_id,CHEMBL1843,dtiam_historical,dtiam,720,0.31806042094127995,0,0.0,0.1388888888888889
OLD_NEW_FIVE_FIXED_382_TARGETS,target_id,CHEMBL1844,dtiam_historical,dtiam,720,0.5093143923640914,1,1.0,0.1388888888888889
OLD_NEW_FIVE_FIXED_382_TARGETS,target_id,CHEMBL1847,dtiam_historical,dtiam,720,0.4011261179835625,0,0.0,0.1388888888888889
OLD_NEW_FIVE_FIXED_382_TARGETS,target_id,CHEMBL1856,dtiam_historical,dtiam,720,0.3582392928457331,0,0.0,0.1388888888888889
OLD_NEW_FIVE_FIXED_382_TARGETS,target_id,CHEMBL1859,dtiam_historical,dtiam,720,0.2973924247429212,1,1.0,0.1388888888888889
OLD_NEW_FIVE_FIXED_382_TARGETS,target_id,CHEMBL1861,dtiam_historical,dtiam,720,0.4331005294523109,2,2.0,0.1388888888888889
OLD_NEW_FIVE_FIXED_382_TARGETS,target_id,CHEMBL1862,dtiam_historical,dtiam,720,0.4025599880298102,1,1.0,0.1388888888888889
OLD_NEW_FIVE_FIXED_382_TARGETS,target_id,CHEMBL1865,dtiam_historical,dtiam,720,0.34308407188807577,3,3.0,0.1388888888888889
OLD_NEW_FIVE_FIXED_382_TARGETS,target_id,CHEMBL1868,dtiam_historical,dtiam,720,0.5260617270139891,0,0.0,0.1388888888888889
OLD_NEW_FIVE_FIXED_382_TARGETS,target_id,CHEMBL1871,dtiam_historical,dtiam,720,0.36302093871757607,2,2.0,0.1388888888888889
OLD_NEW_FIVE_FIXED_382_TARGETS,target_id,CHEMBL1873,dtiam_historical,dtiam,720,0.42905776116523137,0,0.0,0.1388888888888889
OLD_NEW_FIVE_FIXED_382_TARGETS,target_id,CHEMBL1874,dtiam_historical,dtiam,720,0.3168130546314004,0,0.0,0.1388888888888889
OLD_NEW_FIVE_FIXED_382_TARGETS,target_id,CHEMBL1876,dtiam_historical,dtiam,720,0.2857190462512066,0,0.0,0.1388888888888889
OLD_NEW_FIVE_FIXED_382_TARGETS,target_id,CHEMBL1886,dtiam_historical,dtiam,720,0.4337609925200942,2,2.0,0.1388888888888889
OLD_NEW_FIVE_FIXED_382_TARGETS,target_id,CHEMBL1893,dtiam_historical,dtiam,720,0.5028541485643881,1,1.0,0.1388888888888889
OLD_NEW_FIVE_FIXED_382_TARGETS,target_id,CHEMBL1899,dtiam_historical,dtiam,720,0.51959511746014,4,4.0,0.1388888888888889
OLD_NEW_FIVE_FIXED_382_TARGETS,target_id,CHEMBL1900,dtiam_historical,dtiam,720,0.26593797964691573,1,1.0,0.1388888888888889
OLD_NEW_FIVE_FIXED_382_TARGETS,target_id,CHEMBL1902,dtiam_historical,dtiam,720,0.624435165911245,4,4.0,0.1388888888888889
OLD_NEW_FIVE_FIXED_382_TARGETS,target_id,CHEMBL1903,dtiam_historical,dtiam,720,0.5952523305371544,2,2.0,0.1388888888888889
OLD_NEW_FIVE_FIXED_382_TARGETS,target_id,CHEMBL1906,dtiam_historical,dtiam,720,0.5203653737118048,0,0.0,0.1388888888888889
OLD_NEW_FIVE_FIXED_382_TARGETS,target_id,CHEMBL1908,dtiam_historical,dtiam,720,0.3737959099675959,0,0.0,0.1388888888888889
OLD_NEW_FIVE_FIXED_382_TARGETS,target_id,CHEMBL1908389,dtiam_historical,dtiam,720,0.39193303663882134,3,3.0,0.1388888888888889
OLD_NEW_FIVE_FIXED_382_TARGETS,target_id,CHEMBL1910,dtiam_historical,dtiam,720,0.41237733123441345,0,0.0,0.1388888888888889
OLD_NEW_FIVE_FIXED_382_TARGETS,target_id,CHEMBL1911,dtiam_historical,dtiam,720,0.362929728391757,2,2.0,0.1388888888888889
OLD_NEW_FIVE_FIXED_382_TARGETS,target_id,CHEMBL1914,dtiam_historical,dtiam,720,0.4678724969665815,0,0.0,0.1388888888888889
OLD_NEW_FIVE_FIXED_382_TARGETS,target_id,CHEMBL1914276,dtiam_historical,dtiam,720,0.4420478219564152,0,0.0,0.1388888888888889
OLD_NEW_FIVE_FIXED_382_TARGETS,target_id,CHEMBL1918,dtiam_historical,dtiam,720,0.333362118544842,2,2.0,0.1388888888888889
OLD_NEW_FIVE_FIXED_382_TARGETS,target_id,CHEMBL1919,dtiam_historical,dtiam,720,0.5717255320223233,1,1.0,0.1388888888888889
OLD_NEW_FIVE_FIXED_382_TARGETS,target_id,CHEMBL1927,dtiam_historical,dtiam,720,0.30307958306689464,0,0.0,0.1388888888888889
OLD_NEW_FIVE_FIXED_382_TARGETS,target_id,CHEMBL1929,dtiam_historical,dtiam,720,0.24642691103918063,1,1.0,0.1388888888888889
OLD_NEW_FIVE_FIXED_382_TARGETS,target_id,CHEMBL1930,dtiam_historical,dtiam,720,0.37488172115331586,3,3.0,0.1388888888888889
OLD_NEW_FIVE_FIXED_382_TARGETS,target_id,CHEMBL1935,dtiam_historical,dtiam,720,0.3349567721086861,1,1.0,0.1388888888888889
OLD_NEW_FIVE_FIXED_382_TARGETS,target_id,CHEMBL1936,dtiam_historical,dtiam,720,0.5097699295888113,1,1.0,0.1388888888888889
OLD_NEW_FIVE_FIXED_382_TARGETS,target_id,CHEMBL1937,dtiam_historical,dtiam,720,0.039577227761973324,0,0.0,0.1388888888888889
OLD_NEW_FIVE_FIXED_382_TARGETS,target_id,CHEMBL1938222,dtiam_historical,dtiam,720,0.34306693579231917,3,3.0,0.1388888888888889
OLD_NEW_FIVE_FIXED_382_TARGETS,target_id,CHEMBL1944,dtiam_historical,dtiam,720,0.4732955407940433,2,2.0,0.1388888888888889
OLD_NEW_FIVE_FIXED_382_TARGETS,target_id,CHEMBL1947,dtiam_historical,dtiam,720,0.5864400048810545,2,2.0,0.1388888888888889
OLD_NEW_FIVE_FIXED_382_TARGETS,target_id,CHEMBL1951,dtiam_historical,dtiam,720,0.3621549389515336,0,0.0,0.1388888888888889
OLD_NEW_FIVE_FIXED_382_TARGETS,target_id,CHEMBL1952,dtiam_historical,dtiam,720,0.4206145527987786,2,2.0,0.1388888888888889
OLD_NEW_FIVE_FIXED_382_TARGETS,target_id,CHEMBL1957,dtiam_historical,dtiam,720,0.44000994472258803,2,2.0,0.1388888888888889
OLD_NEW_FIVE_FIXED_382_TARGETS,target_id,CHEMBL1962,dtiam_historical,dtiam,720,0.5316519844137404,3,3.0,0.1388888888888889
OLD_NEW_FIVE_FIXED_382_TARGETS,target_id,CHEMBL1964,dtiam_historical,dtiam,720,0.4825143745078296,2,2.0,0.1388888888888889
OLD_NEW_FIVE_FIXED_382_TARGETS,target_id,CHEMBL1966,dtiam_historical,dtiam,720,0.32050972522463356,2,2.0,0.1388888888888889
OLD_NEW_FIVE_FIXED_382_TARGETS,target_id,CHEMBL1969,dtiam_historical,dtiam,720,0.26100445588322596,0,0.0,0.1388888888888889
OLD_NEW_FIVE_FIXED_382_TARGETS,target_id,CHEMBL1972,dtiam_historical,dtiam,720,0.37577739562176615,1,1.0,0.1388888888888889
OLD_NEW_FIVE_FIXED_382_TARGETS,target_id,CHEMBL1973,dtiam_historical,dtiam,720,0.4572727125566703,2,2.0,0.1388888888888889
OLD_NEW_FIVE_FIXED_382_TARGETS,target_id,CHEMBL1974,dtiam_historical,dtiam,720,0.4049900664496319,3,3.0,0.1388888888888889
OLD_NEW_FIVE_FIXED_382_TARGETS,target_id,CHEMBL1977,dtiam_historical,dtiam,720,0.5406545432379303,2,2.0,0.1388888888888889
OLD_NEW_FIVE_FIXED_382_TARGETS,target_id,CHEMBL1978,dtiam_historical,dtiam,720,0.33460151158690227,0,0.0,0.1388888888888889
OLD_NEW_FIVE_FIXED_382_TARGETS,target_id,CHEMBL1980,dtiam_historical,dtiam,720,0.4640029865032027,1,1.0,0.1388888888888889
OLD_NEW_FIVE_FIXED_382_TARGETS,target_id,CHEMBL1981,dtiam_historical,dtiam,720,0.40438393734400385,1,1.0,0.1388888888888889
OLD_NEW_FIVE_FIXED_382_TARGETS,target_id,CHEMBL1989,dtiam_historical,dtiam,720,0.30179254331955974,1,1.0,0.1388888888888889
OLD_NEW_FIVE_FIXED_382_TARGETS,target_id,CHEMBL1991,dtiam_historical,dtiam,720,0.3002251531876136,0,0.0,0.1388888888888889
OLD_NEW_FIVE_FIXED_382_TARGETS,target_id,CHEMBL1993,dtiam_historical,dtiam,720,0.41096583777849716,2,2.0,0.1388888888888889
OLD_NEW_FIVE_FIXED_382_TARGETS,target_id,CHEMBL1994,dtiam_historical,dtiam,720,0.43336477254991645,2,2.0,0.1388888888888889
OLD_NEW_FIVE_FIXED_382_TARGETS,target_id,CHEMBL1997,dtiam_historical,dtiam,720,0.5180285310850304,5,5.0,0.1388888888888889
OLD_NEW_FIVE_FIXED_382_TARGETS,target_id,CHEMBL1998,dtiam_historical,dtiam,720,0.33679457819074304,1,1.0,0.1388888888888889
OLD_NEW_FIVE_FIXED_382_TARGETS,target_id,CHEMBL2000,dtiam_historical,dtiam,720,0.6336159980017961,3,3.0,0.1388888888888889
OLD_NEW_FIVE_FIXED_382_TARGETS,target_id,CHEMBL2003,dtiam_historical,dtiam,720,0.6383551733623924,4,4.0,0.1388888888888889
OLD_NEW_FIVE_FIXED_382_TARGETS,target_id,CHEMBL2007,dtiam_historical,dtiam,720,0.49097934860941783,2,2.0,0.1388888888888889
OLD_NEW_FIVE_FIXED_382_TARGETS,target_id,CHEMBL2007625,dtiam_historical,dtiam,720,0.21829227103085624,0,0.0,0.1388888888888889
OLD_NEW_FIVE_FIXED_382_TARGETS,target_id,CHEMBL2008,dtiam_historical,dtiam,720,0.6278744092648472,5,5.0,0.1388888888888889
OLD_NEW_FIVE_FIXED_382_TARGETS,target_id,CHEMBL2012,dtiam_historical,dtiam,720,0.3632302048475572,0,0.0,0.1388888888888889
OLD_NEW_FIVE_FIXED_382_TARGETS,target_id,CHEMBL202,dtiam_historical,dtiam,720,0.573864264664009,2,2.0,0.1388888888888889
OLD_NEW_FIVE_FIXED_382_TARGETS,target_id,CHEMBL2023,dtiam_historical,dtiam,720,0.4792534044205887,3,3.0,0.1388888888888889
OLD_NEW_FIVE_FIXED_382_TARGETS,target_id,CHEMBL203,dtiam_historical,dtiam,720,0.5225502098456387,3,3.0,0.1388888888888889
OLD_NEW_FIVE_FIXED_382_TARGETS,target_id,CHEMBL2033,dtiam_historical,dtiam,720,0.437878928146534,1,1.0,0.1388888888888889
OLD_NEW_FIVE_FIXED_382_TARGETS,target_id,CHEMBL2034,dtiam_historical,dtiam,720,0.4918977211709341,1,1.0,0.1388888888888889
OLD_NEW_FIVE_FIXED_382_TARGETS,target_id,CHEMBL2039,dtiam_historical,dtiam,720,0.2983798560918394,0,0.0,0.1388888888888889
OLD_NEW_FIVE_FIXED_382_TARGETS,target_id,CHEMBL204,dtiam_historical,dtiam,720,0.49128619081936403,1,1.0,0.1388888888888889
OLD_NEW_FIVE_FIXED_382_TARGETS,target_id,CHEMBL2041,dtiam_historical,dtiam,720,0.4404257442093057,3,3.0,0.1388888888888889
OLD_NEW_FIVE_FIXED_382_TARGETS,target_id,CHEMBL2044,dtiam_historical,dtiam,720,0.41511666313469125,1,1.0,0.1388888888888889
OLD_NEW_FIVE_FIXED_382_TARGETS,target_id,CHEMBL2046267,dtiam_historical,dtiam,720,0.3909509422352982,1,1.0,0.1388888888888889
OLD_NEW_FIVE_FIXED_382_TARGETS,target_id,CHEMBL2047,dtiam_historical,dtiam,720,0.5870864504296073,4,4.0,0.1388888888888889
OLD_NEW_FIVE_FIXED_382_TARGETS,target_id,CHEMBL205,dtiam_historical,dtiam,720,0.21343478266391025,3,3.0,0.1388888888888889
OLD_NEW_FIVE_FIXED_382_TARGETS,target_id,CHEMBL2055,dtiam_historical,dtiam,720,0.6340223453081152,4,4.0,0.1388888888888889
OLD_NEW_FIVE_FIXED_382_TARGETS,target_id,CHEMBL206,dtiam_historical,dtiam,720,0.5576980462069838,3,3.0,0.1388888888888889
OLD_NEW_FIVE_FIXED_382_TARGETS,target_id,CHEMBL2061,dtiam_historical,dtiam,720,0.4986494715001409,2,2.0,0.1388888888888889
OLD_NEW_FIVE_FIXED_382_TARGETS,target_id,CHEMBL2063,dtiam_historical,dtiam,720,0.43710105228005797,2,2.0,0.1388888888888889
OLD_NEW_FIVE_FIXED_382_TARGETS,target_id,CHEMBL2068,dtiam_historical,dtiam,720,0.4388341127711672,1,1.0,0.1388888888888889
OLD_NEW_FIVE_FIXED_382_TARGETS,target_id,CHEMBL2072,dtiam_historical,dtiam,720,0.48790613611921024,1,1.0,0.1388888888888889
OLD_NEW_FIVE_FIXED_382_TARGETS,target_id,CHEMBL2073,dtiam_historical,dtiam,720,0.44640456981415005,2,2.0,0.1388888888888889
OLD_NEW_FIVE_FIXED_382_TARGETS,target_id,CHEMBL2074,dtiam_historical,dtiam,720,0.3440251746929316,1,1.0,0.1388888888888889
OLD_NEW_FIVE_FIXED_382_TARGETS,target_id,CHEMBL208,dtiam_historical,dtiam,720,0.33459427777537276,3,3.0,0.1388888888888889
OLD_NEW_FIVE_FIXED_382_TARGETS,target_id,CHEMBL2085,dtiam_historical,dtiam,720,0.5597165689761853,3,3.0,0.1388888888888889
OLD_NEW_FIVE_FIXED_382_TARGETS,target_id,CHEMBL2118,dtiam_historical,dtiam,720,0.30195548090547836,0,0.0,0.1388888888888889
OLD_NEW_FIVE_FIXED_382_TARGETS,target_id,CHEMBL2146302,dtiam_historical,dtiam,720,0.436712069631513,3,3.0,0.1388888888888889
OLD_NEW_FIVE_FIXED_382_TARGETS,target_id,CHEMBL2148,dtiam_historical,dtiam,720,0.333150023190796,3,3.0,0.1388888888888889
OLD_NEW_FIVE_FIXED_382_TARGETS,target_id,CHEMBL215,dtiam_historical,dtiam,720,0.3532237215841616,1,1.0,0.1388888888888889
OLD_NEW_FIVE_FIXED_382_TARGETS,target_id,CHEMBL2176771,dtiam_historical,dtiam,720,0.5810381802340794,0,0.0,0.1388888888888889
OLD_NEW_FIVE_FIXED_382_TARGETS,target_id,CHEMBL2179,dtiam_historical,dtiam,720,0.4147852581158181,3,3.0,0.1388888888888889
OLD_NEW_FIVE_FIXED_382_TARGETS,target_id,CHEMBL2185,dtiam_historical,dtiam,720,0.29945042804793714,3,3.0,0.1388888888888889
OLD_NEW_FIVE_FIXED_382_TARGETS,target_id,CHEMBL2189110,dtiam_historical,dtiam,720,0.4572505610182531,2,2.0,0.1388888888888889
OLD_NEW_FIVE_FIXED_382_TARGETS,target_id,CHEMBL2189121,dtiam_historical,dtiam,720,0.4470606604447421,0,0.0,0.1388888888888889
OLD_NEW_FIVE_FIXED_382_TARGETS,target_id,CHEMBL220,dtiam_historical,dtiam,720,0.4002116999056824,1,1.0,0.1388888888888889
OLD_NEW_FIVE_FIXED_382_TARGETS,target_id,CHEMBL2208,dtiam_historical,dtiam,720,0.4087427749695139,2,2.0,0.1388888888888889
OLD_NEW_FIVE_FIXED_382_TARGETS,target_id,CHEMBL2216739,dtiam_historical,dtiam,720,0.3366023838559717,0,0.0,0.1388888888888889
OLD_NEW_FIVE_FIXED_382_TARGETS,target_id,CHEMBL222,dtiam_historical,dtiam,720,0.6231500551803181,5,5.0,0.1388888888888889
OLD_NEW_FIVE_FIXED_382_TARGETS,target_id,CHEMBL2243,dtiam_historical,dtiam,720,0.37984459811667876,1,1.0,0.1388888888888889
OLD_NEW_FIVE_FIXED_382_TARGETS,target_id,CHEMBL2252,dtiam_historical,dtiam,720,0.27857676655022534,0,0.0,0.1388888888888889
OLD_NEW_FIVE_FIXED_382_TARGETS,target_id,CHEMBL2276,dtiam_historical,dtiam,720,0.33548278273284043,0,0.0,0.1388888888888889
OLD_NEW_FIVE_FIXED_382_TARGETS,target_id,CHEMBL228,dtiam_historical,dtiam,720,0.6427674125921272,5,5.0,0.1388888888888889
OLD_NEW_FIVE_FIXED_382_TARGETS,target_id,CHEMBL2285,dtiam_historical,dtiam,720,0.4655243052932741,2,2.0,0.1388888888888889
OLD_NEW_FIVE_FIXED_382_TARGETS,target_id,CHEMBL2292,dtiam_historical,dtiam,720,0.28556713620908636,2,2.0,0.1388888888888889
OLD_NEW_FIVE_FIXED_382_TARGETS,target_id,CHEMBL230,dtiam_historical,dtiam,720,0.2506230682809598,1,1.0,0.1388888888888889
OLD_NEW_FIVE_FIXED_382_TARGETS,target_id,CHEMBL2321613,dtiam_historical,dtiam,720,0.3765298084716581,0,0.0,0.1388888888888889
OLD_NEW_FIVE_FIXED_382_TARGETS,target_id,CHEMBL2321614,dtiam_historical,dtiam,720,0.3899633179847392,0,0.0,0.1388888888888889
OLD_NEW_FIVE_FIXED_382_TARGETS,target_id,CHEMBL2321615,dtiam_historical,dtiam,720,0.45669246442118117,0,0.0,0.1388888888888889
OLD_NEW_FIVE_FIXED_382_TARGETS,target_id,CHEMBL2326,dtiam_historical,dtiam,720,0.35408827458789816,5,5.0,0.1388888888888889
OLD_NEW_FIVE_FIXED_382_TARGETS,target_id,CHEMBL2331041,dtiam_historical,dtiam,720,0.432899718844251,1,1.0,0.1388888888888889
OLD_NEW_FIVE_FIXED_382_TARGETS,target_id,CHEMBL2331042,dtiam_historical,dtiam,720,0.5437844688105294,1,1.0,0.1388888888888889
OLD_NEW_FIVE_FIXED_382_TARGETS,target_id,CHEMBL2331059,dtiam_historical,dtiam,720,0.19101459656173078,0,0.0,0.1388888888888889
OLD_NEW_FIVE_FIXED_382_TARGETS,target_id,CHEMBL2331065,dtiam_historical,dtiam,720,0.41437241645425915,2,2.0,0.1388888888888889
OLD_NEW_FIVE_FIXED_382_TARGETS,target_id,CHEMBL2337,dtiam_historical,dtiam,720,0.5394639221607158,0,0.0,0.1388888888888889
OLD_NEW_FIVE_FIXED_382_TARGETS,target_id,CHEMBL235,dtiam_historical,dtiam,720,0.5944906584085046,3,3.0,0.1388888888888889
OLD_NEW_FIVE_FIXED_382_TARGETS,target_id,CHEMBL2362986,dtiam_historical,dtiam,720,0.3865083209971394,1,1.0,0.1388888888888889
OLD_NEW_FIVE_FIXED_382_TARGETS,target_id,CHEMBL2362990,dtiam_historical,dtiam,720,0.22251109421542795,1,1.0,0.1388888888888889
OLD_NEW_FIVE_FIXED_382_TARGETS,target_id,CHEMBL238,dtiam_historical,dtiam,720,0.558140659021771,3,3.0,0.1388888888888889
OLD_NEW_FIVE_FIXED_382_TARGETS,target_id,CHEMBL239,dtiam_historical,dtiam,720,0.5458389355854643,1,1.0,0.1388888888888889
OLD_NEW_FIVE_FIXED_382_TARGETS,target_id,CHEMBL240,dtiam_historical,dtiam,720,0.480937821547946,0,0.0,0.1388888888888889
OLD_NEW_FIVE_FIXED_382_TARGETS,target_id,CHEMBL2409,dtiam_historical,dtiam,720,0.3352883700292,2,2.0,0.1388888888888889
OLD_NEW_FIVE_FIXED_382_TARGETS,target_id,CHEMBL241,dtiam_historical,dtiam,720,0.47569218292946186,3,3.0,0.1388888888888889
OLD_NEW_FIVE_FIXED_382_TARGETS,target_id,CHEMBL242,dtiam_historical,dtiam,720,0.5693804267752686,3,3.0,0.1388888888888889
OLD_NEW_FIVE_FIXED_382_TARGETS,target_id,CHEMBL2431,dtiam_historical,dtiam,720,0.27453245505001944,3,3.0,0.1388888888888889
OLD_NEW_FIVE_FIXED_382_TARGETS,target_id,CHEMBL2435,dtiam_historical,dtiam,720,0.12477839519609968,2,2.0,0.1388888888888889
OLD_NEW_FIVE_FIXED_382_TARGETS,target_id,CHEMBL2439,dtiam_historical,dtiam,720,0.49540583041029745,2,2.0,0.1388888888888889
OLD_NEW_FIVE_FIXED_382_TARGETS,target_id,CHEMBL244,dtiam_historical,dtiam,720,0.6065331541898663,2,2.0,0.1388888888888889
OLD_NEW_FIVE_FIXED_382_TARGETS,target_id,CHEMBL2476,dtiam_historical,dtiam,720,0.3649901751175562,2,2.0,0.1388888888888889
OLD_NEW_FIVE_FIXED_382_TARGETS,target_id,CHEMBL248,dtiam_historical,dtiam,720,0.5257955227497022,2,2.0,0.1388888888888889
OLD_NEW_FIVE_FIXED_382_TARGETS,target_id,CHEMBL2492,dtiam_historical,dtiam,720,0.50377062425977,4,4.0,0.1388888888888889
OLD_NEW_FIVE_FIXED_382_TARGETS,target_id,CHEMBL2508,dtiam_historical,dtiam,720,0.201409133625844,1,1.0,0.1388888888888889
OLD_NEW_FIVE_FIXED_382_TARGETS,target_id,CHEMBL2524,dtiam_historical,dtiam,720,0.21584084482945398,1,1.0,0.1388888888888889
OLD_NEW_FIVE_FIXED_382_TARGETS,target_id,CHEMBL2527,dtiam_historical,dtiam,720,0.43448794235340227,0,0.0,0.1388888888888889
OLD_NEW_FIVE_FIXED_382_TARGETS,target_id,CHEMBL2534,dtiam_historical,dtiam,720,0.3324065802672006,2,2.0,0.1388888888888889
OLD_NEW_FIVE_FIXED_382_TARGETS,target_id,CHEMBL258,dtiam_historical,dtiam,720,0.46416020134044456,2,2.0,0.1388888888888889
OLD_NEW_FIVE_FIXED_382_TARGETS,target_id,CHEMBL2599,dtiam_historical,dtiam,720,0.3497735471375816,0,0.0,0.1388888888888889
OLD_NEW_FIVE_FIXED_382_TARGETS,target_id,CHEMBL260,dtiam_historical,dtiam,720,0.48327922951355234,3,3.0,0.1388888888888889
OLD_NEW_FIVE_FIXED_382_TARGETS,target_id,CHEMBL2608,dtiam_historical,dtiam,720,0.3273038174639932,1,1.0,0.1388888888888889
OLD_NEW_FIVE_FIXED_382_TARGETS,target_id,CHEMBL261,dtiam_historical,dtiam,720,0.322206680958642,3,3.0,0.1388888888888889
OLD_NEW_FIVE_FIXED_382_TARGETS,target_id,CHEMBL262,dtiam_historical,dtiam,720,0.23948952503098925,1,1.0,0.1388888888888889
OLD_NEW_FIVE_FIXED_382_TARGETS,target_id,CHEMBL2637,dtiam_historical,dtiam,720,0.3440044056162734,1,1.0,0.1388888888888889
OLD_NEW_FIVE_FIXED_382_TARGETS,target_id,CHEMBL267,dtiam_historical,dtiam,720,0.43268370115684235,1,1.0,0.1388888888888889
OLD_NEW_FIVE_FIXED_382_TARGETS,target_id,CHEMBL268,dtiam_historical,dtiam,720,0.3490333513916061,1,1.0,0.1388888888888889
OLD_NEW_FIVE_FIXED_382_TARGETS,target_id,CHEMBL2689,dtiam_historical,dtiam,720,0.3565027922753631,1,1.0,0.1388888888888889
OLD_NEW_FIVE_FIXED_382_TARGETS,target_id,CHEMBL2695,dtiam_historical,dtiam,720,0.45566352706922014,2,2.0,0.1388888888888889
OLD_NEW_FIVE_FIXED_382_TARGETS,target_id,CHEMBL2706,dtiam_historical,dtiam,720,0.4438878464073412,2,2.0,0.1388888888888889
OLD_NEW_FIVE_FIXED_382_TARGETS,target_id,CHEMBL2722,dtiam_historical,dtiam,720,0.34086470636054095,0,0.0,0.1388888888888889
OLD_NEW_FIVE_FIXED_382_TARGETS,target_id,CHEMBL2742,dtiam_historical,dtiam,720,0.4407724206080745,3,3.0,0.1388888888888889
OLD_NEW_FIVE_FIXED_382_TARGETS,target_id,CHEMBL2755,dtiam_historical,dtiam,720,0.35081601975467125,1,1.0,0.1388888888888889
OLD_NEW_FIVE_FIXED_382_TARGETS,target_id,CHEMBL2778,dtiam_historical,dtiam,720,0.5672526573768344,0,0.0,0.1388888888888889
OLD_NEW_FIVE_FIXED_382_TARGETS,target_id,CHEMBL2782,dtiam_historical,dtiam,720,0.4856814979468273,1,1.0,0.1388888888888889
OLD_NEW_FIVE_FIXED_382_TARGETS,target_id,CHEMBL279,dtiam_historical,dtiam,720,0.4707451239006435,1,1.0,0.1388888888888889
OLD_NEW_FIVE_FIXED_382_TARGETS,target_id,CHEMBL280,dtiam_historical,dtiam,720,0.5403519770143549,2,2.0,0.1388888888888889
OLD_NEW_FIVE_FIXED_382_TARGETS,target_id,CHEMBL2808,dtiam_historical,dtiam,720,0.5842592196816773,4,4.0,0.1388888888888889
OLD_NEW_FIVE_FIXED_382_TARGETS,target_id,CHEMBL2815,dtiam_historical,dtiam,720,0.4407685304249852,2,2.0,0.1388888888888889
OLD_NEW_FIVE_FIXED_382_TARGETS,target_id,CHEMBL2820,dtiam_historical,dtiam,720,0.6653750669388787,2,2.0,0.1388888888888889
OLD_NEW_FIVE_FIXED_382_TARGETS,target_id,CHEMBL2821,dtiam_historical,dtiam,720,0.4792940745165214,1,1.0,0.1388888888888889
OLD_NEW_FIVE_FIXED_382_TARGETS,target_id,CHEMBL283,dtiam_historical,dtiam,720,0.4933626483813487,3,3.0,0.1388888888888889
OLD_NEW_FIVE_FIXED_382_TARGETS,target_id,CHEMBL2835,dtiam_historical,dtiam,720,0.4443863685476833,2,2.0,0.1388888888888889
OLD_NEW_FIVE_FIXED_382_TARGETS,target_id,CHEMBL284,dtiam_historical,dtiam,720,0.3744670790764429,2,2.0,0.1388888888888889
OLD_NEW_FIVE_FIXED_382_TARGETS,target_id,CHEMBL2842,dtiam_historical,dtiam,720,0.5108681186298152,2,2.0,0.1388888888888889
OLD_NEW_FIVE_FIXED_382_TARGETS,target_id,CHEMBL2850,dtiam_historical,dtiam,720,0.15277985169368202,1,1.0,0.1388888888888889
OLD_NEW_FIVE_FIXED_382_TARGETS,target_id,CHEMBL286,dtiam_historical,dtiam,720,0.4841733607688763,3,3.0,0.1388888888888889
OLD_NEW_FIVE_FIXED_382_TARGETS,target_id,CHEMBL2872,dtiam_historical,dtiam,720,0.4756718639566322,4,4.0,0.1388888888888889
OLD_NEW_FIVE_FIXED_382_TARGETS,target_id,CHEMBL2873,dtiam_historical,dtiam,720,0.4220182980387899,2,2.0,0.1388888888888889
OLD_NEW_FIVE_FIXED_382_TARGETS,target_id,CHEMBL288,dtiam_historical,dtiam,720,0.3891290505386063,2,2.0,0.1388888888888889
OLD_NEW_FIVE_FIXED_382_TARGETS,target_id,CHEMBL2954,dtiam_historical,dtiam,720,0.4445764731146794,2,2.0,0.1388888888888889
OLD_NEW_FIVE_FIXED_382_TARGETS,target_id,CHEMBL2959,dtiam_historical,dtiam,720,0.4673055590443068,2,2.0,0.1388888888888889
OLD_NEW_FIVE_FIXED_382_TARGETS,target_id,CHEMBL2964,dtiam_historical,dtiam,720,0.42637253817519455,4,4.0,0.1388888888888889
OLD_NEW_FIVE_FIXED_382_TARGETS,target_id,CHEMBL2971,dtiam_historical,dtiam,720,0.39375180975898727,1,1.0,0.1388888888888889
OLD_NEW_FIVE_FIXED_382_TARGETS,target_id,CHEMBL2973,dtiam_historical,dtiam,720,-0.05395167932854283,0,0.0,0.1388888888888889
OLD_NEW_FIVE_FIXED_382_TARGETS,target_id,CHEMBL2998,dtiam_historical,dtiam,720,0.3124457639952734,2,2.0,0.1388888888888889
OLD_NEW_FIVE_FIXED_382_TARGETS,target_id,CHEMBL3004,dtiam_historical,dtiam,720,0.429149775247887,1,1.0,0.1388888888888889
OLD_NEW_FIVE_FIXED_382_TARGETS,target_id,CHEMBL3009,dtiam_historical,dtiam,720,0.5291791782804841,3,3.0,0.1388888888888889
OLD_NEW_FIVE_FIXED_382_TARGETS,target_id,CHEMBL301,dtiam_historical,dtiam,720,0.2622260376737869,2,2.0,0.1388888888888889
OLD_NEW_FIVE_FIXED_382_TARGETS,target_id,CHEMBL3023,dtiam_historical,dtiam,720,0.4912116343351996,2,2.0,0.1388888888888889
OLD_NEW_FIVE_FIXED_382_TARGETS,target_id,CHEMBL3024,dtiam_historical,dtiam,720,0.44885519225871573,1,1.0,0.1388888888888889
OLD_NEW_FIVE_FIXED_382_TARGETS,target_id,CHEMBL3026,dtiam_historical,dtiam,720,0.47947173692768674,2,2.0,0.1388888888888889
OLD_NEW_FIVE_FIXED_382_TARGETS,target_id,CHEMBL3028,dtiam_historical,dtiam,720,0.20946573495388504,2,2.0,0.1388888888888889
OLD_NEW_FIVE_FIXED_382_TARGETS,target_id,CHEMBL3045,dtiam_historical,dtiam,720,0.3402762599053184,2,2.0,0.1388888888888889
OLD_NEW_FIVE_FIXED_382_TARGETS,target_id,CHEMBL3055,dtiam_historical,dtiam,720,0.24107331180240235,3,3.0,0.1388888888888889
OLD_NEW_FIVE_FIXED_382_TARGETS,target_id,CHEMBL3076,dtiam_historical,dtiam,720,0.2984881060625948,0,0.0,0.1388888888888889
OLD_NEW_FIVE_FIXED_382_TARGETS,target_id,CHEMBL308,dtiam_historical,dtiam,720,0.23698511517891732,2,2.0,0.1388888888888889
OLD_NEW_FIVE_FIXED_382_TARGETS,target_id,CHEMBL3094,dtiam_historical,dtiam,720,0.2899695374551409,0,0.0,0.1388888888888889
OLD_NEW_FIVE_FIXED_382_TARGETS,target_id,CHEMBL3105,dtiam_historical,dtiam,720,0.27286147673697037,1,1.0,0.1388888888888889
OLD_NEW_FIVE_FIXED_382_TARGETS,target_id,CHEMBL3106,dtiam_historical,dtiam,720,0.1351619197886364,0,0.0,0.1388888888888889
OLD_NEW_FIVE_FIXED_382_TARGETS,target_id,CHEMBL3116,dtiam_historical,dtiam,720,0.15343079828051978,1,1.0,0.1388888888888889
OLD_NEW_FIVE_FIXED_382_TARGETS,target_id,CHEMBL3117,dtiam_historical,dtiam,720,0.5248365122425267,2,2.0,0.1388888888888889
OLD_NEW_FIVE_FIXED_382_TARGETS,target_id,CHEMBL3119,dtiam_historical,dtiam,720,0.5569218421547281,1,1.0,0.1388888888888889
OLD_NEW_FIVE_FIXED_382_TARGETS,target_id,CHEMBL3130,dtiam_historical,dtiam,720,0.3990871154901641,1,1.0,0.1388888888888889
OLD_NEW_FIVE_FIXED_382_TARGETS,target_id,CHEMBL3142,dtiam_historical,dtiam,720,0.3537613706073101,2,2.0,0.1388888888888889
OLD_NEW_FIVE_FIXED_382_TARGETS,target_id,CHEMBL3145,dtiam_historical,dtiam,720,0.4349461802010932,2,2.0,0.1388888888888889
OLD_NEW_FIVE_FIXED_382_TARGETS,target_id,CHEMBL3172,dtiam_historical,dtiam,720,0.3922491059772518,1,1.0,0.1388888888888889
OLD_NEW_FIVE_FIXED_382_TARGETS,target_id,CHEMBL3192,dtiam_historical,dtiam,720,0.2250624434667582,2,2.0,0.1388888888888889
OLD_NEW_FIVE_FIXED_382_TARGETS,target_id,CHEMBL3201,dtiam_historical,dtiam,720,0.36168458045074653,3,3.0,0.1388888888888889
OLD_NEW_FIVE_FIXED_382_TARGETS,target_id,CHEMBL321,dtiam_historical,dtiam,720,0.3856166362620189,2,2.0,0.1388888888888889
OLD_NEW_FIVE_FIXED_382_TARGETS,target_id,CHEMBL3234,dtiam_historical,dtiam,720,0.44378319726721394,1,1.0,0.1388888888888889
OLD_NEW_FIVE_FIXED_382_TARGETS,target_id,CHEMBL3238,dtiam_historical,dtiam,720,0.4032255629910743,0,0.0,0.1388888888888889
OLD_NEW_FIVE_FIXED_382_TARGETS,target_id,CHEMBL3242,dtiam_historical,dtiam,720,0.30019342086770406,4,4.0,0.1388888888888889
OLD_NEW_FIVE_FIXED_382_TARGETS,target_id,CHEMBL325,dtiam_historical,dtiam,720,0.06828726121449362,1,1.0,0.1388888888888889
OLD_NEW_FIVE_FIXED_382_TARGETS,target_id,CHEMBL3267,dtiam_historical,dtiam,720,0.41774211876635736,1,1.0,0.1388888888888889
OLD_NEW_FIVE_FIXED_382_TARGETS,target_id,CHEMBL3273,dtiam_historical,dtiam,720,0.390820830078587,1,1.0,0.1388888888888889
OLD_NEW_FIVE_FIXED_382_TARGETS,target_id,CHEMBL3286067,dtiam_historical,dtiam,720,0.34988398332693244,0,0.0,0.1388888888888889
OLD_NEW_FIVE_FIXED_382_TARGETS,target_id,CHEMBL331,dtiam_historical,dtiam,720,0.2493144235498567,2,2.0,0.1388888888888889
OLD_NEW_FIVE_FIXED_382_TARGETS,target_id,CHEMBL3310,dtiam_historical,dtiam,720,0.33759177637157123,0,0.0,0.1388888888888889
OLD_NEW_FIVE_FIXED_382_TARGETS,target_id,CHEMBL332,dtiam_historical,dtiam,720,0.43127413671733394,1,1.0,0.1388888888888889
OLD_NEW_FIVE_FIXED_382_TARGETS,target_id,CHEMBL333,dtiam_historical,dtiam,720,0.43045514065109675,2,2.0,0.1388888888888889
OLD_NEW_FIVE_FIXED_382_TARGETS,target_id,CHEMBL3338,dtiam_historical,dtiam,720,0.4289919817057228,1,1.0,0.1388888888888889
OLD_NEW_FIVE_FIXED_382_TARGETS,target_id,CHEMBL3357,dtiam_historical,dtiam,720,0.3521695784178044,1,1.0,0.1388888888888889
OLD_NEW_FIVE_FIXED_382_TARGETS,target_id,CHEMBL3385,dtiam_historical,dtiam,720,0.3803444705685064,2,2.0,0.1388888888888889
OLD_NEW_FIVE_FIXED_382_TARGETS,target_id,CHEMBL3391681,dtiam_historical,dtiam,720,0.19184230535207691,0,0.0,0.1388888888888889
OLD_NEW_FIVE_FIXED_382_TARGETS,target_id,CHEMBL340,dtiam_historical,dtiam,720,0.43275311359725244,1,1.0,0.1388888888888889
OLD_NEW_FIVE_FIXED_382_TARGETS,target_id,CHEMBL3425389,dtiam_historical,dtiam,720,0.44572282326533325,0,0.0,0.1388888888888889
OLD_NEW_FIVE_FIXED_382_TARGETS,target_id,CHEMBL3430865,dtiam_historical,dtiam,720,0.5125225074017565,0,0.0,0.1388888888888889
OLD_NEW_FIVE_FIXED_382_TARGETS,target_id,CHEMBL3439,dtiam_historical,dtiam,720,0.3962067081899237,2,2.0,0.1388888888888889
OLD_NEW_FIVE_FIXED_382_TARGETS,target_id,CHEMBL3474,dtiam_historical,dtiam,720,0.5488754324633753,3,3.0,0.1388888888888889
OLD_NEW_FIVE_FIXED_382_TARGETS,target_id,CHEMBL3514,dtiam_historical,dtiam,720,0.4200428887863045,1,1.0,0.1388888888888889
OLD_NEW_FIVE_FIXED_382_TARGETS,target_id,CHEMBL3522,dtiam_historical,dtiam,720,0.45889061076822935,2,2.0,0.1388888888888889
OLD_NEW_FIVE_FIXED_382_TARGETS,target_id,CHEMBL3535,dtiam_historical,dtiam,720,0.41084189847429115,3,3.0,0.1388888888888889
OLD_NEW_FIVE_FIXED_382_TARGETS,target_id,CHEMBL3553,dtiam_historical,dtiam,720,0.3829161066423928,4,4.0,0.1388888888888889
OLD_NEW_FIVE_FIXED_382_TARGETS,target_id,CHEMBL3572,dtiam_historical,dtiam,720,0.470598454353098,2,2.0,0.1388888888888889
OLD_NEW_FIVE_FIXED_382_TARGETS,target_id,CHEMBL3576,dtiam_historical,dtiam,720,0.41595533516828875,2,2.0,0.1388888888888889
OLD_NEW_FIVE_FIXED_382_TARGETS,target_id,CHEMBL3587,dtiam_historical,dtiam,720,0.4365883840193915,1,1.0,0.1388888888888889
OLD_NEW_FIVE_FIXED_382_TARGETS,target_id,CHEMBL3623,dtiam_historical,dtiam,720,0.21820524024058754,0,0.0,0.1388888888888889
OLD_NEW_FIVE_FIXED_382_TARGETS,target_id,CHEMBL3629,dtiam_historical,dtiam,720,0.33080462859127996,0,0.0,0.1388888888888889
OLD_NEW_FIVE_FIXED_382_TARGETS,target_id,CHEMBL3632452,dtiam_historical,dtiam,720,0.6133344480904819,4,4.0,0.1388888888888889
OLD_NEW_FIVE_FIXED_382_TARGETS,target_id,CHEMBL3650,dtiam_historical,dtiam,720,0.42060818704463254,0,0.0,0.1388888888888889
OLD_NEW_FIVE_FIXED_382_TARGETS,target_id,CHEMBL3670,dtiam_historical,dtiam,720,0.5586017903940738,1,1.0,0.1388888888888889
OLD_NEW_FIVE_FIXED_382_TARGETS,target_id,CHEMBL3687,dtiam_historical,dtiam,720,0.4300671190006525,2,2.0,0.1388888888888889
OLD_NEW_FIVE_FIXED_382_TARGETS,target_id,CHEMBL3691,dtiam_historical,dtiam,720,0.5382339169985071,1,1.0,0.1388888888888889
OLD_NEW_FIVE_FIXED_382_TARGETS,target_id,CHEMBL3706,dtiam_historical,dtiam,720,0.4780530096602409,3,3.0,0.1388888888888889
OLD_NEW_FIVE_FIXED_382_TARGETS,target_id,CHEMBL3714029,dtiam_historical,dtiam,720,0.3645937300954643,1,1.0,0.1388888888888889
OLD_NEW_FIVE_FIXED_382_TARGETS,target_id,CHEMBL3717,dtiam_historical,dtiam,720,0.4983264577026421,4,4.0,0.1388888888888889
OLD_NEW_FIVE_FIXED_382_TARGETS,target_id,CHEMBL3720,dtiam_historical,dtiam,720,0.27185067213924335,0,0.0,0.1388888888888889
OLD_NEW_FIVE_FIXED_382_TARGETS,target_id,CHEMBL3729,dtiam_historical,dtiam,720,0.25866259781379103,4,4.0,0.1388888888888889
OLD_NEW_FIVE_FIXED_382_TARGETS,target_id,CHEMBL3776,dtiam_historical,dtiam,720,0.6296194939582321,4,4.0,0.1388888888888889
OLD_NEW_FIVE_FIXED_382_TARGETS,target_id,CHEMBL3778,dtiam_historical,dtiam,720,0.3783378755507603,2,2.0,0.1388888888888889
OLD_NEW_FIVE_FIXED_382_TARGETS,target_id,CHEMBL3788,dtiam_historical,dtiam,720,0.4307510517680649,2,2.0,0.1388888888888889
OLD_NEW_FIVE_FIXED_382_TARGETS,target_id,CHEMBL3820,dtiam_historical,dtiam,720,0.3854315440382631,1,1.0,0.1388888888888889
OLD_NEW_FIVE_FIXED_382_TARGETS,target_id,CHEMBL3831182,dtiam_historical,dtiam,720,0.49984970550912133,3,3.0,0.1388888888888889
OLD_NEW_FIVE_FIXED_382_TARGETS,target_id,CHEMBL3864,dtiam_historical,dtiam,720,0.5578532355769975,4,4.0,0.1388888888888889
OLD_NEW_FIVE_FIXED_382_TARGETS,target_id,CHEMBL3884,dtiam_historical,dtiam,720,0.3944198924415816,0,0.0,0.1388888888888889
OLD_NEW_FIVE_FIXED_382_TARGETS,target_id,CHEMBL3896,dtiam_historical,dtiam,720,0.5530187346555787,2,2.0,0.1388888888888889
OLD_NEW_FIVE_FIXED_382_TARGETS,target_id,CHEMBL3901,dtiam_historical,dtiam,720,0.31818255983017196,1,1.0,0.1388888888888889
OLD_NEW_FIVE_FIXED_382_TARGETS,target_id,CHEMBL3902,dtiam_historical,dtiam,720,0.41353560913652254,2,2.0,0.1388888888888889
OLD_NEW_FIVE_FIXED_382_TARGETS,target_id,CHEMBL3905,dtiam_historical,dtiam,720,0.45714237534804475,2,2.0,0.1388888888888889
OLD_NEW_FIVE_FIXED_382_TARGETS,target_id,CHEMBL3922,dtiam_historical,dtiam,720,0.25418573653439247,0,0.0,0.1388888888888889
OLD_NEW_FIVE_FIXED_382_TARGETS,target_id,CHEMBL3935,dtiam_historical,dtiam,720,0.32555593569681673,3,3.0,0.1388888888888889
OLD_NEW_FIVE_FIXED_382_TARGETS,target_id,CHEMBL3961,dtiam_historical,dtiam,720,0.45726281027244314,4,4.0,0.1388888888888889
OLD_NEW_FIVE_FIXED_382_TARGETS,target_id,CHEMBL3972,dtiam_historical,dtiam,720,0.30329749762043773,2,2.0,0.1388888888888889
OLD_NEW_FIVE_FIXED_382_TARGETS,target_id,CHEMBL3973,dtiam_historical,dtiam,720,0.42105636185672907,1,1.0,0.1388888888888889
OLD_NEW_FIVE_FIXED_382_TARGETS,target_id,CHEMBL3979,dtiam_historical,dtiam,720,0.5810268311875463,2,2.0,0.1388888888888889
OLD_NEW_FIVE_FIXED_382_TARGETS,target_id,CHEMBL3983,dtiam_historical,dtiam,720,0.4633940281735097,2,2.0,0.1388888888888889
OLD_NEW_FIVE_FIXED_382_TARGETS,target_id,CHEMBL3991,dtiam_historical,dtiam,720,0.4430928022948351,1,1.0,0.1388888888888889
OLD_NEW_FIVE_FIXED_382_TARGETS,target_id,CHEMBL3991501,dtiam_historical,dtiam,720,0.23143691033685787,0,0.0,0.1388888888888889
OLD_NEW_FIVE_FIXED_382_TARGETS,target_id,CHEMBL4005,dtiam_historical,dtiam,720,0.4046493378514541,3,3.0,0.1388888888888889
OLD_NEW_FIVE_FIXED_382_TARGETS,target_id,CHEMBL4016,dtiam_historical,dtiam,720,0.35082206400608257,3,3.0,0.1388888888888889
OLD_NEW_FIVE_FIXED_382_TARGETS,target_id,CHEMBL402,dtiam_historical,dtiam,720,0.30550094876260747,1,1.0,0.1388888888888889
OLD_NEW_FIVE_FIXED_382_TARGETS,target_id,CHEMBL4036,dtiam_historical,dtiam,720,0.24618996352374647,2,2.0,0.1388888888888889
OLD_NEW_FIVE_FIXED_382_TARGETS,target_id,CHEMBL4040,dtiam_historical,dtiam,720,0.429723303976222,2,2.0,0.1388888888888889
OLD_NEW_FIVE_FIXED_382_TARGETS,target_id,CHEMBL4051,dtiam_historical,dtiam,720,0.3470770394015587,0,0.0,0.1388888888888889
OLD_NEW_FIVE_FIXED_382_TARGETS,target_id,CHEMBL4068,dtiam_historical,dtiam,720,0.6011874960706338,1,1.0,0.1388888888888889
OLD_NEW_FIVE_FIXED_382_TARGETS,target_id,CHEMBL4073,dtiam_historical,dtiam,720,0.4879196713843388,2,2.0,0.1388888888888889
OLD_NEW_FIVE_FIXED_382_TARGETS,target_id,CHEMBL4093,dtiam_historical,dtiam,720,0.5726572790976009,3,3.0,0.1388888888888889
OLD_NEW_FIVE_FIXED_382_TARGETS,target_id,CHEMBL4096,dtiam_historical,dtiam,720,0.5405994376692119,3,3.0,0.1388888888888889
OLD_NEW_FIVE_FIXED_382_TARGETS,target_id,CHEMBL4116,dtiam_historical,dtiam,720,0.3298625612782202,1,1.0,0.1388888888888889
OLD_NEW_FIVE_FIXED_382_TARGETS,target_id,CHEMBL4128,dtiam_historical,dtiam,720,0.485749849428213,0,0.0,0.1388888888888889
OLD_NEW_FIVE_FIXED_382_TARGETS,target_id,CHEMBL4142,dtiam_historical,dtiam,720,0.41832092013954053,1,1.0,0.1388888888888889
OLD_NEW_FIVE_FIXED_382_TARGETS,target_id,CHEMBL4179,dtiam_historical,dtiam,720,0.3557429527123007,2,2.0,0.1388888888888889
OLD_NEW_FIVE_FIXED_382_TARGETS,target_id,CHEMBL4187,dtiam_historical,dtiam,720,0.5406511353089429,1,1.0,0.1388888888888889
OLD_NEW_FIVE_FIXED_382_TARGETS,target_id,CHEMBL4191,dtiam_historical,dtiam,720,0.5182685328764436,3,3.0,0.1388888888888889
OLD_NEW_FIVE_FIXED_382_TARGETS,target_id,CHEMBL4223,dtiam_historical,dtiam,720,0.4534260930879982,1,1.0,0.1388888888888889
OLD_NEW_FIVE_FIXED_382_TARGETS,target_id,CHEMBL4225,dtiam_historical,dtiam,720,0.23691480253085026,0,0.0,0.1388888888888889
OLD_NEW_FIVE_FIXED_382_TARGETS,target_id,CHEMBL4235,dtiam_historical,dtiam,720,0.27470603437645486,0,0.0,0.1388888888888889
OLD_NEW_FIVE_FIXED_382_TARGETS,target_id,CHEMBL4245,dtiam_historical,dtiam,720,0.5349187093999315,2,2.0,0.1388888888888889
OLD_NEW_FIVE_FIXED_382_TARGETS,target_id,CHEMBL4247,dtiam_historical,dtiam,720,0.5009467692905539,2,2.0,0.1388888888888889
OLD_NEW_FIVE_FIXED_382_TARGETS,target_id,CHEMBL4266,dtiam_historical,dtiam,720,0.2189124176557149,0,0.0,0.1388888888888889
OLD_NEW_FIVE_FIXED_382_TARGETS,target_id,CHEMBL4282,dtiam_historical,dtiam,720,0.29248311013515027,3,3.0,0.1388888888888889
OLD_NEW_FIVE_FIXED_382_TARGETS,target_id,CHEMBL4296,dtiam_historical,dtiam,720,0.5384932411042725,2,2.0,0.1388888888888889
OLD_NEW_FIVE_FIXED_382_TARGETS,target_id,CHEMBL4302,dtiam_historical,dtiam,720,0.4316857888187747,1,1.0,0.1388888888888889
OLD_NEW_FIVE_FIXED_382_TARGETS,target_id,CHEMBL4304,dtiam_historical,dtiam,720,0.4743203629110008,1,1.0,0.1388888888888889
OLD_NEW_FIVE_FIXED_382_TARGETS,target_id,CHEMBL4306,dtiam_historical,dtiam,720,0.3770098442047581,1,1.0,0.1388888888888889
OLD_NEW_FIVE_FIXED_382_TARGETS,target_id,CHEMBL4338,dtiam_historical,dtiam,720,0.5260035671692916,1,1.0,0.1388888888888889
OLD_NEW_FIVE_FIXED_382_TARGETS,target_id,CHEMBL4342,dtiam_historical,dtiam,720,0.4260012989674987,1,1.0,0.1388888888888889
OLD_NEW_FIVE_FIXED_382_TARGETS,target_id,CHEMBL4393,dtiam_historical,dtiam,720,0.507253656285831,2,2.0,0.1388888888888889
OLD_NEW_FIVE_FIXED_382_TARGETS,target_id,CHEMBL4409,dtiam_historical,dtiam,720,0.6561354319981608,2,2.0,0.1388888888888889
OLD_NEW_FIVE_FIXED_382_TARGETS,target_id,CHEMBL4439,dtiam_historical,dtiam,720,0.3052101495391202,2,2.0,0.1388888888888889
OLD_NEW_FIVE_FIXED_382_TARGETS,target_id,CHEMBL4465,dtiam_historical,dtiam,720,0.4887734218961913,1,1.0,0.1388888888888889
OLD_NEW_FIVE_FIXED_382_TARGETS,target_id,CHEMBL4478,dtiam_historical,dtiam,720,0.2099433594164751,1,1.0,0.1388888888888889
OLD_NEW_FIVE_FIXED_382_TARGETS,target_id,CHEMBL4481,dtiam_historical,dtiam,720,0.11435210873402528,2,2.0,0.1388888888888889
OLD_NEW_FIVE_FIXED_382_TARGETS,target_id,CHEMBL4482,dtiam_historical,dtiam,720,0.30256180291274726,1,1.0,0.1388888888888889
OLD_NEW_FIVE_FIXED_382_TARGETS,target_id,CHEMBL4501,dtiam_historical,dtiam,720,0.18725311101719302,1,1.0,0.1388888888888889
OLD_NEW_FIVE_FIXED_382_TARGETS,target_id,CHEMBL4502,dtiam_historical,dtiam,720,0.5374004211589374,3,3.0,0.1388888888888889
OLD_NEW_FIVE_FIXED_382_TARGETS,target_id,CHEMBL4506,dtiam_historical,dtiam,720,0.22926972470315612,2,2.0,0.1388888888888889
OLD_NEW_FIVE_FIXED_382_TARGETS,target_id,CHEMBL4523510,dtiam_historical,dtiam,720,0.4460535727887864,1,1.0,0.1388888888888889
OLD_NEW_FIVE_FIXED_382_TARGETS,target_id,CHEMBL4523586,dtiam_historical,dtiam,720,0.4917726244568834,2,2.0,0.1388888888888889
OLD_NEW_FIVE_FIXED_382_TARGETS,target_id,CHEMBL4588,dtiam_historical,dtiam,720,0.4604741403374547,2,2.0,0.1388888888888889
OLD_NEW_FIVE_FIXED_382_TARGETS,target_id,CHEMBL4601,dtiam_historical,dtiam,720,0.4392916754631155,1,1.0,0.1388888888888889
OLD_NEW_FIVE_FIXED_382_TARGETS,target_id,CHEMBL4618,dtiam_historical,dtiam,720,0.3155920836960353,2,2.0,0.1388888888888889
OLD_NEW_FIVE_FIXED_382_TARGETS,target_id,CHEMBL4625,dtiam_historical,dtiam,720,0.6632808624259418,4,4.0,0.1388888888888889
OLD_NEW_FIVE_FIXED_382_TARGETS,target_id,CHEMBL4630,dtiam_historical,dtiam,720,0.4229582112835275,1,1.0,0.1388888888888889
OLD_NEW_FIVE_FIXED_382_TARGETS,target_id,CHEMBL4665582,dtiam_historical,dtiam,720,0.23212180761247422,2,2.0,0.1388888888888889
OLD_NEW_FIVE_FIXED_382_TARGETS,target_id,CHEMBL4685,dtiam_historical,dtiam,720,0.5996411000672599,3,3.0,0.1388888888888889
OLD_NEW_FIVE_FIXED_382_TARGETS,target_id,CHEMBL4703,dtiam_historical,dtiam,720,0.13097412161795802,1,1.0,0.1388888888888889
OLD_NEW_FIVE_FIXED_382_TARGETS,target_id,CHEMBL4722,dtiam_historical,dtiam,720,0.34734108959752347,2,2.0,0.1388888888888889
OLD_NEW_FIVE_FIXED_382_TARGETS,target_id,CHEMBL4770,dtiam_historical,dtiam,720,0.4322150144702755,1,1.0,0.1388888888888889
OLD_NEW_FIVE_FIXED_382_TARGETS,target_id,CHEMBL4791,dtiam_historical,dtiam,720,0.4876522775599338,0,0.0,0.1388888888888889
OLD_NEW_FIVE_FIXED_382_TARGETS,target_id,CHEMBL4794,dtiam_historical,dtiam,720,0.5804303150136843,2,2.0,0.1388888888888889
OLD_NEW_FIVE_FIXED_382_TARGETS,target_id,CHEMBL4801,dtiam_historical,dtiam,720,0.587169205233505,3,3.0,0.1388888888888889
OLD_NEW_FIVE_FIXED_382_TARGETS,target_id,CHEMBL4816,dtiam_historical,dtiam,720,0.26364515074451433,3,3.0,0.1388888888888889
OLD_NEW_FIVE_FIXED_382_TARGETS,target_id,CHEMBL4822,dtiam_historical,dtiam,720,0.7056248944968683,2,2.0,0.1388888888888889
OLD_NEW_FIVE_FIXED_382_TARGETS,target_id,CHEMBL4860,dtiam_historical,dtiam,720,0.7042443617542984,5,5.0,0.1388888888888889
OLD_NEW_FIVE_FIXED_382_TARGETS,target_id,CHEMBL4895,dtiam_historical,dtiam,720,0.4986386690082568,2,2.0,0.1388888888888889
OLD_NEW_FIVE_FIXED_382_TARGETS,target_id,CHEMBL4898,dtiam_historical,dtiam,720,0.4965894427278967,0,0.0,0.1388888888888889
OLD_NEW_FIVE_FIXED_382_TARGETS,target_id,CHEMBL4899,dtiam_historical,dtiam,720,0.3249022563367345,1,1.0,0.1388888888888889
OLD_NEW_FIVE_FIXED_382_TARGETS,target_id,CHEMBL4937,dtiam_historical,dtiam,720,0.24618546248546147,0,0.0,0.1388888888888889
OLD_NEW_FIVE_FIXED_382_TARGETS,target_id,CHEMBL4956,dtiam_historical,dtiam,720,0.5373483377159247,2,2.0,0.1388888888888889
OLD_NEW_FIVE_FIXED_382_TARGETS,target_id,CHEMBL4979,dtiam_historical,dtiam,720,0.4076129500594209,0,0.0,0.1388888888888889
OLD_NEW_FIVE_FIXED_382_TARGETS,target_id,CHEMBL5122,dtiam_historical,dtiam,720,0.5296425280216559,3,3.0,0.1388888888888889
OLD_NEW_FIVE_FIXED_382_TARGETS,target_id,CHEMBL5141,dtiam_historical,dtiam,720,0.5177058066399928,1,1.0,0.1388888888888889
OLD_NEW_FIVE_FIXED_382_TARGETS,target_id,CHEMBL5145,dtiam_historical,dtiam,720,0.4881153379486444,4,4.0,0.1388888888888889
OLD_NEW_FIVE_FIXED_382_TARGETS,target_id,CHEMBL5147,dtiam_historical,dtiam,720,0.42523377548907837,2,2.0,0.1388888888888889
OLD_NEW_FIVE_FIXED_382_TARGETS,target_id,CHEMBL5163,dtiam_historical,dtiam,720,0.5211853985867929,1,1.0,0.1388888888888889
OLD_NEW_FIVE_FIXED_382_TARGETS,target_id,CHEMBL5167,dtiam_historical,dtiam,720,0.5224964867386793,2,2.0,0.1388888888888889
OLD_NEW_FIVE_FIXED_382_TARGETS,target_id,CHEMBL5202,dtiam_historical,dtiam,720,0.5514742355183393,1,1.0,0.1388888888888889
OLD_NEW_FIVE_FIXED_382_TARGETS,target_id,CHEMBL5216,dtiam_historical,dtiam,720,0.3448126956414469,1,1.0,0.1388888888888889
OLD_NEW_FIVE_FIXED_382_TARGETS,target_id,CHEMBL5251,dtiam_historical,dtiam,720,0.47689052007230787,2,2.0,0.1388888888888889
OLD_NEW_FIVE_FIXED_382_TARGETS,target_id,CHEMBL5285,dtiam_historical,dtiam,720,0.3872679998088345,2,2.0,0.1388888888888889
OLD_NEW_FIVE_FIXED_382_TARGETS,target_id,CHEMBL5311,dtiam_historical,dtiam,720,0.3630654025457776,1,1.0,0.1388888888888889
OLD_NEW_FIVE_FIXED_382_TARGETS,target_id,CHEMBL5331,dtiam_historical,dtiam,720,0.4414887930014127,0,0.0,0.1388888888888889
OLD_NEW_FIVE_FIXED_382_TARGETS,target_id,CHEMBL5366,dtiam_historical,dtiam,720,0.39682476504700714,1,1.0,0.1388888888888889
OLD_NEW_FIVE_FIXED_382_TARGETS,target_id,CHEMBL5443,dtiam_historical,dtiam,720,0.20459905160872818,1,1.0,0.1388888888888889
OLD_NEW_FIVE_FIXED_382_TARGETS,target_id,CHEMBL5451,dtiam_historical,dtiam,720,0.5165760138801733,1,1.0,0.1388888888888889
OLD_NEW_FIVE_FIXED_382_TARGETS,target_id,CHEMBL5464,dtiam_historical,dtiam,720,0.4183275752461477,1,1.0,0.1388888888888889
OLD_NEW_FIVE_FIXED_382_TARGETS,target_id,CHEMBL5469,dtiam_historical,dtiam,720,0.42058333488324445,1,1.0,0.1388888888888889
OLD_NEW_FIVE_FIXED_382_TARGETS,target_id,CHEMBL5491,dtiam_historical,dtiam,720,0.4594225370427011,2,2.0,0.1388888888888889
OLD_NEW_FIVE_FIXED_382_TARGETS,target_id,CHEMBL5568,dtiam_historical,dtiam,720,0.40300202213967495,1,1.0,0.1388888888888889
OLD_NEW_FIVE_FIXED_382_TARGETS,target_id,CHEMBL5608,dtiam_historical,dtiam,720,0.48508559262816087,0,0.0,0.1388888888888889
OLD_NEW_FIVE_FIXED_382_TARGETS,target_id,CHEMBL5619,dtiam_historical,dtiam,720,0.36863585537707455,2,2.0,0.1388888888888889
OLD_NEW_FIVE_FIXED_382_TARGETS,target_id,CHEMBL5689,dtiam_historical,dtiam,720,0.3712615682109284,0,0.0,0.1388888888888889
OLD_NEW_FIVE_FIXED_382_TARGETS,target_id,CHEMBL5697,dtiam_historical,dtiam,720,0.2265890349016778,1,1.0,0.1388888888888889
OLD_NEW_FIVE_FIXED_382_TARGETS,target_id,CHEMBL5705,dtiam_historical,dtiam,720,0.0961134514991986,0,0.0,0.1388888888888889
OLD_NEW_FIVE_FIXED_382_TARGETS,target_id,CHEMBL5721,dtiam_historical,dtiam,720,0.3766514651064482,1,1.0,0.1388888888888889
OLD_NEW_FIVE_FIXED_382_TARGETS,target_id,CHEMBL5731,dtiam_historical,dtiam,720,0.5970464122472995,1,1.0,0.1388888888888889
OLD_NEW_FIVE_FIXED_382_TARGETS,target_id,CHEMBL5838,dtiam_historical,dtiam,720,0.45003195656806705,3,3.0,0.1388888888888889
OLD_NEW_FIVE_FIXED_382_TARGETS,target_id,CHEMBL5903,dtiam_historical,dtiam,720,0.31140399617289577,1,1.0,0.1388888888888889
OLD_NEW_FIVE_FIXED_382_TARGETS,target_id,CHEMBL6007,dtiam_historical,dtiam,720,0.5766649071357837,2,2.0,0.1388888888888889
OLD_NEW_FIVE_FIXED_382_TARGETS,target_id,CHEMBL6009,dtiam_historical,dtiam,720,0.5040682071909585,1,1.0,0.1388888888888889
OLD_NEW_FIVE_FIXED_382_TARGETS,target_id,CHEMBL6044,dtiam_historical,dtiam,720,0.5095934245874907,2,2.0,0.1388888888888889
OLD_NEW_FIVE_FIXED_382_TARGETS,target_id,CHEMBL6120,dtiam_historical,dtiam,720,0.40185457887972337,0,0.0,0.1388888888888889
OLD_NEW_FIVE_FIXED_382_TARGETS,target_id,CHEMBL6136,dtiam_historical,dtiam,720,0.30295307174081143,2,2.0,0.1388888888888889
FIVE_FIXED_720_DRUGS,drug_id,AAOVKJBEBIDNHE-UHFFFAOYSA-N,dtiam,biomaster,382,0.2032197429807078,4,4.0,0.2617801047120419
FIVE_FIXED_720_DRUGS,drug_id,AAOVKJBEBIDNHE-UHFFFAOYSA-N,dtiam,drugclip,382,0.03266683752346904,0,0.0,0.2617801047120419
FIVE_FIXED_720_DRUGS,drug_id,AAOVKJBEBIDNHE-UHFFFAOYSA-N,dtiam,conplex,382,0.12782903888117222,2,2.0,0.2617801047120419
FIVE_FIXED_720_DRUGS,drug_id,AAOVKJBEBIDNHE-UHFFFAOYSA-N,dtiam,probematch,382,0.10572760294974475,2,2.0,0.2617801047120419
FIVE_FIXED_720_DRUGS,drug_id,ACRHBAYQBXXRTO-OAQYLSRUSA-N,dtiam,biomaster,382,0.30399074058028097,2,2.0,0.2617801047120419
FIVE_FIXED_720_DRUGS,drug_id,ACRHBAYQBXXRTO-OAQYLSRUSA-N,dtiam,drugclip,382,0.04618440199383646,0,0.0,0.2617801047120419
FIVE_FIXED_720_DRUGS,drug_id,ACRHBAYQBXXRTO-OAQYLSRUSA-N,dtiam,conplex,382,0.11434649909215078,1,1.0,0.2617801047120419
FIVE_FIXED_720_DRUGS,drug_id,ACRHBAYQBXXRTO-OAQYLSRUSA-N,dtiam,probematch,382,0.16906335375166567,0,0.0,0.2617801047120419
FIVE_FIXED_720_DRUGS,drug_id,ACWBQPMHZXGDFX-QFIPXVFZSA-N,dtiam,biomaster,382,0.43627889814799764,1,1.0,0.2617801047120419
FIVE_FIXED_720_DRUGS,drug_id,ACWBQPMHZXGDFX-QFIPXVFZSA-N,dtiam,drugclip,382,0.1443352843371852,0,0.0,0.2617801047120419
FIVE_FIXED_720_DRUGS,drug_id,ACWBQPMHZXGDFX-QFIPXVFZSA-N,dtiam,conplex,382,0.2957868792079586,0,0.0,0.2617801047120419
FIVE_FIXED_720_DRUGS,drug_id,ACWBQPMHZXGDFX-QFIPXVFZSA-N,dtiam,probematch,382,0.06329232734197154,0,0.0,0.2617801047120419
FIVE_FIXED_720_DRUGS,drug_id,ACWZRVQXLIRSDF-UHFFFAOYSA-N,dtiam,biomaster,382,-0.12380986414946735,2,2.0,0.2617801047120419
FIVE_FIXED_720_DRUGS,drug_id,ACWZRVQXLIRSDF-UHFFFAOYSA-N,dtiam,drugclip,382,-0.02035610619141351,0,0.0,0.2617801047120419
FIVE_FIXED_720_DRUGS,drug_id,ACWZRVQXLIRSDF-UHFFFAOYSA-N,dtiam,conplex,382,0.2724465907670804,2,2.0,0.2617801047120419
FIVE_FIXED_720_DRUGS,drug_id,ACWZRVQXLIRSDF-UHFFFAOYSA-N,dtiam,probematch,382,-0.12819657356034092,0,0.0,0.2617801047120419
FIVE_FIXED_720_DRUGS,drug_id,ADEBPBSSDYVVLD-UHFFFAOYSA-N,dtiam,biomaster,382,0.23998036259028244,2,2.0,0.2617801047120419
FIVE_FIXED_720_DRUGS,drug_id,ADEBPBSSDYVVLD-UHFFFAOYSA-N,dtiam,drugclip,382,0.1847327642818724,1,1.0,0.2617801047120419
FIVE_FIXED_720_DRUGS,drug_id,ADEBPBSSDYVVLD-UHFFFAOYSA-N,dtiam,conplex,382,0.31596724896049777,1,1.0,0.2617801047120419
FIVE_FIXED_720_DRUGS,drug_id,ADEBPBSSDYVVLD-UHFFFAOYSA-N,dtiam,probematch,382,0.11978885154999024,0,0.0,0.2617801047120419
FIVE_FIXED_720_DRUGS,drug_id,AEXFXNFMSAAELR-RXVVDRJESA-N,dtiam,biomaster,382,0.4663184086938485,2,2.0,0.2617801047120419
FIVE_FIXED_720_DRUGS,drug_id,AEXFXNFMSAAELR-RXVVDRJESA-N,dtiam,drugclip,382,0.02801732233951256,0,0.0,0.2617801047120419
FIVE_FIXED_720_DRUGS,drug_id,AEXFXNFMSAAELR-RXVVDRJESA-N,dtiam,conplex,382,0.35303558750786923,0,0.0,0.2617801047120419
FIVE_FIXED_720_DRUGS,drug_id,AEXFXNFMSAAELR-RXVVDRJESA-N,dtiam,probematch,382,0.09945707572200699,1,1.0,0.2617801047120419
FIVE_FIXED_720_DRUGS,drug_id,AFLFKFHDSCQHOL-IZZDOVSWSA-N,dtiam,biomaster,382,0.43509639111468557,2,2.0,0.2617801047120419
FIVE_FIXED_720_DRUGS,drug_id,AFLFKFHDSCQHOL-IZZDOVSWSA-N,dtiam,drugclip,382,0.16209872286872373,0,0.0,0.2617801047120419
FIVE_FIXED_720_DRUGS,drug_id,AFLFKFHDSCQHOL-IZZDOVSWSA-N,dtiam,conplex,382,0.31534182029889973,0,0.0,0.2617801047120419
FIVE_FIXED_720_DRUGS,drug_id,AFLFKFHDSCQHOL-IZZDOVSWSA-N,dtiam,probematch,382,0.2780468419602923,1,1.0,0.2617801047120419
FIVE_FIXED_720_DRUGS,drug_id,AHJRHEGDXFFMBM-UHFFFAOYSA-N,dtiam,biomaster,382,-0.09809178928297299,0,0.0,0.2617801047120419
FIVE_FIXED_720_DRUGS,drug_id,AHJRHEGDXFFMBM-UHFFFAOYSA-N,dtiam,drugclip,382,-0.06768006780309761,0,0.0,0.2617801047120419
FIVE_FIXED_720_DRUGS,drug_id,AHJRHEGDXFFMBM-UHFFFAOYSA-N,dtiam,conplex,382,-0.18512428498024125,0,0.0,0.2617801047120419
FIVE_FIXED_720_DRUGS,drug_id,AHJRHEGDXFFMBM-UHFFFAOYSA-N,dtiam,probematch,382,0.1461371383092991,1,1.0,0.2617801047120419
FIVE_FIXED_720_DRUGS,drug_id,AHOUBRCZNHFOSL-YOEHRIQHSA-N,dtiam,biomaster,382,0.45228181555839553,5,5.0,0.2617801047120419
FIVE_FIXED_720_DRUGS,drug_id,AHOUBRCZNHFOSL-YOEHRIQHSA-N,dtiam,drugclip,382,0.20095590828886195,2,2.0,0.2617801047120419
FIVE_FIXED_720_DRUGS,drug_id,AHOUBRCZNHFOSL-YOEHRIQHSA-N,dtiam,conplex,382,-0.0432069346089561,0,0.0,0.2617801047120419
FIVE_FIXED_720_DRUGS,drug_id,AHOUBRCZNHFOSL-YOEHRIQHSA-N,dtiam,probematch,382,0.1574328891288548,2,2.0,0.2617801047120419
FIVE_FIXED_720_DRUGS,drug_id,AHYMHWXQRWRBKT-UHFFFAOYSA-N,dtiam,biomaster,382,-0.16115431027903873,0,0.0,0.2617801047120419
FIVE_FIXED_720_DRUGS,drug_id,AHYMHWXQRWRBKT-UHFFFAOYSA-N,dtiam,drugclip,382,-0.24311649265787563,2,2.0,0.2617801047120419
FIVE_FIXED_720_DRUGS,drug_id,AHYMHWXQRWRBKT-UHFFFAOYSA-N,dtiam,conplex,382,0.39097192533572844,0,0.0,0.2617801047120419
FIVE_FIXED_720_DRUGS,drug_id,AHYMHWXQRWRBKT-UHFFFAOYSA-N,dtiam,probematch,382,-0.12017182626790024,1,1.0,0.2617801047120419
FIVE_FIXED_720_DRUGS,drug_id,AILRADAXUVEEIR-UHFFFAOYSA-N,dtiam,biomaster,382,0.11112369275440505,0,0.0,0.2617801047120419
FIVE_FIXED_720_DRUGS,drug_id,AILRADAXUVEEIR-UHFFFAOYSA-N,dtiam,drugclip,382,0.07150206486652771,0,0.0,0.2617801047120419
FIVE_FIXED_720_DRUGS,drug_id,AILRADAXUVEEIR-UHFFFAOYSA-N,dtiam,conplex,382,0.25846432206818937,4,4.0,0.2617801047120419
FIVE_FIXED_720_DRUGS,drug_id,AILRADAXUVEEIR-UHFFFAOYSA-N,dtiam,probematch,382,0.13946748003402643,0,0.0,0.2617801047120419
FIVE_FIXED_720_DRUGS,drug_id,AJIPIJNNOJSSQC-NYLIRDPKSA-N,dtiam,biomaster,382,0.12127758120156105,5,5.0,0.2617801047120419
FIVE_FIXED_720_DRUGS,drug_id,AJIPIJNNOJSSQC-NYLIRDPKSA-N,dtiam,drugclip,382,0.0885684420884241,4,4.0,0.2617801047120419
FIVE_FIXED_720_DRUGS,drug_id,AJIPIJNNOJSSQC-NYLIRDPKSA-N,dtiam,conplex,382,0.03623317070921374,5,5.0,0.2617801047120419
FIVE_FIXED_720_DRUGS,drug_id,AJIPIJNNOJSSQC-NYLIRDPKSA-N,dtiam,probematch,382,0.07901538690723821,3,3.0,0.2617801047120419
FIVE_FIXED_720_DRUGS,drug_id,ALWKGYPQUAPLQC-UHFFFAOYSA-N,dtiam,biomaster,382,0.20798227767904418,0,0.0,0.2617801047120419
FIVE_FIXED_720_DRUGS,drug_id,ALWKGYPQUAPLQC-UHFFFAOYSA-N,dtiam,drugclip,382,0.027378815902082475,0,0.0,0.2617801047120419
FIVE_FIXED_720_DRUGS,drug_id,ALWKGYPQUAPLQC-UHFFFAOYSA-N,dtiam,conplex,382,0.023163031548521156,1,1.0,0.2617801047120419
FIVE_FIXED_720_DRUGS,drug_id,ALWKGYPQUAPLQC-UHFFFAOYSA-N,dtiam,probematch,382,0.08745306512936427,0,0.0,0.2617801047120419
FIVE_FIXED_720_DRUGS,drug_id,ANGKOCUUWGHLCE-HKUYNNGSSA-N,dtiam,biomaster,382,0.09989192105296299,1,1.0,0.2617801047120419
FIVE_FIXED_720_DRUGS,drug_id,ANGKOCUUWGHLCE-HKUYNNGSSA-N,dtiam,drugclip,382,0.21820074870584583,0,0.0,0.2617801047120419
FIVE_FIXED_720_DRUGS,drug_id,ANGKOCUUWGHLCE-HKUYNNGSSA-N,dtiam,conplex,382,0.32203355553035007,1,1.0,0.2617801047120419
FIVE_FIXED_720_DRUGS,drug_id,ANGKOCUUWGHLCE-HKUYNNGSSA-N,dtiam,probematch,382,0.16245112847832355,0,0.0,0.2617801047120419
FIVE_FIXED_720_DRUGS,drug_id,AOMXMOCNKJTRQP-UHFFFAOYSA-N,dtiam,biomaster,382,0.421626617753256,3,3.0,0.2617801047120419
FIVE_FIXED_720_DRUGS,drug_id,AOMXMOCNKJTRQP-UHFFFAOYSA-N,dtiam,drugclip,382,-0.09196225664880349,0,0.0,0.2617801047120419
FIVE_FIXED_720_DRUGS,drug_id,AOMXMOCNKJTRQP-UHFFFAOYSA-N,dtiam,conplex,382,0.2851418247470551,0,0.0,0.2617801047120419
FIVE_FIXED_720_DRUGS,drug_id,AOMXMOCNKJTRQP-UHFFFAOYSA-N,dtiam,probematch,382,0.055698103767938566,0,0.0,0.2617801047120419
FIVE_FIXED_720_DRUGS,drug_id,AQHHHDLHHXJYJD-UHFFFAOYSA-N,dtiam,biomaster,382,0.3551732960505277,3,3.0,0.2617801047120419
FIVE_FIXED_720_DRUGS,drug_id,AQHHHDLHHXJYJD-UHFFFAOYSA-N,dtiam,drugclip,382,0.10615922985704324,1,1.0,0.2617801047120419
FIVE_FIXED_720_DRUGS,drug_id,AQHHHDLHHXJYJD-UHFFFAOYSA-N,dtiam,conplex,382,0.2772987227608016,0,0.0,0.2617801047120419
FIVE_FIXED_720_DRUGS,drug_id,AQHHHDLHHXJYJD-UHFFFAOYSA-N,dtiam,probematch,382,0.20699333652981547,0,0.0,0.2617801047120419
FIVE_FIXED_720_DRUGS,drug_id,AQNDDEOPVVGCPG-UHFFFAOYSA-N,dtiam,biomaster,382,0.3080928107641077,1,1.0,0.2617801047120419
FIVE_FIXED_720_DRUGS,drug_id,AQNDDEOPVVGCPG-UHFFFAOYSA-N,dtiam,drugclip,382,0.1658382695054729,0,0.0,0.2617801047120419
FIVE_FIXED_720_DRUGS,drug_id,AQNDDEOPVVGCPG-UHFFFAOYSA-N,dtiam,conplex,382,0.13422869388464717,2,2.0,0.2617801047120419
FIVE_FIXED_720_DRUGS,drug_id,AQNDDEOPVVGCPG-UHFFFAOYSA-N,dtiam,probematch,382,0.18103950182720266,0,0.0,0.2617801047120419
FIVE_FIXED_720_DRUGS,drug_id,AQOKCDNYWBIDND-FTOWTWDKSA-N,dtiam,biomaster,382,0.3176945181552933,0,0.0,0.2617801047120419
FIVE_FIXED_720_DRUGS,drug_id,AQOKCDNYWBIDND-FTOWTWDKSA-N,dtiam,drugclip,382,0.0127151259182701,1,1.0,0.2617801047120419
FIVE_FIXED_720_DRUGS,drug_id,AQOKCDNYWBIDND-FTOWTWDKSA-N,dtiam,conplex,382,0.10305338302826067,1,1.0,0.2617801047120419
FIVE_FIXED_720_DRUGS,drug_id,AQOKCDNYWBIDND-FTOWTWDKSA-N,dtiam,probematch,382,0.1177987329113149,0,0.0,0.2617801047120419
FIVE_FIXED_720_DRUGS,drug_id,ASMXXROZKSBQIH-VITNCHFBSA-N,dtiam,biomaster,382,0.3929534593174418,0,0.0,0.2617801047120419
FIVE_FIXED_720_DRUGS,drug_id,ASMXXROZKSBQIH-VITNCHFBSA-N,dtiam,drugclip,382,0.15384033313416784,0,0.0,0.2617801047120419
FIVE_FIXED_720_DRUGS,drug_id,ASMXXROZKSBQIH-VITNCHFBSA-N,dtiam,conplex,382,0.2547758090484305,2,2.0,0.2617801047120419
FIVE_FIXED_720_DRUGS,drug_id,ASMXXROZKSBQIH-VITNCHFBSA-N,dtiam,probematch,382,0.17381486391750828,1,1.0,0.2617801047120419
FIVE_FIXED_720_DRUGS,drug_id,ASOADIZOVZTJSR-UHFFFAOYSA-N,dtiam,biomaster,382,-0.028644849738402884,0,0.0,0.2617801047120419
FIVE_FIXED_720_DRUGS,drug_id,ASOADIZOVZTJSR-UHFFFAOYSA-N,dtiam,drugclip,382,0.0893628078180657,0,0.0,0.2617801047120419
FIVE_FIXED_720_DRUGS,drug_id,ASOADIZOVZTJSR-UHFFFAOYSA-N,dtiam,conplex,382,0.21889753224745342,0,0.0,0.2617801047120419
FIVE_FIXED_720_DRUGS,drug_id,ASOADIZOVZTJSR-UHFFFAOYSA-N,dtiam,probematch,382,0.10181325279742136,0,0.0,0.2617801047120419
FIVE_FIXED_720_DRUGS,drug_id,ASUTZQLVASHGKV-JDFRZJQESA-N,dtiam,biomaster,382,0.2838020109077824,2,2.0,0.2617801047120419
FIVE_FIXED_720_DRUGS,drug_id,ASUTZQLVASHGKV-JDFRZJQESA-N,dtiam,drugclip,382,0.17370442770631417,0,0.0,0.2617801047120419
FIVE_FIXED_720_DRUGS,drug_id,ASUTZQLVASHGKV-JDFRZJQESA-N,dtiam,conplex,382,0.24777677273565846,2,2.0,0.2617801047120419
FIVE_FIXED_720_DRUGS,drug_id,ASUTZQLVASHGKV-JDFRZJQESA-N,dtiam,probematch,382,0.1531430565492602,0,0.0,0.2617801047120419
FIVE_FIXED_720_DRUGS,drug_id,ATALOFNDEOCMKK-OITMNORJSA-N,dtiam,biomaster,382,0.49571489202169416,0,0.0,0.2617801047120419
FIVE_FIXED_720_DRUGS,drug_id,ATALOFNDEOCMKK-OITMNORJSA-N,dtiam,drugclip,382,0.04112069719908581,1,1.0,0.2617801047120419
FIVE_FIXED_720_DRUGS,drug_id,ATALOFNDEOCMKK-OITMNORJSA-N,dtiam,conplex,382,0.2526005560682336,0,0.0,0.2617801047120419
FIVE_FIXED_720_DRUGS,drug_id,ATALOFNDEOCMKK-OITMNORJSA-N,dtiam,probematch,382,-0.024241824733427328,0,0.0,0.2617801047120419
FIVE_FIXED_720_DRUGS,drug_id,AURFZBICLPNKBZ-SYBPFIFISA-N,dtiam,biomaster,382,0.10335505424882872,6,6.0,0.2617801047120419
FIVE_FIXED_720_DRUGS,drug_id,AURFZBICLPNKBZ-SYBPFIFISA-N,dtiam,drugclip,382,0.07309251852793482,2,2.0,0.2617801047120419
FIVE_FIXED_720_DRUGS,drug_id,AURFZBICLPNKBZ-SYBPFIFISA-N,dtiam,conplex,382,-0.1451369985615173,4,4.0,0.2617801047120419
FIVE_FIXED_720_DRUGS,drug_id,AURFZBICLPNKBZ-SYBPFIFISA-N,dtiam,probematch,382,0.15129169740842494,4,4.0,0.2617801047120419
FIVE_FIXED_720_DRUGS,drug_id,AVAACINZEOAHHE-VFZPANTDSA-N,dtiam,biomaster,382,0.466558010064334,3,3.0,0.2617801047120419
FIVE_FIXED_720_DRUGS,drug_id,AVAACINZEOAHHE-VFZPANTDSA-N,dtiam,drugclip,382,0.22583161104151142,1,1.0,0.2617801047120419
FIVE_FIXED_720_DRUGS,drug_id,AVAACINZEOAHHE-VFZPANTDSA-N,dtiam,conplex,382,0.047378332126638625,0,0.0,0.2617801047120419
FIVE_FIXED_720_DRUGS,drug_id,AVAACINZEOAHHE-VFZPANTDSA-N,dtiam,probematch,382,0.17204551651048267,1,1.0,0.2617801047120419
FIVE_FIXED_720_DRUGS,drug_id,AXOIZCJOOAYSMI-UHFFFAOYSA-N,dtiam,biomaster,382,0.365738790805292,1,1.0,0.2617801047120419
FIVE_FIXED_720_DRUGS,drug_id,AXOIZCJOOAYSMI-UHFFFAOYSA-N,dtiam,drugclip,382,0.21697475606890573,0,0.0,0.2617801047120419
FIVE_FIXED_720_DRUGS,drug_id,AXOIZCJOOAYSMI-UHFFFAOYSA-N,dtiam,conplex,382,0.17140063900138416,0,0.0,0.2617801047120419
FIVE_FIXED_720_DRUGS,drug_id,AXOIZCJOOAYSMI-UHFFFAOYSA-N,dtiam,probematch,382,0.08631063510401187,0,0.0,0.2617801047120419
FIVE_FIXED_720_DRUGS,drug_id,AXQACEQYCPKDMV-RZAWKFBISA-N,dtiam,biomaster,382,0.034214666682310005,1,1.0,0.2617801047120419
FIVE_FIXED_720_DRUGS,drug_id,AXQACEQYCPKDMV-RZAWKFBISA-N,dtiam,drugclip,382,0.009405053436164587,0,0.0,0.2617801047120419
FIVE_FIXED_720_DRUGS,drug_id,AXQACEQYCPKDMV-RZAWKFBISA-N,dtiam,conplex,382,0.0686884155196139,1,1.0,0.2617801047120419
FIVE_FIXED_720_DRUGS,drug_id,AXQACEQYCPKDMV-RZAWKFBISA-N,dtiam,probematch,382,0.16394664574765153,1,1.0,0.2617801047120419
FIVE_FIXED_720_DRUGS,drug_id,AYXYPKUFHZROOJ-ZETCQYMHSA-N,dtiam,biomaster,382,0.202941392062435,1,1.0,0.2617801047120419
FIVE_FIXED_720_DRUGS,drug_id,AYXYPKUFHZROOJ-ZETCQYMHSA-N,dtiam,drugclip,382,-0.02074144891663261,0,0.0,0.2617801047120419
FIVE_FIXED_720_DRUGS,drug_id,AYXYPKUFHZROOJ-ZETCQYMHSA-N,dtiam,conplex,382,0.24943366022158966,1,1.0,0.2617801047120419
FIVE_FIXED_720_DRUGS,drug_id,AYXYPKUFHZROOJ-ZETCQYMHSA-N,dtiam,probematch,382,0.10309371007652927,1,1.0,0.2617801047120419
FIVE_FIXED_720_DRUGS,drug_id,AZSRSNUQCUDCGG-UHFFFAOYSA-N,dtiam,biomaster,382,0.007304182120291298,1,1.0,0.2617801047120419
FIVE_FIXED_720_DRUGS,drug_id,AZSRSNUQCUDCGG-UHFFFAOYSA-N,dtiam,drugclip,382,-0.06681143210686351,0,0.0,0.2617801047120419
FIVE_FIXED_720_DRUGS,drug_id,AZSRSNUQCUDCGG-UHFFFAOYSA-N,dtiam,conplex,382,0.032493451756029045,1,1.0,0.2617801047120419
FIVE_FIXED_720_DRUGS,drug_id,AZSRSNUQCUDCGG-UHFFFAOYSA-N,dtiam,probematch,382,0.08394693527860725,0,0.0,0.2617801047120419
FIVE_FIXED_720_DRUGS,drug_id,BALLNEJQLSTPIO-UHFFFAOYSA-N,dtiam,biomaster,382,0.09438173535759536,0,0.0,0.2617801047120419
FIVE_FIXED_720_DRUGS,drug_id,BALLNEJQLSTPIO-UHFFFAOYSA-N,dtiam,drugclip,382,-0.002769193377573118,0,0.0,0.2617801047120419
FIVE_FIXED_720_DRUGS,drug_id,BALLNEJQLSTPIO-UHFFFAOYSA-N,dtiam,conplex,382,0.204933057779078,0,0.0,0.2617801047120419
FIVE_FIXED_720_DRUGS,drug_id,BALLNEJQLSTPIO-UHFFFAOYSA-N,dtiam,probematch,382,0.16493993469947407,0,0.0,0.2617801047120419
FIVE_FIXED_720_DRUGS,drug_id,BARDROPHSZEBKC-OITMNORJSA-N,dtiam,biomaster,382,0.4525797565258275,1,1.0,0.2617801047120419
FIVE_FIXED_720_DRUGS,drug_id,BARDROPHSZEBKC-OITMNORJSA-N,dtiam,drugclip,382,0.07241827639643414,0,0.0,0.2617801047120419
FIVE_FIXED_720_DRUGS,drug_id,BARDROPHSZEBKC-OITMNORJSA-N,dtiam,conplex,382,0.3022863293208367,1,1.0,0.2617801047120419
FIVE_FIXED_720_DRUGS,drug_id,BARDROPHSZEBKC-OITMNORJSA-N,dtiam,probematch,382,-0.03855353965817086,0,0.0,0.2617801047120419
FIVE_FIXED_720_DRUGS,drug_id,BBAWEDCPNXPBQM-GDEBMMAJSA-N,dtiam,biomaster,382,0.37972221095017017,3,3.0,0.2617801047120419
FIVE_FIXED_720_DRUGS,drug_id,BBAWEDCPNXPBQM-GDEBMMAJSA-N,dtiam,drugclip,382,0.06645364461562656,1,1.0,0.2617801047120419
FIVE_FIXED_720_DRUGS,drug_id,BBAWEDCPNXPBQM-GDEBMMAJSA-N,dtiam,conplex,382,-0.08123175148288028,2,2.0,0.2617801047120419
FIVE_FIXED_720_DRUGS,drug_id,BBAWEDCPNXPBQM-GDEBMMAJSA-N,dtiam,probematch,382,0.027075063959630323,0,0.0,0.2617801047120419
FIVE_FIXED_720_DRUGS,drug_id,BCEHBSKCWLPMDN-MGPLVRAMSA-N,dtiam,biomaster,382,0.12620286400060451,1,1.0,0.2617801047120419
FIVE_FIXED_720_DRUGS,drug_id,BCEHBSKCWLPMDN-MGPLVRAMSA-N,dtiam,drugclip,382,0.11422688570637897,1,1.0,0.2617801047120419
FIVE_FIXED_720_DRUGS,drug_id,BCEHBSKCWLPMDN-MGPLVRAMSA-N,dtiam,conplex,382,0.28937978099664813,0,0.0,0.2617801047120419
FIVE_FIXED_720_DRUGS,drug_id,BCEHBSKCWLPMDN-MGPLVRAMSA-N,dtiam,probematch,382,-0.013368055798487712,0,0.0,0.2617801047120419
FIVE_FIXED_720_DRUGS,drug_id,BCFGMOOMADDAQU-UHFFFAOYSA-N,dtiam,biomaster,382,-0.1469495871612415,3,3.0,0.2617801047120419
FIVE_FIXED_720_DRUGS,drug_id,BCFGMOOMADDAQU-UHFFFAOYSA-N,dtiam,drugclip,382,-0.2987604127300445,1,1.0,0.2617801047120419
FIVE_FIXED_720_DRUGS,drug_id,BCFGMOOMADDAQU-UHFFFAOYSA-N,dtiam,conplex,382,0.35169115166399323,3,3.0,0.2617801047120419
FIVE_FIXED_720_DRUGS,drug_id,BCFGMOOMADDAQU-UHFFFAOYSA-N,dtiam,probematch,382,-0.07444208718003407,0,0.0,0.2617801047120419
FIVE_FIXED_720_DRUGS,drug_id,BFDBKMOZYNOTPK-UHFFFAOYSA-N,dtiam,biomaster,382,0.4159272050995266,0,0.0,0.2617801047120419
FIVE_FIXED_720_DRUGS,drug_id,BFDBKMOZYNOTPK-UHFFFAOYSA-N,dtiam,drugclip,382,0.09668496542302504,2,2.0,0.2617801047120419
FIVE_FIXED_720_DRUGS,drug_id,BFDBKMOZYNOTPK-UHFFFAOYSA-N,dtiam,conplex,382,0.23650329749025475,1,1.0,0.2617801047120419
FIVE_FIXED_720_DRUGS,drug_id,BFDBKMOZYNOTPK-UHFFFAOYSA-N,dtiam,probematch,382,0.17496077415568773,0,0.0,0.2617801047120419
FIVE_FIXED_720_DRUGS,drug_id,BFPYWIDHMRZLRN-SLHNCBLASA-N,dtiam,biomaster,382,0.21749120143080553,6,6.0,0.2617801047120419
FIVE_FIXED_720_DRUGS,drug_id,BFPYWIDHMRZLRN-SLHNCBLASA-N,dtiam,drugclip,382,0.12992389696452186,4,4.0,0.2617801047120419
FIVE_FIXED_720_DRUGS,drug_id,BFPYWIDHMRZLRN-SLHNCBLASA-N,dtiam,conplex,382,0.01796267285537467,6,6.0,0.2617801047120419
FIVE_FIXED_720_DRUGS,drug_id,BFPYWIDHMRZLRN-SLHNCBLASA-N,dtiam,probematch,382,0.15459671109966347,3,3.0,0.2617801047120419
FIVE_FIXED_720_DRUGS,drug_id,BFSMGDJOXZAERB-UHFFFAOYSA-N,dtiam,biomaster,382,-0.03295918133399839,3,3.0,0.2617801047120419
FIVE_FIXED_720_DRUGS,drug_id,BFSMGDJOXZAERB-UHFFFAOYSA-N,dtiam,drugclip,382,-0.013325431295921578,0,0.0,0.2617801047120419
FIVE_FIXED_720_DRUGS,drug_id,BFSMGDJOXZAERB-UHFFFAOYSA-N,dtiam,conplex,382,0.0473739844558664,0,0.0,0.2617801047120419
FIVE_FIXED_720_DRUGS,drug_id,BFSMGDJOXZAERB-UHFFFAOYSA-N,dtiam,probematch,382,0.07138609265152514,0,0.0,0.2617801047120419
FIVE_FIXED_720_DRUGS,drug_id,BGDKAVGWHJFAGW-UHFFFAOYSA-N,dtiam,biomaster,382,0.26034561798047906,0,0.0,0.2617801047120419
FIVE_FIXED_720_DRUGS,drug_id,BGDKAVGWHJFAGW-UHFFFAOYSA-N,dtiam,drugclip,382,0.14210051180617994,0,0.0,0.2617801047120419
FIVE_FIXED_720_DRUGS,drug_id,BGDKAVGWHJFAGW-UHFFFAOYSA-N,dtiam,conplex,382,0.26373862567144396,0,0.0,0.2617801047120419
FIVE_FIXED_720_DRUGS,drug_id,BGDKAVGWHJFAGW-UHFFFAOYSA-N,dtiam,probematch,382,0.1977160155433047,0,0.0,0.2617801047120419
FIVE_FIXED_720_DRUGS,drug_id,BISPBXFUKNXOQY-RITPCOANSA-N,dtiam,biomaster,382,0.44608059626081936,4,4.0,0.2617801047120419
FIVE_FIXED_720_DRUGS,drug_id,BISPBXFUKNXOQY-RITPCOANSA-N,dtiam,drugclip,382,0.13961709634353886,0,0.0,0.2617801047120419
FIVE_FIXED_720_DRUGS,drug_id,BISPBXFUKNXOQY-RITPCOANSA-N,dtiam,conplex,382,-0.03150817908386271,2,2.0,0.2617801047120419
FIVE_FIXED_720_DRUGS,drug_id,BISPBXFUKNXOQY-RITPCOANSA-N,dtiam,probematch,382,0.09268838011928618,0,0.0,0.2617801047120419
FIVE_FIXED_720_DRUGS,drug_id,BLIJXOOIHRSQRB-PXYINDEMSA-N,dtiam,biomaster,382,0.20284817787247977,2,2.0,0.2617801047120419
FIVE_FIXED_720_DRUGS,drug_id,BLIJXOOIHRSQRB-PXYINDEMSA-N,dtiam,drugclip,382,-0.02275104351994003,0,0.0,0.2617801047120419
FIVE_FIXED_720_DRUGS,drug_id,BLIJXOOIHRSQRB-PXYINDEMSA-N,dtiam,conplex,382,0.037475297942114225,0,0.0,0.2617801047120419
FIVE_FIXED_720_DRUGS,drug_id,BLIJXOOIHRSQRB-PXYINDEMSA-N,dtiam,probematch,382,0.1282323922699177,0,0.0,0.2617801047120419
FIVE_FIXED_720_DRUGS,drug_id,BLJRIMJGRPQVNF-JTQLQIEISA-N,dtiam,biomaster,382,0.3720971610466727,2,2.0,0.2617801047120419
FIVE_FIXED_720_DRUGS,drug_id,BLJRIMJGRPQVNF-JTQLQIEISA-N,dtiam,drugclip,382,0.15287697632112007,0,0.0,0.2617801047120419
FIVE_FIXED_720_DRUGS,drug_id,BLJRIMJGRPQVNF-JTQLQIEISA-N,dtiam,conplex,382,0.005294834649260567,0,0.0,0.2617801047120419
FIVE_FIXED_720_DRUGS,drug_id,BLJRIMJGRPQVNF-JTQLQIEISA-N,dtiam,probematch,382,0.1866924150235872,3,3.0,0.2617801047120419
FIVE_FIXED_720_DRUGS,drug_id,BMEARIQHWSVDBS-SNVBAGLBSA-N,dtiam,biomaster,382,0.19427440987398756,0,0.0,0.2617801047120419
FIVE_FIXED_720_DRUGS,drug_id,BMEARIQHWSVDBS-SNVBAGLBSA-N,dtiam,drugclip,382,0.11304114954408467,2,2.0,0.2617801047120419
FIVE_FIXED_720_DRUGS,drug_id,BMEARIQHWSVDBS-SNVBAGLBSA-N,dtiam,conplex,382,0.02818505383685546,1,1.0,0.2617801047120419
FIVE_FIXED_720_DRUGS,drug_id,BMEARIQHWSVDBS-SNVBAGLBSA-N,dtiam,probematch,382,0.08733168568820973,0,0.0,0.2617801047120419
FIVE_FIXED_720_DRUGS,drug_id,BMGQWWVMWDBQGC-IIFHNQTCSA-N,dtiam,biomaster,382,0.018997719266199812,3,3.0,0.2617801047120419
FIVE_FIXED_720_DRUGS,drug_id,BMGQWWVMWDBQGC-IIFHNQTCSA-N,dtiam,drugclip,382,-0.1512533702688282,0,0.0,0.2617801047120419
FIVE_FIXED_720_DRUGS,drug_id,BMGQWWVMWDBQGC-IIFHNQTCSA-N,dtiam,conplex,382,-0.14840700476867355,2,2.0,0.2617801047120419
FIVE_FIXED_720_DRUGS,drug_id,BMGQWWVMWDBQGC-IIFHNQTCSA-N,dtiam,probematch,382,0.12706895058715997,0,0.0,0.2617801047120419
FIVE_FIXED_720_DRUGS,drug_id,BMKDZUISNHGIBY-ZETCQYMHSA-N,dtiam,biomaster,382,0.2539345052990545,2,2.0,0.2617801047120419
FIVE_FIXED_720_DRUGS,drug_id,BMKDZUISNHGIBY-ZETCQYMHSA-N,dtiam,drugclip,382,0.17697768811802164,0,0.0,0.2617801047120419
FIVE_FIXED_720_DRUGS,drug_id,BMKDZUISNHGIBY-ZETCQYMHSA-N,dtiam,conplex,382,-0.06912042317954042,1,1.0,0.2617801047120419
FIVE_FIXED_720_DRUGS,drug_id,BMKDZUISNHGIBY-ZETCQYMHSA-N,dtiam,probematch,382,0.12203514142859168,0,0.0,0.2617801047120419
FIVE_FIXED_720_DRUGS,drug_id,BMPDWHIDQYTSHX-AWEZNQCLSA-N,dtiam,biomaster,382,0.29332320534967643,4,4.0,0.2617801047120419
FIVE_FIXED_720_DRUGS,drug_id,BMPDWHIDQYTSHX-AWEZNQCLSA-N,dtiam,drugclip,382,-0.021769388309326017,0,0.0,0.2617801047120419
FIVE_FIXED_720_DRUGS,drug_id,BMPDWHIDQYTSHX-AWEZNQCLSA-N,dtiam,conplex,382,0.08917507494568304,2,2.0,0.2617801047120419
FIVE_FIXED_720_DRUGS,drug_id,BMPDWHIDQYTSHX-AWEZNQCLSA-N,dtiam,probematch,382,0.06229818616595936,0,0.0,0.2617801047120419
FIVE_FIXED_720_DRUGS,drug_id,BMPDWHIDQYTSHX-UHFFFAOYSA-N,dtiam,biomaster,382,0.25876571280708077,3,3.0,0.2617801047120419
FIVE_FIXED_720_DRUGS,drug_id,BMPDWHIDQYTSHX-UHFFFAOYSA-N,dtiam,drugclip,382,-0.01999831870017656,0,0.0,0.2617801047120419
FIVE_FIXED_720_DRUGS,drug_id,BMPDWHIDQYTSHX-UHFFFAOYSA-N,dtiam,conplex,382,0.08917507494568304,2,2.0,0.2617801047120419
FIVE_FIXED_720_DRUGS,drug_id,BMPDWHIDQYTSHX-UHFFFAOYSA-N,dtiam,probematch,382,0.08719627754621935,0,0.0,0.2617801047120419
FIVE_FIXED_720_DRUGS,drug_id,BNRNXUUZRGQAQC-UHFFFAOYSA-N,dtiam,biomaster,382,0.4305939089370558,3,3.0,0.2617801047120419
FIVE_FIXED_720_DRUGS,drug_id,BNRNXUUZRGQAQC-UHFFFAOYSA-N,dtiam,drugclip,382,-0.032998361432316756,2,2.0,0.2617801047120419
FIVE_FIXED_720_DRUGS,drug_id,BNRNXUUZRGQAQC-UHFFFAOYSA-N,dtiam,conplex,382,0.20801447959972513,1,1.0,0.2617801047120419
FIVE_FIXED_720_DRUGS,drug_id,BNRNXUUZRGQAQC-UHFFFAOYSA-N,dtiam,probematch,382,0.024521467303293035,1,1.0,0.2617801047120419
FIVE_FIXED_720_DRUGS,drug_id,BPKAHTKRCLCHEA-UBFJEZKGSA-N,dtiam,biomaster,382,0.09326036649968122,0,0.0,0.2617801047120419
FIVE_FIXED_720_DRUGS,drug_id,BPKAHTKRCLCHEA-UBFJEZKGSA-N,dtiam,drugclip,382,0.09012143785363672,3,3.0,0.2617801047120419
FIVE_FIXED_720_DRUGS,drug_id,BPKAHTKRCLCHEA-UBFJEZKGSA-N,dtiam,conplex,382,-0.08725425030888845,0,0.0,0.2617801047120419
FIVE_FIXED_720_DRUGS,drug_id,BPKAHTKRCLCHEA-UBFJEZKGSA-N,dtiam,probematch,382,0.2023360380158897,1,1.0,0.2617801047120419
FIVE_FIXED_720_DRUGS,drug_id,BPQMGSKTAYIVFO-UHFFFAOYSA-N,dtiam,biomaster,382,0.29341082238272903,1,1.0,0.2617801047120419
FIVE_FIXED_720_DRUGS,drug_id,BPQMGSKTAYIVFO-UHFFFAOYSA-N,dtiam,drugclip,382,0.031858478901570876,0,0.0,0.2617801047120419
FIVE_FIXED_720_DRUGS,drug_id,BPQMGSKTAYIVFO-UHFFFAOYSA-N,dtiam,conplex,382,0.02559594213860113,0,0.0,0.2617801047120419
FIVE_FIXED_720_DRUGS,drug_id,BPQMGSKTAYIVFO-UHFFFAOYSA-N,dtiam,probematch,382,0.205946645852418,1,1.0,0.2617801047120419
FIVE_FIXED_720_DRUGS,drug_id,BPRHUIZQVSMCRT-VEUZHWNKSA-N,dtiam,biomaster,382,0.2780468419602923,0,0.0,0.2617801047120419
FIVE_FIXED_720_DRUGS,drug_id,BPRHUIZQVSMCRT-VEUZHWNKSA-N,dtiam,drugclip,382,0.049595223300189194,1,1.0,0.2617801047120419
FIVE_FIXED_720_DRUGS,drug_id,BPRHUIZQVSMCRT-VEUZHWNKSA-N,dtiam,conplex,382,0.33164887520168146,1,1.0,0.2617801047120419
FIVE_FIXED_720_DRUGS,drug_id,BPRHUIZQVSMCRT-VEUZHWNKSA-N,dtiam,probematch,382,0.19689603205707035,0,0.0,0.2617801047120419
FIVE_FIXED_720_DRUGS,drug_id,BPZSYCZIITTYBL-YJYMSZOUSA-N,dtiam,biomaster,382,0.3707297325603086,1,1.0,0.2617801047120419
FIVE_FIXED_720_DRUGS,drug_id,BPZSYCZIITTYBL-YJYMSZOUSA-N,dtiam,drugclip,382,0.18421050648780452,0,0.0,0.2617801047120419
FIVE_FIXED_720_DRUGS,drug_id,BPZSYCZIITTYBL-YJYMSZOUSA-N,dtiam,conplex,382,0.08926822389189047,0,0.0,0.2617801047120419
FIVE_FIXED_720_DRUGS,drug_id,BPZSYCZIITTYBL-YJYMSZOUSA-N,dtiam,probematch,382,0.15269614509811225,0,0.0,0.2617801047120419
FIVE_FIXED_720_DRUGS,drug_id,BQEJAAIPKDQEPV-MXHGPKCJSA-N,dtiam,biomaster,382,0.007795225000863793,3,3.0,0.2617801047120419
FIVE_FIXED_720_DRUGS,drug_id,BQEJAAIPKDQEPV-MXHGPKCJSA-N,dtiam,drugclip,382,-0.009311408695678381,3,3.0,0.2617801047120419
FIVE_FIXED_720_DRUGS,drug_id,BQEJAAIPKDQEPV-MXHGPKCJSA-N,dtiam,conplex,382,-0.05249700933877314,2,2.0,0.2617801047120419
FIVE_FIXED_720_DRUGS,drug_id,BQEJAAIPKDQEPV-MXHGPKCJSA-N,dtiam,probematch,382,0.1559418502758376,3,3.0,0.2617801047120419
FIVE_FIXED_720_DRUGS,drug_id,BQJCRHHNABKAKU-KBQPJGBKSA-N,dtiam,biomaster,382,0.073357737655013,2,2.0,0.2617801047120419
FIVE_FIXED_720_DRUGS,drug_id,BQJCRHHNABKAKU-KBQPJGBKSA-N,dtiam,drugclip,382,0.13590338273864797,3,3.0,0.2617801047120419
FIVE_FIXED_720_DRUGS,drug_id,BQJCRHHNABKAKU-KBQPJGBKSA-N,dtiam,conplex,382,0.08387484932915767,1,1.0,0.2617801047120419
FIVE_FIXED_720_DRUGS,drug_id,BQJCRHHNABKAKU-KBQPJGBKSA-N,dtiam,probematch,382,0.12810525152170013,0,0.0,0.2617801047120419
FIVE_FIXED_720_DRUGS,drug_id,BQSJTQLCZDPROO-UHFFFAOYSA-N,dtiam,biomaster,382,0.18832527791229492,1,1.0,0.2617801047120419
FIVE_FIXED_720_DRUGS,drug_id,BQSJTQLCZDPROO-UHFFFAOYSA-N,dtiam,drugclip,382,0.14278121219564519,1,1.0,0.2617801047120419
FIVE_FIXED_720_DRUGS,drug_id,BQSJTQLCZDPROO-UHFFFAOYSA-N,dtiam,conplex,382,-0.05208087215205406,0,0.0,0.2617801047120419
FIVE_FIXED_720_DRUGS,drug_id,BQSJTQLCZDPROO-UHFFFAOYSA-N,dtiam,probematch,382,0.07642024358181014,0,0.0,0.2617801047120419
FIVE_FIXED_720_DRUGS,drug_id,BRUQQQPBMZOVGD-XFKAJCMBSA-N,dtiam,biomaster,382,0.1826049835578134,0,0.0,0.2617801047120419
FIVE_FIXED_720_DRUGS,drug_id,BRUQQQPBMZOVGD-XFKAJCMBSA-N,dtiam,drugclip,382,0.13762515431200123,2,2.0,0.2617801047120419
FIVE_FIXED_720_DRUGS,drug_id,BRUQQQPBMZOVGD-XFKAJCMBSA-N,dtiam,conplex,382,0.16011592395119284,1,1.0,0.2617801047120419
FIVE_FIXED_720_DRUGS,drug_id,BRUQQQPBMZOVGD-XFKAJCMBSA-N,dtiam,probematch,382,0.20804965883714113,0,0.0,0.2617801047120419
FIVE_FIXED_720_DRUGS,drug_id,BSMCAPRUBJMWDF-KRWDZBQOSA-N,dtiam,biomaster,382,0.24010436114320208,3,3.0,0.2617801047120419
FIVE_FIXED_720_DRUGS,drug_id,BSMCAPRUBJMWDF-KRWDZBQOSA-N,dtiam,drugclip,382,0.14077355506972714,0,0.0,0.2617801047120419
FIVE_FIXED_720_DRUGS,drug_id,BSMCAPRUBJMWDF-KRWDZBQOSA-N,dtiam,conplex,382,0.3173397055977653,0,0.0,0.2617801047120419
FIVE_FIXED_720_DRUGS,drug_id,BSMCAPRUBJMWDF-KRWDZBQOSA-N,dtiam,probematch,382,-0.0512979457733418,0,0.0,0.2617801047120419
FIVE_FIXED_720_DRUGS,drug_id,BSYNRYMUTXBXSQ-UHFFFAOYSA-N,dtiam,biomaster,382,0.14149537303490012,0,0.0,0.2617801047120419
FIVE_FIXED_720_DRUGS,drug_id,BSYNRYMUTXBXSQ-UHFFFAOYSA-N,dtiam,drugclip,382,-0.07554687182973535,0,0.0,0.2617801047120419
FIVE_FIXED_720_DRUGS,drug_id,BSYNRYMUTXBXSQ-UHFFFAOYSA-N,dtiam,conplex,382,-0.06761778099055477,0,0.0,0.2617801047120419
FIVE_FIXED_720_DRUGS,drug_id,BSYNRYMUTXBXSQ-UHFFFAOYSA-N,dtiam,probematch,382,0.06017191236875878,0,0.0,0.2617801047120419
FIVE_FIXED_720_DRUGS,drug_id,BTBHLEZXCOBLCY-QGZVFWFLSA-N,dtiam,biomaster,382,0.25951573183203236,3,3.0,0.2617801047120419
FIVE_FIXED_720_DRUGS,drug_id,BTBHLEZXCOBLCY-QGZVFWFLSA-N,dtiam,drugclip,382,-0.0915394560273899,0,0.0,0.2617801047120419
FIVE_FIXED_720_DRUGS,drug_id,BTBHLEZXCOBLCY-QGZVFWFLSA-N,dtiam,conplex,382,0.09508406104710469,0,0.0,0.2617801047120419
FIVE_FIXED_720_DRUGS,drug_id,BTBHLEZXCOBLCY-QGZVFWFLSA-N,dtiam,probematch,382,0.07471053948582346,1,1.0,0.2617801047120419
FIVE_FIXED_720_DRUGS,drug_id,BTCRKOKVYTVOLU-SJSRKZJXSA-N,dtiam,biomaster,382,0.34290196009205604,0,0.0,0.2617801047120419
FIVE_FIXED_720_DRUGS,drug_id,BTCRKOKVYTVOLU-SJSRKZJXSA-N,dtiam,drugclip,382,-0.01335815313627538,0,0.0,0.2617801047120419
FIVE_FIXED_720_DRUGS,drug_id,BTCRKOKVYTVOLU-SJSRKZJXSA-N,dtiam,conplex,382,0.23823831846966953,0,0.0,0.2617801047120419
FIVE_FIXED_720_DRUGS,drug_id,BTCRKOKVYTVOLU-SJSRKZJXSA-N,dtiam,probematch,382,0.10668880701013764,0,0.0,0.2617801047120419
FIVE_FIXED_720_DRUGS,drug_id,BUGYDGFZZOZRHP-UHFFFAOYSA-N,dtiam,biomaster,382,0.03324829601554546,0,0.0,0.2617801047120419
FIVE_FIXED_720_DRUGS,drug_id,BUGYDGFZZOZRHP-UHFFFAOYSA-N,dtiam,drugclip,382,0.11350851214545375,2,2.0,0.2617801047120419
FIVE_FIXED_720_DRUGS,drug_id,BUGYDGFZZOZRHP-UHFFFAOYSA-N,dtiam,conplex,382,0.045843989218065206,0,0.0,0.2617801047120419
FIVE_FIXED_720_DRUGS,drug_id,BUGYDGFZZOZRHP-UHFFFAOYSA-N,dtiam,probematch,382,0.12317963050286211,2,1.8181818181818181,0.2617801047120419
FIVE_FIXED_720_DRUGS,drug_id,BYBLEWFAAKGYCD-UHFFFAOYSA-N,dtiam,biomaster,382,0.46819345625622755,2,2.0,0.2617801047120419
FIVE_FIXED_720_DRUGS,drug_id,BYBLEWFAAKGYCD-UHFFFAOYSA-N,dtiam,drugclip,382,0.26015531464578984,1,1.0,0.2617801047120419
FIVE_FIXED_720_DRUGS,drug_id,BYBLEWFAAKGYCD-UHFFFAOYSA-N,dtiam,conplex,382,0.27714843800727795,1,1.0,0.2617801047120419
FIVE_FIXED_720_DRUGS,drug_id,BYBLEWFAAKGYCD-UHFFFAOYSA-N,dtiam,probematch,382,0.17320240578720192,0,0.0,0.2617801047120419
FIVE_FIXED_720_DRUGS,drug_id,BZZKEPGENYLQSC-FIBGUPNXSA-N,dtiam,biomaster,382,0.1424298829623728,4,4.0,0.2617801047120419
FIVE_FIXED_720_DRUGS,drug_id,BZZKEPGENYLQSC-FIBGUPNXSA-N,dtiam,drugclip,382,0.29666944407638357,3,3.0,0.2617801047120419
FIVE_FIXED_720_DRUGS,drug_id,BZZKEPGENYLQSC-FIBGUPNXSA-N,dtiam,conplex,382,-0.007532180854728751,0,0.0,0.2617801047120419
FIVE_FIXED_720_DRUGS,drug_id,BZZKEPGENYLQSC-FIBGUPNXSA-N,dtiam,probematch,382,0.28360703257083836,1,1.0,0.2617801047120419
FIVE_FIXED_720_DRUGS,drug_id,BZZKEPGENYLQSC-UHFFFAOYSA-N,dtiam,biomaster,382,0.222185924420514,4,4.0,0.2617801047120419
FIVE_FIXED_720_DRUGS,drug_id,BZZKEPGENYLQSC-UHFFFAOYSA-N,dtiam,drugclip,382,0.264475243398288,3,3.0,0.2617801047120419
FIVE_FIXED_720_DRUGS,drug_id,BZZKEPGENYLQSC-UHFFFAOYSA-N,dtiam,conplex,382,-0.01647244494454529,0,0.0,0.2617801047120419
FIVE_FIXED_720_DRUGS,drug_id,BZZKEPGENYLQSC-UHFFFAOYSA-N,dtiam,probematch,382,0.3348218956460063,2,2.0,0.2617801047120419
FIVE_FIXED_720_DRUGS,drug_id,CAVRKWRKTNINFF-UHFFFAOYSA-N,dtiam,biomaster,382,0.47905151009678665,0,0.0,0.2617801047120419
FIVE_FIXED_720_DRUGS,drug_id,CAVRKWRKTNINFF-UHFFFAOYSA-N,dtiam,drugclip,382,-0.06190918376122702,0,0.0,0.2617801047120419
FIVE_FIXED_720_DRUGS,drug_id,CAVRKWRKTNINFF-UHFFFAOYSA-N,dtiam,conplex,382,0.3739922989857827,1,1.0,0.2617801047120419
FIVE_FIXED_720_DRUGS,drug_id,CAVRKWRKTNINFF-UHFFFAOYSA-N,dtiam,probematch,382,0.002424322402265299,0,0.0,0.2617801047120419
FIVE_FIXED_720_DRUGS,drug_id,CBRJPFGIXUFMTM-WDEREUQCSA-N,dtiam,biomaster,382,0.14181032074830544,4,4.0,0.2617801047120419
FIVE_FIXED_720_DRUGS,drug_id,CBRJPFGIXUFMTM-WDEREUQCSA-N,dtiam,drugclip,382,0.04072932676643312,2,2.0,0.2617801047120419
FIVE_FIXED_720_DRUGS,drug_id,CBRJPFGIXUFMTM-WDEREUQCSA-N,dtiam,conplex,382,0.01802799920269543,0,0.0,0.2617801047120419
FIVE_FIXED_720_DRUGS,drug_id,CBRJPFGIXUFMTM-WDEREUQCSA-N,dtiam,probematch,382,0.2039112071334473,0,0.0,0.2617801047120419
FIVE_FIXED_720_DRUGS,drug_id,CEFJVGZHQAGLHS-UHFFFAOYSA-N,dtiam,biomaster,382,0.10045422004641119,0,0.0,0.2617801047120419
FIVE_FIXED_720_DRUGS,drug_id,CEFJVGZHQAGLHS-UHFFFAOYSA-N,dtiam,drugclip,382,0.034023717521824336,0,0.0,0.2617801047120419
FIVE_FIXED_720_DRUGS,drug_id,CEFJVGZHQAGLHS-UHFFFAOYSA-N,dtiam,conplex,382,0.18108573628693705,0,0.0,0.2617801047120419
FIVE_FIXED_720_DRUGS,drug_id,CEFJVGZHQAGLHS-UHFFFAOYSA-N,dtiam,probematch,382,0.23962924863227553,0,0.0,0.2617801047120419
FIVE_FIXED_720_DRUGS,drug_id,CEUORZQYGODEFX-UHFFFAOYSA-N,dtiam,biomaster,382,0.2563231996448819,1,1.0,0.2617801047120419
FIVE_FIXED_720_DRUGS,drug_id,CEUORZQYGODEFX-UHFFFAOYSA-N,dtiam,drugclip,382,0.10594460041735417,0,0.0,0.2617801047120419
FIVE_FIXED_720_DRUGS,drug_id,CEUORZQYGODEFX-UHFFFAOYSA-N,dtiam,conplex,382,0.19970168998738771,0,0.0,0.2617801047120419
FIVE_FIXED_720_DRUGS,drug_id,CEUORZQYGODEFX-UHFFFAOYSA-N,dtiam,probematch,382,0.22240595968109247,1,1.0,0.2617801047120419
FIVE_FIXED_720_DRUGS,drug_id,CGIGDMFJXJATDK-UHFFFAOYSA-N,dtiam,biomaster,382,0.4397646352467393,3,3.0,0.2617801047120419
FIVE_FIXED_720_DRUGS,drug_id,CGIGDMFJXJATDK-UHFFFAOYSA-N,dtiam,drugclip,382,0.1298834252146106,1,1.0,0.2617801047120419
FIVE_FIXED_720_DRUGS,drug_id,CGIGDMFJXJATDK-UHFFFAOYSA-N,dtiam,conplex,382,0.056177233446650945,0,0.0,0.2617801047120419
FIVE_FIXED_720_DRUGS,drug_id,CGIGDMFJXJATDK-UHFFFAOYSA-N,dtiam,probematch,382,0.1439548929430723,1,1.0,0.2617801047120419
FIVE_FIXED_720_DRUGS,drug_id,CJBJHOAVZSMMDJ-HEXNFIEUSA-N,dtiam,biomaster,382,0.4156038616507674,0,0.0,0.2617801047120419
FIVE_FIXED_720_DRUGS,drug_id,CJBJHOAVZSMMDJ-HEXNFIEUSA-N,dtiam,drugclip,382,-0.03745111502361946,0,0.0,0.2617801047120419
FIVE_FIXED_720_DRUGS,drug_id,CJBJHOAVZSMMDJ-HEXNFIEUSA-N,dtiam,conplex,382,0.19925849346110658,0,0.0,0.2617801047120419
FIVE_FIXED_720_DRUGS,drug_id,CJBJHOAVZSMMDJ-HEXNFIEUSA-N,dtiam,probematch,382,0.15987256134833788,0,0.0,0.2617801047120419
FIVE_FIXED_720_DRUGS,drug_id,CJOFXWAVKWHTFT-XSFVSMFZSA-N,dtiam,biomaster,382,0.23806711648077056,2,2.0,0.2617801047120419
FIVE_FIXED_720_DRUGS,drug_id,CJOFXWAVKWHTFT-XSFVSMFZSA-N,dtiam,drugclip,382,0.16310104450482438,1,1.0,0.2617801047120419
FIVE_FIXED_720_DRUGS,drug_id,CJOFXWAVKWHTFT-XSFVSMFZSA-N,dtiam,conplex,382,0.024229384293524107,1,1.0,0.2617801047120419
FIVE_FIXED_720_DRUGS,drug_id,CJOFXWAVKWHTFT-XSFVSMFZSA-N,dtiam,probematch,382,0.09557651308104007,0,0.0,0.2617801047120419
FIVE_FIXED_720_DRUGS,drug_id,CMHHMUWAYWTMGS-UHFFFAOYSA-N,dtiam,biomaster,382,0.33709254177766346,1,1.0,0.2617801047120419
FIVE_FIXED_720_DRUGS,drug_id,CMHHMUWAYWTMGS-UHFFFAOYSA-N,dtiam,drugclip,382,0.13763570280001003,0,0.0,0.2617801047120419
FIVE_FIXED_720_DRUGS,drug_id,CMHHMUWAYWTMGS-UHFFFAOYSA-N,dtiam,conplex,382,0.19965820949205954,1,1.0,0.2617801047120419
FIVE_FIXED_720_DRUGS,drug_id,CMHHMUWAYWTMGS-UHFFFAOYSA-N,dtiam,probematch,382,0.1943837697088542,0,0.0,0.2617801047120419
FIVE_FIXED_720_DRUGS,drug_id,CMJCXYNUCSMDBY-ZDUSSCGKSA-N,dtiam,biomaster,382,-0.08454968343234022,1,1.0,0.2617801047120419
FIVE_FIXED_720_DRUGS,drug_id,CMJCXYNUCSMDBY-ZDUSSCGKSA-N,dtiam,drugclip,382,-0.2510285044902653,0,0.0,0.2617801047120419
FIVE_FIXED_720_DRUGS,drug_id,CMJCXYNUCSMDBY-ZDUSSCGKSA-N,dtiam,conplex,382,0.20226597841854937,1,1.0,0.2617801047120419
FIVE_FIXED_720_DRUGS,drug_id,CMJCXYNUCSMDBY-ZDUSSCGKSA-N,dtiam,probematch,382,-0.08728747562707714,0,0.0,0.2617801047120419
FIVE_FIXED_720_DRUGS,drug_id,CMWTZPSULFXXJA-VIFPVBQESA-N,dtiam,biomaster,382,0.25597423843952993,2,2.0,0.2617801047120419
FIVE_FIXED_720_DRUGS,drug_id,CMWTZPSULFXXJA-VIFPVBQESA-N,dtiam,drugclip,382,0.00895168372705206,1,1.0,0.2617801047120419
FIVE_FIXED_720_DRUGS,drug_id,CMWTZPSULFXXJA-VIFPVBQESA-N,dtiam,conplex,382,0.019541722708855895,1,1.0,0.2617801047120419
FIVE_FIXED_720_DRUGS,drug_id,CMWTZPSULFXXJA-VIFPVBQESA-N,dtiam,probematch,382,0.04634930284719837,1,1.0,0.2617801047120419
FIVE_FIXED_720_DRUGS,drug_id,COUYJEVMBVSIHV-SFHVURJKSA-N,dtiam,biomaster,382,0.4123902324875993,1,1.0,0.2617801047120419
FIVE_FIXED_720_DRUGS,drug_id,COUYJEVMBVSIHV-SFHVURJKSA-N,dtiam,drugclip,382,0.0886771560974943,0,0.0,0.2617801047120419
FIVE_FIXED_720_DRUGS,drug_id,COUYJEVMBVSIHV-SFHVURJKSA-N,dtiam,conplex,382,0.2907699347096953,0,0.0,0.2617801047120419
FIVE_FIXED_720_DRUGS,drug_id,COUYJEVMBVSIHV-SFHVURJKSA-N,dtiam,probematch,382,0.19367185440589357,0,0.0,0.2617801047120419
FIVE_FIXED_720_DRUGS,drug_id,CPZBLNMUGSZIPR-NVXWUHKLSA-N,dtiam,biomaster,382,0.19989051099997404,5,5.0,0.2617801047120419
FIVE_FIXED_720_DRUGS,drug_id,CPZBLNMUGSZIPR-NVXWUHKLSA-N,dtiam,drugclip,382,0.17799723177536111,1,1.0,0.2617801047120419
FIVE_FIXED_720_DRUGS,drug_id,CPZBLNMUGSZIPR-NVXWUHKLSA-N,dtiam,conplex,382,0.05573882929625934,2,2.0,0.2617801047120419
FIVE_FIXED_720_DRUGS,drug_id,CPZBLNMUGSZIPR-NVXWUHKLSA-N,dtiam,probematch,382,0.14684776196066684,1,1.0,0.2617801047120419
FIVE_FIXED_720_DRUGS,drug_id,CSKDFZIMJXRJGH-VWLPUNTISA-N,dtiam,biomaster,382,0.5010696489753813,0,0.0,0.2617801047120419
FIVE_FIXED_720_DRUGS,drug_id,CSKDFZIMJXRJGH-VWLPUNTISA-N,dtiam,drugclip,382,0.2360823733581359,0,0.0,0.2617801047120419
FIVE_FIXED_720_DRUGS,drug_id,CSKDFZIMJXRJGH-VWLPUNTISA-N,dtiam,conplex,382,-0.09968585604826084,1,1.0,0.2617801047120419
FIVE_FIXED_720_DRUGS,drug_id,CSKDFZIMJXRJGH-VWLPUNTISA-N,dtiam,probematch,382,0.08356888932278815,0,0.0,0.2617801047120419
FIVE_FIXED_720_DRUGS,drug_id,CSOBIBXVIYAXFM-BYNJWEBRSA-N,dtiam,biomaster,382,0.27110486047418036,2,2.0,0.2617801047120419
FIVE_FIXED_720_DRUGS,drug_id,CSOBIBXVIYAXFM-BYNJWEBRSA-N,dtiam,drugclip,382,-0.1276917077367024,0,0.0,0.2617801047120419
FIVE_FIXED_720_DRUGS,drug_id,CSOBIBXVIYAXFM-BYNJWEBRSA-N,dtiam,conplex,382,0.22929772267568224,1,1.0,0.2617801047120419
FIVE_FIXED_720_DRUGS,drug_id,CSOBIBXVIYAXFM-BYNJWEBRSA-N,dtiam,probematch,382,0.10220495164352193,1,1.0,0.2617801047120419
FIVE_FIXED_720_DRUGS,drug_id,CTRLABGOLIVAIY-UHFFFAOYSA-N,dtiam,biomaster,382,0.2962055258792622,4,4.0,0.2617801047120419
FIVE_FIXED_720_DRUGS,drug_id,CTRLABGOLIVAIY-UHFFFAOYSA-N,dtiam,drugclip,382,0.024613820392186327,0,0.0,0.2617801047120419
FIVE_FIXED_720_DRUGS,drug_id,CTRLABGOLIVAIY-UHFFFAOYSA-N,dtiam,conplex,382,0.1320258811938977,1,1.0,0.2617801047120419
FIVE_FIXED_720_DRUGS,drug_id,CTRLABGOLIVAIY-UHFFFAOYSA-N,dtiam,probematch,382,0.12630189062272784,0,0.0,0.2617801047120419
FIVE_FIXED_720_DRUGS,drug_id,CUHVIMMYOGQXCV-NSHDSACASA-N,dtiam,biomaster,382,0.2296512400770212,0,0.0,0.2617801047120419
FIVE_FIXED_720_DRUGS,drug_id,CUHVIMMYOGQXCV-NSHDSACASA-N,dtiam,drugclip,382,0.14054493273778149,0,0.0,0.2617801047120419
FIVE_FIXED_720_DRUGS,drug_id,CUHVIMMYOGQXCV-NSHDSACASA-N,dtiam,conplex,382,0.09846936379812003,0,0.0,0.2617801047120419
FIVE_FIXED_720_DRUGS,drug_id,CUHVIMMYOGQXCV-NSHDSACASA-N,dtiam,probematch,382,0.15392515158876915,2,2.0,0.2617801047120419
FIVE_FIXED_720_DRUGS,drug_id,CUIHSIWYWATEQL-UHFFFAOYSA-N,dtiam,biomaster,382,0.027916573515265327,7,7.0,0.2617801047120419
FIVE_FIXED_720_DRUGS,drug_id,CUIHSIWYWATEQL-UHFFFAOYSA-N,dtiam,drugclip,382,-0.34285718283683503,1,1.0,0.2617801047120419
FIVE_FIXED_720_DRUGS,drug_id,CUIHSIWYWATEQL-UHFFFAOYSA-N,dtiam,conplex,382,0.13716902343229356,5,5.0,0.2617801047120419
FIVE_FIXED_720_DRUGS,drug_id,CUIHSIWYWATEQL-UHFFFAOYSA-N,dtiam,probematch,382,-0.00284421696066722,0,0.0,0.2617801047120419
FIVE_FIXED_720_DRUGS,drug_id,CVWXJKQAOSCOAB-UHFFFAOYSA-N,dtiam,biomaster,382,-0.24037001082081122,7,7.0,0.2617801047120419
FIVE_FIXED_720_DRUGS,drug_id,CVWXJKQAOSCOAB-UHFFFAOYSA-N,dtiam,drugclip,382,0.05075448060482878,1,1.0,0.2617801047120419
FIVE_FIXED_720_DRUGS,drug_id,CVWXJKQAOSCOAB-UHFFFAOYSA-N,dtiam,conplex,382,0.21194849469733626,7,7.0,0.2617801047120419
FIVE_FIXED_720_DRUGS,drug_id,CVWXJKQAOSCOAB-UHFFFAOYSA-N,dtiam,probematch,382,0.02150761705903937,0,0.0,0.2617801047120419
FIVE_FIXED_720_DRUGS,drug_id,CXOFVDLJLONNDW-UHFFFAOYSA-N,dtiam,biomaster,382,0.4266563090560599,2,2.0,0.2617801047120419
FIVE_FIXED_720_DRUGS,drug_id,CXOFVDLJLONNDW-UHFFFAOYSA-N,dtiam,drugclip,382,-0.07345827120399474,0,0.0,0.2617801047120419
FIVE_FIXED_720_DRUGS,drug_id,CXOFVDLJLONNDW-UHFFFAOYSA-N,dtiam,conplex,382,0.24208335073927376,2,2.0,0.2617801047120419
FIVE_FIXED_720_DRUGS,drug_id,CXOFVDLJLONNDW-UHFFFAOYSA-N,dtiam,probematch,382,0.13891809755650733,1,1.0,0.2617801047120419
FIVE_FIXED_720_DRUGS,drug_id,CXOXHMZGEKVPMT-UHFFFAOYSA-N,dtiam,biomaster,382,0.11631462523105764,4,4.0,0.2617801047120419
FIVE_FIXED_720_DRUGS,drug_id,CXOXHMZGEKVPMT-UHFFFAOYSA-N,dtiam,drugclip,382,-0.042278017026336025,0,0.0,0.2617801047120419
FIVE_FIXED_720_DRUGS,drug_id,CXOXHMZGEKVPMT-UHFFFAOYSA-N,dtiam,conplex,382,0.011306030870784174,2,2.0,0.2617801047120419
FIVE_FIXED_720_DRUGS,drug_id,CXOXHMZGEKVPMT-UHFFFAOYSA-N,dtiam,probematch,382,0.10628365896049387,0,0.0,0.2617801047120419
FIVE_FIXED_720_DRUGS,drug_id,CYHWMBVXXDIZNZ-KRWDZBQOSA-N,dtiam,biomaster,382,0.391135244425151,3,3.0,0.2617801047120419
FIVE_FIXED_720_DRUGS,drug_id,CYHWMBVXXDIZNZ-KRWDZBQOSA-N,dtiam,drugclip,382,-0.0028051443469092013,1,1.0,0.2617801047120419
FIVE_FIXED_720_DRUGS,drug_id,CYHWMBVXXDIZNZ-KRWDZBQOSA-N,dtiam,conplex,382,0.12248477936637876,0,0.0,0.2617801047120419
FIVE_FIXED_720_DRUGS,drug_id,CYHWMBVXXDIZNZ-KRWDZBQOSA-N,dtiam,probematch,382,0.0657299103981035,0,0.0,0.2617801047120419
FIVE_FIXED_720_DRUGS,drug_id,CYOHGALHFOKKQC-UHFFFAOYSA-N,dtiam,biomaster,382,-0.16686556307236985,2,2.0,0.2617801047120419
FIVE_FIXED_720_DRUGS,drug_id,CYOHGALHFOKKQC-UHFFFAOYSA-N,dtiam,drugclip,382,-0.07175350637661483,0,0.0,0.2617801047120419
FIVE_FIXED_720_DRUGS,drug_id,CYOHGALHFOKKQC-UHFFFAOYSA-N,dtiam,conplex,382,0.2918197429090924,0,0.0,0.2617801047120419
FIVE_FIXED_720_DRUGS,drug_id,CYOHGALHFOKKQC-UHFFFAOYSA-N,dtiam,probematch,382,-0.157739180383206,0,0.0,0.2617801047120419
FIVE_FIXED_720_DRUGS,drug_id,CYQFCXCEBYINGO-IAGOWNOFSA-N,dtiam,biomaster,382,0.02988849494711279,0,0.0,0.2617801047120419
FIVE_FIXED_720_DRUGS,drug_id,CYQFCXCEBYINGO-IAGOWNOFSA-N,dtiam,drugclip,382,0.026206642081513767,1,1.0,0.2617801047120419
FIVE_FIXED_720_DRUGS,drug_id,CYQFCXCEBYINGO-IAGOWNOFSA-N,dtiam,conplex,382,0.041961580693238326,1,1.0,0.2617801047120419
FIVE_FIXED_720_DRUGS,drug_id,CYQFCXCEBYINGO-IAGOWNOFSA-N,dtiam,probematch,382,0.1917716196374528,0,0.0,0.2617801047120419
FIVE_FIXED_720_DRUGS,drug_id,CZFFBEXEKNGXKS-UHFFFAOYSA-N,dtiam,biomaster,382,0.44586833484905064,2,2.0,0.2617801047120419
FIVE_FIXED_720_DRUGS,drug_id,CZFFBEXEKNGXKS-UHFFFAOYSA-N,dtiam,drugclip,382,0.06827056785632443,1,1.0,0.2617801047120419
FIVE_FIXED_720_DRUGS,drug_id,CZFFBEXEKNGXKS-UHFFFAOYSA-N,dtiam,conplex,382,0.2468835678425519,2,2.0,0.2617801047120419
FIVE_FIXED_720_DRUGS,drug_id,CZFFBEXEKNGXKS-UHFFFAOYSA-N,dtiam,probematch,382,0.09980195210566013,1,1.0,0.2617801047120419
FIVE_FIXED_720_DRUGS,drug_id,CZGVOBIGEBDYTP-VSGBNLITSA-N,dtiam,biomaster,382,-0.2354445127465023,0,0.0,0.2617801047120419
FIVE_FIXED_720_DRUGS,drug_id,CZGVOBIGEBDYTP-VSGBNLITSA-N,dtiam,drugclip,382,0.13937060616455793,0,0.0,0.2617801047120419
FIVE_FIXED_720_DRUGS,drug_id,CZGVOBIGEBDYTP-VSGBNLITSA-N,dtiam,conplex,382,0.2893309823807919,0,0.0,0.2617801047120419
FIVE_FIXED_720_DRUGS,drug_id,CZGVOBIGEBDYTP-VSGBNLITSA-N,dtiam,probematch,382,0.2602127931416745,0,0.0,0.2617801047120419
FIVE_FIXED_720_DRUGS,drug_id,DBABZHXKTCFAPX-UHFFFAOYSA-N,dtiam,biomaster,382,0.5471127227574265,4,4.0,0.2617801047120419
FIVE_FIXED_720_DRUGS,drug_id,DBABZHXKTCFAPX-UHFFFAOYSA-N,dtiam,drugclip,382,0.08495978281309016,1,1.0,0.2617801047120419
FIVE_FIXED_720_DRUGS,drug_id,DBABZHXKTCFAPX-UHFFFAOYSA-N,dtiam,conplex,382,0.27838697613216057,2,2.0,0.2617801047120419
FIVE_FIXED_720_DRUGS,drug_id,DBABZHXKTCFAPX-UHFFFAOYSA-N,dtiam,probematch,382,0.1400672369236691,1,1.0,0.2617801047120419
FIVE_FIXED_720_DRUGS,drug_id,DBEPLOCGEIEOCV-WSBQPABSSA-N,dtiam,biomaster,382,-0.1289969216713412,4,4.0,0.2617801047120419
FIVE_FIXED_720_DRUGS,drug_id,DBEPLOCGEIEOCV-WSBQPABSSA-N,dtiam,drugclip,382,0.1503240269477272,1,1.0,0.2617801047120419
FIVE_FIXED_720_DRUGS,drug_id,DBEPLOCGEIEOCV-WSBQPABSSA-N,dtiam,conplex,382,-0.05425292498377436,3,3.0,0.2617801047120419
FIVE_FIXED_720_DRUGS,drug_id,DBEPLOCGEIEOCV-WSBQPABSSA-N,dtiam,probematch,382,0.13252248469419772,1,1.0,0.2617801047120419
FIVE_FIXED_720_DRUGS,drug_id,DBGIVFWFUFKIQN-UHFFFAOYSA-N,dtiam,biomaster,382,0.3599399209789083,4,4.0,0.2617801047120419
FIVE_FIXED_720_DRUGS,drug_id,DBGIVFWFUFKIQN-UHFFFAOYSA-N,dtiam,drugclip,382,0.1543197511504041,2,2.0,0.2617801047120419
FIVE_FIXED_720_DRUGS,drug_id,DBGIVFWFUFKIQN-UHFFFAOYSA-N,dtiam,conplex,382,0.31886409224097595,0,0.0,0.2617801047120419
FIVE_FIXED_720_DRUGS,drug_id,DBGIVFWFUFKIQN-UHFFFAOYSA-N,dtiam,probematch,382,0.08223074269809146,2,2.0,0.2617801047120419
FIVE_FIXED_720_DRUGS,drug_id,DCCSDBARQIPTGU-HSZRJFAPSA-N,dtiam,biomaster,382,0.2244648283809438,5,5.0,0.2617801047120419
FIVE_FIXED_720_DRUGS,drug_id,DCCSDBARQIPTGU-HSZRJFAPSA-N,dtiam,drugclip,382,0.11063717065440773,2,2.0,0.2617801047120419
FIVE_FIXED_720_DRUGS,drug_id,DCCSDBARQIPTGU-HSZRJFAPSA-N,dtiam,conplex,382,0.194569728037821,4,4.0,0.2617801047120419
FIVE_FIXED_720_DRUGS,drug_id,DCCSDBARQIPTGU-HSZRJFAPSA-N,dtiam,probematch,382,0.16200230570610535,2,2.0,0.2617801047120419
FIVE_FIXED_720_DRUGS,drug_id,DCOPUUMXTXDBNB-UHFFFAOYSA-N,dtiam,biomaster,382,0.0649413358755907,1,1.0,0.2617801047120419
FIVE_FIXED_720_DRUGS,drug_id,DCOPUUMXTXDBNB-UHFFFAOYSA-N,dtiam,drugclip,382,-0.02438907301501943,0,0.0,0.2617801047120419
FIVE_FIXED_720_DRUGS,drug_id,DCOPUUMXTXDBNB-UHFFFAOYSA-N,dtiam,conplex,382,0.018845637069170376,0,0.0,0.2617801047120419
FIVE_FIXED_720_DRUGS,drug_id,DCOPUUMXTXDBNB-UHFFFAOYSA-N,dtiam,probematch,382,0.05493275823263743,1,1.0,0.2617801047120419
FIVE_FIXED_720_DRUGS,drug_id,DDFOUSQFMYRUQK-RCDICMHDSA-N,dtiam,biomaster,382,0.5977088684044907,0,0.0,0.2617801047120419
FIVE_FIXED_720_DRUGS,drug_id,DDFOUSQFMYRUQK-RCDICMHDSA-N,dtiam,drugclip,382,0.11252685693483973,0,0.0,0.2617801047120419
FIVE_FIXED_720_DRUGS,drug_id,DDFOUSQFMYRUQK-RCDICMHDSA-N,dtiam,conplex,382,0.15535390628864126,0,0.0,0.2617801047120419
FIVE_FIXED_720_DRUGS,drug_id,DDFOUSQFMYRUQK-RCDICMHDSA-N,dtiam,probematch,382,0.07755168627450355,0,0.0,0.2617801047120419
FIVE_FIXED_720_DRUGS,drug_id,DDLIGBOFAVUZHB-UHFFFAOYSA-N,dtiam,biomaster,382,0.33707661140801753,2,2.0,0.2617801047120419
FIVE_FIXED_720_DRUGS,drug_id,DDLIGBOFAVUZHB-UHFFFAOYSA-N,dtiam,drugclip,382,0.03623890000367044,1,1.0,0.2617801047120419
FIVE_FIXED_720_DRUGS,drug_id,DDLIGBOFAVUZHB-UHFFFAOYSA-N,dtiam,conplex,382,-0.10886286893502761,0,0.0,0.2617801047120419
FIVE_FIXED_720_DRUGS,drug_id,DDLIGBOFAVUZHB-UHFFFAOYSA-N,dtiam,probematch,382,0.004425521508395124,3,3.0,0.2617801047120419
FIVE_FIXED_720_DRUGS,drug_id,DDOOFTLHJSMHLN-ZQHRPCGSSA-N,dtiam,biomaster,382,0.3084637300465393,0,0.0,0.2617801047120419
FIVE_FIXED_720_DRUGS,drug_id,DDOOFTLHJSMHLN-ZQHRPCGSSA-N,dtiam,drugclip,382,-0.017176705795457714,0,0.0,0.2617801047120419
FIVE_FIXED_720_DRUGS,drug_id,DDOOFTLHJSMHLN-ZQHRPCGSSA-N,dtiam,conplex,382,0.31900748810947394,0,0.0,0.2617801047120419
FIVE_FIXED_720_DRUGS,drug_id,DDOOFTLHJSMHLN-ZQHRPCGSSA-N,dtiam,probematch,382,0.13794182422753046,0,0.0,0.2617801047120419
FIVE_FIXED_720_DRUGS,drug_id,DEVSOMFAQLZNKR-RJRFIUFISA-N,dtiam,biomaster,382,0.3804263763435733,0,0.0,0.2617801047120419
FIVE_FIXED_720_DRUGS,drug_id,DEVSOMFAQLZNKR-RJRFIUFISA-N,dtiam,drugclip,382,0.09479269583940723,0,0.0,0.2617801047120419
FIVE_FIXED_720_DRUGS,drug_id,DEVSOMFAQLZNKR-RJRFIUFISA-N,dtiam,conplex,382,0.2350950347461163,0,0.0,0.2617801047120419
FIVE_FIXED_720_DRUGS,drug_id,DEVSOMFAQLZNKR-RJRFIUFISA-N,dtiam,probematch,382,-0.012508676938669477,0,0.0,0.2617801047120419
FIVE_FIXED_720_DRUGS,drug_id,DHHVAGZRUROJKS-UHFFFAOYSA-N,dtiam,biomaster,382,0.3301953375467726,0,0.0,0.2617801047120419
FIVE_FIXED_720_DRUGS,drug_id,DHHVAGZRUROJKS-UHFFFAOYSA-N,dtiam,drugclip,382,0.06020807861336035,1,1.0,0.2617801047120419
FIVE_FIXED_720_DRUGS,drug_id,DHHVAGZRUROJKS-UHFFFAOYSA-N,dtiam,conplex,382,0.25643426668369707,1,1.0,0.2617801047120419
FIVE_FIXED_720_DRUGS,drug_id,DHHVAGZRUROJKS-UHFFFAOYSA-N,dtiam,probematch,382,0.11702309612977052,0,0.0,0.2617801047120419
FIVE_FIXED_720_DRUGS,drug_id,DHMTURDWPRKSOA-RUZDIDTESA-N,dtiam,biomaster,382,0.23796474027954143,1,1.0,0.2617801047120419
FIVE_FIXED_720_DRUGS,drug_id,DHMTURDWPRKSOA-RUZDIDTESA-N,dtiam,drugclip,382,-0.08854820621346847,0,0.0,0.2617801047120419
FIVE_FIXED_720_DRUGS,drug_id,DHMTURDWPRKSOA-RUZDIDTESA-N,dtiam,conplex,382,0.2702693394184957,2,2.0,0.2617801047120419
FIVE_FIXED_720_DRUGS,drug_id,DHMTURDWPRKSOA-RUZDIDTESA-N,dtiam,probematch,382,0.105767395235841,0,0.0,0.2617801047120419
FIVE_FIXED_720_DRUGS,drug_id,DHSUYTOATWAVLW-WFVMDLQDSA-N,dtiam,biomaster,382,0.23592091690902176,2,2.0,0.2617801047120419
FIVE_FIXED_720_DRUGS,drug_id,DHSUYTOATWAVLW-WFVMDLQDSA-N,dtiam,drugclip,382,0.12805746041276234,2,2.0,0.2617801047120419
FIVE_FIXED_720_DRUGS,drug_id,DHSUYTOATWAVLW-WFVMDLQDSA-N,dtiam,conplex,382,0.11024029931631421,1,1.0,0.2617801047120419
FIVE_FIXED_720_DRUGS,drug_id,DHSUYTOATWAVLW-WFVMDLQDSA-N,dtiam,probematch,382,0.1391820250319926,1,1.0,0.2617801047120419
FIVE_FIXED_720_DRUGS,drug_id,DIWRORZWFLOCLC-UHFFFAOYSA-N,dtiam,biomaster,382,0.1304313007652713,1,1.0,0.2617801047120419
FIVE_FIXED_720_DRUGS,drug_id,DIWRORZWFLOCLC-UHFFFAOYSA-N,dtiam,drugclip,382,0.08634378749489663,0,0.0,0.2617801047120419
FIVE_FIXED_720_DRUGS,drug_id,DIWRORZWFLOCLC-UHFFFAOYSA-N,dtiam,conplex,382,0.0898784098347064,1,1.0,0.2617801047120419
FIVE_FIXED_720_DRUGS,drug_id,DIWRORZWFLOCLC-UHFFFAOYSA-N,dtiam,probematch,382,0.1274283253074227,1,1.0,0.2617801047120419
FIVE_FIXED_720_DRUGS,drug_id,DJXRIQMCROIRCZ-XOEOCAAJSA-N,dtiam,biomaster,382,0.26938502637821643,1,1.0,0.2617801047120419
FIVE_FIXED_720_DRUGS,drug_id,DJXRIQMCROIRCZ-XOEOCAAJSA-N,dtiam,drugclip,382,-0.02341581353975935,0,0.0,0.2617801047120419
FIVE_FIXED_720_DRUGS,drug_id,DJXRIQMCROIRCZ-XOEOCAAJSA-N,dtiam,conplex,382,0.1282285950045065,2,2.0,0.2617801047120419
FIVE_FIXED_720_DRUGS,drug_id,DJXRIQMCROIRCZ-XOEOCAAJSA-N,dtiam,probematch,382,0.1527310196911209,1,1.0,0.2617801047120419
FIVE_FIXED_720_DRUGS,drug_id,DKNWSYNQZKUICI-UHFFFAOYSA-N,dtiam,biomaster,382,0.21270068094795602,1,1.0,0.2617801047120419
FIVE_FIXED_720_DRUGS,drug_id,DKNWSYNQZKUICI-UHFFFAOYSA-N,dtiam,drugclip,382,0.0780931476698982,2,2.0,0.2617801047120419
FIVE_FIXED_720_DRUGS,drug_id,DKNWSYNQZKUICI-UHFFFAOYSA-N,dtiam,conplex,382,0.16794564648510488,0,0.0,0.2617801047120419
FIVE_FIXED_720_DRUGS,drug_id,DKNWSYNQZKUICI-UHFFFAOYSA-N,dtiam,probematch,382,0.15620084636081158,2,2.0,0.2617801047120419
FIVE_FIXED_720_DRUGS,drug_id,DKULOVKANLVDEA-UHFFFAOYSA-N,dtiam,biomaster,382,0.28160857122775035,4,4.0,0.2617801047120419
FIVE_FIXED_720_DRUGS,drug_id,DKULOVKANLVDEA-UHFFFAOYSA-N,dtiam,drugclip,382,0.015400039029405633,0,0.0,0.2617801047120419
FIVE_FIXED_720_DRUGS,drug_id,DKULOVKANLVDEA-UHFFFAOYSA-N,dtiam,conplex,382,0.11914875289284124,0,0.0,0.2617801047120419
FIVE_FIXED_720_DRUGS,drug_id,DKULOVKANLVDEA-UHFFFAOYSA-N,dtiam,probematch,382,0.09096316414168513,0,0.0,0.2617801047120419
FIVE_FIXED_720_DRUGS,drug_id,DKYWVDODHFEZIM-UHFFFAOYSA-N,dtiam,biomaster,382,0.3159751146098604,2,2.0,0.2617801047120419
FIVE_FIXED_720_DRUGS,drug_id,DKYWVDODHFEZIM-UHFFFAOYSA-N,dtiam,drugclip,382,0.05450608265644511,2,2.0,0.2617801047120419
FIVE_FIXED_720_DRUGS,drug_id,DKYWVDODHFEZIM-UHFFFAOYSA-N,dtiam,conplex,382,0.17181722029510416,2,2.0,0.2617801047120419
FIVE_FIXED_720_DRUGS,drug_id,DKYWVDODHFEZIM-UHFFFAOYSA-N,dtiam,probematch,382,0.12140954493930368,2,2.0,0.2617801047120419
FIVE_FIXED_720_DRUGS,drug_id,DMJNNHOOLUXYBV-PQTSNVLCSA-N,dtiam,biomaster,382,0.4895224990100029,4,4.0,0.2617801047120419
FIVE_FIXED_720_DRUGS,drug_id,DMJNNHOOLUXYBV-PQTSNVLCSA-N,dtiam,drugclip,382,0.2956154563765664,2,2.0,0.2617801047120419
FIVE_FIXED_720_DRUGS,drug_id,DMJNNHOOLUXYBV-PQTSNVLCSA-N,dtiam,conplex,382,-0.15496841551552176,0,0.0,0.2617801047120419
FIVE_FIXED_720_DRUGS,drug_id,DMJNNHOOLUXYBV-PQTSNVLCSA-N,dtiam,probematch,382,0.24554996425892406,2,2.0,0.2617801047120419
FIVE_FIXED_720_DRUGS,drug_id,DMKSVUSAATWOCU-HROMYWEYSA-N,dtiam,biomaster,382,0.054111913645341105,4,4.0,0.2617801047120419
FIVE_FIXED_720_DRUGS,drug_id,DMKSVUSAATWOCU-HROMYWEYSA-N,dtiam,drugclip,382,0.07930988347042242,4,4.0,0.2617801047120419
FIVE_FIXED_720_DRUGS,drug_id,DMKSVUSAATWOCU-HROMYWEYSA-N,dtiam,conplex,382,-0.05543517378792474,3,3.0,0.2617801047120419
FIVE_FIXED_720_DRUGS,drug_id,DMKSVUSAATWOCU-HROMYWEYSA-N,dtiam,probematch,382,0.12686806457095479,4,4.0,0.2617801047120419
FIVE_FIXED_720_DRUGS,drug_id,DMNOVGJWPASQDL-OAQYLSRUSA-N,dtiam,biomaster,382,0.29162554460605755,1,1.0,0.2617801047120419
FIVE_FIXED_720_DRUGS,drug_id,DMNOVGJWPASQDL-OAQYLSRUSA-N,dtiam,drugclip,382,0.19735995025419165,2,2.0,0.2617801047120419
FIVE_FIXED_720_DRUGS,drug_id,DMNOVGJWPASQDL-OAQYLSRUSA-N,dtiam,conplex,382,0.20129624917039535,0,0.0,0.2617801047120419
FIVE_FIXED_720_DRUGS,drug_id,DMNOVGJWPASQDL-OAQYLSRUSA-N,dtiam,probematch,382,0.24728859151224286,0,0.0,0.2617801047120419
FIVE_FIXED_720_DRUGS,drug_id,DOBNVUFHFMVMDB-BEFAXECRSA-N,dtiam,biomaster,382,0.5232985423388862,3,3.0,0.2617801047120419
FIVE_FIXED_720_DRUGS,drug_id,DOBNVUFHFMVMDB-BEFAXECRSA-N,dtiam,drugclip,382,0.18715267354119525,1,1.0,0.2617801047120419
FIVE_FIXED_720_DRUGS,drug_id,DOBNVUFHFMVMDB-BEFAXECRSA-N,dtiam,conplex,382,0.255525836603988,0,0.0,0.2617801047120419
FIVE_FIXED_720_DRUGS,drug_id,DOBNVUFHFMVMDB-BEFAXECRSA-N,dtiam,probematch,382,0.09632394880280581,1,1.0,0.2617801047120419
FIVE_FIXED_720_DRUGS,drug_id,DOMXUEMWDBAQBQ-WEVVVXLNSA-N,dtiam,biomaster,382,0.27909243392475547,4,4.0,0.2617801047120419
FIVE_FIXED_720_DRUGS,drug_id,DOMXUEMWDBAQBQ-WEVVVXLNSA-N,dtiam,drugclip,382,0.2689361774496791,2,2.0,0.2617801047120419
FIVE_FIXED_720_DRUGS,drug_id,DOMXUEMWDBAQBQ-WEVVVXLNSA-N,dtiam,conplex,382,0.34451049911247317,0,0.0,0.2617801047120419
FIVE_FIXED_720_DRUGS,drug_id,DOMXUEMWDBAQBQ-WEVVVXLNSA-N,dtiam,probematch,382,0.08046505054501778,0,0.0,0.2617801047120419
FIVE_FIXED_720_DRUGS,drug_id,DOUYETYNHWVLEO-UHFFFAOYSA-N,dtiam,biomaster,382,0.2695176359417556,4,4.0,0.2617801047120419
FIVE_FIXED_720_DRUGS,drug_id,DOUYETYNHWVLEO-UHFFFAOYSA-N,dtiam,drugclip,382,0.08579612721950143,0,0.0,0.2617801047120419
FIVE_FIXED_720_DRUGS,drug_id,DOUYETYNHWVLEO-UHFFFAOYSA-N,dtiam,conplex,382,0.09746955742294966,3,3.0,0.2617801047120419
FIVE_FIXED_720_DRUGS,drug_id,DOUYETYNHWVLEO-UHFFFAOYSA-N,dtiam,probematch,382,0.20252764390197017,1,1.0,0.2617801047120419
FIVE_FIXED_720_DRUGS,drug_id,DQCKKXVULJGBQN-XFWGSAIBSA-N,dtiam,biomaster,382,0.08084931689390944,0,0.0,0.2617801047120419
FIVE_FIXED_720_DRUGS,drug_id,DQCKKXVULJGBQN-XFWGSAIBSA-N,dtiam,drugclip,382,0.027436724948498085,1,1.0,0.2617801047120419
FIVE_FIXED_720_DRUGS,drug_id,DQCKKXVULJGBQN-XFWGSAIBSA-N,dtiam,conplex,382,-0.15894900401051604,1,1.0,0.2617801047120419
FIVE_FIXED_720_DRUGS,drug_id,DQCKKXVULJGBQN-XFWGSAIBSA-N,dtiam,probematch,382,0.14392324747904592,0,0.0,0.2617801047120419
FIVE_FIXED_720_DRUGS,drug_id,DRHKJLXJIQTDTD-OAHLLOKOSA-N,dtiam,biomaster,382,0.5948032981462325,5,5.0,0.2617801047120419
FIVE_FIXED_720_DRUGS,drug_id,DRHKJLXJIQTDTD-OAHLLOKOSA-N,dtiam,drugclip,382,0.10417826686404538,1,1.0,0.2617801047120419
FIVE_FIXED_720_DRUGS,drug_id,DRHKJLXJIQTDTD-OAHLLOKOSA-N,dtiam,conplex,382,0.3839912538149604,2,2.0,0.2617801047120419
FIVE_FIXED_720_DRUGS,drug_id,DRHKJLXJIQTDTD-OAHLLOKOSA-N,dtiam,probematch,382,0.19083129727781198,1,1.0,0.2617801047120419
FIVE_FIXED_720_DRUGS,drug_id,DTGLZDAWLRGWQN-UHFFFAOYSA-N,dtiam,biomaster,382,0.29112481433853826,4,4.0,0.2617801047120419
FIVE_FIXED_720_DRUGS,drug_id,DTGLZDAWLRGWQN-UHFFFAOYSA-N,dtiam,drugclip,382,0.12315305931447099,0,0.0,0.2617801047120419
FIVE_FIXED_720_DRUGS,drug_id,DTGLZDAWLRGWQN-UHFFFAOYSA-N,dtiam,conplex,382,0.18302896925327075,1,1.0,0.2617801047120419
FIVE_FIXED_720_DRUGS,drug_id,DTGLZDAWLRGWQN-UHFFFAOYSA-N,dtiam,probematch,382,0.1194615190619251,0,0.0,0.2617801047120419
FIVE_FIXED_720_DRUGS,drug_id,DUGOZIWVEXMGBE-CHWSQXEVSA-N,dtiam,biomaster,382,0.3587171574709505,4,4.0,0.2617801047120419
FIVE_FIXED_720_DRUGS,drug_id,DUGOZIWVEXMGBE-CHWSQXEVSA-N,dtiam,drugclip,382,0.1401249306948192,0,0.0,0.2617801047120419
FIVE_FIXED_720_DRUGS,drug_id,DUGOZIWVEXMGBE-CHWSQXEVSA-N,dtiam,conplex,382,0.4006156313072542,3,3.0,0.2617801047120419
FIVE_FIXED_720_DRUGS,drug_id,DUGOZIWVEXMGBE-CHWSQXEVSA-N,dtiam,probematch,382,0.19074518717161773,0,0.0,0.2617801047120419
FIVE_FIXED_720_DRUGS,drug_id,DUXZAXCGJSBGDW-HXUWFJFHSA-N,dtiam,biomaster,382,0.22810707059769347,3,3.0,0.2617801047120419
FIVE_FIXED_720_DRUGS,drug_id,DUXZAXCGJSBGDW-HXUWFJFHSA-N,dtiam,drugclip,382,0.14907973591322082,2,2.0,0.2617801047120419
FIVE_FIXED_720_DRUGS,drug_id,DUXZAXCGJSBGDW-HXUWFJFHSA-N,dtiam,conplex,382,0.1858749040220322,1,1.0,0.2617801047120419
FIVE_FIXED_720_DRUGS,drug_id,DUXZAXCGJSBGDW-HXUWFJFHSA-N,dtiam,probematch,382,0.15797727791100327,2,2.0,0.2617801047120419
FIVE_FIXED_720_DRUGS,drug_id,DUYJMQONPNNFPI-UHFFFAOYSA-N,dtiam,biomaster,382,-0.2608988754127769,3,3.0,0.2617801047120419
FIVE_FIXED_720_DRUGS,drug_id,DUYJMQONPNNFPI-UHFFFAOYSA-N,dtiam,drugclip,382,-0.22539438697731032,0,0.0,0.2617801047120419
FIVE_FIXED_720_DRUGS,drug_id,DUYJMQONPNNFPI-UHFFFAOYSA-N,dtiam,conplex,382,0.13418561263153952,2,2.0,0.2617801047120419
FIVE_FIXED_720_DRUGS,drug_id,DUYJMQONPNNFPI-UHFFFAOYSA-N,dtiam,probematch,382,0.019100729508713322,0,0.0,0.2617801047120419
FIVE_FIXED_720_DRUGS,drug_id,DWRIJNIPBUFCQS-DQEYMECFSA-N,dtiam,biomaster,382,0.42466436702452226,1,1.0,0.2617801047120419
FIVE_FIXED_720_DRUGS,drug_id,DWRIJNIPBUFCQS-DQEYMECFSA-N,dtiam,drugclip,382,0.008475710115063553,1,1.0,0.2617801047120419
FIVE_FIXED_720_DRUGS,drug_id,DWRIJNIPBUFCQS-DQEYMECFSA-N,dtiam,conplex,382,-0.2826964846764664,0,0.0,0.2617801047120419
FIVE_FIXED_720_DRUGS,drug_id,DWRIJNIPBUFCQS-DQEYMECFSA-N,dtiam,probematch,382,0.022899907598469233,0,0.0,0.2617801047120419
FIVE_FIXED_720_DRUGS,drug_id,DWYRIWUZIJHQKQ-SANMLTNESA-N,dtiam,biomaster,382,0.003970214083716892,1,1.0,0.2617801047120419
FIVE_FIXED_720_DRUGS,drug_id,DWYRIWUZIJHQKQ-SANMLTNESA-N,dtiam,drugclip,382,-0.07444423191991847,0,0.0,0.2617801047120419
FIVE_FIXED_720_DRUGS,drug_id,DWYRIWUZIJHQKQ-SANMLTNESA-N,dtiam,conplex,382,0.06450646081606927,0,0.0,0.2617801047120419
FIVE_FIXED_720_DRUGS,drug_id,DWYRIWUZIJHQKQ-SANMLTNESA-N,dtiam,probematch,382,0.14700010397812294,1,1.0,0.2617801047120419
FIVE_FIXED_720_DRUGS,drug_id,DWZAEMINVBZMHQ-UHFFFAOYSA-N,dtiam,biomaster,382,0.5671619540578904,5,5.0,0.2617801047120419
FIVE_FIXED_720_DRUGS,drug_id,DWZAEMINVBZMHQ-UHFFFAOYSA-N,dtiam,drugclip,382,-0.2011729057564714,0,0.0,0.2617801047120419
FIVE_FIXED_720_DRUGS,drug_id,DWZAEMINVBZMHQ-UHFFFAOYSA-N,dtiam,conplex,382,0.41859254290342857,1,1.0,0.2617801047120419
FIVE_FIXED_720_DRUGS,drug_id,DWZAEMINVBZMHQ-UHFFFAOYSA-N,dtiam,probematch,382,-0.031576037753253856,0,0.0,0.2617801047120419
FIVE_FIXED_720_DRUGS,drug_id,DYDCPNMLZGFQTM-UHFFFAOYSA-N,dtiam,biomaster,382,0.38821331324671593,2,2.0,0.2617801047120419
FIVE_FIXED_720_DRUGS,drug_id,DYDCPNMLZGFQTM-UHFFFAOYSA-N,dtiam,drugclip,382,0.036357947225483946,1,1.0,0.2617801047120419
FIVE_FIXED_720_DRUGS,drug_id,DYDCPNMLZGFQTM-UHFFFAOYSA-N,dtiam,conplex,382,-0.06647394632729611,0,0.0,0.2617801047120419
FIVE_FIXED_720_DRUGS,drug_id,DYDCPNMLZGFQTM-UHFFFAOYSA-N,dtiam,probematch,382,0.07277068200603394,0,0.0,0.2617801047120419
FIVE_FIXED_720_DRUGS,drug_id,DYKFCLLONBREIL-KVUCHLLUSA-N,dtiam,biomaster,382,0.2132888129732625,0,0.0,0.2617801047120419
FIVE_FIXED_720_DRUGS,drug_id,DYKFCLLONBREIL-KVUCHLLUSA-N,dtiam,drugclip,382,-0.04615986061357111,0,0.0,0.2617801047120419
FIVE_FIXED_720_DRUGS,drug_id,DYKFCLLONBREIL-KVUCHLLUSA-N,dtiam,conplex,382,-0.0034674107893644286,0,0.0,0.2617801047120419
FIVE_FIXED_720_DRUGS,drug_id,DYKFCLLONBREIL-KVUCHLLUSA-N,dtiam,probematch,382,0.051741087146548966,0,0.0,0.2617801047120419
FIVE_FIXED_720_DRUGS,drug_id,DYLUUSLLRIQKOE-UHFFFAOYSA-N,dtiam,biomaster,382,0.14149300500697978,3,3.0,0.2617801047120419
FIVE_FIXED_720_DRUGS,drug_id,DYLUUSLLRIQKOE-UHFFFAOYSA-N,dtiam,drugclip,382,-0.0571886277396603,1,1.0,0.2617801047120419
FIVE_FIXED_720_DRUGS,drug_id,DYLUUSLLRIQKOE-UHFFFAOYSA-N,dtiam,conplex,382,0.15731101817285803,0,0.0,0.2617801047120419
FIVE_FIXED_720_DRUGS,drug_id,DYLUUSLLRIQKOE-UHFFFAOYSA-N,dtiam,probematch,382,0.04007811908833939,0,0.0,0.2617801047120419
FIVE_FIXED_720_DRUGS,drug_id,FABPRXSRWADJSP-MEDUHNTESA-N,dtiam,biomaster,382,0.3988360712220994,4,4.0,0.2617801047120419
FIVE_FIXED_720_DRUGS,drug_id,FABPRXSRWADJSP-MEDUHNTESA-N,dtiam,drugclip,382,0.06503347368921851,0,0.0,0.2617801047120419
FIVE_FIXED_720_DRUGS,drug_id,FABPRXSRWADJSP-MEDUHNTESA-N,dtiam,conplex,382,0.20992417172917596,0,0.0,0.2617801047120419
FIVE_FIXED_720_DRUGS,drug_id,FABPRXSRWADJSP-MEDUHNTESA-N,dtiam,probematch,382,0.1042807378904165,1,1.0,0.2617801047120419
FIVE_FIXED_720_DRUGS,drug_id,FABUFPQFXZVHFB-PVYNADRNSA-N,dtiam,biomaster,382,0.04351541925234685,1,1.0,0.2617801047120419
FIVE_FIXED_720_DRUGS,drug_id,FABUFPQFXZVHFB-PVYNADRNSA-N,dtiam,drugclip,382,0.11563758452110565,1,1.0,0.2617801047120419
FIVE_FIXED_720_DRUGS,drug_id,FABUFPQFXZVHFB-PVYNADRNSA-N,dtiam,conplex,382,0.2726168614812467,1,1.0,0.2617801047120419
FIVE_FIXED_720_DRUGS,drug_id,FABUFPQFXZVHFB-PVYNADRNSA-N,dtiam,probematch,382,0.1347768472743622,1,1.0,0.2617801047120419
FIVE_FIXED_720_DRUGS,drug_id,FAEKWTJYAYMJKF-QHCPKHFHSA-N,dtiam,biomaster,382,0.546926724928047,0,0.0,0.2617801047120419
FIVE_FIXED_720_DRUGS,drug_id,FAEKWTJYAYMJKF-QHCPKHFHSA-N,dtiam,drugclip,382,0.19128725029011034,0,0.0,0.2617801047120419
FIVE_FIXED_720_DRUGS,drug_id,FAEKWTJYAYMJKF-QHCPKHFHSA-N,dtiam,conplex,382,0.27537488785537667,1,1.0,0.2617801047120419
FIVE_FIXED_720_DRUGS,drug_id,FAEKWTJYAYMJKF-QHCPKHFHSA-N,dtiam,probematch,382,0.08644238356648899,0,0.0,0.2617801047120419
FIVE_FIXED_720_DRUGS,drug_id,FASDKYOPVNHBLU-ZETCQYMHSA-N,dtiam,biomaster,382,0.35857120084095134,1,1.0,0.2617801047120419
FIVE_FIXED_720_DRUGS,drug_id,FASDKYOPVNHBLU-ZETCQYMHSA-N,dtiam,drugclip,382,-0.021274255198709294,0,0.0,0.2617801047120419
FIVE_FIXED_720_DRUGS,drug_id,FASDKYOPVNHBLU-ZETCQYMHSA-N,dtiam,conplex,382,0.08149520660002442,0,0.0,0.2617801047120419
FIVE_FIXED_720_DRUGS,drug_id,FASDKYOPVNHBLU-ZETCQYMHSA-N,dtiam,probematch,382,0.18655593050526936,0,0.0,0.2617801047120419
FIVE_FIXED_720_DRUGS,drug_id,FBHSPRKOSMHSIF-GRMWVWQJSA-N,dtiam,biomaster,382,0.012336241451015566,3,3.0,0.2617801047120419
FIVE_FIXED_720_DRUGS,drug_id,FBHSPRKOSMHSIF-GRMWVWQJSA-N,dtiam,drugclip,382,0.12768847860772015,1,1.0,0.2617801047120419
FIVE_FIXED_720_DRUGS,drug_id,FBHSPRKOSMHSIF-GRMWVWQJSA-N,dtiam,conplex,382,0.024857329947036703,0,0.0,0.2617801047120419
FIVE_FIXED_720_DRUGS,drug_id,FBHSPRKOSMHSIF-GRMWVWQJSA-N,dtiam,probematch,382,0.1893436477459255,3,3.0,0.2617801047120419
FIVE_FIXED_720_DRUGS,drug_id,FBOUYBDGKBSUES-VXKWHMMOSA-N,dtiam,biomaster,382,0.34645981440473533,1,1.0,0.2617801047120419
FIVE_FIXED_720_DRUGS,drug_id,FBOUYBDGKBSUES-VXKWHMMOSA-N,dtiam,drugclip,382,0.22534056816093892,0,0.0,0.2617801047120419
FIVE_FIXED_720_DRUGS,drug_id,FBOUYBDGKBSUES-VXKWHMMOSA-N,dtiam,conplex,382,0.31183851904607435,3,3.0,0.2617801047120419
FIVE_FIXED_720_DRUGS,drug_id,FBOUYBDGKBSUES-VXKWHMMOSA-N,dtiam,probematch,382,0.15691876943061092,0,0.0,0.2617801047120419
FIVE_FIXED_720_DRUGS,drug_id,FDBYIYFVSAHJLY-UHFFFAOYSA-N,dtiam,biomaster,382,0.5024080153009047,1,1.0,0.2617801047120419
FIVE_FIXED_720_DRUGS,drug_id,FDBYIYFVSAHJLY-UHFFFAOYSA-N,dtiam,drugclip,382,-0.032948848121255085,0,0.0,0.2617801047120419
FIVE_FIXED_720_DRUGS,drug_id,FDBYIYFVSAHJLY-UHFFFAOYSA-N,dtiam,conplex,382,0.07147173459607774,0,0.0,0.2617801047120419
FIVE_FIXED_720_DRUGS,drug_id,FDBYIYFVSAHJLY-UHFFFAOYSA-N,dtiam,probematch,382,-0.037404615566274585,0,0.0,0.2617801047120419
FIVE_FIXED_720_DRUGS,drug_id,FDLYAMZZIXQODN-UHFFFAOYSA-N,dtiam,biomaster,382,0.14498326288629668,2,2.0,0.2617801047120419
FIVE_FIXED_720_DRUGS,drug_id,FDLYAMZZIXQODN-UHFFFAOYSA-N,dtiam,drugclip,382,-0.07640043825738548,3,3.0,0.2617801047120419
FIVE_FIXED_720_DRUGS,drug_id,FDLYAMZZIXQODN-UHFFFAOYSA-N,dtiam,conplex,382,0.07032776007577309,2,2.0,0.2617801047120419
FIVE_FIXED_720_DRUGS,drug_id,FDLYAMZZIXQODN-UHFFFAOYSA-N,dtiam,probematch,382,0.0626176546599399,0,0.0,0.2617801047120419
FIVE_FIXED_720_DRUGS,drug_id,FDTZUTSGGSRHQF-UHFFFAOYSA-N,dtiam,biomaster,382,0.2959812090526263,2,2.0,0.2617801047120419
FIVE_FIXED_720_DRUGS,drug_id,FDTZUTSGGSRHQF-UHFFFAOYSA-N,dtiam,drugclip,382,-0.056055634017409955,0,0.0,0.2617801047120419
FIVE_FIXED_720_DRUGS,drug_id,FDTZUTSGGSRHQF-UHFFFAOYSA-N,dtiam,conplex,382,-0.07992046223605727,0,0.0,0.2617801047120419
FIVE_FIXED_720_DRUGS,drug_id,FDTZUTSGGSRHQF-UHFFFAOYSA-N,dtiam,probematch,382,0.08004913873209973,0,0.0,0.2617801047120419
FIVE_FIXED_720_DRUGS,drug_id,FELGMEQIXOGIFQ-UHFFFAOYSA-N,dtiam,biomaster,382,0.27557741938990776,0,0.0,0.2617801047120419
FIVE_FIXED_720_DRUGS,drug_id,FELGMEQIXOGIFQ-UHFFFAOYSA-N,dtiam,drugclip,382,0.2316268211883819,1,1.0,0.2617801047120419
FIVE_FIXED_720_DRUGS,drug_id,FELGMEQIXOGIFQ-UHFFFAOYSA-N,dtiam,conplex,382,0.07601346623659415,2,2.0,0.2617801047120419
FIVE_FIXED_720_DRUGS,drug_id,FELGMEQIXOGIFQ-UHFFFAOYSA-N,dtiam,probematch,382,0.16198119698309002,0,0.0,0.2617801047120419
FIVE_FIXED_720_DRUGS,drug_id,FFGPTBGBLSHEPO-UHFFFAOYSA-N,dtiam,biomaster,382,0.3558201982233118,5,5.0,0.2617801047120419
FIVE_FIXED_720_DRUGS,drug_id,FFGPTBGBLSHEPO-UHFFFAOYSA-N,dtiam,drugclip,382,-0.08153604499080828,0,0.0,0.2617801047120419
FIVE_FIXED_720_DRUGS,drug_id,FFGPTBGBLSHEPO-UHFFFAOYSA-N,dtiam,conplex,382,0.2503375423695447,2,2.0,0.2617801047120419
FIVE_FIXED_720_DRUGS,drug_id,FFGPTBGBLSHEPO-UHFFFAOYSA-N,dtiam,probematch,382,0.08298915303283562,0,0.0,0.2617801047120419
FIVE_FIXED_720_DRUGS,drug_id,FGQFOYHRJSUHMR-UHFFFAOYSA-N,dtiam,biomaster,382,0.33780704038380993,1,1.0,0.2617801047120419
FIVE_FIXED_720_DRUGS,drug_id,FGQFOYHRJSUHMR-UHFFFAOYSA-N,dtiam,drugclip,382,0.08761326573546481,0,0.0,0.2617801047120419
FIVE_FIXED_720_DRUGS,drug_id,FGQFOYHRJSUHMR-UHFFFAOYSA-N,dtiam,conplex,382,0.15579100163640525,0,0.0,0.2617801047120419
FIVE_FIXED_720_DRUGS,drug_id,FGQFOYHRJSUHMR-UHFFFAOYSA-N,dtiam,probematch,382,0.1682642155280105,1,1.0,0.2617801047120419
FIVE_FIXED_720_DRUGS,drug_id,FIDLLEYNNRGVFR-CTNGQTDRSA-N,dtiam,biomaster,382,0.3876025773185334,0,0.0,0.2617801047120419
FIVE_FIXED_720_DRUGS,drug_id,FIDLLEYNNRGVFR-CTNGQTDRSA-N,dtiam,drugclip,382,0.04888029414351175,0,0.0,0.2617801047120419
FIVE_FIXED_720_DRUGS,drug_id,FIDLLEYNNRGVFR-CTNGQTDRSA-N,dtiam,conplex,382,0.2722419604987406,0,0.0,0.2617801047120419
FIVE_FIXED_720_DRUGS,drug_id,FIDLLEYNNRGVFR-CTNGQTDRSA-N,dtiam,probematch,382,0.07517046707361957,0,0.0,0.2617801047120419
FIVE_FIXED_720_DRUGS,drug_id,FIKPXCOQUIZNHB-WDEREUQCSA-N,dtiam,biomaster,382,0.05005354434040788,2,2.0,0.2617801047120419
FIVE_FIXED_720_DRUGS,drug_id,FIKPXCOQUIZNHB-WDEREUQCSA-N,dtiam,drugclip,382,0.11772919900056306,3,3.0,0.2617801047120419
FIVE_FIXED_720_DRUGS,drug_id,FIKPXCOQUIZNHB-WDEREUQCSA-N,dtiam,conplex,382,0.039950214635312904,1,1.0,0.2617801047120419
FIVE_FIXED_720_DRUGS,drug_id,FIKPXCOQUIZNHB-WDEREUQCSA-N,dtiam,probematch,382,0.22511815386762685,1,1.0,0.2617801047120419
FIVE_FIXED_720_DRUGS,drug_id,FIVSJYGQAIEMOC-ZGNKEGEESA-N,dtiam,biomaster,382,0.42169356836082195,3,3.0,0.2617801047120419
FIVE_FIXED_720_DRUGS,drug_id,FIVSJYGQAIEMOC-ZGNKEGEESA-N,dtiam,drugclip,382,0.1716463961682725,2,2.0,0.2617801047120419
FIVE_FIXED_720_DRUGS,drug_id,FIVSJYGQAIEMOC-ZGNKEGEESA-N,dtiam,conplex,382,-0.04387256539632785,0,0.0,0.2617801047120419
FIVE_FIXED_720_DRUGS,drug_id,FIVSJYGQAIEMOC-ZGNKEGEESA-N,dtiam,probematch,382,0.19098521909263413,2,2.0,0.2617801047120419
FIVE_FIXED_720_DRUGS,drug_id,FJHBVJOVLFPMQE-QFIPXVFZSA-N,dtiam,biomaster,382,0.08219284982580463,0,0.0,0.2617801047120419
FIVE_FIXED_720_DRUGS,drug_id,FJHBVJOVLFPMQE-QFIPXVFZSA-N,dtiam,drugclip,382,0.0862311985310477,0,0.0,0.2617801047120419
FIVE_FIXED_720_DRUGS,drug_id,FJHBVJOVLFPMQE-QFIPXVFZSA-N,dtiam,conplex,382,0.0464544841426474,0,0.0,0.2617801047120419
FIVE_FIXED_720_DRUGS,drug_id,FJHBVJOVLFPMQE-QFIPXVFZSA-N,dtiam,probematch,382,0.06836593479893452,0,0.0,0.2617801047120419
FIVE_FIXED_720_DRUGS,drug_id,FJZZPCZKBUKGGU-AUSIDOKSSA-N,dtiam,biomaster,382,0.2597809509591105,3,3.0,0.2617801047120419
FIVE_FIXED_720_DRUGS,drug_id,FJZZPCZKBUKGGU-AUSIDOKSSA-N,dtiam,drugclip,382,0.16125053832271075,1,1.0,0.2617801047120419
FIVE_FIXED_720_DRUGS,drug_id,FJZZPCZKBUKGGU-AUSIDOKSSA-N,dtiam,conplex,382,0.19189735227313504,2,2.0,0.2617801047120419
FIVE_FIXED_720_DRUGS,drug_id,FJZZPCZKBUKGGU-AUSIDOKSSA-N,dtiam,probematch,382,0.15776178737025226,0,0.0,0.2617801047120419
FIVE_FIXED_720_DRUGS,drug_id,FKENQMMABCRJMK-RITPCOANSA-N,dtiam,biomaster,382,0.4398860504964732,2,2.0,0.2617801047120419
FIVE_FIXED_720_DRUGS,drug_id,FKENQMMABCRJMK-RITPCOANSA-N,dtiam,drugclip,382,0.007635706029139014,0,0.0,0.2617801047120419
FIVE_FIXED_720_DRUGS,drug_id,FKENQMMABCRJMK-RITPCOANSA-N,dtiam,conplex,382,0.010407424474075283,1,1.0,0.2617801047120419
FIVE_FIXED_720_DRUGS,drug_id,FKENQMMABCRJMK-RITPCOANSA-N,dtiam,probematch,382,0.16596635828843678,4,4.0,0.2617801047120419
FIVE_FIXED_720_DRUGS,drug_id,FLSUCZWOEMTFAQ-PRBGKLEPSA-N,dtiam,biomaster,382,0.33961922756866714,3,3.0,0.2617801047120419
FIVE_FIXED_720_DRUGS,drug_id,FLSUCZWOEMTFAQ-PRBGKLEPSA-N,dtiam,drugclip,382,0.1490157991593716,3,3.0,0.2617801047120419
FIVE_FIXED_720_DRUGS,drug_id,FLSUCZWOEMTFAQ-PRBGKLEPSA-N,dtiam,conplex,382,-0.0049926100590696925,0,0.0,0.2617801047120419
FIVE_FIXED_720_DRUGS,drug_id,FLSUCZWOEMTFAQ-PRBGKLEPSA-N,dtiam,probematch,382,0.22234156843746,2,2.0,0.2617801047120419
FIVE_FIXED_720_DRUGS,drug_id,FNHKPVJBJVTLMP-UHFFFAOYSA-N,dtiam,biomaster,382,0.08420825686128018,4,4.0,0.2617801047120419
FIVE_FIXED_720_DRUGS,drug_id,FNHKPVJBJVTLMP-UHFFFAOYSA-N,dtiam,drugclip,382,0.15501422915686042,1,1.0,0.2617801047120419
FIVE_FIXED_720_DRUGS,drug_id,FNHKPVJBJVTLMP-UHFFFAOYSA-N,dtiam,conplex,382,0.22940071419194097,5,5.0,0.2617801047120419
FIVE_FIXED_720_DRUGS,drug_id,FNHKPVJBJVTLMP-UHFFFAOYSA-N,dtiam,probematch,382,0.09574379226795802,0,0.0,0.2617801047120419
FIVE_FIXED_720_DRUGS,drug_id,FNKQXYHWGSIFBK-RPDRRWSUSA-N,dtiam,biomaster,382,0.057459444023641094,1,1.0,0.2617801047120419
FIVE_FIXED_720_DRUGS,drug_id,FNKQXYHWGSIFBK-RPDRRWSUSA-N,dtiam,drugclip,382,-0.08096491971147518,0,0.0,0.2617801047120419
FIVE_FIXED_720_DRUGS,drug_id,FNKQXYHWGSIFBK-RPDRRWSUSA-N,dtiam,conplex,382,0.03597889619442268,0,0.0,0.2617801047120419
FIVE_FIXED_720_DRUGS,drug_id,FNKQXYHWGSIFBK-RPDRRWSUSA-N,dtiam,probematch,382,0.06452391713581426,0,0.0,0.2617801047120419
FIVE_FIXED_720_DRUGS,drug_id,FPOHNWQLNRZRFC-ZHACJKMWSA-N,dtiam,biomaster,382,0.31148318092023936,6,6.0,0.2617801047120419
FIVE_FIXED_720_DRUGS,drug_id,FPOHNWQLNRZRFC-ZHACJKMWSA-N,dtiam,drugclip,382,0.08004354157519711,1,1.0,0.2617801047120419
FIVE_FIXED_720_DRUGS,drug_id,FPOHNWQLNRZRFC-ZHACJKMWSA-N,dtiam,conplex,382,0.07478851988590049,1,1.0,0.2617801047120419
FIVE_FIXED_720_DRUGS,drug_id,FPOHNWQLNRZRFC-ZHACJKMWSA-N,dtiam,probematch,382,0.2816171822383698,0,0.0,0.2617801047120419
FIVE_FIXED_720_DRUGS,drug_id,FRVSRBKUQZKTOW-YOCNBXQISA-N,dtiam,biomaster,382,0.1966497571533549,1,1.0,0.2617801047120419
FIVE_FIXED_720_DRUGS,drug_id,FRVSRBKUQZKTOW-YOCNBXQISA-N,dtiam,drugclip,382,0.04275592811571391,0,0.0,0.2617801047120419
FIVE_FIXED_720_DRUGS,drug_id,FRVSRBKUQZKTOW-YOCNBXQISA-N,dtiam,conplex,382,0.15415775973992363,1,1.0,0.2617801047120419
FIVE_FIXED_720_DRUGS,drug_id,FRVSRBKUQZKTOW-YOCNBXQISA-N,dtiam,probematch,382,0.12438337084505312,0,0.0,0.2617801047120419
FIVE_FIXED_720_DRUGS,drug_id,FTALBRSUTCGOEG-UHFFFAOYSA-N,dtiam,biomaster,382,0.3739267855280342,2,2.0,0.2617801047120419
FIVE_FIXED_720_DRUGS,drug_id,FTALBRSUTCGOEG-UHFFFAOYSA-N,dtiam,drugclip,382,-0.1130166081638193,0,0.0,0.2617801047120419
FIVE_FIXED_720_DRUGS,drug_id,FTALBRSUTCGOEG-UHFFFAOYSA-N,dtiam,conplex,382,0.09780349786968891,2,2.0,0.2617801047120419
FIVE_FIXED_720_DRUGS,drug_id,FTALBRSUTCGOEG-UHFFFAOYSA-N,dtiam,probematch,382,0.04203346432474446,1,1.0,0.2617801047120419
FIVE_FIXED_720_DRUGS,drug_id,FVTWTVQXNAJTQP-UHFFFAOYSA-N,dtiam,biomaster,382,0.2569920598947455,3,3.0,0.2617801047120419
FIVE_FIXED_720_DRUGS,drug_id,FVTWTVQXNAJTQP-UHFFFAOYSA-N,dtiam,drugclip,382,0.18329494078369452,2,2.0,0.2617801047120419
FIVE_FIXED_720_DRUGS,drug_id,FVTWTVQXNAJTQP-UHFFFAOYSA-N,dtiam,conplex,382,0.2757122388223613,2,2.0,0.2617801047120419
FIVE_FIXED_720_DRUGS,drug_id,FVTWTVQXNAJTQP-UHFFFAOYSA-N,dtiam,probematch,382,0.15883924007400732,1,1.0,0.2617801047120419
FIVE_FIXED_720_DRUGS,drug_id,FWLMVFUGMHIOAA-UHFFFAOYSA-N,dtiam,biomaster,382,-0.41788750166703786,1,1.0,0.2617801047120419
FIVE_FIXED_720_DRUGS,drug_id,FWLMVFUGMHIOAA-UHFFFAOYSA-N,dtiam,drugclip,382,-0.32656515074489006,0,0.0,0.2617801047120419
FIVE_FIXED_720_DRUGS,drug_id,FWLMVFUGMHIOAA-UHFFFAOYSA-N,dtiam,conplex,382,-0.27825832811203155,0,0.0,0.2617801047120419
FIVE_FIXED_720_DRUGS,drug_id,FWLMVFUGMHIOAA-UHFFFAOYSA-N,dtiam,probematch,382,-0.06579501702289384,0,0.0,0.2617801047120419
FIVE_FIXED_720_DRUGS,drug_id,FWYSMLBETOMXAG-QHCPKHFHSA-N,dtiam,biomaster,382,0.29524561347046224,1,1.0,0.2617801047120419
FIVE_FIXED_720_DRUGS,drug_id,FWYSMLBETOMXAG-QHCPKHFHSA-N,dtiam,drugclip,382,-0.02048376442384643,0,0.0,0.2617801047120419
FIVE_FIXED_720_DRUGS,drug_id,FWYSMLBETOMXAG-QHCPKHFHSA-N,dtiam,conplex,382,0.03785920798849211,0,0.0,0.2617801047120419
FIVE_FIXED_720_DRUGS,drug_id,FWYSMLBETOMXAG-QHCPKHFHSA-N,dtiam,probematch,382,0.14855081258075198,0,0.0,0.2617801047120419
FIVE_FIXED_720_DRUGS,drug_id,FWZAWAUZXYCBKZ-NSHDSACASA-N,dtiam,biomaster,382,-0.10674929935973908,0,0.0,0.2617801047120419
FIVE_FIXED_720_DRUGS,drug_id,FWZAWAUZXYCBKZ-NSHDSACASA-N,dtiam,drugclip,382,-0.17825685374553668,0,0.0,0.2617801047120419
FIVE_FIXED_720_DRUGS,drug_id,FWZAWAUZXYCBKZ-NSHDSACASA-N,dtiam,conplex,382,0.16883088198266,2,2.0,0.2617801047120419
FIVE_FIXED_720_DRUGS,drug_id,FWZAWAUZXYCBKZ-NSHDSACASA-N,dtiam,probematch,382,0.13738942789629457,0,0.0,0.2617801047120419
FIVE_FIXED_720_DRUGS,drug_id,FYDWDCIFZSGNBU-UHFFFAOYSA-N,dtiam,biomaster,382,0.3078949727951265,1,1.0,0.2617801047120419
FIVE_FIXED_720_DRUGS,drug_id,FYDWDCIFZSGNBU-UHFFFAOYSA-N,dtiam,drugclip,382,0.12496309374667332,0,0.0,0.2617801047120419
FIVE_FIXED_720_DRUGS,drug_id,FYDWDCIFZSGNBU-UHFFFAOYSA-N,dtiam,conplex,382,0.28189446780555555,2,2.0,0.2617801047120419
FIVE_FIXED_720_DRUGS,drug_id,FYDWDCIFZSGNBU-UHFFFAOYSA-N,dtiam,probematch,382,0.17506905761422692,0,0.0,0.2617801047120419
FIVE_FIXED_720_DRUGS,drug_id,FYMHQCNFKNMJAV-HOTGVXAUSA-N,dtiam,biomaster,382,0.4507167643783157,2,2.0,0.2617801047120419
FIVE_FIXED_720_DRUGS,drug_id,FYMHQCNFKNMJAV-HOTGVXAUSA-N,dtiam,drugclip,382,0.0848876655991525,1,1.0,0.2617801047120419
FIVE_FIXED_720_DRUGS,drug_id,FYMHQCNFKNMJAV-HOTGVXAUSA-N,dtiam,conplex,382,-0.12787273010255829,0,0.0,0.2617801047120419
FIVE_FIXED_720_DRUGS,drug_id,FYMHQCNFKNMJAV-HOTGVXAUSA-N,dtiam,probematch,382,0.08404852261428991,1,1.0,0.2617801047120419
FIVE_FIXED_720_DRUGS,drug_id,GBLBJPZSROAGMF-RWYJCYHVSA-N,dtiam,biomaster,382,0.0892560312863849,0,0.0,0.2617801047120419
FIVE_FIXED_720_DRUGS,drug_id,GBLBJPZSROAGMF-RWYJCYHVSA-N,dtiam,drugclip,382,0.019882931157876316,0,0.0,0.2617801047120419
FIVE_FIXED_720_DRUGS,drug_id,GBLBJPZSROAGMF-RWYJCYHVSA-N,dtiam,conplex,382,0.21932387373952483,0,0.0,0.2617801047120419
FIVE_FIXED_720_DRUGS,drug_id,GBLBJPZSROAGMF-RWYJCYHVSA-N,dtiam,probematch,382,0.07427011819858206,0,0.0,0.2617801047120419
FIVE_FIXED_720_DRUGS,drug_id,GBXSMTUPTTWBMN-XIRDDKMYSA-N,dtiam,biomaster,382,0.5033166921965192,2,2.0,0.2617801047120419
FIVE_FIXED_720_DRUGS,drug_id,GBXSMTUPTTWBMN-XIRDDKMYSA-N,dtiam,drugclip,382,0.32046446499629566,0,0.0,0.2617801047120419
FIVE_FIXED_720_DRUGS,drug_id,GBXSMTUPTTWBMN-XIRDDKMYSA-N,dtiam,conplex,382,0.29533967621181323,0,0.0,0.2617801047120419
FIVE_FIXED_720_DRUGS,drug_id,GBXSMTUPTTWBMN-XIRDDKMYSA-N,dtiam,probematch,382,0.12286480573398587,1,1.0,0.2617801047120419
FIVE_FIXED_720_DRUGS,drug_id,GCKFUYQCUCGESZ-BPIQYHPVSA-N,dtiam,biomaster,382,-0.011090228214385319,5,5.0,0.2617801047120419
FIVE_FIXED_720_DRUGS,drug_id,GCKFUYQCUCGESZ-BPIQYHPVSA-N,dtiam,drugclip,382,0.13687750331496998,3,3.0,0.2617801047120419
FIVE_FIXED_720_DRUGS,drug_id,GCKFUYQCUCGESZ-BPIQYHPVSA-N,dtiam,conplex,382,0.0035955083715290955,4,4.0,0.2617801047120419
FIVE_FIXED_720_DRUGS,drug_id,GCKFUYQCUCGESZ-BPIQYHPVSA-N,dtiam,probematch,382,0.2324964431125454,4,4.0,0.2617801047120419
FIVE_FIXED_720_DRUGS,drug_id,GDLBFKVLRPITMI-UHFFFAOYSA-N,dtiam,biomaster,382,0.4442391316398562,5,5.0,0.2617801047120419
FIVE_FIXED_720_DRUGS,drug_id,GDLBFKVLRPITMI-UHFFFAOYSA-N,dtiam,drugclip,382,-0.04797592275320704,0,0.0,0.2617801047120419
FIVE_FIXED_720_DRUGS,drug_id,GDLBFKVLRPITMI-UHFFFAOYSA-N,dtiam,conplex,382,0.15843771083357222,0,0.0,0.2617801047120419
FIVE_FIXED_720_DRUGS,drug_id,GDLBFKVLRPITMI-UHFFFAOYSA-N,dtiam,probematch,382,0.1127341670155023,4,4.0,0.2617801047120419
FIVE_FIXED_720_DRUGS,drug_id,GEJDGVNQKABXKG-CFKGEZKQSA-N,dtiam,biomaster,382,0.3268277865687824,1,1.0,0.2617801047120419
FIVE_FIXED_720_DRUGS,drug_id,GEJDGVNQKABXKG-CFKGEZKQSA-N,dtiam,drugclip,382,0.14608116674027286,0,0.0,0.2617801047120419
FIVE_FIXED_720_DRUGS,drug_id,GEJDGVNQKABXKG-CFKGEZKQSA-N,dtiam,conplex,382,0.251459492465156,2,2.0,0.2617801047120419
FIVE_FIXED_720_DRUGS,drug_id,GEJDGVNQKABXKG-CFKGEZKQSA-N,dtiam,probematch,382,0.16146043170655916,1,1.0,0.2617801047120419
FIVE_FIXED_720_DRUGS,drug_id,GFHAXPJGXSQLPT-VIFPVBQESA-N,dtiam,biomaster,382,0.4068307487564355,7,7.0,0.2617801047120419
FIVE_FIXED_720_DRUGS,drug_id,GFHAXPJGXSQLPT-VIFPVBQESA-N,dtiam,drugclip,382,-0.03942066842754658,0,0.0,0.2617801047120419
FIVE_FIXED_720_DRUGS,drug_id,GFHAXPJGXSQLPT-VIFPVBQESA-N,dtiam,conplex,382,0.1440241250808394,1,1.0,0.2617801047120419
FIVE_FIXED_720_DRUGS,drug_id,GFHAXPJGXSQLPT-VIFPVBQESA-N,dtiam,probematch,382,0.09819361976821218,0,0.0,0.2617801047120419
FIVE_FIXED_720_DRUGS,drug_id,GFNANZIMVAIWHM-OBYCQNJPSA-N,dtiam,biomaster,382,0.09163008691415932,3,3.0,0.2617801047120419
FIVE_FIXED_720_DRUGS,drug_id,GFNANZIMVAIWHM-OBYCQNJPSA-N,dtiam,drugclip,382,0.029902057288838376,2,2.0,0.2617801047120419
FIVE_FIXED_720_DRUGS,drug_id,GFNANZIMVAIWHM-OBYCQNJPSA-N,dtiam,conplex,382,0.029790219532117093,3,3.0,0.2617801047120419
FIVE_FIXED_720_DRUGS,drug_id,GFNANZIMVAIWHM-OBYCQNJPSA-N,dtiam,probematch,382,0.15192825822612538,3,3.0,0.2617801047120419
FIVE_FIXED_720_DRUGS,drug_id,GGCSSNBKKAUURC-UHFFFAOYSA-N,dtiam,biomaster,382,0.2860458249999381,1,1.0,0.2617801047120419
FIVE_FIXED_720_DRUGS,drug_id,GGCSSNBKKAUURC-UHFFFAOYSA-N,dtiam,drugclip,382,0.09823473205925538,1,1.0,0.2617801047120419
FIVE_FIXED_720_DRUGS,drug_id,GGCSSNBKKAUURC-UHFFFAOYSA-N,dtiam,conplex,382,0.2015710311782313,2,2.0,0.2617801047120419
FIVE_FIXED_720_DRUGS,drug_id,GGCSSNBKKAUURC-UHFFFAOYSA-N,dtiam,probematch,382,0.1530627588752341,0,0.0,0.2617801047120419
FIVE_FIXED_720_DRUGS,drug_id,GGXICVAJURFBLW-CEYXHVGTSA-N,dtiam,biomaster,382,0.2844846487746371,0,0.0,0.2617801047120419
FIVE_FIXED_720_DRUGS,drug_id,GGXICVAJURFBLW-CEYXHVGTSA-N,dtiam,drugclip,382,0.008781616267318491,0,0.0,0.2617801047120419
FIVE_FIXED_720_DRUGS,drug_id,GGXICVAJURFBLW-CEYXHVGTSA-N,dtiam,conplex,382,0.14085490958864905,2,2.0,0.2617801047120419
FIVE_FIXED_720_DRUGS,drug_id,GGXICVAJURFBLW-CEYXHVGTSA-N,dtiam,probematch,382,0.09724834079280067,0,0.0,0.2617801047120419
FIVE_FIXED_720_DRUGS,drug_id,GHILNKWBALQPDP-UHFFFAOYSA-N,dtiam,biomaster,382,0.20383435386366897,3,3.0,0.2617801047120419
FIVE_FIXED_720_DRUGS,drug_id,GHILNKWBALQPDP-UHFFFAOYSA-N,dtiam,drugclip,382,-0.14784384061406838,0,0.0,0.2617801047120419
FIVE_FIXED_720_DRUGS,drug_id,GHILNKWBALQPDP-UHFFFAOYSA-N,dtiam,conplex,382,0.11031334210027856,2,2.0,0.2617801047120419
FIVE_FIXED_720_DRUGS,drug_id,GHILNKWBALQPDP-UHFFFAOYSA-N,dtiam,probematch,382,0.11862765670546714,1,1.0,0.2617801047120419
FIVE_FIXED_720_DRUGS,drug_id,GJJFMKBJSRMPLA-DZGCQCFKSA-N,dtiam,biomaster,382,0.3266028239163501,3,3.0,0.2617801047120419
FIVE_FIXED_720_DRUGS,drug_id,GJJFMKBJSRMPLA-DZGCQCFKSA-N,dtiam,drugclip,382,0.15512423481752355,0,0.0,0.2617801047120419
FIVE_FIXED_720_DRUGS,drug_id,GJJFMKBJSRMPLA-DZGCQCFKSA-N,dtiam,conplex,382,0.2641926208187062,4,4.0,0.2617801047120419
FIVE_FIXED_720_DRUGS,drug_id,GJJFMKBJSRMPLA-DZGCQCFKSA-N,dtiam,probematch,382,0.17882518044641846,1,1.0,0.2617801047120419
FIVE_FIXED_720_DRUGS,drug_id,GJPICJJJRGTNOD-UHFFFAOYSA-N,dtiam,biomaster,382,0.2665136848871705,0,0.0,0.2617801047120419
FIVE_FIXED_720_DRUGS,drug_id,GJPICJJJRGTNOD-UHFFFAOYSA-N,dtiam,drugclip,382,-0.06391059790444598,0,0.0,0.2617801047120419
FIVE_FIXED_720_DRUGS,drug_id,GJPICJJJRGTNOD-UHFFFAOYSA-N,dtiam,conplex,382,0.0019395057739439968,0,0.0,0.2617801047120419
FIVE_FIXED_720_DRUGS,drug_id,GJPICJJJRGTNOD-UHFFFAOYSA-N,dtiam,probematch,382,0.1205223955702378,0,0.0,0.2617801047120419
FIVE_FIXED_720_DRUGS,drug_id,GJSURZIOUXUGAL-UHFFFAOYSA-N,dtiam,biomaster,382,0.21702060970045417,1,1.0,0.2617801047120419
FIVE_FIXED_720_DRUGS,drug_id,GJSURZIOUXUGAL-UHFFFAOYSA-N,dtiam,drugclip,382,0.014825469345824753,0,0.0,0.2617801047120419
FIVE_FIXED_720_DRUGS,drug_id,GJSURZIOUXUGAL-UHFFFAOYSA-N,dtiam,conplex,382,-0.12391973094526511,0,0.0,0.2617801047120419
FIVE_FIXED_720_DRUGS,drug_id,GJSURZIOUXUGAL-UHFFFAOYSA-N,dtiam,probematch,382,0.1153361991494259,0,0.0,0.2617801047120419
FIVE_FIXED_720_DRUGS,drug_id,GKCBAIGFKIBETG-UHFFFAOYSA-N,dtiam,biomaster,382,0.2569944279226658,0,0.0,0.2617801047120419
FIVE_FIXED_720_DRUGS,drug_id,GKCBAIGFKIBETG-UHFFFAOYSA-N,dtiam,drugclip,382,0.0741131385616017,0,0.0,0.2617801047120419
FIVE_FIXED_720_DRUGS,drug_id,GKCBAIGFKIBETG-UHFFFAOYSA-N,dtiam,conplex,382,0.2089170824379593,0,0.0,0.2617801047120419
FIVE_FIXED_720_DRUGS,drug_id,GKCBAIGFKIBETG-UHFFFAOYSA-N,dtiam,probematch,382,0.15116639906157206,0,0.0,0.2617801047120419
FIVE_FIXED_720_DRUGS,drug_id,GKHIVNAUVKXIIY-UHFFFAOYSA-N,dtiam,biomaster,382,0.21739884834191223,0,0.0,0.2617801047120419
FIVE_FIXED_720_DRUGS,drug_id,GKHIVNAUVKXIIY-UHFFFAOYSA-N,dtiam,drugclip,382,0.07140648264865214,1,1.0,0.2617801047120419
FIVE_FIXED_720_DRUGS,drug_id,GKHIVNAUVKXIIY-UHFFFAOYSA-N,dtiam,conplex,382,0.001304714505650377,1,1.0,0.2617801047120419
FIVE_FIXED_720_DRUGS,drug_id,GKHIVNAUVKXIIY-UHFFFAOYSA-N,dtiam,probematch,382,0.2993461928378889,0,0.0,0.2617801047120419
FIVE_FIXED_720_DRUGS,drug_id,GLYMPHUVMRFTFV-QLFBSQMISA-N,dtiam,biomaster,382,-0.0019741818221350547,1,1.0,0.2617801047120419
FIVE_FIXED_720_DRUGS,drug_id,GLYMPHUVMRFTFV-QLFBSQMISA-N,dtiam,drugclip,382,-0.12205709293788417,0,0.0,0.2617801047120419
FIVE_FIXED_720_DRUGS,drug_id,GLYMPHUVMRFTFV-QLFBSQMISA-N,dtiam,conplex,382,0.3374199888840216,0,0.0,0.2617801047120419
FIVE_FIXED_720_DRUGS,drug_id,GLYMPHUVMRFTFV-QLFBSQMISA-N,dtiam,probematch,382,0.03406655729965596,0,0.0,0.2617801047120419
FIVE_FIXED_720_DRUGS,drug_id,GMRQFYUYWCNGIN-NKMMMXOESA-N,dtiam,biomaster,382,-0.11660201771048082,0,0.0,0.2617801047120419
FIVE_FIXED_720_DRUGS,drug_id,GMRQFYUYWCNGIN-NKMMMXOESA-N,dtiam,drugclip,382,0.10922259688490232,3,3.0,0.2617801047120419
FIVE_FIXED_720_DRUGS,drug_id,GMRQFYUYWCNGIN-NKMMMXOESA-N,dtiam,conplex,382,0.03027187930791766,0,0.0,0.2617801047120419
FIVE_FIXED_720_DRUGS,drug_id,GMRQFYUYWCNGIN-NKMMMXOESA-N,dtiam,probematch,382,0.16998167254027285,1,1.0,0.2617801047120419
FIVE_FIXED_720_DRUGS,drug_id,GNXFOGHNGIVQEH-UHFFFAOYSA-N,dtiam,biomaster,382,0.44343680072539154,2,2.0,0.2617801047120419
FIVE_FIXED_720_DRUGS,drug_id,GNXFOGHNGIVQEH-UHFFFAOYSA-N,dtiam,drugclip,382,-0.02373635841006731,0,0.0,0.2617801047120419
FIVE_FIXED_720_DRUGS,drug_id,GNXFOGHNGIVQEH-UHFFFAOYSA-N,dtiam,conplex,382,0.10153832345144698,1,1.0,0.2617801047120419
FIVE_FIXED_720_DRUGS,drug_id,GNXFOGHNGIVQEH-UHFFFAOYSA-N,dtiam,probematch,382,0.12953920006509925,0,0.0,0.2617801047120419
FIVE_FIXED_720_DRUGS,drug_id,GOTYRUGSSMKFNF-UHFFFAOYSA-N,dtiam,biomaster,382,0.24055234897067748,3,3.0,0.2617801047120419
FIVE_FIXED_720_DRUGS,drug_id,GOTYRUGSSMKFNF-UHFFFAOYSA-N,dtiam,drugclip,382,0.10427427963245194,1,1.0,0.2617801047120419
FIVE_FIXED_720_DRUGS,drug_id,GOTYRUGSSMKFNF-UHFFFAOYSA-N,dtiam,conplex,382,-0.06147163425809728,0,0.0,0.2617801047120419
FIVE_FIXED_720_DRUGS,drug_id,GOTYRUGSSMKFNF-UHFFFAOYSA-N,dtiam,probematch,382,0.1892238368704315,1,1.0,0.2617801047120419
FIVE_FIXED_720_DRUGS,drug_id,GPNHMOZDMYNCPO-PDUMRIMRSA-N,dtiam,biomaster,382,0.19048965543148644,4,4.0,0.2617801047120419
FIVE_FIXED_720_DRUGS,drug_id,GPNHMOZDMYNCPO-PDUMRIMRSA-N,dtiam,drugclip,382,0.12327081488469158,2,2.0,0.2617801047120419
FIVE_FIXED_720_DRUGS,drug_id,GPNHMOZDMYNCPO-PDUMRIMRSA-N,dtiam,conplex,382,-0.08726178132677528,4,4.0,0.2617801047120419
FIVE_FIXED_720_DRUGS,drug_id,GPNHMOZDMYNCPO-PDUMRIMRSA-N,dtiam,probematch,382,0.23236996882600566,4,4.0,0.2617801047120419
FIVE_FIXED_720_DRUGS,drug_id,GPXBXXGIAQBQNI-UHFFFAOYSA-N,dtiam,biomaster,382,-0.2822571956026583,1,1.0,0.2617801047120419
FIVE_FIXED_720_DRUGS,drug_id,GPXBXXGIAQBQNI-UHFFFAOYSA-N,dtiam,drugclip,382,-0.1712644978473012,0,0.0,0.2617801047120419
FIVE_FIXED_720_DRUGS,drug_id,GPXBXXGIAQBQNI-UHFFFAOYSA-N,dtiam,conplex,382,0.20948039528014292,0,0.0,0.2617801047120419
FIVE_FIXED_720_DRUGS,drug_id,GPXBXXGIAQBQNI-UHFFFAOYSA-N,dtiam,probematch,382,-0.05329860369233677,0,0.0,0.2617801047120419
FIVE_FIXED_720_DRUGS,drug_id,GXJABQQUPOEUTA-RDJZCZTQSA-N,dtiam,biomaster,382,0.24275246218393962,2,2.0,0.2617801047120419
FIVE_FIXED_720_DRUGS,drug_id,GXJABQQUPOEUTA-RDJZCZTQSA-N,dtiam,drugclip,382,0.2290725801633961,4,4.0,0.2617801047120419
FIVE_FIXED_720_DRUGS,drug_id,GXJABQQUPOEUTA-RDJZCZTQSA-N,dtiam,conplex,382,0.38512979121764906,2,2.0,0.2617801047120419
FIVE_FIXED_720_DRUGS,drug_id,GXJABQQUPOEUTA-RDJZCZTQSA-N,dtiam,probematch,382,0.1447895151473597,1,1.0,0.2617801047120419
FIVE_FIXED_720_DRUGS,drug_id,GXXLUDOKHXEFBQ-YJFSRANCSA-N,dtiam,biomaster,382,0.41130825900326906,2,2.0,0.2617801047120419
FIVE_FIXED_720_DRUGS,drug_id,GXXLUDOKHXEFBQ-YJFSRANCSA-N,dtiam,drugclip,382,0.24383615787039378,1,1.0,0.2617801047120419
FIVE_FIXED_720_DRUGS,drug_id,GXXLUDOKHXEFBQ-YJFSRANCSA-N,dtiam,conplex,382,-0.0942190255142957,0,0.0,0.2617801047120419
FIVE_FIXED_720_DRUGS,drug_id,GXXLUDOKHXEFBQ-YJFSRANCSA-N,dtiam,probematch,382,0.2158981644662126,1,1.0,0.2617801047120419
FIVE_FIXED_720_DRUGS,drug_id,GYDJEQRTZSCIOI-LJGSYFOKSA-N,dtiam,biomaster,382,0.34087342126538583,3,3.0,0.2617801047120419
FIVE_FIXED_720_DRUGS,drug_id,GYDJEQRTZSCIOI-LJGSYFOKSA-N,dtiam,drugclip,382,-0.01981081394393866,0,0.0,0.2617801047120419
FIVE_FIXED_720_DRUGS,drug_id,GYDJEQRTZSCIOI-LJGSYFOKSA-N,dtiam,conplex,382,0.07680817752123023,0,0.0,0.2617801047120419
FIVE_FIXED_720_DRUGS,drug_id,GYDJEQRTZSCIOI-LJGSYFOKSA-N,dtiam,probematch,382,0.08918046966819948,0,0.0,0.2617801047120419
FIVE_FIXED_720_DRUGS,drug_id,GYHCTFXIZSNGJT-UHFFFAOYSA-N,dtiam,biomaster,382,0.17625716180444156,1,1.0,0.2617801047120419
FIVE_FIXED_720_DRUGS,drug_id,GYHCTFXIZSNGJT-UHFFFAOYSA-N,dtiam,drugclip,382,-0.023148656935291806,1,1.0,0.2617801047120419
FIVE_FIXED_720_DRUGS,drug_id,GYHCTFXIZSNGJT-UHFFFAOYSA-N,dtiam,conplex,382,0.04654037135805431,1,1.0,0.2617801047120419
FIVE_FIXED_720_DRUGS,drug_id,GYHCTFXIZSNGJT-UHFFFAOYSA-N,dtiam,probematch,382,0.15951735716028675,0,0.0,0.2617801047120419
FIVE_FIXED_720_DRUGS,drug_id,GYQYAJJFPNQOOW-UHFFFAOYSA-N,dtiam,biomaster,382,0.01882786708173173,2,2.0,0.2617801047120419
FIVE_FIXED_720_DRUGS,drug_id,GYQYAJJFPNQOOW-UHFFFAOYSA-N,dtiam,drugclip,382,0.03036425328383581,1,1.0,0.2617801047120419
FIVE_FIXED_720_DRUGS,drug_id,GYQYAJJFPNQOOW-UHFFFAOYSA-N,dtiam,conplex,382,0.18651732163870136,1,1.0,0.2617801047120419
FIVE_FIXED_720_DRUGS,drug_id,GYQYAJJFPNQOOW-UHFFFAOYSA-N,dtiam,probematch,382,0.2122124823299382,0,0.0,0.2617801047120419
FIVE_FIXED_720_DRUGS,drug_id,GZOSMCIZMLWJML-VJLLXTKPSA-N,dtiam,biomaster,382,0.055808713287898055,1,1.0,0.2617801047120419
FIVE_FIXED_720_DRUGS,drug_id,GZOSMCIZMLWJML-VJLLXTKPSA-N,dtiam,drugclip,382,0.0854041109610523,1,1.0,0.2617801047120419
FIVE_FIXED_720_DRUGS,drug_id,GZOSMCIZMLWJML-VJLLXTKPSA-N,dtiam,conplex,382,0.029237720583779464,1,1.0,0.2617801047120419
FIVE_FIXED_720_DRUGS,drug_id,GZOSMCIZMLWJML-VJLLXTKPSA-N,dtiam,probematch,382,0.1921438305714773,2,2.0,0.2617801047120419
FIVE_FIXED_720_DRUGS,drug_id,GZUITABIAKMVPG-UHFFFAOYSA-N,dtiam,biomaster,382,-0.06418615024426746,4,4.0,0.2617801047120419
FIVE_FIXED_720_DRUGS,drug_id,GZUITABIAKMVPG-UHFFFAOYSA-N,dtiam,drugclip,382,0.023043172055203898,4,4.0,0.2617801047120419
FIVE_FIXED_720_DRUGS,drug_id,GZUITABIAKMVPG-UHFFFAOYSA-N,dtiam,conplex,382,0.15419839691116444,1,1.0,0.2617801047120419
FIVE_FIXED_720_DRUGS,drug_id,GZUITABIAKMVPG-UHFFFAOYSA-N,dtiam,probematch,382,0.07538670703221412,1,1.0,0.2617801047120419
FIVE_FIXED_720_DRUGS,drug_id,HARRKNSQXBRBGZ-GVKWWOCJSA-N,dtiam,biomaster,382,0.18276837748431693,4,4.0,0.2617801047120419
FIVE_FIXED_720_DRUGS,drug_id,HARRKNSQXBRBGZ-GVKWWOCJSA-N,dtiam,drugclip,382,0.05300819735919678,1,1.0,0.2617801047120419
FIVE_FIXED_720_DRUGS,drug_id,HARRKNSQXBRBGZ-GVKWWOCJSA-N,dtiam,conplex,382,0.024842718892789387,0,0.0,0.2617801047120419
FIVE_FIXED_720_DRUGS,drug_id,HARRKNSQXBRBGZ-GVKWWOCJSA-N,dtiam,probematch,382,0.14481298015129762,3,3.0,0.2617801047120419
FIVE_FIXED_720_DRUGS,drug_id,HAYYBYPASCDWEQ-UHFFFAOYSA-N,dtiam,biomaster,382,-0.2694765183660478,3,3.0,0.2617801047120419
FIVE_FIXED_720_DRUGS,drug_id,HAYYBYPASCDWEQ-UHFFFAOYSA-N,dtiam,drugclip,382,-0.20193777877474148,2,2.0,0.2617801047120419
FIVE_FIXED_720_DRUGS,drug_id,HAYYBYPASCDWEQ-UHFFFAOYSA-N,dtiam,conplex,382,-0.07525860472270583,0,0.0,0.2617801047120419
FIVE_FIXED_720_DRUGS,drug_id,HAYYBYPASCDWEQ-UHFFFAOYSA-N,dtiam,probematch,382,0.006189379824184707,0,0.0,0.2617801047120419
FIVE_FIXED_720_DRUGS,drug_id,HBOMLICNUCNMMY-XLPZGREQSA-N,dtiam,biomaster,382,0.356991295667553,2,2.0,0.2617801047120419
FIVE_FIXED_720_DRUGS,drug_id,HBOMLICNUCNMMY-XLPZGREQSA-N,dtiam,drugclip,382,0.030597826946887608,0,0.0,0.2617801047120419
FIVE_FIXED_720_DRUGS,drug_id,HBOMLICNUCNMMY-XLPZGREQSA-N,dtiam,conplex,382,0.013011264838631824,1,1.0,0.2617801047120419
FIVE_FIXED_720_DRUGS,drug_id,HBOMLICNUCNMMY-XLPZGREQSA-N,dtiam,probematch,382,0.1684525723295292,0,0.0,0.2617801047120419
FIVE_FIXED_720_DRUGS,drug_id,HCDMJFOHIXMBOV-UHFFFAOYSA-N,dtiam,biomaster,382,-0.13650895206045877,0,0.0,0.2617801047120419
FIVE_FIXED_720_DRUGS,drug_id,HCDMJFOHIXMBOV-UHFFFAOYSA-N,dtiam,drugclip,382,-0.14773254330181237,0,0.0,0.2617801047120419
FIVE_FIXED_720_DRUGS,drug_id,HCDMJFOHIXMBOV-UHFFFAOYSA-N,dtiam,conplex,382,0.08325687790669062,0,0.0,0.2617801047120419
FIVE_FIXED_720_DRUGS,drug_id,HCDMJFOHIXMBOV-UHFFFAOYSA-N,dtiam,probematch,382,0.12477269620458975,1,1.0,0.2617801047120419
FIVE_FIXED_720_DRUGS,drug_id,HCFDWZZGGLSKEP-UHFFFAOYSA-N,dtiam,biomaster,382,0.2667864386485407,3,3.0,0.2617801047120419
FIVE_FIXED_720_DRUGS,drug_id,HCFDWZZGGLSKEP-UHFFFAOYSA-N,dtiam,drugclip,382,0.15605788364393428,3,3.0,0.2617801047120419
FIVE_FIXED_720_DRUGS,drug_id,HCFDWZZGGLSKEP-UHFFFAOYSA-N,dtiam,conplex,382,0.2547911718613824,3,3.0,0.2617801047120419
FIVE_FIXED_720_DRUGS,drug_id,HCFDWZZGGLSKEP-UHFFFAOYSA-N,dtiam,probematch,382,0.1499744199165787,2,2.0,0.2617801047120419
FIVE_FIXED_720_DRUGS,drug_id,HCRKCZRJWPKOAR-JTQLQIEISA-N,dtiam,biomaster,382,0.4001897220914724,4,4.0,0.2617801047120419
FIVE_FIXED_720_DRUGS,drug_id,HCRKCZRJWPKOAR-JTQLQIEISA-N,dtiam,drugclip,382,0.10886136498941762,0,0.0,0.2617801047120419
FIVE_FIXED_720_DRUGS,drug_id,HCRKCZRJWPKOAR-JTQLQIEISA-N,dtiam,conplex,382,0.3322544398390864,4,4.0,0.2617801047120419
FIVE_FIXED_720_DRUGS,drug_id,HCRKCZRJWPKOAR-JTQLQIEISA-N,dtiam,probematch,382,0.11250554468355667,3,3.0,0.2617801047120419
FIVE_FIXED_720_DRUGS,drug_id,HDACQVRGBOVJII-JBDAPHQKSA-N,dtiam,biomaster,382,0.42618227292146077,1,1.0,0.2617801047120419
FIVE_FIXED_720_DRUGS,drug_id,HDACQVRGBOVJII-JBDAPHQKSA-N,dtiam,drugclip,382,0.3008522424847674,0,0.0,0.2617801047120419
FIVE_FIXED_720_DRUGS,drug_id,HDACQVRGBOVJII-JBDAPHQKSA-N,dtiam,conplex,382,0.30742316902034844,0,0.0,0.2617801047120419
FIVE_FIXED_720_DRUGS,drug_id,HDACQVRGBOVJII-JBDAPHQKSA-N,dtiam,probematch,382,0.1093181791027779,1,1.0,0.2617801047120419
FIVE_FIXED_720_DRUGS,drug_id,HEAUOKZIVMZVQL-VWLOTQADSA-N,dtiam,biomaster,382,0.5371708804467736,0,0.0,0.2617801047120419
FIVE_FIXED_720_DRUGS,drug_id,HEAUOKZIVMZVQL-VWLOTQADSA-N,dtiam,drugclip,382,0.012083508289335555,0,0.0,0.2617801047120419
FIVE_FIXED_720_DRUGS,drug_id,HEAUOKZIVMZVQL-VWLOTQADSA-N,dtiam,conplex,382,0.3381292763927525,0,0.0,0.2617801047120419
FIVE_FIXED_720_DRUGS,drug_id,HEAUOKZIVMZVQL-VWLOTQADSA-N,dtiam,probematch,382,0.1075641162396018,1,1.0,0.2617801047120419
FIVE_FIXED_720_DRUGS,drug_id,HEFNNWSXXWATRW-UHFFFAOYSA-N,dtiam,biomaster,382,0.3071118013792902,1,1.0,0.2617801047120419
FIVE_FIXED_720_DRUGS,drug_id,HEFNNWSXXWATRW-UHFFFAOYSA-N,dtiam,drugclip,382,-0.048372244516965895,0,0.0,0.2617801047120419
FIVE_FIXED_720_DRUGS,drug_id,HEFNNWSXXWATRW-UHFFFAOYSA-N,dtiam,conplex,382,0.19395785584423483,0,0.0,0.2617801047120419
FIVE_FIXED_720_DRUGS,drug_id,HEFNNWSXXWATRW-UHFFFAOYSA-N,dtiam,probematch,382,0.030919878744053962,0,0.0,0.2617801047120419
FIVE_FIXED_720_DRUGS,drug_id,HEVHTYMYEMEBPX-HZPDHXFCSA-N,dtiam,biomaster,382,0.06261550190728503,3,3.0,0.2617801047120419
FIVE_FIXED_720_DRUGS,drug_id,HEVHTYMYEMEBPX-HZPDHXFCSA-N,dtiam,drugclip,382,-0.09135367347327589,0,0.0,0.2617801047120419
FIVE_FIXED_720_DRUGS,drug_id,HEVHTYMYEMEBPX-HZPDHXFCSA-N,dtiam,conplex,382,0.11055329015624603,0,0.0,0.2617801047120419
FIVE_FIXED_720_DRUGS,drug_id,HEVHTYMYEMEBPX-HZPDHXFCSA-N,dtiam,probematch,382,0.15885918559350987,0,0.0,0.2617801047120419
FIVE_FIXED_720_DRUGS,drug_id,HFNKQEVNSGCOJV-OAHLLOKOSA-N,dtiam,biomaster,382,-0.21812066630708524,2,2.0,0.2617801047120419
FIVE_FIXED_720_DRUGS,drug_id,HFNKQEVNSGCOJV-OAHLLOKOSA-N,dtiam,drugclip,382,0.008062596880596821,1,1.0,0.2617801047120419
FIVE_FIXED_720_DRUGS,drug_id,HFNKQEVNSGCOJV-OAHLLOKOSA-N,dtiam,conplex,382,0.11381826923717636,0,0.0,0.2617801047120419
FIVE_FIXED_720_DRUGS,drug_id,HFNKQEVNSGCOJV-OAHLLOKOSA-N,dtiam,probematch,382,-0.03302010423413079,0,0.0,0.2617801047120419
FIVE_FIXED_720_DRUGS,drug_id,HFZITXBUTWITPT-YWVKMMECSA-N,dtiam,biomaster,382,0.3320985861689302,2,2.0,0.2617801047120419
FIVE_FIXED_720_DRUGS,drug_id,HFZITXBUTWITPT-YWVKMMECSA-N,dtiam,drugclip,382,0.16259062685035822,0,0.0,0.2617801047120419
FIVE_FIXED_720_DRUGS,drug_id,HFZITXBUTWITPT-YWVKMMECSA-N,dtiam,conplex,382,0.0962909730577498,0,0.0,0.2617801047120419
FIVE_FIXED_720_DRUGS,drug_id,HFZITXBUTWITPT-YWVKMMECSA-N,dtiam,probematch,382,0.2618531906646742,1,1.0,0.2617801047120419
FIVE_FIXED_720_DRUGS,drug_id,HGVDHZBSSITLCT-JLJPHGGASA-N,dtiam,biomaster,382,-0.12423524807406675,1,1.0,0.2617801047120419
FIVE_FIXED_720_DRUGS,drug_id,HGVDHZBSSITLCT-JLJPHGGASA-N,dtiam,drugclip,382,-0.05892417693000465,0,0.0,0.2617801047120419
FIVE_FIXED_720_DRUGS,drug_id,HGVDHZBSSITLCT-JLJPHGGASA-N,dtiam,conplex,382,0.029441189291331445,0,0.0,0.2617801047120419
FIVE_FIXED_720_DRUGS,drug_id,HGVDHZBSSITLCT-JLJPHGGASA-N,dtiam,probematch,382,0.06432500279050563,1,1.0,0.2617801047120419
FIVE_FIXED_720_DRUGS,drug_id,HHZIURLSWUIHRB-UHFFFAOYSA-N,dtiam,biomaster,382,0.11530089400588628,4,4.0,0.2617801047120419
FIVE_FIXED_720_DRUGS,drug_id,HHZIURLSWUIHRB-UHFFFAOYSA-N,dtiam,drugclip,382,0.004408514524245431,1,1.0,0.2617801047120419
FIVE_FIXED_720_DRUGS,drug_id,HHZIURLSWUIHRB-UHFFFAOYSA-N,dtiam,conplex,382,0.188131278519848,3,3.0,0.2617801047120419
FIVE_FIXED_720_DRUGS,drug_id,HHZIURLSWUIHRB-UHFFFAOYSA-N,dtiam,probematch,382,-0.03680916748192227,0,0.0,0.2617801047120419
FIVE_FIXED_720_DRUGS,drug_id,HIFJCPQKFCZDDL-ACWOEMLNSA-N,dtiam,biomaster,382,0.2445166429845935,0,0.0,0.2617801047120419
FIVE_FIXED_720_DRUGS,drug_id,HIFJCPQKFCZDDL-ACWOEMLNSA-N,dtiam,drugclip,382,0.04792167338630468,0,0.0,0.2617801047120419
FIVE_FIXED_720_DRUGS,drug_id,HIFJCPQKFCZDDL-ACWOEMLNSA-N,dtiam,conplex,382,0.00962613256952958,1,1.0,0.2617801047120419
FIVE_FIXED_720_DRUGS,drug_id,HIFJCPQKFCZDDL-ACWOEMLNSA-N,dtiam,probematch,382,0.08618146994472053,0,0.0,0.2617801047120419
FIVE_FIXED_720_DRUGS,drug_id,HJBWBFZLDZWPHF-UHFFFAOYSA-N,dtiam,biomaster,382,0.40402958700193786,1,1.0,0.2617801047120419
FIVE_FIXED_720_DRUGS,drug_id,HJBWBFZLDZWPHF-UHFFFAOYSA-N,dtiam,drugclip,382,0.006580857228259917,0,0.0,0.2617801047120419
FIVE_FIXED_720_DRUGS,drug_id,HJBWBFZLDZWPHF-UHFFFAOYSA-N,dtiam,conplex,382,-0.21876252775402774,0,0.0,0.2617801047120419
FIVE_FIXED_720_DRUGS,drug_id,HJBWBFZLDZWPHF-UHFFFAOYSA-N,dtiam,probematch,382,0.09273401847556911,0,0.0,0.2617801047120419
FIVE_FIXED_720_DRUGS,drug_id,HKDLNTKNLJPAIY-WKWWZUSTSA-N,dtiam,biomaster,382,0.18618694870022717,5,5.0,0.2617801047120419
FIVE_FIXED_720_DRUGS,drug_id,HKDLNTKNLJPAIY-WKWWZUSTSA-N,dtiam,drugclip,382,0.02559375340067646,4,4.0,0.2617801047120419
FIVE_FIXED_720_DRUGS,drug_id,HKDLNTKNLJPAIY-WKWWZUSTSA-N,dtiam,conplex,382,0.03922076049564775,3,3.0,0.2617801047120419
FIVE_FIXED_720_DRUGS,drug_id,HKDLNTKNLJPAIY-WKWWZUSTSA-N,dtiam,probematch,382,0.2648750095662946,4,4.0,0.2617801047120419
FIVE_FIXED_720_DRUGS,drug_id,HKHCSWPSUSWGLI-CABCVRRESA-N,dtiam,biomaster,382,0.3052005875723096,5,5.0,0.2617801047120419
FIVE_FIXED_720_DRUGS,drug_id,HKHCSWPSUSWGLI-CABCVRRESA-N,dtiam,drugclip,382,0.08820893239506328,0,0.0,0.2617801047120419
FIVE_FIXED_720_DRUGS,drug_id,HKHCSWPSUSWGLI-CABCVRRESA-N,dtiam,conplex,382,0.10428045401513937,3,3.0,0.2617801047120419
FIVE_FIXED_720_DRUGS,drug_id,HKHCSWPSUSWGLI-CABCVRRESA-N,dtiam,probematch,382,0.0928829889592851,2,2.0,0.2617801047120419
FIVE_FIXED_720_DRUGS,drug_id,HKXBNHCUPKIYDM-CGMHZMFXSA-N,dtiam,biomaster,382,0.15605551561601394,0,0.0,0.2617801047120419
FIVE_FIXED_720_DRUGS,drug_id,HKXBNHCUPKIYDM-CGMHZMFXSA-N,dtiam,drugclip,382,0.09954963338084098,2,2.0,0.2617801047120419
FIVE_FIXED_720_DRUGS,drug_id,HKXBNHCUPKIYDM-CGMHZMFXSA-N,dtiam,conplex,382,-0.045577991934986656,0,0.0,0.2617801047120419
FIVE_FIXED_720_DRUGS,drug_id,HKXBNHCUPKIYDM-CGMHZMFXSA-N,dtiam,probematch,382,0.16462949888977163,1,1.0,0.2617801047120419
FIVE_FIXED_720_DRUGS,drug_id,HMABYWSNWIZPAG-UHFFFAOYSA-N,dtiam,biomaster,382,0.2062878460644076,5,5.0,0.2617801047120419
FIVE_FIXED_720_DRUGS,drug_id,HMABYWSNWIZPAG-UHFFFAOYSA-N,dtiam,drugclip,382,0.0036085516377012006,0,0.0,0.2617801047120419
FIVE_FIXED_720_DRUGS,drug_id,HMABYWSNWIZPAG-UHFFFAOYSA-N,dtiam,conplex,382,-0.0976026478599646,0,0.0,0.2617801047120419
FIVE_FIXED_720_DRUGS,drug_id,HMABYWSNWIZPAG-UHFFFAOYSA-N,dtiam,probematch,382,0.21755504225557717,1,1.0,0.2617801047120419
FIVE_FIXED_720_DRUGS,drug_id,HNPFPERDNWXAGS-NFVOFSAMSA-N,dtiam,biomaster,382,0.4139341866916616,1,1.0,0.2617801047120419
FIVE_FIXED_720_DRUGS,drug_id,HNPFPERDNWXAGS-NFVOFSAMSA-N,dtiam,drugclip,382,0.07925541882825457,1,1.0,0.2617801047120419
FIVE_FIXED_720_DRUGS,drug_id,HNPFPERDNWXAGS-NFVOFSAMSA-N,dtiam,conplex,382,0.10967831874080469,0,0.0,0.2617801047120419
FIVE_FIXED_720_DRUGS,drug_id,HNPFPERDNWXAGS-NFVOFSAMSA-N,dtiam,probematch,382,0.0951026922217064,1,1.0,0.2617801047120419
FIVE_FIXED_720_DRUGS,drug_id,HOIIHACBCFLJET-SFTDATJTSA-N,dtiam,biomaster,382,0.05792982047872698,4,4.0,0.2617801047120419
FIVE_FIXED_720_DRUGS,drug_id,HOIIHACBCFLJET-SFTDATJTSA-N,dtiam,drugclip,382,0.061662908857511564,2,2.0,0.2617801047120419
FIVE_FIXED_720_DRUGS,drug_id,HOIIHACBCFLJET-SFTDATJTSA-N,dtiam,conplex,382,-0.0023313849698522373,1,1.0,0.2617801047120419
FIVE_FIXED_720_DRUGS,drug_id,HOIIHACBCFLJET-SFTDATJTSA-N,dtiam,probematch,382,0.1999893331100214,1,1.0,0.2617801047120419
FIVE_FIXED_720_DRUGS,drug_id,HPHUVLMMVZITSG-LURJTMIESA-N,dtiam,biomaster,382,0.39409549460084253,4,4.0,0.2617801047120419
FIVE_FIXED_720_DRUGS,drug_id,HPHUVLMMVZITSG-LURJTMIESA-N,dtiam,drugclip,382,-0.03883146002591268,0,0.0,0.2617801047120419
FIVE_FIXED_720_DRUGS,drug_id,HPHUVLMMVZITSG-LURJTMIESA-N,dtiam,conplex,382,0.2346180130854616,0,0.0,0.2617801047120419
FIVE_FIXED_720_DRUGS,drug_id,HPHUVLMMVZITSG-LURJTMIESA-N,dtiam,probematch,382,0.10700138669562263,0,0.0,0.2617801047120419
FIVE_FIXED_720_DRUGS,drug_id,HPJKCIUCZWXJDR-UHFFFAOYSA-N,dtiam,biomaster,382,0.18514200256156038,1,1.0,0.2617801047120419
FIVE_FIXED_720_DRUGS,drug_id,HPJKCIUCZWXJDR-UHFFFAOYSA-N,dtiam,drugclip,382,0.09765112081452411,0,0.0,0.2617801047120419
FIVE_FIXED_720_DRUGS,drug_id,HPJKCIUCZWXJDR-UHFFFAOYSA-N,dtiam,conplex,382,0.22917518966204325,0,0.0,0.2617801047120419
FIVE_FIXED_720_DRUGS,drug_id,HPJKCIUCZWXJDR-UHFFFAOYSA-N,dtiam,probematch,382,0.09670348950479203,0,0.0,0.2617801047120419
FIVE_FIXED_720_DRUGS,drug_id,HPNSFSBZBAHARI-RUDMXATFSA-N,dtiam,biomaster,382,0.1778101575696542,2,2.0,0.2617801047120419
FIVE_FIXED_720_DRUGS,drug_id,HPNSFSBZBAHARI-RUDMXATFSA-N,dtiam,drugclip,382,0.15855077121825673,0,0.0,0.2617801047120419
FIVE_FIXED_720_DRUGS,drug_id,HPNSFSBZBAHARI-RUDMXATFSA-N,dtiam,conplex,382,0.09789230236215593,0,0.0,0.2617801047120419
FIVE_FIXED_720_DRUGS,drug_id,HPNSFSBZBAHARI-RUDMXATFSA-N,dtiam,probematch,382,0.17340368816043086,0,0.0,0.2617801047120419
FIVE_FIXED_720_DRUGS,drug_id,HSUGRBWQSSZJOP-RTWAWAEBSA-N,dtiam,biomaster,382,0.4574240958250484,1,1.0,0.2617801047120419
FIVE_FIXED_720_DRUGS,drug_id,HSUGRBWQSSZJOP-RTWAWAEBSA-N,dtiam,drugclip,382,0.06709344270464955,1,1.0,0.2617801047120419
FIVE_FIXED_720_DRUGS,drug_id,HSUGRBWQSSZJOP-RTWAWAEBSA-N,dtiam,conplex,382,0.3397907571026642,2,2.0,0.2617801047120419
FIVE_FIXED_720_DRUGS,drug_id,HSUGRBWQSSZJOP-RTWAWAEBSA-N,dtiam,probematch,382,0.22294261697869563,0,0.0,0.2617801047120419
FIVE_FIXED_720_DRUGS,drug_id,HTIQEAQVCYTUBX-KRWDZBQOSA-N,dtiam,biomaster,382,0.5258629013013497,1,1.0,0.2617801047120419
FIVE_FIXED_720_DRUGS,drug_id,HTIQEAQVCYTUBX-KRWDZBQOSA-N,dtiam,drugclip,382,0.1146458113730138,1,1.0,0.2617801047120419
FIVE_FIXED_720_DRUGS,drug_id,HTIQEAQVCYTUBX-KRWDZBQOSA-N,dtiam,conplex,382,0.3308647613065008,0,0.0,0.2617801047120419
FIVE_FIXED_720_DRUGS,drug_id,HTIQEAQVCYTUBX-KRWDZBQOSA-N,dtiam,probematch,382,0.21443192463299068,1,1.0,0.2617801047120419
FIVE_FIXED_720_DRUGS,drug_id,HTIQEAQVCYTUBX-UHFFFAOYSA-N,dtiam,biomaster,382,0.5416044745394482,1,1.0,0.2617801047120419
FIVE_FIXED_720_DRUGS,drug_id,HTIQEAQVCYTUBX-UHFFFAOYSA-N,dtiam,drugclip,382,0.11880213092374295,1,1.0,0.2617801047120419
FIVE_FIXED_720_DRUGS,drug_id,HTIQEAQVCYTUBX-UHFFFAOYSA-N,dtiam,conplex,382,0.3308647613065008,0,0.0,0.2617801047120419
FIVE_FIXED_720_DRUGS,drug_id,HTIQEAQVCYTUBX-UHFFFAOYSA-N,dtiam,probematch,382,0.2146898244010423,1,1.0,0.2617801047120419
FIVE_FIXED_720_DRUGS,drug_id,HUNGUWOZPQBXGX-UHFFFAOYSA-N,dtiam,biomaster,382,0.6944994263452362,0,0.0,0.2617801047120419
FIVE_FIXED_720_DRUGS,drug_id,HUNGUWOZPQBXGX-UHFFFAOYSA-N,dtiam,drugclip,382,0.07030556494095914,0,0.0,0.2617801047120419
FIVE_FIXED_720_DRUGS,drug_id,HUNGUWOZPQBXGX-UHFFFAOYSA-N,dtiam,conplex,382,0.39786807961184933,3,3.0,0.2617801047120419
FIVE_FIXED_720_DRUGS,drug_id,HUNGUWOZPQBXGX-UHFFFAOYSA-N,dtiam,probematch,382,0.08362722891973473,0,0.0,0.2617801047120419
FIVE_FIXED_720_DRUGS,drug_id,HVFLCNVBZFFHBT-ZKDACBOMSA-N,dtiam,biomaster,382,0.20265378430774633,0,0.0,0.2617801047120419
FIVE_FIXED_720_DRUGS,drug_id,HVFLCNVBZFFHBT-ZKDACBOMSA-N,dtiam,drugclip,382,0.12330590475296571,0,0.0,0.2617801047120419
FIVE_FIXED_720_DRUGS,drug_id,HVFLCNVBZFFHBT-ZKDACBOMSA-N,dtiam,conplex,382,0.11325094070068548,1,1.0,0.2617801047120419
FIVE_FIXED_720_DRUGS,drug_id,HVFLCNVBZFFHBT-ZKDACBOMSA-N,dtiam,probematch,382,0.12678411404078654,0,0.0,0.2617801047120419
FIVE_FIXED_720_DRUGS,drug_id,HWGQMRYQVZSGDQ-HZPDHXFCSA-N,dtiam,biomaster,382,0.1836929847495773,4,4.0,0.2617801047120419
FIVE_FIXED_720_DRUGS,drug_id,HWGQMRYQVZSGDQ-HZPDHXFCSA-N,dtiam,drugclip,382,-0.029912821052112654,0,0.0,0.2617801047120419
FIVE_FIXED_720_DRUGS,drug_id,HWGQMRYQVZSGDQ-HZPDHXFCSA-N,dtiam,conplex,382,0.16136745469262465,1,1.0,0.2617801047120419
FIVE_FIXED_720_DRUGS,drug_id,HWGQMRYQVZSGDQ-HZPDHXFCSA-N,dtiam,probematch,382,0.11946854122667808,0,0.0,0.2617801047120419
FIVE_FIXED_720_DRUGS,drug_id,HWXVIOGONBBTBY-ONEGZZNKSA-N,dtiam,biomaster,382,-0.22220702139653156,5,5.0,0.2617801047120419
FIVE_FIXED_720_DRUGS,drug_id,HWXVIOGONBBTBY-ONEGZZNKSA-N,dtiam,drugclip,382,-0.22311483719108405,2,2.0,0.2617801047120419
FIVE_FIXED_720_DRUGS,drug_id,HWXVIOGONBBTBY-ONEGZZNKSA-N,dtiam,conplex,382,0.2709033648601724,0,0.0,0.2617801047120419
FIVE_FIXED_720_DRUGS,drug_id,HWXVIOGONBBTBY-ONEGZZNKSA-N,dtiam,probematch,382,0.09656323245731199,0,0.0,0.2617801047120419
FIVE_FIXED_720_DRUGS,drug_id,HYAFETHFCAUJAY-UHFFFAOYSA-N,dtiam,biomaster,382,0.2749561349737165,1,1.0,0.2617801047120419
FIVE_FIXED_720_DRUGS,drug_id,HYAFETHFCAUJAY-UHFFFAOYSA-N,dtiam,drugclip,382,0.06513465306399671,0,0.0,0.2617801047120419
FIVE_FIXED_720_DRUGS,drug_id,HYAFETHFCAUJAY-UHFFFAOYSA-N,dtiam,conplex,382,-0.09588160439281046,0,0.0,0.2617801047120419
FIVE_FIXED_720_DRUGS,drug_id,HYAFETHFCAUJAY-UHFFFAOYSA-N,dtiam,probematch,382,0.1666164895902031,0,0.0,0.2617801047120419
FIVE_FIXED_720_DRUGS,drug_id,HYHMLYSLQUKXKP-UHFFFAOYSA-N,dtiam,biomaster,382,0.3670332409766565,0,0.0,0.2617801047120419
FIVE_FIXED_720_DRUGS,drug_id,HYHMLYSLQUKXKP-UHFFFAOYSA-N,dtiam,drugclip,382,0.19704694001817566,1,1.0,0.2617801047120419
FIVE_FIXED_720_DRUGS,drug_id,HYHMLYSLQUKXKP-UHFFFAOYSA-N,dtiam,conplex,382,0.15390672024715765,0,0.0,0.2617801047120419
FIVE_FIXED_720_DRUGS,drug_id,HYHMLYSLQUKXKP-UHFFFAOYSA-N,dtiam,probematch,382,0.13771707685036355,0,0.0,0.2617801047120419
FIVE_FIXED_720_DRUGS,drug_id,HZIYEEMJNBKMJH-UHFFFAOYSA-N,dtiam,biomaster,382,0.3655969244053371,0,0.0,0.2617801047120419
FIVE_FIXED_720_DRUGS,drug_id,HZIYEEMJNBKMJH-UHFFFAOYSA-N,dtiam,drugclip,382,0.06545003132793302,0,0.0,0.2617801047120419
FIVE_FIXED_720_DRUGS,drug_id,HZIYEEMJNBKMJH-UHFFFAOYSA-N,dtiam,conplex,382,0.42459354511490444,0,0.0,0.2617801047120419
FIVE_FIXED_720_DRUGS,drug_id,HZIYEEMJNBKMJH-UHFFFAOYSA-N,dtiam,probematch,382,0.018662320402573356,1,1.0,0.2617801047120419
FIVE_FIXED_720_DRUGS,drug_id,IAKHMKGGTNLKSZ-INIZCTEOSA-N,dtiam,biomaster,382,0.41775812123248107,1,1.0,0.2617801047120419
FIVE_FIXED_720_DRUGS,drug_id,IAKHMKGGTNLKSZ-INIZCTEOSA-N,dtiam,drugclip,382,0.003082419054746714,0,0.0,0.2617801047120419
FIVE_FIXED_720_DRUGS,drug_id,IAKHMKGGTNLKSZ-INIZCTEOSA-N,dtiam,conplex,382,-0.09972875485177028,1,1.0,0.2617801047120419
FIVE_FIXED_720_DRUGS,drug_id,IAKHMKGGTNLKSZ-INIZCTEOSA-N,dtiam,probematch,382,0.1304237661309793,0,0.0,0.2617801047120419
FIVE_FIXED_720_DRUGS,drug_id,IAVUPMFITXYVAF-XPUUQOCRSA-N,dtiam,biomaster,382,0.5315291615641944,5,5.0,0.2617801047120419
FIVE_FIXED_720_DRUGS,drug_id,IAVUPMFITXYVAF-XPUUQOCRSA-N,dtiam,drugclip,382,0.03230883475696661,0,0.0,0.2617801047120419
FIVE_FIXED_720_DRUGS,drug_id,IAVUPMFITXYVAF-XPUUQOCRSA-N,dtiam,conplex,382,0.33039038353955136,4,4.0,0.2617801047120419
FIVE_FIXED_720_DRUGS,drug_id,IAVUPMFITXYVAF-XPUUQOCRSA-N,dtiam,probematch,382,0.09805412138866991,3,3.0,0.2617801047120419
FIVE_FIXED_720_DRUGS,drug_id,IDUYJRXRDSPPRC-NRFANRHFSA-N,dtiam,biomaster,382,0.6579620471859702,1,1.0,0.2617801047120419
FIVE_FIXED_720_DRUGS,drug_id,IDUYJRXRDSPPRC-NRFANRHFSA-N,dtiam,drugclip,382,0.058678117301554686,0,0.0,0.2617801047120419
FIVE_FIXED_720_DRUGS,drug_id,IDUYJRXRDSPPRC-NRFANRHFSA-N,dtiam,conplex,382,0.2679325791928624,0,0.0,0.2617801047120419
FIVE_FIXED_720_DRUGS,drug_id,IDUYJRXRDSPPRC-NRFANRHFSA-N,dtiam,probematch,382,0.10012721691813867,0,0.0,0.2617801047120419
FIVE_FIXED_720_DRUGS,drug_id,IEAKXXNRGSLYTQ-DEOSSOPVSA-N,dtiam,biomaster,382,0.4421548365194252,2,2.0,0.2617801047120419
FIVE_FIXED_720_DRUGS,drug_id,IEAKXXNRGSLYTQ-DEOSSOPVSA-N,dtiam,drugclip,382,0.010032365559789423,1,1.0,0.2617801047120419
FIVE_FIXED_720_DRUGS,drug_id,IEAKXXNRGSLYTQ-DEOSSOPVSA-N,dtiam,conplex,382,0.286399116932429,0,0.0,0.2617801047120419
FIVE_FIXED_720_DRUGS,drug_id,IEAKXXNRGSLYTQ-DEOSSOPVSA-N,dtiam,probematch,382,0.05347244134703991,0,0.0,0.2617801047120419
FIVE_FIXED_720_DRUGS,drug_id,IFSDAJWBUCMOAH-HNNXBMFYSA-N,dtiam,biomaster,382,0.4241685880881092,7,7.0,0.2617801047120419
FIVE_FIXED_720_DRUGS,drug_id,IFSDAJWBUCMOAH-HNNXBMFYSA-N,dtiam,drugclip,382,-0.0945255392349397,0,0.0,0.2617801047120419
FIVE_FIXED_720_DRUGS,drug_id,IFSDAJWBUCMOAH-HNNXBMFYSA-N,dtiam,conplex,382,-0.15903534399717695,0,0.0,0.2617801047120419
FIVE_FIXED_720_DRUGS,drug_id,IFSDAJWBUCMOAH-HNNXBMFYSA-N,dtiam,probematch,382,-0.09510678245175064,1,1.0,0.2617801047120419
FIVE_FIXED_720_DRUGS,drug_id,IIXWYSCJSQVBQM-LLVKDONJSA-N,dtiam,biomaster,382,0.1012186625141503,2,2.0,0.2617801047120419
FIVE_FIXED_720_DRUGS,drug_id,IIXWYSCJSQVBQM-LLVKDONJSA-N,dtiam,drugclip,382,0.07924142593599802,0,0.0,0.2617801047120419
FIVE_FIXED_720_DRUGS,drug_id,IIXWYSCJSQVBQM-LLVKDONJSA-N,dtiam,conplex,382,-0.012417696173856069,0,0.0,0.2617801047120419
FIVE_FIXED_720_DRUGS,drug_id,IIXWYSCJSQVBQM-LLVKDONJSA-N,dtiam,probematch,382,0.20335021073565995,0,0.0,0.2617801047120419
FIVE_FIXED_720_DRUGS,drug_id,IKENVDNFQMCRTR-UHFFFAOYSA-N,dtiam,biomaster,382,0.23990286349470763,0,0.0,0.2617801047120419
FIVE_FIXED_720_DRUGS,drug_id,IKENVDNFQMCRTR-UHFFFAOYSA-N,dtiam,drugclip,382,0.08614982448069418,1,1.0,0.2617801047120419
FIVE_FIXED_720_DRUGS,drug_id,IKENVDNFQMCRTR-UHFFFAOYSA-N,dtiam,conplex,382,0.0559712203161651,0,0.0,0.2617801047120419
FIVE_FIXED_720_DRUGS,drug_id,IKENVDNFQMCRTR-UHFFFAOYSA-N,dtiam,probematch,382,0.17427576826091276,2,2.0,0.2617801047120419
FIVE_FIXED_720_DRUGS,drug_id,IKKXOSBHLYMWAE-QRPMWFLTSA-N,dtiam,biomaster,382,0.33891032611942334,3,3.0,0.2617801047120419
FIVE_FIXED_720_DRUGS,drug_id,IKKXOSBHLYMWAE-QRPMWFLTSA-N,dtiam,drugclip,382,0.13485649912259184,0,0.0,0.2617801047120419
FIVE_FIXED_720_DRUGS,drug_id,IKKXOSBHLYMWAE-QRPMWFLTSA-N,dtiam,conplex,382,0.0737758393207097,2,2.0,0.2617801047120419
FIVE_FIXED_720_DRUGS,drug_id,IKKXOSBHLYMWAE-QRPMWFLTSA-N,dtiam,probematch,382,0.07294763827426307,2,2.0,0.2617801047120419
FIVE_FIXED_720_DRUGS,drug_id,IMOZEMNVLZVGJZ-QGZVFWFLSA-N,dtiam,biomaster,382,0.3685836534386833,0,0.0,0.2617801047120419
FIVE_FIXED_720_DRUGS,drug_id,IMOZEMNVLZVGJZ-QGZVFWFLSA-N,dtiam,drugclip,382,0.037407414144725905,0,0.0,0.2617801047120419
FIVE_FIXED_720_DRUGS,drug_id,IMOZEMNVLZVGJZ-QGZVFWFLSA-N,dtiam,conplex,382,0.13889334614283824,0,0.0,0.2617801047120419
FIVE_FIXED_720_DRUGS,drug_id,IMOZEMNVLZVGJZ-QGZVFWFLSA-N,dtiam,probematch,382,0.1767895375359873,0,0.0,0.2617801047120419
FIVE_FIXED_720_DRUGS,drug_id,INJOMKTZOLKMBF-UHFFFAOYSA-N,dtiam,biomaster,382,0.3598789980787759,1,1.0,0.2617801047120419
FIVE_FIXED_720_DRUGS,drug_id,INJOMKTZOLKMBF-UHFFFAOYSA-N,dtiam,drugclip,382,-0.03455028082120195,0,0.0,0.2617801047120419
FIVE_FIXED_720_DRUGS,drug_id,INJOMKTZOLKMBF-UHFFFAOYSA-N,dtiam,conplex,382,0.16597249624285215,0,0.0,0.2617801047120419
FIVE_FIXED_720_DRUGS,drug_id,INJOMKTZOLKMBF-UHFFFAOYSA-N,dtiam,probematch,382,0.13838722875182002,0,0.0,0.2617801047120419
FIVE_FIXED_720_DRUGS,drug_id,IOOWNWLVCOUUEX-WPRPVWTQSA-N,dtiam,biomaster,382,0.4608370698840559,1,1.0,0.2617801047120419
FIVE_FIXED_720_DRUGS,drug_id,IOOWNWLVCOUUEX-WPRPVWTQSA-N,dtiam,drugclip,382,0.2527098043137073,1,1.0,0.2617801047120419
FIVE_FIXED_720_DRUGS,drug_id,IOOWNWLVCOUUEX-WPRPVWTQSA-N,dtiam,conplex,382,0.02302053435780363,2,2.0,0.2617801047120419
FIVE_FIXED_720_DRUGS,drug_id,IOOWNWLVCOUUEX-WPRPVWTQSA-N,dtiam,probematch,382,0.18761680701358202,2,2.0,0.2617801047120419
FIVE_FIXED_720_DRUGS,drug_id,IPOKCKJONYRRHP-FMQUCBEESA-N,dtiam,biomaster,382,0.4242630939296573,6,6.0,0.2617801047120419
FIVE_FIXED_720_DRUGS,drug_id,IPOKCKJONYRRHP-FMQUCBEESA-N,dtiam,drugclip,382,0.22500904425209123,0,0.0,0.2617801047120419
FIVE_FIXED_720_DRUGS,drug_id,IPOKCKJONYRRHP-FMQUCBEESA-N,dtiam,conplex,382,0.030546464653966775,1,1.0,0.2617801047120419
FIVE_FIXED_720_DRUGS,drug_id,IPOKCKJONYRRHP-FMQUCBEESA-N,dtiam,probematch,382,0.18294920870732478,1,1.0,0.2617801047120419
FIVE_FIXED_720_DRUGS,drug_id,IPVQLZZIHOAWMC-QXKUPLGCSA-N,dtiam,biomaster,382,0.4246277702293898,2,2.0,0.2617801047120419
FIVE_FIXED_720_DRUGS,drug_id,IPVQLZZIHOAWMC-QXKUPLGCSA-N,dtiam,drugclip,382,0.31477904523482286,1,1.0,0.2617801047120419
FIVE_FIXED_720_DRUGS,drug_id,IPVQLZZIHOAWMC-QXKUPLGCSA-N,dtiam,conplex,382,0.26551243536044633,0,0.0,0.2617801047120419
FIVE_FIXED_720_DRUGS,drug_id,IPVQLZZIHOAWMC-QXKUPLGCSA-N,dtiam,probematch,382,0.14020156868933206,1,1.0,0.2617801047120419
FIVE_FIXED_720_DRUGS,drug_id,IQFYYKKMVGJFEH-CSMHCCOUSA-N,dtiam,biomaster,382,0.289647380191511,4,4.0,0.2617801047120419
FIVE_FIXED_720_DRUGS,drug_id,IQFYYKKMVGJFEH-CSMHCCOUSA-N,dtiam,drugclip,382,0.001945765487090965,0,0.0,0.2617801047120419
FIVE_FIXED_720_DRUGS,drug_id,IQFYYKKMVGJFEH-CSMHCCOUSA-N,dtiam,conplex,382,0.013115813970192555,2,2.0,0.2617801047120419
FIVE_FIXED_720_DRUGS,drug_id,IQFYYKKMVGJFEH-CSMHCCOUSA-N,dtiam,probematch,382,0.12013382371603644,0,0.0,0.2617801047120419
FIVE_FIXED_720_DRUGS,drug_id,IQIBKLWBVJPOQO-UHFFFAOYSA-N,dtiam,biomaster,382,0.2905028840965505,0,0.0,0.2617801047120419
FIVE_FIXED_720_DRUGS,drug_id,IQIBKLWBVJPOQO-UHFFFAOYSA-N,dtiam,drugclip,382,0.11802326501321629,2,2.0,0.2617801047120419
FIVE_FIXED_720_DRUGS,drug_id,IQIBKLWBVJPOQO-UHFFFAOYSA-N,dtiam,conplex,382,0.03765480861816786,1,1.0,0.2617801047120419
FIVE_FIXED_720_DRUGS,drug_id,IQIBKLWBVJPOQO-UHFFFAOYSA-N,dtiam,probematch,382,0.12786414322435632,0,0.0,0.2617801047120419
FIVE_FIXED_720_DRUGS,drug_id,IQPSEEYGBUAQFF-UHFFFAOYSA-N,dtiam,biomaster,382,0.38207603070298896,1,1.0,0.2617801047120419
FIVE_FIXED_720_DRUGS,drug_id,IQPSEEYGBUAQFF-UHFFFAOYSA-N,dtiam,drugclip,382,0.11269304943979455,1,1.0,0.2617801047120419
FIVE_FIXED_720_DRUGS,drug_id,IQPSEEYGBUAQFF-UHFFFAOYSA-N,dtiam,conplex,382,0.10928458330512791,0,0.0,0.2617801047120419
FIVE_FIXED_720_DRUGS,drug_id,IQPSEEYGBUAQFF-UHFFFAOYSA-N,dtiam,probematch,382,0.07816806346228718,0,0.0,0.2617801047120419
FIVE_FIXED_720_DRUGS,drug_id,IQVRBWUUXZMOPW-PKNBQFBNSA-N,dtiam,biomaster,382,0.3373693857690779,0,0.0,0.2617801047120419
FIVE_FIXED_720_DRUGS,drug_id,IQVRBWUUXZMOPW-PKNBQFBNSA-N,dtiam,drugclip,382,0.12028430112661082,2,2.0,0.2617801047120419
FIVE_FIXED_720_DRUGS,drug_id,IQVRBWUUXZMOPW-PKNBQFBNSA-N,dtiam,conplex,382,0.05461395400254409,1,1.0,0.2617801047120419
FIVE_FIXED_720_DRUGS,drug_id,IQVRBWUUXZMOPW-PKNBQFBNSA-N,dtiam,probematch,382,0.0922834473449079,0,0.0,0.2617801047120419
FIVE_FIXED_720_DRUGS,drug_id,IRSCQMHQWWYFCW-UHFFFAOYSA-N,dtiam,biomaster,382,0.19859541500281308,3,3.0,0.2617801047120419
FIVE_FIXED_720_DRUGS,drug_id,IRSCQMHQWWYFCW-UHFFFAOYSA-N,dtiam,drugclip,382,0.021111722373267725,0,0.0,0.2617801047120419
FIVE_FIXED_720_DRUGS,drug_id,IRSCQMHQWWYFCW-UHFFFAOYSA-N,dtiam,conplex,382,-0.14735509980052022,1,1.0,0.2617801047120419
FIVE_FIXED_720_DRUGS,drug_id,IRSCQMHQWWYFCW-UHFFFAOYSA-N,dtiam,probematch,382,0.10728404311920513,2,2.0,0.2617801047120419
FIVE_FIXED_720_DRUGS,drug_id,IUBSYMUCCVWXPE-UHFFFAOYSA-N,dtiam,biomaster,382,0.3752076733576731,2,2.0,0.2617801047120419
FIVE_FIXED_720_DRUGS,drug_id,IUBSYMUCCVWXPE-UHFFFAOYSA-N,dtiam,drugclip,382,0.13657482629169734,0,0.0,0.2617801047120419
FIVE_FIXED_720_DRUGS,drug_id,IUBSYMUCCVWXPE-UHFFFAOYSA-N,dtiam,conplex,382,0.20613179244490998,0,0.0,0.2617801047120419
FIVE_FIXED_720_DRUGS,drug_id,IUBSYMUCCVWXPE-UHFFFAOYSA-N,dtiam,probematch,382,0.17913797540716897,0,0.0,0.2617801047120419
FIVE_FIXED_720_DRUGS,drug_id,IUEWXNHSKRWHDY-PHIMTYICSA-N,dtiam,biomaster,382,-0.0640249090704188,1,1.0,0.2617801047120419
FIVE_FIXED_720_DRUGS,drug_id,IUEWXNHSKRWHDY-PHIMTYICSA-N,dtiam,drugclip,382,0.02737860062681699,0,0.0,0.2617801047120419
FIVE_FIXED_720_DRUGS,drug_id,IUEWXNHSKRWHDY-PHIMTYICSA-N,dtiam,conplex,382,0.12413581019525596,1,1.0,0.2617801047120419
FIVE_FIXED_720_DRUGS,drug_id,IUEWXNHSKRWHDY-PHIMTYICSA-N,dtiam,probematch,382,0.030502029453746547,0,0.0,0.2617801047120419
FIVE_FIXED_720_DRUGS,drug_id,IVBHGBMCVLDMKU-GXNBUGAJSA-N,dtiam,biomaster,382,0.5971627150559538,0,0.0,0.2617801047120419
FIVE_FIXED_720_DRUGS,drug_id,IVBHGBMCVLDMKU-GXNBUGAJSA-N,dtiam,drugclip,382,0.23863747548418365,0,0.0,0.2617801047120419
FIVE_FIXED_720_DRUGS,drug_id,IVBHGBMCVLDMKU-GXNBUGAJSA-N,dtiam,conplex,382,0.1483320830109721,1,1.0,0.2617801047120419
FIVE_FIXED_720_DRUGS,drug_id,IVBHGBMCVLDMKU-GXNBUGAJSA-N,dtiam,probematch,382,0.1615448196106295,0,0.0,0.2617801047120419
FIVE_FIXED_720_DRUGS,drug_id,IYIKLHRQXLHMJQ-UHFFFAOYSA-N,dtiam,biomaster,382,0.25702951779093997,1,1.0,0.2617801047120419
FIVE_FIXED_720_DRUGS,drug_id,IYIKLHRQXLHMJQ-UHFFFAOYSA-N,dtiam,drugclip,382,0.04446951922897872,1,1.0,0.2617801047120419
FIVE_FIXED_720_DRUGS,drug_id,IYIKLHRQXLHMJQ-UHFFFAOYSA-N,dtiam,conplex,382,0.2556339508096716,0,0.0,0.2617801047120419
FIVE_FIXED_720_DRUGS,drug_id,IYIKLHRQXLHMJQ-UHFFFAOYSA-N,dtiam,probematch,382,0.08752220429816444,1,1.0,0.2617801047120419
FIVE_FIXED_720_DRUGS,drug_id,IYSYPCSSDZBWHN-UHFFFAOYSA-N,dtiam,biomaster,382,0.15045146990489464,0,0.0,0.2617801047120419
FIVE_FIXED_720_DRUGS,drug_id,IYSYPCSSDZBWHN-UHFFFAOYSA-N,dtiam,drugclip,382,0.09837552208288292,0,0.0,0.2617801047120419
FIVE_FIXED_720_DRUGS,drug_id,IYSYPCSSDZBWHN-UHFFFAOYSA-N,dtiam,conplex,382,0.18299339524928293,2,2.0,0.2617801047120419
FIVE_FIXED_720_DRUGS,drug_id,IYSYPCSSDZBWHN-UHFFFAOYSA-N,dtiam,probematch,382,0.16932314550315267,0,0.0,0.2617801047120419
FIVE_FIXED_720_DRUGS,drug_id,JAUOIFJMECXRGI-UHFFFAOYSA-N,dtiam,biomaster,382,0.43213248125948084,4,4.0,0.2617801047120419
FIVE_FIXED_720_DRUGS,drug_id,JAUOIFJMECXRGI-UHFFFAOYSA-N,dtiam,drugclip,382,0.10637794952677652,2,2.0,0.2617801047120419
FIVE_FIXED_720_DRUGS,drug_id,JAUOIFJMECXRGI-UHFFFAOYSA-N,dtiam,conplex,382,-0.14331221001326036,0,0.0,0.2617801047120419
FIVE_FIXED_720_DRUGS,drug_id,JAUOIFJMECXRGI-UHFFFAOYSA-N,dtiam,probematch,382,0.10057412836928664,1,1.0,0.2617801047120419
FIVE_FIXED_720_DRUGS,drug_id,JBIMVDZLSHOPLA-LSCVHKIXSA-N,dtiam,biomaster,382,0.19252508306665211,2,2.0,0.2617801047120419
FIVE_FIXED_720_DRUGS,drug_id,JBIMVDZLSHOPLA-LSCVHKIXSA-N,dtiam,drugclip,382,0.09807715056491996,3,3.0,0.2617801047120419
FIVE_FIXED_720_DRUGS,drug_id,JBIMVDZLSHOPLA-LSCVHKIXSA-N,dtiam,conplex,382,0.1754333240567177,3,3.0,0.2617801047120419
FIVE_FIXED_720_DRUGS,drug_id,JBIMVDZLSHOPLA-LSCVHKIXSA-N,dtiam,probematch,382,0.16797186266169997,1,1.0,0.2617801047120419
FIVE_FIXED_720_DRUGS,drug_id,JBKPUQTUERUYQE-UHFFFAOYSA-O,dtiam,biomaster,382,0.1543569937713331,2,2.0,0.2617801047120419
FIVE_FIXED_720_DRUGS,drug_id,JBKPUQTUERUYQE-UHFFFAOYSA-O,dtiam,drugclip,382,-0.04461483003318146,1,1.0,0.2617801047120419
FIVE_FIXED_720_DRUGS,drug_id,JBKPUQTUERUYQE-UHFFFAOYSA-O,dtiam,conplex,382,-0.06451286430908944,0,0.0,0.2617801047120419
FIVE_FIXED_720_DRUGS,drug_id,JBKPUQTUERUYQE-UHFFFAOYSA-O,dtiam,probematch,382,0.05505568040922967,0,0.0,0.2617801047120419
FIVE_FIXED_720_DRUGS,drug_id,JCCNYMKQOSZNPW-UHFFFAOYSA-N,dtiam,biomaster,382,0.3416165514818419,5,5.0,0.2617801047120419
FIVE_FIXED_720_DRUGS,drug_id,JCCNYMKQOSZNPW-UHFFFAOYSA-N,dtiam,drugclip,382,0.11813047209542808,2,2.0,0.2617801047120419
FIVE_FIXED_720_DRUGS,drug_id,JCCNYMKQOSZNPW-UHFFFAOYSA-N,dtiam,conplex,382,-0.012284596952432987,0,0.0,0.2617801047120419
FIVE_FIXED_720_DRUGS,drug_id,JCCNYMKQOSZNPW-UHFFFAOYSA-N,dtiam,probematch,382,0.20272654734748047,0,0.0,0.2617801047120419
FIVE_FIXED_720_DRUGS,drug_id,JDUBGYFRJFOXQC-KRWDZBQOSA-N,dtiam,biomaster,382,0.28310408849707835,2,2.0,0.2617801047120419
FIVE_FIXED_720_DRUGS,drug_id,JDUBGYFRJFOXQC-KRWDZBQOSA-N,dtiam,drugclip,382,-0.010049802856293751,0,0.0,0.2617801047120419
FIVE_FIXED_720_DRUGS,drug_id,JDUBGYFRJFOXQC-KRWDZBQOSA-N,dtiam,conplex,382,0.2676141711877363,0,0.0,0.2617801047120419
FIVE_FIXED_720_DRUGS,drug_id,JDUBGYFRJFOXQC-KRWDZBQOSA-N,dtiam,probematch,382,0.12017364964015126,0,0.0,0.2617801047120419
FIVE_FIXED_720_DRUGS,drug_id,JEECQCWWSTZDCK-IQZGDKDPSA-N,dtiam,biomaster,382,0.15367973778611563,0,0.0,0.2617801047120419
FIVE_FIXED_720_DRUGS,drug_id,JEECQCWWSTZDCK-IQZGDKDPSA-N,dtiam,drugclip,382,-0.043592487797390674,1,1.0,0.2617801047120419
FIVE_FIXED_720_DRUGS,drug_id,JEECQCWWSTZDCK-IQZGDKDPSA-N,dtiam,conplex,382,-0.10279189599278386,0,0.0,0.2617801047120419
FIVE_FIXED_720_DRUGS,drug_id,JEECQCWWSTZDCK-IQZGDKDPSA-N,dtiam,probematch,382,0.02563078074633997,0,0.0,0.2617801047120419
FIVE_FIXED_720_DRUGS,drug_id,JFOZKMSJYSPYLN-QHCPKHFHSA-N,dtiam,biomaster,382,0.5113016823439085,2,2.0,0.2617801047120419
FIVE_FIXED_720_DRUGS,drug_id,JFOZKMSJYSPYLN-QHCPKHFHSA-N,dtiam,drugclip,382,0.06611759992620364,0,0.0,0.2617801047120419
FIVE_FIXED_720_DRUGS,drug_id,JFOZKMSJYSPYLN-QHCPKHFHSA-N,dtiam,conplex,382,0.2453715803228985,0,0.0,0.2617801047120419
FIVE_FIXED_720_DRUGS,drug_id,JFOZKMSJYSPYLN-QHCPKHFHSA-N,dtiam,probematch,382,0.1575796729764032,1,1.0,0.2617801047120419
FIVE_FIXED_720_DRUGS,drug_id,JGCMEBMXRHSZKX-UHFFFAOYSA-N,dtiam,biomaster,382,0.28258828896097504,3,3.0,0.2617801047120419
FIVE_FIXED_720_DRUGS,drug_id,JGCMEBMXRHSZKX-UHFFFAOYSA-N,dtiam,drugclip,382,-0.034297547659521935,0,0.0,0.2617801047120419
FIVE_FIXED_720_DRUGS,drug_id,JGCMEBMXRHSZKX-UHFFFAOYSA-N,dtiam,conplex,382,0.11197521868699326,1,1.0,0.2617801047120419
FIVE_FIXED_720_DRUGS,drug_id,JGCMEBMXRHSZKX-UHFFFAOYSA-N,dtiam,probematch,382,-0.010840939456953073,0,0.0,0.2617801047120419
FIVE_FIXED_720_DRUGS,drug_id,JGRXMPYUTJLTKT-UHFFFAOYSA-N,dtiam,biomaster,382,0.28288084804676983,0,0.0,0.2617801047120419
FIVE_FIXED_720_DRUGS,drug_id,JGRXMPYUTJLTKT-UHFFFAOYSA-N,dtiam,drugclip,382,0.01854176625390146,1,1.0,0.2617801047120419
FIVE_FIXED_720_DRUGS,drug_id,JGRXMPYUTJLTKT-UHFFFAOYSA-N,dtiam,conplex,382,0.04625422898928979,1,1.0,0.2617801047120419
FIVE_FIXED_720_DRUGS,drug_id,JGRXMPYUTJLTKT-UHFFFAOYSA-N,dtiam,probematch,382,0.16058533775236047,1,1.0,0.2617801047120419
FIVE_FIXED_720_DRUGS,drug_id,JGWRKYUXBBNENE-UHFFFAOYSA-N,dtiam,biomaster,382,-0.24118332077381555,5,5.0,0.2617801047120419
FIVE_FIXED_720_DRUGS,drug_id,JGWRKYUXBBNENE-UHFFFAOYSA-N,dtiam,drugclip,382,0.09099976093681768,0,0.0,0.2617801047120419
FIVE_FIXED_720_DRUGS,drug_id,JGWRKYUXBBNENE-UHFFFAOYSA-N,dtiam,conplex,382,0.3367046455669515,5,5.0,0.2617801047120419
FIVE_FIXED_720_DRUGS,drug_id,JGWRKYUXBBNENE-UHFFFAOYSA-N,dtiam,probematch,382,-0.15890383120566934,0,0.0,0.2617801047120419
FIVE_FIXED_720_DRUGS,drug_id,JIVPVXMEBJLZRO-UHFFFAOYSA-N,dtiam,biomaster,382,0.4602088966593692,5,5.0,0.2617801047120419
FIVE_FIXED_720_DRUGS,drug_id,JIVPVXMEBJLZRO-UHFFFAOYSA-N,dtiam,drugclip,382,0.03583827273460187,0,0.0,0.2617801047120419
FIVE_FIXED_720_DRUGS,drug_id,JIVPVXMEBJLZRO-UHFFFAOYSA-N,dtiam,conplex,382,0.250645074385875,1,1.0,0.2617801047120419
FIVE_FIXED_720_DRUGS,drug_id,JIVPVXMEBJLZRO-UHFFFAOYSA-N,dtiam,probematch,382,0.2557548729440002,2,2.0,0.2617801047120419
FIVE_FIXED_720_DRUGS,drug_id,JJVAPHYEOZSKJZ-JGCGQSQUSA-N,dtiam,biomaster,382,-0.038389069355339915,0,0.0,0.2617801047120419
FIVE_FIXED_720_DRUGS,drug_id,JJVAPHYEOZSKJZ-JGCGQSQUSA-N,dtiam,drugclip,382,0.03189765899988924,0,0.0,0.2617801047120419
FIVE_FIXED_720_DRUGS,drug_id,JJVAPHYEOZSKJZ-JGCGQSQUSA-N,dtiam,conplex,382,0.0002934769940493085,2,2.0,0.2617801047120419
FIVE_FIXED_720_DRUGS,drug_id,JJVAPHYEOZSKJZ-JGCGQSQUSA-N,dtiam,probematch,382,0.1550218881149751,1,1.0,0.2617801047120419
FIVE_FIXED_720_DRUGS,drug_id,JKVNJTYHRABHIY-WXVUKLJWSA-N,dtiam,biomaster,382,0.32932885460319333,0,0.0,0.2617801047120419
FIVE_FIXED_720_DRUGS,drug_id,JKVNJTYHRABHIY-WXVUKLJWSA-N,dtiam,drugclip,382,0.07499469077376497,1,1.0,0.2617801047120419
FIVE_FIXED_720_DRUGS,drug_id,JKVNJTYHRABHIY-WXVUKLJWSA-N,dtiam,conplex,382,0.24844150689160285,1,1.0,0.2617801047120419
FIVE_FIXED_720_DRUGS,drug_id,JKVNJTYHRABHIY-WXVUKLJWSA-N,dtiam,probematch,382,0.14561961657107192,0,0.0,0.2617801047120419
FIVE_FIXED_720_DRUGS,drug_id,JOLJIIDDOBNFHW-UHFFFAOYSA-N,dtiam,biomaster,382,0.34619072032287845,0,0.0,0.2617801047120419
FIVE_FIXED_720_DRUGS,drug_id,JOLJIIDDOBNFHW-UHFFFAOYSA-N,dtiam,drugclip,382,0.19927202516223413,0,0.0,0.2617801047120419
FIVE_FIXED_720_DRUGS,drug_id,JOLJIIDDOBNFHW-UHFFFAOYSA-N,dtiam,conplex,382,0.12126465139235698,4,4.0,0.2617801047120419
FIVE_FIXED_720_DRUGS,drug_id,JOLJIIDDOBNFHW-UHFFFAOYSA-N,dtiam,probematch,382,0.12073573335833397,0,0.0,0.2617801047120419
FIVE_FIXED_720_DRUGS,drug_id,JOOXLOJCABQBSG-UHFFFAOYSA-N,dtiam,biomaster,382,-0.016818918304220762,3,3.0,0.2617801047120419
FIVE_FIXED_720_DRUGS,drug_id,JOOXLOJCABQBSG-UHFFFAOYSA-N,dtiam,drugclip,382,-0.012737083995349622,1,1.0,0.2617801047120419
FIVE_FIXED_720_DRUGS,drug_id,JOOXLOJCABQBSG-UHFFFAOYSA-N,dtiam,conplex,382,0.24153855740900135,4,4.0,0.2617801047120419
FIVE_FIXED_720_DRUGS,drug_id,JOOXLOJCABQBSG-UHFFFAOYSA-N,dtiam,probematch,382,0.14138063892733516,0,0.0,0.2617801047120419
FIVE_FIXED_720_DRUGS,drug_id,JQSHBVHOMNKWFT-DTORHVGOSA-N,dtiam,biomaster,382,0.36695423495422336,3,3.0,0.2617801047120419
FIVE_FIXED_720_DRUGS,drug_id,JQSHBVHOMNKWFT-DTORHVGOSA-N,dtiam,drugclip,382,0.02874710548950851,1,1.0,0.2617801047120419
FIVE_FIXED_720_DRUGS,drug_id,JQSHBVHOMNKWFT-DTORHVGOSA-N,dtiam,conplex,382,0.28457323486511543,0,0.0,0.2617801047120419
FIVE_FIXED_720_DRUGS,drug_id,JQSHBVHOMNKWFT-DTORHVGOSA-N,dtiam,probematch,382,0.13284711979454988,1,1.0,0.2617801047120419
FIVE_FIXED_720_DRUGS,drug_id,JURKNVYFZMSNLP-UHFFFAOYSA-N,dtiam,biomaster,382,0.11422839263323736,2,2.0,0.2617801047120419
FIVE_FIXED_720_DRUGS,drug_id,JURKNVYFZMSNLP-UHFFFAOYSA-N,dtiam,drugclip,382,0.14738917925336295,3,3.0,0.2617801047120419
FIVE_FIXED_720_DRUGS,drug_id,JURKNVYFZMSNLP-UHFFFAOYSA-N,dtiam,conplex,382,0.23000197354842017,1,1.0,0.2617801047120419
FIVE_FIXED_720_DRUGS,drug_id,JURKNVYFZMSNLP-UHFFFAOYSA-N,dtiam,probematch,382,0.13517144683599716,1,1.0,0.2617801047120419
FIVE_FIXED_720_DRUGS,drug_id,JUZYLCPPVHEVSV-LJQANCHMSA-N,dtiam,biomaster,382,0.5752270266040402,0,0.0,0.2617801047120419
FIVE_FIXED_720_DRUGS,drug_id,JUZYLCPPVHEVSV-LJQANCHMSA-N,dtiam,drugclip,382,0.12862772459103353,1,1.0,0.2617801047120419
FIVE_FIXED_720_DRUGS,drug_id,JUZYLCPPVHEVSV-LJQANCHMSA-N,dtiam,conplex,382,0.17666213917713994,0,0.0,0.2617801047120419
FIVE_FIXED_720_DRUGS,drug_id,JUZYLCPPVHEVSV-LJQANCHMSA-N,dtiam,probematch,382,0.08821690707534578,0,0.0,0.2617801047120419
FIVE_FIXED_720_DRUGS,drug_id,JVHXJTBJCFBINQ-ADAARDCZSA-N,dtiam,biomaster,382,0.4819234974136292,0,0.0,0.2617801047120419
FIVE_FIXED_720_DRUGS,drug_id,JVHXJTBJCFBINQ-ADAARDCZSA-N,dtiam,drugclip,382,0.061547951865742294,0,0.0,0.2617801047120419
FIVE_FIXED_720_DRUGS,drug_id,JVHXJTBJCFBINQ-ADAARDCZSA-N,dtiam,conplex,382,0.31819370637462663,0,0.0,0.2617801047120419
FIVE_FIXED_720_DRUGS,drug_id,JVHXJTBJCFBINQ-ADAARDCZSA-N,dtiam,probematch,382,0.1222900207751395,0,0.0,0.2617801047120419
FIVE_FIXED_720_DRUGS,drug_id,JVLBPIPGETUEET-WIXLDOGYSA-O,dtiam,biomaster,382,-0.056504913496478265,0,0.0,0.2617801047120419
FIVE_FIXED_720_DRUGS,drug_id,JVLBPIPGETUEET-WIXLDOGYSA-O,dtiam,drugclip,382,0.036813039136720356,1,1.0,0.2617801047120419
FIVE_FIXED_720_DRUGS,drug_id,JVLBPIPGETUEET-WIXLDOGYSA-O,dtiam,conplex,382,-0.04691827783887662,1,1.0,0.2617801047120419
FIVE_FIXED_720_DRUGS,drug_id,JVLBPIPGETUEET-WIXLDOGYSA-O,dtiam,probematch,382,0.11495580775531297,1,1.0,0.2617801047120419
FIVE_FIXED_720_DRUGS,drug_id,JWHYSEDOYMYMNM-QGZVFWFLSA-N,dtiam,biomaster,382,0.47175949102899534,1,1.0,0.2617801047120419
FIVE_FIXED_720_DRUGS,drug_id,JWHYSEDOYMYMNM-QGZVFWFLSA-N,dtiam,drugclip,382,0.2068733947865282,0,0.0,0.2617801047120419
FIVE_FIXED_720_DRUGS,drug_id,JWHYSEDOYMYMNM-QGZVFWFLSA-N,dtiam,conplex,382,0.25682895272063283,0,0.0,0.2617801047120419
FIVE_FIXED_720_DRUGS,drug_id,JWHYSEDOYMYMNM-QGZVFWFLSA-N,dtiam,probematch,382,0.15898218285028973,0,0.0,0.2617801047120419
FIVE_FIXED_720_DRUGS,drug_id,JWJOTENAMICLJG-QWBYCMEYSA-N,dtiam,biomaster,382,-0.1046927747485558,5,5.0,0.2617801047120419
FIVE_FIXED_720_DRUGS,drug_id,JWJOTENAMICLJG-QWBYCMEYSA-N,dtiam,drugclip,382,0.05634238067103669,2,2.0,0.2617801047120419
FIVE_FIXED_720_DRUGS,drug_id,JWJOTENAMICLJG-QWBYCMEYSA-N,dtiam,conplex,382,0.04736931158108819,2,2.0,0.2617801047120419
FIVE_FIXED_720_DRUGS,drug_id,JWJOTENAMICLJG-QWBYCMEYSA-N,dtiam,probematch,382,0.12406561116486416,1,1.0,0.2617801047120419
FIVE_FIXED_720_DRUGS,drug_id,JWNPDZNEKVCWMY-VQHVLOKHSA-N,dtiam,biomaster,382,-0.2689620104815374,3,3.0,0.2617801047120419
FIVE_FIXED_720_DRUGS,drug_id,JWNPDZNEKVCWMY-VQHVLOKHSA-N,dtiam,drugclip,382,-0.2005785307484658,0,0.0,0.2617801047120419
FIVE_FIXED_720_DRUGS,drug_id,JWNPDZNEKVCWMY-VQHVLOKHSA-N,dtiam,conplex,382,0.347826553322577,3,3.0,0.2617801047120419
FIVE_FIXED_720_DRUGS,drug_id,JWNPDZNEKVCWMY-VQHVLOKHSA-N,dtiam,probematch,382,-0.055898913624136494,0,0.0,0.2617801047120419
FIVE_FIXED_720_DRUGS,drug_id,JWUBBDSIWDLEOM-DTOXIADCSA-N,dtiam,biomaster,382,0.08423818012318265,0,0.0,0.2617801047120419
FIVE_FIXED_720_DRUGS,drug_id,JWUBBDSIWDLEOM-DTOXIADCSA-N,dtiam,drugclip,382,0.1315886205925215,3,3.0,0.2617801047120419
FIVE_FIXED_720_DRUGS,drug_id,JWUBBDSIWDLEOM-DTOXIADCSA-N,dtiam,conplex,382,0.010681782405966731,0,0.0,0.2617801047120419
FIVE_FIXED_720_DRUGS,drug_id,JWUBBDSIWDLEOM-DTOXIADCSA-N,dtiam,probematch,382,0.16333978477424782,2,2.0,0.2617801047120419
FIVE_FIXED_720_DRUGS,drug_id,JYGXADMDTFJGBT-VWUMJDOOSA-N,dtiam,biomaster,382,0.14320982524922685,3,3.0,0.2617801047120419
FIVE_FIXED_720_DRUGS,drug_id,JYGXADMDTFJGBT-VWUMJDOOSA-N,dtiam,drugclip,382,0.1359102715471435,2,2.0,0.2617801047120419
FIVE_FIXED_720_DRUGS,drug_id,JYGXADMDTFJGBT-VWUMJDOOSA-N,dtiam,conplex,382,-0.004068565948604181,3,3.0,0.2617801047120419
FIVE_FIXED_720_DRUGS,drug_id,JYGXADMDTFJGBT-VWUMJDOOSA-N,dtiam,probematch,382,0.16666827226144174,4,4.0,0.2617801047120419
FIVE_FIXED_720_DRUGS,drug_id,JYTNQNCOQXFQPK-MRXNPFEDSA-N,dtiam,biomaster,382,0.22014102467366695,1,1.0,0.2617801047120419
FIVE_FIXED_720_DRUGS,drug_id,JYTNQNCOQXFQPK-MRXNPFEDSA-N,dtiam,drugclip,382,0.004257606563140074,0,0.0,0.2617801047120419
FIVE_FIXED_720_DRUGS,drug_id,JYTNQNCOQXFQPK-MRXNPFEDSA-N,dtiam,conplex,382,0.13382518639964813,0,0.0,0.2617801047120419
FIVE_FIXED_720_DRUGS,drug_id,JYTNQNCOQXFQPK-MRXNPFEDSA-N,dtiam,probematch,382,0.14161079106250427,1,1.0,0.2617801047120419
FIVE_FIXED_720_DRUGS,drug_id,JZUFKLXOESDKRF-UHFFFAOYSA-N,dtiam,biomaster,382,0.1691634112561624,3,3.0,0.2617801047120419
FIVE_FIXED_720_DRUGS,drug_id,JZUFKLXOESDKRF-UHFFFAOYSA-N,dtiam,drugclip,382,-0.06636043042567132,0,0.0,0.2617801047120419
FIVE_FIXED_720_DRUGS,drug_id,JZUFKLXOESDKRF-UHFFFAOYSA-N,dtiam,conplex,382,0.2055884770810305,3,3.0,0.2617801047120419
FIVE_FIXED_720_DRUGS,drug_id,JZUFKLXOESDKRF-UHFFFAOYSA-N,dtiam,probematch,382,0.051375337235448966,3,3.0,0.2617801047120419
FIVE_FIXED_720_DRUGS,drug_id,KAQKFAOMNZTLHT-OZUDYXHBSA-N,dtiam,biomaster,382,0.08264040710274906,0,0.0,0.2617801047120419
FIVE_FIXED_720_DRUGS,drug_id,KAQKFAOMNZTLHT-OZUDYXHBSA-N,dtiam,drugclip,382,-0.0007262311081154362,1,1.0,0.2617801047120419
FIVE_FIXED_720_DRUGS,drug_id,KAQKFAOMNZTLHT-OZUDYXHBSA-N,dtiam,conplex,382,0.030657034718838266,2,2.0,0.2617801047120419
FIVE_FIXED_720_DRUGS,drug_id,KAQKFAOMNZTLHT-OZUDYXHBSA-N,dtiam,probematch,382,0.04418320312588297,0,0.0,0.2617801047120419
FIVE_FIXED_720_DRUGS,drug_id,KBOPZPXVLCULAV-UHFFFAOYSA-N,dtiam,biomaster,382,0.23097130800497845,1,1.0,0.2617801047120419
FIVE_FIXED_720_DRUGS,drug_id,KBOPZPXVLCULAV-UHFFFAOYSA-N,dtiam,drugclip,382,0.08429738082119118,0,0.0,0.2617801047120419
FIVE_FIXED_720_DRUGS,drug_id,KBOPZPXVLCULAV-UHFFFAOYSA-N,dtiam,conplex,382,-0.20143452009692706,0,0.0,0.2617801047120419
FIVE_FIXED_720_DRUGS,drug_id,KBOPZPXVLCULAV-UHFFFAOYSA-N,dtiam,probematch,382,0.0012332043583338597,0,0.0,0.2617801047120419
FIVE_FIXED_720_DRUGS,drug_id,KDGFLJKFZUIJMX-UHFFFAOYSA-N,dtiam,biomaster,382,-0.2652459288487262,1,1.0,0.2617801047120419
FIVE_FIXED_720_DRUGS,drug_id,KDGFLJKFZUIJMX-UHFFFAOYSA-N,dtiam,drugclip,382,-0.17975043353747527,0,0.0,0.2617801047120419
FIVE_FIXED_720_DRUGS,drug_id,KDGFLJKFZUIJMX-UHFFFAOYSA-N,dtiam,conplex,382,0.3933921873388978,0,0.0,0.2617801047120419
FIVE_FIXED_720_DRUGS,drug_id,KDGFLJKFZUIJMX-UHFFFAOYSA-N,dtiam,probematch,382,-0.0770850218988792,0,0.0,0.2617801047120419
FIVE_FIXED_720_DRUGS,drug_id,KDLRVYVGXIQJDK-AWPVFWJPSA-N,dtiam,biomaster,382,0.424878350638415,0,0.0,0.2617801047120419
FIVE_FIXED_720_DRUGS,drug_id,KDLRVYVGXIQJDK-AWPVFWJPSA-N,dtiam,drugclip,382,0.158338079255957,1,1.0,0.2617801047120419
FIVE_FIXED_720_DRUGS,drug_id,KDLRVYVGXIQJDK-AWPVFWJPSA-N,dtiam,conplex,382,0.29728901769759336,0,0.0,0.2617801047120419
FIVE_FIXED_720_DRUGS,drug_id,KDLRVYVGXIQJDK-AWPVFWJPSA-N,dtiam,probematch,382,0.08476926420313546,1,1.0,0.2617801047120419
FIVE_FIXED_720_DRUGS,drug_id,KEDYTOTWMPBSLG-HILJTLORSA-N,dtiam,biomaster,382,0.45182327924291127,2,2.0,0.2617801047120419
FIVE_FIXED_720_DRUGS,drug_id,KEDYTOTWMPBSLG-HILJTLORSA-N,dtiam,drugclip,382,0.3378150055686329,1,1.0,0.2617801047120419
FIVE_FIXED_720_DRUGS,drug_id,KEDYTOTWMPBSLG-HILJTLORSA-N,dtiam,conplex,382,0.36613233829693054,0,0.0,0.2617801047120419
FIVE_FIXED_720_DRUGS,drug_id,KEDYTOTWMPBSLG-HILJTLORSA-N,dtiam,probematch,382,0.10590649669536323,0,0.0,0.2617801047120419
FIVE_FIXED_720_DRUGS,drug_id,KEIPNCCJPRMIAX-HNNXBMFYSA-N,dtiam,biomaster,382,0.08995890502819513,2,2.0,0.2617801047120419
FIVE_FIXED_720_DRUGS,drug_id,KEIPNCCJPRMIAX-HNNXBMFYSA-N,dtiam,drugclip,382,-0.09664836862789251,1,1.0,0.2617801047120419
FIVE_FIXED_720_DRUGS,drug_id,KEIPNCCJPRMIAX-HNNXBMFYSA-N,dtiam,conplex,382,0.09997022560057095,1,1.0,0.2617801047120419
FIVE_FIXED_720_DRUGS,drug_id,KEIPNCCJPRMIAX-HNNXBMFYSA-N,dtiam,probematch,382,0.1677618796977114,0,0.0,0.2617801047120419
FIVE_FIXED_720_DRUGS,drug_id,KENSGCYKTRNIST-RVUAFKSESA-N,dtiam,biomaster,382,0.0423914670912469,5,5.0,0.2617801047120419
FIVE_FIXED_720_DRUGS,drug_id,KENSGCYKTRNIST-RVUAFKSESA-N,dtiam,drugclip,382,0.16013562772276121,2,2.0,0.2617801047120419
FIVE_FIXED_720_DRUGS,drug_id,KENSGCYKTRNIST-RVUAFKSESA-N,dtiam,conplex,382,0.03937310079095,0,0.0,0.2617801047120419
FIVE_FIXED_720_DRUGS,drug_id,KENSGCYKTRNIST-RVUAFKSESA-N,dtiam,probematch,382,0.15228949012161005,5,5.0,0.2617801047120419
FIVE_FIXED_720_DRUGS,drug_id,KFQYTPMOWPVWEJ-INIZCTEOSA-N,dtiam,biomaster,382,0.2403997188074482,1,1.0,0.2617801047120419
FIVE_FIXED_720_DRUGS,drug_id,KFQYTPMOWPVWEJ-INIZCTEOSA-N,dtiam,drugclip,382,0.19568381703712132,1,1.0,0.2617801047120419
FIVE_FIXED_720_DRUGS,drug_id,KFQYTPMOWPVWEJ-INIZCTEOSA-N,dtiam,conplex,382,0.15078202793482856,3,3.0,0.2617801047120419
FIVE_FIXED_720_DRUGS,drug_id,KFQYTPMOWPVWEJ-INIZCTEOSA-N,dtiam,probematch,382,0.1583473360923729,0,0.0,0.2617801047120419
FIVE_FIXED_720_DRUGS,drug_id,KGFYHTZWPPHNLQ-AWEZNQCLSA-N,dtiam,biomaster,382,0.18361053432289634,1,1.0,0.2617801047120419
FIVE_FIXED_720_DRUGS,drug_id,KGFYHTZWPPHNLQ-AWEZNQCLSA-N,dtiam,drugclip,382,0.14330992824767766,1,1.0,0.2617801047120419
FIVE_FIXED_720_DRUGS,drug_id,KGFYHTZWPPHNLQ-AWEZNQCLSA-N,dtiam,conplex,382,-0.002028822945309763,0,0.0,0.2617801047120419
FIVE_FIXED_720_DRUGS,drug_id,KGFYHTZWPPHNLQ-AWEZNQCLSA-N,dtiam,probematch,382,0.10826570415655135,2,2.0,0.2617801047120419
FIVE_FIXED_720_DRUGS,drug_id,KGSXMPPBFPAXLY-UHFFFAOYSA-N,dtiam,biomaster,382,0.4967275468705381,0,0.0,0.2617801047120419
FIVE_FIXED_720_DRUGS,drug_id,KGSXMPPBFPAXLY-UHFFFAOYSA-N,dtiam,drugclip,382,0.052492613098358946,0,0.0,0.2617801047120419
FIVE_FIXED_720_DRUGS,drug_id,KGSXMPPBFPAXLY-UHFFFAOYSA-N,dtiam,conplex,382,0.03726253684157857,0,0.0,0.2617801047120419
FIVE_FIXED_720_DRUGS,drug_id,KGSXMPPBFPAXLY-UHFFFAOYSA-N,dtiam,probematch,382,0.09698979519895255,0,0.0,0.2617801047120419
FIVE_FIXED_720_DRUGS,drug_id,KIHYPELVXPAIDH-HNSNBQBZSA-N,dtiam,biomaster,382,0.46287335862028367,1,1.0,0.2617801047120419
FIVE_FIXED_720_DRUGS,drug_id,KIHYPELVXPAIDH-HNSNBQBZSA-N,dtiam,drugclip,382,0.20104051146819776,0,0.0,0.2617801047120419
FIVE_FIXED_720_DRUGS,drug_id,KIHYPELVXPAIDH-HNSNBQBZSA-N,dtiam,conplex,382,0.3893732336842946,2,2.0,0.2617801047120419
FIVE_FIXED_720_DRUGS,drug_id,KIHYPELVXPAIDH-HNSNBQBZSA-N,dtiam,probematch,382,0.09360459668688133,0,0.0,0.2617801047120419
FIVE_FIXED_720_DRUGS,drug_id,KIQXRQVVYTYYAZ-VKVYFNERSA-N,dtiam,biomaster,382,0.4745320211731835,1,1.0,0.2617801047120419
FIVE_FIXED_720_DRUGS,drug_id,KIQXRQVVYTYYAZ-VKVYFNERSA-N,dtiam,drugclip,382,0.08225011304642378,0,0.0,0.2617801047120419
FIVE_FIXED_720_DRUGS,drug_id,KIQXRQVVYTYYAZ-VKVYFNERSA-N,dtiam,conplex,382,0.13113968396648326,0,0.0,0.2617801047120419
FIVE_FIXED_720_DRUGS,drug_id,KIQXRQVVYTYYAZ-VKVYFNERSA-N,dtiam,probematch,382,0.17999606261539425,1,1.0,0.2617801047120419
FIVE_FIXED_720_DRUGS,drug_id,KJADKKWYZYXHBB-XBWDGYHZSA-N,dtiam,biomaster,382,0.27476669274008925,3,3.0,0.2617801047120419
FIVE_FIXED_720_DRUGS,drug_id,KJADKKWYZYXHBB-XBWDGYHZSA-N,dtiam,drugclip,382,0.15628456849849057,0,0.0,0.2617801047120419
FIVE_FIXED_720_DRUGS,drug_id,KJADKKWYZYXHBB-XBWDGYHZSA-N,dtiam,conplex,382,0.13044044306146352,0,0.0,0.2617801047120419
FIVE_FIXED_720_DRUGS,drug_id,KJADKKWYZYXHBB-XBWDGYHZSA-N,dtiam,probematch,382,0.0646825750064771,0,0.0,0.2617801047120419
FIVE_FIXED_720_DRUGS,drug_id,KJFBVJALEQWJBS-XUXIUFHCSA-N,dtiam,biomaster,382,0.32367787888419813,2,2.0,0.2617801047120419
FIVE_FIXED_720_DRUGS,drug_id,KJFBVJALEQWJBS-XUXIUFHCSA-N,dtiam,drugclip,382,-0.036258059502298656,1,1.0,0.2617801047120419
FIVE_FIXED_720_DRUGS,drug_id,KJFBVJALEQWJBS-XUXIUFHCSA-N,dtiam,conplex,382,0.060931349910055284,1,1.0,0.2617801047120419
FIVE_FIXED_720_DRUGS,drug_id,KJFBVJALEQWJBS-XUXIUFHCSA-N,dtiam,probematch,382,0.05902471047898639,0,0.0,0.2617801047120419
FIVE_FIXED_720_DRUGS,drug_id,KJHKTHWMRKYKJE-SUGCFTRWSA-N,dtiam,biomaster,382,0.12972261459129292,1,1.0,0.2617801047120419
FIVE_FIXED_720_DRUGS,drug_id,KJHKTHWMRKYKJE-SUGCFTRWSA-N,dtiam,drugclip,382,0.04982535255899323,0,0.0,0.2617801047120419
FIVE_FIXED_720_DRUGS,drug_id,KJHKTHWMRKYKJE-SUGCFTRWSA-N,dtiam,conplex,382,0.19152291528945112,0,0.0,0.2617801047120419
FIVE_FIXED_720_DRUGS,drug_id,KJHKTHWMRKYKJE-SUGCFTRWSA-N,dtiam,probematch,382,0.16358175417265358,0,0.0,0.2617801047120419
FIVE_FIXED_720_DRUGS,drug_id,KKGQTZUTZRNORY-UHFFFAOYSA-N,dtiam,biomaster,382,0.5082094684304743,0,0.0,0.2617801047120419
FIVE_FIXED_720_DRUGS,drug_id,KKGQTZUTZRNORY-UHFFFAOYSA-N,dtiam,drugclip,382,0.20404661527543774,0,0.0,0.2617801047120419
FIVE_FIXED_720_DRUGS,drug_id,KKGQTZUTZRNORY-UHFFFAOYSA-N,dtiam,conplex,382,0.2641898456934597,1,1.0,0.2617801047120419
FIVE_FIXED_720_DRUGS,drug_id,KKGQTZUTZRNORY-UHFFFAOYSA-N,dtiam,probematch,382,0.15749872099582896,0,0.0,0.2617801047120419
FIVE_FIXED_720_DRUGS,drug_id,KPBZROQVTHLCDU-UHFFFAOYSA-N,dtiam,biomaster,382,0.5676818438240379,1,1.0,0.2617801047120419
FIVE_FIXED_720_DRUGS,drug_id,KPBZROQVTHLCDU-UHFFFAOYSA-N,dtiam,drugclip,382,0.14251814582122185,2,2.0,0.2617801047120419
FIVE_FIXED_720_DRUGS,drug_id,KPBZROQVTHLCDU-UHFFFAOYSA-N,dtiam,conplex,382,0.41074761454585984,1,1.0,0.2617801047120419
FIVE_FIXED_720_DRUGS,drug_id,KPBZROQVTHLCDU-UHFFFAOYSA-N,dtiam,probematch,382,0.14670675666177382,0,0.0,0.2617801047120419
FIVE_FIXED_720_DRUGS,drug_id,KPVIXBKIJXZQJX-CSOZIWFHSA-N,dtiam,biomaster,382,0.24841075726196124,2,2.0,0.2617801047120419
FIVE_FIXED_720_DRUGS,drug_id,KPVIXBKIJXZQJX-CSOZIWFHSA-N,dtiam,drugclip,382,0.1356812186646669,1,1.0,0.2617801047120419
FIVE_FIXED_720_DRUGS,drug_id,KPVIXBKIJXZQJX-CSOZIWFHSA-N,dtiam,conplex,382,-0.06205672530212866,0,0.0,0.2617801047120419
FIVE_FIXED_720_DRUGS,drug_id,KPVIXBKIJXZQJX-CSOZIWFHSA-N,dtiam,probematch,382,0.19309620834598523,2,2.0,0.2617801047120419
FIVE_FIXED_720_DRUGS,drug_id,KPWSJANDNDDRMB-QAQDUYKDSA-N,dtiam,biomaster,382,0.08019251205891309,0,0.0,0.2617801047120419
FIVE_FIXED_720_DRUGS,drug_id,KPWSJANDNDDRMB-QAQDUYKDSA-N,dtiam,drugclip,382,0.03675857449455251,0,0.0,0.2617801047120419
FIVE_FIXED_720_DRUGS,drug_id,KPWSJANDNDDRMB-QAQDUYKDSA-N,dtiam,conplex,382,-0.03915931816530081,0,0.0,0.2617801047120419
FIVE_FIXED_720_DRUGS,drug_id,KPWSJANDNDDRMB-QAQDUYKDSA-N,dtiam,probematch,382,0.22169724956786183,0,0.0,0.2617801047120419
FIVE_FIXED_720_DRUGS,drug_id,KPYSYYIEGFHWSV-UHFFFAOYSA-N,dtiam,biomaster,382,0.35123031428789475,0,0.0,0.2617801047120419
FIVE_FIXED_720_DRUGS,drug_id,KPYSYYIEGFHWSV-UHFFFAOYSA-N,dtiam,drugclip,382,0.0018028227108085727,0,0.0,0.2617801047120419
FIVE_FIXED_720_DRUGS,drug_id,KPYSYYIEGFHWSV-UHFFFAOYSA-N,dtiam,conplex,382,0.28273868706879757,0,0.0,0.2617801047120419
FIVE_FIXED_720_DRUGS,drug_id,KPYSYYIEGFHWSV-UHFFFAOYSA-N,dtiam,probematch,382,0.09222209389424452,2,2.0,0.2617801047120419
FIVE_FIXED_720_DRUGS,drug_id,KQKPFRSPSRPDEB-UHFFFAOYSA-N,dtiam,biomaster,382,0.39273839932722177,2,2.0,0.2617801047120419
FIVE_FIXED_720_DRUGS,drug_id,KQKPFRSPSRPDEB-UHFFFAOYSA-N,dtiam,drugclip,382,0.0025961120641227516,0,0.0,0.2617801047120419
FIVE_FIXED_720_DRUGS,drug_id,KQKPFRSPSRPDEB-UHFFFAOYSA-N,dtiam,conplex,382,0.20780601622118933,1,1.0,0.2617801047120419
FIVE_FIXED_720_DRUGS,drug_id,KQKPFRSPSRPDEB-UHFFFAOYSA-N,dtiam,probematch,382,0.13566989127951337,0,0.0,0.2617801047120419
FIVE_FIXED_720_DRUGS,drug_id,KRNAOFGYEFKHPB-ANJVHQHFSA-N,dtiam,biomaster,382,0.27282770842386106,4,4.0,0.2617801047120419
FIVE_FIXED_720_DRUGS,drug_id,KRNAOFGYEFKHPB-ANJVHQHFSA-N,dtiam,drugclip,382,-0.08206346939124783,1,1.0,0.2617801047120419
FIVE_FIXED_720_DRUGS,drug_id,KRNAOFGYEFKHPB-ANJVHQHFSA-N,dtiam,conplex,382,0.149893567966212,0,0.0,0.2617801047120419
FIVE_FIXED_720_DRUGS,drug_id,KRNAOFGYEFKHPB-ANJVHQHFSA-N,dtiam,probematch,382,0.14707961342159478,1,1.0,0.2617801047120419
FIVE_FIXED_720_DRUGS,drug_id,KSGXQBZTULBEEQ-UHFFFAOYSA-N,dtiam,biomaster,382,0.2314496496448873,0,0.0,0.2617801047120419
FIVE_FIXED_720_DRUGS,drug_id,KSGXQBZTULBEEQ-UHFFFAOYSA-N,dtiam,drugclip,382,0.06032884803729773,0,0.0,0.2617801047120419
FIVE_FIXED_720_DRUGS,drug_id,KSGXQBZTULBEEQ-UHFFFAOYSA-N,dtiam,conplex,382,0.012843403269492341,0,0.0,0.2617801047120419
FIVE_FIXED_720_DRUGS,drug_id,KSGXQBZTULBEEQ-UHFFFAOYSA-N,dtiam,probematch,382,0.1888069664801865,0,0.0,0.2617801047120419
FIVE_FIXED_720_DRUGS,drug_id,KSMAGQUYOIHWFS-UHFFFAOYSA-N,dtiam,biomaster,382,0.4308673085242224,2,2.0,0.2617801047120419
FIVE_FIXED_720_DRUGS,drug_id,KSMAGQUYOIHWFS-UHFFFAOYSA-N,dtiam,drugclip,382,0.12063627618567965,2,2.0,0.2617801047120419
FIVE_FIXED_720_DRUGS,drug_id,KSMAGQUYOIHWFS-UHFFFAOYSA-N,dtiam,conplex,382,0.2314721682734312,0,0.0,0.2617801047120419
FIVE_FIXED_720_DRUGS,drug_id,KSMAGQUYOIHWFS-UHFFFAOYSA-N,dtiam,probematch,382,0.15251633186329777,0,0.0,0.2617801047120419
FIVE_FIXED_720_DRUGS,drug_id,KTEIFNKAUNYNJU-GFCCVEGCSA-N,dtiam,biomaster,382,-0.11725128791118518,4,4.0,0.2617801047120419
FIVE_FIXED_720_DRUGS,drug_id,KTEIFNKAUNYNJU-GFCCVEGCSA-N,dtiam,drugclip,382,-0.146614618848146,2,2.0,0.2617801047120419
FIVE_FIXED_720_DRUGS,drug_id,KTEIFNKAUNYNJU-GFCCVEGCSA-N,dtiam,conplex,382,0.4816217183282075,3,3.0,0.2617801047120419
FIVE_FIXED_720_DRUGS,drug_id,KTEIFNKAUNYNJU-GFCCVEGCSA-N,dtiam,probematch,382,-0.012357052091494514,0,0.0,0.2617801047120419
FIVE_FIXED_720_DRUGS,drug_id,KTUFNOKKBVMGRW-UHFFFAOYSA-N,dtiam,biomaster,382,0.44255244993477694,3,3.0,0.2617801047120419
FIVE_FIXED_720_DRUGS,drug_id,KTUFNOKKBVMGRW-UHFFFAOYSA-N,dtiam,drugclip,382,0.14156146254140417,2,2.0,0.2617801047120419
FIVE_FIXED_720_DRUGS,drug_id,KTUFNOKKBVMGRW-UHFFFAOYSA-N,dtiam,conplex,382,0.37211079510685785,5,5.0,0.2617801047120419
FIVE_FIXED_720_DRUGS,drug_id,KTUFNOKKBVMGRW-UHFFFAOYSA-N,dtiam,probematch,382,0.2597159378289339,0,0.0,0.2617801047120419
FIVE_FIXED_720_DRUGS,drug_id,KVWDHTXUZHCGIO-UHFFFAOYSA-N,dtiam,biomaster,382,0.1428270658271936,1,1.0,0.2617801047120419
FIVE_FIXED_720_DRUGS,drug_id,KVWDHTXUZHCGIO-UHFFFAOYSA-N,dtiam,drugclip,382,0.033138290354882353,0,0.0,0.2617801047120419
FIVE_FIXED_720_DRUGS,drug_id,KVWDHTXUZHCGIO-UHFFFAOYSA-N,dtiam,conplex,382,0.1994336859558172,0,0.0,0.2617801047120419
FIVE_FIXED_720_DRUGS,drug_id,KVWDHTXUZHCGIO-UHFFFAOYSA-N,dtiam,probematch,382,0.16900195480704824,0,0.0,0.2617801047120419
FIVE_FIXED_720_DRUGS,drug_id,KWGRBVOPPLSCSI-WCBMZHEXSA-N,dtiam,biomaster,382,0.3412348684361361,2,2.0,0.2617801047120419
FIVE_FIXED_720_DRUGS,drug_id,KWGRBVOPPLSCSI-WCBMZHEXSA-N,dtiam,drugclip,382,0.07816397323224294,2,2.0,0.2617801047120419
FIVE_FIXED_720_DRUGS,drug_id,KWGRBVOPPLSCSI-WCBMZHEXSA-N,dtiam,conplex,382,0.2744233185312739,2,2.0,0.2617801047120419
FIVE_FIXED_720_DRUGS,drug_id,KWGRBVOPPLSCSI-WCBMZHEXSA-N,dtiam,probematch,382,0.15907819561869627,0,0.0,0.2617801047120419
FIVE_FIXED_720_DRUGS,drug_id,KWGRBVOPPLSCSI-WPRPVWTQSA-N,dtiam,biomaster,382,0.3376169523243863,2,2.0,0.2617801047120419
FIVE_FIXED_720_DRUGS,drug_id,KWGRBVOPPLSCSI-WPRPVWTQSA-N,dtiam,drugclip,382,0.08023083105616952,2,2.0,0.2617801047120419
FIVE_FIXED_720_DRUGS,drug_id,KWGRBVOPPLSCSI-WPRPVWTQSA-N,dtiam,conplex,382,0.2744233185312739,2,2.0,0.2617801047120419
FIVE_FIXED_720_DRUGS,drug_id,KWGRBVOPPLSCSI-WPRPVWTQSA-N,dtiam,probematch,382,0.15745674231905926,0,0.0,0.2617801047120419
FIVE_FIXED_720_DRUGS,drug_id,KWTSXDURSIMDCE-QMMMGPOBSA-N,dtiam,biomaster,382,0.23380088609452027,0,0.0,0.2617801047120419
FIVE_FIXED_720_DRUGS,drug_id,KWTSXDURSIMDCE-QMMMGPOBSA-N,dtiam,drugclip,382,0.07742600962215854,0,0.0,0.2617801047120419
FIVE_FIXED_720_DRUGS,drug_id,KWTSXDURSIMDCE-QMMMGPOBSA-N,dtiam,conplex,382,0.1543071110015061,0,0.0,0.2617801047120419
FIVE_FIXED_720_DRUGS,drug_id,KWTSXDURSIMDCE-QMMMGPOBSA-N,dtiam,probematch,382,-0.09435762452786098,0,0.0,0.2617801047120419
FIVE_FIXED_720_DRUGS,drug_id,KWTSXDURSIMDCE-UHFFFAOYSA-N,dtiam,biomaster,382,0.26846429406773487,0,0.0,0.2617801047120419
FIVE_FIXED_720_DRUGS,drug_id,KWTSXDURSIMDCE-UHFFFAOYSA-N,dtiam,drugclip,382,0.055355128303520046,0,0.0,0.2617801047120419
FIVE_FIXED_720_DRUGS,drug_id,KWTSXDURSIMDCE-UHFFFAOYSA-N,dtiam,conplex,382,0.1543071110015061,0,0.0,0.2617801047120419
FIVE_FIXED_720_DRUGS,drug_id,KWTSXDURSIMDCE-UHFFFAOYSA-N,dtiam,probematch,382,0.07924293286285641,0,0.0,0.2617801047120419
FIVE_FIXED_720_DRUGS,drug_id,KWTWDQCKEHXFFR-SMDDNHRTSA-N,dtiam,biomaster,382,0.23668901905627415,0,0.0,0.2617801047120419
FIVE_FIXED_720_DRUGS,drug_id,KWTWDQCKEHXFFR-SMDDNHRTSA-N,dtiam,drugclip,382,0.14727895831743434,0,0.0,0.2617801047120419
FIVE_FIXED_720_DRUGS,drug_id,KWTWDQCKEHXFFR-SMDDNHRTSA-N,dtiam,conplex,382,0.19608034663460128,1,1.0,0.2617801047120419
FIVE_FIXED_720_DRUGS,drug_id,KWTWDQCKEHXFFR-SMDDNHRTSA-N,dtiam,probematch,382,0.10492764006320053,0,0.0,0.2617801047120419
FIVE_FIXED_720_DRUGS,drug_id,KXNPVXPOPUZYGB-IOVMHBDKSA-N,dtiam,biomaster,382,0.14008704224809376,0,0.0,0.2617801047120419
FIVE_FIXED_720_DRUGS,drug_id,KXNPVXPOPUZYGB-IOVMHBDKSA-N,dtiam,drugclip,382,0.09171748867194644,1,1.0,0.2617801047120419
FIVE_FIXED_720_DRUGS,drug_id,KXNPVXPOPUZYGB-IOVMHBDKSA-N,dtiam,conplex,382,0.19973357436912434,0,0.0,0.2617801047120419
FIVE_FIXED_720_DRUGS,drug_id,KXNPVXPOPUZYGB-IOVMHBDKSA-N,dtiam,probematch,382,0.13917147654398382,0,0.0,0.2617801047120419
FIVE_FIXED_720_DRUGS,drug_id,KYYIDSXMWOZKMP-UHFFFAOYSA-N,dtiam,biomaster,382,0.035543130345621204,1,1.0,0.2617801047120419
FIVE_FIXED_720_DRUGS,drug_id,KYYIDSXMWOZKMP-UHFFFAOYSA-N,dtiam,drugclip,382,0.1494058779404314,1,1.0,0.2617801047120419
FIVE_FIXED_720_DRUGS,drug_id,KYYIDSXMWOZKMP-UHFFFAOYSA-N,dtiam,conplex,382,0.1578929557947673,2,2.0,0.2617801047120419
FIVE_FIXED_720_DRUGS,drug_id,KYYIDSXMWOZKMP-UHFFFAOYSA-N,dtiam,probematch,382,0.16409690788296044,2,2.0,0.2617801047120419
FIVE_FIXED_720_DRUGS,drug_id,LCQLHJZYVOQKHU-VKHMYHEASA-N,dtiam,biomaster,382,0.32576389620675295,1,1.0,0.2617801047120419
FIVE_FIXED_720_DRUGS,drug_id,LCQLHJZYVOQKHU-VKHMYHEASA-N,dtiam,drugclip,382,-0.14610506229474177,0,0.0,0.2617801047120419
FIVE_FIXED_720_DRUGS,drug_id,LCQLHJZYVOQKHU-VKHMYHEASA-N,dtiam,conplex,382,0.10720944318664952,1,1.0,0.2617801047120419
FIVE_FIXED_720_DRUGS,drug_id,LCQLHJZYVOQKHU-VKHMYHEASA-N,dtiam,probematch,382,0.00264820867837025,1,1.0,0.2617801047120419
FIVE_FIXED_720_DRUGS,drug_id,LDCRTTXIJACKKU-ONEGZZNKSA-N,dtiam,biomaster,382,0.04109314196510367,2,2.0,0.2617801047120419
FIVE_FIXED_720_DRUGS,drug_id,LDCRTTXIJACKKU-ONEGZZNKSA-N,dtiam,drugclip,382,0.01937014547548978,0,0.0,0.2617801047120419
FIVE_FIXED_720_DRUGS,drug_id,LDCRTTXIJACKKU-ONEGZZNKSA-N,dtiam,conplex,382,-0.10582799323257967,1,1.0,0.2617801047120419
FIVE_FIXED_720_DRUGS,drug_id,LDCRTTXIJACKKU-ONEGZZNKSA-N,dtiam,probematch,382,-0.04675638837423151,0,0.0,0.2617801047120419
FIVE_FIXED_720_DRUGS,drug_id,LDEKQSIMHVQZJK-CAQYMETFSA-N,dtiam,biomaster,382,0.4216737630363973,2,2.0,0.2617801047120419
FIVE_FIXED_720_DRUGS,drug_id,LDEKQSIMHVQZJK-CAQYMETFSA-N,dtiam,drugclip,382,0.008446432678957522,0,0.0,0.2617801047120419
FIVE_FIXED_720_DRUGS,drug_id,LDEKQSIMHVQZJK-CAQYMETFSA-N,dtiam,conplex,382,0.05933547132212386,1,1.0,0.2617801047120419
FIVE_FIXED_720_DRUGS,drug_id,LDEKQSIMHVQZJK-CAQYMETFSA-N,dtiam,probematch,382,0.08684054451731564,0,0.0,0.2617801047120419
FIVE_FIXED_720_DRUGS,drug_id,LEBVLXFERQHONN-UHFFFAOYSA-N,dtiam,biomaster,382,0.3143825081957985,1,1.0,0.2617801047120419
FIVE_FIXED_720_DRUGS,drug_id,LEBVLXFERQHONN-UHFFFAOYSA-N,dtiam,drugclip,382,0.1833057045469688,1,1.0,0.2617801047120419
FIVE_FIXED_720_DRUGS,drug_id,LEBVLXFERQHONN-UHFFFAOYSA-N,dtiam,conplex,382,0.2976672825525703,2,2.0,0.2617801047120419
FIVE_FIXED_720_DRUGS,drug_id,LEBVLXFERQHONN-UHFFFAOYSA-N,dtiam,probematch,382,0.1288270694868731,0,0.0,0.2617801047120419
FIVE_FIXED_720_DRUGS,drug_id,LERNTVKEWCAPOY-DZZGSBJMSA-N,dtiam,biomaster,382,0.2837496990182694,0,0.0,0.2617801047120419
FIVE_FIXED_720_DRUGS,drug_id,LERNTVKEWCAPOY-DZZGSBJMSA-N,dtiam,drugclip,382,0.1794021181579197,2,2.0,0.2617801047120419
FIVE_FIXED_720_DRUGS,drug_id,LERNTVKEWCAPOY-DZZGSBJMSA-N,dtiam,conplex,382,0.13203081540549738,3,3.0,0.2617801047120419
FIVE_FIXED_720_DRUGS,drug_id,LERNTVKEWCAPOY-DZZGSBJMSA-N,dtiam,probematch,382,0.09720550101496907,0,0.0,0.2617801047120419
FIVE_FIXED_720_DRUGS,drug_id,LEZWWPYKPKIXLL-UHFFFAOYSA-N,dtiam,biomaster,382,0.4713539124288206,3,3.0,0.2617801047120419
FIVE_FIXED_720_DRUGS,drug_id,LEZWWPYKPKIXLL-UHFFFAOYSA-N,dtiam,drugclip,382,0.2844829265725132,2,2.0,0.2617801047120419
FIVE_FIXED_720_DRUGS,drug_id,LEZWWPYKPKIXLL-UHFFFAOYSA-N,dtiam,conplex,382,0.1920093152704934,3,3.0,0.2617801047120419
FIVE_FIXED_720_DRUGS,drug_id,LEZWWPYKPKIXLL-UHFFFAOYSA-N,dtiam,probematch,382,0.17051727740080092,0,0.0,0.2617801047120419
FIVE_FIXED_720_DRUGS,drug_id,LFQDNHWZDQTITF-UHFFFAOYSA-N,dtiam,biomaster,382,0.36624576405551046,3,3.0,0.2617801047120419
FIVE_FIXED_720_DRUGS,drug_id,LFQDNHWZDQTITF-UHFFFAOYSA-N,dtiam,drugclip,382,0.008149783363118461,0,0.0,0.2617801047120419
FIVE_FIXED_720_DRUGS,drug_id,LFQDNHWZDQTITF-UHFFFAOYSA-N,dtiam,conplex,382,0.08787860803277,0,0.0,0.2617801047120419
FIVE_FIXED_720_DRUGS,drug_id,LFQDNHWZDQTITF-UHFFFAOYSA-N,dtiam,probematch,382,0.10739254185300984,0,0.0,0.2617801047120419
FIVE_FIXED_720_DRUGS,drug_id,LHHCSNFAOIFYRV-DOVBMPENSA-N,dtiam,biomaster,382,0.27216530643196213,4,4.0,0.2617801047120419
FIVE_FIXED_720_DRUGS,drug_id,LHHCSNFAOIFYRV-DOVBMPENSA-N,dtiam,drugclip,382,0.11846005852688643,2,2.0,0.2617801047120419
FIVE_FIXED_720_DRUGS,drug_id,LHHCSNFAOIFYRV-DOVBMPENSA-N,dtiam,conplex,382,0.35168665753448775,2,2.0,0.2617801047120419
FIVE_FIXED_720_DRUGS,drug_id,LHHCSNFAOIFYRV-DOVBMPENSA-N,dtiam,probematch,382,0.04968736111381701,0,0.0,0.2617801047120419
FIVE_FIXED_720_DRUGS,drug_id,LIENCHBZNNMNKG-OJFNHCPVSA-N,dtiam,biomaster,382,-0.1202905441093099,1,1.0,0.2617801047120419
FIVE_FIXED_720_DRUGS,drug_id,LIENCHBZNNMNKG-OJFNHCPVSA-N,dtiam,drugclip,382,0.10085054181017006,1,1.0,0.2617801047120419
FIVE_FIXED_720_DRUGS,drug_id,LIENCHBZNNMNKG-OJFNHCPVSA-N,dtiam,conplex,382,-0.21840219606829506,0,0.0,0.2617801047120419
FIVE_FIXED_720_DRUGS,drug_id,LIENCHBZNNMNKG-OJFNHCPVSA-N,dtiam,probematch,382,0.07875792192837576,0,0.0,0.2617801047120419
FIVE_FIXED_720_DRUGS,drug_id,LIOLIMKSCNQPLV-UHFFFAOYSA-N,dtiam,biomaster,382,0.17614198953740684,1,1.0,0.2617801047120419
FIVE_FIXED_720_DRUGS,drug_id,LIOLIMKSCNQPLV-UHFFFAOYSA-N,dtiam,drugclip,382,-0.33293084034529724,0,0.0,0.2617801047120419
FIVE_FIXED_720_DRUGS,drug_id,LIOLIMKSCNQPLV-UHFFFAOYSA-N,dtiam,conplex,382,0.45290381823543224,1,1.0,0.2617801047120419
FIVE_FIXED_720_DRUGS,drug_id,LIOLIMKSCNQPLV-UHFFFAOYSA-N,dtiam,probematch,382,-0.1440696346595761,0,0.0,0.2617801047120419
FIVE_FIXED_720_DRUGS,drug_id,LIRYPHYGHXZJBZ-UHFFFAOYSA-N,dtiam,biomaster,382,0.012116230129689357,3,3.0,0.2617801047120419
FIVE_FIXED_720_DRUGS,drug_id,LIRYPHYGHXZJBZ-UHFFFAOYSA-N,dtiam,drugclip,382,-0.19148831738807381,0,0.0,0.2617801047120419
FIVE_FIXED_720_DRUGS,drug_id,LIRYPHYGHXZJBZ-UHFFFAOYSA-N,dtiam,conplex,382,0.37837109305333966,0,0.0,0.2617801047120419
FIVE_FIXED_720_DRUGS,drug_id,LIRYPHYGHXZJBZ-UHFFFAOYSA-N,dtiam,probematch,382,-0.08808536439267457,0,0.0,0.2617801047120419
FIVE_FIXED_720_DRUGS,drug_id,LKJPYSCBVHEWIU-UHFFFAOYSA-N,dtiam,biomaster,382,0.482878458491323,2,2.0,0.2617801047120419
FIVE_FIXED_720_DRUGS,drug_id,LKJPYSCBVHEWIU-UHFFFAOYSA-N,dtiam,drugclip,382,0.15767417033719963,0,0.0,0.2617801047120419
FIVE_FIXED_720_DRUGS,drug_id,LKJPYSCBVHEWIU-UHFFFAOYSA-N,dtiam,conplex,382,-0.13493034218081443,0,0.0,0.2617801047120419
FIVE_FIXED_720_DRUGS,drug_id,LKJPYSCBVHEWIU-UHFFFAOYSA-N,dtiam,probematch,382,0.2236224683021958,0,0.0,0.2617801047120419
FIVE_FIXED_720_DRUGS,drug_id,LLPOLZWFYMWNKH-CMKMFDCUSA-N,dtiam,biomaster,382,0.10261020183024878,0,0.0,0.2617801047120419
FIVE_FIXED_720_DRUGS,drug_id,LLPOLZWFYMWNKH-CMKMFDCUSA-N,dtiam,drugclip,382,0.12701316009989203,1,1.0,0.2617801047120419
FIVE_FIXED_720_DRUGS,drug_id,LLPOLZWFYMWNKH-CMKMFDCUSA-N,dtiam,conplex,382,0.0580067163630069,0,0.0,0.2617801047120419
FIVE_FIXED_720_DRUGS,drug_id,LLPOLZWFYMWNKH-CMKMFDCUSA-N,dtiam,probematch,382,0.19493035360792194,0,0.0,0.2617801047120419
FIVE_FIXED_720_DRUGS,drug_id,LMMJFBMMJUMSJS-UHFFFAOYSA-N,dtiam,biomaster,382,0.1905525158090082,4,4.0,0.2617801047120419
FIVE_FIXED_720_DRUGS,drug_id,LMMJFBMMJUMSJS-UHFFFAOYSA-N,dtiam,drugclip,382,-0.03319662995182893,1,1.0,0.2617801047120419
FIVE_FIXED_720_DRUGS,drug_id,LMMJFBMMJUMSJS-UHFFFAOYSA-N,dtiam,conplex,382,0.22164750818835904,0,0.0,0.2617801047120419
FIVE_FIXED_720_DRUGS,drug_id,LMMJFBMMJUMSJS-UHFFFAOYSA-N,dtiam,probematch,382,0.02869243020465345,0,0.0,0.2617801047120419
FIVE_FIXED_720_DRUGS,drug_id,LOMMPXLFBTZENJ-ZACQAIPSSA-N,dtiam,biomaster,382,0.3988894594879398,2,2.0,0.2617801047120419
FIVE_FIXED_720_DRUGS,drug_id,LOMMPXLFBTZENJ-ZACQAIPSSA-N,dtiam,drugclip,382,0.11188210751471057,1,1.0,0.2617801047120419
FIVE_FIXED_720_DRUGS,drug_id,LOMMPXLFBTZENJ-ZACQAIPSSA-N,dtiam,conplex,382,0.2580304083410029,1,1.0,0.2617801047120419
FIVE_FIXED_720_DRUGS,drug_id,LOMMPXLFBTZENJ-ZACQAIPSSA-N,dtiam,probematch,382,0.13896007623327702,1,1.0,0.2617801047120419
FIVE_FIXED_720_DRUGS,drug_id,LOUPRKONTZGTKE-LHHVKLHASA-N,dtiam,biomaster,382,0.16958341329912469,2,2.0,0.2617801047120419
FIVE_FIXED_720_DRUGS,drug_id,LOUPRKONTZGTKE-LHHVKLHASA-N,dtiam,drugclip,382,0.11656735839273766,2,2.0,0.2617801047120419
FIVE_FIXED_720_DRUGS,drug_id,LOUPRKONTZGTKE-LHHVKLHASA-N,dtiam,conplex,382,0.13952838081475016,0,0.0,0.2617801047120419
FIVE_FIXED_720_DRUGS,drug_id,LOUPRKONTZGTKE-LHHVKLHASA-N,dtiam,probematch,382,0.17024087312208,0,0.0,0.2617801047120419
FIVE_FIXED_720_DRUGS,drug_id,LOWWYYZBZNSPDT-ZBEGNZNMSA-N,dtiam,biomaster,382,-0.11830807418945365,3,3.0,0.2617801047120419
FIVE_FIXED_720_DRUGS,drug_id,LOWWYYZBZNSPDT-ZBEGNZNMSA-N,dtiam,drugclip,382,0.06338661790825421,2,2.0,0.2617801047120419
FIVE_FIXED_720_DRUGS,drug_id,LOWWYYZBZNSPDT-ZBEGNZNMSA-N,dtiam,conplex,382,0.09310421592762912,0,0.0,0.2617801047120419
FIVE_FIXED_720_DRUGS,drug_id,LOWWYYZBZNSPDT-ZBEGNZNMSA-N,dtiam,probematch,382,0.12878401443377602,0,0.0,0.2617801047120419
FIVE_FIXED_720_DRUGS,drug_id,LPAUOXUZGSBGDU-STDDISTJSA-N,dtiam,biomaster,382,0.23308746386470122,1,1.0,0.2617801047120419
FIVE_FIXED_720_DRUGS,drug_id,LPAUOXUZGSBGDU-STDDISTJSA-N,dtiam,drugclip,382,-0.07514236960588803,1,1.0,0.2617801047120419
FIVE_FIXED_720_DRUGS,drug_id,LPAUOXUZGSBGDU-STDDISTJSA-N,dtiam,conplex,382,0.02207455126224005,0,0.0,0.2617801047120419
FIVE_FIXED_720_DRUGS,drug_id,LPAUOXUZGSBGDU-STDDISTJSA-N,dtiam,probematch,382,0.14885434271025746,0,0.0,0.2617801047120419
FIVE_FIXED_720_DRUGS,drug_id,LPQZKKCYTLCDGQ-WEDXCCLWSA-N,dtiam,biomaster,382,0.4672518422449938,2,2.0,0.2617801047120419
FIVE_FIXED_720_DRUGS,drug_id,LPQZKKCYTLCDGQ-WEDXCCLWSA-N,dtiam,drugclip,382,0.1015370546318034,0,0.0,0.2617801047120419
FIVE_FIXED_720_DRUGS,drug_id,LPQZKKCYTLCDGQ-WEDXCCLWSA-N,dtiam,conplex,382,0.17302119877072175,0,0.0,0.2617801047120419
FIVE_FIXED_720_DRUGS,drug_id,LPQZKKCYTLCDGQ-WEDXCCLWSA-N,dtiam,probematch,382,0.200851284509836,0,0.0,0.2617801047120419
FIVE_FIXED_720_DRUGS,drug_id,LRFKWQGGENFBFO-IBGZPJMESA-N,dtiam,biomaster,382,0.5516698848524897,0,0.0,0.2617801047120419
FIVE_FIXED_720_DRUGS,drug_id,LRFKWQGGENFBFO-IBGZPJMESA-N,dtiam,drugclip,382,0.15100709536511275,0,0.0,0.2617801047120419
FIVE_FIXED_720_DRUGS,drug_id,LRFKWQGGENFBFO-IBGZPJMESA-N,dtiam,conplex,382,0.29712565372864436,1,1.0,0.2617801047120419
FIVE_FIXED_720_DRUGS,drug_id,LRFKWQGGENFBFO-IBGZPJMESA-N,dtiam,probematch,382,0.1476520303525208,0,0.0,0.2617801047120419
FIVE_FIXED_720_DRUGS,drug_id,LSQZJLSUYDQPKJ-NJBDSQKTSA-N,dtiam,biomaster,382,0.37169395047441833,2,2.0,0.2617801047120419
FIVE_FIXED_720_DRUGS,drug_id,LSQZJLSUYDQPKJ-NJBDSQKTSA-N,dtiam,drugclip,382,0.1673348631511283,1,1.0,0.2617801047120419
FIVE_FIXED_720_DRUGS,drug_id,LSQZJLSUYDQPKJ-NJBDSQKTSA-N,dtiam,conplex,382,-0.017436981079903466,0,0.0,0.2617801047120419
FIVE_FIXED_720_DRUGS,drug_id,LSQZJLSUYDQPKJ-NJBDSQKTSA-N,dtiam,probematch,382,0.15308751553076494,0,0.0,0.2617801047120419
FIVE_FIXED_720_DRUGS,drug_id,LTXBFJFJUIJOQE-GOSISDBHSA-N,dtiam,biomaster,382,0.2642425308362981,1,1.0,0.2617801047120419
FIVE_FIXED_720_DRUGS,drug_id,LTXBFJFJUIJOQE-GOSISDBHSA-N,dtiam,drugclip,382,-0.001527700921518065,0,0.0,0.2617801047120419
FIVE_FIXED_720_DRUGS,drug_id,LTXBFJFJUIJOQE-GOSISDBHSA-N,dtiam,conplex,382,0.1767387230696989,1,1.0,0.2617801047120419
FIVE_FIXED_720_DRUGS,drug_id,LTXBFJFJUIJOQE-GOSISDBHSA-N,dtiam,probematch,382,0.14029672035667667,1,1.0,0.2617801047120419
FIVE_FIXED_720_DRUGS,drug_id,LTXREWYXXSTFRX-QGZVFWFLSA-N,dtiam,biomaster,382,0.32462659697919294,1,1.0,0.2617801047120419
FIVE_FIXED_720_DRUGS,drug_id,LTXREWYXXSTFRX-QGZVFWFLSA-N,dtiam,drugclip,382,0.024567536210106936,0,0.0,0.2617801047120419
FIVE_FIXED_720_DRUGS,drug_id,LTXREWYXXSTFRX-QGZVFWFLSA-N,dtiam,conplex,382,0.10300904331237296,0,0.0,0.2617801047120419
FIVE_FIXED_720_DRUGS,drug_id,LTXREWYXXSTFRX-QGZVFWFLSA-N,dtiam,probematch,382,0.1721774802482253,1,1.0,0.2617801047120419
FIVE_FIXED_720_DRUGS,drug_id,LUKZNWIVRBCLON-GXOBDPJESA-N,dtiam,biomaster,382,-0.111540896218916,3,3.0,0.2617801047120419
FIVE_FIXED_720_DRUGS,drug_id,LUKZNWIVRBCLON-GXOBDPJESA-N,dtiam,drugclip,382,0.003845569705000769,3,3.0,0.2617801047120419
FIVE_FIXED_720_DRUGS,drug_id,LUKZNWIVRBCLON-GXOBDPJESA-N,dtiam,conplex,382,0.016538016306205633,0,0.0,0.2617801047120419
FIVE_FIXED_720_DRUGS,drug_id,LUKZNWIVRBCLON-GXOBDPJESA-N,dtiam,probematch,382,0.1408322251589958,3,3.0,0.2617801047120419
FIVE_FIXED_720_DRUGS,drug_id,LUMKNAVTFCDUIE-VHXPQNKSSA-N,dtiam,biomaster,382,0.14176532821781895,3,3.0,0.2617801047120419
FIVE_FIXED_720_DRUGS,drug_id,LUMKNAVTFCDUIE-VHXPQNKSSA-N,dtiam,drugclip,382,0.12766027754794154,2,2.0,0.2617801047120419
FIVE_FIXED_720_DRUGS,drug_id,LUMKNAVTFCDUIE-VHXPQNKSSA-N,dtiam,conplex,382,0.30668266805484273,0,0.0,0.2617801047120419
FIVE_FIXED_720_DRUGS,drug_id,LUMKNAVTFCDUIE-VHXPQNKSSA-N,dtiam,probematch,382,0.16209118823443178,1,1.0,0.2617801047120419
FIVE_FIXED_720_DRUGS,drug_id,LUZRJRNZXALNLM-JGRZULCMSA-N,dtiam,biomaster,382,0.2160678013754152,2,2.0,0.2617801047120419
FIVE_FIXED_720_DRUGS,drug_id,LUZRJRNZXALNLM-JGRZULCMSA-N,dtiam,drugclip,382,0.013569122896451197,1,1.0,0.2617801047120419
FIVE_FIXED_720_DRUGS,drug_id,LUZRJRNZXALNLM-JGRZULCMSA-N,dtiam,conplex,382,0.22929249670438187,1,1.0,0.2617801047120419
FIVE_FIXED_720_DRUGS,drug_id,LUZRJRNZXALNLM-JGRZULCMSA-N,dtiam,probematch,382,0.15400675749131185,1,1.0,0.2617801047120419
FIVE_FIXED_720_DRUGS,drug_id,LVXJQMNHJWSHET-AATRIKPKSA-N,dtiam,biomaster,382,-0.3851015092841225,4,4.0,0.2617801047120419
FIVE_FIXED_720_DRUGS,drug_id,LVXJQMNHJWSHET-AATRIKPKSA-N,dtiam,drugclip,382,-0.1344020530371519,0,0.0,0.2617801047120419
FIVE_FIXED_720_DRUGS,drug_id,LVXJQMNHJWSHET-AATRIKPKSA-N,dtiam,conplex,382,0.3263730401010785,3,3.0,0.2617801047120419
FIVE_FIXED_720_DRUGS,drug_id,LVXJQMNHJWSHET-AATRIKPKSA-N,dtiam,probematch,382,-0.09981851218743243,0,0.0,0.2617801047120419
FIVE_FIXED_720_DRUGS,drug_id,LWQQLNNNIPYSNX-UROSTWAQSA-N,dtiam,biomaster,382,0.12635592471436471,0,0.0,0.2617801047120419
FIVE_FIXED_720_DRUGS,drug_id,LWQQLNNNIPYSNX-UROSTWAQSA-N,dtiam,drugclip,382,0.13550340129537583,1,1.0,0.2617801047120419
FIVE_FIXED_720_DRUGS,drug_id,LWQQLNNNIPYSNX-UROSTWAQSA-N,dtiam,conplex,382,0.0027575764820377355,0,0.0,0.2617801047120419
FIVE_FIXED_720_DRUGS,drug_id,LWQQLNNNIPYSNX-UROSTWAQSA-N,dtiam,probematch,382,0.16537650406100643,1,1.0,0.2617801047120419
FIVE_FIXED_720_DRUGS,drug_id,LXBIFEVIBLOUGU-DPYQTVNSSA-N,dtiam,biomaster,382,0.45565582479435024,2,2.0,0.2617801047120419
FIVE_FIXED_720_DRUGS,drug_id,LXBIFEVIBLOUGU-DPYQTVNSSA-N,dtiam,drugclip,382,0.07143705173635109,1,1.0,0.2617801047120419
FIVE_FIXED_720_DRUGS,drug_id,LXBIFEVIBLOUGU-DPYQTVNSSA-N,dtiam,conplex,382,0.1497466993195244,0,0.0,0.2617801047120419
FIVE_FIXED_720_DRUGS,drug_id,LXBIFEVIBLOUGU-DPYQTVNSSA-N,dtiam,probematch,382,0.14608116674027286,1,1.0,0.2617801047120419
FIVE_FIXED_720_DRUGS,drug_id,LXMSZDCAJNLERA-ZHYRCANASA-N,dtiam,biomaster,382,0.20635522722250454,5,5.0,0.2617801047120419
FIVE_FIXED_720_DRUGS,drug_id,LXMSZDCAJNLERA-ZHYRCANASA-N,dtiam,drugclip,382,0.11381872380301838,3,3.0,0.2617801047120419
FIVE_FIXED_720_DRUGS,drug_id,LXMSZDCAJNLERA-ZHYRCANASA-N,dtiam,conplex,382,0.0231963650896162,4,4.0,0.2617801047120419
FIVE_FIXED_720_DRUGS,drug_id,LXMSZDCAJNLERA-ZHYRCANASA-N,dtiam,probematch,382,0.25527098910072454,4,4.0,0.2617801047120419
FIVE_FIXED_720_DRUGS,drug_id,LZFZMUMEGBBDTC-QEJZJMRPSA-N,dtiam,biomaster,382,0.5505420577366109,4,4.0,0.2617801047120419
FIVE_FIXED_720_DRUGS,drug_id,LZFZMUMEGBBDTC-QEJZJMRPSA-N,dtiam,drugclip,382,0.370649219611017,2,2.0,0.2617801047120419
FIVE_FIXED_720_DRUGS,drug_id,LZFZMUMEGBBDTC-QEJZJMRPSA-N,dtiam,conplex,382,0.3344772044659394,1,1.0,0.2617801047120419
FIVE_FIXED_720_DRUGS,drug_id,LZFZMUMEGBBDTC-QEJZJMRPSA-N,dtiam,probematch,382,0.1604467004813878,1,1.0,0.2617801047120419
FIVE_FIXED_720_DRUGS,drug_id,MAEIEVLCKWDQJH-UHFFFAOYSA-N,dtiam,biomaster,382,0.40557892308763716,5,5.0,0.2617801047120419
FIVE_FIXED_720_DRUGS,drug_id,MAEIEVLCKWDQJH-UHFFFAOYSA-N,dtiam,drugclip,382,0.04211591475142542,1,1.0,0.2617801047120419
FIVE_FIXED_720_DRUGS,drug_id,MAEIEVLCKWDQJH-UHFFFAOYSA-N,dtiam,conplex,382,0.19049217557478496,5,5.0,0.2617801047120419
FIVE_FIXED_720_DRUGS,drug_id,MAEIEVLCKWDQJH-UHFFFAOYSA-N,dtiam,probematch,382,0.14819430874627884,2,2.0,0.2617801047120419
FIVE_FIXED_720_DRUGS,drug_id,MBBCVAKAJPKAKM-UHFFFAOYSA-N,dtiam,biomaster,382,0.44953834757504796,0,0.0,0.2617801047120419
FIVE_FIXED_720_DRUGS,drug_id,MBBCVAKAJPKAKM-UHFFFAOYSA-N,dtiam,drugclip,382,0.1588037196552022,0,0.0,0.2617801047120419
FIVE_FIXED_720_DRUGS,drug_id,MBBCVAKAJPKAKM-UHFFFAOYSA-N,dtiam,conplex,382,0.32734526747594545,1,1.0,0.2617801047120419
FIVE_FIXED_720_DRUGS,drug_id,MBBCVAKAJPKAKM-UHFFFAOYSA-N,dtiam,probematch,382,0.17611766343240695,1,1.0,0.2617801047120419
FIVE_FIXED_720_DRUGS,drug_id,MBUVEWMHONZEQD-UHFFFAOYSA-N,dtiam,biomaster,382,0.04873196948559222,0,0.0,0.2617801047120419
FIVE_FIXED_720_DRUGS,drug_id,MBUVEWMHONZEQD-UHFFFAOYSA-N,dtiam,drugclip,382,0.0904951557145196,1,1.0,0.2617801047120419
FIVE_FIXED_720_DRUGS,drug_id,MBUVEWMHONZEQD-UHFFFAOYSA-N,dtiam,conplex,382,0.18671466856251834,1,1.0,0.2617801047120419
FIVE_FIXED_720_DRUGS,drug_id,MBUVEWMHONZEQD-UHFFFAOYSA-N,dtiam,probematch,382,0.1270004588592284,1,1.0,0.2617801047120419
FIVE_FIXED_720_DRUGS,drug_id,MCGSCOLBFJQGHM-SCZZXKLOSA-N,dtiam,biomaster,382,0.050208327256291985,0,0.0,0.2617801047120419
FIVE_FIXED_720_DRUGS,drug_id,MCGSCOLBFJQGHM-SCZZXKLOSA-N,dtiam,drugclip,382,0.06579253427532049,0,0.0,0.2617801047120419
FIVE_FIXED_720_DRUGS,drug_id,MCGSCOLBFJQGHM-SCZZXKLOSA-N,dtiam,conplex,382,-0.0440956327882079,1,1.0,0.2617801047120419
FIVE_FIXED_720_DRUGS,drug_id,MCGSCOLBFJQGHM-SCZZXKLOSA-N,dtiam,probematch,382,0.13220258564968623,1,1.0,0.2617801047120419
FIVE_FIXED_720_DRUGS,drug_id,MCIACXAZCBVDEE-CUUWFGFTSA-N,dtiam,biomaster,382,0.410609906042034,0,0.0,0.2617801047120419
FIVE_FIXED_720_DRUGS,drug_id,MCIACXAZCBVDEE-CUUWFGFTSA-N,dtiam,drugclip,382,0.02774521440393885,0,0.0,0.2617801047120419
FIVE_FIXED_720_DRUGS,drug_id,MCIACXAZCBVDEE-CUUWFGFTSA-N,dtiam,conplex,382,-0.00269315945374067,0,0.0,0.2617801047120419
FIVE_FIXED_720_DRUGS,drug_id,MCIACXAZCBVDEE-CUUWFGFTSA-N,dtiam,probematch,382,0.21636402014072328,2,2.0,0.2617801047120419
FIVE_FIXED_720_DRUGS,drug_id,MDSQOJYHHZBZKA-GBXCKJPGSA-N,dtiam,biomaster,382,0.22844160836025798,0,0.0,0.2617801047120419
FIVE_FIXED_720_DRUGS,drug_id,MDSQOJYHHZBZKA-GBXCKJPGSA-N,dtiam,drugclip,382,-0.10636589411190933,0,0.0,0.2617801047120419
FIVE_FIXED_720_DRUGS,drug_id,MDSQOJYHHZBZKA-GBXCKJPGSA-N,dtiam,conplex,382,0.11261022647845571,0,0.0,0.2617801047120419
FIVE_FIXED_720_DRUGS,drug_id,MDSQOJYHHZBZKA-GBXCKJPGSA-N,dtiam,probematch,382,0.12933329623422746,0,0.0,0.2617801047120419
FIVE_FIXED_720_DRUGS,drug_id,MEJLVLMAJJRLCR-GCCNXGTGSA-N,dtiam,biomaster,382,0.10503463187014682,3,3.0,0.2617801047120419
FIVE_FIXED_720_DRUGS,drug_id,MEJLVLMAJJRLCR-GCCNXGTGSA-N,dtiam,drugclip,382,0.14928058773591882,2,2.0,0.2617801047120419
FIVE_FIXED_720_DRUGS,drug_id,MEJLVLMAJJRLCR-GCCNXGTGSA-N,dtiam,conplex,382,0.1209278029275526,0,0.0,0.2617801047120419
FIVE_FIXED_720_DRUGS,drug_id,MEJLVLMAJJRLCR-GCCNXGTGSA-N,dtiam,probematch,382,0.14623874823460825,0,0.0,0.2617801047120419
FIVE_FIXED_720_DRUGS,drug_id,METQSPRSQINEEU-HXCATZOESA-N,dtiam,biomaster,382,-0.07109218458714059,5,5.0,0.2617801047120419
FIVE_FIXED_720_DRUGS,drug_id,METQSPRSQINEEU-HXCATZOESA-N,dtiam,drugclip,382,0.12943371518501132,3,3.0,0.2617801047120419
FIVE_FIXED_720_DRUGS,drug_id,METQSPRSQINEEU-HXCATZOESA-N,dtiam,conplex,382,-0.03970055922647238,4,4.0,0.2617801047120419
FIVE_FIXED_720_DRUGS,drug_id,METQSPRSQINEEU-HXCATZOESA-N,dtiam,probematch,382,0.16751664563069826,4,4.0,0.2617801047120419
FIVE_FIXED_720_DRUGS,drug_id,MEZLKOACVSPNER-GFCCVEGCSA-N,dtiam,biomaster,382,0.3238259882668522,1,1.0,0.2617801047120419
FIVE_FIXED_720_DRUGS,drug_id,MEZLKOACVSPNER-GFCCVEGCSA-N,dtiam,drugclip,382,0.21910361316929214,2,2.0,0.2617801047120419
FIVE_FIXED_720_DRUGS,drug_id,MEZLKOACVSPNER-GFCCVEGCSA-N,dtiam,conplex,382,0.3206305884660645,1,1.0,0.2617801047120419
FIVE_FIXED_720_DRUGS,drug_id,MEZLKOACVSPNER-GFCCVEGCSA-N,dtiam,probematch,382,0.08099139856912989,0,0.0,0.2617801047120419
FIVE_FIXED_720_DRUGS,drug_id,MFBCDACCJCDGBA-UHFFFAOYSA-N,dtiam,biomaster,382,0.28251488009544445,3,3.0,0.2617801047120419
FIVE_FIXED_720_DRUGS,drug_id,MFBCDACCJCDGBA-UHFFFAOYSA-N,dtiam,drugclip,382,0.029750934052467534,3,3.0,0.2617801047120419
FIVE_FIXED_720_DRUGS,drug_id,MFBCDACCJCDGBA-UHFFFAOYSA-N,dtiam,conplex,382,0.24916393338230433,0,0.0,0.2617801047120419
FIVE_FIXED_720_DRUGS,drug_id,MFBCDACCJCDGBA-UHFFFAOYSA-N,dtiam,probematch,382,0.14663593109942907,1,1.0,0.2617801047120419
FIVE_FIXED_720_DRUGS,drug_id,MFFMDFFZMYYVKS-SECBINFHSA-N,dtiam,biomaster,382,0.26360854517944327,2,2.0,0.2617801047120419
FIVE_FIXED_720_DRUGS,drug_id,MFFMDFFZMYYVKS-SECBINFHSA-N,dtiam,drugclip,382,0.20200752796075877,0,0.0,0.2617801047120419
FIVE_FIXED_720_DRUGS,drug_id,MFFMDFFZMYYVKS-SECBINFHSA-N,dtiam,conplex,382,0.007096703487027279,2,2.0,0.2617801047120419
FIVE_FIXED_720_DRUGS,drug_id,MFFMDFFZMYYVKS-SECBINFHSA-N,dtiam,probematch,382,0.012818027495172182,1,1.0,0.2617801047120419
FIVE_FIXED_720_DRUGS,drug_id,MJIHNNLFOKEZEW-RUZDIDTESA-N,dtiam,biomaster,382,0.36255228632557523,2,2.0,0.2617801047120419
FIVE_FIXED_720_DRUGS,drug_id,MJIHNNLFOKEZEW-RUZDIDTESA-N,dtiam,drugclip,382,0.19522850985061943,2,2.0,0.2617801047120419
FIVE_FIXED_720_DRUGS,drug_id,MJIHNNLFOKEZEW-RUZDIDTESA-N,dtiam,conplex,382,0.24137956303795818,1,1.0,0.2617801047120419
FIVE_FIXED_720_DRUGS,drug_id,MJIHNNLFOKEZEW-RUZDIDTESA-N,dtiam,probematch,382,0.08810689191922312,0,0.0,0.2617801047120419
FIVE_FIXED_720_DRUGS,drug_id,MJIHNNLFOKEZEW-UHFFFAOYSA-N,dtiam,biomaster,382,0.39092319828864774,2,2.0,0.2617801047120419
FIVE_FIXED_720_DRUGS,drug_id,MJIHNNLFOKEZEW-UHFFFAOYSA-N,dtiam,drugclip,382,0.19371383308266324,2,2.0,0.2617801047120419
FIVE_FIXED_720_DRUGS,drug_id,MJIHNNLFOKEZEW-UHFFFAOYSA-N,dtiam,conplex,382,0.24137956303795818,1,1.0,0.2617801047120419
FIVE_FIXED_720_DRUGS,drug_id,MJIHNNLFOKEZEW-UHFFFAOYSA-N,dtiam,probematch,382,0.08958884684682553,0,0.0,0.2617801047120419
FIVE_FIXED_720_DRUGS,drug_id,MJUVRTYWUMPBTR-MRXNPFEDSA-N,dtiam,biomaster,382,0.3141767050419943,1,1.0,0.2617801047120419
FIVE_FIXED_720_DRUGS,drug_id,MJUVRTYWUMPBTR-MRXNPFEDSA-N,dtiam,drugclip,382,-0.011036194122748448,0,0.0,0.2617801047120419
FIVE_FIXED_720_DRUGS,drug_id,MJUVRTYWUMPBTR-MRXNPFEDSA-N,dtiam,conplex,382,0.16605143168427597,2,2.0,0.2617801047120419
FIVE_FIXED_720_DRUGS,drug_id,MJUVRTYWUMPBTR-MRXNPFEDSA-N,dtiam,probematch,382,0.08203806690992055,0,0.0,0.2617801047120419
FIVE_FIXED_720_DRUGS,drug_id,MKJIEFSOBYUXJB-HOCLYGCPSA-N,dtiam,biomaster,382,0.2850906486469788,1,1.0,0.2617801047120419
FIVE_FIXED_720_DRUGS,drug_id,MKJIEFSOBYUXJB-HOCLYGCPSA-N,dtiam,drugclip,382,0.22874880616410587,0,0.0,0.2617801047120419
FIVE_FIXED_720_DRUGS,drug_id,MKJIEFSOBYUXJB-HOCLYGCPSA-N,dtiam,conplex,382,0.30359876813802916,1,1.0,0.2617801047120419
FIVE_FIXED_720_DRUGS,drug_id,MKJIEFSOBYUXJB-HOCLYGCPSA-N,dtiam,probematch,382,0.12096306403868669,0,0.0,0.2617801047120419
FIVE_FIXED_720_DRUGS,drug_id,MKJIEFSOBYUXJB-WEZHFFAMSA-N,dtiam,biomaster,382,0.08930382239532267,2,2.0,0.2617801047120419
FIVE_FIXED_720_DRUGS,drug_id,MKJIEFSOBYUXJB-WEZHFFAMSA-N,dtiam,drugclip,382,0.16818089494448646,0,0.0,0.2617801047120419
FIVE_FIXED_720_DRUGS,drug_id,MKJIEFSOBYUXJB-WEZHFFAMSA-N,dtiam,conplex,382,0.16955428554934515,1,1.0,0.2617801047120419
FIVE_FIXED_720_DRUGS,drug_id,MKJIEFSOBYUXJB-WEZHFFAMSA-N,dtiam,probematch,382,0.04635180308906375,2,2.0,0.2617801047120419
FIVE_FIXED_720_DRUGS,drug_id,MKPLKVHSHYCHOC-AHTXBMBWSA-N,dtiam,biomaster,382,0.24915948463531995,2,2.0,0.2617801047120419
FIVE_FIXED_720_DRUGS,drug_id,MKPLKVHSHYCHOC-AHTXBMBWSA-N,dtiam,drugclip,382,-0.011101637803456051,0,0.0,0.2617801047120419
FIVE_FIXED_720_DRUGS,drug_id,MKPLKVHSHYCHOC-AHTXBMBWSA-N,dtiam,conplex,382,0.06558587911835008,0,0.0,0.2617801047120419
FIVE_FIXED_720_DRUGS,drug_id,MKPLKVHSHYCHOC-AHTXBMBWSA-N,dtiam,probematch,382,0.11739143210901626,0,0.0,0.2617801047120419
FIVE_FIXED_720_DRUGS,drug_id,MKUXAQIIEYXACX-UHFFFAOYSA-N,dtiam,biomaster,382,0.2085396253413862,0,0.0,0.2617801047120419
FIVE_FIXED_720_DRUGS,drug_id,MKUXAQIIEYXACX-UHFFFAOYSA-N,dtiam,drugclip,382,-0.008191331489357167,0,0.0,0.2617801047120419
FIVE_FIXED_720_DRUGS,drug_id,MKUXAQIIEYXACX-UHFFFAOYSA-N,dtiam,conplex,382,0.0026038525063843817,1,1.0,0.2617801047120419
FIVE_FIXED_720_DRUGS,drug_id,MKUXAQIIEYXACX-UHFFFAOYSA-N,dtiam,probematch,382,0.11277356238908615,2,2.0,0.2617801047120419
FIVE_FIXED_720_DRUGS,drug_id,MKXZASYAUGDDCJ-NJAFHUGGSA-N,dtiam,biomaster,382,0.2137977237008703,0,0.0,0.2617801047120419
FIVE_FIXED_720_DRUGS,drug_id,MKXZASYAUGDDCJ-NJAFHUGGSA-N,dtiam,drugclip,382,0.12445009278902132,1,1.0,0.2617801047120419
FIVE_FIXED_720_DRUGS,drug_id,MKXZASYAUGDDCJ-NJAFHUGGSA-N,dtiam,conplex,382,0.1791306328606787,0,0.0,0.2617801047120419
FIVE_FIXED_720_DRUGS,drug_id,MKXZASYAUGDDCJ-NJAFHUGGSA-N,dtiam,probematch,382,0.1347691046179186,0,0.0,0.2617801047120419
FIVE_FIXED_720_DRUGS,drug_id,MLBVMOWEQCZNCC-OEMFJLHTSA-N,dtiam,biomaster,382,0.514752760124907,1,1.0,0.2617801047120419
FIVE_FIXED_720_DRUGS,drug_id,MLBVMOWEQCZNCC-OEMFJLHTSA-N,dtiam,drugclip,382,0.12523369475538865,0,0.0,0.2617801047120419
FIVE_FIXED_720_DRUGS,drug_id,MLBVMOWEQCZNCC-OEMFJLHTSA-N,dtiam,conplex,382,0.20941260164780817,0,0.0,0.2617801047120419
FIVE_FIXED_720_DRUGS,drug_id,MLBVMOWEQCZNCC-OEMFJLHTSA-N,dtiam,probematch,382,0.201535429303549,0,0.0,0.2617801047120419
FIVE_FIXED_720_DRUGS,drug_id,MLDQJTXFUGDVEO-UHFFFAOYSA-N,dtiam,biomaster,382,0.019974423145707663,5,5.0,0.2617801047120419
FIVE_FIXED_720_DRUGS,drug_id,MLDQJTXFUGDVEO-UHFFFAOYSA-N,dtiam,drugclip,382,0.164311752597915,2,2.0,0.2617801047120419
FIVE_FIXED_720_DRUGS,drug_id,MLDQJTXFUGDVEO-UHFFFAOYSA-N,dtiam,conplex,382,0.1748880187137534,6,6.0,0.2617801047120419
FIVE_FIXED_720_DRUGS,drug_id,MLDQJTXFUGDVEO-UHFFFAOYSA-N,dtiam,probematch,382,0.10367646022019861,0,0.0,0.2617801047120419
FIVE_FIXED_720_DRUGS,drug_id,MLYYVTUWGNIJIB-BXKDBHETSA-N,dtiam,biomaster,382,0.39643273815821894,3,3.0,0.2617801047120419
FIVE_FIXED_720_DRUGS,drug_id,MLYYVTUWGNIJIB-BXKDBHETSA-N,dtiam,drugclip,382,0.2128733317108754,0,0.0,0.2617801047120419
FIVE_FIXED_720_DRUGS,drug_id,MLYYVTUWGNIJIB-BXKDBHETSA-N,dtiam,conplex,382,0.1840751555913376,2,2.0,0.2617801047120419
FIVE_FIXED_720_DRUGS,drug_id,MLYYVTUWGNIJIB-BXKDBHETSA-N,dtiam,probematch,382,0.10434532047006216,0,0.0,0.2617801047120419
FIVE_FIXED_720_DRUGS,drug_id,MNDBXUUTURYVHR-UHFFFAOYSA-N,dtiam,biomaster,382,0.19377884621283986,1,1.0,0.2617801047120419
FIVE_FIXED_720_DRUGS,drug_id,MNDBXUUTURYVHR-UHFFFAOYSA-N,dtiam,drugclip,382,0.07448750224828105,1,1.0,0.2617801047120419
FIVE_FIXED_720_DRUGS,drug_id,MNDBXUUTURYVHR-UHFFFAOYSA-N,dtiam,conplex,382,0.1738746600680424,0,0.0,0.2617801047120419
FIVE_FIXED_720_DRUGS,drug_id,MNDBXUUTURYVHR-UHFFFAOYSA-N,dtiam,probematch,382,0.04820476036041815,0,0.0,0.2617801047120419
FIVE_FIXED_720_DRUGS,drug_id,MOTJMGVDPWRKOC-QPVYNBJUSA-N,dtiam,biomaster,382,0.5579008121367028,1,1.0,0.2617801047120419
FIVE_FIXED_720_DRUGS,drug_id,MOTJMGVDPWRKOC-QPVYNBJUSA-N,dtiam,drugclip,382,0.1416622113656514,0,0.0,0.2617801047120419
FIVE_FIXED_720_DRUGS,drug_id,MOTJMGVDPWRKOC-QPVYNBJUSA-N,dtiam,conplex,382,0.3403107292007732,1,1.0,0.2617801047120419
FIVE_FIXED_720_DRUGS,drug_id,MOTJMGVDPWRKOC-QPVYNBJUSA-N,dtiam,probematch,382,0.14239436254356766,0,0.0,0.2617801047120419
FIVE_FIXED_720_DRUGS,drug_id,MOYKHGMNXAOIAT-JGWLITMVSA-N,dtiam,biomaster,382,0.2669911654260174,1,1.0,0.2617801047120419
FIVE_FIXED_720_DRUGS,drug_id,MOYKHGMNXAOIAT-JGWLITMVSA-N,dtiam,drugclip,382,0.06591717865403661,0,0.0,0.2617801047120419
FIVE_FIXED_720_DRUGS,drug_id,MOYKHGMNXAOIAT-JGWLITMVSA-N,dtiam,conplex,382,-0.02630487546828602,0,0.0,0.2617801047120419
FIVE_FIXED_720_DRUGS,drug_id,MOYKHGMNXAOIAT-JGWLITMVSA-N,dtiam,probematch,382,0.01414175510264271,1,1.0,0.2617801047120419
FIVE_FIXED_720_DRUGS,drug_id,MQJKPEGWNLWLTK-UHFFFAOYSA-N,dtiam,biomaster,382,0.4111861979277388,4,4.0,0.2617801047120419
FIVE_FIXED_720_DRUGS,drug_id,MQJKPEGWNLWLTK-UHFFFAOYSA-N,dtiam,drugclip,382,0.038622427743126235,0,0.0,0.2617801047120419
FIVE_FIXED_720_DRUGS,drug_id,MQJKPEGWNLWLTK-UHFFFAOYSA-N,dtiam,conplex,382,0.17144482645758394,1,1.0,0.2617801047120419
FIVE_FIXED_720_DRUGS,drug_id,MQJKPEGWNLWLTK-UHFFFAOYSA-N,dtiam,probematch,382,0.09603203554280744,1,1.0,0.2617801047120419
FIVE_FIXED_720_DRUGS,drug_id,MQOBSOSZFYZQOK-UHFFFAOYSA-N,dtiam,biomaster,382,0.33418202018829907,0,0.0,0.2617801047120419
FIVE_FIXED_720_DRUGS,drug_id,MQOBSOSZFYZQOK-UHFFFAOYSA-N,dtiam,drugclip,382,0.17150840472309628,1,1.0,0.2617801047120419
FIVE_FIXED_720_DRUGS,drug_id,MQOBSOSZFYZQOK-UHFFFAOYSA-N,dtiam,conplex,382,0.04822604257474971,0,0.0,0.2617801047120419
FIVE_FIXED_720_DRUGS,drug_id,MQOBSOSZFYZQOK-UHFFFAOYSA-N,dtiam,probematch,382,0.20202216667881176,3,3.0,0.2617801047120419
FIVE_FIXED_720_DRUGS,drug_id,MRBDMNSDAVCSSF-UHFFFAOYSA-N,dtiam,biomaster,382,0.45958524421525765,2,2.0,0.2617801047120419
FIVE_FIXED_720_DRUGS,drug_id,MRBDMNSDAVCSSF-UHFFFAOYSA-N,dtiam,drugclip,382,0.058701797580758094,0,0.0,0.2617801047120419
FIVE_FIXED_720_DRUGS,drug_id,MRBDMNSDAVCSSF-UHFFFAOYSA-N,dtiam,conplex,382,0.188663630703711,3,3.0,0.2617801047120419
FIVE_FIXED_720_DRUGS,drug_id,MRBDMNSDAVCSSF-UHFFFAOYSA-N,dtiam,probematch,382,0.12849080952218472,0,0.0,0.2617801047120419
FIVE_FIXED_720_DRUGS,drug_id,MSYKRHVOOPPJKU-BDAKNGLRSA-N,dtiam,biomaster,382,0.4321438908485516,2,2.0,0.2617801047120419
FIVE_FIXED_720_DRUGS,drug_id,MSYKRHVOOPPJKU-BDAKNGLRSA-N,dtiam,drugclip,382,0.018627015259033732,0,0.0,0.2617801047120419
FIVE_FIXED_720_DRUGS,drug_id,MSYKRHVOOPPJKU-BDAKNGLRSA-N,dtiam,conplex,382,0.19580902602926212,0,0.0,0.2617801047120419
FIVE_FIXED_720_DRUGS,drug_id,MSYKRHVOOPPJKU-BDAKNGLRSA-N,dtiam,probematch,382,0.17582596544767407,0,0.0,0.2617801047120419
FIVE_FIXED_720_DRUGS,drug_id,MUGXRYIUWFITCP-PGRDOPGGSA-N,dtiam,biomaster,382,0.21179178877707613,3,3.0,0.2617801047120419
FIVE_FIXED_720_DRUGS,drug_id,MUGXRYIUWFITCP-PGRDOPGGSA-N,dtiam,drugclip,382,0.056088571133029244,1,1.0,0.2617801047120419
FIVE_FIXED_720_DRUGS,drug_id,MUGXRYIUWFITCP-PGRDOPGGSA-N,dtiam,conplex,382,0.09972455675394772,0,0.0,0.2617801047120419
FIVE_FIXED_720_DRUGS,drug_id,MUGXRYIUWFITCP-PGRDOPGGSA-N,dtiam,probematch,382,0.15908439089590926,0,0.0,0.2617801047120419
FIVE_FIXED_720_DRUGS,drug_id,MUMGGOZAMZWBJJ-DYKIIFRCSA-N,dtiam,biomaster,382,0.15814992867392266,6,6.0,0.2617801047120419
FIVE_FIXED_720_DRUGS,drug_id,MUMGGOZAMZWBJJ-DYKIIFRCSA-N,dtiam,drugclip,382,0.1193144860555985,2,2.0,0.2617801047120419
FIVE_FIXED_720_DRUGS,drug_id,MUMGGOZAMZWBJJ-DYKIIFRCSA-N,dtiam,conplex,382,-0.09827449128522214,4,4.0,0.2617801047120419
FIVE_FIXED_720_DRUGS,drug_id,MUMGGOZAMZWBJJ-DYKIIFRCSA-N,dtiam,probematch,382,0.2196491797983348,4,4.0,0.2617801047120419
FIVE_FIXED_720_DRUGS,drug_id,MVGWUTBTXDYMND-QGZVFWFLSA-N,dtiam,biomaster,382,0.42675985645875847,1,1.0,0.2617801047120419
FIVE_FIXED_720_DRUGS,drug_id,MVGWUTBTXDYMND-QGZVFWFLSA-N,dtiam,drugclip,382,0.07405910446996486,0,0.0,0.2617801047120419
FIVE_FIXED_720_DRUGS,drug_id,MVGWUTBTXDYMND-QGZVFWFLSA-N,dtiam,conplex,382,0.20213601122973346,1,1.0,0.2617801047120419
FIVE_FIXED_720_DRUGS,drug_id,MVGWUTBTXDYMND-QGZVFWFLSA-N,dtiam,probematch,382,0.10803934220271078,1,1.0,0.2617801047120419
FIVE_FIXED_720_DRUGS,drug_id,MVRHVFSOIWFBTE-INIZCTEOSA-N,dtiam,biomaster,382,0.1664299625297237,0,0.0,0.2617801047120419
FIVE_FIXED_720_DRUGS,drug_id,MVRHVFSOIWFBTE-INIZCTEOSA-N,dtiam,drugclip,382,0.07781792243104353,0,0.0,0.2617801047120419
FIVE_FIXED_720_DRUGS,drug_id,MVRHVFSOIWFBTE-INIZCTEOSA-N,dtiam,conplex,382,0.17803649940150193,0,0.0,0.2617801047120419
FIVE_FIXED_720_DRUGS,drug_id,MVRHVFSOIWFBTE-INIZCTEOSA-N,dtiam,probematch,382,0.10572636227070575,0,0.0,0.2617801047120419
FIVE_FIXED_720_DRUGS,drug_id,MVWVFYHBGMAFLY-UHFFFAOYSA-N,dtiam,biomaster,382,0.29701453032695685,2,2.0,0.2617801047120419
FIVE_FIXED_720_DRUGS,drug_id,MVWVFYHBGMAFLY-UHFFFAOYSA-N,dtiam,drugclip,382,0.11830570616153331,0,0.0,0.2617801047120419
FIVE_FIXED_720_DRUGS,drug_id,MVWVFYHBGMAFLY-UHFFFAOYSA-N,dtiam,conplex,382,0.09794219625232578,1,1.0,0.2617801047120419
FIVE_FIXED_720_DRUGS,drug_id,MVWVFYHBGMAFLY-UHFFFAOYSA-N,dtiam,probematch,382,0.23841163391029715,1,1.0,0.2617801047120419
FIVE_FIXED_720_DRUGS,drug_id,MWKYMZXCGYXLPL-ZDUSSCGKSA-N,dtiam,biomaster,382,0.16794452270298332,0,0.0,0.2617801047120419
FIVE_FIXED_720_DRUGS,drug_id,MWKYMZXCGYXLPL-ZDUSSCGKSA-N,dtiam,drugclip,382,-0.056761521612937016,1,1.0,0.2617801047120419
FIVE_FIXED_720_DRUGS,drug_id,MWKYMZXCGYXLPL-ZDUSSCGKSA-N,dtiam,conplex,382,-0.02368936176194753,0,0.0,0.2617801047120419
FIVE_FIXED_720_DRUGS,drug_id,MWKYMZXCGYXLPL-ZDUSSCGKSA-N,dtiam,probematch,382,0.041701299078729645,0,0.0,0.2617801047120419
FIVE_FIXED_720_DRUGS,drug_id,MWLSOWXNZPKENC-UHFFFAOYSA-N,dtiam,biomaster,382,0.2915717257896862,1,1.0,0.2617801047120419
FIVE_FIXED_720_DRUGS,drug_id,MWLSOWXNZPKENC-UHFFFAOYSA-N,dtiam,drugclip,382,-0.0179430857405862,0,0.0,0.2617801047120419
FIVE_FIXED_720_DRUGS,drug_id,MWLSOWXNZPKENC-UHFFFAOYSA-N,dtiam,conplex,382,0.22015262911078132,0,0.0,0.2617801047120419
FIVE_FIXED_720_DRUGS,drug_id,MWLSOWXNZPKENC-UHFFFAOYSA-N,dtiam,probematch,382,0.18103304356923808,0,0.0,0.2617801047120419
FIVE_FIXED_720_DRUGS,drug_id,MWTBKTRZPHJQLH-UHFFFAOYSA-N,dtiam,biomaster,382,0.34438606777231323,4,4.0,0.2617801047120419
FIVE_FIXED_720_DRUGS,drug_id,MWTBKTRZPHJQLH-UHFFFAOYSA-N,dtiam,drugclip,382,0.031103508545513123,1,1.0,0.2617801047120419
FIVE_FIXED_720_DRUGS,drug_id,MWTBKTRZPHJQLH-UHFFFAOYSA-N,dtiam,conplex,382,0.17016476527650534,1,1.0,0.2617801047120419
FIVE_FIXED_720_DRUGS,drug_id,MWTBKTRZPHJQLH-UHFFFAOYSA-N,dtiam,probematch,382,0.1988995020198475,0,0.0,0.2617801047120419
FIVE_FIXED_720_DRUGS,drug_id,MXAYKZJJDUDWDS-LBPRGKRZSA-N,dtiam,biomaster,382,0.3303800437245592,1,1.0,0.2617801047120419
FIVE_FIXED_720_DRUGS,drug_id,MXAYKZJJDUDWDS-LBPRGKRZSA-N,dtiam,drugclip,382,0.3106235867851556,3,3.0,0.2617801047120419
FIVE_FIXED_720_DRUGS,drug_id,MXAYKZJJDUDWDS-LBPRGKRZSA-N,dtiam,conplex,382,0.3078086217406366,0,0.0,0.2617801047120419
FIVE_FIXED_720_DRUGS,drug_id,MXAYKZJJDUDWDS-LBPRGKRZSA-N,dtiam,probematch,382,0.1415756707089262,0,0.0,0.2617801047120419
FIVE_FIXED_720_DRUGS,drug_id,MYSWGUAQZAJSOK-UHFFFAOYSA-N,dtiam,biomaster,382,0.4224414346331188,2,2.0,0.2617801047120419
FIVE_FIXED_720_DRUGS,drug_id,MYSWGUAQZAJSOK-UHFFFAOYSA-N,dtiam,drugclip,382,0.08726839476015698,1,1.0,0.2617801047120419
FIVE_FIXED_720_DRUGS,drug_id,MYSWGUAQZAJSOK-UHFFFAOYSA-N,dtiam,conplex,382,0.197311941142329,0,0.0,0.2617801047120419
FIVE_FIXED_720_DRUGS,drug_id,MYSWGUAQZAJSOK-UHFFFAOYSA-N,dtiam,probematch,382,0.0807354362784676,1,1.0,0.2617801047120419
FIVE_FIXED_720_DRUGS,drug_id,NBGABHGMJVIVBW-QHCPKHFHSA-N,dtiam,biomaster,382,0.22223091695100042,2,2.0,0.2617801047120419
FIVE_FIXED_720_DRUGS,drug_id,NBGABHGMJVIVBW-QHCPKHFHSA-N,dtiam,drugclip,382,0.02556533706563237,1,1.0,0.2617801047120419
FIVE_FIXED_720_DRUGS,drug_id,NBGABHGMJVIVBW-QHCPKHFHSA-N,dtiam,conplex,382,0.20066001001325517,1,1.0,0.2617801047120419
FIVE_FIXED_720_DRUGS,drug_id,NBGABHGMJVIVBW-QHCPKHFHSA-N,dtiam,probematch,382,0.07035728022978499,0,0.0,0.2617801047120419
FIVE_FIXED_720_DRUGS,drug_id,NBRBXGKOEOGLOI-UHFFFAOYSA-N,dtiam,biomaster,382,0.3861899410264174,3,3.0,0.2617801047120419
FIVE_FIXED_720_DRUGS,drug_id,NBRBXGKOEOGLOI-UHFFFAOYSA-N,dtiam,drugclip,382,-0.10483162729479398,1,1.0,0.2617801047120419
FIVE_FIXED_720_DRUGS,drug_id,NBRBXGKOEOGLOI-UHFFFAOYSA-N,dtiam,conplex,382,0.17852052284325023,0,0.0,0.2617801047120419
FIVE_FIXED_720_DRUGS,drug_id,NBRBXGKOEOGLOI-UHFFFAOYSA-N,dtiam,probematch,382,0.13948211875207941,0,0.0,0.2617801047120419
FIVE_FIXED_720_DRUGS,drug_id,NCLGDOBQAWBXRA-PGRDOPGGSA-N,dtiam,biomaster,382,0.32195782951296875,0,0.0,0.2617801047120419
FIVE_FIXED_720_DRUGS,drug_id,NCLGDOBQAWBXRA-PGRDOPGGSA-N,dtiam,drugclip,382,-0.17637319517253827,0,0.0,0.2617801047120419
FIVE_FIXED_720_DRUGS,drug_id,NCLGDOBQAWBXRA-PGRDOPGGSA-N,dtiam,conplex,382,0.16860913253866083,0,0.0,0.2617801047120419
FIVE_FIXED_720_DRUGS,drug_id,NCLGDOBQAWBXRA-PGRDOPGGSA-N,dtiam,probematch,382,0.067406668215931,0,0.0,0.2617801047120419
FIVE_FIXED_720_DRUGS,drug_id,NCNRHFGMJRPRSK-MDZDMXLPSA-N,dtiam,biomaster,382,0.3372316095991672,3,3.0,0.2617801047120419
FIVE_FIXED_720_DRUGS,drug_id,NCNRHFGMJRPRSK-MDZDMXLPSA-N,dtiam,drugclip,382,0.13646073040099002,1,1.0,0.2617801047120419
FIVE_FIXED_720_DRUGS,drug_id,NCNRHFGMJRPRSK-MDZDMXLPSA-N,dtiam,conplex,382,-0.006761126782913175,1,1.0,0.2617801047120419
FIVE_FIXED_720_DRUGS,drug_id,NCNRHFGMJRPRSK-MDZDMXLPSA-N,dtiam,probematch,382,0.1912967224017917,1,1.0,0.2617801047120419
FIVE_FIXED_720_DRUGS,drug_id,NDAUXUAQIAJITI-LBPRGKRZSA-N,dtiam,biomaster,382,0.0593652759489845,1,1.0,0.2617801047120419
FIVE_FIXED_720_DRUGS,drug_id,NDAUXUAQIAJITI-LBPRGKRZSA-N,dtiam,drugclip,382,0.08070529774129963,0,0.0,0.2617801047120419
FIVE_FIXED_720_DRUGS,drug_id,NDAUXUAQIAJITI-LBPRGKRZSA-N,dtiam,conplex,382,0.15390080346236817,0,0.0,0.2617801047120419
FIVE_FIXED_720_DRUGS,drug_id,NDAUXUAQIAJITI-LBPRGKRZSA-N,dtiam,probematch,382,0.08777816658882673,0,0.0,0.2617801047120419
FIVE_FIXED_720_DRUGS,drug_id,NDAUXUAQIAJITI-UHFFFAOYSA-N,dtiam,biomaster,382,0.07590078436619357,1,1.0,0.2617801047120419
FIVE_FIXED_720_DRUGS,drug_id,NDAUXUAQIAJITI-UHFFFAOYSA-N,dtiam,drugclip,382,0.07893186010422983,0,0.0,0.2617801047120419
FIVE_FIXED_720_DRUGS,drug_id,NDAUXUAQIAJITI-UHFFFAOYSA-N,dtiam,conplex,382,0.15390080346236817,0,0.0,0.2617801047120419
FIVE_FIXED_720_DRUGS,drug_id,NDAUXUAQIAJITI-UHFFFAOYSA-N,dtiam,probematch,382,0.15763197638516446,0,0.0,0.2617801047120419
FIVE_FIXED_720_DRUGS,drug_id,NDCUAPJVLWFHHB-UHNVWZDZSA-N,dtiam,biomaster,382,0.4152919277910788,4,4.0,0.2617801047120419
FIVE_FIXED_720_DRUGS,drug_id,NDCUAPJVLWFHHB-UHNVWZDZSA-N,dtiam,drugclip,382,0.1582149418040993,0,0.0,0.2617801047120419
FIVE_FIXED_720_DRUGS,drug_id,NDCUAPJVLWFHHB-UHNVWZDZSA-N,dtiam,conplex,382,-0.028032184140504044,2,2.0,0.2617801047120419
FIVE_FIXED_720_DRUGS,drug_id,NDCUAPJVLWFHHB-UHNVWZDZSA-N,dtiam,probematch,382,0.0797356979455528,0,0.0,0.2617801047120419
FIVE_FIXED_720_DRUGS,drug_id,NDDAHWYSQHTHNT-UHFFFAOYSA-N,dtiam,biomaster,382,0.40201934657283395,5,5.0,0.2617801047120419
FIVE_FIXED_720_DRUGS,drug_id,NDDAHWYSQHTHNT-UHFFFAOYSA-N,dtiam,drugclip,382,0.17070004610119807,0,0.0,0.2617801047120419
FIVE_FIXED_720_DRUGS,drug_id,NDDAHWYSQHTHNT-UHFFFAOYSA-N,dtiam,conplex,382,0.19676217010936467,4,4.0,0.2617801047120419
FIVE_FIXED_720_DRUGS,drug_id,NDDAHWYSQHTHNT-UHFFFAOYSA-N,dtiam,probematch,382,0.14414703387534106,1,1.0,0.2617801047120419
FIVE_FIXED_720_DRUGS,drug_id,NEMGRZFTLSKBAP-LBPRGKRZSA-N,dtiam,biomaster,382,0.4356886133700364,0,0.0,0.2617801047120419
FIVE_FIXED_720_DRUGS,drug_id,NEMGRZFTLSKBAP-LBPRGKRZSA-N,dtiam,drugclip,382,0.20855727791315604,0,0.0,0.2617801047120419
FIVE_FIXED_720_DRUGS,drug_id,NEMGRZFTLSKBAP-LBPRGKRZSA-N,dtiam,conplex,382,0.29412615596807623,0,0.0,0.2617801047120419
FIVE_FIXED_720_DRUGS,drug_id,NEMGRZFTLSKBAP-LBPRGKRZSA-N,dtiam,probematch,382,0.1707254485825254,0,0.0,0.2617801047120419
FIVE_FIXED_720_DRUGS,drug_id,NEQYWYXGTJDAKR-JTQLQIEISA-N,dtiam,biomaster,382,0.31855475811617356,4,4.0,0.2617801047120419
FIVE_FIXED_720_DRUGS,drug_id,NEQYWYXGTJDAKR-JTQLQIEISA-N,dtiam,drugclip,382,0.09621652644532853,0,0.0,0.2617801047120419
FIVE_FIXED_720_DRUGS,drug_id,NEQYWYXGTJDAKR-JTQLQIEISA-N,dtiam,conplex,382,0.12628271070855052,1,1.0,0.2617801047120419
FIVE_FIXED_720_DRUGS,drug_id,NEQYWYXGTJDAKR-JTQLQIEISA-N,dtiam,probematch,382,0.1736654628832613,1,1.0,0.2617801047120419
FIVE_FIXED_720_DRUGS,drug_id,NFEZZTICAUWDHU-RDTXWAMCSA-N,dtiam,biomaster,382,0.3499151976910436,1,1.0,0.2617801047120419
FIVE_FIXED_720_DRUGS,drug_id,NFEZZTICAUWDHU-RDTXWAMCSA-N,dtiam,drugclip,382,0.2013522300526208,1,1.0,0.2617801047120419
FIVE_FIXED_720_DRUGS,drug_id,NFEZZTICAUWDHU-RDTXWAMCSA-N,dtiam,conplex,382,0.24262734430234906,3,3.0,0.2617801047120419
FIVE_FIXED_720_DRUGS,drug_id,NFEZZTICAUWDHU-RDTXWAMCSA-N,dtiam,probematch,382,0.08585524800364867,1,1.0,0.2617801047120419
FIVE_FIXED_720_DRUGS,drug_id,NGBFQHCMQULJNZ-UHFFFAOYSA-N,dtiam,biomaster,382,0.21249853747366512,3,3.0,0.2617801047120419
FIVE_FIXED_720_DRUGS,drug_id,NGBFQHCMQULJNZ-UHFFFAOYSA-N,dtiam,drugclip,382,0.040656563726699006,1,1.0,0.2617801047120419
FIVE_FIXED_720_DRUGS,drug_id,NGBFQHCMQULJNZ-UHFFFAOYSA-N,dtiam,conplex,382,0.15291998160661877,0,0.0,0.2617801047120419
FIVE_FIXED_720_DRUGS,drug_id,NGBFQHCMQULJNZ-UHFFFAOYSA-N,dtiam,probematch,382,0.20452851996471022,0,0.0,0.2617801047120419
FIVE_FIXED_720_DRUGS,drug_id,NHHQJBCNYHBUSI-UHFFFAOYSA-N,dtiam,biomaster,382,0.17144575962084,4,4.0,0.2617801047120419
FIVE_FIXED_720_DRUGS,drug_id,NHHQJBCNYHBUSI-UHFFFAOYSA-N,dtiam,drugclip,382,0.028584142113535962,0,0.0,0.2617801047120419
FIVE_FIXED_720_DRUGS,drug_id,NHHQJBCNYHBUSI-UHFFFAOYSA-N,dtiam,conplex,382,0.1842672457529156,7,7.0,0.2617801047120419
FIVE_FIXED_720_DRUGS,drug_id,NHHQJBCNYHBUSI-UHFFFAOYSA-N,dtiam,probematch,382,0.11323920691168139,0,0.0,0.2617801047120419
FIVE_FIXED_720_DRUGS,drug_id,NIJJYAXOARWZEE-UHFFFAOYSA-N,dtiam,biomaster,382,0.12986663374390275,1,1.0,0.2617801047120419
FIVE_FIXED_720_DRUGS,drug_id,NIJJYAXOARWZEE-UHFFFAOYSA-N,dtiam,drugclip,382,-0.04809087974497631,1,1.0,0.2617801047120419
FIVE_FIXED_720_DRUGS,drug_id,NIJJYAXOARWZEE-UHFFFAOYSA-N,dtiam,conplex,382,0.07629126889872866,1,1.0,0.2617801047120419
FIVE_FIXED_720_DRUGS,drug_id,NIJJYAXOARWZEE-UHFFFAOYSA-N,dtiam,probematch,382,-0.012518149050350839,1,1.0,0.2617801047120419
FIVE_FIXED_720_DRUGS,drug_id,NKANXQFJJICGDU-QPLCGJKRSA-N,dtiam,biomaster,382,-0.041516373137048215,0,0.0,0.2617801047120419
FIVE_FIXED_720_DRUGS,drug_id,NKANXQFJJICGDU-QPLCGJKRSA-N,dtiam,drugclip,382,0.148162448006987,2,2.0,0.2617801047120419
FIVE_FIXED_720_DRUGS,drug_id,NKANXQFJJICGDU-QPLCGJKRSA-N,dtiam,conplex,382,0.28895846911040907,3,3.0,0.2617801047120419
FIVE_FIXED_720_DRUGS,drug_id,NKANXQFJJICGDU-QPLCGJKRSA-N,dtiam,probematch,382,0.17073944147478196,2,2.0,0.2617801047120419
FIVE_FIXED_720_DRUGS,drug_id,NKHAVTQWNUWKEO-NSCUHMNNSA-N,dtiam,biomaster,382,-0.03030160818157952,2,2.0,0.2617801047120419
FIVE_FIXED_720_DRUGS,drug_id,NKHAVTQWNUWKEO-NSCUHMNNSA-N,dtiam,drugclip,382,0.07780855376892633,0,0.0,0.2617801047120419
FIVE_FIXED_720_DRUGS,drug_id,NKHAVTQWNUWKEO-NSCUHMNNSA-N,dtiam,conplex,382,-0.19863166415767922,0,0.0,0.2617801047120419
FIVE_FIXED_720_DRUGS,drug_id,NKHAVTQWNUWKEO-NSCUHMNNSA-N,dtiam,probematch,382,-0.20414284331910976,1,1.0,0.2617801047120419
FIVE_FIXED_720_DRUGS,drug_id,NNACHAUCXXVJSP-UHFFFAOYSA-N,dtiam,biomaster,382,0.4110126860637575,0,0.0,0.2617801047120419
FIVE_FIXED_720_DRUGS,drug_id,NNACHAUCXXVJSP-UHFFFAOYSA-N,dtiam,drugclip,382,0.25305338363742225,0,0.0,0.2617801047120419
FIVE_FIXED_720_DRUGS,drug_id,NNACHAUCXXVJSP-UHFFFAOYSA-N,dtiam,conplex,382,0.2885136315545475,1,1.0,0.2617801047120419
FIVE_FIXED_720_DRUGS,drug_id,NNACHAUCXXVJSP-UHFFFAOYSA-N,dtiam,probematch,382,0.14094276142839876,0,0.0,0.2617801047120419
FIVE_FIXED_720_DRUGS,drug_id,NNJVILVZKWQKPM-UHFFFAOYSA-N,dtiam,biomaster,382,0.19940248197311838,2,2.0,0.2617801047120419
FIVE_FIXED_720_DRUGS,drug_id,NNJVILVZKWQKPM-UHFFFAOYSA-N,dtiam,drugclip,382,0.13341759924808655,0,0.0,0.2617801047120419
FIVE_FIXED_720_DRUGS,drug_id,NNJVILVZKWQKPM-UHFFFAOYSA-N,dtiam,conplex,382,0.327975358767884,0,0.0,0.2617801047120419
FIVE_FIXED_720_DRUGS,drug_id,NNJVILVZKWQKPM-UHFFFAOYSA-N,dtiam,probematch,382,0.12530968692410502,0,0.0,0.2617801047120419
FIVE_FIXED_720_DRUGS,drug_id,NOZIJMHMKORZBA-KJCUYJGMSA-N,dtiam,biomaster,382,0.45452153942050694,1,1.0,0.2617801047120419
FIVE_FIXED_720_DRUGS,drug_id,NOZIJMHMKORZBA-KJCUYJGMSA-N,dtiam,drugclip,382,0.030111520122155795,0,0.0,0.2617801047120419
FIVE_FIXED_720_DRUGS,drug_id,NOZIJMHMKORZBA-KJCUYJGMSA-N,dtiam,conplex,382,0.041308642579909606,0,0.0,0.2617801047120419
FIVE_FIXED_720_DRUGS,drug_id,NOZIJMHMKORZBA-KJCUYJGMSA-N,dtiam,probematch,382,0.06387777530211233,0,0.0,0.2617801047120419
FIVE_FIXED_720_DRUGS,drug_id,NQDJXKOVJZTUJA-UHFFFAOYSA-N,dtiam,biomaster,382,0.05638737320152316,3,3.0,0.2617801047120419
FIVE_FIXED_720_DRUGS,drug_id,NQDJXKOVJZTUJA-UHFFFAOYSA-N,dtiam,drugclip,382,0.11021846026303839,0,0.0,0.2617801047120419
FIVE_FIXED_720_DRUGS,drug_id,NQDJXKOVJZTUJA-UHFFFAOYSA-N,dtiam,conplex,382,-0.07941499113389071,1,1.0,0.2617801047120419
FIVE_FIXED_720_DRUGS,drug_id,NQDJXKOVJZTUJA-UHFFFAOYSA-N,dtiam,probematch,382,0.2572876328342571,1,1.0,0.2617801047120419
FIVE_FIXED_720_DRUGS,drug_id,NSQSAUGJQHDYNO-UHFFFAOYSA-N,dtiam,biomaster,382,0.23618850406402028,1,1.0,0.2617801047120419
FIVE_FIXED_720_DRUGS,drug_id,NSQSAUGJQHDYNO-UHFFFAOYSA-N,dtiam,drugclip,382,0.04551618756976937,3,3.0,0.2617801047120419
FIVE_FIXED_720_DRUGS,drug_id,NSQSAUGJQHDYNO-UHFFFAOYSA-N,dtiam,conplex,382,0.2979593201642581,0,0.0,0.2617801047120419
FIVE_FIXED_720_DRUGS,drug_id,NSQSAUGJQHDYNO-UHFFFAOYSA-N,dtiam,probematch,382,0.14432262970016774,1,1.0,0.2617801047120419
FIVE_FIXED_720_DRUGS,drug_id,NTJOBXMMWNYJFB-UHFFFAOYSA-N,dtiam,biomaster,382,0.32368885792273794,1,1.0,0.2617801047120419
FIVE_FIXED_720_DRUGS,drug_id,NTJOBXMMWNYJFB-UHFFFAOYSA-N,dtiam,drugclip,382,0.10448202026364546,0,0.0,0.2617801047120419
FIVE_FIXED_720_DRUGS,drug_id,NTJOBXMMWNYJFB-UHFFFAOYSA-N,dtiam,conplex,382,0.1265244615636351,0,0.0,0.2617801047120419
FIVE_FIXED_720_DRUGS,drug_id,NTJOBXMMWNYJFB-UHFFFAOYSA-N,dtiam,probematch,382,0.16190519040505225,1,1.0,0.2617801047120419
FIVE_FIXED_720_DRUGS,drug_id,NUKYPUAOHBNCPY-UHFFFAOYSA-N,dtiam,biomaster,382,0.20717973148931412,1,1.0,0.2617801047120419
FIVE_FIXED_720_DRUGS,drug_id,NUKYPUAOHBNCPY-UHFFFAOYSA-N,dtiam,drugclip,382,-0.004221655593803991,0,0.0,0.2617801047120419
FIVE_FIXED_720_DRUGS,drug_id,NUKYPUAOHBNCPY-UHFFFAOYSA-N,dtiam,conplex,382,0.036647216782941326,1,1.0,0.2617801047120419
FIVE_FIXED_720_DRUGS,drug_id,NUKYPUAOHBNCPY-UHFFFAOYSA-N,dtiam,probematch,382,0.012117521781282269,0,0.0,0.2617801047120419
FIVE_FIXED_720_DRUGS,drug_id,NXQKSXLFSAEQCZ-SFHVURJKSA-N,dtiam,biomaster,382,0.1430010082417059,1,1.0,0.2617801047120419
FIVE_FIXED_720_DRUGS,drug_id,NXQKSXLFSAEQCZ-SFHVURJKSA-N,dtiam,drugclip,382,-0.04829969675249728,0,0.0,0.2617801047120419
FIVE_FIXED_720_DRUGS,drug_id,NXQKSXLFSAEQCZ-SFHVURJKSA-N,dtiam,conplex,382,-0.0766158018911571,0,0.0,0.2617801047120419
FIVE_FIXED_720_DRUGS,drug_id,NXQKSXLFSAEQCZ-SFHVURJKSA-N,dtiam,probematch,382,0.12386605099375908,0,0.0,0.2617801047120419
FIVE_FIXED_720_DRUGS,drug_id,NYDCDZSEEAUOHN-IZHYLOQSSA-N,dtiam,biomaster,382,-0.08840892311669932,1,1.0,0.2617801047120419
FIVE_FIXED_720_DRUGS,drug_id,NYDCDZSEEAUOHN-IZHYLOQSSA-N,dtiam,drugclip,382,0.17281684778671733,3,3.0,0.2617801047120419
FIVE_FIXED_720_DRUGS,drug_id,NYDCDZSEEAUOHN-IZHYLOQSSA-N,dtiam,conplex,382,0.2312672996407947,0,0.0,0.2617801047120419
FIVE_FIXED_720_DRUGS,drug_id,NYDCDZSEEAUOHN-IZHYLOQSSA-N,dtiam,probematch,382,0.16254800234779204,1,1.0,0.2617801047120419
FIVE_FIXED_720_DRUGS,drug_id,NYNZQNWKBKUAII-KBXCAEBGSA-N,dtiam,biomaster,382,0.007376084058963465,0,0.0,0.2617801047120419
FIVE_FIXED_720_DRUGS,drug_id,NYNZQNWKBKUAII-KBXCAEBGSA-N,dtiam,drugclip,382,-0.08050745977231842,0,0.0,0.2617801047120419
FIVE_FIXED_720_DRUGS,drug_id,NYNZQNWKBKUAII-KBXCAEBGSA-N,dtiam,conplex,382,-0.05218341392980802,0,0.0,0.2617801047120419
FIVE_FIXED_720_DRUGS,drug_id,NYNZQNWKBKUAII-KBXCAEBGSA-N,dtiam,probematch,382,0.0823807851325735,0,0.0,0.2617801047120419
FIVE_FIXED_720_DRUGS,drug_id,OBWASQILIWPZMG-QZMOQZSNSA-N,dtiam,biomaster,382,0.36272730511641493,0,0.0,0.2617801047120419
FIVE_FIXED_720_DRUGS,drug_id,OBWASQILIWPZMG-QZMOQZSNSA-N,dtiam,drugclip,382,-0.014513750761401704,0,0.0,0.2617801047120419
FIVE_FIXED_720_DRUGS,drug_id,OBWASQILIWPZMG-QZMOQZSNSA-N,dtiam,conplex,382,0.3341841075738391,0,0.0,0.2617801047120419
FIVE_FIXED_720_DRUGS,drug_id,OBWASQILIWPZMG-QZMOQZSNSA-N,dtiam,probematch,382,0.12735028116564237,1,1.0,0.2617801047120419
FIVE_FIXED_720_DRUGS,drug_id,ODAIHABQVKJNIY-PEDHHIEDSA-N,dtiam,biomaster,382,0.5253632474101578,3,3.0,0.2617801047120419
FIVE_FIXED_720_DRUGS,drug_id,ODAIHABQVKJNIY-PEDHHIEDSA-N,dtiam,drugclip,382,0.30790638238419726,3,3.0,0.2617801047120419
FIVE_FIXED_720_DRUGS,drug_id,ODAIHABQVKJNIY-PEDHHIEDSA-N,dtiam,conplex,382,0.37836732222279595,0,0.0,0.2617801047120419
FIVE_FIXED_720_DRUGS,drug_id,ODAIHABQVKJNIY-PEDHHIEDSA-N,dtiam,probematch,382,0.13175997970384798,0,0.0,0.2617801047120419
FIVE_FIXED_720_DRUGS,drug_id,OEKWJQXRCDYSHL-FNOIDJSQSA-N,dtiam,biomaster,382,0.23614458790986123,2,2.0,0.2617801047120419
FIVE_FIXED_720_DRUGS,drug_id,OEKWJQXRCDYSHL-FNOIDJSQSA-N,dtiam,drugclip,382,-0.07051244447109074,1,1.0,0.2617801047120419
FIVE_FIXED_720_DRUGS,drug_id,OEKWJQXRCDYSHL-FNOIDJSQSA-N,dtiam,conplex,382,0.0014152903272121825,3,3.0,0.2617801047120419
FIVE_FIXED_720_DRUGS,drug_id,OEKWJQXRCDYSHL-FNOIDJSQSA-N,dtiam,probematch,382,0.015393150220910095,0,0.0,0.2617801047120419
FIVE_FIXED_720_DRUGS,drug_id,OEOLOEUAGSPDLT-UHFFFAOYSA-N,dtiam,biomaster,382,0.41447624981015413,2,2.0,0.2617801047120419
FIVE_FIXED_720_DRUGS,drug_id,OEOLOEUAGSPDLT-UHFFFAOYSA-N,dtiam,drugclip,382,-0.015138479581840713,2,2.0,0.2617801047120419
FIVE_FIXED_720_DRUGS,drug_id,OEOLOEUAGSPDLT-UHFFFAOYSA-N,dtiam,conplex,382,0.19619799096466742,0,0.0,0.2617801047120419
FIVE_FIXED_720_DRUGS,drug_id,OEOLOEUAGSPDLT-UHFFFAOYSA-N,dtiam,probematch,382,0.06991096537932417,1,1.0,0.2617801047120419
FIVE_FIXED_720_DRUGS,drug_id,OEXHQOGQTVQTAT-JRNQLAHRSA-N,dtiam,biomaster,382,0.3375469878631035,1,1.0,0.2617801047120419
FIVE_FIXED_720_DRUGS,drug_id,OEXHQOGQTVQTAT-JRNQLAHRSA-N,dtiam,drugclip,382,0.2764572493999471,0,0.0,0.2617801047120419
FIVE_FIXED_720_DRUGS,drug_id,OEXHQOGQTVQTAT-JRNQLAHRSA-N,dtiam,conplex,382,0.30720002916902134,0,0.0,0.2617801047120419
FIVE_FIXED_720_DRUGS,drug_id,OEXHQOGQTVQTAT-JRNQLAHRSA-N,dtiam,probematch,382,0.132696857659241,0,0.0,0.2617801047120419
FIVE_FIXED_720_DRUGS,drug_id,OFCNXPDARWKPPY-UHFFFAOYSA-N,dtiam,biomaster,382,0.3028448303421014,3,3.0,0.2617801047120419
FIVE_FIXED_720_DRUGS,drug_id,OFCNXPDARWKPPY-UHFFFAOYSA-N,dtiam,drugclip,382,-0.09705459305386371,0,0.0,0.2617801047120419
FIVE_FIXED_720_DRUGS,drug_id,OFCNXPDARWKPPY-UHFFFAOYSA-N,dtiam,conplex,382,-0.04147920457622508,0,0.0,0.2617801047120419
FIVE_FIXED_720_DRUGS,drug_id,OFCNXPDARWKPPY-UHFFFAOYSA-N,dtiam,probematch,382,0.08956322909023273,0,0.0,0.2617801047120419
FIVE_FIXED_720_DRUGS,drug_id,OFPXSFXSNFPTHF-UHFFFAOYSA-N,dtiam,biomaster,382,0.34802637251167357,1,1.0,0.2617801047120419
FIVE_FIXED_720_DRUGS,drug_id,OFPXSFXSNFPTHF-UHFFFAOYSA-N,dtiam,drugclip,382,-0.05390180498622722,1,1.0,0.2617801047120419
FIVE_FIXED_720_DRUGS,drug_id,OFPXSFXSNFPTHF-UHFFFAOYSA-N,dtiam,conplex,382,0.1429794196698737,0,0.0,0.2617801047120419
FIVE_FIXED_720_DRUGS,drug_id,OFPXSFXSNFPTHF-UHFFFAOYSA-N,dtiam,probematch,382,0.09440950586684298,1,1.0,0.2617801047120419
FIVE_FIXED_720_DRUGS,drug_id,OFZJKCQENFPZBH-UHFFFAOYSA-N,dtiam,biomaster,382,0.13942937631203547,1,1.0,0.2617801047120419
FIVE_FIXED_720_DRUGS,drug_id,OFZJKCQENFPZBH-UHFFFAOYSA-N,dtiam,drugclip,382,0.051895439511902085,0,0.0,0.2617801047120419
FIVE_FIXED_720_DRUGS,drug_id,OFZJKCQENFPZBH-UHFFFAOYSA-N,dtiam,conplex,382,0.02828116247567985,0,0.0,0.2617801047120419
FIVE_FIXED_720_DRUGS,drug_id,OFZJKCQENFPZBH-UHFFFAOYSA-N,dtiam,probematch,382,0.22304168000930336,0,0.0,0.2617801047120419
FIVE_FIXED_720_DRUGS,drug_id,OGHNVEJMJSYVRP-UHFFFAOYSA-N,dtiam,biomaster,382,0.507275604328798,3,3.0,0.2617801047120419
FIVE_FIXED_720_DRUGS,drug_id,OGHNVEJMJSYVRP-UHFFFAOYSA-N,dtiam,drugclip,382,0.0807548110523613,2,2.0,0.2617801047120419
FIVE_FIXED_720_DRUGS,drug_id,OGHNVEJMJSYVRP-UHFFFAOYSA-N,dtiam,conplex,382,0.31934841178802176,0,0.0,0.2617801047120419
FIVE_FIXED_720_DRUGS,drug_id,OGHNVEJMJSYVRP-UHFFFAOYSA-N,dtiam,probematch,382,0.20338292163194582,0,0.0,0.2617801047120419
FIVE_FIXED_720_DRUGS,drug_id,OGQICQVSFDPSEI-UHFFFAOYSA-N,dtiam,biomaster,382,0.3368583222888152,2,2.0,0.2617801047120419
FIVE_FIXED_720_DRUGS,drug_id,OGQICQVSFDPSEI-UHFFFAOYSA-N,dtiam,drugclip,382,0.08520971739631886,0,0.0,0.2617801047120419
FIVE_FIXED_720_DRUGS,drug_id,OGQICQVSFDPSEI-UHFFFAOYSA-N,dtiam,conplex,382,0.04799648446131492,0,0.0,0.2617801047120419
FIVE_FIXED_720_DRUGS,drug_id,OGQICQVSFDPSEI-UHFFFAOYSA-N,dtiam,probematch,382,0.1414229405192797,0,0.0,0.2617801047120419
FIVE_FIXED_720_DRUGS,drug_id,OHRURASPPZQGQM-GCCNXGTGSA-N,dtiam,biomaster,382,0.03150585801670557,3,3.0,0.2617801047120419
FIVE_FIXED_720_DRUGS,drug_id,OHRURASPPZQGQM-GCCNXGTGSA-N,dtiam,drugclip,382,0.1373269980693038,1,1.0,0.2617801047120419
FIVE_FIXED_720_DRUGS,drug_id,OHRURASPPZQGQM-GCCNXGTGSA-N,dtiam,conplex,382,0.3077947743569925,1,1.0,0.2617801047120419
FIVE_FIXED_720_DRUGS,drug_id,OHRURASPPZQGQM-GCCNXGTGSA-N,dtiam,probematch,382,0.13540609687537639,0,0.0,0.2617801047120419
FIVE_FIXED_720_DRUGS,drug_id,OIGNJSKKLXVSLS-VWUMJDOOSA-N,dtiam,biomaster,382,0.15384657611686692,4,4.0,0.2617801047120419
FIVE_FIXED_720_DRUGS,drug_id,OIGNJSKKLXVSLS-VWUMJDOOSA-N,dtiam,drugclip,382,0.15975006972227662,2,2.0,0.2617801047120419
FIVE_FIXED_720_DRUGS,drug_id,OIGNJSKKLXVSLS-VWUMJDOOSA-N,dtiam,conplex,382,0.013902286270273215,1,1.0,0.2617801047120419
FIVE_FIXED_720_DRUGS,drug_id,OIGNJSKKLXVSLS-VWUMJDOOSA-N,dtiam,probematch,382,0.14962062307015828,5,5.0,0.2617801047120419
FIVE_FIXED_720_DRUGS,drug_id,OJFSXZCBGQGRNV-UHFFFAOYSA-N,dtiam,biomaster,382,0.3260620524494504,4,4.0,0.2617801047120419
FIVE_FIXED_720_DRUGS,drug_id,OJFSXZCBGQGRNV-UHFFFAOYSA-N,dtiam,drugclip,382,0.19558823481924573,3,3.0,0.2617801047120419
FIVE_FIXED_720_DRUGS,drug_id,OJFSXZCBGQGRNV-UHFFFAOYSA-N,dtiam,conplex,382,0.2704686815266854,0,0.0,0.2617801047120419
FIVE_FIXED_720_DRUGS,drug_id,OJFSXZCBGQGRNV-UHFFFAOYSA-N,dtiam,probematch,382,0.15962769432482188,1,1.0,0.2617801047120419
FIVE_FIXED_720_DRUGS,drug_id,OJQMKCBWYCWFPU-UHFFFAOYSA-N,dtiam,biomaster,382,0.4225871759878524,4,4.0,0.2617801047120419
FIVE_FIXED_720_DRUGS,drug_id,OJQMKCBWYCWFPU-UHFFFAOYSA-N,dtiam,drugclip,382,-0.04393606712110557,0,0.0,0.2617801047120419
FIVE_FIXED_720_DRUGS,drug_id,OJQMKCBWYCWFPU-UHFFFAOYSA-N,dtiam,conplex,382,0.1915650205003403,1,1.0,0.2617801047120419
FIVE_FIXED_720_DRUGS,drug_id,OJQMKCBWYCWFPU-UHFFFAOYSA-N,dtiam,probematch,382,0.1772655111479758,0,0.0,0.2617801047120419
FIVE_FIXED_720_DRUGS,drug_id,OLAHOMJCDNXHFI-UHFFFAOYSA-N,dtiam,biomaster,382,0.09896042497920711,2,2.0,0.2617801047120419
FIVE_FIXED_720_DRUGS,drug_id,OLAHOMJCDNXHFI-UHFFFAOYSA-N,dtiam,drugclip,382,-0.16217772889115692,0,0.0,0.2617801047120419
FIVE_FIXED_720_DRUGS,drug_id,OLAHOMJCDNXHFI-UHFFFAOYSA-N,dtiam,conplex,382,0.047891771811504634,1,1.0,0.2617801047120419
FIVE_FIXED_720_DRUGS,drug_id,OLAHOMJCDNXHFI-UHFFFAOYSA-N,dtiam,probematch,382,0.12649661648593324,0,0.0,0.2617801047120419
FIVE_FIXED_720_DRUGS,drug_id,OLNTVTPDXPETLC-XPWALMASSA-N,dtiam,biomaster,382,0.3986212265071449,2,2.0,0.2617801047120419
FIVE_FIXED_720_DRUGS,drug_id,OLNTVTPDXPETLC-XPWALMASSA-N,dtiam,drugclip,382,0.21883150523371842,1,1.0,0.2617801047120419
FIVE_FIXED_720_DRUGS,drug_id,OLNTVTPDXPETLC-XPWALMASSA-N,dtiam,conplex,382,0.24935650790197791,1,1.0,0.2617801047120419
FIVE_FIXED_720_DRUGS,drug_id,OLNTVTPDXPETLC-XPWALMASSA-N,dtiam,probematch,382,0.14693968449902917,0,0.0,0.2617801047120419
FIVE_FIXED_720_DRUGS,drug_id,ONIQOQHATWINJY-UHFFFAOYSA-N,dtiam,biomaster,382,0.07140820485077604,4,4.0,0.2617801047120419
FIVE_FIXED_720_DRUGS,drug_id,ONIQOQHATWINJY-UHFFFAOYSA-N,dtiam,drugclip,382,0.0713655803482099,2,2.0,0.2617801047120419
FIVE_FIXED_720_DRUGS,drug_id,ONIQOQHATWINJY-UHFFFAOYSA-N,dtiam,conplex,382,0.33795545549378886,4,4.0,0.2617801047120419
FIVE_FIXED_720_DRUGS,drug_id,ONIQOQHATWINJY-UHFFFAOYSA-N,dtiam,probematch,382,0.1403096368726058,1,1.0,0.2617801047120419
FIVE_FIXED_720_DRUGS,drug_id,OPXLLQIJSORQAM-UHFFFAOYSA-N,dtiam,biomaster,382,0.24667111784157267,3,3.0,0.2617801047120419
FIVE_FIXED_720_DRUGS,drug_id,OPXLLQIJSORQAM-UHFFFAOYSA-N,dtiam,drugclip,382,0.09664169509466246,1,1.0,0.2617801047120419
FIVE_FIXED_720_DRUGS,drug_id,OPXLLQIJSORQAM-UHFFFAOYSA-N,dtiam,conplex,382,0.12625304988297587,0,0.0,0.2617801047120419
FIVE_FIXED_720_DRUGS,drug_id,OPXLLQIJSORQAM-UHFFFAOYSA-N,dtiam,probematch,382,0.13060911813456233,0,0.0,0.2617801047120419
FIVE_FIXED_720_DRUGS,drug_id,OROGSEYTTFOCAN-DNJOTXNNSA-N,dtiam,biomaster,382,0.22075262170291132,2,2.0,0.2617801047120419
FIVE_FIXED_720_DRUGS,drug_id,OROGSEYTTFOCAN-DNJOTXNNSA-N,dtiam,drugclip,382,0.1455746240405854,3,3.0,0.2617801047120419
FIVE_FIXED_720_DRUGS,drug_id,OROGSEYTTFOCAN-DNJOTXNNSA-N,dtiam,conplex,382,0.18401730344731418,1,1.0,0.2617801047120419
FIVE_FIXED_720_DRUGS,drug_id,OROGSEYTTFOCAN-DNJOTXNNSA-N,dtiam,probematch,382,0.16794516852877978,1,1.0,0.2617801047120419
FIVE_FIXED_720_DRUGS,drug_id,OUBCNLGXQFSTLU-UHFFFAOYSA-N,dtiam,biomaster,382,0.40874303893974345,3,3.0,0.2617801047120419
FIVE_FIXED_720_DRUGS,drug_id,OUBCNLGXQFSTLU-UHFFFAOYSA-N,dtiam,drugclip,382,0.20139313235306303,2,2.0,0.2617801047120419
FIVE_FIXED_720_DRUGS,drug_id,OUBCNLGXQFSTLU-UHFFFAOYSA-N,dtiam,conplex,382,0.06801014594153881,0,0.0,0.2617801047120419
FIVE_FIXED_720_DRUGS,drug_id,OUBCNLGXQFSTLU-UHFFFAOYSA-N,dtiam,probematch,382,0.11216713196621342,0,0.0,0.2617801047120419
FIVE_FIXED_720_DRUGS,drug_id,OUJTZYPIHDYQMC-LJQANCHMSA-N,dtiam,biomaster,382,0.5245482152550296,0,0.0,0.2617801047120419
FIVE_FIXED_720_DRUGS,drug_id,OUJTZYPIHDYQMC-LJQANCHMSA-N,dtiam,drugclip,382,0.15172503837550702,0,0.0,0.2617801047120419
FIVE_FIXED_720_DRUGS,drug_id,OUJTZYPIHDYQMC-LJQANCHMSA-N,dtiam,conplex,382,0.2784003859368014,3,3.0,0.2617801047120419
FIVE_FIXED_720_DRUGS,drug_id,OUJTZYPIHDYQMC-LJQANCHMSA-N,dtiam,probematch,382,0.17944129825623806,0,0.0,0.2617801047120419
FIVE_FIXED_720_DRUGS,drug_id,OURRXQUGYQRVML-AREMUKBSSA-N,dtiam,biomaster,382,0.23059436101511327,1,1.0,0.2617801047120419
FIVE_FIXED_720_DRUGS,drug_id,OURRXQUGYQRVML-AREMUKBSSA-N,dtiam,drugclip,382,-0.11821356834790551,1,1.0,0.2617801047120419
FIVE_FIXED_720_DRUGS,drug_id,OURRXQUGYQRVML-AREMUKBSSA-N,dtiam,conplex,382,0.17587947176176044,0,0.0,0.2617801047120419
FIVE_FIXED_720_DRUGS,drug_id,OURRXQUGYQRVML-AREMUKBSSA-N,dtiam,probematch,382,0.17414940168007276,0,0.0,0.2617801047120419
FIVE_FIXED_720_DRUGS,drug_id,OXPLANUPKBHPMS-ZXBNPROVSA-N,dtiam,biomaster,382,0.04544277870423881,4,4.0,0.2617801047120419
FIVE_FIXED_720_DRUGS,drug_id,OXPLANUPKBHPMS-ZXBNPROVSA-N,dtiam,drugclip,382,0.08689855185405285,3,3.0,0.2617801047120419
FIVE_FIXED_720_DRUGS,drug_id,OXPLANUPKBHPMS-ZXBNPROVSA-N,dtiam,conplex,382,0.03876410481655305,0,0.0,0.2617801047120419
FIVE_FIXED_720_DRUGS,drug_id,OXPLANUPKBHPMS-ZXBNPROVSA-N,dtiam,probematch,382,0.1619091817112245,5,5.0,0.2617801047120419
FIVE_FIXED_720_DRUGS,drug_id,OYTKINVCDFNREN-UHFFFAOYSA-N,dtiam,biomaster,382,0.1739853619277728,1,1.0,0.2617801047120419
FIVE_FIXED_720_DRUGS,drug_id,OYTKINVCDFNREN-UHFFFAOYSA-N,dtiam,drugclip,382,-0.06401995773931264,0,0.0,0.2617801047120419
FIVE_FIXED_720_DRUGS,drug_id,OYTKINVCDFNREN-UHFFFAOYSA-N,dtiam,conplex,382,0.00022940121740746338,0,0.0,0.2617801047120419
FIVE_FIXED_720_DRUGS,drug_id,OYTKINVCDFNREN-UHFFFAOYSA-N,dtiam,probematch,382,-0.04269758851876732,0,0.0,0.2617801047120419
FIVE_FIXED_720_DRUGS,drug_id,OYYDSUSKLWTMMQ-JKHIJQBDSA-N,dtiam,biomaster,382,0.298708316115797,1,1.0,0.2617801047120419
FIVE_FIXED_720_DRUGS,drug_id,OYYDSUSKLWTMMQ-JKHIJQBDSA-N,dtiam,drugclip,382,0.22035027223171885,1,1.0,0.2617801047120419
FIVE_FIXED_720_DRUGS,drug_id,OYYDSUSKLWTMMQ-JKHIJQBDSA-N,dtiam,conplex,382,0.20439386258362394,2,2.0,0.2617801047120419
FIVE_FIXED_720_DRUGS,drug_id,OYYDSUSKLWTMMQ-JKHIJQBDSA-N,dtiam,probematch,382,0.16348918580849478,0,0.0,0.2617801047120419
FIVE_FIXED_720_DRUGS,drug_id,OZGNYLLQHRPOBR-DHZHZOJOSA-N,dtiam,biomaster,382,0.2732543840000534,3,3.0,0.2617801047120419
FIVE_FIXED_720_DRUGS,drug_id,OZGNYLLQHRPOBR-DHZHZOJOSA-N,dtiam,drugclip,382,0.2628714426704208,2,2.0,0.2617801047120419
FIVE_FIXED_720_DRUGS,drug_id,OZGNYLLQHRPOBR-DHZHZOJOSA-N,dtiam,conplex,382,0.3219179175107348,1,1.0,0.2617801047120419
FIVE_FIXED_720_DRUGS,drug_id,OZGNYLLQHRPOBR-DHZHZOJOSA-N,dtiam,probematch,382,0.1382449318013341,2,2.0,0.2617801047120419
FIVE_FIXED_720_DRUGS,drug_id,OZOMQRBLCMDCEG-VIZOYTHASA-N,dtiam,biomaster,382,0.3007870140793253,4,4.0,0.2617801047120419
FIVE_FIXED_720_DRUGS,drug_id,OZOMQRBLCMDCEG-VIZOYTHASA-N,dtiam,drugclip,382,0.08236980609403374,0,0.0,0.2617801047120419
FIVE_FIXED_720_DRUGS,drug_id,OZOMQRBLCMDCEG-VIZOYTHASA-N,dtiam,conplex,382,0.06222124060850354,0,0.0,0.2617801047120419
FIVE_FIXED_720_DRUGS,drug_id,OZOMQRBLCMDCEG-VIZOYTHASA-N,dtiam,probematch,382,0.10951117927204788,1,1.0,0.2617801047120419
FIVE_FIXED_720_DRUGS,drug_id,OZVBMTJYIDMWIL-AYFBDAFISA-N,dtiam,biomaster,382,0.367895848965457,3,3.0,0.2617801047120419
FIVE_FIXED_720_DRUGS,drug_id,OZVBMTJYIDMWIL-AYFBDAFISA-N,dtiam,drugclip,382,0.02376843442462465,1,1.0,0.2617801047120419
FIVE_FIXED_720_DRUGS,drug_id,OZVBMTJYIDMWIL-AYFBDAFISA-N,dtiam,conplex,382,0.290650690096199,1,1.0,0.2617801047120419
FIVE_FIXED_720_DRUGS,drug_id,OZVBMTJYIDMWIL-AYFBDAFISA-N,dtiam,probematch,382,0.05766891306430414,0,0.0,0.2617801047120419
FIVE_FIXED_720_DRUGS,drug_id,OZWKMVRBQXNZKK-UHFFFAOYSA-N,dtiam,biomaster,382,0.5079033470029539,1,1.0,0.2617801047120419
FIVE_FIXED_720_DRUGS,drug_id,OZWKMVRBQXNZKK-UHFFFAOYSA-N,dtiam,drugclip,382,0.057936278736691556,1,1.0,0.2617801047120419
FIVE_FIXED_720_DRUGS,drug_id,OZWKMVRBQXNZKK-UHFFFAOYSA-N,dtiam,conplex,382,0.32414144867405703,2,2.0,0.2617801047120419
FIVE_FIXED_720_DRUGS,drug_id,OZWKMVRBQXNZKK-UHFFFAOYSA-N,dtiam,probematch,382,0.13479406929560103,2,2.0,0.2617801047120419
FIVE_FIXED_720_DRUGS,drug_id,PAJMKGZZBBTTOY-ZFORQUDYSA-N,dtiam,biomaster,382,0.055725832310686126,2,2.0,0.2617801047120419
FIVE_FIXED_720_DRUGS,drug_id,PAJMKGZZBBTTOY-ZFORQUDYSA-N,dtiam,drugclip,382,0.02385260705342949,1,1.0,0.2617801047120419
FIVE_FIXED_720_DRUGS,drug_id,PAJMKGZZBBTTOY-ZFORQUDYSA-N,dtiam,conplex,382,-0.10968636954165807,2,2.0,0.2617801047120419
FIVE_FIXED_720_DRUGS,drug_id,PAJMKGZZBBTTOY-ZFORQUDYSA-N,dtiam,probematch,382,0.1571006770299462,1,1.0,0.2617801047120419
FIVE_FIXED_720_DRUGS,drug_id,PBAPPPCECJKMCM-IBGZPJMESA-N,dtiam,biomaster,382,0.28603247793347797,0,0.0,0.2617801047120419
FIVE_FIXED_720_DRUGS,drug_id,PBAPPPCECJKMCM-IBGZPJMESA-N,dtiam,drugclip,382,-0.03658161822632341,0,0.0,0.2617801047120419
FIVE_FIXED_720_DRUGS,drug_id,PBAPPPCECJKMCM-IBGZPJMESA-N,dtiam,conplex,382,0.18862940836667058,3,3.0,0.2617801047120419
FIVE_FIXED_720_DRUGS,drug_id,PBAPPPCECJKMCM-IBGZPJMESA-N,dtiam,probematch,382,0.17160635496889218,0,0.0,0.2617801047120419
FIVE_FIXED_720_DRUGS,drug_id,PCHKPVIQAHNQLW-CQSZACIVSA-N,dtiam,biomaster,382,0.2870530979671449,2,2.0,0.2617801047120419
FIVE_FIXED_720_DRUGS,drug_id,PCHKPVIQAHNQLW-CQSZACIVSA-N,dtiam,drugclip,382,0.07853855219418776,1,1.0,0.2617801047120419
FIVE_FIXED_720_DRUGS,drug_id,PCHKPVIQAHNQLW-CQSZACIVSA-N,dtiam,conplex,382,0.2577892314111971,3,3.0,0.2617801047120419
FIVE_FIXED_720_DRUGS,drug_id,PCHKPVIQAHNQLW-CQSZACIVSA-N,dtiam,probematch,382,0.17724680127830572,1,1.0,0.2617801047120419
FIVE_FIXED_720_DRUGS,drug_id,PCOBBVZJEWWZFR-UHFFFAOYSA-N,dtiam,biomaster,382,0.3383809642415944,1,1.0,0.2617801047120419
FIVE_FIXED_720_DRUGS,drug_id,PCOBBVZJEWWZFR-UHFFFAOYSA-N,dtiam,drugclip,382,0.17607417782877888,2,2.0,0.2617801047120419
FIVE_FIXED_720_DRUGS,drug_id,PCOBBVZJEWWZFR-UHFFFAOYSA-N,dtiam,conplex,382,0.15365071922064963,1,1.0,0.2617801047120419
FIVE_FIXED_720_DRUGS,drug_id,PCOBBVZJEWWZFR-UHFFFAOYSA-N,dtiam,probematch,382,0.14737088085579667,0,0.0,0.2617801047120419
FIVE_FIXED_720_DRUGS,drug_id,PDGKHKMBHVFCMG-UHFFFAOYSA-N,dtiam,biomaster,382,0.13439387257706345,1,1.0,0.2617801047120419
FIVE_FIXED_720_DRUGS,drug_id,PDGKHKMBHVFCMG-UHFFFAOYSA-N,dtiam,drugclip,382,0.10576419974487729,1,1.0,0.2617801047120419
FIVE_FIXED_720_DRUGS,drug_id,PDGKHKMBHVFCMG-UHFFFAOYSA-N,dtiam,conplex,382,0.08654960619104958,2,2.0,0.2617801047120419
FIVE_FIXED_720_DRUGS,drug_id,PDGKHKMBHVFCMG-UHFFFAOYSA-N,dtiam,probematch,382,0.2711987204899321,1,1.0,0.2617801047120419
FIVE_FIXED_720_DRUGS,drug_id,PDWUPXJEEYOOTR-UHFFFAOYSA-N,dtiam,biomaster,382,0.3889454644246322,0,0.0,0.2617801047120419
FIVE_FIXED_720_DRUGS,drug_id,PDWUPXJEEYOOTR-UHFFFAOYSA-N,dtiam,drugclip,382,-0.02788492805123896,0,0.0,0.2617801047120419
FIVE_FIXED_720_DRUGS,drug_id,PDWUPXJEEYOOTR-UHFFFAOYSA-N,dtiam,conplex,382,0.2052944188681629,0,0.0,0.2617801047120419
FIVE_FIXED_720_DRUGS,drug_id,PDWUPXJEEYOOTR-UHFFFAOYSA-N,dtiam,probematch,382,0.18884129272366373,0,0.0,0.2617801047120419
FIVE_FIXED_720_DRUGS,drug_id,PEMUGDMSUDYLHU-ZEQRLZLVSA-N,dtiam,biomaster,382,0.1533753385607191,0,0.0,0.2617801047120419
FIVE_FIXED_720_DRUGS,drug_id,PEMUGDMSUDYLHU-ZEQRLZLVSA-N,dtiam,drugclip,382,-0.06189669779582885,1,1.0,0.2617801047120419
FIVE_FIXED_720_DRUGS,drug_id,PEMUGDMSUDYLHU-ZEQRLZLVSA-N,dtiam,conplex,382,0.20737915384374347,0,0.0,0.2617801047120419
FIVE_FIXED_720_DRUGS,drug_id,PEMUGDMSUDYLHU-ZEQRLZLVSA-N,dtiam,probematch,382,0.1562466800517651,0,0.0,0.2617801047120419
FIVE_FIXED_720_DRUGS,drug_id,PGTVWKLGGCQMBR-FLBATMFCSA-N,dtiam,biomaster,382,0.1591436392994039,5,5.0,0.2617801047120419
FIVE_FIXED_720_DRUGS,drug_id,PGTVWKLGGCQMBR-FLBATMFCSA-N,dtiam,drugclip,382,0.06995574263454515,2,2.0,0.2617801047120419
FIVE_FIXED_720_DRUGS,drug_id,PGTVWKLGGCQMBR-FLBATMFCSA-N,dtiam,conplex,382,-0.12392701617054297,4,4.0,0.2617801047120419
FIVE_FIXED_720_DRUGS,drug_id,PGTVWKLGGCQMBR-FLBATMFCSA-N,dtiam,probematch,382,0.14863433138893126,4,4.0,0.2617801047120419
FIVE_FIXED_720_DRUGS,drug_id,PHLBKPHSAVXXEF-UHFFFAOYSA-N,dtiam,biomaster,382,0.32314980865796217,2,2.0,0.2617801047120419
FIVE_FIXED_720_DRUGS,drug_id,PHLBKPHSAVXXEF-UHFFFAOYSA-N,dtiam,drugclip,382,0.13447804520586829,0,0.0,0.2617801047120419
FIVE_FIXED_720_DRUGS,drug_id,PHLBKPHSAVXXEF-UHFFFAOYSA-N,dtiam,conplex,382,0.05776800898638388,0,0.0,0.2617801047120419
FIVE_FIXED_720_DRUGS,drug_id,PHLBKPHSAVXXEF-UHFFFAOYSA-N,dtiam,probematch,382,0.18765404963451104,0,0.0,0.2617801047120419
FIVE_FIXED_720_DRUGS,drug_id,PHXJVRSECIGDHY-UHFFFAOYSA-N,dtiam,biomaster,382,0.20547281390927935,3,3.0,0.2617801047120419
FIVE_FIXED_720_DRUGS,drug_id,PHXJVRSECIGDHY-UHFFFAOYSA-N,dtiam,drugclip,382,0.11545933660128362,1,1.0,0.2617801047120419
FIVE_FIXED_720_DRUGS,drug_id,PHXJVRSECIGDHY-UHFFFAOYSA-N,dtiam,conplex,382,0.4470561500671077,3,3.0,0.2617801047120419
FIVE_FIXED_720_DRUGS,drug_id,PHXJVRSECIGDHY-UHFFFAOYSA-N,dtiam,probematch,382,0.08308260485509661,1,1.0,0.2617801047120419
FIVE_FIXED_720_DRUGS,drug_id,PIBARDGJJAGJAJ-NQIIRXRSSA-N,dtiam,biomaster,382,0.2613668838399424,1,1.0,0.2617801047120419
FIVE_FIXED_720_DRUGS,drug_id,PIBARDGJJAGJAJ-NQIIRXRSSA-N,dtiam,drugclip,382,0.022102203869766645,2,2.0,0.2617801047120419
FIVE_FIXED_720_DRUGS,drug_id,PIBARDGJJAGJAJ-NQIIRXRSSA-N,dtiam,conplex,382,0.11863764890905766,1,1.0,0.2617801047120419
FIVE_FIXED_720_DRUGS,drug_id,PIBARDGJJAGJAJ-NQIIRXRSSA-N,dtiam,probematch,382,0.14774795933815738,0,0.0,0.2617801047120419
FIVE_FIXED_720_DRUGS,drug_id,PJDFLNIOAUIZSL-UHFFFAOYSA-N,dtiam,biomaster,382,0.1708998215475687,0,0.0,0.2617801047120419
FIVE_FIXED_720_DRUGS,drug_id,PJDFLNIOAUIZSL-UHFFFAOYSA-N,dtiam,drugclip,382,-0.024966441277051627,0,0.0,0.2617801047120419
FIVE_FIXED_720_DRUGS,drug_id,PJDFLNIOAUIZSL-UHFFFAOYSA-N,dtiam,conplex,382,0.05078852387941444,1,1.0,0.2617801047120419
FIVE_FIXED_720_DRUGS,drug_id,PJDFLNIOAUIZSL-UHFFFAOYSA-N,dtiam,probematch,382,0.03402909940346147,0,0.0,0.2617801047120419
FIVE_FIXED_720_DRUGS,drug_id,PJMPHNIQZUBGLI-UHFFFAOYSA-N,dtiam,biomaster,382,0.4274676815316749,0,0.0,0.2617801047120419
FIVE_FIXED_720_DRUGS,drug_id,PJMPHNIQZUBGLI-UHFFFAOYSA-N,dtiam,drugclip,382,0.24240737593336625,0,0.0,0.2617801047120419
FIVE_FIXED_720_DRUGS,drug_id,PJMPHNIQZUBGLI-UHFFFAOYSA-N,dtiam,conplex,382,0.32854045774731166,3,3.0,0.2617801047120419
FIVE_FIXED_720_DRUGS,drug_id,PJMPHNIQZUBGLI-UHFFFAOYSA-N,dtiam,probematch,382,0.13336357233391946,0,0.0,0.2617801047120419
FIVE_FIXED_720_DRUGS,drug_id,PMXMIIMHBWHSKN-UHFFFAOYSA-N,dtiam,biomaster,382,0.14046334341216246,1,1.0,0.2617801047120419
FIVE_FIXED_720_DRUGS,drug_id,PMXMIIMHBWHSKN-UHFFFAOYSA-N,dtiam,drugclip,382,0.06258062731427638,0,0.0,0.2617801047120419
FIVE_FIXED_720_DRUGS,drug_id,PMXMIIMHBWHSKN-UHFFFAOYSA-N,dtiam,conplex,382,0.15805471375119307,1,1.0,0.2617801047120419
FIVE_FIXED_720_DRUGS,drug_id,PMXMIIMHBWHSKN-UHFFFAOYSA-N,dtiam,probematch,382,0.1458081977036372,0,0.0,0.2617801047120419
FIVE_FIXED_720_DRUGS,drug_id,PNCPYILNMDWPEY-QGZVFWFLSA-N,dtiam,biomaster,382,0.07284064646731675,3,3.0,0.2617801047120419
FIVE_FIXED_720_DRUGS,drug_id,PNCPYILNMDWPEY-QGZVFWFLSA-N,dtiam,drugclip,382,-0.038466783726180204,1,1.0,0.2617801047120419
FIVE_FIXED_720_DRUGS,drug_id,PNCPYILNMDWPEY-QGZVFWFLSA-N,dtiam,conplex,382,0.09787853866496551,2,2.0,0.2617801047120419
FIVE_FIXED_720_DRUGS,drug_id,PNCPYILNMDWPEY-QGZVFWFLSA-N,dtiam,probematch,382,0.19619983184849016,0,0.0,0.2617801047120419
FIVE_FIXED_720_DRUGS,drug_id,PNVNVHUZROJLTJ-UHFFFAOYSA-N,dtiam,biomaster,382,0.22756694495659027,4,4.0,0.2617801047120419
FIVE_FIXED_720_DRUGS,drug_id,PNVNVHUZROJLTJ-UHFFFAOYSA-N,dtiam,drugclip,382,0.1864136335547834,2,2.0,0.2617801047120419
FIVE_FIXED_720_DRUGS,drug_id,PNVNVHUZROJLTJ-UHFFFAOYSA-N,dtiam,conplex,382,0.2612405614288176,4,4.0,0.2617801047120419
FIVE_FIXED_720_DRUGS,drug_id,PNVNVHUZROJLTJ-UHFFFAOYSA-N,dtiam,probematch,382,0.17651140189298,2,2.0,0.2617801047120419
FIVE_FIXED_720_DRUGS,drug_id,POGQSBRIGCQNEG-UHFFFAOYSA-N,dtiam,biomaster,382,0.42964519084206104,2,2.0,0.2617801047120419
FIVE_FIXED_720_DRUGS,drug_id,POGQSBRIGCQNEG-UHFFFAOYSA-N,dtiam,drugclip,382,-0.04625307480352634,0,0.0,0.2617801047120419
FIVE_FIXED_720_DRUGS,drug_id,POGQSBRIGCQNEG-UHFFFAOYSA-N,dtiam,conplex,382,0.10278774614057701,1,1.0,0.2617801047120419
FIVE_FIXED_720_DRUGS,drug_id,POGQSBRIGCQNEG-UHFFFAOYSA-N,dtiam,probematch,382,0.12589071486565048,1,1.0,0.2617801047120419
FIVE_FIXED_720_DRUGS,drug_id,PPSNFPASKFYPMN-SECBINFHSA-N,dtiam,biomaster,382,0.36253420320327445,1,1.0,0.2617801047120419
FIVE_FIXED_720_DRUGS,drug_id,PPSNFPASKFYPMN-SECBINFHSA-N,dtiam,drugclip,382,0.19502572055053208,0,0.0,0.2617801047120419
FIVE_FIXED_720_DRUGS,drug_id,PPSNFPASKFYPMN-SECBINFHSA-N,dtiam,conplex,382,0.16278234969255975,1,1.0,0.2617801047120419
FIVE_FIXED_720_DRUGS,drug_id,PPSNFPASKFYPMN-SECBINFHSA-N,dtiam,probematch,382,0.1304784530706087,0,0.0,0.2617801047120419
FIVE_FIXED_720_DRUGS,drug_id,PQXKDMSYBGKCJA-CVTJIBDQSA-N,dtiam,biomaster,382,0.24866585845156164,0,0.0,0.2617801047120419
FIVE_FIXED_720_DRUGS,drug_id,PQXKDMSYBGKCJA-CVTJIBDQSA-N,dtiam,drugclip,382,0.1924880557209886,0,0.0,0.2617801047120419
FIVE_FIXED_720_DRUGS,drug_id,PQXKDMSYBGKCJA-CVTJIBDQSA-N,dtiam,conplex,382,0.12955606653861687,0,0.0,0.2617801047120419
FIVE_FIXED_720_DRUGS,drug_id,PQXKDMSYBGKCJA-CVTJIBDQSA-N,dtiam,probematch,382,0.1305453966559786,0,0.0,0.2617801047120419
FIVE_FIXED_720_DRUGS,drug_id,PRMWGUBFXWROHD-UHFFFAOYSA-N,dtiam,biomaster,382,0.4143066129009515,2,2.0,0.2617801047120419
FIVE_FIXED_720_DRUGS,drug_id,PRMWGUBFXWROHD-UHFFFAOYSA-N,dtiam,drugclip,382,0.06375280113484508,0,0.0,0.2617801047120419
FIVE_FIXED_720_DRUGS,drug_id,PRMWGUBFXWROHD-UHFFFAOYSA-N,dtiam,conplex,382,0.1272343322740608,1,1.0,0.2617801047120419
FIVE_FIXED_720_DRUGS,drug_id,PRMWGUBFXWROHD-UHFFFAOYSA-N,dtiam,probematch,382,0.1607142876363863,1,1.0,0.2617801047120419
FIVE_FIXED_720_DRUGS,drug_id,PSIFNNKUMBGKDQ-UHFFFAOYSA-N,dtiam,biomaster,382,0.3570225105810484,0,0.0,0.2617801047120419
FIVE_FIXED_720_DRUGS,drug_id,PSIFNNKUMBGKDQ-UHFFFAOYSA-N,dtiam,drugclip,382,0.083414967507966,0,0.0,0.2617801047120419
FIVE_FIXED_720_DRUGS,drug_id,PSIFNNKUMBGKDQ-UHFFFAOYSA-N,dtiam,conplex,382,0.14194397921871235,0,0.0,0.2617801047120419
FIVE_FIXED_720_DRUGS,drug_id,PSIFNNKUMBGKDQ-UHFFFAOYSA-N,dtiam,probematch,382,0.09987943508756483,0,0.0,0.2617801047120419
FIVE_FIXED_720_DRUGS,drug_id,PTOIAAWZLUQTIO-GXFFZTMASA-N,dtiam,biomaster,382,0.28460670985016734,1,1.0,0.2617801047120419
FIVE_FIXED_720_DRUGS,drug_id,PTOIAAWZLUQTIO-GXFFZTMASA-N,dtiam,drugclip,382,0.07054473576091357,0,0.0,0.2617801047120419
FIVE_FIXED_720_DRUGS,drug_id,PTOIAAWZLUQTIO-GXFFZTMASA-N,dtiam,conplex,382,0.08358003972487123,0,0.0,0.2617801047120419
FIVE_FIXED_720_DRUGS,drug_id,PTOIAAWZLUQTIO-GXFFZTMASA-N,dtiam,probematch,382,0.17002063736332576,0,0.0,0.2617801047120419
FIVE_FIXED_720_DRUGS,drug_id,PUKBOVABABRILL-YZNIXAGQSA-N,dtiam,biomaster,382,0.22407453432461852,1,1.0,0.2617801047120419
FIVE_FIXED_720_DRUGS,drug_id,PUKBOVABABRILL-YZNIXAGQSA-N,dtiam,drugclip,382,0.14027390117853522,0,0.0,0.2617801047120419
FIVE_FIXED_720_DRUGS,drug_id,PUKBOVABABRILL-YZNIXAGQSA-N,dtiam,conplex,382,0.20058695442450766,0,0.0,0.2617801047120419
FIVE_FIXED_720_DRUGS,drug_id,PUKBOVABABRILL-YZNIXAGQSA-N,dtiam,probematch,382,0.15645054572817987,0,0.0,0.2617801047120419
FIVE_FIXED_720_DRUGS,drug_id,PURKAOJPTOLRMP-ASMGOKTBSA-N,dtiam,biomaster,382,0.15374453564102677,1,1.0,0.2617801047120419
FIVE_FIXED_720_DRUGS,drug_id,PURKAOJPTOLRMP-ASMGOKTBSA-N,dtiam,drugclip,382,0.008523716499266826,1,1.0,0.2617801047120419
FIVE_FIXED_720_DRUGS,drug_id,PURKAOJPTOLRMP-ASMGOKTBSA-N,dtiam,conplex,382,0.1461934765356586,0,0.0,0.2617801047120419
FIVE_FIXED_720_DRUGS,drug_id,PURKAOJPTOLRMP-ASMGOKTBSA-N,dtiam,probematch,382,0.15127941857595198,1,1.0,0.2617801047120419
FIVE_FIXED_720_DRUGS,drug_id,PURKAOJPTOLRMP-UHFFFAOYSA-N,dtiam,biomaster,382,0.2341608263384121,1,1.0,0.2617801047120419
FIVE_FIXED_720_DRUGS,drug_id,PURKAOJPTOLRMP-UHFFFAOYSA-N,dtiam,drugclip,382,0.035942896513627844,1,1.0,0.2617801047120419
FIVE_FIXED_720_DRUGS,drug_id,PURKAOJPTOLRMP-UHFFFAOYSA-N,dtiam,conplex,382,0.1607013941798646,0,0.0,0.2617801047120419
FIVE_FIXED_720_DRUGS,drug_id,PURKAOJPTOLRMP-UHFFFAOYSA-N,dtiam,probematch,382,0.10936683131277765,0,0.0,0.2617801047120419
FIVE_FIXED_720_DRUGS,drug_id,PYGWGZALEOIKDF-UHFFFAOYSA-N,dtiam,biomaster,382,0.24409943952008256,1,1.0,0.2617801047120419
FIVE_FIXED_720_DRUGS,drug_id,PYGWGZALEOIKDF-UHFFFAOYSA-N,dtiam,drugclip,382,-0.0057750819095475775,0,0.0,0.2617801047120419
FIVE_FIXED_720_DRUGS,drug_id,PYGWGZALEOIKDF-UHFFFAOYSA-N,dtiam,conplex,382,0.15408668190187383,0,0.0,0.2617801047120419
FIVE_FIXED_720_DRUGS,drug_id,PYGWGZALEOIKDF-UHFFFAOYSA-N,dtiam,probematch,382,0.22344266593531625,1,1.0,0.2617801047120419
FIVE_FIXED_720_DRUGS,drug_id,PYNXFZCZUAOOQC-UTKZUKDTSA-N,dtiam,biomaster,382,0.5633739704864069,2,2.0,0.2617801047120419
FIVE_FIXED_720_DRUGS,drug_id,PYNXFZCZUAOOQC-UTKZUKDTSA-N,dtiam,drugclip,382,0.21733211300961175,2,2.0,0.2617801047120419
FIVE_FIXED_720_DRUGS,drug_id,PYNXFZCZUAOOQC-UTKZUKDTSA-N,dtiam,conplex,382,0.3089805107859334,0,0.0,0.2617801047120419
FIVE_FIXED_720_DRUGS,drug_id,PYNXFZCZUAOOQC-UTKZUKDTSA-N,dtiam,probematch,382,0.08877596744435215,1,1.0,0.2617801047120419
FIVE_FIXED_720_DRUGS,drug_id,PYZRQGJRPPTADH-UHFFFAOYSA-N,dtiam,biomaster,382,0.21884399119911657,3,3.0,0.2617801047120419
FIVE_FIXED_720_DRUGS,drug_id,PYZRQGJRPPTADH-UHFFFAOYSA-N,dtiam,drugclip,382,-0.01860096695190998,0,0.0,0.2617801047120419
FIVE_FIXED_720_DRUGS,drug_id,PYZRQGJRPPTADH-UHFFFAOYSA-N,dtiam,conplex,382,-0.052702793044139454,0,0.0,0.2617801047120419
FIVE_FIXED_720_DRUGS,drug_id,PYZRQGJRPPTADH-UHFFFAOYSA-N,dtiam,probematch,382,-0.032361577197010556,0,0.0,0.2617801047120419
FIVE_FIXED_720_DRUGS,drug_id,PZBCKZWLPGJMAO-UHFFFAOYSA-N,dtiam,biomaster,382,0.540819580921488,3,3.0,0.2617801047120419
FIVE_FIXED_720_DRUGS,drug_id,PZBCKZWLPGJMAO-UHFFFAOYSA-N,dtiam,drugclip,382,-0.3233543201601734,1,1.0,0.2617801047120419
FIVE_FIXED_720_DRUGS,drug_id,PZBCKZWLPGJMAO-UHFFFAOYSA-N,dtiam,conplex,382,0.11320550214332055,0,0.0,0.2617801047120419
FIVE_FIXED_720_DRUGS,drug_id,PZBCKZWLPGJMAO-UHFFFAOYSA-N,dtiam,probematch,382,-0.09851459520632563,0,0.0,0.2617801047120419
FIVE_FIXED_720_DRUGS,drug_id,PZFAZQUREQIODZ-LJQANCHMSA-N,dtiam,biomaster,382,0.3134316373481489,1,1.0,0.2617801047120419
FIVE_FIXED_720_DRUGS,drug_id,PZFAZQUREQIODZ-LJQANCHMSA-N,dtiam,drugclip,382,0.06583408240155919,2,2.0,0.2617801047120419
FIVE_FIXED_720_DRUGS,drug_id,PZFAZQUREQIODZ-LJQANCHMSA-N,dtiam,conplex,382,0.06976660519607959,0,0.0,0.2617801047120419
FIVE_FIXED_720_DRUGS,drug_id,PZFAZQUREQIODZ-LJQANCHMSA-N,dtiam,probematch,382,0.04911085923902366,0,0.0,0.2617801047120419
FIVE_FIXED_720_DRUGS,drug_id,QADPYRIHXKWUSV-UHFFFAOYSA-N,dtiam,biomaster,382,0.09397464983056222,1,1.0,0.2617801047120419
FIVE_FIXED_720_DRUGS,drug_id,QADPYRIHXKWUSV-UHFFFAOYSA-N,dtiam,drugclip,382,-0.0036130724182763968,1,1.0,0.2617801047120419
FIVE_FIXED_720_DRUGS,drug_id,QADPYRIHXKWUSV-UHFFFAOYSA-N,dtiam,conplex,382,0.3670502498461627,1,1.0,0.2617801047120419
FIVE_FIXED_720_DRUGS,drug_id,QADPYRIHXKWUSV-UHFFFAOYSA-N,dtiam,probematch,382,0.10406008074329381,0,0.0,0.2617801047120419
FIVE_FIXED_720_DRUGS,drug_id,QCHFTSOMWOSFHM-WPRPVWTQSA-N,dtiam,biomaster,382,0.44385099033618564,3,3.0,0.2617801047120419
FIVE_FIXED_720_DRUGS,drug_id,QCHFTSOMWOSFHM-WPRPVWTQSA-N,dtiam,drugclip,382,0.07410129842200001,0,0.0,0.2617801047120419
FIVE_FIXED_720_DRUGS,drug_id,QCHFTSOMWOSFHM-WPRPVWTQSA-N,dtiam,conplex,382,-0.010789081327087731,0,0.0,0.2617801047120419
FIVE_FIXED_720_DRUGS,drug_id,QCHFTSOMWOSFHM-WPRPVWTQSA-N,dtiam,probematch,382,0.16968459267390287,0,0.0,0.2617801047120419
FIVE_FIXED_720_DRUGS,drug_id,QCZAWDGAVJMPTA-RNFRBKRXSA-N,dtiam,biomaster,382,0.24847426346527948,0,0.0,0.2617801047120419
FIVE_FIXED_720_DRUGS,drug_id,QCZAWDGAVJMPTA-RNFRBKRXSA-N,dtiam,drugclip,382,0.09185806342030849,0,0.0,0.2617801047120419
FIVE_FIXED_720_DRUGS,drug_id,QCZAWDGAVJMPTA-RNFRBKRXSA-N,dtiam,conplex,382,0.20342177668340444,2,2.0,0.2617801047120419
FIVE_FIXED_720_DRUGS,drug_id,QCZAWDGAVJMPTA-RNFRBKRXSA-N,dtiam,probematch,382,0.0690311353692848,0,0.0,0.2617801047120419
FIVE_FIXED_720_DRUGS,drug_id,QDGZDCVAUDNJFG-FXQIFTODSA-N,dtiam,biomaster,382,0.25092022103172607,4,4.0,0.2617801047120419
FIVE_FIXED_720_DRUGS,drug_id,QDGZDCVAUDNJFG-FXQIFTODSA-N,dtiam,drugclip,382,0.054352591392153926,0,0.0,0.2617801047120419
FIVE_FIXED_720_DRUGS,drug_id,QDGZDCVAUDNJFG-FXQIFTODSA-N,dtiam,conplex,382,-0.1012103074626465,0,0.0,0.2617801047120419
FIVE_FIXED_720_DRUGS,drug_id,QDGZDCVAUDNJFG-FXQIFTODSA-N,dtiam,probematch,382,0.11177748373568461,3,3.0,0.2617801047120419
FIVE_FIXED_720_DRUGS,drug_id,QEFAQIPZVLVERP-UHFFFAOYSA-N,dtiam,biomaster,382,0.3872488800573407,2,2.0,0.2617801047120419
FIVE_FIXED_720_DRUGS,drug_id,QEFAQIPZVLVERP-UHFFFAOYSA-N,dtiam,drugclip,382,0.004393229980395958,1,1.0,0.2617801047120419
FIVE_FIXED_720_DRUGS,drug_id,QEFAQIPZVLVERP-UHFFFAOYSA-N,dtiam,conplex,382,0.13594560102060807,0,0.0,0.2617801047120419
FIVE_FIXED_720_DRUGS,drug_id,QEFAQIPZVLVERP-UHFFFAOYSA-N,dtiam,probematch,382,0.11403722819748621,0,0.0,0.2617801047120419
FIVE_FIXED_720_DRUGS,drug_id,QFFGVLORLPOAEC-SNVBAGLBSA-N,dtiam,biomaster,382,0.32874395170686915,2,2.0,0.2617801047120419
FIVE_FIXED_720_DRUGS,drug_id,QFFGVLORLPOAEC-SNVBAGLBSA-N,dtiam,drugclip,382,0.02721154702080022,1,1.0,0.2617801047120419
FIVE_FIXED_720_DRUGS,drug_id,QFFGVLORLPOAEC-SNVBAGLBSA-N,dtiam,conplex,382,0.11164877089996514,0,0.0,0.2617801047120419
FIVE_FIXED_720_DRUGS,drug_id,QFFGVLORLPOAEC-SNVBAGLBSA-N,dtiam,probematch,382,0.11215658347820462,1,1.0,0.2617801047120419
FIVE_FIXED_720_DRUGS,drug_id,QFNHIDANIVGXPE-FNZWTVRRSA-N,dtiam,biomaster,382,0.29792040864411995,1,1.0,0.2617801047120419
FIVE_FIXED_720_DRUGS,drug_id,QFNHIDANIVGXPE-FNZWTVRRSA-N,dtiam,drugclip,382,-0.10617623660301659,0,0.0,0.2617801047120419
FIVE_FIXED_720_DRUGS,drug_id,QFNHIDANIVGXPE-FNZWTVRRSA-N,dtiam,conplex,382,0.09777169079791191,1,1.0,0.2617801047120419
FIVE_FIXED_720_DRUGS,drug_id,QFNHIDANIVGXPE-FNZWTVRRSA-N,dtiam,probematch,382,0.084999178186674,0,0.0,0.2617801047120419
FIVE_FIXED_720_DRUGS,drug_id,QGJUIPDUBHWZPV-SGTAVMJGSA-N,dtiam,biomaster,382,0.28715384679139216,2,2.0,0.2617801047120419
FIVE_FIXED_720_DRUGS,drug_id,QGJUIPDUBHWZPV-SGTAVMJGSA-N,dtiam,drugclip,382,0.19232530762028155,0,0.0,0.2617801047120419
FIVE_FIXED_720_DRUGS,drug_id,QGJUIPDUBHWZPV-SGTAVMJGSA-N,dtiam,conplex,382,0.0535274082489177,1,1.0,0.2617801047120419
FIVE_FIXED_720_DRUGS,drug_id,QGJUIPDUBHWZPV-SGTAVMJGSA-N,dtiam,probematch,382,0.17013667073142247,2,2.0,0.2617801047120419
FIVE_FIXED_720_DRUGS,drug_id,QHMBSVQNZZTUGM-ZWKOTPCHSA-N,dtiam,biomaster,382,0.06285531855303592,0,0.0,0.2617801047120419
FIVE_FIXED_720_DRUGS,drug_id,QHMBSVQNZZTUGM-ZWKOTPCHSA-N,dtiam,drugclip,382,0.0006889884871864395,1,1.0,0.2617801047120419
FIVE_FIXED_720_DRUGS,drug_id,QHMBSVQNZZTUGM-ZWKOTPCHSA-N,dtiam,conplex,382,-0.04591759848193072,1,1.0,0.2617801047120419
FIVE_FIXED_720_DRUGS,drug_id,QHMBSVQNZZTUGM-ZWKOTPCHSA-N,dtiam,probematch,382,0.15215580418174357,1,1.0,0.2617801047120419
FIVE_FIXED_720_DRUGS,drug_id,QIVUCLWGARAQIO-OLIXTKCUSA-N,dtiam,biomaster,382,0.3527858933562931,0,0.0,0.2617801047120419
FIVE_FIXED_720_DRUGS,drug_id,QIVUCLWGARAQIO-OLIXTKCUSA-N,dtiam,drugclip,382,-0.026648386926290075,0,0.0,0.2617801047120419
FIVE_FIXED_720_DRUGS,drug_id,QIVUCLWGARAQIO-OLIXTKCUSA-N,dtiam,conplex,382,0.35488570656610363,2,2.0,0.2617801047120419
FIVE_FIXED_720_DRUGS,drug_id,QIVUCLWGARAQIO-OLIXTKCUSA-N,dtiam,probematch,382,-0.0006526071780546942,0,0.0,0.2617801047120419
FIVE_FIXED_720_DRUGS,drug_id,QKDRXGFQVGOQKS-CRSSMBPESA-N,dtiam,biomaster,382,0.35460044856907064,0,0.0,0.2617801047120419
FIVE_FIXED_720_DRUGS,drug_id,QKDRXGFQVGOQKS-CRSSMBPESA-N,dtiam,drugclip,382,0.07729490698547785,0,0.0,0.2617801047120419
FIVE_FIXED_720_DRUGS,drug_id,QKDRXGFQVGOQKS-CRSSMBPESA-N,dtiam,conplex,382,0.3135821232657448,0,0.0,0.2617801047120419
FIVE_FIXED_720_DRUGS,drug_id,QKDRXGFQVGOQKS-CRSSMBPESA-N,dtiam,probematch,382,0.17437393378197416,1,1.0,0.2617801047120419
FIVE_FIXED_720_DRUGS,drug_id,QNZCBYKSOIHPEH-UHFFFAOYSA-N,dtiam,biomaster,382,0.194706897882348,1,1.0,0.2617801047120419
FIVE_FIXED_720_DRUGS,drug_id,QNZCBYKSOIHPEH-UHFFFAOYSA-N,dtiam,drugclip,382,0.015807555106969743,2,2.0,0.2617801047120419
FIVE_FIXED_720_DRUGS,drug_id,QNZCBYKSOIHPEH-UHFFFAOYSA-N,dtiam,conplex,382,0.16394474336312873,0,0.0,0.2617801047120419
FIVE_FIXED_720_DRUGS,drug_id,QNZCBYKSOIHPEH-UHFFFAOYSA-N,dtiam,probematch,382,0.08763630018887175,1,1.0,0.2617801047120419
FIVE_FIXED_720_DRUGS,drug_id,QOIGKGMMAGJZNZ-UHFFFAOYSA-N,dtiam,biomaster,382,0.4666385230136255,4,4.0,0.2617801047120419
FIVE_FIXED_720_DRUGS,drug_id,QOIGKGMMAGJZNZ-UHFFFAOYSA-N,dtiam,drugclip,382,0.30064062689879506,0,0.0,0.2617801047120419
FIVE_FIXED_720_DRUGS,drug_id,QOIGKGMMAGJZNZ-UHFFFAOYSA-N,dtiam,conplex,382,0.0290023005578583,0,0.0,0.2617801047120419
FIVE_FIXED_720_DRUGS,drug_id,QOIGKGMMAGJZNZ-UHFFFAOYSA-N,dtiam,probematch,382,0.10713399625916173,0,0.0,0.2617801047120419
FIVE_FIXED_720_DRUGS,drug_id,QQHMKNYGKVVGCZ-UHFFFAOYSA-N,dtiam,biomaster,382,0.3735104431645852,2,2.0,0.2617801047120419
FIVE_FIXED_720_DRUGS,drug_id,QQHMKNYGKVVGCZ-UHFFFAOYSA-N,dtiam,drugclip,382,-0.07034926581985271,0,0.0,0.2617801047120419
FIVE_FIXED_720_DRUGS,drug_id,QQHMKNYGKVVGCZ-UHFFFAOYSA-N,dtiam,conplex,382,0.09801302334444571,0,0.0,0.2617801047120419
FIVE_FIXED_720_DRUGS,drug_id,QQHMKNYGKVVGCZ-UHFFFAOYSA-N,dtiam,probematch,382,0.17990973723393458,0,0.0,0.2617801047120419
FIVE_FIXED_720_DRUGS,drug_id,QRPZBKAMSFHVRW-UHFFFAOYSA-N,dtiam,biomaster,382,0.33082286494566293,0,0.0,0.2617801047120419
FIVE_FIXED_720_DRUGS,drug_id,QRPZBKAMSFHVRW-UHFFFAOYSA-N,dtiam,drugclip,382,-0.0008637920027606901,0,0.0,0.2617801047120419
FIVE_FIXED_720_DRUGS,drug_id,QRPZBKAMSFHVRW-UHFFFAOYSA-N,dtiam,conplex,382,0.06695875560591878,1,1.0,0.2617801047120419
FIVE_FIXED_720_DRUGS,drug_id,QRPZBKAMSFHVRW-UHFFFAOYSA-N,dtiam,probematch,382,0.06859993901251729,0,0.0,0.2617801047120419
FIVE_FIXED_720_DRUGS,drug_id,QTGIAADRBBLJGA-UHFFFAOYSA-N,dtiam,biomaster,382,0.46711514245141056,2,2.0,0.2617801047120419
FIVE_FIXED_720_DRUGS,drug_id,QTGIAADRBBLJGA-UHFFFAOYSA-N,dtiam,drugclip,382,0.14856458220291396,0,0.0,0.2617801047120419
FIVE_FIXED_720_DRUGS,drug_id,QTGIAADRBBLJGA-UHFFFAOYSA-N,dtiam,conplex,382,0.21409558279221408,0,0.0,0.2617801047120419
FIVE_FIXED_720_DRUGS,drug_id,QTGIAADRBBLJGA-UHFFFAOYSA-N,dtiam,probematch,382,0.19214662914992858,1,1.0,0.2617801047120419
FIVE_FIXED_720_DRUGS,drug_id,QTWZICCBKBYHDM-UHFFFAOYSA-N,dtiam,biomaster,382,0.29956747970034975,2,2.0,0.2617801047120419
FIVE_FIXED_720_DRUGS,drug_id,QTWZICCBKBYHDM-UHFFFAOYSA-N,dtiam,drugclip,382,-0.021986601052200915,0,0.0,0.2617801047120419
FIVE_FIXED_720_DRUGS,drug_id,QTWZICCBKBYHDM-UHFFFAOYSA-N,dtiam,conplex,382,0.07921240250278315,0,0.0,0.2617801047120419
FIVE_FIXED_720_DRUGS,drug_id,QTWZICCBKBYHDM-UHFFFAOYSA-N,dtiam,probematch,382,0.14251063367422506,1,1.0,0.2617801047120419
FIVE_FIXED_720_DRUGS,drug_id,QUIJNHUBAXPXFS-XLJNKUFUSA-N,dtiam,biomaster,382,0.008868802749840131,3,3.0,0.2617801047120419
FIVE_FIXED_720_DRUGS,drug_id,QUIJNHUBAXPXFS-XLJNKUFUSA-N,dtiam,drugclip,382,0.052077777661768326,2,2.0,0.2617801047120419
FIVE_FIXED_720_DRUGS,drug_id,QUIJNHUBAXPXFS-XLJNKUFUSA-N,dtiam,conplex,382,0.20501472562186945,1,1.0,0.2617801047120419
FIVE_FIXED_720_DRUGS,drug_id,QUIJNHUBAXPXFS-XLJNKUFUSA-N,dtiam,probematch,382,0.17626211313554777,1,1.0,0.2617801047120419
FIVE_FIXED_720_DRUGS,drug_id,QXWYKJLNLSIPIN-JGVFFNPUSA-N,dtiam,biomaster,382,0.25697333094664826,2,2.0,0.2617801047120419
FIVE_FIXED_720_DRUGS,drug_id,QXWYKJLNLSIPIN-JGVFFNPUSA-N,dtiam,drugclip,382,-0.019893910196416075,0,0.0,0.2617801047120419
FIVE_FIXED_720_DRUGS,drug_id,QXWYKJLNLSIPIN-JGVFFNPUSA-N,dtiam,conplex,382,-0.016505300668521045,2,2.0,0.2617801047120419
FIVE_FIXED_720_DRUGS,drug_id,QXWYKJLNLSIPIN-JGVFFNPUSA-N,dtiam,probematch,382,-0.010840078355891132,1,1.0,0.2617801047120419
FIVE_FIXED_720_DRUGS,drug_id,QXWZQTURMXZVHJ-UHFFFAOYSA-N,dtiam,biomaster,382,0.45970859694238086,3,3.0,0.2617801047120419
FIVE_FIXED_720_DRUGS,drug_id,QXWZQTURMXZVHJ-UHFFFAOYSA-N,dtiam,drugclip,382,-0.09160296223070813,0,0.0,0.2617801047120419
FIVE_FIXED_720_DRUGS,drug_id,QXWZQTURMXZVHJ-UHFFFAOYSA-N,dtiam,conplex,382,0.21418179852048272,1,1.0,0.2617801047120419
FIVE_FIXED_720_DRUGS,drug_id,QXWZQTURMXZVHJ-UHFFFAOYSA-N,dtiam,probematch,382,0.1471967231660189,0,0.0,0.2617801047120419
FIVE_FIXED_720_DRUGS,drug_id,QYSXJUFSXHHAJI-YRZJJWOYSA-N,dtiam,biomaster,382,0.052472592498668785,1,1.0,0.2617801047120419
FIVE_FIXED_720_DRUGS,drug_id,QYSXJUFSXHHAJI-YRZJJWOYSA-N,dtiam,drugclip,382,0.13011742942819338,2,2.0,0.2617801047120419
FIVE_FIXED_720_DRUGS,drug_id,QYSXJUFSXHHAJI-YRZJJWOYSA-N,dtiam,conplex,382,0.03279258693746459,0,0.0,0.2617801047120419
FIVE_FIXED_720_DRUGS,drug_id,QYSXJUFSXHHAJI-YRZJJWOYSA-N,dtiam,probematch,382,0.16206169552306024,3,3.0,0.2617801047120419
FIVE_FIXED_720_DRUGS,drug_id,QZFHIXARHDBPBY-UHFFFAOYSA-N,dtiam,biomaster,382,0.2026931796813302,5,5.0,0.2617801047120419
FIVE_FIXED_720_DRUGS,drug_id,QZFHIXARHDBPBY-UHFFFAOYSA-N,dtiam,drugclip,382,-0.05062746819819231,0,0.0,0.2617801047120419
FIVE_FIXED_720_DRUGS,drug_id,QZFHIXARHDBPBY-UHFFFAOYSA-N,dtiam,conplex,382,0.02418734339314276,2,2.0,0.2617801047120419
FIVE_FIXED_720_DRUGS,drug_id,QZFHIXARHDBPBY-UHFFFAOYSA-N,dtiam,probematch,382,0.15437039899402927,0,0.0,0.2617801047120419
FIVE_FIXED_720_DRUGS,drug_id,QZUDBNBUXVUHMW-UHFFFAOYSA-N,dtiam,biomaster,382,0.06938203405202623,2,2.0,0.2617801047120419
FIVE_FIXED_720_DRUGS,drug_id,QZUDBNBUXVUHMW-UHFFFAOYSA-N,dtiam,drugclip,382,0.029609067652512568,1,1.0,0.2617801047120419
FIVE_FIXED_720_DRUGS,drug_id,QZUDBNBUXVUHMW-UHFFFAOYSA-N,dtiam,conplex,382,0.15318300349142894,0,0.0,0.2617801047120419
FIVE_FIXED_720_DRUGS,drug_id,QZUDBNBUXVUHMW-UHFFFAOYSA-N,dtiam,probematch,382,0.1684269545729364,1,1.0,0.2617801047120419
FIVE_FIXED_720_DRUGS,drug_id,QZZUEBNBZAPZLX-QFIPXVFZSA-N,dtiam,biomaster,382,0.34122819490290607,5,5.0,0.2617801047120419
FIVE_FIXED_720_DRUGS,drug_id,QZZUEBNBZAPZLX-QFIPXVFZSA-N,dtiam,drugclip,382,0.10712710745066618,2,2.0,0.2617801047120419
FIVE_FIXED_720_DRUGS,drug_id,QZZUEBNBZAPZLX-QFIPXVFZSA-N,dtiam,conplex,382,0.30819725332468206,0,0.0,0.2617801047120419
FIVE_FIXED_720_DRUGS,drug_id,QZZUEBNBZAPZLX-QFIPXVFZSA-N,dtiam,probematch,382,0.18011769314039358,1,1.0,0.2617801047120419
FIVE_FIXED_720_DRUGS,drug_id,RAPZEAPATHNIPO-UHFFFAOYSA-N,dtiam,biomaster,382,0.015136757379716828,1,1.0,0.2617801047120419
FIVE_FIXED_720_DRUGS,drug_id,RAPZEAPATHNIPO-UHFFFAOYSA-N,dtiam,drugclip,382,0.12102657024200492,0,0.0,0.2617801047120419
FIVE_FIXED_720_DRUGS,drug_id,RAPZEAPATHNIPO-UHFFFAOYSA-N,dtiam,conplex,382,0.2323953879033389,1,1.0,0.2617801047120419
FIVE_FIXED_720_DRUGS,drug_id,RAPZEAPATHNIPO-UHFFFAOYSA-N,dtiam,probematch,382,0.1621740692116437,0,0.0,0.2617801047120419
FIVE_FIXED_720_DRUGS,drug_id,RBTBFTRPCNLSDE-UHFFFAOYSA-N,dtiam,biomaster,382,0.4781139863155972,2,2.0,0.2617801047120419
FIVE_FIXED_720_DRUGS,drug_id,RBTBFTRPCNLSDE-UHFFFAOYSA-N,dtiam,drugclip,382,0.03343709242337627,0,0.0,0.2617801047120419
FIVE_FIXED_720_DRUGS,drug_id,RBTBFTRPCNLSDE-UHFFFAOYSA-N,dtiam,conplex,382,0.040963028162633565,0,0.0,0.2617801047120419
FIVE_FIXED_720_DRUGS,drug_id,RBTBFTRPCNLSDE-UHFFFAOYSA-N,dtiam,probematch,382,0.11769970628919153,0,0.0,0.2617801047120419
FIVE_FIXED_720_DRUGS,drug_id,RDOIQAHITMMDAJ-UHFFFAOYSA-N,dtiam,biomaster,382,0.33166975784008296,3,3.0,0.2617801047120419
FIVE_FIXED_720_DRUGS,drug_id,RDOIQAHITMMDAJ-UHFFFAOYSA-N,dtiam,drugclip,382,0.1849275883971368,2,2.0,0.2617801047120419
FIVE_FIXED_720_DRUGS,drug_id,RDOIQAHITMMDAJ-UHFFFAOYSA-N,dtiam,conplex,382,0.3435899595311258,3,3.0,0.2617801047120419
FIVE_FIXED_720_DRUGS,drug_id,RDOIQAHITMMDAJ-UHFFFAOYSA-N,dtiam,probematch,382,0.24701275968789824,2,2.0,0.2617801047120419
FIVE_FIXED_720_DRUGS,drug_id,RENRQMCACQEWFC-UGKGYDQZSA-N,dtiam,biomaster,382,0.23784375558033855,0,0.0,0.2617801047120419
FIVE_FIXED_720_DRUGS,drug_id,RENRQMCACQEWFC-UGKGYDQZSA-N,dtiam,drugclip,382,-0.02027796127004226,0,0.0,0.2617801047120419
FIVE_FIXED_720_DRUGS,drug_id,RENRQMCACQEWFC-UGKGYDQZSA-N,dtiam,conplex,382,0.1845478034472111,1,1.0,0.2617801047120419
FIVE_FIXED_720_DRUGS,drug_id,RENRQMCACQEWFC-UGKGYDQZSA-N,dtiam,probematch,382,0.12597768607290663,0,0.0,0.2617801047120419
FIVE_FIXED_720_DRUGS,drug_id,RGFBRLNVZCCMSV-BIRGHMBHSA-N,dtiam,biomaster,382,0.30238887732980313,3,3.0,0.2617801047120419
FIVE_FIXED_720_DRUGS,drug_id,RGFBRLNVZCCMSV-BIRGHMBHSA-N,dtiam,drugclip,382,0.07708178447264717,2,2.0,0.2617801047120419
FIVE_FIXED_720_DRUGS,drug_id,RGFBRLNVZCCMSV-BIRGHMBHSA-N,dtiam,conplex,382,0.07506606569169932,0,0.0,0.2617801047120419
FIVE_FIXED_720_DRUGS,drug_id,RGFBRLNVZCCMSV-BIRGHMBHSA-N,dtiam,probematch,382,0.13996864085207672,0,0.0,0.2617801047120419
FIVE_FIXED_720_DRUGS,drug_id,RHWKPHLQXYSBKR-BMIGLBTASA-N,dtiam,biomaster,382,0.07452151574022778,1,1.0,0.2617801047120419
FIVE_FIXED_720_DRUGS,drug_id,RHWKPHLQXYSBKR-BMIGLBTASA-N,dtiam,drugclip,382,-0.019117627589075255,0,0.0,0.2617801047120419
FIVE_FIXED_720_DRUGS,drug_id,RHWKPHLQXYSBKR-BMIGLBTASA-N,dtiam,conplex,382,-0.13528171315064255,0,0.0,0.2617801047120419
FIVE_FIXED_720_DRUGS,drug_id,RHWKPHLQXYSBKR-BMIGLBTASA-N,dtiam,probematch,382,0.15306383525156153,1,1.0,0.2617801047120419
FIVE_FIXED_720_DRUGS,drug_id,RHXHGRAEPCAFML-UHFFFAOYSA-N,dtiam,biomaster,382,-0.2709675148548006,1,1.0,0.2617801047120419
FIVE_FIXED_720_DRUGS,drug_id,RHXHGRAEPCAFML-UHFFFAOYSA-N,dtiam,drugclip,382,-0.17626254368607874,0,0.0,0.2617801047120419
FIVE_FIXED_720_DRUGS,drug_id,RHXHGRAEPCAFML-UHFFFAOYSA-N,dtiam,conplex,382,-0.00862999831196107,0,0.0,0.2617801047120419
FIVE_FIXED_720_DRUGS,drug_id,RHXHGRAEPCAFML-UHFFFAOYSA-N,dtiam,probematch,382,0.06598456336334478,1,1.0,0.2617801047120419
FIVE_FIXED_720_DRUGS,drug_id,RITAVMQDGBJQJZ-FMIVXFBMSA-N,dtiam,biomaster,382,-0.05533833683281217,4,4.0,0.2617801047120419
FIVE_FIXED_720_DRUGS,drug_id,RITAVMQDGBJQJZ-FMIVXFBMSA-N,dtiam,drugclip,382,-0.14045214909835724,2,2.0,0.2617801047120419
FIVE_FIXED_720_DRUGS,drug_id,RITAVMQDGBJQJZ-FMIVXFBMSA-N,dtiam,conplex,382,0.22035853990255336,3,3.0,0.2617801047120419
FIVE_FIXED_720_DRUGS,drug_id,RITAVMQDGBJQJZ-FMIVXFBMSA-N,dtiam,probematch,382,0.1204126051848402,1,1.0,0.2617801047120419
FIVE_FIXED_720_DRUGS,drug_id,RJCWBNBKOKFWNY-IDPLTSGASA-N,dtiam,biomaster,382,0.41107382423915534,4,4.0,0.2617801047120419
FIVE_FIXED_720_DRUGS,drug_id,RJCWBNBKOKFWNY-IDPLTSGASA-N,dtiam,drugclip,382,0.051784142199646076,2,2.0,0.2617801047120419
FIVE_FIXED_720_DRUGS,drug_id,RJCWBNBKOKFWNY-IDPLTSGASA-N,dtiam,conplex,382,-0.2989918737017642,0,0.0,0.2617801047120419
FIVE_FIXED_720_DRUGS,drug_id,RJCWBNBKOKFWNY-IDPLTSGASA-N,dtiam,probematch,382,0.16763370130701563,4,4.0,0.2617801047120419
FIVE_FIXED_720_DRUGS,drug_id,RJKFOVLPORLFTN-LEKSSAKUSA-N,dtiam,biomaster,382,0.08930360712005718,6,6.0,0.2617801047120419
FIVE_FIXED_720_DRUGS,drug_id,RJKFOVLPORLFTN-LEKSSAKUSA-N,dtiam,drugclip,382,0.16184555915651275,3,3.0,0.2617801047120419
FIVE_FIXED_720_DRUGS,drug_id,RJKFOVLPORLFTN-LEKSSAKUSA-N,dtiam,conplex,382,-0.12663883752084584,4,4.0,0.2617801047120419
FIVE_FIXED_720_DRUGS,drug_id,RJKFOVLPORLFTN-LEKSSAKUSA-N,dtiam,probematch,382,0.1974530780598972,4,4.0,0.2617801047120419
FIVE_FIXED_720_DRUGS,drug_id,RKEWSXXUOLRFBX-UHFFFAOYSA-N,dtiam,biomaster,382,0.5854222479021695,3,3.0,0.2617801047120419
FIVE_FIXED_720_DRUGS,drug_id,RKEWSXXUOLRFBX-UHFFFAOYSA-N,dtiam,drugclip,382,0.29330792080582696,2,2.0,0.2617801047120419
FIVE_FIXED_720_DRUGS,drug_id,RKEWSXXUOLRFBX-UHFFFAOYSA-N,dtiam,conplex,382,0.34065183924794534,0,0.0,0.2617801047120419
FIVE_FIXED_720_DRUGS,drug_id,RKEWSXXUOLRFBX-UHFFFAOYSA-N,dtiam,probematch,382,0.10979830203697309,0,0.0,0.2617801047120419
FIVE_FIXED_720_DRUGS,drug_id,RKUNBYITZUJHSG-SPUOUPEWSA-N,dtiam,biomaster,382,0.1478957219530504,2,2.0,0.2617801047120419
FIVE_FIXED_720_DRUGS,drug_id,RKUNBYITZUJHSG-SPUOUPEWSA-N,dtiam,drugclip,382,0.28496944867251045,1,1.0,0.2617801047120419
FIVE_FIXED_720_DRUGS,drug_id,RKUNBYITZUJHSG-SPUOUPEWSA-N,dtiam,conplex,382,0.34167425890675707,0,0.0,0.2617801047120419
FIVE_FIXED_720_DRUGS,drug_id,RKUNBYITZUJHSG-SPUOUPEWSA-N,dtiam,probematch,382,0.09866097708491672,0,0.0,0.2617801047120419
FIVE_FIXED_720_DRUGS,drug_id,RLAWWYSOJDYHDC-BZSNNMDCSA-N,dtiam,biomaster,382,0.4838418153043707,2,2.0,0.2617801047120419
FIVE_FIXED_720_DRUGS,drug_id,RLAWWYSOJDYHDC-BZSNNMDCSA-N,dtiam,drugclip,382,0.28708388233010934,0,0.0,0.2617801047120419
FIVE_FIXED_720_DRUGS,drug_id,RLAWWYSOJDYHDC-BZSNNMDCSA-N,dtiam,conplex,382,0.3802564297445763,0,0.0,0.2617801047120419
FIVE_FIXED_720_DRUGS,drug_id,RLAWWYSOJDYHDC-BZSNNMDCSA-N,dtiam,probematch,382,0.1078332103214587,1,1.0,0.2617801047120419
FIVE_FIXED_720_DRUGS,drug_id,RLCLASQCAPXVLM-NSHDSACASA-N,dtiam,biomaster,382,0.4402373797297456,2,2.0,0.2617801047120419
FIVE_FIXED_720_DRUGS,drug_id,RLCLASQCAPXVLM-NSHDSACASA-N,dtiam,drugclip,382,0.11235851167723003,2,2.0,0.2617801047120419
FIVE_FIXED_720_DRUGS,drug_id,RLCLASQCAPXVLM-NSHDSACASA-N,dtiam,conplex,382,0.14914637448158422,0,0.0,0.2617801047120419
FIVE_FIXED_720_DRUGS,drug_id,RLCLASQCAPXVLM-NSHDSACASA-N,dtiam,probematch,382,0.09641199638638939,0,0.0,0.2617801047120419
FIVE_FIXED_720_DRUGS,drug_id,RMMXLENWKUUMAY-UHFFFAOYSA-N,dtiam,biomaster,382,0.5058117325234964,0,0.0,0.2617801047120419
FIVE_FIXED_720_DRUGS,drug_id,RMMXLENWKUUMAY-UHFFFAOYSA-N,dtiam,drugclip,382,-0.006433393671402328,0,0.0,0.2617801047120419
FIVE_FIXED_720_DRUGS,drug_id,RMMXLENWKUUMAY-UHFFFAOYSA-N,dtiam,conplex,382,0.2772083155686959,1,1.0,0.2617801047120419
FIVE_FIXED_720_DRUGS,drug_id,RMMXLENWKUUMAY-UHFFFAOYSA-N,dtiam,probematch,382,-0.0020171294547184694,0,0.0,0.2617801047120419
FIVE_FIXED_720_DRUGS,drug_id,RMRJXGBAOAMLHD-IHFGGWKQSA-N,dtiam,biomaster,382,0.1515261240301984,1,1.0,0.2617801047120419
FIVE_FIXED_720_DRUGS,drug_id,RMRJXGBAOAMLHD-IHFGGWKQSA-N,dtiam,drugclip,382,0.01342704122123075,2,2.0,0.2617801047120419
FIVE_FIXED_720_DRUGS,drug_id,RMRJXGBAOAMLHD-IHFGGWKQSA-N,dtiam,conplex,382,-0.20868511578800802,1,1.0,0.2617801047120419
FIVE_FIXED_720_DRUGS,drug_id,RMRJXGBAOAMLHD-IHFGGWKQSA-N,dtiam,probematch,382,0.1413748493207397,1,1.0,0.2617801047120419
FIVE_FIXED_720_DRUGS,drug_id,RNOAOAWBMHREKO-QFIPXVFZSA-N,dtiam,biomaster,382,0.13976455990039643,0,0.0,0.2617801047120419
FIVE_FIXED_720_DRUGS,drug_id,RNOAOAWBMHREKO-QFIPXVFZSA-N,dtiam,drugclip,382,-0.05152688825739086,0,0.0,0.2617801047120419
FIVE_FIXED_720_DRUGS,drug_id,RNOAOAWBMHREKO-QFIPXVFZSA-N,dtiam,conplex,382,0.1812340713264229,0,0.0,0.2617801047120419
FIVE_FIXED_720_DRUGS,drug_id,RNOAOAWBMHREKO-QFIPXVFZSA-N,dtiam,probematch,382,0.20785526527240772,0,0.0,0.2617801047120419
FIVE_FIXED_720_DRUGS,drug_id,RRMJMHOQSALEJJ-UHFFFAOYSA-N,dtiam,biomaster,382,0.06639917997345872,4,4.0,0.2617801047120419
FIVE_FIXED_720_DRUGS,drug_id,RRMJMHOQSALEJJ-UHFFFAOYSA-N,dtiam,drugclip,382,-0.0018417875338614539,0,0.0,0.2617801047120419
FIVE_FIXED_720_DRUGS,drug_id,RRMJMHOQSALEJJ-UHFFFAOYSA-N,dtiam,conplex,382,0.21987635555821997,3,3.0,0.2617801047120419
FIVE_FIXED_720_DRUGS,drug_id,RRMJMHOQSALEJJ-UHFFFAOYSA-N,dtiam,probematch,382,0.1528967816455448,0,0.0,0.2617801047120419
FIVE_FIXED_720_DRUGS,drug_id,RTGDFNSFWBGLEC-SYZQJQIISA-N,dtiam,biomaster,382,0.11002083756932267,1,1.0,0.2617801047120419
FIVE_FIXED_720_DRUGS,drug_id,RTGDFNSFWBGLEC-SYZQJQIISA-N,dtiam,drugclip,382,0.05696301926143147,1,1.0,0.2617801047120419
FIVE_FIXED_720_DRUGS,drug_id,RTGDFNSFWBGLEC-SYZQJQIISA-N,dtiam,conplex,382,0.048602839487910714,1,1.0,0.2617801047120419
FIVE_FIXED_720_DRUGS,drug_id,RTGDFNSFWBGLEC-SYZQJQIISA-N,dtiam,probematch,382,0.15764467762582812,0,0.0,0.2617801047120419
FIVE_FIXED_720_DRUGS,drug_id,RTHCYVBBDHJXIQ-UHFFFAOYSA-N,dtiam,biomaster,382,0.3669794221602851,5,5.0,0.2617801047120419
FIVE_FIXED_720_DRUGS,drug_id,RTHCYVBBDHJXIQ-UHFFFAOYSA-N,dtiam,drugclip,382,0.23829820166577845,2,2.0,0.2617801047120419
FIVE_FIXED_720_DRUGS,drug_id,RTHCYVBBDHJXIQ-UHFFFAOYSA-N,dtiam,conplex,382,0.30888490044721834,3,3.0,0.2617801047120419
FIVE_FIXED_720_DRUGS,drug_id,RTHCYVBBDHJXIQ-UHFFFAOYSA-N,dtiam,probematch,382,0.13729654400837527,3,3.0,0.2617801047120419
FIVE_FIXED_720_DRUGS,drug_id,RUDATBOHQWOJDD-BSWAIDMHSA-N,dtiam,biomaster,382,0.40877123999952214,2,2.0,0.2617801047120419
FIVE_FIXED_720_DRUGS,drug_id,RUDATBOHQWOJDD-BSWAIDMHSA-N,dtiam,drugclip,382,0.0441722240873432,2,2.0,0.2617801047120419
FIVE_FIXED_720_DRUGS,drug_id,RUDATBOHQWOJDD-BSWAIDMHSA-N,dtiam,conplex,382,0.02630010396658351,3,3.0,0.2617801047120419
FIVE_FIXED_720_DRUGS,drug_id,RUDATBOHQWOJDD-BSWAIDMHSA-N,dtiam,probematch,382,0.1422914609666656,3,3.0,0.2617801047120419
FIVE_FIXED_720_DRUGS,drug_id,RUEYEZADQJCKGV-UHFFFAOYSA-N,dtiam,biomaster,382,0.5233646318453902,0,0.0,0.2617801047120419
FIVE_FIXED_720_DRUGS,drug_id,RUEYEZADQJCKGV-UHFFFAOYSA-N,dtiam,drugclip,382,0.22673382967916128,3,3.0,0.2617801047120419
FIVE_FIXED_720_DRUGS,drug_id,RUEYEZADQJCKGV-UHFFFAOYSA-N,dtiam,conplex,382,0.2790968297148428,0,0.0,0.2617801047120419
FIVE_FIXED_720_DRUGS,drug_id,RUEYEZADQJCKGV-UHFFFAOYSA-N,dtiam,probematch,382,0.14153778226220076,0,0.0,0.2617801047120419
FIVE_FIXED_720_DRUGS,drug_id,RUOKEQAAGRXIBM-GFCCVEGCSA-N,dtiam,biomaster,382,0.31131720369055,1,1.0,0.2617801047120419
FIVE_FIXED_720_DRUGS,drug_id,RUOKEQAAGRXIBM-GFCCVEGCSA-N,dtiam,drugclip,382,0.05133959877641845,1,1.0,0.2617801047120419
FIVE_FIXED_720_DRUGS,drug_id,RUOKEQAAGRXIBM-GFCCVEGCSA-N,dtiam,conplex,382,0.16238364644227857,0,0.0,0.2617801047120419
FIVE_FIXED_720_DRUGS,drug_id,RUOKEQAAGRXIBM-GFCCVEGCSA-N,dtiam,probematch,382,0.11161215233179171,0,0.0,0.2617801047120419
FIVE_FIXED_720_DRUGS,drug_id,RUZYUOTYCVRMRZ-UHFFFAOYSA-N,dtiam,biomaster,382,0.13634103735338007,0,0.0,0.2617801047120419
FIVE_FIXED_720_DRUGS,drug_id,RUZYUOTYCVRMRZ-UHFFFAOYSA-N,dtiam,drugclip,382,-0.07708199974791266,0,0.0,0.2617801047120419
FIVE_FIXED_720_DRUGS,drug_id,RUZYUOTYCVRMRZ-UHFFFAOYSA-N,dtiam,conplex,382,0.1366951478376969,1,1.0,0.2617801047120419
FIVE_FIXED_720_DRUGS,drug_id,RUZYUOTYCVRMRZ-UHFFFAOYSA-N,dtiam,probematch,382,0.1361621436077616,0,0.0,0.2617801047120419
FIVE_FIXED_720_DRUGS,drug_id,RVOLLAQWKVFTGE-UHFFFAOYSA-N,dtiam,biomaster,382,0.4029923907728285,1,1.0,0.2617801047120419
FIVE_FIXED_720_DRUGS,drug_id,RVOLLAQWKVFTGE-UHFFFAOYSA-N,dtiam,drugclip,382,0.0442585494688029,1,1.0,0.2617801047120419
FIVE_FIXED_720_DRUGS,drug_id,RVOLLAQWKVFTGE-UHFFFAOYSA-N,dtiam,conplex,382,0.23757636151324288,1,1.0,0.2617801047120419
FIVE_FIXED_720_DRUGS,drug_id,RVOLLAQWKVFTGE-UHFFFAOYSA-N,dtiam,probematch,382,0.18792520905921578,0,0.0,0.2617801047120419
FIVE_FIXED_720_DRUGS,drug_id,RWTNPBWLLIMQHL-UHFFFAOYSA-N,dtiam,biomaster,382,0.41266190987264206,0,0.0,0.2617801047120419
FIVE_FIXED_720_DRUGS,drug_id,RWTNPBWLLIMQHL-UHFFFAOYSA-N,dtiam,drugclip,382,0.02764446557969162,1,1.0,0.2617801047120419
FIVE_FIXED_720_DRUGS,drug_id,RWTNPBWLLIMQHL-UHFFFAOYSA-N,dtiam,conplex,382,0.3151045664263174,0,0.0,0.2617801047120419
FIVE_FIXED_720_DRUGS,drug_id,RWTNPBWLLIMQHL-UHFFFAOYSA-N,dtiam,probematch,382,0.13478373608285774,0,0.0,0.2617801047120419
FIVE_FIXED_720_DRUGS,drug_id,RYIDHLJADOKWFM-MAODMQOUSA-N,dtiam,biomaster,382,0.010462270264964026,1,1.0,0.2617801047120419
FIVE_FIXED_720_DRUGS,drug_id,RYIDHLJADOKWFM-MAODMQOUSA-N,dtiam,drugclip,382,0.05103197042203962,0,0.0,0.2617801047120419
FIVE_FIXED_720_DRUGS,drug_id,RYIDHLJADOKWFM-MAODMQOUSA-N,dtiam,conplex,382,0.001416974142601464,1,1.0,0.2617801047120419
FIVE_FIXED_720_DRUGS,drug_id,RYIDHLJADOKWFM-MAODMQOUSA-N,dtiam,probematch,382,0.19537941781172477,1,1.0,0.2617801047120419
FIVE_FIXED_720_DRUGS,drug_id,RYMZZMVNJRMUDD-HGQWONQESA-N,dtiam,biomaster,382,0.2841240627049488,0,0.0,0.2617801047120419
FIVE_FIXED_720_DRUGS,drug_id,RYMZZMVNJRMUDD-HGQWONQESA-N,dtiam,drugclip,382,0.14684281062956067,3,3.0,0.2617801047120419
FIVE_FIXED_720_DRUGS,drug_id,RYMZZMVNJRMUDD-HGQWONQESA-N,dtiam,conplex,382,0.2584098013671896,0,0.0,0.2617801047120419
FIVE_FIXED_720_DRUGS,drug_id,RYMZZMVNJRMUDD-HGQWONQESA-N,dtiam,probematch,382,0.1725557188896834,0,0.0,0.2617801047120419
FIVE_FIXED_720_DRUGS,drug_id,RZEKVGVHFLEQIL-UHFFFAOYSA-N,dtiam,biomaster,382,0.5726971116840542,3,3.0,0.2617801047120419
FIVE_FIXED_720_DRUGS,drug_id,RZEKVGVHFLEQIL-UHFFFAOYSA-N,dtiam,drugclip,382,0.14980241497945573,1,1.0,0.2617801047120419
FIVE_FIXED_720_DRUGS,drug_id,RZEKVGVHFLEQIL-UHFFFAOYSA-N,dtiam,conplex,382,0.3457036533169553,2,2.0,0.2617801047120419
FIVE_FIXED_720_DRUGS,drug_id,RZEKVGVHFLEQIL-UHFFFAOYSA-N,dtiam,probematch,382,0.1263813079800915,1,1.0,0.2617801047120419
FIVE_FIXED_720_DRUGS,drug_id,RZVAJINKPMORJF-UHFFFAOYSA-N,dtiam,biomaster,382,0.2896036793126175,3,3.0,0.2617801047120419
FIVE_FIXED_720_DRUGS,drug_id,RZVAJINKPMORJF-UHFFFAOYSA-N,dtiam,drugclip,382,-0.11741425128715773,0,0.0,0.2617801047120419
FIVE_FIXED_720_DRUGS,drug_id,RZVAJINKPMORJF-UHFFFAOYSA-N,dtiam,conplex,382,-0.13321335409117255,1,1.0,0.2617801047120419
FIVE_FIXED_720_DRUGS,drug_id,RZVAJINKPMORJF-UHFFFAOYSA-N,dtiam,probematch,382,0.029864384117378406,0,0.0,0.2617801047120419
FIVE_FIXED_720_DRUGS,drug_id,RZVPBGBYGMDSBG-GGAORHGYSA-N,dtiam,biomaster,382,0.40276915032252003,0,0.0,0.2617801047120419
FIVE_FIXED_720_DRUGS,drug_id,RZVPBGBYGMDSBG-GGAORHGYSA-N,dtiam,drugclip,382,-0.011488702730799036,0,0.0,0.2617801047120419
FIVE_FIXED_720_DRUGS,drug_id,RZVPBGBYGMDSBG-GGAORHGYSA-N,dtiam,conplex,382,0.1933636398463232,0,0.0,0.2617801047120419
FIVE_FIXED_720_DRUGS,drug_id,RZVPBGBYGMDSBG-GGAORHGYSA-N,dtiam,probematch,382,0.06452349005786125,0,0.0,0.2617801047120419
FIVE_FIXED_720_DRUGS,drug_id,SDEAXTCZPQIFQM-UHFFFAOYSA-N,dtiam,biomaster,382,0.14735538103668172,0,0.0,0.2617801047120419
FIVE_FIXED_720_DRUGS,drug_id,SDEAXTCZPQIFQM-UHFFFAOYSA-N,dtiam,drugclip,382,0.06938031184990234,0,0.0,0.2617801047120419
FIVE_FIXED_720_DRUGS,drug_id,SDEAXTCZPQIFQM-UHFFFAOYSA-N,dtiam,conplex,382,0.09773826138935998,1,1.0,0.2617801047120419
FIVE_FIXED_720_DRUGS,drug_id,SDEAXTCZPQIFQM-UHFFFAOYSA-N,dtiam,probematch,382,0.08325910821575447,0,0.0,0.2617801047120419
FIVE_FIXED_720_DRUGS,drug_id,SDUQYLNIPVEERB-QPPQHZFASA-N,dtiam,biomaster,382,0.0895907843242149,1,1.0,0.2617801047120419
FIVE_FIXED_720_DRUGS,drug_id,SDUQYLNIPVEERB-QPPQHZFASA-N,dtiam,drugclip,382,0.042806302527837514,0,0.0,0.2617801047120419
FIVE_FIXED_720_DRUGS,drug_id,SDUQYLNIPVEERB-QPPQHZFASA-N,dtiam,conplex,382,-0.038364796934292,2,2.0,0.2617801047120419
FIVE_FIXED_720_DRUGS,drug_id,SDUQYLNIPVEERB-QPPQHZFASA-N,dtiam,probematch,382,0.011489563831860977,2,2.0,0.2617801047120419
FIVE_FIXED_720_DRUGS,drug_id,SECKRCOLJRRGGV-UHFFFAOYSA-N,dtiam,biomaster,382,0.39976326179054555,2,2.0,0.2617801047120419
FIVE_FIXED_720_DRUGS,drug_id,SECKRCOLJRRGGV-UHFFFAOYSA-N,dtiam,drugclip,382,-0.05584423370670317,1,1.0,0.2617801047120419
FIVE_FIXED_720_DRUGS,drug_id,SECKRCOLJRRGGV-UHFFFAOYSA-N,dtiam,conplex,382,0.15479009452763756,0,0.0,0.2617801047120419
FIVE_FIXED_720_DRUGS,drug_id,SECKRCOLJRRGGV-UHFFFAOYSA-N,dtiam,probematch,382,0.01483042067693092,1,1.0,0.2617801047120419
FIVE_FIXED_720_DRUGS,drug_id,SEVCTUCCZYBJER-BSJAROSPSA-N,dtiam,biomaster,382,0.25860662438588694,0,0.0,0.2617801047120419
FIVE_FIXED_720_DRUGS,drug_id,SEVCTUCCZYBJER-BSJAROSPSA-N,dtiam,drugclip,382,0.20779627984966467,0,0.0,0.2617801047120419
FIVE_FIXED_720_DRUGS,drug_id,SEVCTUCCZYBJER-BSJAROSPSA-N,dtiam,conplex,382,0.22843570591249604,1,1.0,0.2617801047120419
FIVE_FIXED_720_DRUGS,drug_id,SEVCTUCCZYBJER-BSJAROSPSA-N,dtiam,probematch,382,0.18898445077521162,0,0.0,0.2617801047120419
FIVE_FIXED_720_DRUGS,drug_id,SFLSHLFXELFNJZ-QMMMGPOBSA-N,dtiam,biomaster,382,0.19421800775443038,2,2.0,0.2617801047120419
FIVE_FIXED_720_DRUGS,drug_id,SFLSHLFXELFNJZ-QMMMGPOBSA-N,dtiam,drugclip,382,-0.02871309199756179,2,2.0,0.2617801047120419
FIVE_FIXED_720_DRUGS,drug_id,SFLSHLFXELFNJZ-QMMMGPOBSA-N,dtiam,conplex,382,0.027296668939062744,1,1.0,0.2617801047120419
FIVE_FIXED_720_DRUGS,drug_id,SFLSHLFXELFNJZ-QMMMGPOBSA-N,dtiam,probematch,382,-0.02954513089866337,0,0.0,0.2617801047120419
FIVE_FIXED_720_DRUGS,drug_id,SFNSLLSYNZWZQG-VQIMIIECSA-N,dtiam,biomaster,382,0.333313384492065,0,0.0,0.2617801047120419
FIVE_FIXED_720_DRUGS,drug_id,SFNSLLSYNZWZQG-VQIMIIECSA-N,dtiam,drugclip,382,0.07233324266656736,0,0.0,0.2617801047120419
FIVE_FIXED_720_DRUGS,drug_id,SFNSLLSYNZWZQG-VQIMIIECSA-N,dtiam,conplex,382,0.23361398888960094,1,1.0,0.2617801047120419
FIVE_FIXED_720_DRUGS,drug_id,SFNSLLSYNZWZQG-VQIMIIECSA-N,dtiam,probematch,382,0.17004345654146724,1,1.0,0.2617801047120419
FIVE_FIXED_720_DRUGS,drug_id,SGEGOXDYSFKCPT-UHFFFAOYSA-N,dtiam,biomaster,382,0.31893687171241036,5,5.0,0.2617801047120419
FIVE_FIXED_720_DRUGS,drug_id,SGEGOXDYSFKCPT-UHFFFAOYSA-N,dtiam,drugclip,382,-0.03130629784560049,0,0.0,0.2617801047120419
FIVE_FIXED_720_DRUGS,drug_id,SGEGOXDYSFKCPT-UHFFFAOYSA-N,dtiam,conplex,382,0.18507546683555037,0,0.0,0.2617801047120419
FIVE_FIXED_720_DRUGS,drug_id,SGEGOXDYSFKCPT-UHFFFAOYSA-N,dtiam,probematch,382,0.24632969127051263,2,2.0,0.2617801047120419
FIVE_FIXED_720_DRUGS,drug_id,SGEUNORSOZVTOL-CABZTGNLSA-N,dtiam,biomaster,382,0.21209769492933106,2,2.0,0.2617801047120419
FIVE_FIXED_720_DRUGS,drug_id,SGEUNORSOZVTOL-CABZTGNLSA-N,dtiam,drugclip,382,0.06439216867333712,0,0.0,0.2617801047120419
FIVE_FIXED_720_DRUGS,drug_id,SGEUNORSOZVTOL-CABZTGNLSA-N,dtiam,conplex,382,-0.05971288650925762,1,1.0,0.2617801047120419
FIVE_FIXED_720_DRUGS,drug_id,SGEUNORSOZVTOL-CABZTGNLSA-N,dtiam,probematch,382,0.11330507701956993,0,0.0,0.2617801047120419
FIVE_FIXED_720_DRUGS,drug_id,SGUAFYQXFOLMHL-UHFFFAOYSA-N,dtiam,biomaster,382,0.3244408144250789,1,1.0,0.2617801047120419
FIVE_FIXED_720_DRUGS,drug_id,SGUAFYQXFOLMHL-UHFFFAOYSA-N,dtiam,drugclip,382,0.09230798872517326,1,1.0,0.2617801047120419
FIVE_FIXED_720_DRUGS,drug_id,SGUAFYQXFOLMHL-UHFFFAOYSA-N,dtiam,conplex,382,0.1266941007798491,3,3.0,0.2617801047120419
FIVE_FIXED_720_DRUGS,drug_id,SGUAFYQXFOLMHL-UHFFFAOYSA-N,dtiam,probematch,382,0.15637541466052543,1,1.0,0.2617801047120419
FIVE_FIXED_720_DRUGS,drug_id,SHGAZHPCJJPHSC-XFYACQKRSA-N,dtiam,biomaster,382,-0.04495130527313534,3,3.0,0.2617801047120419
FIVE_FIXED_720_DRUGS,drug_id,SHGAZHPCJJPHSC-XFYACQKRSA-N,dtiam,drugclip,382,0.1182299292680824,3,3.0,0.2617801047120419
FIVE_FIXED_720_DRUGS,drug_id,SHGAZHPCJJPHSC-XFYACQKRSA-N,dtiam,conplex,382,0.07664144734970144,3,3.0,0.2617801047120419
FIVE_FIXED_720_DRUGS,drug_id,SHGAZHPCJJPHSC-XFYACQKRSA-N,dtiam,probematch,382,0.13879194625093283,4,4.0,0.2617801047120419
FIVE_FIXED_720_DRUGS,drug_id,SHGAZHPCJJPHSC-YCNIQYBTSA-N,dtiam,biomaster,382,-0.06006319835968859,3,3.0,0.2617801047120419
FIVE_FIXED_720_DRUGS,drug_id,SHGAZHPCJJPHSC-YCNIQYBTSA-N,dtiam,drugclip,382,0.11906821115188304,3,3.0,0.2617801047120419
FIVE_FIXED_720_DRUGS,drug_id,SHGAZHPCJJPHSC-YCNIQYBTSA-N,dtiam,conplex,382,0.07664144734970144,3,3.0,0.2617801047120419
FIVE_FIXED_720_DRUGS,drug_id,SHGAZHPCJJPHSC-YCNIQYBTSA-N,dtiam,probematch,382,0.13912217850818762,4,4.0,0.2617801047120419
FIVE_FIXED_720_DRUGS,drug_id,SIFNOOUKXBRGGB-AREMUKBSSA-N,dtiam,biomaster,382,0.015567953736484345,1,1.0,0.2617801047120419
FIVE_FIXED_720_DRUGS,drug_id,SIFNOOUKXBRGGB-AREMUKBSSA-N,dtiam,drugclip,382,0.08412559115933373,1,1.0,0.2617801047120419
FIVE_FIXED_720_DRUGS,drug_id,SIFNOOUKXBRGGB-AREMUKBSSA-N,dtiam,conplex,382,0.2460845027898489,0,0.0,0.2617801047120419
FIVE_FIXED_720_DRUGS,drug_id,SIFNOOUKXBRGGB-AREMUKBSSA-N,dtiam,probematch,382,0.2720191345266974,0,0.0,0.2617801047120419
FIVE_FIXED_720_DRUGS,drug_id,SJVQHLPISAIATJ-ZDUSSCGKSA-N,dtiam,biomaster,382,0.19566272006110375,1,1.0,0.2617801047120419
FIVE_FIXED_720_DRUGS,drug_id,SJVQHLPISAIATJ-ZDUSSCGKSA-N,dtiam,drugclip,382,-0.05029594428934459,0,0.0,0.2617801047120419
FIVE_FIXED_720_DRUGS,drug_id,SJVQHLPISAIATJ-ZDUSSCGKSA-N,dtiam,conplex,382,0.14289400205567906,0,0.0,0.2617801047120419
FIVE_FIXED_720_DRUGS,drug_id,SJVQHLPISAIATJ-ZDUSSCGKSA-N,dtiam,probematch,382,0.039150713244627725,0,0.0,0.2617801047120419
FIVE_FIXED_720_DRUGS,drug_id,SJZRECIVHVDYJC-UHFFFAOYSA-N,dtiam,biomaster,382,0.015700563300023434,2,2.0,0.2617801047120419
FIVE_FIXED_720_DRUGS,drug_id,SJZRECIVHVDYJC-UHFFFAOYSA-N,dtiam,drugclip,382,0.0541848919603407,0,0.0,0.2617801047120419
FIVE_FIXED_720_DRUGS,drug_id,SJZRECIVHVDYJC-UHFFFAOYSA-N,dtiam,conplex,382,-0.07787679984676298,0,0.0,0.2617801047120419
FIVE_FIXED_720_DRUGS,drug_id,SJZRECIVHVDYJC-UHFFFAOYSA-N,dtiam,probematch,382,-0.057851890832621225,0,0.0,0.2617801047120419
FIVE_FIXED_720_DRUGS,drug_id,SMOBCLHAZXOKDQ-ZJUUUORDSA-N,dtiam,biomaster,382,0.5018932921411289,3,3.0,0.2617801047120419
FIVE_FIXED_720_DRUGS,drug_id,SMOBCLHAZXOKDQ-ZJUUUORDSA-N,dtiam,drugclip,382,0.3455324085610238,0,0.0,0.2617801047120419
FIVE_FIXED_720_DRUGS,drug_id,SMOBCLHAZXOKDQ-ZJUUUORDSA-N,dtiam,conplex,382,0.329476058965587,2,2.0,0.2617801047120419
FIVE_FIXED_720_DRUGS,drug_id,SMOBCLHAZXOKDQ-ZJUUUORDSA-N,dtiam,probematch,382,0.14524654453598546,1,1.0,0.2617801047120419
FIVE_FIXED_720_DRUGS,drug_id,SNICXCGAKADSCV-JTQLQIEISA-N,dtiam,biomaster,382,0.3933958499880146,3,3.0,0.2617801047120419
FIVE_FIXED_720_DRUGS,drug_id,SNICXCGAKADSCV-JTQLQIEISA-N,dtiam,drugclip,382,0.057760398844789874,2,2.0,0.2617801047120419
FIVE_FIXED_720_DRUGS,drug_id,SNICXCGAKADSCV-JTQLQIEISA-N,dtiam,conplex,382,0.1936986169817312,2,2.0,0.2617801047120419
FIVE_FIXED_720_DRUGS,drug_id,SNICXCGAKADSCV-JTQLQIEISA-N,dtiam,probematch,382,0.10434445936900022,0,0.0,0.2617801047120419
FIVE_FIXED_720_DRUGS,drug_id,SNIOPGDIGTZGOP-UHFFFAOYSA-N,dtiam,biomaster,382,0.15747525599189102,3,3.0,0.2617801047120419
FIVE_FIXED_720_DRUGS,drug_id,SNIOPGDIGTZGOP-UHFFFAOYSA-N,dtiam,drugclip,382,-0.0060058569941480655,1,1.0,0.2617801047120419
FIVE_FIXED_720_DRUGS,drug_id,SNIOPGDIGTZGOP-UHFFFAOYSA-N,dtiam,conplex,382,-0.11723633552134446,0,0.0,0.2617801047120419
FIVE_FIXED_720_DRUGS,drug_id,SNIOPGDIGTZGOP-UHFFFAOYSA-N,dtiam,probematch,382,-0.06172533868450237,0,0.0,0.2617801047120419
FIVE_FIXED_720_DRUGS,drug_id,SNPPWIUOZRMYNY-UHFFFAOYSA-N,dtiam,biomaster,382,0.2764548813720268,0,0.0,0.2617801047120419
FIVE_FIXED_720_DRUGS,drug_id,SNPPWIUOZRMYNY-UHFFFAOYSA-N,dtiam,drugclip,382,0.11484752429677375,2,2.0,0.2617801047120419
FIVE_FIXED_720_DRUGS,drug_id,SNPPWIUOZRMYNY-UHFFFAOYSA-N,dtiam,conplex,382,0.34636565549047765,0,0.0,0.2617801047120419
FIVE_FIXED_720_DRUGS,drug_id,SNPPWIUOZRMYNY-UHFFFAOYSA-N,dtiam,probematch,382,0.1724381878751477,0,0.0,0.2617801047120419
FIVE_FIXED_720_DRUGS,drug_id,SNUDIPVBUUXCDG-QHSBEEBCSA-N,dtiam,biomaster,382,0.5175778174338737,2,2.0,0.2617801047120419
FIVE_FIXED_720_DRUGS,drug_id,SNUDIPVBUUXCDG-QHSBEEBCSA-N,dtiam,drugclip,382,0.17424024784210765,1,1.0,0.2617801047120419
FIVE_FIXED_720_DRUGS,drug_id,SNUDIPVBUUXCDG-QHSBEEBCSA-N,dtiam,conplex,382,0.17758258712832714,1,1.0,0.2617801047120419
FIVE_FIXED_720_DRUGS,drug_id,SNUDIPVBUUXCDG-QHSBEEBCSA-N,dtiam,probematch,382,0.13483238829285746,1,1.0,0.2617801047120419
FIVE_FIXED_720_DRUGS,drug_id,SOLUWJRYJLAZCX-LYOVBCGYSA-N,dtiam,biomaster,382,0.19617163078871153,1,1.0,0.2617801047120419
FIVE_FIXED_720_DRUGS,drug_id,SOLUWJRYJLAZCX-LYOVBCGYSA-N,dtiam,drugclip,382,-0.0048235652361015326,1,1.0,0.2617801047120419
FIVE_FIXED_720_DRUGS,drug_id,SOLUWJRYJLAZCX-LYOVBCGYSA-N,dtiam,conplex,382,0.012482915730552904,0,0.0,0.2617801047120419
FIVE_FIXED_720_DRUGS,drug_id,SOLUWJRYJLAZCX-LYOVBCGYSA-N,dtiam,probematch,382,0.16151532689925796,0,0.0,0.2617801047120419
FIVE_FIXED_720_DRUGS,drug_id,SONNWYBIRXJNDC-VIFPVBQESA-N,dtiam,biomaster,382,0.24422817412884287,2,2.0,0.2617801047120419
FIVE_FIXED_720_DRUGS,drug_id,SONNWYBIRXJNDC-VIFPVBQESA-N,dtiam,drugclip,382,0.09159435122008872,2,2.0,0.2617801047120419
FIVE_FIXED_720_DRUGS,drug_id,SONNWYBIRXJNDC-VIFPVBQESA-N,dtiam,conplex,382,0.021991256221250446,0,0.0,0.2617801047120419
FIVE_FIXED_720_DRUGS,drug_id,SONNWYBIRXJNDC-VIFPVBQESA-N,dtiam,probematch,382,-0.009517857675279006,0,0.0,0.2617801047120419
FIVE_FIXED_720_DRUGS,drug_id,SOYCMDCMZDHQFP-UHFFFAOYSA-N,dtiam,biomaster,382,0.2485575749930224,2,2.0,0.2617801047120419
FIVE_FIXED_720_DRUGS,drug_id,SOYCMDCMZDHQFP-UHFFFAOYSA-N,dtiam,drugclip,382,-0.06374354429842921,2,2.0,0.2617801047120419
FIVE_FIXED_720_DRUGS,drug_id,SOYCMDCMZDHQFP-UHFFFAOYSA-N,dtiam,conplex,382,0.02999097734987152,0,0.0,0.2617801047120419
FIVE_FIXED_720_DRUGS,drug_id,SOYCMDCMZDHQFP-UHFFFAOYSA-N,dtiam,probematch,382,0.03500601855823481,1,1.0,0.2617801047120419
FIVE_FIXED_720_DRUGS,drug_id,SOYKEARSMXGVTM-UHFFFAOYSA-N,dtiam,biomaster,382,0.27590614472030417,5,5.0,0.2617801047120419
FIVE_FIXED_720_DRUGS,drug_id,SOYKEARSMXGVTM-UHFFFAOYSA-N,dtiam,drugclip,382,0.13359369441525373,3,3.0,0.2617801047120419
FIVE_FIXED_720_DRUGS,drug_id,SOYKEARSMXGVTM-UHFFFAOYSA-N,dtiam,conplex,382,0.2572409115003455,0,0.0,0.2617801047120419
FIVE_FIXED_720_DRUGS,drug_id,SOYKEARSMXGVTM-UHFFFAOYSA-N,dtiam,probematch,382,0.10781189807017565,2,2.0,0.2617801047120419
FIVE_FIXED_720_DRUGS,drug_id,SPMVMDHWKHCIDT-UHFFFAOYSA-N,dtiam,biomaster,382,-0.0036337388437630075,5,5.0,0.2617801047120419
FIVE_FIXED_720_DRUGS,drug_id,SPMVMDHWKHCIDT-UHFFFAOYSA-N,dtiam,drugclip,382,-0.0380726147150762,2,2.0,0.2617801047120419
FIVE_FIXED_720_DRUGS,drug_id,SPMVMDHWKHCIDT-UHFFFAOYSA-N,dtiam,conplex,382,0.2854466364524137,5,5.0,0.2617801047120419
FIVE_FIXED_720_DRUGS,drug_id,SPMVMDHWKHCIDT-UHFFFAOYSA-N,dtiam,probematch,382,0.07363247644754063,0,0.0,0.2617801047120419
FIVE_FIXED_720_DRUGS,drug_id,STPKWKPURVSAJF-LJEWAXOPSA-N,dtiam,biomaster,382,-0.05089893030796957,1,1.0,0.2617801047120419
FIVE_FIXED_720_DRUGS,drug_id,STPKWKPURVSAJF-LJEWAXOPSA-N,dtiam,drugclip,382,0.050359235217397345,0,0.0,0.2617801047120419
FIVE_FIXED_720_DRUGS,drug_id,STPKWKPURVSAJF-LJEWAXOPSA-N,dtiam,conplex,382,0.21313102102131745,2,2.0,0.2617801047120419
FIVE_FIXED_720_DRUGS,drug_id,STPKWKPURVSAJF-LJEWAXOPSA-N,dtiam,probematch,382,0.18878295312671717,0,0.0,0.2617801047120419
FIVE_FIXED_720_DRUGS,drug_id,STUWGJZDJHPWGZ-LBPRGKRZSA-N,dtiam,biomaster,382,0.4248576842129284,0,0.0,0.2617801047120419
FIVE_FIXED_720_DRUGS,drug_id,STUWGJZDJHPWGZ-LBPRGKRZSA-N,dtiam,drugclip,382,-0.1675017014818796,0,0.0,0.2617801047120419
FIVE_FIXED_720_DRUGS,drug_id,STUWGJZDJHPWGZ-LBPRGKRZSA-N,dtiam,conplex,382,0.35241264703994923,3,3.0,0.2617801047120419
FIVE_FIXED_720_DRUGS,drug_id,STUWGJZDJHPWGZ-LBPRGKRZSA-N,dtiam,probematch,382,0.0009126594880259053,0,0.0,0.2617801047120419
FIVE_FIXED_720_DRUGS,drug_id,STZYTFJPGGDRJD-NHUWBDDWSA-N,dtiam,biomaster,382,0.2530604877211832,0,0.0,0.2617801047120419
FIVE_FIXED_720_DRUGS,drug_id,STZYTFJPGGDRJD-NHUWBDDWSA-N,dtiam,drugclip,382,0.1301916993947859,1,1.0,0.2617801047120419
FIVE_FIXED_720_DRUGS,drug_id,STZYTFJPGGDRJD-NHUWBDDWSA-N,dtiam,conplex,382,-0.047201989830489656,0,0.0,0.2617801047120419
FIVE_FIXED_720_DRUGS,drug_id,STZYTFJPGGDRJD-NHUWBDDWSA-N,dtiam,probematch,382,0.15109729570135125,2,2.0,0.2617801047120419
FIVE_FIXED_720_DRUGS,drug_id,SUBDBMMJDZJVOS-DEOSSOPVSA-N,dtiam,biomaster,382,0.3687588875047885,3,3.0,0.2617801047120419
FIVE_FIXED_720_DRUGS,drug_id,SUBDBMMJDZJVOS-DEOSSOPVSA-N,dtiam,drugclip,382,0.17980274542698826,2,2.0,0.2617801047120419
FIVE_FIXED_720_DRUGS,drug_id,SUBDBMMJDZJVOS-DEOSSOPVSA-N,dtiam,conplex,382,0.058259492991168844,0,0.0,0.2617801047120419
FIVE_FIXED_720_DRUGS,drug_id,SUBDBMMJDZJVOS-DEOSSOPVSA-N,dtiam,probematch,382,0.10483929777835707,0,0.0,0.2617801047120419
FIVE_FIXED_720_DRUGS,drug_id,SUBDBMMJDZJVOS-UHFFFAOYSA-N,dtiam,biomaster,382,0.384827679146425,2,2.0,0.2617801047120419
FIVE_FIXED_720_DRUGS,drug_id,SUBDBMMJDZJVOS-UHFFFAOYSA-N,dtiam,drugclip,382,0.1764074239397505,2,2.0,0.2617801047120419
FIVE_FIXED_720_DRUGS,drug_id,SUBDBMMJDZJVOS-UHFFFAOYSA-N,dtiam,conplex,382,0.058259492991168844,0,0.0,0.2617801047120419
FIVE_FIXED_720_DRUGS,drug_id,SUBDBMMJDZJVOS-UHFFFAOYSA-N,dtiam,probematch,382,0.10145708533097593,0,0.0,0.2617801047120419
FIVE_FIXED_720_DRUGS,drug_id,SUDAHWBOROXANE-SECBINFHSA-N,dtiam,biomaster,382,0.33108334801690037,2,2.0,0.2617801047120419
FIVE_FIXED_720_DRUGS,drug_id,SUDAHWBOROXANE-SECBINFHSA-N,dtiam,drugclip,382,0.1823929374213102,1,1.0,0.2617801047120419
FIVE_FIXED_720_DRUGS,drug_id,SUDAHWBOROXANE-SECBINFHSA-N,dtiam,conplex,382,0.4539535099002996,0,0.0,0.2617801047120419
FIVE_FIXED_720_DRUGS,drug_id,SUDAHWBOROXANE-SECBINFHSA-N,dtiam,probematch,382,-0.1379998483385675,1,1.0,0.2617801047120419
FIVE_FIXED_720_DRUGS,drug_id,SUJUHGSWHZTSEU-FYBSXPHGSA-N,dtiam,biomaster,382,0.18425851287200778,1,1.0,0.2617801047120419
FIVE_FIXED_720_DRUGS,drug_id,SUJUHGSWHZTSEU-FYBSXPHGSA-N,dtiam,drugclip,382,0.05550926539360768,0,0.0,0.2617801047120419
FIVE_FIXED_720_DRUGS,drug_id,SUJUHGSWHZTSEU-FYBSXPHGSA-N,dtiam,conplex,382,-0.026784828359484727,0,0.0,0.2617801047120419
FIVE_FIXED_720_DRUGS,drug_id,SUJUHGSWHZTSEU-FYBSXPHGSA-N,dtiam,probematch,382,0.11311704016299369,0,0.0,0.2617801047120419
FIVE_FIXED_720_DRUGS,drug_id,TTWJBBZEZQICBI-UHFFFAOYSA-N,dtiam,biomaster,382,0.3538766931265084,3,3.0,0.2617801047120419
FIVE_FIXED_720_DRUGS,drug_id,TTWJBBZEZQICBI-UHFFFAOYSA-N,dtiam,drugclip,382,0.05868780468850153,0,0.0,0.2617801047120419
FIVE_FIXED_720_DRUGS,drug_id,TTWJBBZEZQICBI-UHFFFAOYSA-N,dtiam,conplex,382,0.03232571342166258,0,0.0,0.2617801047120419
FIVE_FIXED_720_DRUGS,drug_id,TTWJBBZEZQICBI-UHFFFAOYSA-N,dtiam,probematch,382,0.16359122628433492,0,0.0,0.2617801047120419
FIVE_FIXED_720_DRUGS,drug_id,TTZHDVOVKQGIBA-IQWMDFIBSA-N,dtiam,biomaster,382,0.32841544165173825,1,1.0,0.2617801047120419
FIVE_FIXED_720_DRUGS,drug_id,TTZHDVOVKQGIBA-IQWMDFIBSA-N,dtiam,drugclip,382,-0.050393033434078575,0,0.0,0.2617801047120419
FIVE_FIXED_720_DRUGS,drug_id,TTZHDVOVKQGIBA-IQWMDFIBSA-N,dtiam,conplex,382,0.20006795661071183,3,3.0,0.2617801047120419
FIVE_FIXED_720_DRUGS,drug_id,TTZHDVOVKQGIBA-IQWMDFIBSA-N,dtiam,probematch,382,0.014860559214098894,0,0.0,0.2617801047120419
FIVE_FIXED_720_DRUGS,drug_id,TXEIIPDJKFWEEC-UHFFFAOYSA-N,dtiam,biomaster,382,0.2257532508448747,0,0.0,0.2617801047120419
FIVE_FIXED_720_DRUGS,drug_id,TXEIIPDJKFWEEC-UHFFFAOYSA-N,dtiam,drugclip,382,0.05955407235681531,1,1.0,0.2617801047120419
FIVE_FIXED_720_DRUGS,drug_id,TXEIIPDJKFWEEC-UHFFFAOYSA-N,dtiam,conplex,382,0.06603178274261859,1,1.0,0.2617801047120419
FIVE_FIXED_720_DRUGS,drug_id,TXEIIPDJKFWEEC-UHFFFAOYSA-N,dtiam,probematch,382,0.08933998863992425,0,0.0,0.2617801047120419
FIVE_FIXED_720_DRUGS,drug_id,TYZROVQLWOKYKF-ZDUSSCGKSA-N,dtiam,biomaster,382,0.25184310609486255,2,2.0,0.2617801047120419
FIVE_FIXED_720_DRUGS,drug_id,TYZROVQLWOKYKF-ZDUSSCGKSA-N,dtiam,drugclip,382,-0.01473785231277214,0,0.0,0.2617801047120419
FIVE_FIXED_720_DRUGS,drug_id,TYZROVQLWOKYKF-ZDUSSCGKSA-N,dtiam,conplex,382,0.03811261324129965,1,1.0,0.2617801047120419
FIVE_FIXED_720_DRUGS,drug_id,TYZROVQLWOKYKF-ZDUSSCGKSA-N,dtiam,probematch,382,0.12463018396349863,1,1.0,0.2617801047120419
FIVE_FIXED_720_DRUGS,drug_id,TZFNLOMSOLWIDK-JTQLQIEISA-N,dtiam,biomaster,382,0.1056836867955857,2,2.0,0.2617801047120419
FIVE_FIXED_720_DRUGS,drug_id,TZFNLOMSOLWIDK-JTQLQIEISA-N,dtiam,drugclip,382,0.01888620667867831,0,0.0,0.2617801047120419
FIVE_FIXED_720_DRUGS,drug_id,TZFNLOMSOLWIDK-JTQLQIEISA-N,dtiam,conplex,382,-0.07689707743596266,0,0.0,0.2617801047120419
FIVE_FIXED_720_DRUGS,drug_id,TZFNLOMSOLWIDK-JTQLQIEISA-N,dtiam,probematch,382,0.13592792411891333,2,2.0,0.2617801047120419
FIVE_FIXED_720_DRUGS,drug_id,UBPYILGKFZZVDX-UHFFFAOYSA-N,dtiam,biomaster,382,0.01244301798269639,0,0.0,0.2617801047120419
FIVE_FIXED_720_DRUGS,drug_id,UBPYILGKFZZVDX-UHFFFAOYSA-N,dtiam,drugclip,382,-0.07201441999838329,0,0.0,0.2617801047120419
FIVE_FIXED_720_DRUGS,drug_id,UBPYILGKFZZVDX-UHFFFAOYSA-N,dtiam,conplex,382,0.31451583471152117,0,0.0,0.2617801047120419
FIVE_FIXED_720_DRUGS,drug_id,UBPYILGKFZZVDX-UHFFFAOYSA-N,dtiam,probematch,382,0.1087144747260355,0,0.0,0.2617801047120419
FIVE_FIXED_720_DRUGS,drug_id,UBQNRHZMVUUOMG-UHFFFAOYSA-N,dtiam,biomaster,382,0.4110516508868103,4,4.0,0.2617801047120419
FIVE_FIXED_720_DRUGS,drug_id,UBQNRHZMVUUOMG-UHFFFAOYSA-N,dtiam,drugclip,382,-0.0622544852870658,0,0.0,0.2617801047120419
FIVE_FIXED_720_DRUGS,drug_id,UBQNRHZMVUUOMG-UHFFFAOYSA-N,dtiam,conplex,382,0.18036633162164414,1,1.0,0.2617801047120419
FIVE_FIXED_720_DRUGS,drug_id,UBQNRHZMVUUOMG-UHFFFAOYSA-N,dtiam,probematch,382,0.09492602750832016,2,2.6,0.2617801047120419
FIVE_FIXED_720_DRUGS,drug_id,UBZPNQRBUOBBLN-PWRODBHTSA-N,dtiam,biomaster,382,0.5411666046494507,2,2.0,0.2617801047120419
FIVE_FIXED_720_DRUGS,drug_id,UBZPNQRBUOBBLN-PWRODBHTSA-N,dtiam,drugclip,382,0.17626512698926455,0,0.0,0.2617801047120419
FIVE_FIXED_720_DRUGS,drug_id,UBZPNQRBUOBBLN-PWRODBHTSA-N,dtiam,conplex,382,0.23963262744966426,1,1.0,0.2617801047120419
FIVE_FIXED_720_DRUGS,drug_id,UBZPNQRBUOBBLN-PWRODBHTSA-N,dtiam,probematch,382,0.2591534235602202,0,0.0,0.2617801047120419
FIVE_FIXED_720_DRUGS,drug_id,UCFGDBYHRUNTLO-QHCPKHFHSA-N,dtiam,biomaster,382,0.030446488435251284,0,0.0,0.2617801047120419
FIVE_FIXED_720_DRUGS,drug_id,UCFGDBYHRUNTLO-QHCPKHFHSA-N,dtiam,drugclip,382,0.037032404632250104,1,1.0,0.2617801047120419
FIVE_FIXED_720_DRUGS,drug_id,UCFGDBYHRUNTLO-QHCPKHFHSA-N,dtiam,conplex,382,0.038218118131578736,0,0.0,0.2617801047120419
FIVE_FIXED_720_DRUGS,drug_id,UCFGDBYHRUNTLO-QHCPKHFHSA-N,dtiam,probematch,382,0.0989339514460607,0,0.0,0.2617801047120419
FIVE_FIXED_720_DRUGS,drug_id,UCJGJABZCDBEDK-UHFFFAOYSA-N,dtiam,biomaster,382,-0.09490054874741549,2,2.0,0.2617801047120419
FIVE_FIXED_720_DRUGS,drug_id,UCJGJABZCDBEDK-UHFFFAOYSA-N,dtiam,drugclip,382,0.10558379907240042,4,4.0,0.2617801047120419
FIVE_FIXED_720_DRUGS,drug_id,UCJGJABZCDBEDK-UHFFFAOYSA-N,dtiam,conplex,382,0.2774976884483758,2,2.0,0.2617801047120419
FIVE_FIXED_720_DRUGS,drug_id,UCJGJABZCDBEDK-UHFFFAOYSA-N,dtiam,probematch,382,0.15444288860226182,1,1.0,0.2617801047120419
FIVE_FIXED_720_DRUGS,drug_id,UCTWMZQNUQWSLP-VIFPVBQESA-N,dtiam,biomaster,382,0.23251031087793453,2,2.0,0.2617801047120419
FIVE_FIXED_720_DRUGS,drug_id,UCTWMZQNUQWSLP-VIFPVBQESA-N,dtiam,drugclip,382,0.007463270541485104,1,1.0,0.2617801047120419
FIVE_FIXED_720_DRUGS,drug_id,UCTWMZQNUQWSLP-VIFPVBQESA-N,dtiam,conplex,382,-0.08225871015637098,0,0.0,0.2617801047120419
FIVE_FIXED_720_DRUGS,drug_id,UCTWMZQNUQWSLP-VIFPVBQESA-N,dtiam,probematch,382,-0.015313283097414965,0,0.0,0.2617801047120419
FIVE_FIXED_720_DRUGS,drug_id,UEJJHQNACJXSKW-UHFFFAOYSA-N,dtiam,biomaster,382,0.46775623219202644,0,0.0,0.2617801047120419
FIVE_FIXED_720_DRUGS,drug_id,UEJJHQNACJXSKW-UHFFFAOYSA-N,dtiam,drugclip,382,0.027923031773229898,0,0.0,0.2617801047120419
FIVE_FIXED_720_DRUGS,drug_id,UEJJHQNACJXSKW-UHFFFAOYSA-N,dtiam,conplex,382,-0.07510757089948758,1,1.0,0.2617801047120419
FIVE_FIXED_720_DRUGS,drug_id,UEJJHQNACJXSKW-UHFFFAOYSA-N,dtiam,probematch,382,0.13451701002892116,1,1.0,0.2617801047120419
FIVE_FIXED_720_DRUGS,drug_id,UFSKUSARDNFIRC-UHFFFAOYSA-N,dtiam,biomaster,382,0.4097965960890297,3,3.0,0.2617801047120419
FIVE_FIXED_720_DRUGS,drug_id,UFSKUSARDNFIRC-UHFFFAOYSA-N,dtiam,drugclip,382,-0.037514621226937696,0,0.0,0.2617801047120419
FIVE_FIXED_720_DRUGS,drug_id,UFSKUSARDNFIRC-UHFFFAOYSA-N,dtiam,conplex,382,0.25667310554338013,4,4.0,0.2617801047120419
FIVE_FIXED_720_DRUGS,drug_id,UFSKUSARDNFIRC-UHFFFAOYSA-N,dtiam,probematch,382,0.12367337963114951,0,0.0,0.2617801047120419
FIVE_FIXED_720_DRUGS,drug_id,UGJMXCAKCUNAIE-UHFFFAOYSA-N,dtiam,biomaster,382,0.13930150280433706,0,0.0,0.2617801047120419
FIVE_FIXED_720_DRUGS,drug_id,UGJMXCAKCUNAIE-UHFFFAOYSA-N,dtiam,drugclip,382,0.020292599988095277,0,0.0,0.2617801047120419
FIVE_FIXED_720_DRUGS,drug_id,UGJMXCAKCUNAIE-UHFFFAOYSA-N,dtiam,conplex,382,0.055868021164247404,0,0.0,0.2617801047120419
FIVE_FIXED_720_DRUGS,drug_id,UGJMXCAKCUNAIE-UHFFFAOYSA-N,dtiam,probematch,382,0.10080899368393137,0,0.0,0.2617801047120419
FIVE_FIXED_720_DRUGS,drug_id,UHSKFQJFRQCDBE-UHFFFAOYSA-N,dtiam,biomaster,382,0.41451306188055215,2,2.0,0.2617801047120419
FIVE_FIXED_720_DRUGS,drug_id,UHSKFQJFRQCDBE-UHFFFAOYSA-N,dtiam,drugclip,382,0.13879302262726026,0,0.0,0.2617801047120419
FIVE_FIXED_720_DRUGS,drug_id,UHSKFQJFRQCDBE-UHFFFAOYSA-N,dtiam,conplex,382,0.15817615698433304,2,2.0,0.2617801047120419
FIVE_FIXED_720_DRUGS,drug_id,UHSKFQJFRQCDBE-UHFFFAOYSA-N,dtiam,probematch,382,0.14634617059208557,0,0.0,0.2617801047120419
FIVE_FIXED_720_DRUGS,drug_id,UHTHHESEBZOYNR-UHFFFAOYSA-N,dtiam,biomaster,382,-0.17407082620817055,1,1.0,0.2617801047120419
FIVE_FIXED_720_DRUGS,drug_id,UHTHHESEBZOYNR-UHFFFAOYSA-N,dtiam,drugclip,382,-0.04996506620629334,1,1.0,0.2617801047120419
FIVE_FIXED_720_DRUGS,drug_id,UHTHHESEBZOYNR-UHFFFAOYSA-N,dtiam,conplex,382,0.31458636816616614,1,1.0,0.2617801047120419
FIVE_FIXED_720_DRUGS,drug_id,UHTHHESEBZOYNR-UHFFFAOYSA-N,dtiam,probematch,382,0.012103098338494737,0,0.0,0.2617801047120419
FIVE_FIXED_720_DRUGS,drug_id,UIAGMCDKSXEBJQ-UHFFFAOYSA-N,dtiam,biomaster,382,0.5315918066664507,1,1.0,0.2617801047120419
FIVE_FIXED_720_DRUGS,drug_id,UIAGMCDKSXEBJQ-UHFFFAOYSA-N,dtiam,drugclip,382,0.10933389419715835,1,1.0,0.2617801047120419
FIVE_FIXED_720_DRUGS,drug_id,UIAGMCDKSXEBJQ-UHFFFAOYSA-N,dtiam,conplex,382,0.4122302275385957,0,0.0,0.2617801047120419
FIVE_FIXED_720_DRUGS,drug_id,UIAGMCDKSXEBJQ-UHFFFAOYSA-N,dtiam,probematch,382,0.12004749833457673,0,0.0,0.2617801047120419
FIVE_FIXED_720_DRUGS,drug_id,UJLAWZDWDVHWOW-YPMHNXCESA-N,dtiam,biomaster,382,-0.33087022550406975,4,4.0,0.2617801047120419
FIVE_FIXED_720_DRUGS,drug_id,UJLAWZDWDVHWOW-YPMHNXCESA-N,dtiam,drugclip,382,-0.04312813904973839,2,2.0,0.2617801047120419
FIVE_FIXED_720_DRUGS,drug_id,UJLAWZDWDVHWOW-YPMHNXCESA-N,dtiam,conplex,382,0.16167811848049551,1,1.0,0.2617801047120419
FIVE_FIXED_720_DRUGS,drug_id,UJLAWZDWDVHWOW-YPMHNXCESA-N,dtiam,probematch,382,0.01588268617462419,0,0.0,0.2617801047120419
FIVE_FIXED_720_DRUGS,drug_id,UJVDJAPJQWZRFR-DHIUTWEWSA-N,dtiam,biomaster,382,0.398604435036437,1,1.0,0.2617801047120419
FIVE_FIXED_720_DRUGS,drug_id,UJVDJAPJQWZRFR-DHIUTWEWSA-N,dtiam,drugclip,382,-0.05537536417847568,0,0.0,0.2617801047120419
FIVE_FIXED_720_DRUGS,drug_id,UJVDJAPJQWZRFR-DHIUTWEWSA-N,dtiam,conplex,382,0.1925654158959002,2,2.0,0.2617801047120419
FIVE_FIXED_720_DRUGS,drug_id,UJVDJAPJQWZRFR-DHIUTWEWSA-N,dtiam,probematch,382,0.16479633722052292,0,0.0,0.2617801047120419
FIVE_FIXED_720_DRUGS,drug_id,ULFRLSNUDGIQQP-UHFFFAOYSA-N,dtiam,biomaster,382,0.2390294917426328,3,3.0,0.2617801047120419
FIVE_FIXED_720_DRUGS,drug_id,ULFRLSNUDGIQQP-UHFFFAOYSA-N,dtiam,drugclip,382,0.08214032266102617,0,0.0,0.2617801047120419
FIVE_FIXED_720_DRUGS,drug_id,ULFRLSNUDGIQQP-UHFFFAOYSA-N,dtiam,conplex,382,0.11068539588717226,2,2.0,0.2617801047120419
FIVE_FIXED_720_DRUGS,drug_id,ULFRLSNUDGIQQP-UHFFFAOYSA-N,dtiam,probematch,382,0.2034782028388364,0,0.0,0.2617801047120419
FIVE_FIXED_720_DRUGS,drug_id,ULXXDDBFHOBEHA-CWDCEQMOSA-N,dtiam,biomaster,382,-0.22382395391559334,3,3.0,0.2617801047120419
FIVE_FIXED_720_DRUGS,drug_id,ULXXDDBFHOBEHA-CWDCEQMOSA-N,dtiam,drugclip,382,-0.09761861424943581,0,0.0,0.2617801047120419
FIVE_FIXED_720_DRUGS,drug_id,ULXXDDBFHOBEHA-CWDCEQMOSA-N,dtiam,conplex,382,0.3362180664593003,2,2.0,0.2617801047120419
FIVE_FIXED_720_DRUGS,drug_id,ULXXDDBFHOBEHA-CWDCEQMOSA-N,dtiam,probematch,382,-0.015315545136231673,0,0.0,0.2617801047120419
FIVE_FIXED_720_DRUGS,drug_id,UPNUIXSCZBYVBB-JVFUWBCBSA-N,dtiam,biomaster,382,0.23417761780911997,1,1.0,0.2617801047120419
FIVE_FIXED_720_DRUGS,drug_id,UPNUIXSCZBYVBB-JVFUWBCBSA-N,dtiam,drugclip,382,0.15607962644574833,0,0.0,0.2617801047120419
FIVE_FIXED_720_DRUGS,drug_id,UPNUIXSCZBYVBB-JVFUWBCBSA-N,dtiam,conplex,382,0.17772043497333984,1,1.0,0.2617801047120419
FIVE_FIXED_720_DRUGS,drug_id,UPNUIXSCZBYVBB-JVFUWBCBSA-N,dtiam,probematch,382,0.22453048733691688,1,1.0,0.2617801047120419
FIVE_FIXED_720_DRUGS,drug_id,UQCNKQCJZOAFTQ-ISWURRPUSA-N,dtiam,biomaster,382,0.08764082096944695,0,0.0,0.2617801047120419
FIVE_FIXED_720_DRUGS,drug_id,UQCNKQCJZOAFTQ-ISWURRPUSA-N,dtiam,drugclip,382,0.10704121261973744,3,3.0,0.2617801047120419
FIVE_FIXED_720_DRUGS,drug_id,UQCNKQCJZOAFTQ-ISWURRPUSA-N,dtiam,conplex,382,0.013148434463464616,1,1.0,0.2617801047120419
FIVE_FIXED_720_DRUGS,drug_id,UQCNKQCJZOAFTQ-ISWURRPUSA-N,dtiam,probematch,382,0.1729180271614955,0,0.0,0.2617801047120419
FIVE_FIXED_720_DRUGS,drug_id,UQRORFVVSGFNRO-UTINFBMNSA-N,dtiam,biomaster,382,0.4559169536913842,2,2.0,0.2617801047120419
FIVE_FIXED_720_DRUGS,drug_id,UQRORFVVSGFNRO-UTINFBMNSA-N,dtiam,drugclip,382,0.13699676581204898,2,2.0,0.2617801047120419
FIVE_FIXED_720_DRUGS,drug_id,UQRORFVVSGFNRO-UTINFBMNSA-N,dtiam,conplex,382,0.25477467046942276,0,0.0,0.2617801047120419
FIVE_FIXED_720_DRUGS,drug_id,UQRORFVVSGFNRO-UTINFBMNSA-N,dtiam,probematch,382,0.1331043737368051,2,2.0,0.2617801047120419
FIVE_FIXED_720_DRUGS,drug_id,UREBDLICKHMUKA-CXSFZGCWSA-N,dtiam,biomaster,382,0.16646967185914194,3,3.0,0.2617801047120419
FIVE_FIXED_720_DRUGS,drug_id,UREBDLICKHMUKA-CXSFZGCWSA-N,dtiam,drugclip,382,0.0570771151521388,2,2.0,0.2617801047120419
FIVE_FIXED_720_DRUGS,drug_id,UREBDLICKHMUKA-CXSFZGCWSA-N,dtiam,conplex,382,0.031481748688570135,2,2.0,0.2617801047120419
FIVE_FIXED_720_DRUGS,drug_id,UREBDLICKHMUKA-CXSFZGCWSA-N,dtiam,probematch,382,0.1732237273611812,4,4.0,0.2617801047120419
FIVE_FIXED_720_DRUGS,drug_id,UREBDLICKHMUKA-DVTGEIKXSA-N,dtiam,biomaster,382,0.157096156249371,3,3.0,0.2617801047120419
FIVE_FIXED_720_DRUGS,drug_id,UREBDLICKHMUKA-DVTGEIKXSA-N,dtiam,drugclip,382,0.05008217595071746,2,2.0,0.2617801047120419
FIVE_FIXED_720_DRUGS,drug_id,UREBDLICKHMUKA-DVTGEIKXSA-N,dtiam,conplex,382,0.031481748688570135,2,2.0,0.2617801047120419
FIVE_FIXED_720_DRUGS,drug_id,UREBDLICKHMUKA-DVTGEIKXSA-N,dtiam,probematch,382,0.17405511111379007,4,4.0,0.2617801047120419
FIVE_FIXED_720_DRUGS,drug_id,URKOMYMAXPYINW-UHFFFAOYSA-N,dtiam,biomaster,382,0.5171578153909113,1,1.0,0.2617801047120419
FIVE_FIXED_720_DRUGS,drug_id,URKOMYMAXPYINW-UHFFFAOYSA-N,dtiam,drugclip,382,0.13837624971328027,4,4.0,0.2617801047120419
FIVE_FIXED_720_DRUGS,drug_id,URKOMYMAXPYINW-UHFFFAOYSA-N,dtiam,conplex,382,0.33739789117603386,4,4.0,0.2617801047120419
FIVE_FIXED_720_DRUGS,drug_id,URKOMYMAXPYINW-UHFFFAOYSA-N,dtiam,probematch,382,0.20321220834641576,0,0.0,0.2617801047120419
FIVE_FIXED_720_DRUGS,drug_id,USUZGMWDZDXMDG-CYBMUJFWSA-N,dtiam,biomaster,382,0.08592852150777504,1,1.0,0.2617801047120419
FIVE_FIXED_720_DRUGS,drug_id,USUZGMWDZDXMDG-CYBMUJFWSA-N,dtiam,drugclip,382,0.10625868702969755,0,0.0,0.2617801047120419
FIVE_FIXED_720_DRUGS,drug_id,USUZGMWDZDXMDG-CYBMUJFWSA-N,dtiam,conplex,382,-0.1001071851958125,1,1.0,0.2617801047120419
FIVE_FIXED_720_DRUGS,drug_id,USUZGMWDZDXMDG-CYBMUJFWSA-N,dtiam,probematch,382,0.08276548203199616,0,0.0,0.2617801047120419
FIVE_FIXED_720_DRUGS,drug_id,USZAGAREISWJDP-UHFFFAOYSA-N,dtiam,biomaster,382,0.27850473244998,2,2.0,0.2617801047120419
FIVE_FIXED_720_DRUGS,drug_id,USZAGAREISWJDP-UHFFFAOYSA-N,dtiam,drugclip,382,0.041608510950676025,0,0.0,0.2617801047120419
FIVE_FIXED_720_DRUGS,drug_id,USZAGAREISWJDP-UHFFFAOYSA-N,dtiam,conplex,382,0.11207101956977501,0,0.0,0.2617801047120419
FIVE_FIXED_720_DRUGS,drug_id,USZAGAREISWJDP-UHFFFAOYSA-N,dtiam,probematch,382,0.19096993454878466,0,0.0,0.2617801047120419
FIVE_FIXED_720_DRUGS,drug_id,UTNUDOFZCWSZMS-YFHOEESVSA-N,dtiam,biomaster,382,0.3103958255542719,1,1.0,0.2617801047120419
FIVE_FIXED_720_DRUGS,drug_id,UTNUDOFZCWSZMS-YFHOEESVSA-N,dtiam,drugclip,382,0.04330552586849846,0,0.0,0.2617801047120419
FIVE_FIXED_720_DRUGS,drug_id,UTNUDOFZCWSZMS-YFHOEESVSA-N,dtiam,conplex,382,-0.22319589709542287,0,0.0,0.2617801047120419
FIVE_FIXED_720_DRUGS,drug_id,UTNUDOFZCWSZMS-YFHOEESVSA-N,dtiam,probematch,382,0.06620930718930047,1,1.0,0.2617801047120419
FIVE_FIXED_720_DRUGS,drug_id,UVSMNLNDYGZFPF-UHFFFAOYSA-N,dtiam,biomaster,382,0.25480981452851864,4,4.0,0.2617801047120419
FIVE_FIXED_720_DRUGS,drug_id,UVSMNLNDYGZFPF-UHFFFAOYSA-N,dtiam,drugclip,382,0.15774564172534083,0,0.0,0.2617801047120419
FIVE_FIXED_720_DRUGS,drug_id,UVSMNLNDYGZFPF-UHFFFAOYSA-N,dtiam,conplex,382,-0.07271446484500295,1,1.0,0.2617801047120419
FIVE_FIXED_720_DRUGS,drug_id,UVSMNLNDYGZFPF-UHFFFAOYSA-N,dtiam,probematch,382,0.18597619421531683,1,1.0,0.2617801047120419
FIVE_FIXED_720_DRUGS,drug_id,UWKQSNNFCGGAFS-XIFFEERXSA-N,dtiam,biomaster,382,-0.11046925594732902,1,1.0,0.2617801047120419
FIVE_FIXED_720_DRUGS,drug_id,UWKQSNNFCGGAFS-XIFFEERXSA-N,dtiam,drugclip,382,0.005216657870878111,0,0.0,0.2617801047120419
FIVE_FIXED_720_DRUGS,drug_id,UWKQSNNFCGGAFS-XIFFEERXSA-N,dtiam,conplex,382,0.012611193179569019,0,0.0,0.2617801047120419
FIVE_FIXED_720_DRUGS,drug_id,UWKQSNNFCGGAFS-XIFFEERXSA-N,dtiam,probematch,382,0.15730238995370613,0,0.0,0.2617801047120419
FIVE_FIXED_720_DRUGS,drug_id,UXNXMBYCBRBRFD-MUUNZHRXSA-N,dtiam,biomaster,382,0.37182290035844406,3,3.0,0.2617801047120419
FIVE_FIXED_720_DRUGS,drug_id,UXNXMBYCBRBRFD-MUUNZHRXSA-N,dtiam,drugclip,382,-0.0241232080621448,2,2.0,0.2617801047120419
FIVE_FIXED_720_DRUGS,drug_id,UXNXMBYCBRBRFD-MUUNZHRXSA-N,dtiam,conplex,382,0.09392384946031025,1,1.0,0.2617801047120419
FIVE_FIXED_720_DRUGS,drug_id,UXNXMBYCBRBRFD-MUUNZHRXSA-N,dtiam,probematch,382,0.025371374051429904,0,0.0,0.2617801047120419
FIVE_FIXED_720_DRUGS,drug_id,UZHSEJADLWPNLE-GRGSLBFTSA-N,dtiam,biomaster,382,0.06384149454422514,0,0.0,0.2617801047120419
FIVE_FIXED_720_DRUGS,drug_id,UZHSEJADLWPNLE-GRGSLBFTSA-N,dtiam,drugclip,382,0.03598939597097271,2,2.0,0.2617801047120419
FIVE_FIXED_720_DRUGS,drug_id,UZHSEJADLWPNLE-GRGSLBFTSA-N,dtiam,conplex,382,-0.08438185853396118,1,1.0,0.2617801047120419
FIVE_FIXED_720_DRUGS,drug_id,UZHSEJADLWPNLE-GRGSLBFTSA-N,dtiam,probematch,382,0.16299964985478071,0,0.0,0.2617801047120419
FIVE_FIXED_720_DRUGS,drug_id,UZWDCWONPYILKI-UHFFFAOYSA-N,dtiam,biomaster,382,-0.1621781594416879,1,1.0,0.2617801047120419
FIVE_FIXED_720_DRUGS,drug_id,UZWDCWONPYILKI-UHFFFAOYSA-N,dtiam,drugclip,382,-0.19477212628779011,0,0.0,0.2617801047120419
FIVE_FIXED_720_DRUGS,drug_id,UZWDCWONPYILKI-UHFFFAOYSA-N,dtiam,conplex,382,0.14884476276926345,0,0.0,0.2617801047120419
FIVE_FIXED_720_DRUGS,drug_id,UZWDCWONPYILKI-UHFFFAOYSA-N,dtiam,probematch,382,0.007756475453076397,0,0.0,0.2617801047120419
FIVE_FIXED_720_DRUGS,drug_id,VCKUSRYTPJJLNI-UHFFFAOYSA-N,dtiam,biomaster,382,0.25702327480824083,2,2.0,0.2617801047120419
FIVE_FIXED_720_DRUGS,drug_id,VCKUSRYTPJJLNI-UHFFFAOYSA-N,dtiam,drugclip,382,-0.012773250239951194,0,0.0,0.2617801047120419
FIVE_FIXED_720_DRUGS,drug_id,VCKUSRYTPJJLNI-UHFFFAOYSA-N,dtiam,conplex,382,0.12517639311348397,1,1.0,0.2617801047120419
FIVE_FIXED_720_DRUGS,drug_id,VCKUSRYTPJJLNI-UHFFFAOYSA-N,dtiam,probematch,382,0.18077837293016868,0,0.0,0.2617801047120419
FIVE_FIXED_720_DRUGS,drug_id,VCSUIBJKYCVWNF-NRFANRHFSA-N,dtiam,biomaster,382,0.29852533214013427,0,0.0,0.2617801047120419
FIVE_FIXED_720_DRUGS,drug_id,VCSUIBJKYCVWNF-NRFANRHFSA-N,dtiam,drugclip,382,0.057612935287932286,0,0.0,0.2617801047120419
FIVE_FIXED_720_DRUGS,drug_id,VCSUIBJKYCVWNF-NRFANRHFSA-N,dtiam,conplex,382,0.23578853450168458,0,0.0,0.2617801047120419
FIVE_FIXED_720_DRUGS,drug_id,VCSUIBJKYCVWNF-NRFANRHFSA-N,dtiam,probematch,382,0.09130046686472153,0,0.5405405405405406,0.2617801047120419
FIVE_FIXED_720_DRUGS,drug_id,VDANGULDQQJODZ-UHFFFAOYSA-N,dtiam,biomaster,382,0.2609438679432633,2,2.0,0.2617801047120419
FIVE_FIXED_720_DRUGS,drug_id,VDANGULDQQJODZ-UHFFFAOYSA-N,dtiam,drugclip,382,0.13236705595251716,0,0.0,0.2617801047120419
FIVE_FIXED_720_DRUGS,drug_id,VDANGULDQQJODZ-UHFFFAOYSA-N,dtiam,conplex,382,0.17101016157851068,0,0.0,0.2617801047120419
FIVE_FIXED_720_DRUGS,drug_id,VDANGULDQQJODZ-UHFFFAOYSA-N,dtiam,probematch,382,0.1833341208820129,0,0.0,0.2617801047120419
FIVE_FIXED_720_DRUGS,drug_id,VERWOWGGCGHDQE-UHFFFAOYSA-N,dtiam,biomaster,382,-0.30518982380903537,2,2.0,0.2617801047120419
FIVE_FIXED_720_DRUGS,drug_id,VERWOWGGCGHDQE-UHFFFAOYSA-N,dtiam,drugclip,382,-0.18533122951992217,1,1.0,0.2617801047120419
FIVE_FIXED_720_DRUGS,drug_id,VERWOWGGCGHDQE-UHFFFAOYSA-N,dtiam,conplex,382,0.17197166753917276,1,1.0,0.2617801047120419
FIVE_FIXED_720_DRUGS,drug_id,VERWOWGGCGHDQE-UHFFFAOYSA-N,dtiam,probematch,382,-0.020623908621677508,0,0.0,0.2617801047120419
FIVE_FIXED_720_DRUGS,drug_id,VFBILHPIHUPBPZ-UHFFFAOYSA-N,dtiam,biomaster,382,0.5829534711575814,0,0.0,0.2617801047120419
FIVE_FIXED_720_DRUGS,drug_id,VFBILHPIHUPBPZ-UHFFFAOYSA-N,dtiam,drugclip,382,0.137740757129567,0,0.0,0.2617801047120419
FIVE_FIXED_720_DRUGS,drug_id,VFBILHPIHUPBPZ-UHFFFAOYSA-N,dtiam,conplex,382,0.33421038712162227,0,0.0,0.2617801047120419
FIVE_FIXED_720_DRUGS,drug_id,VFBILHPIHUPBPZ-UHFFFAOYSA-N,dtiam,probematch,382,0.10926275748270058,0,0.0,0.2617801047120419
FIVE_FIXED_720_DRUGS,drug_id,VFCRKLWBYMDAED-REWPJTCUSA-N,dtiam,biomaster,382,0.09690346981749287,1,1.0,0.2617801047120419
FIVE_FIXED_720_DRUGS,drug_id,VFCRKLWBYMDAED-REWPJTCUSA-N,dtiam,drugclip,382,0.09484780630737154,1,1.0,0.2617801047120419
FIVE_FIXED_720_DRUGS,drug_id,VFCRKLWBYMDAED-REWPJTCUSA-N,dtiam,conplex,382,0.20186502509390056,1,1.0,0.2617801047120419
FIVE_FIXED_720_DRUGS,drug_id,VFCRKLWBYMDAED-REWPJTCUSA-N,dtiam,probematch,382,0.10433907748736308,0,0.0,0.2617801047120419
FIVE_FIXED_720_DRUGS,drug_id,VGKDLMBJGBXTGI-SJCJKPOMSA-N,dtiam,biomaster,382,0.3492661427656048,6,6.0,0.2617801047120419
FIVE_FIXED_720_DRUGS,drug_id,VGKDLMBJGBXTGI-SJCJKPOMSA-N,dtiam,drugclip,382,0.12409338167411178,2,2.0,0.2617801047120419
FIVE_FIXED_720_DRUGS,drug_id,VGKDLMBJGBXTGI-SJCJKPOMSA-N,dtiam,conplex,382,0.0711243937432565,3,3.0,0.2617801047120419
FIVE_FIXED_720_DRUGS,drug_id,VGKDLMBJGBXTGI-SJCJKPOMSA-N,dtiam,probematch,382,0.17641883352882123,1,1.0,0.2617801047120419
FIVE_FIXED_720_DRUGS,drug_id,VGYFMXBACGZSIL-MCBHFWOFSA-N,dtiam,biomaster,382,0.2013851671682401,0,0.0,0.2617801047120419
FIVE_FIXED_720_DRUGS,drug_id,VGYFMXBACGZSIL-MCBHFWOFSA-N,dtiam,drugclip,382,0.006565357409144958,0,0.0,0.2617801047120419
FIVE_FIXED_720_DRUGS,drug_id,VGYFMXBACGZSIL-MCBHFWOFSA-N,dtiam,conplex,382,0.2718400560038279,2,2.0,0.2617801047120419
FIVE_FIXED_720_DRUGS,drug_id,VGYFMXBACGZSIL-MCBHFWOFSA-N,dtiam,probematch,382,0.108163657853979,1,1.0,0.2617801047120419
FIVE_FIXED_720_DRUGS,drug_id,VHGCDTVCOLNTBX-QGZVFWFLSA-N,dtiam,biomaster,382,0.35863858199904824,5,5.0,0.2617801047120419
FIVE_FIXED_720_DRUGS,drug_id,VHGCDTVCOLNTBX-QGZVFWFLSA-N,dtiam,drugclip,382,0.22887495746968037,4,4.0,0.2617801047120419
FIVE_FIXED_720_DRUGS,drug_id,VHGCDTVCOLNTBX-QGZVFWFLSA-N,dtiam,conplex,382,0.3609539746311144,3,3.0,0.2617801047120419
FIVE_FIXED_720_DRUGS,drug_id,VHGCDTVCOLNTBX-QGZVFWFLSA-N,dtiam,probematch,382,0.13372329012507603,2,2.0,0.2617801047120419
FIVE_FIXED_720_DRUGS,drug_id,VIKNJXKGJWUCNN-XGXHKTLJSA-N,dtiam,biomaster,382,-0.013555345279460125,5,5.0,0.2617801047120419
FIVE_FIXED_720_DRUGS,drug_id,VIKNJXKGJWUCNN-XGXHKTLJSA-N,dtiam,drugclip,382,0.14761866268637053,2,2.0,0.2617801047120419
FIVE_FIXED_720_DRUGS,drug_id,VIKNJXKGJWUCNN-XGXHKTLJSA-N,dtiam,conplex,382,-0.05898583034512419,4,4.0,0.2617801047120419
FIVE_FIXED_720_DRUGS,drug_id,VIKNJXKGJWUCNN-XGXHKTLJSA-N,dtiam,probematch,382,0.2165574538778191,4,4.0,0.2617801047120419
FIVE_FIXED_720_DRUGS,drug_id,VJJPUSNTGOMMGY-MRVIYFEKSA-N,dtiam,biomaster,382,0.2038061528038904,0,0.0,0.2617801047120419
FIVE_FIXED_720_DRUGS,drug_id,VJJPUSNTGOMMGY-MRVIYFEKSA-N,dtiam,drugclip,382,-0.11143261276037679,1,1.0,0.2617801047120419
FIVE_FIXED_720_DRUGS,drug_id,VJJPUSNTGOMMGY-MRVIYFEKSA-N,dtiam,conplex,382,0.1311170004823473,0,0.0,0.2617801047120419
FIVE_FIXED_720_DRUGS,drug_id,VJJPUSNTGOMMGY-MRVIYFEKSA-N,dtiam,probematch,382,0.08858071277855677,1,1.0,0.2617801047120419
FIVE_FIXED_720_DRUGS,drug_id,VKHAHZOOUSRJNA-GCNJZUOMSA-N,dtiam,biomaster,382,0.15419295401903313,5,5.0,0.2617801047120419
FIVE_FIXED_720_DRUGS,drug_id,VKHAHZOOUSRJNA-GCNJZUOMSA-N,dtiam,drugclip,382,0.040423635889443664,4,4.0,0.2617801047120419
FIVE_FIXED_720_DRUGS,drug_id,VKHAHZOOUSRJNA-GCNJZUOMSA-N,dtiam,conplex,382,-0.022365728531031876,3,3.0,0.2617801047120419
FIVE_FIXED_720_DRUGS,drug_id,VKHAHZOOUSRJNA-GCNJZUOMSA-N,dtiam,probematch,382,0.20625934429299947,3,3.0,0.2617801047120419
FIVE_FIXED_720_DRUGS,drug_id,VLCYCQAOQCDTCN-UHFFFAOYSA-N,dtiam,biomaster,382,0.3535064196698733,2,2.0,0.2617801047120419
FIVE_FIXED_720_DRUGS,drug_id,VLCYCQAOQCDTCN-UHFFFAOYSA-N,dtiam,drugclip,382,0.002189887638151556,0,0.0,0.2617801047120419
FIVE_FIXED_720_DRUGS,drug_id,VLCYCQAOQCDTCN-UHFFFAOYSA-N,dtiam,conplex,382,0.21432226220095546,0,0.0,0.2617801047120419
FIVE_FIXED_720_DRUGS,drug_id,VLCYCQAOQCDTCN-UHFFFAOYSA-N,dtiam,probematch,382,0.1555431604841584,0,0.0,0.2617801047120419
FIVE_FIXED_720_DRUGS,drug_id,VMWNQDUVQKEIOC-CYBMUJFWSA-N,dtiam,biomaster,382,0.26720428793884804,1,1.0,0.2617801047120419
FIVE_FIXED_720_DRUGS,drug_id,VMWNQDUVQKEIOC-CYBMUJFWSA-N,dtiam,drugclip,382,0.057802592796825036,1,1.0,0.2617801047120419
FIVE_FIXED_720_DRUGS,drug_id,VMWNQDUVQKEIOC-CYBMUJFWSA-N,dtiam,conplex,382,0.18729142245284616,0,0.0,0.2617801047120419
FIVE_FIXED_720_DRUGS,drug_id,VMWNQDUVQKEIOC-CYBMUJFWSA-N,dtiam,probematch,382,0.07943840280391729,2,2.0,0.2617801047120419
FIVE_FIXED_720_DRUGS,drug_id,VNFPBHJOKIVQEB-UHFFFAOYSA-N,dtiam,biomaster,382,0.4380605162451559,4,4.0,0.2617801047120419
FIVE_FIXED_720_DRUGS,drug_id,VNFPBHJOKIVQEB-UHFFFAOYSA-N,dtiam,drugclip,382,0.061343225088265556,0,0.0,0.2617801047120419
FIVE_FIXED_720_DRUGS,drug_id,VNFPBHJOKIVQEB-UHFFFAOYSA-N,dtiam,conplex,382,0.4147611314511158,0,0.0,0.2617801047120419
FIVE_FIXED_720_DRUGS,drug_id,VNFPBHJOKIVQEB-UHFFFAOYSA-N,dtiam,probematch,382,0.12047869469134424,0,0.0,0.2617801047120419
FIVE_FIXED_720_DRUGS,drug_id,VOBHXZCDAVEXEY-JSGCOSHPSA-N,dtiam,biomaster,382,0.3373368792039896,1,1.0,0.2617801047120419
FIVE_FIXED_720_DRUGS,drug_id,VOBHXZCDAVEXEY-JSGCOSHPSA-N,dtiam,drugclip,382,0.14511006001766763,0,0.0,0.2617801047120419
FIVE_FIXED_720_DRUGS,drug_id,VOBHXZCDAVEXEY-JSGCOSHPSA-N,dtiam,conplex,382,0.2807556947406522,1,1.0,0.2617801047120419
FIVE_FIXED_720_DRUGS,drug_id,VOBHXZCDAVEXEY-JSGCOSHPSA-N,dtiam,probematch,382,0.06943219318888436,0,0.0,0.2617801047120419
FIVE_FIXED_720_DRUGS,drug_id,VOVIALXJUBGFJZ-KWVAZRHASA-N,dtiam,biomaster,382,0.1263010295216659,3,3.0,0.2617801047120419
FIVE_FIXED_720_DRUGS,drug_id,VOVIALXJUBGFJZ-KWVAZRHASA-N,dtiam,drugclip,382,0.13008599923943248,3,3.0,0.2617801047120419
FIVE_FIXED_720_DRUGS,drug_id,VOVIALXJUBGFJZ-KWVAZRHASA-N,dtiam,conplex,382,0.016863771622514127,0,0.0,0.2617801047120419
FIVE_FIXED_720_DRUGS,drug_id,VOVIALXJUBGFJZ-KWVAZRHASA-N,dtiam,probematch,382,0.15124992586458044,3,3.0,0.2617801047120419
FIVE_FIXED_720_DRUGS,drug_id,VOVZXURTCKPRDQ-CQSZACIVSA-N,dtiam,biomaster,382,0.29739836612531756,0,0.0,0.2617801047120419
FIVE_FIXED_720_DRUGS,drug_id,VOVZXURTCKPRDQ-CQSZACIVSA-N,dtiam,drugclip,382,-0.052120186889068984,0,0.0,0.2617801047120419
FIVE_FIXED_720_DRUGS,drug_id,VOVZXURTCKPRDQ-CQSZACIVSA-N,dtiam,conplex,382,0.1767443633260058,1,1.0,0.2617801047120419
FIVE_FIXED_720_DRUGS,drug_id,VOVZXURTCKPRDQ-CQSZACIVSA-N,dtiam,probematch,382,0.13061698974105687,0,0.0,0.2617801047120419
FIVE_FIXED_720_DRUGS,drug_id,VPJXQGSRWJZDOB-UHFFFAOYSA-O,dtiam,biomaster,382,0.2601415370287988,3,3.0,0.2617801047120419
FIVE_FIXED_720_DRUGS,drug_id,VPJXQGSRWJZDOB-UHFFFAOYSA-O,dtiam,drugclip,382,-0.05616456330174563,1,1.0,0.2617801047120419
FIVE_FIXED_720_DRUGS,drug_id,VPJXQGSRWJZDOB-UHFFFAOYSA-O,dtiam,conplex,382,0.10226610308903032,1,1.0,0.2617801047120419
FIVE_FIXED_720_DRUGS,drug_id,VPJXQGSRWJZDOB-UHFFFAOYSA-O,dtiam,probematch,382,0.07850755255595784,0,0.0,0.2617801047120419
FIVE_FIXED_720_DRUGS,drug_id,VPMRSLWWUXNYRY-PJCFOSJUSA-N,dtiam,biomaster,382,0.32840618481532236,2,2.0,0.2617801047120419
FIVE_FIXED_720_DRUGS,drug_id,VPMRSLWWUXNYRY-PJCFOSJUSA-N,dtiam,drugclip,382,0.08704343210772461,3,3.0,0.2617801047120419
FIVE_FIXED_720_DRUGS,drug_id,VPMRSLWWUXNYRY-PJCFOSJUSA-N,dtiam,conplex,382,0.35627412018467475,2,2.0,0.2617801047120419
FIVE_FIXED_720_DRUGS,drug_id,VPMRSLWWUXNYRY-PJCFOSJUSA-N,dtiam,probematch,382,0.14676445043292394,1,1.0,0.2617801047120419
FIVE_FIXED_720_DRUGS,drug_id,VPPJLAIAVCUEMN-GFCCVEGCSA-N,dtiam,biomaster,382,0.494244992508959,2,2.0,0.2617801047120419
FIVE_FIXED_720_DRUGS,drug_id,VPPJLAIAVCUEMN-GFCCVEGCSA-N,dtiam,drugclip,382,0.12000616548360352,1,1.0,0.2617801047120419
FIVE_FIXED_720_DRUGS,drug_id,VPPJLAIAVCUEMN-GFCCVEGCSA-N,dtiam,conplex,382,0.30548528376419876,0,0.0,0.2617801047120419
FIVE_FIXED_720_DRUGS,drug_id,VPPJLAIAVCUEMN-GFCCVEGCSA-N,dtiam,probematch,382,0.12568383533551888,0,0.0,0.2617801047120419
FIVE_FIXED_720_DRUGS,drug_id,VREFGVBLTWBCJP-UHFFFAOYSA-N,dtiam,biomaster,382,0.3142565721654894,3,3.0,0.2617801047120419
FIVE_FIXED_720_DRUGS,drug_id,VREFGVBLTWBCJP-UHFFFAOYSA-N,dtiam,drugclip,382,0.02709056232159735,1,1.0,0.2617801047120419
FIVE_FIXED_720_DRUGS,drug_id,VREFGVBLTWBCJP-UHFFFAOYSA-N,dtiam,conplex,382,0.21985272337978312,0,0.0,0.2617801047120419
FIVE_FIXED_720_DRUGS,drug_id,VREFGVBLTWBCJP-UHFFFAOYSA-N,dtiam,probematch,382,0.051671553235797134,0,0.0,0.2617801047120419
FIVE_FIXED_720_DRUGS,drug_id,VSNHCAURESNICA-UHFFFAOYSA-N,dtiam,biomaster,382,0.052367968719642825,5,5.0,0.2617801047120419
FIVE_FIXED_720_DRUGS,drug_id,VSNHCAURESNICA-UHFFFAOYSA-N,dtiam,drugclip,382,0.03269955936382284,0,0.0,0.2617801047120419
FIVE_FIXED_720_DRUGS,drug_id,VSNHCAURESNICA-UHFFFAOYSA-N,dtiam,conplex,382,-0.18615715362131288,2,2.0,0.2617801047120419
FIVE_FIXED_720_DRUGS,drug_id,VSNHCAURESNICA-UHFFFAOYSA-N,dtiam,probematch,382,-0.1995611398437812,0,0.0,0.2617801047120419
FIVE_FIXED_720_DRUGS,drug_id,VSWBSWWIRNCQIJ-HUUCEWRRSA-N,dtiam,biomaster,382,0.42569381334407413,5,5.0,0.2617801047120419
FIVE_FIXED_720_DRUGS,drug_id,VSWBSWWIRNCQIJ-HUUCEWRRSA-N,dtiam,drugclip,382,0.114427306978546,3,3.0,0.2617801047120419
FIVE_FIXED_720_DRUGS,drug_id,VSWBSWWIRNCQIJ-HUUCEWRRSA-N,dtiam,conplex,382,0.37082321644235466,4,4.0,0.2617801047120419
FIVE_FIXED_720_DRUGS,drug_id,VSWBSWWIRNCQIJ-HUUCEWRRSA-N,dtiam,probematch,382,0.20224454602805836,3,3.0,0.2617801047120419
FIVE_FIXED_720_DRUGS,drug_id,VTRAEEWXHOVJFV-UHFFFAOYSA-N,dtiam,biomaster,382,0.4076109063185551,0,0.0,0.2617801047120419
FIVE_FIXED_720_DRUGS,drug_id,VTRAEEWXHOVJFV-UHFFFAOYSA-N,dtiam,drugclip,382,0.015936935541526545,0,0.0,0.2617801047120419
FIVE_FIXED_720_DRUGS,drug_id,VTRAEEWXHOVJFV-UHFFFAOYSA-N,dtiam,conplex,382,0.06623435483879665,0,0.0,0.2617801047120419
FIVE_FIXED_720_DRUGS,drug_id,VTRAEEWXHOVJFV-UHFFFAOYSA-N,dtiam,probematch,382,0.05111496178783111,0,0.0,0.2617801047120419
FIVE_FIXED_720_DRUGS,drug_id,VUDZSIYXZUYWSC-DBRKOABJSA-N,dtiam,biomaster,382,0.24862194229740256,0,0.0,0.2617801047120419
FIVE_FIXED_720_DRUGS,drug_id,VUDZSIYXZUYWSC-DBRKOABJSA-N,dtiam,drugclip,382,0.022355152306712145,0,0.0,0.2617801047120419
FIVE_FIXED_720_DRUGS,drug_id,VUDZSIYXZUYWSC-DBRKOABJSA-N,dtiam,conplex,382,0.030739916588175816,2,2.0,0.2617801047120419
FIVE_FIXED_720_DRUGS,drug_id,VUDZSIYXZUYWSC-DBRKOABJSA-N,dtiam,probematch,382,0.10039028869544865,0,0.0,0.2617801047120419
FIVE_FIXED_720_DRUGS,drug_id,VWMJHAFYPMOMGF-ZCFIWIBFSA-N,dtiam,biomaster,382,-0.0523087680216343,5,5.0,0.2617801047120419
FIVE_FIXED_720_DRUGS,drug_id,VWMJHAFYPMOMGF-ZCFIWIBFSA-N,dtiam,drugclip,382,-0.05610514732847163,1,1.0,0.2617801047120419
FIVE_FIXED_720_DRUGS,drug_id,VWMJHAFYPMOMGF-ZCFIWIBFSA-N,dtiam,conplex,382,0.13675745398400457,1,1.0,0.2617801047120419
FIVE_FIXED_720_DRUGS,drug_id,VWMJHAFYPMOMGF-ZCFIWIBFSA-N,dtiam,probematch,382,-0.09883298202203966,0,0.0,0.2617801047120419
FIVE_FIXED_720_DRUGS,drug_id,VWUXBMIQPBEWFH-WCCTWKNTSA-N,dtiam,biomaster,382,-0.04933753880740302,4,4.0,0.2617801047120419
FIVE_FIXED_720_DRUGS,drug_id,VWUXBMIQPBEWFH-WCCTWKNTSA-N,dtiam,drugclip,382,0.06964919065649376,0,0.0,0.2617801047120419
FIVE_FIXED_720_DRUGS,drug_id,VWUXBMIQPBEWFH-WCCTWKNTSA-N,dtiam,conplex,382,0.1063501339059729,3,3.0,0.2617801047120419
FIVE_FIXED_720_DRUGS,drug_id,VWUXBMIQPBEWFH-WCCTWKNTSA-N,dtiam,probematch,382,0.10603092579881385,2,2.0,0.2617801047120419
FIVE_FIXED_720_DRUGS,drug_id,VWVSBHGCDBMOOT-IIEHVVJPSA-N,dtiam,biomaster,382,0.056100841823161926,4,4.0,0.2617801047120419
FIVE_FIXED_720_DRUGS,drug_id,VWVSBHGCDBMOOT-IIEHVVJPSA-N,dtiam,drugclip,382,0.09049085020920988,2,2.0,0.2617801047120419
FIVE_FIXED_720_DRUGS,drug_id,VWVSBHGCDBMOOT-IIEHVVJPSA-N,dtiam,conplex,382,0.04381476328717016,4,4.0,0.2617801047120419
FIVE_FIXED_720_DRUGS,drug_id,VWVSBHGCDBMOOT-IIEHVVJPSA-N,dtiam,probematch,382,0.140336331005526,5,5.0,0.2617801047120419
FIVE_FIXED_720_DRUGS,drug_id,VYFYYTLLBUKUHU-UHFFFAOYSA-N,dtiam,biomaster,382,0.2039714842077833,2,2.0,0.2617801047120419
FIVE_FIXED_720_DRUGS,drug_id,VYFYYTLLBUKUHU-UHFFFAOYSA-N,dtiam,drugclip,382,-0.03615386627380366,2,2.0,0.2617801047120419
FIVE_FIXED_720_DRUGS,drug_id,VYFYYTLLBUKUHU-UHFFFAOYSA-N,dtiam,conplex,382,0.03640892646433109,0,0.0,0.2617801047120419
FIVE_FIXED_720_DRUGS,drug_id,VYFYYTLLBUKUHU-UHFFFAOYSA-N,dtiam,probematch,382,0.032187419507232765,0,0.0,0.2617801047120419
FIVE_FIXED_720_DRUGS,drug_id,VZZJRYRQSPEMTK-CALCHBBNSA-N,dtiam,biomaster,382,0.4164494628935945,3,3.0,0.2617801047120419
FIVE_FIXED_720_DRUGS,drug_id,VZZJRYRQSPEMTK-CALCHBBNSA-N,dtiam,drugclip,382,0.09809803226567207,0,0.0,0.2617801047120419
FIVE_FIXED_720_DRUGS,drug_id,VZZJRYRQSPEMTK-CALCHBBNSA-N,dtiam,conplex,382,0.10143675459181464,1,1.0,0.2617801047120419
FIVE_FIXED_720_DRUGS,drug_id,VZZJRYRQSPEMTK-CALCHBBNSA-N,dtiam,probematch,382,0.10655146712523188,0,0.0,0.2617801047120419
FIVE_FIXED_720_DRUGS,drug_id,WAEXFXRVDQXREF-UHFFFAOYSA-N,dtiam,biomaster,382,0.354022865031773,2,2.0,0.2617801047120419
FIVE_FIXED_720_DRUGS,drug_id,WAEXFXRVDQXREF-UHFFFAOYSA-N,dtiam,drugclip,382,0.03970375540166005,1,1.0,0.2617801047120419
FIVE_FIXED_720_DRUGS,drug_id,WAEXFXRVDQXREF-UHFFFAOYSA-N,dtiam,conplex,382,0.07546415831257035,0,0.0,0.2617801047120419
FIVE_FIXED_720_DRUGS,drug_id,WAEXFXRVDQXREF-UHFFFAOYSA-N,dtiam,probematch,382,0.05796792420071792,0,0.0,0.2617801047120419
FIVE_FIXED_720_DRUGS,drug_id,WANIDIGFXJFFEL-SANMLTNESA-N,dtiam,biomaster,382,-0.21199048784711924,2,2.0,0.2617801047120419
FIVE_FIXED_720_DRUGS,drug_id,WANIDIGFXJFFEL-SANMLTNESA-N,dtiam,drugclip,382,0.03869992683870103,1,1.0,0.2617801047120419
FIVE_FIXED_720_DRUGS,drug_id,WANIDIGFXJFFEL-SANMLTNESA-N,dtiam,conplex,382,0.18119734832918216,1,1.0,0.2617801047120419
FIVE_FIXED_720_DRUGS,drug_id,WANIDIGFXJFFEL-SANMLTNESA-N,dtiam,probematch,382,-0.0018114463951594477,1,1.0,0.2617801047120419
FIVE_FIXED_720_DRUGS,drug_id,WAXQNWCZJDTGBU-UHFFFAOYSA-N,dtiam,biomaster,382,0.34676012340008766,2,2.0,0.2617801047120419
FIVE_FIXED_720_DRUGS,drug_id,WAXQNWCZJDTGBU-UHFFFAOYSA-N,dtiam,drugclip,382,-0.009692661190853257,2,2.0,0.2617801047120419
FIVE_FIXED_720_DRUGS,drug_id,WAXQNWCZJDTGBU-UHFFFAOYSA-N,dtiam,conplex,382,-0.03672716660420981,1,1.0,0.2617801047120419
FIVE_FIXED_720_DRUGS,drug_id,WAXQNWCZJDTGBU-UHFFFAOYSA-N,dtiam,probematch,382,0.08964353158876771,3,3.0,0.2617801047120419
FIVE_FIXED_720_DRUGS,drug_id,WBFUHHBPNXWNCC-UHFFFAOYSA-N,dtiam,biomaster,382,0.35070762594329585,2,2.0,0.2617801047120419
FIVE_FIXED_720_DRUGS,drug_id,WBFUHHBPNXWNCC-UHFFFAOYSA-N,dtiam,drugclip,382,0.14754331634345058,0,0.0,0.2617801047120419
FIVE_FIXED_720_DRUGS,drug_id,WBFUHHBPNXWNCC-UHFFFAOYSA-N,dtiam,conplex,382,0.09927809385798687,2,2.0,0.2617801047120419
FIVE_FIXED_720_DRUGS,drug_id,WBFUHHBPNXWNCC-UHFFFAOYSA-N,dtiam,probematch,382,0.09364463284857291,0,0.0,0.2617801047120419
FIVE_FIXED_720_DRUGS,drug_id,WBGKWQHBNHJJPZ-LECWWXJVSA-N,dtiam,biomaster,382,0.03484413343385976,4,4.0,0.2617801047120419
FIVE_FIXED_720_DRUGS,drug_id,WBGKWQHBNHJJPZ-LECWWXJVSA-N,dtiam,drugclip,382,0.11303813569036787,2,2.0,0.2617801047120419
FIVE_FIXED_720_DRUGS,drug_id,WBGKWQHBNHJJPZ-LECWWXJVSA-N,dtiam,conplex,382,0.025210474804427375,0,0.0,0.2617801047120419
FIVE_FIXED_720_DRUGS,drug_id,WBGKWQHBNHJJPZ-LECWWXJVSA-N,dtiam,probematch,382,0.16228579707443067,4,4.0,0.2617801047120419
FIVE_FIXED_720_DRUGS,drug_id,WCWSTNLSLKSJPK-LKFCYVNXSA-N,dtiam,biomaster,382,0.08366619374278761,2,2.0,0.2617801047120419
FIVE_FIXED_720_DRUGS,drug_id,WCWSTNLSLKSJPK-LKFCYVNXSA-N,dtiam,drugclip,382,-0.023255864017503604,0,0.0,0.2617801047120419
FIVE_FIXED_720_DRUGS,drug_id,WCWSTNLSLKSJPK-LKFCYVNXSA-N,dtiam,conplex,382,-0.17730504577094439,0,0.0,0.2617801047120419
FIVE_FIXED_720_DRUGS,drug_id,WCWSTNLSLKSJPK-LKFCYVNXSA-N,dtiam,probematch,382,0.14296398859019524,1,1.0,0.2617801047120419
FIVE_FIXED_720_DRUGS,drug_id,WDENQIQQYWYTPO-IBGZPJMESA-N,dtiam,biomaster,382,0.16493712724415047,1,1.0,0.2617801047120419
FIVE_FIXED_720_DRUGS,drug_id,WDENQIQQYWYTPO-IBGZPJMESA-N,dtiam,drugclip,382,0.039400432552590944,0,0.0,0.2617801047120419
FIVE_FIXED_720_DRUGS,drug_id,WDENQIQQYWYTPO-IBGZPJMESA-N,dtiam,conplex,382,0.16906152755956536,0,0.0,0.2617801047120419
FIVE_FIXED_720_DRUGS,drug_id,WDENQIQQYWYTPO-IBGZPJMESA-N,dtiam,probematch,382,0.23937550350880807,0,0.0,0.2617801047120419
FIVE_FIXED_720_DRUGS,drug_id,WEAJZXNPAWBCOA-INIZCTEOSA-N,dtiam,biomaster,382,0.11455281245832406,2,2.0,0.2617801047120419
FIVE_FIXED_720_DRUGS,drug_id,WEAJZXNPAWBCOA-INIZCTEOSA-N,dtiam,drugclip,382,-0.01509779255666395,0,0.0,0.2617801047120419
FIVE_FIXED_720_DRUGS,drug_id,WEAJZXNPAWBCOA-INIZCTEOSA-N,dtiam,conplex,382,0.03737243662339564,2,2.0,0.2617801047120419
FIVE_FIXED_720_DRUGS,drug_id,WEAJZXNPAWBCOA-INIZCTEOSA-N,dtiam,probematch,382,0.10572870777704553,0,0.0,0.2617801047120419
FIVE_FIXED_720_DRUGS,drug_id,WEQLWGNDNRARGE-DJIMGWMZSA-N,dtiam,biomaster,382,0.32656967152546523,1,1.0,0.2617801047120419
FIVE_FIXED_720_DRUGS,drug_id,WEQLWGNDNRARGE-DJIMGWMZSA-N,dtiam,drugclip,382,0.2342288533223055,0,0.0,0.2617801047120419
FIVE_FIXED_720_DRUGS,drug_id,WEQLWGNDNRARGE-DJIMGWMZSA-N,dtiam,conplex,382,0.28095094953207644,0,0.0,0.2617801047120419
FIVE_FIXED_720_DRUGS,drug_id,WEQLWGNDNRARGE-DJIMGWMZSA-N,dtiam,probematch,382,0.12168983333496584,0,0.0,0.2617801047120419
FIVE_FIXED_720_DRUGS,drug_id,WGFOBBZOWHGYQH-MXHNKVEKSA-N,dtiam,biomaster,382,0.4055707426275487,0,0.0,0.2617801047120419
FIVE_FIXED_720_DRUGS,drug_id,WGFOBBZOWHGYQH-MXHNKVEKSA-N,dtiam,drugclip,382,0.09753702492381677,1,1.0,0.2617801047120419
FIVE_FIXED_720_DRUGS,drug_id,WGFOBBZOWHGYQH-MXHNKVEKSA-N,dtiam,conplex,382,-0.17680724856348232,1,1.0,0.2617801047120419
FIVE_FIXED_720_DRUGS,drug_id,WGFOBBZOWHGYQH-MXHNKVEKSA-N,dtiam,probematch,382,0.23964410262559405,1,1.0,0.2617801047120419
FIVE_FIXED_720_DRUGS,drug_id,WIGIZIANZCJQQY-RUCARUNLSA-N,dtiam,biomaster,382,0.3988957024706389,1,1.0,0.2617801047120419
FIVE_FIXED_720_DRUGS,drug_id,WIGIZIANZCJQQY-RUCARUNLSA-N,dtiam,drugclip,382,0.06420703194501956,0,0.0,0.2617801047120419
FIVE_FIXED_720_DRUGS,drug_id,WIGIZIANZCJQQY-RUCARUNLSA-N,dtiam,conplex,382,0.21692323438845004,1,1.0,0.2617801047120419
FIVE_FIXED_720_DRUGS,drug_id,WIGIZIANZCJQQY-RUCARUNLSA-N,dtiam,probematch,382,0.1261690725741936,0,0.0,0.2617801047120419
FIVE_FIXED_720_DRUGS,drug_id,WIJZXSAJMHAVGX-DHLKQENFSA-N,dtiam,biomaster,382,0.5042139595030629,0,0.0,0.2617801047120419
FIVE_FIXED_720_DRUGS,drug_id,WIJZXSAJMHAVGX-DHLKQENFSA-N,dtiam,drugclip,382,-0.009958956694258857,0,0.0,0.2617801047120419
FIVE_FIXED_720_DRUGS,drug_id,WIJZXSAJMHAVGX-DHLKQENFSA-N,dtiam,conplex,382,0.1864697024934746,0,0.0,0.2617801047120419
FIVE_FIXED_720_DRUGS,drug_id,WIJZXSAJMHAVGX-DHLKQENFSA-N,dtiam,probematch,382,-0.011992771701243894,0,0.0,0.2617801047120419
FIVE_FIXED_720_DRUGS,drug_id,WINHZLLDWRZWRT-ATVHPVEESA-N,dtiam,biomaster,382,0.12701875725679465,3,3.0,0.2617801047120419
FIVE_FIXED_720_DRUGS,drug_id,WINHZLLDWRZWRT-ATVHPVEESA-N,dtiam,drugclip,382,-0.009009592773467667,2,2.0,0.2617801047120419
FIVE_FIXED_720_DRUGS,drug_id,WINHZLLDWRZWRT-ATVHPVEESA-N,dtiam,conplex,382,0.1672717735827823,3,3.0,0.2617801047120419
FIVE_FIXED_720_DRUGS,drug_id,WINHZLLDWRZWRT-ATVHPVEESA-N,dtiam,probematch,382,0.20776980099200995,1,1.0,0.2617801047120419
FIVE_FIXED_720_DRUGS,drug_id,WJBLNOPPDWQMCH-MBPVOVBZSA-N,dtiam,biomaster,382,0.03442649754354776,1,1.0,0.2617801047120419
FIVE_FIXED_720_DRUGS,drug_id,WJBLNOPPDWQMCH-MBPVOVBZSA-N,dtiam,drugclip,382,0.04764203081643898,1,1.0,0.2617801047120419
FIVE_FIXED_720_DRUGS,drug_id,WJBLNOPPDWQMCH-MBPVOVBZSA-N,dtiam,conplex,382,-0.10487148381067933,1,1.0,0.2617801047120419
FIVE_FIXED_720_DRUGS,drug_id,WJBLNOPPDWQMCH-MBPVOVBZSA-N,dtiam,probematch,382,0.13646331370417583,1,1.0,0.2617801047120419
FIVE_FIXED_720_DRUGS,drug_id,WJOHZNCJWYWUJD-IUGZLZTKSA-N,dtiam,biomaster,382,-0.03574871822415989,5,5.0,0.2617801047120419
FIVE_FIXED_720_DRUGS,drug_id,WJOHZNCJWYWUJD-IUGZLZTKSA-N,dtiam,drugclip,382,-0.010234509034080335,3,3.0,0.2617801047120419
FIVE_FIXED_720_DRUGS,drug_id,WJOHZNCJWYWUJD-IUGZLZTKSA-N,dtiam,conplex,382,0.1568293428231813,2,2.0,0.2617801047120419
FIVE_FIXED_720_DRUGS,drug_id,WJOHZNCJWYWUJD-IUGZLZTKSA-N,dtiam,probematch,382,0.12787856666714387,4,4.0,0.2617801047120419
FIVE_FIXED_720_DRUGS,drug_id,WMDSZGFJQKSLLH-RBBKRZOGSA-N,dtiam,biomaster,382,0.4046726142199431,0,0.0,0.2617801047120419
FIVE_FIXED_720_DRUGS,drug_id,WMDSZGFJQKSLLH-RBBKRZOGSA-N,dtiam,drugclip,382,0.040899824776697666,0,0.0,0.2617801047120419
FIVE_FIXED_720_DRUGS,drug_id,WMDSZGFJQKSLLH-RBBKRZOGSA-N,dtiam,conplex,382,0.16025112451595327,0,0.0,0.2617801047120419
FIVE_FIXED_720_DRUGS,drug_id,WMDSZGFJQKSLLH-RBBKRZOGSA-N,dtiam,probematch,382,0.14143478065951862,0,0.0,0.2617801047120419
FIVE_FIXED_720_DRUGS,drug_id,WOSKHXYHFSIKNG-UHFFFAOYSA-N,dtiam,biomaster,382,-0.022969117363876877,0,0.0,0.2617801047120419
FIVE_FIXED_720_DRUGS,drug_id,WOSKHXYHFSIKNG-UHFFFAOYSA-N,dtiam,drugclip,382,-0.10452076981143288,0,0.0,0.2617801047120419
FIVE_FIXED_720_DRUGS,drug_id,WOSKHXYHFSIKNG-UHFFFAOYSA-N,dtiam,conplex,382,0.004022583167650278,0,0.0,0.2617801047120419
FIVE_FIXED_720_DRUGS,drug_id,WOSKHXYHFSIKNG-UHFFFAOYSA-N,dtiam,probematch,382,0.1651511108580431,0,0.0,0.2617801047120419
FIVE_FIXED_720_DRUGS,drug_id,WOXKDUGGOYFFRN-IIBYNOLFSA-N,dtiam,biomaster,382,0.3155581264206149,3,3.0,0.2617801047120419
FIVE_FIXED_720_DRUGS,drug_id,WOXKDUGGOYFFRN-IIBYNOLFSA-N,dtiam,drugclip,382,0.06045220076442094,0,0.0,0.2617801047120419
FIVE_FIXED_720_DRUGS,drug_id,WOXKDUGGOYFFRN-IIBYNOLFSA-N,dtiam,conplex,382,-0.01521904933578137,0,0.0,0.2617801047120419
FIVE_FIXED_720_DRUGS,drug_id,WOXKDUGGOYFFRN-IIBYNOLFSA-N,dtiam,probematch,382,0.11398470103270775,1,1.0,0.2617801047120419
FIVE_FIXED_720_DRUGS,drug_id,WPVFJKSGQUFQAP-GKAPJAKFSA-N,dtiam,biomaster,382,0.478466391925197,1,1.0,0.2617801047120419
FIVE_FIXED_720_DRUGS,drug_id,WPVFJKSGQUFQAP-GKAPJAKFSA-N,dtiam,drugclip,382,0.2656099593226622,0,0.0,0.2617801047120419
FIVE_FIXED_720_DRUGS,drug_id,WPVFJKSGQUFQAP-GKAPJAKFSA-N,dtiam,conplex,382,-0.010341480533018338,0,0.0,0.2617801047120419
FIVE_FIXED_720_DRUGS,drug_id,WPVFJKSGQUFQAP-GKAPJAKFSA-N,dtiam,probematch,382,0.09994746207145827,3,3.0,0.2617801047120419
FIVE_FIXED_720_DRUGS,drug_id,WRFHGDPIDHPWIQ-UHFFFAOYSA-N,dtiam,biomaster,382,0.12468237480048021,0,0.0,0.2617801047120419
FIVE_FIXED_720_DRUGS,drug_id,WRFHGDPIDHPWIQ-UHFFFAOYSA-N,dtiam,drugclip,382,0.09930163627500167,0,0.0,0.2617801047120419
FIVE_FIXED_720_DRUGS,drug_id,WRFHGDPIDHPWIQ-UHFFFAOYSA-N,dtiam,conplex,382,0.06818688906893311,0,0.0,0.2617801047120419
FIVE_FIXED_720_DRUGS,drug_id,WRFHGDPIDHPWIQ-UHFFFAOYSA-N,dtiam,probematch,382,0.16137939482350655,0,0.0,0.2617801047120419
FIVE_FIXED_720_DRUGS,drug_id,WSEQXVZVJXJVFP-FQEVSTJZSA-N,dtiam,biomaster,382,-0.0626010784644975,1,1.0,0.2617801047120419
FIVE_FIXED_720_DRUGS,drug_id,WSEQXVZVJXJVFP-FQEVSTJZSA-N,dtiam,drugclip,382,0.1461806239129272,2,2.0,0.2617801047120419
FIVE_FIXED_720_DRUGS,drug_id,WSEQXVZVJXJVFP-FQEVSTJZSA-N,dtiam,conplex,382,0.11607186251045364,0,0.0,0.2617801047120419
FIVE_FIXED_720_DRUGS,drug_id,WSEQXVZVJXJVFP-FQEVSTJZSA-N,dtiam,probematch,382,0.08025596677527302,1,1.0,0.2617801047120419
FIVE_FIXED_720_DRUGS,drug_id,WSEQXVZVJXJVFP-UHFFFAOYSA-N,dtiam,biomaster,382,-0.0924216540653496,1,1.0,0.2617801047120419
FIVE_FIXED_720_DRUGS,drug_id,WSEQXVZVJXJVFP-UHFFFAOYSA-N,dtiam,drugclip,382,0.1532825549212948,2,2.0,0.2617801047120419
FIVE_FIXED_720_DRUGS,drug_id,WSEQXVZVJXJVFP-UHFFFAOYSA-N,dtiam,conplex,382,0.11607186251045364,0,0.0,0.2617801047120419
FIVE_FIXED_720_DRUGS,drug_id,WSEQXVZVJXJVFP-UHFFFAOYSA-N,dtiam,probematch,382,0.07812068776228727,1,1.0,0.2617801047120419
FIVE_FIXED_720_DRUGS,drug_id,WSNODXPBBALQOF-VEJSHDCNSA-N,dtiam,biomaster,382,0.2647292682115609,0,0.0,0.2617801047120419
FIVE_FIXED_720_DRUGS,drug_id,WSNODXPBBALQOF-VEJSHDCNSA-N,dtiam,drugclip,382,0.009658001873110084,0,0.0,0.2617801047120419
FIVE_FIXED_720_DRUGS,drug_id,WSNODXPBBALQOF-VEJSHDCNSA-N,dtiam,conplex,382,0.08539683945901218,1,1.0,0.2617801047120419
FIVE_FIXED_720_DRUGS,drug_id,WSNODXPBBALQOF-VEJSHDCNSA-N,dtiam,probematch,382,0.15609577209065975,0,0.0,0.2617801047120419
FIVE_FIXED_720_DRUGS,drug_id,WTDRDQBEARUVNC-LURJTMIESA-N,dtiam,biomaster,382,0.17299789428499066,3,3.0,0.2617801047120419
FIVE_FIXED_720_DRUGS,drug_id,WTDRDQBEARUVNC-LURJTMIESA-N,dtiam,drugclip,382,-0.016932368369131635,0,0.0,0.2617801047120419
FIVE_FIXED_720_DRUGS,drug_id,WTDRDQBEARUVNC-LURJTMIESA-N,dtiam,conplex,382,-0.019694213504554397,0,0.0,0.2617801047120419
FIVE_FIXED_720_DRUGS,drug_id,WTDRDQBEARUVNC-LURJTMIESA-N,dtiam,probematch,382,-0.04682097095387717,0,0.0,0.2617801047120419
FIVE_FIXED_720_DRUGS,drug_id,WVLHHLRVNDMIAR-IBGZPJMESA-N,dtiam,biomaster,382,0.20355428074327228,1,1.0,0.2617801047120419
FIVE_FIXED_720_DRUGS,drug_id,WVLHHLRVNDMIAR-IBGZPJMESA-N,dtiam,drugclip,382,0.058718589051465965,1,1.0,0.2617801047120419
FIVE_FIXED_720_DRUGS,drug_id,WVLHHLRVNDMIAR-IBGZPJMESA-N,dtiam,conplex,382,0.21453995574453377,1,1.0,0.2617801047120419
FIVE_FIXED_720_DRUGS,drug_id,WVLHHLRVNDMIAR-IBGZPJMESA-N,dtiam,probematch,382,0.19785400698848096,0,0.0,0.2617801047120419
FIVE_FIXED_720_DRUGS,drug_id,WVLOADHCBXTIJK-YNHQPCIGSA-N,dtiam,biomaster,382,0.1163256042695974,0,0.0,0.2617801047120419
FIVE_FIXED_720_DRUGS,drug_id,WVLOADHCBXTIJK-YNHQPCIGSA-N,dtiam,drugclip,382,0.11236992126630078,2,2.0,0.2617801047120419
FIVE_FIXED_720_DRUGS,drug_id,WVLOADHCBXTIJK-YNHQPCIGSA-N,dtiam,conplex,382,0.05858171730104288,0,0.0,0.2617801047120419
FIVE_FIXED_720_DRUGS,drug_id,WVLOADHCBXTIJK-YNHQPCIGSA-N,dtiam,probematch,382,0.1322699668077832,1,1.0,0.2617801047120419
FIVE_FIXED_720_DRUGS,drug_id,WWSWYXNVCBLWNZ-QIZQQNKQSA-N,dtiam,biomaster,382,0.4783794207179409,0,0.0,0.2617801047120419
FIVE_FIXED_720_DRUGS,drug_id,WWSWYXNVCBLWNZ-QIZQQNKQSA-N,dtiam,drugclip,382,0.09179993909862741,0,0.0,0.2617801047120419
FIVE_FIXED_720_DRUGS,drug_id,WWSWYXNVCBLWNZ-QIZQQNKQSA-N,dtiam,conplex,382,0.08991468662513867,0,0.0,0.2617801047120419
FIVE_FIXED_720_DRUGS,drug_id,WWSWYXNVCBLWNZ-QIZQQNKQSA-N,dtiam,probematch,382,0.15046008091551405,1,1.0,0.2617801047120419
FIVE_FIXED_720_DRUGS,drug_id,WWYNJERNGUHSAO-XUDSTZEESA-N,dtiam,biomaster,382,-0.05708099010691754,5,5.0,0.2617801047120419
FIVE_FIXED_720_DRUGS,drug_id,WWYNJERNGUHSAO-XUDSTZEESA-N,dtiam,drugclip,382,0.14371249299413558,3,3.0,0.2617801047120419
FIVE_FIXED_720_DRUGS,drug_id,WWYNJERNGUHSAO-XUDSTZEESA-N,dtiam,conplex,382,-0.016718383548142285,4,4.0,0.2617801047120419
FIVE_FIXED_720_DRUGS,drug_id,WWYNJERNGUHSAO-XUDSTZEESA-N,dtiam,probematch,382,0.20128894051206972,4,4.0,0.2617801047120419
FIVE_FIXED_720_DRUGS,drug_id,WXCXUHSOUPDCQV-UHFFFAOYSA-N,dtiam,biomaster,382,0.08929650303629616,2,2.0,0.2617801047120419
FIVE_FIXED_720_DRUGS,drug_id,WXCXUHSOUPDCQV-UHFFFAOYSA-N,dtiam,drugclip,382,-0.011522500947480262,1,1.0,0.2617801047120419
FIVE_FIXED_720_DRUGS,drug_id,WXCXUHSOUPDCQV-UHFFFAOYSA-N,dtiam,conplex,382,-0.2795423329242478,0,0.0,0.2617801047120419
FIVE_FIXED_720_DRUGS,drug_id,WXCXUHSOUPDCQV-UHFFFAOYSA-N,dtiam,probematch,382,0.08311272103522431,0,0.0,0.2617801047120419
FIVE_FIXED_720_DRUGS,drug_id,WXXSNCNJFUAIDG-UHFFFAOYSA-N,dtiam,biomaster,382,0.16571513205361518,4,4.0,0.2617801047120419
FIVE_FIXED_720_DRUGS,drug_id,WXXSNCNJFUAIDG-UHFFFAOYSA-N,dtiam,drugclip,382,0.021002147263135585,0,0.0,0.2617801047120419
FIVE_FIXED_720_DRUGS,drug_id,WXXSNCNJFUAIDG-UHFFFAOYSA-N,dtiam,conplex,382,0.1139367916665883,0,0.0,0.2617801047120419
FIVE_FIXED_720_DRUGS,drug_id,WXXSNCNJFUAIDG-UHFFFAOYSA-N,dtiam,probematch,382,0.19002164700432092,0,0.0,0.2617801047120419
FIVE_FIXED_720_DRUGS,drug_id,WYQFJHHDOKWSHR-MNOVXSKESA-N,dtiam,biomaster,382,-0.08694311383400835,3,3.0,0.2617801047120419
FIVE_FIXED_720_DRUGS,drug_id,WYQFJHHDOKWSHR-MNOVXSKESA-N,dtiam,drugclip,382,-0.02620513515465537,2,2.0,0.2617801047120419
FIVE_FIXED_720_DRUGS,drug_id,WYQFJHHDOKWSHR-MNOVXSKESA-N,dtiam,conplex,382,0.01000708019765758,0,0.0,0.2617801047120419
FIVE_FIXED_720_DRUGS,drug_id,WYQFJHHDOKWSHR-MNOVXSKESA-N,dtiam,probematch,382,0.09046782549354603,1,1.0,0.2617801047120419
FIVE_FIXED_720_DRUGS,drug_id,WYQPLTPSGFELIB-JTQPXKBDSA-N,dtiam,biomaster,382,-0.0659961846764698,2,2.0,0.2617801047120419
FIVE_FIXED_720_DRUGS,drug_id,WYQPLTPSGFELIB-JTQPXKBDSA-N,dtiam,drugclip,382,-0.004031352259114782,2,2.0,0.2617801047120419
FIVE_FIXED_720_DRUGS,drug_id,WYQPLTPSGFELIB-JTQPXKBDSA-N,dtiam,conplex,382,-0.005550634463975437,1,1.0,0.2617801047120419
FIVE_FIXED_720_DRUGS,drug_id,WYQPLTPSGFELIB-JTQPXKBDSA-N,dtiam,probematch,382,0.16818058108286826,2,2.0,0.2617801047120419
FIVE_FIXED_720_DRUGS,drug_id,WYWIFABBXFUGLM-UHFFFAOYSA-N,dtiam,biomaster,382,0.5334380073432546,1,1.0,0.2617801047120419
FIVE_FIXED_720_DRUGS,drug_id,WYWIFABBXFUGLM-UHFFFAOYSA-N,dtiam,drugclip,382,0.1837422827853735,0,0.0,0.2617801047120419
FIVE_FIXED_720_DRUGS,drug_id,WYWIFABBXFUGLM-UHFFFAOYSA-N,dtiam,conplex,382,0.20064334902763176,1,1.0,0.2617801047120419
FIVE_FIXED_720_DRUGS,drug_id,WYWIFABBXFUGLM-UHFFFAOYSA-N,dtiam,probematch,382,0.15883203690076603,1,1.0,0.2617801047120419
FIVE_FIXED_720_DRUGS,drug_id,WZOZEZRFJCJXNZ-ZBFHGGJFSA-N,dtiam,biomaster,382,0.453404260792637,2,2.0,0.2617801047120419
FIVE_FIXED_720_DRUGS,drug_id,WZOZEZRFJCJXNZ-ZBFHGGJFSA-N,dtiam,drugclip,382,0.1950920253323016,2,2.0,0.2617801047120419
FIVE_FIXED_720_DRUGS,drug_id,WZOZEZRFJCJXNZ-ZBFHGGJFSA-N,dtiam,conplex,382,0.12147895351609678,0,0.0,0.2617801047120419
FIVE_FIXED_720_DRUGS,drug_id,WZOZEZRFJCJXNZ-ZBFHGGJFSA-N,dtiam,probematch,382,0.21217325654751648,0,0.0,0.2617801047120419
FIVE_FIXED_720_DRUGS,drug_id,XAYGBKHKBBXDAK-UHFFFAOYSA-N,dtiam,biomaster,382,0.30638632373460395,3,3.0,0.2617801047120419
FIVE_FIXED_720_DRUGS,drug_id,XAYGBKHKBBXDAK-UHFFFAOYSA-N,dtiam,drugclip,382,0.07808302973242037,2,2.0,0.2617801047120419
FIVE_FIXED_720_DRUGS,drug_id,XAYGBKHKBBXDAK-UHFFFAOYSA-N,dtiam,conplex,382,0.1841525310584738,0,0.0,0.2617801047120419
FIVE_FIXED_720_DRUGS,drug_id,XAYGBKHKBBXDAK-UHFFFAOYSA-N,dtiam,probematch,382,0.1763654452629808,1,1.0,0.2617801047120419
FIVE_FIXED_720_DRUGS,drug_id,XDXWLKQMMKQXPV-QYQHSDTDSA-N,dtiam,biomaster,382,-0.04493063884764873,0,0.0,0.2617801047120419
FIVE_FIXED_720_DRUGS,drug_id,XDXWLKQMMKQXPV-QYQHSDTDSA-N,dtiam,drugclip,382,-0.05053791368775033,0,0.0,0.2617801047120419
FIVE_FIXED_720_DRUGS,drug_id,XDXWLKQMMKQXPV-QYQHSDTDSA-N,dtiam,conplex,382,-0.00994542111821078,1,1.0,0.2617801047120419
FIVE_FIXED_720_DRUGS,drug_id,XDXWLKQMMKQXPV-QYQHSDTDSA-N,dtiam,probematch,382,0.16310039867902792,0,0.0,0.2617801047120419
FIVE_FIXED_720_DRUGS,drug_id,XEDHVZKDSYZQBF-UHFFFAOYSA-N,dtiam,biomaster,382,0.23788013710020559,3,3.0,0.2617801047120419
FIVE_FIXED_720_DRUGS,drug_id,XEDHVZKDSYZQBF-UHFFFAOYSA-N,dtiam,drugclip,382,0.06596217118452308,0,0.0,0.2617801047120419
FIVE_FIXED_720_DRUGS,drug_id,XEDHVZKDSYZQBF-UHFFFAOYSA-N,dtiam,conplex,382,0.19210667642840598,2,2.0,0.2617801047120419
FIVE_FIXED_720_DRUGS,drug_id,XEDHVZKDSYZQBF-UHFFFAOYSA-N,dtiam,probematch,382,0.1266568795355135,1,1.0,0.2617801047120419
FIVE_FIXED_720_DRUGS,drug_id,XFALPSLJIHVRKE-GFCCVEGCSA-N,dtiam,biomaster,382,0.37671610714293025,1,1.0,0.2617801047120419
FIVE_FIXED_720_DRUGS,drug_id,XFALPSLJIHVRKE-GFCCVEGCSA-N,dtiam,drugclip,382,0.11780282314135912,0,0.0,0.2617801047120419
FIVE_FIXED_720_DRUGS,drug_id,XFALPSLJIHVRKE-GFCCVEGCSA-N,dtiam,conplex,382,0.04436292343974647,0,0.0,0.2617801047120419
FIVE_FIXED_720_DRUGS,drug_id,XFALPSLJIHVRKE-GFCCVEGCSA-N,dtiam,probematch,382,0.07982478300506608,0,0.0,0.2617801047120419
FIVE_FIXED_720_DRUGS,drug_id,XFYDIVBRZNQMJC-UHFFFAOYSA-N,dtiam,biomaster,382,0.11258175212753854,5,5.0,0.2617801047120419
FIVE_FIXED_720_DRUGS,drug_id,XFYDIVBRZNQMJC-UHFFFAOYSA-N,dtiam,drugclip,382,-0.043327053395047006,0,0.0,0.2617801047120419
FIVE_FIXED_720_DRUGS,drug_id,XFYDIVBRZNQMJC-UHFFFAOYSA-N,dtiam,conplex,382,0.044427295905099085,2,2.0,0.2617801047120419
FIVE_FIXED_720_DRUGS,drug_id,XFYDIVBRZNQMJC-UHFFFAOYSA-N,dtiam,probematch,382,0.22748836948468806,0,0.0,0.2617801047120419
FIVE_FIXED_720_DRUGS,drug_id,XGALLCVXEZPNRQ-UHFFFAOYSA-N,dtiam,biomaster,382,-0.15612720227942065,3,3.0,0.2617801047120419
FIVE_FIXED_720_DRUGS,drug_id,XGALLCVXEZPNRQ-UHFFFAOYSA-N,dtiam,drugclip,382,-0.08618469907370281,1,1.0,0.2617801047120419
FIVE_FIXED_720_DRUGS,drug_id,XGALLCVXEZPNRQ-UHFFFAOYSA-N,dtiam,conplex,382,0.3131738614452833,2,2.0,0.2617801047120419
FIVE_FIXED_720_DRUGS,drug_id,XGALLCVXEZPNRQ-UHFFFAOYSA-N,dtiam,probematch,382,0.04223991330434508,0,0.0,0.2617801047120419
FIVE_FIXED_720_DRUGS,drug_id,XHOLNRLADUSQLD-UHFFFAOYSA-N,dtiam,biomaster,382,0.37919263379707574,2,2.0,0.2617801047120419
FIVE_FIXED_720_DRUGS,drug_id,XHOLNRLADUSQLD-UHFFFAOYSA-N,dtiam,drugclip,382,0.008519841544488087,1,1.0,0.2617801047120419
FIVE_FIXED_720_DRUGS,drug_id,XHOLNRLADUSQLD-UHFFFAOYSA-N,dtiam,conplex,382,0.12177188575572301,0,0.0,0.2617801047120419
FIVE_FIXED_720_DRUGS,drug_id,XHOLNRLADUSQLD-UHFFFAOYSA-N,dtiam,probematch,382,0.18247164999207216,0,0.0,0.2617801047120419
FIVE_FIXED_720_DRUGS,drug_id,XIQVNETUBQGFHX-UHFFFAOYSA-N,dtiam,biomaster,382,0.18920747595025464,0,0.0,0.2617801047120419
FIVE_FIXED_720_DRUGS,drug_id,XIQVNETUBQGFHX-UHFFFAOYSA-N,dtiam,drugclip,382,0.19548447214128173,0,0.0,0.2617801047120419
FIVE_FIXED_720_DRUGS,drug_id,XIQVNETUBQGFHX-UHFFFAOYSA-N,dtiam,conplex,382,0.24570244991319523,1,1.0,0.2617801047120419
FIVE_FIXED_720_DRUGS,drug_id,XIQVNETUBQGFHX-UHFFFAOYSA-N,dtiam,probematch,382,0.16965962074310653,0,0.0,0.2617801047120419
FIVE_FIXED_720_DRUGS,drug_id,XJGVXQDUIWGIRW-UHFFFAOYSA-N,dtiam,biomaster,382,0.3353705549290447,3,3.0,0.2617801047120419
FIVE_FIXED_720_DRUGS,drug_id,XJGVXQDUIWGIRW-UHFFFAOYSA-N,dtiam,drugclip,382,0.034397004832176246,2,2.0,0.2617801047120419
FIVE_FIXED_720_DRUGS,drug_id,XJGVXQDUIWGIRW-UHFFFAOYSA-N,dtiam,conplex,382,0.09884632932552359,0,0.0,0.2617801047120419
FIVE_FIXED_720_DRUGS,drug_id,XJGVXQDUIWGIRW-UHFFFAOYSA-N,dtiam,probematch,382,0.16741301708247022,1,0.5,0.2617801047120419
FIVE_FIXED_720_DRUGS,drug_id,XKLMZUWKNUAPSZ-UHFFFAOYSA-N,dtiam,biomaster,382,0.4189208229413684,0,0.0,0.2617801047120419
FIVE_FIXED_720_DRUGS,drug_id,XKLMZUWKNUAPSZ-UHFFFAOYSA-N,dtiam,drugclip,382,0.134258894985604,0,0.0,0.2617801047120419
FIVE_FIXED_720_DRUGS,drug_id,XKLMZUWKNUAPSZ-UHFFFAOYSA-N,dtiam,conplex,382,0.21176423568108207,2,2.0,0.2617801047120419
FIVE_FIXED_720_DRUGS,drug_id,XKLMZUWKNUAPSZ-UHFFFAOYSA-N,dtiam,probematch,382,0.18239961095454021,0,0.0,0.2617801047120419
FIVE_FIXED_720_DRUGS,drug_id,XMAYWYJOQHXEEK-ZEQKJWHPSA-N,dtiam,biomaster,382,0.2974412059031492,0,0.0,0.2617801047120419
FIVE_FIXED_720_DRUGS,drug_id,XMAYWYJOQHXEEK-ZEQKJWHPSA-N,dtiam,drugclip,382,0.041044489755103934,1,1.0,0.2617801047120419
FIVE_FIXED_720_DRUGS,drug_id,XMAYWYJOQHXEEK-ZEQKJWHPSA-N,dtiam,conplex,382,0.1171967076307349,0,0.0,0.2617801047120419
FIVE_FIXED_720_DRUGS,drug_id,XMAYWYJOQHXEEK-ZEQKJWHPSA-N,dtiam,probematch,382,0.18640222396571268,0,0.0,0.2617801047120419
FIVE_FIXED_720_DRUGS,drug_id,XMXHEBAFVSFQEX-UHFFFAOYSA-N,dtiam,biomaster,382,0.3929713271644771,3,3.0,0.2617801047120419
FIVE_FIXED_720_DRUGS,drug_id,XMXHEBAFVSFQEX-UHFFFAOYSA-N,dtiam,drugclip,382,0.09502863753037936,1,1.0,0.2617801047120419
FIVE_FIXED_720_DRUGS,drug_id,XMXHEBAFVSFQEX-UHFFFAOYSA-N,dtiam,conplex,382,0.2739375722699417,1,1.0,0.2617801047120419
FIVE_FIXED_720_DRUGS,drug_id,XMXHEBAFVSFQEX-UHFFFAOYSA-N,dtiam,probematch,382,0.17213604902377802,1,1.0,0.2617801047120419
FIVE_FIXED_720_DRUGS,drug_id,XOFYZVNMUHMLCC-ZPOLXVRWSA-N,dtiam,biomaster,382,0.21834079701688777,4,4.0,0.2617801047120419
FIVE_FIXED_720_DRUGS,drug_id,XOFYZVNMUHMLCC-ZPOLXVRWSA-N,dtiam,drugclip,382,0.12632449452560382,2,2.0,0.2617801047120419
FIVE_FIXED_720_DRUGS,drug_id,XOFYZVNMUHMLCC-ZPOLXVRWSA-N,dtiam,conplex,382,-0.02029323748855285,4,4.0,0.2617801047120419
FIVE_FIXED_720_DRUGS,drug_id,XOFYZVNMUHMLCC-ZPOLXVRWSA-N,dtiam,probematch,382,0.19121965385674786,5,5.0,0.2617801047120419
FIVE_FIXED_720_DRUGS,drug_id,XPIJWUTXQAGSLK-UHFFFAOYSA-N,dtiam,biomaster,382,0.1176394292148556,0,0.0,0.2617801047120419
FIVE_FIXED_720_DRUGS,drug_id,XPIJWUTXQAGSLK-UHFFFAOYSA-N,dtiam,drugclip,382,-0.010551394224875036,1,1.0,0.2617801047120419
FIVE_FIXED_720_DRUGS,drug_id,XPIJWUTXQAGSLK-UHFFFAOYSA-N,dtiam,conplex,382,-0.1475900643319076,1,1.0,0.2617801047120419
FIVE_FIXED_720_DRUGS,drug_id,XPIJWUTXQAGSLK-UHFFFAOYSA-N,dtiam,probematch,382,0.21572034709692156,0,0.0,0.2617801047120419
FIVE_FIXED_720_DRUGS,drug_id,XPOQHMRABVBWPR-ZDUSSCGKSA-N,dtiam,biomaster,382,0.3326888709468915,3,3.0,0.2617801047120419
FIVE_FIXED_720_DRUGS,drug_id,XPOQHMRABVBWPR-ZDUSSCGKSA-N,dtiam,drugclip,382,0.04386244298030952,1,1.0,0.2617801047120419
FIVE_FIXED_720_DRUGS,drug_id,XPOQHMRABVBWPR-ZDUSSCGKSA-N,dtiam,conplex,382,-0.06442240617415654,0,0.0,0.2617801047120419
FIVE_FIXED_720_DRUGS,drug_id,XPOQHMRABVBWPR-ZDUSSCGKSA-N,dtiam,probematch,382,0.17863896734177348,1,1.0,0.2617801047120419
FIVE_FIXED_720_DRUGS,drug_id,XQSPYNMVSIKCOC-NTSWFWBYSA-N,dtiam,biomaster,382,0.11078097453175209,1,1.0,0.2617801047120419
FIVE_FIXED_720_DRUGS,drug_id,XQSPYNMVSIKCOC-NTSWFWBYSA-N,dtiam,drugclip,382,0.052648472390570474,0,0.0,0.2617801047120419
FIVE_FIXED_720_DRUGS,drug_id,XQSPYNMVSIKCOC-NTSWFWBYSA-N,dtiam,conplex,382,0.06081141797400709,0,0.0,0.2617801047120419
FIVE_FIXED_720_DRUGS,drug_id,XQSPYNMVSIKCOC-NTSWFWBYSA-N,dtiam,probematch,382,0.025741432232799535,2,2.0,0.2617801047120419
FIVE_FIXED_720_DRUGS,drug_id,XRQDFNLINLXZLB-CKIKVBCHSA-N,dtiam,biomaster,382,0.2716342223520093,0,0.0,0.2617801047120419
FIVE_FIXED_720_DRUGS,drug_id,XRQDFNLINLXZLB-CKIKVBCHSA-N,dtiam,drugclip,382,0.10439311157899993,1,1.0,0.2617801047120419
FIVE_FIXED_720_DRUGS,drug_id,XRQDFNLINLXZLB-CKIKVBCHSA-N,dtiam,conplex,382,0.24439467974536383,3,3.0,0.2617801047120419
FIVE_FIXED_720_DRUGS,drug_id,XRQDFNLINLXZLB-CKIKVBCHSA-N,dtiam,probematch,382,0.15312884838173815,0,0.0,0.2617801047120419
FIVE_FIXED_720_DRUGS,drug_id,XRVDGNKRPOAQTN-FQEVSTJZSA-N,dtiam,biomaster,382,0.15807845728578146,1,1.0,0.2617801047120419
FIVE_FIXED_720_DRUGS,drug_id,XRVDGNKRPOAQTN-FQEVSTJZSA-N,dtiam,drugclip,382,-0.054061754508482975,0,0.0,0.2617801047120419
FIVE_FIXED_720_DRUGS,drug_id,XRVDGNKRPOAQTN-FQEVSTJZSA-N,dtiam,conplex,382,0.1030528753566364,0,0.0,0.2617801047120419
FIVE_FIXED_720_DRUGS,drug_id,XRVDGNKRPOAQTN-FQEVSTJZSA-N,dtiam,probematch,382,0.20222776175213483,0,0.0,0.2617801047120419
FIVE_FIXED_720_DRUGS,drug_id,XSFJVAJPIHIPKU-XWCQMRHXSA-N,dtiam,biomaster,382,0.024611452364265984,4,4.0,0.2617801047120419
FIVE_FIXED_720_DRUGS,drug_id,XSFJVAJPIHIPKU-XWCQMRHXSA-N,dtiam,drugclip,382,0.02389350935387174,3,3.0,0.2617801047120419
FIVE_FIXED_720_DRUGS,drug_id,XSFJVAJPIHIPKU-XWCQMRHXSA-N,dtiam,conplex,382,0.022427382438066922,0,0.0,0.2617801047120419
FIVE_FIXED_720_DRUGS,drug_id,XSFJVAJPIHIPKU-XWCQMRHXSA-N,dtiam,probematch,382,0.1262790714445864,4,4.0,0.2617801047120419
FIVE_FIXED_720_DRUGS,drug_id,XTNGUQKDFGDXSJ-ZXGKGEBGSA-N,dtiam,biomaster,382,0.4483788749951429,0,0.0,0.2617801047120419
FIVE_FIXED_720_DRUGS,drug_id,XTNGUQKDFGDXSJ-ZXGKGEBGSA-N,dtiam,drugclip,382,0.00390477040300929,0,0.0,0.2617801047120419
FIVE_FIXED_720_DRUGS,drug_id,XTNGUQKDFGDXSJ-ZXGKGEBGSA-N,dtiam,conplex,382,0.3174751208823739,1,1.0,0.2617801047120419
FIVE_FIXED_720_DRUGS,drug_id,XTNGUQKDFGDXSJ-ZXGKGEBGSA-N,dtiam,probematch,382,0.1437540411203743,0,0.0,0.2617801047120419
FIVE_FIXED_720_DRUGS,drug_id,XUBOMFCQGDBHNK-UHFFFAOYSA-N,dtiam,biomaster,382,0.40515849049414393,3,3.0,0.2617801047120419
FIVE_FIXED_720_DRUGS,drug_id,XUBOMFCQGDBHNK-UHFFFAOYSA-N,dtiam,drugclip,382,0.08150569117837482,1,1.0,0.2617801047120419
FIVE_FIXED_720_DRUGS,drug_id,XUBOMFCQGDBHNK-UHFFFAOYSA-N,dtiam,conplex,382,0.2431398535845072,0,0.0,0.2617801047120419
FIVE_FIXED_720_DRUGS,drug_id,XUBOMFCQGDBHNK-UHFFFAOYSA-N,dtiam,probematch,382,0.15342528242231174,2,2.0,0.2617801047120419
FIVE_FIXED_720_DRUGS,drug_id,XUFQPHANEAPEMJ-UHFFFAOYSA-N,dtiam,biomaster,382,0.12239701258208582,4,4.0,0.2617801047120419
FIVE_FIXED_720_DRUGS,drug_id,XUFQPHANEAPEMJ-UHFFFAOYSA-N,dtiam,drugclip,382,0.001962556957798836,0,0.0,0.2617801047120419
FIVE_FIXED_720_DRUGS,drug_id,XUFQPHANEAPEMJ-UHFFFAOYSA-N,dtiam,conplex,382,-0.08633849208488409,1,1.0,0.2617801047120419
FIVE_FIXED_720_DRUGS,drug_id,XUFQPHANEAPEMJ-UHFFFAOYSA-N,dtiam,probematch,382,0.04942752386837597,1,1.0,0.2617801047120419
FIVE_FIXED_720_DRUGS,drug_id,XUKUURHRXDUEBC-KAYWLYCHSA-N,dtiam,biomaster,382,0.1985639848140522,0,0.0,0.2617801047120419
FIVE_FIXED_720_DRUGS,drug_id,XUKUURHRXDUEBC-KAYWLYCHSA-N,dtiam,drugclip,382,0.029546637825521766,0,0.0,0.2617801047120419
FIVE_FIXED_720_DRUGS,drug_id,XUKUURHRXDUEBC-KAYWLYCHSA-N,dtiam,conplex,382,0.2719440307195444,1,1.0,0.2617801047120419
FIVE_FIXED_720_DRUGS,drug_id,XUKUURHRXDUEBC-KAYWLYCHSA-N,dtiam,probematch,382,0.14312985819117874,1,1.0,0.2617801047120419
FIVE_FIXED_720_DRUGS,drug_id,XUZMWHLSFXCVMG-UHFFFAOYSA-N,dtiam,biomaster,382,-0.25974758329296027,2,2.0,0.2617801047120419
FIVE_FIXED_720_DRUGS,drug_id,XUZMWHLSFXCVMG-UHFFFAOYSA-N,dtiam,drugclip,382,-0.03811480866711136,1,1.0,0.2617801047120419
FIVE_FIXED_720_DRUGS,drug_id,XUZMWHLSFXCVMG-UHFFFAOYSA-N,dtiam,conplex,382,0.13088782875565425,0,0.0,0.2617801047120419
FIVE_FIXED_720_DRUGS,drug_id,XUZMWHLSFXCVMG-UHFFFAOYSA-N,dtiam,probematch,382,-0.05241816453060022,0,0.0,0.2617801047120419
FIVE_FIXED_720_DRUGS,drug_id,XWLUWCNOOVRFPX-UHFFFAOYSA-N,dtiam,biomaster,382,0.3948646731244223,2,2.0,0.2617801047120419
FIVE_FIXED_720_DRUGS,drug_id,XWLUWCNOOVRFPX-UHFFFAOYSA-N,dtiam,drugclip,382,0.07478651959204047,1,1.0,0.2617801047120419
FIVE_FIXED_720_DRUGS,drug_id,XWLUWCNOOVRFPX-UHFFFAOYSA-N,dtiam,conplex,382,0.16163749662588217,0,0.0,0.2617801047120419
FIVE_FIXED_720_DRUGS,drug_id,XWLUWCNOOVRFPX-UHFFFAOYSA-N,dtiam,probematch,382,0.1362168235251949,1,1.0,0.2617801047120419
FIVE_FIXED_720_DRUGS,drug_id,XWLXKKNPFMNSFA-HGQWONQESA-N,dtiam,biomaster,382,0.4048205083273317,0,0.0,0.2617801047120419
FIVE_FIXED_720_DRUGS,drug_id,XWLXKKNPFMNSFA-HGQWONQESA-N,dtiam,drugclip,382,0.175760306491701,1,1.0,0.2617801047120419
FIVE_FIXED_720_DRUGS,drug_id,XWLXKKNPFMNSFA-HGQWONQESA-N,dtiam,conplex,382,0.06791212348170945,1,1.0,0.2617801047120419
FIVE_FIXED_720_DRUGS,drug_id,XWLXKKNPFMNSFA-HGQWONQESA-N,dtiam,probematch,382,0.2025306468558886,1,1.0,0.2617801047120419
FIVE_FIXED_720_DRUGS,drug_id,XXSMGPRMXLTPCZ-UHFFFAOYSA-N,dtiam,biomaster,382,0.40206067942380713,1,1.0,0.2617801047120419
FIVE_FIXED_720_DRUGS,drug_id,XXSMGPRMXLTPCZ-UHFFFAOYSA-N,dtiam,drugclip,382,0.08486054091570132,0,0.0,0.2617801047120419
FIVE_FIXED_720_DRUGS,drug_id,XXSMGPRMXLTPCZ-UHFFFAOYSA-N,dtiam,conplex,382,0.10810273546988167,0,0.0,0.2617801047120419
FIVE_FIXED_720_DRUGS,drug_id,XXSMGPRMXLTPCZ-UHFFFAOYSA-N,dtiam,probematch,382,0.17661635809018777,0,0.0,0.2617801047120419
FIVE_FIXED_720_DRUGS,drug_id,XYFPWWZEPKGCCK-GOSISDBHSA-N,dtiam,biomaster,382,-0.04775268230289854,7,7.0,0.2617801047120419
FIVE_FIXED_720_DRUGS,drug_id,XYFPWWZEPKGCCK-GOSISDBHSA-N,dtiam,drugclip,382,-0.059073147413720634,1,1.0,0.2617801047120419
FIVE_FIXED_720_DRUGS,drug_id,XYFPWWZEPKGCCK-GOSISDBHSA-N,dtiam,conplex,382,0.18425446418344993,0,0.0,0.2617801047120419
FIVE_FIXED_720_DRUGS,drug_id,XYFPWWZEPKGCCK-GOSISDBHSA-N,dtiam,probematch,382,0.07397838022683675,0,0.0,0.2617801047120419
FIVE_FIXED_720_DRUGS,drug_id,XYLJNLCSTIOKRM-UHFFFAOYSA-N,dtiam,biomaster,382,0.21809160414624465,4,4.0,0.2617801047120419
FIVE_FIXED_720_DRUGS,drug_id,XYLJNLCSTIOKRM-UHFFFAOYSA-N,dtiam,drugclip,382,-0.08863367049386621,0,0.0,0.2617801047120419
FIVE_FIXED_720_DRUGS,drug_id,XYLJNLCSTIOKRM-UHFFFAOYSA-N,dtiam,conplex,382,-0.016974447500585608,0,0.0,0.2617801047120419
FIVE_FIXED_720_DRUGS,drug_id,XYLJNLCSTIOKRM-UHFFFAOYSA-N,dtiam,probematch,382,0.19969740908683356,1,1.0,0.2617801047120419
FIVE_FIXED_720_DRUGS,drug_id,XZWYZXLIPXDOLR-UHFFFAOYSA-N,dtiam,biomaster,382,0.25988320671021614,4,4.0,0.2617801047120419
FIVE_FIXED_720_DRUGS,drug_id,XZWYZXLIPXDOLR-UHFFFAOYSA-N,dtiam,drugclip,382,-0.09646452355116787,0,0.0,0.2617801047120419
FIVE_FIXED_720_DRUGS,drug_id,XZWYZXLIPXDOLR-UHFFFAOYSA-N,dtiam,conplex,382,0.01640849001915616,0,0.0,0.2617801047120419
FIVE_FIXED_720_DRUGS,drug_id,XZWYZXLIPXDOLR-UHFFFAOYSA-N,dtiam,probematch,382,0.044105058204511716,0,0.0,0.2617801047120419
FIVE_FIXED_720_DRUGS,drug_id,XZXHXSATPCNXJR-ZIADKAODSA-N,dtiam,biomaster,382,0.20338830351358297,5,5.0,0.2617801047120419
FIVE_FIXED_720_DRUGS,drug_id,XZXHXSATPCNXJR-ZIADKAODSA-N,dtiam,drugclip,382,0.09805282445992011,1,1.0,0.2617801047120419
FIVE_FIXED_720_DRUGS,drug_id,XZXHXSATPCNXJR-ZIADKAODSA-N,dtiam,conplex,382,0.1850436642666437,4,4.0,0.2617801047120419
FIVE_FIXED_720_DRUGS,drug_id,XZXHXSATPCNXJR-ZIADKAODSA-N,dtiam,probematch,382,0.21602388522125615,1,1.0,0.2617801047120419
FIVE_FIXED_720_DRUGS,drug_id,YALNUENQHAQXEA-UHFFFAOYSA-N,dtiam,biomaster,382,0.35463747591473427,4,4.0,0.2617801047120419
FIVE_FIXED_720_DRUGS,drug_id,YALNUENQHAQXEA-UHFFFAOYSA-N,dtiam,drugclip,382,-0.003889055308628846,0,0.0,0.2617801047120419
FIVE_FIXED_720_DRUGS,drug_id,YALNUENQHAQXEA-UHFFFAOYSA-N,dtiam,conplex,382,0.15809471267269676,0,0.0,0.2617801047120419
FIVE_FIXED_720_DRUGS,drug_id,YALNUENQHAQXEA-UHFFFAOYSA-N,dtiam,probematch,382,0.14292686898921275,0,0.0,0.2617801047120419
FIVE_FIXED_720_DRUGS,drug_id,YASAKCUCGLMORW-UHFFFAOYSA-N,dtiam,biomaster,382,0.35560642988468455,4,4.0,0.2617801047120419
FIVE_FIXED_720_DRUGS,drug_id,YASAKCUCGLMORW-UHFFFAOYSA-N,dtiam,drugclip,382,0.09680573484696244,0,0.0,0.2617801047120419
FIVE_FIXED_720_DRUGS,drug_id,YASAKCUCGLMORW-UHFFFAOYSA-N,dtiam,conplex,382,-0.004899387806896898,0,0.0,0.2617801047120419
FIVE_FIXED_720_DRUGS,drug_id,YASAKCUCGLMORW-UHFFFAOYSA-N,dtiam,probematch,382,0.19099533703011196,1,1.0,0.2617801047120419
FIVE_FIXED_720_DRUGS,drug_id,YBBLVLTVTVSKRW-UHFFFAOYSA-N,dtiam,biomaster,382,0.2894263080704391,3,3.0,0.2617801047120419
FIVE_FIXED_720_DRUGS,drug_id,YBBLVLTVTVSKRW-UHFFFAOYSA-N,dtiam,drugclip,382,0.15899703684360822,1,1.0,0.2617801047120419
FIVE_FIXED_720_DRUGS,drug_id,YBBLVLTVTVSKRW-UHFFFAOYSA-N,dtiam,conplex,382,0.09693663676560184,0,0.0,0.2617801047120419
FIVE_FIXED_720_DRUGS,drug_id,YBBLVLTVTVSKRW-UHFFFAOYSA-N,dtiam,probematch,382,0.05933791777060449,0,0.0,0.2617801047120419
FIVE_FIXED_720_DRUGS,drug_id,YBSJFWOBGCMAKL-UHFFFAOYSA-N,dtiam,biomaster,382,0.213868979813746,1,1.0,0.2617801047120419
FIVE_FIXED_720_DRUGS,drug_id,YBSJFWOBGCMAKL-UHFFFAOYSA-N,dtiam,drugclip,382,-0.021757548169724313,0,0.0,0.2617801047120419
FIVE_FIXED_720_DRUGS,drug_id,YBSJFWOBGCMAKL-UHFFFAOYSA-N,dtiam,conplex,382,0.16417922104403318,0,0.0,0.2617801047120419
FIVE_FIXED_720_DRUGS,drug_id,YBSJFWOBGCMAKL-UHFFFAOYSA-N,dtiam,probematch,382,0.1932613348757092,0,0.0,0.2617801047120419
FIVE_FIXED_720_DRUGS,drug_id,YFGHCGITMMYXAQ-LJQANCHMSA-N,dtiam,biomaster,382,0.4728477074960247,0,0.0,0.2617801047120419
FIVE_FIXED_720_DRUGS,drug_id,YFGHCGITMMYXAQ-LJQANCHMSA-N,dtiam,drugclip,382,0.074421412741777,1,1.0,0.2617801047120419
FIVE_FIXED_720_DRUGS,drug_id,YFGHCGITMMYXAQ-LJQANCHMSA-N,dtiam,conplex,382,0.3672780977786105,2,2.0,0.2617801047120419
FIVE_FIXED_720_DRUGS,drug_id,YFGHCGITMMYXAQ-LJQANCHMSA-N,dtiam,probematch,382,0.23838151319352138,1,1.0,0.2617801047120419
FIVE_FIXED_720_DRUGS,drug_id,YHGSTSNEOJUIRN-UHFFFAOYSA-N,dtiam,biomaster,382,0.36058833007855073,0,0.0,0.2617801047120419
FIVE_FIXED_720_DRUGS,drug_id,YHGSTSNEOJUIRN-UHFFFAOYSA-N,dtiam,drugclip,382,-0.04009964661488794,0,0.0,0.2617801047120419
FIVE_FIXED_720_DRUGS,drug_id,YHGSTSNEOJUIRN-UHFFFAOYSA-N,dtiam,conplex,382,0.2046962480237093,0,0.0,0.2617801047120419
FIVE_FIXED_720_DRUGS,drug_id,YHGSTSNEOJUIRN-UHFFFAOYSA-N,dtiam,probematch,382,0.18437195452611624,1,1.0,0.2617801047120419
FIVE_FIXED_720_DRUGS,drug_id,YIBOMRUWOWDFLG-ONEGZZNKSA-N,dtiam,biomaster,382,0.09629660884408915,0,0.0,0.2617801047120419
FIVE_FIXED_720_DRUGS,drug_id,YIBOMRUWOWDFLG-ONEGZZNKSA-N,dtiam,drugclip,382,-0.05707087216943972,0,0.0,0.2617801047120419
FIVE_FIXED_720_DRUGS,drug_id,YIBOMRUWOWDFLG-ONEGZZNKSA-N,dtiam,conplex,382,0.016011564699689423,0,0.0,0.2617801047120419
FIVE_FIXED_720_DRUGS,drug_id,YIBOMRUWOWDFLG-ONEGZZNKSA-N,dtiam,probematch,382,0.21610001991834998,1,1.0,0.2617801047120419
FIVE_FIXED_720_DRUGS,drug_id,YIMYDTCOUQIDMT-SNAWJCMRSA-N,dtiam,biomaster,382,0.32446858493432656,3,3.0,0.2617801047120419
FIVE_FIXED_720_DRUGS,drug_id,YIMYDTCOUQIDMT-SNAWJCMRSA-N,dtiam,drugclip,382,0.21509755575387193,1,1.0,0.2617801047120419
FIVE_FIXED_720_DRUGS,drug_id,YIMYDTCOUQIDMT-SNAWJCMRSA-N,dtiam,conplex,382,0.25295551590016296,1,1.0,0.2617801047120419
FIVE_FIXED_720_DRUGS,drug_id,YIMYDTCOUQIDMT-SNAWJCMRSA-N,dtiam,probematch,382,0.17042686178929697,0,0.0,0.2617801047120419
FIVE_FIXED_720_DRUGS,drug_id,YIQPUIGJQJDJOS-UHFFFAOYSA-N,dtiam,biomaster,382,0.40117374533000677,1,1.0,0.2617801047120419
FIVE_FIXED_720_DRUGS,drug_id,YIQPUIGJQJDJOS-UHFFFAOYSA-N,dtiam,drugclip,382,0.09076015956633228,0,0.0,0.2617801047120419
FIVE_FIXED_720_DRUGS,drug_id,YIQPUIGJQJDJOS-UHFFFAOYSA-N,dtiam,conplex,382,0.304393875232655,2,2.0,0.2617801047120419
FIVE_FIXED_720_DRUGS,drug_id,YIQPUIGJQJDJOS-UHFFFAOYSA-N,dtiam,probematch,382,0.061490258094592166,0,0.0,0.2617801047120419
FIVE_FIXED_720_DRUGS,drug_id,YKPUWZUDDOIDPM-SOFGYWHQSA-N,dtiam,biomaster,382,0.1515810192228972,0,0.0,0.2617801047120419
FIVE_FIXED_720_DRUGS,drug_id,YKPUWZUDDOIDPM-SOFGYWHQSA-N,dtiam,drugclip,382,0.10353416326971268,1,1.0,0.2617801047120419
FIVE_FIXED_720_DRUGS,drug_id,YKPUWZUDDOIDPM-SOFGYWHQSA-N,dtiam,conplex,382,-0.007438306427431465,0,0.0,0.2617801047120419
FIVE_FIXED_720_DRUGS,drug_id,YKPUWZUDDOIDPM-SOFGYWHQSA-N,dtiam,probematch,382,0.09163417714420354,0,0.0,0.2617801047120419
FIVE_FIXED_720_DRUGS,drug_id,YLXDSYKOBKBWJQ-LBPRGKRZSA-N,dtiam,biomaster,382,0.30648491980619635,1,1.0,0.2617801047120419
FIVE_FIXED_720_DRUGS,drug_id,YLXDSYKOBKBWJQ-LBPRGKRZSA-N,dtiam,drugclip,382,0.06659960124562574,1,1.0,0.2617801047120419
FIVE_FIXED_720_DRUGS,drug_id,YLXDSYKOBKBWJQ-LBPRGKRZSA-N,dtiam,conplex,382,0.01226481823573717,0,0.0,0.2617801047120419
FIVE_FIXED_720_DRUGS,drug_id,YLXDSYKOBKBWJQ-LBPRGKRZSA-N,dtiam,probematch,382,0.13275433615512564,0,0.0,0.2617801047120419
FIVE_FIXED_720_DRUGS,drug_id,YMARZQAQMVYCKC-OEMFJLHTSA-N,dtiam,biomaster,382,0.4198684646600357,0,0.0,0.2617801047120419
FIVE_FIXED_720_DRUGS,drug_id,YMARZQAQMVYCKC-OEMFJLHTSA-N,dtiam,drugclip,382,0.011069561788898709,1,1.0,0.2617801047120419
FIVE_FIXED_720_DRUGS,drug_id,YMARZQAQMVYCKC-OEMFJLHTSA-N,dtiam,conplex,382,0.11126788997094661,0,0.0,0.2617801047120419
FIVE_FIXED_720_DRUGS,drug_id,YMARZQAQMVYCKC-OEMFJLHTSA-N,dtiam,probematch,382,0.18343013365041944,0,0.0,0.2617801047120419
FIVE_FIXED_720_DRUGS,drug_id,YMDXZJFXQJVXBF-STHAYSLISA-N,dtiam,biomaster,382,0.41162363726720536,5,5.0,0.2617801047120419
FIVE_FIXED_720_DRUGS,drug_id,YMDXZJFXQJVXBF-STHAYSLISA-N,dtiam,drugclip,382,-0.05165303956296538,0,0.0,0.2617801047120419
FIVE_FIXED_720_DRUGS,drug_id,YMDXZJFXQJVXBF-STHAYSLISA-N,dtiam,conplex,382,0.12771768933726038,3,3.0,0.2617801047120419
FIVE_FIXED_720_DRUGS,drug_id,YMDXZJFXQJVXBF-STHAYSLISA-N,dtiam,probematch,382,0.07734205226861919,0,0.0,0.2617801047120419
FIVE_FIXED_720_DRUGS,drug_id,YMTINGFKWWXKFG-UHFFFAOYSA-N,dtiam,biomaster,382,-0.11089679262458328,0,0.0,0.2617801047120419
FIVE_FIXED_720_DRUGS,drug_id,YMTINGFKWWXKFG-UHFFFAOYSA-N,dtiam,drugclip,382,0.1899428562571532,1,1.0,0.2617801047120419
FIVE_FIXED_720_DRUGS,drug_id,YMTINGFKWWXKFG-UHFFFAOYSA-N,dtiam,conplex,382,0.2842929014190448,0,0.0,0.2617801047120419
FIVE_FIXED_720_DRUGS,drug_id,YMTINGFKWWXKFG-UHFFFAOYSA-N,dtiam,probematch,382,0.1397047208953344,0,0.0,0.2617801047120419
FIVE_FIXED_720_DRUGS,drug_id,YQEZLKZALYSWHR-ZDUSSCGKSA-N,dtiam,biomaster,382,0.385988443377923,0,0.0,0.2617801047120419
FIVE_FIXED_720_DRUGS,drug_id,YQEZLKZALYSWHR-ZDUSSCGKSA-N,dtiam,drugclip,382,0.11178760167316242,0,0.0,0.2617801047120419
FIVE_FIXED_720_DRUGS,drug_id,YQEZLKZALYSWHR-ZDUSSCGKSA-N,dtiam,conplex,382,0.111276886433124,0,0.0,0.2617801047120419
FIVE_FIXED_720_DRUGS,drug_id,YQEZLKZALYSWHR-ZDUSSCGKSA-N,dtiam,probematch,382,0.19954693167625917,0,0.0,0.2617801047120419
FIVE_FIXED_720_DRUGS,drug_id,YQNQNVDNTFHQSW-UHFFFAOYSA-N,dtiam,biomaster,382,0.33877125829791965,1,1.0,0.2617801047120419
FIVE_FIXED_720_DRUGS,drug_id,YQNQNVDNTFHQSW-UHFFFAOYSA-N,dtiam,drugclip,382,0.0898389967053197,1,1.0,0.2617801047120419
FIVE_FIXED_720_DRUGS,drug_id,YQNQNVDNTFHQSW-UHFFFAOYSA-N,dtiam,conplex,382,0.04883427754197387,0,0.0,0.2617801047120419
FIVE_FIXED_720_DRUGS,drug_id,YQNQNVDNTFHQSW-UHFFFAOYSA-N,dtiam,probematch,382,0.1945297263388534,1,1.0,0.2617801047120419
FIVE_FIXED_720_DRUGS,drug_id,YQNWZWMKLDQSAC-UHFFFAOYSA-N,dtiam,biomaster,382,0.40840419567186925,5,5.0,0.2617801047120419
FIVE_FIXED_720_DRUGS,drug_id,YQNWZWMKLDQSAC-UHFFFAOYSA-N,dtiam,drugclip,382,0.1366228326759006,3,3.0,0.2617801047120419
FIVE_FIXED_720_DRUGS,drug_id,YQNWZWMKLDQSAC-UHFFFAOYSA-N,dtiam,conplex,382,0.283008779141778,5,5.0,0.2617801047120419
FIVE_FIXED_720_DRUGS,drug_id,YQNWZWMKLDQSAC-UHFFFAOYSA-N,dtiam,probematch,382,0.15027807376633429,1,1.0,0.2617801047120419
FIVE_FIXED_720_DRUGS,drug_id,YREYEVIYCVEVJK-UHFFFAOYSA-N,dtiam,biomaster,382,0.3290098166597438,2,2.0,0.2617801047120419
FIVE_FIXED_720_DRUGS,drug_id,YREYEVIYCVEVJK-UHFFFAOYSA-N,dtiam,drugclip,382,0.11571529889194591,1,1.0,0.2617801047120419
FIVE_FIXED_720_DRUGS,drug_id,YREYEVIYCVEVJK-UHFFFAOYSA-N,dtiam,conplex,382,0.03039663926259295,0,0.0,0.2617801047120419
FIVE_FIXED_720_DRUGS,drug_id,YREYEVIYCVEVJK-UHFFFAOYSA-N,dtiam,probematch,382,0.17226703475866728,0,0.0,0.2617801047120419
FIVE_FIXED_720_DRUGS,drug_id,YTAOBBFIOAEMLL-REQDGWNSSA-N,dtiam,biomaster,382,0.28289850061853966,3,3.0,0.2617801047120419
FIVE_FIXED_720_DRUGS,drug_id,YTAOBBFIOAEMLL-REQDGWNSSA-N,dtiam,drugclip,382,0.10728189036655027,0,0.0,0.2617801047120419
FIVE_FIXED_720_DRUGS,drug_id,YTAOBBFIOAEMLL-REQDGWNSSA-N,dtiam,conplex,382,0.15931573120649242,2,2.0,0.2617801047120419
FIVE_FIXED_720_DRUGS,drug_id,YTAOBBFIOAEMLL-REQDGWNSSA-N,dtiam,probematch,382,0.15496966717690494,3,3.0,0.2617801047120419
FIVE_FIXED_720_DRUGS,drug_id,YTFHCXIPDIHOIA-DHZHZOJOSA-N,dtiam,biomaster,382,0.3335441595766655,0,0.0,0.2617801047120419
FIVE_FIXED_720_DRUGS,drug_id,YTFHCXIPDIHOIA-DHZHZOJOSA-N,dtiam,drugclip,382,0.043792263243761245,2,2.0,0.2617801047120419
FIVE_FIXED_720_DRUGS,drug_id,YTFHCXIPDIHOIA-DHZHZOJOSA-N,dtiam,conplex,382,0.20083725663088944,0,0.0,0.2617801047120419
FIVE_FIXED_720_DRUGS,drug_id,YTFHCXIPDIHOIA-DHZHZOJOSA-N,dtiam,probematch,382,0.16186084370036224,0,0.0,0.2617801047120419
FIVE_FIXED_720_DRUGS,drug_id,YWGDOWXRIALTES-NRFANRHFSA-N,dtiam,biomaster,382,0.27220448653028045,1,1.0,0.2617801047120419
FIVE_FIXED_720_DRUGS,drug_id,YWGDOWXRIALTES-NRFANRHFSA-N,dtiam,drugclip,382,0.1627662914669944,0,0.0,0.2617801047120419
FIVE_FIXED_720_DRUGS,drug_id,YWGDOWXRIALTES-NRFANRHFSA-N,dtiam,conplex,382,0.36092237870153165,1,1.0,0.2617801047120419
FIVE_FIXED_720_DRUGS,drug_id,YWGDOWXRIALTES-NRFANRHFSA-N,dtiam,probematch,382,0.12251692090496123,0,0.0,0.2617801047120419
FIVE_FIXED_720_DRUGS,drug_id,YWPHCCPCQOJSGZ-UHFFFAOYSA-N,dtiam,biomaster,382,0.5571406751742735,3,3.0,0.2617801047120419
FIVE_FIXED_720_DRUGS,drug_id,YWPHCCPCQOJSGZ-UHFFFAOYSA-N,dtiam,drugclip,382,0.039275788173874816,1,1.0,0.2617801047120419
FIVE_FIXED_720_DRUGS,drug_id,YWPHCCPCQOJSGZ-UHFFFAOYSA-N,dtiam,conplex,382,0.35338037072579304,2,2.0,0.2617801047120419
FIVE_FIXED_720_DRUGS,drug_id,YWPHCCPCQOJSGZ-UHFFFAOYSA-N,dtiam,probematch,382,0.15148393007816321,2,2.0,0.2617801047120419
FIVE_FIXED_720_DRUGS,drug_id,YXRDKMPIGHSVRX-OOJCLDBCSA-N,dtiam,biomaster,382,0.11696583290915136,0,0.0,0.2617801047120419
FIVE_FIXED_720_DRUGS,drug_id,YXRDKMPIGHSVRX-OOJCLDBCSA-N,dtiam,drugclip,382,0.10272322134462868,1,1.0,0.2617801047120419
FIVE_FIXED_720_DRUGS,drug_id,YXRDKMPIGHSVRX-OOJCLDBCSA-N,dtiam,conplex,382,-0.02822675067465043,1,1.0,0.2617801047120419
FIVE_FIXED_720_DRUGS,drug_id,YXRDKMPIGHSVRX-OOJCLDBCSA-N,dtiam,probematch,382,0.18030286868346326,1,1.0,0.2617801047120419
FIVE_FIXED_720_DRUGS,drug_id,ZAFYATHCZYHLPB-UHFFFAOYSA-N,dtiam,biomaster,382,0.33906338683318354,3,3.0,0.2617801047120419
FIVE_FIXED_720_DRUGS,drug_id,ZAFYATHCZYHLPB-UHFFFAOYSA-N,dtiam,drugclip,382,0.1872751651672565,1,1.0,0.2617801047120419
FIVE_FIXED_720_DRUGS,drug_id,ZAFYATHCZYHLPB-UHFFFAOYSA-N,dtiam,conplex,382,0.06027847604462748,0,0.0,0.2617801047120419
FIVE_FIXED_720_DRUGS,drug_id,ZAFYATHCZYHLPB-UHFFFAOYSA-N,dtiam,probematch,382,0.11342886029722409,0,0.0,0.2617801047120419
FIVE_FIXED_720_DRUGS,drug_id,ZBBHBTPTTSWHBA-UHFFFAOYSA-N,dtiam,biomaster,382,0.588500468923347,0,0.0,0.2617801047120419
FIVE_FIXED_720_DRUGS,drug_id,ZBBHBTPTTSWHBA-UHFFFAOYSA-N,dtiam,drugclip,382,0.15269958950236,1,1.0,0.2617801047120419
FIVE_FIXED_720_DRUGS,drug_id,ZBBHBTPTTSWHBA-UHFFFAOYSA-N,dtiam,conplex,382,0.42594869368499144,3,3.0,0.2617801047120419
FIVE_FIXED_720_DRUGS,drug_id,ZBBHBTPTTSWHBA-UHFFFAOYSA-N,dtiam,probematch,382,0.0977701680363376,1,1.0,0.2617801047120419
FIVE_FIXED_720_DRUGS,drug_id,ZBGXUVOIWDMMJE-QHNZEKIYSA-N,dtiam,biomaster,382,0.4332183296985899,0,0.0,0.2617801047120419
FIVE_FIXED_720_DRUGS,drug_id,ZBGXUVOIWDMMJE-QHNZEKIYSA-N,dtiam,drugclip,382,0.007258543764008365,0,0.0,0.2617801047120419
FIVE_FIXED_720_DRUGS,drug_id,ZBGXUVOIWDMMJE-QHNZEKIYSA-N,dtiam,conplex,382,0.12470536700799069,2,2.0,0.2617801047120419
FIVE_FIXED_720_DRUGS,drug_id,ZBGXUVOIWDMMJE-QHNZEKIYSA-N,dtiam,probematch,382,0.06436891894466468,1,1.0,0.2617801047120419
FIVE_FIXED_720_DRUGS,drug_id,ZBMZVLHSJCTVON-UHFFFAOYSA-N,dtiam,biomaster,382,0.512254275393682,6,6.0,0.2617801047120419
FIVE_FIXED_720_DRUGS,drug_id,ZBMZVLHSJCTVON-UHFFFAOYSA-N,dtiam,drugclip,382,0.143758346625684,1,1.0,0.2617801047120419
FIVE_FIXED_720_DRUGS,drug_id,ZBMZVLHSJCTVON-UHFFFAOYSA-N,dtiam,conplex,382,0.18569689841965772,1,1.0,0.2617801047120419
FIVE_FIXED_720_DRUGS,drug_id,ZBMZVLHSJCTVON-UHFFFAOYSA-N,dtiam,probematch,382,0.1929928762185522,1,1.0,0.2617801047120419
FIVE_FIXED_720_DRUGS,drug_id,ZBNZXTGUTAYRHI-UHFFFAOYSA-N,dtiam,biomaster,382,0.1730883098964946,0,0.0,0.2617801047120419
FIVE_FIXED_720_DRUGS,drug_id,ZBNZXTGUTAYRHI-UHFFFAOYSA-N,dtiam,drugclip,382,-0.01813295852474444,1,1.0,0.2617801047120419
FIVE_FIXED_720_DRUGS,drug_id,ZBNZXTGUTAYRHI-UHFFFAOYSA-N,dtiam,conplex,382,0.2694247213234358,1,1.0,0.2617801047120419
FIVE_FIXED_720_DRUGS,drug_id,ZBNZXTGUTAYRHI-UHFFFAOYSA-N,dtiam,probematch,382,0.2398852109229378,0,0.0,0.2617801047120419
FIVE_FIXED_720_DRUGS,drug_id,ZBPLOVFIXSTCRZ-UHFFFAOYSA-N,dtiam,biomaster,382,0.26605407219535887,1,1.0,0.2617801047120419
FIVE_FIXED_720_DRUGS,drug_id,ZBPLOVFIXSTCRZ-UHFFFAOYSA-N,dtiam,drugclip,382,0.040537731780151,1,1.0,0.2617801047120419
FIVE_FIXED_720_DRUGS,drug_id,ZBPLOVFIXSTCRZ-UHFFFAOYSA-N,dtiam,conplex,382,0.07151201529627646,0,0.0,0.2617801047120419
FIVE_FIXED_720_DRUGS,drug_id,ZBPLOVFIXSTCRZ-UHFFFAOYSA-N,dtiam,probematch,382,0.0498406371028427,1,1.0,0.2617801047120419
FIVE_FIXED_720_DRUGS,drug_id,ZCVMWBYGMWKGHF-UHFFFAOYSA-N,dtiam,biomaster,382,0.13559747658639304,1,1.0,0.2617801047120419
FIVE_FIXED_720_DRUGS,drug_id,ZCVMWBYGMWKGHF-UHFFFAOYSA-N,dtiam,drugclip,382,0.1481844060840665,2,2.0,0.2617801047120419
FIVE_FIXED_720_DRUGS,drug_id,ZCVMWBYGMWKGHF-UHFFFAOYSA-N,dtiam,conplex,382,0.16731572458491914,2,2.0,0.2617801047120419
FIVE_FIXED_720_DRUGS,drug_id,ZCVMWBYGMWKGHF-UHFFFAOYSA-N,dtiam,probematch,382,0.10414619084948804,1,1.0,0.2617801047120419
FIVE_FIXED_720_DRUGS,drug_id,ZEUITGRIYCTCEM-KRWDZBQOSA-N,dtiam,biomaster,382,0.3766887671842135,5,5.0,0.2617801047120419
FIVE_FIXED_720_DRUGS,drug_id,ZEUITGRIYCTCEM-KRWDZBQOSA-N,dtiam,drugclip,382,0.1800533258360134,4,4.0,0.2617801047120419
FIVE_FIXED_720_DRUGS,drug_id,ZEUITGRIYCTCEM-KRWDZBQOSA-N,dtiam,conplex,382,0.15772996991629573,4,4.0,0.2617801047120419
FIVE_FIXED_720_DRUGS,drug_id,ZEUITGRIYCTCEM-KRWDZBQOSA-N,dtiam,probematch,382,0.18966838029365915,3,3.0,0.2617801047120419
FIVE_FIXED_720_DRUGS,drug_id,ZFMITUMMTDLWHR-UHFFFAOYSA-N,dtiam,biomaster,382,0.27171968663240703,1,1.0,0.2617801047120419
FIVE_FIXED_720_DRUGS,drug_id,ZFMITUMMTDLWHR-UHFFFAOYSA-N,dtiam,drugclip,382,-0.08142926845912746,0,0.0,0.2617801047120419
FIVE_FIXED_720_DRUGS,drug_id,ZFMITUMMTDLWHR-UHFFFAOYSA-N,dtiam,conplex,382,0.08195122601346823,2,2.0,0.2617801047120419
FIVE_FIXED_720_DRUGS,drug_id,ZFMITUMMTDLWHR-UHFFFAOYSA-N,dtiam,probematch,382,0.08045256457961962,0,0.0,0.2617801047120419
FIVE_FIXED_720_DRUGS,drug_id,ZGLHBRQAEXKACO-XJRQOBMKSA-N,dtiam,biomaster,382,0.06440637684085916,0,0.0,0.2617801047120419
FIVE_FIXED_720_DRUGS,drug_id,ZGLHBRQAEXKACO-XJRQOBMKSA-N,dtiam,drugclip,382,0.09038751808177684,2,2.0,0.2617801047120419
FIVE_FIXED_720_DRUGS,drug_id,ZGLHBRQAEXKACO-XJRQOBMKSA-N,dtiam,conplex,382,-0.04928877392197675,0,0.0,0.2617801047120419
FIVE_FIXED_720_DRUGS,drug_id,ZGLHBRQAEXKACO-XJRQOBMKSA-N,dtiam,probematch,382,0.15370406389111552,0,0.0,0.2617801047120419
FIVE_FIXED_720_DRUGS,drug_id,ZIAOVIPSKUPPQW-UHFFFAOYSA-N,dtiam,biomaster,382,0.5242560867197658,0,0.0,0.2617801047120419
FIVE_FIXED_720_DRUGS,drug_id,ZIAOVIPSKUPPQW-UHFFFAOYSA-N,dtiam,drugclip,382,0.05485676606392104,0,0.0,0.2617801047120419
FIVE_FIXED_720_DRUGS,drug_id,ZIAOVIPSKUPPQW-UHFFFAOYSA-N,dtiam,conplex,382,-0.0032646216852363183,0,0.0,0.2617801047120419
FIVE_FIXED_720_DRUGS,drug_id,ZIAOVIPSKUPPQW-UHFFFAOYSA-N,dtiam,probematch,382,-0.08910641497687244,0,0.0,0.2617801047120419
FIVE_FIXED_720_DRUGS,drug_id,ZISJNXNHJRQYJO-CMDGGOBGSA-N,dtiam,biomaster,382,0.1910121285008198,1,1.0,0.2617801047120419
FIVE_FIXED_720_DRUGS,drug_id,ZISJNXNHJRQYJO-CMDGGOBGSA-N,dtiam,drugclip,382,0.05966493911854036,0,0.0,0.2617801047120419
FIVE_FIXED_720_DRUGS,drug_id,ZISJNXNHJRQYJO-CMDGGOBGSA-N,dtiam,conplex,382,-0.009401471897852941,0,0.0,0.2617801047120419
FIVE_FIXED_720_DRUGS,drug_id,ZISJNXNHJRQYJO-CMDGGOBGSA-N,dtiam,probematch,382,-0.017974731204612574,0,0.0,0.2617801047120419
FIVE_FIXED_720_DRUGS,drug_id,ZKIAIYBUSXZPLP-UHFFFAOYSA-N,dtiam,biomaster,382,0.38870564777888134,4,4.0,0.2617801047120419
FIVE_FIXED_720_DRUGS,drug_id,ZKIAIYBUSXZPLP-UHFFFAOYSA-N,dtiam,drugclip,382,0.09115196054951595,1,1.0,0.2617801047120419
FIVE_FIXED_720_DRUGS,drug_id,ZKIAIYBUSXZPLP-UHFFFAOYSA-N,dtiam,conplex,382,0.14670712979444517,2,2.0,0.2617801047120419
FIVE_FIXED_720_DRUGS,drug_id,ZKIAIYBUSXZPLP-UHFFFAOYSA-N,dtiam,probematch,382,0.19548554851760913,0,0.0,0.2617801047120419
FIVE_FIXED_720_DRUGS,drug_id,ZKLPARSLTMPFCP-OAQYLSRUSA-N,dtiam,biomaster,382,0.24172818247075945,0,0.0,0.2617801047120419
FIVE_FIXED_720_DRUGS,drug_id,ZKLPARSLTMPFCP-OAQYLSRUSA-N,dtiam,drugclip,382,0.2251786811612938,2,2.0,0.2617801047120419
FIVE_FIXED_720_DRUGS,drug_id,ZKLPARSLTMPFCP-OAQYLSRUSA-N,dtiam,conplex,382,0.39589294299327965,1,1.0,0.2617801047120419
FIVE_FIXED_720_DRUGS,drug_id,ZKLPARSLTMPFCP-OAQYLSRUSA-N,dtiam,probematch,382,0.19135549254926926,1,1.0,0.2617801047120419
FIVE_FIXED_720_DRUGS,drug_id,ZKLPARSLTMPFCP-UHFFFAOYSA-N,dtiam,biomaster,382,0.2178918286998741,0,0.0,0.2617801047120419
FIVE_FIXED_720_DRUGS,drug_id,ZKLPARSLTMPFCP-UHFFFAOYSA-N,dtiam,drugclip,382,0.21749077088027455,2,2.0,0.2617801047120419
FIVE_FIXED_720_DRUGS,drug_id,ZKLPARSLTMPFCP-UHFFFAOYSA-N,dtiam,conplex,382,0.39589294299327965,1,1.0,0.2617801047120419
FIVE_FIXED_720_DRUGS,drug_id,ZKLPARSLTMPFCP-UHFFFAOYSA-N,dtiam,probematch,382,0.1773176077622233,0,0.0,0.2617801047120419
FIVE_FIXED_720_DRUGS,drug_id,ZPMNHBXQOOVQJL-UHFFFAOYSA-N,dtiam,biomaster,382,0.1852621261597013,3,3.0,0.2617801047120419
FIVE_FIXED_720_DRUGS,drug_id,ZPMNHBXQOOVQJL-UHFFFAOYSA-N,dtiam,drugclip,382,-0.015617897598076988,0,0.0,0.2617801047120419
FIVE_FIXED_720_DRUGS,drug_id,ZPMNHBXQOOVQJL-UHFFFAOYSA-N,dtiam,conplex,382,-0.05808184832821941,2,2.0,0.2617801047120419
FIVE_FIXED_720_DRUGS,drug_id,ZPMNHBXQOOVQJL-UHFFFAOYSA-N,dtiam,probematch,382,0.12584679871149143,1,1.0,0.2617801047120419
FIVE_FIXED_720_DRUGS,drug_id,ZPUCINDJVBIVPJ-LJISPDSOSA-N,dtiam,biomaster,382,0.502443105169179,1,1.0,0.2617801047120419
FIVE_FIXED_720_DRUGS,drug_id,ZPUCINDJVBIVPJ-LJISPDSOSA-N,dtiam,drugclip,382,0.3454282153325287,2,2.0,0.2617801047120419
FIVE_FIXED_720_DRUGS,drug_id,ZPUCINDJVBIVPJ-LJISPDSOSA-N,dtiam,conplex,382,0.3926590971501803,0,0.0,0.2617801047120419
FIVE_FIXED_720_DRUGS,drug_id,ZPUCINDJVBIVPJ-LJISPDSOSA-N,dtiam,probematch,382,0.2019233553319539,0,0.0,0.2617801047120419
FIVE_FIXED_720_DRUGS,drug_id,ZRVUJXDFFKFLMG-UHFFFAOYSA-N,dtiam,biomaster,382,0.25602710229628256,3,3.0,0.2617801047120419
FIVE_FIXED_720_DRUGS,drug_id,ZRVUJXDFFKFLMG-UHFFFAOYSA-N,dtiam,drugclip,382,0.01976065480708053,1,1.0,0.2617801047120419
FIVE_FIXED_720_DRUGS,drug_id,ZRVUJXDFFKFLMG-UHFFFAOYSA-N,dtiam,conplex,382,-0.04180983645879425,1,1.0,0.2617801047120419
FIVE_FIXED_720_DRUGS,drug_id,ZRVUJXDFFKFLMG-UHFFFAOYSA-N,dtiam,probematch,382,0.24146597719739807,1,1.0,0.2617801047120419
FIVE_FIXED_720_DRUGS,drug_id,ZSBOMTDTBDDKMP-OAHLLOKOSA-N,dtiam,biomaster,382,0.4745621597103514,2,2.0,0.2617801047120419
FIVE_FIXED_720_DRUGS,drug_id,ZSBOMTDTBDDKMP-OAHLLOKOSA-N,dtiam,drugclip,382,0.06174471345839607,1,1.0,0.2617801047120419
FIVE_FIXED_720_DRUGS,drug_id,ZSBOMTDTBDDKMP-OAHLLOKOSA-N,dtiam,conplex,382,0.1801276015401201,0,0.0,0.2617801047120419
FIVE_FIXED_720_DRUGS,drug_id,ZSBOMTDTBDDKMP-OAHLLOKOSA-N,dtiam,probematch,382,0.16885621345231455,1,1.0,0.2617801047120419
FIVE_FIXED_720_DRUGS,drug_id,ZSKVGTPCRGIANV-ZXFLCMHBSA-N,dtiam,biomaster,382,0.211994793352429,1,1.0,0.2617801047120419
FIVE_FIXED_720_DRUGS,drug_id,ZSKVGTPCRGIANV-ZXFLCMHBSA-N,dtiam,drugclip,382,0.17177620715336026,1,1.0,0.2617801047120419
FIVE_FIXED_720_DRUGS,drug_id,ZSKVGTPCRGIANV-ZXFLCMHBSA-N,dtiam,conplex,382,-0.04129198465048106,1,1.0,0.2617801047120419
FIVE_FIXED_720_DRUGS,drug_id,ZSKVGTPCRGIANV-ZXFLCMHBSA-N,dtiam,probematch,382,0.17612928829674315,2,2.0,0.2617801047120419
FIVE_FIXED_720_DRUGS,drug_id,ZSWMIFNWDQEXDT-ZESJGQACSA-N,dtiam,biomaster,382,0.47072552392886835,1,1.0,0.2617801047120419
FIVE_FIXED_720_DRUGS,drug_id,ZSWMIFNWDQEXDT-ZESJGQACSA-N,dtiam,drugclip,382,0.09336692775609656,0,0.0,0.2617801047120419
FIVE_FIXED_720_DRUGS,drug_id,ZSWMIFNWDQEXDT-ZESJGQACSA-N,dtiam,conplex,382,-0.15312873316832248,0,0.0,0.2617801047120419
FIVE_FIXED_720_DRUGS,drug_id,ZSWMIFNWDQEXDT-ZESJGQACSA-N,dtiam,probematch,382,0.06361568790933823,0,0.0,0.2617801047120419
FIVE_FIXED_720_DRUGS,drug_id,ZVHNDZWQTBEVRY-UHFFFAOYSA-N,dtiam,biomaster,382,0.32279847942468975,1,1.0,0.2617801047120419
FIVE_FIXED_720_DRUGS,drug_id,ZVHNDZWQTBEVRY-UHFFFAOYSA-N,dtiam,drugclip,382,-0.021839352770608816,0,0.0,0.2617801047120419
FIVE_FIXED_720_DRUGS,drug_id,ZVHNDZWQTBEVRY-UHFFFAOYSA-N,dtiam,conplex,382,-0.02383765952315183,1,1.0,0.2617801047120419
FIVE_FIXED_720_DRUGS,drug_id,ZVHNDZWQTBEVRY-UHFFFAOYSA-N,dtiam,probematch,382,0.20206845086089117,1,1.0,0.2617801047120419
FIVE_FIXED_720_DRUGS,drug_id,ZWUQVNSJSJHFPS-XFXZXTDPSA-N,dtiam,biomaster,382,0.43962083136939506,3,3.0,0.2617801047120419
FIVE_FIXED_720_DRUGS,drug_id,ZWUQVNSJSJHFPS-XFXZXTDPSA-N,dtiam,drugclip,382,0.1674612297319683,1,1.0,0.2617801047120419
FIVE_FIXED_720_DRUGS,drug_id,ZWUQVNSJSJHFPS-XFXZXTDPSA-N,dtiam,conplex,382,0.22455571261548293,0,0.0,0.2617801047120419
FIVE_FIXED_720_DRUGS,drug_id,ZWUQVNSJSJHFPS-XFXZXTDPSA-N,dtiam,probematch,382,0.13273044060065675,1,1.0,0.2617801047120419
FIVE_FIXED_720_DRUGS,drug_id,ZYTXTXAMMDTYDQ-DGEXFFLYSA-N,dtiam,biomaster,382,0.15696785219114162,4,4.0,0.2617801047120419
FIVE_FIXED_720_DRUGS,drug_id,ZYTXTXAMMDTYDQ-DGEXFFLYSA-N,dtiam,drugclip,382,0.15177089200705543,2,2.0,0.2617801047120419
FIVE_FIXED_720_DRUGS,drug_id,ZYTXTXAMMDTYDQ-DGEXFFLYSA-N,dtiam,conplex,382,-0.024492554740561563,4,4.0,0.2617801047120419
FIVE_FIXED_720_DRUGS,drug_id,ZYTXTXAMMDTYDQ-DGEXFFLYSA-N,dtiam,probematch,382,0.19635258021681587,4,4.0,0.2617801047120419
FIVE_FIXED_720_DRUGS,drug_id,ZZUFCTLCJUWOSV-UHFFFAOYSA-N,dtiam,biomaster,382,0.29482109064692474,5,5.0,0.2617801047120419
FIVE_FIXED_720_DRUGS,drug_id,ZZUFCTLCJUWOSV-UHFFFAOYSA-N,dtiam,drugclip,382,0.0667505092067311,1,1.0,0.2617801047120419
FIVE_FIXED_720_DRUGS,drug_id,ZZUFCTLCJUWOSV-UHFFFAOYSA-N,dtiam,conplex,382,0.13848907434169916,4,4.0,0.2617801047120419
FIVE_FIXED_720_DRUGS,drug_id,ZZUFCTLCJUWOSV-UHFFFAOYSA-N,dtiam,probematch,382,0.11325211930426048,2,2.0,0.2617801047120419
FIVE_FIXED_720_DRUGS,drug_id,ZZVUWRFHKOJYTH-UHFFFAOYSA-N,dtiam,biomaster,382,0.09437979788020599,4,4.0,0.2617801047120419
FIVE_FIXED_720_DRUGS,drug_id,ZZVUWRFHKOJYTH-UHFFFAOYSA-N,dtiam,drugclip,382,0.21755040212881405,4,4.0,0.2617801047120419
FIVE_FIXED_720_DRUGS,drug_id,ZZVUWRFHKOJYTH-UHFFFAOYSA-N,dtiam,conplex,382,0.45485811259396697,2,2.0,0.2617801047120419
FIVE_FIXED_720_DRUGS,drug_id,ZZVUWRFHKOJYTH-UHFFFAOYSA-N,dtiam,probematch,382,0.12381524603110448,2,2.0,0.2617801047120419
OLD_NEW_FIVE_FIXED_720_DRUGS,drug_id,AAOVKJBEBIDNHE-UHFFFAOYSA-N,dtiam_historical,dtiam,382,0.33745334312261727,3,3.0,0.2617801047120419
OLD_NEW_FIVE_FIXED_720_DRUGS,drug_id,ACRHBAYQBXXRTO-OAQYLSRUSA-N,dtiam_historical,dtiam,382,0.2606827390462294,1,1.0,0.2617801047120419
OLD_NEW_FIVE_FIXED_720_DRUGS,drug_id,ACWBQPMHZXGDFX-QFIPXVFZSA-N,dtiam_historical,dtiam,382,0.4319279697572696,4,4.0,0.2617801047120419
OLD_NEW_FIVE_FIXED_720_DRUGS,drug_id,ACWZRVQXLIRSDF-UHFFFAOYSA-N,dtiam_historical,dtiam,382,0.18748419745004297,5,5.0,0.2617801047120419
OLD_NEW_FIVE_FIXED_720_DRUGS,drug_id,ADEBPBSSDYVVLD-UHFFFAOYSA-N,dtiam_historical,dtiam,382,0.3721365564202565,6,6.0,0.2617801047120419
OLD_NEW_FIVE_FIXED_720_DRUGS,drug_id,AEXFXNFMSAAELR-RXVVDRJESA-N,dtiam_historical,dtiam,382,0.20136536184381545,4,4.0,0.2617801047120419
OLD_NEW_FIVE_FIXED_720_DRUGS,drug_id,AFLFKFHDSCQHOL-IZZDOVSWSA-N,dtiam_historical,dtiam,382,0.5048029526294313,2,2.0,0.2617801047120419
OLD_NEW_FIVE_FIXED_720_DRUGS,drug_id,AHJRHEGDXFFMBM-UHFFFAOYSA-N,dtiam_historical,dtiam,382,-0.06116260914052319,0,0.0,0.2617801047120419
OLD_NEW_FIVE_FIXED_720_DRUGS,drug_id,AHOUBRCZNHFOSL-YOEHRIQHSA-N,dtiam_historical,dtiam,382,0.4112092323811457,5,5.0,0.2617801047120419
OLD_NEW_FIVE_FIXED_720_DRUGS,drug_id,AHYMHWXQRWRBKT-UHFFFAOYSA-N,dtiam_historical,dtiam,382,0.22940776375175706,1,1.0,0.2617801047120419
OLD_NEW_FIVE_FIXED_720_DRUGS,drug_id,AILRADAXUVEEIR-UHFFFAOYSA-N,dtiam_historical,dtiam,382,0.36430182840817615,1,1.0,0.2617801047120419
OLD_NEW_FIVE_FIXED_720_DRUGS,drug_id,AJIPIJNNOJSSQC-NYLIRDPKSA-N,dtiam_historical,dtiam,382,0.1651405623700343,3,3.0,0.2617801047120419
OLD_NEW_FIVE_FIXED_720_DRUGS,drug_id,ALWKGYPQUAPLQC-UHFFFAOYSA-N,dtiam_historical,dtiam,382,0.33740619783947595,3,3.0,0.2617801047120419
OLD_NEW_FIVE_FIXED_720_DRUGS,drug_id,ANGKOCUUWGHLCE-HKUYNNGSSA-N,dtiam_historical,dtiam,382,0.31447916679000143,5,5.0,0.2617801047120419
OLD_NEW_FIVE_FIXED_720_DRUGS,drug_id,AOMXMOCNKJTRQP-UHFFFAOYSA-N,dtiam_historical,dtiam,382,0.2763087094667621,2,2.0,0.2617801047120419
OLD_NEW_FIVE_FIXED_720_DRUGS,drug_id,AQHHHDLHHXJYJD-UHFFFAOYSA-N,dtiam_historical,dtiam,382,0.3923168903574011,3,3.0,0.2617801047120419
OLD_NEW_FIVE_FIXED_720_DRUGS,drug_id,AQNDDEOPVVGCPG-UHFFFAOYSA-N,dtiam_historical,dtiam,382,0.39881777282453307,3,3.0,0.2617801047120419
OLD_NEW_FIVE_FIXED_720_DRUGS,drug_id,AQOKCDNYWBIDND-FTOWTWDKSA-N,dtiam_historical,dtiam,382,0.31401417221655276,3,3.0,0.2617801047120419
OLD_NEW_FIVE_FIXED_720_DRUGS,drug_id,ASMXXROZKSBQIH-VITNCHFBSA-N,dtiam_historical,dtiam,382,0.3559960781152134,5,5.0,0.2617801047120419
OLD_NEW_FIVE_FIXED_720_DRUGS,drug_id,ASOADIZOVZTJSR-UHFFFAOYSA-N,dtiam_historical,dtiam,382,0.33520070274457664,4,4.0,0.2617801047120419
OLD_NEW_FIVE_FIXED_720_DRUGS,drug_id,ASUTZQLVASHGKV-JDFRZJQESA-N,dtiam_historical,dtiam,382,0.31281035293195764,4,4.0,0.2617801047120419
OLD_NEW_FIVE_FIXED_720_DRUGS,drug_id,ATALOFNDEOCMKK-OITMNORJSA-N,dtiam_historical,dtiam,382,0.4523730922709614,4,4.0,0.2617801047120419
OLD_NEW_FIVE_FIXED_720_DRUGS,drug_id,AURFZBICLPNKBZ-SYBPFIFISA-N,dtiam_historical,dtiam,382,0.12043241050926486,2,2.0,0.2617801047120419
OLD_NEW_FIVE_FIXED_720_DRUGS,drug_id,AVAACINZEOAHHE-VFZPANTDSA-N,dtiam_historical,dtiam,382,0.4861881004228975,3,3.0,0.2617801047120419
OLD_NEW_FIVE_FIXED_720_DRUGS,drug_id,AXOIZCJOOAYSMI-UHFFFAOYSA-N,dtiam_historical,dtiam,382,0.3745276187940043,4,4.0,0.2617801047120419
OLD_NEW_FIVE_FIXED_720_DRUGS,drug_id,AXQACEQYCPKDMV-RZAWKFBISA-N,dtiam_historical,dtiam,382,0.21578062417125754,1,1.0,0.2617801047120419
OLD_NEW_FIVE_FIXED_720_DRUGS,drug_id,AYXYPKUFHZROOJ-ZETCQYMHSA-N,dtiam_historical,dtiam,382,0.4151072216132922,4,4.0,0.2617801047120419
OLD_NEW_FIVE_FIXED_720_DRUGS,drug_id,AZSRSNUQCUDCGG-UHFFFAOYSA-N,dtiam_historical,dtiam,382,0.10244250239843554,0,0.0,0.2617801047120419
OLD_NEW_FIVE_FIXED_720_DRUGS,drug_id,BALLNEJQLSTPIO-UHFFFAOYSA-N,dtiam_historical,dtiam,382,0.28893331213589557,4,4.0,0.2617801047120419
OLD_NEW_FIVE_FIXED_720_DRUGS,drug_id,BARDROPHSZEBKC-OITMNORJSA-N,dtiam_historical,dtiam,382,0.5145247836187579,4,4.0,0.2617801047120419
OLD_NEW_FIVE_FIXED_720_DRUGS,drug_id,BBAWEDCPNXPBQM-GDEBMMAJSA-N,dtiam_historical,dtiam,382,0.40646779465882693,3,3.0,0.2617801047120419
OLD_NEW_FIVE_FIXED_720_DRUGS,drug_id,BCEHBSKCWLPMDN-MGPLVRAMSA-N,dtiam_historical,dtiam,382,0.3059669675174381,5,5.0,0.2617801047120419
OLD_NEW_FIVE_FIXED_720_DRUGS,drug_id,BCFGMOOMADDAQU-UHFFFAOYSA-N,dtiam_historical,dtiam,382,0.2775534310517994,3,3.0,0.2617801047120419
OLD_NEW_FIVE_FIXED_720_DRUGS,drug_id,BFDBKMOZYNOTPK-UHFFFAOYSA-N,dtiam_historical,dtiam,382,0.34668219375398196,4,4.0,0.2617801047120419
OLD_NEW_FIVE_FIXED_720_DRUGS,drug_id,BFPYWIDHMRZLRN-SLHNCBLASA-N,dtiam_historical,dtiam,382,0.13217158601145632,3,3.0,0.2617801047120419
OLD_NEW_FIVE_FIXED_720_DRUGS,drug_id,BFSMGDJOXZAERB-UHFFFAOYSA-N,dtiam_historical,dtiam,382,0.1928006354064736,3,3.0,0.2617801047120419
OLD_NEW_FIVE_FIXED_720_DRUGS,drug_id,BGDKAVGWHJFAGW-UHFFFAOYSA-N,dtiam_historical,dtiam,382,0.39422530558593033,3,3.0,0.2617801047120419
OLD_NEW_FIVE_FIXED_720_DRUGS,drug_id,BISPBXFUKNXOQY-RITPCOANSA-N,dtiam_historical,dtiam,382,0.40222988578247876,4,4.0,0.2617801047120419
OLD_NEW_FIVE_FIXED_720_DRUGS,drug_id,BLIJXOOIHRSQRB-PXYINDEMSA-N,dtiam_historical,dtiam,382,0.3510589551765682,3,3.0,0.2617801047120419
OLD_NEW_FIVE_FIXED_720_DRUGS,drug_id,BLJRIMJGRPQVNF-JTQLQIEISA-N,dtiam_historical,dtiam,382,0.32716749093771863,4,4.0,0.2617801047120419
OLD_NEW_FIVE_FIXED_720_DRUGS,drug_id,BMEARIQHWSVDBS-SNVBAGLBSA-N,dtiam_historical,dtiam,382,0.3347813465274109,2,2.0,0.2617801047120419
OLD_NEW_FIVE_FIXED_720_DRUGS,drug_id,BMGQWWVMWDBQGC-IIFHNQTCSA-N,dtiam_historical,dtiam,382,0.1684207115902373,3,3.0,0.2617801047120419
OLD_NEW_FIVE_FIXED_720_DRUGS,drug_id,BMKDZUISNHGIBY-ZETCQYMHSA-N,dtiam_historical,dtiam,382,0.45008536202464666,4,4.0,0.2617801047120419
OLD_NEW_FIVE_FIXED_720_DRUGS,drug_id,BMPDWHIDQYTSHX-AWEZNQCLSA-N,dtiam_historical,dtiam,382,0.33935530009318193,6,6.0,0.2617801047120419
OLD_NEW_FIVE_FIXED_720_DRUGS,drug_id,BMPDWHIDQYTSHX-UHFFFAOYSA-N,dtiam_historical,dtiam,382,0.33935530009318193,6,6.0,0.2617801047120419
OLD_NEW_FIVE_FIXED_720_DRUGS,drug_id,BNRNXUUZRGQAQC-UHFFFAOYSA-N,dtiam_historical,dtiam,382,0.3122220056313857,4,4.0,0.2617801047120419
OLD_NEW_FIVE_FIXED_720_DRUGS,drug_id,BPKAHTKRCLCHEA-UBFJEZKGSA-N,dtiam_historical,dtiam,382,0.1735421101561381,2,2.0,0.2617801047120419
OLD_NEW_FIVE_FIXED_720_DRUGS,drug_id,BPQMGSKTAYIVFO-UHFFFAOYSA-N,dtiam_historical,dtiam,382,0.3259701299110881,3,3.0,0.2617801047120419
OLD_NEW_FIVE_FIXED_720_DRUGS,drug_id,BPRHUIZQVSMCRT-VEUZHWNKSA-N,dtiam_historical,dtiam,382,0.4586918518634927,1,1.0,0.2617801047120419
OLD_NEW_FIVE_FIXED_720_DRUGS,drug_id,BPZSYCZIITTYBL-YJYMSZOUSA-N,dtiam_historical,dtiam,382,0.3141364485673485,3,3.0,0.2617801047120419
OLD_NEW_FIVE_FIXED_720_DRUGS,drug_id,BQEJAAIPKDQEPV-MXHGPKCJSA-N,dtiam_historical,dtiam,382,0.18644721649619916,4,4.0,0.2617801047120419
OLD_NEW_FIVE_FIXED_720_DRUGS,drug_id,BQJCRHHNABKAKU-KBQPJGBKSA-N,dtiam_historical,dtiam,382,0.28186819319792594,5,5.0,0.2617801047120419
OLD_NEW_FIVE_FIXED_720_DRUGS,drug_id,BQSJTQLCZDPROO-UHFFFAOYSA-N,dtiam_historical,dtiam,382,0.3863014536139389,4,4.0,0.2617801047120419
OLD_NEW_FIVE_FIXED_720_DRUGS,drug_id,BRUQQQPBMZOVGD-XFKAJCMBSA-N,dtiam_historical,dtiam,382,0.29144966471415584,5,5.0,0.2617801047120419
OLD_NEW_FIVE_FIXED_720_DRUGS,drug_id,BSMCAPRUBJMWDF-KRWDZBQOSA-N,dtiam_historical,dtiam,382,0.47646196392826123,7,7.0,0.2617801047120419
OLD_NEW_FIVE_FIXED_720_DRUGS,drug_id,BSYNRYMUTXBXSQ-UHFFFAOYSA-N,dtiam_historical,dtiam,382,0.14462116988975002,3,3.0,0.2617801047120419
OLD_NEW_FIVE_FIXED_720_DRUGS,drug_id,BTBHLEZXCOBLCY-QGZVFWFLSA-N,dtiam_historical,dtiam,382,0.08377404665079587,3,3.0,0.2617801047120419
OLD_NEW_FIVE_FIXED_720_DRUGS,drug_id,BTCRKOKVYTVOLU-SJSRKZJXSA-N,dtiam_historical,dtiam,382,0.31380212608004954,3,3.0,0.2617801047120419
OLD_NEW_FIVE_FIXED_720_DRUGS,drug_id,BUGYDGFZZOZRHP-UHFFFAOYSA-N,dtiam_historical,dtiam,382,0.3699388112349148,1,1.0,0.2617801047120419
OLD_NEW_FIVE_FIXED_720_DRUGS,drug_id,BYBLEWFAAKGYCD-UHFFFAOYSA-N,dtiam_historical,dtiam,382,0.4060389663299797,3,3.0,0.2617801047120419
OLD_NEW_FIVE_FIXED_720_DRUGS,drug_id,BZZKEPGENYLQSC-FIBGUPNXSA-N,dtiam_historical,dtiam,382,0.45727383368973945,2,2.0,0.2617801047120419
OLD_NEW_FIVE_FIXED_720_DRUGS,drug_id,BZZKEPGENYLQSC-UHFFFAOYSA-N,dtiam_historical,dtiam,382,0.4837389137274686,5,5.0,0.2617801047120419
OLD_NEW_FIVE_FIXED_720_DRUGS,drug_id,CAVRKWRKTNINFF-UHFFFAOYSA-N,dtiam_historical,dtiam,382,0.5556981156202548,3,3.0,0.2617801047120419
OLD_NEW_FIVE_FIXED_720_DRUGS,drug_id,CBRJPFGIXUFMTM-WDEREUQCSA-N,dtiam_historical,dtiam,382,0.3397010321695517,3,3.0,0.2617801047120419
OLD_NEW_FIVE_FIXED_720_DRUGS,drug_id,CEFJVGZHQAGLHS-UHFFFAOYSA-N,dtiam_historical,dtiam,382,0.19899410479449234,3,3.0,0.2617801047120419
OLD_NEW_FIVE_FIXED_720_DRUGS,drug_id,CEUORZQYGODEFX-UHFFFAOYSA-N,dtiam_historical,dtiam,382,0.2957368716263002,0,0.0,0.2617801047120419
OLD_NEW_FIVE_FIXED_720_DRUGS,drug_id,CGIGDMFJXJATDK-UHFFFAOYSA-N,dtiam_historical,dtiam,382,0.4310035777672747,1,1.0,0.2617801047120419
OLD_NEW_FIVE_FIXED_720_DRUGS,drug_id,CJBJHOAVZSMMDJ-HEXNFIEUSA-N,dtiam_historical,dtiam,382,0.3863363282069476,3,3.0,0.2617801047120419
OLD_NEW_FIVE_FIXED_720_DRUGS,drug_id,CJOFXWAVKWHTFT-XSFVSMFZSA-N,dtiam_historical,dtiam,382,0.4241068040869148,2,2.0,0.2617801047120419
OLD_NEW_FIVE_FIXED_720_DRUGS,drug_id,CMHHMUWAYWTMGS-UHFFFAOYSA-N,dtiam_historical,dtiam,382,0.3797781825191964,4,4.0,0.2617801047120419
OLD_NEW_FIVE_FIXED_720_DRUGS,drug_id,CMJCXYNUCSMDBY-ZDUSSCGKSA-N,dtiam_historical,dtiam,382,-0.008014590496393546,2,2.0,0.2617801047120419
OLD_NEW_FIVE_FIXED_720_DRUGS,drug_id,CMWTZPSULFXXJA-VIFPVBQESA-N,dtiam_historical,dtiam,382,0.29692153141226707,3,3.0,0.2617801047120419
OLD_NEW_FIVE_FIXED_720_DRUGS,drug_id,COUYJEVMBVSIHV-SFHVURJKSA-N,dtiam_historical,dtiam,382,0.11229737350183217,1,1.0,0.2617801047120419
OLD_NEW_FIVE_FIXED_720_DRUGS,drug_id,CPZBLNMUGSZIPR-NVXWUHKLSA-N,dtiam_historical,dtiam,382,0.3244085231352561,6,6.0,0.2617801047120419
OLD_NEW_FIVE_FIXED_720_DRUGS,drug_id,CSKDFZIMJXRJGH-VWLPUNTISA-N,dtiam_historical,dtiam,382,0.5040647737440814,3,3.0,0.2617801047120419
OLD_NEW_FIVE_FIXED_720_DRUGS,drug_id,CSOBIBXVIYAXFM-BYNJWEBRSA-N,dtiam_historical,dtiam,382,0.16482152442658474,3,3.0,0.2617801047120419
OLD_NEW_FIVE_FIXED_720_DRUGS,drug_id,CTRLABGOLIVAIY-UHFFFAOYSA-N,dtiam_historical,dtiam,382,0.3442870411501899,4,4.0,0.2617801047120419
OLD_NEW_FIVE_FIXED_720_DRUGS,drug_id,CUHVIMMYOGQXCV-NSHDSACASA-N,dtiam_historical,dtiam,382,0.3299927635219507,3,3.0,0.2617801047120419
OLD_NEW_FIVE_FIXED_720_DRUGS,drug_id,CUIHSIWYWATEQL-UHFFFAOYSA-N,dtiam_historical,dtiam,382,0.04701794782179643,2,2.0,0.2617801047120419
OLD_NEW_FIVE_FIXED_720_DRUGS,drug_id,CVWXJKQAOSCOAB-UHFFFAOYSA-N,dtiam_historical,dtiam,382,0.07000934617565105,4,4.0,0.2617801047120419
OLD_NEW_FIVE_FIXED_720_DRUGS,drug_id,CXOFVDLJLONNDW-UHFFFAOYSA-N,dtiam_historical,dtiam,382,0.31180609381846763,5,5.0,0.2617801047120419
OLD_NEW_FIVE_FIXED_720_DRUGS,drug_id,CXOXHMZGEKVPMT-UHFFFAOYSA-N,dtiam_historical,dtiam,382,0.2409329556400559,3,3.0,0.2617801047120419
OLD_NEW_FIVE_FIXED_720_DRUGS,drug_id,CYHWMBVXXDIZNZ-KRWDZBQOSA-N,dtiam_historical,dtiam,382,0.22129339316981095,4,4.0,0.2617801047120419
OLD_NEW_FIVE_FIXED_720_DRUGS,drug_id,CYOHGALHFOKKQC-UHFFFAOYSA-N,dtiam_historical,dtiam,382,0.13383372633627008,5,5.0,0.2617801047120419
OLD_NEW_FIVE_FIXED_720_DRUGS,drug_id,CYQFCXCEBYINGO-IAGOWNOFSA-N,dtiam_historical,dtiam,382,0.08751962099497859,2,2.0,0.2617801047120419
OLD_NEW_FIVE_FIXED_720_DRUGS,drug_id,CZFFBEXEKNGXKS-UHFFFAOYSA-N,dtiam_historical,dtiam,382,0.3109719021647112,0,0.0,0.2617801047120419
OLD_NEW_FIVE_FIXED_720_DRUGS,drug_id,CZGVOBIGEBDYTP-VSGBNLITSA-N,dtiam_historical,dtiam,382,0.5092832614547161,3,3.0,0.2617801047120419
OLD_NEW_FIVE_FIXED_720_DRUGS,drug_id,DBABZHXKTCFAPX-UHFFFAOYSA-N,dtiam_historical,dtiam,382,0.5212430941040304,1,1.0,0.2617801047120419
OLD_NEW_FIVE_FIXED_720_DRUGS,drug_id,DBEPLOCGEIEOCV-WSBQPABSSA-N,dtiam_historical,dtiam,382,0.37319484962538335,3,3.0,0.2617801047120419
OLD_NEW_FIVE_FIXED_720_DRUGS,drug_id,DBGIVFWFUFKIQN-UHFFFAOYSA-N,dtiam_historical,dtiam,382,0.5203757500593891,4,4.0,0.2617801047120419
OLD_NEW_FIVE_FIXED_720_DRUGS,drug_id,DCCSDBARQIPTGU-HSZRJFAPSA-N,dtiam_historical,dtiam,382,0.3314019554098189,3,3.0,0.2617801047120419
OLD_NEW_FIVE_FIXED_720_DRUGS,drug_id,DCOPUUMXTXDBNB-UHFFFAOYSA-N,dtiam_historical,dtiam,382,0.35982733201505934,3,3.0,0.2617801047120419
OLD_NEW_FIVE_FIXED_720_DRUGS,drug_id,DDFOUSQFMYRUQK-RCDICMHDSA-N,dtiam_historical,dtiam,382,0.4059065720417062,4,4.0,0.2617801047120419
OLD_NEW_FIVE_FIXED_720_DRUGS,drug_id,DDLIGBOFAVUZHB-UHFFFAOYSA-N,dtiam_historical,dtiam,382,0.3430171323590908,3,3.0,0.2617801047120419
OLD_NEW_FIVE_FIXED_720_DRUGS,drug_id,DDOOFTLHJSMHLN-ZQHRPCGSSA-N,dtiam_historical,dtiam,382,0.3330744289473761,3,3.0,0.2617801047120419
OLD_NEW_FIVE_FIXED_720_DRUGS,drug_id,DEVSOMFAQLZNKR-RJRFIUFISA-N,dtiam_historical,dtiam,382,0.3319982678952139,4,4.0,0.2617801047120419
OLD_NEW_FIVE_FIXED_720_DRUGS,drug_id,DHHVAGZRUROJKS-UHFFFAOYSA-N,dtiam_historical,dtiam,382,0.48256501770477606,1,1.0,0.2617801047120419
OLD_NEW_FIVE_FIXED_720_DRUGS,drug_id,DHMTURDWPRKSOA-RUZDIDTESA-N,dtiam_historical,dtiam,382,0.35037588675918274,4,4.0,0.2617801047120419
OLD_NEW_FIVE_FIXED_720_DRUGS,drug_id,DHSUYTOATWAVLW-WFVMDLQDSA-N,dtiam_historical,dtiam,382,0.43320907286217397,5,5.0,0.2617801047120419
OLD_NEW_FIVE_FIXED_720_DRUGS,drug_id,DIWRORZWFLOCLC-UHFFFAOYSA-N,dtiam_historical,dtiam,382,0.2301048250613992,3,3.0,0.2617801047120419
OLD_NEW_FIVE_FIXED_720_DRUGS,drug_id,DJXRIQMCROIRCZ-XOEOCAAJSA-N,dtiam_historical,dtiam,382,0.17699900036930474,3,3.0,0.2617801047120419
OLD_NEW_FIVE_FIXED_720_DRUGS,drug_id,DKNWSYNQZKUICI-UHFFFAOYSA-N,dtiam_historical,dtiam,382,0.3741732757070151,2,2.0,0.2617801047120419
OLD_NEW_FIVE_FIXED_720_DRUGS,drug_id,DKULOVKANLVDEA-UHFFFAOYSA-N,dtiam_historical,dtiam,382,0.29443940760121895,5,5.0,0.2617801047120419
OLD_NEW_FIVE_FIXED_720_DRUGS,drug_id,DKYWVDODHFEZIM-UHFFFAOYSA-N,dtiam_historical,dtiam,382,0.38494306668872524,4,4.0,0.2617801047120419
OLD_NEW_FIVE_FIXED_720_DRUGS,drug_id,DMJNNHOOLUXYBV-PQTSNVLCSA-N,dtiam_historical,dtiam,382,0.533029845439894,1,1.0,0.2617801047120419
OLD_NEW_FIVE_FIXED_720_DRUGS,drug_id,DMKSVUSAATWOCU-HROMYWEYSA-N,dtiam_historical,dtiam,382,0.3018149534720187,4,4.0,0.2617801047120419
OLD_NEW_FIVE_FIXED_720_DRUGS,drug_id,DMNOVGJWPASQDL-OAQYLSRUSA-N,dtiam_historical,dtiam,382,0.24722394472333956,4,4.0,0.2617801047120419
OLD_NEW_FIVE_FIXED_720_DRUGS,drug_id,DOBNVUFHFMVMDB-BEFAXECRSA-N,dtiam_historical,dtiam,382,0.49103093279526,5,5.0,0.2617801047120419
OLD_NEW_FIVE_FIXED_720_DRUGS,drug_id,DOMXUEMWDBAQBQ-WEVVVXLNSA-N,dtiam_historical,dtiam,382,0.44035621167629363,5,5.0,0.2617801047120419
OLD_NEW_FIVE_FIXED_720_DRUGS,drug_id,DOUYETYNHWVLEO-UHFFFAOYSA-N,dtiam_historical,dtiam,382,0.2923594179860977,5,5.0,0.2617801047120419
OLD_NEW_FIVE_FIXED_720_DRUGS,drug_id,DQCKKXVULJGBQN-XFWGSAIBSA-N,dtiam_historical,dtiam,382,0.16419787198247313,3,3.0,0.2617801047120419
OLD_NEW_FIVE_FIXED_720_DRUGS,drug_id,DRHKJLXJIQTDTD-OAHLLOKOSA-N,dtiam_historical,dtiam,382,0.4666710295787138,5,5.0,0.2617801047120419
OLD_NEW_FIVE_FIXED_720_DRUGS,drug_id,DTGLZDAWLRGWQN-UHFFFAOYSA-N,dtiam_historical,dtiam,382,0.37239144233459137,4,4.0,0.2617801047120419
OLD_NEW_FIVE_FIXED_720_DRUGS,drug_id,DUGOZIWVEXMGBE-CHWSQXEVSA-N,dtiam_historical,dtiam,382,0.5140793790944683,3,3.0,0.2617801047120419
OLD_NEW_FIVE_FIXED_720_DRUGS,drug_id,DUXZAXCGJSBGDW-HXUWFJFHSA-N,dtiam_historical,dtiam,382,0.2736868720084138,2,2.0,0.2617801047120419
OLD_NEW_FIVE_FIXED_720_DRUGS,drug_id,DUYJMQONPNNFPI-UHFFFAOYSA-N,dtiam_historical,dtiam,382,0.028829771191454953,1,1.0,0.2617801047120419
OLD_NEW_FIVE_FIXED_720_DRUGS,drug_id,DWRIJNIPBUFCQS-DQEYMECFSA-N,dtiam_historical,dtiam,382,0.3034773090720979,3,3.0,0.2617801047120419
OLD_NEW_FIVE_FIXED_720_DRUGS,drug_id,DWYRIWUZIJHQKQ-SANMLTNESA-N,dtiam_historical,dtiam,382,0.19625149791220667,0,0.0,0.2617801047120419
OLD_NEW_FIVE_FIXED_720_DRUGS,drug_id,DWZAEMINVBZMHQ-UHFFFAOYSA-N,dtiam_historical,dtiam,382,0.16997920602279973,4,4.0,0.2617801047120419
OLD_NEW_FIVE_FIXED_720_DRUGS,drug_id,DYDCPNMLZGFQTM-UHFFFAOYSA-N,dtiam_historical,dtiam,382,0.3149456682903086,4,4.0,0.2617801047120419
OLD_NEW_FIVE_FIXED_720_DRUGS,drug_id,DYKFCLLONBREIL-KVUCHLLUSA-N,dtiam_historical,dtiam,382,0.135389951230465,4,4.0,0.2617801047120419
OLD_NEW_FIVE_FIXED_720_DRUGS,drug_id,DYLUUSLLRIQKOE-UHFFFAOYSA-N,dtiam_historical,dtiam,382,0.19406021098482945,3,3.0,0.2617801047120419
OLD_NEW_FIVE_FIXED_720_DRUGS,drug_id,FABPRXSRWADJSP-MEDUHNTESA-N,dtiam_historical,dtiam,382,0.2609746523062278,0,0.0,0.2617801047120419
OLD_NEW_FIVE_FIXED_720_DRUGS,drug_id,FABUFPQFXZVHFB-PVYNADRNSA-N,dtiam_historical,dtiam,382,0.41240917671096206,3,3.0,0.2617801047120419
OLD_NEW_FIVE_FIXED_720_DRUGS,drug_id,FAEKWTJYAYMJKF-QHCPKHFHSA-N,dtiam_historical,dtiam,382,0.4058273507440075,2,2.0,0.2617801047120419
OLD_NEW_FIVE_FIXED_720_DRUGS,drug_id,FASDKYOPVNHBLU-ZETCQYMHSA-N,dtiam_historical,dtiam,382,0.3263341603850241,3,3.0,0.2617801047120419
OLD_NEW_FIVE_FIXED_720_DRUGS,drug_id,FBHSPRKOSMHSIF-GRMWVWQJSA-N,dtiam_historical,dtiam,382,0.22019776155690557,4,4.0,0.2617801047120419
OLD_NEW_FIVE_FIXED_720_DRUGS,drug_id,FBOUYBDGKBSUES-VXKWHMMOSA-N,dtiam_historical,dtiam,382,0.37191783675052315,6,6.0,0.2617801047120419
OLD_NEW_FIVE_FIXED_720_DRUGS,drug_id,FDBYIYFVSAHJLY-UHFFFAOYSA-N,dtiam_historical,dtiam,382,0.2752349164425203,3,3.0,0.2617801047120419
OLD_NEW_FIVE_FIXED_720_DRUGS,drug_id,FDLYAMZZIXQODN-UHFFFAOYSA-N,dtiam_historical,dtiam,382,0.47477377529632375,4,4.0,0.2617801047120419
OLD_NEW_FIVE_FIXED_720_DRUGS,drug_id,FDTZUTSGGSRHQF-UHFFFAOYSA-N,dtiam_historical,dtiam,382,0.35209442920355366,4,4.0,0.2617801047120419
OLD_NEW_FIVE_FIXED_720_DRUGS,drug_id,FELGMEQIXOGIFQ-UHFFFAOYSA-N,dtiam_historical,dtiam,382,0.26489201631226794,4,4.0,0.2617801047120419
OLD_NEW_FIVE_FIXED_720_DRUGS,drug_id,FFGPTBGBLSHEPO-UHFFFAOYSA-N,dtiam_historical,dtiam,382,0.3367147336867364,5,5.0,0.2617801047120419
OLD_NEW_FIVE_FIXED_720_DRUGS,drug_id,FGQFOYHRJSUHMR-UHFFFAOYSA-N,dtiam_historical,dtiam,382,0.3533563728098298,2,2.0,0.2617801047120419
OLD_NEW_FIVE_FIXED_720_DRUGS,drug_id,FIDLLEYNNRGVFR-CTNGQTDRSA-N,dtiam_historical,dtiam,382,0.3357744113270956,4,4.0,0.2617801047120419
OLD_NEW_FIVE_FIXED_720_DRUGS,drug_id,FIKPXCOQUIZNHB-WDEREUQCSA-N,dtiam_historical,dtiam,382,0.17223818787309222,4,4.0,0.2617801047120419
OLD_NEW_FIVE_FIXED_720_DRUGS,drug_id,FIVSJYGQAIEMOC-ZGNKEGEESA-N,dtiam_historical,dtiam,382,0.5197882638598791,2,2.0,0.2617801047120419
OLD_NEW_FIVE_FIXED_720_DRUGS,drug_id,FJHBVJOVLFPMQE-QFIPXVFZSA-N,dtiam_historical,dtiam,382,0.254395409642459,4,4.0,0.2617801047120419
OLD_NEW_FIVE_FIXED_720_DRUGS,drug_id,FJZZPCZKBUKGGU-AUSIDOKSSA-N,dtiam_historical,dtiam,382,0.3077040236346409,3,3.0,0.2617801047120419
OLD_NEW_FIVE_FIXED_720_DRUGS,drug_id,FKENQMMABCRJMK-RITPCOANSA-N,dtiam_historical,dtiam,382,0.49090758006813684,4,4.0,0.2617801047120419
OLD_NEW_FIVE_FIXED_720_DRUGS,drug_id,FLSUCZWOEMTFAQ-PRBGKLEPSA-N,dtiam_historical,dtiam,382,0.47071389906453204,4,4.0,0.2617801047120419
OLD_NEW_FIVE_FIXED_720_DRUGS,drug_id,FNHKPVJBJVTLMP-UHFFFAOYSA-N,dtiam_historical,dtiam,382,0.427324954030658,3,3.0,0.2617801047120419
OLD_NEW_FIVE_FIXED_720_DRUGS,drug_id,FNKQXYHWGSIFBK-RPDRRWSUSA-N,dtiam_historical,dtiam,382,0.316992505514545,3,3.0,0.2617801047120419
OLD_NEW_FIVE_FIXED_720_DRUGS,drug_id,FPOHNWQLNRZRFC-ZHACJKMWSA-N,dtiam_historical,dtiam,382,0.3337368309392751,4,4.0,0.2617801047120419
OLD_NEW_FIVE_FIXED_720_DRUGS,drug_id,FRVSRBKUQZKTOW-YOCNBXQISA-N,dtiam_historical,dtiam,382,0.2996529439807475,1,1.0,0.2617801047120419
OLD_NEW_FIVE_FIXED_720_DRUGS,drug_id,FTALBRSUTCGOEG-UHFFFAOYSA-N,dtiam_historical,dtiam,382,0.3835956588020513,5,5.0,0.2617801047120419
OLD_NEW_FIVE_FIXED_720_DRUGS,drug_id,FVTWTVQXNAJTQP-UHFFFAOYSA-N,dtiam_historical,dtiam,382,0.31442233411991327,3,3.0,0.2617801047120419
OLD_NEW_FIVE_FIXED_720_DRUGS,drug_id,FWLMVFUGMHIOAA-UHFFFAOYSA-N,dtiam_historical,dtiam,382,0.35164192059550303,3,3.0,0.2617801047120419
OLD_NEW_FIVE_FIXED_720_DRUGS,drug_id,FWYSMLBETOMXAG-QHCPKHFHSA-N,dtiam_historical,dtiam,382,0.20337689392451222,2,2.0,0.2617801047120419
OLD_NEW_FIVE_FIXED_720_DRUGS,drug_id,FWZAWAUZXYCBKZ-NSHDSACASA-N,dtiam_historical,dtiam,382,0.19633050393463986,4,4.0,0.2617801047120419
OLD_NEW_FIVE_FIXED_720_DRUGS,drug_id,FYDWDCIFZSGNBU-UHFFFAOYSA-N,dtiam_historical,dtiam,382,0.31514759648933405,2,2.0,0.2617801047120419
OLD_NEW_FIVE_FIXED_720_DRUGS,drug_id,FYMHQCNFKNMJAV-HOTGVXAUSA-N,dtiam_historical,dtiam,382,0.15018926463153326,3,3.0,0.2617801047120419
OLD_NEW_FIVE_FIXED_720_DRUGS,drug_id,GBLBJPZSROAGMF-RWYJCYHVSA-N,dtiam_historical,dtiam,382,0.2204210977940636,0,0.0,0.2617801047120419
OLD_NEW_FIVE_FIXED_720_DRUGS,drug_id,GBXSMTUPTTWBMN-XIRDDKMYSA-N,dtiam_historical,dtiam,382,0.5008774081633027,4,4.0,0.2617801047120419
OLD_NEW_FIVE_FIXED_720_DRUGS,drug_id,GCKFUYQCUCGESZ-BPIQYHPVSA-N,dtiam_historical,dtiam,382,0.15306254359996863,3,3.0,0.2617801047120419
OLD_NEW_FIVE_FIXED_720_DRUGS,drug_id,GDLBFKVLRPITMI-UHFFFAOYSA-N,dtiam_historical,dtiam,382,0.3522561009279333,3,3.0,0.2617801047120419
OLD_NEW_FIVE_FIXED_720_DRUGS,drug_id,GEJDGVNQKABXKG-CFKGEZKQSA-N,dtiam_historical,dtiam,382,0.42689504932548344,5,5.0,0.2617801047120419
OLD_NEW_FIVE_FIXED_720_DRUGS,drug_id,GFHAXPJGXSQLPT-VIFPVBQESA-N,dtiam_historical,dtiam,382,0.313638301603015,5,5.0,0.2617801047120419
OLD_NEW_FIVE_FIXED_720_DRUGS,drug_id,GFNANZIMVAIWHM-OBYCQNJPSA-N,dtiam_historical,dtiam,382,0.21012362074482874,3,3.0,0.2617801047120419
OLD_NEW_FIVE_FIXED_720_DRUGS,drug_id,GGCSSNBKKAUURC-UHFFFAOYSA-N,dtiam_historical,dtiam,382,0.3171726909117565,3,3.0,0.2617801047120419
OLD_NEW_FIVE_FIXED_720_DRUGS,drug_id,GGXICVAJURFBLW-CEYXHVGTSA-N,dtiam_historical,dtiam,382,0.32174104732062486,4,4.0,0.2617801047120419
OLD_NEW_FIVE_FIXED_720_DRUGS,drug_id,GHILNKWBALQPDP-UHFFFAOYSA-N,dtiam_historical,dtiam,382,0.2724320324858987,0,0.0,0.2617801047120419
OLD_NEW_FIVE_FIXED_720_DRUGS,drug_id,GJJFMKBJSRMPLA-DZGCQCFKSA-N,dtiam_historical,dtiam,382,0.5034350935925362,5,5.0,0.2617801047120419
OLD_NEW_FIVE_FIXED_720_DRUGS,drug_id,GJPICJJJRGTNOD-UHFFFAOYSA-N,dtiam_historical,dtiam,382,0.38464426462023127,6,6.0,0.2617801047120419
OLD_NEW_FIVE_FIXED_720_DRUGS,drug_id,GJSURZIOUXUGAL-UHFFFAOYSA-N,dtiam_historical,dtiam,382,0.2688399494060071,1,1.0,0.2617801047120419
OLD_NEW_FIVE_FIXED_720_DRUGS,drug_id,GKCBAIGFKIBETG-UHFFFAOYSA-N,dtiam_historical,dtiam,382,0.35913393038493047,4,4.0,0.2617801047120419
OLD_NEW_FIVE_FIXED_720_DRUGS,drug_id,GKHIVNAUVKXIIY-UHFFFAOYSA-N,dtiam_historical,dtiam,382,0.4184123427642916,5,5.0,0.2617801047120419
OLD_NEW_FIVE_FIXED_720_DRUGS,drug_id,GLYMPHUVMRFTFV-QLFBSQMISA-N,dtiam_historical,dtiam,382,0.3897617882313534,3,3.0,0.2617801047120419
OLD_NEW_FIVE_FIXED_720_DRUGS,drug_id,GMRQFYUYWCNGIN-NKMMMXOESA-N,dtiam_historical,dtiam,382,0.15289850384766868,1,1.0,0.2617801047120419
OLD_NEW_FIVE_FIXED_720_DRUGS,drug_id,GNXFOGHNGIVQEH-UHFFFAOYSA-N,dtiam_historical,dtiam,382,0.4150391946293988,4,4.0,0.2617801047120419
OLD_NEW_FIVE_FIXED_720_DRUGS,drug_id,GOTYRUGSSMKFNF-UHFFFAOYSA-N,dtiam_historical,dtiam,382,0.3279198779905906,3,3.0,0.2617801047120419
OLD_NEW_FIVE_FIXED_720_DRUGS,drug_id,GPNHMOZDMYNCPO-PDUMRIMRSA-N,dtiam_historical,dtiam,382,0.25159037293318254,4,4.0,0.2617801047120419
OLD_NEW_FIVE_FIXED_720_DRUGS,drug_id,GPXBXXGIAQBQNI-UHFFFAOYSA-N,dtiam_historical,dtiam,382,0.35826550996396184,4,4.0,0.2617801047120419
OLD_NEW_FIVE_FIXED_720_DRUGS,drug_id,GXJABQQUPOEUTA-RDJZCZTQSA-N,dtiam_historical,dtiam,382,0.343668124761919,3,3.0,0.2617801047120419
OLD_NEW_FIVE_FIXED_720_DRUGS,drug_id,GXXLUDOKHXEFBQ-YJFSRANCSA-N,dtiam_historical,dtiam,382,0.4603120135115367,3,3.0,0.2617801047120419
OLD_NEW_FIVE_FIXED_720_DRUGS,drug_id,GYDJEQRTZSCIOI-LJGSYFOKSA-N,dtiam_historical,dtiam,382,0.3863318074263723,5,5.0,0.2617801047120419
OLD_NEW_FIVE_FIXED_720_DRUGS,drug_id,GYHCTFXIZSNGJT-UHFFFAOYSA-N,dtiam_historical,dtiam,382,0.2909037266408846,1,1.0,0.2617801047120419
OLD_NEW_FIVE_FIXED_720_DRUGS,drug_id,GYQYAJJFPNQOOW-UHFFFAOYSA-N,dtiam_historical,dtiam,382,0.33316979588998613,1,1.0,0.2617801047120419
OLD_NEW_FIVE_FIXED_720_DRUGS,drug_id,GZOSMCIZMLWJML-VJLLXTKPSA-N,dtiam_historical,dtiam,382,0.2266832399917722,3,3.0,0.2617801047120419
OLD_NEW_FIVE_FIXED_720_DRUGS,drug_id,GZUITABIAKMVPG-UHFFFAOYSA-N,dtiam_historical,dtiam,382,0.2555232367583377,5,5.0,0.2617801047120419
OLD_NEW_FIVE_FIXED_720_DRUGS,drug_id,HARRKNSQXBRBGZ-GVKWWOCJSA-N,dtiam_historical,dtiam,382,0.31114541402869256,2,2.0,0.2617801047120419
OLD_NEW_FIVE_FIXED_720_DRUGS,drug_id,HAYYBYPASCDWEQ-UHFFFAOYSA-N,dtiam_historical,dtiam,382,0.208661901692182,0,0.0,0.2617801047120419
OLD_NEW_FIVE_FIXED_720_DRUGS,drug_id,HBOMLICNUCNMMY-XLPZGREQSA-N,dtiam_historical,dtiam,382,0.20052169807837764,5,5.0,0.2617801047120419
OLD_NEW_FIVE_FIXED_720_DRUGS,drug_id,HCDMJFOHIXMBOV-UHFFFAOYSA-N,dtiam_historical,dtiam,382,0.15214870009798254,3,3.0,0.2617801047120419
OLD_NEW_FIVE_FIXED_720_DRUGS,drug_id,HCFDWZZGGLSKEP-UHFFFAOYSA-N,dtiam_historical,dtiam,382,0.42003293496286664,4,4.0,0.2617801047120419
OLD_NEW_FIVE_FIXED_720_DRUGS,drug_id,HCRKCZRJWPKOAR-JTQLQIEISA-N,dtiam_historical,dtiam,382,0.44172084158420644,6,6.0,0.2617801047120419
OLD_NEW_FIVE_FIXED_720_DRUGS,drug_id,HDACQVRGBOVJII-JBDAPHQKSA-N,dtiam_historical,dtiam,382,0.5519017363134175,2,2.0,0.2617801047120419
OLD_NEW_FIVE_FIXED_720_DRUGS,drug_id,HEAUOKZIVMZVQL-VWLOTQADSA-N,dtiam_historical,dtiam,382,0.5424810754205053,0,0.0,0.2617801047120419
OLD_NEW_FIVE_FIXED_720_DRUGS,drug_id,HEFNNWSXXWATRW-UHFFFAOYSA-N,dtiam_historical,dtiam,382,0.37880492304393626,4,4.0,0.2617801047120419
OLD_NEW_FIVE_FIXED_720_DRUGS,drug_id,HEVHTYMYEMEBPX-HZPDHXFCSA-N,dtiam_historical,dtiam,382,0.24257141568566626,3,3.0,0.2617801047120419
OLD_NEW_FIVE_FIXED_720_DRUGS,drug_id,HFNKQEVNSGCOJV-OAHLLOKOSA-N,dtiam_historical,dtiam,382,0.0028221510928825586,5,5.0,0.2617801047120419
OLD_NEW_FIVE_FIXED_720_DRUGS,drug_id,HFZITXBUTWITPT-YWVKMMECSA-N,dtiam_historical,dtiam,382,0.44147779580947316,4,4.0,0.2617801047120419
OLD_NEW_FIVE_FIXED_720_DRUGS,drug_id,HGVDHZBSSITLCT-JLJPHGGASA-N,dtiam_historical,dtiam,382,0.22883448571976908,4,4.0,0.2617801047120419
OLD_NEW_FIVE_FIXED_720_DRUGS,drug_id,HHZIURLSWUIHRB-UHFFFAOYSA-N,dtiam_historical,dtiam,382,0.04131272273589891,2,2.0,0.2617801047120419
OLD_NEW_FIVE_FIXED_720_DRUGS,drug_id,HIFJCPQKFCZDDL-ACWOEMLNSA-N,dtiam_historical,dtiam,382,0.24929144837306255,5,5.0,0.2617801047120419
OLD_NEW_FIVE_FIXED_720_DRUGS,drug_id,HJBWBFZLDZWPHF-UHFFFAOYSA-N,dtiam_historical,dtiam,382,0.42408484600983537,2,2.0,0.2617801047120419
OLD_NEW_FIVE_FIXED_720_DRUGS,drug_id,HKDLNTKNLJPAIY-WKWWZUSTSA-N,dtiam_historical,dtiam,382,0.22880822213737986,1,1.0,0.2617801047120419
OLD_NEW_FIVE_FIXED_720_DRUGS,drug_id,HKHCSWPSUSWGLI-CABCVRRESA-N,dtiam_historical,dtiam,382,0.28741110073364734,4,4.0,0.2617801047120419
OLD_NEW_FIVE_FIXED_720_DRUGS,drug_id,HKXBNHCUPKIYDM-CGMHZMFXSA-N,dtiam_historical,dtiam,382,0.15306921713319865,3,3.0,0.2617801047120419
OLD_NEW_FIVE_FIXED_720_DRUGS,drug_id,HMABYWSNWIZPAG-UHFFFAOYSA-N,dtiam_historical,dtiam,382,0.03761214092220264,6,6.0,0.2617801047120419
OLD_NEW_FIVE_FIXED_720_DRUGS,drug_id,HNPFPERDNWXAGS-NFVOFSAMSA-N,dtiam_historical,dtiam,382,0.38890499267472095,4,4.0,0.2617801047120419
OLD_NEW_FIVE_FIXED_720_DRUGS,drug_id,HOIIHACBCFLJET-SFTDATJTSA-N,dtiam_historical,dtiam,382,0.16713056692418252,0,0.0,0.2617801047120419
OLD_NEW_FIVE_FIXED_720_DRUGS,drug_id,HPHUVLMMVZITSG-LURJTMIESA-N,dtiam_historical,dtiam,382,0.4414091229997834,5,5.0,0.2617801047120419
OLD_NEW_FIVE_FIXED_720_DRUGS,drug_id,HPJKCIUCZWXJDR-UHFFFAOYSA-N,dtiam_historical,dtiam,382,0.3528993434212041,4,4.0,0.2617801047120419
OLD_NEW_FIVE_FIXED_720_DRUGS,drug_id,HPNSFSBZBAHARI-RUDMXATFSA-N,dtiam_historical,dtiam,382,0.33859171872650473,5,5.0,0.2617801047120419
OLD_NEW_FIVE_FIXED_720_DRUGS,drug_id,HSUGRBWQSSZJOP-RTWAWAEBSA-N,dtiam_historical,dtiam,382,0.2883643396092173,6,6.0,0.2617801047120419
OLD_NEW_FIVE_FIXED_720_DRUGS,drug_id,HTIQEAQVCYTUBX-KRWDZBQOSA-N,dtiam_historical,dtiam,382,0.3494788347279045,3,3.0,0.2617801047120419
OLD_NEW_FIVE_FIXED_720_DRUGS,drug_id,HTIQEAQVCYTUBX-UHFFFAOYSA-N,dtiam_historical,dtiam,382,0.3494788347279045,3,3.0,0.2617801047120419
OLD_NEW_FIVE_FIXED_720_DRUGS,drug_id,HUNGUWOZPQBXGX-UHFFFAOYSA-N,dtiam_historical,dtiam,382,0.33485604704453437,4,4.0,0.2617801047120419
OLD_NEW_FIVE_FIXED_720_DRUGS,drug_id,HVFLCNVBZFFHBT-ZKDACBOMSA-N,dtiam_historical,dtiam,382,0.3094288090617109,3,3.0,0.2617801047120419
OLD_NEW_FIVE_FIXED_720_DRUGS,drug_id,HWGQMRYQVZSGDQ-HZPDHXFCSA-N,dtiam_historical,dtiam,382,0.028456699156368528,2,2.0,0.2617801047120419
OLD_NEW_FIVE_FIXED_720_DRUGS,drug_id,HWXVIOGONBBTBY-ONEGZZNKSA-N,dtiam_historical,dtiam,382,0.16643716529405364,0,0.0,0.2617801047120419
OLD_NEW_FIVE_FIXED_720_DRUGS,drug_id,HYAFETHFCAUJAY-UHFFFAOYSA-N,dtiam_historical,dtiam,382,0.4640212063358525,3,3.0,0.2617801047120419
OLD_NEW_FIVE_FIXED_720_DRUGS,drug_id,HYHMLYSLQUKXKP-UHFFFAOYSA-N,dtiam_historical,dtiam,382,0.42757058310857693,2,2.0,0.2617801047120419
OLD_NEW_FIVE_FIXED_720_DRUGS,drug_id,HZIYEEMJNBKMJH-UHFFFAOYSA-N,dtiam_historical,dtiam,382,0.38992755018577724,2,2.0,0.2617801047120419
OLD_NEW_FIVE_FIXED_720_DRUGS,drug_id,IAKHMKGGTNLKSZ-INIZCTEOSA-N,dtiam_historical,dtiam,382,0.34495353337213314,5,5.0,0.2617801047120419
OLD_NEW_FIVE_FIXED_720_DRUGS,drug_id,IAVUPMFITXYVAF-XPUUQOCRSA-N,dtiam_historical,dtiam,382,0.4119633416361415,6,6.0,0.2617801047120419
OLD_NEW_FIVE_FIXED_720_DRUGS,drug_id,IDUYJRXRDSPPRC-NRFANRHFSA-N,dtiam_historical,dtiam,382,0.4125249948037933,3,3.0,0.2617801047120419
OLD_NEW_FIVE_FIXED_720_DRUGS,drug_id,IEAKXXNRGSLYTQ-DEOSSOPVSA-N,dtiam_historical,dtiam,382,0.21586221349687654,4,4.0,0.2617801047120419
OLD_NEW_FIVE_FIXED_720_DRUGS,drug_id,IFSDAJWBUCMOAH-HNNXBMFYSA-N,dtiam_historical,dtiam,382,-0.12712187410896222,3,3.0,0.2617801047120419
OLD_NEW_FIVE_FIXED_720_DRUGS,drug_id,IIXWYSCJSQVBQM-LLVKDONJSA-N,dtiam_historical,dtiam,382,0.1355208385918802,3,3.0,0.2617801047120419
OLD_NEW_FIVE_FIXED_720_DRUGS,drug_id,IKENVDNFQMCRTR-UHFFFAOYSA-N,dtiam_historical,dtiam,382,0.340507238038795,4,4.0,0.2617801047120419
OLD_NEW_FIVE_FIXED_720_DRUGS,drug_id,IKKXOSBHLYMWAE-QRPMWFLTSA-N,dtiam_historical,dtiam,382,0.2625037525169715,4,4.0,0.2617801047120419
OLD_NEW_FIVE_FIXED_720_DRUGS,drug_id,IMOZEMNVLZVGJZ-QGZVFWFLSA-N,dtiam_historical,dtiam,382,0.3932100674339006,4,4.0,0.2617801047120419
OLD_NEW_FIVE_FIXED_720_DRUGS,drug_id,INJOMKTZOLKMBF-UHFFFAOYSA-N,dtiam_historical,dtiam,382,0.4045266575899439,4,4.0,0.2617801047120419
OLD_NEW_FIVE_FIXED_720_DRUGS,drug_id,IOOWNWLVCOUUEX-WPRPVWTQSA-N,dtiam_historical,dtiam,382,0.4255941408961544,4,4.0,0.2617801047120419
OLD_NEW_FIVE_FIXED_720_DRUGS,drug_id,IPOKCKJONYRRHP-FMQUCBEESA-N,dtiam_historical,dtiam,382,0.2715584454585584,4,4.0,0.2617801047120419
OLD_NEW_FIVE_FIXED_720_DRUGS,drug_id,IPVQLZZIHOAWMC-QXKUPLGCSA-N,dtiam_historical,dtiam,382,0.5695347180340719,0,0.0,0.2617801047120419
OLD_NEW_FIVE_FIXED_720_DRUGS,drug_id,IQFYYKKMVGJFEH-CSMHCCOUSA-N,dtiam_historical,dtiam,382,0.31898251006869327,3,3.0,0.2617801047120419
OLD_NEW_FIVE_FIXED_720_DRUGS,drug_id,IQIBKLWBVJPOQO-UHFFFAOYSA-N,dtiam_historical,dtiam,382,0.1884001937046839,5,5.0,0.2617801047120419
OLD_NEW_FIVE_FIXED_720_DRUGS,drug_id,IQPSEEYGBUAQFF-UHFFFAOYSA-N,dtiam_historical,dtiam,382,0.378489114229469,4,4.0,0.2617801047120419
OLD_NEW_FIVE_FIXED_720_DRUGS,drug_id,IQVRBWUUXZMOPW-PKNBQFBNSA-N,dtiam_historical,dtiam,382,0.277745671863878,6,6.0,0.2617801047120419
OLD_NEW_FIVE_FIXED_720_DRUGS,drug_id,IRSCQMHQWWYFCW-UHFFFAOYSA-N,dtiam_historical,dtiam,382,0.40329549834663214,6,6.0,0.2617801047120419
OLD_NEW_FIVE_FIXED_720_DRUGS,drug_id,IUBSYMUCCVWXPE-UHFFFAOYSA-N,dtiam_historical,dtiam,382,0.4362743773674225,3,3.0,0.2617801047120419
OLD_NEW_FIVE_FIXED_720_DRUGS,drug_id,IUEWXNHSKRWHDY-PHIMTYICSA-N,dtiam_historical,dtiam,382,0.35967405602603364,3,3.0,0.2617801047120419
OLD_NEW_FIVE_FIXED_720_DRUGS,drug_id,IVBHGBMCVLDMKU-GXNBUGAJSA-N,dtiam_historical,dtiam,382,0.5415295587470592,3,3.0,0.2617801047120419
OLD_NEW_FIVE_FIXED_720_DRUGS,drug_id,IYIKLHRQXLHMJQ-UHFFFAOYSA-N,dtiam_historical,dtiam,382,0.40556600657170805,3,3.0,0.2617801047120419
OLD_NEW_FIVE_FIXED_720_DRUGS,drug_id,IYSYPCSSDZBWHN-UHFFFAOYSA-N,dtiam_historical,dtiam,382,0.45783807016057704,5,5.0,0.2617801047120419
OLD_NEW_FIVE_FIXED_720_DRUGS,drug_id,JAUOIFJMECXRGI-UHFFFAOYSA-N,dtiam_historical,dtiam,382,0.3033466369859482,4,4.0,0.2617801047120419
OLD_NEW_FIVE_FIXED_720_DRUGS,drug_id,JBIMVDZLSHOPLA-LSCVHKIXSA-N,dtiam_historical,dtiam,382,0.3035896827606814,1,1.0,0.2617801047120419
OLD_NEW_FIVE_FIXED_720_DRUGS,drug_id,JBKPUQTUERUYQE-UHFFFAOYSA-O,dtiam_historical,dtiam,382,0.35551945867742846,4,4.0,0.2617801047120419
OLD_NEW_FIVE_FIXED_720_DRUGS,drug_id,JCCNYMKQOSZNPW-UHFFFAOYSA-N,dtiam_historical,dtiam,382,0.3757846110691743,3,3.0,0.2617801047120419
OLD_NEW_FIVE_FIXED_720_DRUGS,drug_id,JDUBGYFRJFOXQC-KRWDZBQOSA-N,dtiam_historical,dtiam,382,0.2332157679229306,1,1.0,0.2617801047120419
OLD_NEW_FIVE_FIXED_720_DRUGS,drug_id,JEECQCWWSTZDCK-IQZGDKDPSA-N,dtiam_historical,dtiam,382,0.21883150523371842,4,4.0,0.2617801047120419
OLD_NEW_FIVE_FIXED_720_DRUGS,drug_id,JFOZKMSJYSPYLN-QHCPKHFHSA-N,dtiam_historical,dtiam,382,0.4651851996963327,5,5.0,0.2617801047120419
OLD_NEW_FIVE_FIXED_720_DRUGS,drug_id,JGCMEBMXRHSZKX-UHFFFAOYSA-N,dtiam_historical,dtiam,382,0.40489929907449934,4,4.0,0.2617801047120419
OLD_NEW_FIVE_FIXED_720_DRUGS,drug_id,JGRXMPYUTJLTKT-UHFFFAOYSA-N,dtiam_historical,dtiam,382,0.3409033445272883,3,3.0,0.2617801047120419
OLD_NEW_FIVE_FIXED_720_DRUGS,drug_id,JGWRKYUXBBNENE-UHFFFAOYSA-N,dtiam_historical,dtiam,382,0.313921603852394,3,3.0,0.2617801047120419
OLD_NEW_FIVE_FIXED_720_DRUGS,drug_id,JIVPVXMEBJLZRO-UHFFFAOYSA-N,dtiam_historical,dtiam,382,0.3123070393612525,6,6.0,0.2617801047120419
OLD_NEW_FIVE_FIXED_720_DRUGS,drug_id,JJVAPHYEOZSKJZ-JGCGQSQUSA-N,dtiam_historical,dtiam,382,0.24038228151094393,0,0.0,0.2617801047120419
OLD_NEW_FIVE_FIXED_720_DRUGS,drug_id,JKVNJTYHRABHIY-WXVUKLJWSA-N,dtiam_historical,dtiam,382,0.38085585049821696,6,6.0,0.2617801047120419
OLD_NEW_FIVE_FIXED_720_DRUGS,drug_id,JOLJIIDDOBNFHW-UHFFFAOYSA-N,dtiam_historical,dtiam,382,0.2649277520063386,4,4.0,0.2617801047120419
OLD_NEW_FIVE_FIXED_720_DRUGS,drug_id,JOOXLOJCABQBSG-UHFFFAOYSA-N,dtiam_historical,dtiam,382,0.3880499193202124,3,3.0,0.2617801047120419
OLD_NEW_FIVE_FIXED_720_DRUGS,drug_id,JQSHBVHOMNKWFT-DTORHVGOSA-N,dtiam_historical,dtiam,382,0.27259865554138446,0,0.0,0.2617801047120419
OLD_NEW_FIVE_FIXED_720_DRUGS,drug_id,JURKNVYFZMSNLP-UHFFFAOYSA-N,dtiam_historical,dtiam,382,0.3749080101881172,5,5.0,0.2617801047120419
OLD_NEW_FIVE_FIXED_720_DRUGS,drug_id,JUZYLCPPVHEVSV-LJQANCHMSA-N,dtiam_historical,dtiam,382,0.47929563224784727,4,4.0,0.2617801047120419
OLD_NEW_FIVE_FIXED_720_DRUGS,drug_id,JVHXJTBJCFBINQ-ADAARDCZSA-N,dtiam_historical,dtiam,382,0.35074680604161423,1,1.0,0.2617801047120419
OLD_NEW_FIVE_FIXED_720_DRUGS,drug_id,JVLBPIPGETUEET-WIXLDOGYSA-O,dtiam_historical,dtiam,382,0.12564551633826246,4,4.0,0.2617801047120419
OLD_NEW_FIVE_FIXED_720_DRUGS,drug_id,JWHYSEDOYMYMNM-QGZVFWFLSA-N,dtiam_historical,dtiam,382,0.46926595762887646,1,1.0,0.2617801047120419
OLD_NEW_FIVE_FIXED_720_DRUGS,drug_id,JWJOTENAMICLJG-QWBYCMEYSA-N,dtiam_historical,dtiam,382,0.4730939823997402,3,3.0,0.2617801047120419
OLD_NEW_FIVE_FIXED_720_DRUGS,drug_id,JWNPDZNEKVCWMY-VQHVLOKHSA-N,dtiam_historical,dtiam,382,0.09623267209023996,1,1.0,0.2617801047120419
OLD_NEW_FIVE_FIXED_720_DRUGS,drug_id,JWUBBDSIWDLEOM-DTOXIADCSA-N,dtiam_historical,dtiam,382,0.16106776962231353,0,0.0,0.2617801047120419
OLD_NEW_FIVE_FIXED_720_DRUGS,drug_id,JYGXADMDTFJGBT-VWUMJDOOSA-N,dtiam_historical,dtiam,382,0.2543566600946716,4,4.0,0.2617801047120419
OLD_NEW_FIVE_FIXED_720_DRUGS,drug_id,JYTNQNCOQXFQPK-MRXNPFEDSA-N,dtiam_historical,dtiam,382,0.16144428606164773,0,0.0,0.2617801047120419
OLD_NEW_FIVE_FIXED_720_DRUGS,drug_id,JZUFKLXOESDKRF-UHFFFAOYSA-N,dtiam_historical,dtiam,382,0.31373366854562507,6,6.0,0.2617801047120419
OLD_NEW_FIVE_FIXED_720_DRUGS,drug_id,KAQKFAOMNZTLHT-OZUDYXHBSA-N,dtiam_historical,dtiam,382,0.2078974592244429,5,5.0,0.2617801047120419
OLD_NEW_FIVE_FIXED_720_DRUGS,drug_id,KBOPZPXVLCULAV-UHFFFAOYSA-N,dtiam_historical,dtiam,382,0.13722495759346362,3,3.0,0.2617801047120419
OLD_NEW_FIVE_FIXED_720_DRUGS,drug_id,KDGFLJKFZUIJMX-UHFFFAOYSA-N,dtiam_historical,dtiam,382,-0.023953140602411233,0,0.0,0.2617801047120419
OLD_NEW_FIVE_FIXED_720_DRUGS,drug_id,KDLRVYVGXIQJDK-AWPVFWJPSA-N,dtiam_historical,dtiam,382,0.3715131192514104,2,2.0,0.2617801047120419
OLD_NEW_FIVE_FIXED_720_DRUGS,drug_id,KEDYTOTWMPBSLG-HILJTLORSA-N,dtiam_historical,dtiam,382,0.5263149793588694,1,1.0,0.2617801047120419
OLD_NEW_FIVE_FIXED_720_DRUGS,drug_id,KEIPNCCJPRMIAX-HNNXBMFYSA-N,dtiam_historical,dtiam,382,0.3648107391357839,3,3.0,0.2617801047120419
OLD_NEW_FIVE_FIXED_720_DRUGS,drug_id,KENSGCYKTRNIST-RVUAFKSESA-N,dtiam_historical,dtiam,382,0.20541059935755404,1,1.0,0.2617801047120419
OLD_NEW_FIVE_FIXED_720_DRUGS,drug_id,KFQYTPMOWPVWEJ-INIZCTEOSA-N,dtiam_historical,dtiam,382,0.2348761860456205,3,3.0,0.2617801047120419
OLD_NEW_FIVE_FIXED_720_DRUGS,drug_id,KGFYHTZWPPHNLQ-AWEZNQCLSA-N,dtiam_historical,dtiam,382,0.2725215869963406,3,3.0,0.2617801047120419
OLD_NEW_FIVE_FIXED_720_DRUGS,drug_id,KGSXMPPBFPAXLY-UHFFFAOYSA-N,dtiam_historical,dtiam,382,0.37895949068455487,3,3.0,0.2617801047120419
OLD_NEW_FIVE_FIXED_720_DRUGS,drug_id,KIHYPELVXPAIDH-HNSNBQBZSA-N,dtiam_historical,dtiam,382,0.45944488474216105,3,3.0,0.2617801047120419
OLD_NEW_FIVE_FIXED_720_DRUGS,drug_id,KIQXRQVVYTYYAZ-VKVYFNERSA-N,dtiam_historical,dtiam,382,0.45532774528975023,5,5.0,0.2617801047120419
OLD_NEW_FIVE_FIXED_720_DRUGS,drug_id,KJADKKWYZYXHBB-XBWDGYHZSA-N,dtiam_historical,dtiam,382,0.24112519645213448,4,4.0,0.2617801047120419
OLD_NEW_FIVE_FIXED_720_DRUGS,drug_id,KJFBVJALEQWJBS-XUXIUFHCSA-N,dtiam_historical,dtiam,382,0.11178674057210047,3,3.0,0.2617801047120419
OLD_NEW_FIVE_FIXED_720_DRUGS,drug_id,KJHKTHWMRKYKJE-SUGCFTRWSA-N,dtiam_historical,dtiam,382,0.37670125314961167,4,4.0,0.2617801047120419
OLD_NEW_FIVE_FIXED_720_DRUGS,drug_id,KKGQTZUTZRNORY-UHFFFAOYSA-N,dtiam_historical,dtiam,382,0.3980998298141389,3,3.0,0.2617801047120419
OLD_NEW_FIVE_FIXED_720_DRUGS,drug_id,KPBZROQVTHLCDU-UHFFFAOYSA-N,dtiam_historical,dtiam,382,0.4752598668457901,5,5.0,0.2617801047120419
OLD_NEW_FIVE_FIXED_720_DRUGS,drug_id,KPVIXBKIJXZQJX-CSOZIWFHSA-N,dtiam_historical,dtiam,382,0.3948799576682718,5,5.0,0.2617801047120419
OLD_NEW_FIVE_FIXED_720_DRUGS,drug_id,KPWSJANDNDDRMB-QAQDUYKDSA-N,dtiam_historical,dtiam,382,0.20063859254753627,1,1.0,0.2617801047120419
OLD_NEW_FIVE_FIXED_720_DRUGS,drug_id,KPYSYYIEGFHWSV-UHFFFAOYSA-N,dtiam_historical,dtiam,382,0.4611007820842758,3,3.0,0.2617801047120419
OLD_NEW_FIVE_FIXED_720_DRUGS,drug_id,KQKPFRSPSRPDEB-UHFFFAOYSA-N,dtiam_historical,dtiam,382,0.25725426516810684,6,6.0,0.2617801047120419
OLD_NEW_FIVE_FIXED_720_DRUGS,drug_id,KRNAOFGYEFKHPB-ANJVHQHFSA-N,dtiam_historical,dtiam,382,0.2477035780148413,3,3.0,0.2617801047120419
OLD_NEW_FIVE_FIXED_720_DRUGS,drug_id,KSGXQBZTULBEEQ-UHFFFAOYSA-N,dtiam_historical,dtiam,382,0.23981438536059305,4,4.0,0.2617801047120419
OLD_NEW_FIVE_FIXED_720_DRUGS,drug_id,KSMAGQUYOIHWFS-UHFFFAOYSA-N,dtiam_historical,dtiam,382,0.4593820243646393,4,4.0,0.2617801047120419
OLD_NEW_FIVE_FIXED_720_DRUGS,drug_id,KTEIFNKAUNYNJU-GFCCVEGCSA-N,dtiam_historical,dtiam,382,-0.030938607692151208,0,0.0,0.2617801047120419
OLD_NEW_FIVE_FIXED_720_DRUGS,drug_id,KTUFNOKKBVMGRW-UHFFFAOYSA-N,dtiam_historical,dtiam,382,0.44663363841785164,3,3.0,0.2617801047120419
OLD_NEW_FIVE_FIXED_720_DRUGS,drug_id,KVWDHTXUZHCGIO-UHFFFAOYSA-N,dtiam_historical,dtiam,382,0.2785120518090065,1,1.0,0.2617801047120419
OLD_NEW_FIVE_FIXED_720_DRUGS,drug_id,KWGRBVOPPLSCSI-WCBMZHEXSA-N,dtiam_historical,dtiam,382,0.469829763549183,3,3.0,0.2617801047120419
OLD_NEW_FIVE_FIXED_720_DRUGS,drug_id,KWGRBVOPPLSCSI-WPRPVWTQSA-N,dtiam_historical,dtiam,382,0.469829763549183,3,3.0,0.2617801047120419
OLD_NEW_FIVE_FIXED_720_DRUGS,drug_id,KWTSXDURSIMDCE-QMMMGPOBSA-N,dtiam_historical,dtiam,382,0.455725789255633,3,3.0,0.2617801047120419
OLD_NEW_FIVE_FIXED_720_DRUGS,drug_id,KWTSXDURSIMDCE-UHFFFAOYSA-N,dtiam_historical,dtiam,382,0.455725789255633,3,3.0,0.2617801047120419
OLD_NEW_FIVE_FIXED_720_DRUGS,drug_id,KWTWDQCKEHXFFR-SMDDNHRTSA-N,dtiam_historical,dtiam,382,0.3793521527688006,1,1.0,0.2617801047120419
OLD_NEW_FIVE_FIXED_720_DRUGS,drug_id,KXNPVXPOPUZYGB-IOVMHBDKSA-N,dtiam_historical,dtiam,382,0.35166947582948516,5,5.0,0.2617801047120419
OLD_NEW_FIVE_FIXED_720_DRUGS,drug_id,KYYIDSXMWOZKMP-UHFFFAOYSA-N,dtiam_historical,dtiam,382,0.36667243963170276,2,2.0,0.2617801047120419
OLD_NEW_FIVE_FIXED_720_DRUGS,drug_id,LCQLHJZYVOQKHU-VKHMYHEASA-N,dtiam_historical,dtiam,382,0.2750919736662379,4,4.0,0.2617801047120419
OLD_NEW_FIVE_FIXED_720_DRUGS,drug_id,LDCRTTXIJACKKU-ONEGZZNKSA-N,dtiam_historical,dtiam,382,0.17241794271977262,4,4.0,0.2617801047120419
OLD_NEW_FIVE_FIXED_720_DRUGS,drug_id,LDEKQSIMHVQZJK-CAQYMETFSA-N,dtiam_historical,dtiam,382,0.26664134311960336,4,4.0,0.2617801047120419
OLD_NEW_FIVE_FIXED_720_DRUGS,drug_id,LEBVLXFERQHONN-UHFFFAOYSA-N,dtiam_historical,dtiam,382,0.379828126380789,4,4.0,0.2617801047120419
OLD_NEW_FIVE_FIXED_720_DRUGS,drug_id,LERNTVKEWCAPOY-DZZGSBJMSA-N,dtiam_historical,dtiam,382,0.28550247022985265,5,5.0,0.2617801047120419
OLD_NEW_FIVE_FIXED_720_DRUGS,drug_id,LEZWWPYKPKIXLL-UHFFFAOYSA-N,dtiam_historical,dtiam,382,0.414010178860378,4,4.0,0.2617801047120419
OLD_NEW_FIVE_FIXED_720_DRUGS,drug_id,LFQDNHWZDQTITF-UHFFFAOYSA-N,dtiam_historical,dtiam,382,0.3629036155588476,5,5.0,0.2617801047120419
OLD_NEW_FIVE_FIXED_720_DRUGS,drug_id,LHHCSNFAOIFYRV-DOVBMPENSA-N,dtiam_historical,dtiam,382,0.42169722804033527,4,4.0,0.2617801047120419
OLD_NEW_FIVE_FIXED_720_DRUGS,drug_id,LIENCHBZNNMNKG-OJFNHCPVSA-N,dtiam_historical,dtiam,382,0.5094808841484318,3,3.0,0.2617801047120419
OLD_NEW_FIVE_FIXED_720_DRUGS,drug_id,LIOLIMKSCNQPLV-UHFFFAOYSA-N,dtiam_historical,dtiam,382,0.3314206843579162,3,3.0,0.2617801047120419
OLD_NEW_FIVE_FIXED_720_DRUGS,drug_id,LIRYPHYGHXZJBZ-UHFFFAOYSA-N,dtiam_historical,dtiam,382,0.20836762040426327,4,4.0,0.2617801047120419
OLD_NEW_FIVE_FIXED_720_DRUGS,drug_id,LKJPYSCBVHEWIU-UHFFFAOYSA-N,dtiam_historical,dtiam,382,0.4363204462742364,4,4.0,0.2617801047120419
OLD_NEW_FIVE_FIXED_720_DRUGS,drug_id,LLPOLZWFYMWNKH-CMKMFDCUSA-N,dtiam_historical,dtiam,382,0.2805356393045705,5,5.0,0.2617801047120419
OLD_NEW_FIVE_FIXED_720_DRUGS,drug_id,LMMJFBMMJUMSJS-UHFFFAOYSA-N,dtiam_historical,dtiam,382,0.35967663932921956,4,4.0,0.2617801047120419
OLD_NEW_FIVE_FIXED_720_DRUGS,drug_id,LOMMPXLFBTZENJ-ZACQAIPSSA-N,dtiam_historical,dtiam,382,0.2825456644584089,3,3.0,0.2617801047120419
OLD_NEW_FIVE_FIXED_720_DRUGS,drug_id,LOUPRKONTZGTKE-LHHVKLHASA-N,dtiam_historical,dtiam,382,0.2299930971986122,3,3.0,0.2617801047120419
OLD_NEW_FIVE_FIXED_720_DRUGS,drug_id,LOWWYYZBZNSPDT-ZBEGNZNMSA-N,dtiam_historical,dtiam,382,0.09806940065536249,2,2.0,0.2617801047120419
OLD_NEW_FIVE_FIXED_720_DRUGS,drug_id,LPAUOXUZGSBGDU-STDDISTJSA-N,dtiam_historical,dtiam,382,0.21348040795954462,4,4.0,0.2617801047120419
OLD_NEW_FIVE_FIXED_720_DRUGS,drug_id,LPQZKKCYTLCDGQ-WEDXCCLWSA-N,dtiam_historical,dtiam,382,0.43663259540919036,3,3.0,0.2617801047120419
OLD_NEW_FIVE_FIXED_720_DRUGS,drug_id,LRFKWQGGENFBFO-IBGZPJMESA-N,dtiam_historical,dtiam,382,0.4454866518033448,4,4.0,0.2617801047120419
OLD_NEW_FIVE_FIXED_720_DRUGS,drug_id,LSQZJLSUYDQPKJ-NJBDSQKTSA-N,dtiam_historical,dtiam,382,0.2637723696564777,6,6.0,0.2617801047120419
OLD_NEW_FIVE_FIXED_720_DRUGS,drug_id,LTXBFJFJUIJOQE-GOSISDBHSA-N,dtiam_historical,dtiam,382,0.24887187688063128,4,4.0,0.2617801047120419
OLD_NEW_FIVE_FIXED_720_DRUGS,drug_id,LTXREWYXXSTFRX-QGZVFWFLSA-N,dtiam_historical,dtiam,382,0.313667579039121,2,2.0,0.2617801047120419
OLD_NEW_FIVE_FIXED_720_DRUGS,drug_id,LUKZNWIVRBCLON-GXOBDPJESA-N,dtiam_historical,dtiam,382,0.26161854062529505,4,4.0,0.2617801047120419
OLD_NEW_FIVE_FIXED_720_DRUGS,drug_id,LUMKNAVTFCDUIE-VHXPQNKSSA-N,dtiam_historical,dtiam,382,0.3069537893344238,4,4.0,0.2617801047120419
OLD_NEW_FIVE_FIXED_720_DRUGS,drug_id,LUZRJRNZXALNLM-JGRZULCMSA-N,dtiam_historical,dtiam,382,0.15000348207741923,4,4.0,0.2617801047120419
OLD_NEW_FIVE_FIXED_720_DRUGS,drug_id,LVXJQMNHJWSHET-AATRIKPKSA-N,dtiam_historical,dtiam,382,0.5303578488446876,7,7.0,0.2617801047120419
OLD_NEW_FIVE_FIXED_720_DRUGS,drug_id,LWQQLNNNIPYSNX-UROSTWAQSA-N,dtiam_historical,dtiam,382,0.21681954260249067,2,2.0,0.2617801047120419
OLD_NEW_FIVE_FIXED_720_DRUGS,drug_id,LXBIFEVIBLOUGU-DPYQTVNSSA-N,dtiam_historical,dtiam,382,0.4836616299071594,2,2.0,0.2617801047120419
OLD_NEW_FIVE_FIXED_720_DRUGS,drug_id,LXMSZDCAJNLERA-ZHYRCANASA-N,dtiam_historical,dtiam,382,0.3384825741669036,3,3.0,0.2617801047120419
OLD_NEW_FIVE_FIXED_720_DRUGS,drug_id,LZFZMUMEGBBDTC-QEJZJMRPSA-N,dtiam_historical,dtiam,382,0.5116299771237739,2,2.0,0.2617801047120419
OLD_NEW_FIVE_FIXED_720_DRUGS,drug_id,MAEIEVLCKWDQJH-UHFFFAOYSA-N,dtiam_historical,dtiam,382,0.3215053209049182,3,3.0,0.2617801047120419
OLD_NEW_FIVE_FIXED_720_DRUGS,drug_id,MBBCVAKAJPKAKM-UHFFFAOYSA-N,dtiam_historical,dtiam,382,0.41057804530274217,3,3.0,0.2617801047120419
OLD_NEW_FIVE_FIXED_720_DRUGS,drug_id,MBUVEWMHONZEQD-UHFFFAOYSA-N,dtiam_historical,dtiam,382,0.27267206440691505,4,4.0,0.2617801047120419
OLD_NEW_FIVE_FIXED_720_DRUGS,drug_id,MCGSCOLBFJQGHM-SCZZXKLOSA-N,dtiam_historical,dtiam,382,0.3497922755144513,1,1.0,0.2617801047120419
OLD_NEW_FIVE_FIXED_720_DRUGS,drug_id,MCIACXAZCBVDEE-CUUWFGFTSA-N,dtiam_historical,dtiam,382,0.4151666375865662,1,1.0,0.2617801047120419
OLD_NEW_FIVE_FIXED_720_DRUGS,drug_id,MDSQOJYHHZBZKA-GBXCKJPGSA-N,dtiam_historical,dtiam,382,0.1873005676485838,0,0.0,0.2617801047120419
OLD_NEW_FIVE_FIXED_720_DRUGS,drug_id,MEJLVLMAJJRLCR-GCCNXGTGSA-N,dtiam_historical,dtiam,382,0.3916820435994842,3,3.0,0.2617801047120419
OLD_NEW_FIVE_FIXED_720_DRUGS,drug_id,METQSPRSQINEEU-HXCATZOESA-N,dtiam_historical,dtiam,382,0.28432857420716,4,4.0,0.2617801047120419
OLD_NEW_FIVE_FIXED_720_DRUGS,drug_id,MEZLKOACVSPNER-GFCCVEGCSA-N,dtiam_historical,dtiam,382,0.44535770191931895,2,2.0,0.2617801047120419
OLD_NEW_FIVE_FIXED_720_DRUGS,drug_id,MFBCDACCJCDGBA-UHFFFAOYSA-N,dtiam_historical,dtiam,382,0.2463484202186099,2,2.0,0.2617801047120419
OLD_NEW_FIVE_FIXED_720_DRUGS,drug_id,MFFMDFFZMYYVKS-SECBINFHSA-N,dtiam_historical,dtiam,382,0.34460887767209075,3,3.0,0.2617801047120419
OLD_NEW_FIVE_FIXED_720_DRUGS,drug_id,MJIHNNLFOKEZEW-RUZDIDTESA-N,dtiam_historical,dtiam,382,0.4508504503181822,5,5.0,0.2617801047120419
OLD_NEW_FIVE_FIXED_720_DRUGS,drug_id,MJIHNNLFOKEZEW-UHFFFAOYSA-N,dtiam_historical,dtiam,382,0.4508504503181822,5,5.0,0.2617801047120419
OLD_NEW_FIVE_FIXED_720_DRUGS,drug_id,MJUVRTYWUMPBTR-MRXNPFEDSA-N,dtiam_historical,dtiam,382,0.3109693188615254,5,5.0,0.2617801047120419
OLD_NEW_FIVE_FIXED_720_DRUGS,drug_id,MKJIEFSOBYUXJB-HOCLYGCPSA-N,dtiam_historical,dtiam,382,0.36184252377526943,2,2.0,0.2617801047120419
OLD_NEW_FIVE_FIXED_720_DRUGS,drug_id,MKJIEFSOBYUXJB-WEZHFFAMSA-N,dtiam_historical,dtiam,382,0.24936291976120378,3,3.0,0.2617801047120419
OLD_NEW_FIVE_FIXED_720_DRUGS,drug_id,MKPLKVHSHYCHOC-AHTXBMBWSA-N,dtiam_historical,dtiam,382,0.27696120879644875,4,4.0,0.2617801047120419
OLD_NEW_FIVE_FIXED_720_DRUGS,drug_id,MKUXAQIIEYXACX-UHFFFAOYSA-N,dtiam_historical,dtiam,382,0.4169353391677954,6,6.0,0.2617801047120419
OLD_NEW_FIVE_FIXED_720_DRUGS,drug_id,MKXZASYAUGDDCJ-NJAFHUGGSA-N,dtiam_historical,dtiam,382,0.34626951107004617,4,4.0,0.2617801047120419
OLD_NEW_FIVE_FIXED_720_DRUGS,drug_id,MLBVMOWEQCZNCC-OEMFJLHTSA-N,dtiam_historical,dtiam,382,0.4510661561341987,4,4.0,0.2617801047120419
OLD_NEW_FIVE_FIXED_720_DRUGS,drug_id,MLDQJTXFUGDVEO-UHFFFAOYSA-N,dtiam_historical,dtiam,382,0.3842638732261184,3,3.0,0.2617801047120419
OLD_NEW_FIVE_FIXED_720_DRUGS,drug_id,MLYYVTUWGNIJIB-BXKDBHETSA-N,dtiam_historical,dtiam,382,0.4262481471526994,4,4.0,0.2617801047120419
OLD_NEW_FIVE_FIXED_720_DRUGS,drug_id,MNDBXUUTURYVHR-UHFFFAOYSA-N,dtiam_historical,dtiam,382,0.44659079864002005,3,3.0,0.2617801047120419
OLD_NEW_FIVE_FIXED_720_DRUGS,drug_id,MOTJMGVDPWRKOC-QPVYNBJUSA-N,dtiam_historical,dtiam,382,0.6050721435851576,3,3.0,0.2617801047120419
OLD_NEW_FIVE_FIXED_720_DRUGS,drug_id,MOYKHGMNXAOIAT-JGWLITMVSA-N,dtiam_historical,dtiam,382,0.1923573836348389,5,5.0,0.2617801047120419
OLD_NEW_FIVE_FIXED_720_DRUGS,drug_id,MQJKPEGWNLWLTK-UHFFFAOYSA-N,dtiam_historical,dtiam,382,0.42608862818097465,5,5.0,0.2617801047120419
OLD_NEW_FIVE_FIXED_720_DRUGS,drug_id,MQOBSOSZFYZQOK-UHFFFAOYSA-N,dtiam_historical,dtiam,382,0.4816294314009759,2,2.0,0.2617801047120419
OLD_NEW_FIVE_FIXED_720_DRUGS,drug_id,MRBDMNSDAVCSSF-UHFFFAOYSA-N,dtiam_historical,dtiam,382,0.2922707245767177,3,3.0,0.2617801047120419
OLD_NEW_FIVE_FIXED_720_DRUGS,drug_id,MSYKRHVOOPPJKU-BDAKNGLRSA-N,dtiam_historical,dtiam,382,0.44629285767258803,5,5.0,0.2617801047120419
OLD_NEW_FIVE_FIXED_720_DRUGS,drug_id,MUGXRYIUWFITCP-PGRDOPGGSA-N,dtiam_historical,dtiam,382,0.3410400443208717,3,3.0,0.2617801047120419
OLD_NEW_FIVE_FIXED_720_DRUGS,drug_id,MUMGGOZAMZWBJJ-DYKIIFRCSA-N,dtiam_historical,dtiam,382,0.26385589645948615,1,1.0,0.2617801047120419
OLD_NEW_FIVE_FIXED_720_DRUGS,drug_id,MVGWUTBTXDYMND-QGZVFWFLSA-N,dtiam_historical,dtiam,382,0.4017295860654904,0,0.0,0.2617801047120419
OLD_NEW_FIVE_FIXED_720_DRUGS,drug_id,MVRHVFSOIWFBTE-INIZCTEOSA-N,dtiam_historical,dtiam,382,0.31243170055467334,0,0.0,0.2617801047120419
OLD_NEW_FIVE_FIXED_720_DRUGS,drug_id,MVWVFYHBGMAFLY-UHFFFAOYSA-N,dtiam_historical,dtiam,382,0.18533144479518765,2,2.0,0.2617801047120419
OLD_NEW_FIVE_FIXED_720_DRUGS,drug_id,MWKYMZXCGYXLPL-ZDUSSCGKSA-N,dtiam_historical,dtiam,382,0.27129516380886953,1,1.0,0.2617801047120419
OLD_NEW_FIVE_FIXED_720_DRUGS,drug_id,MWLSOWXNZPKENC-UHFFFAOYSA-N,dtiam_historical,dtiam,382,0.38140953848104575,5,5.0,0.2617801047120419
OLD_NEW_FIVE_FIXED_720_DRUGS,drug_id,MWTBKTRZPHJQLH-UHFFFAOYSA-N,dtiam_historical,dtiam,382,0.13331943372702515,3,3.0,0.2617801047120419
OLD_NEW_FIVE_FIXED_720_DRUGS,drug_id,MXAYKZJJDUDWDS-LBPRGKRZSA-N,dtiam_historical,dtiam,382,0.3339665296475481,4,4.0,0.2617801047120419
OLD_NEW_FIVE_FIXED_720_DRUGS,drug_id,MYSWGUAQZAJSOK-UHFFFAOYSA-N,dtiam_historical,dtiam,382,0.2656734655259804,1,1.0,0.2617801047120419
OLD_NEW_FIVE_FIXED_720_DRUGS,drug_id,NBGABHGMJVIVBW-QHCPKHFHSA-N,dtiam_historical,dtiam,382,0.2803132599553239,4,4.0,0.2617801047120419
OLD_NEW_FIVE_FIXED_720_DRUGS,drug_id,NBRBXGKOEOGLOI-UHFFFAOYSA-N,dtiam_historical,dtiam,382,0.4013519932498288,3,3.0,0.2617801047120419
OLD_NEW_FIVE_FIXED_720_DRUGS,drug_id,NCLGDOBQAWBXRA-PGRDOPGGSA-N,dtiam_historical,dtiam,382,0.351003414158073,3,3.0,0.2617801047120419
OLD_NEW_FIVE_FIXED_720_DRUGS,drug_id,NCNRHFGMJRPRSK-MDZDMXLPSA-N,dtiam_historical,dtiam,382,0.39084914359732076,4,4.0,0.2617801047120419
OLD_NEW_FIVE_FIXED_720_DRUGS,drug_id,NDAUXUAQIAJITI-LBPRGKRZSA-N,dtiam_historical,dtiam,382,0.36228599082216967,2,2.0,0.2617801047120419
OLD_NEW_FIVE_FIXED_720_DRUGS,drug_id,NDAUXUAQIAJITI-UHFFFAOYSA-N,dtiam_historical,dtiam,382,0.36228599082216967,2,2.0,0.2617801047120419
OLD_NEW_FIVE_FIXED_720_DRUGS,drug_id,NDCUAPJVLWFHHB-UHNVWZDZSA-N,dtiam_historical,dtiam,382,0.444203611221051,6,6.0,0.2617801047120419
OLD_NEW_FIVE_FIXED_720_DRUGS,drug_id,NDDAHWYSQHTHNT-UHFFFAOYSA-N,dtiam_historical,dtiam,382,0.44177573677690524,7,7.0,0.2617801047120419
OLD_NEW_FIVE_FIXED_720_DRUGS,drug_id,NEMGRZFTLSKBAP-LBPRGKRZSA-N,dtiam_historical,dtiam,382,0.42584536713097604,4,4.0,0.2617801047120419
OLD_NEW_FIVE_FIXED_720_DRUGS,drug_id,NEQYWYXGTJDAKR-JTQLQIEISA-N,dtiam_historical,dtiam,382,0.2020163542466437,3,3.0,0.2617801047120419
OLD_NEW_FIVE_FIXED_720_DRUGS,drug_id,NFEZZTICAUWDHU-RDTXWAMCSA-N,dtiam_historical,dtiam,382,0.2736823512278386,1,1.0,0.2617801047120419
OLD_NEW_FIVE_FIXED_720_DRUGS,drug_id,NGBFQHCMQULJNZ-UHFFFAOYSA-N,dtiam_historical,dtiam,382,0.26319370974285267,4,4.0,0.2617801047120419
OLD_NEW_FIVE_FIXED_720_DRUGS,drug_id,NHHQJBCNYHBUSI-UHFFFAOYSA-N,dtiam_historical,dtiam,382,0.27583618025902135,3,3.0,0.2617801047120419
OLD_NEW_FIVE_FIXED_720_DRUGS,drug_id,NIJJYAXOARWZEE-UHFFFAOYSA-N,dtiam_historical,dtiam,382,0.3347001877523228,3,3.0,0.2617801047120419
OLD_NEW_FIVE_FIXED_720_DRUGS,drug_id,NKANXQFJJICGDU-QPLCGJKRSA-N,dtiam_historical,dtiam,382,0.4280463414453,4,4.0,0.2617801047120419
OLD_NEW_FIVE_FIXED_720_DRUGS,drug_id,NKHAVTQWNUWKEO-NSCUHMNNSA-N,dtiam_historical,dtiam,382,0.16188021847425593,4,4.0,0.2617801047120419
OLD_NEW_FIVE_FIXED_720_DRUGS,drug_id,NNACHAUCXXVJSP-UHFFFAOYSA-N,dtiam_historical,dtiam,382,0.42631186863128306,2,2.0,0.2617801047120419
OLD_NEW_FIVE_FIXED_720_DRUGS,drug_id,NNJVILVZKWQKPM-UHFFFAOYSA-N,dtiam_historical,dtiam,382,0.4436819992527795,1,1.0,0.2617801047120419
OLD_NEW_FIVE_FIXED_720_DRUGS,drug_id,NOZIJMHMKORZBA-KJCUYJGMSA-N,dtiam_historical,dtiam,382,0.39972817192227145,2,2.0,0.2617801047120419
OLD_NEW_FIVE_FIXED_720_DRUGS,drug_id,NQDJXKOVJZTUJA-UHFFFAOYSA-N,dtiam_historical,dtiam,382,0.26474842771018914,3,3.0,0.2617801047120419
OLD_NEW_FIVE_FIXED_720_DRUGS,drug_id,NSQSAUGJQHDYNO-UHFFFAOYSA-N,dtiam_historical,dtiam,382,0.1830373737793962,1,1.0,0.2617801047120419
OLD_NEW_FIVE_FIXED_720_DRUGS,drug_id,NTJOBXMMWNYJFB-UHFFFAOYSA-N,dtiam_historical,dtiam,382,0.3047698217660731,4,4.0,0.2617801047120419
OLD_NEW_FIVE_FIXED_720_DRUGS,drug_id,NUKYPUAOHBNCPY-UHFFFAOYSA-N,dtiam_historical,dtiam,382,0.28151341956040576,3,3.0,0.2617801047120419
OLD_NEW_FIVE_FIXED_720_DRUGS,drug_id,NXQKSXLFSAEQCZ-SFHVURJKSA-N,dtiam_historical,dtiam,382,0.2301629493830803,0,0.0,0.2617801047120419
OLD_NEW_FIVE_FIXED_720_DRUGS,drug_id,NYDCDZSEEAUOHN-IZHYLOQSSA-N,dtiam_historical,dtiam,382,0.3485615468216706,4,4.0,0.2617801047120419
OLD_NEW_FIVE_FIXED_720_DRUGS,drug_id,NYNZQNWKBKUAII-KBXCAEBGSA-N,dtiam_historical,dtiam,382,0.1995727647081174,1,1.0,0.2617801047120419
OLD_NEW_FIVE_FIXED_720_DRUGS,drug_id,OBWASQILIWPZMG-QZMOQZSNSA-N,dtiam_historical,dtiam,382,0.31884624082564095,2,2.0,0.2617801047120419
OLD_NEW_FIVE_FIXED_720_DRUGS,drug_id,ODAIHABQVKJNIY-PEDHHIEDSA-N,dtiam_historical,dtiam,382,0.5029670851653707,0,0.0,0.2617801047120419
OLD_NEW_FIVE_FIXED_720_DRUGS,drug_id,OEKWJQXRCDYSHL-FNOIDJSQSA-N,dtiam_historical,dtiam,382,0.3278542190346175,5,5.0,0.2617801047120419
OLD_NEW_FIVE_FIXED_720_DRUGS,drug_id,OEOLOEUAGSPDLT-UHFFFAOYSA-N,dtiam_historical,dtiam,382,0.3150649307873876,2,2.0,0.2617801047120419
OLD_NEW_FIVE_FIXED_720_DRUGS,drug_id,OEXHQOGQTVQTAT-JRNQLAHRSA-N,dtiam_historical,dtiam,382,0.37733782210965244,4,4.0,0.2617801047120419
OLD_NEW_FIVE_FIXED_720_DRUGS,drug_id,OFCNXPDARWKPPY-UHFFFAOYSA-N,dtiam_historical,dtiam,382,0.37391731341635287,5,5.0,0.2617801047120419
OLD_NEW_FIVE_FIXED_720_DRUGS,drug_id,OFPXSFXSNFPTHF-UHFFFAOYSA-N,dtiam_historical,dtiam,382,0.35048029526294316,4,4.0,0.2617801047120419
OLD_NEW_FIVE_FIXED_720_DRUGS,drug_id,OFZJKCQENFPZBH-UHFFFAOYSA-N,dtiam_historical,dtiam,382,0.23743592936839722,2,2.0,0.2617801047120419
OLD_NEW_FIVE_FIXED_720_DRUGS,drug_id,OGHNVEJMJSYVRP-UHFFFAOYSA-N,dtiam_historical,dtiam,382,0.26897428117167005,4,4.0,0.2617801047120419
OLD_NEW_FIVE_FIXED_720_DRUGS,drug_id,OGQICQVSFDPSEI-UHFFFAOYSA-N,dtiam_historical,dtiam,382,0.4241541646453216,3,3.0,0.2617801047120419
OLD_NEW_FIVE_FIXED_720_DRUGS,drug_id,OHRURASPPZQGQM-GCCNXGTGSA-N,dtiam_historical,dtiam,382,0.3575600529189657,3,3.0,0.2617801047120419
OLD_NEW_FIVE_FIXED_720_DRUGS,drug_id,OIGNJSKKLXVSLS-VWUMJDOOSA-N,dtiam_historical,dtiam,382,0.27007046282352243,3,3.0,0.2617801047120419
OLD_NEW_FIVE_FIXED_720_DRUGS,drug_id,OJFSXZCBGQGRNV-UHFFFAOYSA-N,dtiam_historical,dtiam,382,0.4136978144501585,3,3.0,0.2617801047120419
OLD_NEW_FIVE_FIXED_720_DRUGS,drug_id,OJQMKCBWYCWFPU-UHFFFAOYSA-N,dtiam_historical,dtiam,382,0.2506599532357541,4,4.0,0.2617801047120419
OLD_NEW_FIVE_FIXED_720_DRUGS,drug_id,OLAHOMJCDNXHFI-UHFFFAOYSA-N,dtiam_historical,dtiam,382,0.013985249984634728,2,2.0,0.2617801047120419
OLD_NEW_FIVE_FIXED_720_DRUGS,drug_id,OLNTVTPDXPETLC-XPWALMASSA-N,dtiam_historical,dtiam,382,0.4305648467762152,1,1.0,0.2617801047120419
OLD_NEW_FIVE_FIXED_720_DRUGS,drug_id,ONIQOQHATWINJY-UHFFFAOYSA-N,dtiam_historical,dtiam,382,0.527920287013595,0,0.0,0.2617801047120419
OLD_NEW_FIVE_FIXED_720_DRUGS,drug_id,OPXLLQIJSORQAM-UHFFFAOYSA-N,dtiam_historical,dtiam,382,0.3283342828766502,4,4.0,0.2617801047120419
OLD_NEW_FIVE_FIXED_720_DRUGS,drug_id,OROGSEYTTFOCAN-DNJOTXNNSA-N,dtiam_historical,dtiam,382,0.2970709324465141,6,6.0,0.2617801047120419
OLD_NEW_FIVE_FIXED_720_DRUGS,drug_id,OUBCNLGXQFSTLU-UHFFFAOYSA-N,dtiam_historical,dtiam,382,0.5850883559654014,5,5.0,0.2617801047120419
OLD_NEW_FIVE_FIXED_720_DRUGS,drug_id,OUJTZYPIHDYQMC-LJQANCHMSA-N,dtiam_historical,dtiam,382,0.46239673918249863,3,3.0,0.2617801047120419
OLD_NEW_FIVE_FIXED_720_DRUGS,drug_id,OURRXQUGYQRVML-AREMUKBSSA-N,dtiam_historical,dtiam,382,0.4038358392630008,3,3.0,0.2617801047120419
OLD_NEW_FIVE_FIXED_720_DRUGS,drug_id,OXPLANUPKBHPMS-ZXBNPROVSA-N,dtiam_historical,dtiam,382,0.27109818694095034,3,3.0,0.2617801047120419
OLD_NEW_FIVE_FIXED_720_DRUGS,drug_id,OYTKINVCDFNREN-UHFFFAOYSA-N,dtiam_historical,dtiam,382,0.2970987029557617,3,3.0,0.2617801047120419
OLD_NEW_FIVE_FIXED_720_DRUGS,drug_id,OYYDSUSKLWTMMQ-JKHIJQBDSA-N,dtiam_historical,dtiam,382,0.33784040804996024,4,4.0,0.2617801047120419
OLD_NEW_FIVE_FIXED_720_DRUGS,drug_id,OZGNYLLQHRPOBR-DHZHZOJOSA-N,dtiam_historical,dtiam,382,0.3709081957553961,5,5.0,0.2617801047120419
OLD_NEW_FIVE_FIXED_720_DRUGS,drug_id,OZOMQRBLCMDCEG-VIZOYTHASA-N,dtiam_historical,dtiam,382,0.3785459468995572,3,3.0,0.2617801047120419
OLD_NEW_FIVE_FIXED_720_DRUGS,drug_id,OZVBMTJYIDMWIL-AYFBDAFISA-N,dtiam_historical,dtiam,382,0.17902840029703684,3,3.0,0.2617801047120419
OLD_NEW_FIVE_FIXED_720_DRUGS,drug_id,OZWKMVRBQXNZKK-UHFFFAOYSA-N,dtiam_historical,dtiam,382,0.4513234100764539,3,3.0,0.2617801047120419
OLD_NEW_FIVE_FIXED_720_DRUGS,drug_id,PAJMKGZZBBTTOY-ZFORQUDYSA-N,dtiam_historical,dtiam,382,0.26983818081206357,3,3.0,0.2617801047120419
OLD_NEW_FIVE_FIXED_720_DRUGS,drug_id,PBAPPPCECJKMCM-IBGZPJMESA-N,dtiam_historical,dtiam,382,0.30980467967524866,4,4.0,0.2617801047120419
OLD_NEW_FIVE_FIXED_720_DRUGS,drug_id,PCHKPVIQAHNQLW-CQSZACIVSA-N,dtiam_historical,dtiam,382,0.26679354273230166,3,3.0,0.2617801047120419
OLD_NEW_FIVE_FIXED_720_DRUGS,drug_id,PCOBBVZJEWWZFR-UHFFFAOYSA-N,dtiam_historical,dtiam,382,0.3351070580040904,3,3.0,0.2617801047120419
OLD_NEW_FIVE_FIXED_720_DRUGS,drug_id,PDGKHKMBHVFCMG-UHFFFAOYSA-N,dtiam_historical,dtiam,382,0.33783394979199566,0,0.0,0.2617801047120419
OLD_NEW_FIVE_FIXED_720_DRUGS,drug_id,PDWUPXJEEYOOTR-UHFFFAOYSA-N,dtiam_historical,dtiam,382,0.37848825312840706,5,5.0,0.2617801047120419
OLD_NEW_FIVE_FIXED_720_DRUGS,drug_id,PEMUGDMSUDYLHU-ZEQRLZLVSA-N,dtiam_historical,dtiam,382,0.08069474925329084,1,1.0,0.2617801047120419
OLD_NEW_FIVE_FIXED_720_DRUGS,drug_id,PGTVWKLGGCQMBR-FLBATMFCSA-N,dtiam_historical,dtiam,382,0.14546074342514356,3,3.0,0.2617801047120419
OLD_NEW_FIVE_FIXED_720_DRUGS,drug_id,PHLBKPHSAVXXEF-UHFFFAOYSA-N,dtiam_historical,dtiam,382,0.20229771901863325,4,4.0,0.2617801047120419
OLD_NEW_FIVE_FIXED_720_DRUGS,drug_id,PHXJVRSECIGDHY-UHFFFAOYSA-N,dtiam_historical,dtiam,382,0.44911274837518306,1,1.0,0.2617801047120419
OLD_NEW_FIVE_FIXED_720_DRUGS,drug_id,PIBARDGJJAGJAJ-NQIIRXRSSA-N,dtiam_historical,dtiam,382,0.2719418507063881,3,3.0,0.2617801047120419
OLD_NEW_FIVE_FIXED_720_DRUGS,drug_id,PJDFLNIOAUIZSL-UHFFFAOYSA-N,dtiam_historical,dtiam,382,0.4088384058823536,5,5.0,0.2617801047120419
OLD_NEW_FIVE_FIXED_720_DRUGS,drug_id,PJMPHNIQZUBGLI-UHFFFAOYSA-N,dtiam_historical,dtiam,382,0.3950995384390671,4,4.0,0.2617801047120419
OLD_NEW_FIVE_FIXED_720_DRUGS,drug_id,PMXMIIMHBWHSKN-UHFFFAOYSA-N,dtiam_historical,dtiam,382,0.012919206869950382,3,3.0,0.2617801047120419
OLD_NEW_FIVE_FIXED_720_DRUGS,drug_id,PNCPYILNMDWPEY-QGZVFWFLSA-N,dtiam_historical,dtiam,382,0.14728498602486795,5,5.0,0.2617801047120419
OLD_NEW_FIVE_FIXED_720_DRUGS,drug_id,PNVNVHUZROJLTJ-UHFFFAOYSA-N,dtiam_historical,dtiam,382,0.3839760501961642,4,4.0,0.2617801047120419
OLD_NEW_FIVE_FIXED_720_DRUGS,drug_id,POGQSBRIGCQNEG-UHFFFAOYSA-N,dtiam_historical,dtiam,382,0.414314362810509,5,5.0,0.2617801047120419
OLD_NEW_FIVE_FIXED_720_DRUGS,drug_id,PPSNFPASKFYPMN-SECBINFHSA-N,dtiam_historical,dtiam,382,0.3247023738726438,3,3.0,0.2617801047120419
OLD_NEW_FIVE_FIXED_720_DRUGS,drug_id,PQXKDMSYBGKCJA-CVTJIBDQSA-N,dtiam_historical,dtiam,382,0.390428926279093,1,1.0,0.2617801047120419
OLD_NEW_FIVE_FIXED_720_DRUGS,drug_id,PRMWGUBFXWROHD-UHFFFAOYSA-N,dtiam_historical,dtiam,382,0.3573475762319316,4,4.0,0.2617801047120419
OLD_NEW_FIVE_FIXED_720_DRUGS,drug_id,PSIFNNKUMBGKDQ-UHFFFAOYSA-N,dtiam_historical,dtiam,382,0.35791805568546825,4,4.0,0.2617801047120419
OLD_NEW_FIVE_FIXED_720_DRUGS,drug_id,PTOIAAWZLUQTIO-GXFFZTMASA-N,dtiam_historical,dtiam,382,0.3212584001754063,4,4.0,0.2617801047120419
OLD_NEW_FIVE_FIXED_720_DRUGS,drug_id,PUKBOVABABRILL-YZNIXAGQSA-N,dtiam_historical,dtiam,382,0.34445796971098547,1,1.0,0.2617801047120419
OLD_NEW_FIVE_FIXED_720_DRUGS,drug_id,PURKAOJPTOLRMP-ASMGOKTBSA-N,dtiam_historical,dtiam,382,0.28540559636038415,3,3.0,0.2617801047120419
OLD_NEW_FIVE_FIXED_720_DRUGS,drug_id,PURKAOJPTOLRMP-UHFFFAOYSA-N,dtiam_historical,dtiam,382,0.314099421221685,4,4.0,0.2617801047120419
OLD_NEW_FIVE_FIXED_720_DRUGS,drug_id,PYGWGZALEOIKDF-UHFFFAOYSA-N,dtiam_historical,dtiam,382,0.19060224439533538,5,5.0,0.2617801047120419
OLD_NEW_FIVE_FIXED_720_DRUGS,drug_id,PYNXFZCZUAOOQC-UTKZUKDTSA-N,dtiam_historical,dtiam,382,0.5266462879924516,6,6.0,0.2617801047120419
OLD_NEW_FIVE_FIXED_720_DRUGS,drug_id,PYZRQGJRPPTADH-UHFFFAOYSA-N,dtiam_historical,dtiam,382,0.2223984011075482,3,3.0,0.2617801047120419
OLD_NEW_FIVE_FIXED_720_DRUGS,drug_id,PZBCKZWLPGJMAO-UHFFFAOYSA-N,dtiam_historical,dtiam,382,0.11235054649240707,4,4.0,0.2617801047120419
OLD_NEW_FIVE_FIXED_720_DRUGS,drug_id,PZFAZQUREQIODZ-LJQANCHMSA-N,dtiam_historical,dtiam,382,0.18642827227283643,2,2.0,0.2617801047120419
OLD_NEW_FIVE_FIXED_720_DRUGS,drug_id,QADPYRIHXKWUSV-UHFFFAOYSA-N,dtiam_historical,dtiam,382,0.29718222975877007,0,0.0,0.2617801047120419
OLD_NEW_FIVE_FIXED_720_DRUGS,drug_id,QCHFTSOMWOSFHM-WPRPVWTQSA-N,dtiam_historical,dtiam,382,0.3608501048013812,4,4.0,0.2617801047120419
OLD_NEW_FIVE_FIXED_720_DRUGS,drug_id,QCZAWDGAVJMPTA-RNFRBKRXSA-N,dtiam_historical,dtiam,382,0.22213920968790363,3,3.0,0.2617801047120419
OLD_NEW_FIVE_FIXED_720_DRUGS,drug_id,QDGZDCVAUDNJFG-FXQIFTODSA-N,dtiam_historical,dtiam,382,0.32998006228128707,4,4.0,0.2617801047120419
OLD_NEW_FIVE_FIXED_720_DRUGS,drug_id,QEFAQIPZVLVERP-UHFFFAOYSA-N,dtiam_historical,dtiam,382,0.3866719423458395,3,3.0,0.2617801047120419
OLD_NEW_FIVE_FIXED_720_DRUGS,drug_id,QFFGVLORLPOAEC-SNVBAGLBSA-N,dtiam_historical,dtiam,382,0.2715005364121428,3,3.0,0.2617801047120419
OLD_NEW_FIVE_FIXED_720_DRUGS,drug_id,QFNHIDANIVGXPE-FNZWTVRRSA-N,dtiam_historical,dtiam,382,0.3293493057534144,3,3.0,0.2617801047120419
OLD_NEW_FIVE_FIXED_720_DRUGS,drug_id,QGJUIPDUBHWZPV-SGTAVMJGSA-N,dtiam_historical,dtiam,382,0.29074829789920403,3,3.0,0.2617801047120419
OLD_NEW_FIVE_FIXED_720_DRUGS,drug_id,QHMBSVQNZZTUGM-ZWKOTPCHSA-N,dtiam_historical,dtiam,382,0.11860127910104493,2,2.0,0.2617801047120419
OLD_NEW_FIVE_FIXED_720_DRUGS,drug_id,QIVUCLWGARAQIO-OLIXTKCUSA-N,dtiam_historical,dtiam,382,0.4676367544196819,2,2.0,0.2617801047120419
OLD_NEW_FIVE_FIXED_720_DRUGS,drug_id,QKDRXGFQVGOQKS-CRSSMBPESA-N,dtiam_historical,dtiam,382,0.43688274526768456,1,1.0,0.2617801047120419
OLD_NEW_FIVE_FIXED_720_DRUGS,drug_id,QNZCBYKSOIHPEH-UHFFFAOYSA-N,dtiam_historical,dtiam,382,0.24450092789021308,5,5.0,0.2617801047120419
OLD_NEW_FIVE_FIXED_720_DRUGS,drug_id,QOIGKGMMAGJZNZ-UHFFFAOYSA-N,dtiam_historical,dtiam,382,0.3607766959358506,1,1.0,0.2617801047120419
OLD_NEW_FIVE_FIXED_720_DRUGS,drug_id,QQHMKNYGKVVGCZ-UHFFFAOYSA-N,dtiam_historical,dtiam,382,0.3688723375696994,3,3.0,0.2617801047120419
OLD_NEW_FIVE_FIXED_720_DRUGS,drug_id,QRPZBKAMSFHVRW-UHFFFAOYSA-N,dtiam_historical,dtiam,382,0.42168258932228225,3,3.0,0.2617801047120419
OLD_NEW_FIVE_FIXED_720_DRUGS,drug_id,QTGIAADRBBLJGA-UHFFFAOYSA-N,dtiam_historical,dtiam,382,0.34685484451690135,5,5.0,0.2617801047120419
OLD_NEW_FIVE_FIXED_720_DRUGS,drug_id,QTWZICCBKBYHDM-UHFFFAOYSA-N,dtiam_historical,dtiam,382,0.2702306276210436,2,2.0,0.2617801047120419
OLD_NEW_FIVE_FIXED_720_DRUGS,drug_id,QUIJNHUBAXPXFS-XLJNKUFUSA-N,dtiam_historical,dtiam,382,0.2661205922523939,2,2.0,0.2617801047120419
OLD_NEW_FIVE_FIXED_720_DRUGS,drug_id,QXWYKJLNLSIPIN-JGVFFNPUSA-N,dtiam_historical,dtiam,382,0.3278354900865202,3,3.0,0.2617801047120419
OLD_NEW_FIVE_FIXED_720_DRUGS,drug_id,QXWZQTURMXZVHJ-UHFFFAOYSA-N,dtiam_historical,dtiam,382,0.3515654978762557,5,5.0,0.2617801047120419
OLD_NEW_FIVE_FIXED_720_DRUGS,drug_id,QYSXJUFSXHHAJI-YRZJJWOYSA-N,dtiam_historical,dtiam,382,0.18524167500948016,1,1.0,0.2617801047120419
OLD_NEW_FIVE_FIXED_720_DRUGS,drug_id,QZFHIXARHDBPBY-UHFFFAOYSA-N,dtiam_historical,dtiam,382,0.2776797976326394,4,4.0,0.2617801047120419
OLD_NEW_FIVE_FIXED_720_DRUGS,drug_id,QZUDBNBUXVUHMW-UHFFFAOYSA-N,dtiam_historical,dtiam,382,0.29426955541675087,1,1.0,0.2617801047120419
OLD_NEW_FIVE_FIXED_720_DRUGS,drug_id,QZZUEBNBZAPZLX-QFIPXVFZSA-N,dtiam_historical,dtiam,382,-0.02931500163985934,2,2.0,0.2617801047120419
OLD_NEW_FIVE_FIXED_720_DRUGS,drug_id,RAPZEAPATHNIPO-UHFFFAOYSA-N,dtiam_historical,dtiam,382,0.16138336316151533,2,2.0,0.2617801047120419
OLD_NEW_FIVE_FIXED_720_DRUGS,drug_id,RBTBFTRPCNLSDE-UHFFFAOYSA-N,dtiam_historical,dtiam,382,0.2408479219101891,4,4.0,0.2617801047120419
OLD_NEW_FIVE_FIXED_720_DRUGS,drug_id,RDOIQAHITMMDAJ-UHFFFAOYSA-N,dtiam_historical,dtiam,382,0.3574289502822851,2,2.0,0.2617801047120419
OLD_NEW_FIVE_FIXED_720_DRUGS,drug_id,RENRQMCACQEWFC-UGKGYDQZSA-N,dtiam_historical,dtiam,382,0.2306621727237412,4,4.0,0.2617801047120419
OLD_NEW_FIVE_FIXED_720_DRUGS,drug_id,RGFBRLNVZCCMSV-BIRGHMBHSA-N,dtiam_historical,dtiam,382,0.36581133856976067,3,3.0,0.2617801047120419
OLD_NEW_FIVE_FIXED_720_DRUGS,drug_id,RHWKPHLQXYSBKR-BMIGLBTASA-N,dtiam_historical,dtiam,382,0.2943939845202015,3,3.0,0.2617801047120419
OLD_NEW_FIVE_FIXED_720_DRUGS,drug_id,RHXHGRAEPCAFML-UHFFFAOYSA-N,dtiam_historical,dtiam,382,0.03851242208246313,0,0.0,0.2617801047120419
OLD_NEW_FIVE_FIXED_720_DRUGS,drug_id,RITAVMQDGBJQJZ-FMIVXFBMSA-N,dtiam_historical,dtiam,382,0.2295679285492783,3,3.0,0.2617801047120419
OLD_NEW_FIVE_FIXED_720_DRUGS,drug_id,RJCWBNBKOKFWNY-IDPLTSGASA-N,dtiam_historical,dtiam,382,0.4875990145128897,2,2.0,0.2617801047120419
OLD_NEW_FIVE_FIXED_720_DRUGS,drug_id,RJKFOVLPORLFTN-LEKSSAKUSA-N,dtiam_historical,dtiam,382,0.2547049754742272,2,2.0,0.2617801047120419
OLD_NEW_FIVE_FIXED_720_DRUGS,drug_id,RKEWSXXUOLRFBX-UHFFFAOYSA-N,dtiam_historical,dtiam,382,0.4956025183331107,5,5.0,0.2617801047120419
OLD_NEW_FIVE_FIXED_720_DRUGS,drug_id,RKUNBYITZUJHSG-SPUOUPEWSA-N,dtiam_historical,dtiam,382,0.31318213331545114,4,4.0,0.2617801047120419
OLD_NEW_FIVE_FIXED_720_DRUGS,drug_id,RLAWWYSOJDYHDC-BZSNNMDCSA-N,dtiam_historical,dtiam,382,0.4856785438694932,2,2.0,0.2617801047120419
OLD_NEW_FIVE_FIXED_720_DRUGS,drug_id,RLCLASQCAPXVLM-NSHDSACASA-N,dtiam_historical,dtiam,382,0.2606978083148134,4,4.0,0.2617801047120419
OLD_NEW_FIVE_FIXED_720_DRUGS,drug_id,RMMXLENWKUUMAY-UHFFFAOYSA-N,dtiam_historical,dtiam,382,0.41389070108803344,4,4.0,0.2617801047120419
OLD_NEW_FIVE_FIXED_720_DRUGS,drug_id,RMRJXGBAOAMLHD-IHFGGWKQSA-N,dtiam_historical,dtiam,382,0.06735543270274544,3,3.0,0.2617801047120419
OLD_NEW_FIVE_FIXED_720_DRUGS,drug_id,RNOAOAWBMHREKO-QFIPXVFZSA-N,dtiam_historical,dtiam,382,0.23814858535626604,0,0.0,0.2617801047120419
OLD_NEW_FIVE_FIXED_720_DRUGS,drug_id,RRMJMHOQSALEJJ-UHFFFAOYSA-N,dtiam_historical,dtiam,382,0.34678724808353883,2,2.0,0.2617801047120419
OLD_NEW_FIVE_FIXED_720_DRUGS,drug_id,RTGDFNSFWBGLEC-SYZQJQIISA-N,dtiam_historical,dtiam,382,0.2872550261661703,5,5.0,0.2617801047120419
OLD_NEW_FIVE_FIXED_720_DRUGS,drug_id,RTHCYVBBDHJXIQ-UHFFFAOYSA-N,dtiam_historical,dtiam,382,0.44208379568181494,4,4.0,0.2617801047120419
OLD_NEW_FIVE_FIXED_720_DRUGS,drug_id,RUDATBOHQWOJDD-BSWAIDMHSA-N,dtiam_historical,dtiam,382,0.2557927613907256,3,3.0,0.2617801047120419
OLD_NEW_FIVE_FIXED_720_DRUGS,drug_id,RUEYEZADQJCKGV-UHFFFAOYSA-N,dtiam_historical,dtiam,382,0.5758000893607628,3,3.0,0.2617801047120419
OLD_NEW_FIVE_FIXED_720_DRUGS,drug_id,RUOKEQAAGRXIBM-GFCCVEGCSA-N,dtiam_historical,dtiam,382,0.3721654033058316,4,4.0,0.2617801047120419
OLD_NEW_FIVE_FIXED_720_DRUGS,drug_id,RUZYUOTYCVRMRZ-UHFFFAOYSA-N,dtiam_historical,dtiam,382,0.2891929341060711,4,4.0,0.2617801047120419
OLD_NEW_FIVE_FIXED_720_DRUGS,drug_id,RVOLLAQWKVFTGE-UHFFFAOYSA-N,dtiam_historical,dtiam,382,0.39587646687220435,3,3.0,0.2617801047120419
OLD_NEW_FIVE_FIXED_720_DRUGS,drug_id,RWTNPBWLLIMQHL-UHFFFAOYSA-N,dtiam_historical,dtiam,382,0.41098599193083724,2,2.0,0.2617801047120419
OLD_NEW_FIVE_FIXED_720_DRUGS,drug_id,RYIDHLJADOKWFM-MAODMQOUSA-N,dtiam_historical,dtiam,382,0.3108784726994905,4,4.0,0.2617801047120419
OLD_NEW_FIVE_FIXED_720_DRUGS,drug_id,RYMZZMVNJRMUDD-HGQWONQESA-N,dtiam_historical,dtiam,382,0.2878756647565651,4,4.0,0.2617801047120419
OLD_NEW_FIVE_FIXED_720_DRUGS,drug_id,RZEKVGVHFLEQIL-UHFFFAOYSA-N,dtiam_historical,dtiam,382,0.6024955139325614,8,8.0,0.2617801047120419
OLD_NEW_FIVE_FIXED_720_DRUGS,drug_id,RZVAJINKPMORJF-UHFFFAOYSA-N,dtiam_historical,dtiam,382,0.22286899283789954,3,3.0,0.2617801047120419
OLD_NEW_FIVE_FIXED_720_DRUGS,drug_id,RZVPBGBYGMDSBG-GGAORHGYSA-N,dtiam_historical,dtiam,382,0.409665493452349,3,3.0,0.2617801047120419
OLD_NEW_FIVE_FIXED_720_DRUGS,drug_id,SDEAXTCZPQIFQM-UHFFFAOYSA-N,dtiam_historical,dtiam,382,0.29612027687412995,1,1.0,0.2617801047120419
OLD_NEW_FIVE_FIXED_720_DRUGS,drug_id,SDUQYLNIPVEERB-QPPQHZFASA-N,dtiam_historical,dtiam,382,0.3063142065206662,5,5.0,0.2617801047120419
OLD_NEW_FIVE_FIXED_720_DRUGS,drug_id,SECKRCOLJRRGGV-UHFFFAOYSA-N,dtiam_historical,dtiam,382,0.36172756678350015,5,5.0,0.2617801047120419
OLD_NEW_FIVE_FIXED_720_DRUGS,drug_id,SEVCTUCCZYBJER-BSJAROSPSA-N,dtiam_historical,dtiam,382,0.3612782873044319,6,6.0,0.2617801047120419
OLD_NEW_FIVE_FIXED_720_DRUGS,drug_id,SFLSHLFXELFNJZ-QMMMGPOBSA-N,dtiam_historical,dtiam,382,0.3412335767845432,5,5.0,0.2617801047120419
OLD_NEW_FIVE_FIXED_720_DRUGS,drug_id,SFNSLLSYNZWZQG-VQIMIIECSA-N,dtiam_historical,dtiam,382,0.26543967658766315,4,4.0,0.2617801047120419
OLD_NEW_FIVE_FIXED_720_DRUGS,drug_id,SGEGOXDYSFKCPT-UHFFFAOYSA-N,dtiam_historical,dtiam,382,0.2372134296029969,1,1.0,0.2617801047120419
OLD_NEW_FIVE_FIXED_720_DRUGS,drug_id,SGEUNORSOZVTOL-CABZTGNLSA-N,dtiam_historical,dtiam,382,0.1642697739211453,2,2.0,0.2617801047120419
OLD_NEW_FIVE_FIXED_720_DRUGS,drug_id,SGUAFYQXFOLMHL-UHFFFAOYSA-N,dtiam_historical,dtiam,382,0.22306833773373919,1,1.0,0.2617801047120419
OLD_NEW_FIVE_FIXED_720_DRUGS,drug_id,SHGAZHPCJJPHSC-XFYACQKRSA-N,dtiam_historical,dtiam,382,0.12714275580971435,1,1.0,0.2617801047120419
OLD_NEW_FIVE_FIXED_720_DRUGS,drug_id,SHGAZHPCJJPHSC-YCNIQYBTSA-N,dtiam_historical,dtiam,382,0.12714275580971435,1,1.0,0.2617801047120419
OLD_NEW_FIVE_FIXED_720_DRUGS,drug_id,SIFNOOUKXBRGGB-AREMUKBSSA-N,dtiam_historical,dtiam,382,0.3056416865912895,4,4.0,0.2617801047120419
OLD_NEW_FIVE_FIXED_720_DRUGS,drug_id,SJVQHLPISAIATJ-ZDUSSCGKSA-N,dtiam_historical,dtiam,382,0.05142721580947106,3,3.0,0.2617801047120419
OLD_NEW_FIVE_FIXED_720_DRUGS,drug_id,SJZRECIVHVDYJC-UHFFFAOYSA-N,dtiam_historical,dtiam,382,0.2521875465196394,3,3.0,0.2617801047120419
OLD_NEW_FIVE_FIXED_720_DRUGS,drug_id,SMOBCLHAZXOKDQ-ZJUUUORDSA-N,dtiam_historical,dtiam,382,0.5436200968501892,5,5.0,0.2617801047120419
OLD_NEW_FIVE_FIXED_720_DRUGS,drug_id,SNICXCGAKADSCV-JTQLQIEISA-N,dtiam_historical,dtiam,382,0.38765359755645346,5,5.0,0.2617801047120419
OLD_NEW_FIVE_FIXED_720_DRUGS,drug_id,SNIOPGDIGTZGOP-UHFFFAOYSA-N,dtiam_historical,dtiam,382,0.16685200073064427,4,4.0,0.2617801047120419
OLD_NEW_FIVE_FIXED_720_DRUGS,drug_id,SNPPWIUOZRMYNY-UHFFFAOYSA-N,dtiam_historical,dtiam,382,0.418569063157565,2,2.0,0.2617801047120419
OLD_NEW_FIVE_FIXED_720_DRUGS,drug_id,SNUDIPVBUUXCDG-QHSBEEBCSA-N,dtiam_historical,dtiam,382,0.47469046376858076,4,4.0,0.2617801047120419
OLD_NEW_FIVE_FIXED_720_DRUGS,drug_id,SOLUWJRYJLAZCX-LYOVBCGYSA-N,dtiam_historical,dtiam,382,0.34517203776660094,3,3.0,0.2617801047120419
OLD_NEW_FIVE_FIXED_720_DRUGS,drug_id,SONNWYBIRXJNDC-VIFPVBQESA-N,dtiam_historical,dtiam,382,0.3553056903388013,3,3.0,0.2617801047120419
OLD_NEW_FIVE_FIXED_720_DRUGS,drug_id,SOYCMDCMZDHQFP-UHFFFAOYSA-N,dtiam_historical,dtiam,382,0.3918983952412972,3,3.0,0.2617801047120419
OLD_NEW_FIVE_FIXED_720_DRUGS,drug_id,SOYKEARSMXGVTM-UHFFFAOYSA-N,dtiam_historical,dtiam,382,0.32797412735749293,4,4.0,0.2617801047120419
OLD_NEW_FIVE_FIXED_720_DRUGS,drug_id,SPMVMDHWKHCIDT-UHFFFAOYSA-N,dtiam_historical,dtiam,382,0.39899580546908964,5,5.0,0.2617801047120419
OLD_NEW_FIVE_FIXED_720_DRUGS,drug_id,STPKWKPURVSAJF-LJEWAXOPSA-N,dtiam_historical,dtiam,382,0.2307385954429886,3,3.0,0.2617801047120419
OLD_NEW_FIVE_FIXED_720_DRUGS,drug_id,STUWGJZDJHPWGZ-LBPRGKRZSA-N,dtiam_historical,dtiam,382,0.2607821962188837,4,4.0,0.2617801047120419
OLD_NEW_FIVE_FIXED_720_DRUGS,drug_id,STZYTFJPGGDRJD-NHUWBDDWSA-N,dtiam_historical,dtiam,382,0.35659475862852863,5,5.0,0.2617801047120419
OLD_NEW_FIVE_FIXED_720_DRUGS,drug_id,SUBDBMMJDZJVOS-DEOSSOPVSA-N,dtiam_historical,dtiam,382,0.36255616128035395,5,5.0,0.2617801047120419
OLD_NEW_FIVE_FIXED_720_DRUGS,drug_id,SUBDBMMJDZJVOS-UHFFFAOYSA-N,dtiam_historical,dtiam,382,0.36255616128035395,5,5.0,0.2617801047120419
OLD_NEW_FIVE_FIXED_720_DRUGS,drug_id,SUDAHWBOROXANE-SECBINFHSA-N,dtiam_historical,dtiam,382,0.5777700733152208,6,6.0,0.2617801047120419
OLD_NEW_FIVE_FIXED_720_DRUGS,drug_id,SUJUHGSWHZTSEU-FYBSXPHGSA-N,dtiam_historical,dtiam,382,0.2561475350282457,2,2.0,0.2617801047120419
OLD_NEW_FIVE_FIXED_720_DRUGS,drug_id,TTWJBBZEZQICBI-UHFFFAOYSA-N,dtiam_historical,dtiam,382,0.25817994880969464,3,3.0,0.2617801047120419
OLD_NEW_FIVE_FIXED_720_DRUGS,drug_id,TTZHDVOVKQGIBA-IQWMDFIBSA-N,dtiam_historical,dtiam,382,0.345527672505183,4,4.0,0.2617801047120419
OLD_NEW_FIVE_FIXED_720_DRUGS,drug_id,TXEIIPDJKFWEEC-UHFFFAOYSA-N,dtiam_historical,dtiam,382,0.3376503199905365,1,1.0,0.2617801047120419
OLD_NEW_FIVE_FIXED_720_DRUGS,drug_id,TYZROVQLWOKYKF-ZDUSSCGKSA-N,dtiam_historical,dtiam,382,0.18687539899924988,5,5.0,0.2617801047120419
OLD_NEW_FIVE_FIXED_720_DRUGS,drug_id,TZFNLOMSOLWIDK-JTQLQIEISA-N,dtiam_historical,dtiam,382,0.34304339594148003,5,5.0,0.2617801047120419
OLD_NEW_FIVE_FIXED_720_DRUGS,drug_id,UBPYILGKFZZVDX-UHFFFAOYSA-N,dtiam_historical,dtiam,382,0.286940509003296,0,0.0,0.2617801047120419
OLD_NEW_FIVE_FIXED_720_DRUGS,drug_id,UBQNRHZMVUUOMG-UHFFFAOYSA-N,dtiam_historical,dtiam,382,0.38639961913500037,6,6.0,0.2617801047120419
OLD_NEW_FIVE_FIXED_720_DRUGS,drug_id,UBZPNQRBUOBBLN-PWRODBHTSA-N,dtiam_historical,dtiam,382,0.33859580895654895,3,3.0,0.2617801047120419
OLD_NEW_FIVE_FIXED_720_DRUGS,drug_id,UCFGDBYHRUNTLO-QHCPKHFHSA-N,dtiam_historical,dtiam,382,0.17800691916230799,3,3.0,0.2617801047120419
OLD_NEW_FIVE_FIXED_720_DRUGS,drug_id,UCJGJABZCDBEDK-UHFFFAOYSA-N,dtiam_historical,dtiam,382,0.27849030900719246,4,4.0,0.2617801047120419
OLD_NEW_FIVE_FIXED_720_DRUGS,drug_id,UCTWMZQNUQWSLP-VIFPVBQESA-N,dtiam_historical,dtiam,382,0.3864179175325666,3,3.0,0.2617801047120419
OLD_NEW_FIVE_FIXED_720_DRUGS,drug_id,UEJJHQNACJXSKW-UHFFFAOYSA-N,dtiam_historical,dtiam,382,0.4557354766425799,4,4.0,0.2617801047120419
OLD_NEW_FIVE_FIXED_720_DRUGS,drug_id,UFSKUSARDNFIRC-UHFFFAOYSA-N,dtiam_historical,dtiam,382,0.3790488299197314,6,6.0,0.2617801047120419
OLD_NEW_FIVE_FIXED_720_DRUGS,drug_id,UGJMXCAKCUNAIE-UHFFFAOYSA-N,dtiam_historical,dtiam,382,0.4263824789183623,4,4.0,0.2617801047120419
OLD_NEW_FIVE_FIXED_720_DRUGS,drug_id,UHSKFQJFRQCDBE-UHFFFAOYSA-N,dtiam_historical,dtiam,382,0.3011630999681285,2,2.0,0.2617801047120419
OLD_NEW_FIVE_FIXED_720_DRUGS,drug_id,UHTHHESEBZOYNR-UHFFFAOYSA-N,dtiam_historical,dtiam,382,0.5393154526415405,1,1.0,0.2617801047120419
OLD_NEW_FIVE_FIXED_720_DRUGS,drug_id,UIAGMCDKSXEBJQ-UHFFFAOYSA-N,dtiam_historical,dtiam,382,0.37956549055689665,5,5.0,0.2617801047120419
OLD_NEW_FIVE_FIXED_720_DRUGS,drug_id,UJLAWZDWDVHWOW-YPMHNXCESA-N,dtiam_historical,dtiam,382,-0.12643988206790407,2,2.0,0.2617801047120419
OLD_NEW_FIVE_FIXED_720_DRUGS,drug_id,UJVDJAPJQWZRFR-DHIUTWEWSA-N,dtiam_historical,dtiam,382,0.20261632641155186,4,4.0,0.2617801047120419
OLD_NEW_FIVE_FIXED_720_DRUGS,drug_id,ULFRLSNUDGIQQP-UHFFFAOYSA-N,dtiam_historical,dtiam,382,0.2941950701748929,3,3.0,0.2617801047120419
OLD_NEW_FIVE_FIXED_720_DRUGS,drug_id,ULXXDDBFHOBEHA-CWDCEQMOSA-N,dtiam_historical,dtiam,382,0.4111248444770754,3,3.0,0.2617801047120419
OLD_NEW_FIVE_FIXED_720_DRUGS,drug_id,UPNUIXSCZBYVBB-JVFUWBCBSA-N,dtiam_historical,dtiam,382,0.34656745203747813,5,5.0,0.2617801047120419
OLD_NEW_FIVE_FIXED_720_DRUGS,drug_id,UQCNKQCJZOAFTQ-ISWURRPUSA-N,dtiam_historical,dtiam,382,0.2891886286007614,5,5.0,0.2617801047120419
OLD_NEW_FIVE_FIXED_720_DRUGS,drug_id,UQRORFVVSGFNRO-UTINFBMNSA-N,dtiam_historical,dtiam,382,0.4661552300426105,1,1.0,0.2617801047120419
OLD_NEW_FIVE_FIXED_720_DRUGS,drug_id,UREBDLICKHMUKA-CXSFZGCWSA-N,dtiam_historical,dtiam,382,0.18939885566127124,3,3.0,0.2617801047120419
OLD_NEW_FIVE_FIXED_720_DRUGS,drug_id,UREBDLICKHMUKA-DVTGEIKXSA-N,dtiam_historical,dtiam,382,0.18939885566127124,3,3.0,0.2617801047120419
OLD_NEW_FIVE_FIXED_720_DRUGS,drug_id,URKOMYMAXPYINW-UHFFFAOYSA-N,dtiam_historical,dtiam,382,0.3112993358435147,2,2.0,0.2617801047120419
OLD_NEW_FIVE_FIXED_720_DRUGS,drug_id,USUZGMWDZDXMDG-CYBMUJFWSA-N,dtiam_historical,dtiam,382,0.2663957140416844,3,3.0,0.2617801047120419
OLD_NEW_FIVE_FIXED_720_DRUGS,drug_id,USZAGAREISWJDP-UHFFFAOYSA-N,dtiam_historical,dtiam,382,0.32265704357526576,4,4.0,0.2617801047120419
OLD_NEW_FIVE_FIXED_720_DRUGS,drug_id,UTNUDOFZCWSZMS-YFHOEESVSA-N,dtiam_historical,dtiam,382,0.3017137740972405,3,3.0,0.2617801047120419
OLD_NEW_FIVE_FIXED_720_DRUGS,drug_id,UVSMNLNDYGZFPF-UHFFFAOYSA-N,dtiam_historical,dtiam,382,0.42893693521861365,4,4.0,0.2617801047120419
OLD_NEW_FIVE_FIXED_720_DRUGS,drug_id,UWKQSNNFCGGAFS-XIFFEERXSA-N,dtiam_historical,dtiam,382,0.22403427784997276,1,1.0,0.2617801047120419
OLD_NEW_FIVE_FIXED_720_DRUGS,drug_id,UXNXMBYCBRBRFD-MUUNZHRXSA-N,dtiam_historical,dtiam,382,0.3924352917534182,4,4.0,0.2617801047120419
OLD_NEW_FIVE_FIXED_720_DRUGS,drug_id,UZHSEJADLWPNLE-GRGSLBFTSA-N,dtiam_historical,dtiam,382,0.22706298556008866,5,5.0,0.2617801047120419
OLD_NEW_FIVE_FIXED_720_DRUGS,drug_id,UZWDCWONPYILKI-UHFFFAOYSA-N,dtiam_historical,dtiam,382,-0.03033067034242007,1,1.0,0.2617801047120419
OLD_NEW_FIVE_FIXED_720_DRUGS,drug_id,VCKUSRYTPJJLNI-UHFFFAOYSA-N,dtiam_historical,dtiam,382,0.38422340147620704,5,5.0,0.2617801047120419
OLD_NEW_FIVE_FIXED_720_DRUGS,drug_id,VCSUIBJKYCVWNF-NRFANRHFSA-N,dtiam_historical,dtiam,382,0.1744936268295841,0,0.0,0.2617801047120419
OLD_NEW_FIVE_FIXED_720_DRUGS,drug_id,VDANGULDQQJODZ-UHFFFAOYSA-N,dtiam_historical,dtiam,382,0.3203602717678007,3,3.0,0.2617801047120419
OLD_NEW_FIVE_FIXED_720_DRUGS,drug_id,VERWOWGGCGHDQE-UHFFFAOYSA-N,dtiam_historical,dtiam,382,0.16456125663061272,1,1.0,0.2617801047120419
OLD_NEW_FIVE_FIXED_720_DRUGS,drug_id,VFBILHPIHUPBPZ-UHFFFAOYSA-N,dtiam_historical,dtiam,382,0.4170238173019099,5,5.0,0.2617801047120419
OLD_NEW_FIVE_FIXED_720_DRUGS,drug_id,VFCRKLWBYMDAED-REWPJTCUSA-N,dtiam_historical,dtiam,382,0.24373799234933236,3,3.0,0.2617801047120419
OLD_NEW_FIVE_FIXED_720_DRUGS,drug_id,VGKDLMBJGBXTGI-SJCJKPOMSA-N,dtiam_historical,dtiam,382,0.2705412698291393,5,5.0,0.2617801047120419
OLD_NEW_FIVE_FIXED_720_DRUGS,drug_id,VGYFMXBACGZSIL-MCBHFWOFSA-N,dtiam_historical,dtiam,382,0.3178650161655579,3,3.0,0.2617801047120419
OLD_NEW_FIVE_FIXED_720_DRUGS,drug_id,VHGCDTVCOLNTBX-QGZVFWFLSA-N,dtiam_historical,dtiam,382,0.427927940049283,4,4.0,0.2617801047120419
OLD_NEW_FIVE_FIXED_720_DRUGS,drug_id,VIKNJXKGJWUCNN-XGXHKTLJSA-N,dtiam_historical,dtiam,382,0.1050600343514741,3,3.0,0.2617801047120419
OLD_NEW_FIVE_FIXED_720_DRUGS,drug_id,VJJPUSNTGOMMGY-MRVIYFEKSA-N,dtiam_historical,dtiam,382,0.273067094519081,5,5.0,0.2617801047120419
OLD_NEW_FIVE_FIXED_720_DRUGS,drug_id,VKHAHZOOUSRJNA-GCNJZUOMSA-N,dtiam_historical,dtiam,382,0.18819352944981776,3,3.0,0.2617801047120419
OLD_NEW_FIVE_FIXED_720_DRUGS,drug_id,VLCYCQAOQCDTCN-UHFFFAOYSA-N,dtiam_historical,dtiam,382,0.43503783624247355,4,4.0,0.2617801047120419
OLD_NEW_FIVE_FIXED_720_DRUGS,drug_id,VMWNQDUVQKEIOC-CYBMUJFWSA-N,dtiam_historical,dtiam,382,0.21133002333260964,3,3.0,0.2617801047120419
OLD_NEW_FIVE_FIXED_720_DRUGS,drug_id,VNFPBHJOKIVQEB-UHFFFAOYSA-N,dtiam_historical,dtiam,382,0.44995468993849697,3,3.0,0.2617801047120419
OLD_NEW_FIVE_FIXED_720_DRUGS,drug_id,VOBHXZCDAVEXEY-JSGCOSHPSA-N,dtiam_historical,dtiam,382,0.42397634727603056,7,7.0,0.2617801047120419
OLD_NEW_FIVE_FIXED_720_DRUGS,drug_id,VOVIALXJUBGFJZ-KWVAZRHASA-N,dtiam_historical,dtiam,382,0.2598578042288888,4,4.0,0.2617801047120419
OLD_NEW_FIVE_FIXED_720_DRUGS,drug_id,VOVZXURTCKPRDQ-CQSZACIVSA-N,dtiam_historical,dtiam,382,0.23362500620261858,3,3.0,0.2617801047120419
OLD_NEW_FIVE_FIXED_720_DRUGS,drug_id,VPJXQGSRWJZDOB-UHFFFAOYSA-O,dtiam_historical,dtiam,382,0.3596731949249718,5,5.0,0.2617801047120419
OLD_NEW_FIVE_FIXED_720_DRUGS,drug_id,VPMRSLWWUXNYRY-PJCFOSJUSA-N,dtiam_historical,dtiam,382,0.4106882662386707,7,7.0,0.2617801047120419
OLD_NEW_FIVE_FIXED_720_DRUGS,drug_id,VPPJLAIAVCUEMN-GFCCVEGCSA-N,dtiam_historical,dtiam,382,0.4282977829553871,6,6.0,0.2617801047120419
OLD_NEW_FIVE_FIXED_720_DRUGS,drug_id,VREFGVBLTWBCJP-UHFFFAOYSA-N,dtiam_historical,dtiam,382,0.2922696482003903,2,2.0,0.2617801047120419
OLD_NEW_FIVE_FIXED_720_DRUGS,drug_id,VSNHCAURESNICA-UHFFFAOYSA-N,dtiam_historical,dtiam,382,0.271176977688118,4,4.0,0.2617801047120419
OLD_NEW_FIVE_FIXED_720_DRUGS,drug_id,VSWBSWWIRNCQIJ-HUUCEWRRSA-N,dtiam_historical,dtiam,382,0.28616207364330026,5,5.0,0.2617801047120419
OLD_NEW_FIVE_FIXED_720_DRUGS,drug_id,VTRAEEWXHOVJFV-UHFFFAOYSA-N,dtiam_historical,dtiam,382,0.3141190112708442,5,5.0,0.2617801047120419
OLD_NEW_FIVE_FIXED_720_DRUGS,drug_id,VUDZSIYXZUYWSC-DBRKOABJSA-N,dtiam_historical,dtiam,382,0.23241365228373154,3,3.0,0.2617801047120419
OLD_NEW_FIVE_FIXED_720_DRUGS,drug_id,VWMJHAFYPMOMGF-ZCFIWIBFSA-N,dtiam_historical,dtiam,382,0.16162425618359366,3,3.0,0.2617801047120419
OLD_NEW_FIVE_FIXED_720_DRUGS,drug_id,VWUXBMIQPBEWFH-WCCTWKNTSA-N,dtiam_historical,dtiam,382,0.16872941632094357,3,3.0,0.2617801047120419
OLD_NEW_FIVE_FIXED_720_DRUGS,drug_id,VWVSBHGCDBMOOT-IIEHVVJPSA-N,dtiam_historical,dtiam,382,0.2293358618130849,3,3.0,0.2617801047120419
OLD_NEW_FIVE_FIXED_720_DRUGS,drug_id,VYFYYTLLBUKUHU-UHFFFAOYSA-N,dtiam_historical,dtiam,382,0.333604651926267,3,3.0,0.2617801047120419
OLD_NEW_FIVE_FIXED_720_DRUGS,drug_id,VZZJRYRQSPEMTK-CALCHBBNSA-N,dtiam_historical,dtiam,382,0.2722654094304129,0,0.0,0.2617801047120419
OLD_NEW_FIVE_FIXED_720_DRUGS,drug_id,WAEXFXRVDQXREF-UHFFFAOYSA-N,dtiam_historical,dtiam,382,0.45329317875564656,2,2.0,0.2617801047120419
OLD_NEW_FIVE_FIXED_720_DRUGS,drug_id,WANIDIGFXJFFEL-SANMLTNESA-N,dtiam_historical,dtiam,382,0.5628034910328703,4,4.0,0.2617801047120419
OLD_NEW_FIVE_FIXED_720_DRUGS,drug_id,WAXQNWCZJDTGBU-UHFFFAOYSA-N,dtiam_historical,dtiam,382,0.2814531424860698,3,3.0,0.2617801047120419
OLD_NEW_FIVE_FIXED_720_DRUGS,drug_id,WBFUHHBPNXWNCC-UHFFFAOYSA-N,dtiam_historical,dtiam,382,0.32757328481315884,4,4.0,0.2617801047120419
OLD_NEW_FIVE_FIXED_720_DRUGS,drug_id,WBGKWQHBNHJJPZ-LECWWXJVSA-N,dtiam_historical,dtiam,382,0.23694110639215768,2,2.0,0.2617801047120419
OLD_NEW_FIVE_FIXED_720_DRUGS,drug_id,WCWSTNLSLKSJPK-LKFCYVNXSA-N,dtiam_historical,dtiam,382,0.3010332889830407,4,4.0,0.2617801047120419
OLD_NEW_FIVE_FIXED_720_DRUGS,drug_id,WDENQIQQYWYTPO-IBGZPJMESA-N,dtiam_historical,dtiam,382,0.38678905209026365,1,1.0,0.2617801047120419
OLD_NEW_FIVE_FIXED_720_DRUGS,drug_id,WEAJZXNPAWBCOA-INIZCTEOSA-N,dtiam_historical,dtiam,382,0.2691714733148548,4,4.0,0.2617801047120419
OLD_NEW_FIVE_FIXED_720_DRUGS,drug_id,WEQLWGNDNRARGE-DJIMGWMZSA-N,dtiam_historical,dtiam,382,0.2720464744854141,2,2.0,0.2617801047120419
OLD_NEW_FIVE_FIXED_720_DRUGS,drug_id,WGFOBBZOWHGYQH-MXHNKVEKSA-N,dtiam_historical,dtiam,382,0.3850909607961138,2,2.0,0.2617801047120419
OLD_NEW_FIVE_FIXED_720_DRUGS,drug_id,WIGIZIANZCJQQY-RUCARUNLSA-N,dtiam_historical,dtiam,382,0.4522428507353426,4,4.0,0.2617801047120419
OLD_NEW_FIVE_FIXED_720_DRUGS,drug_id,WIJZXSAJMHAVGX-DHLKQENFSA-N,dtiam_historical,dtiam,382,0.43705604185640046,2,2.0,0.2617801047120419
OLD_NEW_FIVE_FIXED_720_DRUGS,drug_id,WINHZLLDWRZWRT-ATVHPVEESA-N,dtiam_historical,dtiam,382,0.22902328212759993,4,4.0,0.2617801047120419
OLD_NEW_FIVE_FIXED_720_DRUGS,drug_id,WJBLNOPPDWQMCH-MBPVOVBZSA-N,dtiam_historical,dtiam,382,0.16822674857603484,5,5.0,0.2617801047120419
OLD_NEW_FIVE_FIXED_720_DRUGS,drug_id,WJOHZNCJWYWUJD-IUGZLZTKSA-N,dtiam_historical,dtiam,382,0.16198677973067124,3,3.0,0.2617801047120419
OLD_NEW_FIVE_FIXED_720_DRUGS,drug_id,WMDSZGFJQKSLLH-RBBKRZOGSA-N,dtiam_historical,dtiam,382,0.27882570787081895,6,6.0,0.2617801047120419
OLD_NEW_FIVE_FIXED_720_DRUGS,drug_id,WOSKHXYHFSIKNG-UHFFFAOYSA-N,dtiam_historical,dtiam,382,0.2921503857033113,3,3.0,0.2617801047120419
OLD_NEW_FIVE_FIXED_720_DRUGS,drug_id,WOXKDUGGOYFFRN-IIBYNOLFSA-N,dtiam_historical,dtiam,382,0.15582581690774086,3,3.0,0.2617801047120419
OLD_NEW_FIVE_FIXED_720_DRUGS,drug_id,WPVFJKSGQUFQAP-GKAPJAKFSA-N,dtiam_historical,dtiam,382,0.3879196777845936,4,4.0,0.2617801047120419
OLD_NEW_FIVE_FIXED_720_DRUGS,drug_id,WRFHGDPIDHPWIQ-UHFFFAOYSA-N,dtiam_historical,dtiam,382,0.2914571993484479,3,3.0,0.2617801047120419
OLD_NEW_FIVE_FIXED_720_DRUGS,drug_id,WSEQXVZVJXJVFP-FQEVSTJZSA-N,dtiam_historical,dtiam,382,0.4682784899860943,2,2.0,0.2617801047120419
OLD_NEW_FIVE_FIXED_720_DRUGS,drug_id,WSEQXVZVJXJVFP-UHFFFAOYSA-N,dtiam_historical,dtiam,382,0.4682784899860943,2,2.0,0.2617801047120419
OLD_NEW_FIVE_FIXED_720_DRUGS,drug_id,WSNODXPBBALQOF-VEJSHDCNSA-N,dtiam_historical,dtiam,382,0.34703804376782954,5,5.0,0.2617801047120419
OLD_NEW_FIVE_FIXED_720_DRUGS,drug_id,WTDRDQBEARUVNC-LURJTMIESA-N,dtiam_historical,dtiam,382,0.35940151753992905,5,5.0,0.2617801047120419
OLD_NEW_FIVE_FIXED_720_DRUGS,drug_id,WVLHHLRVNDMIAR-IBGZPJMESA-N,dtiam_historical,dtiam,382,0.30740823541986373,5,5.0,0.2617801047120419
OLD_NEW_FIVE_FIXED_720_DRUGS,drug_id,WVLOADHCBXTIJK-YNHQPCIGSA-N,dtiam_historical,dtiam,382,0.29493712401502153,4,4.0,0.2617801047120419
OLD_NEW_FIVE_FIXED_720_DRUGS,drug_id,WWSWYXNVCBLWNZ-QIZQQNKQSA-N,dtiam_historical,dtiam,382,0.4380054057771916,4,4.0,0.2617801047120419
OLD_NEW_FIVE_FIXED_720_DRUGS,drug_id,WWYNJERNGUHSAO-XUDSTZEESA-N,dtiam_historical,dtiam,382,0.10242226652347991,4,4.0,0.2617801047120419
OLD_NEW_FIVE_FIXED_720_DRUGS,drug_id,WXCXUHSOUPDCQV-UHFFFAOYSA-N,dtiam_historical,dtiam,382,0.5104308938950195,2,2.0,0.2617801047120419
OLD_NEW_FIVE_FIXED_720_DRUGS,drug_id,WXXSNCNJFUAIDG-UHFFFAOYSA-N,dtiam_historical,dtiam,382,0.3334018626261796,4,4.0,0.2617801047120419
OLD_NEW_FIVE_FIXED_720_DRUGS,drug_id,WYQFJHHDOKWSHR-MNOVXSKESA-N,dtiam_historical,dtiam,382,0.3533753170331925,3,3.0,0.2617801047120419
OLD_NEW_FIVE_FIXED_720_DRUGS,drug_id,WYQPLTPSGFELIB-JTQPXKBDSA-N,dtiam_historical,dtiam,382,0.16435050214570238,1,1.0,0.2617801047120419
OLD_NEW_FIVE_FIXED_720_DRUGS,drug_id,WYWIFABBXFUGLM-UHFFFAOYSA-N,dtiam_historical,dtiam,382,0.22873502854711478,0,0.0,0.2617801047120419
OLD_NEW_FIVE_FIXED_720_DRUGS,drug_id,WZOZEZRFJCJXNZ-ZBFHGGJFSA-N,dtiam_historical,dtiam,382,0.40832454382363964,5,5.0,0.2617801047120419
OLD_NEW_FIVE_FIXED_720_DRUGS,drug_id,XAYGBKHKBBXDAK-UHFFFAOYSA-N,dtiam_historical,dtiam,382,0.39253733222925824,3,3.0,0.2617801047120419
OLD_NEW_FIVE_FIXED_720_DRUGS,drug_id,XDXWLKQMMKQXPV-QYQHSDTDSA-N,dtiam_historical,dtiam,382,0.29614783210811213,3,3.0,0.2617801047120419
OLD_NEW_FIVE_FIXED_720_DRUGS,drug_id,XEDHVZKDSYZQBF-UHFFFAOYSA-N,dtiam_historical,dtiam,382,0.3103542774280332,4,4.0,0.2617801047120419
OLD_NEW_FIVE_FIXED_720_DRUGS,drug_id,XFALPSLJIHVRKE-GFCCVEGCSA-N,dtiam_historical,dtiam,382,0.32662413616763314,4,4.0,0.2617801047120419
OLD_NEW_FIVE_FIXED_720_DRUGS,drug_id,XFYDIVBRZNQMJC-UHFFFAOYSA-N,dtiam_historical,dtiam,382,0.23247392935806746,2,2.0,0.2617801047120419
OLD_NEW_FIVE_FIXED_720_DRUGS,drug_id,XGALLCVXEZPNRQ-UHFFFAOYSA-N,dtiam_historical,dtiam,382,0.49904347817663136,3,3.0,0.2617801047120419
OLD_NEW_FIVE_FIXED_720_DRUGS,drug_id,XHOLNRLADUSQLD-UHFFFAOYSA-N,dtiam_historical,dtiam,382,0.3336134782121518,3,3.0,0.2617801047120419
OLD_NEW_FIVE_FIXED_720_DRUGS,drug_id,XIQVNETUBQGFHX-UHFFFAOYSA-N,dtiam_historical,dtiam,382,0.38976975341617626,5,5.0,0.2617801047120419
OLD_NEW_FIVE_FIXED_720_DRUGS,drug_id,XJGVXQDUIWGIRW-UHFFFAOYSA-N,dtiam_historical,dtiam,382,0.3314811767075177,1,1.0,0.2617801047120419
OLD_NEW_FIVE_FIXED_720_DRUGS,drug_id,XKLMZUWKNUAPSZ-UHFFFAOYSA-N,dtiam_historical,dtiam,382,0.3661878550090948,5,5.0,0.2617801047120419
OLD_NEW_FIVE_FIXED_720_DRUGS,drug_id,XMAYWYJOQHXEEK-ZEQKJWHPSA-N,dtiam_historical,dtiam,382,0.2343733030254463,3,3.0,0.2617801047120419
OLD_NEW_FIVE_FIXED_720_DRUGS,drug_id,XMXHEBAFVSFQEX-UHFFFAOYSA-N,dtiam_historical,dtiam,382,0.4093120114664217,1,1.0,0.2617801047120419
OLD_NEW_FIVE_FIXED_720_DRUGS,drug_id,XOFYZVNMUHMLCC-ZPOLXVRWSA-N,dtiam_historical,dtiam,382,0.262362531942813,3,3.0,0.2617801047120419
OLD_NEW_FIVE_FIXED_720_DRUGS,drug_id,XPIJWUTXQAGSLK-UHFFFAOYSA-N,dtiam_historical,dtiam,382,0.27877188905444755,3,3.0,0.2617801047120419
OLD_NEW_FIVE_FIXED_720_DRUGS,drug_id,XPOQHMRABVBWPR-ZDUSSCGKSA-N,dtiam_historical,dtiam,382,0.3341178681591845,0,0.0,0.2617801047120419
OLD_NEW_FIVE_FIXED_720_DRUGS,drug_id,XQSPYNMVSIKCOC-NTSWFWBYSA-N,dtiam_historical,dtiam,382,0.2568340478498791,6,6.0,0.2617801047120419
OLD_NEW_FIVE_FIXED_720_DRUGS,drug_id,XRQDFNLINLXZLB-CKIKVBCHSA-N,dtiam_historical,dtiam,382,0.34365606934705184,3,3.0,0.2617801047120419
OLD_NEW_FIVE_FIXED_720_DRUGS,drug_id,XRVDGNKRPOAQTN-FQEVSTJZSA-N,dtiam_historical,dtiam,382,0.0751699248398702,3,3.0,0.2617801047120419
OLD_NEW_FIVE_FIXED_720_DRUGS,drug_id,XSFJVAJPIHIPKU-XWCQMRHXSA-N,dtiam_historical,dtiam,382,0.19065907706542357,3,3.0,0.2617801047120419
OLD_NEW_FIVE_FIXED_720_DRUGS,drug_id,XTNGUQKDFGDXSJ-ZXGKGEBGSA-N,dtiam_historical,dtiam,382,0.36225262315601936,2,2.0,0.2617801047120419
OLD_NEW_FIVE_FIXED_720_DRUGS,drug_id,XUBOMFCQGDBHNK-UHFFFAOYSA-N,dtiam_historical,dtiam,382,0.16293829640411733,1,1.0,0.2617801047120419
OLD_NEW_FIVE_FIXED_720_DRUGS,drug_id,XUFQPHANEAPEMJ-UHFFFAOYSA-N,dtiam_historical,dtiam,382,0.36325925029742967,4,4.0,0.2617801047120419
OLD_NEW_FIVE_FIXED_720_DRUGS,drug_id,XUKUURHRXDUEBC-KAYWLYCHSA-N,dtiam_historical,dtiam,382,0.30874272679060855,2,2.0,0.2617801047120419
OLD_NEW_FIVE_FIXED_720_DRUGS,drug_id,XUZMWHLSFXCVMG-UHFFFAOYSA-N,dtiam_historical,dtiam,382,0.13821328633730773,3,3.0,0.2617801047120419
OLD_NEW_FIVE_FIXED_720_DRUGS,drug_id,XWLUWCNOOVRFPX-UHFFFAOYSA-N,dtiam_historical,dtiam,382,0.47371698901805526,4,4.0,0.2617801047120419
OLD_NEW_FIVE_FIXED_720_DRUGS,drug_id,XWLXKKNPFMNSFA-HGQWONQESA-N,dtiam_historical,dtiam,382,0.2976414119000507,4,4.0,0.2617801047120419
OLD_NEW_FIVE_FIXED_720_DRUGS,drug_id,XXSMGPRMXLTPCZ-UHFFFAOYSA-N,dtiam_historical,dtiam,382,0.1771944703103656,0,0.0,0.2617801047120419
OLD_NEW_FIVE_FIXED_720_DRUGS,drug_id,XYFPWWZEPKGCCK-GOSISDBHSA-N,dtiam_historical,dtiam,382,0.3140143874918182,9,9.0,0.2617801047120419
OLD_NEW_FIVE_FIXED_720_DRUGS,drug_id,XYLJNLCSTIOKRM-UHFFFAOYSA-N,dtiam_historical,dtiam,382,0.2535532528038796,3,3.0,0.2617801047120419
OLD_NEW_FIVE_FIXED_720_DRUGS,drug_id,XZWYZXLIPXDOLR-UHFFFAOYSA-N,dtiam_historical,dtiam,382,0.24186768084279409,3,3.0,0.2617801047120419
OLD_NEW_FIVE_FIXED_720_DRUGS,drug_id,XZXHXSATPCNXJR-ZIADKAODSA-N,dtiam_historical,dtiam,382,0.43065999844355984,2,2.0,0.2617801047120419
OLD_NEW_FIVE_FIXED_720_DRUGS,drug_id,YALNUENQHAQXEA-UHFFFAOYSA-N,dtiam_historical,dtiam,382,0.34565382381075754,1,1.0,0.2617801047120419
OLD_NEW_FIVE_FIXED_720_DRUGS,drug_id,YASAKCUCGLMORW-UHFFFAOYSA-N,dtiam_historical,dtiam,382,0.3187162145652877,4,4.0,0.2617801047120419
OLD_NEW_FIVE_FIXED_720_DRUGS,drug_id,YBBLVLTVTVSKRW-UHFFFAOYSA-N,dtiam_historical,dtiam,382,0.3747224429092687,3,3.0,0.2617801047120419
OLD_NEW_FIVE_FIXED_720_DRUGS,drug_id,YBSJFWOBGCMAKL-UHFFFAOYSA-N,dtiam_historical,dtiam,382,0.3362170172729338,3,3.0,0.2617801047120419
OLD_NEW_FIVE_FIXED_720_DRUGS,drug_id,YFGHCGITMMYXAQ-LJQANCHMSA-N,dtiam_historical,dtiam,382,0.5000485983911833,6,6.0,0.2617801047120419
OLD_NEW_FIVE_FIXED_720_DRUGS,drug_id,YHGSTSNEOJUIRN-UHFFFAOYSA-N,dtiam_historical,dtiam,382,0.4273720993137993,1,1.0,0.2617801047120419
OLD_NEW_FIVE_FIXED_720_DRUGS,drug_id,YIBOMRUWOWDFLG-ONEGZZNKSA-N,dtiam_historical,dtiam,382,0.2790063238185613,3,3.0,0.2617801047120419
OLD_NEW_FIVE_FIXED_720_DRUGS,drug_id,YIMYDTCOUQIDMT-SNAWJCMRSA-N,dtiam_historical,dtiam,382,0.5120211322811612,5,5.0,0.2617801047120419
OLD_NEW_FIVE_FIXED_720_DRUGS,drug_id,YIQPUIGJQJDJOS-UHFFFAOYSA-N,dtiam_historical,dtiam,382,0.30363682804382275,5,5.0,0.2617801047120419
OLD_NEW_FIVE_FIXED_720_DRUGS,drug_id,YKPUWZUDDOIDPM-SOFGYWHQSA-N,dtiam_historical,dtiam,382,0.28289570204008835,5,5.0,0.2617801047120419
OLD_NEW_FIVE_FIXED_720_DRUGS,drug_id,YLXDSYKOBKBWJQ-LBPRGKRZSA-N,dtiam_historical,dtiam,382,0.3559325719118951,5,5.0,0.2617801047120419
OLD_NEW_FIVE_FIXED_720_DRUGS,drug_id,YMARZQAQMVYCKC-OEMFJLHTSA-N,dtiam_historical,dtiam,382,0.37151441090300336,3,3.0,0.2617801047120419
OLD_NEW_FIVE_FIXED_720_DRUGS,drug_id,YMDXZJFXQJVXBF-STHAYSLISA-N,dtiam_historical,dtiam,382,0.37967635731862176,4,4.0,0.2617801047120419
OLD_NEW_FIVE_FIXED_720_DRUGS,drug_id,YMTINGFKWWXKFG-UHFFFAOYSA-N,dtiam_historical,dtiam,382,0.5242395105243234,4,4.0,0.2617801047120419
OLD_NEW_FIVE_FIXED_720_DRUGS,drug_id,YQEZLKZALYSWHR-ZDUSSCGKSA-N,dtiam_historical,dtiam,382,0.415228636863026,3,3.0,0.2617801047120419
OLD_NEW_FIVE_FIXED_720_DRUGS,drug_id,YQNQNVDNTFHQSW-UHFFFAOYSA-N,dtiam_historical,dtiam,382,0.4592855810457018,3,3.0,0.2617801047120419
OLD_NEW_FIVE_FIXED_720_DRUGS,drug_id,YQNWZWMKLDQSAC-UHFFFAOYSA-N,dtiam_historical,dtiam,382,0.3521988377073141,4,4.0,0.2617801047120419
OLD_NEW_FIVE_FIXED_720_DRUGS,drug_id,YREYEVIYCVEVJK-UHFFFAOYSA-N,dtiam_historical,dtiam,382,0.364786413030784,5,5.0,0.2617801047120419
OLD_NEW_FIVE_FIXED_720_DRUGS,drug_id,YTAOBBFIOAEMLL-REQDGWNSSA-N,dtiam_historical,dtiam,382,0.3287028341311614,4,4.0,0.2617801047120419
OLD_NEW_FIVE_FIXED_720_DRUGS,drug_id,YTFHCXIPDIHOIA-DHZHZOJOSA-N,dtiam_historical,dtiam,382,0.310408742070201,3,3.0,0.2617801047120419
OLD_NEW_FIVE_FIXED_720_DRUGS,drug_id,YWGDOWXRIALTES-NRFANRHFSA-N,dtiam_historical,dtiam,382,0.3835700410454585,4,4.0,0.2617801047120419
OLD_NEW_FIVE_FIXED_720_DRUGS,drug_id,YWPHCCPCQOJSGZ-UHFFFAOYSA-N,dtiam_historical,dtiam,382,0.4486232124214689,4,4.0,0.2617801047120419
OLD_NEW_FIVE_FIXED_720_DRUGS,drug_id,YXRDKMPIGHSVRX-OOJCLDBCSA-N,dtiam_historical,dtiam,382,0.19594731396207563,4,4.0,0.2617801047120419
OLD_NEW_FIVE_FIXED_720_DRUGS,drug_id,ZAFYATHCZYHLPB-UHFFFAOYSA-N,dtiam_historical,dtiam,382,0.31330505549204335,2,2.0,0.2617801047120419
OLD_NEW_FIVE_FIXED_720_DRUGS,drug_id,ZBBHBTPTTSWHBA-UHFFFAOYSA-N,dtiam_historical,dtiam,382,0.44415302153366193,4,4.0,0.2617801047120419
OLD_NEW_FIVE_FIXED_720_DRUGS,drug_id,ZBGXUVOIWDMMJE-QHNZEKIYSA-N,dtiam_historical,dtiam,382,0.31042553354090896,3,3.0,0.2617801047120419
OLD_NEW_FIVE_FIXED_720_DRUGS,drug_id,ZBMZVLHSJCTVON-UHFFFAOYSA-N,dtiam_historical,dtiam,382,0.4945674748566563,2,2.0,0.2617801047120419
OLD_NEW_FIVE_FIXED_720_DRUGS,drug_id,ZBNZXTGUTAYRHI-UHFFFAOYSA-N,dtiam_historical,dtiam,382,0.25202652062105624,2,2.0,0.2617801047120419
OLD_NEW_FIVE_FIXED_720_DRUGS,drug_id,ZBPLOVFIXSTCRZ-UHFFFAOYSA-N,dtiam_historical,dtiam,382,0.31154410382037173,4,4.0,0.2617801047120419
OLD_NEW_FIVE_FIXED_720_DRUGS,drug_id,ZCVMWBYGMWKGHF-UHFFFAOYSA-N,dtiam_historical,dtiam,382,0.3883950055707857,6,6.0,0.2617801047120419
OLD_NEW_FIVE_FIXED_720_DRUGS,drug_id,ZEUITGRIYCTCEM-KRWDZBQOSA-N,dtiam_historical,dtiam,382,0.39206587939784493,5,5.0,0.2617801047120419
OLD_NEW_FIVE_FIXED_720_DRUGS,drug_id,ZFMITUMMTDLWHR-UHFFFAOYSA-N,dtiam_historical,dtiam,382,0.32042162521846407,3,3.0,0.2617801047120419
OLD_NEW_FIVE_FIXED_720_DRUGS,drug_id,ZGLHBRQAEXKACO-XJRQOBMKSA-N,dtiam_historical,dtiam,382,0.13505132323785626,2,2.0,0.2617801047120419
OLD_NEW_FIVE_FIXED_720_DRUGS,drug_id,ZIAOVIPSKUPPQW-UHFFFAOYSA-N,dtiam_historical,dtiam,382,0.48371803202671654,4,4.0,0.2617801047120419
OLD_NEW_FIVE_FIXED_720_DRUGS,drug_id,ZISJNXNHJRQYJO-CMDGGOBGSA-N,dtiam_historical,dtiam,382,0.27892236646502194,1,1.0,0.2617801047120419
OLD_NEW_FIVE_FIXED_720_DRUGS,drug_id,ZKIAIYBUSXZPLP-UHFFFAOYSA-N,dtiam_historical,dtiam,382,0.16584494303870292,2,2.0,0.2617801047120419
OLD_NEW_FIVE_FIXED_720_DRUGS,drug_id,ZKLPARSLTMPFCP-OAQYLSRUSA-N,dtiam_historical,dtiam,382,0.43351928451973865,2,2.0,0.2617801047120419
OLD_NEW_FIVE_FIXED_720_DRUGS,drug_id,ZKLPARSLTMPFCP-UHFFFAOYSA-N,dtiam_historical,dtiam,382,0.43351928451973865,2,2.0,0.2617801047120419
OLD_NEW_FIVE_FIXED_720_DRUGS,drug_id,ZPMNHBXQOOVQJL-UHFFFAOYSA-N,dtiam_historical,dtiam,382,0.25434675743245927,4,4.0,0.2617801047120419
OLD_NEW_FIVE_FIXED_720_DRUGS,drug_id,ZPUCINDJVBIVPJ-LJISPDSOSA-N,dtiam_historical,dtiam,382,0.4826125935384484,5,5.0,0.2617801047120419
OLD_NEW_FIVE_FIXED_720_DRUGS,drug_id,ZRVUJXDFFKFLMG-UHFFFAOYSA-N,dtiam_historical,dtiam,382,0.3165989823292375,4,4.0,0.2617801047120419
OLD_NEW_FIVE_FIXED_720_DRUGS,drug_id,ZSBOMTDTBDDKMP-OAHLLOKOSA-N,dtiam_historical,dtiam,382,0.2815022252466005,3,3.0,0.2617801047120419
OLD_NEW_FIVE_FIXED_720_DRUGS,drug_id,ZSKVGTPCRGIANV-ZXFLCMHBSA-N,dtiam_historical,dtiam,382,0.44551183900940655,5,5.0,0.2617801047120419
OLD_NEW_FIVE_FIXED_720_DRUGS,drug_id,ZSWMIFNWDQEXDT-ZESJGQACSA-N,dtiam_historical,dtiam,382,0.13965713754291917,3,3.0,0.2617801047120419
OLD_NEW_FIVE_FIXED_720_DRUGS,drug_id,ZVHNDZWQTBEVRY-UHFFFAOYSA-N,dtiam_historical,dtiam,382,0.38014178244260144,3,3.0,0.2617801047120419
OLD_NEW_FIVE_FIXED_720_DRUGS,drug_id,ZWUQVNSJSJHFPS-XFXZXTDPSA-N,dtiam_historical,dtiam,382,0.4615621169782112,5,5.0,0.2617801047120419
OLD_NEW_FIVE_FIXED_720_DRUGS,drug_id,ZYTXTXAMMDTYDQ-DGEXFFLYSA-N,dtiam_historical,dtiam,382,0.282194119949871,3,3.0,0.2617801047120419
OLD_NEW_FIVE_FIXED_720_DRUGS,drug_id,ZZUFCTLCJUWOSV-UHFFFAOYSA-N,dtiam_historical,dtiam,382,0.270106629068124,6,6.0,0.2617801047120419
OLD_NEW_FIVE_FIXED_720_DRUGS,drug_id,ZZVUWRFHKOJYTH-UHFFFAOYSA-N,dtiam_historical,dtiam,382,0.44842236059877094,3,3.0,0.2617801047120419
