system_id,cluster,native_contact_ap_after,native_contact_prevalence_after,native_residue_only_score_ap_after,native_atom_permuted_score_ap_after,native_atom_to_residue_macro_ap_after,native_residue_to_atom_macro_ap_after,native_contact_pairs_after,native_pair_candidates_after,all_regions_contact_ap_after,all_regions_contact_prevalence_after,native_distance_mae_capped32_A_after,native_region_selected_after,regions_after,native_contact_ap_before,native_contact_prevalence_before,native_residue_only_score_ap_before,native_atom_permuted_score_ap_before,native_atom_to_residue_macro_ap_before,native_residue_to_atom_macro_ap_before,native_contact_pairs_before,native_pair_candidates_before,all_regions_contact_ap_before,all_regions_contact_prevalence_before,native_distance_mae_capped32_A_before,native_region_selected_before,regions_before
1ddt__1__1.A_2.A__1.B,c1769,0.2621739841473457,0.0738714090287277,0.1678895198642882,0.1278395889161246,0.4533327862490844,0.4443322796957436,108,1462,0.2369505492691966,0.0483005366726296,3.302006959915161,True,2,0.6048101342283327,0.0738714090287277,0.1792634303519298,0.1418786501399878,0.5854751961595935,0.6334537557869534,108,1462,0.6048101342283327,0.0483005366726296,1.2730271816253662,True,2
1ddt__1__1.A_2.A__2.B,c1769,0.2496500082590691,0.0738714090287277,0.1674911937229387,0.1237694139183696,0.423229161692776,0.4438498146127199,108,1462,0.2296068144630182,0.047389205792014,3.297985553741455,True,2,0.5738679583650937,0.0738714090287277,0.1797883860304497,0.1390719329692611,0.5703659991049077,0.6113393212313368,108,1462,0.5738679583650937,0.047389205792014,1.333497405052185,True,2
1d09__1__1.A_2.A__1.E,c103,0.325064251272349,0.168103448275862,0.2629675879675879,0.2667506853884173,0.4680611920370323,0.4311710078575158,78,464,0.1837870795304403,0.1083333333333333,1.8252547979354856,True,2,0.5425896969710584,0.168103448275862,0.3287492971457904,0.3435830847641652,0.6169557554713804,0.6553927627340326,78,464,0.5425896969710584,0.1083333333333333,1.2168912887573242,True,2
1d09__1__1.C_2.C__2.G,c103,0.2944467751137861,0.1899038461538461,0.2602110026395184,0.2683094943123602,0.4377482856487583,0.4255666314699928,79,416,0.2405787294488918,0.1234375,1.7558543682098389,True,2,0.3394571152903294,0.1899038461538461,0.3980616164086987,0.3281438610541783,0.4320954308296745,0.4829955875771702,79,416,0.3380918018301446,0.1234375,1.7356191873550415,True,2
1d09__1__1.C_3.C__1.G,c103,0.2740908040720131,0.1899038461538461,0.2619886651813284,0.2840560069915895,0.4002144777445391,0.4204085371522346,79,416,0.1831955356345446,0.1028645833333333,1.7570961713790894,True,2,0.2784656082961136,0.1899038461538461,0.3997973610012887,0.3550852713313989,0.3777157011794617,0.4091050498806101,79,416,0.2783865819012978,0.1028645833333333,1.9830570220947263,True,2
1d09__1__1.A_3.A__3.E,c103,0.3188373678901115,0.168103448275862,0.2558434620934621,0.2637665336766595,0.463127596865434,0.448129489374529,78,464,0.2035476123316726,0.1015625,1.8260223865509035,True,2,0.2993179046364249,0.168103448275862,0.3125718728293374,0.2858174926351707,0.4033832070545983,0.4413023594571214,78,464,0.2987651932301288,0.1015625,1.851396083831787,True,2
2ag6__2__2.A__2.B,c121,0.4409171711772232,0.1846153846153846,0.4492628390557956,0.344568087205554,0.619307498057498,0.5353256216717756,48,260,0.3391638062323016,0.1118881118881118,1.713972806930542,True,2,0.656924594731415,0.1846153846153846,0.49237369894539,0.4091978948754935,0.749196914196914,0.7796337209798748,48,260,0.6569245947314151,0.1118881118881118,1.0791325569152832,True,2
2aix__1__2.A__2.B,c7,0.462744360811028,0.1904761904761904,0.3516053608647531,0.3182274470948499,0.5792012610390126,0.5596497021497021,64,336,0.3179245784578777,0.125,1.7264834642410278,True,2,0.7196503657499908,0.1904761904761904,0.4978327878718503,0.4021523297698051,0.7376969471500722,0.7354288258038258,64,336,0.7191112933691569,0.125,0.8272790312767029,True,2
2ag6__1__1.A__1.B,c121,0.4334283825771891,0.1846153846153846,0.4555989712650897,0.3605438979541514,0.6137524975024975,0.5321334434795973,48,260,0.2669484943818226,0.0997920997920998,1.71240234375,True,2,0.6359401938269904,0.1846153846153846,0.4897652116402117,0.4291292631789944,0.7407875457875457,0.7873209411670951,48,260,0.6359401938269905,0.0997920997920998,1.083953857421875,True,2
2aix__1__1.A__1.B,c7,0.4807831113639125,0.1904761904761904,0.3470924584026318,0.3027765601213684,0.5638084903250344,0.553569462944463,64,336,0.3312930836165164,0.125,1.7243783473968506,True,2,0.7270320370135765,0.1904761904761904,0.4970106391004829,0.3878628534966848,0.7197986562049061,0.7319798365215031,64,336,0.7229367738992396,0.125,0.8349399566650391,True,2
2ahv__1__1.D__1.H,c2034,0.1443974973840061,0.0498903508771929,0.1033034304640085,0.0835761345461084,0.4039606332139162,0.3282939158957288,91,1824,0.1240139280230435,0.035108024691358,4.440178394317627,True,2,0.3686150269645678,0.0498903508771929,0.0962610519614401,0.0752463705460036,0.6077599406766072,0.59232649933155,91,1824,0.3686150269645679,0.035108024691358,1.2782726287841797,True,2
2bdm__2__1.A_2.A__2.D,c11013,0.1494085468665065,0.125,0.1574779972651842,0.1386622177878921,0.2659568241226726,0.3511531056672819,81,648,0.1107059963397582,0.084375,2.510773181915283,True,2,0.6491073905992775,0.125,0.2872635663270338,0.1882403920134864,0.7036119378306879,0.7923959081797666,81,648,0.6474523214835692,0.084375,0.8160257935523987,True,2
2c84__1__1.A__1.B,c1327,0.4620850001607853,0.1309523809523809,0.3611566637318835,0.3529829560149627,0.614724778800409,0.636344129245394,77,588,0.4078960846270655,0.0833333333333333,2.010385513305664,True,2,0.837570309431457,0.1309523809523809,0.3866675463614238,0.3125671032401947,0.8650659657802516,0.8609882233779294,77,588,0.8375703094314569,0.0833333333333333,0.6573572754859924,True,2
2de3__1__1.A__1.D,c4237,0.3051732882570629,0.1527777777777778,0.3026838423571378,0.2367866350981498,0.4003297184501229,0.463549360109234,66,432,0.1833795422023905,0.1006097560975609,1.579259753227234,True,2,0.4486045758274178,0.1527777777777778,0.3463683103388985,0.3073361864681065,0.5226856846015611,0.5357067955387284,66,432,0.4485621332575201,0.1006097560975609,1.1925514936447144,True,2
2de3__2__1.B__1.G,c4237,0.3002047169708908,0.140625,0.2995430198517139,0.2572211899532862,0.4164487334059703,0.4638772175536881,63,448,0.1583497629172997,0.0875,1.6257890462875366,True,2,0.4642645154547313,0.140625,0.3455448340441153,0.312482749959895,0.5627351913652223,0.5117204991942387,63,448,0.4642645154547314,0.0875,1.0435632467269895,True,2
2de4__1__1.A__1.D,c4237,0.2926296600639553,0.1547619047619047,0.3062756075832998,0.2701822544863018,0.4383491040740782,0.447479621219117,65,420,0.1766889794604625,0.0984848484848484,1.625225067138672,True,2,0.479493321259959,0.1547619047619047,0.3480238235298964,0.3209303966237498,0.5961796098065448,0.5551788438763229,65,420,0.4793428636179647,0.0984848484848484,1.1081057786941528,True,2
2dcl__1__1.B_1.C__1.F,c4257,0.5051519350838499,0.1244377811094452,0.3086095214310593,0.2146723269173981,0.6169235538391381,0.6460104107331937,83,667,0.4795859020485955,0.0859213250517598,2.1823949813842773,True,2,0.7211036109748991,0.1244377811094452,0.2836705776127077,0.2335318081743999,0.7648349227025698,0.8008656524154042,83,667,0.721103610974899,0.0859213250517598,0.8434333801269531,True,2
2dcl__1__2.B_2.C__2.F,c4257,0.5079964776044903,0.1244377811094452,0.3086095214310593,0.2230814955048449,0.617625911246041,0.6446358857887124,83,667,0.4832525064279925,0.0949656750572082,2.18455171585083,True,2,0.7268853258887948,0.1244377811094452,0.2868319126262598,0.2399165483375785,0.7592300292300291,0.7869205468580828,83,667,0.7262734156060167,0.0949656750572082,0.8427470922470093,True,2
3b7d__1__1.A__1.I,c7,0.4323350761776579,0.1857585139318885,0.3862488895187857,0.3409600867717478,0.5895998500410264,0.4847276890255235,60,323,0.3079545845764306,0.1217038539553752,1.999529480934143,True,2,0.6716858721774555,0.1857585139318885,0.4955870681605975,0.4129259013518248,0.7473374251661449,0.6957244877111286,60,323,0.6716858721774553,0.1217038539553752,1.003632664680481,True,2
3b7d__2__1.C__1.K,c7,0.4513113820432783,0.1888544891640866,0.3717165455352533,0.3440748983886293,0.5961438398203105,0.5165507205910675,61,323,0.3598642504250021,0.1087344028520499,1.993407249450684,True,2,0.6908511352501242,0.1888544891640866,0.4955925784276797,0.4410934309839263,0.7534772798008091,0.6702197096239328,61,323,0.6908511352501241,0.1087344028520499,0.9556320905685424,True,2
3b7d__1__1.B__1.J,c7,0.4001490175331613,0.1857585139318885,0.354911686896981,0.3078506908593135,0.5178314985667927,0.5021720035139152,60,323,0.2916530479186049,0.1176470588235294,1.944996953010559,True,2,0.7053889598887121,0.1857585139318885,0.4827244188273599,0.3703576984373161,0.794248665278077,0.732077161575586,60,323,0.7053335566919476,0.1176470588235294,0.9290836453437804,True,2
3b7d__2__1.D__1.L,c7,0.4097593789722379,0.1852941176470588,0.35371643805076,0.3312484802250151,0.5540919864449276,0.5107109677268992,63,340,0.2803184115671999,0.0926470588235294,2.0163254737854004,True,2,0.6902812872339611,0.1852941176470588,0.4900184147733167,0.4107964542233452,0.767776267369693,0.6991654288355678,63,340,0.6901715803706998,0.0926470588235294,0.9579139351844788,True,2
3b7d__3__1.E__1.M,c7,0.4361212363963723,0.1857585139318885,0.3845400949812715,0.3360883482075545,0.5746157437333907,0.4919339371933101,60,323,0.2960395745145404,0.1176470588235294,1.9974461793899536,True,2,0.6602876390534819,0.1857585139318885,0.4974988328664799,0.3742406837544223,0.7520772854596384,0.6943449860569016,60,323,0.6602876390534821,0.1176470588235294,0.9946604371070862,True,2
3b7d__3__1.F__1.N,c7,0.4177348093754017,0.1794117647058823,0.3501529528828297,0.3148043888253174,0.546286507610037,0.4958624615745926,61,340,0.2119138413671563,0.0969793322734499,2.0180413722991943,True,2,0.667294355717553,0.1794117647058823,0.4816436683963203,0.421828437962537,0.7552376621840289,0.7413935652824541,61,340,0.667294355717553,0.0969793322734499,0.9436582922935486,True,2
3b7d__4__1.G__1.O,c7,0.4495758802262988,0.1888544891640866,0.3719405795104926,0.3266756830518204,0.5912772848066965,0.5508675561975632,61,323,0.3659346670966682,0.1121323529411764,1.9904381036758425,True,2,0.6940572711453133,0.1888544891640866,0.5001475354175451,0.384587736789956,0.7510014005602241,0.6820808518520938,61,323,0.6940572711453135,0.1121323529411764,0.9490140080451964,True,2
3b7d__4__1.H__1.P,c7,0.4253832575480465,0.1826625386996904,0.3546935672060298,0.346640584859752,0.5421360284595579,0.4909788730846738,59,323,0.2481245874673893,0.102076124567474,1.9372638463974,True,2,0.721125974001207,0.1826625386996904,0.4939295947667891,0.452234394006145,0.7895645694175105,0.7694178358935302,59,323,0.720857330115542,0.102076124567474,0.9165321588516236,True,2
3bki__1__1.A__1.E,c7,0.4025848267450532,0.2095588235294117,0.3437970928924876,0.3489410102518738,0.5145576513433656,0.5100326657469514,57,272,0.329366039835387,0.11875,1.9035418033599851,True,2,0.3805366432526252,0.2095588235294117,0.5420197036150984,0.4960379017072049,0.4882656013794406,0.3344643011309677,57,272,0.3761188570746806,0.11875,2.102379322052002,True,2
3bki__2__1.B__1.F,c7,0.5052402218726875,0.25390625,0.4509405178155178,0.4196446248729819,0.6418186500999001,0.6183186852829711,65,256,0.2719013902132542,0.126953125,1.9970757961273196,True,2,0.624095205662053,0.25390625,0.6071425796425797,0.555614681801434,0.705586175976801,0.6197061866704723,65,256,0.6233577753333603,0.126953125,1.5837085247039795,True,2
3bki__3__1.C__1.G,c7,0.485157919134028,0.24609375,0.4561420969903113,0.4215404315820834,0.6609407693001443,0.5236495845424416,63,256,0.3346363846792003,0.140625,2.040264129638672,True,2,0.5485066108105908,0.24609375,0.6361341590508258,0.5558715055622089,0.6478580273892773,0.4456710299773486,63,256,0.5478500567426103,0.140625,2.0032453536987305,True,2
3bki__4__1.D__1.H,c7,0.4602659726312292,0.2463235294117647,0.4337375621890547,0.3996849429549428,0.634237012987013,0.5582961185639758,67,272,0.2106067716816378,0.1163194444444444,2.059295654296875,True,2,0.4762637549898173,0.2463235294117647,0.5762282338308458,0.5116503182591006,0.6075916844253242,0.3986513871930537,67,272,0.4658469787059626,0.1163194444444444,2.217608690261841,True,2
3bda__1__1.A__1.D,c33,0.3053349381767276,0.1333333333333333,0.301622726742212,0.2866344827924668,0.4159995118190577,0.3224744463188052,72,540,0.2719983799224899,0.1,1.8333946466445925,True,2,0.6675387525667525,0.1333333333333333,0.425093644100997,0.357760830695218,0.7644583333333334,0.640020705937661,72,540,0.6673357384035291,0.1,0.8363941311836243,True,2
3bd8__1__2.A__2.C,c33,0.3238965066490498,0.1345029239766081,0.2991527095134225,0.3042886983412946,0.4286410895934916,0.3847041415724765,69,513,0.1619709068895092,0.0698380566801619,1.8339086771011357,True,2,0.6531231845001648,0.1345029239766081,0.4131697395404347,0.3370961140060996,0.7270603592314118,0.7006508224890577,69,513,0.6531231845001648,0.0698380566801619,0.8236132860183716,True,2
3bd7__1__1.A__1.D,c33,0.3051768089969817,0.1314814814814814,0.2924619316520725,0.2652078871240274,0.4419831478577608,0.4839799248233504,71,540,0.2147516439631346,0.08875,1.8490022420883176,True,2,0.666008510377803,0.1314814814814814,0.4159966109790053,0.3096437446243645,0.75467755814447,0.7530884964708494,71,540,0.6660085103778031,0.08875,0.8227277398109436,True,2
3bd7__1__2.A__2.D,c33,0.3019207001753301,0.1314814814814814,0.2892275329274958,0.2433528360941407,0.4386021093168757,0.4651300149992328,71,540,0.1851953808261942,0.0788888888888888,1.8490804433822632,True,2,0.661174143786943,0.1314814814814814,0.4162347062171005,0.3316688212803168,0.7541220025889144,0.7494120258826141,71,540,0.6611469106714745,0.0788888888888888,0.8207483291625977,True,2
3bd8__1__1.A__1.C,c33,0.3182518861002036,0.1345029239766081,0.2990898433178332,0.2915399889878675,0.4257224156738019,0.3801506652022354,69,513,0.2211238911874445,0.0825358851674641,1.8334561586380005,True,2,0.6534807734493943,0.1345029239766081,0.4121312601289717,0.367078205144535,0.7259490582516898,0.6914690920751526,69,513,0.6534807734493943,0.0825358851674641,0.8192997574806213,True,2
3bz9__1__1.A__1.F,c1599,0.3095206845089238,0.1408730158730158,0.2711720555361347,0.2174651014019681,0.4965780619694816,0.4554003049669848,71,504,0.2079946900385404,0.0734989648033126,1.8680819272994995,True,2,0.6268163091751828,0.1408730158730158,0.4082488880858043,0.3285598042141553,0.7167459854959854,0.6276648666804107,71,504,0.6268163091751827,0.0734989648033126,1.234965443611145,True,2
3bz7__1__1.A__1.E,c1599,0.277051595080078,0.1381818181818181,0.2494831230788705,0.2218056035181964,0.4207186244385443,0.4054848667486589,76,550,0.1866322671664421,0.0863636363636363,1.967057704925537,True,2,0.699403288970273,0.1381818181818181,0.392577784949039,0.3119928691044907,0.7807357667584941,0.730118726522565,76,550,0.699403288970273,0.0863636363636363,1.015574336051941,True,2
3bz9__2__2.A__2.F,c1599,0.3166733201670542,0.1408730158730158,0.2711720555361347,0.2452488364429304,0.4703713057627254,0.4755609543276853,71,504,0.2487456183018457,0.0866910866910866,1.8679323196411133,True,2,0.6357022378686312,0.1408730158730158,0.4082488880858043,0.3761327187845578,0.7182763995263995,0.6513077129736328,71,504,0.6357022378686312,0.0866910866910866,1.2239042520523071,True,2
3bz7__2__2.A__2.E,c1599,0.2818757334605752,0.1381818181818181,0.2490013082429887,0.2156793021513045,0.4092704194943499,0.431668696477293,76,550,0.1632670282204626,0.0735009671179884,1.9665918350219729,True,2,0.6808557645947458,0.1381818181818181,0.3923841189658993,0.3268411130524905,0.7653063098517644,0.6958903356459747,76,550,0.6808557645947458,0.0735009671179884,1.035145878791809,True,2
3ctl__1__1.B__1.I_1.J,c1173,0.4908514609612763,0.1443965517241379,0.2619292737298226,0.2214102195609496,0.6136669850778307,0.4904303643886977,67,464,0.4398964660091624,0.0951704545454545,1.9624632596969604,True,2,0.7065816113864104,0.1443965517241379,0.2891425166218961,0.2447156700103858,0.7400051106301107,0.7203533635676492,67,464,0.7065816113864104,0.0951704545454545,0.79021155834198,True,2
3ctl__1__1.C__1.K_1.L,c1173,0.4817860040031801,0.1508620689655172,0.2730265669660993,0.2218275945365279,0.5847598534363241,0.5106631639964974,70,464,0.4612687006737799,0.0994318181818181,1.95213782787323,True,2,0.748234808880055,0.1508620689655172,0.3151094759536129,0.2493647578619568,0.7896572293447294,0.7588605442176871,70,464,0.748234808880055,0.0994318181818181,0.7561172246932983,True,2
3ctl__1__1.A__1.G_1.H,c1173,0.5137192094000417,0.1443965517241379,0.2626699283466556,0.2041283160856064,0.6055729129616514,0.5110607290436837,67,464,0.4790013558808283,0.1046875,1.9567960500717163,True,2,0.7179452888583365,0.1443965517241379,0.2814895702349061,0.2357973685053111,0.7531294515669515,0.7640352797455069,67,464,0.7179452888583366,0.1046875,0.7248291969299316,True,2
3ctl__1__1.D__1.M_1.N,c1173,0.4944012412640091,0.1530172413793103,0.2685887593015149,0.2351084652443737,0.5691707099928365,0.5175745517709804,71,464,0.474158211299507,0.1056547619047619,1.9644912481307983,True,2,0.7558174479114005,0.1530172413793103,0.3248472035953503,0.2491841824475634,0.7779803727046374,0.7335206944730754,71,464,0.7558174479114006,0.1056547619047619,0.7395479083061218,True,2
3ctl__1__1.F__1.Q_1.R,c1173,0.4992473068550789,0.15,0.2672469581910904,0.2699248681458411,0.5985699582620538,0.5635886633208061,72,480,0.4696111311005204,0.1125,2.049224615097046,True,2,0.754160233060572,0.15,0.3163862899608514,0.2753404688145598,0.7737900491393138,0.7854939703153989,72,480,0.754160233060572,0.1125,0.7220999598503113,True,2
3ctl__1__1.E__1.O_1.P,c1173,0.4930064028017826,0.1508620689655172,0.2614350356794182,0.2066956432646132,0.6061670465327585,0.5278651595318262,70,464,0.4702659185346409,0.1041666666666666,1.9588522911071775,True,2,0.7536810661285634,0.1508620689655172,0.3149400328811748,0.2679403919178823,0.7708194780437427,0.7457180650037794,70,464,0.7536810661285636,0.1041666666666666,0.7439823150634766,True,2
3a20__1__1.A_1.B__1.C,c1089,0.5860049453827992,0.117908787541713,0.3356140044562017,0.1793433499189289,0.6566153171798333,0.7855810017935202,106,899,0.5820338565188439,0.092414995640802,2.969700574874878,True,2,0.7750062662382632,0.117908787541713,0.3535334877988367,0.2284369168739878,0.8045121724153982,0.8267538051327331,106,899,0.7750062662382632,0.092414995640802,0.7413428425788879,True,2
3dnt__1__1.A__1.C_1.D_1.E,c2488,0.4411949058986131,0.1114369501466275,0.2305849697028014,0.1912740057089657,0.6237552709348124,0.5443372922099712,114,1023,0.4007263475473684,0.0817204301075268,2.805250883102417,True,2,0.6900155844322019,0.1114369501466275,0.2523333699063803,0.1785001767220334,0.7651310427923331,0.7536565832663578,114,1023,0.6900155844322019,0.0817204301075268,0.8484163284301758,True,2
3a20__1__1.A_1.B__1.D,c1089,0.5946688473014003,0.1198156682027649,0.3595583205956297,0.1827309893177864,0.6596271858368633,0.7972522037822736,104,868,0.5917726987765801,0.090671316477768,2.930783271789551,True,2,0.7555303685445803,0.1198156682027649,0.3555754452019596,0.2275214568153004,0.7870748964297353,0.8335642069249196,104,868,0.7555303685445802,0.090671316477768,0.8328126072883606,True,2
3dnt__2__1.B__1.G_1.H_1.I,c2488,0.4585275553439882,0.1108870967741935,0.2293590753734282,0.1798026142189659,0.6289062341481695,0.5389550355531718,110,992,0.436767991600779,0.0909842845326716,2.752869844436645,True,2,0.6800483926487882,0.1108870967741935,0.2466984826622986,0.171132556229787,0.7444910018297114,0.7597320069182814,110,992,0.6800483926487882,0.0909842845326716,0.8864815831184387,True,2
3d9s__1__1.A_1.B_1.C_1.D__1.E,c4511,0.1016886025883913,0.0703947368421052,0.0791932881926096,0.0731298595323139,0.2961909508434053,0.2277311310881098,107,1520,0.0730978288198976,0.0541497975708502,5.866147518157959,True,2,0.4452876288595542,0.0703947368421052,0.1435270241956267,0.1175397835485709,0.6148355226772173,0.5275079400495085,107,1520,0.4452876288595542,0.0541497975708502,2.691972494125366,True,2
3b0y__1__1.A__1.B_1.D_1.E,c31,0.2174315484187477,0.0909090909090909,0.1337489815958935,0.1133274347609051,0.3551364723239723,0.3795752552186376,62,682,0.2022228408821409,0.0606060606060606,2.563188314437866,True,2,0.2518017481317688,0.0909090909090909,0.1386598170554833,0.1342702483932052,0.4210360535147686,0.3817857435965021,62,682,0.2518017481317688,0.0606060606060606,2.023172616958618,True,2
3apw__2__1.B__1.D,c3321,0.1897341852068713,0.0874074074074074,0.165842147821452,0.1528959298679061,0.3253585725930589,0.3047607945212726,59,675,0.1676989030184471,0.0655555555555555,2.013822317123413,True,2,0.3565594049342536,0.0874074074074074,0.2145239855832946,0.1438684200143875,0.466714034757513,0.7077822558685757,59,675,0.3565594049342535,0.0655555555555555,1.1413055658340454,True,2
3agy__1__1.B__1.E,c5190,0.1366846896629375,0.0744680851063829,0.1649726136265432,0.1478984066729339,0.4248210340007214,0.1398580351624264,49,658,0.083427174643445,0.0386130811662726,3.7779815196990967,True,2,0.3013976405708736,0.0744680851063829,0.2014577259475218,0.1704755066619653,0.6149821966228217,0.2401561589036809,49,658,0.3013976405708736,0.0386130811662726,2.4910788536071777,True,2
3apw__1__1.A__1.C,c3321,0.2147027500035571,0.1022222222222222,0.1557825564189461,0.1455152674332928,0.3618410562261955,0.2946769876108076,69,675,0.1916878161825957,0.0745945945945946,2.0193915367126465,True,2,0.3094397213826793,0.1022222222222222,0.1682593432534164,0.1533264539186895,0.4237929175399763,0.5253116085572123,69,675,0.3094397213826793,0.0745945945945946,1.3113734722137451,True,2
3amf__1__1.A_1.B__1.C,c1089,0.6128941215206258,0.1129032258064516,0.343468658612971,0.1879130943090172,0.6638847950138274,0.7993247744948425,105,930,0.577150208826861,0.0691244239631336,2.902578592300415,True,2,0.7995070193483421,0.1129032258064516,0.3550925897245804,0.2401739664914058,0.8097288477011979,0.8233750572834889,105,930,0.7995070193483421,0.0691244239631336,0.8070524334907532,True,2
3apv__2__1.B__1.E,c3321,0.1891663419386222,0.1088435374149659,0.1603731702471198,0.1376172322087309,0.3124751607181947,0.3398245204037258,48,441,0.1071015779010039,0.0617760617760617,1.8611778020858765,True,2,0.18485557534959,0.1088435374149659,0.157250691975832,0.1404743138744279,0.4056078788676827,0.337944285566251,48,441,0.18485557534959,0.0617760617760617,1.6943203210830688,True,2
3apv__1__1.A__1.C_1.D,c3321,0.2573090478391435,0.1133786848072562,0.1851399984236118,0.2056612232052575,0.4244082886949922,0.4153728429881274,50,441,0.1732735561828852,0.0744047619047619,1.813583493232727,True,2,0.2984154561322605,0.1133786848072562,0.170344622272088,0.1901771887258657,0.4534034240613189,0.4852763314257122,50,441,0.2984154561322605,0.0744047619047619,1.1863446235656738,True,2
3amf__1__1.A_1.B__1.E,c1089,0.5966661675898092,0.1242532855436081,0.3565373394198339,0.1680995921990385,0.6570929608026382,0.7800760269045215,104,837,0.5698446532320763,0.0762463343108504,2.8831100463867188,True,2,0.7791280913392239,0.1242532855436081,0.374188455565718,0.2253670910187692,0.8001394125587675,0.81020068589579,104,837,0.7791280913392239,0.0762463343108504,0.8195293545722961,True,2
3awh__1__1.A_1.B__1.C,c1089,0.5910906985079452,0.1167964404894327,0.3310005267866477,0.1771202333004458,0.7117369145191725,0.7820766701248894,105,899,0.535841678483196,0.0806451612903225,2.8979082107543945,True,2,0.787164657569181,0.1167964404894327,0.3535720099926631,0.2278730959639689,0.8120783709378181,0.8407640703122711,105,899,0.7867037500261173,0.0806451612903225,0.8226012587547302,True,2
3awh__1__1.A_1.B__1.E,c1089,0.6102518442867632,0.1242532855436081,0.3437545227125037,0.1583473306690244,0.6801748072715813,0.7774467638647887,104,837,0.5573716541244641,0.0684660961158657,2.887460231781006,True,2,0.7927129489457639,0.1242532855436081,0.3763574852917121,0.217339658354899,0.830750347059645,0.8096252356020078,104,837,0.7927129489457639,0.0684660961158657,0.8122186660766602,True,2
3axs__1__1.A__1.C,c1987,0.5379739187386667,0.1174968071519795,0.3724165053675135,0.211858621285255,0.6689611970178276,0.6956886479803905,92,783,0.5017601556959236,0.0709876543209876,2.805582284927368,True,2,0.8389765421808777,0.1174968071519795,0.3670650042800604,0.2035560305767072,0.8296796002351557,0.8285210812424679,92,783,0.8389765421808777,0.0709876543209876,0.5391625761985779,True,2
3agy__1__1.A__1.C,c3461,0.2277596747956196,0.0722394220846233,0.185461136280464,0.1453265264608687,0.4691070557349626,0.2990503398807815,70,969,0.0857284652870313,0.0442757748260594,4.591407775878906,True,2,0.385464337761995,0.0722394220846233,0.1988217861302389,0.1424743115000558,0.6711546528406993,0.499974641601601,70,969,0.385464337761995,0.0442757748260594,1.962726354598999,True,2
3axs__1__2.A__2.C,c1987,0.533534101890933,0.1174968071519795,0.3734777479894504,0.2131579615764064,0.6649363487119335,0.6863190640996328,92,783,0.5181050120087873,0.0811287477954144,2.815024852752685,True,2,0.8269324479153899,0.1174968071519795,0.3520003541621531,0.2231141231513658,0.8253986489700774,0.7985508274793988,92,783,0.8269324479153899,0.0811287477954144,0.5607635974884033,True,2
3au2__1__1.A__1.B_1.F_1.G,c31,0.231050271242648,0.0879765395894428,0.143300051203277,0.106876774307161,0.3583651161693489,0.373648588501927,60,682,0.1304692143874865,0.043010752688172,2.5639748573303223,True,2,0.2553922874672216,0.0879765395894428,0.1515661665448192,0.1440140219191234,0.4645166181632346,0.3670176475749285,60,682,0.2553824950661248,0.043010752688172,2.017385959625244,True,2
4a6s__2__1.C__1.I_1.J,c225,0.3640520900095045,0.1753246753246753,0.2975487989376878,0.2277189915299236,0.6558917093008001,0.397133239869212,54,308,0.1903434204356885,0.0818181818181818,2.1406283378601074,False,2,0.5483001881915808,0.1753246753246753,0.3973943377983782,0.2579090947850714,0.7150021863658227,0.6306397201283563,54,308,0.5483001881915808,0.0818181818181818,1.3283299207687378,True,2
3b0x__1__1.A__1.D_1.E_1.I,c31,0.281959024459089,0.0806451612903225,0.1653762493575628,0.1088450680901077,0.619984471550858,0.4595483576710599,60,744,0.2218581085302351,0.043010752688172,2.958046197891236,True,2,0.5916650686838598,0.0806451612903225,0.1704583260228421,0.145003159264019,0.80224126984127,0.6847335626776935,60,744,0.5916650686838598,0.043010752688172,1.069796442985535,True,2
4a6x__2__1.B__1.E_1.F,c124,0.5213635785748885,0.1321044546850998,0.236931865542143,0.1654254438826133,0.5837007168458781,0.7097921755071503,86,651,0.459136150300697,0.0711331679073614,3.2319860458374023,True,2,0.7863172380674964,0.1321044546850998,0.270130032508127,0.1919447952951211,0.7866538658474141,0.8138214698360803,86,651,0.7863172380674964,0.0711331679073614,0.777945876121521,True,2
4a8p__2__1.F__1.P,c103,0.3702836684135121,0.1903409090909091,0.2337605882862138,0.2521333432718338,0.463225387595792,0.5065326990029371,67,352,0.3581280045056147,0.1395833333333333,2.089268684387207,True,2,0.6195492826613958,0.1903409090909091,0.2470581407703435,0.2734493574564109,0.6315445973212517,0.6942293817293818,67,352,0.6195492826613956,0.1395833333333333,0.9482397437095642,True,2
4a8h__2__1.B_3.B__3.I,c103,0.5232720686739877,0.2218934911242603,0.3232856529479535,0.2972040173738838,0.6093211201232882,0.569065478172621,75,338,0.2894286004606299,0.1311188811188811,2.033085823059082,True,2,0.7253694002781648,0.2218934911242603,0.3371684530088912,0.3045029735959117,0.7762928737928738,0.7527859290180718,75,338,0.720249197701418,0.1311188811188811,0.8541848659515381,True,2
4a8h__2__1.B_2.B__1.I,c103,0.5224128740334331,0.2218934911242603,0.324765506427807,0.3002477543034753,0.5995165863320059,0.5721692679014108,75,338,0.4546821004838395,0.1407129455909943,2.0355050563812256,True,2,0.6993301818643007,0.2218934911242603,0.3328035814132504,0.297099226470409,0.7473179271708685,0.7055828866900294,75,338,0.6955237599479075,0.1407129455909943,0.9243782758712769,True,2
4a8h__1__1.A_2.A__2.C,c103,0.5143811016589652,0.2159763313609467,0.3100631062230693,0.2812932685486511,0.6145323694218839,0.5269045973867402,73,338,0.4454043967596505,0.1403846153846153,2.031205892562866,True,2,0.713317745704659,0.2159763313609467,0.3096338880212323,0.296744594350937,0.7638225297291231,0.7522768501339929,73,338,0.7133177457046592,0.1403846153846153,0.8938577771186829,True,2
4a8p__1__1.A_1.B__1.G,c103,0.3723989222415641,0.1629464285714285,0.256791874392293,0.2342353941646919,0.4483002630621217,0.5034979292498091,73,448,0.3291513380166539,0.111280487804878,2.1649816036224365,True,2,0.4863001145537477,0.1629464285714285,0.2467883619373546,0.2354042150215835,0.5011973685890441,0.619900238302494,73,448,0.4846961569417045,0.111280487804878,1.4681358337402344,True,2
4a8p__1__1.A_1.C__1.K,c103,0.3809441014418476,0.1629464285714285,0.2543979595772355,0.2426063074632953,0.4316978077230521,0.5477521503837293,73,448,0.2587210584382976,0.0970744680851063,2.168438673019409,True,2,0.4722335100759386,0.1629464285714285,0.2564859378416186,0.2220536494104019,0.5118223037204814,0.5785482475614054,73,448,0.452174849823132,0.0970744680851063,1.6825830936431885,True,2
4a8p__1__1.B_1.C__1.I,c103,0.4014563569609641,0.1594827586206896,0.2652141130541866,0.2870501787395972,0.4354894132948643,0.5204036109393251,74,464,0.3027332749353113,0.1027777777777777,2.149087429046631,True,2,0.3958854837352275,0.1594827586206896,0.2630215022288631,0.2616804490494298,0.4547540840345462,0.5335865361490362,74,464,0.3957162538606543,0.1027777777777777,1.7862672805786133,True,2
4a8p__2__1.D_1.E__1.O,c103,0.3669289153241633,0.1597222222222222,0.2471673432178715,0.2528768263465991,0.4457401769161637,0.4991166679324574,69,432,0.3347374255622909,0.1134868421052631,2.1777844429016118,True,2,0.5086571779350973,0.1597222222222222,0.2609788101036502,0.2253982275599096,0.5285112799131342,0.5912749259929712,69,432,0.5067085581774002,0.1134868421052631,1.5037697553634644,True,2
4a8h__1__1.A_3.A__1.C,c103,0.5273178432390178,0.2159763313609467,0.313978122953515,0.2751259608044721,0.6084543992123177,0.5657342630914058,73,338,0.396860179092704,0.1247863247863247,2.0328564643859863,True,2,0.7174949994455031,0.2159763313609467,0.3099627316983374,0.2570588288411649,0.7717092807477421,0.754695681302824,73,338,0.7174949994455028,0.1247863247863247,0.8960744738578796,True,2
4dve__1__1.A__1.D,c2689,0.3256442271392239,0.1818181818181818,0.3078548189517284,0.2489603196596544,0.3929455594269974,0.4367186029909244,64,352,0.202102174877562,0.1176470588235294,2.164642333984375,True,2,0.5825516662452367,0.1818181818181818,0.3544998096293327,0.3177709282622777,0.6776741425736961,0.6667089904143475,64,352,0.5825516662452366,0.1176470588235294,0.9795570373535156,True,2
4al9__2__1.F__1.I_1.X_1.Y,c225,0.3515422346777529,0.1275362318840579,0.2978369950207895,0.2427603699817374,0.590639880952381,0.5121913366069376,44,345,0.1573769685505929,0.061711079943899,2.4277141094207764,True,2,0.5277891824447116,0.1275362318840579,0.3128025054655489,0.3185830468229406,0.6111735833610834,0.6209832534391021,44,345,0.5277891824447115,0.061711079943899,1.715240716934204,True,2
4al9__2__1.H__1.CA_1.J,c225,0.2353884893579402,0.1275362318840579,0.2292411694585607,0.2038394413018173,0.4769291472416472,0.323231018042914,44,345,0.1149355559533142,0.0579710144927536,2.446885347366333,True,2,0.2037291352714215,0.1275362318840579,0.2829270257629941,0.2275507311812455,0.4789060245310245,0.341825067884236,44,345,0.2037291352714215,0.0579710144927536,2.355498075485229,True,2
4am8__1__1.A__1.H_1.I,c103,0.3636543985595885,0.1725,0.2568308854526717,0.2536972921069677,0.4795942508219294,0.4691583847786855,69,400,0.2856357965765459,0.0958333333333333,2.2036406993865967,True,2,0.5606864980760252,0.1725,0.257959409184023,0.2487422097923431,0.5894154871237745,0.6969349364086206,69,400,0.5581330845152705,0.0958333333333333,1.1269776821136477,True,2
4am8__1__1.B__1.M_1.N,c103,0.357308995774782,0.17,0.2465847979504281,0.2258712145600236,0.4413624364436156,0.5161552433920855,68,400,0.2723963685655917,0.1180555555555555,2.1890292167663574,True,2,0.4930688474549459,0.17,0.2469573163277919,0.2528484815844937,0.5297948102788328,0.6105686613581351,68,400,0.4903221609082825,0.1180555555555555,1.2106451988220217,True,2
4am8__1__1.C__1.Q_1.R,c103,0.3621888418946931,0.1725,0.2519677469501291,0.2552220223540326,0.4570840366060955,0.4976366503866504,69,400,0.2704015008848784,0.1002906976744186,2.20313572883606,True,2,0.5017263824114152,0.1725,0.2529383659351522,0.2470939827116502,0.5357440557808205,0.5558140378140378,69,400,0.4997135847574466,0.1002906976744186,1.2305690050125122,True,2
4am8__2__1.E__1.X_1.Y,c103,0.3536048838458492,0.17,0.2487742940505347,0.2469201690674685,0.4595117410002278,0.487954073217231,68,400,0.2529344569051911,0.096590909090909,2.1890642642974854,True,2,0.5381752866838395,0.17,0.2502674099383488,0.2432216790939491,0.5668517816508888,0.5945702445702445,68,400,0.5375958812072547,0.096590909090909,1.1286368370056152,True,2
4am8__2__1.D__1.T_1.U,c103,0.3638902104836131,0.17,0.2460945366143434,0.2670596839133866,0.4643236913549413,0.5042075131658464,68,400,0.3588696062424591,0.1180555555555555,2.212308406829834,True,2,0.4760122037318278,0.17,0.2459098248511464,0.2463355176267186,0.5294146420708921,0.6213804996443887,68,400,0.4684017368133429,0.1180555555555555,1.2976070642471311,True,2
4am8__2__1.F__1.AA_1.BA_1.V,c103,0.3599422445836509,0.1675,0.2388285934660299,0.235013315446657,0.4627138061421149,0.5051916756083421,67,400,0.3351053081478509,0.1101973684210526,2.1776907444000244,True,2,0.4975362591155052,0.1675,0.2409323026737598,0.2507136004333486,0.5411912015859385,0.5826725640614531,67,400,0.4900011153803777,0.1101973684210526,1.2131297588348389,True,2
4b11__2__1.B__1.J,c118,0.1826723765961252,0.1104218362282878,0.1633710377063646,0.1411296114358195,0.3373791972741463,0.3334645976024669,89,806,0.1372828605843469,0.06524926686217,2.6973588466644287,True,2,0.3512804158544262,0.1104218362282878,0.2399521374672077,0.2100566406765997,0.5378676348943573,0.4811898618839339,89,806,0.3512804158544262,0.06524926686217,1.7617504596710205,True,2
4b14__2__1.B__1.J,c118,0.2036102833285086,0.123342175066313,0.1636519433670483,0.1477756593007156,0.3414488888116437,0.3235962112901431,93,754,0.1277498435774064,0.0728840125391849,2.6339213848114014,True,2,0.5748802788484028,0.123342175066313,0.2493567036617967,0.2055028767941543,0.6739340203970022,0.6031090831863849,93,754,0.5748425776604632,0.0728840125391849,1.4123215675354004,True,2
4b14__3__1.C__1.P,c118,0.1853636473176002,0.123342175066313,0.1734400155545204,0.1525558456049255,0.3536499960428718,0.3054321982510737,93,754,0.1289006772178195,0.0697151424287856,2.5829668045043945,True,2,0.5190277624381121,0.123342175066313,0.2608541887840868,0.2258233492728691,0.6530120427320206,0.5343349613363432,93,754,0.519027762438112,0.0697151424287856,1.5400617122650146,True,2
4b14__1__1.A__1.E,c118,0.1834730939394079,0.129973474801061,0.1777931289086246,0.1507266693163675,0.30574423340392,0.2810918188294419,98,754,0.1246999750731303,0.0785886126704089,2.604240894317627,True,2,0.3907484381278042,0.129973474801061,0.2890625465528985,0.2207461505301414,0.545036390355882,0.3787764000622532,98,754,0.3900666212192483,0.0785886126704089,2.000974178314209,True,2
4b11__3__1.C__1.O,c118,0.1634757787708651,0.107940446650124,0.1466886136616297,0.130344909076333,0.3128588025337034,0.2750363422080196,87,806,0.1201156432229097,0.0668202764976958,2.684617757797241,True,2,0.3089633964450808,0.107940446650124,0.2205505124091134,0.1982953216226287,0.5111902983081701,0.4033878706486274,87,806,0.3089633964450808,0.0668202764976958,1.9755332469940183,True,2
4cae__3__1.C__1.R,c118,0.2622480963667369,0.10625,0.1833161995600972,0.1749956730784385,0.3558958701493289,0.3774202023121614,102,960,0.1501644401265947,0.0755555555555555,2.8083317279815674,True,2,0.5352672003728819,0.10625,0.2522402183540906,0.2109808848316322,0.659855810500702,0.5990368417969709,102,960,0.5352672003728818,0.0755555555555555,1.6029037237167358,True,2
4cae__1__1.A__1.G,c118,0.2805196453225063,0.1075268817204301,0.2122483028093852,0.1691512804470779,0.4129266524586136,0.4048680540950659,100,930,0.2608403764068848,0.0854700854700854,2.8097081184387207,True,2,0.6010870695604361,0.1075268817204301,0.2465300233314217,0.1973989807684606,0.7076988952405618,0.6605183477284926,100,930,0.6009866674358393,0.0854700854700854,1.3747111558914185,True,2
4ctn__1__1.A__1.C_1.D,c33,0.2707814069475535,0.1162561576354679,0.2252507588299254,0.2119169437753026,0.4339954989771035,0.3690722189390517,118,1015,0.2013520030275378,0.0767729342875731,2.984707355499268,True,2,0.581098882432207,0.1162561576354679,0.333743425940777,0.2054346871408693,0.6986886001084783,0.6606184276838163,118,1015,0.5810988824322071,0.0767729342875731,0.8749165534973145,True,2
4ctm__1__2.A__2.B,c33,0.3261879899157504,0.1519607843137254,0.3759086854068157,0.362038258206781,0.4722103813217681,0.3232944256509318,62,408,0.2491632222018479,0.0889526542324246,1.6602941751480105,True,2,0.5896375295928307,0.1519607843137254,0.4627856468728776,0.3503112455260605,0.6419623340903617,0.6324931821990646,62,408,0.5896375295928306,0.0889526542324246,1.0856722593307495,True,2
4d6p__1__1.A__1.C_1.E,c124,0.5156610168243159,0.130568356374808,0.2722656217912385,0.1747290879497224,0.5976812895246078,0.6358881435414457,85,651,0.4161564872212001,0.074106364428945,3.2439839839935303,True,2,0.7391941800136919,0.130568356374808,0.2864711253326054,0.2103331459300585,0.7691781874039939,0.7577505334792001,85,651,0.7391941800136919,0.074106364428945,0.8015691637992859,True,2
5aju__1__1.A_2.A__1.B,c2020,0.3089022524270243,0.1493506493506493,0.2635981039319548,0.2126341983647381,0.4974291200252739,0.4082793502793502,46,308,0.2433274715987857,0.0888030888030888,1.735936403274536,True,2,0.5697929180935839,0.1493506493506493,0.2905480034316351,0.2908444770754459,0.6134459984459985,0.7110919820919821,46,308,0.5697929180935839,0.0888030888030888,0.8521876335144043,True,2
4cto__1__1.A__1.B,c33,0.281856642620847,0.12375,0.2749947889506404,0.217946724616413,0.4086258410925459,0.371678075902654,99,800,0.2047604354957325,0.088,2.55692720413208,True,2,0.6080727657398016,0.12375,0.3218612717710757,0.2709817614365164,0.7272749250749251,0.6846998971895185,99,800,0.6080727657398014,0.088,0.7575618028640747,True,2
4ctn__1__2.A__2.C_2.D,c33,0.2639273041232652,0.1162561576354679,0.227101763333112,0.2025736076755936,0.4319402959021752,0.3548040740753555,118,1015,0.2509364220623499,0.086573734409391,2.9825358390808105,True,2,0.5957911644915648,0.1162561576354679,0.3342256001079307,0.2164981779526616,0.7047691957580394,0.6651147131245209,118,1015,0.5957911644915647,0.086573734409391,0.877026379108429,True,2
5aju__1__1.A_2.A__2.B,c2020,0.3167885132980323,0.1493506493506493,0.2647627002052468,0.1762348138096752,0.4892961205461205,0.4492908757908758,46,308,0.2638138172930203,0.0782312925170068,1.7368690967559814,True,2,0.5614058885265893,0.1493506493506493,0.2917212263439885,0.2050161762425703,0.6050668775668776,0.6563618233618231,46,308,0.5593890983383556,0.0782312925170068,0.8921074867248535,True,2
4cto__1__2.A__2.B,c33,0.2800289862338721,0.12375,0.2751460451018965,0.2215887037599481,0.3975394909856748,0.3762149508191028,99,800,0.245757720503001,0.0942857142857142,2.557488203048706,True,2,0.5883021753423509,0.12375,0.3213458308077496,0.2331339485006923,0.7265103507603508,0.6656904578995694,99,800,0.5883021753423509,0.0942857142857142,0.7881054878234863,True,2
4d6p__2__1.B__1.G_1.H,c124,0.5294060991683637,0.1351766513056835,0.2459097751828565,0.1595886264368916,0.5594518708302932,0.640633357481206,88,651,0.4995039595963706,0.0811059907834101,3.2571780681610107,True,2,0.8006759494007158,0.1351766513056835,0.2895451864994301,0.1767384165183632,0.779342037890425,0.8846511971446612,88,651,0.8006759494007157,0.0811059907834101,0.8024908900260925,True,2
4ctm__1__1.A__1.B,c33,0.318197405837138,0.1519607843137254,0.3862865586404764,0.3368504537208085,0.4574165796192551,0.3123843416436999,62,408,0.2531933903496681,0.0889526542324246,1.6585265398025513,True,2,0.5383850950928514,0.1519607843137254,0.4414358837396388,0.3973317580582728,0.650749534263466,0.5618301721825192,62,408,0.5383850950928513,0.0889526542324246,1.1531083583831787,True,2
5ajp__1__1.A_1.B__1.C_1.E,c186,0.4455651666547063,0.1176470588235294,0.27894154271597,0.2264038632008076,0.6030849702584996,0.6491510041627613,100,850,0.3811425243080532,0.074074074074074,2.5511178970336914,True,2,0.803007277619022,0.1176470588235294,0.2764783060077178,0.2426510023022234,0.831915873015873,0.8508550825965685,100,850,0.803007277619022,0.074074074074074,0.7312856316566467,True,2
5bnr__1__1.A__1.B,c161,0.3002707816913718,0.1311728395061728,0.2353384197501845,0.2104096981150656,0.344170169132212,0.4231049125032921,85,648,0.2328013814433434,0.0668238993710691,2.680249691009521,True,2,0.5910889159103717,0.1311728395061728,0.2225942879566423,0.1789933947214201,0.6672202736876649,0.7072770922568715,85,648,0.5910889159103716,0.0668238993710691,0.8432633876800537,True,2
5bqs__1__1.A_1.B__1.F,c161,0.352741772244001,0.1220238095238095,0.271184123614694,0.2265204030251114,0.4787388328145832,0.4427986606186033,82,672,0.2166971766144808,0.0657051282051282,2.734092712402344,True,2,0.7291401513100307,0.1220238095238095,0.2300498170939295,0.190433741169118,0.7448674242424242,0.8026017053933721,82,672,0.7291401513100307,0.0657051282051282,0.8670350909233093,True,2
5cbs__1__1.A__1.E_1.H,c7,0.4083909501080667,0.1605263157894736,0.3809666915894394,0.3194999899213208,0.5143338212068862,0.3784520485480721,61,380,0.353509581989943,0.0783055198973042,2.1040022373199463,True,2,0.4765471326487497,0.1605263157894736,0.3895476836037918,0.3265564167829824,0.5744657827552564,0.5754262766441075,61,380,0.4704119776486952,0.0783055198973042,1.6989848613739014,True,2
5cbs__1__1.C__1.V,c7,0.4464216586790058,0.1578947368421052,0.3764176223386749,0.3334731561404154,0.5780484330484331,0.4070496805682564,60,380,0.3888394850029704,0.0770218228498074,2.1461360454559326,True,2,0.5367941741734454,0.1578947368421052,0.397923921337234,0.31475244707787,0.6223196881091617,0.5366371186003538,60,380,0.5314329314651028,0.0770218228498074,1.5998646020889282,True,2
5bxv__1__1.A__1.E,c326,0.4865981663696273,0.1147186147186147,0.307281083696178,0.2951679285180923,0.6461860670194002,0.60741269323487,53,462,0.4485609268238998,0.0553814002089864,2.6063337326049805,True,2,0.691074752879923,0.1147186147186147,0.3078980196475908,0.2402787759735951,0.8576131687242798,0.7085844349190213,53,462,0.6910747528799231,0.0553814002089864,1.3657938241958618,True,2
5c79__1__1.A__1.C,c6049,0.2569250934416528,0.0754147812971342,0.1619386169386169,0.1286237924225226,0.4635623635623635,0.3363916365663952,50,663,0.2293636926424898,0.0457875457875457,3.3744354248046875,True,2,0.3097365702397648,0.0754147812971342,0.1539547271900213,0.109843560788213,0.4467722606611495,0.4285485715718645,50,663,0.3097365702397648,0.0457875457875457,2.284643650054932,True,2
5cbs__2__1.B__1.M_1.P,c7,0.4320014114878687,0.1717451523545706,0.3875831988123509,0.3353154907903765,0.528192126644139,0.3972540727264508,62,361,0.2576019220392605,0.0858725761772853,2.0800974369049072,True,2,0.5387233403969869,0.1717451523545706,0.4069474702589154,0.375055830151262,0.6366569979727874,0.6009409962994522,62,361,0.5359176782008289,0.0858725761772853,1.6393870115280151,True,2
5bxv__2__1.C__1.F,c326,0.5683929685975726,0.1168831168831168,0.2977635906928836,0.3065621713070808,0.6932005494505494,0.6187735597083658,54,462,0.55459950301302,0.0629370629370629,2.824570178985596,True,2,0.7333990316341347,0.1168831168831168,0.3128423079601531,0.3144173134924576,0.8556089743589742,0.6586948194196094,54,462,0.7333990316341348,0.0629370629370629,1.2771031856536863,True,2
5c79__2__1.B__1.E,c6049,0.2056815909485995,0.0783475783475783,0.1392244683421153,0.1266822327339369,0.4199711716159084,0.306726907485346,55,702,0.1804101421215925,0.048629531388152,3.5699706077575684,True,2,0.2081007946961262,0.0783475783475783,0.1718000938455484,0.1479013666733597,0.4404285257226433,0.3501084415914583,55,702,0.2081007946961262,0.048629531388152,2.6741316318511963,True,2
5a6z__1__1.A_1.B__1.E_1.I_1.J,c266,0.1722662576337126,0.0805555555555555,0.1380941312837864,0.1308635705322945,0.5286364612753501,0.2637972285521097,58,720,0.076803710744617,0.0379084967320261,2.754045009613037,True,2,0.1924054538295863,0.0805555555555555,0.1378193613538441,0.1615999329231345,0.6477448734393179,0.3630416546221112,58,720,0.1924054538295863,0.0379084967320261,1.9286366701126096,True,2
5ciy__1__1.A__1.D,c272,0.4988885770292784,0.1290322580645161,0.2762987161103957,0.2104424794536369,0.6601853005294301,0.6860840106424211,104,806,0.4044723238217252,0.0816326530612244,2.838430404663086,True,2,0.8931851713089309,0.1290322580645161,0.3681338538980835,0.2406169190177838,0.9281998556998556,0.9440856202620908,104,806,0.8931851713089309,0.0816326530612244,0.6112618446350098,True,2
5a6z__1__1.A_1.B__1.F_1.L_1.M,c266,0.1776805636631309,0.09375,0.1742638020415798,0.16535869676413,0.4813013511542923,0.2596541870247905,54,576,0.0677261907613897,0.0394736842105263,2.270461082458496,True,2,0.1492121626273544,0.09375,0.1837283886666602,0.2001406285393182,0.5661361514302691,0.1761094188467276,54,576,0.1492121626273544,0.0394736842105263,1.8376688957214355,True,2
5d21__1__1.D__1.K_1.L,c225,0.3760894312338035,0.1777777777777777,0.4116505986297653,0.2750528381530102,0.7003720045386712,0.4330096292596293,48,270,0.1669801081702591,0.0919540229885057,1.886979579925537,False,2,0.6504751004688087,0.1777777777777777,0.5194143819143819,0.4026372146700097,0.7722366522366522,0.4888863573790044,48,270,0.6504751004688085,0.0919540229885057,1.438387155532837,True,2
5d21__1__1.B__1.G_1.H,c225,0.4015982290230465,0.1814814814814815,0.3320424221784766,0.2849474462757521,0.5913480038480038,0.4243617352641417,49,270,0.1561321950462019,0.0938697318007662,1.890269160270691,False,2,0.7575267526340627,0.1814814814814815,0.5142785156390598,0.3569035133262579,0.910236391694725,0.7364941567147448,49,270,0.7575267526340627,0.0938697318007662,1.028308629989624,True,2
5d21__1__1.A__1.E_1.F,c225,0.3866902166329633,0.1777777777777777,0.4085641788766788,0.3022027617013797,0.6934912926579593,0.4110104478854479,48,270,0.2069283797583811,0.0833333333333333,1.888670563697815,False,2,0.7042005063393936,0.1777777777777777,0.514692184744268,0.4161477077174748,0.8356106856106855,0.6352335572923808,48,270,0.7010028694065557,0.0833333333333333,1.2821574211120603,True,2
5d21__1__1.C__1.I_1.J,c225,0.3844747450049212,0.1851851851851851,0.4031210826210826,0.2999750944550237,0.6888384994634994,0.3818050271425939,50,270,0.17312227952288,0.0868055555555555,1.8955236673355105,False,2,0.702813806400985,0.1851851851851851,0.5111759259259259,0.4475807268994725,0.8033595031511698,0.6112526313061072,50,270,0.7006802103718655,0.0868055555555555,1.3122142553329468,True,2
5b2e__1__1.B_1.C__1.K_1.L_1.M,c1299,0.2276680390913477,0.1466346153846154,0.2835018748899042,0.2395347870100326,0.4338569478366851,0.3126222047353,61,416,0.1438910196736469,0.0977564102564102,1.7884336709976196,True,2,0.4082688321589394,0.1466346153846154,0.3473911391431883,0.2725090068230613,0.4948818590818121,0.4594336797461797,61,416,0.4082688321589394,0.0977564102564102,1.5422343015670776,True,2
5b2e__1__1.A_1.B__1.H_1.I_1.J,c1299,0.2852344468243553,0.1466346153846154,0.282277458606333,0.2432721184279631,0.4342999070474258,0.3352609744057112,61,416,0.1674629346851605,0.0929878048780487,1.766669988632202,True,2,0.4431348864819895,0.1466346153846154,0.3370582272858711,0.2895641563091614,0.5872446000544185,0.4578845094963515,61,416,0.4431348864819895,0.0929878048780487,1.48576557636261,True,2
5b2e__1__1.A_1.C__1.D_1.E_1.G,c1299,0.3004864288552974,0.141826923076923,0.2721875627680631,0.2605633898818146,0.4816130971260333,0.3205089740506407,59,416,0.2422215895493939,0.0970394736842105,1.7782554626464844,True,2,0.4173679237838216,0.141826923076923,0.3306485780239683,0.3138833206074448,0.5335038938054059,0.525214022089022,59,416,0.4173679237838216,0.0970394736842105,1.3952538967132568,True,2
6bem__1__1.D__1.F_1.I_1.M,c31,0.36881651991731,0.109717868338558,0.2263939648344626,0.2117262147978074,0.5031190700833558,0.4100813886169229,70,638,0.2481630727183179,0.0635208711433756,2.594677686691284,True,2,0.6375822190575916,0.109717868338558,0.1881336766681594,0.1896086479806197,0.7768879731379731,0.7349144549878185,70,638,0.6375822190575917,0.0635208711433756,0.9413695335388184,True,2
6bel__1__1.D__1.F_1.G_1.K,c31,0.3557621778947686,0.1079460269865067,0.2236385045406521,0.2266403628485459,0.455158030753965,0.3947460226322744,72,667,0.290907510291344,0.0653357531760435,2.553860664367676,True,2,0.5876371092776812,0.1079460269865067,0.2067752330683365,0.2237063528354256,0.7154941046607712,0.641813525554097,72,667,0.5876371092776812,0.0653357531760435,1.0276247262954712,True,2
6btf__1__1.A__1.G_1.H_1.I,c31,0.4305259790697758,0.108695652173913,0.218297859436815,0.1905538078098647,0.5485980792711562,0.5468256905776256,70,644,0.3847404804318894,0.0595238095238095,2.630509376525879,True,2,0.5572788455058816,0.108695652173913,0.1931577903389127,0.1743782548750009,0.6977555381126808,0.6494494146204671,70,644,0.5572788455058815,0.0595238095238095,1.0746928453445437,True,2
6bt4__1__1.A__1.B,c1881,0.3113340998796474,0.1014705882352941,0.286345002089887,0.2482873889057093,0.5439312376175833,0.4222817362050703,69,680,0.2389417955199386,0.0596885813148788,2.65127182006836,True,2,0.3190068294813975,0.1014705882352941,0.3189164203230699,0.2366182087046324,0.5577566351273248,0.3943422307636083,69,680,0.3190068294813975,0.0596885813148788,2.2996597290039062,True,2
6cwh__4__1.D__1.H,c1881,0.3771974183935858,0.196078431372549,0.3471024917903669,0.2839758570795304,0.4949612292469434,0.5173755705127528,70,357,0.193346793558953,0.1075268817204301,1.8701612949371336,True,2,0.6237996039140935,0.196078431372549,0.4274880844778803,0.3485333996580051,0.7133821205249776,0.7145319659944479,70,357,0.6237754563240231,0.1075268817204301,1.071892261505127,True,2
6cwi__1__1.A__1.C_1.E,c1881,0.3917717720206792,0.1825396825396825,0.3318908202448575,0.2763770060067956,0.5023639455782312,0.486400269728755,69,378,0.2734441234890223,0.1216931216931216,1.8946939706802368,True,2,0.6845520566899916,0.1825396825396825,0.3928367756007507,0.35666206208163,0.742430083144369,0.7796241336902521,69,378,0.6845520566899916,0.1216931216931216,0.970767080783844,True,2
6ctu__1__1.D__1.H_1.I_1.K,c31,0.3109868185600016,0.1055555555555555,0.2092570361822439,0.2029070253191545,0.4617737566335061,0.3802846282497692,76,720,0.3001562130865548,0.0817204301075268,2.584599733352661,True,2,0.5805992947166123,0.1055555555555555,0.2036822935836094,0.1750921859308123,0.7340801867885202,0.6864700364879188,76,720,0.5805992947166124,0.0817204301075268,1.0403610467910769,True,2
6ctv__1__1.D__1.F_1.G_1.K,c31,0.3734865324275319,0.108695652173913,0.2200895632747025,0.1792542707015281,0.4800251681255661,0.4269037675251372,75,690,0.3141347612268275,0.0675675675675675,2.5222830772399902,True,2,0.5426298893422311,0.108695652173913,0.2118023026356359,0.1518215056868693,0.724755100866212,0.6223276663956187,75,690,0.5426298893422311,0.0675675675675675,1.038682222366333,True,2
6cwi__2__1.B__1.F_1.G,c1881,0.3621537014313297,0.2016806722689075,0.3342094020548735,0.2909768063702626,0.4229750584512489,0.5221818546884038,72,357,0.243497910984825,0.1038961038961039,1.8639596700668333,True,2,0.6442348770691624,0.2016806722689075,0.4277710494972399,0.3995466763418115,0.7401925719782863,0.7804860841420141,72,357,0.6442348770691623,0.1038961038961039,1.0019534826278689,True,2
6cu9__1__1.A__1.E_1.F_1.I,c31,0.4134501981317212,0.0989010989010989,0.2125603191451405,0.2195291143121766,0.5043785422841318,0.5027045466772772,72,728,0.3721267764779127,0.0642857142857142,2.6414639949798584,True,2,0.5544721166277149,0.0989010989010989,0.2455798838895827,0.2140950184925412,0.7614850427350427,0.6723265514927804,72,728,0.5544721166277148,0.0642857142857142,1.0452547073364258,True,2
6cr4__1__1.D__1.E_1.F_1.I,c31,0.4682288383782184,0.1130434782608695,0.2479585646742509,0.1959892109113614,0.6296070246280331,0.5181295606341936,78,690,0.2633059774235979,0.0619047619047619,2.725426435470581,True,2,0.6826592908097908,0.1130434782608695,0.2571200991553555,0.1858289924610371,0.8042891561386459,0.688471872360952,78,690,0.682659290809791,0.0619047619047619,0.9308972358703612,True,2
6cwf__1__1.A__1.C,c1881,0.3946945801397866,0.1988795518207282,0.3200681609960815,0.2727598456192727,0.5199053591910735,0.5129099617482269,71,357,0.3016194844671602,0.1408730158730158,1.915264368057251,True,2,0.606767193715888,0.1988795518207282,0.4144485656306581,0.3599752940721726,0.6854846211989069,0.6145129864661049,71,357,0.606767193715888,0.1408730158730158,1.0970454216003418,True,2
6cwh__1__1.A__1.E,c1881,0.3452262367014399,0.2016806722689075,0.3269499947954664,0.3043384291182723,0.4115599700123509,0.4869764789067712,72,357,0.1853961716994219,0.1105990783410138,1.8804446458816528,True,2,0.6300699766768579,0.2016806722689075,0.4222965673362499,0.4050871522377671,0.7398732220160791,0.7703142422674708,72,357,0.6300699766768578,0.1105990783410138,1.0676116943359375,True,2
6cwf__2__1.B__1.D,c1881,0.4067514420000773,0.18796992481203,0.359353329210472,0.3255971753007984,0.5100163460877747,0.5356309112741805,75,399,0.2956526023715807,0.1152073732718894,1.94291090965271,True,2,0.7020574423145617,0.18796992481203,0.4268530376149423,0.4029897868171027,0.785033841819556,0.8470329216035755,75,399,0.7020574423145616,0.1152073732718894,0.987293779850006,True,2
6cua__1__1.A__1.E_1.F_1.I,c31,0.2487204411861165,0.0771388499298737,0.1439714028328829,0.1264937829521203,0.4783344396831238,0.4140373222046979,55,713,0.1712858966370067,0.047951176983435,2.9733636379241943,True,2,0.3974316297875234,0.0771388499298737,0.1541623869776363,0.145344127549115,0.6747741147741149,0.580967706061691,55,713,0.3974316297875235,0.047951176983435,1.4484212398529053,True,2
6ctn__1__1.D__1.G_1.H_1.I,c31,0.3181325739842885,0.1114369501466275,0.2221450403963137,0.2134293912611733,0.509581368738316,0.3170912321389842,76,682,0.2942625317939488,0.068100358422939,2.5308878421783447,True,2,0.4026179732321486,0.1114369501466275,0.1858382914509949,0.1991352210425287,0.6367274344429518,0.5126672461716321,76,682,0.4026179732321486,0.068100358422939,1.310395121574402,True,2
6cwh__2__1.B__1.F,c1881,0.3558050907341324,0.2044817927170868,0.3244457479535757,0.2556339450849542,0.4348778734493019,0.5179362594320024,73,357,0.1785341621981433,0.1241496598639455,1.883591055870056,True,2,0.6294658524225207,0.2044817927170868,0.4275081047096702,0.3493573760311462,0.7393346732632446,0.7403713251215633,73,357,0.6294658524225207,0.1241496598639455,1.0750151872634888,True,2
6cwh__3__1.C__1.G,c1881,0.3443936845536501,0.2016806722689075,0.3251078517826884,0.2877845112553297,0.4107284558475034,0.5141312940442198,72,357,0.2209753348985719,0.1142857142857142,1.883303165435791,True,2,0.6262395352180139,0.2016806722689075,0.4395655986429796,0.3794100391049063,0.7127739984882842,0.748922344150077,72,357,0.6262395352180139,0.1142857142857142,1.0595523118972778,True,2
6cwr__1__1.A__1.B,c1881,0.4009926604491412,0.1764705882352941,0.3703408034073633,0.2580329092033172,0.5096415951773094,0.4880089828101191,63,357,0.237720898249832,0.0967741935483871,1.9203667640686035,True,2,0.5918972784097222,0.1764705882352941,0.4597943722943722,0.3611728293364146,0.748304043839758,0.5288437185185971,63,357,0.5907718282296502,0.0967741935483871,1.2537667751312256,True,2
6ctw__1__1.D__1.H_1.I_1.J,c31,0.3382569774481553,0.1136363636363636,0.2167480991966028,0.1850516407612596,0.4606131814613958,0.4203716753989863,75,660,0.3286566341262333,0.0833333333333333,2.57397985458374,True,2,0.6650239737595448,0.1136363636363636,0.2064152434348513,0.1765105588222487,0.7484438775510204,0.8001048958822068,75,660,0.6650239737595448,0.0833333333333333,1.040372014045715,True,2
6ai9__1__1.B__1.D,c2032,0.3799867509944111,0.1410526315789473,0.1983659793139363,0.2074756050814319,0.4744074930917036,0.6220030237924895,67,475,0.3667637442044255,0.1037151702786377,2.060642719268799,True,2,0.6169944276939783,0.1410526315789473,0.2785415430186929,0.2531081925222522,0.6761775651249335,0.7109700956639732,67,475,0.6169705156901524,0.1037151702786377,1.0249018669128418,True,2
6cwl__1__1.A__1.C,c1881,0.2630448864701791,0.119047619047619,0.2255600838626049,0.1718920927840296,0.4595206859453183,0.4323064621482384,75,630,0.1338572093190228,0.0579150579150579,2.5440011024475098,True,2,0.363793380809659,0.119047619047619,0.3127797081225652,0.2525917409718692,0.5867230425824176,0.4480475026595421,75,630,0.3637933808096591,0.0579150579150579,1.5921670198440552,True,2
6cwl__2__1.B__1.D,c1881,0.2456597409649026,0.1160714285714285,0.1994960448586822,0.1791466472806244,0.4763098013098013,0.3159557699011933,65,560,0.1535484704326329,0.0687830687830687,2.3662798404693604,True,2,0.2937456867466319,0.1160714285714285,0.2363648219911956,0.2184183978517234,0.5050247180802736,0.3362075283658957,65,560,0.2934015481289331,0.0687830687830687,1.9028631448745728,True,2
6dia__1__1.A__1.E_1.G_1.J,c31,0.4756610951410853,0.0923295454545454,0.2326553627995935,0.1845657684863821,0.6630422850958564,0.4625872190137863,65,704,0.4505619987678803,0.0564236111111111,2.7433221340179443,True,2,0.6362718671929067,0.0923295454545454,0.2219496566781634,0.1711169430036995,0.7653061224489794,0.7199449014980801,65,704,0.6362494053779923,0.0564236111111111,1.312867283821106,True,2
6ai9__1__1.A_1.B__1.C,c2032,0.3735791403863548,0.1513157894736842,0.2233085269227414,0.2530660879078438,0.4772834446828254,0.5373697107695707,69,456,0.3537846916367297,0.1068111455108359,2.045804023742676,True,2,0.5641155595745346,0.1513157894736842,0.2857657590461467,0.3080705388307334,0.6327491222228063,0.6582429409215124,69,456,0.5641155595745346,0.1068111455108359,1.0357462167739868,True,2
6aik__1__1.A_1.B__1.C,c2032,0.1525091848953026,0.073549257759784,0.1332905184126181,0.124951994948728,0.2759547968078748,0.262116350951712,109,1482,0.111352554055617,0.0537475345167652,4.279327869415283,True,2,0.2227149331387904,0.073549257759784,0.1603208995608926,0.1310360606662186,0.3883177228244984,0.352841176139655,109,1482,0.2226074185314723,0.0537475345167652,2.9369101524353027,True,2
6aip__1__1.A_1.B__1.D,c2032,0.1897165355103565,0.0850694444444444,0.1547385093516891,0.1455061773365866,0.3514178177363292,0.2988634831510982,98,1152,0.1499250701821345,0.0519067796610169,3.970566272735596,True,2,0.5853955622982258,0.0850694444444444,0.1704208242983534,0.1503676776611347,0.6418637081964755,0.6821990894722275,98,1152,0.5853955622982258,0.0519067796610169,1.3381072282791138,True,2
6aik__1__1.A_1.B__1.D,c2032,0.1230530981797361,0.0829562594268476,0.1457047308720336,0.1343846078243401,0.2719789096577454,0.2083105061112266,110,1326,0.0955545169459518,0.0553041729512317,4.485433578491211,True,2,0.1204359608322377,0.0829562594268476,0.1710375973722333,0.1280747094969564,0.2406694677077573,0.2271018538096477,110,1326,0.1185768852080962,0.0553041729512317,4.8485493659973145,True,2
6aim__1__1.A_1.B__1.D,c2032,0.2819507450472469,0.1158620689655172,0.2195250271437246,0.2059899617862299,0.4284268650739238,0.5134769495658148,84,725,0.2523978773057886,0.08,2.7242870330810547,True,2,0.563272878839097,0.1158620689655172,0.2495003174540989,0.2139910206274237,0.6697458874458875,0.6829514227243703,84,725,0.563272878839097,0.08,1.1703884601593018,True,2
6aim__1__1.A_1.B__1.C,c2032,0.330356583250016,0.1089655172413793,0.2207001284728631,0.2299406475986121,0.4706585840085839,0.5454620778223228,79,725,0.2649808884657125,0.079,2.6578869819641118,True,2,0.6141379934819913,0.1089655172413793,0.3083265201746215,0.2422815457754939,0.6704245421245422,0.718153852514135,79,725,0.6141379934819913,0.079,0.9464766383171082,True,2
6aip__1__1.A_1.B__1.C,c2032,0.1604212793589698,0.0836148648648648,0.1354453337477632,0.1379201144572259,0.34023141324153,0.2908196485269743,99,1184,0.1330038678924636,0.0491071428571428,4.050856113433838,True,2,0.5068213104977763,0.0836148648648648,0.1579250102377447,0.1259447070236549,0.6278990974303474,0.7193478039176525,99,1184,0.5068213104977765,0.0491071428571428,1.8391393423080444,True,2
7cms__1__1.A__1.C,c121,0.385727760417529,0.1577380952380952,0.4181620921007714,0.3164417743607376,0.4657494150049297,0.4276033159961731,53,336,0.255337329036173,0.0974264705882353,1.5722202062606812,True,2,0.5808384615988388,0.1577380952380952,0.4588648870783305,0.3924398532593173,0.6509747197247198,0.5806370481370482,53,336,0.5808384615988389,0.0974264705882353,1.0740793943405151,True,2
7cns__1__1.A_1.B__1.C_1.D,c3553,0.3328846604588003,0.1719576719576719,0.2777392362718801,0.2605930804666921,0.4318220365069105,0.6765051412707663,65,378,0.282909007921091,0.1132404181184669,2.057420015335083,True,2,0.4271616286037679,0.1719576719576719,0.4139125175800999,0.3240324315194419,0.5606012002659344,0.5535701618569921,65,378,0.4271616286037679,0.1132404181184669,1.6319973468780518,True,2
7cms__1__1.B__1.E,c121,0.3952081724474484,0.1611842105263158,0.3670605026059708,0.3201150959481572,0.5156867576867578,0.5955318572120519,49,304,0.1662923224512494,0.0875,1.6016569137573242,True,2,0.5877923961946792,0.1611842105263158,0.4588447762554905,0.3368279400659447,0.7193489658489658,0.6542165063471881,49,304,0.5877381412506973,0.0875,1.0292021036148071,True,2
7cns__1__2.A_2.B__2.C_2.D,c3553,0.3151492788393045,0.1719576719576719,0.3008387432811615,0.239710341622046,0.4282681899693177,0.6410063113969364,65,378,0.1944435360505066,0.0928571428571428,2.058736085891724,True,2,0.4282493437301463,0.1719576719576719,0.4104932445454423,0.3536483800805469,0.5642548248552625,0.5534109336843711,65,378,0.4282493437301463,0.0928571428571428,1.6784796714782717,True,2
7a5y__1__1.B__1.S_1.T_1.U_1.V,c159,0.3156168870486999,0.0830889540566959,0.2390688926905845,0.1697881547463935,0.4891154592402021,0.3504645114473662,85,1023,0.247798482921705,0.0623167155425219,3.097036361694336,True,2,0.559751622647162,0.0830889540566959,0.2515460007994713,0.1661994208652576,0.6469012782319233,0.6422589582189062,85,1023,0.5597516226471622,0.0623167155425219,0.967392086982727,True,2
7a5y__1__1.A__1.I_1.J_1.K_1.L,c159,0.3620290441635466,0.0840664711632453,0.2291330766801951,0.1776943674788513,0.5230661644641906,0.389164289901363,86,1023,0.2645721423297303,0.0577956989247311,3.204598188400269,True,2,0.5618303934050461,0.0840664711632453,0.245094902487211,0.1772290127544724,0.7115023726273725,0.6603297583797463,86,1023,0.5618303934050463,0.0577956989247311,0.97951078414917,True,2
7a5y__1__1.C__1.AA_1.BA_1.CA_1.Z,c159,0.3543226973408726,0.0866935483870967,0.2450976538111849,0.1734310384772987,0.5534476176637221,0.3824851832081082,86,992,0.2703840815283347,0.0577956989247311,3.109649419784546,True,2,0.5807211134471045,0.0866935483870967,0.2507819903343734,0.170025490228777,0.6992561928811928,0.6378853699274069,86,992,0.5807211134471044,0.0577956989247311,0.9447476267814636,True,2
7ag4__1__2.B__2.H,c1379,0.3213565826480821,0.2242424242424242,0.40078828662807,0.329662737685129,0.4701359007336083,0.4349016646933313,74,330,0.2466940135463424,0.1409523809523809,1.7686662673950195,True,2,0.5059504202503374,0.2242424242424242,0.467994472700355,0.3742677133973059,0.577116410485458,0.558573215364882,74,330,0.5032150444998936,0.1409523809523809,1.369497537612915,True,2
7a5y__1__1.D__1.GA_1.HA_1.IA_1.JA,c159,0.35905428067179,0.0850439882697947,0.2339012106614654,0.1764598117201969,0.5318416152519319,0.398190491909459,87,1023,0.2411678605772188,0.0519713261648745,3.2057855129241943,True,2,0.5846039526554652,0.0850439882697947,0.2614026761962377,0.1659531800464237,0.7072547166095553,0.6253756886347553,87,1023,0.5846039526554653,0.0519713261648745,0.9773155450820924,True,2
7ag4__1__1.C__1.I,c1379,0.3863162474148865,0.2303030303030303,0.4444764929531509,0.395090035902756,0.5317965489103259,0.4565336403215191,76,330,0.2255172334331997,0.1235772357723577,1.7611165046691897,True,2,0.5918803200294179,0.2303030303030303,0.5265610706365553,0.4462039351581911,0.6559397882437098,0.5974901364535204,76,330,0.5915623378804339,0.1235772357723577,1.2595094442367554,True,2
7a5y__2__1.E__1.KA_1.LA_1.MA_1.OA,c159,0.324395748960702,0.0792626728110599,0.2265221743522046,0.1730244988130564,0.4549026238216841,0.3684201680805932,86,1085,0.2392196596816193,0.0554838709677419,3.2922582626342773,True,2,0.5787513918776586,0.0792626728110599,0.2296150709873026,0.1481417096935355,0.6724330552959586,0.6671110730446571,86,1085,0.5787513918776587,0.0554838709677419,0.9905113577842712,True,2
7a5y__2__1.H__1.IB_1.JB_1.KB_1.LB,c159,0.3615408806173044,0.0856854838709677,0.2516682953466899,0.1773595122199429,0.5192584279085577,0.3888121159707617,85,992,0.2503661516179419,0.0571236559139784,3.0946621894836426,True,2,0.5809420779222146,0.0856854838709677,0.2602481275119345,0.1682156667853852,0.6741209596854757,0.646274669749947,85,992,0.5809420779222145,0.0571236559139784,0.9442172050476074,True,2
7a5y__2__1.F__1.UA_1.VA_1.WA_1.YA,c159,0.3379773130433362,0.0897177419354838,0.2396775134403022,0.1777510378311383,0.4731656298411391,0.3628367413358674,89,992,0.2918144121884892,0.0637992831541218,3.100707530975342,True,2,0.5904980682455762,0.0897177419354838,0.2664057182204097,0.1811279760406926,0.7086068147087395,0.6209301908797706,89,992,0.5904980682455762,0.0637992831541218,0.944326102733612,True,2
7a5y__2__1.G__1.BB_1.CB_1.DB_1.EB,c159,0.2934757879948437,0.0884495317377731,0.2217306272144541,0.1792489784269255,0.4563817577056916,0.3234399570516056,85,961,0.2502190304879672,0.053763440860215,3.048823118209839,True,2,0.5177372735241222,0.0884495317377731,0.2400229058127789,0.1921091159813573,0.636640808151719,0.6161492272347534,85,961,0.5177372735241224,0.053763440860215,0.976966679096222,True,2
7ag4__1__1.A__1.G,c1379,0.3660842453109386,0.2349206349206349,0.4159926960778354,0.3455193850086775,0.503765685314189,0.4560789688706355,74,315,0.2082047988469246,0.1233333333333333,1.7403960227966309,True,2,0.4667761125039689,0.2349206349206349,0.4823002490649549,0.3680287534460614,0.5659741714349557,0.5229140255687875,74,315,0.4602157627892281,0.1233333333333333,1.4754807949066162,True,2
7ag4__1__2.E__2.K,c1379,0.3402672966331704,0.2115942028985507,0.4210845823913596,0.3468308715038365,0.5185915616318092,0.4288555749805749,73,345,0.2010346345381535,0.1158730158730158,1.7819963693618774,True,2,0.574109964627785,0.2115942028985507,0.5104420068843921,0.4050223301621622,0.6050719340763201,0.6293302715802714,73,345,0.5723776657940368,0.1158730158730158,1.209391713142395,True,2
7ap3__1__1.B__1.E_1.F,c121,0.1814468266864517,0.0855855855855855,0.1867899353615738,0.1830433885791708,0.3304719690006242,0.2412343576313474,133,1554,0.1266949093522374,0.0599099099099099,3.98960280418396,True,2,0.3601724843438605,0.0855855855855855,0.2018245403955084,0.1653426061689046,0.4871223934542584,0.4811155446031929,133,1554,0.3601724843438604,0.0599099099099099,2.445418119430542,True,2
7b12__1__1.M_1.N__1.HA,c20,0.2730891041705142,0.101010101010101,0.24598748410612,0.1945074252861529,0.4884165423454888,0.2741417608753181,90,891,0.2414157957021759,0.0699300699300699,2.483115673065185,True,2,0.4008814776025619,0.101010101010101,0.2419744178241692,0.2040714438216254,0.4593033373521591,0.3894145801787824,90,891,0.4005987544458964,0.0699300699300699,1.9695892333984373,True,2
2de4__2__1.B__1.F,c4237,0.2934660535162449,0.15,0.295850533945772,0.2462019071451135,0.3933230560289383,0.4643438873218284,63,420,0.1780390394183477,0.0933333333333333,1.6230919361114502,True,2,0.4969094787336133,0.15,0.3361955779462782,0.3166849804589907,0.5992365861324288,0.538068361377185,63,420,0.496407804879504,0.0933333333333333,1.0817025899887085,True,2
7b12__1__1.J_1.Y__1.FA,c20,0.291428702589365,0.1223776223776223,0.2700547528531054,0.2231233580674605,0.4518420293599719,0.3023281015769012,105,858,0.2131809013073671,0.0707070707070707,2.479909420013428,True,2,0.5212661088253437,0.1223776223776223,0.2841623885351651,0.2442960273266678,0.5889031086758358,0.5479603840771976,105,858,0.5196582879796307,0.0707070707070707,1.8909718990325928,True,2
1duv__1__1.A_1.B__1.F,c103,0.3053644181712993,0.1744421906693712,0.2722584642252873,0.2550720454428749,0.3910730657775822,0.4767577609556219,86,493,0.1802923092931319,0.1011764705882353,2.108985662460327,True,2,0.3024214320887926,0.1744421906693712,0.2654266071742026,0.2316619237919432,0.43067385828969,0.4749919874886453,86,493,0.2948063983404666,0.1011764705882353,2.2230117321014404,True,2
7b12__1__1.BA_1.N_1.V__1.RA,c20,0.2717117346345031,0.084280303030303,0.2302415223417019,0.2185509560616861,0.4428328225261169,0.3177990321778853,89,1056,0.2034345070792564,0.0573823339780786,2.710753917694092,True,2,0.35102139556586,0.084280303030303,0.249388339053142,0.1799039687939194,0.4749532129578629,0.4183715528202389,89,1056,0.3510117081465885,0.0573823339780786,1.838602066040039,True,2
3c34__1__1.A__1.I_1.J,c7,0.4057703251327104,0.1555555555555555,0.3207814407814407,0.2741265542733907,0.4629918229918229,0.5360047563344267,49,315,0.3505652202187644,0.1053763440860215,1.6675015687942505,True,2,0.7095351740800485,0.1555555555555555,0.4602294568621099,0.2920564185752796,0.738428330928331,0.7555872427667298,49,315,0.7095351740800486,0.1053763440860215,0.8485109210014343,True,2
2e83__1__1.A_1.B__1.C,c1089,0.5764788930100162,0.1129032258064516,0.335884986114489,0.1832977730198888,0.6719440535569565,0.8059921495111935,105,930,0.561677515460603,0.0769794721407624,3.0025904178619385,True,2,0.7575483160730608,0.1129032258064516,0.3485022974499155,0.2347128343846654,0.800841562431424,0.8370331448889946,105,930,0.7570980163828155,0.0769794721407624,0.7557969689369202,True,2
2e83__1__1.A_1.B__1.D,c1089,0.5921930292032394,0.1134593993325917,0.3101758897956667,0.1850216798082168,0.684004395636702,0.7859053866649186,102,899,0.586292055762915,0.0783410138248847,2.9985783100128174,True,2,0.7076248504493945,0.1134593993325917,0.3146767570102651,0.218163569966142,0.7422167971131105,0.7983480987392552,102,899,0.7069981182619851,0.0783410138248847,0.8780735731124878,True,2
4dve__3__1.C__1.K,c2689,0.2834669080062553,0.2,0.2891640087024393,0.2480637509806461,0.3794448592067179,0.4526015535390535,64,320,0.1438694761954423,0.1025641025641025,1.9973366260528564,True,2,0.4587658576946621,0.2,0.348136915215988,0.3250258043985129,0.5314329854173604,0.6182865369584118,64,320,0.4587658576946621,0.1025641025641025,1.109981894493103,True,2
4dve__2__1.B__1.H,c2689,0.2952730230548829,0.1875,0.2882747143470182,0.2448263972431537,0.3897449860868978,0.4644657599345099,63,336,0.1829463384834354,0.109375,2.1436033248901367,True,2,0.5461505277560841,0.1875,0.3379610523955761,0.2786230821544474,0.6534824488507525,0.6482108243938601,63,336,0.5461505277560842,0.109375,0.9574955701828004,True,2
3bda__1__2.A__2.D,c33,0.3092640822093008,0.1333333333333333,0.301622726742212,0.3026797177534618,0.418351428177553,0.3469155179590437,72,540,0.1984896408657357,0.0857142857142857,1.8337182998657229,True,2,0.6643875070472014,0.1333333333333333,0.4235383244206774,0.378155595530022,0.7563586899211899,0.6108499806439409,72,540,0.6643875070472013,0.0857142857142857,0.8604865670204163,True,2
6cr9__1__1.D__1.E_1.F_1.I,c31,0.2427420790401656,0.1041666666666666,0.2177424593635531,0.2242641213498142,0.4942791981318,0.2856883332628943,80,768,0.1525121512709297,0.0625,2.753970146179199,True,2,0.4827361274561904,0.1041666666666666,0.2120681006276709,0.1913354598791702,0.6873815839333081,0.5843650332381927,80,768,0.4827361274561904,0.0625,1.2466182708740234,True,2
4d0t__2__1.E__1.Y_1.Z,c186,0.2816387213389745,0.0900723208415516,0.2518733810238456,0.1992076960598663,0.4404882706633914,0.297937776289323,137,1521,0.1931924136883284,0.0638694638694638,3.061720609664917,True,2,0.6384096375489456,0.0900723208415516,0.2432663413723915,0.1660530742761373,0.6919636844636845,0.7016514449152926,137,1521,0.6384096375489456,0.0638694638694638,1.0897279977798462,True,2
4d0t__1__1.F__1.CA_1.DA,c186,0.285628038024547,0.0963270963270963,0.2585514869449351,0.1962669729263687,0.4313559287610476,0.34139773792668,139,1443,0.206888837275749,0.0712820512820512,3.0773491859436035,True,2,0.6590380395142768,0.0963270963270963,0.255768559186682,0.1761560036979548,0.6998264769418616,0.7275660658255649,139,1443,0.6590380395142769,0.0712820512820512,1.017099380493164,True,2
6crh__1__1.A__1.E_1.F_1.I,c31,0.3218091688508084,0.0935483870967742,0.1624902890336705,0.1466399376025994,0.4991453823953823,0.4346209248351355,58,620,0.2875421340704604,0.0534562211981566,2.7606799602508545,False,2,0.3408045807861399,0.0935483870967742,0.1387819725695142,0.1425791381300114,0.4827240352240352,0.5608856263438289,58,620,0.3404512001995115,0.0534562211981566,1.8059197664260864,True,2
3c35__1__1.B__1.T_1.U,c7,0.3709352068884049,0.1523809523809524,0.3036716524216524,0.2972480910215703,0.4629462081128748,0.5202912827912828,48,315,0.2277707841880724,0.0864864864864864,1.67135488986969,True,2,0.6713559045119435,0.1523809523809524,0.4326581790123457,0.338669643918724,0.745079365079365,0.7604610667110667,48,315,0.6713559045119435,0.0864864864864864,0.8499687314033508,True,2
6dio__2__1.C_2.C__2.HA_2.IA,c248,0.2700823763975103,0.0902597402597402,0.1848094297604027,0.1538283922288154,0.3574570227668138,0.3372731420023164,139,1540,0.2250291292968755,0.0672147001934236,4.306994438171387,True,2,0.5414884720534316,0.0902597402597402,0.1505456853815281,0.1227837467040904,0.6024729222112943,0.58993746438464,139,1540,0.5414093474345862,0.0672147001934236,1.5533874034881592,True,2
3c35__1__1.A__1.J_1.K,c7,0.4158401815568561,0.1515151515151515,0.3189476079476079,0.3051566095726016,0.4716253191253192,0.575667708360016,50,330,0.3697441867216723,0.101010101010101,1.715385675430298,True,2,0.6859736912458332,0.1515151515151515,0.4556269841269841,0.3242470605400334,0.7683225108225109,0.7816612399945733,50,330,0.6859736912458332,0.101010101010101,0.8339263796806335,True,2
6dio__1__1.A_1.B__1.E_1.I_1.O,c248,0.2863919011499736,0.0973011363636363,0.2147259746431689,0.1629729538701419,0.4152337763919387,0.324349122157012,137,1408,0.2350918865252152,0.0648674242424242,4.507991313934326,True,2,0.5790377809577959,0.0973011363636363,0.1965080944985509,0.1265207304928193,0.6385375468021219,0.7148824557427835,137,1408,0.5788014906908093,0.0648674242424242,1.2550432682037354,True,2
6dio__2__1.C_2.C__1.HA_1.IA,c248,0.262994737088831,0.0902597402597402,0.183727914211311,0.1446153483157413,0.3434764545690156,0.3245894722420278,139,1540,0.1734755153923913,0.0607517482517482,4.304955959320068,True,2,0.5416827157361718,0.0902597402597402,0.1502996200342059,0.1316630424267919,0.583981849559007,0.6025260119537024,139,1540,0.5416810628422437,0.0607517482517482,1.6342556476593018,True,2
6dio__3__2.A_2.B__2.E_2.I_2.O,c248,0.2781331579938015,0.0973011363636363,0.216132336739595,0.1714071168498502,0.4208423985307523,0.3258106311489564,137,1408,0.2224271492712476,0.0598776223776223,4.508769989013672,True,2,0.5784208832559163,0.0973011363636363,0.1958597701520096,0.1336589132299832,0.6216019098092723,0.6479782028866508,137,1408,0.5784208832559165,0.0598776223776223,1.2757411003112793,True,2
6dio__3__1.A_1.B__1.E_1.I_1.O,c248,0.2857271240938379,0.0973011363636363,0.2151711195226204,0.1731412867056384,0.4397389342820632,0.3294770659136067,137,1408,0.192073755365256,0.0598776223776223,4.510627746582031,True,2,0.5614370728747147,0.0973011363636363,0.1975212660188585,0.1475248335883775,0.6424265092771587,0.6663652177009021,137,1408,0.5614370728747146,0.0598776223776223,1.2810627222061155,True,2
6dio__3__2.C_3.C__2.HA_2.IA,c248,0.2682403099859535,0.0902597402597402,0.185385450643814,0.1480110356972444,0.3793999329182553,0.3488808796480745,139,1540,0.2032735864613602,0.0564123376623376,4.308345317840576,True,2,0.5375233005766805,0.0902597402597402,0.1517548080528198,0.1449514343829359,0.6016661050228082,0.5900514519251059,139,1540,0.5375233005766807,0.0564123376623376,1.4814515113830566,True,2
1duv__1__1.A_1.C__1.D,c103,0.3155547375256089,0.1724137931034483,0.2688391548710037,0.2470703947009685,0.3880543389881397,0.5162382281389635,85,493,0.2225815638143883,0.1136363636363636,2.111586570739746,True,2,0.2801592958473273,0.1724137931034483,0.2726271244119702,0.2448229868303167,0.3804397178737576,0.43693014682563,85,493,0.2799252893915078,0.1136363636363636,2.280938148498535,True,2
4bdr__1__1.A__1.C,c7,0.3921995116964152,0.1587301587301587,0.3626093351093351,0.2965013763664227,0.5108469000135668,0.4909322332366551,50,315,0.3514194795453615,0.0793650793650793,1.6877042055130005,True,2,0.6057391959688208,0.1587301587301587,0.5100742183742184,0.3576769188074339,0.7261531986531987,0.6316829863258434,50,315,0.605692601988763,0.0793650793650793,0.8833562135696411,True,2
4e91__1__1.A__1.C,c1996,0.243561640933651,0.1096491228070175,0.2077447679026626,0.1859407381736512,0.4366485109540665,0.3668802751315043,75,684,0.1624078836009651,0.0548245614035087,3.169353723526001,True,2,0.463564190078231,0.1096491228070175,0.2194224235803183,0.2165744254490739,0.5688143004115227,0.4848340691631045,75,684,0.4635641900782311,0.0548245614035087,1.843430519104004,True,2
6dio__3__2.C_3.C__3.HA_3.IA,c248,0.2683238335788198,0.0902597402597402,0.1846224364978698,0.1443196510394599,0.3695842071110828,0.3499432213798625,139,1540,0.1464917701394512,0.0509530791788856,4.307136058807373,True,2,0.5294610316095253,0.0902597402597402,0.1505521409771022,0.1267139478042124,0.5934149797231192,0.6075780001806214,139,1540,0.5294610316095253,0.0509530791788856,1.5235768556594849,True,2
1ejh__2__1.B__1.J,c326,0.634410958855138,0.1195402298850574,0.3650642939436043,0.3160665076770437,0.7722222222222221,0.6729183389336646,52,435,0.6207188848912868,0.0717241379310344,2.530858278274536,True,2,0.8183860020911321,0.1195402298850574,0.3818374154581051,0.2854776091099626,0.8784722222222222,0.7158192364082329,52,435,0.818386002091132,0.0717241379310344,1.2143101692199707,True,2
1ejh__3__1.C__1.K,c326,0.6753775247278982,0.1330049261083744,0.3808831795421834,0.2779684620892282,0.8958333333333334,0.6586080787629298,54,406,0.6485535044105832,0.0716180371352785,2.606201171875,True,2,0.8214611259291026,0.1330049261083744,0.3821225071225071,0.2996838568731574,0.8671296296296296,0.6639298411672361,54,406,0.8214611259291026,0.0716180371352785,1.2335188388824463,True,2
1duv__1__1.B_1.C__1.G,c103,0.2860321034001153,0.1703853955375253,0.2717772089085862,0.255918502829842,0.3663936629027232,0.4491423456939663,84,493,0.1871228751162122,0.1008403361344537,2.116079807281494,True,2,0.2364714970395617,0.1703853955375253,0.257610945748515,0.2317745117206334,0.3467323371782175,0.3879536409228285,84,493,0.2332575621761802,0.1008403361344537,2.516361713409424,True,2
4e0x__1__2.B__2.H,c7,0.3553295468237401,0.1545454545454545,0.3059875019678941,0.2729839236453976,0.4411588658255324,0.4486693505924274,51,330,0.3026445096452718,0.1172413793103448,1.696019411087036,True,2,0.6937066130940263,0.1545454545454545,0.4348564725035312,0.3428194913097415,0.7234483109483111,0.886699742056885,51,330,0.6937066130940263,0.1172413793103448,0.9065958857536316,True,2
4e0x__1__1.B__1.H,c7,0.3892682906445841,0.1545454545454545,0.3059875019678941,0.2902677946612705,0.4312990404657071,0.4640302950170166,51,330,0.2575431105088239,0.0918918918918919,1.694888949394226,True,2,0.697459095532261,0.1545454545454545,0.4356734659675835,0.3018239105759693,0.6908201058201059,0.792974617974618,51,330,0.6974590955322612,0.0918918918918919,0.8811928629875183,True,2
4bdr__1__1.B__1.F,c7,0.4660082300491887,0.1587301587301587,0.356245843045843,0.2724269678445683,0.5535161135161135,0.593468832754547,50,315,0.2731708498209938,0.0793650793650793,1.6888089179992676,True,2,0.6738692058673996,0.1587301587301587,0.5075451215451215,0.3048889775699669,0.7840343915343915,0.7378502053502054,50,315,0.6738692058673996,0.0793650793650793,0.8266568779945374,True,2
4e91__2__1.B__1.I,c1996,0.2243024179273577,0.109907120743034,0.1965506972641887,0.1944431617446748,0.3989459614459614,0.3763878892548729,71,646,0.1818678792534609,0.0667293233082706,2.995004177093506,True,2,0.4351626023283124,0.109907120743034,0.2237425205549742,0.1821240318342685,0.5419370576513434,0.509340081446142,71,646,0.4351626023283126,0.0667293233082706,1.65877366065979,True,2
4d0t__3__1.A__1.I_1.L,c186,0.2829771952352884,0.0944669365721997,0.2539267084906231,0.1984189910947625,0.4570929092255452,0.3121830931033908,140,1482,0.2303470772136996,0.0780379041248606,3.024940013885498,True,2,0.6704422815632155,0.0944669365721997,0.2492875695715136,0.1586693862055635,0.724840442021616,0.7501244301348116,140,1482,0.6704422815632155,0.0780379041248606,1.0454542636871338,True,2
3dds__1__1.B__1.I,c33,0.3956010562963557,0.1757575757575757,0.3871005724937079,0.3672602807842784,0.5239524926254804,0.419791699041699,58,330,0.2761320203235468,0.092063492063492,1.6730443239212036,True,2,0.7473856064687363,0.1757575757575757,0.457526190284811,0.4052335945706811,0.7775291005291005,0.7778458109951616,58,330,0.7473856064687363,0.092063492063492,0.8619049787521362,True,2
7dia__1__1.A__1.D_1.E_1.G,c10526,0.2143294863172821,0.1291208791208791,0.1889320785597381,0.1675953008483343,0.3463783240568955,0.3622530973229835,47,364,0.1171213769471803,0.0547785547785547,2.3556625843048096,False,2,0.4135511918355445,0.1291208791208791,0.3225537760112228,0.2936204554582003,0.593185941043084,0.4716164076004628,47,364,0.4135511918355445,0.0547785547785547,1.881137728691101,True,2
4c9g__1__1.A__1.B,c2097,0.0878851022732112,0.0431372549019607,0.0718177370023761,0.0643297420662738,0.3178993273043856,0.3131738219591656,66,1530,0.0544210306074503,0.0258823529411764,3.6422059535980233,True,2,0.2075372153914337,0.0431372549019607,0.1047875479548657,0.0862753664473157,0.4124136873559599,0.3776731241105232,66,1530,0.2075334463390075,0.0258823529411764,2.284832715988159,True,2
4d0t__3__1.D__1.U_1.V,c186,0.2996347637290142,0.0946745562130177,0.2654782266181458,0.2184968708337508,0.474796653477803,0.3437094499427245,144,1521,0.207020299912793,0.0647773279352226,3.0536458492279053,True,2,0.6609026786393916,0.0946745562130177,0.2509974700633884,0.1650496329037575,0.7375431121584967,0.7362092800528637,144,1521,0.6609026786393916,0.0647773279352226,1.0917803049087524,True,2
4e92__1__1.A__1.C,c1996,0.2511604616574467,0.0994152046783625,0.2112958356572907,0.199238606796218,0.4708546083546083,0.4003128341502655,68,684,0.2169776146357429,0.068825910931174,3.1790037155151367,True,2,0.5005892455950356,0.0994152046783625,0.2123399905907645,0.1755974039912535,0.6235679241393528,0.5395282707885701,68,684,0.5005892455950356,0.068825910931174,1.4456771612167358,True,2
4e92__3__1.A_1.B__1.C,c1996,0.258822203684119,0.1042510121457489,0.1807860644570494,0.1457726168018349,0.3958883121399707,0.4209742097590443,103,988,0.1629836890272034,0.0630354957160342,3.2860138416290283,True,2,0.5913871376525566,0.1042510121457489,0.2203749924417062,0.1852396164108586,0.6136472892187178,0.64597534827866,103,988,0.5913871376525566,0.0630354957160342,1.2329144477844238,True,2
4d0z__2__1.A__1.I_1.M_1.U,c186,0.3288624806190595,0.0964912280701754,0.2636900602336891,0.2395323599240463,0.5077000984851735,0.3524688376374982,143,1482,0.2174900139465155,0.0705128205128205,2.997931957244873,True,2,0.5897090535125297,0.0964912280701754,0.2728185805871809,0.175053730557848,0.6482136293584849,0.575038083831128,143,1482,0.5897090535125296,0.0705128205128205,1.3015562295913696,True,2
5ean__1__1.A__1.E,c602,0.2733817558263242,0.1296296296296296,0.2869698265956769,0.2015373831655073,0.6648826777087645,0.3406155907911152,49,378,0.1310927074360415,0.0533769063180827,2.1830170154571533,True,2,0.59331590380792,0.1296296296296296,0.3274689721968633,0.2354434546709404,0.7694962042788128,0.6478505639659485,49,378,0.5929714944965059,0.0533769063180827,1.051200032234192,True,2
3eb3__1__1.A_3.A__1.C,c4653,0.1490589979291537,0.0739644970414201,0.1116007911362033,0.1100225752005204,0.2128560613115917,0.3338891292909871,50,676,0.0810226725431507,0.0409165302782324,2.3308780193328857,True,2,0.5678711343078714,0.0739644970414201,0.2072535242535242,0.1505134243471346,0.7289879312606584,0.7424044390483466,50,676,0.5678711343078714,0.0409165302782324,0.8534170985221863,True,2
3ddw__1__1.B__1.H,c33,0.4020230153412039,0.1757575757575757,0.3867454295523581,0.3703726993689743,0.5056845171369165,0.4464249230807672,58,330,0.2328408298546004,0.0966666666666666,1.6766475439071655,True,2,0.7684942235087417,0.1757575757575757,0.4582669310255517,0.3760642211867487,0.8072513227513227,0.7632029538523043,58,330,0.7684942235087416,0.0966666666666666,0.8413228392601013,True,2
5dnl__1__1.A_1.B_1.C__1.G_1.H_1.I,c89,0.478043713613777,0.1987179487179487,0.3569744814847335,0.3343660331433238,0.5712637382967054,0.5492329076152606,62,312,0.407581662832059,0.1538461538461538,1.8448117971420288,True,2,0.6342741735237188,0.1987179487179487,0.327124867137274,0.3756473898620162,0.6866941391941391,0.6740600708037682,62,312,0.6342466177232227,0.1538461538461538,0.7358624339103699,True,2
5ei3__1__1.A__1.C_1.D,c326,0.3426460572133073,0.1323529411764706,0.2792178908600477,0.2257507640609421,0.5577924750146972,0.4205387543674349,54,408,0.3066480531607912,0.0661764705882353,2.153062343597412,True,2,0.338818818845008,0.1323529411764706,0.2713726904903376,0.2441176883106384,0.6010139757361979,0.4265233180458582,54,408,0.338818818845008,0.0661764705882353,1.6700795888900757,True,2
4d0z__4__1.D__1.IA_1.JA,c186,0.283276818149034,0.091387245233399,0.2494197341275295,0.213799704506829,0.4794332530148993,0.3398231216471589,139,1521,0.172153679695214,0.0556891025641025,3.064211130142212,True,2,0.5510906769727035,0.091387245233399,0.2425881921012656,0.1577064764589092,0.6361073504173052,0.6189710280833857,139,1521,0.5506013057229759,0.0556891025641025,1.3203420639038086,True,2
4d0z__5__1.F__1.HB_1.IB,c186,0.2729877923121595,0.0999342537804076,0.2598558112531318,0.2233294544338532,0.4721667134887481,0.2965899486789197,152,1521,0.2195237156243606,0.073536526366715,3.0627317428588867,True,2,0.5374815162760447,0.0999342537804076,0.2538023209582324,0.1740041752929766,0.6320815676076268,0.6098402938815265,152,1521,0.5374815162760447,0.073536526366715,1.386888861656189,True,2
3er9__1__1.B__1.C,c3509,0.0977355389339831,0.08625,0.1935276483781918,0.1229366225738461,0.3073734106966305,0.1649644602245368,69,800,0.0548442691916511,0.0492857142857142,3.167703151702881,True,2,0.1274478582254586,0.08625,0.1984694351542178,0.1664842808751172,0.3477142912642912,0.1725955226703546,69,800,0.1274478582254586,0.0492857142857142,3.200704336166382,True,2
5djg__1__1.A__1.B_1.C_1.D,c414,0.2116888183589386,0.1213282247765006,0.2114053148119105,0.1471328339012243,0.4044016341497643,0.3507657158502986,95,783,0.139908615188291,0.0606641123882503,2.3269734382629395,True,2,0.4226023759050423,0.1213282247765006,0.3020826116091816,0.2246926186632578,0.5681228161370591,0.4851757397488991,95,783,0.4225827306203036,0.0606641123882503,1.2328399419784546,True,2
4e1b__1__1.A__1.B_1.C,c1652,0.253541903308205,0.095004095004095,0.169168526822581,0.1364449586815246,0.3990245991934166,0.3673515177538988,116,1221,0.1966740643662105,0.0732323232323232,3.3903493881225586,True,2,0.561013837392737,0.095004095004095,0.2271574632628924,0.1564921403113332,0.7082725758941867,0.6527500026886413,116,1221,0.5610138373927369,0.0732323232323232,1.0051169395446775,True,2
1frp__1__2.A_2.B__2.C_2.D,c141,0.3460376940774565,0.172,0.2265769520006373,0.223348461272553,0.4551293374667987,0.4605703712134695,86,500,0.2134351948273663,0.1,2.02445387840271,True,2,0.6194495244488365,0.172,0.3314907038086352,0.3006453532282601,0.7057724705849704,0.6320484872162626,86,500,0.6179400275564817,0.1,1.0435734987258911,True,2
1frp__1__2.A_2.B__2.F_2.G,c141,0.3529437019146801,0.1770833333333333,0.2172284966419686,0.22194901626096,0.4431712082994978,0.4247686993100732,85,480,0.1975174345924076,0.0944444444444444,1.9138420820236208,True,2,0.5366827191681764,0.1770833333333333,0.2831808839468874,0.2886618966328505,0.6439602775392249,0.5707203916197733,85,480,0.5362678959970032,0.0944444444444444,1.101572871208191,True,2
5dnl__1__1.A_1.B_4.A__1.D_1.E_1.F,c89,0.4278220593625331,0.1955128205128205,0.3565731686902223,0.2857202665515731,0.5487510813522959,0.5011162934482262,61,312,0.2314860618263024,0.1173076923076923,1.8545461893081665,True,2,0.5785526973682695,0.1955128205128205,0.3179157468564783,0.289055793523131,0.6521769896769896,0.6545821685317483,61,312,0.5785526973682695,0.1173076923076923,0.7968650460243225,True,2
5dnl__1__1.A_3.A_3.B__3.D_3.E_3.F,c89,0.4437562157926091,0.1955128205128205,0.3457779529769738,0.2824638398863451,0.5399505836044298,0.5356810284331293,61,312,0.2874828584351116,0.0920060331825037,1.8550329208374023,True,2,0.6058294367441385,0.1955128205128205,0.3281661521888508,0.2926887731107797,0.6776698301698302,0.6746927279070136,61,312,0.6058294367441386,0.0920060331825037,0.7881254553794861,True,2
3e7j__1__1.A__1.C_1.I,c3318,0.0654431527276972,0.0564516129032258,0.0775376731307933,0.0697012816382629,0.1713554496654688,0.1333689388418841,91,1612,0.044714341627717,0.0372340425531914,4.523775100708008,True,2,0.1228096383793432,0.0564516129032258,0.1275938424405746,0.0887604226060132,0.2997929848495944,0.2828710004031199,91,1612,0.1227055262426277,0.0372340425531914,3.1913375854492188,True,2
5ean__1__2.A__2.E,c602,0.2711617082195384,0.1296296296296296,0.2869698265956769,0.2053370417626653,0.6498723257418909,0.3440887557609823,49,378,0.1625368479550564,0.0533769063180827,2.18178939819336,True,2,0.563895306526401,0.1296296296296296,0.3240496150360096,0.2307196702371326,0.7592305037957212,0.6294247397901245,49,378,0.5623503230125055,0.0533769063180827,1.0663208961486816,True,2
4doc__1__1.A__1.E_1.F_1.N,c31,0.2968689675556956,0.09625,0.2268444889544607,0.1804258878531582,0.5477146662860949,0.3320049868556279,77,800,0.2843747151137505,0.0650337837837837,2.9501094818115234,True,2,0.5365259325447386,0.09625,0.1838036827890724,0.1595126237091029,0.6737612090290661,0.6957564042938669,77,800,0.5365259325447386,0.0650337837837837,1.2526274919509888,True,2
2far__2__1.B__1.H_1.I_1.K,c2457,0.2450819104339201,0.0909090909090909,0.4209195156695157,0.2315693051096422,0.3741056019672952,0.3430041541439001,60,660,0.2172597510694347,0.0555555555555555,2.75429916381836,True,2,0.379531061075711,0.0909090909090909,0.3948246845746845,0.2818072822360625,0.6009758973220511,0.4225267404496199,60,660,0.3795310610757111,0.0555555555555555,1.827918648719788,True,2
5dji__1__1.A__1.B_1.C_1.D_1.E,c414,0.2800079553565414,0.1254180602006689,0.1894651576861805,0.1680329222996803,0.4469201526587891,0.5506945794181832,75,598,0.1944307356653718,0.0758341759352881,2.1714892387390137,True,2,0.4504594503495795,0.1254180602006689,0.4080238617118412,0.2384511172838429,0.6175824806506625,0.5110962328003179,75,598,0.4504594503495794,0.0758341759352881,1.0681850910186768,True,2
5a1l__2__1.B__1.O_1.P,c1133,0.1907552222463589,0.1043956043956044,0.1823883701533196,0.1572629729871223,0.3942312417764906,0.3443240043567889,76,728,0.1760467928028857,0.0631229235880398,3.025613307952881,True,2,0.345723496802976,0.1043956043956044,0.2459664313555523,0.1866005047265501,0.5606206974955487,0.4722715234100929,76,728,0.3453180598016535,0.0631229235880398,1.9330002069473269,True,2
5dnl__1__1.B_4.C_8.C__4.J_4.K_4.L,c89,0.5016685559681964,0.1955128205128205,0.3360541510803672,0.3177562867446463,0.5765082035444026,0.5601592579533756,61,312,0.2954198895163156,0.1117216117216117,1.8426018953323364,True,2,0.6404158302823377,0.1955128205128205,0.3226236073020436,0.3325371285198544,0.6945870795870795,0.6803712215266837,61,312,0.6404158302823377,0.1117216117216117,0.7441502809524536,True,2
5dnl__1__1.C_3.B_6.C__1.J_1.K_1.L,c89,0.475447084962985,0.1955128205128205,0.3384925602188494,0.2846837368130261,0.5572067496156565,0.547449614655497,61,312,0.1971121039634283,0.1066433566433566,1.841076731681824,True,2,0.6065974150964311,0.1955128205128205,0.33262781074887,0.2901001216589976,0.6743822843822843,0.6581931583822339,61,312,0.6065974150964311,0.1066433566433566,0.7601031064987183,True,2
2faq__2__1.B__1.H_1.I_1.K,c2457,0.3134562382941292,0.0856079404466501,0.1947126991389015,0.1366377878223518,0.6999871499468274,0.4254225839280784,69,806,0.3012527201207419,0.0618279569892473,3.4557642936706543,True,2,0.6675616099557635,0.0856079404466501,0.1946403551531016,0.1439544345165238,0.7306207233626589,0.6666873185294239,69,806,0.6675616099557633,0.0618279569892473,1.3502777814865112,True,2
2far__1__1.A__1.C_1.D_1.G,c2457,0.2744728878369141,0.0875,0.4195362893495479,0.1698830778246201,0.3875489704531057,0.4128773703233062,63,720,0.2680564408997402,0.065625,2.9265716075897217,True,2,0.4339176189883572,0.0875,0.3900288097627032,0.2648229394065343,0.5458722375896745,0.4111533882321272,63,720,0.4337200157247161,0.065625,1.629328370094299,True,2
2f3b__1__1.A_2.A__1.B_1.D_1.E_1.F_1.G,c141,0.4503893412539151,0.1983695652173913,0.2471564180682331,0.2153353365573663,0.5325099395090204,0.5344755957055423,73,368,0.3937600920710304,0.1341911764705882,1.8958723545074463,True,2,0.692006851621262,0.1983695652173913,0.4080917479310912,0.2742319982911095,0.7199278499278499,0.8269887411063881,73,368,0.6920068516212621,0.1341911764705882,0.7925370931625366,True,2
1f1b__1__1.A_2.A__1.E,c103,0.3507352877204467,0.1696428571428571,0.3069276349948527,0.2604990279775726,0.4708287135742838,0.4543827700077699,76,448,0.2075334103820971,0.1079545454545454,1.7815412282943726,True,2,0.386650260287753,0.1696428571428571,0.3536039293824977,0.3401391336962967,0.4859440811069098,0.4662856728420453,76,448,0.3854105465770902,0.1079545454545454,1.6354255676269531,True,2
5dnl__1__2.A_2.B_2.C__2.G_2.H_2.I,c89,0.4790970704710368,0.1987179487179487,0.3558224077520146,0.3154898551369663,0.5736400209477132,0.5377168365403661,62,312,0.3953732194540773,0.1445221445221445,1.845122456550598,True,2,0.6115217519873768,0.1987179487179487,0.3324716708711746,0.3328840908131621,0.6736069486069485,0.6605668957559714,62,312,0.6113146268838141,0.1445221445221445,0.7511658072471619,True,2
5dnl__1__2.A_2.B_3.A__2.D_2.E_2.F,c89,0.4755856246415549,0.1955128205128205,0.3355288749361889,0.2685108134859802,0.5458637340537793,0.5576545186839305,61,312,0.3386313976530883,0.134065934065934,1.8530083894729612,True,2,0.6005507843240397,0.1955128205128205,0.3226236073020436,0.2520642222135275,0.6763875013875015,0.6630241350619501,61,312,0.6003507042920269,0.134065934065934,0.7744621634483337,True,2
5dnl__1__1.C_6.C_8.B__6.J_6.K_6.L,c89,0.4586117992899737,0.1955128205128205,0.3365260835195128,0.3150910838486744,0.5653162971601886,0.538175359498889,61,312,0.2435258953325379,0.1066433566433566,1.8434371948242188,True,2,0.6302304451503489,0.1955128205128205,0.3262134600722242,0.3392931470025763,0.6688422688422689,0.6665823726538013,61,312,0.6300693280719385,0.1066433566433566,0.7601515054702759,True,2
7a1j__1__1.A__1.B_1.H,c201,0.2642656695464638,0.181578947368421,0.2454077914354497,0.2425993838940803,0.3484199956254706,0.3344658271342195,69,380,0.1816666499338897,0.0931174089068826,1.8988900184631348,True,2,0.1883103248468195,0.181578947368421,0.2566366337855736,0.2363474643783777,0.3182879830867447,0.2912602263223734,69,380,0.1861212317372128,0.0931174089068826,1.8845516443252563,True,2
5eo2__2__1.B_1.C__1.H,c5274,0.2515794046015741,0.069683908045977,0.126106190873469,0.109685827263613,0.5105573936233928,0.3850988065557743,97,1392,0.1966052739282258,0.0421006944444444,4.49048376083374,True,2,0.5456926593691176,0.069683908045977,0.1457138448321634,0.114440181450278,0.8095584045584044,0.6759134031842958,97,1392,0.5456926593691176,0.0421006944444444,0.951375126838684,True,2
2f3b__1__1.A_2.A__2.B_2.D_2.E_2.F_2.G,c141,0.4685796073418796,0.1983695652173913,0.2455392186770611,0.2412445136864295,0.5394641435813068,0.5766664930434984,73,368,0.2856935682290665,0.1013888888888888,1.8967084884643557,True,2,0.6877160614061316,0.1983695652173913,0.4323805299253526,0.3040439379612987,0.6927635467065614,0.7728370735523142,73,368,0.6877160614061317,0.1013888888888888,0.8251073360443115,True,2
2faq__1__1.A__1.C_1.D_1.G,c2457,0.3707294914564128,0.078853046594982,0.1797436197179598,0.1111977502506064,0.6810813244025584,0.4767545507302821,66,837,0.2494368799997711,0.0495123780945236,3.4220850467681885,True,2,0.6507473505765974,0.078853046594982,0.1832667409258749,0.1400099830944996,0.7472121460914565,0.6800204817957685,66,837,0.6507473505765974,0.0495123780945236,1.2521905899047852,True,2
2f3b__1__3.A_4.A__3.B_3.D_3.E_3.F_3.G,c141,0.4420449355511505,0.1983695652173913,0.2441621045430976,0.205494705614737,0.52666046849822,0.5309258796758797,73,368,0.3118935850748122,0.1140625,1.8966954946517944,True,2,0.7019106242060488,0.1983695652173913,0.4069501954196757,0.2948391375270816,0.7270981738169238,0.834972995414172,73,368,0.701877783483553,0.1140625,0.8233375549316406,True,2
3f64__1__1.A__1.B,c1940,0.3154015684059353,0.173076923076923,0.2931859378618637,0.2417230182505875,0.5615567236995809,0.3789599564596872,54,312,0.1597936293420934,0.0865384615384615,2.4054436683654785,True,2,0.3796648186299477,0.173076923076923,0.3295334295334295,0.2918062684909227,0.5440916094487523,0.4152533593188908,54,312,0.3796648186299477,0.0865384615384615,1.6270220279693604,True,2
5dnl__1__2.A_4.A_4.B__4.D_4.E_4.F,c89,0.444058625756188,0.1955128205128205,0.3357122980704317,0.294605373637274,0.549771410925257,0.5235487551664023,61,312,0.2005027964292289,0.1117216117216117,1.8547097444534304,True,2,0.598994701706138,0.1955128205128205,0.3182682712205744,0.3014952259840057,0.6754428904428905,0.715063027542019,61,312,0.5988446679485425,0.1117216117216117,0.7859004735946655,True,2
5el9__1__1.A_11.A_13.A__1.B_1.C_1.D,c89,0.484072223987762,0.1969230769230769,0.3813980239738233,0.3371448169161636,0.558989432303912,0.6190643851428165,64,325,0.2037006598311808,0.0911680911680911,1.8282816410064695,True,2,0.6605088287463405,0.1969230769230769,0.4071862028687686,0.3331588816370315,0.67630994005994,0.7078446968012795,64,325,0.6605088287463405,0.0911680911680911,0.7538105249404907,True,2
7a1j__1__2.A__2.B_2.H,c201,0.2514079942723547,0.181578947368421,0.244310365432249,0.2143856761884065,0.3436472537474656,0.3267218118787732,69,380,0.235609191375872,0.1134868421052631,1.8976458311080933,True,2,0.196281278571106,0.181578947368421,0.2544586077315211,0.2411073733373133,0.3389754835807467,0.3360344087960057,69,380,0.1934570598421495,0.1134868421052631,1.8313398361206052,True,2
5el9__1__1.A_13.A_23.A__13.B_13.C_13.D,c89,0.5119963834414089,0.1969230769230769,0.3825284040104533,0.3259461285751396,0.5813528743336436,0.6330553451631884,64,325,0.2186366219908518,0.1025641025641025,1.829081416130066,True,2,0.6939930585606565,0.1969230769230769,0.4041400703154246,0.3576220081502544,0.698023803119957,0.7946347461543539,64,325,0.6939930585606564,0.1025641025641025,0.7161771655082703,True,2
1f1b__1__1.A_3.A__3.E,c103,0.3006927543235985,0.1696428571428571,0.3077173306408504,0.2596446390883372,0.4489147120938916,0.4156742767036884,76,448,0.1740305085444017,0.1079545454545454,1.782800316810608,True,2,0.4038947884936214,0.1696428571428571,0.3629833932547538,0.3392484533560718,0.5176827371391446,0.4582450206837461,76,448,0.4038947884936215,0.1079545454545454,1.5484907627105713,True,2
2ex1__1__1.A__1.B,c1327,0.4288569698889917,0.1206349206349206,0.3279685539446963,0.2992055186213586,0.5978026294692962,0.5741915443633951,76,630,0.3851419881984737,0.0882694541231126,2.0349936485290527,True,2,0.8328629792718002,0.1206349206349206,0.3498194700732294,0.2774912783135722,0.8315673876388161,0.8772948486140646,76,630,0.8328629792718003,0.0882694541231126,0.6423844695091248,True,2
2f3b__1__3.A_4.A__4.B_4.D_4.E_4.F_4.G,c141,0.4471769424403218,0.1983695652173913,0.2422902107405532,0.2432693934151536,0.5440700901265917,0.5571318065970473,73,368,0.30501696383774,0.1140625,1.8952581882476809,True,2,0.6906135748782036,0.1983695652173913,0.4313508803511825,0.3361036604937061,0.7195946761571761,0.8080707854237266,73,368,0.6901851601862625,0.1140625,0.8131018877029419,True,2
4ehy__1__1.A__1.B_1.D,c5397,0.3265733873464106,0.1133557800224466,0.2418571009729851,0.1759295619670919,0.5318458030459455,0.5643530238654757,101,891,0.3061254906967557,0.0831275720164609,2.349436521530152,True,2,0.5532638545131933,0.1133557800224466,0.2249032530759919,0.2036732321679501,0.5813841559674893,0.6480513460418225,101,891,0.5532638545131933,0.0831275720164609,0.8831984996795654,True,2
1fc0__1__1.A__1.C,c33,0.342621053209737,0.1696969696969697,0.3161146125116713,0.2843866144177312,0.4533201431828883,0.370191196865304,56,330,0.2931552690399412,0.0910569105691057,1.6958736181259155,True,2,0.6703335368879898,0.1696969696969697,0.3968359484430913,0.3960203628632252,0.7437246272246274,0.7228034168212739,56,330,0.6703335368879898,0.0910569105691057,0.9098464250564576,True,2
5dnl__1__2.B_3.C_7.C__3.J_3.K_3.L,c89,0.5160623272994689,0.1955128205128205,0.3369655347786362,0.2996179882410574,0.585344459880659,0.5729607421834312,61,312,0.2136163336400023,0.099836333878887,1.8421518802642824,True,2,0.6450024485942848,0.1955128205128205,0.3256861185612761,0.3149904224137111,0.6925419025419026,0.6769515241994233,61,312,0.6448716064945309,0.099836333878887,0.7406102418899536,True,2
5dnl__1__2.C_4.B_5.C__2.J_2.K_2.L,c89,0.4686180963685032,0.1955128205128205,0.3288143753033911,0.309190948857055,0.5512931973559504,0.5307844171079465,61,312,0.2017336005065914,0.0938461538461538,1.841731309890747,True,2,0.6080189499697418,0.1955128205128205,0.3225395383655156,0.3008425575718114,0.6754534354534354,0.6620330276632798,61,312,0.6080189499697418,0.0938461538461538,0.7692553400993347,True,2
5dnl__1__2.C_5.C_7.B__5.J_5.K_5.L,c89,0.4916455593919934,0.1955128205128205,0.3288143753033911,0.2640818096142319,0.5799698910326441,0.5497482007566042,61,312,0.1931652473722291,0.1173076923076923,1.8414701223373413,True,2,0.6084597284447855,0.1955128205128205,0.33262781074887,0.276782170979549,0.6752980352980352,0.6562790594093115,61,312,0.6084597284447856,0.1173076923076923,0.7582873702049255,True,2
5el9__1__1.A_21.A_8.A__8.B_8.C_8.D,c89,0.4795320267317958,0.1969230769230769,0.3825284040104533,0.3343595733160148,0.5612022877407493,0.5933480952598601,64,325,0.2789014297242229,0.123076923076923,1.8294504880905151,True,2,0.6800247678584087,0.1969230769230769,0.4059611658865201,0.3393293632534057,0.6992371730833271,0.7332887392201117,64,325,0.6794491691329487,0.123076923076923,0.7380309700965881,True,2
5el9__1__12.A_18.A_5.A__12.B_12.C_12.D,c89,0.4916763877282443,0.1969230769230769,0.3796437886258379,0.3111387345842061,0.5799427709043093,0.626431905059356,64,325,0.2219033228894064,0.1094017094017094,1.829317569732666,True,2,0.672157894430362,0.1969230769230769,0.4144633007708666,0.3006925401641035,0.6895776445776446,0.7652082179673216,64,325,0.6721578944303621,0.1094017094017094,0.7469589710235596,True,2
5el9__1__10.A_14.A_2.A__2.B_2.C_2.D,c89,0.4933571009308473,0.1969230769230769,0.3818673463181456,0.3261076654063735,0.5570406935333108,0.580514231592663,64,325,0.2499104882290993,0.1144901610017889,1.8300963640213013,True,2,0.6874894838313725,0.1969230769230769,0.4041400703154246,0.3295714852290162,0.703622371218525,0.7241653462731894,64,325,0.6874894838313725,0.1144901610017889,0.725412130355835,True,2
4fgz__1__1.A__1.C,c5754,0.1888479782300454,0.108,0.1859554374456335,0.1862590530101885,0.3841699612386746,0.2831205798318882,54,500,0.1009909836776297,0.06,2.671268939971924,True,2,0.2245731652447163,0.108,0.2291703810592699,0.2326221619775478,0.5111193449040671,0.4589218034168209,54,500,0.224537426750759,0.06,2.380218267440796,True,2
4f5n__1__1.A__1.H,c31,0.4219276155415726,0.0894736842105263,0.1814325691811578,0.1757058589374359,0.6730393217893218,0.5064996699207226,51,570,0.3566939023452566,0.05,2.8081345558166504,True,2,0.4633476185834521,0.0894736842105263,0.1752051887836201,0.1635026300308434,0.7874702380952381,0.5695379152437975,51,570,0.4633476185834521,0.05,1.2338119745254517,True,2
1flm__1__1.A_1.B__1.C,c1089,0.5886482339448695,0.1209677419354838,0.3456416780549693,0.1745178130233677,0.6873049486355937,0.7569285762601349,105,868,0.572948449833558,0.0891341256366723,2.8266801834106445,True,2,0.7922146099334255,0.1209677419354838,0.3770662492224105,0.2440140528260329,0.8299845226458131,0.8173747636151282,105,868,0.7922146099334253,0.0891341256366723,0.8099839687347412,True,2
1flm__1__1.A_1.B__1.D,c1089,0.5807898120840398,0.1156840934371523,0.3482492047607998,0.165599870683087,0.6883035095131869,0.7570073599888026,104,899,0.5696466402713555,0.0798771121351766,2.903517246246338,True,2,0.7841164593157888,0.1156840934371523,0.3582274826637684,0.2474143075034438,0.8014272913466461,0.8012091072093758,104,899,0.7841164593157889,0.0798771121351766,0.8027371168136597,True,2
5el9__1__10.A_16.A_19.A__19.B_19.C_19.D,c89,0.5110633728395899,0.1969230769230769,0.3826494800851139,0.3079538490979169,0.5707510074359324,0.5683311659292052,64,325,0.2144676341396558,0.1070234113712374,1.8315240144729612,True,2,0.6793274374826589,0.1969230769230769,0.4065074945578488,0.3215747931805641,0.7001350714812252,0.6921310769840181,64,325,0.678298385786825,0.1070234113712374,0.7236471772193909,True,2
5dnl__1__3.C_6.B_7.C__7.J_7.K_7.L,c89,0.4669835089636223,0.1955128205128205,0.3346304171850067,0.287905643723228,0.5681616280705348,0.5231133082603671,61,312,0.2935924912995357,0.1203155818540434,1.8423293828964236,True,2,0.6090071221710109,0.1955128205128205,0.33262781074887,0.3206040727512268,0.6736829836829836,0.6568159408285458,61,312,0.6090071221710109,0.1203155818540434,0.7607381939888,True,2
5dnl__1__3.A_3.B_3.C__3.G_3.H_3.I,c89,0.4726208568835932,0.1987179487179487,0.3510003480912452,0.3000876123862475,0.582829460238367,0.5273336793925028,62,312,0.275737710160761,0.1288981288981289,1.8456140756607056,True,2,0.6184186313466066,0.1987179487179487,0.327922456644541,0.3011730784293295,0.6840556665556664,0.6681532636364568,62,312,0.6184186313466066,0.1288981288981289,0.7577044367790222,True,2
5el9__1__10.A_19.A_6.A__10.B_10.C_10.D,c89,0.4714321230782727,0.1969230769230769,0.3837904232412225,0.3202300778456282,0.549592148675859,0.6258141461712892,64,325,0.2833616968161719,0.126232741617357,1.8296035528182983,True,2,0.6755972711287483,0.1969230769230769,0.4065074945578488,0.2949079586715543,0.6971277796277797,0.7069828065906496,64,325,0.6755972711287483,0.126232741617357,0.7467493414878845,True,2
5el9__1__11.A_15.A_17.A__17.B_17.C_17.D,c89,0.4776699606800249,0.1969230769230769,0.3824573812831806,0.3169496206970215,0.5699340901263977,0.6407318770554065,64,325,0.2143841865993537,0.1094017094017094,1.8309606313705444,True,2,0.66717412013499,0.1969230769230769,0.4065074945578488,0.3361464227228465,0.6943833018833019,0.7592179897081858,64,325,0.6671741201349899,0.1094017094017094,0.7535008788108826,True,2
6e3v__1__1.A__1.E_1.F_1.I,c31,0.3779535252941639,0.1124437781109445,0.2250453281224071,0.2020648907085533,0.5294888296227582,0.564561007827055,75,667,0.2970132496475139,0.0718390804597701,2.5280516147613525,True,2,0.5865370330696368,0.1124437781109445,0.2075911036600691,0.190152785642092,0.6617923955296404,0.6695620293607305,75,667,0.5865370330696368,0.0718390804597701,1.0512298345565796,True,2
2fbw__2__1.F_1.G_1.H__1.JJ,c270,0.2857281304423045,0.2458333333333333,0.3613147445774564,0.3540717332618896,0.3522982040281147,0.3773516488260078,59,240,0.2201598210027648,0.1475,1.8765753507614136,True,2,0.3745731193846473,0.2458333333333333,0.3954362492498085,0.3447765593792045,0.5192022907647907,0.4399288603134756,59,240,0.3745731193846472,0.1475,1.747214913368225,True,2
5eo2__3__1.E_1.F__1.L,c5274,0.2573910192449731,0.069683908045977,0.1360055663505372,0.1147787895449793,0.5013890854878742,0.3411393511619598,97,1392,0.151507431245711,0.0421006944444444,4.375054836273193,True,2,0.5251246606125624,0.069683908045977,0.1673178284839489,0.1229480282546011,0.746832049529418,0.629498905729326,97,1392,0.5251246606125624,0.0421006944444444,1.013859510421753,True,2
2f3d__1__1.A_2.A__1.B_1.C_1.D_1.E_1.F,c141,0.4645456637630546,0.1901041666666666,0.2482976308318774,0.2651833473647443,0.5213544532089458,0.5641256841791601,73,384,0.4297929122440884,0.1036931818181818,1.9526300430297847,True,2,0.7352193986819118,0.1901041666666666,0.4410623028987755,0.3818959341503704,0.7384728986291486,0.836087472867935,73,384,0.7352193986819117,0.1036931818181818,0.7319698929786682,True,2
1f1b__1__1.C_2.C__2.G,c103,0.3309639328220146,0.1607142857142857,0.2723293019974521,0.2290591083690848,0.4621673024350214,0.4384140054623248,72,448,0.2149067459859195,0.1046511627906976,1.7658700942993164,True,2,0.4391771904389419,0.1607142857142857,0.348320171822776,0.2943398075073639,0.5537868634730504,0.6010076075884899,72,448,0.4391771904389419,0.1046511627906976,1.4094613790512085,True,2
3f28__1__1.A__1.F_1.G,c218,0.409023751849258,0.175595238095238,0.3616605484322646,0.3177513733678229,0.4550218380314645,0.6080139258889259,59,336,0.2513984280483615,0.1024305555555555,1.6019495725631714,False,2,0.4629647592819541,0.175595238095238,0.4174971507640442,0.3492406007970568,0.5149616784359431,0.5249551744551744,59,336,0.4621942464000228,0.1024305555555555,1.4292219877243042,True,2
1fc0__1__1.B__1.E,c33,0.3753928772821941,0.1809523809523809,0.3609311562381738,0.3645107038124592,0.4814763854566486,0.3984307412164554,57,315,0.2136287790094467,0.0904761904761904,1.7408311367034912,True,2,0.7088383139867176,0.1809523809523809,0.4276771758608704,0.3868470306929675,0.7335140692640691,0.7689075818361533,57,315,0.7088383139867176,0.0904761904761904,0.9299575090408324,True,2
5dnl__1__4.A_4.B_4.C__4.G_4.H_4.I,c89,0.4724498587079074,0.1987179487179487,0.3561285532194504,0.2975534678216004,0.5763290911367833,0.5466096866096867,62,312,0.2091681362360195,0.1059829059829059,1.84552001953125,True,2,0.6321297689083469,0.1987179487179487,0.327124867137274,0.3148858694625459,0.6897799422799422,0.6676499815155278,62,312,0.6321297689083469,0.1059829059829059,0.7404628992080688,True,2
3fpe__1__1.A__1.C,c2604,0.2378462137379635,0.1291666666666666,0.2396108259288208,0.2211612304848169,0.3520603970273039,0.3053889982930287,93,720,0.158263608337985,0.0807291666666666,2.7191569805145264,True,2,0.3636557426706857,0.1291666666666666,0.3088973502593297,0.2095703595603359,0.5007883815762587,0.4605056532789314,93,720,0.3634224643243912,0.0807291666666666,1.6300302743911743,True,2
5dnl__1__4.C_5.B_8.C__8.J_8.K_8.L,c89,0.4438209426101109,0.1955128205128205,0.336413764697431,0.2973332088827847,0.5457290606379674,0.5092789967579883,61,312,0.2846353726165689,0.134065934065934,1.84273374080658,True,2,0.5980488745599369,0.1955128205128205,0.33262781074887,0.3158116367213589,0.6672269397269397,0.6416898904083778,61,312,0.5979269233404246,0.134065934065934,0.7723101377487183,True,2
4dyn__2__1.B__1.D,c822,0.3014675890197204,0.0962059620596205,0.3364288532186161,0.2867602946391832,0.6276795982171235,0.3096550573797769,71,738,0.1444176199295671,0.0422367638310529,3.1613664627075195,True,2,0.2972618487586427,0.0962059620596205,0.3247849463411126,0.298202623685497,0.5724152029324443,0.2717095018815462,71,738,0.2972618487586427,0.0422367638310529,2.743961334228516,True,2
5el9__1__11.A_17.A_8.A__11.B_11.C_11.D,c89,0.4590734522009583,0.1969230769230769,0.3818378254004668,0.3347067032683313,0.5644440275661995,0.6245110390698627,64,325,0.1971530527591005,0.0965309200603318,1.828588843345642,True,2,0.6689374998732637,0.1969230769230769,0.4071862028687686,0.3700846798335945,0.6818550893550893,0.7312734487734488,64,325,0.6687374198412508,0.0965309200603318,0.7409995198249817,True,2
6cpq__1__1.A__1.E_1.F_1.I,c31,0.4379911379145498,0.1071428571428571,0.2100568609086146,0.194641259239304,0.5670277777777778,0.6676790849329549,69,644,0.427168051499562,0.0684523809523809,2.538057804107666,True,2,0.4540700785048819,0.1071428571428571,0.1804306201045331,0.1738723743724225,0.5824603174603175,0.5271710907103064,69,644,0.4540700785048819,0.0684523809523809,1.4019737243652344,True,2
5el9__1__12.A_14.A_18.A__18.B_18.C_18.D,c89,0.4998566535043716,0.1969230769230769,0.381626961702761,0.3009414991559518,0.56201716000299,0.655787034316446,64,325,0.2152712981520215,0.1094017094017094,1.8298898935317995,True,2,0.6914459329357889,0.1969230769230769,0.4041400703154246,0.2965797810227277,0.7081706007667546,0.7617682662290505,64,325,0.6914459329357889,0.1094017094017094,0.7226088643074036,True,2
1f1b__1__1.C_3.C__1.G,c103,0.3108140349318667,0.1607142857142857,0.26634992474689,0.245234694289359,0.4694784638183576,0.4289140442501787,72,448,0.1751761364320608,0.1153846153846153,1.766823649406433,True,2,0.3537336091692153,0.1607142857142857,0.3415149544706836,0.2995567841455074,0.4515169024340505,0.458243744078828,72,448,0.3533514953480771,0.1153846153846153,1.5855767726898191,True,2
2f3d__1__1.A_2.A__2.B_2.C_2.D_2.E_2.F,c141,0.4726816677404228,0.1901041666666666,0.2470177083190781,0.2330536966477666,0.5364823187433482,0.6297937493850404,73,384,0.4110787051963571,0.1169871794871794,1.9532045125961304,True,2,0.7362946262580697,0.1901041666666666,0.4387384281433939,0.3275838943965355,0.7465879779942279,0.8650528090023888,73,384,0.7362946262580697,0.1169871794871794,0.7375363707542419,True,2
4fgz__2__1.B__1.G,c5754,0.1844709324752574,0.104,0.1646266340497109,0.1597802267067891,0.3854996161246161,0.409691587620986,52,500,0.0806143050285244,0.0533333333333333,2.685632705688477,True,2,0.2043695393513024,0.104,0.2135156346921052,0.1936858621355414,0.4607872374539041,0.3629332608678622,52,500,0.2043695393513024,0.0533333333333333,2.320676326751709,True,2
2foo__1__1.A__1.B,c2776,0.2330893723723034,0.0972222222222222,0.1919241000873654,0.1896266526921309,0.5571314856640943,0.2274689113533569,49,504,0.1141386051270453,0.0388888888888888,3.500782966613769,True,2,0.3699392279720933,0.0972222222222222,0.1985260770975056,0.1657326928091148,0.5449118514335906,0.3503292887786304,49,504,0.3699392279720933,0.0388888888888888,2.810636520385742,True,2
4f5p__1__1.A__1.E_1.H,c31,0.2313384527753815,0.0818181818181818,0.1479200429200429,0.1341809867568102,0.4174747320580654,0.3788135782234247,54,660,0.1139736159324195,0.0439024390243902,2.8163647651672363,True,2,0.2837788295072274,0.0818181818181818,0.1394356551219296,0.1419585471561042,0.4323192239858906,0.5301624492901275,54,660,0.2837788295072274,0.0439024390243902,1.884170651435852,True,2
5el9__1__12.A_16.A_3.A__3.B_3.C_3.D,c89,0.4975759805185828,0.1969230769230769,0.3836988481496475,0.2938232033357517,0.5663760590225225,0.6282553920299018,64,325,0.2326189923951041,0.1094017094017094,1.8294014930725095,True,2,0.6716204502241809,0.1969230769230769,0.4059611658865201,0.2856115657643517,0.6854445554445553,0.7266935696837656,64,325,0.6716204502241809,0.1094017094017094,0.7302746772766113,True,2
5dnl__1__5.A_5.B_5.C__5.G_5.H_5.I,c89,0.4813256038302529,0.1987179487179487,0.356184948437136,0.3130804288865212,0.5758298379640195,0.5513158620091393,62,312,0.2215139538346129,0.1036789297658862,1.8446698188781736,True,2,0.6371911314271733,0.1987179487179487,0.327922456644541,0.3090120286434726,0.6956379731379732,0.6574085617152844,62,312,0.6371911314271732,0.1036789297658862,0.7363699674606323,True,2
5el9__1__14.A_2.A_22.A__14.B_14.C_14.D,c89,0.4844640627053445,0.1969230769230769,0.3844314488822482,0.273873379839077,0.5572340835802373,0.6345977606271723,64,325,0.2883306889889447,0.126232741617357,1.828776240348816,True,2,0.6559376536274489,0.1969230769230769,0.4059611658865201,0.2729716360810895,0.6749364737826276,0.7156488954037974,64,325,0.655937653627449,0.126232741617357,0.7311109304428101,True,2
5el9__1__15.A_24.A_4.A__15.B_15.C_15.D,c89,0.4634064467925743,0.1969230769230769,0.3844314488822482,0.2941447470586309,0.5593648054224978,0.5662973394486,64,325,0.2400795090749724,0.1094017094017094,1.830132246017456,True,2,0.6807999872487275,0.1969230769230769,0.4071862028687686,0.322830625920111,0.6958154345654345,0.7400373645961881,64,325,0.6807999872487275,0.1094017094017094,0.7418453097343445,True,2
5el9__1__13.A_20.A_9.A__20.B_20.C_20.D,c89,0.4702365532334269,0.1969230769230769,0.385341996667796,0.3173662619966665,0.5653473478925967,0.5966065035182683,64,325,0.2091047042821673,0.1094017094017094,1.828634262084961,True,2,0.6580514346346941,0.1969230769230769,0.4059611658865201,0.3809064852659146,0.6783537509499047,0.7257503135934507,64,325,0.6580514346346941,0.1094017094017094,0.7425259351730347,True,2
3f2c__1__1.A__1.D_1.I,c3785,0.2138568552475487,0.087216248506571,0.1344148146695633,0.124921841167132,0.3692433524330076,0.4053808247724653,73,837,0.1712277609580648,0.0547636909227306,2.917712688446045,True,2,0.5509317942668783,0.087216248506571,0.2110870696352645,0.157891022359068,0.7557789815548437,0.6037341298158476,73,837,0.5509317942668783,0.0547636909227306,1.0438377857208252,True,2
1frp__1__1.A_1.B__1.C_1.D,c141,0.3222405331278937,0.172,0.2259582877191823,0.2350883885408692,0.4240173977316973,0.4134917569880589,86,500,0.1954889653821679,0.0914893617021276,2.02683424949646,True,2,0.5595211890247505,0.172,0.3157849158185755,0.3026011137376762,0.6638814260358377,0.5800085422777417,86,500,0.5595211890247505,0.0914893617021276,1.1782042980194092,True,2
2f3d__1__3.A_4.A__3.B_3.C_3.D_3.E_3.F,c141,0.4715252523294779,0.1901041666666666,0.2463625059301429,0.2323734358740948,0.53482431853707,0.611561562182265,73,384,0.3488075431149681,0.1382575757575757,1.9522334337234497,True,2,0.7393258940477146,0.1901041666666666,0.4410623028987755,0.3388069895478111,0.7567440991548133,0.8273094861487719,73,384,0.7393258940477146,0.1382575757575757,0.7491104006767273,True,2
5dnl__1__6.A_6.B_7.A__6.D_6.E_6.F,c89,0.43355679932233,0.1955128205128205,0.3471306985920145,0.3162069550276439,0.5352971601048524,0.5334560918384447,61,312,0.3105112885519361,0.1380090497737556,1.858272671699524,True,2,0.6071075736370019,0.1955128205128205,0.329469220705034,0.3390209357320872,0.6628651903651904,0.6715739652504358,61,312,0.6071075736370017,0.1380090497737556,0.8019440174102783,True,2
2f3d__1__3.A_4.A__4.B_4.C_4.D_4.E_4.F,c141,0.4660621987635809,0.1901041666666666,0.2504128790729818,0.21114653685232,0.5218593445229889,0.5894952324364088,73,384,0.2097624501866445,0.1200657894736842,1.9549403190612795,True,2,0.7533173903294478,0.1901041666666666,0.4460796779995007,0.2931131883423997,0.7799237914862915,0.8780007586314882,73,384,0.7261844592670751,0.1200657894736842,0.7200000286102295,True,2
5dnl__1__6.A_6.B_6.C__6.G_6.H_6.I,c89,0.4480375262526291,0.1987179487179487,0.3478345725929636,0.2777030714431182,0.530616758806804,0.5007245633296054,62,312,0.220547818237465,0.1059829059829059,1.8506395816802976,True,2,0.6309266831796757,0.1987179487179487,0.3314397279037477,0.2590833849243176,0.6846359196359196,0.6782054663357184,62,312,0.6309266831796756,0.1059829059829059,0.7684722542762756,True,2
5dnl__1__5.A_5.B_8.A__5.D_5.E_5.F,c89,0.4273216022373495,0.1955128205128205,0.3371548820588209,0.2767581089067578,0.5573441980342433,0.5006930977519213,61,312,0.1599066654204339,0.099836333878887,1.8547494411468504,True,2,0.5752708395764876,0.1955128205128205,0.3179157468564783,0.3000533129531751,0.6461263736263737,0.6395346949968799,61,312,0.5752469275726617,0.099836333878887,0.7977354526519775,True,2
5dnl__1__5.A_7.A_7.B__7.D_7.E_7.F,c89,0.4656264916568215,0.1955128205128205,0.3560706282648275,0.2955591653179051,0.5479566147180885,0.5526572470480033,61,312,0.2688099392930803,0.1268191268191268,1.8544738292694087,True,2,0.5871612477295172,0.1955128205128205,0.3193809483216797,0.3177165102525864,0.6748121323121323,0.6724042973832889,61,312,0.5871612477295173,0.1268191268191268,0.7855643033981323,True,2
5el9__1__16.A_21.A_3.A__16.B_16.C_16.D,c89,0.5156252078206276,0.1969230769230769,0.3848930698287037,0.3263117522619498,0.5743659859496965,0.6532522796738482,64,325,0.2796134184554173,0.1004709576138147,1.828755259513855,True,2,0.6943520574438512,0.1969230769230769,0.4059611658865201,0.3585784776304203,0.7085063761025299,0.731401606744744,64,325,0.6943520574438512,0.1004709576138147,0.7082617282867432,True,2
1frp__1__1.A_1.B__1.F_1.G,c141,0.3588375857738262,0.1770833333333333,0.2104003155477841,0.2306056426218438,0.4674936190328992,0.4337169883278091,85,480,0.2185913123967448,0.096590909090909,1.910483717918396,True,2,0.6216394571583147,0.1770833333333333,0.2777065199213259,0.286309471219854,0.6600511955937651,0.6440270129644299,85,480,0.6216394571583146,0.096590909090909,1.0283883810043335,True,2
5el9__1__15.A_4.A_9.A__4.B_4.C_4.D,c89,0.4876554133332816,0.1969230769230769,0.3833783353291346,0.3454881502336158,0.5724545106728365,0.628772083036789,64,325,0.2574787066438533,0.1144901610017889,1.8286564350128172,True,2,0.6525233010546497,0.1969230769230769,0.4059611658865201,0.3636985343201368,0.6737765226226765,0.6988154184232616,64,325,0.6525233010546498,0.1144901610017889,0.7435398101806641,True,2
3fpe__1__1.B__1.D,c2604,0.2653872970448666,0.1319444444444444,0.2497962864378117,0.2318885052787042,0.4031682149257451,0.3299464388595015,95,720,0.1615639099174483,0.0824652777777777,2.669914484024048,True,2,0.413995683694791,0.1319444444444444,0.3316851793422385,0.204568406973533,0.5955207660737108,0.538869257757439,95,720,0.4130289698627514,0.0824652777777777,1.384143352508545,True,2
2fop__1__1.A__1.B,c2776,0.1870685582358619,0.0894886363636363,0.1959601245315531,0.2182292082100622,0.4885191660191659,0.2108772700209373,63,704,0.1738408759110476,0.0650826446280991,3.4706199169158936,True,2,0.2323547337243929,0.0894886363636363,0.2076349456219586,0.1823252699408614,0.4948935323935323,0.338168961088933,63,704,0.2323547337243929,0.0650826446280991,2.8330652713775635,True,2
5el9__1__17.A_24.A_6.A__24.B_24.C_24.D,c89,0.4646940420967704,0.1969230769230769,0.3817958032778525,0.3679582473648921,0.5614880916803994,0.5578056094232565,64,325,0.2678313056525357,0.1094017094017094,1.830055952072144,True,2,0.6795207902173548,0.1969230769230769,0.4071862028687686,0.4359175767651013,0.694085914085914,0.7368871016420036,64,325,0.679520790217355,0.1094017094017094,0.740834653377533,True,2
5el9__1__18.A_22.A_7.A__22.B_22.C_22.D,c89,0.4774153972166296,0.1969230769230769,0.3844314488822482,0.2941616346118711,0.5732047083970161,0.6128632750691574,64,325,0.2475079038380442,0.1200750469043152,1.8285071849823,True,2,0.6585265222040053,0.1969230769230769,0.4071862028687686,0.3316631988424406,0.6763891877353415,0.7577367748446179,64,325,0.6585265222040053,0.1200750469043152,0.7545214295387268,True,2
5el9__1__19.A_21.A_8.A__21.B_21.C_21.D,c89,0.475929949082069,0.1969230769230769,0.3825284040104533,0.3347226372494511,0.5551060157790926,0.6067219436337083,64,325,0.2205606784610773,0.1172161172161172,1.8300386667251587,True,2,0.6741710882717397,0.1969230769230769,0.4041400703154246,0.3698956567890326,0.6982832658794198,0.7386482163442948,64,325,0.6741710882717397,0.1172161172161172,0.7398593425750732,True,2
3fma__2__1.B__1.G,c2953,0.2643518507980739,0.0913043478260869,0.2183120690367067,0.218139245132229,0.5714402427637723,0.2904354453348932,63,690,0.2412571366199458,0.0570652173913043,3.997944593429565,True,2,0.3022964766989582,0.0913043478260869,0.2422330171553774,0.1671156447010799,0.6473662571089042,0.4105718919288408,63,690,0.3022964766989582,0.0570652173913043,2.187312364578247,True,2
2eqa__1__1.A__1.B_1.C,c1652,0.2478832842526769,0.1159420289855072,0.1914705432568284,0.1620228191659402,0.3799691391539217,0.4183831805597818,64,552,0.1907282088009986,0.0695652173913043,2.652907609939575,True,2,0.5777283063784381,0.1159420289855072,0.3002477858795793,0.2056417673291219,0.6693391994478951,0.7296312612906019,64,552,0.5777283063784381,0.0695652173913043,0.8412348628044128,True,2
5dnx__1__1.A_1.B_1.C__1.G_1.H_1.I,c89,0.4676941876429928,0.2275641025641025,0.3724191710186866,0.3540613655505571,0.5815224276310249,0.5776351417282789,71,312,0.228870849306511,0.13003663003663,1.904768943786621,True,2,0.6650677922271793,0.2275641025641025,0.352433400835351,0.3743923934066692,0.7093122120045197,0.7551871512655827,71,312,0.6650677922271793,0.13003663003663,0.8348997235298157,True,2
5dnl__1__6.A_8.A_8.B__8.D_8.E_8.F,c89,0.4480553565635512,0.1955128205128205,0.3460531971881278,0.2806686718897574,0.5413027042682913,0.5237724771338217,61,312,0.2005312043735296,0.099836333878887,1.857613205909729,True,2,0.6003032829029222,0.1955128205128205,0.3281661521888508,0.3108510726638483,0.6602550227550228,0.675510236728724,61,312,0.6003032829029223,0.099836333878887,0.8029019236564636,True,2
4f39__1__2.A__2.B,c7,0.4438580325657598,0.2148148148148148,0.3451738699659592,0.3012905682419677,0.5314533522033522,0.5278724024817775,58,270,0.2256844369583918,0.1137254901960784,1.6143933534622192,True,2,0.6949453558169908,0.2148148148148148,0.4426860400136262,0.336055206943682,0.726960076960077,0.681579270046532,58,270,0.6948652372414987,0.1137254901960784,0.9045329689979552,True,2
5el9__1__2.A_24.A_6.A__6.B_6.C_6.D,c89,0.4662150625036559,0.1969230769230769,0.379643788625838,0.3290377962800236,0.5491085750617523,0.618827028091734,64,325,0.2817065366934861,0.1200750469043152,1.8305357694625852,True,2,0.6651147689102935,0.1969230769230769,0.4065074945578488,0.3231497077253478,0.6850172050172051,0.7405407752326519,64,325,0.6650667093163972,0.1200750469043152,0.7605016231536865,True,2
5el9__1__20.A_23.A_5.A__23.B_23.C_23.D,c89,0.4732441205405831,0.1969230769230769,0.3806990867284706,0.3654016657584779,0.5537137419746115,0.5700589754161183,64,325,0.1993459722934497,0.1144901610017889,1.83024263381958,True,2,0.6664194478717842,0.1969230769230769,0.4065074945578488,0.41456313475655,0.6902013727013727,0.7674512830255127,64,325,0.6661445022880977,0.1144901610017889,0.7546814680099487,True,2
3fma__4__1.D__1.I,c2953,0.2459303594472698,0.1181818181818181,0.2169934232434232,0.1880940714359193,0.5251521164021163,0.3704603443344385,52,440,0.1241822579389302,0.0472727272727272,2.95810341835022,True,2,0.3318457207910413,0.1181818181818181,0.2169094794094794,0.1923795348585388,0.5968849206349206,0.428400042257364,52,440,0.3318457207910412,0.0472727272727272,1.922580599784851,True,2
6fc1__1__1.A__1.E,c326,0.6354473101229506,0.1351981351981352,0.3521535587366308,0.2781686077430513,0.7791808390022675,0.6245136715716844,58,429,0.5415155252881947,0.0585858585858585,2.57920503616333,True,2,0.6899777700003534,0.1351981351981352,0.3367035785531083,0.2764258831071722,0.7344104308390021,0.666638846466034,58,429,0.6899777700003534,0.0585858585858585,1.428849220275879,True,2
5dnl__1__7.A_7.B_7.C__7.G_7.H_7.I,c89,0.4770620142130946,0.1987179487179487,0.356134192741219,0.355806545175852,0.5780592128669051,0.5540531084228563,62,312,0.2584723203560827,0.1163227016885553,1.8454724550247192,True,2,0.620840802116685,0.1987179487179487,0.327124867137274,0.3783871277086775,0.6684307359307358,0.6616470247772767,62,312,0.620840802116685,0.1163227016885553,0.7425574064254761,True,2
5dnl__1__8.A_8.B_8.C__8.G_8.H_8.I,c89,0.4780281087267029,0.1987179487179487,0.3510003480912452,0.289831655805403,0.5690871772772226,0.5335822129939777,62,312,0.312761990498537,0.1163227016885553,1.8467422723770144,True,2,0.6280590623648061,0.1987179487179487,0.3301576766216965,0.2877827694810521,0.688003663003663,0.6636510991342924,62,312,0.6280590623648061,0.1163227016885553,0.753724992275238,True,2
5el9__1__20.A_7.A_9.A__9.B_9.C_9.D,c89,0.4611907977789765,0.1969230769230769,0.3825284040104533,0.314583827956073,0.5719796899095542,0.5737595667637684,64,325,0.2329292621444772,0.1118881118881118,1.8277223110198972,True,2,0.6678981584311894,0.1969230769230769,0.4071862028687686,0.3541051620347345,0.6798737800660877,0.7225313593450847,64,325,0.6678981584311894,0.1118881118881118,0.7381763458251953,True,2
5el9__1__23.A_3.A_5.A__5.B_5.C_5.D,c89,0.4932263406431896,0.1969230769230769,0.3834389517960011,0.313390865807453,0.5699167633324576,0.6806184719420014,64,325,0.248506738600709,0.1144901610017889,1.8291544914245603,True,2,0.6523901864661008,0.1969230769230769,0.4059611658865201,0.328506922868779,0.6754503117964656,0.7238907077982708,64,325,0.65226578978998,0.1144901610017889,0.7537251710891724,True,2
5el9__1__22.A_4.A_7.A__7.B_7.C_7.D,c89,0.4704195890400714,0.1969230769230769,0.3844314488822482,0.3322459172903275,0.5611833252217868,0.5767456399809341,64,325,0.2027403630386795,0.1172161172161172,1.8299410343170168,True,2,0.6786381483633066,0.1969230769230769,0.4071862028687686,0.3585579343944848,0.6932617382617382,0.7401550754982127,64,325,0.6784583932796081,0.1172161172161172,0.7419868111610413,True,2
5equ__2__1.B__1.J,c224,0.1338116378016124,0.0781818181818181,0.1999357426539189,0.1210512022334378,0.301081120508365,0.2111420728176374,86,1100,0.071748588156225,0.0419512195121951,3.918666124343872,True,2,0.3593080983150142,0.0781818181818181,0.2498416183299904,0.1882851604353144,0.5633337308337307,0.355309801970248,86,1100,0.3593080983150141,0.0419512195121951,2.211958885192871,True,2
4f39__1__1.A__1.B,c7,0.4484828761186188,0.2148148148148148,0.3523577780119362,0.3178727976960855,0.5159865967365966,0.5501391135319706,58,270,0.2493240548008133,0.1137254901960784,1.6143286228179932,True,2,0.7155067183310276,0.2148148148148148,0.4426860400136262,0.3420295279200841,0.7339706589706589,0.7299294369513863,58,270,0.7154295578372006,0.1137254901960784,0.8995726704597473,True,2
3gb4__1__1.A__1.F,c164,0.1775190996464316,0.1337792642140468,0.2256308548907233,0.1709965842851956,0.2960554919168577,0.5456161246161246,40,299,0.1154982716454669,0.0879120879120879,1.572842717170715,True,2,0.6461496781008356,0.1337792642140468,0.5336526187487726,0.3850875274125432,0.7409840159840159,0.6877034231200898,40,299,0.6461496781008353,0.0879120879120879,0.8519639372825623,True,2
5fns__1__1.A__1.B,c315,0.2779570423150991,0.0960591133004926,0.2434052356387621,0.2053882477534766,0.4498216005315396,0.3984298290072728,78,812,0.2148875621690471,0.061128526645768,2.785036087036133,True,2,0.3645878853435069,0.0960591133004926,0.2242741519617787,0.1756905971612026,0.5399091027108269,0.5762061393701219,78,812,0.3642019999952156,0.061128526645768,1.8094764947891235,True,2
5elw__1__1.A_13.A_23.A__13.B_13.C_13.D,c89,0.4934672686276859,0.1969230769230769,0.3958622016809234,0.3279219736419667,0.5850874821945056,0.6953792072125405,64,325,0.235047715733727,0.1172161172161172,1.8330367803573608,True,2,0.7494626475529127,0.1969230769230769,0.4510790524913121,0.3546923969883557,0.7855189255189254,0.8073282227032228,64,325,0.7494626475529127,0.1172161172161172,0.7272800207138062,True,2
6fz2__1__1.A__1.C,c118,0.1865923717206735,0.1152263374485596,0.1652852532764464,0.1397541398952006,0.2724112519077134,0.3584637199378248,84,729,0.1187136998808119,0.074074074074074,2.6173646450042725,True,2,0.4402059361457594,0.1152263374485596,0.280038763801061,0.2299368847890732,0.5431148772352475,0.5829339536293563,84,729,0.4347740989142273,0.074074074074074,1.5359562635421753,True,2
5elw__1__1.A_11.A_13.A__1.B_1.C_1.D,c89,0.5127701951443849,0.1969230769230769,0.4050025405087622,0.3413770662956357,0.5865839211484006,0.6875900442150441,64,325,0.3386128479324375,0.1447963800904977,1.8307231664657595,True,2,0.7410050304134382,0.1969230769230769,0.4487471396125242,0.3497416401677098,0.7797643626215055,0.7983834843140399,64,325,0.7410050304134381,0.1447963800904977,0.7116059064865112,True,2
5equ__4__1.D__1.P,c224,0.1385974396221231,0.0730434782608695,0.1923767682092262,0.1079541857093113,0.3073181427253825,0.3326748247834172,84,1150,0.0760113047744775,0.0409756097560975,3.77972149848938,True,2,0.4621504232897709,0.0730434782608695,0.2176374300476744,0.1763802110696699,0.6267627280127279,0.5381640406796618,84,1150,0.4621504232897709,0.0409756097560975,1.858792424201965,True,2
1gc5__1__1.A__1.B,c1264,0.2251688612947799,0.0897435897435897,0.2123501106445169,0.1570303138267017,0.4362796391642546,0.3629451837069738,63,702,0.1359962298273347,0.0476190476190476,2.675868034362793,True,2,0.3323942016082483,0.0897435897435897,0.2296390103628254,0.1649002760564062,0.5637160862641631,0.5545578629560917,63,702,0.3323942016082483,0.0476190476190476,1.18275249004364,True,2
5equ__3__1.C__1.M,c224,0.1251987105092416,0.0681481481481481,0.1814946234498664,0.112660703281412,0.3016775496346779,0.2610048441357772,92,1350,0.0727017250567404,0.0408888888888888,3.800849914550781,True,2,0.359446863493263,0.0681481481481481,0.2439862994715683,0.1860205872297178,0.5320667892940036,0.3758584337623415,92,1350,0.359446863493263,0.0408888888888888,2.2784743309021,True,2
3gbb__2__1.B__1.D,c7,0.4128264758040565,0.1618357487922705,0.3522131987123207,0.2791629503336495,0.563663820747154,0.568958941709292,67,414,0.2996565949696852,0.0930555555555555,1.789328932762146,True,2,0.5978262054661327,0.1618357487922705,0.4254584829211695,0.3405356103239859,0.645974961252739,0.7063893160570014,67,414,0.5943772573394309,0.0930555555555555,1.2053978443145752,True,2
3gbb__1__1.A__1.C,c7,0.3907427884161834,0.1527777777777778,0.3578902578902578,0.2381103949006554,0.5971201199709972,0.5130857965618809,66,432,0.3097294626993949,0.1018518518518518,1.7767060995101929,True,2,0.6096488588468838,0.1527777777777778,0.418778675028675,0.286014583905524,0.6851025132275131,0.6974295137203635,66,432,0.6080524968693424,0.1018518518518518,1.2750544548034668,True,2
5dnx__1__1.A_1.B_4.A__1.D_1.E_1.F,c89,0.4420309189537545,0.2211538461538461,0.3735962613249648,0.313219617745311,0.5761289720000129,0.5498127417245064,69,312,0.2929472284149892,0.1516483516483516,1.8975409269332888,True,2,0.6526154122042443,0.2211538461538461,0.3592139362157068,0.36866042318863,0.7029712168173707,0.7131262865156422,69,312,0.6526154122042445,0.1516483516483516,0.8189902901649475,True,2
5elw__1__10.A_14.A_2.A__2.B_2.C_2.D,c89,0.4860778097653453,0.1969230769230769,0.4026003777205699,0.3125879302578288,0.5800633981403212,0.6771608514941847,64,325,0.2269652007619324,0.0965309200603318,1.8305542469024656,True,2,0.7336907811382327,0.1969230769230769,0.4491159114656711,0.3803973684951915,0.7653597145630111,0.785205353802576,64,325,0.7336907811382326,0.0965309200603318,0.7183078527450562,True,2
5elw__1__1.A_21.A_8.A__8.B_8.C_8.D,c89,0.5376183867180246,0.1969230769230769,0.4060630608707531,0.3231881967192042,0.5882046607040652,0.6894405465933244,64,325,0.2293416309029917,0.0984615384615384,1.831284523010254,True,2,0.7705702007285722,0.1969230769230769,0.4532836187583783,0.3759136617473219,0.793498445998446,0.8150521351076905,64,325,0.769230044783153,0.0984615384615384,0.7058994770050049,True,2
5elw__1__10.A_19.A_6.A__10.B_10.C_10.D,c89,0.540913406865086,0.1969230769230769,0.4067956616033539,0.3296036790391913,0.5871782838632089,0.6522974689919133,64,325,0.2600457450865052,0.1094017094017094,1.8317874670028689,True,2,0.7598993088759489,0.1969230769230769,0.4532836187583783,0.3685174744925879,0.7850208552131627,0.8040609452276118,64,325,0.759899308875949,0.1094017094017094,0.6965320110321045,True,2
5elw__1__10.A_16.A_19.A__19.B_19.C_19.D,c89,0.5248645436807349,0.1969230769230769,0.405735141241363,0.3175280431705666,0.5866146294671368,0.6827536994898106,64,325,0.2321369837705088,0.1172161172161172,1.831170916557312,True,2,0.7500387988132611,0.1969230769230769,0.4521135648539495,0.3675270656372132,0.7859331937903365,0.7694834907890464,64,325,0.7500387988132611,0.1172161172161172,0.7028312683105469,True,2
5elw__1__11.A_15.A_17.A__17.B_17.C_17.D,c89,0.5299206242646489,0.1969230769230769,0.3983822000648924,0.3432178231771702,0.5819323343167879,0.6625568032790256,64,325,0.2071596835475561,0.1144901610017889,1.8330057859420776,True,2,0.7604563984656245,0.1969230769230769,0.4555316211566211,0.382351607463846,0.7753951817413356,0.8193114144086365,64,325,0.7604563984656245,0.1144901610017889,0.7156866788864136,True,2
3gl0__1__1.A__1.E_1.F_1.G,c164,0.2729168186421318,0.1666666666666666,0.3708374315635345,0.2290645383535035,0.4168105691512553,0.494836186540732,40,240,0.1494784252394981,0.0980392156862745,1.4690765142440796,True,2,0.6636086838194398,0.1666666666666666,0.6318642526455026,0.5481405179334905,0.751557239057239,0.5264188011063011,40,240,0.6636086838194398,0.0980392156862745,0.9901411533355712,True,2
6fqh__1__1.A__1.C,c7,0.3069743761280707,0.178743961352657,0.3244897319066117,0.2906443803813177,0.492916537616026,0.3998017088280081,74,414,0.1684210969532404,0.0946291560102301,2.095564603805542,True,2,0.4305477703566878,0.178743961352657,0.4230488288352738,0.37319525830006,0.5726953879927026,0.5117503443092145,74,414,0.4305477703566878,0.0946291560102301,1.5377662181854248,True,2
5dnx__1__1.A_3.A_3.B__3.D_3.E_3.F,c89,0.4641290847292754,0.2211538461538461,0.3634556772713373,0.3323289954445488,0.5749407300425401,0.5295558381342694,69,312,0.2402041585498534,0.1326923076923077,1.8969112634658811,True,2,0.6509394614774779,0.2211538461538461,0.3554588109772056,0.3091744623386289,0.6946812162196777,0.7268114575537544,69,312,0.6509394614774782,0.1326923076923077,0.810210108757019,True,2
6f3j__1__1.A__1.D,c33,0.2062822794028793,0.1078341013824884,0.1706884447544986,0.1622461846142691,0.3302058185113066,0.3397913647803078,117,1085,0.1831414687342464,0.0698924731182795,3.7535364627838135,True,2,0.6038335396602899,0.1078341013824884,0.2745486569699654,0.1859848354985409,0.7232754356565901,0.7079989757156423,117,1085,0.6038335396602899,0.0698924731182795,1.1786788702011108,True,2
6fqh__1__1.B__1.D,c7,0.2640066726361961,0.1763285024154589,0.3270899212548653,0.2681123324363796,0.4259995519778129,0.4157124500504204,73,414,0.2075357191393544,0.1094452773613193,2.0971338748931885,True,2,0.3720397525817236,0.1763285024154589,0.3998907650485971,0.318019762990031,0.482454921937019,0.4447351161256385,73,414,0.3720397525817236,0.1094452773613193,1.7196916341781616,True,2
5elw__1__11.A_17.A_8.A__11.B_11.C_11.D,c89,0.5244905642938336,0.1969230769230769,0.4053361835813759,0.3834323273463679,0.5892385633273344,0.6625359599248488,64,325,0.2220608822528572,0.1094017094017094,1.8313690423965452,True,2,0.7453543067515249,0.1969230769230769,0.4491159114656711,0.4049436158763792,0.780902946260089,0.796895168617391,64,325,0.7453543067515249,0.1094017094017094,0.7052326798439026,True,2
5elw__1__12.A_14.A_18.A__18.B_18.C_18.D,c89,0.4915903344460522,0.1969230769230769,0.4057351412413629,0.3089406868088436,0.6016940004440003,0.6900641518974852,64,325,0.2356190241201065,0.1025641025641025,1.8303359746932983,True,2,0.7447897019681865,0.1969230769230769,0.4469624659528506,0.3299528099297921,0.7737004479037446,0.7860012292234514,64,325,0.7447897019681864,0.1025641025641025,0.706572949886322,True,2
5elw__1__12.A_16.A_3.A__3.B_3.C_3.D,c89,0.5092061249267726,0.1969230769230769,0.4067956616033539,0.3403245923464723,0.5859845938177088,0.6773621851399628,64,325,0.2407717829966541,0.1025641025641025,1.831368923187256,True,2,0.7515626685117485,0.1969230769230769,0.45426701036677,0.3823669611503656,0.7785417177450143,0.803493292715515,64,325,0.7515626685117484,0.1025641025641025,0.698718249797821,True,2
5elw__1__12.A_18.A_5.A__12.B_12.C_12.D,c89,0.5211960622470162,0.1969230769230769,0.4053361835813759,0.3144010994269485,0.5804289294164859,0.6625335348807571,64,325,0.2664110666653055,0.1144901610017889,1.8323423862457275,True,2,0.7576992997637619,0.1969230769230769,0.4532836187583783,0.3284392388271057,0.7883852258852257,0.7921885706885708,64,325,0.756227408597967,0.1144901610017889,0.7071568369865417,True,2
6ewf__1__1.A__1.C,c118,0.1703843829265142,0.1124828532235939,0.158627536877594,0.1530748976888641,0.2224511791308765,0.3691623067280338,82,729,0.1063087095346704,0.069023569023569,2.4784798622131348,True,2,0.3584482845616616,0.1124828532235939,0.2938125244750548,0.2227384294575444,0.518302362261702,0.5098303838593429,82,729,0.3578681074584167,0.069023569023569,1.7104231119155884,True,2
5fm0__1__1.A__1.C_1.D_1.E_1.F,c1867,0.3050135659874688,0.0984848484848484,0.1897189027965156,0.146271844785682,0.5093451707785106,0.4681911560224472,117,1188,0.2774661640713425,0.0695187165775401,3.2366039752960205,True,2,0.5683893886564505,0.0984848484848484,0.225758161002176,0.16223255214746,0.67727092760181,0.616644276870854,117,1188,0.5683893886564505,0.0695187165775401,1.493595838546753,True,2
5dnx__1__1.B_4.C_8.C__4.J_4.K_4.L,c89,0.4504796834691001,0.2275641025641025,0.3907110693214191,0.3491655637679682,0.5460574568719365,0.5682545169064777,71,312,0.1780230002346146,0.11620294599018,1.908200740814209,True,2,0.6420109627099024,0.2275641025641025,0.3666344640071617,0.3124539422048777,0.6953282116743653,0.7117695948490766,71,312,0.6420109627099024,0.11620294599018,0.8445651531219482,True,2
2gmh__1__1.A__1.H,c7692,0.0936250921363354,0.0789473684210526,0.1189441561767675,0.1102373280116893,0.1690689874914156,0.1577319735489581,99,1254,0.060947123640914,0.0482456140350877,4.406888008117676,True,2,0.1255091628259026,0.0789473684210526,0.1587955951231623,0.1184740582787118,0.2296953168407842,0.2434264914742874,99,1254,0.1253574261200068,0.0482456140350877,3.8027522563934326,True,2
6fqk__1__1.B__1.D,c7,0.2623034216524467,0.1279461279461279,0.2330644446012523,0.2081092960417517,0.4516979967905893,0.3614236845636013,76,594,0.171918931430486,0.0781893004115226,2.343865156173706,True,2,0.3986504186792002,0.1279461279461279,0.3051214017416288,0.2559515869430969,0.6133034146923037,0.5443709242194547,76,594,0.3986504186792003,0.0781893004115226,1.3592654466629028,True,2
5elw__1__14.A_2.A_22.A__14.B_14.C_14.D,c89,0.5053763824676469,0.1969230769230769,0.4042756632193849,0.3435046845203375,0.5907957640649949,0.6900742313242314,64,325,0.2927648305592709,0.126232741617357,1.8303725719451904,True,2,0.7308947749814745,0.1969230769230769,0.4491159114656711,0.4114507589028105,0.7532446074479041,0.7613984754956977,64,325,0.7308947749814746,0.126232741617357,0.718749463558197,True,2
5dnx__1__1.C_3.B_6.C__1.J_1.K_1.L,c89,0.4622119648762465,0.2275641025641025,0.3949828538748939,0.3655770958409762,0.5637349531887347,0.5622528524489309,71,312,0.2818999955634784,0.156043956043956,1.907602906227112,True,2,0.640991277647567,0.2275641025641025,0.3718688618471933,0.3429873801411444,0.688513381205689,0.7147786772699237,71,312,0.640991277647567,0.156043956043956,0.8317358493804932,True,2
5elw__1__13.A_20.A_9.A__20.B_20.C_20.D,c89,0.5256497275049962,0.1969230769230769,0.3969227220429143,0.3276400176421862,0.5829370460454819,0.6393837366337365,64,325,0.3488774226030849,0.133056133056133,1.832300901412964,True,2,0.7520635792755462,0.1969230769230769,0.4555316211566211,0.3707589653069122,0.7769294594294595,0.7877764884292661,64,325,0.7520635792755465,0.133056133056133,0.7265298962593079,True,2
6fqk__1__1.A__1.C,c7,0.2332711968467136,0.1080246913580246,0.20972008090122,0.1846011205557977,0.336892736590449,0.3863562088221483,70,648,0.164546887194662,0.074074074074074,2.445662498474121,True,2,0.3300588179484904,0.1080246913580246,0.3069875230589516,0.2267894687567045,0.5517000900334234,0.5116655442999808,70,648,0.3300470354302128,0.074074074074074,1.4332168102264404,True,2
6ggi__1__1.A__1.C_1.D_1.E_1.H_1.I,c3463,0.2880712874949619,0.1227106227106227,0.3259459501714613,0.2616986598715313,0.4632342886142667,0.3903452797202796,67,546,0.2314173394715321,0.0759637188208616,1.7902647256851196,True,2,0.2869391595482032,0.1227106227106227,0.345840870103018,0.2396227738687865,0.4638488379443709,0.389252140686066,67,546,0.2794232472980748,0.0759637188208616,1.8757171630859373,True,2
6f3j__1__2.A__2.D,c33,0.2039286457539309,0.1078341013824884,0.1717643799702188,0.137234469074352,0.314720598125018,0.3353088696652337,117,1085,0.1356742307469971,0.066213921901528,3.754204273223877,True,2,0.6264359168264517,0.1078341013824884,0.2745617157333381,0.1518175419522217,0.7494939066310033,0.736578057001096,117,1085,0.6264359168264516,0.066213921901528,1.1174486875534058,True,2
6f3r__1__1.A__1.C,c33,0.2286261874454047,0.1174568965517241,0.1980730836862307,0.1756355734288886,0.339819313677676,0.3109822782817541,109,928,0.1963018102105125,0.0894909688013136,3.147003650665283,True,2,0.5908675324701993,0.1174568965517241,0.2746491887809518,0.1923009581025469,0.7510913506146774,0.7564474975337764,109,928,0.5908675324701993,0.0894909688013136,0.9545212984085084,True,2
5elw__1__15.A_24.A_4.A__15.B_15.C_15.D,c89,0.4828898689537164,0.1969230769230769,0.4053361835813759,0.3066722015786188,0.5830513637747502,0.673902287013398,64,325,0.2375303003398263,0.1070234113712374,1.8316148519515991,True,2,0.7484662331177181,0.1969230769230769,0.4469624659528506,0.3863384710030982,0.7691192669764099,0.8009487200042754,64,325,0.7484438777569027,0.1070234113712374,0.7128117680549622,True,2
5dnx__1__1.C_6.C_8.B__6.J_6.K_6.L,c89,0.4542957803364951,0.2275641025641025,0.3958307089210154,0.3401629178258273,0.535130190322498,0.547762346650652,71,312,0.314709827295359,0.156043956043956,1.9080501794815063,True,2,0.6566694768137995,0.2275641025641025,0.3751801148804627,0.360884361172185,0.7051339137053423,0.695138914799279,71,312,0.6566694768137995,0.156043956043956,0.8349018692970276,True,2
5dnx__1__2.A_2.B_2.C__2.G_2.H_2.I,c89,0.4888948717150398,0.2275641025641025,0.3668072946321624,0.3211464909875386,0.5796287037318064,0.5610782917155466,71,312,0.2418927400159864,0.1092307692307692,1.9037386178970337,True,2,0.6654439671984538,0.2275641025641025,0.3538384120995171,0.3201466704851181,0.7174197739582355,0.782346436696927,71,312,0.6654439671984539,0.1092307692307692,0.82399982213974,True,2
4gxs__1__1.A_1.B__1.E,c7,0.2920669414545204,0.1018518518518518,0.2657135165831272,0.2199210815325562,0.4518807058444006,0.3695892239396066,88,864,0.2185465387956712,0.0743243243243243,2.493529796600342,True,2,0.3086263217527049,0.1018518518518518,0.3158610033432476,0.2090560614963986,0.4693208190910397,0.361630166026956,88,864,0.3086194630186215,0.0743243243243243,1.8479653596878047,True,2
2gmh__2__1.B__1.U,c7692,0.0840578071371124,0.0773524720893142,0.1274942843089286,0.1210917879769776,0.1507236236725348,0.1436999088208562,97,1254,0.0430147841013709,0.0425438596491228,4.1588945388793945,True,2,0.0926864725162444,0.0773524720893142,0.1687011720111325,0.132142378100407,0.2075390845045306,0.1788416162536142,97,1254,0.0925094279342317,0.0425438596491228,4.346519470214844,True,2
5elw__1__15.A_4.A_9.A__4.B_4.C_4.D,c89,0.501865675961401,0.1969230769230769,0.4053361835813759,0.3015371682548254,0.5951054530353173,0.6743900081400082,64,325,0.2513850088178235,0.1144901610017889,1.830836057662964,True,2,0.7365729135180545,0.1969230769230769,0.4469624659528506,0.3302785483753866,0.7714782256815224,0.785531632462188,64,325,0.7365729135180545,0.1144901610017889,0.7249067425727844,True,2
6f3s__1__1.A__1.C,c33,0.2278159796785009,0.1114718614718614,0.2079281559462916,0.1655908113479814,0.3351707708201564,0.3420778011744336,103,924,0.1985179315806003,0.0766369047619047,3.2145044803619385,True,2,0.5610979580820307,0.1114718614718614,0.2732111048456729,0.189258169796946,0.6953412094247178,0.6928495838365013,103,924,0.5610979580820307,0.0766369047619047,1.262689471244812,True,2
6f3r__1__2.A__2.C,c33,0.2165463511768622,0.1174568965517241,0.1969868610403751,0.1732855857395707,0.3452424539749433,0.319477605962849,109,928,0.1715869077433036,0.0751724137931034,3.1485986709594727,True,2,0.5670582220415208,0.1174568965517241,0.2726439879697304,0.1795200033016895,0.7320474818507053,0.7431142889389418,109,928,0.5670582220415208,0.0751724137931034,1.0533488988876345,True,2
5dnx__1__2.A_4.A_4.B__4.D_4.E_4.F,c89,0.4993114254568799,0.2211538461538461,0.3734072563304679,0.3199233104699361,0.5833298673885717,0.5634093756642777,69,312,0.2131200237904406,0.108320251177394,1.8951953649520876,True,2,0.6836574675037238,0.2211538461538461,0.359459158455814,0.3167068008882382,0.708647691339999,0.7312096309645328,69,312,0.6836574675037237,0.108320251177394,0.7977055907249451,True,2
5dnx__1__2.A_2.B_3.A__2.D_2.E_2.F,c89,0.4505973318475874,0.2211538461538461,0.37190712920105,0.3633082451496262,0.5610097073615173,0.5543236240365091,69,312,0.2944942236391413,0.1516483516483516,1.8979538679122925,True,2,0.658728084723257,0.2211538461538461,0.3540679684492394,0.3826526907649831,0.7186539813462891,0.7244861166429793,69,312,0.6587280847232568,0.1516483516483516,0.8246201872825623,True,2
6f3s__1__2.A__2.C,c33,0.2205547941935844,0.1114718614718614,0.2074041225838802,0.1768691465148058,0.3329152360225897,0.3244177751577269,103,924,0.1915160967054768,0.0782674772036474,3.2163243293762207,True,2,0.5741509762077003,0.1114718614718614,0.2728715347079662,0.2086990851912541,0.7008359968612502,0.6801582642133636,103,924,0.5741509762077003,0.0782674772036474,1.3353744745254517,True,2
5elw__1__17.A_24.A_6.A__24.B_24.C_24.D,c89,0.5291850038343938,0.1969230769230769,0.3969227220429143,0.3064765165192274,0.5890374463394824,0.6548179598179599,64,325,0.220328027007235,0.1094017094017094,1.8329428434371948,True,2,0.7510628220408108,0.1969230769230769,0.4511301732455579,0.327903585477128,0.7847100122100122,0.7816309775615331,64,325,0.7508522912927951,0.1094017094017094,0.7209724187850952,True,2
5elw__1__16.A_21.A_3.A__16.B_16.C_16.D,c89,0.537608045090606,0.1969230769230769,0.4067956616033539,0.3599469063297508,0.5889674315126803,0.6915022297661185,64,325,0.2498258835465309,0.0946745562130177,1.8312184810638428,True,2,0.7714127165109645,0.1969230769230769,0.4532836187583783,0.3897769639150311,0.789652292152292,0.8161632462188018,64,325,0.7714127165109647,0.0946745562130177,0.7064404487609863,True,2
6g80__2__2.C__2.G,c3239,0.4036737418110356,0.1163967611336032,0.2362646167172622,0.2024918858069782,0.4630124336050846,0.5360742404950961,115,988,0.2208195980431216,0.0804195804195804,2.877462148666382,True,2,0.8583771271123188,0.1163967611336032,0.3200965423369413,0.2158982628167323,0.8919373788604558,0.8485236121902789,115,988,0.8583771271123188,0.0804195804195804,0.6236941814422607,True,2
5elw__1__18.A_22.A_7.A__22.B_22.C_22.D,c89,0.4881029884104642,0.1969230769230769,0.4067956616033539,0.3354174970823783,0.5896694032265002,0.6616987518654186,64,325,0.3161624520691474,0.1367521367521367,1.8306313753128047,True,2,0.7432143165352101,0.1969230769230769,0.4487471396125242,0.4030504117106938,0.7803396420429386,0.8067168176473734,64,325,0.7432143165352101,0.1367521367521367,0.7137986421585083,True,2
5dnx__1__2.C_4.B_5.C__2.J_2.K_2.L,c89,0.4608390553234819,0.2275641025641025,0.3958307089210154,0.3611250816097578,0.5427324385016692,0.5672419022646613,71,312,0.2743090790489252,0.1476091476091476,1.907268762588501,True,2,0.6612723229170582,0.2275641025641025,0.3751801148804627,0.3468370099743061,0.6992892506354044,0.7185333104363216,71,312,0.6612723229170582,0.1476091476091476,0.8252646327018738,True,2
5dnx__1__2.B_3.C_7.C__3.J_3.K_3.L,c89,0.4901175080705178,0.2275641025641025,0.3962985509381532,0.3482367374648324,0.5528056457177336,0.597578005237319,71,312,0.3352746306078787,0.1606334841628959,1.9092950820922847,True,2,0.6633514358211495,0.2275641025641025,0.367054437740701,0.3534700035158764,0.7166089679551219,0.7032300679271968,71,312,0.6633514358211496,0.1606334841628959,0.8259519934654236,True,2
5elw__1__19.A_21.A_8.A__21.B_21.C_21.D,c89,0.4960508715012658,0.1969230769230769,0.396360141241363,0.3519371118432949,0.5788665272235506,0.6857166424110868,64,325,0.2395658240673466,0.1172161172161172,1.8310035467147827,True,2,0.7436952712151979,0.1969230769230769,0.451971389321149,0.4057980910784396,0.7706644281644282,0.7737646771952327,64,325,0.7436952712151979,0.1172161172161172,0.722323477268219,True,2
3h03__1__1.A__1.E,c7,0.295972101653342,0.1483253588516746,0.3199559421957804,0.2831863210013183,0.4647336029553521,0.3472804834375829,62,418,0.2248280103601933,0.0959752321981424,2.3951878547668457,True,2,0.3040067613680257,0.1483253588516746,0.3195868576810852,0.2966791516405219,0.4219503863733536,0.370597440966704,62,418,0.303966447321604,0.0959752321981424,2.381555795669556,True,2
1i36__2__1.A_2.A__2.C,c7227,0.4416656821719648,0.0839460784313725,0.1987752911154495,0.1757406136584108,0.5450557168525919,0.571753394761908,137,1632,0.4163859260963209,0.0528549382716049,4.148528575897217,True,2,0.8411004232764908,0.0839460784313725,0.2110832417601169,0.1631740192897418,0.8828373015873016,0.8604908554080302,137,1632,0.8411004232764908,0.0528549382716049,0.7022922039031982,True,2
1i31__1__1.A__1.B,c1500,0.1853569518852832,0.0763888888888889,0.2064478077581046,0.2112140872299904,0.587744397179881,0.3591374282996418,77,1008,0.1160789745085346,0.0404411764705882,4.340214252471924,True,2,0.3754488853017733,0.0763888888888889,0.2102650615463695,0.1898792506677107,0.7214800295635209,0.3433667794419232,77,1008,0.3754488853017734,0.0404411764705882,4.580806732177734,True,2
2h3e__1__1.A_3.A__3.E,c103,0.2693661685031715,0.1828703703703703,0.2598174762678182,0.2497197857271109,0.3995790063484805,0.3875946474160759,79,432,0.1966606579337802,0.1050531914893617,1.800105094909668,True,2,0.289893185841001,0.1828703703703703,0.3536586389143508,0.3531283655032698,0.3832812675623862,0.3684047845158956,79,432,0.2854763247127779,0.1050531914893617,1.8546676635742188,True,2
2h3e__1__1.C_2.C__2.G,c103,0.2861695850194424,0.1767241379310344,0.2641715081075734,0.2576860939949019,0.4433703219049857,0.4058774473126325,82,464,0.2234341310958701,0.1191860465116279,1.823733925819397,True,2,0.4071652536323432,0.1767241379310344,0.3529310830170246,0.3195265790718163,0.4674805870595341,0.5644336390632687,82,464,0.4062290674861163,0.1191860465116279,1.5282979011535645,True,2
2h3e__1__1.A_2.A__1.E,c103,0.275856695171321,0.1828703703703703,0.2569669776103576,0.260844190850131,0.4283757193925191,0.3913083187388743,79,432,0.1849677544995837,0.1028645833333333,1.7990450859069824,True,2,0.3559372387202206,0.1828703703703703,0.3565218929247567,0.325170803552712,0.4317801044271632,0.4906750656750657,79,432,0.3549769911268665,0.1028645833333333,1.7179961204528809,True,2
2h3e__1__1.C_3.C__1.G,c103,0.3004951365996145,0.1767241379310344,0.286545124497958,0.2751334164698094,0.4525281107476831,0.4159073693795915,82,464,0.2453538380255674,0.128125,1.8226851224899288,True,2,0.4260665273341538,0.1767241379310344,0.365766481866143,0.3852531108949165,0.4848692639206031,0.556191623876809,82,464,0.4259298411588338,0.128125,1.4986634254455566,True,2
2hr1__1__1.C__1.D,c272,0.4152260091880275,0.1265508684863523,0.2646890825789538,0.1858791190763025,0.5588200294981671,0.6768466009876438,102,806,0.4068705622101664,0.1005917159763313,2.8538503646850586,True,2,0.8881307916230927,0.1265508684863523,0.3656304089169205,0.2646996357064569,0.9102650012025012,0.9297489426299586,102,806,0.8881307916230928,0.1005917159763313,0.6132954359054565,True,2
2hvs__2__1.H__1.L,c4705,0.4084797493541531,0.1304347826086956,0.3987503893682383,0.2862843400897525,0.5909872030326576,0.4685937010330852,72,552,0.3503276988667269,0.0846063454759107,2.094440460205078,True,2,0.669678990512304,0.1304347826086956,0.3536931253363479,0.3144492821114375,0.7529743867243865,0.7884886867060557,72,552,0.6696789905123037,0.0846063454759107,0.9054641723632812,True,2
2hvs__1__1.G__1.J,c4705,0.4796164515696614,0.1204013377926421,0.3940116930629898,0.2908540222151976,0.647157955680683,0.4687228983319721,72,598,0.4242507273669907,0.0745341614906832,2.199740409851074,True,2,0.6662113511993519,0.1204013377926421,0.3491220502948192,0.2564108846395186,0.7109015479470024,0.7220070066296621,72,598,0.6653979772651815,0.0745341614906832,0.8724107146263123,True,2
3h03__1__2.B__2.H,c7,0.2777396788831683,0.150375939849624,0.3431504005110816,0.2974453348938989,0.4577928555792332,0.3687211166015023,60,399,0.2558938728409463,0.1052631578947368,2.315109968185425,True,2,0.5965087623616848,0.150375939849624,0.4819959937723095,0.2986384444570652,0.654920445052024,0.6903870303863854,60,399,0.5956985525126491,0.1052631578947368,1.1533128023147583,True,2
3h03__2__1.D__1.N,c7,0.2909175005781752,0.1507177033492823,0.3276676444662198,0.284950054337773,0.4465069424899147,0.3826726350385257,63,418,0.2154606263381261,0.0896159317211948,2.408475399017334,True,2,0.5851773279084742,0.1507177033492823,0.459857378998983,0.2878802514690014,0.6383730158730159,0.6175196975191022,63,418,0.5851773279084742,0.0896159317211948,1.3911319971084597,True,2
3h03__2__1.C__1.K,c7,0.2906616237446133,0.1528822055137844,0.3347390824450155,0.2721948158986974,0.4620467562917049,0.3665563411410637,61,399,0.2711397734589231,0.1107078039927404,2.315720558166504,True,2,0.6060295135794038,0.1528822055137844,0.4625440313209942,0.3048451250089549,0.6704535961114909,0.6473458313974338,61,399,0.6059947907543547,0.1107078039927404,1.1041038036346436,True,2
3h6t__2__1.B_2.B__1.N,c7,0.1747708419411638,0.1201923076923077,0.2178613452823979,0.2014045363383032,0.2522029910810892,0.2765959134727823,75,624,0.1180108095903197,0.0694444444444444,2.3566808700561523,True,2,0.4247300982553918,0.1201923076923077,0.3381825689742356,0.2663575061487352,0.5208618136249715,0.5108380172404423,75,624,0.4238194399442715,0.0694444444444444,1.3663493394851685,True,2
3h6t__1__1.A_1.C__1.E,c7,0.1512310996653892,0.1086309523809523,0.2174794462893778,0.1651302738488357,0.2108912908524965,0.2790160900335418,73,672,0.1023201933523991,0.0760416666666666,2.505429983139038,True,2,0.3858993075366635,0.1086309523809523,0.3119317152279481,0.2282305459384359,0.4634744896386772,0.5116239801973889,73,672,0.3856560710015431,0.0760416666666666,1.522596836090088,True,2
3hv0__1__1.A__1.C,c121,0.4508721538976941,0.2421052631578947,0.4323893135849657,0.3504421143467325,0.5026545798842718,0.4830216388549721,69,285,0.3679091828842273,0.1586206896551724,1.7458804845809937,True,2,0.6045039545928641,0.2421052631578947,0.4911532878952226,0.371527052897899,0.6508053392815297,0.6751802867913977,69,285,0.6045039545928641,0.1586206896551724,1.039089322090149,True,2
3hv0__1__1.B__1.D,c121,0.4712297325994132,0.219047619047619,0.4617177525041974,0.4052252713354258,0.5520832673327513,0.4748936618936619,69,315,0.2987511363921826,0.1393939393939394,1.733494520187378,True,2,0.609701380706893,0.219047619047619,0.4665365514221349,0.4365140688980754,0.6914203327536661,0.6296396689730022,69,315,0.6097013807068931,0.1393939393939394,0.9703590869903564,True,2
3i0o__1__1.A__1.C,c5298,0.2368356113812671,0.1274509803921568,0.2741932071824605,0.2375849426571636,0.4332553734983403,0.2990004287387345,52,408,0.1627787449189441,0.0747126436781609,2.04095458984375,True,2,0.3270970253206254,0.1274509803921568,0.2919673208735709,0.2273560439235632,0.4923869246695332,0.4714851543338947,52,408,0.3270970253206254,0.0747126436781609,1.353826642036438,True,2
3i0o__2__2.A__2.C,c5298,0.2285603681327352,0.1274509803921568,0.2744397555059319,0.2495852755613817,0.4417773828899148,0.3025761370079246,52,408,0.1640332215961396,0.0677083333333333,2.039036989212036,True,2,0.3500048702514705,0.1274509803921568,0.293035696941947,0.2601896310791928,0.5186765167199949,0.5210086803128978,52,408,0.3500048702514705,0.0677083333333333,1.220785140991211,True,2
4f96__1__1.A__1.C,c119,0.4691080523571344,0.1055900621118012,0.1662164015972277,0.1364199150072242,0.5485501958359101,0.7250043087424042,68,644,0.4216159211498711,0.0551948051948051,2.8027491569519043,True,2,0.6186623445713298,0.1055900621118012,0.2007825525017211,0.1641385513937541,0.7588968253968253,0.6970157040930849,68,644,0.6186623445713298,0.0551948051948051,0.970644474029541,True,2
4f96__1__1.B__1.E,c119,0.4443082665028344,0.1055900621118012,0.1728388369314796,0.1284148269062532,0.5643482252609237,0.6821711775878442,68,644,0.4271050816085166,0.0693877551020408,2.8089146614074707,True,2,0.6138439898801685,0.1055900621118012,0.2057154568601059,0.1611121983027669,0.7335611405055851,0.7113456790123457,68,644,0.6133989961814653,0.0693877551020408,1.0185840129852295,True,2
4gbw__1__1.A_2.A__2.B_2.C_2.D_2.E_2.F,c141,0.395620153324789,0.1902173913043478,0.2391157415763508,0.2436782500351823,0.4805725460040475,0.5374825027135951,70,368,0.2739272505534924,0.1325757575757575,1.8787037134170528,True,2,0.605943249927464,0.1902173913043478,0.3584846897675153,0.3262094075138119,0.6389400125337625,0.715716301672184,70,368,0.6020249249659904,0.1325757575757575,0.8695327639579773,True,2
4gbw__1__1.A_2.A__1.B_1.C_1.D_1.E_1.F,c141,0.4073183335782093,0.1902173913043478,0.239869936611008,0.2332543884420696,0.4944865813151416,0.5653364026263186,70,368,0.3561016423379405,0.1286764705882352,1.881028175354004,True,2,0.6106047597157505,0.1902173913043478,0.3564791952620209,0.2981546518758767,0.631653814935065,0.7221221332355787,70,368,0.6105630582979023,0.1286764705882352,0.8951168656349182,True,2
5dnx__1__4.A_4.B_4.C__4.G_4.H_4.I,c89,0.4766657604304071,0.2275641025641025,0.3761384564281129,0.3208227960779732,0.5671929586490025,0.5953280991883934,71,312,0.3043839836639651,0.1400394477317554,1.9049068689346316,True,2,0.667543518497953,0.2275641025641025,0.3567636558698314,0.3422092238053783,0.7059264311187388,0.7782042621503404,71,312,0.6675435184979529,0.1400394477317554,0.8371846079826355,True,2
4i2d__1__1.A__1.B_1.D_1.E,c31,0.2387832699938196,0.0725806451612903,0.2356516584627183,0.1512362884906825,0.5585218612508567,0.394909265288482,63,868,0.1690171971567184,0.0472618154538634,2.8855960369110107,True,2,0.5204469735649393,0.0725806451612903,0.239180824834475,0.170039594661001,0.6984892023685128,0.606201518784011,63,868,0.5204469735649393,0.0472618154538634,0.9266032576560974,True,2
5dnx__1__3.A_3.B_3.C__3.G_3.H_3.I,c89,0.4657934128216518,0.2275641025641025,0.3668072946321624,0.3453045732141013,0.5839702447532118,0.5800138496216928,71,312,0.2388285333671052,0.13003663003663,1.904497742652893,True,2,0.6653526899328598,0.2275641025641025,0.3519037270662406,0.3550638705892092,0.7107543596005134,0.7565887725201451,71,312,0.6653526899328599,0.13003663003663,0.8353772163391113,True,2
5dnx__1__2.C_5.C_7.B__5.J_5.K_5.L,c89,0.4676540908905374,0.2275641025641025,0.3942472436322413,0.3228197965108054,0.5650279955984545,0.5628195696823148,71,312,0.213219251895127,0.1213675213675213,1.907415986061096,True,2,0.6714433334010455,0.2275641025641025,0.3699796815110152,0.3063278093381449,0.7205676364742299,0.7272185522097987,71,312,0.6714433334010455,0.1213675213675213,0.8044596314430237,True,2
5dnx__1__4.C_5.B_8.C__8.J_8.K_8.L,c89,0.5145796155843388,0.2275641025641025,0.3907110693214192,0.2979837370316997,0.5600262687706127,0.587506021574649,71,312,0.231315181775572,0.1137820512820512,1.9075467586517332,True,2,0.6729115816549261,0.2275641025641025,0.3666684284777459,0.309370454141694,0.6976983913522374,0.7226664322165022,71,312,0.672911581654926,0.1137820512820512,0.8340994119644165,True,2
5dnx__1__5.A_5.B_8.A__5.D_5.E_5.F,c89,0.4712255809991571,0.2211538461538461,0.3739646699313597,0.3519837716448911,0.5472946569100416,0.5793960868470672,69,312,0.2617378094194611,0.1153846153846153,1.8992770910263064,True,2,0.6675178045643569,0.2211538461538461,0.3618239434292946,0.3721728852206777,0.7056527944989485,0.7098512997532606,69,312,0.6675178045643569,0.1153846153846153,0.8105036616325378,True,2
5dnx__1__3.C_6.B_7.C__7.J_7.K_7.L,c89,0.4637848900194929,0.2275641025641025,0.392762376627331,0.3729489228892552,0.5722923230615538,0.5643621810288477,71,312,0.2649741401034942,0.1365384615384615,1.90660560131073,True,2,0.6500438225503848,0.2275641025641025,0.3718688618471933,0.3883246969788455,0.7071533096533097,0.6989834702982461,71,312,0.6500438225503847,0.1365384615384615,0.8419554233551025,True,2
5dnx__1__5.A_5.B_5.C__5.G_5.H_5.I,c89,0.4779965544402735,0.2275641025641025,0.368514507606981,0.3652245921374876,0.5898647064169042,0.5609382901049567,71,312,0.2421205928193776,0.1365384615384615,1.903959035873413,True,2,0.6683643112405383,0.2275641025641025,0.3519037270662406,0.3830801729049549,0.7177896391357929,0.7937686949941851,71,312,0.6683643112405382,0.1365384615384615,0.8347183465957642,True,2
5dnx__1__5.A_7.A_7.B__7.D_7.E_7.F,c89,0.4653846587826039,0.2211538461538461,0.373474643812043,0.352020086283275,0.5701652407421638,0.5642063538702194,69,312,0.2464155656882408,0.1153846153846153,1.89905059337616,True,2,0.6776203560233405,0.2211538461538461,0.3618239434292946,0.3397253988065256,0.7408081946543486,0.7520312929626656,69,312,0.6776203560233408,0.1153846153846153,0.8148676753044128,True,2
5dnx__1__6.A_6.B_6.C__6.G_6.H_6.I,c89,0.4607931245266837,0.2275641025641025,0.3725592891165512,0.3118206918258354,0.565634085204221,0.5621372001273963,71,312,0.243350406594799,0.11620294599018,1.9053505659103396,True,2,0.6537415558461948,0.2275641025641025,0.3519037270662406,0.314779585753863,0.7072421310882849,0.7521342129185266,71,312,0.6537415558461946,0.11620294599018,0.8521755933761597,True,2
5dnx__1__6.A_8.A_8.B__8.D_8.E_8.F,c89,0.4807726044922714,0.2211538461538461,0.3659893754572094,0.3788458656699598,0.5774670328653845,0.5529436742321896,69,312,0.301845496594078,0.1326923076923077,1.8961923122406008,True,2,0.6482443865031416,0.2211538461538461,0.3589625536113831,0.3666725486830062,0.6967078220924374,0.7195607289794965,69,312,0.6482443865031415,0.1326923076923077,0.8090507388114929,True,2
5dnx__1__6.A_6.B_7.A__6.D_6.E_6.F,c89,0.4632244305641007,0.2211538461538461,0.37281937211087,0.3553499062926038,0.5591270829934797,0.5309896323201645,69,312,0.2620564598825078,0.1326923076923077,1.898066997528076,True,2,0.6762701750375177,0.2211538461538461,0.3618239434292946,0.3414114367709734,0.735218599064753,0.737305402606523,69,312,0.6762701750375177,0.1326923076923077,0.8163212537765503,True,2
5fll__1__1.A__1.C_1.D_1.E_1.F,c1867,0.3512095438389799,0.0968013468013468,0.1943599770651996,0.1283814536659767,0.548655605049008,0.5307440805118707,115,1188,0.3148340622224556,0.0741457124435847,3.344124317169189,True,2,0.6248581529122447,0.0968013468013468,0.22810862276912,0.1677209626664864,0.6521263874271895,0.6233654999339138,115,1188,0.6248581529122448,0.0741457124435847,1.4746588468551636,True,2
5fll__1__1.B__1.G_1.H_1.I_1.J,c1867,0.3500448629001491,0.0995670995670995,0.2038913484367214,0.1431017194878463,0.5687970929800352,0.505333014566919,115,1155,0.3227269454952786,0.0711193568336425,3.163499355316162,True,2,0.6484552842160665,0.0995670995670995,0.2239354084818819,0.17715470936997,0.7116760409729159,0.6640523920369367,115,1155,0.6484552842160664,0.0711193568336425,1.28108549118042,True,2
5elw__1__20.A_7.A_9.A__9.B_9.C_9.D,c89,0.5206722562890068,0.1969230769230769,0.3969227220429143,0.3274105536305507,0.578640376089471,0.6457098081959194,64,325,0.293257170601553,0.1144901610017889,1.8313817977905276,True,2,0.7447738090768128,0.1969230769230769,0.456230151392411,0.3512624604514018,0.7792268872763378,0.776185125060125,64,325,0.7447738090768128,0.1144901610017889,0.7110207676887512,True,2
5elw__1__22.A_4.A_7.A__7.B_7.C_7.D,c89,0.5376169661926032,0.1969230769230769,0.3958622016809234,0.3204239364167917,0.5882848155919125,0.681660225063003,64,325,0.2271421142825952,0.1025641025641025,1.8308395147323608,True,2,0.7704827092653422,0.1969230769230769,0.4532836187583783,0.3312899294402105,0.8000641025641027,0.7991460504516059,64,325,0.7704827092653423,0.1025641025641025,0.6871986985206604,True,2
5elw__1__2.A_24.A_6.A__6.B_6.C_6.D,c89,0.5226093820941387,0.1969230769230769,0.3973216797029014,0.3257124046724125,0.5803638803180361,0.695262035289813,64,325,0.3280154512452792,0.126232741617357,1.83153772354126,True,2,0.7502143460839126,0.1969230769230769,0.4511301732455579,0.3210334581324499,0.7818886272457701,0.7655567231122787,64,325,0.7502143460839126,0.126232741617357,0.704429566860199,True,2
5elw__1__23.A_3.A_5.A__5.B_5.C_5.D,c89,0.515021982575656,0.1969230769230769,0.4060630608707531,0.3524756815033761,0.6029094650751592,0.6870960983460981,64,325,0.2271497344122502,0.0946745562130177,1.8307740688323972,True,2,0.7410982844689346,0.1969230769230769,0.4487471396125242,0.3957941377877547,0.77687974723689,0.7967961827267381,64,325,0.7410982844689344,0.0946745562130177,0.711195170879364,True,2
5elw__1__20.A_23.A_5.A__23.B_23.C_23.D,c89,0.4833031389299468,0.1969230769230769,0.4057351412413629,0.3473220634952979,0.5887369480317631,0.6625824031935144,64,325,0.2090187274532612,0.1144901610017889,1.8307912349700928,True,2,0.7440686710332652,0.1969230769230769,0.4487471396125242,0.4436257169887634,0.7796273913306881,0.8067168176473734,64,325,0.7440210791809904,0.1144901610017889,0.7139304876327515,True,2
5g3l__1__1.C_1.D_1.E__1.M,c9020,0.3768971723323914,0.119047619047619,0.3541534391534391,0.3566666548646053,0.6737830687830688,0.4757047575151132,30,252,0.2350088326137966,0.0549450549450549,2.014821767807007,True,2,0.3700253785138954,0.119047619047619,0.3922126022126022,0.2590320974699126,0.5402645502645502,0.5955029875569863,30,252,0.3700253785138954,0.0549450549450549,2.361088275909424,True,2
5guf__1__1.A__1.B_1.C_1.F,c5913,0.3418378777116392,0.1002155172413793,0.3102280194249694,0.1877461885227385,0.5095658385351707,0.5037202167052551,93,928,0.3294803177565568,0.0682318415260454,2.7399606704711914,True,2,0.6447229460467037,0.1002155172413793,0.3478243679044276,0.2662782927249773,0.7345842366250529,0.6124804987705165,93,928,0.6447229460467035,0.0682318415260454,0.898486316204071,True,2
5guf__1__2.A__2.B_2.C_2.F,c5913,0.3663491569867978,0.1002155172413793,0.3121349000860214,0.1812961973987912,0.4786544853955568,0.6394838907257948,93,928,0.2747235331953148,0.054354178842782,2.7359323501586914,True,2,0.6452481422013207,0.1002155172413793,0.3477576857030063,0.2636316197551791,0.7239432690325547,0.635750023297561,93,928,0.6452481422013208,0.054354178842782,0.9222768545150756,True,2
6gye__1__1.A__1.D_1.I,c3763,0.3366254936668968,0.1862745098039215,0.2537325734694156,0.2268076737799549,0.4096053766192655,0.5888169363429782,57,306,0.1238682048912995,0.0791666666666666,2.022011041641236,True,2,0.5284405776770515,0.1862745098039215,0.34103967832038,0.2954197988852599,0.6079078483245149,0.7649423396819229,57,306,0.5284405776770515,0.0791666666666666,0.8438332676887512,True,2
6gye__2__1.B__1.K_1.P,c3763,0.3154623005639217,0.1862745098039215,0.2888032803237482,0.2694841730001345,0.4605356449106448,0.4800795793825818,57,306,0.1357019298781022,0.0855855855855855,2.019831895828247,True,2,0.5684610832024017,0.1862745098039215,0.3754792072774529,0.3818533679819857,0.6083994708994709,0.6967416396920073,57,306,0.5684610832024017,0.0855855855855855,0.8909686803817749,True,2
6h21__1__1.B__1.O_1.P,c186,0.3084558806636129,0.0742705570291777,0.1917914422374242,0.1477909953035016,0.6438095696811421,0.4583403915922823,84,1131,0.2254906036963846,0.043076923076923,3.246483564376831,True,2,0.7298934567180063,0.0742705570291777,0.2141363830512182,0.1299546471509435,0.8620052566481137,0.8566839167365259,84,1131,0.7298934567180062,0.043076923076923,1.1047160625457764,True,2
1h7l__1__1.A__1.B_1.C_1.D,c186,0.2410735882318621,0.118,0.2944384485570925,0.2511661406763296,0.589686001828859,0.3651466659582715,59,500,0.1468639611492175,0.0637837837837837,2.5392580032348637,True,2,0.5960308764719715,0.118,0.3099658985082713,0.2426861209916074,0.6672182711468425,0.7722677701402302,59,500,0.5960308764719715,0.0637837837837837,1.2370784282684326,True,2
1i36__3__1.B_2.B__2.D,c7227,0.461665732695958,0.0821078431372549,0.1994386628269506,0.1471801507636343,0.5613590672564164,0.5712164769433078,134,1632,0.4495789337710312,0.0593971631205673,4.137740612030029,True,2,0.7897531101919423,0.0821078431372549,0.2141678400890154,0.1286634677167524,0.8246734457671957,0.8638297641020152,134,1632,0.7897531101919423,0.0593971631205673,0.7128037810325623,True,2
3gts__1__1.A__1.F,c164,0.1892316930424606,0.1292307692307692,0.2019770612207587,0.1821346506850217,0.3250856026839891,0.4795666447749782,42,325,0.1001840717178871,0.0734265734265734,1.5494961738586426,True,2,0.6099127502381068,0.1292307692307692,0.5545885992314564,0.421479447893219,0.754668525918526,0.6420445860723638,42,325,0.6099127502381066,0.0734265734265734,0.9249306321144104,True,2
3hrr__1__1.B__1.D,c3811,0.1815310173243326,0.0869565217391304,0.1954712893233038,0.1980416234180216,0.3419231904342708,0.2540703257567216,42,483,0.1581437897715155,0.0606060606060606,1.9897929430007932,True,2,0.1692780980064429,0.0869565217391304,0.1935137580590498,0.1848482218413338,0.3699074755653702,0.3204739258242718,42,483,0.1685874476580158,0.0606060606060606,1.955589175224304,True,2
3h6t__2__1.B_2.B__2.N,c7,0.167762709779412,0.1201923076923077,0.2184782600440495,0.1947753018004487,0.254210973081156,0.2764256236260255,75,624,0.127491117927389,0.0844594594594594,2.355348825454712,True,2,0.4425884270144209,0.1201923076923077,0.3381825689742356,0.2528728409409697,0.5133496884045129,0.5043588186985264,75,624,0.442145655913334,0.0844594594594594,1.3078066110610962,True,2
2ii6__1__1.A__1.B,c1327,0.4529809014277481,0.1451247165532879,0.3114945599451902,0.2865003857140926,0.6107222222222222,0.6920951164397228,64,441,0.3391909085962504,0.0725623582766439,2.0529346466064453,True,2,0.8202212186736871,0.1451247165532879,0.3420214582044939,0.2706519179795081,0.8434563492063493,0.8363069729744819,64,441,0.8202212186736871,0.0725623582766439,0.7574884295463562,True,2
4gbw__1__3.A_4.A__3.B_3.C_3.D_3.E_3.F,c141,0.3877453703667317,0.1902173913043478,0.2417967659091608,0.2209440332925911,0.4835190385272622,0.5058204427847285,70,368,0.2513479775444309,0.0951086956521739,1.879125714302063,True,2,0.6150642567783422,0.1902173913043478,0.3536632611960868,0.2851943183557935,0.6491887626262626,0.711795173780468,70,368,0.6150642567783421,0.0951086956521739,0.8847708702087402,True,2
5dnx__1__8.A_8.B_8.C__8.G_8.H_8.I,c89,0.4734973828549528,0.2275641025641025,0.3594411727672833,0.3483835986537002,0.5755804342536728,0.5683353524652544,71,312,0.2404454477414932,0.1400394477317554,1.9042352437973025,True,2,0.653239767023009,0.2275641025641025,0.3519037270662406,0.3920148851768461,0.7060980614826768,0.748706730814574,71,312,0.6532397670230091,0.1400394477317554,0.8542020916938782,True,2
5dnx__1__7.A_7.B_7.C__7.G_7.H_7.I,c89,0.4778342471483806,0.2275641025641025,0.3720936749185427,0.2997182698611577,0.5968898871783487,0.5671574658094265,71,312,0.191656294319164,0.1187290969899665,1.9035707712173464,True,2,0.6578483623891274,0.2275641025641025,0.3538384120995171,0.2867573445631247,0.7034155161078238,0.7314481270363624,71,312,0.6574528663906162,0.1187290969899665,0.8329393267631531,True,2
6fwh__1__1.A_1.B_1.K__1.N_1.P_1.R,c89,0.5218707783572918,0.2083333333333333,0.3956846115924285,0.3430918039405136,0.5979913832426761,0.6518415072581739,65,312,0.323812096887174,0.125,1.8478305339813232,True,2,0.7389550187050455,0.2083333333333333,0.39229924579037,0.3284544329828917,0.7494177546100622,0.7651272673534578,65,312,0.7389550187050455,0.125,0.755433201789856,True,2
1h7q__1__1.A__1.B_1.C_1.E,c186,0.2424250791864204,0.118,0.285128852315293,0.221042083416352,0.5749108695537267,0.331268349209034,59,500,0.1459354802625683,0.07375,2.441667079925537,True,2,0.7113948896443096,0.118,0.298425498230583,0.2147430437089531,0.7232708032708033,0.7216450853643911,59,500,0.7113948896443096,0.07375,0.9666739702224731,True,2
3gts__1__1.B__1.I,c164,0.2196238047640847,0.1384615384615384,0.2149348400916234,0.2008686646791876,0.3364078380362019,0.5172414124337201,45,325,0.122699289587074,0.0769230769230769,1.586154818534851,True,2,0.5952303336550976,0.1384615384615384,0.5363757989399015,0.4121200114552236,0.6795360622283699,0.6034827870542155,45,325,0.5952303336550977,0.0769230769230769,0.907029926776886,True,2
2iib__1__1.A__1.B,c1327,0.4934042884693446,0.1213517665130568,0.3241504789567985,0.2673531629934965,0.62433765088527,0.7122758578727437,79,651,0.4407345339636215,0.0874861572535991,2.077705383300781,True,2,0.8296167277484151,0.1213517665130568,0.355888806613065,0.2519381173888885,0.8572897095346076,0.8253349718545797,79,651,0.8296167277484151,0.0874861572535991,0.7091670036315918,True,2
2iiq__1__1.A__1.C,c1327,0.3661319348498958,0.1534391534391534,0.3974411603721948,0.3578547696061162,0.5955618212197159,0.4363640952219582,58,378,0.2480928576383502,0.0952380952380952,1.955826997756958,True,2,0.7116722472629042,0.1534391534391534,0.3853295445659978,0.3256278607184121,0.6572096908939015,0.7286095790769521,58,378,0.7116722472629042,0.0952380952380952,1.1261827945709229,True,2
3h6u__1__1.A_2.A__2.C,c7,0.1732211971534977,0.1185714285714285,0.2083686714439047,0.1892858095420374,0.261548728889976,0.291917136020568,83,700,0.0922558559572904,0.0658730158730158,2.69128966331482,True,2,0.431732033488971,0.1185714285714285,0.3624401791327011,0.308267857673676,0.6093737640959863,0.4988616130112007,83,700,0.4317197188246688,0.0658730158730158,1.5921164751052856,True,2
3h6u__1__1.A_2.A__1.C,c7,0.1841310136275137,0.1185714285714285,0.2061499864641,0.176783434058895,0.2922451118058578,0.3292156647450414,83,700,0.099894836415644,0.0604956268221574,2.690223455429077,True,2,0.4394964319377488,0.1185714285714285,0.3904322453698529,0.2628453263517792,0.5858214932313373,0.5077424692495278,83,700,0.439451045182234,0.0604956268221574,1.5525037050247192,True,2
4gbw__1__3.A_4.A__4.B_4.C_4.D_4.E_4.F,c141,0.4014223285414308,0.1902173913043478,0.2415392109641059,0.2645776102299348,0.4936597794405457,0.5385210953068096,70,368,0.2530787290631702,0.0972222222222222,1.8793928623199463,True,2,0.6178706222753336,0.1902173913043478,0.3577291952620208,0.3243800260808253,0.6394343619343619,0.7444039457274751,70,368,0.6178706222753338,0.0972222222222222,0.8724371790885925,True,2
2iiq__2__1.B__1.D,c1327,0.3420356712614752,0.137844611528822,0.3564391909197104,0.307001516820767,0.6578204429920116,0.5885294225038807,55,399,0.2666023693673501,0.0748299319727891,2.014749526977539,True,2,0.7308298584835762,0.137844611528822,0.3784138516606049,0.2771502092522834,0.752903439153439,0.7701704185848227,55,399,0.7308298584835762,0.0748299319727891,0.9609904885292052,True,2
3gki__1__1.A__1.D,c1562,0.2502083090784547,0.093073593073593,0.2165236655241424,0.1649341750034486,0.3949632068353043,0.3608926205021382,86,924,0.1459793384130427,0.0602240896358543,3.00890588760376,True,2,0.2375851792170153,0.093073593073593,0.2436548735275309,0.1846920483979135,0.379078887948211,0.3429495401672167,86,924,0.2375851792170153,0.0602240896358543,2.2404463291168213,True,2
3gkj__1__1.A__1.D,c1562,0.2794841414302068,0.0834260289210233,0.1659958201052654,0.1441510319593189,0.4659015657647347,0.3831250375571104,75,899,0.2381060225275404,0.0630782169890664,3.0991177558898926,True,2,0.4870656879311027,0.0834260289210233,0.1673553907590418,0.1321625792816665,0.5657916323094895,0.5211761970392923,75,899,0.4870656879311027,0.0630782169890664,0.9478495121002196,True,2
3h6v__1__1.A_1.B__1.J,c7,0.20371715538543,0.1196581196581196,0.2154676727593394,0.2091933937128699,0.261084285619281,0.3233055556366048,84,702,0.1436215836733362,0.0818713450292397,2.8445258140563965,True,2,0.4862459080231359,0.1196581196581196,0.3844795905642466,0.2666737292162954,0.5562126637607407,0.6244460736887018,84,702,0.4862459080231358,0.0818713450292397,1.4798269271850586,True,2
6fwh__1__1.A_1.C_1.F__1.BA_1.M_1.O,c89,0.5088591520803094,0.2083333333333333,0.3843800187493741,0.3309466043632581,0.599104389200543,0.6574124261981406,65,312,0.2745168725883337,0.1111111111111111,1.852647066116333,True,2,0.7518004022637685,0.2083333333333333,0.4003378935331598,0.3348788964419496,0.769391648237802,0.7734887993399897,65,312,0.7518004022637683,0.1111111111111111,0.7647520899772644,True,2
6fwh__1__1.A_1.E_1.K__1.AA_1.OA_1.Z,c89,0.5098189605282836,0.2147435897435897,0.4020648462125288,0.3458644472178388,0.5975048776010314,0.6329046971546971,67,312,0.3295389370073919,0.1321499013806706,1.852166056632996,True,2,0.7495298302602355,0.2147435897435897,0.443851785413209,0.3516122714455942,0.7750747400747401,0.7563538401633639,67,312,0.7494869624004133,0.1321499013806706,0.7824192643165588,True,2
5htl__1__1.A_1.B__1.D,c14378,0.2509696695191046,0.0857487922705314,0.2001584953227428,0.178865185632992,0.4004879167590167,0.2956488843197954,142,1656,0.1867235442035353,0.0643115942028985,3.112140655517578,True,2,0.3302730503728136,0.0857487922705314,0.2169366207789774,0.1953615786206211,0.483798517702957,0.377902446154178,142,1656,0.3302730503728135,0.0643115942028985,2.066371202468872,True,2
6h39__1__1.Y_1.Z__1.OA_1.QA_1.RA,c20,0.1633290852349793,0.0822368421052631,0.1912151312305459,0.1643802109112561,0.313655855557348,0.1650339007754462,100,1216,0.1444919004622234,0.0598086124401913,3.392979383468628,True,2,0.1726443810047973,0.0822368421052631,0.191937057035108,0.1623865594778844,0.2927854484653235,0.18462073940131,100,1216,0.1726399217445093,0.0598086124401913,2.813838243484497,True,2
6h39__1__1.K_1.L__1.FA_1.HA_1.IA,c20,0.156547560015812,0.0838815789473684,0.1877492804159416,0.1684311011493373,0.362469555092312,0.1475374606575809,102,1216,0.1139640460221885,0.0610047846889952,3.4300010204315186,True,2,0.1327065442483465,0.0838815789473684,0.1833540342779482,0.1393876933704444,0.3038038662619321,0.1712582090001909,102,1216,0.131340718513169,0.0610047846889952,3.2737929821014404,True,2
2ilv__1__1.A__1.C,c1327,0.4856258074128752,0.1238095238095238,0.328659404450721,0.2843251206118024,0.6399221369459465,0.618039633833945,78,630,0.3235316468181065,0.075801749271137,2.048195600509644,True,2,0.8215777378374983,0.1238095238095238,0.3452873117250407,0.258118789266952,0.7978380746237888,0.8578249868323398,78,630,0.8215777378374983,0.075801749271137,0.6994053721427917,True,2
3in6__1__1.A_1.B__1.E,c8360,0.6203661302567517,0.1376344086021505,0.3398382312376541,0.1768276048272773,0.6741360457259076,0.7042016104755673,128,930,0.6045587926473756,0.0878517501715854,2.7761714458465576,True,2,0.804114922432814,0.1376344086021505,0.3573734733182139,0.2254437032894105,0.8298517266143993,0.7666704317453078,128,930,0.8041149224328139,0.0878517501715854,0.7238336205482483,True,2
3h6w__1__1.A_2.A__1.D,c7,0.1666375024712885,0.1164596273291925,0.1663093016822994,0.1674853359874862,0.2235248328434192,0.2867369988261853,75,644,0.091416261747591,0.0637755102040816,2.335355281829834,True,2,0.3992837201594379,0.1164596273291925,0.2921846395123706,0.2937399226313094,0.4487704630760185,0.4407786101515809,75,644,0.3992395057934534,0.0637755102040816,1.8039554357528689,True,2
6fwh__1__1.B_1.D_1.L__1.SA_1.X_1.Y,c89,0.4677452148226528,0.2115384615384615,0.3745582250734993,0.3194891033931758,0.5723743918025295,0.6351471531940281,66,312,0.2974045712299981,0.1301775147928994,1.846882939338684,True,2,0.7019137992619346,0.2115384615384615,0.3957866687899812,0.3483111670923127,0.7329131267592804,0.7462856587856588,66,312,0.7018296241777595,0.1301775147928994,0.7911625504493713,True,2
4ibk__2__1.B__1.G,c1616,0.2140283827852833,0.0970588235294117,0.3492202050160527,0.2328435540186136,0.4779448536647283,0.3053747283801828,66,680,0.1087182795220616,0.0606617647058823,2.9832167625427246,True,2,0.2021151082633711,0.0970588235294117,0.3537756287087837,0.2703639319758733,0.3974132634056081,0.268686023238371,66,680,0.2021151082633711,0.0606617647058823,2.971198320388794,True,2
3h6w__1__1.A_2.A__2.D,c7,0.1675472295311337,0.1164596273291925,0.1837804416534393,0.1699514066214039,0.2249888260957681,0.2823320511747864,75,644,0.0895704702279084,0.0595238095238095,2.3350508213043213,True,2,0.432857942653797,0.1164596273291925,0.2972112161103757,0.2609571167193245,0.4710376249265138,0.5107904085549549,75,644,0.4328428608917947,0.0595238095238095,1.7522971630096436,True,2
6fwh__1__1.B_1.G_1.L__1.FA_1.Q_1.S,c89,0.4969798232259402,0.2083333333333333,0.3893242231314482,0.3235868551509451,0.5743624916645279,0.6830755655279465,65,312,0.251018319542662,0.1136363636363636,1.8520265817642207,True,2,0.7479323521162208,0.2083333333333333,0.3820446942932149,0.3780616591795216,0.7672979086440624,0.8240217478729386,65,312,0.7479323521162211,0.1136363636363636,0.7682872414588928,True,2
6fwh__1__1.C_1.E_2.E__1.T_1.U_1.W,c89,0.5014799102746255,0.2083333333333333,0.3743046240585947,0.3047179555541447,0.5992160375895024,0.69712325328992,65,312,0.3107477467730339,0.1282051282051282,1.8330401182174685,True,2,0.7247781522942232,0.2083333333333333,0.3773643516247066,0.310114780397684,0.7603574020606987,0.7715894244644244,65,312,0.7247781522942232,0.1282051282051282,0.7299714684486389,True,2
6hqh__1__1.A__1.B,c7,0.4083195928994133,0.1476190476190476,0.3114213634604063,0.2830723947410713,0.4944523836401582,0.4835666291794183,93,630,0.3039239598657832,0.094224924012158,2.2650811672210693,True,2,0.5455162326305721,0.1476190476190476,0.3458912357812835,0.2946448219984336,0.5856147903991352,0.5412364543759103,93,630,0.544892059014649,0.094224924012158,1.8391008377075195,True,2
6hb5__1__1.B__1.H,c121,0.1998800992163535,0.0916481892091648,0.2285951932656632,0.2167172376366403,0.3795642553689619,0.248793165773265,124,1353,0.1607607512559126,0.0722610722610722,3.3867852687835693,True,2,0.5780304283445192,0.0916481892091648,0.2382021835836117,0.1796985877893141,0.6521120779728827,0.6278124403429213,124,1353,0.5780304283445192,0.0722610722610722,1.3760639429092407,True,2
6hb6__1__1.A__1.C,c121,0.1859585003085105,0.094017094017094,0.2268988662261131,0.2057190755429463,0.3494088263580271,0.2867117356865183,121,1287,0.1379303705772949,0.0654761904761904,3.405550003051758,True,2,0.562953216712685,0.094017094017094,0.2332572346397451,0.1864002545762996,0.6538714960684657,0.64357790982824,121,1287,0.562953216712685,0.0654761904761904,1.3669599294662476,True,2
6hb5__1__1.A__1.C,c121,0.198189733953062,0.0932400932400932,0.2313097305788536,0.2229672403873434,0.3708642020072645,0.26686035393449,120,1287,0.1791855811280811,0.0773694390715667,3.376827955245972,True,2,0.5060314503432087,0.0932400932400932,0.2466453996303006,0.1935939681419759,0.5907930564316581,0.508485002314893,120,1287,0.5060249956856393,0.0773694390715667,1.6600632667541504,True,2
3iu7__1__1.A__1.E,c4291,0.3651213541517626,0.2277777777777777,0.3363515526930161,0.3193734655779731,0.4237388461878258,0.4097620342620343,41,180,0.1886059716407221,0.1138888888888888,1.8573077917099,True,2,0.2088636094929579,0.2277777777777777,0.4070050681026291,0.3193369008149124,0.3985064751008628,0.2885733248233248,41,180,0.1653233689476091,0.1138888888888888,2.501371145248413,True,2
4iqk__1__1.A__1.B,c315,0.2354789478790044,0.0913865546218487,0.2417602393681981,0.199170646262714,0.401290236637158,0.2758119666257024,87,952,0.1517023189314729,0.0624103299856527,2.9188077449798584,True,2,0.1741121393602319,0.0913865546218487,0.2361573227054516,0.2080976945779784,0.3633691857222358,0.2151568195667819,87,952,0.1741121393602319,0.0624103299856527,2.460411071777344,True,2
4hnh__1__1.A__1.C_1.E_1.G,c7594,0.4613689979090103,0.0729166666666666,0.147072260587092,0.1213798190011694,0.6746576847263122,0.545891561079024,119,1632,0.4576005232928037,0.0550925925925925,4.079124927520752,True,2,0.7191238706085847,0.0729166666666666,0.1567505704710066,0.1082081698438485,0.8056543209876545,0.8342309101614718,119,1632,0.7185591618426808,0.0550925925925925,0.8143367171287537,True,2
6hqu__1__1.A__1.P_1.Q,c124,0.5796759953096143,0.1462962962962962,0.2823892403728069,0.2250324370385465,0.7097730158730158,0.7525612172219315,79,540,0.5615096991139297,0.094384707287933,2.9864373207092285,True,2,0.8171022506559891,0.1462962962962962,0.3042238692151822,0.248101544118602,0.8674523809523808,0.8010948171483674,79,540,0.8170768712336248,0.094384707287933,0.7231671810150146,True,2
6fwh__1__1.C_1.F_1.J__1.MA_1.NA_1.V,c89,0.4725780766773672,0.2083333333333333,0.3800238620855251,0.3265067574992349,0.5755710582821629,0.6305513838013838,65,312,0.3360890009577791,0.1428571428571428,1.8441824913024905,True,2,0.7133923662633406,0.2083333333333333,0.407410948683138,0.3739946114941656,0.7458485958485959,0.76329312662646,65,312,0.7133923662633408,0.1428571428571428,0.7540745735168457,True,2
6i5y__1__1.A__1.C,c121,0.2820889837687527,0.0986394557823129,0.2294067275039825,0.1770057673095753,0.4129887202215669,0.3800548966342418,145,1470,0.2681347854563436,0.0781671159029649,3.8044755458831783,True,2,0.6692124444721198,0.0986394557823129,0.2430438631866276,0.1636445002230625,0.6865756954685525,0.6965392891142996,145,1470,0.6692124444721198,0.0781671159029649,1.0170120000839231,True,2
6i5y__1__1.B__1.E,c121,0.2619872720397726,0.0976744186046511,0.231756804456486,0.1869889541662167,0.409248708087763,0.3379853396990371,147,1505,0.1736135979725583,0.0688524590163934,3.787290334701538,True,2,0.6625825388440626,0.0976744186046511,0.2392052005814922,0.167197859477194,0.6912453861331411,0.6912656858509773,147,1505,0.6625825388440626,0.0688524590163934,1.0325056314468384,True,2
5hud__1__1.E_1.F__1.VC,c2741,0.402043801754841,0.1875,0.2529436254882684,0.2684735932550555,0.5066668506466301,0.5009670636902779,63,336,0.2440203290320066,0.0984375,1.46562922000885,True,2,0.878741989421185,0.1875,0.369065889921107,0.2854455010866929,0.9313467261904762,0.8788956207482992,63,336,0.8787419894211853,0.0984375,0.5945472717285156,True,2
5hud__1__1.G_1.H__1.QD,c2741,0.4114518478114235,0.19375,0.2657915882017518,0.2422898745419296,0.4985287482984851,0.5133999515695944,62,320,0.1878139930206914,0.1019736842105263,1.475206971168518,True,2,0.8628535933042801,0.19375,0.3489072604636824,0.2509444871845211,0.8884771825396824,0.8160266971371881,62,320,0.8628535933042801,0.1019736842105263,0.6217353940010071,True,2
6hqu__3__1.C__1.T_1.U,c124,0.5008983118463571,0.1228956228956228,0.2511737811205087,0.1935326574309864,0.7029,0.697616184915057,73,594,0.462767017252403,0.0711500974658869,3.089197397232056,True,2,0.7934655316661652,0.1228956228956228,0.2735483842219002,0.2634060372109442,0.8478492063492064,0.7531274263809771,73,594,0.7934655316661651,0.0711500974658869,0.7417656779289246,True,2
5h8h__1__1.A_1.B__1.G,c7,0.2882343910698596,0.1676190476190476,0.34204461341987,0.2600472962191401,0.4526989657838519,0.3399472042388504,88,525,0.1492566242947078,0.0974529346622369,1.9852055311203003,True,2,0.3395293732481553,0.1676190476190476,0.4901131486358759,0.3623212395175351,0.4718212160962099,0.3058527370696664,88,525,0.3381889607259757,0.0974529346622369,2.607146739959717,True,2
6fwh__1__1.D_1.K_2.J__1.PA_1.QA_1.RA,c89,0.5133304612180232,0.2083333333333333,0.3869425843888628,0.3023048063379629,0.5898554437015975,0.6573953621334573,65,312,0.2285003421328071,0.1041666666666666,1.849858403205872,True,2,0.7143989849931954,0.2083333333333333,0.3963558400836507,0.2995336555384835,0.7437961326422866,0.747803476946334,65,312,0.7143989849931955,0.1041666666666666,0.7916943430900574,True,2
6h4f__1__1.C__1.U,c186,0.2795914415576932,0.0765625,0.240427880491079,0.2099443891078494,0.4334255029967422,0.4148639263198297,98,1280,0.2460269917634047,0.0532608695652173,4.2528581619262695,True,2,0.3176933520372703,0.0765625,0.2346568072359365,0.1786164577588563,0.4903776997855943,0.5493846785470514,98,1280,0.3176933520372704,0.0532608695652173,2.059441566467285,True,2
6hb7__1__1.A__1.C,c121,0.2017054081930944,0.0903361344537815,0.2197909051633356,0.184946150903912,0.3777720327531734,0.3233987841467921,129,1428,0.1613348383960253,0.0643070787637088,3.67220401763916,True,2,0.6116589039232395,0.0903361344537815,0.2285667191237994,0.1848818768577332,0.6875459014219518,0.6293766139007636,129,1428,0.6116589039232395,0.0643070787637088,1.2168433666229248,True,2
6hb6__1__1.B__1.G,c121,0.1885808643432346,0.0916666666666666,0.2332736210406311,0.2109195841246491,0.3418552853550757,0.2639742619741153,121,1320,0.1446549643826667,0.0621468926553672,3.414470911026001,True,2,0.5234134635683125,0.0916666666666666,0.2365186753079536,0.1852306111027205,0.618304685934556,0.6211129393471057,121,1320,0.5234134635683124,0.0621468926553672,1.4075851440429688,True,2
4j75__1__1.A__1.C,c121,0.3472323817566694,0.110299488677867,0.2227790490821499,0.1967380686565094,0.4766475835380626,0.3567114244813784,151,1369,0.2541759868029106,0.0770015298317185,3.1065821647644043,True,2,0.7265681150183084,0.110299488677867,0.2321963552363358,0.1761312134033112,0.7859778334778335,0.756209024703937,151,1369,0.7265681150183084,0.0770015298317185,0.9618784189224244,True,2
4j75__1__1.B__1.F,c121,0.3887094668320764,0.1115731115731115,0.2577388642861193,0.2143994514242809,0.5485661026038877,0.4009884723482799,161,1443,0.2626507894170589,0.0791154791154791,3.189160823822021,True,2,0.7303449843517678,0.1115731115731115,0.2513566899838141,0.1799415685329869,0.7824583267440409,0.7508270300329031,161,1443,0.7303449843517678,0.0791154791154791,1.006977081298828,True,2
5h8q__1__1.A_1.B__1.F,c7,0.2786120187337519,0.1616666666666666,0.3044521090471413,0.2266832850382417,0.4224170379297458,0.3754456234327915,97,600,0.2005855646929717,0.1092342342342342,2.042366504669189,True,2,0.3775420289311971,0.1616666666666666,0.4526302487852802,0.3879868784950921,0.4844470641229542,0.3265138852249565,97,600,0.3763751194290651,0.1092342342342342,2.3382999897003174,True,2
5huv__1__1.A__1.C,c119,0.2149715388485273,0.0648148148148148,0.1246591480310038,0.1040657464940449,0.4410970863600954,0.3971252262054258,77,1188,0.1900382104334208,0.0388888888888888,3.743316888809204,True,2,0.5100847886985804,0.0648148148148148,0.13156599339308,0.1006387439990033,0.7521905231520616,0.5795240902210005,77,1188,0.5100847886985804,0.0388888888888888,0.9978671669960022,True,2
5huv__1__1.B__1.D,c119,0.2026706613596006,0.0654121863799283,0.1193248702923183,0.1131638503808169,0.4506573978434838,0.3885421944422329,73,1116,0.1665058310169912,0.043144208037825,3.836090564727783,True,2,0.4779748935253134,0.0654121863799283,0.1219766797541521,0.1087564160496348,0.6871038790269559,0.5532084089923541,73,1116,0.4779748935253135,0.043144208037825,1.00246000289917,True,2
6fwh__1__1.D_2.H_2.J__2.GA_2.HA_2.JA,c89,0.4628792584249984,0.2051282051282051,0.3728074304238272,0.305256504268579,0.5656544410843053,0.6531285442952108,64,312,0.2265283909271658,0.1025641025641025,1.8517690896987915,True,2,0.7174862989463614,0.2051282051282051,0.3799902754830639,0.3475584045779692,0.7442590956052494,0.7572554482554482,64,312,0.7174611733182206,0.1025641025641025,0.7601636052131653,True,2
6hb7__1__1.B__1.H,c121,0.1865061674119099,0.0946915351506456,0.2198341061244456,0.2020267519280905,0.3664942707424425,0.3066453828350273,132,1394,0.1489440814742554,0.0647058823529411,3.602029800415039,True,2,0.586427176522546,0.0946915351506456,0.2289014036686653,0.1771806323327292,0.7164295875692934,0.638853089930714,132,1394,0.586427176522546,0.0647058823529411,1.2560080289840698,True,2
6h4f__3__1.I__1.IA,c186,0.3011031861225433,0.085,0.2199655629684334,0.1992486100159747,0.4118194728707235,0.4874102960105608,102,1200,0.2427080788111984,0.0554347826086956,4.269065856933594,True,2,0.3483957534234693,0.085,0.2246964229892505,0.2023543945307924,0.5065176322486263,0.5284769084568114,102,1200,0.3483957534234693,0.0554347826086956,2.244069814682007,True,2
6fwh__1__1.E_2.C_2.E__2.T_2.U_2.W,c89,0.487760665612853,0.2083333333333333,0.3729295888374057,0.3084697538486485,0.5652806915306915,0.6556527546527545,65,312,0.3029012620706924,0.1428571428571428,1.835132718086243,True,2,0.6976296826744562,0.2083333333333333,0.3746875412555885,0.3408973421124336,0.7352178590640128,0.7474905171988504,65,312,0.6976296826744562,0.1428571428571428,0.7683981657028198,True,2
6fwh__1__1.F_1.G_1.H__1.CA_1.DA_1.EA,c89,0.4975421888848806,0.2051282051282051,0.375927467438095,0.3717111635050854,0.5705752778967065,0.6689882309048976,64,312,0.3340041544793323,0.133056133056133,1.8504794836044312,True,2,0.7142655593366751,0.2051282051282051,0.3851217225616264,0.4056134740017597,0.730509768009768,0.7610285763619097,64,312,0.7142655593366751,0.133056133056133,0.7555956840515137,True,2
5in4__1__1.A_1.B__1.G,c4820,0.2353246946461837,0.091266719118804,0.22514639339043,0.1566491666469199,0.4242575207373104,0.3839012672216066,116,1271,0.1554807444398042,0.0615058324496288,2.92048716545105,True,2,0.6606227835317159,0.091266719118804,0.3167285192665224,0.2377512961740405,0.6987222734622304,0.5892682282404224,116,1271,0.660622783531716,0.0615058324496288,1.454830288887024,True,2
1jof__1__1.A_1.B__1.M,c6112,0.26238069078341,0.1349206349206349,0.3456492672178947,0.3294056220702258,0.5570558526440879,0.3336319867676212,34,252,0.1780551427121882,0.0787037037037037,2.2256813049316406,True,2,0.4289529211598503,0.1349206349206349,0.3433321580380404,0.2974838692747986,0.6878082429553017,0.3682914564234447,34,252,0.4286612443819014,0.0787037037037037,1.914850354194641,True,2
4itl__1__1.A__1.B,c5397,0.2790741204409103,0.1015180265654649,0.2077146046940841,0.1404670678872154,0.4934578876604437,0.436111389820389,107,1054,0.2272613496026581,0.0719086021505376,2.7987117767333984,True,2,0.5300857920118308,0.1015180265654649,0.1905481138070583,0.1418250366778505,0.5966013477535997,0.6674061606670302,107,1054,0.5299675621493322,0.0719086021505376,1.01268470287323,True,2
4itm__1__1.A__1.B_1.D_1.E,c5397,0.2654392442552843,0.0967741935483871,0.1574385415374195,0.1168257345642676,0.4797906914286224,0.465027799077306,69,713,0.1955229959320945,0.0556451612903225,2.378812313079834,True,2,0.4211269847373811,0.0967741935483871,0.1547539306831032,0.1185913916062826,0.4868176938004523,0.6495783730158731,69,713,0.4211014101619191,0.0556451612903225,1.050718069076538,True,2
4j7g__1__1.A__1.D,c1857,0.2659289832592513,0.1,0.2298253331253457,0.1393429243793151,0.4543641046635201,0.3533705617957582,105,1050,0.1821205503562726,0.0697674418604651,3.0917367935180664,True,2,0.696033689378443,0.1,0.2624548456156215,0.1503899910941473,0.6962838257736216,0.7933889316460326,105,1050,0.6960336893784429,0.0697674418604651,0.961106300354004,True,2
6fwh__1__1.G_1.H_1.I__1.IA_1.KA_1.LA,c89,0.5517262419921325,0.2051282051282051,0.398297565288962,0.3514067678851819,0.609387766813642,0.6217740183097326,64,312,0.3089050195954582,0.126232741617357,1.8415011167526243,True,2,0.7416015254631598,0.2051282051282051,0.4162762117690002,0.3450255230622983,0.7711757503790472,0.7592992234837473,64,312,0.7416015254631599,0.126232741617357,0.7507038712501526,True,2
6ipw__1__1.A_1.B__1.F,c6533,0.339666075885362,0.122,0.2655895584379191,0.2491870564970864,0.5018700253994371,0.4272041650322568,61,500,0.1740264218531249,0.0648936170212765,1.8440595865249636,True,2,0.7828683190684451,0.122,0.3637598772838647,0.2680036099949566,0.8464779942279943,0.7754396798401899,61,500,0.782868319068445,0.0648936170212765,0.5542555451393127,True,2
3jps__1__1.A__1.E_1.F_1.G,c31,0.278802680864823,0.0997474747474747,0.2107517543236867,0.2082354593133023,0.5230332149694895,0.3062881466932149,79,792,0.2553023423547918,0.070409982174688,2.8487420082092285,True,2,0.5144480566774867,0.0997474747474747,0.1770388466151006,0.2076007363548604,0.6642301587301588,0.6639637578151889,79,792,0.5144480566774867,0.070409982174688,1.2527323961257937,True,2
4j7g__2__1.B__1.F,c1857,0.2571342080500916,0.0940092165898617,0.2136757381251378,0.1693948453386074,0.4745700419746586,0.3796344089014819,102,1085,0.1609076771411897,0.0662337662337662,3.1843960285186768,True,2,0.7193850133718157,0.0940092165898617,0.2522794735441404,0.1502568210850674,0.738765271843003,0.8145119052205966,102,1085,0.7193850133718159,0.0662337662337662,0.9502423405647278,True,2
5j47__1__1.A_5.A__5.D,c1131,0.3337486810135386,0.1666666666666666,0.360771080969792,0.300574397665014,0.4637600836112739,0.4627553343724654,70,420,0.1316461714158254,0.0833333333333333,2.1262874603271484,True,2,0.4756633203793006,0.1666666666666666,0.4075809444656984,0.3433944110373736,0.5876218880029417,0.5316287196301387,70,420,0.4756633203793006,0.0833333333333333,2.232261896133423,True,2
5j47__1__1.A_6.A__1.D,c1131,0.3428840408829116,0.1666666666666666,0.3647015420431103,0.3281220990404384,0.4856182133563086,0.4668968695754041,70,420,0.136371177234831,0.0793650793650793,2.1256914138793945,True,2,0.4803015738277577,0.1666666666666666,0.4075809444656984,0.3451975871187042,0.587459550340604,0.4991715597148537,70,420,0.4798672750700105,0.0793650793650793,2.229708671569824,True,2
6fwh__1__1.H_1.J_2.D__1.GA_1.HA_1.JA,c89,0.4851455650010331,0.2051282051282051,0.3729461138557798,0.3549534361821899,0.5820865132856083,0.6421294446294447,64,312,0.2386192301558303,0.1004709576138147,1.8526904582977293,True,2,0.7177656007920705,0.2051282051282051,0.3799902754830639,0.347606920485299,0.742576035076035,0.7686017686017685,64,312,0.7177656007920705,0.1004709576138147,0.7593393921852112,True,2
5in4__1__1.C_1.D__1.M,c4820,0.2259942904443718,0.091266719118804,0.2309269533746046,0.1514873287712098,0.4393647192592617,0.3591098031927718,116,1271,0.165000790300604,0.0565853658536585,2.895047187805176,True,2,0.631978635723133,0.091266719118804,0.3213468593589386,0.2220067179699598,0.6914781526062013,0.5708015027622878,116,1271,0.631978635723133,0.0565853658536585,1.368447184562683,True,2
1jlx__1__1.A_1.B__1.D_1.H,c12579,0.33254483964987,0.141826923076923,0.3613231944066364,0.2323228377385099,0.5065536408036408,0.4408719663872738,59,416,0.1435068014830829,0.0667420814479638,2.0773489475250244,True,2,0.6776508257063367,0.141826923076923,0.4156850917444137,0.3002284835310617,0.7999365079365078,0.6684808007114128,59,416,0.6776508257063366,0.0667420814479638,0.9987783432006836,True,2
2jgb__1__1.A__1.C,c326,0.6278135775059064,0.0839160839160839,0.3062306093177305,0.2183018718404325,0.7288917197046897,0.5405315462763077,72,858,0.5551317255243383,0.0507399577167019,2.851652145385742,True,2,0.752994889927726,0.0839160839160839,0.3474394926455001,0.2545722625838291,0.7492346938775508,0.7173248572377589,72,858,0.752994889927726,0.0507399577167019,1.414409875869751,True,2
4j7g__3__2.B__2.F,c1857,0.2358957519278303,0.0940092165898617,0.2300965286635754,0.152311441809394,0.4467092021315879,0.33766867136191,102,1085,0.1659049068110945,0.0677740863787375,3.181421995162964,True,2,0.7035076745752533,0.0940092165898617,0.2505186144017218,0.1427833501911733,0.7252162296542549,0.7675309406255527,102,1085,0.7035076745752533,0.0677740863787375,0.946559727191925,True,2
6fwh__1__1.I_1.L_2.I__1.TA_1.UA_1.VA,c89,0.5359064116610115,0.2115384615384615,0.4047975443632418,0.3586218226449286,0.6180220387120839,0.6681959845709845,66,312,0.261564472150248,0.1180679785330948,1.852047681808472,True,2,0.7613388279841937,0.2115384615384615,0.4105241301045497,0.3400626803058005,0.7649539349539349,0.7764819393569393,66,312,0.7611336763999677,0.1180679785330948,0.7609755992889404,True,2
6ipw__2__1.C_1.D__1.H,c6533,0.3340728344441807,0.13,0.2662750045044768,0.2500998147743696,0.4731766259626165,0.4192673040773991,65,500,0.1925414629504632,0.0855263157894736,1.86258327960968,True,2,0.8027340923019401,0.13,0.3657098182419817,0.3203600592827699,0.8348749999999999,0.8288860866316223,65,500,0.80273409230194,0.0855263157894736,0.5377293825149536,True,2
3jtk__1__1.A__1.D,c118,0.245542743678346,0.1225296442687747,0.2093480638887371,0.1871301694254359,0.308019899923309,0.2972372512952556,62,506,0.1486645925038617,0.0770186335403726,1.8988487720489504,True,2,0.2335390159483413,0.1225296442687747,0.2526365065898726,0.1996952772608275,0.3927510224970117,0.39406241623502,62,506,0.2334958877137236,0.0770186335403726,1.775236964225769,True,2
4jjq__1__1.A__1.B,c2776,0.3263892756426685,0.1333333333333333,0.3371236691549191,0.3225137148909168,0.6011426073926073,0.3252074429048845,48,360,0.19237412674218,0.0625,2.377604722976685,True,2,0.3770034409904266,0.1333333333333333,0.3613566217732885,0.3533379797375796,0.5141414141414141,0.409281418693604,48,360,0.3770034409904265,0.0625,1.8989044427871704,True,2
4j7h__2__1.B__1.I,c1857,0.2301567063152756,0.0944700460829493,0.2223796454631469,0.1514847374462433,0.457189315548849,0.2959838256155636,82,868,0.1413794110556313,0.064516129032258,3.233776569366455,True,2,0.6745129043159466,0.0944700460829493,0.2987103602708055,0.1647053752006245,0.6901710276587124,0.7551194591645405,82,868,0.6745129043159466,0.064516129032258,1.001216173171997,True,2
4j7h__1__1.A__1.C,c1857,0.2471372253951075,0.0910138248847926,0.2359797012426442,0.1694536166246933,0.4116010570256669,0.2763309790033503,79,868,0.1355176860652082,0.062155782848151,3.236952543258667,True,2,0.7087668242230649,0.0910138248847926,0.312401100211518,0.1809289471579168,0.7409139423794596,0.709736324445643,79,868,0.7087668242230649,0.062155782848151,0.9922924041748048,True,2
6fwh__1__1.I_2.I_2.L__2.TA_2.UA_2.VA,c89,0.5320698462004899,0.2115384615384615,0.4047975443632418,0.3438324198879833,0.6095234501965272,0.6587312980229648,66,312,0.2817038529473131,0.1301775147928994,1.85029137134552,True,2,0.750564638868927,0.2115384615384615,0.4172257618061814,0.3362383542880612,0.7582971657971658,0.7606116106116105,66,312,0.7505418546356162,0.1301775147928994,0.7529348134994507,True,2
6eji__1__1.A__1.C_1.F_1.G,c119,0.2583650570493386,0.0854700854700854,0.1594952530746687,0.1362998397060712,0.4270245990773609,0.3957090897248138,140,1638,0.2085088108671824,0.0629779577147998,3.6141159534454346,True,2,0.5894162923227371,0.0854700854700854,0.1502405215572178,0.1274227939996432,0.6917925328833451,0.7093187760227956,140,1638,0.5894162923227371,0.0629779577147998,1.0069454908370972,True,2
6eji__2__1.B__1.J_1.M_1.N,c119,0.271033358342706,0.0863039399624765,0.1652205670646582,0.1323882773129483,0.4384448981052307,0.4059033836800316,138,1599,0.2392349939557668,0.0707692307692307,3.606962203979492,True,2,0.5569593258493899,0.0863039399624765,0.1561443346195579,0.1325652782628235,0.6603562012536371,0.6863637570380507,138,1599,0.55695932584939,0.0707692307692307,1.0375298261642456,True,2
4j7h__3__2.B__2.I,c1857,0.2240001106948939,0.0944700460829493,0.2224407245968585,0.1488595623158999,0.4162097678205328,0.2984142314444918,82,868,0.1521622874990092,0.0678246484698097,3.235524892807007,True,2,0.6908064901578601,0.0944700460829493,0.2978373517440274,0.1980956931180726,0.7343285304369048,0.747752134882526,82,868,0.6908064901578602,0.0678246484698097,0.9925209283828736,True,2
6fwh__1__1.J_2.D_2.K__2.PA_2.QA_2.RA,c89,0.5117847888399958,0.2083333333333333,0.3841154969463907,0.3193840334736046,0.5843531795002384,0.6348227724656296,65,312,0.2501131259097535,0.125,1.8535144329071045,True,2,0.7151406147182542,0.2083333333333333,0.3898469643440058,0.3290703047447214,0.738455155955156,0.7593704146382717,65,312,0.7151406147182542,0.125,0.8110358119010925,True,2
5jtt__1__1.A__1.C,c33,0.3010161377064126,0.1363636363636363,0.2546666082714977,0.2006427851111877,0.4294725214023893,0.5121231405047195,81,594,0.2810282422478382,0.08980044345898,2.2902286052703857,True,2,0.5949105128725383,0.1363636363636363,0.3093828492575768,0.2350241624134913,0.7495261178215724,0.7351032984109906,81,594,0.5949105128725382,0.08980044345898,0.8274145126342773,True,2
6fwh__1__2.A_2.B_2.K__2.N_2.P_2.R,c89,0.5442883410769854,0.2083333333333333,0.4025003796508,0.3206256043857857,0.603743584846526,0.6780938435462246,65,312,0.2541361738461883,0.108695652173913,1.8479193449020384,True,2,0.7526876004975253,0.2083333333333333,0.4104434093191489,0.3794520418072549,0.7674861463323002,0.7586322176500748,65,312,0.7526876004975253,0.108695652173913,0.7353643774986267,True,2
6fwh__1__2.A_2.C_2.F__2.BA_2.M_2.O,c89,0.5353083311834258,0.2083333333333333,0.3942369468311542,0.2896612521723888,0.5867001657436881,0.6815984617234617,65,312,0.3020141043248445,0.1282051282051282,1.8517084121704104,True,2,0.7444925950490429,0.2083333333333333,0.4082424248992296,0.2736405223221979,0.7447752461213999,0.7756743051921623,65,312,0.7444925950490425,0.1282051282051282,0.7725775837898254,True,2
5jtt__1__2.A__2.C,c33,0.3089855382366467,0.1363636363636363,0.2544674990802936,0.183209038989,0.4406670379047442,0.5128860819048512,81,594,0.268600928223241,0.08980044345898,2.2894127368927,True,2,0.6257328042229046,0.1363636363636363,0.3090665550018887,0.1903182569923741,0.7628347998802544,0.7766179088006011,81,594,0.6257328042229046,0.08980044345898,0.7870853543281555,True,2
3kgc__1__1.B__1.F,c7,0.2491251171568916,0.1239935587761674,0.2396340533613888,0.1873979396443018,0.4361767005285523,0.3756589645652393,77,621,0.1743666469597707,0.0838779956427015,2.320098638534546,True,2,0.3609981356296742,0.1239935587761674,0.3230625884676898,0.2253464750636176,0.5573223689890356,0.5654086080057249,77,621,0.3603001236038267,0.0838779956427015,1.3731826543807983,True,2
6fwh__1__2.A_2.E_2.K__2.AA_2.OA_2.Z,c89,0.5287393280809674,0.2147435897435897,0.4124432928711132,0.3887916774176144,0.6176289840763525,0.6802636853886855,67,312,0.4203596274270688,0.1515837104072398,1.848916292190552,True,2,0.7434142260832111,0.2147435897435897,0.4472077864729988,0.4364185151985777,0.7572148222148221,0.7626063037491607,67,312,0.7429128964698888,0.1515837104072398,0.7669865489006042,True,2
5jtu__1__1.A__1.C,c33,0.2920726269598188,0.119106699751861,0.2296849414068851,0.2037271196740682,0.4008925585914025,0.4454966254700743,96,806,0.2035062326149911,0.0683760683760683,2.832143545150757,True,2,0.6319899584903249,0.119106699751861,0.2995985325640776,0.231652072868868,0.7672332742044279,0.7259920166413673,96,806,0.631989958490325,0.0683760683760683,0.7523674964904785,True,2
4kg9__1__1.A__1.B,c2776,0.1490898555620924,0.0619195046439628,0.1817170628935334,0.1724580751773916,0.5025771061112616,0.2128167988521751,60,969,0.1035491234909284,0.0346020761245674,4.084041595458984,True,2,0.2539173302531459,0.0619195046439628,0.1741663483575248,0.1354228888304142,0.5232585962424672,0.2485738617415595,60,969,0.2539173302531459,0.0346020761245674,2.8422675132751465,True,2
5k41__1__1.A__1.B,c119,0.2674962705190245,0.0857385398981324,0.1558064330951075,0.1205191152349921,0.520673438521622,0.4281292970737488,101,1178,0.215489604534115,0.0553728070175438,3.9950222969055176,True,2,0.5367028953987653,0.0857385398981324,0.1511370609980401,0.1198235659485903,0.6757425798602269,0.5899846900795197,101,1178,0.5367028953987653,0.0553728070175438,1.0427614450454712,True,2
5jtu__1__2.A__2.C,c33,0.2978228407106909,0.119106699751861,0.2306620892590329,0.2053167569706936,0.4060231776052377,0.4480424868287391,96,806,0.2723496944860831,0.0683760683760683,2.832152366638184,True,2,0.6264249637308326,0.119106699751861,0.3188293017948468,0.2316304557199911,0.7565023384734924,0.7311886255879763,96,806,0.6264249637308325,0.0683760683760683,0.7572745680809021,True,2
4kh1__1__1.A_2.A__1.E,c103,0.3466837542527944,0.1724137931034483,0.2757769655793552,0.2826736532988343,0.4589833407752746,0.4475223618973618,80,464,0.2067009559306626,0.0961538461538461,1.8268702030181885,True,2,0.350310603672397,0.1724137931034483,0.3460521385613297,0.3710966387992242,0.4348372256585229,0.4813220539625962,80,464,0.3499453439321373,0.0961538461538461,1.6622594594955444,True,2
5jei__1__1.A__1.B,c7,0.403472572564191,0.203030303030303,0.4537102628540177,0.3740715951571575,0.494264009869273,0.4259384987119362,67,330,0.3371498536366919,0.1353535353535353,1.781696081161499,True,2,0.6330399677180927,0.203030303030303,0.574158163997127,0.489569967214235,0.6815076285370403,0.619587597231828,67,330,0.6293027474538626,0.1353535353535353,1.4573121070861816,True,2
5k41__1__2.A__2.B,c119,0.2627433177029812,0.0857385398981324,0.1563222929517698,0.1106268942407852,0.5233376876391582,0.3551325522034853,101,1178,0.22177330353156,0.0553728070175438,3.9957563877105713,True,2,0.5440823736315011,0.0857385398981324,0.1505480547289922,0.0968933545573326,0.696692237501061,0.5973825277920457,101,1178,0.5440823736315011,0.0553728070175438,1.001673698425293,True,2
7k2d__2__1.B__1.C,c315,0.1900732553830235,0.0495818399044205,0.150165101641285,0.1506048932518813,0.4597524683325121,0.1965417635006598,83,1674,0.1372234118499861,0.034156378600823,3.8420698642730713,True,2,0.2255567898116844,0.0495818399044205,0.147149328949336,0.125335013773369,0.5618281101614434,0.3335906920481996,83,1674,0.2255567898116844,0.034156378600823,2.416140079498291,True,2
4kh1__1__1.A_3.A__3.E,c103,0.3357779603960698,0.1724137931034483,0.2702946874408271,0.28329785217356,0.4541446734042653,0.4300442266067266,80,464,0.2474785317747237,0.119047619047619,1.8273420333862305,True,2,0.332057442696817,0.1724137931034483,0.3533545366840404,0.3148036251212199,0.4175681283521771,0.4634643359775635,80,464,0.3314519475804825,0.119047619047619,1.7386280298233032,True,2
6fwh__1__2.B_2.D_2.L__2.SA_2.X_2.Y,c89,0.50586476442895,0.2115384615384615,0.3750607140375266,0.3511839589948596,0.577713258963259,0.6324757967726717,66,312,0.2604143469428009,0.1301775147928994,1.8452410697937007,True,2,0.7131034527312489,0.2115384615384615,0.3957866687899812,0.3979587534243571,0.7548495236956776,0.7955931871947497,66,312,0.7131034527312489,0.1301775147928994,0.7792586088180542,True,2
5k42__1__1.A__1.B,c119,0.2562639516368107,0.0742705570291777,0.1467008553798398,0.122098830567487,0.5658197426212133,0.4313228203485418,84,1131,0.2298255327343978,0.0512820512820512,3.9933505058288574,True,2,0.5797910467706643,0.0742705570291777,0.1436404779744747,0.1070260952558415,0.7394496788614435,0.6144708298529202,84,1131,0.5797910467706645,0.0512820512820512,0.954176902770996,True,2
7k2e__1__1.A__1.C,c315,0.1573686500420891,0.0548387096774193,0.1369684675489629,0.1385542092245884,0.3825543749131763,0.2505625522713246,85,1550,0.1254483502986468,0.0361702127659574,3.598050594329834,True,2,0.2348276979352019,0.0548387096774193,0.1390209708763888,0.1172185113262344,0.4288338047810626,0.3281121001516202,85,1550,0.2348276979352019,0.0361702127659574,2.280672311782837,True,2
5ito__1__1.A__1.F,c7,0.4778913351672359,0.1612200435729847,0.4003383355892006,0.3416661651712302,0.6324879372197711,0.4868442542306179,74,459,0.3964872692719685,0.1088235294117647,1.9984872341156008,True,2,0.6708314668808838,0.1612200435729847,0.3814312035156024,0.3202960575265614,0.6801069604629975,0.6985474159678705,74,459,0.6696750928543608,0.1088235294117647,1.036069393157959,True,2
4kh1__1__1.C_2.C__2.K,c103,0.3451442338005557,0.1763392857142857,0.2757458976784451,0.2532795572242578,0.4512884711645976,0.4317879730743488,79,448,0.2428624199464757,0.1299342105263158,1.7910338640213013,True,2,0.3038617748614642,0.1763392857142857,0.3429977656836834,0.3370794008535376,0.3814131765210173,0.4263353545215317,79,448,0.3029159061492801,0.1299342105263158,1.8619753122329712,True,2
4kgv__1__1.A_2.A__1.E,c103,0.3399418793954341,0.1830357142857142,0.2747602670822721,0.265728229354403,0.4619264762874131,0.4161948785708705,82,448,0.2028893005166318,0.0985576923076923,1.7952845096588137,True,2,0.3353743402346255,0.1830357142857142,0.3556872461340269,0.3422490003913608,0.4212693900403985,0.4847350632783834,82,448,0.3348960182589785,0.0985576923076923,1.7228037118911743,True,2
7k2h__2__1.B__1.C,c315,0.1970775962516689,0.0617559523809523,0.1477324463118063,0.1344442852552065,0.4147418993176954,0.2166457859463009,83,1344,0.1659444273594224,0.0455043859649122,3.3013784885406494,True,2,0.1673161902643287,0.0617559523809523,0.1329012504330552,0.1102299539113533,0.3218630929982102,0.2193687477084637,83,1344,0.1673161902643287,0.0455043859649122,2.483145475387573,True,2
4kgv__1__1.A_3.A__3.E,c103,0.3360681152394451,0.1830357142857142,0.2770046457557666,0.2990004149906141,0.4620680913247809,0.4163560915495439,82,448,0.2647858350728425,0.1191860465116279,1.795752763748169,True,2,0.3045707042047682,0.1830357142857142,0.348450544404185,0.3562576417319982,0.3639503434435157,0.3761110443054887,82,448,0.3040075439547832,0.1191860465116279,1.8383642435073853,True,2
4kh1__1__1.C_3.C__1.K,c103,0.3395652185904881,0.1763392857142857,0.278706676351249,0.2733727728038932,0.4655652812974656,0.4223234890844017,79,448,0.2592349641103583,0.112215909090909,1.7911442518234253,True,2,0.3360685374643617,0.1763392857142857,0.3533905037628046,0.3504787563702338,0.4242897885407076,0.4754672646455053,79,448,0.3356116061680828,0.112215909090909,1.720908522605896,True,2
6fwh__1__2.B_2.G_2.L__2.FA_2.Q_2.S,c89,0.4994062359918411,0.2083333333333333,0.3889275783561052,0.3236519043839608,0.5796574721574721,0.6669166349523492,65,312,0.3287410040539327,0.1282051282051282,1.8519607782363887,True,2,0.7529419308754468,0.2083333333333333,0.3825083332183924,0.3207575780926811,0.7840558729020268,0.8401910600422506,65,312,0.7529419308754468,0.1282051282051282,0.7658818364143372,True,2
5kk7__1__1.A__1.C_1.E_1.I,c1433,0.2171958420827261,0.1302083333333333,0.2021235532608053,0.2015387799348225,0.4029639056555112,0.3112024478354948,75,576,0.1609964225889725,0.0822368421052631,2.1678566932678223,True,2,0.4017710928259181,0.1302083333333333,0.2178289009938626,0.1886932507579679,0.5887141828532759,0.620596161135052,75,576,0.4017710928259181,0.0822368421052631,1.1775506734848022,True,2
5k42__1__2.A__2.B,c119,0.2379308047286094,0.0742705570291777,0.1462684174474018,0.1221779183226556,0.5639984035572271,0.3918709315821253,84,1131,0.1880515550710953,0.0439560439560439,3.992755651473999,True,2,0.5745277507290406,0.0742705570291777,0.1433978431164552,0.1136209804589173,0.7361782036046742,0.6131437649651936,84,1131,0.5745277507290406,0.0439560439560439,0.9567806124687196,True,2
6fwh__1__2.C_2.F_2.J__2.MA_2.NA_2.V,c89,0.486740185208272,0.2083333333333333,0.3828116462934277,0.3688974608792575,0.5660788817570194,0.6289170644170645,65,312,0.2580630522812265,0.1111111111111111,1.8454439640045168,True,2,0.7255650487823829,0.2083333333333333,0.4081748002162203,0.4215500836854387,0.7281041607964684,0.7793293018709684,65,312,0.7252128203505038,0.1111111111111111,0.7500659227371216,True,2
7k2k__2__1.B__1.C,c315,0.1875063055034921,0.0550284629981024,0.1481126855872782,0.1409531560293354,0.4034252193101076,0.210187396607282,87,1581,0.1590247162935082,0.0370843989769821,3.707262277603149,True,2,0.2119081582587544,0.0550284629981024,0.147478281402252,0.1270173686141195,0.4886177027063249,0.293126603212796,87,1581,0.2119081582587544,0.0370843989769821,2.3868727684021,True,2
2irx__1__1.A__1.B_1.C,c2457,0.3162705460218143,0.0853365384615384,0.1453139934751109,0.1080944693904041,0.5041751938148997,0.4618935857171151,71,832,0.3019760849789034,0.0568910256410256,3.2664923667907715,True,2,0.6448553167789316,0.0853365384615384,0.1700204096913397,0.1248828433323953,0.7107858345358344,0.6791075101369219,71,832,0.6448553167789317,0.0568910256410256,1.1093757152557373,True,2
5ito__2__1.B__1.K,c7,0.5039501553770481,0.1470588235294117,0.4003638604123033,0.3717340160253305,0.6312439436408006,0.5131830294949088,75,510,0.4087021845090991,0.0980392156862745,2.1232364177703857,True,2,0.7361029521222913,0.1470588235294117,0.4098529637405664,0.3119715937680455,0.7518229482935365,0.672691588714316,75,510,0.7361029521222913,0.0980392156862745,0.7747435569763184,True,2
5itp__1__1.A__1.C,c7,0.4808800171355064,0.1501014198782961,0.396748141906484,0.3680119978025542,0.6185789893800729,0.4690148950075897,74,493,0.3753418215755228,0.1012311901504788,2.1207056045532227,True,2,0.7260206647092671,0.1501014198782961,0.3975977843192376,0.3141167175488921,0.7555677518216218,0.6770479684456958,74,493,0.7250549502556749,0.1012311901504788,0.8384296298027039,True,2
5kkw__1__1.A__1.B,c7,0.5746353490303002,0.1623376623376623,0.3669285714285714,0.2983225482168129,0.7141025641025641,0.6643731709207898,25,154,0.5205933511038866,0.077639751552795,1.8307011127471924,True,2,0.5603662274515845,0.1623376623376623,0.474501133786848,0.3012110685673191,0.6995726495726495,0.6413501621834954,25,154,0.5603662274515844,0.077639751552795,0.9034342765808104,True,2
4kgv__1__1.C_3.C__1.H,c103,0.3386823029426379,0.1745689655172413,0.2746710644977042,0.264266669195126,0.4649074258748971,0.4118234710248598,81,464,0.2032321577079281,0.1177325581395348,1.83075213432312,True,2,0.3197273761136165,0.1745689655172413,0.3656198688487846,0.3618543732905351,0.385674560664091,0.3871598251591638,81,464,0.3194058402243651,0.1177325581395348,1.8151655197143557,True,2
4kgv__1__1.C_2.C__2.H,c103,0.3349240041965051,0.1745689655172413,0.2729988755604008,0.2766122182784578,0.4719335662586713,0.4243017283642283,81,464,0.240209583833061,0.1205357142857142,1.8309372663497925,True,2,0.3069800003805324,0.1745689655172413,0.3636013770885775,0.3558965417593703,0.3732583443731028,0.4376730310890363,81,464,0.306155696166745,0.1205357142857142,1.8604649305343628,True,2
7jt5__2__1.C_1.D__1.P_1.Q,c299,0.3338301391398588,0.1276041666666666,0.2572197053822025,0.2492619157141674,0.4943242188411955,0.4314973702671739,98,768,0.1960248372772043,0.0816666666666666,2.266263961791992,True,2,0.6026815132042995,0.1276041666666666,0.2881551661868552,0.2245175368279327,0.6799095328810241,0.640568161032867,98,768,0.6026286398689835,0.0816666666666666,1.0136457681655884,True,2
6jzy__1__1.A__1.C_1.D,c9829,0.4677171522252635,0.0793439716312056,0.2121060808022025,0.1662827106079694,0.5545649960949223,0.5729476676258629,179,2256,0.4469333150619968,0.0601478494623655,4.255653381347656,True,2,0.7354375056411364,0.0793439716312056,0.2200160473224238,0.1378913455920635,0.7909660073722574,0.8345276980110045,179,2256,0.7354375056411364,0.0601478494623655,0.7606452107429504,True,2
7k2l__2__1.B__1.C,c315,0.1605630414231167,0.0605207600281491,0.1306594327638455,0.1299187823523412,0.3530408830444213,0.2197269789254538,86,1421,0.1504828536651785,0.0474351902923331,3.4360029697418213,True,2,0.1829492603685437,0.0605207600281491,0.1240114056294016,0.1145485323887855,0.3407059545263327,0.2701820321052539,86,1421,0.182942309027928,0.0474351902923331,2.508845806121826,True,2
4kgx__1__1.A_3.A__3.E,c103,0.3362447399392615,0.1724137931034483,0.2790526515390462,0.2668929168500457,0.4826952783398355,0.4044614064653747,80,464,0.1979389765974689,0.1020408163265306,1.830447793006897,True,2,0.3212309735291058,0.1724137931034483,0.3512604718946631,0.328682654722946,0.4028751207043618,0.473342797096104,80,464,0.3208397803347654,0.1020408163265306,1.7529889345169067,True,2
5itp__2__1.B__1.L,c7,0.4816519143059806,0.152129817444219,0.4021666366313425,0.3572865958431003,0.6274310879840932,0.5118131396192621,75,493,0.4044145639711254,0.1131221719457013,2.139522075653076,True,2,0.6807932170587128,0.152129817444219,0.4010806236734475,0.3228367128790876,0.6997484378366731,0.6575914345394865,75,493,0.6807932170587129,0.1131221719457013,0.9169939160346984,True,2
4kgx__1__1.A_2.A__1.E,c103,0.3442620891134564,0.1724137931034483,0.2773624691737356,0.2755076384496878,0.4898266686482285,0.4302397075660964,80,464,0.2871098531936772,0.1111111111111111,1.8292099237442017,True,2,0.3704504524025891,0.1724137931034483,0.354327670899362,0.320187764765717,0.4553215358112942,0.5080600219274162,80,464,0.3699971870791994,0.1111111111111111,1.5863176584243774,True,2
4kgx__1__1.C_2.C__2.H,c103,0.3377963698992117,0.1763392857142857,0.27077603130547,0.2546982270220064,0.4578209822554139,0.421460744392292,79,448,0.2120072046785396,0.1175595238095238,1.7915422916412354,True,2,0.3193112664526298,0.1763392857142857,0.3417077574479381,0.3650694985666248,0.4114628176445403,0.4221878910453646,79,448,0.3187101228135116,0.1175595238095238,1.816557765007019,True,2
6fwh__1__2.F_2.G_2.H__2.CA_2.DA_2.EA,c89,0.5054543658514753,0.2051282051282051,0.3718726280467171,0.3324049963018508,0.5874599225560764,0.690698209198209,64,312,0.2686060702336981,0.1118881118881118,1.851157307624817,True,2,0.7293029414578586,0.2051282051282051,0.3791539923751462,0.3716978070058733,0.7613869677331215,0.7955819072902407,64,312,0.7293029414578587,0.1118881118881118,0.756492018699646,True,2
7jt5__2__1.C_1.D__1.U_1.V,c299,0.3337619492748607,0.1222222222222222,0.2507180433553539,0.2466460016886615,0.4937875374909365,0.4669854548255072,88,720,0.3033641004757197,0.0852713178294573,2.3276147842407227,True,2,0.6511153098324974,0.1222222222222222,0.2819695554474409,0.2267549154047867,0.7474866221741222,0.6995682350510781,88,720,0.6511153098324975,0.0852713178294573,0.9711195230484008,True,2
5kbz__1__1.B__1.D,c3811,0.1230222796228315,0.0609756097560975,0.0853312136134444,0.0865704883513182,0.2731034282172883,0.252924106388822,105,1722,0.1034727521370391,0.0426829268292682,5.602236270904541,True,2,0.3070582419784678,0.0609756097560975,0.0836337278496587,0.0897312860740286,0.4192063811338242,0.4595621356422516,105,1722,0.3070582419784678,0.0426829268292682,2.0941147804260254,True,2
5kbz__1__1.A__1.C,c3811,0.1313304604034722,0.0687929956222639,0.1013789571199704,0.0986936199264049,0.2764184896069214,0.2148654498971839,110,1599,0.119968338301861,0.0526064084170253,5.001414775848389,True,2,0.3957378456856015,0.0687929956222639,0.1040363499920965,0.1109503456308174,0.4414872707668611,0.5158468021009958,110,1599,0.3957378456856015,0.0526064084170253,1.700696587562561,True,2
1l5v__1__1.A__1.C_1.D,c33,0.513956356552098,0.1732954545454545,0.3839310507167242,0.3160543986097162,0.5665494060865819,0.4834984905967049,61,352,0.3445141504528288,0.0866477272727272,1.5629993677139282,True,2,0.643155628077623,0.1732954545454545,0.3933545576724518,0.3571241025636087,0.7380555555555555,0.6940077110389611,61,352,0.6431556280776232,0.0866477272727272,0.8927884697914124,True,2
4kgx__1__1.C_3.C__1.H,c103,0.3219763361345161,0.1763392857142857,0.2696701487913596,0.266008275074639,0.4546106954518608,0.412281899831503,79,448,0.2222837295486812,0.1266025641025641,1.7927894592285156,True,2,0.2870300843237828,0.1763392857142857,0.339234854559687,0.3066169158770188,0.3724060082143826,0.3802374449844687,79,448,0.2866249866624007,0.1266025641025641,1.9012287855148315,True,2
7jt6__1__1.A_1.B__1.E_1.G,c299,0.2899861392840455,0.1235795454545454,0.2653508175793323,0.2353630071604787,0.4515300695799417,0.4377220053464307,87,704,0.1802227516043311,0.0719008264462809,2.2463104724884038,True,2,0.5846252760678026,0.1235795454545454,0.2780359891670793,0.1942764103463481,0.6513498748726022,0.7064642806688262,87,704,0.5537321572609065,0.0719008264462809,0.8471688628196716,True,2
7jt6__1__1.A_1.B__1.I_1.K,c299,0.275523188036709,0.1334310850439882,0.2593627741418031,0.2481504382914788,0.4113281106826212,0.4154810353648775,91,682,0.2206476945104793,0.0961945031712473,2.2483928203582764,True,2,0.6176219683300749,0.1334310850439882,0.2876502534523004,0.2377125384500825,0.6623998223998224,0.7003828585024137,91,682,0.6176219683300749,0.0961945031712473,0.8459904193878174,True,2
7k2m__2__1.B__1.C,c315,0.1660906589882434,0.0527797325826882,0.1133351098248741,0.1142613866301646,0.3391736994528649,0.2143719922759799,75,1421,0.0877214292182604,0.0364431486880466,3.4440858364105225,True,2,0.1351775623332124,0.0527797325826882,0.1156685210939333,0.1004161686198693,0.3147119521150269,0.2051152190670741,75,1421,0.1351775623332124,0.0364431486880466,2.6228444576263428,True,2
1l5v__1__1.B__1.F_1.G,c33,0.5353588527720349,0.1785714285714285,0.382943226167394,0.3536946809251681,0.6103080242878037,0.4593391330891331,60,336,0.2923740840195428,0.1071428571428571,1.5411505699157717,True,2,0.5808331718592357,0.1785714285714285,0.4177289753071003,0.3593821329712218,0.6980022056170954,0.5758365431691324,60,336,0.5808331718592356,0.1071428571428571,0.9991753101348876,True,2
4kgz__1__1.A_2.A__1.E,c103,0.3117523411796648,0.1763392857142857,0.2660337709616131,0.2830406046009466,0.4520875484428323,0.4189859908609908,79,448,0.2060141642870127,0.1097222222222222,1.7977598905563354,True,2,0.2854789690768775,0.1763392857142857,0.340873004121096,0.3397207570053692,0.37073167662405,0.382967767828879,79,448,0.2840085850276284,0.1097222222222222,1.8974469900131223,True,2
5j5o__1__1.A__1.E,c326,0.6019495024678732,0.0962837837837837,0.2750141118562171,0.302108852201897,0.6773809523809523,0.5266536548481383,57,592,0.5862786603912227,0.0531220876048462,3.2379162311553955,True,2,0.7142491316370264,0.0962837837837837,0.2771987041723884,0.2557693724524665,0.7696853741496599,0.696394475524788,57,592,0.7142491316370265,0.0531220876048462,1.206687092781067,True,2
5j5o__2__1.B__1.G,c326,0.5749859584567002,0.1081081081081081,0.2687109905859906,0.2737625253309088,0.656923185941043,0.5262273734177759,56,518,0.5653913920667444,0.063063063063063,3.1694982051849365,True,2,0.6503796475087323,0.1081081081081081,0.2803260124688696,0.2091340329581471,0.7450396825396826,0.6436586163602971,56,518,0.6503796475087323,0.063063063063063,1.3139501810073853,True,2
6fwh__1__2.G_2.H_2.I__2.IA_2.KA_2.LA,c89,0.5095003818357793,0.2051282051282051,0.3996178595780063,0.3437249918043585,0.5826272621515536,0.6101210271210271,64,312,0.2478483322370758,0.1172161172161172,1.8426576852798464,True,2,0.7486527153463644,0.2051282051282051,0.4177595374710759,0.3360240359055093,0.7676235089696627,0.7726759886938459,64,312,0.7486527153463644,0.1172161172161172,0.7529231905937195,True,2
7jt6__2__1.C_1.D__1.M_1.O,c299,0.2704001757170461,0.1225895316804407,0.2497842210071843,0.2205343823682033,0.4153876441789247,0.3764629158160139,89,726,0.1981074045544142,0.0793226381461675,2.3201913833618164,True,2,0.5725081426815861,0.1225895316804407,0.2855465613672588,0.2437555509590719,0.6496625344352617,0.6551321820576479,89,726,0.5725081426815862,0.0793226381461675,0.8576475381851196,True,2
7l4c__1__1.A__1.D,c272,0.50390800833398,0.1256410256410256,0.2609220350951254,0.1728206135596327,0.6174354991010211,0.6774589762616647,98,780,0.4810405618695151,0.0856643356643356,2.771353006362915,True,2,0.9072991589700936,0.1256410256410256,0.3369352907717181,0.2271706865701842,0.9125987702773416,0.9202724770289,98,780,0.9072991589700936,0.0856643356643356,0.5684245824813843,True,2
7k2n__1__1.A__1.C_1.D,c315,0.2381531566546598,0.0619282195636875,0.1372489372417752,0.136255170971265,0.4346986721067603,0.2146320644410747,88,1421,0.2024474836078285,0.0374149659863945,3.4049012660980225,True,2,0.145007334143225,0.0619282195636875,0.1217595932466723,0.1055191504937795,0.3111620784592275,0.234583660245221,88,1421,0.145007334143225,0.0374149659863945,2.575771808624268,True,2
1kz8__1__1.A_1.B__1.C,c141,0.4823287698566023,0.2053571428571428,0.2979540444697052,0.2432829556344285,0.5522267802322949,0.5969891774891776,69,336,0.244536999994335,0.1134868421052631,1.8474375009536743,True,2,0.6372509865230692,0.2053571428571428,0.3735333004354743,0.330112406591702,0.6872798778602349,0.6981338225266797,69,336,0.6372509865230692,0.1134868421052631,0.7904953956604004,True,2
4kgz__1__1.A_3.A__3.E,c103,0.3441916280264981,0.1763392857142857,0.2670732114789018,0.2606531850086043,0.4476720215022888,0.4367229705920182,79,448,0.1846743396184042,0.112215909090909,1.7969748973846436,True,2,0.3364788173230241,0.1763392857142857,0.3428187325127356,0.3120547471383785,0.427723921056379,0.4737499421874421,79,448,0.3358659746856134,0.112215909090909,1.7417041063308716,True,2
7l4n__1__1.A__1.D,c272,0.5261418891454046,0.1277915632754342,0.3165828051389487,0.1995755327297178,0.6193696550104113,0.6827370102584098,103,806,0.5056716690566643,0.0861204013377926,2.8490123748779297,True,2,0.9081943047840074,0.1277915632754342,0.3545770720880242,0.2460827415743907,0.9179986481772198,0.9323596317757712,103,806,0.9081943047840076,0.0861204013377926,0.6060410141944885,True,2
7k2q__2__1.B__1.C,c315,0.168331837170948,0.0564102564102564,0.130563399924789,0.1302371147782303,0.3828271402768307,0.1697584257959809,88,1560,0.1379353345473761,0.033182503770739,3.615249156951904,True,2,0.2106415195842745,0.0564102564102564,0.1383970395520426,0.1103698539841531,0.3439889735477971,0.243950603685625,88,1560,0.2106415195842745,0.033182503770739,2.3698959350585938,True,2
1l8b__1__1.A__1.C,c326,0.4765992271702001,0.109090909090909,0.2807848016181349,0.2762386529724079,0.6393959435626102,0.6161732444368133,54,495,0.4367661540780164,0.0681818181818181,2.509376049041748,True,2,0.7635942467719197,0.109090909090909,0.287791263170051,0.3050722714820076,0.8332304526748971,0.7835553910763994,54,495,0.7635942467719196,0.0681818181818181,1.2756894826889038,True,2
7k2r__2__1.B__1.C_1.D,c315,0.1786725342870538,0.0571428571428571,0.1208492577071621,0.1248989602274347,0.4065717920668066,0.2079865294676604,80,1400,0.123367407033777,0.04,3.362121343612671,True,2,0.1781815765639224,0.0571428571428571,0.1289081619769119,0.1210565886619552,0.3757675247186492,0.2571167564244208,80,1400,0.1781815765639224,0.04,2.510934352874756,True,2
7k2s__2__1.B__1.C,c315,0.1585498298439158,0.0533333333333333,0.1292576932667006,0.1118450721267309,0.4169472014980574,0.2310204400048935,80,1500,0.0967133174672001,0.0363636363636363,3.573770523071289,True,2,0.2099807316756264,0.0533333333333333,0.1280504315129315,0.0973696194800365,0.3425810790516672,0.3140976140051095,80,1500,0.2099807316756264,0.0363636363636363,2.402069330215454,True,2
1l8b__2__1.B__1.D,c326,0.5999755603863303,0.0946969696969697,0.2943356727447636,0.2977284017868927,0.7156746031746032,0.621827612815364,50,528,0.5677633550303822,0.0473484848484848,2.820338487625122,True,2,0.7989646676366992,0.0946969696969697,0.3187532467532467,0.2480372991369035,0.8555555555555555,0.6560518600582702,50,528,0.7989646676366993,0.0473484848484848,1.1712605953216553,True,2
4kgz__1__1.C_2.C__2.J,c103,0.3240583513951753,0.1741071428571428,0.2636638112599651,0.2484536038484213,0.4536462624081142,0.4112914426108871,78,448,0.1960632478108337,0.1059782608695652,1.779547095298767,True,2,0.310881135011829,0.1741071428571428,0.3284219067718487,0.3012783627551524,0.4046373809819188,0.4408582171429394,78,448,0.3105058031467057,0.1059782608695652,1.7871252298355105,True,2
1kz8__1__1.A_1.B__1.G,c141,0.4955106270085468,0.2023809523809523,0.282073961577638,0.2563219583239375,0.5327506097135823,0.5769449598021027,68,336,0.4241801717573487,0.1118421052631579,1.9494975805282595,True,2,0.6546067153317887,0.2023809523809523,0.4023393069348951,0.3147964246938998,0.6858226033226034,0.7636113815323,68,336,0.6546067153317887,0.1118421052631579,0.8854066729545593,True,2
4kgz__1__1.C_3.C__1.J,c103,0.32829062573325,0.1741071428571428,0.2634691229073819,0.2655825817854191,0.4567872759765174,0.4117769185179899,78,448,0.2177425580630698,0.1059782608695652,1.779335618019104,True,2,0.3464922482422379,0.1741071428571428,0.3365243945618366,0.3461073120980515,0.4346925241298928,0.4602637675008706,78,448,0.3454003441193131,0.1059782608695652,1.6529617309570312,True,2
4lrj__1__1.A__1.C_1.D,c5172,0.4091207986764749,0.1079943899018232,0.1911153512457855,0.1361218629786921,0.5365639341501409,0.4982408031910114,77,713,0.3937036722605709,0.067131647776809,2.541330337524414,True,2,0.7056522158766053,0.1079943899018232,0.1985775584524991,0.1512899631149633,0.7271620142309797,0.7606078851353416,77,713,0.7056522158766052,0.067131647776809,0.9308751821517944,True,2
7kgw__1__1.A__1.B_1.C_1.D,c2929,0.2810028860723297,0.1490683229813664,0.2443279906380592,0.1991941043153028,0.4081002732118293,0.3833578399870367,72,483,0.2160868461706469,0.0745341614906832,1.922519564628601,False,2,0.4224867296313939,0.1490683229813664,0.3755552152477069,0.2487746783705477,0.537190611321046,0.470037549122004,72,483,0.422486729631394,0.0745341614906832,1.6066780090332031,True,2
5k55__1__1.A_4.A__1.B,c141,0.4980823443109325,0.21875,0.2979855296819583,0.2735203330537169,0.5644450919450918,0.58673997487773,63,288,0.3372898385224196,0.1064189189189189,1.932961344718933,True,2,0.6294028438527373,0.21875,0.3809790187766378,0.3376756171388546,0.6340376984126984,0.7685910980553838,63,288,0.6294028438527377,0.1064189189189189,0.8004881143569946,True,2
5ly3__1__1.A__1.C,c2133,0.4990854919454179,0.1242532855436081,0.2885364989598306,0.1699589096507617,0.7017338705029338,0.7273233083887417,104,837,0.4194872467704913,0.0875420875420875,2.576556205749512,True,2,0.8406554383654586,0.1242532855436081,0.3482542448527944,0.2058046316089477,0.8743634481332895,0.845525680595125,104,837,0.8406554383654585,0.0875420875420875,0.5807517766952515,True,2
4lom__1__1.A_10.A_15.A__1.B_1.D_15.C,c89,0.395938300886303,0.1777777777777777,0.3241744432815862,0.2939707934029124,0.4833237220296044,0.4821550204330816,56,315,0.204546329668097,0.0982456140350877,1.9728572368621824,True,2,0.5977186522328892,0.1777777777777777,0.3071081935105044,0.3303150577091984,0.6667664742664743,0.7531650341344217,56,315,0.597718652232889,0.0982456140350877,1.0026733875274658,True,2
4l7b__1__1.A_1.B__1.G,c315,0.2750628452487499,0.0812121212121212,0.2677964204290085,0.2305188361429161,0.4653143112334288,0.2974246483878305,67,825,0.193181842432996,0.052059052059052,2.481264114379883,True,2,0.2000690982478903,0.0812121212121212,0.2131798390938239,0.1724117051024987,0.4425278244001154,0.3095836376903634,67,825,0.1990280575533925,0.052059052059052,2.0136306285858154,True,2
4lrz__1__1.A_1.F_1.H__1.I_1.J_1.K,c1033,0.2969988100636114,0.0925925925925925,0.1877215509781121,0.1319603550472192,0.4631382485911782,0.4059652757898372,85,918,0.1756499862481398,0.0582990397805212,2.6541481018066406,True,2,0.4888169120729654,0.0925925925925925,0.2049349170367402,0.1605470549787501,0.6220251456362568,0.6396344483280574,85,918,0.4888169120729654,0.0582990397805212,0.907465159893036,True,2
6kcp__2__1.E__2.D,c10810,0.0699045724227802,0.07,0.0812499999999999,0.0792329989836358,0.5005555555555555,0.177794885760572,14,200,0.0192046257010305,0.0194444444444444,2.903097629547119,False,2,0.0620461716197068,0.07,0.0999999999999999,0.0849933558437359,0.5166666666666666,0.1018311942513741,14,200,0.0123254259082118,0.0194444444444444,11.08395004272461,False,2
5k55__1__1.A_4.A__4.B,c141,0.486548235005395,0.21875,0.2973423236816094,0.245678536110641,0.5711024392274392,0.5716455832527262,63,288,0.406441874402367,0.1458333333333333,1.9319097995758057,True,2,0.6441094979561874,0.21875,0.3782784014926871,0.2863442265629959,0.6393615470177969,0.7940735300854349,63,288,0.6440088943344568,0.1458333333333333,0.7910616993904114,True,2
4l7c__1__1.A__1.D_1.E,c315,0.2595491093808685,0.0720496894409937,0.1938649445792302,0.165458242029634,0.352570145090429,0.3866274608291704,58,805,0.1977881902533274,0.0368253968253968,2.5838654041290283,True,2,0.1830747153107388,0.0720496894409937,0.1571094696217849,0.1444385881097667,0.3473099021780563,0.340001624797151,58,805,0.1830747153107388,0.0368253968253968,1.910448670387268,True,2
4lom__1__1.A_16.A_24.A__1.C_16.B_16.D,c89,0.394855563731913,0.1777777777777777,0.3220115268329554,0.2672900306760988,0.5237601268945806,0.5036891708065176,56,315,0.3643540206162047,0.1333333333333333,1.9732805490493772,True,2,0.5995886501171479,0.1777777777777777,0.3097229894288717,0.3009941500289959,0.6760594035594035,0.6732588952997116,56,315,0.599588650117148,0.1333333333333333,0.9932790398597716,True,2
4l7c__1__1.B__1.F_1.G_1.H,c315,0.2600923619469071,0.0829931972789115,0.2131819312615565,0.1889368251897103,0.3746976365927978,0.4069679535555393,61,735,0.2076000870107173,0.0528138528138528,2.5159502029418945,True,2,0.170354788535038,0.0829931972789115,0.1612014020327837,0.1422881072586682,0.3211395648065477,0.2911447452858194,61,735,0.1703547885350379,0.0528138528138528,2.0262842178344727,True,2
4lrz__1__1.B_1.F_1.H__1.L_1.M_1.N,c1033,0.2765745348678685,0.0915032679738562,0.1969486171439386,0.12983176173056,0.4889716521560633,0.4315745221391501,84,918,0.228169034796747,0.0676328502415458,2.6522438526153564,True,2,0.4862427760030893,0.0915032679738562,0.210686624287569,0.1496980461541605,0.5917201214423436,0.629912518037518,84,918,0.4862427760030892,0.0676328502415458,0.8667277693748474,True,2
5k55__1__2.A_3.A__2.B,c141,0.5438277372963921,0.21875,0.2946859138954727,0.2804204074660276,0.5623621170496171,0.6192478817478817,63,288,0.3760268846462236,0.0915697674418604,1.9337717294692995,True,2,0.6336422017082894,0.21875,0.3809790187766378,0.3125175338716334,0.6592689544252044,0.7262823155680298,63,288,0.6336422017082894,0.0915697674418604,0.7963499426841736,True,2
4l7c__1__1.C__1.I_1.J_1.K,c315,0.2626033278921569,0.0902255639097744,0.2094014477585906,0.1837043672534405,0.4082827031356442,0.3807386612068662,60,665,0.1919901429532026,0.0552995391705069,2.3738694190979004,True,2,0.2808951130941258,0.0902255639097744,0.1598560381417524,0.154243409912656,0.4713923961840628,0.4749027975032355,60,665,0.2808951130941258,0.0552995391705069,1.745391011238098,True,2
4lom__1__1.A_24.A_7.A__24.C_7.B_7.D,c89,0.3730281179492331,0.1777777777777777,0.3229272777487063,0.2748767417388057,0.4778813100479768,0.5203793494864923,56,315,0.2372639917600706,0.0933333333333333,1.974001407623291,True,2,0.6098661888719397,0.1777777777777777,0.3071081935105044,0.2544086223056699,0.6784066859066858,0.7193012505257402,56,315,0.6098661888719397,0.0933333333333333,0.9973487257957458,True,2
4l7d__1__1.A__1.D_1.E,c315,0.2709272365429486,0.0856389986824769,0.2956010062427174,0.2068407957726293,0.498693940126328,0.3326270225178591,65,759,0.161165072142609,0.0532350532350532,2.600593328475952,True,2,0.2230143274708272,0.0856389986824769,0.2679313072320065,0.1869875802755342,0.4293615583938164,0.398095325513383,65,759,0.2223569306627604,0.0532350532350532,2.026738166809082,True,2
4lrz__2__1.C_1.E_1.G__1.O_1.P_1.Q,c1033,0.280182119201787,0.0965207631874298,0.197231889550441,0.1615759869977669,0.4734977756246819,0.4225696054911556,86,891,0.1343978787034613,0.0522161505768063,2.635651111602783,True,2,0.5137773282683447,0.0965207631874298,0.2116737958416975,0.1816159125055366,0.6526997488108599,0.6868221273228277,86,891,0.5137773282683447,0.0522161505768063,0.8047604560852051,True,2
4mes__1__1.A__1.E_1.L,c1834,0.4317815235478714,0.1355555555555555,0.3804983390473755,0.2580077902518935,0.6639840161653887,0.5319469144634211,61,450,0.2449377201870499,0.0788113695090439,2.1388440132141118,True,2,0.6268015029398996,0.1355555555555555,0.3622838303166172,0.2579521009278771,0.6619803678831456,0.6872791557931864,61,450,0.6268015029398996,0.0788113695090439,0.921172022819519,True,2
4l7d__1__1.C__1.K_1.M,c315,0.2732481055457529,0.0937950937950937,0.3099887778356677,0.2321014266921053,0.4874397023320468,0.2812554657533099,65,693,0.1877561566786007,0.0480413895048041,2.427130460739136,True,2,0.2411089345807643,0.0937950937950937,0.2794162830176816,0.2085861225417071,0.4837056867758622,0.3923563636128825,65,693,0.2410533953698811,0.0480413895048041,1.9059646129608157,True,2
4lom__1__10.A_15.A_18.A__10.C_18.B_18.D,c89,0.3872792477916759,0.1777777777777777,0.3241744432815862,0.2862948935697135,0.4832549389608213,0.5163384428307898,56,315,0.2260462329153142,0.0982456140350877,1.973318576812744,True,2,0.6049271733000907,0.1777777777777777,0.3071081935105044,0.329061327066653,0.6767950937950936,0.7093252882793698,56,315,0.6049271733000907,0.0982456140350877,1.0050458908081057,True,2
4l7d__1__1.B__1.G_1.H_1.I,c315,0.3126491786758659,0.0964187327823691,0.3245496312439238,0.2768057261192869,0.5276885697738967,0.2874212231534453,70,726,0.2812648849224365,0.0642791551882461,2.4851391315460205,True,2,0.2899945481794324,0.0964187327823691,0.3305754454780428,0.2419709312982883,0.5698673924609754,0.4219663719073621,70,726,0.2899945481794324,0.0642791551882461,1.8576900959014893,True,2
4lrz__2__1.D_1.E_1.G__1.R_1.S_1.T,c1033,0.2699132738731041,0.0942760942760942,0.1942762966979983,0.1432204728854343,0.4615672987843611,0.3709654453115287,84,891,0.2161248230122555,0.0661938534278959,2.641357183456421,True,2,0.4973802262893231,0.0942760942760942,0.209206974127266,0.1622255886940348,0.60888468013468,0.6441248393296712,84,891,0.4973802262893231,0.0661938534278959,0.901165783405304,True,2
6kia__1__1.A__1.D,c5731,0.2671107007141224,0.0661157024793388,0.185001569472574,0.1097324218143076,0.5453467423368423,0.4767501624659128,128,1936,0.2217302535635416,0.0510366826156299,4.016896724700928,True,2,0.5935808335044167,0.0661157024793388,0.1845773539981239,0.1051979718624202,0.6862304929918566,0.7033551413023701,128,1936,0.5935808335044167,0.0510366826156299,1.1214025020599363,True,2
5mem__1__2.A__2.C,c33,0.1787365984209947,0.0965309200603318,0.1949253131144705,0.1772062149357685,0.3150361921259342,0.2708993307440824,128,1326,0.1642509829876561,0.0752941176470588,3.6604952812194815,True,2,0.5572655411568358,0.0965309200603318,0.275478928859448,0.1995779219592373,0.6814236924150874,0.62990243674426,128,1326,0.5572655411568359,0.0752941176470588,1.3550015687942505,True,2
5mem__1__1.A__1.C,c33,0.1870963726037194,0.0965309200603318,0.1958593787770258,0.1844456182664833,0.3174145135314747,0.3104291576214094,128,1326,0.1820667626694572,0.0836601307189542,3.659318208694458,True,2,0.5405263193314189,0.0965309200603318,0.2764377799856932,0.210160667780727,0.6511382890973634,0.6392985152198449,128,1326,0.5402750628392475,0.0836601307189542,1.501031756401062,True,2
6l3x__1__1.A__1.O,c117,0.2481615769552111,0.0935441370223978,0.2095855373620047,0.1882755736247963,0.3727449410222519,0.3349457124182001,71,759,0.2075387550986345,0.0614718614718614,2.779757499694824,True,2,0.3679274657947338,0.0935441370223978,0.2593474224998665,0.1784389617861914,0.4730340572617219,0.3438849894670904,71,759,0.364366988763989,0.0614718614718614,2.158282995223999,True,2
6l3x__1__1.C__1.Q,c117,0.2672755881032991,0.0974967061923583,0.2266733764059967,0.2270227622446217,0.3998919264777845,0.4167210866804037,74,759,0.2424512813208974,0.0679522497704315,2.7932651042938232,True,2,0.3243911835393467,0.0974967061923583,0.2869674943538579,0.2018418010691511,0.4791672214728937,0.3480415178537636,74,759,0.3174820683331639,0.0679522497704315,2.226318359375,True,2
5k55__1__2.A_3.A__3.B,c141,0.4935829025011269,0.21875,0.2962482375428804,0.2869605736184064,0.5676594239094239,0.5682870370370371,63,288,0.3766956501641822,0.1357758620689655,1.9327138662338257,True,2,0.6303362299755557,0.21875,0.3809790187766378,0.3460921149683606,0.6195345568783068,0.7516711132782561,63,288,0.6303362299755559,0.1357758620689655,0.7721472978591919,True,2
6l3x__1__1.B_1.K__1.Y,c117,0.2456468893345393,0.0921717171717171,0.248005750994543,0.2135722516096908,0.4596325447428388,0.2843842763868391,73,792,0.180066819358044,0.0614478114478114,2.8465144634246826,True,2,0.4309663415040442,0.0921717171717171,0.2845961993599625,0.2024216178507324,0.57108757450144,0.4061532954939122,73,792,0.4303046477370829,0.0614478114478114,1.7501189708709717,True,2
6kia__2__1.B__1.E,c5731,0.2443632815349517,0.0630165289256198,0.1681556830977171,0.1055278172292834,0.5285093765003122,0.4958098914306723,122,1936,0.2212720661386109,0.0504132231404958,4.047692775726318,True,2,0.6143917190183177,0.0630165289256198,0.1765001926931714,0.1175187314513013,0.697268573177664,0.7371705103864673,122,1936,0.6143917190183176,0.0504132231404958,1.1056320667266846,True,2
1ml4__3__1.A_2.A__1.B,c103,0.3261908751100218,0.1745689655172413,0.2728980450303263,0.2561912582251165,0.454981493756614,0.4541074462030344,81,464,0.2001927548335334,0.1100543478260869,1.822328805923462,True,2,0.421022524831176,0.1745689655172413,0.4000719692032328,0.3761096492755058,0.5191238349943706,0.5787819637697089,81,464,0.421022524831176,0.1100543478260869,1.5515697002410889,True,2
5mfv__1__1.A__1.E,c7,0.4008201267545984,0.1484848484848485,0.3051049479620907,0.2860609624502064,0.4662830071163404,0.5533420994959457,49,330,0.2538446384029293,0.0816666666666666,1.699245810508728,True,2,0.7564499968866967,0.1484848484848485,0.4437159967772212,0.3328485929870347,0.7238624338624339,0.7498007893612288,49,330,0.7564499968866967,0.0816666666666666,0.8436980247497559,True,2
6l3x__1__1.E_1.I__1.S,c117,0.2824702540263664,0.0871212121212121,0.2280577038976248,0.2298629513365377,0.4636084897245611,0.389899889041203,69,792,0.1681180683096953,0.0522727272727272,2.820636987686157,True,2,0.4258181576233268,0.0871212121212121,0.2521196944615917,0.245165430898976,0.5860179058127973,0.4397148495954654,69,792,0.425743719148951,0.0522727272727272,1.6933671236038208,True,2
7l1j__1__1.A_1.B__1.E_1.G,c299,0.3125557606074368,0.1277419354838709,0.2570289662437536,0.2443097700039259,0.4895899848388003,0.4263851849718874,99,775,0.2760287162075306,0.09,2.362183094024658,True,2,0.6921322463429714,0.1277419354838709,0.2772871254958845,0.2228342396164861,0.7360197802197801,0.7767995317018149,99,775,0.6921322463429713,0.09,0.8905689120292664,True,2
1ml4__3__1.A_3.A__3.B,c103,0.3345584873253554,0.1745689655172413,0.2724232112221592,0.2722779338662986,0.4660291368277671,0.4778730574073711,81,464,0.1907739831999914,0.1033163265306122,1.822923302650452,True,2,0.4470245858284672,0.1745689655172413,0.4006292394364289,0.3660913131749129,0.5374401617314564,0.6289009284107323,81,464,0.4470245858284672,0.1033163265306122,1.4864248037338257,True,2
4lom__1__10.A_17.A_7.A__10.B_10.D_17.C,c89,0.404434443877852,0.1777777777777777,0.3158675649747078,0.2795936995953131,0.4820603038936372,0.5116233138554567,56,315,0.2720275604853822,0.0982456140350877,1.9750139713287356,True,2,0.5741053052407411,0.1777777777777777,0.3051807558687811,0.3044179250045465,0.6573934583934584,0.7861975014781137,56,315,0.574105305240741,0.0982456140350877,0.9932276010513306,True,2
5mfv__1__1.B__1.I,c7,0.3993929838692205,0.1575757575757575,0.3118922743922744,0.2953841863015787,0.4621676471676472,0.6287525356206675,52,330,0.3455085795022783,0.1083333333333333,1.7121027708053589,True,2,0.7088496593877903,0.1575757575757575,0.471595719095719,0.370543515762111,0.7120858770858772,0.796694222884699,52,330,0.7088496593877903,0.1083333333333333,0.8274871110916138,True,2
5mu6__1__1.A__1.G,c118,0.1675925334503113,0.0918003565062388,0.1405433581809141,0.1268560020929755,0.2670712577003012,0.2980301803146893,103,1122,0.1616227042251039,0.08003108003108,2.870980978012085,True,2,0.354736898232,0.0918003565062388,0.2768682117459943,0.1820197727171313,0.5219299323602817,0.3519026791585131,103,1122,0.354736898232,0.08003108003108,1.9828792810440063,True,2
6l3x__1__1.G_1.M__1.AA,c117,0.2742977135018958,0.0946969696969697,0.2448051023380791,0.2161636703298401,0.4245670219330933,0.4089543337605664,75,792,0.2083867844347958,0.0614250614250614,2.8366329669952397,True,2,0.4236622404877104,0.0946969696969697,0.2849424524772118,0.2125740924183711,0.5928084817843221,0.4291909091489417,75,792,0.4234279646075994,0.0614250614250614,1.961849331855774,True,2
6l3x__1__1.E_1.I__1.W,c117,0.3138103059444913,0.0921717171717171,0.2289704473473061,0.1817372597336158,0.4776235610794433,0.3571500755602998,73,792,0.2774740775686581,0.0762800417972831,2.841051816940308,True,2,0.4232000453526717,0.0921717171717171,0.2632517240066233,0.1734077441946093,0.5829565715868669,0.4604512763423677,73,792,0.4192585009510221,0.0762800417972831,1.8509610891342163,True,2
6kia__3__1.C__1.F,c5731,0.3019766454427758,0.0645661157024793,0.1755650218850388,0.113403207653674,0.5519085383361773,0.5283165493910177,125,1936,0.2735312224334153,0.0498405103668261,3.9550395011901855,True,2,0.6166450736512393,0.0645661157024793,0.1831840591012001,0.1103409787190846,0.6941822035287945,0.7904572276994758,125,1936,0.6166450736512396,0.0498405103668261,0.9030152559280396,True,2
4lom__1__11.A_16.A_2.A__16.C_2.B_2.D,c89,0.3657734788034503,0.1777777777777777,0.3183411099482529,0.2798607702176218,0.4715972509698,0.4603975540710235,56,315,0.2634335254106109,0.1066666666666666,1.9737294912338257,True,2,0.5990446804165085,0.1777777777777777,0.3071081935105044,0.2692479249571357,0.6680363155363156,0.7589444710618178,56,315,0.5990446804165085,0.1066666666666666,0.9925721287727356,True,2
3myk__1__1.A__1.B,c1599,0.256864891700837,0.1472727272727272,0.2496389770739303,0.2093977280853835,0.4082324601405307,0.4320629565064957,81,550,0.1577073366574849,0.0836776859504132,2.006598949432373,True,2,0.6532526357163411,0.1472727272727272,0.3992358238274573,0.3326718144177262,0.7526198801198801,0.724080516041572,81,550,0.6532526357163413,0.0836776859504132,1.1672427654266355,True,2
6l3x__1__1.H__1.V,c117,0.28590039498444,0.0883838383838383,0.2245680377823234,0.2198989788341067,0.3961399008182634,0.3528063855303577,70,792,0.2112274059265661,0.053030303030303,2.8315212726593018,True,2,0.3107495305790171,0.0883838383838383,0.2695723183671999,0.1887520418397008,0.4452254969185367,0.3418127817553685,70,792,0.3078341256359653,0.053030303030303,2.394305229187012,True,2
6l3x__1__1.L__1.Z,c117,0.2134179177046287,0.0909090909090909,0.2060511110906367,0.191407274866953,0.316212283281611,0.296717311541154,69,759,0.1574802495048825,0.058080808080808,2.7773213386535645,True,2,0.2866880656209792,0.0909090909090909,0.2597824719435564,0.1954863772469974,0.4167973147350237,0.3104968462116094,69,759,0.2858163983123673,0.058080808080808,2.3215694427490234,True,2
6l3x__1__1.G__1.U,c117,0.2773360596038643,0.0935441370223978,0.2152855979596326,0.2162015584029463,0.4152252578951363,0.3690313324206826,71,759,0.2155830199286572,0.0566188197767145,2.7885844707489014,True,2,0.3976134212334232,0.0935441370223978,0.2897109346053008,0.1925808337612721,0.5242498925460386,0.3700406432980881,71,759,0.3975073099087186,0.0566188197767145,2.0317327976226807,True,2
7l1j__1__1.A_1.B__1.H_1.J,c299,0.269394372064987,0.1225806451612903,0.2278474787251618,0.2229680701492829,0.4438899635053828,0.3922744148666812,95,775,0.2246357456027309,0.0808510638297872,2.389944314956665,True,2,0.6165005634523665,0.1225806451612903,0.2596672787629832,0.2436507702611043,0.6946197802197801,0.6874221972620143,95,775,0.6165005634523665,0.0808510638297872,0.964830994606018,True,2
4lom__1__11.A_16.A_20.A__11.C_20.B_20.D,c89,0.3800810557981909,0.1777777777777777,0.323010422117565,0.2795513190344044,0.4962298066856891,0.4861403958852938,56,315,0.2136951959295848,0.1098039215686274,1.974292039871216,True,2,0.6113285552277968,0.1777777777777777,0.3071081935105044,0.3448878936281619,0.6511469456469456,0.7566060894887425,56,315,0.6113285552277966,0.1098039215686274,0.9801173806190492,True,2
7l1j__2__1.C_1.D__1.K_1.M,c299,0.2878735856277754,0.1275,0.2506412582282339,0.2423633492176178,0.4605245745825998,0.4054210226233984,102,800,0.1984916291231664,0.0784615384615384,2.3842458724975586,True,2,0.6328891718848303,0.1275,0.2772083978027819,0.2376002861673916,0.7107098087098087,0.7301213935187618,102,800,0.6328891718848304,0.0784615384615384,0.9388264417648317,True,2
5mm0__1__1.A__1.B_1.C,c186,0.2882636587084288,0.079002079002079,0.1532018866638567,0.1276951065313966,0.4608677807682192,0.3903125680404495,114,1443,0.2264905413427602,0.0531468531468531,3.593384265899658,True,2,0.6823322697900769,0.079002079002079,0.1874025779325652,0.1528163052620938,0.6815384701098988,0.6346952296728613,114,1443,0.6823322697900768,0.0531468531468531,0.9676077365875244,True,2
4lom__1__11.A_19.A_5.A__11.B_11.D_19.C,c89,0.3727675239588171,0.1777777777777777,0.3157844206058492,0.2712106470810927,0.4691858123202662,0.4817629866354356,56,315,0.2461373764053024,0.1037037037037037,1.9735665321350095,True,2,0.6055163251970292,0.1777777777777777,0.3071081935105044,0.2767899856105946,0.6618881673881674,0.7673186101502428,56,315,0.6053349780467701,0.1037037037037037,0.9960957169532776,True,2
7l1j__2__1.C_1.D__1.O_1.Q,c299,0.3053433370176809,0.12125,0.248706598424005,0.2322356457216444,0.470912613400785,0.4467384248558385,97,800,0.2431399928291446,0.0732075471698113,2.401768445968628,True,2,0.6412177209326729,0.12125,0.2694487879785891,0.1858337908270821,0.7160522366522366,0.7993314049548066,97,800,0.6412177209326728,0.0732075471698113,0.915279984474182,True,2
3mqr__1__1.A__1.B,c2776,0.2996474970697167,0.1308641975308642,0.3334338035595897,0.2883695547600654,0.5745004070004069,0.400049307904571,53,405,0.22664979382094,0.0594837261503928,2.4651143550872803,True,2,0.3034341441058192,0.1308641975308642,0.3535553351066978,0.2649353412268199,0.4847106782106782,0.442121707939683,53,405,0.3034341441058193,0.0594837261503928,2.237721443176269,True,2
3mjx__1__1.A__1.D,c1599,0.2380114673686439,0.1382575757575757,0.1720969630093551,0.1705732793172252,0.3417259276918368,0.458063427031571,73,528,0.2121477337380548,0.1144200626959247,2.0287678241729736,True,2,0.6123195244008347,0.1382575757575757,0.3121774829258182,0.2901436405070995,0.7285791481246026,0.7515793074359963,73,528,0.6123195244008347,0.1144200626959247,1.1090795993804932,True,2
4lom__1__12.A_13.A_19.A__12.C_19.B_19.D,c89,0.3641286182626785,0.1777777777777777,0.3217632565846852,0.2713947876908151,0.4987747401472892,0.468921447033692,56,315,0.2144952831918441,0.0933333333333333,1.97541606426239,True,2,0.6100323707035403,0.1777777777777777,0.3071081935105044,0.300592613829311,0.6640262145262146,0.6921578534843839,56,315,0.6100323707035402,0.0933333333333333,0.9950088858604432,True,2
6n80__1__1.C_1.L_1.M__1.AA,c117,0.2289989325250022,0.1031746031746031,0.250479214121546,0.2307648394843489,0.3796057611798352,0.2949200596876332,78,756,0.1569031250355427,0.0619047619047619,2.93930983543396,True,2,0.433165076944454,0.1031746031746031,0.2663764827923279,0.2177478467037025,0.5297471257859725,0.4130867505757015,78,756,0.4319909866845459,0.0619047619047619,2.382483720779419,True,2
5lrc__1__1.A__1.C,c33,0.3175445044414004,0.1346801346801346,0.2493588718730764,0.2434273436899735,0.4202303890190428,0.4925544420879797,80,594,0.2387361597709484,0.0982800982800982,2.307682037353516,True,2,0.6376734722159981,0.1346801346801346,0.3404389552447531,0.2916860525363285,0.7896658413135685,0.7904879185142343,80,594,0.637673472215998,0.0982800982800982,0.7851809859275818,True,2
1nnk__1__1.A__1.E,c7,0.491999952199073,0.1675,0.4266186802820464,0.3097796181971289,0.619907606350621,0.5575754595199041,67,400,0.384355365555113,0.1163194444444444,1.7588735818862915,True,2,0.7561281910068527,0.1675,0.5031534084513671,0.3631935139996834,0.7714218247030746,0.6940642752309419,67,400,0.7556692736693383,0.1163194444444444,0.7692239284515381,True,2
5l9o__1__1.A__1.C,c7,0.4280021867649325,0.1505376344086021,0.2995890581826322,0.2848063342291224,0.5322940296226452,0.4847060426810392,98,651,0.3714207874061009,0.0992907801418439,2.237046957015991,True,2,0.6374567188910443,0.1505376344086021,0.3289829416402225,0.2843261456325196,0.6881980329545672,0.6536583620195503,98,651,0.6374567188910443,0.0992907801418439,1.0104292631149292,True,2
3mqs__1__1.A__1.B,c2776,0.1931585395531994,0.0775969962453066,0.1984596801429334,0.2037724067909006,0.5539595708950548,0.2408514741899295,62,799,0.1187888582792592,0.0387984981226533,3.446285486221313,True,2,0.2659106759633968,0.0775969962453066,0.201097361229482,0.1864692784983859,0.5861012643270708,0.2208566111655446,62,799,0.2659106759633968,0.0387984981226533,2.524810791015625,True,2
4lom__1__12.A_13.A_4.A__13.C_4.B_4.D,c89,0.4090162665365395,0.1777777777777777,0.323010422117565,0.2759040524518196,0.5215361120361119,0.4966844082787961,56,315,0.2299373200438195,0.1098039215686274,1.9743828773498533,True,2,0.5951041578443713,0.1777777777777777,0.3071081935105044,0.286719777083586,0.680352332852333,0.6771771595751186,56,315,0.5951041578443711,0.1098039215686274,0.99526447057724,True,2
5l9o__2__1.B__1.K,c7,0.4649266733606699,0.1536098310291858,0.3323296501826523,0.2997474671089556,0.5706464128625385,0.4973091035545646,100,651,0.2321063600072738,0.0933706816059757,2.2763967514038086,True,2,0.6247826299187279,0.1536098310291858,0.3499896403706472,0.2685582004971107,0.6920769002968198,0.6569231625768471,100,651,0.623615842485846,0.0933706816059757,1.081714391708374,True,2
4lom__1__12.A_20.A_8.A__12.B_12.D_20.C,c89,0.3726618523585003,0.1777777777777777,0.3229272777487063,0.2864949002355365,0.4846667838334506,0.5142686848299094,56,315,0.2359920204069135,0.1066666666666666,1.9736661911010744,True,2,0.6086475061263076,0.1777777777777777,0.3071081935105044,0.323478204624906,0.6813696488696489,0.7063760804577132,56,315,0.6086475061263075,0.1066666666666666,0.995214819908142,True,2
6nl0__1__1.D__1.E_1.F_1.I,c31,0.3255138237488614,0.1027667984189723,0.2238632748865163,0.1651931714623524,0.5609968807875213,0.3507879289531037,78,759,0.2621969411023749,0.0695187165775401,2.8423116207122803,True,2,0.4895498460438981,0.1027667984189723,0.1703552435041533,0.1391889286594576,0.6643253968253968,0.5967283508017831,78,759,0.4895498460438981,0.0695187165775401,1.282456398010254,True,2
5lrc__1__2.A__2.C,c33,0.3290727981561174,0.1346801346801346,0.2548328076595122,0.1949055585470078,0.4181156371883818,0.4855341458138894,80,594,0.278107214189028,0.0909090909090909,2.308359146118164,True,2,0.6374760355081948,0.1346801346801346,0.3405684553742533,0.25529259379055,0.7779234170711443,0.7689285714285715,80,594,0.6374760355081949,0.0909090909090909,0.7825910449028015,True,2
5mji__1__1.A_2.A_3.A_4.A__1.B,c5311,0.5474352420518607,0.1071428571428571,0.2837541445866534,0.1521206691897696,0.6808962550759426,0.6671857630333573,120,1120,0.5360796697770723,0.0735294117647058,2.939681053161621,True,2,0.9019385524768608,0.1071428571428571,0.3718244665278213,0.2164807228790556,0.8723325892857142,0.8263751738858778,120,1120,0.9019385524768608,0.0735294117647058,0.578371524810791,True,2
4lom__1__13.A_22.A_3.A__13.B_13.D_3.C,c89,0.3890769700172304,0.1777777777777777,0.323010422117565,0.3099298398605808,0.5246923341209055,0.5257769144121185,56,315,0.2316159405175912,0.0957264957264957,1.974095344543457,True,2,0.610530141307729,0.1777777777777777,0.3097229894288717,0.324262327318413,0.6657465312465313,0.696365272105068,56,315,0.6105301413077289,0.0957264957264957,1.0188713073730469,True,2
3m5c__1__1.A_2.A__1.B,c103,0.4064895742267978,0.169172932330827,0.2851072731794677,0.2685715609083902,0.4995193561632272,0.596549477330566,90,532,0.3465452548617224,0.102974828375286,2.206965684890747,True,2,0.5518199871871583,0.169172932330827,0.2949340390486987,0.2524465016450335,0.6342602608662982,0.6862340757009875,90,532,0.5518102519846659,0.102974828375286,1.1921454668045044,True,2
5lrd__1__1.A__1.B,c33,0.2898059410409364,0.1288819875776397,0.2514709900609883,0.1892937402096723,0.4016899627835911,0.4201890020558796,83,644,0.1841337634749568,0.0751811594202898,2.486450672149658,True,2,0.7016242654261677,0.1288819875776397,0.3023000692140841,0.2160825813133891,0.7956019825585043,0.83361673595384,83,644,0.7016242654261676,0.0751811594202898,0.7525972127914429,True,2
3n2y__1__1.A__1.C,c121,0.4675119917321757,0.1694117647058823,0.4568876327777256,0.445197568540399,0.5905248543436032,0.4526649550512846,72,425,0.4114968024589285,0.1114551083591331,2.256073236465454,True,2,0.7645519385163706,0.1694117647058823,0.5515911920323685,0.3621627216286754,0.8366127663186487,0.7879725244983848,72,425,0.7645519385163706,0.1114551083591331,0.8758874535560608,True,2
3n2y__1__1.B__1.D,c121,0.4274914667405988,0.1815856777493606,0.4619879168889265,0.4572791605184019,0.5929814401133376,0.4126817388627112,71,391,0.2614605382074413,0.0949197860962566,2.163511037826538,True,2,0.7689903226147096,0.1815856777493606,0.5396967374482117,0.4593425032498325,0.8512836346659876,0.7379684765181463,71,391,0.7689903226147097,0.0949197860962566,0.9756943583488464,True,2
4lom__1__14.A_17.A_9.A__17.B_17.D_9.C,c89,0.3878982850941935,0.1777777777777777,0.3158675649747078,0.2662546516272354,0.4926005661005662,0.4793823773543161,56,315,0.2444506192104133,0.1098039215686274,1.9733390808105469,True,2,0.5818334236225773,0.1777777777777777,0.3051807558687811,0.3162626735528351,0.621835497835498,0.7905586618596824,56,315,0.5817743481536655,0.1098039215686274,1.0006918907165527,True,2
3m5c__1__1.A_3.A__3.B,c103,0.4096457113558189,0.169172932330827,0.2853919592536275,0.2615113028051664,0.5098038779600413,0.5636491422807213,90,532,0.2151068506754425,0.102974828375286,2.207118511199951,True,2,0.5700977640738651,0.169172932330827,0.2954116218947027,0.2867222268972738,0.6412692103791175,0.7280794409838528,90,532,0.5664031039315929,0.102974828375286,1.1162749528884888,True,2
5neb__1__1.B__1.S,c7,0.4528029932898038,0.1652173913043478,0.4278272409851356,0.3563333585491645,0.566138645305312,0.5169188308856676,57,345,0.2980027767388636,0.0883720930232558,1.675969123840332,True,2,0.7785536807571843,0.1652173913043478,0.5736771340557121,0.3879034360191344,0.7960738335738337,0.79299307905813,57,345,0.7771459185125856,0.0883720930232558,0.7653902173042297,True,2
5lrd__1__2.A__2.B,c33,0.276843952735317,0.1288819875776397,0.2513736838400571,0.1891798557632859,0.3925231706611668,0.479267895041872,83,644,0.1632231678492307,0.0668276972624798,2.48551869392395,True,2,0.6349120495103096,0.1288819875776397,0.3021553533281425,0.2150269787261913,0.7876472018319844,0.8012678005754929,83,644,0.6349120495103096,0.0668276972624798,0.730032205581665,True,2
4lom__1__14.A_23.A_4.A__14.B_14.D_4.C,c89,0.3834191134099501,0.1777777777777777,0.3180236496307925,0.3053996083672071,0.4803254338254338,0.5140758910401767,56,315,0.2225078667468096,0.0957264957264957,1.973401665687561,True,2,0.5945419269462209,0.1777777777777777,0.3071081935105044,0.3719947547413477,0.6628775853775853,0.7291782074690237,56,315,0.594467296367585,0.0957264957264957,1.0056887865066528,True,2
5lre__1__1.A__1.B,c33,0.2971020539628969,0.1153846153846153,0.2300658276803638,0.1770629587286118,0.4194015740633238,0.4076834788667593,96,832,0.2869337459480142,0.0879120879120879,2.902407169342041,True,2,0.6325072439794385,0.1153846153846153,0.3332698900151976,0.2125862989027724,0.727926859465321,0.7645792338974157,96,832,0.6325072439794384,0.0879120879120879,0.8401809334754944,True,2
5mld__2__1.E_1.F_1.G_1.H__1.N,c5311,0.522661128252134,0.1166982922201138,0.2808260253306287,0.1597882110752569,0.6457165146681275,0.6497733042782147,123,1054,0.4468736142571475,0.0763027295285359,2.975820302963257,True,2,0.9039262708930236,0.1166982922201138,0.3715148117622668,0.2396776460594305,0.8996198156682029,0.8715317567306915,123,1054,0.9039262708930236,0.0763027295285359,0.5487537980079651,True,2
3o31__1__1.B__1.H,c2604,0.3289565616290384,0.1495098039215686,0.2841579344992531,0.2519889438028228,0.4939380715890003,0.4139950507203658,61,408,0.1970959955722986,0.1055363321799307,2.189516544342041,True,2,0.5438111010232722,0.1495098039215686,0.3494909790987799,0.3324361498812753,0.610317846641376,0.571968585523273,61,408,0.5438111010232721,0.1055363321799307,0.9692643284797668,True,2
3o31__1__1.A__1.C,c2604,0.2827320484907601,0.1432225063938619,0.2452552707005575,0.2283209125416688,0.4908342794925384,0.4171115971900285,56,391,0.1418837975848305,0.0844645550527903,2.1744422912597656,True,2,0.4334608500993455,0.1432225063938619,0.3506005831359657,0.2971671773019086,0.5283895704752561,0.4693031026707497,56,391,0.4311595365825694,0.0844645550527903,2.2144935131073,True,2
3m5c__1__2.A_3.A__2.B,c103,0.4131088924078654,0.169172932330827,0.2849987441121286,0.2620288754282557,0.5165869264924178,0.5595259008933867,90,532,0.3433712697247143,0.1155327342747111,2.206312656402588,True,2,0.5604491580325833,0.169172932330827,0.2943784834931432,0.2604876121455104,0.6046459875407244,0.7108828775391276,90,532,0.5604491580325833,0.1155327342747111,1.1325033903121948,True,2
5neb__2__1.A__1.K,c7,0.4371441259560129,0.1710144927536231,0.4077935059290991,0.3487759240380707,0.5418722018722019,0.4956895860840131,59,345,0.2650700579665651,0.0959349593495935,1.6594256162643433,True,2,0.783741939257883,0.1710144927536231,0.5522950505733735,0.389042332572548,0.8361137566137565,0.8317534506310017,59,345,0.783302584011707,0.0959349593495935,0.7135303616523743,True,2
6llf__1__1.B__1.T_1.U,c164,0.2026477929618578,0.1681159420289855,0.1823047499811672,0.1832399333445957,0.3130655245263087,0.5030217107994885,58,345,0.1205796124350395,0.089922480620155,1.6711382865905762,True,2,0.4475737066384396,0.1681159420289855,0.2341102713244273,0.2546986018276528,0.5157100707934041,0.718908550297439,58,345,0.4471721354409671,0.089922480620155,0.9478061199188232,True,2
4nf4__1__1.A__1.C,c7,0.3302169873060897,0.165625,0.2933622784448256,0.2752489593735625,0.520245686026936,0.4824027361527361,53,320,0.2129497706650108,0.0920138888888889,2.1081109046936035,True,2,0.535434474781334,0.165625,0.4614442946990117,0.33898238859237,0.6824887438949938,0.6555860863673364,53,320,0.5329996539373977,0.0920138888888889,1.053300142288208,True,2
4nwi__1__1.A__1.D,c2123,0.3530725971280265,0.1441176470588235,0.4724517729169589,0.4429440853839002,0.4948306259292418,0.4299547433880014,49,340,0.2019908988314189,0.0779014308426073,1.8096704483032229,True,2,0.4669108277655695,0.1441176470588235,0.5231414443899438,0.4035241384250448,0.6012924575424574,0.4022128979199115,49,340,0.4669108277655694,0.0779014308426073,1.1334365606307983,True,2
4lom__1__14.A_3.A_9.A__14.C_3.B_3.D,c89,0.3744074808222714,0.1777777777777777,0.3229272777487063,0.2869556580813248,0.4820443692110359,0.4787393403082178,56,315,0.164041174043439,0.0910569105691057,1.973836898803711,True,2,0.6045664971898768,0.1777777777777777,0.3071081935105044,0.278765251816216,0.6788696488696488,0.7493850697677227,56,315,0.6042848134006744,0.0910569105691057,0.9960857033729552,True,2
4ob6__1__1.A_2.A__2.D,c10769,0.4536173474854368,0.1523809523809524,0.3338627518315018,0.2744622862458932,0.6433108293822579,0.6374430558104027,32,210,0.2043709463993011,0.0761904761904762,1.5281767845153809,True,2,0.753809470212618,0.1523809523809524,0.4146924603174603,0.3741913300535945,0.9075396825396824,0.7865073135481297,32,210,0.753809470212618,0.0761904761904762,0.9649242758750916,True,2
4o4h__1__1.B__1.L,c534,0.1890380407339334,0.0960960960960961,0.1722156058093558,0.1592665924259133,0.372252340571306,0.2009535954032354,64,666,0.1069149405028778,0.0576576576576576,2.6020185947418213,True,2,0.2207493333830578,0.0960960960960961,0.1985769099050349,0.1587220363732425,0.4942150043443145,0.225506102263093,64,666,0.2207493333830578,0.0576576576576576,2.358528614044189,True,2
6llf__1__1.C__1.CA_1.DA,c164,0.1694136425753526,0.1594202898550724,0.1590610364294575,0.1556689639671503,0.2697699403375358,0.5068252370792053,55,345,0.0884272433437593,0.089430894308943,1.6846977472305298,True,2,0.3420471052585629,0.1594202898550724,0.225389151153857,0.2120983798231937,0.454800507045605,0.6758967657856547,55,345,0.3420095463135832,0.089430894308943,1.0233491659164429,True,2
5lrf__1__1.A__1.B,c33,0.3219421045930359,0.119106699751861,0.2335370312796049,0.2073210397481377,0.41613056084716,0.4735948976201564,96,806,0.2677559499270238,0.0785597381342062,2.833308219909668,True,2,0.5762750410360644,0.119106699751861,0.303084356774314,0.2231684934491077,0.7258681009161777,0.7203340346522165,96,806,0.5762750410360644,0.0785597381342062,0.785065233707428,True,2
5m0i__1__1.C__1.G,c4053,0.0808102422815639,0.0702380952380952,0.0892008146548098,0.0867925478319923,0.2976114163614163,0.155201538510149,59,840,0.0478877746166043,0.040521978021978,4.068421363830566,True,2,0.0714471982577781,0.0702380952380952,0.0799018626651798,0.1004658711712652,0.2111159186817081,0.2094360665470628,59,840,0.0690044886457419,0.040521978021978,4.151810646057129,True,2
4nwi__2__1.B__1.G,c2123,0.3906333664549242,0.1624649859943977,0.5060936970829883,0.4708745223652597,0.5808990986080769,0.3518295062780356,58,357,0.2118143172856257,0.0874811463046757,1.7139711380004885,True,2,0.6064556799817862,0.1624649859943977,0.5287110573620161,0.4123686523771853,0.6545269926152278,0.5499440153165643,58,357,0.6064556799817862,0.0874811463046757,1.0403159856796265,True,2
4nf6__1__1.B__1.D,c7,0.3691867006808749,0.1152597402597402,0.2455460801478081,0.2191012653763345,0.4925387871839939,0.4761360410112532,71,616,0.3644559353756803,0.0845238095238095,2.7657411098480225,True,2,0.4704216581762582,0.1152597402597402,0.2443995076854734,0.2365985369541159,0.649783163265306,0.5450924040101714,71,616,0.4703965258124757,0.0845238095238095,0.9900481104850768,True,2
2olc__1__1.A__1.F,c1052,0.3617384619681619,0.1179698216735253,0.2389473323073106,0.1418122079893374,0.5008834443118068,0.5760069860689765,86,729,0.3067022076446775,0.088477366255144,2.5069360733032227,True,2,0.7251908586251274,0.1179698216735253,0.2534489445252159,0.160438845973064,0.8000881834215167,0.7258481124683316,86,729,0.7251908586251276,0.088477366255144,0.7719036936759949,True,2
1os0__1__1.A__1.B_1.G,c218,0.3003491288175602,0.1164835164835164,0.2541747029638261,0.2325245301005958,0.4715146587990173,0.2956488067421092,106,910,0.1862668780530804,0.0605714285714285,2.723674774169922,True,2,0.4588097768297195,0.1164835164835164,0.258850935577505,0.2258609680435058,0.5590067543414616,0.5196952829787572,106,910,0.4588097768297196,0.0605714285714285,1.708569884300232,True,2
4lom__1__15.A_2.A_21.A__15.B_15.D_2.C,c89,0.3961392868974465,0.1777777777777777,0.3241744432815862,0.2657325861958381,0.506895150601033,0.4784862298510258,56,315,0.3349476335264567,0.1382716049382716,1.9730786085128784,True,2,0.5987934920985531,0.1777777777777777,0.3071081935105044,0.2943260844438841,0.6617159692159692,0.7862250438525947,56,315,0.5987934920985531,0.1382716049382716,0.9974985122680664,True,2
3m5d__1__1.A_2.A__1.B,c103,0.4011942630824394,0.1578947368421052,0.2858519636933216,0.2454296650991481,0.5224018448012255,0.553958637538359,87,551,0.3032813927834712,0.104066985645933,2.2875795364379883,True,2,0.5440176581914256,0.1578947368421052,0.2970816913788601,0.2350878387108725,0.6255331387602855,0.6940079558241322,87,551,0.5436506929309999,0.104066985645933,1.2019917964935305,True,2
6nka__1__1.A__1.E_1.F,c299,0.2439917945481211,0.150735294117647,0.2518735372012811,0.2459059582229555,0.4642518669602002,0.498662727364026,41,272,0.1417163576599021,0.0692567567567567,1.7397243976593018,True,2,0.595612582924896,0.150735294117647,0.2716938887670595,0.2305295289178071,0.6553826530612245,0.7905895691609978,41,272,0.5956125829248959,0.0692567567567567,0.7762975692749023,True,2
6llk__1__1.A__1.C_1.D,c164,0.311823981592457,0.1652173913043478,0.2248128367065415,0.2219624329543818,0.3733446085504909,0.5815254930254931,57,345,0.1545316036430799,0.0904761904761904,1.6433393955230713,True,2,0.4580884659755144,0.1652173913043478,0.2830093781538569,0.2767670632256163,0.5286806341806342,0.6166930384430385,57,345,0.4580884659755144,0.0904761904761904,0.888800859451294,True,2
1os0__2__1.A__1.B_1.G,c218,0.3360336957383302,0.1164835164835164,0.2531607522456579,0.230419147403874,0.4711406162354909,0.3271283276417477,106,910,0.1988401998951993,0.0658385093167701,2.720778226852417,True,2,0.42990360905703,0.1164835164835164,0.260787499736031,0.2239332195889685,0.5412217204772352,0.4715658214514545,106,910,0.4299036090570299,0.0658385093167701,1.9002087116241453,True,2
3orh__1__1.A__1.E,c2063,0.4417720509079552,0.1329670329670329,0.2870723216200638,0.2463191001745352,0.5650487491486771,0.5025243716120983,121,910,0.4224055275561158,0.0990180032733224,2.8288400173187256,True,2,0.8411291698381401,0.1329670329670329,0.3051945849863585,0.2166905090611334,0.837396122623955,0.8810639221639216,121,910,0.8411271261021906,0.0990180032733224,0.5817430019378662,True,2
4lom__1__17.A_23.A_7.A__23.B_23.D_7.C,c89,0.3980797415033851,0.1777777777777777,0.3171770887842317,0.2650685244056467,0.5249250009250009,0.4820806522464686,56,315,0.2417156581279027,0.0982456140350877,1.975719094276428,True,2,0.6074779357193454,0.1777777777777777,0.3094891458914567,0.3073116781385251,0.6751996151996152,0.7212632463907973,56,315,0.6074779357193453,0.0982456140350877,0.9799423813819884,True,2
3m5d__1__1.A_3.A__3.B,c103,0.3951440155802211,0.1578947368421052,0.2884326881944327,0.2592693632564584,0.5024788973914666,0.4557564939575388,87,551,0.254855171285808,0.0995423340961098,2.292264223098755,True,2,0.5138488324962959,0.1578947368421052,0.2905052646799289,0.2420659156486221,0.5937052961594167,0.623964483841322,87,551,0.5138488324962959,0.0995423340961098,1.3152990341186523,True,2
5lrf__1__2.A__2.B,c33,0.3214978635071683,0.119106699751861,0.2332465298472765,0.2034129708890629,0.4209086104965947,0.4726617218741479,96,806,0.2951463042784917,0.0738461538461538,2.833261728286743,True,2,0.6602059106891185,0.119106699751861,0.3080153909173047,0.2119005359728276,0.7337309752213599,0.7871497375173846,96,806,0.6602059106891186,0.0738461538461538,0.7689447999000549,True,2
3orh__2__1.B__1.F,c2063,0.4311639652429135,0.1414027149321267,0.2696318310159217,0.2310776114272369,0.5605094599946701,0.4986681892917173,125,884,0.368491671280143,0.0924556213017751,2.74332857131958,True,2,0.8724514560820902,0.1414027149321267,0.3122955649562189,0.1807630867881048,0.8778889959247103,0.8879554267267045,125,884,0.8724514560820902,0.0924556213017751,0.5341522693634033,True,2
3orh__3__1.C__1.G,c2063,0.4311184784252552,0.1414027149321267,0.259877669502554,0.2644888134059507,0.5474746792878321,0.5067667689708751,125,884,0.3875012508522903,0.0981161695447409,2.7554385662078857,True,2,0.8501693400385587,0.1414027149321267,0.2878274497683888,0.235003283711573,0.8549831517688661,0.88138004748649,125,884,0.8501693400385588,0.0981161695447409,0.5697279572486877,True,2
1os0__2__2.A__2.B_2.G,c218,0.3556109046450396,0.1164835164835164,0.2532074728206803,0.2235520317986781,0.4927019862020261,0.4374278390868015,106,910,0.1940246743707326,0.0704318936877076,2.721324920654297,True,2,0.4441353977281204,0.1164835164835164,0.2605245988414648,0.2148418707783154,0.5545457297316956,0.4777312469816931,106,910,0.4441353977281204,0.0704318936877076,1.858293056488037,True,2
6nka__1__1.B__1.G_1.H,c299,0.2935954239801127,0.1527777777777778,0.2318816718319559,0.2007163727350663,0.5168325364009888,0.5677114383932567,44,288,0.2249105996088843,0.0916666666666666,1.9022448062896729,True,2,0.6341362977690503,0.1527777777777778,0.2927739755509641,0.2495263807611896,0.7020833333333333,0.8302837174049297,44,288,0.6341362977690502,0.0916666666666666,0.7354474663734436,True,2
3ois__4__1.D__1.H,c3024,0.2897023834558726,0.1828571428571428,0.3476211462148962,0.3172325906296397,0.5223488769684421,0.4242726166633802,64,350,0.1531246551413779,0.08,2.214937686920166,True,2,0.7140151499786445,0.1828571428571428,0.3839724025974026,0.3707411052736838,0.8051708074534163,0.7917888847840664,64,350,0.7140151499786445,0.08,1.0661025047302246,True,2
3m5d__1__2.A_3.A__2.B,c103,0.4151755139525831,0.1578947368421052,0.2862485659626176,0.2572798221225721,0.5288345381183512,0.5632548043345257,87,551,0.3703099856906868,0.1064871481028151,2.2905852794647217,True,2,0.5078749145580536,0.1578947368421052,0.2961542504093902,0.2323931823862096,0.5887866022937617,0.6191933933441286,87,551,0.5067086656869212,0.1064871481028151,1.3523645401000977,True,2
4lom__1__18.A_21.A_6.A__21.B_21.D_6.C,c89,0.3845019677084277,0.1777777777777777,0.3171770887842317,0.2778986625204711,0.5161737920948447,0.4796165578563537,56,315,0.182832010483733,0.0933333333333333,1.9738686084747317,True,2,0.6203264215717634,0.1777777777777777,0.3071081935105044,0.2867279084993632,0.6763561808561808,0.7528582783429723,56,315,0.6203264215717631,0.0933333333333333,0.9819743037223816,True,2
5mlz__1__1.A__1.B_1.C,c186,0.2816793448383461,0.1186224489795918,0.2255414178842293,0.1795743785837089,0.5640765929628712,0.3982255327753724,93,784,0.221325890045583,0.0664285714285714,2.6806728839874268,True,2,0.7459523100538941,0.1186224489795918,0.2768354349534025,0.2355466016917728,0.733895384542706,0.7816546624768789,93,784,0.745952310053894,0.0664285714285714,0.9199982285499572,True,2
6nka__2__1.C__1.I_1.J,c299,0.2204013046657405,0.1617647058823529,0.2898546135051817,0.2565822691575771,0.4458338247400746,0.4055593312411494,44,272,0.1151577473327722,0.0785714285714285,1.7740567922592163,True,2,0.6095800016709387,0.1617647058823529,0.2831140411040979,0.3127038613412549,0.5990109427609427,0.8177095883914064,44,272,0.6095800016709387,0.0785714285714285,0.8744752407073975,True,2
5od2__1__1.A__1.E,c1264,0.2467639173496739,0.123076923076923,0.2315206072710184,0.2205025266040589,0.345573893290805,0.3675038671319328,64,520,0.1590895955772923,0.0711111111111111,1.9273391962051392,True,2,0.5447990162762338,0.123076923076923,0.2706735575279983,0.206680359217237,0.60353851010101,0.6503110473778007,64,520,0.5447990162762338,0.0711111111111111,0.9429172277450562,True,2
6nka__2__1.D__1.K_1.L,c299,0.2170462027584695,0.1458333333333333,0.2545746044629973,0.2254443292056043,0.443382659007659,0.4437655323071989,42,288,0.1286726609988218,0.0772058823529411,1.763422608375549,True,2,0.5572907530898377,0.1458333333333333,0.2697473244348244,0.2694576267396048,0.5868357254517967,0.7003419844044845,42,288,0.5572907530898377,0.0772058823529411,0.9305990934371948,True,2
5org__1__1.B__1.MA,c7,0.5242422004076711,0.1580882352941176,0.4807834472324005,0.3852202594696279,0.6570455404921053,0.4611388683864273,86,544,0.3888627459894113,0.1099744245524296,2.223675489425659,True,2,0.7597623268595751,0.1580882352941176,0.4674555845629828,0.3421167398087889,0.8053868430685039,0.7492822598015799,86,544,0.7596254905158425,0.1099744245524296,0.9920217990875244,True,2
5org__1__1.A__1.E_1.G_1.W,c7,0.4992894717990574,0.1580882352941176,0.444853446991822,0.4155557306548385,0.6341229618982345,0.3834724095776827,86,544,0.3684784568704788,0.1204481792717086,2.270370960235596,True,2,0.7177671009019384,0.1580882352941176,0.4464221695947147,0.3886922538093053,0.7688825390295978,0.7231980382239372,86,544,0.7175189403324271,0.1204481792717086,0.9600762724876404,True,2
5od2__2__1.B__1.I,c1264,0.2685651141262893,0.136,0.2405942404795926,0.2448513512925904,0.3604712405649905,0.3907954201780896,68,500,0.1836244609961893,0.0829268292682926,1.9126489162445068,True,2,0.6893938295698387,0.136,0.3221825994176204,0.2758607840626338,0.701770652958153,0.6736737554384613,68,500,0.6893938295698389,0.0829268292682926,0.8383887410163879,True,2
5o50__1__1.A__1.C,c33,0.3030296729551504,0.1363636363636363,0.2594780125668722,0.18086967211367,0.4478805842023086,0.4592895573147673,81,594,0.2824061348937761,0.08980044345898,2.288804054260254,True,2,0.6405762370499466,0.1363636363636363,0.3162849199198241,0.2215590409026321,0.7610880996108268,0.7719198059954363,81,594,0.6405762370499466,0.08980044345898,0.8217899799346924,True,2
2p69__1__1.A__1.B_1.C,c2940,0.451604285990429,0.1458333333333333,0.477601563145501,0.2688880651847397,0.6900624484627,0.5928557747613692,56,384,0.3184744454013867,0.0972222222222222,2.121314764022827,True,2,0.7166463214154067,0.1458333333333333,0.5720150695039088,0.4070547657685085,0.8019927121489621,0.6690425315425315,56,384,0.7147374013801335,0.0972222222222222,0.9621195793151855,True,2
5o50__1__2.A__2.C,c33,0.2989205959425353,0.1363636363636363,0.2592986495928964,0.2081578132514096,0.4353138912507603,0.4691537877436446,81,594,0.2661223658305899,0.0995085995085995,2.293156623840332,True,2,0.6459461083226616,0.1363636363636363,0.316308351902555,0.2715849600602188,0.7807256401006399,0.7654227122084265,81,594,0.6459461083226616,0.0995085995085995,0.7926466464996338,True,2
2p69__1__2.A__2.B_2.C,c2940,0.4260428452339401,0.1458333333333333,0.4780680381126809,0.3176296052261725,0.7028112713310082,0.4860039604270373,56,384,0.3403133357723596,0.0921052631578947,2.121105194091797,True,2,0.7334031504387094,0.1458333333333333,0.5746378373610517,0.4003033382245616,0.8120348748473748,0.7297591297591298,56,384,0.728762595705802,0.0921052631578947,1.0037094354629517,True,2
2owz__1__1.A_2.A__1.B,c141,0.3657790018828374,0.1666666666666666,0.2380850620223322,0.206641531093248,0.4830626059849163,0.5755769551687918,64,384,0.3096256706031278,0.0975609756097561,1.9518795013427732,True,2,0.7503652741115252,0.1666666666666666,0.4332917624909812,0.2821381142744464,0.7980393391330891,0.7167533260390402,64,384,0.7503652741115252,0.0975609756097561,0.7993378639221191,True,2
4lom__1__18.A_6.A_9.A__18.C_9.B_9.D,c89,0.3811430822269557,0.1777777777777777,0.3229272777487063,0.2710124810109263,0.4781770785496275,0.5133448094800136,56,315,0.1965462407619601,0.0777777777777777,1.9735692739486692,True,2,0.6055737817220552,0.1777777777777777,0.3097229894288717,0.316399738785876,0.6750493025493026,0.6859421493094962,56,315,0.6055489061001644,0.0777777777777777,1.0061280727386477,True,2
6mt7__1__1.A__1.C,c2129,0.262489563255513,0.1290909090909091,0.1681438762645321,0.141773626763931,0.3845958148132062,0.5515056397359582,71,550,0.161912136453995,0.0692682926829268,2.80964732170105,True,2,0.4303750218260458,0.1290909090909091,0.2946653534259168,0.1927264970983217,0.5761300897170463,0.5647501460636281,71,550,0.4303750218260458,0.0692682926829268,1.2784688472747805,True,2
5o52__1__2.A__2.C,c33,0.291312429097438,0.1153846153846153,0.2158390117082179,0.1740865962755864,0.4183819098033145,0.426841188740837,93,806,0.2785196077655371,0.0794871794871794,2.8280487060546875,True,2,0.5752930588553731,0.1153846153846153,0.275718439018111,0.1972741950827991,0.7210790274958826,0.6985652007193509,93,806,0.5752930588553731,0.0794871794871794,0.7647237777709961,True,2
5o52__1__1.A__1.C,c33,0.2824140624425788,0.1153846153846153,0.2157365041615416,0.1834174604893064,0.4073010728627878,0.4413298871094931,93,806,0.2073433413204589,0.0794871794871794,2.8303017616271973,True,2,0.5952246918082915,0.1153846153846153,0.2760748447210227,0.1923004993165552,0.7325133040036887,0.7316491549386286,93,806,0.5952246918082915,0.0794871794871794,0.7434360980987549,True,2
2owz__1__1.A_2.A__2.B,c141,0.358664427036963,0.1666666666666666,0.2383973136780754,0.2065006069558489,0.4842326532579047,0.5503739703229499,64,384,0.2995221408979052,0.0975609756097561,1.948929786682129,True,2,0.7497001102137459,0.1666666666666666,0.4379653115981241,0.3317821897013283,0.7495084684514832,0.7259217369931656,64,384,0.7492014937045882,0.0975609756097561,0.8041459918022156,True,2
2owz__1__3.A_4.A__3.B,c141,0.3444273510100307,0.1666666666666666,0.2355494386256105,0.2069269510682768,0.4727243151048298,0.514248757667125,64,384,0.2380319538439937,0.0833333333333333,1.9530563354492188,True,2,0.7550148818313487,0.1666666666666666,0.4385403984036796,0.3009471644666188,0.758481952075702,0.744184667373443,64,384,0.7550148818313487,0.0833333333333333,0.8411963582038879,True,2
2oys__1__1.A_1.B__1.C,c5781,0.5443635423922188,0.1085043988269794,0.2834963490885792,0.1553024142609802,0.6383694978856268,0.7519844762939666,111,1023,0.5062705297780046,0.0688585607940446,2.7594916820526123,True,2,0.8449225404670166,0.1085043988269794,0.3296168409546018,0.2241204382302844,0.847716333845366,0.8514562962145914,111,1023,0.8449225404670165,0.0688585607940446,0.6499064564704895,True,2
4lom__1__19.A_22.A_5.A__22.B_22.D_5.C,c89,0.3924908734574524,0.1777777777777777,0.3171770887842317,0.2982162635858877,0.4749560069560069,0.5073776794822713,56,315,0.2832867474076396,0.0848484848484848,1.974992275238037,True,2,0.5774365205626951,0.1777777777777777,0.3060523545082368,0.3010578925688679,0.6421022126022127,0.705173947367825,56,315,0.577436520562695,0.0848484848484848,0.984680473804474,True,2
4nca__2__1.B__1.K,c2247,0.5571759376455698,0.1764705882352941,0.2682481193535614,0.2414043953709646,0.5759018556917715,0.6038466031614098,63,357,0.358124744412065,0.075,2.121931552886963,True,2,0.5203432142693983,0.1764705882352941,0.2936388661728797,0.2602340688346728,0.6101077097505668,0.6530482890376896,63,357,0.5203432142693983,0.075,1.0403486490249634,True,2
6mt7__2__1.B__1.D,c2129,0.2975741693759076,0.1181818181818181,0.1555728307891203,0.1252801241446675,0.4263384763384762,0.5739719194524959,65,550,0.2206425911071374,0.0866666666666666,2.848367691040039,True,2,0.3105572900556864,0.1181818181818181,0.212149856779721,0.1429354451311845,0.5357472110157532,0.4745718409161351,65,550,0.3092154501854174,0.0866666666666666,1.440490484237671,True,2
5ox1__1__1.A__1.B,c33,0.3016589400321989,0.132183908045977,0.2358720951872835,0.1990539017620159,0.4074761816274736,0.4332708809735136,92,696,0.2200879288530922,0.0798611111111111,2.631742000579834,True,2,0.656056845317795,0.132183908045977,0.3089092555033786,0.223592878227113,0.7896238425925927,0.8182440323024739,92,696,0.6560568453177951,0.0798611111111111,0.6920394897460938,True,2
4lom__1__2.A_21.A_5.A__21.C_5.B_5.D,c89,0.374127487790532,0.1777777777777777,0.3158675649747078,0.2606383025228831,0.4764207969123936,0.4578620387548958,56,315,0.2184568431613317,0.0888888888888888,1.9738482236862185,True,2,0.5792095018080665,0.1777777777777777,0.3094891458914567,0.2918280422479277,0.6433775853775854,0.6855557169587781,56,315,0.5791843761799258,0.0888888888888888,1.0132107734680176,True,2
6mtf__1__1.A__1.C,c2129,0.2461680516956347,0.1254545454545454,0.1595446544302379,0.1326693756800578,0.3762394666998248,0.5507407561574229,69,550,0.1379518268002492,0.0641860465116279,2.9862446784973145,True,2,0.3292589409795317,0.1254545454545454,0.2742577551273203,0.1754350267200192,0.5237845186214751,0.4634769754033371,69,550,0.3271777832993147,0.0641860465116279,1.4768978357315063,True,2
5ox3__1__1.A__1.B,c33,0.3223766987714955,0.1288819875776397,0.2467669708271794,0.1935567401936644,0.4351398905652213,0.4510541573466549,83,644,0.2024161631749719,0.0801932367149758,2.468472480773926,True,2,0.6754010304454231,0.1288819875776397,0.3276058101636569,0.2208850041888123,0.7772994819190471,0.790032596371882,83,644,0.6754010304454231,0.0801932367149758,0.726181149482727,True,2
5ox1__1__2.A__2.B,c33,0.2726727747442732,0.132183908045977,0.2344060225994009,0.2027179373751529,0.3798495355794664,0.3614848229930914,92,696,0.2291221096528762,0.0851851851851851,2.635703086853028,True,2,0.6934865841575198,0.132183908045977,0.3079101671902171,0.2418683652389093,0.7734299092111593,0.804054885039415,92,696,0.6934865841575198,0.0851851851851851,0.7698227167129517,True,2
4o4j__1__1.B__1.M,c534,0.2081556384533059,0.088235294117647,0.1392404763595899,0.1390600857418669,0.3708687679841526,0.3107967941006122,57,646,0.069146929472716,0.0394736842105263,2.6059584617614746,True,2,0.4009412896138777,0.088235294117647,0.188469179327905,0.1713494166482687,0.5210161099584177,0.4950964029495555,57,646,0.4009412896138777,0.0394736842105263,1.9373321533203125,True,2
2ou5__1__1.A_1.B__1.F,c713,0.4867064215851559,0.0977822580645161,0.2588194302940905,0.152030940622249,0.6655360052134246,0.6258303758541647,97,992,0.3684197603091499,0.0613535736875395,2.8802490234375,True,2,0.7317140878382232,0.0977822580645161,0.2694919676285962,0.1691235823785412,0.7741103430619559,0.8081508044521876,97,992,0.7317140878382233,0.0613535736875395,0.8549292683601379,True,2
2owz__1__3.A_4.A__4.B,c141,0.3397132588149553,0.1666666666666666,0.229012895040009,0.1953474173192056,0.4895671944477092,0.5492423364617243,64,384,0.2947723216195519,0.1025641025641025,1.951720118522644,True,2,0.7577552617993797,0.1666666666666666,0.4368662912608225,0.2850670001501958,0.8055628052503052,0.7511401551962776,64,384,0.7577552617993798,0.1025641025641025,0.8062655925750732,True,2
4lom__1__20.A_24.A_8.A__24.B_24.D_8.C,c89,0.3850372601945588,0.1777777777777777,0.3229272777487063,0.2784868858031114,0.5199984899424676,0.4996391868713297,56,315,0.1957183911892468,0.0848484848484848,1.973230600357056,True,2,0.605076281988556,0.1777777777777777,0.3097229894288717,0.3247967755571262,0.6756048581048582,0.6985890262420874,56,315,0.6050762819885558,0.0848484848484848,1.0072484016418457,True,2
6mtf__2__1.B__1.D,c2129,0.3068421774351912,0.1218181818181818,0.1642372279461831,0.1676444263158529,0.4620028522202435,0.5177412270377706,67,550,0.1946597389990171,0.0705263157894736,2.841480493545532,True,2,0.3357241054562597,0.1218181818181818,0.2405821690747064,0.1828262102224106,0.5470265359108069,0.446718790210801,67,550,0.3357136324974394,0.0705263157894736,1.3455764055252075,True,2
5ox3__1__2.A__2.B,c33,0.3249805375352247,0.1288819875776397,0.2464992332100442,0.1980876659976245,0.4298193444341838,0.4800609330950272,83,644,0.2558305535433428,0.088016967126193,2.4677886962890625,True,2,0.6730172113545971,0.1288819875776397,0.3280391291172205,0.2440660880552264,0.7646755720125284,0.7903709663352521,83,644,0.6730172113545971,0.088016967126193,0.7253497838973999,True,2
5nc1__1__1.A__1.D,c5323,0.2938720473355473,0.2611111111111111,0.3743932230102443,0.3481750752613473,0.4289151034151034,0.4430102899745757,47,180,0.1435535889175075,0.1205128205128205,1.684685230255127,False,2,0.2793922137071266,0.2611111111111111,0.3931520882584712,0.3653084363727881,0.4243791486291485,0.3650480366194652,47,180,0.2672583824505409,0.1205128205128205,1.911027669906616,True,2
4pgx__1__1.D__1.E_1.F_1.I,c31,0.3907809252903714,0.1124437781109445,0.2130102359612875,0.2002445661514278,0.5305202606525358,0.5750365361455586,75,667,0.2911024715373469,0.0738916256157635,2.6050524711608887,True,2,0.6433246725050876,0.1124437781109445,0.2206664695457799,0.1788096022540009,0.7805207784572864,0.6950919706946492,75,667,0.6433246725050876,0.0738916256157635,0.9296386241912842,True,2
4p0a__1__1.A__1.B,c2624,0.2492982949206921,0.087719298245614,0.2133609327215243,0.160715104927801,0.5157604347100145,0.2530187550272174,55,627,0.2088062964381714,0.0490196078431372,2.406430721282959,True,2,0.4944173017177234,0.087719298245614,0.2585151814338416,0.1778374784586394,0.687563012384441,0.4761831056597003,55,627,0.4944173017177234,0.0490196078431372,1.893227219581604,True,2
4phe__1__1.A__1.E_1.F_1.I,c31,0.3254775687367915,0.0798771121351766,0.199271300108769,0.1538012181317191,0.6382703523328522,0.6141824489846719,52,651,0.2540567994331972,0.0419354838709677,3.430353879928589,False,2,0.3734422859335755,0.0798771121351766,0.140989851752879,0.1572031838652913,0.6222470238095238,0.5310987464736657,52,651,0.3734324828366298,0.0419354838709677,2.189149618148804,True,2
5ot8__2__1.B__1.R,c7,0.4978758706203964,0.1602434077079107,0.4315694261338342,0.4057733294818813,0.6515000570474261,0.4385009379370281,79,493,0.2970097695276529,0.0988735919899874,2.1374616622924805,True,2,0.718069512479087,0.1602434077079107,0.4175009587583442,0.3563096572187885,0.7430034507975684,0.6953221373808939,79,493,0.7176145879207428,0.0988735919899874,0.8432020545005798,True,2
6nku__1__1.D__1.H_1.I_1.N,c31,0.3635214287115056,0.1021505376344086,0.2259174635023531,0.1914544108419965,0.5753688126243182,0.391558067023189,76,744,0.3182257608099261,0.0766129032258064,2.850302457809448,False,2,0.606134420934677,0.1021505376344086,0.1851536691944162,0.177086644004812,0.6931806630698256,0.7113721524351776,76,744,0.6061344209346768,0.0766129032258064,1.195568561553955,True,2
6nz4__1__1.A__1.C,c3462,0.5036140807417852,0.1038961038961039,0.2686001604441068,0.1894457756815033,0.5924876900301808,0.7044304890235625,96,924,0.465194685161977,0.0659340659340659,2.737967014312744,True,2,0.8108748431857006,0.1038961038961039,0.3205517971684595,0.2187846001778934,0.8783074182053774,0.8232773974377985,96,924,0.8106843315712962,0.0659340659340659,0.622490644454956,True,2
4pj3__1__1.A__1.B_1.C,c602,0.2641870498084797,0.0945494994438264,0.1758759426283574,0.1402176348676053,0.4347789365681523,0.4333197396869985,85,899,0.2114808353434666,0.0571236559139784,2.8589537143707275,True,2,0.6490772214684183,0.0945494994438264,0.2102669590437044,0.1561804076647638,0.7220727513227513,0.6758603146844221,85,899,0.6490772214684181,0.0571236559139784,0.8534845113754272,True,2
2pyw__1__1.A__1.D_1.E_1.H,c1052,0.460770738535791,0.1213282247765006,0.2574259022745258,0.1508749292235843,0.5923167962323449,0.6225258914735231,95,783,0.4159448516626478,0.0837742504409171,2.425316333770752,True,2,0.8060517804578736,0.1213282247765006,0.2645873094413546,0.1878359611270118,0.8595521453854786,0.7730014329197262,95,783,0.8060517804578735,0.0837742504409171,0.6570191979408264,True,2
4ocj__1__1.A__1.B,c1622,0.3140388758840926,0.1826086956521739,0.2988956136264625,0.273634579131828,0.461598527108331,0.4724253874043789,63,345,0.2141018928051449,0.1135135135135135,1.6798099279403689,False,2,0.6341302769658628,0.1826086956521739,0.3987533072453708,0.3367111145738225,0.692689349451254,0.6913700041010965,63,345,0.6341302769658625,0.1135135135135135,1.0784416198730469,True,2
5nc1__1__1.C__1.O,c5323,0.2913382540803777,0.25,0.3409135802469136,0.3544148595091042,0.4694417989417989,0.4236748282581616,45,180,0.1311917503091786,0.1071428571428571,1.6947494745254517,True,2,0.262494419170836,0.25,0.3995343915343915,0.34536687232737,0.4178271204104537,0.3316458409315552,45,180,0.2492465357906831,0.1071428571428571,1.9420301914215088,True,2
4oke__1__1.A_1.B__1.C_1.D,c7587,0.5298607523056099,0.1329923273657289,0.3385043398630355,0.2612092360491861,0.6370494541690193,0.5713646906222034,52,391,0.2857428293198578,0.0579710144927536,2.170862436294556,True,2,0.7326350084118745,0.1329923273657289,0.3914775441949354,0.2979439779545517,0.7987671869193607,0.6771742931775826,52,391,0.731679835953121,0.0579710144927536,0.9988515973091124,True,2
4lom__1__22.A_3.A_6.A__22.C_6.B_6.D,c89,0.3735157920188976,0.1777777777777777,0.3241744432815862,0.2641494677724402,0.4837377314043981,0.4600354931349829,56,315,0.2150182722607503,0.0848484848484848,1.97340190410614,True,2,0.5911973829370603,0.1777777777777777,0.3071081935105044,0.2814520860575925,0.6546724571724573,0.6833486118945301,56,315,0.59119738293706,0.0848484848484848,1.0128675699234009,True,2
6nkw__1__1.D__1.H_1.I_1.N,c31,0.3115952014233903,0.1136044880785413,0.2289052230336893,0.2084667906572035,0.5602760660541274,0.3289344457022268,81,713,0.2263810893060221,0.063729346970889,2.861903429031372,False,2,0.5071278085636953,0.1136044880785413,0.1981447686346133,0.1849999158450455,0.6548701147125516,0.6258704219595763,81,713,0.5071278085636953,0.063729346970889,1.3052732944488523,True,2
6nz6__1__1.A__1.C,c3462,0.5178709493347428,0.1006493506493506,0.2755845076808405,0.1555907935538819,0.6192594075416942,0.6763913734082975,93,924,0.457621068452029,0.0626684636118598,2.748087882995605,True,2,0.8290304548925634,0.1006493506493506,0.3282316267610385,0.1917956320020991,0.8991797404767329,0.8114991002486784,93,924,0.8290304548925636,0.0626684636118598,0.6292524933815002,True,2
6nz5__1__1.A__1.C,c3462,0.5256079225088863,0.0963541666666666,0.2448068012696495,0.1755991147713558,0.5777937584075977,0.6305090742350801,111,1152,0.3782981234324591,0.0642361111111111,3.4802558422088623,True,2,0.8051628527805719,0.0963541666666666,0.3005193579179214,0.1877065294102493,0.8386279281557814,0.8678863202610069,111,1152,0.8036459155799583,0.0642361111111111,0.6650177836418152,True,2
6pwy__1__1.A__1.E,c159,0.324183584684987,0.1028985507246376,0.33583685762721,0.1675366788090927,0.6760255022755023,0.5490843155430465,71,690,0.3104571803080829,0.0676190476190476,2.551025152206421,True,2,0.6679543564053734,0.1028985507246376,0.3564261726659798,0.2307226791934765,0.6737557812557813,0.6906594663022918,71,690,0.6679543564053735,0.0676190476190476,1.0025171041488647,True,2
2pyw__1__1.B__1.K_1.L_1.N,c1052,0.4472314401428352,0.1216931216931216,0.2345159152898997,0.1676684307736511,0.5757670715518767,0.5837144555196074,92,756,0.3697609732987904,0.0655270655270655,2.4044251441955566,True,2,0.8180692492261247,0.1216931216931216,0.2493256686667364,0.1939663042688856,0.8651527176527176,0.8161375006667214,92,756,0.8180692492261248,0.0655270655270655,0.6478331089019775,True,2
4mwz__2__1.B__1.H,c5754,0.2328945651300282,0.0838095238095238,0.1575002777970692,0.1555841200683914,0.4156621948313125,0.2969141205574533,44,525,0.1420102210231994,0.0419047619047619,3.0010650157928467,False,2,0.19532977413251,0.0838095238095238,0.1768057851239669,0.1545568195855545,0.3982855339105339,0.364433780634761,44,525,0.19532977413251,0.0419047619047619,2.480022430419922,True,2
4oco__1__1.A__1.B,c1622,0.3663916773207452,0.1559454191033138,0.3201300257465424,0.2823839116745831,0.4553488288065442,0.5566305840279376,80,513,0.2911903935099259,0.1026957637997432,1.801865577697754,True,2,0.5479332615786829,0.1559454191033138,0.3743495000837249,0.3004763004241541,0.6484325542878174,0.5608132653013104,80,513,0.5479332615786828,0.1026957637997432,1.0698071718215942,True,2
4lom__1__23.A_4.A_8.A__23.C_8.B_8.D,c89,0.3772151841686009,0.1777777777777777,0.3217632565846852,0.2751116073712129,0.4833114565173388,0.4726359746640359,56,315,0.2074557764772034,0.0910569105691057,1.97457492351532,True,2,0.604823395133592,0.1777777777777777,0.3071081935105044,0.2993679997316548,0.677970177970178,0.7328309842085351,56,315,0.6048233951335918,0.0910569105691057,0.9976606965065002,True,2
6on4__1__1.A__1.C_1.D,c8749,0.3387333644322944,0.1619047619047619,0.3058417410339061,0.2817158842156783,0.4509014635516551,0.3764165515681684,68,420,0.2409104974590214,0.0899470899470899,1.951849102973938,True,2,0.5008409423702075,0.1619047619047619,0.3723858453637865,0.3299525426684224,0.6390010078105316,0.5933118114637723,68,420,0.5008409423702074,0.0899470899470899,1.2121527194976809,True,2
5onr__1__1.A__1.B,c218,0.2830906990550581,0.1425,0.4195172614909457,0.320530203538973,0.6372989683247036,0.2650552436312793,57,400,0.1551999226420657,0.0695121951219512,2.0107967853546143,True,2,0.4225875073311721,0.1425,0.4232589632589632,0.3461982424827828,0.5645896695896696,0.3125870528796041,57,400,0.4225254534003875,0.0695121951219512,1.994893193244934,True,2
6nz6__1__1.B__1.D,c3462,0.5006495779043176,0.1006493506493506,0.2553114793735692,0.1690437035188646,0.5977207923000714,0.6576698700632689,93,924,0.4314737526995768,0.0738095238095238,2.7592251300811768,True,2,0.8172572866146987,0.1006493506493506,0.3225843716747506,0.1917290765585957,0.8764497010925582,0.8681215515691411,93,924,0.8168884730236251,0.0738095238095238,0.6093543767929077,True,2
6pwy__1__1.C__1.S,c159,0.3257222410381696,0.1028985507246376,0.3231467284728154,0.1729341092864022,0.6844121156621157,0.5084434750828685,71,690,0.2947803877469582,0.0577235772357723,2.515423059463501,True,2,0.6703874182161819,0.1028985507246376,0.3419981856953688,0.2481614192434991,0.7123234999127855,0.650054792391918,71,690,0.6703874182161819,0.0577235772357723,1.0355569124221802,True,2
4ocq__1__1.A__1.B,c1622,0.2912192708786212,0.1797101449275362,0.2885752542488785,0.2772410829393369,0.4245842192245701,0.4444735415047915,62,345,0.2285692622321467,0.1252525252525252,1.684270977973938,False,2,0.5507332730153548,0.1797101449275362,0.4108934912160718,0.3404063594962058,0.664999555999556,0.6029920930590573,62,345,0.5507332730153548,0.1252525252525252,1.2034673690795898,True,2
5o4f__2__1.B__1.O,c7,0.4587111550696114,0.1565217391304348,0.3511214058272882,0.3206996597613019,0.5969562474562474,0.5752531198959769,54,345,0.3777515654204378,0.1161290322580645,1.5853893756866455,True,2,0.8172767663126972,0.1565217391304348,0.5476526731156361,0.356369603920647,0.8560291005291005,0.8346362219130077,54,345,0.8172767663126973,0.1161290322580645,0.7550696134567261,True,2
6nkz__1__1.D__1.G_1.H_1.I,c31,0.3201406612221365,0.1107994389901823,0.2384139088416249,0.2137129107959063,0.5550012983048697,0.3340534185324825,79,713,0.3021867051947344,0.068875326939843,2.8761444091796875,True,2,0.4993601272189713,0.1107994389901823,0.1982102761808764,0.1923412707740247,0.6113695478191277,0.6019228455361653,79,713,0.4993601272189713,0.068875326939843,1.2449193000793457,True,2
5m5q__1__1.A__1.B_1.C,c5724,0.2116537188010473,0.0932568149210903,0.1624211388986248,0.1574687657248983,0.3914545430966999,0.3144587881470449,65,697,0.2054177513577232,0.0546677880571909,2.932337045669556,True,2,0.2116071146439475,0.0932568149210903,0.1754527383185919,0.171115451532969,0.5241401551123773,0.3082365935330354,65,697,0.2116071146439475,0.0546677880571909,2.468970775604248,True,2
6pwy__1__1.D__1.V_1.Z,c159,0.2783842373159604,0.1027777777777777,0.3663653711080182,0.1547587846036464,0.600191237774571,0.6159967688738186,74,720,0.2439919944470759,0.0747474747474747,2.50895357131958,True,2,0.6341168709840251,0.1027777777777777,0.4053153024863551,0.2324937994302661,0.6282102465435798,0.7215113687601432,74,720,0.634116870984025,0.0747474747474747,1.0784215927124023,True,2
1p1n__1__1.A__1.B,c7,0.404282093030325,0.1696969696969697,0.295796294819404,0.2723651517326629,0.477309804068576,0.5612161796536796,56,330,0.2030209116858294,0.0888888888888888,1.6643891334533691,True,2,0.6124570692239102,0.1696969696969697,0.4488102621584764,0.3598741229092026,0.6677081128747796,0.6575729677068962,56,330,0.6124125684117705,0.0888888888888888,1.0412715673446655,True,2
3ntu__1__1.A_6.A__6.B_6.C,c124,0.4309166168740718,0.126099706744868,0.2281971771070235,0.1541798484952032,0.5631960450018224,0.6002645631467711,129,1023,0.4065191965841647,0.0866935483870967,3.260217428207397,True,2,0.723286929304925,0.126099706744868,0.2815887944261291,0.1845045374780711,0.7482474022393376,0.6893190930287201,129,1023,0.7213836316117219,0.0866935483870967,0.8145132660865784,True,2
5ota__1__1.A__1.C,c7,0.4548473169268833,0.1828571428571428,0.4008428172202715,0.3961602560704107,0.5678940809086485,0.4667414847057703,64,350,0.3612864045161888,0.1088435374149659,1.704932689666748,True,2,0.6094660329356836,0.1828571428571428,0.3698409158032769,0.3550433766681414,0.6563598435120992,0.6294777691444358,64,350,0.6094660329356836,0.1088435374149659,1.0597695112228394,True,2
5ota__2__1.B__1.F,c7,0.4655775283293602,0.1857142857142857,0.4102751065890101,0.3814302392756487,0.5771098544312829,0.4354475478225478,65,350,0.4004086122353628,0.1326530612244898,1.6963173151016235,True,2,0.6027051763407459,0.1857142857142857,0.399571553204391,0.3378087617244368,0.6646541452838445,0.641877634710968,65,350,0.6027051763407459,0.1326530612244898,1.0192745923995972,True,2
1qgs__1__1.A__1.B_1.C_1.D_1.E,c186,0.305025879083366,0.1109090909090909,0.2972373855652544,0.2582700003522875,0.5771447354610619,0.440503157857054,61,550,0.1770966218281437,0.0659459459459459,2.3537490367889404,True,2,0.7694025243421324,0.1109090909090909,0.3050392608006677,0.2392840777521255,0.764002267573696,0.823811415406383,61,550,0.7694025243421323,0.0659459459459459,0.9368380308151244,True,2
2pul__1__1.A__1.C_1.E,c1052,0.44823212827079,0.0944700460829493,0.2199996481219259,0.1352913665725583,0.480447496947497,0.4990011940854847,82,868,0.3037860853655655,0.0551075268817204,2.891477346420288,True,2,0.6341176208511069,0.0944700460829493,0.1966391092654084,0.1190810756957693,0.6428477633477633,0.7043878153436978,82,868,0.634117620851107,0.0551075268817204,0.8331626653671265,True,2
1q95__1__1.A_1.B__1.M,c103,0.2566309510500808,0.1541666666666666,0.2226506612536024,0.2156968929343615,0.3795045835549899,0.4237446118696118,74,480,0.1476384724247601,0.0925,1.868277192115784,True,2,0.5863371730037776,0.1541666666666666,0.3287477303102303,0.2588544260736445,0.6079573316068851,0.661999692694137,74,480,0.5860390807939208,0.0925,1.112309217453003,True,2
4ocu__1__1.A__1.B_1.C,c1622,0.3013601902007784,0.175,0.2966699598448301,0.234267501725459,0.3884241586354365,0.5195922538110038,63,360,0.2085516149722567,0.105,1.743356704711914,False,2,0.5569812692435907,0.175,0.3971327261803452,0.2835984857984591,0.5921704802096959,0.6280770201194308,63,360,0.556869694121655,0.105,1.3611900806427002,True,2
3ntu__1__2.A_4.A__4.B_4.C,c124,0.4148303946730686,0.126099706744868,0.228093893819031,0.1772978512712942,0.5435588681895983,0.5888088208972541,129,1023,0.3364377440552605,0.0770609318996415,3.261143684387207,True,2,0.7191323071804103,0.126099706744868,0.277509011018675,0.2065678496872033,0.7447334609834608,0.6894355719274948,129,1023,0.7191323071804102,0.0770609318996415,0.8382112383842468,True,2
5ocj__2__1.B__1.E,c4332,0.1730133059052238,0.0816326530612244,0.1502861040249433,0.182052688862892,0.355896880896881,0.2603332545343824,48,588,0.1130461951065316,0.0489795918367346,3.066819906234741,True,2,0.2591801528869466,0.0816326530612244,0.1598440687080254,0.1776908634715224,0.4614399326164032,0.4460497767380783,48,588,0.2591801528869466,0.0489795918367346,1.895910620689392,True,2
2pul__2__1.A__1.C_1.E,c1052,0.4475398674043922,0.0944700460829493,0.2201249175854703,0.1457905657662376,0.4923984581240016,0.4998437184870699,82,868,0.2808777699987941,0.0529032258064516,2.891738176345825,True,2,0.6476292804064281,0.0944700460829493,0.1965117255030916,0.1323806543060232,0.646021164021164,0.7150182492440278,82,868,0.6476292804064281,0.0529032258064516,0.8132659792900085,True,2
1q95__1__1.B_1.C__1.N,c103,0.2733208640734289,0.1607142857142857,0.2135721149299903,0.2199632058480282,0.3729068246067085,0.4584985117166171,72,448,0.2075052776852711,0.1125,1.8495473861694336,True,2,0.5808534940026365,0.1607142857142857,0.3700203873151177,0.324331618990279,0.6516044015216809,0.6284335642853596,72,448,0.5808534940026365,0.1125,1.15799880027771,True,2
1q95__1__1.E_1.F__1.R,c103,0.2474782999647933,0.1584821428571428,0.1974411296652308,0.1941669533030974,0.3652425593788306,0.4428745052799674,71,448,0.1258959600585754,0.0853365384615384,1.8092912435531616,True,2,0.4381772076842982,0.1584821428571428,0.3613226284363401,0.2777055683827353,0.5380592954028169,0.5925035095623331,71,448,0.4363264216324747,0.0853365384615384,1.4245809316635132,True,2
3ntu__1__3.A_4.A__3.B_3.C,c124,0.4306853301981392,0.126099706744868,0.2281563940289785,0.1529279588536313,0.5604939978941276,0.5806361796258188,129,1023,0.2767108138788322,0.0743087557603686,3.2613654136657715,True,2,0.7240509888761988,0.126099706744868,0.2821304071020254,0.1733499988392288,0.7462334842576779,0.6774582064139221,129,1023,0.7235383245104725,0.0743087557603686,0.8108035326004028,True,2
3ntu__1__2.A_6.A__2.B_2.C,c124,0.4284962703269651,0.126099706744868,0.2257890075525041,0.1580776642512568,0.5432399066879242,0.577192308409738,129,1023,0.4089278634409614,0.0924731182795698,3.258429527282715,True,2,0.7151956526202691,0.126099706744868,0.2848005628598933,0.1763793295744095,0.736201025676832,0.6700588683521627,129,1023,0.7151731171550807,0.0924731182795698,0.805648922920227,True,2
5owy__1__1.A__1.C,c33,0.3421306361439606,0.1173333333333333,0.234525113852,0.2039944096917163,0.4362648502601928,0.4647003017111712,88,750,0.3182245296395295,0.0858536585365853,2.802422523498535,True,2,0.6114673402557271,0.1173333333333333,0.2980387659805696,0.2202569797482062,0.7590752525252524,0.7462748160647321,88,750,0.6114673402557271,0.0858536585365853,0.7510578036308289,True,2
2pul__2__2.A__2.C_2.E,c1052,0.4304658092108365,0.0944700460829493,0.2199569787244178,0.1538320129362612,0.4883784609639872,0.5043228522051267,82,868,0.3356959656656301,0.0518659076533839,2.8917362689971924,True,2,0.6294593609679267,0.0944700460829493,0.193488789644732,0.1422771486538549,0.6281666666666667,0.6894472209849448,82,868,0.6294593609679267,0.0518659076533839,0.8473188877105713,True,2
2quh__1__1.A__1.C,c121,0.4858751887894784,0.23,0.4691829204233296,0.3965024163792984,0.5733467385918367,0.5035812829146163,69,300,0.3109180579177105,0.1095238095238095,1.8739315271377563,True,2,0.6721152608206337,0.23,0.4899897694739979,0.42758089192904,0.732244492720683,0.7379003095669763,69,300,0.6677074449668137,0.1095238095238095,0.8818005323410034,True,2
3ntu__1__3.A_5.A__5.B_5.C,c124,0.4281244852786002,0.126099706744868,0.2286722246762551,0.1825145234785717,0.5424491793041964,0.5893059915534584,129,1023,0.385659812424228,0.0832258064516129,3.260228157043457,True,2,0.7195770317026062,0.126099706744868,0.2850000639101668,0.2157489660218499,0.7466471834616997,0.677292945051723,129,1023,0.7195770317026061,0.0832258064516129,0.8287107944488525,True,2
5ndf__1__1.E__1.AA_1.BA_1.Z,c186,0.3987830406159071,0.1296551724137931,0.3100040688439344,0.2204920201389798,0.6050285855756443,0.478030528142987,94,725,0.366942087189317,0.0895238095238095,2.3287603855133057,True,2,0.757067510354124,0.1296551724137931,0.2920429820492398,0.2274158883368476,0.7787936507936507,0.7622426009736615,94,725,0.757067510354124,0.0895238095238095,0.8512669205665588,True,2
5ofx__1__1.A__1.I_1.P,c225,0.1520547796121622,0.0898692810457516,0.1918200984817845,0.1708420686650517,0.4166716759547642,0.1704042330754216,55,612,0.1089477335685989,0.0539215686274509,2.637188673019409,True,2,0.1600731310656817,0.0898692810457516,0.2090302225997413,0.1852128229802879,0.5057393994893995,0.1646134722953246,55,612,0.1600731310656818,0.0539215686274509,2.683090209960937,True,2
5ofx__2__1.B__1.J_1.Q,c225,0.1297084897327234,0.0866013071895424,0.2042254673032566,0.1676990291438612,0.4328721105769423,0.1362963580877757,53,612,0.087256935817617,0.0519607843137254,2.596077680587769,True,2,0.1242920750136668,0.0866013071895424,0.2359439888019244,0.1913806362587042,0.4108869966012822,0.1236989512922266,53,612,0.1242920750136668,0.0519607843137254,2.776416301727295,True,2
2qs1__1__1.A__1.E,c7,0.3142047511467746,0.1098901098901098,0.2971794353836208,0.2193843874507444,0.4563962229852918,0.4054513615847284,80,728,0.256068064152446,0.075046904315197,2.6119608879089355,True,2,0.5780959055805655,0.1098901098901098,0.3478311685643416,0.2441893205301981,0.6761564767560243,0.5835541530700076,80,728,0.5780959055805655,0.075046904315197,1.300390601158142,True,2
2quh__1__1.B__1.D,c121,0.5146733599110097,0.2596491228070175,0.4969281138398785,0.454576233445549,0.5902933691218005,0.5414747104747105,74,285,0.2881673066234462,0.1298245614035087,1.820905327796936,True,2,0.6827765165284543,0.2596491228070175,0.5161500611500611,0.4159578987702096,0.7310598502027073,0.7938654185320853,74,285,0.6795400449715686,0.1298245614035087,0.8986228704452515,True,2
4qf9__1__1.A__1.D,c7,0.3931886757943131,0.1783625730994152,0.2909695842231496,0.3111981246351546,0.5137947773474089,0.4566463628497628,61,342,0.2488122319704958,0.1146616541353383,2.323815107345581,True,2,0.6128583501159843,0.1783625730994152,0.3273480186767503,0.3173205585523506,0.6651294903926483,0.7469862222797445,61,342,0.6127552706159197,0.1146616541353383,0.9617325663566588,True,2
4qdc__1__1.A__1.E,c164,0.246510439152927,0.1071428571428571,0.2213010898743086,0.1507077421344852,0.4198585303640351,0.3956614430191244,63,588,0.1204571647744117,0.0625,2.1636106967926025,True,2,0.4864591469958116,0.1071428571428571,0.2317485388197883,0.1813174023598004,0.5689161884591245,0.6171969364250535,63,588,0.4864591469958116,0.0625,0.9485765099525452,True,2
5ndf__1__2.C__2.S_2.T,c186,0.3686387890939308,0.1324137931034482,0.3123892369204869,0.2250165144276713,0.5690032503558818,0.4536834018982711,96,725,0.3034505764577024,0.0853333333333333,2.338515281677246,True,2,0.7485097256818651,0.1324137931034482,0.294605056980057,0.2102429465187258,0.7656044733044733,0.7428528610709664,96,725,0.7485097256818652,0.0853333333333333,0.8744380474090576,True,2
5ofx__3__1.C__1.K_1.R,c225,0.1522542424492358,0.0866013071895424,0.198303050837,0.1971064397616658,0.4676438200836597,0.1786040274227004,53,612,0.0922620713602195,0.055672268907563,2.58191442489624,True,2,0.1947669915047845,0.0866013071895424,0.2280839289579578,0.213478303757438,0.513315293713021,0.2329830680040759,53,612,0.1947669915047845,0.055672268907563,2.4209299087524414,True,2
5ofx__4__1.D__1.L_1.S,c225,0.1286326330542257,0.0866013071895424,0.2126853389151815,0.180319147706796,0.4354341950455395,0.1672752249261849,53,612,0.0721620158201787,0.0502846299810246,2.557352304458618,True,2,0.1574924135090774,0.0866013071895424,0.2325822839141374,0.1893948114026739,0.5052772073605406,0.1628185039703794,53,612,0.1574924135090774,0.0502846299810246,2.5630528926849365,True,2
5q0c__1__1.A_1.B__1.J,c141,0.3191059047268563,0.1826086956521739,0.2282763045000439,0.2514839162174629,0.4454937160470248,0.4292678107673099,84,460,0.1727324360990956,0.1135135135135135,1.9602214097976685,True,2,0.595668565106731,0.1826086956521739,0.3194578870761284,0.3349493827099745,0.6845560268979386,0.6536865205771685,84,460,0.595668565106731,0.1135135135135135,1.1087541580200195,True,2
5owy__1__2.A__2.C,c33,0.3321814811004163,0.1173333333333333,0.2335359363628225,0.2043715558982,0.433054312269146,0.4351587460589344,88,750,0.2801989981327865,0.08,2.802817821502685,True,2,0.6064469665434201,0.1173333333333333,0.2943335537720029,0.2224001547695485,0.7529927128427129,0.7290025182567198,88,750,0.6064469665434201,0.08,0.7472148537635803,True,2
5owz__1__1.A__1.D,c33,0.2706640520860293,0.1141826923076923,0.2059238933911475,0.1752192929172709,0.3849559880102349,0.412520716603815,95,832,0.1933639560224867,0.0702662721893491,2.997755289077759,True,2,0.6010241898611225,0.1141826923076923,0.2846276368201457,0.186997416674264,0.7266682450802927,0.736980281318165,95,832,0.6010241898611225,0.0702662721893491,0.9580811262130736,True,2
2qs1__1__2.A__2.E,c7,0.3164943181006378,0.1098901098901098,0.296591828546014,0.2207096121345997,0.4413992204046383,0.4072842651307314,80,728,0.2610331971577108,0.0809716599190283,2.6128275394439697,True,2,0.5093168040467063,0.1098901098901098,0.3511021418720796,0.2527860198274001,0.6465765641472655,0.5476731742112694,80,728,0.5093168040467063,0.0809716599190283,1.519991397857666,True,2
4pbr__1__1.A__1.B,c121,0.4612197259121954,0.1477732793522267,0.4024217013679527,0.2860923797243715,0.6077707893106296,0.50411389196744,73,494,0.4371731333480957,0.0960526315789473,2.314732789993286,True,2,0.723602887190875,0.1477732793522267,0.4619112476478308,0.2972218743915197,0.7636103662419451,0.6404278377658008,73,494,0.7236028871908748,0.0960526315789473,1.0412485599517822,True,2
4pbr__1__2.A__2.B,c121,0.4570514089082391,0.1477732793522267,0.4045321199671459,0.3341190775357817,0.6226283629375531,0.51667220241582,73,494,0.4306275973317579,0.1097744360902255,2.3141398429870605,True,2,0.7111125415695183,0.1477732793522267,0.4563674565540074,0.3363264235327335,0.7702439957703116,0.6086904472677266,73,494,0.7111125415695182,0.1097744360902255,1.0488896369934082,True,2
4qf9__1__1.C__1.O,c7,0.3717252387895788,0.1520467836257309,0.296433452961793,0.2972062103618454,0.4641475483580746,0.4085355481292014,52,342,0.30465553582261,0.0855263157894736,2.580288410186768,True,2,0.6549940887659694,0.1520467836257309,0.3395668658826554,0.3278804525685045,0.6655240373661426,0.8393102467612271,52,342,0.6541442083087998,0.0855263157894736,0.9272083640098572,True,2
4qf9__2__2.B__2.H,c7,0.3568542855823728,0.1733746130030959,0.2954565901934323,0.2728028688244083,0.5294922329132854,0.4412804147670419,56,323,0.312666399718919,0.1133603238866396,2.342456340789795,True,2,0.601472966862587,0.1733746130030959,0.3419510314247156,0.2973472648668384,0.6966791979949875,0.7121027769434632,56,323,0.601472966862587,0.1133603238866396,1.14092218875885,True,2
4qf9__2__1.B__1.H,c7,0.3506420169416008,0.1733746130030959,0.2954565901934323,0.2584660712081011,0.4819610944610943,0.4166334336617274,56,323,0.1987216389667302,0.101633393829401,2.3432888984680176,True,2,0.6019800576831957,0.1733746130030959,0.3419510314247156,0.3128313688424972,0.6934001670843777,0.7169053817460681,56,323,0.6019190076221455,0.101633393829401,1.145851969718933,True,2
5ofx__5__1.E__1.M_1.T,c225,0.1675477598226925,0.0931372549019607,0.1975475503202693,0.1984241802494946,0.4119289455926284,0.171163452069844,57,612,0.0757570422400081,0.0453100158982511,2.586557388305664,True,2,0.1670706032656166,0.0931372549019607,0.2190024586696413,0.2101119919260431,0.4243421132008089,0.2004642928995931,57,612,0.1650918023789246,0.0453100158982511,2.5513393878936768,True,2
5ofx__7__1.F__1.N_1.U,c225,0.2222274371642046,0.0899653979238754,0.1923118736467152,0.1844926439650431,0.4606517820803534,0.2988329106888023,52,578,0.109659999545718,0.0424836601307189,2.6372971534729004,True,2,0.2935084340792085,0.0899653979238754,0.2123310717060717,0.2006271546110603,0.5872826908541194,0.4033686397482788,52,578,0.2935084340792085,0.0424836601307189,2.3056869506835938,True,2
5q0c__1__1.A_1.B__1.L,c141,0.3234789152645531,0.1760869565217391,0.2186078818704091,0.2136212730933681,0.436741783271195,0.4294828011301152,81,460,0.1942719748654701,0.1038461538461538,1.9557623863220213,True,2,0.5946696445537564,0.1760869565217391,0.3190641443201357,0.262734192184623,0.6607566178518189,0.6230410427881127,81,460,0.594594817357812,0.1038461538461538,1.030854105949402,True,2
5q0c__1__1.C_1.D__1.P,c141,0.2945189653127733,0.1782608695652174,0.2210571643803351,0.2185080808543265,0.4288014848999755,0.4120836367129165,82,460,0.2023388697878572,0.1078947368421052,1.93336284160614,True,2,0.5718827318208947,0.1782608695652174,0.319503755772846,0.3203826868207696,0.6614374213749213,0.5974875408593895,82,460,0.5718827318208949,0.1078947368421052,1.222483515739441,True,2
5ofx__9__1.H__1.O_1.W,c225,0.1549561253723447,0.088235294117647,0.2071184110327709,0.1972912729983438,0.4457231594398961,0.1592582221745251,54,612,0.08432676912396,0.0481283422459893,2.5846059322357178,True,2,0.2026752748803915,0.088235294117647,0.2456744734931009,0.2272012728926212,0.5218630549863043,0.2075452144566297,54,612,0.2026752748803915,0.0481283422459893,2.477855920791626,True,2
5q0c__1__1.C_1.D__1.N,c141,0.3094809173564535,0.1739130434782608,0.2122283621199062,0.2056392117074297,0.4654881285259574,0.4175486205401065,80,460,0.1892426622590943,0.1111111111111111,1.94296395778656,True,2,0.6383572366092051,0.1739130434782608,0.3347579773168008,0.2790477094884668,0.6560878518411413,0.6341476520985034,80,460,0.6383572366092051,0.1111111111111111,1.0043256282806396,True,2
5owz__1__2.A__2.D,c33,0.272190834403247,0.1141826923076923,0.2054555459491158,0.1733756197151715,0.376405894959109,0.4115758113424015,95,832,0.1870769029879685,0.0689404934687953,2.996150016784668,True,2,0.5986534001411614,0.1141826923076923,0.2823753482023377,0.1915046473568595,0.719371378265609,0.7274189151491782,95,832,0.5986534001411614,0.0689404934687953,0.9529173970222472,True,2
5ovz__1__1.A__1.C,c7,0.3556465362703747,0.1302521008403361,0.3192199304209284,0.3115564599867064,0.5203650521922545,0.385118574921685,93,714,0.3252254184297557,0.0903790087463556,2.3909010887146,True,2,0.5627212676696672,0.1302521008403361,0.3171446142907846,0.2347876669000191,0.6227985969057398,0.5708561950505684,93,714,0.5623032591746717,0.0903790087463556,1.0807682275772097,True,2
5ndf__2__1.F__1.CA_1.DA,c186,0.4212026944755768,0.14,0.3166614399742756,0.2510052188006521,0.6121038253799864,0.5014957714249061,98,700,0.3678035228592667,0.098,2.352285623550415,True,2,0.8035461681761314,0.14,0.3090668268462599,0.233074919862871,0.7978968253968253,0.8426206411433683,98,700,0.8035461681761314,0.098,0.8196967244148254,True,2
5q0c__2__1.E_1.F__1.R,c141,0.3224353752306406,0.1739130434782608,0.2112475773817685,0.2101559120026343,0.4335576754686662,0.4313423857013367,80,460,0.1459645791666253,0.0869565217391304,1.943946957588196,True,2,0.5493602222438138,0.1739130434782608,0.3379395216201282,0.278671230890081,0.6022447466892125,0.6056105276732212,80,460,0.5493602222438135,0.0869565217391304,1.2342407703399658,True,2
2qs1__2__1.B__1.H,c7,0.326392190903635,0.1043956043956044,0.3008204862176202,0.2095939292991537,0.503759595105749,0.4280276519669933,76,728,0.2538014470430103,0.0749506903353057,2.614687204360962,True,2,0.5122708194003383,0.1043956043956044,0.3493680247572543,0.237707661023262,0.657366388639013,0.5551932080320489,76,728,0.5122708194003383,0.0749506903353057,1.4168866872787476,True,2
2qs1__2__2.B__2.H,c7,0.347794328142617,0.1043956043956044,0.2996548908865124,0.2210695931386957,0.494324877412815,0.5071518281275107,76,728,0.2419732522061983,0.0679785330948121,2.614840269088745,True,2,0.5796675175334736,0.1043956043956044,0.3460395184682217,0.2309841309874685,0.6834099070863776,0.5912702648417422,76,728,0.5796675175334736,0.0679785330948121,1.2758550643920898,True,2
4q30__1__1.A__1.D,c7,0.4212455482479382,0.1943734015345268,0.4457941168060119,0.3591300017172397,0.5366784439839862,0.4104429293313376,76,391,0.3589620494430431,0.114630467571644,1.9282019138336184,True,2,0.7224732634095786,0.1943734015345268,0.5568306789959266,0.4676735465486054,0.7830993868532568,0.6868857327046486,76,391,0.7224732634095785,0.114630467571644,0.9956958293914796,True,2
2qvu__1__1.A_1.B__1.C_1.E,c141,0.319014569462951,0.1791666666666666,0.2070717679746769,0.2086738812956138,0.4182345906157826,0.4468606669006565,86,480,0.2755873575142102,0.1194444444444444,1.8907171487808228,True,2,0.6520902715028963,0.1791666666666666,0.3380358685851792,0.329307671411357,0.7241722582972582,0.6960120290999572,86,480,0.6520902715028963,0.1194444444444444,0.9490152597427368,True,2
2qvu__1__1.A_1.B__1.G_1.I,c141,0.3259413737353704,0.1770833333333333,0.200689308156733,0.2223056625137269,0.4009683860278867,0.4246676904425442,85,480,0.243761177605793,0.1118421052631579,1.8992995023727417,True,2,0.6116379595792311,0.1770833333333333,0.3387555373762804,0.2831988484908296,0.6637900173227185,0.6531607120099183,85,480,0.611637959579231,0.1118421052631579,1.090349793434143,True,2
4qpl__2__1.C__1.H,c3965,0.275876955924482,0.0905017921146953,0.2180536647840646,0.2060562552247053,0.3984974007637651,0.3414426903157516,101,1116,0.24236610308182,0.0684281842818428,2.9538094997406006,True,2,0.4439397866366882,0.0905017921146953,0.2391017632342132,0.1943693946818441,0.496549633995012,0.5208256642115492,101,1116,0.4439397866366882,0.0684281842818428,1.7154687643051147,True,2
5lom__1__1.A__1.C,c7,0.4325699380944792,0.154351395730706,0.3107193701092181,0.2736716437672931,0.4938108295416081,0.4964555840628144,94,609,0.4142848200829929,0.127891156462585,2.193847894668579,True,2,0.5326669277383226,0.154351395730706,0.3486361120889831,0.2267266986823131,0.588344427560864,0.5269800656519407,94,609,0.5317062783459365,0.127891156462585,1.555130958557129,True,2
4qpl__1__1.A__1.E,c3965,0.2722294228744338,0.0957854406130268,0.2101076894596631,0.1830544480409484,0.3917507227488522,0.3490975773905655,100,1044,0.2526954158414564,0.067750677506775,2.9029369354248047,True,2,0.5023279193090042,0.0957854406130268,0.2283739591555962,0.1594921966180474,0.5824749193333647,0.6126309824841204,100,1044,0.5022888514531022,0.067750677506775,1.461664795875549,True,2
5ndf__2__2.D__2.V_2.W,c186,0.3999585017357299,0.1342857142857142,0.3089416043193133,0.2054592215044387,0.6067577681692232,0.4418105809539718,94,700,0.297367216557567,0.0783333333333333,2.3282480239868164,True,2,0.7534706714037781,0.1342857142857142,0.2894150666361947,0.2146577587601073,0.8013412698412697,0.7779948774995215,94,700,0.7534706714037781,0.0783333333333333,0.8955899477005005,True,2
5ovz__2__1.B__1.N,c7,0.3538413073929989,0.1274509803921568,0.3215689970127046,0.2969760949414312,0.5432149903264636,0.4122832377048561,91,714,0.2606155820035672,0.0866666666666666,2.398211002349853,True,2,0.611166414689656,0.1274509803921568,0.3407398391629311,0.2643620240601468,0.6401938009080868,0.6951680610815413,91,714,0.6108761008485049,0.0866666666666666,1.0537374019622805,True,2
5q0c__2__1.E_1.F__1.T,c141,0.3145864895170773,0.1695652173913043,0.2036804493478701,0.2132061429956428,0.4313140111522464,0.4359561335211832,78,460,0.1956388037507276,0.0847826086956521,1.942503929138184,True,2,0.587536699052992,0.1695652173913043,0.329653946899422,0.2898673386924532,0.6286742376775271,0.6398048126042799,78,460,0.5875366990529921,0.0847826086956521,1.008507490158081,True,2
5q0c__2__1.G_1.H__1.V,c141,0.3495272158705577,0.1804347826086956,0.2486520108366316,0.2397579123237664,0.449312914209973,0.4925221755430771,83,460,0.2545466729670289,0.0988095238095238,1.9592593908309937,True,2,0.6327849456367587,0.1804347826086956,0.3669458182876717,0.2869599830450077,0.6528639069264068,0.6880164292725444,83,460,0.6327849456367588,0.0988095238095238,1.0810518264770508,True,2
5q0c__2__1.G_1.H__1.X,c141,0.3287168724055074,0.1863636363636363,0.2166538193394362,0.2142508661030939,0.4440884714414125,0.4087192012679173,82,440,0.2795481344639702,0.1242424242424242,1.9291176795959477,True,2,0.6188619290843844,0.1863636363636363,0.3161486852757477,0.2489383054575365,0.7099543302701197,0.6584993370340984,82,440,0.6186801464963597,0.1242424242424242,1.024721622467041,True,2
6qa7__1__2.A__2.B,c33,0.267787837381848,0.1205128205128205,0.2359567617439368,0.2151449946591621,0.4260341327562431,0.4352966970597681,94,780,0.1855313031910509,0.0708898944193061,2.292366743087769,True,2,0.5882922378961837,0.1205128205128205,0.338144104675523,0.2633704759404643,0.7344832251082251,0.6834127654793877,94,780,0.5882922378961837,0.0708898944193061,0.8933700919151306,True,2
6qa7__1__1.A__1.B,c33,0.2611617910702833,0.1205128205128205,0.2371252278754001,0.1965950150591883,0.4165932370735964,0.4016180546134122,94,780,0.2172734638755214,0.0903846153846153,2.2936887741088867,True,2,0.6081740080393159,0.1205128205128205,0.3368690210538795,0.2422865049758265,0.7419138607119377,0.6752322458196292,94,780,0.6081740080393159,0.0903846153846153,0.8985102772712708,True,2
2qvu__1__2.A_2.B__2.C_2.E,c141,0.3346125629234153,0.1791666666666666,0.2085195418286803,0.2210895717460266,0.425040831760259,0.4668980788975168,86,480,0.2074529046011544,0.1075,1.8912092447280884,True,2,0.6049207198968098,0.1791666666666666,0.3442731219988401,0.3201070673046589,0.6698494513527409,0.6187656925952183,86,480,0.6049207198968098,0.1075,0.9873453974723816,True,2
4q30__1__1.B__1.G,c7,0.4534101286458565,0.1892583120204603,0.4189049308244355,0.3729381263016396,0.5939288468026728,0.4555011093646861,74,391,0.2482689296501309,0.1145510835913312,1.9342209100723269,True,2,0.755220352600832,0.1892583120204603,0.54807962638845,0.4232855733286836,0.8197897037602919,0.745505797015776,74,391,0.7552203526008321,0.1145510835913312,0.9348719120025636,True,2
4q30__2__1.C__1.J,c7,0.3868462751796818,0.1651583710407239,0.4040649456146296,0.3488124704287573,0.5229832448253501,0.435931325043316,73,442,0.2933662332717784,0.1160572337042925,1.8840478658676147,True,2,0.6455894924783256,0.1651583710407239,0.5040230876653117,0.358447349480809,0.6947747432306255,0.6472818187508752,73,442,0.6455894924783254,0.1160572337042925,1.1554477214813232,True,2
5lom__2__1.B__1.F,c7,0.4233192658085551,0.1507936507936507,0.3152658302381061,0.2817331163603547,0.4995160468575991,0.4593054954535301,95,630,0.2596318839229036,0.1052048726467331,2.1874372959136963,True,2,0.5439563461211038,0.1507936507936507,0.3472668846982495,0.2927653425131473,0.5953488117228612,0.5391357281908068,95,630,0.543257445782877,0.1052048726467331,1.3621301651000977,True,2
3qzy__1__1.A__1.D,c1187,0.202664377165285,0.0783304745568896,0.1927866102852397,0.1637104400386168,0.4195412306938598,0.3039253974638849,137,1749,0.1635124930874004,0.0574423480083857,3.9183216094970703,True,2,0.3561445124145548,0.0783304745568896,0.2105903772126379,0.1727323806353912,0.4987994101834846,0.4791110600307515,137,1749,0.3559461342195656,0.0574423480083857,2.594637155532837,True,2
5ndf__3__1.A__1.G_1.H_1.J_1.K,c186,0.3824358973219538,0.1268965517241379,0.3027856635893383,0.218811214048672,0.5787469095833646,0.4446038349033275,92,725,0.3120468197389751,0.092,2.3168036937713623,True,2,0.7404456301792921,0.1268965517241379,0.2894502417871983,0.1973547165552884,0.764804761904762,0.7570942231169503,92,725,0.7404456301792921,0.092,0.8763923645019531,True,2
6qa8__1__2.A__2.B,c33,0.3306390853875213,0.1079545454545454,0.2920461510948423,0.2183146211780207,0.5507270191929282,0.404736525633841,57,528,0.270964268758637,0.0647727272727272,1.9517310857772827,True,2,0.5470582252335883,0.1079545454545454,0.2950216870671416,0.217931473884009,0.7314139774367047,0.6437315541750899,57,528,0.5470582252335884,0.0647727272727272,0.792490541934967,True,2
6qa8__1__1.A__1.B,c33,0.3035648931728829,0.1079545454545454,0.2892768311006419,0.2066427163821763,0.5246232303050484,0.4001544860368389,57,528,0.2355441971924577,0.0616883116883116,1.948068380355835,True,2,0.4980333802052272,0.1079545454545454,0.297169359968403,0.2235046251470404,0.6819365735274826,0.6278543755360363,57,528,0.4980333802052272,0.0616883116883116,0.8419930338859558,True,2
3r5c__1__1.A_1.B__1.F_1.G,c2315,0.1017980704726781,0.0551470588235294,0.0864743554495968,0.0830831947225191,0.25414215990473,0.363147362960068,90,1632,0.0597242204758759,0.0328947368421052,4.8068528175354,True,2,0.3363728766406412,0.0551470588235294,0.1386330234222746,0.096436201351663,0.5300855727281165,0.5670266168624479,90,1632,0.3363728766406412,0.0328947368421052,1.813409209251404,True,2
3qxm__1__1.A__1.C,c7,0.4490401816120534,0.137037037037037,0.3288129165760745,0.2938702623347935,0.6026851937253861,0.4842654550471888,74,540,0.405208673161968,0.1,1.846358180046081,True,2,0.5881537260815601,0.137037037037037,0.4397698609463315,0.2980517195085407,0.6531704545454544,0.6651899613612935,74,540,0.5881537260815602,0.1,1.1530420780181885,True,2
2qvu__1__2.A_2.B__2.G_2.I,c141,0.2887067832290163,0.1770833333333333,0.1988365040980467,0.2029697810158749,0.3924590378446801,0.4315819616222655,85,480,0.1613209274496441,0.0904255319148936,1.8972809314727783,True,2,0.6363184643085444,0.1770833333333333,0.3410283689067845,0.2678180917159939,0.6975579858737754,0.6620127469532231,85,480,0.6363184643085444,0.0904255319148936,0.989584982395172,True,2
4q30__2__2.C__2.J,c7,0.3880962823743252,0.1651583710407239,0.4033713514480299,0.3377465510481497,0.5328841739455698,0.4234540819364772,73,442,0.2934500989417692,0.1226890756302521,1.884669542312622,True,2,0.6228479088573641,0.1651583710407239,0.5081565851106544,0.3956169747508921,0.6703561099127707,0.6102494952161478,73,442,0.6225582520202557,0.1226890756302521,1.259612202644348,True,2
6q54__1__1.A__1.I,c7,0.5085568811822517,0.2074829931972789,0.4033931058762303,0.3562819981976183,0.6134892416562586,0.6295447991162277,61,294,0.4615040834350196,0.1452380952380952,1.754195213317871,True,2,0.7701970391825251,0.2074829931972789,0.5690254726408122,0.3931485146547785,0.7899986209935188,0.7901487493987495,61,294,0.7701970391825251,0.1452380952380952,0.8589056134223938,True,2
5ndf__3__1.B__1.O_1.P_1.Q,c186,0.3845803563721967,0.1268965517241379,0.3004054933116717,0.2121704459085641,0.5811722460775092,0.4606005311151755,92,725,0.2653794523924264,0.0736,2.3207778930664062,True,2,0.7621511625625522,0.1268965517241379,0.2858292963075572,0.2225032594413856,0.7725460317460318,0.7868219645113584,92,725,0.7621511625625522,0.0736,0.8487349152565002,True,2
5ndf__4__1.C__1.S_1.T,c186,0.384283784871117,0.1324137931034482,0.3116379742942243,0.235517357361384,0.5728109618165345,0.4854946988740385,96,725,0.3299475129460573,0.0738461538461538,2.3376431465148926,True,2,0.7542265299333525,0.1324137931034482,0.2966611467236468,0.2303278789720015,0.7687593184593184,0.744011862356018,96,725,0.7542116799185025,0.0738461538461538,0.8602203726768494,True,2
4r02__1__1.K_1.L__1.GA,c20,0.2073875412245539,0.0699588477366255,0.1706783229076881,0.1397367274068052,0.3722377043811063,0.1972207881443345,85,1215,0.157777995336285,0.0401891252955082,3.592700242996216,True,2,0.3602300618345224,0.0699588477366255,0.1224041988138942,0.1138425453510128,0.5340717844444993,0.4022910822577767,85,1215,0.3602209393006474,0.0401891252955082,2.0463128089904785,True,2
3r5c__1__1.A_1.C__1.D_1.E,c2315,0.1214426844268825,0.0588235294117647,0.0890800722429688,0.0849589736425075,0.2553583641072759,0.3999908153731613,96,1632,0.0964116766974424,0.0416666666666666,4.792506217956543,True,2,0.3818118445214124,0.0588235294117647,0.1353770421804276,0.1144580792185309,0.526451673262615,0.6088319684942204,96,1632,0.3818118445214125,0.0416666666666666,1.7709290981292725,True,2
6ovd__1__1.A_1.B__1.D,c7,0.3285765396039372,0.1233766233766233,0.3033499990014463,0.293768057772709,0.495233136961078,0.4504355629408005,76,616,0.211040213196144,0.075098814229249,2.2167210578918457,True,2,0.539565383417244,0.1233766233766233,0.3954217587400997,0.3156949832297164,0.653544237527491,0.5663775662824174,76,616,0.5392819940053596,0.075098814229249,1.1657711267471311,True,2
3qxm__2__1.B__1.D,c7,0.4111086867453729,0.1365384615384615,0.3637240686781409,0.2936388890615976,0.5820135337980733,0.4410395156557742,71,520,0.3597599900171976,0.0986111111111111,1.7770678997039795,True,2,0.6159717962348494,0.1365384615384615,0.416922793445163,0.3347194938251919,0.7174414381914382,0.7082804340034339,71,520,0.6159717962348494,0.0986111111111111,0.992897629737854,True,2
3rlb__1__1.A__1.J,c1834,0.4923714637812463,0.1931216931216931,0.4322179896260646,0.3432760512506264,0.6901191555358221,0.548728518579606,73,378,0.3933900170372256,0.1267361111111111,1.9859695434570312,True,2,0.6494407430670691,0.1931216931216931,0.444800451149851,0.3903804401110956,0.7385888648388649,0.7424598771246694,73,378,0.6494407430670693,0.1267361111111111,0.9240877628326416,True,2
3qxs__1__2.A__2.C_2.D,c299,0.4527565491761662,0.1290322580645161,0.2465509061827455,0.1945801259232691,0.635391156462585,0.677882411054598,88,682,0.4114099381739519,0.0811059907834101,3.2636260986328125,True,2,0.757969797739783,0.1290322580645161,0.329473650454245,0.2430123336918868,0.7930725623582766,0.7760707335737973,88,682,0.757969797739783,0.0811059907834101,0.8621917366981506,True,2
3rlb__2__1.B__1.O,c1834,0.4873181083552066,0.1893939393939394,0.4513080854633141,0.3585087383403983,0.6680615218115218,0.6051068580760457,75,396,0.4100597448452788,0.1344086021505376,1.9842801094055176,True,2,0.6866268832436331,0.1893939393939394,0.462854526269129,0.4151315699172596,0.7754519400352733,0.7475073754763573,75,396,0.6866268832436332,0.1344086021505376,0.8423036336898804,True,2
3qxs__1__1.A__1.C_1.D,c299,0.4551490582376837,0.1290322580645161,0.2571213169547693,0.1681730511689893,0.6702028852666608,0.6585880915331024,88,682,0.3988705320754387,0.0709677419354838,3.261941432952881,True,2,0.7523872031269565,0.1290322580645161,0.329473650454245,0.1962848959022379,0.7849376417233561,0.781074254358568,88,682,0.7523872031269565,0.0709677419354838,0.8556345105171204,True,2
5o0j__1__1.A__1.B,c1264,0.3376310377730744,0.0944444444444444,0.2304196484343543,0.1792424848797694,0.4953552599934179,0.5426150601147416,68,720,0.2161258028909974,0.0615942028985507,2.3972012996673584,True,2,0.6326766855469799,0.0944444444444444,0.238224145495988,0.1601572778587561,0.6387359457671957,0.7528242097814466,68,720,0.6326766855469799,0.0615942028985507,0.7949118614196777,True,2
6q54__1__1.B__1.V,c7,0.4882196418007806,0.2108843537414966,0.415461877472246,0.3426125047592352,0.5942947725137573,0.5824793757829473,62,294,0.3234595305223124,0.123015873015873,1.7567720413208008,True,2,0.7218115087338756,0.2108843537414966,0.5687738368901963,0.4183122239027582,0.7385338900517472,0.7161654751498501,62,294,0.7187891647563285,0.123015873015873,0.8527024388313293,True,2
6ove__1__1.A_1.B__1.D,c7,0.3939064486895081,0.123422159887798,0.3250015349882389,0.2728048188664994,0.5793388351252801,0.3995319748245624,88,713,0.2955218269078343,0.0831758034026465,2.25203013420105,True,2,0.7018607128551728,0.123422159887798,0.3796317811971401,0.2860706926952213,0.7891109192739627,0.7078216842275142,88,713,0.7018607128551728,0.0831758034026465,0.8673688173294067,True,2
4r02__1__1.Y_1.Z__1.MA,c20,0.1985309903936664,0.0716049382716049,0.1554433513874755,0.1347251875514075,0.3760450103409662,0.2349840385678778,87,1215,0.1794254923890965,0.0495726495726495,3.5708131790161133,True,2,0.3139863534841154,0.0716049382716049,0.124142167129203,0.1264792025886336,0.5303516433257146,0.4149009854438358,87,1215,0.3137563405522949,0.0495726495726495,2.0616230964660645,True,2
6lop__1__1.A_1.B__1.D,c4280,0.3465063683710093,0.1104761904761904,0.2421514936078917,0.1893208301672751,0.4036255165106704,0.4354555112751642,58,525,0.1948320572052528,0.0708180708180708,2.996708869934082,True,2,0.5128342279687272,0.1104761904761904,0.232477967073012,0.1728933133230214,0.6487318898033183,0.5532653705935958,58,525,0.5128342279687274,0.0708180708180708,1.240310788154602,True,2
2qvv__1__1.A_1.B__1.C_1.D,c141,0.2905708601224178,0.1729166666666666,0.1903247606338898,0.2230439285473077,0.387640416364681,0.4603152134381933,83,480,0.1867012882035721,0.0943181818181818,1.9097020626068115,True,2,0.6468039481741555,0.1729166666666666,0.3350845126996792,0.3165794042367116,0.6948946608946609,0.6601444952243611,83,480,0.6468039481741555,0.0943181818181818,0.9495424032211304,True,2
3rhz__1__1.A__1.C,c2302,0.521166462423645,0.116,0.3143560917953721,0.2018705802837622,0.7158190476190477,0.7107339670980002,87,750,0.5074690188862121,0.068235294117647,2.692588806152344,True,2,0.822252811395533,0.116,0.3342321382321382,0.2425919330470928,0.8007387445887446,0.8308028495412397,87,750,0.822252811395533,0.068235294117647,0.7787371277809143,True,2
4peg__3__1.C__1.N_1.O,c1401,0.4186060944081414,0.1348039215686274,0.3652246827246827,0.2656518720987816,0.6560497835497835,0.5576779555534496,55,408,0.3736796805203339,0.0818452380952381,2.832968235015869,True,2,0.5377702177512341,0.1348039215686274,0.3739613627113627,0.2602058932920408,0.7732608695652174,0.6502436859954343,55,408,0.5377702177512341,0.0818452380952381,1.0766801834106443,True,2
4r65__1__1.A__1.E_1.F_1.G,c31,0.4183438076142695,0.1071428571428571,0.2161407155454774,0.2035766204289257,0.5124933941211414,0.5908712624925246,72,672,0.3412773172161273,0.0642857142857142,2.618053674697876,True,2,0.6207640377905668,0.1071428571428571,0.2041486869611869,0.1947965579038309,0.7421557212628641,0.6649935511394639,72,672,0.6207640377905669,0.0642857142857142,1.0202144384384155,True,2
5ndf__4__2.E__2.AA_2.BA_2.Z,c186,0.3935818338914584,0.1296551724137931,0.3103400150925346,0.2325651630591594,0.5898442164703774,0.4660135962478028,94,725,0.2899112559304358,0.0874418604651162,2.325432777404785,True,2,0.7548714840330394,0.1296551724137931,0.2938278494798286,0.2460259058183463,0.779979365079365,0.78549784000271,94,725,0.7548714840330394,0.0874418604651162,0.8529799580574036,True,2
6ove__3__1.B__1.D,c7,0.429737056157539,0.1246376811594203,0.3635073550722562,0.2748819247262703,0.6122147061916737,0.3771356073893347,86,690,0.3970775273509076,0.0934782608695652,2.216830015182495,True,2,0.7104889478610311,0.1246376811594203,0.3890700522452867,0.2620909600017296,0.7733524985954653,0.6394725728394252,86,690,0.7103674269670772,0.0934782608695652,0.8527802228927612,True,2
6lop__1__1.A__1.C,c4280,0.4051467416101398,0.1136712749615975,0.1785558524217672,0.1690643406909358,0.4491191290172198,0.6367847650585746,74,651,0.2738563632645175,0.069094304388422,3.7893261909484863,True,2,0.6786612967851569,0.1136712749615975,0.2100522245563156,0.1750543354762626,0.7994820655534941,0.7274729150919628,74,651,0.678661296785157,0.069094304388422,1.3347344398498535,True,2
3rhz__1__1.B__1.D,c2302,0.526154075285092,0.1241379310344827,0.3374542399522109,0.1721127847747569,0.7080885225885225,0.7513094242280843,90,725,0.5215621607066327,0.0857142857142857,2.8205275535583496,True,2,0.8566149450625473,0.1241379310344827,0.3522861310802487,0.224609172350594,0.8252968253968254,0.8444519078362207,90,725,0.8566149450625473,0.0857142857142857,0.7145746350288391,True,2
4peg__4__1.D__1.Q_1.R,c1401,0.3216225486239918,0.1348039215686274,0.3300560666185666,0.2427650173156221,0.558468765533983,0.4516504381896062,55,408,0.2322976199101862,0.0674019607843137,2.981428623199463,True,2,0.5614848019247607,0.1348039215686274,0.3922045084545085,0.2552283320334504,0.7876673567977918,0.7427027198958357,55,408,0.5611221326791126,0.0674019607843137,1.1043930053710938,True,2
1rzu__2__1.B__1.D,c119,0.3379544168973034,0.1003086419753086,0.2573619277484011,0.1656827175841343,0.7331679894179896,0.4918823567013697,65,648,0.2702899866007129,0.058717253839205,2.560717821121216,True,2,0.729159876770297,0.1003086419753086,0.264529364272954,0.2456103068412287,0.7554927248677248,0.6837053843693773,65,648,0.7291598767702968,0.058717253839205,0.849956750869751,True,2
3rhz__1__2.A__2.C,c2302,0.5192335969851016,0.116,0.3139872235044649,0.2337304160134401,0.709973015873016,0.7628648583147495,87,750,0.4927608181664983,0.0773333333333333,2.6938345432281494,True,2,0.8217541939258892,0.116,0.335009368664541,0.2634421064726599,0.8075427128427128,0.831308249069472,87,750,0.8217541939258891,0.0773333333333333,0.7726884484291077,True,2
2qvv__1__2.A_2.B__2.C_2.D,c141,0.2813461632723261,0.1729166666666666,0.201687004569057,0.231183141041632,0.3726438554780272,0.3920918414163971,83,480,0.1960865254030777,0.1121621621621621,1.911784291267395,True,2,0.637380077164388,0.1729166666666666,0.3343860946518636,0.3152027866902128,0.6649879052048168,0.7444742943745115,83,480,0.6367654303124753,0.1121621621621621,1.069707989692688,True,2
2qvv__1__2.A_2.B__2.F_2.G,c141,0.3177803237340239,0.1770833333333333,0.2138103563703418,0.2346837104087451,0.4089675494461679,0.4486798879686736,85,480,0.2879555923417492,0.125,1.909999132156372,True,2,0.5870101393370136,0.1770833333333333,0.3361125504132242,0.3157183984698716,0.6456800144300144,0.6522373272834361,85,480,0.5865989628114554,0.125,1.101291298866272,True,2
2qvv__1__1.A_1.B__1.F_1.G,c141,0.3187913606295553,0.1770833333333333,0.1993729163593724,0.2242422344892267,0.4057088381533041,0.4505835566229906,85,480,0.1907235531525346,0.085,1.90797758102417,True,2,0.6461227221816142,0.1770833333333333,0.3390631745225171,0.3271525595700194,0.707493936210848,0.6951774470153752,85,480,0.6461227221816142,0.085,0.9724209904670716,True,2
3rhz__1__2.B__2.D,c2302,0.5239884891895668,0.1241379310344827,0.3363711008690718,0.1808506451643939,0.742988233988234,0.7523898131374207,90,725,0.5130942748319047,0.08,2.819505214691162,True,2,0.8619508530362192,0.1241379310344827,0.3522861310802487,0.2444850525372111,0.8445809523809524,0.8420357619520299,90,725,0.8619508530362192,0.08,0.6957364678382874,True,2
3s21__1__1.A_2.A__2.C,c161,0.5125606544724086,0.1590909090909091,0.3189710578833806,0.256303379114833,0.6447013195818343,0.6441225252449742,56,352,0.5022395599372605,0.1296296296296296,2.391306638717652,True,2,0.7014307213845916,0.1590909090909091,0.360300805928432,0.2575081009998982,0.7709571158008657,0.8191842808551992,56,352,0.7014307213845916,0.1296296296296296,0.8359796404838562,True,2
3s21__1__1.A_2.A__1.C,c161,0.5033394059985546,0.1590909090909091,0.3202814778847145,0.2805891090648878,0.6400389483201983,0.6225481793338936,56,352,0.4310411649319596,0.109375,2.3899736404418945,True,2,0.7128449447290787,0.1590909090909091,0.3569685355202687,0.3126477059897715,0.7823931277056276,0.8077716855140323,56,352,0.7128449447290786,0.109375,0.8044939637184143,True,2
6s4h__1__1.A__1.B,c33,0.320388339511701,0.1414141414141414,0.253324603225789,0.1985396569695586,0.4442054147855124,0.4946962655585649,84,594,0.2223774112167881,0.0979020979020979,2.284581661224365,True,2,0.5952671956772131,0.1414141414141414,0.3252295265059662,0.2357801533839326,0.7660007816257817,0.7161458617140436,84,594,0.595267195677213,0.0979020979020979,0.7958670258522034,True,2
3s23__1__1.A_2.A__1.D,c161,0.5185644992702219,0.1375,0.312330697611798,0.2912595874289801,0.6357933646214896,0.6455654063071645,55,400,0.3221392016934921,0.06875,2.5696229934692383,True,2,0.6825430125915867,0.1375,0.3399356940408076,0.2868755367911288,0.7505710377585377,0.777623000219154,55,400,0.6824061996490823,0.06875,0.8291674256324768,True,2
4s1b__1__1.A__1.C_1.D_1.E,c4417,0.2084911109209929,0.0764462809917355,0.1333542379305549,0.1269272243905924,0.3754715989004051,0.3052206677850954,111,1452,0.1737698986521249,0.0586680761099365,3.209704637527466,True,2,0.2664210711379282,0.0764462809917355,0.132092880368523,0.1278604503676684,0.4798166528701463,0.3854132605857261,111,1452,0.2664210711379282,0.0586680761099365,1.8274073600769043,True,2
6s4h__1__2.A__2.B,c33,0.3065665767337499,0.1414141414141414,0.2519892652833082,0.2032090836679984,0.4367859383903617,0.4623843839618564,84,594,0.2366090399297073,0.0830039525691699,2.285817861557007,True,2,0.5268281500149034,0.1414141414141414,0.3266824923619232,0.2518228152293603,0.6942934065093157,0.6804383170248555,84,594,0.5268281500149032,0.0830039525691699,0.859429657459259,True,2
3s23__1__1.A_2.A__2.D,c161,0.4993863502875609,0.1375,0.3206640309451314,0.2774988571056775,0.6612316416222666,0.6053531999136396,55,400,0.4797325635286121,0.0982142857142857,2.5687546730041504,True,2,0.7214877690806969,0.1375,0.3319811485862622,0.2795622349184128,0.77423318001443,0.7769863073434501,55,400,0.7210079844521857,0.0982142857142857,0.7907299995422363,True,2
3rpn__1__1.A_1.D__1.G,c1556,0.3717134144509729,0.1153846153846153,0.2766165385244237,0.2504853323541232,0.5705745533375624,0.4819539188460405,93,806,0.3181854685002038,0.0715384615384615,2.86653208732605,True,2,0.7775455139070664,0.1153846153846153,0.2784618750797935,0.184107514743362,0.8263907851407853,0.8681918261667608,93,806,0.7775455139070665,0.0715384615384615,0.9938309192657472,True,2
4s1b__3__1.A__1.C_1.D_1.E,c4417,0.2307907117354047,0.0764462809917355,0.143626893657756,0.1256099479610279,0.3782477763293215,0.4209638984135341,111,1452,0.1856761927529563,0.060064935064935,3.2113921642303467,True,2,0.2845284263430934,0.0764462809917355,0.1317813023964264,0.1186464072503553,0.4774272317421076,0.4518000285795789,111,1452,0.2845284263430935,0.060064935064935,1.7714416980743408,True,2
4s1b__2__1.B__1.F_1.G_1.H,c4417,0.2360167001257476,0.0741978609625668,0.1409366340881523,0.1164898350151331,0.3577222743838756,0.424308445858763,111,1496,0.1256206802034455,0.048513986013986,3.142892360687256,True,2,0.2514123641300949,0.0741978609625668,0.1438024075266922,0.1270285507197615,0.487611975169497,0.4797067525751831,111,1496,0.2514123641300949,0.048513986013986,1.9044796228408811,True,2
6r0h__1__1.A__1.B,c33,0.3088900850913945,0.1254480286738351,0.2266550506862367,0.180352685816858,0.4119827431032767,0.4560362622878277,105,837,0.1802271244491965,0.0720164609053498,2.783494472503662,True,2,0.5697733243518552,0.1254480286738351,0.2935613363495943,0.2176804601477063,0.7129027591064628,0.6322725132205175,105,837,0.5697733243518552,0.0720164609053498,0.9287571907043456,True,2
3rpn__2__1.B_1.E__1.H,c1556,0.3413782147522318,0.1141439205955335,0.2472644508489268,0.2297546178241418,0.5336423800360154,0.4839209112332824,92,806,0.2369270358212038,0.0693815987933635,2.856961965560913,True,2,0.765753231209501,0.1141439205955335,0.2544185041965634,0.201738806995248,0.828873348873349,0.8362874029998324,92,806,0.765753231209501,0.0693815987933635,0.9650493264198304,True,2
3rpn__1__1.A_1.D__1.J,c1556,0.4126634180537811,0.1177884615384615,0.292366284529946,0.2631798855279373,0.5464321318670569,0.5642103248237652,98,832,0.2720958967677246,0.0711175616835994,2.854306221008301,True,2,0.834549058746754,0.1177884615384615,0.3011490039931264,0.1985963839028008,0.8570342157842158,0.9166911881079486,98,832,0.8345490587467539,0.0711175616835994,0.9437841176986694,True,2
4s1b__3__2.B__2.F_2.G_2.H,c4417,0.2300452075330606,0.0741978609625668,0.1399255823330876,0.1292884509336742,0.3503569180164586,0.3909213772033539,111,1496,0.1229893621729192,0.0536750483558994,3.139036178588867,True,2,0.1388085311662904,0.0741978609625668,0.1491958307417533,0.1263717832991338,0.2831898443078431,0.2738822592451011,111,1496,0.1388085311662904,0.0536750483558994,2.4593498706817627,True,2
3rpn__2__1.B_1.E__1.K,c1556,0.4114396329478634,0.1083916083916083,0.2869964966470487,0.2737907054186056,0.5598865674666202,0.5255655880472463,93,858,0.3823732339836806,0.0729984301412872,2.8730640411376958,True,2,0.839298493836576,0.1083916083916083,0.2969316820442568,0.212085638549373,0.8792182817182818,0.846697894475301,93,858,0.839142685653761,0.0729984301412872,0.8749056458473206,True,2
6r0h__1__2.A__2.B,c33,0.3040242723172474,0.1254480286738351,0.2266550506862367,0.2072681482213826,0.3965836309774667,0.4208996072458206,105,837,0.2688288960802817,0.0925925925925925,2.7824549674987797,True,2,0.559824220902755,0.1254480286738351,0.2927808646167416,0.2252713527176627,0.707326315659649,0.6477422272982706,105,837,0.559824220902755,0.0925925925925925,0.9368875622749328,True,2
1syi__1__1.A__1.C,c7,0.4876613865489678,0.1969309462915601,0.3690049777732219,0.3427148927278922,0.5551001626880662,0.6680567329755005,77,391,0.4137993708704913,0.1415441176470588,1.8265434503555296,True,2,0.6702522549047907,0.1969309462915601,0.5354545794733634,0.3976079723802765,0.7154855781321816,0.7695333677630597,77,391,0.6694936108322379,0.1415441176470588,1.1258413791656494,True,2
3rpn__3__1.C_1.F__1.L,c1556,0.3727607519598506,0.1021978021978022,0.27520921206165,0.2566727630613962,0.5394048413911773,0.4758062963258697,93,910,0.3257394348838875,0.0662393162393162,3.096518278121948,True,2,0.8043351088448066,0.1021978021978022,0.282017682073783,0.1846863315860465,0.8436278998778999,0.8590440620692722,93,910,0.8043033809432899,0.0662393162393162,1.0302094221115112,True,2
3rpn__3__1.C_1.F__1.I,c1556,0.3765715672573719,0.1117788461538461,0.2572219384148779,0.2222690094477782,0.5498584741110283,0.4952085791581203,93,832,0.3219257192173012,0.0687869822485207,3.00644588470459,False,2,0.7819297693457248,0.1117788461538461,0.2477175910463723,0.1873132296386804,0.846494239094239,0.8544580319036841,93,832,0.7819297693457249,0.0687869822485207,0.9394517540931702,True,2
1syi__1__1.B__1.D,c7,0.4364957167579182,0.1943734015345268,0.3573045026371163,0.3299694684025723,0.5100279049750913,0.548992236583376,76,391,0.3677450937824024,0.1117647058823529,1.7866226434707642,True,2,0.6461181591425746,0.1943734015345268,0.5273362710965152,0.400029894283024,0.6938242419202172,0.6850331294248125,76,391,0.6417399549596933,0.1117647058823529,1.149228811264038,True,2
5ted__1__1.B__1.C,c13035,0.1473729778616989,0.0797448165869218,0.1493976608187134,0.1610178293315761,0.4772084686147186,0.1493255139337723,50,627,0.0517557523235719,0.03813882532418,3.1164839267730717,False,2,0.194990847415094,0.0797448165869218,0.1731520467836257,0.1464268533714541,0.5770709325396826,0.3030981332611782,50,627,0.1949681619778484,0.03813882532418,11.123629570007324,True,2
1tmn__1__1.A__1.B_1.G,c218,0.3045826198738116,0.0994285714285714,0.269472099847544,0.2194257048222599,0.553451204215652,0.4038213066210763,87,875,0.1839073993572432,0.0621428571428571,2.735388994216919,True,2,0.5001534262406978,0.0994285714285714,0.2757088369359047,0.2113657200815681,0.6349443241943241,0.5142357493163567,87,875,0.5001534262406978,0.0621428571428571,1.655034065246582,True,2
5t6c__1__1.A__1.C,c118,0.1566792952507424,0.0986920332936979,0.176970576633821,0.1322578011728415,0.2853452737680612,0.3010879922921904,83,841,0.1441798445908192,0.0733863837312113,2.637619733810425,True,2,0.3855284113167374,0.0986920332936979,0.2089600640377785,0.1493879179549963,0.4883061528384261,0.3934629132180463,83,841,0.3854951172620554,0.0733863837312113,1.501209378242493,True,2
2tmn__1__1.A__1.F_1.G,c218,0.4809591081344233,0.2076923076923077,0.3786532964769846,0.3124030379799677,0.555045902169367,0.7174322590989258,54,260,0.2603133840679798,0.0989010989010989,1.783519625663757,True,2,0.6783343299605342,0.2076923076923077,0.3943124097473016,0.3408375313375972,0.7410464422455372,0.7709900593233926,54,260,0.6772946278472793,0.0989010989010989,1.0068713426589966,True,2
1tlp__1__1.A__1.B_1.G,c218,0.3624567797517717,0.1104582843713278,0.308422371610732,0.2655269945554364,0.572762168132113,0.4247832496013088,94,851,0.2544573638901615,0.0564564564564564,2.4359123706817627,True,2,0.418438464005236,0.1104582843713278,0.3170389241456336,0.272438687576905,0.5981390810653718,0.3746918400432903,94,851,0.4178140376010227,0.0564564564564564,1.6690057516098022,True,2
3pnl__1__1.A_1.B__1.D_1.E_1.F,c1033,0.232112292652266,0.0920920920920921,0.1354589414993869,0.1230511608908641,0.4205188924210538,0.4467774375261153,92,999,0.167641805022363,0.0608465608465608,2.6265082359313965,True,2,0.5599750104916179,0.0920920920920921,0.1943750982736516,0.1697386918794996,0.6993300286818805,0.7553646857900329,92,999,0.5599750104916179,0.0608465608465608,0.7925328612327576,True,2
5tb8__1__1.A__1.E_1.I_1.J,c31,0.361697243238943,0.0925925925925925,0.1983705508160845,0.1819970150094695,0.5200431752458068,0.4725527584838875,60,648,0.3199801867538838,0.0634920634920634,2.526265382766724,True,2,0.5542355020751972,0.0925925925925925,0.197790647281388,0.1725658870089903,0.7027619047619048,0.6297225298951489,60,648,0.5542355020751972,0.0634920634920634,0.9512148499488832,True,2
5t48__1__1.A__1.C,c326,0.5277944078252452,0.1079545454545454,0.3030945839558279,0.203142345403918,0.7555537055537056,0.5425533095380453,57,528,0.4943094793188699,0.0454545454545454,2.700169324874878,True,2,0.638172493024328,0.1079545454545454,0.3183338664997357,0.2357014943952369,0.7552789802789802,0.5277894225350237,57,528,0.6381278676882194,0.0454545454545454,1.4021800756454468,True,2
4tnp__1__1.B__1.J,c159,0.4013256963024036,0.1195054945054945,0.2614798557876651,0.1968933970861048,0.558459155640278,0.4447796713697678,87,728,0.348563288984657,0.0722591362126245,2.623522520065308,True,2,0.5559832513086626,0.1195054945054945,0.3070396671381893,0.2270524227432778,0.6290237308987309,0.6000256647477261,87,728,0.5552441670151513,0.0722591362126245,0.9649072885513306,True,2
4tnp__1__1.A__1.E,c159,0.3962447704571303,0.1112637362637362,0.3414105401597108,0.2362831955348453,0.5312346433328576,0.480030721987593,81,728,0.2575778570862036,0.0688775510204081,2.6228764057159424,True,2,0.5481952763789184,0.1112637362637362,0.3462317664698617,0.2424925300995756,0.6532999884102824,0.5945711211616987,81,728,0.5481952763789184,0.0688775510204081,0.9795612692832948,True,2
1tt1__1__1.B__1.D,c7,0.4170434871422489,0.1545454545454545,0.3550943791139869,0.3074781060514427,0.5344363044363044,0.5458923276270214,51,330,0.2586298663263993,0.0944444444444444,1.7252247333526611,True,2,0.6769547523437623,0.1545454545454545,0.4969390631155336,0.3623486532165752,0.7718253968253969,0.7109083376940519,51,330,0.6769547523437621,0.0944444444444444,0.9277251362800598,True,2
1tt1__1__1.A__1.C,c7,0.4312360460539316,0.1575757575757575,0.3509233168791992,0.3146246982649662,0.5498793762519253,0.5133438043438043,52,330,0.2845033937845859,0.1019607843137254,1.729074001312256,True,2,0.6485073809132716,0.1575757575757575,0.4847148684648684,0.3530567919911278,0.7218253968253968,0.7670313842536064,52,330,0.6485073809132716,0.1019607843137254,0.972000777721405,True,2
3pnl__1__2.A_2.B__2.D_2.E_2.F,c1033,0.2317659088302595,0.0920920920920921,0.136050410256713,0.1141604870166636,0.4252968107033008,0.4889641141870872,92,999,0.1664467410944156,0.0567901234567901,2.627281188964844,True,2,0.5544398198037904,0.0920920920920921,0.1950265222893126,0.1512148264496708,0.6866953328282305,0.739776558299332,92,999,0.5544398198037904,0.0567901234567901,0.8038684725761414,True,2
3tvq__1__1.A__1.B,c5720,0.2094187482520405,0.1471861471861472,0.4111909665411987,0.3553336782300121,0.4677083265448731,0.3396962087343831,68,462,0.1358105503433288,0.0858585858585858,2.464116096496582,True,2,0.2226913434613727,0.1471861471861472,0.4270133365289074,0.371386418079119,0.3609904785883712,0.2675924305248073,68,462,0.2172499582862811,0.0858585858585858,2.654256820678711,True,2
4rpn__2__1.D__1.K,c1738,0.2498414796098196,0.1704545454545454,0.3320584394487903,0.2459082958228629,0.4121642173888598,0.4545492875180374,45,264,0.1864661503997639,0.1136363636363636,1.477140188217163,True,2,0.2631067183847722,0.1704545454545454,0.4285750094737022,0.362498996573464,0.3793822879364398,0.3633264565295815,45,264,0.2626976487260531,0.1136363636363636,1.586690902709961,True,2
1txz__1__1.A_2.A__1.D_1.E_1.F,c3228,0.3127675993450081,0.1043543543543543,0.187444463338449,0.1713647790629414,0.4717027381994159,0.4656818618043107,139,1332,0.2938515417260469,0.078798185941043,3.3978114128112797,True,2,0.7264891595448284,0.1043543543543543,0.2332279724078987,0.1605478961898751,0.7671369305297876,0.7842669039595559,139,1332,0.7264891595448284,0.078798185941043,0.8390985131263733,True,2
1txz__1__1.A_2.A__2.D_2.E_2.F,c12080,0.3184250238880226,0.1043543543543543,0.198096109298848,0.1667241617296836,0.4690328951931223,0.4839847570719057,139,1332,0.2227507129059623,0.0715020576131687,3.395949602127075,True,2,0.7322345584602467,0.1043543543543543,0.2334597130151098,0.1741287398947542,0.7557549703383036,0.7544624164965645,139,1332,0.7322345584602467,0.0715020576131687,0.8477466106414795,True,2
4tnp__1__1.C__1.P,c159,0.3954365137930927,0.1084656084656084,0.2547058207010971,0.2316620212221988,0.5655962787212786,0.4908242804619423,82,756,0.3666449727085286,0.0697278911564625,2.6243577003479004,True,2,0.5946712010068905,0.1084656084656084,0.2895340020993331,0.2500900331337338,0.7220082513386085,0.6340383207078185,82,756,0.5946712010068905,0.0697278911564625,0.9004341959953308,True,2
4tnp__1__1.D__1.R,c159,0.4125900366938356,0.1126373626373626,0.2600551924817912,0.2307031667644551,0.5396530883138025,0.5045354864749669,82,728,0.4103227689479785,0.0836734693877551,2.639597177505493,True,2,0.5872926492126431,0.1126373626373626,0.2943314924042276,0.2551329084875458,0.687397465299251,0.592335430697223,82,728,0.5865317986760078,0.0836734693877551,0.9361587166786194,True,2
5t5u__1__1.A__1.C,c118,0.216228760999552,0.12,0.2070016297791084,0.1834079191706684,0.4197514603419764,0.3860692968037761,81,675,0.1117398177400071,0.0652173913043478,2.7085485458374023,True,2,0.5113385334157408,0.12,0.2510201465962782,0.2160147485126886,0.6482931590826327,0.5848908469077457,81,675,0.5113385334157408,0.0652173913043478,1.390601634979248,True,2
3qv2__1__1.A__1.B,c272,0.4928076633896003,0.1353276353276353,0.2887562660672925,0.1940683281308442,0.6717709086204562,0.7485026059786689,95,702,0.480363624592635,0.1014957264957265,2.993828773498535,True,2,0.911411713246596,0.1353276353276353,0.387203671182062,0.232523482689282,0.9173912000697716,0.8646399286987524,95,702,0.911411713246596,0.1014957264957265,0.5490586757659912,True,2
4tqc__1__1.A__1.C,c326,0.5027388046595557,0.1206896551724138,0.3585417866206044,0.3640370468050206,0.7193581780538302,0.6091179993760423,49,406,0.363030536064733,0.0456663560111835,2.365971803665161,True,2,0.814349870993777,0.1206896551724138,0.3645382414910916,0.2921377748094747,0.8120082815734989,0.7147869705482487,49,406,0.814349870993777,0.0456663560111835,1.2183078527450562,True,2
4to0__1__1.A__1.E,c159,0.4122479028107099,0.1126373626373626,0.2971813623823513,0.224696068095452,0.5375511492475779,0.4410035373523198,82,728,0.3485115226208017,0.075091575091575,2.558754205703736,True,2,0.5189522543182911,0.1126373626373626,0.2920999130843483,0.2398071492307802,0.640385444581873,0.5734667987006171,82,728,0.5189522543182912,0.075091575091575,1.0401298999786377,True,2
4tnz__1__1.C__1.Q_1.R,c159,0.3884300991564566,0.1111111111111111,0.3369616660245813,0.2178534504157407,0.5305211168142203,0.4118322285288918,87,783,0.3643096164172046,0.0789473684210526,2.687058687210083,True,2,0.535387331570389,0.1111111111111111,0.3558759770858463,0.2418387582153008,0.6720900507538436,0.5921920831440367,87,783,0.535387331570389,0.0789473684210526,0.9037333130836488,True,2
4tnz__1__1.B__1.L_1.M,c159,0.3597787417662563,0.104679802955665,0.2565519804473986,0.2231012906982639,0.5222149626167484,0.4204973619623029,85,812,0.3175882073310623,0.05981703026038,2.758540153503418,True,2,0.5633352005838338,0.104679802955665,0.3558562014951467,0.2458325019149084,0.6866345955631667,0.6237517841192778,85,812,0.5633352005838337,0.05981703026038,0.9409724473953248,True,2
1t3q__1__1.A_1.B__1.N_1.O_1.P,c234,0.2525031932800242,0.0904040404040404,0.1936851435431057,0.1514197085835681,0.4142063085897389,0.2998831176643014,179,1980,0.2227726027951966,0.0656158357771261,3.5544917583465576,True,2,0.3818293804547383,0.0904040404040404,0.1992259162861352,0.1576061012741305,0.5013184967190265,0.5330925429789515,179,1980,0.3815992989762861,0.0656158357771261,1.7640507221221924,True,2
3pnl__2__1.A_1.B__1.D_1.E_1.F,c1033,0.2290302787091182,0.0920920920920921,0.137215643306004,0.1154548184974559,0.4223705626986501,0.4687040497076815,92,999,0.1740127365269728,0.0597790773229369,2.6256024837493896,True,2,0.5529448491028484,0.0920920920920921,0.1951037755426996,0.1570996819522712,0.6904114558281225,0.6809840198192935,92,999,0.5529448491028484,0.0597790773229369,0.8063437938690186,True,2
4tqc__2__1.B__1.E,c326,0.4998820072990559,0.1206896551724138,0.3452432488146774,0.3670755123316648,0.724551414768806,0.622014620258273,49,406,0.4595001889127152,0.0625798212005108,2.3186068534851074,True,2,0.7899094355071774,0.1206896551724138,0.3472270477196585,0.344306546414409,0.8178053830227742,0.7118145051338328,49,406,0.7899094355071775,0.0625798212005108,1.1869398355484009,True,2
3tpt__1__1.A__1.C_1.D,c2488,0.4133998433731454,0.1021711366538952,0.2151611920290433,0.1686041774411935,0.5903708733774093,0.4931500115630082,80,783,0.321436938021374,0.0644122383252818,2.3945624828338623,True,2,0.6925194565232315,0.1021711366538952,0.200171490372675,0.1834803357368109,0.7257304526748972,0.8066932487280626,80,783,0.6925194565232317,0.0644122383252818,0.7906327843666077,True,2
4to0__1__1.B__1.J,c159,0.4220099399709551,0.1071428571428571,0.2831843745507287,0.2103433575759951,0.570297619047619,0.4230370726150508,78,728,0.4193491181181596,0.0795918367346938,2.552287578582764,True,2,0.5393849573553839,0.1071428571428571,0.2776292770111451,0.1999571038964345,0.6523957689136258,0.6079692219064655,78,728,0.5393849573553838,0.0795918367346938,0.9923918843269348,True,2
6pnz__1__1.A_1.B__1.D,c103,0.3079311532440348,0.1583333333333333,0.2649895643971331,0.2290709531118498,0.4173411745163352,0.4580521165342593,76,480,0.1833026016205536,0.096938775510204,1.8756567239761357,True,2,0.4450946664152028,0.1583333333333333,0.348405080847515,0.3002142088804231,0.5331982997161568,0.5953170073390661,76,480,0.4450946664152028,0.096938775510204,1.4917149543762207,True,2
6tx0__1__1.A__1.C_1.D_1.E_1.G,c159,0.309266822787514,0.0909090909090909,0.2817099548812192,0.1911847075000419,0.5188042926572338,0.4056932648371595,90,990,0.2926718860353981,0.073170731707317,3.21802306175232,True,2,0.5399314517169558,0.0909090909090909,0.2822266859714797,0.2320196260069555,0.65661334432763,0.6509974559461711,90,990,0.5392020087461334,0.073170731707317,0.9963935017585754,True,2
1ua4__1__1.A__1.D,c1264,0.3392764370989712,0.0988142292490118,0.2971063595035401,0.1995251808597182,0.5777755155472546,0.5189183730830861,75,759,0.3142086668992573,0.0665483584738243,2.432396411895752,True,2,0.6206633723622762,0.0988142292490118,0.2984904210121601,0.2410371671469112,0.6494667168580213,0.7324341116918148,75,759,0.6206633723622762,0.0665483584738243,0.8524892330169678,True,2
3sbx__2__1.C_1.D__1.K,c2020,0.5109911110454916,0.1332398316970547,0.3426086264574833,0.2450512962751612,0.6417401165560648,0.5793564978540819,95,713,0.458279147646333,0.096056622851365,2.301227331161499,True,2,0.8250992633689573,0.1332398316970547,0.3523660886715661,0.2725679223595719,0.8861537513556148,0.7782750756764969,95,713,0.8250992633689576,0.096056622851365,0.729222297668457,True,2
3tpt__2__1.B__1.F_1.G_1.H,c2488,0.4690554391380016,0.1262002743484225,0.2526193071107147,0.173461246988015,0.6240238327299731,0.5510643132073239,92,729,0.4316014939393373,0.0920920920920921,2.345860481262207,True,2,0.7970641821107898,0.1262002743484225,0.2710040202827417,0.2092906857908726,0.832248677248677,0.8418173234501433,92,729,0.7970641821107899,0.0920920920920921,0.7208930253982544,True,2
4to0__1__1.C__1.O,c159,0.3826451529922128,0.1153846153846153,0.2880776906999896,0.2249807094819565,0.5585287662073376,0.4727274174429178,84,728,0.3244069829089588,0.0789473684210526,2.557274103164673,True,2,0.5259914585714163,0.1153846153846153,0.288363255933409,0.2417097001426979,0.6677962331980188,0.6000332221146204,84,728,0.5259914585714162,0.0789473684210526,0.9923895597457886,True,2
6pnz__1__1.A_1.C__1.F,c103,0.2716311983941964,0.1583333333333333,0.2672592203067158,0.2439994914499609,0.4045040953661099,0.3849025449340575,76,480,0.1868955749163787,0.1104651162790697,1.8662116527557373,True,2,0.3757710327228069,0.1583333333333333,0.3343316932035972,0.3472709118776547,0.4652118206694099,0.493042082800486,76,480,0.3757710327228069,0.1104651162790697,1.6432963609695437,True,2
6tx0__1__1.B__1.K_1.L_1.M_1.O,c159,0.3017409978055621,0.0898989898989899,0.3044790013047084,0.1798550588956475,0.5340733040691024,0.4159322456779425,89,990,0.2933911987913174,0.0689922480620155,3.2119405269622803,True,2,0.5636720712399337,0.0898989898989899,0.2883766872748476,0.1943185808165082,0.6874970624613483,0.6418897213604375,89,990,0.5636720712399337,0.0689922480620155,0.9998345375061036,True,2
6tx0__1__2.A__2.C_2.D_2.E_2.G,c159,0.294199073288565,0.0909090909090909,0.2810216832762809,0.2017470792821143,0.5148083424511996,0.3758091794627746,90,990,0.2841179345939775,0.0697674418604651,3.221088171005249,True,2,0.5544322273223278,0.0909090909090909,0.2820136624904824,0.202944023117802,0.6784019961519961,0.659950998876967,90,990,0.5544322273223278,0.0697674418604651,0.9869841933250428,True,2
3rtf__1__1.B__1.G,c7,0.3985017455998758,0.2063492063492063,0.4430020393461689,0.3357857254047156,0.4959712772505231,0.4484453903939198,65,315,0.2099975516812392,0.1238095238095238,1.7815204858779907,True,2,0.6722461046177056,0.2063492063492063,0.5843635794405024,0.4476166354947689,0.7224321024978919,0.703987288792153,65,315,0.671121014823739,0.1238095238095238,1.3727657794952393,True,2
3sbx__2__1.C_1.D__1.L,c2020,0.5065506487674611,0.1332398316970547,0.2956691615050994,0.2011444951873346,0.6386533032185205,0.5793657990627757,95,713,0.4524686591177758,0.072463768115942,2.256579875946045,True,2,0.7577196823865273,0.1332398316970547,0.3080316193564701,0.2139173638945732,0.7912527525283279,0.8314952543443175,95,713,0.7577196823865273,0.072463768115942,0.8132251501083374,True,2
3u92__1__1.A__1.C,c7,0.3887909148802356,0.165079365079365,0.3343839493839494,0.2975574668050202,0.4806425734759068,0.4418727734753375,52,315,0.222320209168919,0.0962962962962963,1.643480658531189,True,2,0.7246538008567203,0.165079365079365,0.4928825341325341,0.3796513868737126,0.7919444444444445,0.7253665446614164,52,315,0.7246538008567202,0.0962962962962963,0.8857948780059814,True,2
4tus__1__1.A__1.E_1.F_1.I,c31,0.4613998608887127,0.1040372670807453,0.2392443240954169,0.2244210416335268,0.6059820576249146,0.6105708396350218,67,644,0.3810922784176803,0.0664682539682539,2.5464158058166504,True,2,0.6504866771130875,0.1040372670807453,0.2300737292968887,0.1830695668747344,0.8141255316112458,0.7250319779124634,67,644,0.6501013530435997,0.0664682539682539,1.1495100259780884,True,2
1t3q__1__1.D_1.E__1.AA_1.BA,c234,0.2379172411975523,0.0868686868686868,0.1858923244574156,0.1384196871319687,0.4094915985948754,0.2922564141168735,172,1980,0.2024151372247725,0.062049062049062,3.5620596408843994,True,2,0.3625608629066443,0.0868686868686868,0.1954124761512715,0.1360193828444303,0.5045822864090689,0.5259816678546932,172,1980,0.3625608629066443,0.062049062049062,1.6971228122711182,True,2
3ufm__1__1.A__1.B,c14616,0.1477208631226652,0.0802721088435374,0.1075850279663838,0.1201077829253608,0.2784456152313295,0.3379386195412349,59,735,0.0983717300576199,0.0481632653061224,2.5150163173675537,True,2,0.2990890618448899,0.0802721088435374,0.1885509488849469,0.1679188890028932,0.5891816827741199,0.4261231244065283,59,735,0.29908906184489,0.0481632653061224,1.7370187044143677,True,2
6sqz__1__1.A_1.B_2.A__1.C_1.D_1.E,c1396,0.463955124211646,0.125,0.2857587609219512,0.2331778704467688,0.6200698953823954,0.5236265167293986,84,672,0.2458373805402011,0.073170731707317,2.614297151565552,True,2,0.6913303237179222,0.125,0.2588283574890717,0.1961165998465886,0.7322093382807668,0.7693425222908858,84,672,0.6913303237179225,0.073170731707317,0.9207456707954408,True,2
6txf__1__1.A__1.C_1.D_1.E_1.G,c159,0.2942237325502816,0.1,0.2948062033035295,0.205765978079694,0.4962047659656018,0.3986311227208331,99,990,0.2380500632872931,0.06875,3.1437323093414307,True,2,0.5553699382960697,0.1,0.2928336834662822,0.2271414312403784,0.6737865652865653,0.6219016798261006,99,990,0.5553699382960698,0.06875,0.958210587501526,True,2
6tx0__1__2.B__2.K_2.L_2.M_2.O,c159,0.3119672317840021,0.0898989898989899,0.3032702849274527,0.204280189164528,0.5139114817644229,0.3877443184773367,89,990,0.2547699142067164,0.0539393939393939,3.211559772491455,True,2,0.5388414227951437,0.0898989898989899,0.2883766872748476,0.2082562681522167,0.6523487940630799,0.6374801737021065,89,990,0.5388414227951436,0.0539393939393939,1.0059787034988403,True,2
4u21__1__1.A_1.B__1.E,c7,0.1420077314532251,0.0902777777777777,0.2073040724414029,0.1429789141321849,0.2394418611925676,0.2650332552942065,104,1152,0.0945665304021092,0.0570175438596491,3.0237178802490234,True,2,0.2628021936176979,0.0902777777777777,0.2526138816785072,0.1963770001619101,0.3960274083895407,0.4054223707897291,104,1152,0.2628021936176979,0.0570175438596491,2.518979072570801,True,2
3t96__1__1.A__1.D,c7,0.4245443364384191,0.1942028985507246,0.4145720215927231,0.3884647256919689,0.5828943498452012,0.5068071087862754,67,345,0.3925770757496112,0.1440860215053763,1.824967861175537,True,2,0.6585564309153159,0.1942028985507246,0.5599520932356754,0.446383718132855,0.7198204322132893,0.7356109674469049,67,345,0.6585294447322416,0.1440860215053763,1.3051303625106812,True,2
4u21__1__1.A__1.C,c7,0.4039363690353799,0.2158730158730158,0.442360441845736,0.394616166185985,0.5240124740322661,0.4206775316030123,68,315,0.2795983126251578,0.1295238095238095,1.7596441507339478,True,2,0.498427869939304,0.2158730158730158,0.5522962821492233,0.4927668136983986,0.5626209791670317,0.5035258161309843,68,315,0.4965117149503856,0.1295238095238095,1.8578261137008667,True,2
4u21__1__1.B__1.D,c7,0.4346391047106059,0.206060606060606,0.4574930954602235,0.3610164151339756,0.5346820272329819,0.4487965783548716,68,330,0.2226592965075552,0.1079365079365079,1.7602901458740234,True,2,0.6091891968423164,0.206060606060606,0.5746967493291023,0.477729279347005,0.6410958855958856,0.6091562750817558,68,330,0.6082725665498678,0.1079365079365079,1.6202884912490845,True,2
4to0__1__1.D__1.R,c159,0.4131147769740589,0.1126373626373626,0.2769661911327724,0.211951690534083,0.5426867626421198,0.5201805022646215,82,728,0.4110123280714832,0.0813492063492063,2.575671911239624,True,2,0.5609902676112998,0.1126373626373626,0.2979554151810249,0.2297703403663253,0.6952730850498706,0.6200098601708094,82,728,0.5609902676112998,0.0813492063492063,0.9690306782722472,True,2
6thj__10__1.J__1.DA,c2174,0.5170970637463433,0.1904761904761904,0.3961216931216931,0.3082464416631053,0.6154718297575439,0.7155355616605616,40,210,0.460692289041831,0.1212121212121212,1.6283129453659058,True,2,0.5149718330136941,0.1904761904761904,0.3609059829059829,0.3226797759247564,0.6457622139764997,0.6921947843822843,40,210,0.5112989665063874,0.1212121212121212,1.115218162536621,True,2
3tsu__1__1.A__1.G,c1652,0.3804085640780766,0.0989247311827957,0.2082051498582277,0.1522005341055536,0.5153686047602596,0.3784822345634702,92,930,0.2993014941657475,0.058191018342821,3.347923040390014,True,2,0.5747913349570313,0.0989247311827957,0.2272292730388946,0.1652233826439701,0.6672164126196384,0.5844878122803523,92,930,0.5747805683764974,0.058191018342821,0.9611850380897522,True,2
6thj__11__1.K__1.FA,c2174,0.3564748591684742,0.1644444444444444,0.2941368841368841,0.2777505278891471,0.4444859271782349,0.5358816207842182,37,225,0.2914155136668793,0.1121212121212121,1.5892668962478638,True,2,0.4864897103329944,0.1644444444444444,0.2965910965910966,0.2584072603437944,0.5861403411403412,0.5870277449822904,37,225,0.4451273153186139,0.1121212121212121,1.1113263368606567,True,2
6sqz__1__1.A_2.A_2.B__2.C_2.D_2.E,c1396,0.4283385915027118,0.125,0.2834921075073385,0.2299986106903834,0.6066111646678873,0.4764958523615235,84,672,0.2886189324997087,0.0769230769230769,2.6163318157196045,True,2,0.6837595186385886,0.125,0.2596240329020941,0.2040026488569882,0.7538079777365493,0.7518685209255938,84,672,0.6837595186385886,0.0769230769230769,0.953263223171234,True,2
6sbt__1__1.A__1.B_1.D,c7,0.2959685192355291,0.0968253968253968,0.1746951145872629,0.1600776535051164,0.3681695156695156,0.4735081431217658,61,630,0.1961611485262951,0.0549549549549549,2.6313724517822266,True,2,0.6164041951444318,0.0968253968253968,0.2982375327180052,0.1899579246032756,0.7495813792688791,0.640636661375383,61,630,0.6164041951444318,0.0549549549549549,1.2361022233963013,True,2
6pnz__1__1.B_1.C__1.E,c103,0.3147665543213532,0.1645833333333333,0.2661222326508581,0.2216126723141277,0.4521541167338149,0.4188707044589397,79,480,0.1525183546109197,0.0914351851851851,1.8731136322021484,True,2,0.325723296645577,0.1645833333333333,0.3435416253031715,0.3207636856118694,0.4280805749600593,0.4377561755082763,79,480,0.3257232966455769,0.0914351851851851,1.9376753568649288,True,2
6s22__1__1.A_1.B__1.R_1.S,c186,0.3656585456657892,0.1061538461538461,0.2126453961377908,0.1448600289480411,0.5775300258736791,0.4900043966819862,69,650,0.2515126480501626,0.0707692307692307,2.4654524326324463,True,2,0.5527968502270448,0.1061538461538461,0.2287719810737713,0.1462185015360351,0.6981590752242927,0.7068275282505193,69,650,0.5527968502270448,0.0707692307692307,0.8300071358680725,True,2
6txf__1__1.B__1.K_1.L_1.M_1.O,c159,0.2880814358724142,0.0989583333333333,0.2731923502251675,0.183335889542969,0.5174726856390942,0.3932622353952675,95,960,0.2636574699382072,0.0753968253968253,3.081102132797241,True,2,0.5383444583797329,0.0989583333333333,0.2894805787107237,0.1975353098853695,0.6470138472638474,0.6437479143734162,95,960,0.5383444583797329,0.0753968253968253,0.9583799839019777,True,2
6txf__1__2.A__2.C_2.D_2.E_2.G,c159,0.3087467398481842,0.1,0.2868005052978315,0.204527641791825,0.509514261638799,0.4100929591542734,99,990,0.2888602840523682,0.0717391304347826,3.1441080570220947,True,2,0.5645897479963998,0.1,0.2928336834662822,0.2302302322903067,0.6815356742023408,0.6565475638082261,99,990,0.5645897479963998,0.0717391304347826,0.94663667678833,True,2
4u22__1__1.A__1.B,c7,0.3513258865479811,0.2158730158730158,0.4389754432182952,0.3368171480267815,0.4761354534486813,0.397276873453344,68,315,0.232405130631459,0.1462365591397849,1.7596807479858398,True,2,0.5800219759504025,0.2158730158730158,0.5427737186560716,0.4599930258805553,0.6373850593277838,0.592925478870049,68,315,0.5785621582271434,0.1462365591397849,1.6160638332366943,True,2
6thj__1__1.A__1.M,c2174,0.447346518755107,0.1866666666666666,0.3819354807450045,0.3315121402691117,0.543572003393432,0.6176249411963698,42,225,0.3689947004921365,0.1272727272727272,1.6194785833358765,True,2,0.5768072273023616,0.1866666666666666,0.3530250305250305,0.3478685617704419,0.6440700371057514,0.6824876446305017,42,225,0.5734557493888649,0.1272727272727272,1.084411859512329,True,2
6thj__2__1.B__1.O,c2174,0.413612125541528,0.2047619047619047,0.4095412253551788,0.337459708107907,0.4989904354904355,0.6435204425204425,43,210,0.1935281428583488,0.0924731182795698,1.6124267578125,True,2,0.5463557521241393,0.2047619047619047,0.4109827640060198,0.3287002339412185,0.5744179894179894,0.6901216144966145,43,210,0.5463557521241393,0.0924731182795698,1.1128336191177368,True,2
6thj__3__1.C__1.P,c2174,0.4323165047188233,0.1866666666666666,0.3425113070351165,0.3267784975107033,0.5083243542172113,0.5180035945295686,42,225,0.2742749634915399,0.1037037037037037,1.6223984956741333,True,2,0.5338852918437818,0.1866666666666666,0.3513098629765296,0.3112399355286771,0.6573582766439908,0.6116822931757997,42,225,0.5338852918437818,0.1037037037037037,1.0544036626815796,True,2
6thj__4__1.D__1.R,c2174,0.5086309830122568,0.1857142857142857,0.3548005698005698,0.361789413748258,0.5911752929610072,0.6667302221587935,39,210,0.2440742392490873,0.0866666666666666,1.6116492748260498,True,2,0.4860978406351384,0.1857142857142857,0.3341813741813741,0.3543990671328778,0.5627250824572253,0.622882313453742,39,210,0.4860978406351383,0.0866666666666666,1.2625453472137451,True,2
6sbt__1__2.A__2.B_2.D,c7,0.3000813557590595,0.0968253968253968,0.1746951145872629,0.1380566756263289,0.3777223872260637,0.459477357522553,61,630,0.282158117339138,0.0701149425287356,2.6313223838806152,True,2,0.6172274807189282,0.0968253968253968,0.2982375327180052,0.188347666011977,0.7516184163059162,0.6642310563983495,61,630,0.6172274807189283,0.0701149425287356,1.2371981143951416,True,2
6txf__1__2.B__2.K_2.L_2.M_2.O,c159,0.2940094899718198,0.0989583333333333,0.2690208102641539,0.2003020195053218,0.5067262234955733,0.4060186985723096,95,960,0.2089833187308591,0.056547619047619,3.0811431407928467,True,2,0.5473272565251094,0.0989583333333333,0.2894805787107237,0.2035862482839496,0.6671463113605971,0.6370762680380829,95,960,0.5473272565251093,0.056547619047619,0.9344627857208252,True,2
3t96__1__1.B__1.G,c7,0.4264532560637664,0.1942028985507246,0.4215324575083828,0.3710776491056525,0.5812870091438203,0.4960065628815628,67,345,0.2306408059939615,0.1145299145299145,1.821910381317139,True,2,0.736422796295306,0.1942028985507246,0.5341861676190035,0.4219611258266205,0.7684217687074828,0.8209969500985126,67,345,0.7364227962953059,0.1145299145299145,1.0565568208694458,True,2
4u23__1__1.A__1.B,c7,0.3840235247726553,0.2158730158730158,0.4402442586653113,0.3569042361804867,0.4748405390571282,0.3821220353092525,68,315,0.2208968219567836,0.1333333333333333,1.768397331237793,True,2,0.5624301975747529,0.2158730158730158,0.5600717174981881,0.4682568623307508,0.62561626621777,0.5719955509548269,68,315,0.4408298566547176,0.1333333333333333,1.5977791547775269,True,2
4to2__1__1.A__1.E_1.F,c159,0.3082802945088789,0.0978865406006674,0.2222354245480431,0.1760240126904176,0.474553761650536,0.3582155818158523,88,899,0.2566287936750747,0.0675883256528417,2.9401087760925293,True,2,0.4884788679834255,0.0978865406006674,0.3077264029000918,0.202481425208408,0.5877843795988958,0.5696402879941537,88,899,0.4884788679834254,0.0675883256528417,1.0321159362792969,True,2
3t2e__1__1.A_4.A__1.D,c2190,0.4442865695161778,0.1394230769230769,0.4219078380312216,0.3237364242569335,0.616354894442646,0.4296894899318367,58,416,0.3653439249129386,0.0979729729729729,2.032390832901001,True,2,0.7418451915313166,0.1394230769230769,0.4161103025327163,0.338055026611171,0.8032128201659451,0.7481212466671651,58,416,0.7418451915313165,0.0979729729729729,0.7347796559333801,True,2
3u92__1__1.B__1.H,c7,0.4049124379267613,0.1606060606060606,0.3213378759605175,0.2980875314146457,0.4906168029501362,0.5231833269836932,53,330,0.2538852223698306,0.0861788617886178,1.7027406692504885,True,2,0.7724812736480934,0.1606060606060606,0.5122705945347454,0.3447685880872092,0.8142063492063493,0.8367491686173005,53,330,0.7724812736480933,0.0861788617886178,0.8173472285270691,True,2
5tva__2__1.B__1.E,c1867,0.4818577998626331,0.1363636363636363,0.3308356955939578,0.1883935558518902,0.573391718989545,0.6306626625321304,69,506,0.3943727730484077,0.09375,2.1926443576812744,True,2,0.6390564564664718,0.1363636363636363,0.3549333423124149,0.2609727490142831,0.6747877846790891,0.6972144099291769,69,506,0.6390564564664718,0.09375,0.8352370262145996,True,2
6thj__5__1.E__1.T,c2174,0.438694619580191,0.2,0.3838934434172529,0.3723299815179388,0.5346069505890935,0.7126532264032265,42,210,0.2443524713025816,0.112,1.5878427028656006,True,2,0.5187007892091829,0.2,0.3796187454520788,0.3625743923789872,0.6034495464852607,0.7019136727470061,42,210,0.5187007892091829,0.112,1.0983794927597046,True,2
6uf0__1__1.A__1.C,c315,0.2203018747087134,0.0770348837209302,0.1865153290877811,0.1742150152979648,0.3677851841243658,0.2486113364846737,106,1376,0.1898720483952626,0.0560253699788583,3.0875725746154785,True,2,0.1734827951583328,0.0770348837209302,0.1742018568922259,0.1527494177291136,0.3419581554492922,0.2766556823044629,106,1376,0.1719296529452374,0.0560253699788583,2.5488076210021973,True,2
6s2g__1__1.A__1.I_1.P,c804,0.3093374519311634,0.0865800865800865,0.266656026352996,0.1967022870641977,0.4337850846471537,0.4084940648610188,60,693,0.2414032581382807,0.0404040404040404,3.025834560394287,True,2,0.5868253110545719,0.0865800865800865,0.2927542840820353,0.2433496828675984,0.7430172413793104,0.6175865456617134,60,693,0.5861791936864628,0.0404040404040404,1.5957489013671875,True,2
3t96__2__1.C__1.J,c7,0.4176817875428849,0.1969696969696969,0.4110749573783629,0.3899887663581783,0.5935153739688054,0.4459706034706034,65,330,0.3073540789332559,0.1203703703703703,1.8469878435134888,True,2,0.6994606687597854,0.1969696969696969,0.5459561748792519,0.4478222033496127,0.7632585034013605,0.7292384467384466,65,330,0.6994606687597854,0.1203703703703703,1.137355089187622,True,2
1uqu__1__1.A__1.C,c119,0.2455224036145343,0.0763888888888889,0.1372048812887089,0.1218573736149152,0.4594870736688644,0.4611935059041798,99,1296,0.2297117218899438,0.0561224489795918,3.476846694946289,True,2,0.6315786068289031,0.0763888888888889,0.1391361991874068,0.1011151173576039,0.7763873749707082,0.7082760242662204,99,1296,0.6315786068289031,0.0561224489795918,0.9907459020614624,True,2
6thj__7__1.G__1.X,c2174,0.4604892041500942,0.2047619047619047,0.4013444737863342,0.3375750171666503,0.5103470973470974,0.661208845594914,43,210,0.1957782126809346,0.1023809523809523,1.583276391029358,True,2,0.4891130280901373,0.2047619047619047,0.3721012579152114,0.361107196302448,0.5588148148148149,0.6558504331821923,43,210,0.4704167247641654,0.1023809523809523,1.1668182611465454,True,2
6thj__6__1.F__1.V,c2174,0.3405191481109387,0.1777777777777777,0.3474173789173789,0.2808005177346347,0.4736263736263736,0.6043130361701791,40,225,0.2065745844796025,0.0919540229885057,1.575793743133545,True,2,0.4703334463876333,0.1777777777777777,0.3325270146520146,0.3428682576962543,0.5703398783755927,0.6662986220129078,40,225,0.4629429586881209,0.0919540229885057,1.1000173091888428,True,2
6s2g__1__2.A__2.I_2.P,c804,0.2904371933779121,0.0865800865800865,0.2531918390251723,0.1538298089618093,0.4041990878651495,0.4023096083720299,60,693,0.2123997310113027,0.0422832980972515,3.0292983055114746,True,2,0.4121240618032592,0.0865800865800865,0.2936616679439646,0.1974181620729886,0.6727803901079763,0.4732752414254237,60,693,0.4113182695511526,0.0422832980972515,1.8033658266067505,True,2
3t96__2__2.C__2.J,c7,0.4132725561454923,0.1969696969696969,0.410954822954823,0.3898890331673095,0.5923821235749033,0.4495497557997557,65,330,0.2445733368815183,0.1238095238095238,1.84673810005188,True,2,0.7032313830400728,0.1969696969696969,0.5464783194013964,0.4436952963973715,0.7500026455026454,0.7787187966354633,65,330,0.703231383040073,0.1238095238095238,1.0822010040283203,True,2
4rt2__1__1.A__1.E_1.F_1.J,c31,0.363642656841216,0.1094452773613193,0.2328275364429503,0.2011493173296253,0.5053825197015075,0.4488808929166072,73,667,0.2526116695157945,0.0740365111561866,2.6113035678863525,True,2,0.6569099654304209,0.1094452773613193,0.2602048085751439,0.2035374938537069,0.7510101964467043,0.6835712735236544,73,667,0.6569099654304208,0.0740365111561866,0.9540513157844543,True,2
3t9h__1__1.A__1.D,c7,0.3026466517896757,0.1583333333333333,0.2826130665191552,0.2811343205860564,0.3938651312376803,0.365394736711701,57,360,0.2493927033592047,0.095,1.6728593111038208,True,2,0.5194882362800611,0.1583333333333333,0.4285428018451753,0.3632802952753558,0.5978711103711104,0.5507584305575377,57,360,0.5194415182183704,0.095,1.0183682441711426,True,2
6thj__9__1.I__1.BA,c2174,0.3762706320061712,0.1809523809523809,0.3643908382066276,0.2801119189530544,0.5747789247789249,0.4837836991540695,38,210,0.1674668957483322,0.0873563218390804,1.7109659910202026,True,2,0.5087011752433214,0.1809523809523809,0.3296978557504874,0.3173835092154313,0.6142350704850704,0.6623873965540632,38,210,0.5072849874738988,0.0873563218390804,1.136782169342041,True,2
6thj__8__1.H__1.Z,c2174,0.4627593776608437,0.1952380952380952,0.3933902141219214,0.3433690548620462,0.544353008103008,0.6338680486180486,41,210,0.4267111093467086,0.1366666666666666,1.6184126138687134,True,2,0.4955555866423876,0.1952380952380952,0.3737505493603055,0.31411284793363,0.6053202947845805,0.671761211011211,41,210,0.4939855346992129,0.1366666666666666,1.0860151052474976,True,2
4to2__1__1.B__1.K_1.L,c159,0.3061772171497411,0.0897177419354838,0.2504607438751844,0.1852126572187804,0.4760621451001635,0.3433003879705568,89,992,0.2390119444470226,0.0585911784068466,3.083056926727295,True,2,0.5154661831671126,0.0897177419354838,0.3099706514875054,0.2121493769182484,0.6412265691297949,0.6084125191755593,89,992,0.5154661831671126,0.0585911784068466,0.9816019535064696,True,2
5tvg__3__1.A__1.I_1.L,c119,0.3281948984150074,0.096,0.1856052765693497,0.1476794159504902,0.5276675849403122,0.5890476502325918,60,625,0.2567067572763863,0.0615384615384615,2.583937883377075,True,2,0.717749232856676,0.096,0.200005178481649,0.147404796235829,0.814448051948052,0.788216430963153,60,625,0.7177492328566759,0.0615384615384615,0.9361602663993835,True,2
5tvg__1__1.A__1.I_1.L,c119,0.288296377574938,0.096,0.1879386099026831,0.1520194991497389,0.4992063492063492,0.4103110649181586,60,625,0.240245437153951,0.0631578947368421,2.5891313552856445,True,2,0.7087282205203654,0.096,0.1971497863247863,0.1778377050822922,0.8385768398268397,0.7963284339117672,60,625,0.7087282205203654,0.0631578947368421,0.937164843082428,True,2
3t2e__1__5.A_8.A__5.D,c2190,0.474601732769227,0.1394230769230769,0.4197077661921412,0.31854946153422,0.6068974139286639,0.4730615019900734,58,416,0.3537687658649224,0.090625,2.0308549404144287,True,2,0.7409374539852918,0.1394230769230769,0.4170517102629172,0.3547643390101171,0.8014370265151516,0.7532240992189971,58,416,0.7409374539852915,0.090625,0.732911229133606,True,2
6rbj__1__1.A__1.D_1.E_1.F,c2537,0.4969625092233699,0.1840277777777778,0.5474056603773585,0.4192058797081458,0.6985319888444889,0.4704960317460317,53,288,0.4103609728530547,0.089527027027027,1.897874355316162,True,2,0.5333005587904289,0.1840277777777778,0.5578764395981377,0.5937022156961399,0.6337485893735895,0.4708424026624574,53,288,0.5331337009324666,0.089527027027027,1.878207325935364,True,2
3t9h__1__1.B__1.G,c7,0.3044364876951333,0.1638888888888889,0.2888163535946503,0.2610969973409281,0.3958412651255788,0.39234003168899,59,360,0.2244283223721917,0.1191919191919192,1.6868784427642822,True,2,0.6084843667312855,0.1638888888888889,0.4157459427873187,0.3131668890331752,0.668968253968254,0.6038375180953306,59,360,0.5874409626150547,0.1191919191919192,1.0033080577850342,True,2
5tsx__1__1.A__1.S,c1996,0.3899132099363246,0.2088888888888889,0.3749969604863222,0.3334902886347716,0.65244708994709,0.3523044878383122,47,225,0.2061583202447998,0.0854545454545454,1.9470338821411133,True,2,0.5876888915662362,0.2088888888888889,0.4011246200607902,0.4269072562523178,0.622172619047619,0.5857996511021396,47,225,0.5876888915662362,0.0854545454545454,1.342154622077942,True,2
6rbj__2__1.B__1.K_1.L,c2537,0.4914267200877438,0.19921875,0.4925682773109244,0.4193076582516193,0.7064840541403041,0.481104821104821,51,256,0.4298755260720084,0.1138392857142857,1.986505150794983,True,2,0.6906943568026312,0.19921875,0.5811595471521942,0.5017717076953372,0.7645709325396826,0.7123331529581529,51,256,0.6906943568026312,0.1138392857142857,0.9393509030342102,True,2
3t9h__2__1.C__1.J,c7,0.3345124250494357,0.1739130434782608,0.3058052862170509,0.2819799720550516,0.4203758223828251,0.4891192706470484,60,345,0.2064939487319805,0.1052631578947368,1.6157406568527222,True,2,0.6251611974813339,0.1739130434782608,0.4649738851381008,0.397117283831179,0.665960076960077,0.6980855718355717,60,345,0.6251611974813339,0.1052631578947368,1.0441299676895142,True,2
2uyc__1__1.A__1.D,c272,0.4395741817595425,0.1282051282051282,0.2596058697481302,0.1879191346430331,0.600726160133183,0.7438389600760931,100,780,0.35492622279064,0.0894454382826475,3.00097393989563,True,2,0.8696890969197927,0.1282051282051282,0.3600271060688272,0.2498317458827431,0.8921595071595072,0.912407524511105,100,780,0.8696890969197927,0.0894454382826475,0.6324803829193115,True,2
4rt3__1__1.A__1.E_1.F_1.L,c31,0.3622355979605455,0.1139430284857571,0.2307574183434918,0.2062798728368821,0.5161001281409444,0.4149903324346374,76,667,0.3108035829789803,0.0655172413793103,2.6069905757904053,True,2,0.6319319153906163,0.1139430284857571,0.2507970200801416,0.2001592742542006,0.7049777876518571,0.603635227765293,76,667,0.631896901385014,0.0655172413793103,0.952722191810608,True,2
4to2__1__1.C__1.R_1.S,c159,0.3529014269662261,0.1180371352785145,0.2642834337959346,0.2039777369182585,0.4987586742759156,0.4142370616452964,89,754,0.2697818376660307,0.0748528174936921,2.672926902770996,True,2,0.5536595440314885,0.1180371352785145,0.364204239301101,0.2141092337776201,0.6880792738551357,0.650883355612306,89,754,0.5536595440314886,0.0748528174936921,0.912026345729828,True,2
5u2r__1__1.A__1.E_1.F_1.G,c31,0.4443292224338612,0.1009316770186335,0.2024525843891516,0.1618277574532338,0.589265811965812,0.5304298627959343,65,644,0.3223458054136824,0.0663265306122449,2.631555795669556,False,2,0.5861662787182387,0.1009316770186335,0.1540142154225864,0.1483236676062023,0.6923297052154195,0.6274505529193029,65,644,0.5861190403890585,0.0663265306122449,0.9326930046081544,True,2
5u2t__1__1.A__1.E_1.F_1.M,c31,0.3407876701859087,0.1015037593984962,0.1805378869366964,0.1501919431512542,0.5028744588744589,0.4364553284961446,54,532,0.2683140219756393,0.0567226890756302,2.628031015396118,True,2,0.3693417963078849,0.1015037593984962,0.1408546865392103,0.1360649158932038,0.4942503607503608,0.4903180813895099,54,532,0.3693417963078848,0.0567226890756302,1.680980920791626,True,2
5tsx__1__1.H__1.V,c1996,0.3919795764158986,0.1955555555555555,0.4038831168831169,0.3539162529500178,0.6617965367965367,0.3372300470469206,44,225,0.1557444449485963,0.0606896551724137,1.9254573583602903,True,2,0.559047918083225,0.1955555555555555,0.4055497835497835,0.4133364708042687,0.6421897546897547,0.4625401802880047,44,225,0.5590479180832251,0.0606896551724137,1.4242476224899292,True,2
4to2__1__1.D__1.V_1.W,c159,0.3578908881821447,0.0989247311827957,0.2468906748965634,0.2206789553483898,0.5090770517169948,0.3958051758948191,92,930,0.3318266745193725,0.0690172543135784,2.9903550148010254,True,2,0.5252855940148882,0.0989247311827957,0.30760725375423,0.2253422669906727,0.6548657749060973,0.607302588242486,92,930,0.5252855940148883,0.0690172543135784,1.0335047245025637,True,2
3t9h__2__2.C__2.J,c7,0.3025968885220268,0.1739130434782608,0.3179781257232237,0.2965132348353063,0.3822685809625585,0.3921264383764383,60,345,0.1871187240649477,0.0952380952380952,1.6187375783920288,True,2,0.5537322864042131,0.1739130434782608,0.4309262660904817,0.400836278925811,0.633707190957191,0.6445047339491783,60,345,0.5537322864042133,0.0952380952380952,1.1344722509384155,True,2
5tsx__2__1.B__1.T,c1996,0.3703600174614359,0.2044444444444444,0.373072463768116,0.3633738267679567,0.6386300897170462,0.3762523121008505,46,225,0.1255611144691227,0.0681481481481481,1.929609775543213,True,2,0.5440349642508036,0.2044444444444444,0.373072463768116,0.3864491742580616,0.5907694962042788,0.5438594234514393,46,225,0.5440349642508034,0.0681481481481481,1.376794695854187,True,2
5vez__1__1.D__1.F_1.I,c31,0.3954136788058771,0.1071428571428571,0.2278192405982008,0.2563598434491962,0.5176790955957623,0.468395757681472,72,672,0.3766211657464021,0.0676691729323308,2.66015362739563,True,2,0.6365710768493963,0.1071428571428571,0.2121904999049606,0.2023888775547614,0.7440957000083984,0.6687317795239872,72,672,0.6365710768493963,0.0676691729323308,0.9546329975128174,True,2
4ut5__1__1.A_1.B__1.F_1.K_1.L,c266,0.1791478612412548,0.0851063829787234,0.1507011992883003,0.1555532512095173,0.5688889153174866,0.206869738439874,64,752,0.0947588573531581,0.0486322188449848,2.855400323867798,True,2,0.1925342977469175,0.0851063829787234,0.1551776477807063,0.1644012771144689,0.5562141672260721,0.2243625914056216,64,752,0.1925342977469175,0.0486322188449848,2.01731538772583,True,2
4to3__1__1.A__1.E_1.F,c159,0.398147463862011,0.1071428571428571,0.2591854023401642,0.2079769237560396,0.5467752329869677,0.4113830797426776,81,756,0.3561641273180175,0.0657467532467532,2.6660399436950684,True,2,0.5576671925436305,0.1071428571428571,0.3175078136883692,0.2150301012358623,0.6812697025197024,0.6113227886116008,81,756,0.5576671925436305,0.0657467532467532,0.9314119815826416,True,2
5tsx__2__1.G__1.U,c1996,0.3545321785625192,0.1955555555555555,0.3843621933621933,0.3110104664737013,0.6634018759018758,0.3376824422858384,44,225,0.1868359346661258,0.0838095238095238,1.928473949432373,True,2,0.5264291918205576,0.1955555555555555,0.3849480519480519,0.3852150707508588,0.5986291486291486,0.4829398178803393,44,225,0.5264291918205577,0.0838095238095238,1.4351791143417358,True,2
4to3__1__1.B__1.K_1.L,c159,0.437669336121413,0.1058673469387755,0.3140629312665922,0.2206462716037409,0.6346948085761112,0.4244483393568477,83,784,0.3902102329598512,0.0644409937888198,2.6490347385406494,True,2,0.6108384019892363,0.1058673469387755,0.3072517843602181,0.2043429470844036,0.7203500566893425,0.625658954112768,83,784,0.6108384019892366,0.0644409937888198,0.9016711711883544,True,2
5umx__1__1.A_1.B__1.D,c2018,0.4118544002508184,0.1296296296296296,0.4816669196960202,0.3754449439454007,0.5909191618566618,0.5176956625455534,63,486,0.2413927178000364,0.0598290598290598,2.2180933952331543,True,2,0.7145749047507868,0.1296296296296296,0.4871775034992173,0.4426816006040755,0.7587714947089946,0.7507936773900892,63,486,0.7145749047507864,0.0598290598290598,1.1938353776931765,True,2
5ujj__1__1.A__1.C_1.D_1.E,c121,0.3279871793679607,0.1011781011781011,0.226521225937649,0.2057336232480096,0.4523493152359434,0.3141712992834291,146,1443,0.285778962030207,0.0789189189189189,3.254098415374756,True,2,0.6476156778002878,0.1011781011781011,0.2243689897221789,0.1803414208479349,0.7356853425760748,0.6890706177067702,146,1443,0.6476156778002878,0.0789189189189189,1.129442572593689,True,2
2v8y__1__1.A__1.E,c326,0.5096160966336275,0.1128472222222222,0.4474477605727606,0.3920303797650827,0.7287684240362813,0.4798665176577315,65,576,0.2864046824107799,0.0634765625,2.4179458618164062,True,2,0.7032957941914484,0.1128472222222222,0.3886876144688644,0.3224365609770354,0.7656179138321997,0.5728100600528298,65,576,0.7032957941914483,0.0634765625,1.3542366027832031,True,2
4v3c__1__1.A__1.B,c1327,0.4797878651096893,0.1346469622331691,0.3678840275905188,0.3025641421760293,0.6260334638906068,0.5668124157987705,82,609,0.3568573872366847,0.0848861283643892,1.9915300607681277,True,2,0.8318603473889671,0.1346469622331691,0.380407770542788,0.2612444897285879,0.8310260770975058,0.8451918182738289,82,609,0.8318603473889672,0.0848861283643892,0.6688528060913086,True,2
4to3__1__1.C__1.R_1.S,c159,0.4092699252446209,0.1033163265306122,0.2814814309581149,0.2225482617613765,0.5484718769986627,0.4727342631798462,81,784,0.294189836391191,0.0688775510204081,2.653001546859741,True,2,0.5575909647031666,0.1033163265306122,0.3269636851978121,0.2206202294300444,0.6679781537434598,0.6324328527545439,81,784,0.5575909647031666,0.0688775510204081,0.9038001894950868,True,2
5ujj__1__1.B__1.F_1.G,c121,0.3519451726374627,0.1038406827880512,0.2234867170322601,0.1874487030647483,0.4527255121657242,0.336693985622256,146,1406,0.3386009563306046,0.0805295091009376,3.255548477172852,True,2,0.6260464563568875,0.1038406827880512,0.2295950899038346,0.1453548585998356,0.7227401427401428,0.683594442852044,146,1406,0.6260464563568874,0.0805295091009376,1.1909430027008057,True,2
1vso__1__1.A__1.B_1.C,c7,0.2371355130914659,0.1238095238095238,0.282000407000407,0.2496764465531915,0.4200204563954563,0.3458549285747726,52,420,0.1323192190802963,0.0687830687830687,2.3710289001464844,True,2,0.3777457866949614,0.1238095238095238,0.3781394861752004,0.2688346661444841,0.5403128584378585,0.3796119339241852,52,420,0.3777223298613993,0.0687830687830687,1.9069563150405884,True,2
2v8y__2__1.C__1.F,c326,0.4029818056794806,0.1066176470588235,0.4042458723627904,0.3310647052665034,0.642126429126429,0.4466340270572618,58,544,0.3195911908696661,0.0604166666666666,2.6350154876708984,True,2,0.6807863940279549,0.1066176470588235,0.3586284554765158,0.3100535549883492,0.8118285714285715,0.6260217197375407,58,544,0.6807753931698881,0.0604166666666666,1.5551170110702517,True,2
2vuc__1__1.A_1.B__1.I_1.K_1.L,c266,0.3647421491336877,0.16,0.328091603978613,0.258288338345467,0.5725080219488115,0.6062464793402096,64,400,0.229631195819645,0.0864864864864864,2.1276559829711914,True,2,0.6264450948885456,0.16,0.3964020311285937,0.3552829157313268,0.7431317640692641,0.7226070930832835,64,400,0.6264450948885457,0.0864864864864864,1.2240967750549316,True,2
3vy2__1__1.A_1.B__1.C,c1089,0.6000822535133554,0.117908787541713,0.3272392944004754,0.1685648636495965,0.6814606271864336,0.8139443999085878,106,899,0.5753229529070861,0.0759856630824372,2.880763292312622,True,2,0.8006641464253934,0.117908787541713,0.3465013084335559,0.2363954404559266,0.8200434064143741,0.8387411440600216,106,899,0.8006641464253934,0.0759856630824372,0.8147177696228027,True,2
1vso__1__2.A__2.B_2.C,c7,0.2438936431224598,0.1238095238095238,0.2823621170421429,0.2288496528379882,0.437598137973138,0.3012393210770588,52,420,0.1921873439019952,0.075036075036075,2.3718819618225098,True,2,0.4163299636537457,0.1238095238095238,0.3829485659842802,0.288100256882659,0.6069646603396603,0.4200278328909083,52,420,0.4159460521935323,0.075036075036075,1.8121744394302368,True,2
3vy2__1__1.A_1.B__1.D,c1089,0.6042823336988693,0.1190211345939933,0.3262094225796319,0.1539443795423932,0.6684408273924403,0.8139831928632445,107,899,0.5817824834056732,0.0704410796576695,2.819281101226806,True,2,0.7824267406832927,0.1190211345939933,0.3393802418377247,0.2033723985920705,0.789760770241135,0.843861292158598,107,899,0.7822428374689272,0.0704410796576695,0.8414918780326843,True,2
4to3__1__1.D__1.V_1.W,c159,0.4404745668215607,0.1071428571428571,0.2987227736027255,0.2338028837376136,0.5880064374234542,0.472515249106034,84,784,0.321195143295448,0.0697674418604651,2.7436296939849854,True,2,0.5615492059666995,0.1071428571428571,0.2950341878627995,0.2262985937151636,0.6868196535607248,0.6390715060069527,84,784,0.5615492059666995,0.0697674418604651,0.9408187866210938,True,2
2vuc__1__1.C_1.D__1.M_1.N_1.O,c266,0.3595880087497669,0.1625,0.338343392126912,0.2382756501118479,0.5702045734766322,0.5662858144497448,65,400,0.2750125994472048,0.0855263157894736,2.111828088760376,True,2,0.5887449980971807,0.1625,0.3871955875883001,0.2955292689919122,0.706030346967847,0.7325139419129318,65,400,0.5887449980971807,0.0855263157894736,1.1567384004592896,True,2
3vy5__1__1.A_1.B__1.C,c1089,0.5830098765101682,0.114571746384872,0.3525634781232964,0.1831622897797085,0.6452067884325949,0.7568452038009861,103,899,0.5680967265737024,0.081038552321007,2.92043399810791,True,2,0.7865235367094234,0.114571746384872,0.3543682405180419,0.2309112204920509,0.8422354497354497,0.8503969000513804,103,899,0.7865235367094235,0.081038552321007,0.7307344675064087,True,2
5vz0__1__1.A_1.B__1.H,c2559,0.170359955080056,0.0664335664335664,0.1470392369830344,0.1201129217877574,0.4421335467436473,0.2410689907366357,76,1144,0.0689291935513115,0.0383838383838383,3.2306203842163086,True,2,0.142886451928838,0.0664335664335664,0.1023492058181053,0.1129512717197303,0.3060556734323182,0.2281190444167406,76,1144,0.1428864519288381,0.0383838383838383,2.409698486328125,True,2
5v13__1__1.A__1.D,c2129,0.2368005115030005,0.145748987854251,0.2645227621734016,0.216816784562913,0.3575581176374893,0.3740293540909049,72,494,0.1714010562914094,0.1052631578947368,2.767787218093872,True,2,0.4571920914973212,0.145748987854251,0.3450803708928947,0.2490106041514593,0.5780571961622902,0.5172692713259072,72,494,0.4571920914973213,0.1052631578947368,2.1618216037750244,True,2
3vy5__1__1.A_1.B__1.D,c1089,0.5768174357943038,0.1167964404894327,0.3433729457370308,0.1564010270826008,0.6749664254502964,0.7889507061750959,105,899,0.5506375134683349,0.0787696924231057,2.8956332206726074,True,2,0.7726416150616219,0.1167964404894327,0.3609008438982453,0.2008561612283217,0.817852022529442,0.8325690132906836,105,899,0.7726416150616219,0.0787696924231057,0.7388860583305359,True,2
5v0i__1__1.A__1.C,c121,0.2829302117222215,0.1078260869565217,0.2340233360219335,0.1894279693044863,0.4820730377031237,0.5401912037308682,62,575,0.2240134417655574,0.0691192865105908,2.222596406936645,True,2,0.6945022754612183,0.1078260869565217,0.2851154613612331,0.2159135914381592,0.6990891053391053,0.7576211081532719,62,575,0.6945022754612183,0.0691192865105908,0.9008910059928894,True,2
4to4__1__1.A__1.E_1.F,c159,0.4130793256496231,0.114010989010989,0.2568446706342828,0.2131767543893886,0.4989621093192521,0.4961689158065636,83,728,0.3165044412869098,0.0630699088145896,2.654611349105835,True,2,0.504613968651177,0.114010989010989,0.2908808417629416,0.2222090638593201,0.6309919346526488,0.5940009801754812,83,728,0.5046139686511769,0.0630699088145896,0.9499400854110718,True,2
1w8f__1__1.A_1.C__1.E_1.J_1.K,c266,0.1024976139766603,0.0713391739674593,0.1190906378056434,0.1164173776999337,0.4760395355132197,0.1665854259217685,57,799,0.0548921659891392,0.0391214824982841,3.31127405166626,False,2,0.104587213495408,0.0713391739674593,0.121277824763267,0.1107842319578647,0.4675163287005393,0.1825836186568955,57,799,0.104587213495408,0.0391214824982841,2.912855625152588,True,2
2w1a__1__1.C_2.C__2.O,c2741,0.3921327132923815,0.1704545454545454,0.2656931160487904,0.2590617362349139,0.4909143258362008,0.4884964225589225,60,352,0.2796914976501863,0.1041666666666666,1.4832440614700315,True,2,0.9035635380070682,0.1704545454545454,0.3477402236754259,0.2984756198209372,0.942313988095238,0.8417135141093475,60,352,0.903563538007068,0.1041666666666666,0.5727973580360413,True,2
2vuc__1__1.C_1.D__1.P_1.Q_1.R,c266,0.3012837928022637,0.1578947368421052,0.3288148554876496,0.2268135328779477,0.5133755228975817,0.5533642123338792,60,380,0.1867037200406412,0.0909090909090909,2.0140979290008545,True,2,0.5436065800351668,0.1578947368421052,0.3829814063251563,0.3142164651715414,0.6451405423280423,0.6717793065117424,60,380,0.5436065800351668,0.0909090909090909,1.1745601892471311,True,2
5v13__1__1.B__1.E,c2129,0.2418450412675512,0.1477732793522267,0.2672053799076274,0.2102138811993207,0.3518356287375875,0.3583244782622296,73,494,0.1687838447143732,0.0960526315789473,2.740421772003174,True,2,0.5734019374167232,0.1477732793522267,0.3324389045207069,0.2378327580532286,0.7017631848211586,0.5476148686802949,73,494,0.5734019374167232,0.0960526315789473,1.3308063745498655,True,2
4to4__1__1.B__1.J_1.K,c159,0.3857337703225497,0.1142857142857142,0.2455581186379747,0.1844483866812261,0.4968374978196407,0.4985456479981421,80,700,0.3610100360755384,0.0696864111498257,2.572375059127808,True,2,0.5120789920008434,0.1142857142857142,0.3241400675217639,0.2041732206315957,0.6650074089742456,0.6184581454203051,80,700,0.5120789920008434,0.0696864111498257,0.9568777084350586,True,2
5vz0__1__1.C_1.D__1.M,c2559,0.1555846420606192,0.0700757575757575,0.1491376606209142,0.0995510619553857,0.463323047119003,0.2320318216545568,74,1056,0.0779416299211162,0.0431235431235431,3.105120182037353,True,2,0.1912878248545781,0.0700757575757575,0.100884151168242,0.1098644698253978,0.3965855774127833,0.3795568922790712,74,1056,0.1912878248545781,0.0431235431235431,2.1832993030548096,True,2
2vud__1__1.A_1.B__1.I_1.J_1.K,c266,0.3686038395767,0.1583333333333333,0.3781317972533143,0.3215621979773397,0.571075415812258,0.4523576098720974,57,360,0.1859328271633131,0.075,1.886817455291748,True,2,0.4785869775475047,0.1583333333333333,0.3848583105491,0.2810156711014646,0.6051737390862778,0.5265142253980866,57,360,0.4785869775475046,0.075,1.326777458190918,True,2
3wd7__1__1.B__1.L,c161,0.0959688655886384,0.0617283950617283,0.0636921042103011,0.0606832468324095,0.1658007009491058,0.3260315235508573,80,1296,0.0760191754814246,0.037037037037037,4.318987846374512,True,2,0.19323603041355,0.0617283950617283,0.1038884028190893,0.0923946917052143,0.3945264762989221,0.4117870119326968,80,1296,0.19323603041355,0.037037037037037,2.2009353637695312,True,2
3wd7__1__1.A__1.C,c161,0.0890276554591191,0.0632716049382716,0.0726608050931789,0.0754797340212922,0.1608915836166261,0.2344463761729044,82,1296,0.060536366054472,0.0379629629629629,4.327893733978272,True,2,0.1697540393820374,0.0632716049382716,0.098407509366179,0.0963137663446072,0.3437380702086584,0.4134519009580868,82,1296,0.1697540393820374,0.0379629629629629,2.027496099472046,True,2
5vyz__1__1.A_1.B__1.H,c2559,0.1685586204488173,0.0708041958041958,0.1393718141192888,0.123720758634423,0.4303449924139275,0.2485868363741444,81,1144,0.0703333477431835,0.0409090909090909,3.132210254669189,True,2,0.1315825373762548,0.0708041958041958,0.1123911504382884,0.1462301738831659,0.3202823398201549,0.1813992064728143,81,1144,0.1315825373762548,0.0409090909090909,2.4776132106781006,True,2
2uz4__1__1.A__1.D,c272,0.4463637418625406,0.1333333333333333,0.2901691466166833,0.1770393423642914,0.6194971648026159,0.6865182631159907,104,780,0.3707157484361467,0.0952380952380952,2.8191936016082764,True,2,0.8900294291108262,0.1333333333333333,0.3903376565065722,0.224203260660709,0.9098921247318684,0.939433299387038,104,780,0.8900294291108262,0.0952380952380952,0.5927638411521912,True,2
4wh2__1__1.A__1.B_1.C_1.D_1.E_1.J,c1622,0.4962715450541073,0.10727969348659,0.2490043938495764,0.1570508452418046,0.6430836910003577,0.6216030463689527,84,783,0.4656604650270097,0.0676328502415458,2.399435043334961,True,2,0.8038183268790978,0.10727969348659,0.2576963309133007,0.184282449418585,0.7859523809523808,0.814899150358334,84,783,0.8038183268790979,0.0676328502415458,0.6849204897880554,True,2
5v13__1__1.C__1.F,c2129,0.234410679730228,0.1437246963562753,0.2355069959773421,0.2081834466457989,0.3678966107565178,0.367378509603926,71,494,0.1406545597377937,0.0849282296650717,2.758886337280273,True,2,0.4097269242148033,0.1437246963562753,0.3401311199867343,0.2743307525692797,0.5469673121569407,0.4225163946463782,71,494,0.4097269242148033,0.0849282296650717,2.0365912914276123,True,2
3wdk__1__1.A_1.B__1.G,c1768,0.4281977756417249,0.0887533875338753,0.2763523263606106,0.1232828932179891,0.5405832631874299,0.635665506735119,131,1476,0.3987837286010897,0.0627394636015325,3.3858439922332764,True,2,0.7240098706634154,0.0887533875338753,0.2789530196456257,0.1587128698070829,0.6938322902112585,0.7936349440103782,131,1476,0.7239893120480602,0.0627394636015325,0.9769533276557922,True,2
5vyz__1__1.C_1.D__1.O,c2559,0.1749558823579966,0.0707070707070707,0.1381520574072265,0.1128572280915477,0.4652357467271591,0.2690709791380049,84,1188,0.0836617559763629,0.0381818181818181,3.119126558303833,True,2,0.2776509144460957,0.0707070707070707,0.1241580299210169,0.1387607040385483,0.5347711811997526,0.3372539557285157,84,1188,0.2776509144460957,0.0381818181818181,2.025377988815308,True,2
2vud__1__1.C_1.D__1.M_1.N_1.O,c266,0.3227676604842052,0.1527777777777778,0.3429514235764236,0.3049577527776481,0.5801805650489861,0.4701345625606031,55,360,0.1801730730304286,0.0887096774193548,1.8761881589889529,True,2,0.4433381029865432,0.1527777777777778,0.3489286698150334,0.3299576171120536,0.6188094921647553,0.6306060753425949,55,360,0.4433381029865432,0.0887096774193548,1.3380361795425415,True,2
2w1a__1__1.D_2.D__2.P,c2741,0.4027201756440666,0.1588541666666666,0.2775118650435068,0.2744087252674483,0.5055038094054638,0.4879519554519554,61,384,0.2736231493161414,0.0907738095238095,1.5228662490844729,True,2,0.8842873044382085,0.1588541666666666,0.3450055522801424,0.3077873797824378,0.913377976190476,0.8545409451659451,61,384,0.8842873044382086,0.0907738095238095,0.6049616932868958,True,2
3wmv__1__1.A__1.D,c2356,0.3581555898256207,0.238095238095238,0.4005322751322751,0.364604398393035,0.5925289987789988,0.5388775366048094,50,210,0.256243670803621,0.1388888888888889,1.6295537948608398,True,2,0.7489885397425036,0.238095238095238,0.4246775742775743,0.3734115714089158,0.7742442874585731,0.7850743989055676,50,210,0.7489885397425033,0.1388888888888889,0.8133838176727295,True,2
3wdk__1__1.A__1.E,c1768,0.4089171514968323,0.0826558265582655,0.2751111315733935,0.1407020607952023,0.5452727535400422,0.5837769040673201,122,1476,0.3985168199328504,0.0555555555555555,3.4213194847106934,True,2,0.7833808978075103,0.0826558265582655,0.2954629626214951,0.1658360942957635,0.7356193883277217,0.8128860439661613,122,1476,0.7833808978075102,0.0555555555555555,0.9260599613189696,True,2
4to4__1__1.C__1.R_1.S,c159,0.3713259705447136,0.1044973544973544,0.2335706979082684,0.1997355266329612,0.4888804548625977,0.4552485864590114,79,756,0.3612507940833351,0.0742481203007518,2.7246758937835693,True,2,0.5496252056324911,0.1044973544973544,0.2936570518613132,0.2147126368059183,0.6712382756132754,0.6457000256715131,79,756,0.5496252056324912,0.0742481203007518,0.9303327202796936,True,2
5w27__1__1.A_1.B__1.D,c2018,0.2334561837321169,0.0878378378378378,0.3331582776757167,0.1669946132411302,0.406426790531145,0.3322823233843018,91,1036,0.1458010735778364,0.0523289246693502,2.5345637798309326,True,2,0.4668954282822762,0.0878378378378378,0.3551302657137897,0.2546351013987599,0.5511990943475664,0.3805506163443081,91,1036,0.4665961002203123,0.0523289246693502,1.6036016941070557,True,2
1wq3__1__1.A__1.B,c121,0.4420282094742553,0.1628571428571428,0.454855698464721,0.3084196826835985,0.5473937041794184,0.6058771800589983,57,350,0.3745460982620414,0.11003861003861,1.9144550561904907,True,2,0.6588668404370518,0.1628571428571428,0.5138978763508839,0.3677761489935675,0.7499540595458962,0.6923233414012633,57,350,0.6588668404370518,0.11003861003861,0.8779244422912598,True,2
1wq3__1__2.A__2.B,c121,0.4792336916712406,0.1628571428571428,0.4536645337397217,0.3545691467656345,0.5816134025482765,0.6414712192569334,57,350,0.2684790016050456,0.0885093167701863,1.9159873723983765,True,2,0.703728865390932,0.1628571428571428,0.5178708770344108,0.4022675595087819,0.7945490620490621,0.715762666626303,57,350,0.7037288653909323,0.0885093167701863,0.835438072681427,True,2
2vud__1__1.C_1.D__1.P_1.Q_1.R,c266,0.3369166213664453,0.1705882352941176,0.3222410683186545,0.3066977129742646,0.5668479425058373,0.5100384110134282,58,340,0.2118603035377279,0.0935483870967742,1.8591619729995728,True,2,0.5041246806982482,0.1705882352941176,0.3721732099318306,0.3183598356755911,0.6590209741525531,0.6812091207503143,58,340,0.5041246806982482,0.0935483870967742,1.3614256381988523,True,2
3wmv__1__1.B__1.F,c2356,0.3417650997416887,0.2358974358974359,0.3679273061881758,0.364239652148861,0.5655155955155956,0.5131971816062724,46,195,0.1385602710954317,0.0929292929292929,1.589170217514038,True,2,0.7384736074548375,0.2358974358974359,0.3903323246801508,0.3732132476106108,0.7098312401883831,0.7717347719620448,46,195,0.7384736074548375,0.0929292929292929,0.7967587113380432,True,2
4u1o__1__1.A__1.B,c7,0.4077315150385054,0.2,0.3569744206410873,0.308900518972599,0.4972980218764532,0.5700667432215051,60,300,0.2143825326833514,0.1212121212121212,1.6426998376846311,True,2,0.6904787878277293,0.2,0.4904961334961335,0.3789765782778858,0.716015873015873,0.6951440442273776,60,300,0.6904787878277291,0.1212121212121212,0.958161234855652,True,2
2w97__1__1.A_1.B__1.E,c326,0.5844222385368275,0.0824242424242424,0.2623971493682881,0.2218546525882662,0.7381978653530377,0.5616031167128686,68,825,0.4635490757443469,0.049062049062049,2.8435890674591064,True,2,0.786798591936472,0.0824242424242424,0.2713911832785589,0.1682793002657384,0.8400862068965518,0.7508864552486844,68,825,0.786798591936472,0.049062049062049,1.1792881488800049,True,2
3wdk__2__1.C_1.D__1.J,c1768,0.4223311434479108,0.0887533875338753,0.274902193795569,0.132238514955002,0.5419617688989248,0.5776985321446129,131,1476,0.3953284090528072,0.0551346801346801,3.3920812606811523,True,2,0.7461746932501192,0.0887533875338753,0.293680978015909,0.1765239345998474,0.7173294334568844,0.7451449440160222,131,1476,0.7460541226739718,0.0551346801346801,0.9239099025726318,True,2
4to4__1__1.D__1.V_1.W,c159,0.3823243887568725,0.1058201058201058,0.2359277847939875,0.2202406920003239,0.4933310241345955,0.4633998957362613,80,756,0.2481335801627333,0.0772200772200772,2.742938756942749,True,2,0.5068246969004664,0.1058201058201058,0.2943560137455712,0.2140777486546276,0.6023298031333744,0.6137152671343576,80,756,0.5068246969004664,0.0772200772200772,0.9556537866592408,True,2
6w2m__1__1.A__1.E_1.F_1.K,c31,0.3553272997934492,0.1152597402597402,0.2125793871307588,0.1958650626343537,0.4773502692721341,0.4041426299894118,71,616,0.2032778254458281,0.0551242236024844,2.611699342727661,True,2,0.5786485714369558,0.1152597402597402,0.1879562276254932,0.1718475046851686,0.6894099947671377,0.6407547766537215,71,616,0.5786485714369558,0.0551242236024844,1.00072979927063,True,2
2wky__1__1.A__1.E,c7,0.4181679968811918,0.1662404092071611,0.3408536924879752,0.3030916028819833,0.5139657961712231,0.5688423257952994,65,391,0.2329914233240189,0.0868983957219251,1.7870912551879885,True,2,0.5191705585414047,0.1662404092071611,0.494721907495397,0.3358052836352239,0.5878515166750461,0.6324050397976049,65,391,0.5178270307040841,0.0868983957219251,1.2808014154434204,True,2
2wqy__2__1.F_1.G_1.H__1.JD,c270,0.2837897609133561,0.2416666666666666,0.3491484987713436,0.3440887270955913,0.3505891058346415,0.3980224440801364,58,240,0.1870248482781901,0.1342592592592592,1.8829505443573,True,2,0.3832320864943734,0.2416666666666666,0.3440807366723315,0.3087179940366013,0.5128390570243249,0.4810653393208338,58,240,0.3830985252164591,0.1342592592592592,1.707038164138794,True,2
3wdk__2__1.C__1.H,c1768,0.4025182943138994,0.0846560846560846,0.2783514573826633,0.1289636989290553,0.5463629831090314,0.6090619493995901,128,1512,0.3652979526641302,0.0623781676413255,3.3964836597442627,True,2,0.7895416684119003,0.0846560846560846,0.303154878378141,0.1800296221150985,0.7765706669873337,0.820917704217399,128,1512,0.7895416684119003,0.0623781676413255,0.9265971779823304,True,2
4to6__1__1.A__1.E,c159,0.4057651142527362,0.1167108753315649,0.3125889718953982,0.2038574974607095,0.5370351391903117,0.4801115788182671,88,754,0.2380485168576499,0.0645634629493763,2.6588733196258545,True,2,0.5074833706911926,0.1167108753315649,0.3639181449428315,0.2118558518697804,0.6335830596606457,0.6829782399535437,88,754,0.5074833706911926,0.0645634629493763,0.9725760817527772,True,2
3vth__1__1.A__1.F_1.G,c1652,0.3814520389112872,0.1021505376344086,0.2147930669317366,0.1581559332696528,0.530988334878278,0.535729920965762,95,930,0.348366028453435,0.0638440860215053,3.119904041290283,True,2,0.6011529345379217,0.1021505376344086,0.2435867171903614,0.1837294430706203,0.6628755876739747,0.6667282085082836,95,930,0.6011529345379217,0.0638440860215053,0.9332829713821412,True,2
5u8c__1__1.A_1.B__1.E,c7,0.292771143698997,0.1015531660692951,0.281407823982323,0.2246160834869613,0.4568218235916894,0.3204719241824645,85,837,0.1935185868884763,0.0605413105413105,2.1983234882354736,True,2,0.3850110995491345,0.1015531660692951,0.3475598799688196,0.2469028309885765,0.4697539081601974,0.4030605002588111,85,837,0.3849415579509868,0.0605413105413105,1.36738121509552,True,2
2wky__1__1.B__1.F,c7,0.4186772796246568,0.1483375959079284,0.3232713998307304,0.2521120457856288,0.5554761357779933,0.5624047950802079,58,391,0.2241784626485591,0.0897832817337461,1.798918604850769,True,2,0.5470433772376452,0.1483375959079284,0.4449355101738469,0.3019110052995776,0.61944656650539,0.672850774619594,58,391,0.5467260321247097,0.0897832817337461,1.2078423500061035,True,2
4to6__1__1.B__1.I,c159,0.4459438346303185,0.1174968071519795,0.3219992459525266,0.2630070736070192,0.6266237290806257,0.4580747936813449,92,783,0.4114254106143795,0.0881226053639846,2.685863256454468,True,2,0.5837575214341709,0.1174968071519795,0.3506938235011698,0.2308857224508723,0.7012701729943109,0.6365327080472691,92,783,0.5837575214341709,0.0881226053639846,0.9351131319999696,True,2
5wo0__1__1.D__1.F_1.K_1.L,c31,0.4004471115364188,0.1014492753623188,0.2228624629338915,0.178048813242538,0.5473698729254285,0.5154767035343015,70,690,0.3570311666704459,0.0648148148148148,2.5771522521972656,True,2,0.5652390834730816,0.1014492753623188,0.1841873681873682,0.1591986683482867,0.7164129007382974,0.7130216908312147,70,690,0.5652390834730817,0.0648148148148148,1.054675817489624,True,2
3vth__2__1.B__1.S_1.T,c1652,0.3828329706577354,0.1012235817575083,0.2171215529144781,0.1844970287757572,0.5663178037964564,0.465947980848542,91,899,0.3689627131567591,0.0599078341013824,3.2231152057647705,True,2,0.5365137945239483,0.1012235817575083,0.2643509389523977,0.201897514883631,0.6865420511388253,0.6590805493319488,91,899,0.5365137945239482,0.0599078341013824,0.9479768872261048,True,2
3wy0__1__1.A__1.C,c161,0.137897505068243,0.074074074074074,0.0855477646073268,0.0819269761524491,0.2581393022583169,0.2911906994815067,96,1296,0.0792809521375737,0.0408163265306122,3.87945818901062,True,2,0.3279821814215761,0.074074074074074,0.1353707973073842,0.1036387542489119,0.4875647018265796,0.4821676456662541,96,1296,0.3279821814215762,0.0408163265306122,1.73051655292511,True,2
1wlk__2__1.C_1.D__1.G,c1089,0.5375759705416826,0.1182795698924731,0.3278568728883547,0.1664821549008629,0.6404235698590537,0.8033716039973543,110,930,0.5279686767585091,0.08654602675059,2.910977363586426,True,2,0.7852270815204374,0.1182795698924731,0.38350074311361,0.2297984811967694,0.8094161662710049,0.8692668115598472,110,930,0.7852270815204374,0.08654602675059,0.7998824119567871,True,2
1xdn__1__1.A__1.B_1.C,c4705,0.2748592246390237,0.1071428571428571,0.2737884653597452,0.189569634484251,0.5163195992556157,0.342853159166924,93,868,0.1945927622920299,0.075,2.383791923522949,True,2,0.4657433864503577,0.1071428571428571,0.2231718152737924,0.1959444898186569,0.5408389943389942,0.6019196218284014,93,868,0.4657433864503577,0.075,1.28811514377594,True,2
1wlk__1__1.A_1.B__1.E,c1089,0.5599999332270009,0.1223581757508342,0.3495077628751943,0.1594047895596469,0.6648489563005692,0.7714528478704251,110,899,0.5159187900600737,0.0771388499298737,2.8871004581451416,True,2,0.7927436253425294,0.1223581757508342,0.3932942137875951,0.2174421482521262,0.8194525993719542,0.8402740783216137,110,899,0.7927436253425293,0.0771388499298737,0.813657283782959,True,2
1wlk__1__1.A_1.B__1.F,c1089,0.5980929448914825,0.1247311827956989,0.3349803655719808,0.2101246336571598,0.6784990798083779,0.7965056109369748,116,930,0.5481461365508854,0.0813464235624123,2.8970088958740234,True,2,0.7805257281289847,0.1247311827956989,0.3747074718826958,0.2787648307596729,0.8083465383889832,0.8376248176359793,116,930,0.7802881134480621,0.0813464235624123,0.8364169597625732,True,2
3wy0__1__1.B__1.D,c161,0.1367943612636255,0.0632183908045977,0.0832002347063409,0.0739205768305192,0.2508130068191987,0.3385990844442048,88,1392,0.1004322916028433,0.0398550724637681,4.051582336425781,True,2,0.3185004081523282,0.0632183908045977,0.1348213206177719,0.0931209427266145,0.4589532621962962,0.4887603394216377,88,1392,0.3185004081523283,0.0398550724637681,1.703292727470398,True,2
1wlk__2__1.C_1.D__1.H,c1089,0.5871830821868237,0.1144640998959417,0.3367754137831864,0.1581126040689081,0.6638576397423647,0.7306773069898802,110,961,0.5797804892003916,0.08654602675059,2.957574844360352,True,2,0.7736151834487375,0.1144640998959417,0.3869019324604411,0.2079050945718564,0.8083266613911776,0.8354737264487481,110,961,0.7733708619987439,0.08654602675059,0.7478125691413879,True,2
4to6__1__1.C__1.O,c159,0.2926861063608067,0.0998959417273673,0.320879777484972,0.2116684274617903,0.530631883051238,0.3461463227035061,96,961,0.2331417287490972,0.0584297017650639,3.073883295059204,True,2,0.5213919944318357,0.0998959417273673,0.3476811150768989,0.2254627278291626,0.6157908710517818,0.5409288954600603,96,961,0.5212327557444175,0.0584297017650639,1.1463593244552612,True,2
4wbd__1__1.A__1.B,c6395,0.205082100576038,0.1296296296296296,0.3457754931377714,0.1791077378508221,0.4518224161459455,0.3782013704758065,63,486,0.1579550348614969,0.0707070707070707,2.0731735229492188,True,2,0.5280282971439615,0.1296296296296296,0.3552182189748327,0.2703886226287608,0.6116069985569985,0.4834733984975229,63,486,0.5273390553099788,0.0707070707070707,1.4490816593170166,True,2
4to6__1__1.D__1.S,c159,0.4139666465184309,0.1162196679438058,0.3059399995831465,0.2598454106376756,0.6116729431671659,0.4653522971393934,91,783,0.3479307688200652,0.0804597701149425,2.673874616622925,True,2,0.5285560020100772,0.1162196679438058,0.3520826695514077,0.2609529986823719,0.6703534924070638,0.6133623355025264,91,783,0.5285343605016641,0.0804597701149425,0.9735841751098632,True,2
5x62__1__1.A__1.C,c3084,0.5164023459348893,0.1523668639053254,0.342019060932429,0.2866504830423336,0.665460002070579,0.7030221286066873,103,676,0.4693969064499186,0.0990384615384615,2.5670504570007324,True,2,0.9146144492500798,0.1523668639053254,0.3612489733133923,0.2598306848684784,0.9393810463041232,0.9043691096485214,103,676,0.9141946507533582,0.0990384615384615,0.6674824953079224,True,2
4wbd__1__2.A__2.B,c6395,0.2066203029359165,0.1296296296296296,0.3457754931377714,0.1472262832592624,0.4477272172272172,0.3792526562157859,63,486,0.1629421176211869,0.0777777777777777,2.073596715927124,True,2,0.5355817258738831,0.1296296296296296,0.3587455558355029,0.2198194473841398,0.6166863636363636,0.5032165954160445,63,486,0.5325707719296697,0.0777777777777777,1.44990873336792,True,2
5x62__1__1.B__1.D,c3084,0.4817643176800716,0.1523668639053254,0.331609204835493,0.2498218422699051,0.6353019870087179,0.6819844553277049,103,676,0.3980679333311698,0.0808477237048665,2.557854413986206,True,2,0.9201830021423704,0.1523668639053254,0.3512735181890589,0.2321152560899095,0.9317796092796092,0.9363964573008692,103,676,0.9201830021423704,0.0808477237048665,0.6704455614089966,True,2
3wxy__1__1.A__1.C,c161,0.1758886548522533,0.0721153846153846,0.0870898121156399,0.0987146486159795,0.2861716001731481,0.3328899312224362,90,1248,0.0841579609857078,0.0398936170212766,3.665088415145874,True,2,0.3678365787523364,0.0721153846153846,0.1396579666745968,0.1067702856069387,0.4874289625760214,0.5176172135100381,90,1248,0.3678365787523364,0.0398936170212766,1.656862497329712,True,2
3wxy__1__1.B__1.D,c161,0.1853973236528952,0.0741666666666666,0.0931688476845523,0.0980652540218765,0.2837500213158108,0.3234939274144061,89,1200,0.0965883112349798,0.0378401360544217,3.6854825019836426,True,2,0.4088677288185233,0.0741666666666666,0.1368356211096724,0.1303208741659225,0.5783023808023807,0.5836215605251541,89,1200,0.4088677288185233,0.0378401360544217,1.508751392364502,True,2
1xp8__1__1.A__1.B,c124,0.5190180710672709,0.1209677419354838,0.2474967422101148,0.1917561995558018,0.6807145629512802,0.5889404999583764,90,744,0.4504147024579739,0.0631136044880785,2.8301808834075928,True,2,0.6330160371549339,0.1209677419354838,0.281945617150152,0.1819074619840338,0.7213287250384025,0.6276128689851351,90,744,0.6322898471335459,0.0631136044880785,1.092588186264038,True,2
4x7m__1__1.A__1.C,c119,0.4647402102212468,0.1166666666666666,0.2126329404489068,0.1439212616361565,0.5841119346582734,0.6704041362481926,70,600,0.4152904321788593,0.0636363636363636,2.5725207328796387,True,2,0.7153028085145542,0.1166666666666666,0.2239335672264243,0.1849682223374666,0.7832660455486541,0.7467144087796261,70,600,0.7153028085145544,0.0636363636363636,0.7990884184837341,True,2
4x7m__2__1.B__1.D,c119,0.27676050617094,0.1019066403681788,0.1866145303043356,0.1755054510198209,0.4166311941927888,0.4074239161378573,155,1521,0.2183435040209399,0.0749879051765844,3.588462352752685,True,2,0.5914297704375429,0.1019066403681788,0.171543513654261,0.1555478234536185,0.6912037093524288,0.6687036233561012,155,1521,0.5914297704375429,0.0749879051765844,1.08095121383667,True,2
4xs9__1__1.A_1.B__1.C,c161,0.1265467564007242,0.094017094017094,0.1803520700940135,0.1673163818217005,0.2672265543337525,0.2186901348059522,66,702,0.0770883406708807,0.0507692307692307,3.0470218658447266,True,2,0.1006938258834407,0.094017094017094,0.1736799817106276,0.1494113935583302,0.2692882680591014,0.201588955287521,66,702,0.0990196697522526,0.0507692307692307,3.981450080871582,True,2
1xes__1__1.A_1.B__1.F,c161,0.4022457793623915,0.1306666666666666,0.3404251709622278,0.1887391799848046,0.5032672923481748,0.5000403191579662,49,375,0.2623561041540375,0.0710144927536231,1.7328672409057615,True,2,0.5237064650360237,0.1306666666666666,0.3776589402374453,0.2018114236571923,0.6216791264291265,0.5687028657616893,49,375,0.5234139176799204,0.0710144927536231,1.015941858291626,True,2
4xs9__1__1.A_1.B__1.D,c161,0.1071023437429609,0.0837912087912087,0.1769592316321826,0.1403293841247015,0.3049766868302108,0.2013214988531343,61,728,0.0701551881028669,0.0442670537010159,3.120257377624512,True,2,0.0831209939259375,0.0837912087912087,0.1659814238234793,0.1359970172897845,0.23916904560184,0.1561888506373059,61,728,0.0733998381783933,0.0442670537010159,4.044805526733398,True,2
5wx3__1__1.A__1.E,c161,0.1335492757814023,0.0588235294117647,0.0756698662407826,0.0745058179202514,0.2232167902170578,0.3061064632331798,96,1632,0.1202334666105287,0.0392156862745098,4.477426052093506,True,2,0.2811618692327617,0.0588235294117647,0.1613675181357009,0.1198279525545066,0.4675303967441975,0.4947082617004656,96,1632,0.2811618692327617,0.0392156862745098,2.3988401889801025,True,2
5wx3__2__1.D__1.K,c161,0.1265374547038605,0.0618279569892473,0.0740908854833505,0.0703038422936099,0.1958601961954594,0.3268634718287147,92,1488,0.0659664697989485,0.0324858757062146,4.203367710113525,True,2,0.2460995066273995,0.0618279569892473,0.123695996966022,0.0940818316042296,0.4272275033537586,0.5018154115211644,92,1488,0.2460995066273995,0.0324858757062146,2.370633125305176,True,2
1xet__1__1.A_1.B__1.E,c161,0.3746683390685849,0.128,0.3300836885458596,0.1844792089743354,0.4780261717222501,0.4579585537918871,48,375,0.3389645365117331,0.082051282051282,1.7188163995742798,True,2,0.468840731474809,0.128,0.3714964007488517,0.2185110139516607,0.5904884159050826,0.5078897953897954,48,375,0.4654803126491905,0.082051282051282,1.0145761966705322,True,2
2xzl__1__1.A__1.F_1.G_1.H,c602,0.5675807862164339,0.1058201058201058,0.3416204809321639,0.1915019022446848,0.775827950708903,0.6608086132747787,80,756,0.4214955826971779,0.0673400673400673,2.5897274017333984,True,2,0.9092441733920392,0.1058201058201058,0.3093639211768941,0.1970038742738686,0.9114197530864196,0.9394777220134364,80,756,0.9092441733920392,0.0673400673400673,0.689337432384491,True,2
4xsr__1__1.A__1.E,c119,0.2786610954537589,0.1,0.1809106000993121,0.1590586650751146,0.4424115472630153,0.3855957071204311,126,1260,0.1770735972220908,0.0673076923076923,3.0803451538085938,True,2,0.6117063630561634,0.1,0.1810738537766773,0.1307814712031634,0.6546332235086904,0.6266164981288169,126,1260,0.6116782344961426,0.0673076923076923,1.1542775630950928,True,2
5wx6__1__1.A__1.G,c161,0.1620179994036466,0.058080808080808,0.0852757477399381,0.0885382890991677,0.274592311119358,0.2840399134607045,92,1584,0.1496372176511655,0.0445736434108527,4.420890331268311,True,2,0.3577712750734661,0.058080808080808,0.1506015295982771,0.1183911392478033,0.5394685491276401,0.5003716064313751,92,1584,0.3577712750734661,0.0445736434108527,1.7957617044448853,True,2
1xms__1__1.A__1.B_1.C,c124,0.4136259575603254,0.1032258064516129,0.2176447587832786,0.1482281305048758,0.6724522607022608,0.4921918185697291,80,775,0.3908131960181671,0.0679117147707979,3.101227283477783,True,2,0.5352330862912698,0.1032258064516129,0.2399514005259973,0.1596986644210717,0.6607537228566639,0.5301652467466935,80,775,0.5351249797414543,0.0679117147707979,1.2158385515213013,True,2
5wx6__2__1.B__1.I,c161,0.1055051173076068,0.0651881720430107,0.0773714255879501,0.0746910985602979,0.1640759785168701,0.3107916225092338,97,1488,0.0576465516066089,0.0374228395061728,4.357916355133057,True,2,0.3690915297121071,0.0651881720430107,0.1620822818029262,0.1142084167763024,0.4659323908273488,0.5282835007442586,97,1488,0.369091529712107,0.0374228395061728,2.274574041366577,True,2
4yi5__1__1.A__1.C,c33,0.2005013111591654,0.0928571428571428,0.1776760719280397,0.1461756801143255,0.3630685561721654,0.2722636412108952,91,980,0.1824526814463777,0.0722222222222222,3.574095726013184,True,2,0.5209425919753209,0.0928571428571428,0.2207321940615346,0.152788085650061,0.6850652422973852,0.6494596243789672,91,980,0.520942591975321,0.0722222222222222,1.2229373455047607,True,2
2xzo__1__1.A__1.F_1.G_1.H,c602,0.4669318721974957,0.1226053639846743,0.3160331673529163,0.2106183700023764,0.6181400748774123,0.5893063186871113,96,783,0.3540987230919702,0.0683760683760683,2.573384046554565,True,2,0.8979317162449798,0.1226053639846743,0.331711453025399,0.2564707793893115,0.9018033509700176,0.8849752359742409,96,783,0.8979317162449798,0.0683760683760683,0.667773962020874,True,2
6xu1__1__1.A__1.I_1.J_1.K_1.M,c159,0.3289523177489177,0.0958333333333333,0.2677892622399229,0.1899315992576537,0.5472760110260111,0.4372946687301078,92,960,0.2910630547163085,0.0613333333333333,3.0846986770629883,True,2,0.6705565320219207,0.0958333333333333,0.2632653691129344,0.1894424448114157,0.7240198505198506,0.6786490604948373,92,960,0.6705565320219209,0.0613333333333333,0.9279842376708984,True,2
5wx7__1__1.B__1.G,c161,0.0989730673374397,0.052734375,0.0724042367921086,0.071812258679793,0.2061462433655567,0.2645492608992099,81,1536,0.0619787551598701,0.0330882352941176,4.04443883895874,True,2,0.3798162501558884,0.052734375,0.1217131860036129,0.0898650840175689,0.5166046507242328,0.4776641677118499,81,1536,0.3798162501558884,0.0330882352941176,1.805765151977539,True,2
1xms__1__2.A__2.B_2.C,c124,0.4198799778169844,0.1032258064516129,0.2175045898124645,0.1639806439741461,0.6812967631497043,0.5149582855814896,80,775,0.3663941754784128,0.0516129032258064,3.102357864379883,True,2,0.5330822622661026,0.1032258064516129,0.2419453742941646,0.1740333855477986,0.6211362433862433,0.5432756372970592,80,775,0.5321514581824566,0.0516129032258064,1.2295379638671875,True,2
2xxt__1__1.A__1.C,c7,0.4735360006615562,0.1619047619047619,0.3335361969185498,0.3028396561548893,0.5691678691678691,0.6069692281195065,51,315,0.4528258893281424,0.103030303030303,1.686247944831848,True,2,0.7044889199953023,0.1619047619047619,0.5238698846541984,0.32516782958709,0.7477405002405002,0.7881905887007928,51,315,0.7043807826608875,0.103030303030303,0.8273276686668396,True,2
2xxt__1__1.B__1.F,c7,0.4156911934839682,0.1666666666666666,0.3287553668553669,0.281524498273494,0.5521693121693121,0.5573640094473428,50,300,0.262551126229673,0.0854700854700854,1.6530544757843018,True,2,0.6624776145837898,0.1666666666666666,0.5380290413290413,0.357583147947021,0.799425170068027,0.6309029835003861,50,300,0.6624776145837898,0.0854700854700854,0.9251517653465272,True,2
4xsr__1__1.B__1.J,c119,0.2843764092140622,0.095679012345679,0.1681679041780025,0.1549591970269243,0.4724411188855459,0.4071531392415783,124,1296,0.2212454456183531,0.0717592592592592,3.236712455749512,True,2,0.6178027229508075,0.095679012345679,0.1800963336882582,0.1611784974384659,0.6679269881353214,0.6492357327212295,124,1296,0.6174396451683748,0.0717592592592592,1.0983785390853882,True,2
6xu1__1__1.B__1.P_1.Q_1.R_1.T,c159,0.2910667640463346,0.0947916666666666,0.2411143356810777,0.1795790058185918,0.4960627428127427,0.4465325312396128,91,960,0.2426327978026357,0.0583333333333333,3.0825703144073486,True,2,0.6372826949253647,0.0947916666666666,0.2410916696793946,0.1912834671550728,0.6983986383986384,0.6607902812281448,91,960,0.6372826949253646,0.0583333333333333,0.912201166152954,True,2
5wx7__2__1.C__1.I,c161,0.0992166657825592,0.0665322580645161,0.0741823899283264,0.0734433773111519,0.165943469154553,0.2688638901752816,99,1488,0.0560973846918226,0.0368303571428571,4.116078853607178,True,2,0.398311679647246,0.0665322580645161,0.2051981306601706,0.1261492418093356,0.5088473761334723,0.5226216855358076,99,1488,0.398311679647246,0.0368303571428571,2.191004991531372,True,2
1yv3__1__1.A__1.F,c1599,0.2584309154581485,0.1436363636363636,0.230222828331264,0.214570183043728,0.3863541680269622,0.3999234950982547,79,550,0.1796743104735925,0.0780632411067193,1.9985833168029783,True,2,0.5623897771792629,0.1436363636363636,0.40039043652949,0.3292820351819668,0.6840263019808474,0.6262877852150922,79,550,0.5623897771792629,0.0780632411067193,1.4368621110916138,True,2
1yz0__1__1.A_1.B__1.C_1.D,c141,0.4595569274478624,0.2113095238095238,0.2796511550362782,0.2396818333121649,0.510149675691955,0.5992876010988254,71,336,0.3787689507828936,0.1082317073170731,1.9480440616607664,True,2,0.6911406439904185,0.2113095238095238,0.4313088440832848,0.3750566523293227,0.7360565476190476,0.7436276610766407,71,336,0.6911406439904184,0.1082317073170731,0.9260975122451782,True,2
6xu1__1__1.C__1.AA_1.W_1.X_1.Y,c159,0.3068337392447092,0.0919191919191919,0.2395441258088317,0.1948872754138213,0.5183290299639259,0.4337146829126977,91,990,0.22298445822233,0.0619047619047619,3.1500163078308105,True,2,0.6432023482989794,0.0919191919191919,0.2423376268287442,0.2046613656590385,0.7195851463351464,0.6880432580987688,91,990,0.6432023482989794,0.0619047619047619,0.9009218215942384,True,2
1xms__1__3.A__3.B_3.C,c124,0.4150149537657188,0.1032258064516129,0.2154615790597764,0.1977720474779232,0.6863926166426165,0.5085366727673925,80,775,0.3289096228231032,0.0561009817671809,3.098546504974365,True,2,0.5421789712212337,0.1032258064516129,0.2399514005259973,0.2347666660990153,0.6502103174603174,0.5491023268905992,80,775,0.5419630184840328,0.0561009817671809,1.2092795372009275,True,2
1yy6__1__1.A__1.B,c2776,0.1846411196265166,0.0974358974358974,0.1971691917225824,0.1821779928947085,0.455623168123168,0.1586629584469536,76,780,0.1383383321896003,0.0456730769230769,3.476582288742065,True,2,0.2087989530125858,0.0974358974358974,0.1962324078024989,0.1749985688810774,0.4026605339105339,0.2307856600866331,76,780,0.2087989530125858,0.0456730769230769,2.499165296554565,True,2
1xms__1__4.A__4.B_4.C,c124,0.4049242030591698,0.1032258064516129,0.2157877783980725,0.1745802568107193,0.6909867724867725,0.5130286061710584,80,775,0.3462908467847017,0.064516129032258,3.09637451171875,True,2,0.5457576384975463,0.1032258064516129,0.2419453742941646,0.1751901084689142,0.6297504668534079,0.5644470138442258,80,775,0.545661424517655,0.064516129032258,1.21601140499115,True,2
2xxv__1__1.A__1.C,c7,0.4099379958889486,0.1555555555555555,0.3114340817912246,0.2807633349875759,0.5126895943562609,0.5133020465928628,49,315,0.3702933807985114,0.1020833333333333,1.679870843887329,True,2,0.6507469047339934,0.1555555555555555,0.4586139805017356,0.282774828912177,0.6824470899470898,0.6164774599298408,49,315,0.6507469047339934,0.1020833333333333,0.9335309863090516,True,2
2xxv__1__1.B__1.E,c7,0.4657227092294465,0.1619047619047619,0.3669597885774356,0.3012333979437269,0.5647867564534229,0.5924983494711386,51,315,0.3235370598087228,0.1096774193548387,1.67949378490448,True,2,0.7309492551087465,0.1619047619047619,0.5222352883137197,0.3668433803229478,0.7847222222222221,0.7297583557787641,51,315,0.7309492551087463,0.1096774193548387,0.861321747303009,True,2
1yxi__1__1.A_2.A__1.B_1.D_1.E_1.F_1.G,c141,0.4830103205797812,0.2017045454545454,0.2530474440465637,0.2407903458005382,0.5078744243909685,0.5700947993805137,71,352,0.4602826933295873,0.138671875,1.8989256620407104,True,2,0.6753146304491838,0.2017045454545454,0.4172352222308208,0.3102055398834111,0.7141877104377103,0.8278223995746317,71,352,0.6753146304491838,0.138671875,0.841983437538147,True,2
6xu1__1__1.D__1.EA_1.FA_1.GA_1.IA,c159,0.3278577935397463,0.0888888888888888,0.2466399978759604,0.1634582924821212,0.5358328615828616,0.467632656776297,88,990,0.2376699523984012,0.0553459119496855,3.1443190574646,True,2,0.642051450524189,0.0888888888888888,0.2277496072299759,0.1717186570244425,0.7011261516261517,0.6653012655118513,88,990,0.642051450524189,0.0553459119496855,0.9198951721191406,True,2
5xsw__1__1.A_1.B__1.D_1.Q,c4931,0.3411392158495387,0.1224137931034482,0.2804810159351198,0.2554724809977822,0.5705991574951659,0.3329719257965097,71,580,0.2360567734750552,0.0699507389162561,2.325489044189453,True,2,0.3928404712546878,0.1224137931034482,0.2751103396376658,0.1976228385108342,0.5759644965212193,0.4425541370939793,71,580,0.3928404712546877,0.0699507389162561,1.7027398347854614,True,2
1yyz__1__1.A_2.A__2.B_2.C_2.D_2.E,c141,0.3986949003733667,0.1902173913043478,0.2540480547551188,0.1966339005683062,0.5095139576196077,0.561085292022792,70,368,0.2698375289612348,0.125,1.8729287385940552,True,2,0.6448222986578728,0.1902173913043478,0.388779019037685,0.2765964387848826,0.6684605729918229,0.7362641004828505,70,368,0.6446048653374244,0.125,0.9440440535545348,True,2
1yyz__1__1.A_2.A__1.B_1.C_1.D_1.E,c141,0.4216330354578051,0.1902173913043478,0.2453953532899173,0.2482473516591619,0.5170199612479024,0.5536501987070168,70,368,0.4166031076377108,0.1458333333333333,1.8718101978302,True,2,0.6644497118717765,0.1902173913043478,0.3899234351374582,0.3325509891385032,0.7056825697450697,0.7440791376282447,70,368,0.6644497118717766,0.1458333333333333,0.9029736518859864,True,2
5wr6__1__1.A__1.B_1.C,c218,0.3614911060733275,0.1604010025062656,0.2512086698504635,0.2506742514508887,0.513716196084617,0.4970453626992584,64,399,0.2408349149890553,0.0748538011695906,1.88338565826416,True,2,0.487709023311934,0.1604010025062656,0.2701157075745891,0.2733465970049739,0.5688450292397661,0.6294318952652286,64,399,0.4872708756869225,0.0748538011695906,1.162946343421936,True,2
4ymo__1__1.A__1.E_1.F_1.I,c31,0.3780386708728717,0.1207482993197278,0.196967532211348,0.1936432929221413,0.5311780199348881,0.5516964407077188,71,588,0.3291675705455389,0.0792410714285714,2.5181777477264404,True,2,0.4923208847364743,0.1207482993197278,0.1849070844480804,0.1648524943690508,0.5569315208600922,0.5721103884090897,71,588,0.4923208847364743,0.0792410714285714,1.3440226316452026,True,2
6xu1__2__1.E__1.LA_1.MA_1.NA_1.PA,c159,0.3320930423648115,0.0927083333333333,0.2565588568571604,0.1837604719563308,0.5183812573591985,0.4467277348215837,89,960,0.3262299328088283,0.0689922480620155,3.075610876083374,True,2,0.6576340829293565,0.0927083333333333,0.2562178934595447,0.2073772638376994,0.7132128612128613,0.6766771559050971,89,960,0.6576340829293565,0.0689922480620155,0.9294771552085876,True,2
4ysi__1__1.A__1.B_1.C,c2776,0.2498109883924375,0.1023936170212766,0.2238572072365938,0.2222314796001275,0.5054710867210869,0.1995525502560456,77,752,0.213342345393332,0.0585106382978723,3.4179749488830566,True,2,0.2034939194399449,0.1023936170212766,0.2123205844537704,0.1816962331227603,0.4111603361603361,0.201196071622644,77,752,0.203057901441329,0.0585106382978723,2.960484266281128,True,2
1yxi__1__1.A_2.A__2.B_2.D_2.E_2.F_2.G,c141,0.4810813946639417,0.2017045454545454,0.2545476579367424,0.2393699684018093,0.5260404342389636,0.5821570564889356,71,352,0.2275563952393854,0.1056547619047619,1.9002776145935056,True,2,0.6627892035611446,0.2017045454545454,0.3936143302120414,0.3327055774680508,0.6866184914622414,0.7787287848560169,71,352,0.6627892035611446,0.1056547619047619,0.8616870641708374,True,2
2yne__1__1.A__1.F,c118,0.3093788662397563,0.1066666666666666,0.2765827506502895,0.2143787823086501,0.4382026538488209,0.3200211203042976,96,900,0.2785277390115822,0.08,2.743971586227417,True,2,0.3269013012445908,0.1066666666666666,0.3246484320682213,0.244143485148118,0.4410202543810981,0.3358369048364953,96,900,0.3249226321960408,0.08,2.581448554992676,True,2
2yne__2__1.B__1.M,c118,0.2779477547863977,0.1075268817204301,0.2462785717138288,0.1954809958321207,0.4126091860572065,0.3011860364486365,100,930,0.1325321650389894,0.065359477124183,2.745640754699707,True,2,0.3267699049590495,0.1075268817204301,0.3262976999806553,0.2455569019452168,0.4327899086392602,0.3438230788552933,100,930,0.3219318669928434,0.065359477124183,2.578336477279663,True,2
6wn2__1__1.A__1.C,c121,0.4134377344438348,0.1742919389978213,0.3935446628780409,0.3442865835589189,0.5921687303658904,0.5495709701157143,80,459,0.2564022990779518,0.1094391244870041,2.1671411991119385,True,2,0.4884659570470763,0.1742919389978213,0.4162128654464123,0.3801470871394501,0.5756859419557372,0.5310948344904558,80,459,0.4857486154266215,0.1094391244870041,2.22510290145874,True,2
6wn2__1__1.B__1.L,c121,0.412887578051451,0.1721132897603486,0.377739288362567,0.2970409922317074,0.5886042329841853,0.4613120997386809,79,459,0.3284297306811023,0.1255961844197138,2.1680908203125,True,2,0.5857309420341598,0.1721132897603486,0.4062550083004613,0.3447913513100271,0.6625703590179196,0.6125635367016392,79,459,0.5851483838168087,0.1255961844197138,1.9585976600646973,True,2
4ysx__1__1.B_1.C_1.D__1.N,c270,0.2498172508133248,0.1491228070175438,0.2233108395873318,0.2266864405940488,0.3139669487508623,0.3207637654929643,68,456,0.2078538097936316,0.0833333333333333,2.226674318313598,True,2,0.1466624919204521,0.1491228070175438,0.2700587606837606,0.2249235561663078,0.2953391992642692,0.2102275834122939,68,456,0.1435385871624754,0.0833333333333333,3.100957155227661,True,2
1yzx__1__1.A_1.B__1.C,c1556,0.37711884954649,0.1298701298701298,0.3257187111765529,0.3077982493815094,0.546589565561561,0.4272476182427187,80,616,0.1954846590182206,0.0742115027829313,2.5891201496124268,True,2,0.7625516177340493,0.1298701298701298,0.3384668758436305,0.2518430433986294,0.8043665803893074,0.8253329837360939,80,616,0.7625268207592801,0.0742115027829313,0.8956153988838196,True,2
1yxi__1__3.A_4.A__3.B_3.D_3.E_3.F_3.G,c141,0.4512622752034097,0.2017045454545454,0.2547237142747706,0.2205029195411219,0.5297225619560179,0.5904489121463554,71,352,0.3695855740402911,0.1199324324324324,1.8981915712356567,True,2,0.6408792683893296,0.2017045454545454,0.3969677842697208,0.299761350892269,0.6881669372294372,0.7656377433330558,71,352,0.6408792683893296,0.1199324324324324,0.8697317242622375,True,2
1zdp__1__1.A__1.F_1.G,c218,0.5590922874795443,0.1823529411764705,0.4158651310119108,0.3225279645037669,0.7120778171408423,0.5054887483612973,62,340,0.3457328417987178,0.1176470588235294,1.7619343996047974,True,2,0.6120915165546734,0.1823529411764705,0.3690621166483428,0.3218605779255476,0.7384908963585434,0.6624676064676065,62,340,0.6120915165546733,0.1176470588235294,1.0284788608551023,True,2
1z9g__1__1.A__1.F_1.G,c218,0.4742283532396841,0.1684491978609625,0.410871698649751,0.3384784684739415,0.6223792211248959,0.4375289787632225,63,374,0.4193962064533066,0.1122994652406417,1.7395201921463013,True,2,0.4540986172929859,0.1684491978609625,0.4082592179580975,0.3349929459660107,0.6100603318250376,0.6261840705590705,63,374,0.4540835357015764,0.1122994652406417,1.2887386083602903,True,2
2yne__3__1.C__1.R,c118,0.2669819722104413,0.103125,0.206922689603706,0.1692815636339496,0.3859638606031826,0.3463750380200248,99,960,0.1671217310587061,0.075,2.7603800296783447,True,2,0.2782657595336501,0.103125,0.3048219778161802,0.2174914666572113,0.4244759404214482,0.3181053191707774,99,960,0.2773709304162855,0.075,2.711235523223877,True,2
6xu1__2__1.F__1.TA_1.UA_1.VA_1.XA,c159,0.3117030800890297,0.0947916666666666,0.2483560215969718,0.1686424647093533,0.5019116591080877,0.4523110230995895,91,960,0.2370756423387793,0.0606666666666666,3.07684588432312,True,2,0.607970010430888,0.0947916666666666,0.2506854685930316,0.1964492263807128,0.6848744681244683,0.690079200026509,91,960,0.6079700104308879,0.0606666666666666,0.9457897543907166,True,2
1xms__1__5.A__5.B_5.C,c124,0.3948816724608819,0.1032258064516129,0.2189830844361204,0.1703495983806512,0.6702407407407409,0.4651679245150868,80,775,0.3621596245458178,0.0561009817671809,3.10217547416687,True,2,0.5402663141095241,0.1032258064516129,0.2399514005259973,0.1921594326998109,0.6555320926350336,0.5493884244726769,80,775,0.5388803887055381,0.0561009817671809,1.2074705362319946,True,2
1yzx__1__1.A_1.B__1.D,c1556,0.3856894047335699,0.1363636363636363,0.3230535735232623,0.3279898392100999,0.5478836090560185,0.4896179609513041,81,594,0.3480701208292791,0.0818181818181818,2.458674430847168,True,2,0.8102576909740864,0.1363636363636363,0.340491909344913,0.2677041656741487,0.8405216122261575,0.8506996259612325,81,594,0.8096528276780693,0.0818181818181818,1.0115245580673218,True,2
1yyz__1__3.A_4.A__3.B_3.C_3.D_3.E,c141,0.4117909372601387,0.1902173913043478,0.2570136568613459,0.2331327874602919,0.5208057912965517,0.5731352383036636,70,368,0.3009182054755653,0.0972222222222222,1.872861742973328,True,2,0.6560631012015745,0.1902173913043478,0.409543671052337,0.3024560760061924,0.671491543247058,0.726468861000111,70,368,0.6560631012015745,0.0972222222222222,0.9493711590766908,True,2
1yyz__1__3.A_4.A__4.B_4.C_4.D_4.E,c141,0.4343567735216782,0.1902173913043478,0.2389231647641574,0.2145484504138385,0.4977458586144247,0.5371946084669299,70,368,0.2334643582467253,0.0930851063829787,1.8713312149047847,True,2,0.6713938275264589,0.1902173913043478,0.3820703980893056,0.3060578034222854,0.6995308337495837,0.7810916043282115,70,368,0.6713938275264587,0.0930851063829787,0.927621841430664,True,2
4wql__1__1.A__1.B_1.C_1.D_1.H_1.N,c12775,0.3154378262698688,0.106060606060606,0.2629563538505903,0.2565937173985449,0.4677132127132127,0.3170218814062366,63,594,0.1545474404991238,0.0658307210031347,2.879549503326416,True,2,0.4788485567602086,0.106060606060606,0.3795001855607915,0.332931282578437,0.6702449094115759,0.5154405340972031,63,594,0.4788485567602087,0.0658307210031347,1.7717872858047483,True,2
6wnd__1__1.A__1.I,c164,0.273254043408393,0.1206140350877193,0.1806295057271622,0.1715767419373596,0.3996447429658214,0.4183655258791234,55,456,0.1988438550780794,0.0723684210526315,1.9800448417663572,True,2,0.3774768148749866,0.1206140350877193,0.2823444691781308,0.2603684506080154,0.5145060437784896,0.455818280233441,55,456,0.3774768148749866,0.0723684210526315,1.2209177017211914,True,2
1yxi__1__3.A_4.A__4.B_4.D_4.E_4.F_4.G,c141,0.4725203737193576,0.2017045454545454,0.2553679204207373,0.2652004647381139,0.5165879412662501,0.5688065791982189,71,352,0.2676559243979457,0.1109375,1.899482607841492,True,2,0.6515233592585739,0.2017045454545454,0.4172352222308208,0.3757290123282143,0.6726775192400192,0.8198967551433054,71,352,0.6515233592585741,0.1109375,0.8544191718101501,True,2
5ynw__1__1.A__1.C,c1104,0.4078515350137471,0.1514285714285714,0.394114057216093,0.2347062899155203,0.5598195956704359,0.5778344671201814,53,350,0.2930366997765882,0.0946428571428571,2.308679819107056,True,2,0.6514907758658274,0.1514285714285714,0.3569280641750245,0.3052651806353705,0.7035534895776492,0.7603136810279667,53,350,0.6514907758658274,0.0946428571428571,0.8237832188606262,True,2
4ysx__2__1.F_1.G_1.H__1.W,c270,0.2383746579086341,0.1381578947368421,0.2191457611275538,0.2215369830523395,0.3043886202499647,0.3101901128119006,63,456,0.102226759794717,0.0640243902439024,2.1911370754241943,True,2,0.1396467196076685,0.1381578947368421,0.2375829894679101,0.2174678394732011,0.3026102404553785,0.1944081324833106,63,456,0.1392142536064694,0.0640243902439024,3.05832314491272,True,2
6wnd__1__2.B__2.P,c164,0.2430372933332391,0.1013645224171539,0.1635840741415826,0.1704159591450295,0.3799740843255413,0.416051003951559,52,513,0.1485782774493394,0.0651629072681704,1.9992064237594604,True,2,0.3420938186176428,0.1013645224171539,0.257838152625602,0.2190979081407364,0.5431646074370533,0.4721850780830294,52,513,0.3420938186176428,0.0651629072681704,1.2541849613189695,True,2
6wnd__1__2.C__2.X,c164,0.193228286079718,0.0910931174089068,0.1429704803770402,0.1341488548592839,0.3348559943159186,0.3661124710247517,45,494,0.1517749632737741,0.0696594427244582,1.8697258234024048,True,2,0.2624740915650699,0.0910931174089068,0.1958258651679704,0.1835432510418171,0.4997296140678493,0.4424772473398634,45,494,0.2624740915650699,0.0696594427244582,1.4022996425628662,True,2
6xu1__2__1.G__1.AB_1.BB_1.CB_1.EB,c159,0.3113461089724939,0.0888888888888888,0.2565681099574816,0.1811636615324477,0.5276758959216942,0.4120411492232719,88,990,0.2367198793918047,0.0624113475177304,3.148961544036865,True,2,0.6296771353191402,0.0888888888888888,0.2272320880146345,0.1767342204030201,0.6984761310118455,0.6799589291353241,88,990,0.6296771353191403,0.0624113475177304,0.9453502893447876,True,2
1xms__1__6.A__6.B_6.C,c124,0.4182057969405433,0.1032258064516129,0.2145078419366844,0.1801442592145577,0.6808467871997285,0.5027672398670205,80,775,0.3987303352463558,0.064516129032258,3.106388568878174,True,2,0.5498129946881165,0.1032258064516129,0.2401020563218143,0.1823488805706371,0.6550029921059333,0.5586773223599204,80,775,0.5482219120851455,0.064516129032258,1.2329789400100708,True,2
6ybu__1__1.A_1.B__1.M_1.N,c92,0.4341988855716183,0.1078341013824884,0.1947687324031277,0.1558905746996114,0.5233897285134071,0.5945507800810926,117,1085,0.3871788444006135,0.0712111990261716,2.9762680530548096,True,2,0.7867503333577417,0.1078341013824884,0.2516513867443898,0.1879688532267384,0.7951583644210372,0.7945978724361381,117,1085,0.7867503333577417,0.0712111990261716,0.715355634689331,True,2
1xmv__1__1.A__1.B_1.F,c124,0.5050558636324012,0.1096866096866096,0.2758133627117584,0.210415223979556,0.7257967032967034,0.6432460956538384,77,702,0.4473271493214097,0.0663221360895779,2.770672082901001,True,2,0.6420564767865694,0.1096866096866096,0.3016497734647906,0.238230573575556,0.7138578329882677,0.5427899456734584,77,702,0.6383693395226652,0.0663221360895779,1.2103469371795654,True,2
1zpl__1__1.A__1.C,c1940,0.3931134830788436,0.2403846153846154,0.388856737012987,0.332287896682047,0.5266436688311689,0.4992450604950604,50,208,0.1712239558368631,0.09765625,1.6938326358795166,True,2,0.3584856618669738,0.2403846153846154,0.4812445887445887,0.4162902996942642,0.532276594932845,0.419806006763799,50,208,0.3448569754075247,0.09765625,1.795107126235962,True,2
2yxn__1__1.A__1.B,c121,0.3817067988197668,0.16,0.4782691050269175,0.3897161301194846,0.549298305350695,0.487495765833678,64,400,0.3553056792662171,0.1212121212121212,1.812288522720337,True,2,0.4561247631068064,0.16,0.5304208906870039,0.4473120539773873,0.5276590376097992,0.466934657934658,64,400,0.4492461489054899,0.1212121212121212,1.8165206909179688,True,2
6ybu__1__1.A_1.B__1.O_1.P,c92,0.4695426287271255,0.112442396313364,0.2051504521879859,0.1600674170949154,0.5366385824074222,0.6470856761848897,122,1085,0.4293180736678178,0.0874551971326164,2.953407526016236,True,2,0.818282976993449,0.112442396313364,0.2786446076097842,0.1881719436675291,0.8201963762044405,0.8224396922911649,122,1085,0.8182829769934492,0.0874551971326164,0.7251250743865967,True,2
6xu1__2__1.H__1.HB_1.IB_1.JB_1.LB,c159,0.3400449150941884,0.0919191919191919,0.2603699198086184,0.2042118768702795,0.5359640933778864,0.527408252237271,91,990,0.28344167457046,0.0583333333333333,3.1783287525177,True,2,0.6642992655027385,0.0919191919191919,0.23893808099122,0.2109440495878309,0.7430123994779169,0.7452717295336465,91,990,0.6642992655027384,0.0583333333333333,0.909770667552948,True,2
1zpl__2__1.B__1.D,c1940,0.3520858598152068,0.2307692307692307,0.3692038502585377,0.3441296525442067,0.5301857864357864,0.4203904925041288,48,208,0.1584704664873875,0.1071428571428571,1.6883591413497925,True,2,0.3964466654374434,0.2307692307692307,0.467144473003848,0.4430879646076929,0.5569417735042735,0.4680850412214048,48,208,0.3909313721386684,0.1071428571428571,1.70672869682312,True,2
2yxn__1__2.A__2.B,c121,0.4281096758553588,0.16,0.4727407744038029,0.4253803163549721,0.5838871473399199,0.4551408083166325,64,400,0.3424539589246373,0.0952380952380952,1.8104461431503296,True,2,0.4693385117120193,0.16,0.5327747461414454,0.4457989036388019,0.5378916141291403,0.4928099479885194,64,400,0.4681103284210912,0.0952380952380952,1.838911771774292,True,2
1xmv__1__2.A__2.B_2.F,c124,0.5043753307553057,0.1096866096866096,0.2490869490288229,0.1544507020825502,0.7248351648351649,0.6296279176274546,77,702,0.4721369300028192,0.0663221360895779,2.776925563812256,True,2,0.6477240794174309,0.1096866096866096,0.3044315595799101,0.1729210010354576,0.7141568395372744,0.5414080553226212,77,702,0.6454625440481988,0.0663221360895779,1.2079302072525024,True,2
2zp1__1__1.A__1.B,c121,0.398859155445903,0.2330827067669172,0.4878421569394733,0.4121052890355454,0.5487714501107359,0.5227244887147484,62,266,0.2824999005318362,0.123015873015873,1.88720178604126,False,2,0.378907639078984,0.2330827067669172,0.520472519032427,0.4761911637223262,0.4769472370748078,0.3368265855974575,62,266,0.3691372704771347,0.123015873015873,2.424769401550293,True,2
2zp1__1__2.A__2.B,c121,0.4082805206608641,0.2330827067669172,0.4878421569394733,0.4345078487843667,0.5458982882197169,0.5538064401584809,62,266,0.3094539663451108,0.1428571428571428,1.887692213058472,True,2,0.3778386249711475,0.2330827067669172,0.5211637632720583,0.4689187537286645,0.464758086939229,0.333700665315925,62,266,0.3608363027302688,0.1428571428571428,2.4384591579437256,True,2
6zf0__1__1.A__1.C_1.K_1.L_1.M,c315,0.191363098699761,0.1019354838709677,0.1874275398941434,0.1684108006525708,0.3327286446654974,0.3263374812081013,79,775,0.1463849060025332,0.059264816204051,2.735437631607056,True,2,0.4224393646379983,0.1019354838709677,0.2205831595978835,0.2124876658340225,0.604665258113534,0.5043059001796533,79,775,0.4223877046297327,0.059264816204051,1.391815185546875,True,2
1xmv__1__3.A__3.B_3.F,c124,0.4762968219960535,0.1096866096866096,0.2539455186216921,0.1546872154556318,0.7220039682539683,0.604350374127277,77,702,0.4166241441498552,0.0679012345679012,2.7702057361602783,True,2,0.6431832588477487,0.1096866096866096,0.3040948592432098,0.1669432138017249,0.714132558262993,0.5745049222988211,77,702,0.6421073238916322,0.0679012345679012,1.2034664154052734,True,2
4rur__1__1.K_1.L__1.FA,c20,0.0961023092515655,0.1082251082251082,0.1208837882260342,0.1226768536881851,0.1643078937500653,0.2016292839161592,50,462,0.0603377157726867,0.0649350649350649,1.640205979347229,True,2,0.1248734720095982,0.1082251082251082,0.2026513367679635,0.1716907046884584,0.2450535110069055,0.1714808048687208,50,462,0.119881477193625,0.0649350649350649,2.304960966110229,True,2
5y72__1__1.A__1.C,c1104,0.4707682653908489,0.1883116883116883,0.402697174715964,0.2261793961514677,0.6009192295799438,0.5615911630990996,58,308,0.2912876491526397,0.1255411255411255,2.005104780197144,True,2,0.6724451331389978,0.1883116883116883,0.4117793351566171,0.3097175032732813,0.7219668625025767,0.735856652166176,58,308,0.6724451331389979,0.1255411255411255,0.9044189453125,True,2
3zpo__1__1.A__1.C_1.E_1.N,c1133,0.219655142202213,0.1047254150702426,0.1949236474591444,0.1538882230323522,0.3847100468215055,0.3548134002537103,82,783,0.1798064712883647,0.0589080459770114,3.074826717376709,True,2,0.3777376325730091,0.1047254150702426,0.2478980610687826,0.1782913036175458,0.5502689260115935,0.4995052663338727,82,783,0.3775323540062015,0.0589080459770114,1.8139793872833248,True,2
6ybu__2__1.G_1.H__1.U_1.V,c92,0.4405276571253162,0.1059907834101382,0.1909582775592782,0.1382339786285544,0.503835775772836,0.5994010860455469,115,1085,0.4086000726613094,0.082437275985663,2.954880475997925,True,2,0.7777582775218203,0.1059907834101382,0.2524396822567614,0.169243001170958,0.7674390797374667,0.7699270428909423,115,1085,0.7777582775218203,0.082437275985663,0.7613372206687927,True,2
6zf1__1__1.A__1.C_1.L,c315,0.1931278422493665,0.1019354838709677,0.2077208326736472,0.1993866023780726,0.3826055034013825,0.2406292586006132,79,775,0.1586206176307393,0.065343258891646,2.609220266342163,True,2,0.3231313135645533,0.1019354838709677,0.1972455729384538,0.1746155783513883,0.5284104819902032,0.4041625036455047,79,775,0.3231313135645532,0.065343258891646,2.108939409255981,True,2
1xmv__1__4.A__4.B_4.F,c124,0.4951182941947965,0.1096866096866096,0.2576732723494458,0.192788240063178,0.7330355755355756,0.5894166249602288,77,702,0.4814263107372403,0.0838779956427015,2.7717905044555664,True,2,0.6409356738590472,0.1096866096866096,0.3040948592432098,0.2348503768554532,0.7188944630248978,0.5473472742259944,77,702,0.6399818811674426,0.0838779956427015,1.2121834754943848,True,2
4rur__1__1.Y_1.Z__1.LA,c20,0.0988843674458127,0.1125541125541125,0.1300483180663662,0.1411718336357217,0.1646944942183037,0.1969211908375994,52,462,0.0604878634738757,0.0656565656565656,1.6532115936279297,True,2,0.1312093289784806,0.1125541125541125,0.2157537136063544,0.1888595217149469,0.2601066900233014,0.1607511546828155,52,462,0.120241081693125,0.0656565656565656,2.315542221069336,True,2
6ybu__2__1.G_1.H__1.W_1.X,c92,0.4161701840650124,0.1105990783410138,0.2015941575785802,0.1585234317478721,0.5209126318146378,0.565666107216123,120,1085,0.364906479364971,0.0744416873449131,2.9554362297058105,True,2,0.7985411926133013,0.1105990783410138,0.2683314538218475,0.1843068660551724,0.7929911857216004,0.807865855135676,120,1085,0.7985411926133013,0.0744416873449131,0.7405574321746826,True,2
6zf8__1__1.A__1.N_1.R,c315,0.1855945899594036,0.0796703296703296,0.2107034001828329,0.1906567062818801,0.3713436688823686,0.1895525274770542,87,1092,0.1293472885529497,0.0518783542039356,3.088146209716797,True,2,0.1363173531149551,0.0796703296703296,0.2115706775133075,0.1590293059726642,0.3415781905652683,0.2705345596448061,87,1092,0.1359519075167539,0.0518783542039356,2.989831686019897,True,2
3zwd__1__1.A__1.C,c2481,0.3586192339178621,0.1742424242424242,0.3077955006826097,0.2679202410730834,0.4897716737994516,0.4601795465175192,69,396,0.1946671494440072,0.0851851851851851,1.7940963506698608,True,2,0.4826339416387377,0.1742424242424242,0.3037259573491458,0.2818415726812546,0.5750443075443076,0.577594629052087,69,396,0.4826339416387377,0.0851851851851851,1.4585860967636108,True,2
2zl4__1__1.AA_1.O__1.P,c117,0.4296679812421786,0.1247165532879818,0.2934564881967479,0.2604713409260294,0.5576982431149098,0.5108672959151428,55,441,0.3456525905713724,0.0770308123249299,2.460446834564209,True,2,0.6928755117444901,0.1247165532879818,0.3412035247100182,0.3049328749194666,0.7526475068141736,0.5955903191713305,55,441,0.6928755117444901,0.0770308123249299,1.163061022758484,True,2
5y72__2__1.B__1.D,c1104,0.4687129943496383,0.1607142857142857,0.3993689439270303,0.2271661886623787,0.5938803749938203,0.6120186180347744,54,336,0.4054813340538953,0.0940766550522648,2.0366427898406982,True,2,0.6721379635236557,0.1607142857142857,0.409512671840366,0.3439776150687313,0.7926045085866514,0.687440115628891,54,336,0.6721379635236557,0.0940766550522648,0.8615349531173706,True,2
4zev__1__1.A__1.C_1.D,c5387,0.2882471468344624,0.1228448275862068,0.2454143857450644,0.2115705010616876,0.439393128609197,0.4246597238495386,57,464,0.2252638923593657,0.07125,1.9055094718933103,True,2,0.5935010844230415,0.1228448275862068,0.2930944993831991,0.2279294456407101,0.6631290671134421,0.6262282213671102,57,464,0.5935010844230415,0.07125,1.0400046110153198,True,2
2zl4__1__1.AA_1.Y__1.BA,c117,0.4041196771905862,0.1233766233766233,0.3515137048971635,0.2801566958131009,0.5354640947288005,0.5670528243554727,57,462,0.2255925398499386,0.0714285714285714,2.6030924320220947,True,2,0.6883988348478649,0.1233766233766233,0.3522307753510761,0.2836375328177599,0.7399159663865545,0.6733141097287592,57,462,0.6883251496677966,0.0714285714285714,1.157283067703247,True,2
3zwd__1__1.B__1.E,c2481,0.3156396044196236,0.1736111111111111,0.295937518787192,0.2621060639728095,0.4258719841644678,0.4059274087208698,75,432,0.1627436064622308,0.0992063492063492,1.772678256034851,True,2,0.4884127445966814,0.1736111111111111,0.3638828476050698,0.324914538697932,0.5804512308678975,0.610749083408616,75,432,0.4884127445966814,0.0992063492063492,1.187859058380127,True,2
5zjy__1__1.A__1.C,c326,0.587571871167228,0.0984848484848484,0.3035988632579542,0.3201280395797169,0.7061666666666667,0.6523887144058339,52,528,0.5214213801322073,0.0492424242424242,2.7614634037017822,True,2,0.7917707848834227,0.0984848484848484,0.3166161004884781,0.2655750768726549,0.8977222222222223,0.7726769165319585,52,528,0.7917707848834225,0.0492424242424242,1.2721858024597168,True,2
4zew__1__1.A__1.C_1.D,c5387,0.272934600884554,0.1435185185185185,0.2583371991325839,0.2095826932744156,0.4255671228281522,0.4328153867737201,62,432,0.1646266889279637,0.0842391304347826,1.8968266248703003,True,2,0.5199541712717788,0.1435185185185185,0.3188560566436514,0.2379386355966956,0.5757558698741734,0.584904354904355,62,432,0.5197311101873586,0.0842391304347826,1.096656084060669,True,2
6zmz__1__1.A__1.B,c119,0.2157143927878534,0.0833333333333333,0.168459892714505,0.147250440727809,0.3746055447016054,0.3584666296667395,120,1440,0.1679127957516234,0.057471264367816,3.4038870334625244,True,2,0.4372269462973828,0.0833333333333333,0.182452217387095,0.1582054404025783,0.5507507741369971,0.5193751762992556,120,1440,0.4372269462973828,0.057471264367816,1.222791075706482,True,2
6z6a__1__1.A__1.C,c315,0.3343662279015652,0.0854341736694677,0.2388549164734711,0.2139656258574793,0.4574242131544363,0.3740174447801205,61,714,0.1753915438735236,0.0498366013071895,2.6688663959503174,True,2,0.3819826775652443,0.0854341736694677,0.2164505997465893,0.1696817798138888,0.4899687557015142,0.3631177814558419,61,714,0.3819725777793598,0.0498366013071895,1.8623555898666384,True,2
1xmv__1__5.A__5.B_5.F,c124,0.4801521236774867,0.1096866096866096,0.2574605221366956,0.1783139460823994,0.7524304968535737,0.6071984450566841,77,702,0.4486611397174526,0.0792181069958847,2.770055294036865,True,2,0.6451357121766578,0.1096866096866096,0.3040948592432098,0.1989091176970155,0.7187876254180601,0.5793268687055889,77,702,0.6446968492734202,0.0792181069958847,1.202156662940979,True,2
2zl4__1__1.A_1.C__1.B,c117,0.4668023730901774,0.1261904761904762,0.2941797389414072,0.2638716479151394,0.6024057539682539,0.5639001106106369,53,420,0.2280324468471388,0.0764790764790764,2.354526996612549,True,2,0.7680997120062409,0.1261904761904762,0.2934319517380944,0.2848665668859134,0.8092865034271284,0.6340294410005949,53,420,0.7680997120062408,0.0764790764790764,0.9818854928016664,True,2
3zcp__1__1.A__1.C,c33,0.1812615195548458,0.1049475262368815,0.2453027237618527,0.1934557848132813,0.3897973958794729,0.2500386666039141,70,667,0.1465748298795493,0.0742311770943796,2.551562786102295,True,2,0.5755832214127838,0.1049475262368815,0.2709192330765125,0.2111040518909061,0.7267183588535723,0.7032465698216472,70,667,0.5755832214127838,0.0742311770943796,1.084478735923767,True,2
1xmv__1__6.A__6.B_6.F,c124,0.4867056244691889,0.1096866096866096,0.2537327684089419,0.166928528011857,0.7237948269679039,0.6194177627101733,77,702,0.4425112718353886,0.0606776989755713,2.7746846675872803,True,2,0.6393420792984696,0.1096866096866096,0.2988668421104307,0.1669668266404563,0.7050513616817965,0.5669782586370472,77,702,0.6341376719745634,0.0606776989755713,1.2136605978012085,True,2
2zl4__1__1.C_1.E__1.D,c117,0.4594381661358973,0.1224489795918367,0.3418735414105784,0.2721167438066441,0.632413719178425,0.5821099076362234,54,441,0.231387756876273,0.0642857142857142,2.4994359016418457,True,2,0.691411607777709,0.1224489795918367,0.3312845150146737,0.2693905813871625,0.760745409274821,0.6963405650721827,54,441,0.6914116077777092,0.0642857142857142,1.1553667783737185,True,2
4z9n__1__1.D__1.U,c7,0.4523811826091287,0.153125,0.3368493833672043,0.2821057694850465,0.5626963388258898,0.5619465962166623,98,640,0.3898513205385385,0.0942307692307692,2.306681632995605,True,2,0.7035262742344659,0.153125,0.3981414309970969,0.2639252883882553,0.7860236881174381,0.7083884187294364,98,640,0.7035262742344659,0.0942307692307692,0.9158681631088256,True,2
2zl4__1__1.A_1.M__1.N,c117,0.3853347195231835,0.1201814058956916,0.2878616092901807,0.2738571807173783,0.574807953484424,0.6191794850448696,53,441,0.3469156308623232,0.0841269841269841,2.4496302604675293,True,2,0.716472139260613,0.1201814058956916,0.3063392949688878,0.2774381904839129,0.7717398940928352,0.6642852517852518,53,441,0.7159061038464843,0.0841269841269841,1.1828855276107788,True,2
5yk0__1__1.A__1.B,c1592,0.4995276611946538,0.1049382716049382,0.235726832968405,0.1622309311618031,0.6841303154190151,0.6484738751510982,68,648,0.4317575916640844,0.0662768031189083,2.4961390495300293,True,2,0.896264549309885,0.1049382716049382,0.2472678956543335,0.1882371910910602,0.9326923076923076,0.883503936539651,68,648,0.8962645493098849,0.0662768031189083,0.6323848962783813,True,2
2zl4__1__1.E_1.G__1.F,c117,0.4308978925816871,0.1269841269841269,0.3387883021173837,0.2353097611003897,0.625012070781967,0.5896391274219328,56,441,0.3022832790415365,0.0683760683760683,2.4714884757995605,True,2,0.71442699390252,0.1269841269841269,0.3393126893614588,0.2300968457287208,0.7418590314913844,0.6354044284021659,56,441,0.7114801220803434,0.0683760683760683,1.0291156768798828,True,2
4z9n__3__1.C__1.Q,c7,0.486870307334027,0.153125,0.3443160530885382,0.2986044016423147,0.576219023102841,0.6197934135192159,98,640,0.4667375972466344,0.1065217391304347,2.2978262901306152,True,2,0.7264693276532639,0.153125,0.4049686121263094,0.3071088397068313,0.8245259933518861,0.78608673464687,98,640,0.7264693276532639,0.1065217391304347,0.9184076189994812,True,2
5yk0__2__4.A__4.B,c1592,0.481459814477835,0.1049382716049382,0.235726832968405,0.1698494298701282,0.6966678423915267,0.5896555013405724,68,648,0.4454788802181261,0.074074074074074,2.4978103637695312,True,2,0.897296048001565,0.1049382716049382,0.246456211210152,0.1956622523481009,0.903846153846154,0.8717246642246642,68,648,0.897296048001565,0.074074074074074,0.6392244696617126,True,2
3zcq__1__1.A__1.C,c33,0.2571005512685466,0.095398428731762,0.185984239572525,0.161924024779884,0.3862405389036509,0.4389469658238599,85,891,0.2124120634956844,0.0642479213907785,3.0389420986175537,True,2,0.5628089611826972,0.095398428731762,0.2146030887073317,0.1507880542607058,0.7277096922685158,0.746681476448557,85,891,0.5628089611826971,0.0642479213907785,0.9070686101913452,True,2
3zcp__1__2.A__2.C,c33,0.1944756441396824,0.1049475262368815,0.2467590246848023,0.211516673007826,0.3913448332735775,0.2829649845438965,70,667,0.1480392018922535,0.0707785642062689,2.552156686782837,True,2,0.6244659967143816,0.1049475262368815,0.2749380568033965,0.1937249490212268,0.7802996562970989,0.7291899689577708,70,667,0.6244659967143815,0.0707785642062689,1.040948510169983,True,2
2zl4__1__1.G_1.I__1.H,c117,0.4355395912194362,0.1168831168831168,0.3147752867874249,0.257090053754326,0.5692967490026313,0.5205978221384384,54,462,0.3485272229224818,0.0642857142857142,2.619150400161743,True,2,0.679422416835388,0.1168831168831168,0.3066834742760669,0.2286439308076996,0.6948088540000306,0.5985704769680334,54,462,0.679422416835388,0.0642857142857142,1.178500056266785,True,2
2zl4__1__1.I_1.K__1.J,c117,0.4413762803477584,0.1292517006802721,0.3459382073417161,0.2574031730863059,0.6253359988776656,0.5731614038409704,57,441,0.3157905530985332,0.064625850340136,2.450777053833008,True,2,0.6761275477098276,0.1292517006802721,0.3351887739105784,0.2425209615650612,0.7418320105820105,0.6569358738904192,57,441,0.6745067089459618,0.064625850340136,1.1702423095703125,True,2
4z0u__1__1.A__1.C,c6412,0.158592363538892,0.1142857142857142,0.1379151721294578,0.1349475332839178,0.3237241429205714,0.3202418116198676,60,525,0.0746391888257053,0.0552995391705069,2.288574695587158,True,2,0.253898444478104,0.1142857142857142,0.1763601306101306,0.1575740670907559,0.5027777777777778,0.4138175047506878,60,525,0.253898444478104,0.0552995391705069,1.796941876411438,True,2
4zwg__1__1.D__1.T,c159,0.3473020608690798,0.1263888888888888,0.2881221218987864,0.1878062601824123,0.5516842090371501,0.4392364896360868,91,720,0.2293140029157507,0.0705426356589147,2.413367509841919,True,2,0.5681625636718494,0.1263888888888888,0.3606767052646173,0.2150611913658195,0.6683166987333654,0.6026675031799695,91,720,0.5681625636718494,0.0705426356589147,1.1474584341049194,True,2
4z0u__2__1.B__1.D,c6412,0.1813198633882983,0.1160714285714285,0.1480460918812567,0.1497579626524694,0.3032853431290931,0.3448786283425099,65,560,0.079925358197287,0.0546218487394958,2.3390824794769287,False,2,0.2981118422699418,0.1160714285714285,0.2144633888699822,0.1844350626650039,0.4852647569444444,0.4630489891573516,65,560,0.2981118422699418,0.0546218487394958,1.70895516872406,True,2
3zy5__1__1.A_2.A__2.F,c5614,0.3841161529094294,0.0896159317211948,0.2473831110017923,0.204185530669598,0.5309525725335172,0.4338944002751848,126,1406,0.3282560079990695,0.0676691729323308,3.5101935863494877,True,2,0.7368600727510852,0.0896159317211948,0.2628747730741857,0.1888417882942771,0.7841042666042666,0.7413199520395363,126,1406,0.7368600727510853,0.0676691729323308,0.8141822218894958,True,2
3zcq__1__2.A__2.C,c33,0.2421354237145423,0.095398428731762,0.1869108200312692,0.1663716619708644,0.3865492373166379,0.4310576840143696,85,891,0.2273615046013018,0.0605413105413105,3.0376479625701904,True,2,0.5451967610831763,0.095398428731762,0.207231342294362,0.1778120743777327,0.7432945241033477,0.7358913446801644,85,891,0.5451967610831763,0.0605413105413105,0.903564751148224,True,2
2zl4__1__1.K_1.M__1.L,c117,0.4114763717874158,0.1125541125541125,0.3103107870965014,0.2175126737309976,0.5559508200133201,0.5253306945844356,52,462,0.3295088743962084,0.0687830687830687,2.559248447418213,True,2,0.685955773228374,0.1125541125541125,0.3033719256933542,0.21751506212115,0.7659432870370371,0.6763427544677546,52,462,0.6853354653011569,0.0687830687830687,0.9602140784263612,True,2
3zcr__1__1.A__1.D,c33,0.2608075162149831,0.0904139433551198,0.1948166375789292,0.1603466642228966,0.3851385920421868,0.4077577637244707,83,918,0.2391708209683114,0.0591168091168091,3.10243821144104,True,2,0.55865606848621,0.0904139433551198,0.2277327337794349,0.1504709141246465,0.758049707494152,0.7379333449472338,83,918,0.5586560684862099,0.0591168091168091,1.0291688442230225,True,2
2zl4__1__1.O_1.Q__1.R,c117,0.3368055761065855,0.1212121212121212,0.2651223422269341,0.2268928424984815,0.4682031719570418,0.5001165330156927,56,462,0.1733140419902398,0.0701754385964912,2.5914463996887207,True,2,0.586504697284313,0.1212121212121212,0.314045591596612,0.2790020668007472,0.6606621499264004,0.5257989409179885,56,462,0.5865046972843131,0.0701754385964912,2.076298475265503,True,2
3zy6__1__1.A_2.A__2.B,c5614,0.4436057877278501,0.0994152046783625,0.3261278008658665,0.2572780051881103,0.6140289714853306,0.5000922973305203,136,1368,0.3467670795993217,0.0596491228070175,3.381275177001953,True,2,0.7555158981073846,0.0994152046783625,0.3278737686484754,0.2159285113413077,0.8015131578947368,0.7964522263507371,136,1368,0.7555158981073846,0.0596491228070175,0.7830030918121338,True,2
3zcr__1__2.A__2.D,c33,0.2489925459202861,0.0904139433551198,0.1951535162290609,0.1712476593661811,0.3875415231918213,0.4041148145418011,83,918,0.2022150306053305,0.0569272976680384,3.1027274131774902,True,2,0.5420145049142177,0.0904139433551198,0.2281593486638812,0.1722047327835577,0.7353391258946813,0.6830805010318898,83,918,0.5420145049142177,0.0569272976680384,1.0206209421157837,True,2
2zl4__1__1.Q_1.S__1.T,c117,0.3566690981682154,0.1269841269841269,0.2629352382708989,0.2325479489588239,0.4623260476547673,0.5158939568734109,56,441,0.2524177073931201,0.0701754385964912,2.518590450286865,True,2,0.6944508746149912,0.1269841269841269,0.3790541315732642,0.328033303764094,0.7423633555986496,0.653287258209967,56,441,0.6938252670315427,0.0701754385964912,1.3364213705062866,True,2
2zl4__1__1.S_1.U__1.V,c117,0.4335484179839214,0.1201814058956916,0.2868989501064973,0.2467348453633644,0.5932872476399262,0.5580189622469034,53,441,0.2596021136567856,0.0647130647130647,2.472930908203125,True,2,0.7086157860014284,0.1201814058956916,0.3198326023758083,0.2989513650116571,0.8109457671957672,0.6100158367542822,53,441,0.7086157860014284,0.0647130647130647,1.1758809089660645,True,2
2zl4__1__1.U_1.W__1.X,c117,0.4680710603736883,0.1168831168831168,0.3574545212772726,0.2801034426831633,0.6295539427892369,0.5589080672414005,54,462,0.3078079181701628,0.0642857142857142,2.5547337532043457,True,2,0.7170387226720487,0.1168831168831168,0.3349128053765464,0.2476436847477502,0.7562016687016687,0.6798896319032066,54,462,0.7170387226720487,0.0642857142857142,0.9984357357025146,True,2
2zl4__1__1.W_1.Y__1.Z,c117,0.4389518895332887,0.1179138321995464,0.3253697360840217,0.2419591332496242,0.5912136066547831,0.5114182378468093,52,441,0.2829412839858686,0.0707482993197279,2.514614582061768,True,2,0.6858928109556078,0.1179138321995464,0.3262500153007672,0.275874185863356,0.7227145403615992,0.61518483987941,52,441,0.685892810955608,0.0707482993197279,0.9479568004608154,True,2
6zv5__1__1.C_1.D__1.I_1.O,c2350,0.1493486200816994,0.0691489361702127,0.1931370638817447,0.1456751154512062,0.4107891414141414,0.2552679035444126,52,752,0.0648666574707101,0.0381511371973587,3.318678855895996,True,2,0.1330034248822395,0.0691489361702127,0.1821414844021227,0.1525043502362163,0.360394645037502,0.1657742208077927,52,752,0.1330034248822395,0.0381511371973587,2.7395565509796143,True,2
6zu2__1__1.A_1.B__1.G_1.O,c2350,0.196420441882974,0.1092592592592592,0.2358409899370351,0.1926481597366307,0.4991580271580272,0.2409013465695172,59,540,0.1150244545124533,0.058531746031746,2.574976682662964,False,2,0.2326364619629795,0.1092592592592592,0.2317561205273069,0.1979071613848011,0.4929639804639804,0.2168661915903158,59,540,0.2326364619629795,0.058531746031746,2.264211177825928,True,2
6zv5__1__1.E_1.F__1.K_1.S,c2350,0.1898416182025371,0.0817901234567901,0.2046582173940664,0.2072259308714399,0.4509616104060548,0.2946929363363152,53,648,0.0851045498191237,0.0387426900584795,2.6256320476531982,True,2,0.1770598536948231,0.0817901234567901,0.280995760005194,0.2290115323334368,0.4692946765168987,0.2106837867644066,53,648,0.1770598536948231,0.0387426900584795,2.26880145072937,True,2
6zv5__1__1.E_1.F__1.L_1.R,c2350,0.1512598347397674,0.0800653594771241,0.2071581149387272,0.1669134651666671,0.5051540385540385,0.2053050899894915,49,612,0.0677605548337596,0.0358187134502923,2.609530210494995,True,2,0.1403794597117225,0.0800653594771241,0.2699815569288358,0.2059642193415065,0.47306438006438,0.1408916540957482,49,612,0.1403794597117225,0.0358187134502923,2.3256072998046875,True,2
6zu2__1__1.A_1.B__1.H_1.M_1.Q,c2350,0.2103102200140455,0.0989583333333333,0.230805425487443,0.1781701449010835,0.4260474941724941,0.2809374063061257,57,576,0.1117967817056292,0.0545977011494252,2.498316764831543,False,2,0.3241112593608532,0.0989583333333333,0.2602141928896315,0.2281021047987936,0.5637059369202226,0.259716105481987,57,576,0.3241112593608531,0.0545977011494252,1.8609657287597656,True,2
3zcs__1__1.A__1.D,c33,0.2529798293859499,0.0931537598204265,0.1935932690383241,0.1786453341933772,0.3888372469336521,0.374802453181226,83,891,0.1690355381836406,0.0580013976240391,2.7486166954040527,True,2,0.6153185947837148,0.0931537598204265,0.2229003708867706,0.196756663722633,0.7869394443005554,0.6846171402059832,83,891,0.6153185947837146,0.0580013976240391,0.9923077821731568,True,2
3zcs__1__2.A__2.D,c33,0.2546083470300045,0.0931537598204265,0.1937528275987274,0.1830788553028008,0.3782638654615779,0.4114424155940928,83,891,0.2259935044817458,0.0654058313632781,2.748216390609741,True,2,0.6403270201455802,0.0931537598204265,0.2225799142576009,0.1961824743680174,0.770002949725172,0.6887888708817246,83,891,0.6403270201455799,0.0654058313632781,0.976099133491516,True,2
5zwk__1__1.A_1.B__1.E_1.G_1.H,c141,0.2855911860941937,0.175,0.2124728287626341,0.1900703398418041,0.3595285244439656,0.4562112308360184,84,480,0.2077415394755551,0.1166666666666666,2.292363405227661,True,2,0.4918186850297726,0.175,0.3257449019050633,0.2645506837296404,0.5703002778954791,0.5118094858480751,84,480,0.4911452241560615,0.1166666666666666,1.582544445991516,True,2
3zct__1__1.A__1.E,c33,0.2591225839681086,0.0947712418300653,0.1997054467758634,0.163708967044041,0.4279496940362953,0.3950211749101504,87,918,0.2098352034192476,0.0585858585858585,3.0684690475463867,True,2,0.5466790698980307,0.0947712418300653,0.233527030350238,0.1755650048579084,0.7297170422170421,0.679574748922575,87,918,0.5466790698980307,0.0585858585858585,1.0079410076141355,True,2
5zwk__1__1.C_1.D__1.Q_1.S_1.T,c141,0.3592249545059063,0.186,0.2563189715881841,0.2379570388106438,0.4378851673603028,0.4609605121840043,93,500,0.2191716634216738,0.1107142857142857,2.232325792312622,True,2,0.5746556141492845,0.186,0.3344070014592086,0.2703573614534776,0.6255213627746523,0.6296637977101615,93,500,0.5739885650272875,0.1107142857142857,1.2195897102355957,True,2
3zct__1__2.A__2.E,c33,0.281702311981619,0.0947712418300653,0.1996385845728178,0.1615805094137943,0.4306638790187121,0.3840624814951936,87,918,0.2263728671064004,0.0565302144249512,3.0684194564819336,True,2,0.5799169349397066,0.0947712418300653,0.2204629689719759,0.1589686385399096,0.7325522831078388,0.6482205891263862,87,918,0.5799169349397064,0.0565302144249512,1.0207165479660034,True,2
3zx4__1__1.B__1.F_1.G_1.H,c2481,0.3052482013234794,0.1792929292929292,0.2511225016708381,0.2334442237434052,0.4076989728378617,0.4525987577260439,71,396,0.2596193314479266,0.1195286195286195,1.80409038066864,True,2,0.4221581137979707,0.1792929292929292,0.3042223947153524,0.2780335390000338,0.5303653546745651,0.5967114448503474,71,396,0.4221581137979707,0.1195286195286195,1.2548772096633911,True,2
3zx5__1__1.A__1.C_1.D_1.E,c2481,0.3126942880730932,0.1736111111111111,0.2673678537823705,0.2452627632363232,0.4348974893419337,0.4805545317085167,75,432,0.240343706477586,0.119047619047619,1.849990963935852,True,2,0.5032576794038464,0.1736111111111111,0.3437624837800276,0.3152463204600473,0.5966085791780236,0.6712704102134248,75,432,0.5032576794038464,0.119047619047619,1.08232843875885,True,2
3zcu__1__1.A__1.B,c33,0.2567673376094998,0.1133540372670807,0.246535414552025,0.2080358974731824,0.4048835018237023,0.4394264530036106,73,644,0.2318541222014594,0.0755693581780538,2.459116220474243,True,2,0.6534243658468635,0.1133540372670807,0.262249630367862,0.208332379307014,0.8070321224669051,0.8043837156995052,73,644,0.6534243658468636,0.0755693581780538,0.8221480846405029,True,2
3zcu__1__2.A__2.B,c33,0.2733001618072865,0.1133540372670807,0.2458799172467361,0.2268990361309405,0.4326134992695095,0.4580984164072731,73,644,0.2192927490395932,0.0721343873517786,2.464052200317383,True,2,0.6214816238910799,0.1133540372670807,0.2599050039039243,0.2572948965914529,0.7689869188782232,0.8044903411002482,73,644,0.6214816238910799,0.0721343873517786,0.8688315749168396,True,2
3zcv__1__1.A__1.C_1.E,c33,0.2528134585324132,0.0944055944055944,0.2419428487754668,0.2089789708682778,0.4314337902544916,0.326386208283917,81,858,0.1854260611032049,0.0635792778649921,3.011875867843628,True,2,0.5561819601257928,0.0944055944055944,0.236098600346951,0.1856908569283669,0.6947778450182297,0.7402394619269619,81,858,0.5561819601257927,0.0635792778649921,0.9636419415473938,True,2
3zcv__1__2.A__2.C_2.E,c33,0.2577570145347965,0.0944055944055944,0.2420811832255421,0.2000899464537863,0.4543906908100764,0.3733267552941922,81,858,0.2400958762532013,0.0662847790507365,3.01358413696289,True,2,0.5619045703276476,0.0944055944055944,0.2472218475303787,0.1968345717627002,0.6877008141431218,0.7402289030414031,81,858,0.5619045703276477,0.0662847790507365,0.9889240264892578,True,2
4zy3__1__1.A__1.D,c315,0.1909619199119502,0.0798076923076923,0.2103594688886592,0.1924673771301888,0.2963696049067565,0.220896305278878,83,1040,0.1233519173046874,0.051875,2.886507511138916,True,2,0.132953660832451,0.0798076923076923,0.1901764045868982,0.1652850935978931,0.2593994688059333,0.1726851990437748,83,1040,0.1327413281858208,0.051875,2.3317017555236816,True,2
4zy3__2__1.B__1.F,c315,0.1606978557038055,0.0788461538461538,0.2030351237515871,0.176804337482793,0.3032881379098484,0.1942356724618771,82,1040,0.1323168911808852,0.0525641025641025,3.051703453063965,True,2,0.1191622372678895,0.0788461538461538,0.1941635410481688,0.1536148075253931,0.240395768514856,0.1570691848961512,82,1040,0.1191509529423818,0.0525641025641025,2.70996356010437,True,2
