model,direction,query_id,observed_candidates,requested_candidates
ConPLex,target_to_drug,CHEMBL1075094,720,720
ConPLex,target_to_drug,CHEMBL1075113,720,720
ConPLex,target_to_drug,CHEMBL1075126,720,720
ConPLex,target_to_drug,CHEMBL1075153,720,720
ConPLex,target_to_drug,CHEMBL1075319,720,720
ConPLex,target_to_drug,CHEMBL1163124,720,720
ConPLex,target_to_drug,CHEMBL1169596,720,720
ConPLex,target_to_drug,CHEMBL1169600,720,720
ConPLex,target_to_drug,CHEMBL1250358,720,720
ConPLex,target_to_drug,CHEMBL1250360,720,720
ConPLex,target_to_drug,CHEMBL1250375,720,720
ConPLex,target_to_drug,CHEMBL1250417,720,720
ConPLex,target_to_drug,CHEMBL1255163,720,720
ConPLex,target_to_drug,CHEMBL1275223,720,720
ConPLex,target_to_drug,CHEMBL1287628,720,720
ConPLex,target_to_drug,CHEMBL1293224,720,720
ConPLex,target_to_drug,CHEMBL1293232,720,720
ConPLex,target_to_drug,CHEMBL1293266,720,720
ConPLex,target_to_drug,CHEMBL1615381,720,720
ConPLex,target_to_drug,CHEMBL1628478,720,720
ConPLex,target_to_drug,CHEMBL1641347,720,720
ConPLex,target_to_drug,CHEMBL1641348,720,720
ConPLex,target_to_drug,CHEMBL1641353,720,720
ConPLex,target_to_drug,CHEMBL1649052,720,720
ConPLex,target_to_drug,CHEMBL1649058,720,720
ConPLex,target_to_drug,CHEMBL1697671,720,720
ConPLex,target_to_drug,CHEMBL1697674,720,720
ConPLex,target_to_drug,CHEMBL1741186,720,720
ConPLex,target_to_drug,CHEMBL1741208,720,720
ConPLex,target_to_drug,CHEMBL1741305,720,720
ConPLex,target_to_drug,CHEMBL1741309,720,720
ConPLex,target_to_drug,CHEMBL1744522,720,720
ConPLex,target_to_drug,CHEMBL1744525,720,720
ConPLex,target_to_drug,CHEMBL1778,720,720
ConPLex,target_to_drug,CHEMBL1781,720,720
ConPLex,target_to_drug,CHEMBL1781870,720,720
ConPLex,target_to_drug,CHEMBL1782,720,720
ConPLex,target_to_drug,CHEMBL1783,720,720
ConPLex,target_to_drug,CHEMBL1786,720,720
ConPLex,target_to_drug,CHEMBL1795,720,720
ConPLex,target_to_drug,CHEMBL1795108,720,720
ConPLex,target_to_drug,CHEMBL1795116,720,720
ConPLex,target_to_drug,CHEMBL1795122,720,720
ConPLex,target_to_drug,CHEMBL1795129,720,720
ConPLex,target_to_drug,CHEMBL1795178,720,720
ConPLex,target_to_drug,CHEMBL1795197,720,720
ConPLex,target_to_drug,CHEMBL1796,720,720
ConPLex,target_to_drug,CHEMBL1801,720,720
ConPLex,target_to_drug,CHEMBL1803,720,720
ConPLex,target_to_drug,CHEMBL1806,720,720
ConPLex,target_to_drug,CHEMBL1808,720,720
ConPLex,target_to_drug,CHEMBL1812,720,720
ConPLex,target_to_drug,CHEMBL1817,720,720
ConPLex,target_to_drug,CHEMBL1822,720,720
ConPLex,target_to_drug,CHEMBL1824,720,720
ConPLex,target_to_drug,CHEMBL1825,720,720
ConPLex,target_to_drug,CHEMBL1827,720,720
ConPLex,target_to_drug,CHEMBL1829,720,720
ConPLex,target_to_drug,CHEMBL1834,720,720
ConPLex,target_to_drug,CHEMBL1835,720,720
ConPLex,target_to_drug,CHEMBL1839,720,720
ConPLex,target_to_drug,CHEMBL1841,720,720
ConPLex,target_to_drug,CHEMBL1842,720,720
ConPLex,target_to_drug,CHEMBL1843,720,720
ConPLex,target_to_drug,CHEMBL1844,720,720
ConPLex,target_to_drug,CHEMBL1846,720,720
ConPLex,target_to_drug,CHEMBL1847,720,720
ConPLex,target_to_drug,CHEMBL1856,720,720
ConPLex,target_to_drug,CHEMBL1859,720,720
ConPLex,target_to_drug,CHEMBL1861,720,720
ConPLex,target_to_drug,CHEMBL1862,720,720
ConPLex,target_to_drug,CHEMBL1864,720,720
ConPLex,target_to_drug,CHEMBL1865,720,720
ConPLex,target_to_drug,CHEMBL1868,720,720
ConPLex,target_to_drug,CHEMBL1869,720,720
ConPLex,target_to_drug,CHEMBL1871,720,720
ConPLex,target_to_drug,CHEMBL1873,720,720
ConPLex,target_to_drug,CHEMBL1874,720,720
ConPLex,target_to_drug,CHEMBL1876,720,720
ConPLex,target_to_drug,CHEMBL1886,720,720
ConPLex,target_to_drug,CHEMBL1887,720,720
ConPLex,target_to_drug,CHEMBL1892,720,720
ConPLex,target_to_drug,CHEMBL1893,720,720
ConPLex,target_to_drug,CHEMBL1899,720,720
ConPLex,target_to_drug,CHEMBL1900,720,720
ConPLex,target_to_drug,CHEMBL1902,720,720
ConPLex,target_to_drug,CHEMBL1903,720,720
ConPLex,target_to_drug,CHEMBL1906,720,720
ConPLex,target_to_drug,CHEMBL1908,720,720
ConPLex,target_to_drug,CHEMBL1908389,720,720
ConPLex,target_to_drug,CHEMBL1909490,720,720
ConPLex,target_to_drug,CHEMBL1910,720,720
ConPLex,target_to_drug,CHEMBL1911,720,720
ConPLex,target_to_drug,CHEMBL1912,720,720
ConPLex,target_to_drug,CHEMBL1913,720,720
ConPLex,target_to_drug,CHEMBL1914,720,720
ConPLex,target_to_drug,CHEMBL1914276,720,720
ConPLex,target_to_drug,CHEMBL1918,720,720
ConPLex,target_to_drug,CHEMBL1919,720,720
ConPLex,target_to_drug,CHEMBL1927,720,720
ConPLex,target_to_drug,CHEMBL1929,720,720
ConPLex,target_to_drug,CHEMBL1930,720,720
ConPLex,target_to_drug,CHEMBL1935,720,720
ConPLex,target_to_drug,CHEMBL1936,720,720
ConPLex,target_to_drug,CHEMBL1937,720,720
ConPLex,target_to_drug,CHEMBL1938222,720,720
ConPLex,target_to_drug,CHEMBL1944,720,720
ConPLex,target_to_drug,CHEMBL1947,720,720
ConPLex,target_to_drug,CHEMBL1949,720,720
ConPLex,target_to_drug,CHEMBL1950,720,720
ConPLex,target_to_drug,CHEMBL1951,720,720
ConPLex,target_to_drug,CHEMBL1952,720,720
ConPLex,target_to_drug,CHEMBL1955,720,720
ConPLex,target_to_drug,CHEMBL1957,720,720
ConPLex,target_to_drug,CHEMBL1959,720,720
ConPLex,target_to_drug,CHEMBL1962,720,720
ConPLex,target_to_drug,CHEMBL1964,720,720
ConPLex,target_to_drug,CHEMBL1966,720,720
ConPLex,target_to_drug,CHEMBL1969,720,720
ConPLex,target_to_drug,CHEMBL1972,720,720
ConPLex,target_to_drug,CHEMBL1973,720,720
ConPLex,target_to_drug,CHEMBL1974,720,720
ConPLex,target_to_drug,CHEMBL1975,720,720
ConPLex,target_to_drug,CHEMBL1976,720,720
ConPLex,target_to_drug,CHEMBL1977,720,720
ConPLex,target_to_drug,CHEMBL1978,720,720
ConPLex,target_to_drug,CHEMBL1980,720,720
ConPLex,target_to_drug,CHEMBL1981,720,720
ConPLex,target_to_drug,CHEMBL1988,720,720
ConPLex,target_to_drug,CHEMBL1989,720,720
ConPLex,target_to_drug,CHEMBL1991,720,720
ConPLex,target_to_drug,CHEMBL1992,720,720
ConPLex,target_to_drug,CHEMBL1993,720,720
ConPLex,target_to_drug,CHEMBL1994,720,720
ConPLex,target_to_drug,CHEMBL1996,720,720
ConPLex,target_to_drug,CHEMBL1997,720,720
ConPLex,target_to_drug,CHEMBL1998,720,720
ConPLex,target_to_drug,CHEMBL2000,720,720
ConPLex,target_to_drug,CHEMBL2003,720,720
ConPLex,target_to_drug,CHEMBL2007,720,720
ConPLex,target_to_drug,CHEMBL2007625,720,720
ConPLex,target_to_drug,CHEMBL2008,720,720
ConPLex,target_to_drug,CHEMBL2009,720,720
ConPLex,target_to_drug,CHEMBL2010624,720,720
ConPLex,target_to_drug,CHEMBL2012,720,720
ConPLex,target_to_drug,CHEMBL2016,720,720
ConPLex,target_to_drug,CHEMBL2019,720,720
ConPLex,target_to_drug,CHEMBL202,720,720
ConPLex,target_to_drug,CHEMBL2021748,720,720
ConPLex,target_to_drug,CHEMBL2023,720,720
ConPLex,target_to_drug,CHEMBL2027,720,720
ConPLex,target_to_drug,CHEMBL203,720,720
ConPLex,target_to_drug,CHEMBL2033,720,720
ConPLex,target_to_drug,CHEMBL2034,720,720
ConPLex,target_to_drug,CHEMBL2039,720,720
ConPLex,target_to_drug,CHEMBL204,720,720
ConPLex,target_to_drug,CHEMBL2040,720,720
ConPLex,target_to_drug,CHEMBL2041,720,720
ConPLex,target_to_drug,CHEMBL2044,720,720
ConPLex,target_to_drug,CHEMBL2045,720,720
ConPLex,target_to_drug,CHEMBL2046267,720,720
ConPLex,target_to_drug,CHEMBL2047,720,720
ConPLex,target_to_drug,CHEMBL2048,720,720
ConPLex,target_to_drug,CHEMBL205,720,720
ConPLex,target_to_drug,CHEMBL2050,720,720
ConPLex,target_to_drug,CHEMBL2055,720,720
ConPLex,target_to_drug,CHEMBL2058,720,720
ConPLex,target_to_drug,CHEMBL2059,720,720
ConPLex,target_to_drug,CHEMBL206,720,720
ConPLex,target_to_drug,CHEMBL2061,720,720
ConPLex,target_to_drug,CHEMBL2062,720,720
ConPLex,target_to_drug,CHEMBL2062356,720,720
ConPLex,target_to_drug,CHEMBL2063,720,720
ConPLex,target_to_drug,CHEMBL2068,720,720
ConPLex,target_to_drug,CHEMBL2069156,720,720
ConPLex,target_to_drug,CHEMBL2072,720,720
ConPLex,target_to_drug,CHEMBL2073,720,720
ConPLex,target_to_drug,CHEMBL2073677,720,720
ConPLex,target_to_drug,CHEMBL2074,720,720
ConPLex,target_to_drug,CHEMBL208,720,720
ConPLex,target_to_drug,CHEMBL2084,720,720
ConPLex,target_to_drug,CHEMBL2085,720,720
ConPLex,target_to_drug,CHEMBL2099,720,720
ConPLex,target_to_drug,CHEMBL2118,720,720
ConPLex,target_to_drug,CHEMBL2120,720,720
ConPLex,target_to_drug,CHEMBL2121,720,720
ConPLex,target_to_drug,CHEMBL2146302,720,720
ConPLex,target_to_drug,CHEMBL2146346,720,720
ConPLex,target_to_drug,CHEMBL2148,720,720
ConPLex,target_to_drug,CHEMBL215,720,720
ConPLex,target_to_drug,CHEMBL2157,720,720
ConPLex,target_to_drug,CHEMBL2176771,720,720
ConPLex,target_to_drug,CHEMBL2176839,720,720
ConPLex,target_to_drug,CHEMBL2176846,720,720
ConPLex,target_to_drug,CHEMBL2176855,720,720
ConPLex,target_to_drug,CHEMBL2179,720,720
ConPLex,target_to_drug,CHEMBL2185,720,720
ConPLex,target_to_drug,CHEMBL2189110,720,720
ConPLex,target_to_drug,CHEMBL2189121,720,720
ConPLex,target_to_drug,CHEMBL220,720,720
ConPLex,target_to_drug,CHEMBL2208,720,720
ConPLex,target_to_drug,CHEMBL221,720,720
ConPLex,target_to_drug,CHEMBL2216739,720,720
ConPLex,target_to_drug,CHEMBL222,720,720
ConPLex,target_to_drug,CHEMBL2243,720,720
ConPLex,target_to_drug,CHEMBL2252,720,720
ConPLex,target_to_drug,CHEMBL2273,720,720
ConPLex,target_to_drug,CHEMBL2276,720,720
ConPLex,target_to_drug,CHEMBL228,720,720
ConPLex,target_to_drug,CHEMBL2285,720,720
ConPLex,target_to_drug,CHEMBL2292,720,720
ConPLex,target_to_drug,CHEMBL230,720,720
ConPLex,target_to_drug,CHEMBL2311236,720,720
ConPLex,target_to_drug,CHEMBL2321613,720,720
ConPLex,target_to_drug,CHEMBL2321614,720,720
ConPLex,target_to_drug,CHEMBL2321615,720,720
ConPLex,target_to_drug,CHEMBL2326,720,720
ConPLex,target_to_drug,CHEMBL2331041,720,720
ConPLex,target_to_drug,CHEMBL2331042,720,720
ConPLex,target_to_drug,CHEMBL2331059,720,720
ConPLex,target_to_drug,CHEMBL2331065,720,720
ConPLex,target_to_drug,CHEMBL2337,720,720
ConPLex,target_to_drug,CHEMBL2346492,720,720
ConPLex,target_to_drug,CHEMBL235,720,720
ConPLex,target_to_drug,CHEMBL2362986,720,720
ConPLex,target_to_drug,CHEMBL2362990,720,720
ConPLex,target_to_drug,CHEMBL2362992,720,720
ConPLex,target_to_drug,CHEMBL2364155,720,720
ConPLex,target_to_drug,CHEMBL2364156,720,720
ConPLex,target_to_drug,CHEMBL2364157,720,720
ConPLex,target_to_drug,CHEMBL2364158,720,720
ConPLex,target_to_drug,CHEMBL2364159,720,720
ConPLex,target_to_drug,CHEMBL2364160,720,720
ConPLex,target_to_drug,CHEMBL2364161,720,720
ConPLex,target_to_drug,CHEMBL2364162,720,720
ConPLex,target_to_drug,CHEMBL2364163,720,720
ConPLex,target_to_drug,CHEMBL2364164,720,720
ConPLex,target_to_drug,CHEMBL238,720,720
ConPLex,target_to_drug,CHEMBL2384897,720,720
ConPLex,target_to_drug,CHEMBL239,720,720
ConPLex,target_to_drug,CHEMBL240,720,720
ConPLex,target_to_drug,CHEMBL2409,720,720
ConPLex,target_to_drug,CHEMBL241,720,720
ConPLex,target_to_drug,CHEMBL242,720,720
ConPLex,target_to_drug,CHEMBL2431,720,720
ConPLex,target_to_drug,CHEMBL2435,720,720
ConPLex,target_to_drug,CHEMBL2439,720,720
ConPLex,target_to_drug,CHEMBL244,720,720
ConPLex,target_to_drug,CHEMBL2476,720,720
ConPLex,target_to_drug,CHEMBL248,720,720
ConPLex,target_to_drug,CHEMBL2487,720,720
ConPLex,target_to_drug,CHEMBL2492,720,720
ConPLex,target_to_drug,CHEMBL2508,720,720
ConPLex,target_to_drug,CHEMBL2524,720,720
ConPLex,target_to_drug,CHEMBL2527,720,720
ConPLex,target_to_drug,CHEMBL2534,720,720
ConPLex,target_to_drug,CHEMBL258,720,720
ConPLex,target_to_drug,CHEMBL2599,720,720
ConPLex,target_to_drug,CHEMBL260,720,720
ConPLex,target_to_drug,CHEMBL2608,720,720
ConPLex,target_to_drug,CHEMBL261,720,720
ConPLex,target_to_drug,CHEMBL262,720,720
ConPLex,target_to_drug,CHEMBL2633,720,720
ConPLex,target_to_drug,CHEMBL2637,720,720
ConPLex,target_to_drug,CHEMBL267,720,720
ConPLex,target_to_drug,CHEMBL268,720,720
ConPLex,target_to_drug,CHEMBL2689,720,720
ConPLex,target_to_drug,CHEMBL2695,720,720
ConPLex,target_to_drug,CHEMBL2706,720,720
ConPLex,target_to_drug,CHEMBL2708,720,720
ConPLex,target_to_drug,CHEMBL2722,720,720
ConPLex,target_to_drug,CHEMBL2742,720,720
ConPLex,target_to_drug,CHEMBL2754,720,720
ConPLex,target_to_drug,CHEMBL2755,720,720
ConPLex,target_to_drug,CHEMBL2778,720,720
ConPLex,target_to_drug,CHEMBL278,720,720
ConPLex,target_to_drug,CHEMBL2782,720,720
ConPLex,target_to_drug,CHEMBL279,720,720
ConPLex,target_to_drug,CHEMBL280,720,720
ConPLex,target_to_drug,CHEMBL2808,720,720
ConPLex,target_to_drug,CHEMBL2815,720,720
ConPLex,target_to_drug,CHEMBL2820,720,720
ConPLex,target_to_drug,CHEMBL2821,720,720
ConPLex,target_to_drug,CHEMBL283,720,720
ConPLex,target_to_drug,CHEMBL2835,720,720
ConPLex,target_to_drug,CHEMBL284,720,720
ConPLex,target_to_drug,CHEMBL2842,720,720
ConPLex,target_to_drug,CHEMBL2850,720,720
ConPLex,target_to_drug,CHEMBL286,720,720
ConPLex,target_to_drug,CHEMBL287,720,720
ConPLex,target_to_drug,CHEMBL2872,720,720
ConPLex,target_to_drug,CHEMBL2873,720,720
ConPLex,target_to_drug,CHEMBL288,720,720
ConPLex,target_to_drug,CHEMBL2916,720,720
ConPLex,target_to_drug,CHEMBL2925,720,720
ConPLex,target_to_drug,CHEMBL2929,720,720
ConPLex,target_to_drug,CHEMBL2940,720,720
ConPLex,target_to_drug,CHEMBL2954,720,720
ConPLex,target_to_drug,CHEMBL2959,720,720
ConPLex,target_to_drug,CHEMBL2964,720,720
ConPLex,target_to_drug,CHEMBL2971,720,720
ConPLex,target_to_drug,CHEMBL2973,720,720
ConPLex,target_to_drug,CHEMBL2979,720,720
ConPLex,target_to_drug,CHEMBL2996,720,720
ConPLex,target_to_drug,CHEMBL2998,720,720
ConPLex,target_to_drug,CHEMBL3004,720,720
ConPLex,target_to_drug,CHEMBL3009,720,720
ConPLex,target_to_drug,CHEMBL301,720,720
ConPLex,target_to_drug,CHEMBL3023,720,720
ConPLex,target_to_drug,CHEMBL3024,720,720
ConPLex,target_to_drug,CHEMBL3026,720,720
ConPLex,target_to_drug,CHEMBL3028,720,720
ConPLex,target_to_drug,CHEMBL3045,720,720
ConPLex,target_to_drug,CHEMBL3055,720,720
ConPLex,target_to_drug,CHEMBL3070,720,720
ConPLex,target_to_drug,CHEMBL3076,720,720
ConPLex,target_to_drug,CHEMBL308,720,720
ConPLex,target_to_drug,CHEMBL3094,720,720
ConPLex,target_to_drug,CHEMBL3102,720,720
ConPLex,target_to_drug,CHEMBL3105,720,720
ConPLex,target_to_drug,CHEMBL3106,720,720
ConPLex,target_to_drug,CHEMBL3107,720,720
ConPLex,target_to_drug,CHEMBL3108633,720,720
ConPLex,target_to_drug,CHEMBL3116,720,720
ConPLex,target_to_drug,CHEMBL3117,720,720
ConPLex,target_to_drug,CHEMBL3119,720,720
ConPLex,target_to_drug,CHEMBL3130,720,720
ConPLex,target_to_drug,CHEMBL3142,720,720
ConPLex,target_to_drug,CHEMBL3143,720,720
ConPLex,target_to_drug,CHEMBL3145,720,720
ConPLex,target_to_drug,CHEMBL3161,720,720
ConPLex,target_to_drug,CHEMBL3172,720,720
ConPLex,target_to_drug,CHEMBL3192,720,720
ConPLex,target_to_drug,CHEMBL3194,720,720
ConPLex,target_to_drug,CHEMBL3201,720,720
ConPLex,target_to_drug,CHEMBL321,720,720
ConPLex,target_to_drug,CHEMBL3217393,720,720
ConPLex,target_to_drug,CHEMBL3217394,720,720
ConPLex,target_to_drug,CHEMBL3217395,720,720
ConPLex,target_to_drug,CHEMBL3218,720,720
ConPLex,target_to_drug,CHEMBL3232692,720,720
ConPLex,target_to_drug,CHEMBL3234,720,720
ConPLex,target_to_drug,CHEMBL3238,720,720
ConPLex,target_to_drug,CHEMBL3242,720,720
ConPLex,target_to_drug,CHEMBL3243,720,720
ConPLex,target_to_drug,CHEMBL325,720,720
ConPLex,target_to_drug,CHEMBL3267,720,720
ConPLex,target_to_drug,CHEMBL3273,720,720
ConPLex,target_to_drug,CHEMBL3276,720,720
ConPLex,target_to_drug,CHEMBL3286,720,720
ConPLex,target_to_drug,CHEMBL3286067,720,720
ConPLex,target_to_drug,CHEMBL3286070,720,720
ConPLex,target_to_drug,CHEMBL3286073,720,720
ConPLex,target_to_drug,CHEMBL3286074,720,720
ConPLex,target_to_drug,CHEMBL3286077,720,720
ConPLex,target_to_drug,CHEMBL3295,720,720
ConPLex,target_to_drug,CHEMBL3307223,720,720
ConPLex,target_to_drug,CHEMBL3308912,720,720
ConPLex,target_to_drug,CHEMBL331,720,720
ConPLex,target_to_drug,CHEMBL3310,720,720
ConPLex,target_to_drug,CHEMBL332,720,720
ConPLex,target_to_drug,CHEMBL333,720,720
ConPLex,target_to_drug,CHEMBL3338,720,720
ConPLex,target_to_drug,CHEMBL3357,720,720
ConPLex,target_to_drug,CHEMBL3378,720,720
ConPLex,target_to_drug,CHEMBL3385,720,720
ConPLex,target_to_drug,CHEMBL3390821,720,720
ConPLex,target_to_drug,CHEMBL3390822,720,720
ConPLex,target_to_drug,CHEMBL3391681,720,720
ConPLex,target_to_drug,CHEMBL340,720,720
ConPLex,target_to_drug,CHEMBL3407319,720,720
ConPLex,target_to_drug,CHEMBL3407320,720,720
ConPLex,target_to_drug,CHEMBL3407325,720,720
ConPLex,target_to_drug,CHEMBL3425389,720,720
ConPLex,target_to_drug,CHEMBL3430865,720,720
ConPLex,target_to_drug,CHEMBL3437,720,720
ConPLex,target_to_drug,CHEMBL3439,720,720
ConPLex,target_to_drug,CHEMBL3474,720,720
ConPLex,target_to_drug,CHEMBL3475,720,720
ConPLex,target_to_drug,CHEMBL3514,720,720
ConPLex,target_to_drug,CHEMBL3522,720,720
ConPLex,target_to_drug,CHEMBL3535,720,720
ConPLex,target_to_drug,CHEMBL3551,720,720
ConPLex,target_to_drug,CHEMBL3553,720,720
ConPLex,target_to_drug,CHEMBL3559,720,720
ConPLex,target_to_drug,CHEMBL3559386,720,720
ConPLex,target_to_drug,CHEMBL3572,720,720
ConPLex,target_to_drug,CHEMBL3576,720,720
ConPLex,target_to_drug,CHEMBL3580482,720,720
ConPLex,target_to_drug,CHEMBL3580483,720,720
ConPLex,target_to_drug,CHEMBL3580485,720,720
ConPLex,target_to_drug,CHEMBL3580486,720,720
ConPLex,target_to_drug,CHEMBL3580487,720,720
ConPLex,target_to_drug,CHEMBL3580488,720,720
ConPLex,target_to_drug,CHEMBL3580489,720,720
ConPLex,target_to_drug,CHEMBL3580490,720,720
ConPLex,target_to_drug,CHEMBL3580491,720,720
ConPLex,target_to_drug,CHEMBL3580492,720,720
ConPLex,target_to_drug,CHEMBL3580493,720,720
ConPLex,target_to_drug,CHEMBL3580494,720,720
ConPLex,target_to_drug,CHEMBL3580496,720,720
ConPLex,target_to_drug,CHEMBL3580522,720,720
ConPLex,target_to_drug,CHEMBL3582,720,720
ConPLex,target_to_drug,CHEMBL3587,720,720
ConPLex,target_to_drug,CHEMBL3588735,720,720
ConPLex,target_to_drug,CHEMBL3594,720,720
ConPLex,target_to_drug,CHEMBL3596085,720,720
ConPLex,target_to_drug,CHEMBL3610,720,720
ConPLex,target_to_drug,CHEMBL3616355,720,720
ConPLex,target_to_drug,CHEMBL3618,720,720
ConPLex,target_to_drug,CHEMBL3623,720,720
ConPLex,target_to_drug,CHEMBL3629,720,720
ConPLex,target_to_drug,CHEMBL3631,720,720
ConPLex,target_to_drug,CHEMBL3632452,720,720
ConPLex,target_to_drug,CHEMBL3650,720,720
ConPLex,target_to_drug,CHEMBL3660,720,720
ConPLex,target_to_drug,CHEMBL3670,720,720
ConPLex,target_to_drug,CHEMBL3687,720,720
ConPLex,target_to_drug,CHEMBL3691,720,720
ConPLex,target_to_drug,CHEMBL3706,720,720
ConPLex,target_to_drug,CHEMBL3710485,720,720
ConPLex,target_to_drug,CHEMBL3712850,720,720
ConPLex,target_to_drug,CHEMBL3712852,720,720
ConPLex,target_to_drug,CHEMBL3712853,720,720
ConPLex,target_to_drug,CHEMBL3712854,720,720
ConPLex,target_to_drug,CHEMBL3712856,720,720
ConPLex,target_to_drug,CHEMBL3712857,720,720
ConPLex,target_to_drug,CHEMBL3712859,720,720
ConPLex,target_to_drug,CHEMBL3712860,720,720
ConPLex,target_to_drug,CHEMBL3712862,720,720
ConPLex,target_to_drug,CHEMBL3712863,720,720
ConPLex,target_to_drug,CHEMBL3712864,720,720
ConPLex,target_to_drug,CHEMBL3712869,720,720
ConPLex,target_to_drug,CHEMBL3712870,720,720
ConPLex,target_to_drug,CHEMBL3712878,720,720
ConPLex,target_to_drug,CHEMBL3712879,720,720
ConPLex,target_to_drug,CHEMBL3712880,720,720
ConPLex,target_to_drug,CHEMBL3712881,720,720
ConPLex,target_to_drug,CHEMBL3712885,720,720
ConPLex,target_to_drug,CHEMBL3712886,720,720
ConPLex,target_to_drug,CHEMBL3712888,720,720
ConPLex,target_to_drug,CHEMBL3712894,720,720
ConPLex,target_to_drug,CHEMBL3712895,720,720
ConPLex,target_to_drug,CHEMBL3712898,720,720
ConPLex,target_to_drug,CHEMBL3712900,720,720
ConPLex,target_to_drug,CHEMBL3712901,720,720
ConPLex,target_to_drug,CHEMBL3712903,720,720
ConPLex,target_to_drug,CHEMBL3712912,720,720
ConPLex,target_to_drug,CHEMBL3712913,720,720
ConPLex,target_to_drug,CHEMBL3712914,720,720
ConPLex,target_to_drug,CHEMBL3712915,720,720
ConPLex,target_to_drug,CHEMBL3712916,720,720
ConPLex,target_to_drug,CHEMBL3712919,720,720
ConPLex,target_to_drug,CHEMBL3712920,720,720
ConPLex,target_to_drug,CHEMBL3712927,720,720
ConPLex,target_to_drug,CHEMBL3712928,720,720
ConPLex,target_to_drug,CHEMBL3712931,720,720
ConPLex,target_to_drug,CHEMBL3712932,720,720
ConPLex,target_to_drug,CHEMBL3712934,720,720
ConPLex,target_to_drug,CHEMBL3712938,720,720
ConPLex,target_to_drug,CHEMBL3712949,720,720
ConPLex,target_to_drug,CHEMBL3712953,720,720
ConPLex,target_to_drug,CHEMBL3712954,720,720
ConPLex,target_to_drug,CHEMBL3712955,720,720
ConPLex,target_to_drug,CHEMBL3712956,720,720
ConPLex,target_to_drug,CHEMBL3712957,720,720
ConPLex,target_to_drug,CHEMBL3712961,720,720
ConPLex,target_to_drug,CHEMBL3712964,720,720
ConPLex,target_to_drug,CHEMBL3712965,720,720
ConPLex,target_to_drug,CHEMBL3712972,720,720
ConPLex,target_to_drug,CHEMBL3712975,720,720
ConPLex,target_to_drug,CHEMBL3712987,720,720
ConPLex,target_to_drug,CHEMBL3712988,720,720
ConPLex,target_to_drug,CHEMBL3712995,720,720
ConPLex,target_to_drug,CHEMBL3712996,720,720
ConPLex,target_to_drug,CHEMBL3713000,720,720
ConPLex,target_to_drug,CHEMBL3713006,720,720
ConPLex,target_to_drug,CHEMBL3713007,720,720
ConPLex,target_to_drug,CHEMBL3713014,720,720
ConPLex,target_to_drug,CHEMBL3713020,720,720
ConPLex,target_to_drug,CHEMBL3713023,720,720
ConPLex,target_to_drug,CHEMBL3713025,720,720
ConPLex,target_to_drug,CHEMBL3713026,720,720
ConPLex,target_to_drug,CHEMBL3713062,720,720
ConPLex,target_to_drug,CHEMBL3713333,720,720
ConPLex,target_to_drug,CHEMBL3713343,720,720
ConPLex,target_to_drug,CHEMBL3713436,720,720
ConPLex,target_to_drug,CHEMBL3713449,720,720
ConPLex,target_to_drug,CHEMBL3713453,720,720
ConPLex,target_to_drug,CHEMBL3713643,720,720
ConPLex,target_to_drug,CHEMBL3713712,720,720
ConPLex,target_to_drug,CHEMBL3713913,720,720
ConPLex,target_to_drug,CHEMBL3713941,720,720
ConPLex,target_to_drug,CHEMBL3714029,720,720
ConPLex,target_to_drug,CHEMBL3714157,720,720
ConPLex,target_to_drug,CHEMBL3714583,720,720
ConPLex,target_to_drug,CHEMBL3717,720,720
ConPLex,target_to_drug,CHEMBL3720,720,720
ConPLex,target_to_drug,CHEMBL3729,720,720
ConPLex,target_to_drug,CHEMBL3776,720,720
ConPLex,target_to_drug,CHEMBL3778,720,720
ConPLex,target_to_drug,CHEMBL3788,720,720
ConPLex,target_to_drug,CHEMBL3810,720,720
ConPLex,target_to_drug,CHEMBL3816,720,720
ConPLex,target_to_drug,CHEMBL3820,720,720
ConPLex,target_to_drug,CHEMBL3831181,720,720
ConPLex,target_to_drug,CHEMBL3831182,720,720
ConPLex,target_to_drug,CHEMBL3831291,720,720
ConPLex,target_to_drug,CHEMBL3833441,720,720
ConPLex,target_to_drug,CHEMBL3833481,720,720
ConPLex,target_to_drug,CHEMBL3856162,720,720
ConPLex,target_to_drug,CHEMBL3856163,720,720
ConPLex,target_to_drug,CHEMBL3864,720,720
ConPLex,target_to_drug,CHEMBL3869,720,720
ConPLex,target_to_drug,CHEMBL3884,720,720
ConPLex,target_to_drug,CHEMBL3890,720,720
ConPLex,target_to_drug,CHEMBL3896,720,720
ConPLex,target_to_drug,CHEMBL3901,720,720
ConPLex,target_to_drug,CHEMBL3902,720,720
ConPLex,target_to_drug,CHEMBL3905,720,720
ConPLex,target_to_drug,CHEMBL3913,720,720
ConPLex,target_to_drug,CHEMBL3921,720,720
ConPLex,target_to_drug,CHEMBL3922,720,720
ConPLex,target_to_drug,CHEMBL3923,720,720
ConPLex,target_to_drug,CHEMBL3935,720,720
ConPLex,target_to_drug,CHEMBL3955,720,720
ConPLex,target_to_drug,CHEMBL3956,720,720
ConPLex,target_to_drug,CHEMBL3961,720,720
ConPLex,target_to_drug,CHEMBL3972,720,720
ConPLex,target_to_drug,CHEMBL3973,720,720
ConPLex,target_to_drug,CHEMBL3979,720,720
ConPLex,target_to_drug,CHEMBL3983,720,720
ConPLex,target_to_drug,CHEMBL3988505,720,720
ConPLex,target_to_drug,CHEMBL3989381,720,720
ConPLex,target_to_drug,CHEMBL3989382,720,720
ConPLex,target_to_drug,CHEMBL3989383,720,720
ConPLex,target_to_drug,CHEMBL3989384,720,720
ConPLex,target_to_drug,CHEMBL3991,720,720
ConPLex,target_to_drug,CHEMBL3991501,720,720
ConPLex,target_to_drug,CHEMBL4005,720,720
ConPLex,target_to_drug,CHEMBL4016,720,720
ConPLex,target_to_drug,CHEMBL402,720,720
ConPLex,target_to_drug,CHEMBL4036,720,720
ConPLex,target_to_drug,CHEMBL4040,720,720
ConPLex,target_to_drug,CHEMBL4051,720,720
ConPLex,target_to_drug,CHEMBL4068,720,720
ConPLex,target_to_drug,CHEMBL4073,720,720
ConPLex,target_to_drug,CHEMBL4081,720,720
ConPLex,target_to_drug,CHEMBL4093,720,720
ConPLex,target_to_drug,CHEMBL4096,720,720
ConPLex,target_to_drug,CHEMBL4116,720,720
ConPLex,target_to_drug,CHEMBL4128,720,720
ConPLex,target_to_drug,CHEMBL4142,720,720
ConPLex,target_to_drug,CHEMBL4163,720,720
ConPLex,target_to_drug,CHEMBL4179,720,720
ConPLex,target_to_drug,CHEMBL4183,720,720
ConPLex,target_to_drug,CHEMBL4187,720,720
ConPLex,target_to_drug,CHEMBL4191,720,720
ConPLex,target_to_drug,CHEMBL4223,720,720
ConPLex,target_to_drug,CHEMBL4225,720,720
ConPLex,target_to_drug,CHEMBL4235,720,720
ConPLex,target_to_drug,CHEMBL4245,720,720
ConPLex,target_to_drug,CHEMBL4247,720,720
ConPLex,target_to_drug,CHEMBL4266,720,720
ConPLex,target_to_drug,CHEMBL4282,720,720
ConPLex,target_to_drug,CHEMBL4295646,720,720
ConPLex,target_to_drug,CHEMBL4295685,720,720
ConPLex,target_to_drug,CHEMBL4295690,720,720
ConPLex,target_to_drug,CHEMBL4296,720,720
ConPLex,target_to_drug,CHEMBL4296022,720,720
ConPLex,target_to_drug,CHEMBL4302,720,720
ConPLex,target_to_drug,CHEMBL4303061,720,720
ConPLex,target_to_drug,CHEMBL4304,720,720
ConPLex,target_to_drug,CHEMBL4305,720,720
ConPLex,target_to_drug,CHEMBL4306,720,720
ConPLex,target_to_drug,CHEMBL4323,720,720
ConPLex,target_to_drug,CHEMBL4331,720,720
ConPLex,target_to_drug,CHEMBL4338,720,720
ConPLex,target_to_drug,CHEMBL4342,720,720
ConPLex,target_to_drug,CHEMBL4361,720,720
ConPLex,target_to_drug,CHEMBL4393,720,720
ConPLex,target_to_drug,CHEMBL4409,720,720
ConPLex,target_to_drug,CHEMBL4439,720,720
ConPLex,target_to_drug,CHEMBL4444,720,720
ConPLex,target_to_drug,CHEMBL4445,720,720
ConPLex,target_to_drug,CHEMBL4465,720,720
ConPLex,target_to_drug,CHEMBL4467,720,720
ConPLex,target_to_drug,CHEMBL4478,720,720
ConPLex,target_to_drug,CHEMBL4481,720,720
ConPLex,target_to_drug,CHEMBL4482,720,720
ConPLex,target_to_drug,CHEMBL4501,720,720
ConPLex,target_to_drug,CHEMBL4502,720,720
ConPLex,target_to_drug,CHEMBL4506,720,720
ConPLex,target_to_drug,CHEMBL4523230,720,720
ConPLex,target_to_drug,CHEMBL4523374,720,720
ConPLex,target_to_drug,CHEMBL4523377,720,720
ConPLex,target_to_drug,CHEMBL4523510,720,720
ConPLex,target_to_drug,CHEMBL4523581,720,720
ConPLex,target_to_drug,CHEMBL4523584,720,720
ConPLex,target_to_drug,CHEMBL4523586,720,720
ConPLex,target_to_drug,CHEMBL4523587,720,720
ConPLex,target_to_drug,CHEMBL4530,720,720
ConPLex,target_to_drug,CHEMBL4531,720,720
ConPLex,target_to_drug,CHEMBL4550,720,720
ConPLex,target_to_drug,CHEMBL4581,720,720
ConPLex,target_to_drug,CHEMBL4588,720,720
ConPLex,target_to_drug,CHEMBL4601,720,720
ConPLex,target_to_drug,CHEMBL4618,720,720
ConPLex,target_to_drug,CHEMBL4625,720,720
ConPLex,target_to_drug,CHEMBL4630,720,720
ConPLex,target_to_drug,CHEMBL4630876,720,720
ConPLex,target_to_drug,CHEMBL4630877,720,720
ConPLex,target_to_drug,CHEMBL4630878,720,720
ConPLex,target_to_drug,CHEMBL4630879,720,720
ConPLex,target_to_drug,CHEMBL4630880,720,720
ConPLex,target_to_drug,CHEMBL4630881,720,720
ConPLex,target_to_drug,CHEMBL4630882,720,720
ConPLex,target_to_drug,CHEMBL4630883,720,720
ConPLex,target_to_drug,CHEMBL4630884,720,720
ConPLex,target_to_drug,CHEMBL4630885,720,720
ConPLex,target_to_drug,CHEMBL4630886,720,720
ConPLex,target_to_drug,CHEMBL4630887,720,720
ConPLex,target_to_drug,CHEMBL4630888,720,720
ConPLex,target_to_drug,CHEMBL4630889,720,720
ConPLex,target_to_drug,CHEMBL4630890,720,720
ConPLex,target_to_drug,CHEMBL4630891,720,720
ConPLex,target_to_drug,CHEMBL4630892,720,720
ConPLex,target_to_drug,CHEMBL4630894,720,720
ConPLex,target_to_drug,CHEMBL4630895,720,720
ConPLex,target_to_drug,CHEMBL4660,720,720
ConPLex,target_to_drug,CHEMBL4662938,720,720
ConPLex,target_to_drug,CHEMBL4662939,720,720
ConPLex,target_to_drug,CHEMBL4662940,720,720
ConPLex,target_to_drug,CHEMBL4662941,720,720
ConPLex,target_to_drug,CHEMBL4662942,720,720
ConPLex,target_to_drug,CHEMBL4662944,720,720
ConPLex,target_to_drug,CHEMBL4665582,720,720
ConPLex,target_to_drug,CHEMBL4665584,720,720
ConPLex,target_to_drug,CHEMBL4665585,720,720
ConPLex,target_to_drug,CHEMBL4665586,720,720
ConPLex,target_to_drug,CHEMBL4677,720,720
ConPLex,target_to_drug,CHEMBL4683,720,720
ConPLex,target_to_drug,CHEMBL4685,720,720
ConPLex,target_to_drug,CHEMBL4692,720,720
ConPLex,target_to_drug,CHEMBL4703,720,720
ConPLex,target_to_drug,CHEMBL4722,720,720
ConPLex,target_to_drug,CHEMBL4770,720,720
ConPLex,target_to_drug,CHEMBL4791,720,720
ConPLex,target_to_drug,CHEMBL4794,720,720
ConPLex,target_to_drug,CHEMBL4801,720,720
ConPLex,target_to_drug,CHEMBL4804243,720,720
ConPLex,target_to_drug,CHEMBL4804244,720,720
ConPLex,target_to_drug,CHEMBL4804245,720,720
ConPLex,target_to_drug,CHEMBL4804246,720,720
ConPLex,target_to_drug,CHEMBL4804247,720,720
ConPLex,target_to_drug,CHEMBL4804257,720,720
ConPLex,target_to_drug,CHEMBL4804258,720,720
ConPLex,target_to_drug,CHEMBL4805,720,720
ConPLex,target_to_drug,CHEMBL4816,720,720
ConPLex,target_to_drug,CHEMBL4822,720,720
ConPLex,target_to_drug,CHEMBL4860,720,720
ConPLex,target_to_drug,CHEMBL4876,720,720
ConPLex,target_to_drug,CHEMBL4895,720,720
ConPLex,target_to_drug,CHEMBL4898,720,720
ConPLex,target_to_drug,CHEMBL4899,720,720
ConPLex,target_to_drug,CHEMBL4915,720,720
ConPLex,target_to_drug,CHEMBL4917,720,720
ConPLex,target_to_drug,CHEMBL4929,720,720
ConPLex,target_to_drug,CHEMBL4937,720,720
ConPLex,target_to_drug,CHEMBL4954,720,720
ConPLex,target_to_drug,CHEMBL4956,720,720
ConPLex,target_to_drug,CHEMBL4979,720,720
ConPLex,target_to_drug,CHEMBL4998,720,720
ConPLex,target_to_drug,CHEMBL5024,720,720
ConPLex,target_to_drug,CHEMBL5122,720,720
ConPLex,target_to_drug,CHEMBL5141,720,720
ConPLex,target_to_drug,CHEMBL5145,720,720
ConPLex,target_to_drug,CHEMBL5147,720,720
ConPLex,target_to_drug,CHEMBL5163,720,720
ConPLex,target_to_drug,CHEMBL5167,720,720
ConPLex,target_to_drug,CHEMBL5174,720,720
ConPLex,target_to_drug,CHEMBL5191,720,720
ConPLex,target_to_drug,CHEMBL5202,720,720
ConPLex,target_to_drug,CHEMBL5216,720,720
ConPLex,target_to_drug,CHEMBL5251,720,720
ConPLex,target_to_drug,CHEMBL5255,720,720
ConPLex,target_to_drug,CHEMBL5274,720,720
ConPLex,target_to_drug,CHEMBL5275,720,720
ConPLex,target_to_drug,CHEMBL5285,720,720
ConPLex,target_to_drug,CHEMBL5287,720,720
ConPLex,target_to_drug,CHEMBL5305024,720,720
ConPLex,target_to_drug,CHEMBL5311,720,720
ConPLex,target_to_drug,CHEMBL5331,720,720
ConPLex,target_to_drug,CHEMBL5349,720,720
ConPLex,target_to_drug,CHEMBL5366,720,720
ConPLex,target_to_drug,CHEMBL5378,720,720
ConPLex,target_to_drug,CHEMBL5398,720,720
ConPLex,target_to_drug,CHEMBL5443,720,720
ConPLex,target_to_drug,CHEMBL5451,720,720
ConPLex,target_to_drug,CHEMBL5464,720,720
ConPLex,target_to_drug,CHEMBL5466,720,720
ConPLex,target_to_drug,CHEMBL5467,720,720
ConPLex,target_to_drug,CHEMBL5469,720,720
ConPLex,target_to_drug,CHEMBL5476,720,720
ConPLex,target_to_drug,CHEMBL5479,720,720
ConPLex,target_to_drug,CHEMBL5491,720,720
ConPLex,target_to_drug,CHEMBL5498501,720,720
ConPLex,target_to_drug,CHEMBL5498502,720,720
ConPLex,target_to_drug,CHEMBL5498504,720,720
ConPLex,target_to_drug,CHEMBL5498505,720,720
ConPLex,target_to_drug,CHEMBL5522,720,720
ConPLex,target_to_drug,CHEMBL5568,720,720
ConPLex,target_to_drug,CHEMBL5580,720,720
ConPLex,target_to_drug,CHEMBL5608,720,720
ConPLex,target_to_drug,CHEMBL5616,720,720
ConPLex,target_to_drug,CHEMBL5619,720,720
ConPLex,target_to_drug,CHEMBL5661,720,720
ConPLex,target_to_drug,CHEMBL5689,720,720
ConPLex,target_to_drug,CHEMBL5697,720,720
ConPLex,target_to_drug,CHEMBL5705,720,720
ConPLex,target_to_drug,CHEMBL5714,720,720
ConPLex,target_to_drug,CHEMBL5721,720,720
ConPLex,target_to_drug,CHEMBL5731,720,720
ConPLex,target_to_drug,CHEMBL5742,720,720
ConPLex,target_to_drug,CHEMBL5804,720,720
ConPLex,target_to_drug,CHEMBL5805,720,720
ConPLex,target_to_drug,CHEMBL5807,720,720
ConPLex,target_to_drug,CHEMBL5838,720,720
ConPLex,target_to_drug,CHEMBL5903,720,720
ConPLex,target_to_drug,CHEMBL5913,720,720
ConPLex,target_to_drug,CHEMBL5936,720,720
ConPLex,target_to_drug,CHEMBL5957,720,720
ConPLex,target_to_drug,CHEMBL5966,720,720
ConPLex,target_to_drug,CHEMBL5988,720,720
ConPLex,target_to_drug,CHEMBL5989,720,720
ConPLex,target_to_drug,CHEMBL6007,720,720
ConPLex,target_to_drug,CHEMBL6009,720,720
ConPLex,target_to_drug,CHEMBL6024,720,720
ConPLex,target_to_drug,CHEMBL6044,720,720
ConPLex,target_to_drug,CHEMBL6066101,720,720
ConPLex,target_to_drug,CHEMBL6093,720,720
ConPLex,target_to_drug,CHEMBL6120,720,720
ConPLex,target_to_drug,CHEMBL6136,720,720
ConPLex,target_to_drug,CHEMBL6152,720,720
ConPLex,target_to_drug,CHEMBL6157,720,720
ConPLex,drug_to_target,AAOVKJBEBIDNHE-UHFFFAOYSA-N,745,745
ConPLex,drug_to_target,ACRHBAYQBXXRTO-OAQYLSRUSA-N,745,745
ConPLex,drug_to_target,ACWBQPMHZXGDFX-QFIPXVFZSA-N,745,745
ConPLex,drug_to_target,ACWZRVQXLIRSDF-UHFFFAOYSA-N,745,745
ConPLex,drug_to_target,ADEBPBSSDYVVLD-UHFFFAOYSA-N,745,745
ConPLex,drug_to_target,AEXFXNFMSAAELR-RXVVDRJESA-N,745,745
ConPLex,drug_to_target,AFLFKFHDSCQHOL-IZZDOVSWSA-N,745,745
ConPLex,drug_to_target,AHJRHEGDXFFMBM-UHFFFAOYSA-N,745,745
ConPLex,drug_to_target,AHOUBRCZNHFOSL-YOEHRIQHSA-N,745,745
ConPLex,drug_to_target,AHYMHWXQRWRBKT-UHFFFAOYSA-N,745,745
ConPLex,drug_to_target,AILRADAXUVEEIR-UHFFFAOYSA-N,745,745
ConPLex,drug_to_target,AJIPIJNNOJSSQC-NYLIRDPKSA-N,745,745
ConPLex,drug_to_target,ALWKGYPQUAPLQC-UHFFFAOYSA-N,745,745
ConPLex,drug_to_target,ANGKOCUUWGHLCE-HKUYNNGSSA-N,745,745
ConPLex,drug_to_target,AOMXMOCNKJTRQP-UHFFFAOYSA-N,745,745
ConPLex,drug_to_target,AQHHHDLHHXJYJD-UHFFFAOYSA-N,745,745
ConPLex,drug_to_target,AQNDDEOPVVGCPG-UHFFFAOYSA-N,745,745
ConPLex,drug_to_target,AQOKCDNYWBIDND-FTOWTWDKSA-N,745,745
ConPLex,drug_to_target,ASMXXROZKSBQIH-VITNCHFBSA-N,745,745
ConPLex,drug_to_target,ASOADIZOVZTJSR-UHFFFAOYSA-N,745,745
ConPLex,drug_to_target,ASUTZQLVASHGKV-JDFRZJQESA-N,745,745
ConPLex,drug_to_target,ATALOFNDEOCMKK-OITMNORJSA-N,745,745
ConPLex,drug_to_target,AURFZBICLPNKBZ-SYBPFIFISA-N,745,745
ConPLex,drug_to_target,AVAACINZEOAHHE-VFZPANTDSA-N,745,745
ConPLex,drug_to_target,AXOIZCJOOAYSMI-UHFFFAOYSA-N,745,745
ConPLex,drug_to_target,AXQACEQYCPKDMV-RZAWKFBISA-N,745,745
ConPLex,drug_to_target,AYXYPKUFHZROOJ-ZETCQYMHSA-N,745,745
ConPLex,drug_to_target,AZSRSNUQCUDCGG-UHFFFAOYSA-N,745,745
ConPLex,drug_to_target,BALLNEJQLSTPIO-UHFFFAOYSA-N,745,745
ConPLex,drug_to_target,BARDROPHSZEBKC-OITMNORJSA-N,745,745
ConPLex,drug_to_target,BBAWEDCPNXPBQM-GDEBMMAJSA-N,745,745
ConPLex,drug_to_target,BCEHBSKCWLPMDN-MGPLVRAMSA-N,745,745
ConPLex,drug_to_target,BCFGMOOMADDAQU-UHFFFAOYSA-N,745,745
ConPLex,drug_to_target,BFDBKMOZYNOTPK-UHFFFAOYSA-N,745,745
ConPLex,drug_to_target,BFPYWIDHMRZLRN-SLHNCBLASA-N,745,745
ConPLex,drug_to_target,BFSMGDJOXZAERB-UHFFFAOYSA-N,745,745
ConPLex,drug_to_target,BGDKAVGWHJFAGW-UHFFFAOYSA-N,745,745
ConPLex,drug_to_target,BISPBXFUKNXOQY-RITPCOANSA-N,745,745
ConPLex,drug_to_target,BLIJXOOIHRSQRB-PXYINDEMSA-N,745,745
ConPLex,drug_to_target,BLJRIMJGRPQVNF-JTQLQIEISA-N,745,745
ConPLex,drug_to_target,BMEARIQHWSVDBS-SNVBAGLBSA-N,745,745
ConPLex,drug_to_target,BMGQWWVMWDBQGC-IIFHNQTCSA-N,745,745
ConPLex,drug_to_target,BMKDZUISNHGIBY-ZETCQYMHSA-N,745,745
ConPLex,drug_to_target,BMPDWHIDQYTSHX-AWEZNQCLSA-N,745,745
ConPLex,drug_to_target,BMPDWHIDQYTSHX-UHFFFAOYSA-N,745,745
ConPLex,drug_to_target,BNRNXUUZRGQAQC-UHFFFAOYSA-N,745,745
ConPLex,drug_to_target,BPKAHTKRCLCHEA-UBFJEZKGSA-N,745,745
ConPLex,drug_to_target,BPQMGSKTAYIVFO-UHFFFAOYSA-N,745,745
ConPLex,drug_to_target,BPRHUIZQVSMCRT-VEUZHWNKSA-N,745,745
ConPLex,drug_to_target,BPZSYCZIITTYBL-YJYMSZOUSA-N,745,745
ConPLex,drug_to_target,BQEJAAIPKDQEPV-MXHGPKCJSA-N,745,745
ConPLex,drug_to_target,BQJCRHHNABKAKU-KBQPJGBKSA-N,745,745
ConPLex,drug_to_target,BQSJTQLCZDPROO-UHFFFAOYSA-N,745,745
ConPLex,drug_to_target,BRUQQQPBMZOVGD-XFKAJCMBSA-N,745,745
ConPLex,drug_to_target,BSMCAPRUBJMWDF-KRWDZBQOSA-N,745,745
ConPLex,drug_to_target,BSYNRYMUTXBXSQ-UHFFFAOYSA-N,745,745
ConPLex,drug_to_target,BTBHLEZXCOBLCY-QGZVFWFLSA-N,745,745
ConPLex,drug_to_target,BTCRKOKVYTVOLU-SJSRKZJXSA-N,745,745
ConPLex,drug_to_target,BUGYDGFZZOZRHP-UHFFFAOYSA-N,745,745
ConPLex,drug_to_target,BYBLEWFAAKGYCD-UHFFFAOYSA-N,745,745
ConPLex,drug_to_target,BZZKEPGENYLQSC-FIBGUPNXSA-N,745,745
ConPLex,drug_to_target,BZZKEPGENYLQSC-UHFFFAOYSA-N,745,745
ConPLex,drug_to_target,CAVRKWRKTNINFF-UHFFFAOYSA-N,745,745
ConPLex,drug_to_target,CBRJPFGIXUFMTM-WDEREUQCSA-N,745,745
ConPLex,drug_to_target,CEFJVGZHQAGLHS-UHFFFAOYSA-N,745,745
ConPLex,drug_to_target,CEUORZQYGODEFX-UHFFFAOYSA-N,745,745
ConPLex,drug_to_target,CGIGDMFJXJATDK-UHFFFAOYSA-N,745,745
ConPLex,drug_to_target,CJBJHOAVZSMMDJ-HEXNFIEUSA-N,745,745
ConPLex,drug_to_target,CJOFXWAVKWHTFT-XSFVSMFZSA-N,745,745
ConPLex,drug_to_target,CMHHMUWAYWTMGS-UHFFFAOYSA-N,745,745
ConPLex,drug_to_target,CMJCXYNUCSMDBY-ZDUSSCGKSA-N,745,745
ConPLex,drug_to_target,CMWTZPSULFXXJA-VIFPVBQESA-N,745,745
ConPLex,drug_to_target,COUYJEVMBVSIHV-SFHVURJKSA-N,745,745
ConPLex,drug_to_target,CPZBLNMUGSZIPR-NVXWUHKLSA-N,745,745
ConPLex,drug_to_target,CSKDFZIMJXRJGH-VWLPUNTISA-N,745,745
ConPLex,drug_to_target,CSOBIBXVIYAXFM-BYNJWEBRSA-N,745,745
ConPLex,drug_to_target,CTRLABGOLIVAIY-UHFFFAOYSA-N,745,745
ConPLex,drug_to_target,CUHVIMMYOGQXCV-NSHDSACASA-N,745,745
ConPLex,drug_to_target,CUIHSIWYWATEQL-UHFFFAOYSA-N,745,745
ConPLex,drug_to_target,CVWXJKQAOSCOAB-UHFFFAOYSA-N,745,745
ConPLex,drug_to_target,CXOFVDLJLONNDW-UHFFFAOYSA-N,745,745
ConPLex,drug_to_target,CXOXHMZGEKVPMT-UHFFFAOYSA-N,745,745
ConPLex,drug_to_target,CYHWMBVXXDIZNZ-KRWDZBQOSA-N,745,745
ConPLex,drug_to_target,CYOHGALHFOKKQC-UHFFFAOYSA-N,745,745
ConPLex,drug_to_target,CYQFCXCEBYINGO-IAGOWNOFSA-N,745,745
ConPLex,drug_to_target,CZFFBEXEKNGXKS-UHFFFAOYSA-N,745,745
ConPLex,drug_to_target,CZGVOBIGEBDYTP-VSGBNLITSA-N,745,745
ConPLex,drug_to_target,DBABZHXKTCFAPX-UHFFFAOYSA-N,745,745
ConPLex,drug_to_target,DBEPLOCGEIEOCV-WSBQPABSSA-N,745,745
ConPLex,drug_to_target,DBGIVFWFUFKIQN-UHFFFAOYSA-N,745,745
ConPLex,drug_to_target,DCCSDBARQIPTGU-HSZRJFAPSA-N,745,745
ConPLex,drug_to_target,DCOPUUMXTXDBNB-UHFFFAOYSA-N,745,745
ConPLex,drug_to_target,DDFOUSQFMYRUQK-RCDICMHDSA-N,745,745
ConPLex,drug_to_target,DDLIGBOFAVUZHB-UHFFFAOYSA-N,745,745
ConPLex,drug_to_target,DDOOFTLHJSMHLN-ZQHRPCGSSA-N,745,745
ConPLex,drug_to_target,DEVSOMFAQLZNKR-RJRFIUFISA-N,745,745
ConPLex,drug_to_target,DHHVAGZRUROJKS-UHFFFAOYSA-N,745,745
ConPLex,drug_to_target,DHMTURDWPRKSOA-RUZDIDTESA-N,745,745
ConPLex,drug_to_target,DHSUYTOATWAVLW-WFVMDLQDSA-N,745,745
ConPLex,drug_to_target,DIWRORZWFLOCLC-UHFFFAOYSA-N,745,745
ConPLex,drug_to_target,DJXRIQMCROIRCZ-XOEOCAAJSA-N,745,745
ConPLex,drug_to_target,DKNWSYNQZKUICI-UHFFFAOYSA-N,745,745
ConPLex,drug_to_target,DKULOVKANLVDEA-UHFFFAOYSA-N,745,745
ConPLex,drug_to_target,DKYWVDODHFEZIM-UHFFFAOYSA-N,745,745
ConPLex,drug_to_target,DMJNNHOOLUXYBV-PQTSNVLCSA-N,745,745
ConPLex,drug_to_target,DMKSVUSAATWOCU-HROMYWEYSA-N,745,745
ConPLex,drug_to_target,DMNOVGJWPASQDL-OAQYLSRUSA-N,745,745
ConPLex,drug_to_target,DOBNVUFHFMVMDB-BEFAXECRSA-N,745,745
ConPLex,drug_to_target,DOMXUEMWDBAQBQ-WEVVVXLNSA-N,745,745
ConPLex,drug_to_target,DOUYETYNHWVLEO-UHFFFAOYSA-N,745,745
ConPLex,drug_to_target,DQCKKXVULJGBQN-XFWGSAIBSA-N,745,745
ConPLex,drug_to_target,DRHKJLXJIQTDTD-OAHLLOKOSA-N,745,745
ConPLex,drug_to_target,DTGLZDAWLRGWQN-UHFFFAOYSA-N,745,745
ConPLex,drug_to_target,DUGOZIWVEXMGBE-CHWSQXEVSA-N,745,745
ConPLex,drug_to_target,DUXZAXCGJSBGDW-HXUWFJFHSA-N,745,745
ConPLex,drug_to_target,DUYJMQONPNNFPI-UHFFFAOYSA-N,745,745
ConPLex,drug_to_target,DWRIJNIPBUFCQS-DQEYMECFSA-N,745,745
ConPLex,drug_to_target,DWYRIWUZIJHQKQ-SANMLTNESA-N,745,745
ConPLex,drug_to_target,DWZAEMINVBZMHQ-UHFFFAOYSA-N,745,745
ConPLex,drug_to_target,DYDCPNMLZGFQTM-UHFFFAOYSA-N,745,745
ConPLex,drug_to_target,DYKFCLLONBREIL-KVUCHLLUSA-N,745,745
ConPLex,drug_to_target,DYLUUSLLRIQKOE-UHFFFAOYSA-N,745,745
ConPLex,drug_to_target,FABPRXSRWADJSP-MEDUHNTESA-N,745,745
ConPLex,drug_to_target,FABUFPQFXZVHFB-PVYNADRNSA-N,745,745
ConPLex,drug_to_target,FAEKWTJYAYMJKF-QHCPKHFHSA-N,745,745
ConPLex,drug_to_target,FASDKYOPVNHBLU-ZETCQYMHSA-N,745,745
ConPLex,drug_to_target,FBHSPRKOSMHSIF-GRMWVWQJSA-N,745,745
ConPLex,drug_to_target,FBOUYBDGKBSUES-VXKWHMMOSA-N,745,745
ConPLex,drug_to_target,FDBYIYFVSAHJLY-UHFFFAOYSA-N,745,745
ConPLex,drug_to_target,FDLYAMZZIXQODN-UHFFFAOYSA-N,745,745
ConPLex,drug_to_target,FDTZUTSGGSRHQF-UHFFFAOYSA-N,745,745
ConPLex,drug_to_target,FELGMEQIXOGIFQ-UHFFFAOYSA-N,745,745
ConPLex,drug_to_target,FFGPTBGBLSHEPO-UHFFFAOYSA-N,745,745
ConPLex,drug_to_target,FGQFOYHRJSUHMR-UHFFFAOYSA-N,745,745
ConPLex,drug_to_target,FIDLLEYNNRGVFR-CTNGQTDRSA-N,745,745
ConPLex,drug_to_target,FIKPXCOQUIZNHB-WDEREUQCSA-N,745,745
ConPLex,drug_to_target,FIVSJYGQAIEMOC-ZGNKEGEESA-N,745,745
ConPLex,drug_to_target,FJHBVJOVLFPMQE-QFIPXVFZSA-N,745,745
ConPLex,drug_to_target,FJZZPCZKBUKGGU-AUSIDOKSSA-N,745,745
ConPLex,drug_to_target,FKENQMMABCRJMK-RITPCOANSA-N,745,745
ConPLex,drug_to_target,FLSUCZWOEMTFAQ-PRBGKLEPSA-N,745,745
ConPLex,drug_to_target,FNHKPVJBJVTLMP-UHFFFAOYSA-N,745,745
ConPLex,drug_to_target,FNKQXYHWGSIFBK-RPDRRWSUSA-N,745,745
ConPLex,drug_to_target,FPOHNWQLNRZRFC-ZHACJKMWSA-N,745,745
ConPLex,drug_to_target,FRVSRBKUQZKTOW-YOCNBXQISA-N,745,745
ConPLex,drug_to_target,FTALBRSUTCGOEG-UHFFFAOYSA-N,745,745
ConPLex,drug_to_target,FVTWTVQXNAJTQP-UHFFFAOYSA-N,745,745
ConPLex,drug_to_target,FWLMVFUGMHIOAA-UHFFFAOYSA-N,745,745
ConPLex,drug_to_target,FWYSMLBETOMXAG-QHCPKHFHSA-N,745,745
ConPLex,drug_to_target,FWZAWAUZXYCBKZ-NSHDSACASA-N,745,745
ConPLex,drug_to_target,FYDWDCIFZSGNBU-UHFFFAOYSA-N,745,745
ConPLex,drug_to_target,FYMHQCNFKNMJAV-HOTGVXAUSA-N,745,745
ConPLex,drug_to_target,GBLBJPZSROAGMF-RWYJCYHVSA-N,745,745
ConPLex,drug_to_target,GBXSMTUPTTWBMN-XIRDDKMYSA-N,745,745
ConPLex,drug_to_target,GCKFUYQCUCGESZ-BPIQYHPVSA-N,745,745
ConPLex,drug_to_target,GDLBFKVLRPITMI-UHFFFAOYSA-N,745,745
ConPLex,drug_to_target,GEJDGVNQKABXKG-CFKGEZKQSA-N,745,745
ConPLex,drug_to_target,GFHAXPJGXSQLPT-VIFPVBQESA-N,745,745
ConPLex,drug_to_target,GFNANZIMVAIWHM-OBYCQNJPSA-N,745,745
ConPLex,drug_to_target,GGCSSNBKKAUURC-UHFFFAOYSA-N,745,745
ConPLex,drug_to_target,GGXICVAJURFBLW-CEYXHVGTSA-N,745,745
ConPLex,drug_to_target,GHILNKWBALQPDP-UHFFFAOYSA-N,745,745
ConPLex,drug_to_target,GJJFMKBJSRMPLA-DZGCQCFKSA-N,745,745
ConPLex,drug_to_target,GJPICJJJRGTNOD-UHFFFAOYSA-N,745,745
ConPLex,drug_to_target,GJSURZIOUXUGAL-UHFFFAOYSA-N,745,745
ConPLex,drug_to_target,GKCBAIGFKIBETG-UHFFFAOYSA-N,745,745
ConPLex,drug_to_target,GKHIVNAUVKXIIY-UHFFFAOYSA-N,745,745
ConPLex,drug_to_target,GLYMPHUVMRFTFV-QLFBSQMISA-N,745,745
ConPLex,drug_to_target,GMRQFYUYWCNGIN-NKMMMXOESA-N,745,745
ConPLex,drug_to_target,GNXFOGHNGIVQEH-UHFFFAOYSA-N,745,745
ConPLex,drug_to_target,GOTYRUGSSMKFNF-UHFFFAOYSA-N,745,745
ConPLex,drug_to_target,GPNHMOZDMYNCPO-PDUMRIMRSA-N,745,745
ConPLex,drug_to_target,GPXBXXGIAQBQNI-UHFFFAOYSA-N,745,745
ConPLex,drug_to_target,GXJABQQUPOEUTA-RDJZCZTQSA-N,745,745
ConPLex,drug_to_target,GXXLUDOKHXEFBQ-YJFSRANCSA-N,745,745
ConPLex,drug_to_target,GYDJEQRTZSCIOI-LJGSYFOKSA-N,745,745
ConPLex,drug_to_target,GYHCTFXIZSNGJT-UHFFFAOYSA-N,745,745
ConPLex,drug_to_target,GYQYAJJFPNQOOW-UHFFFAOYSA-N,745,745
ConPLex,drug_to_target,GZOSMCIZMLWJML-VJLLXTKPSA-N,745,745
ConPLex,drug_to_target,GZUITABIAKMVPG-UHFFFAOYSA-N,745,745
ConPLex,drug_to_target,HARRKNSQXBRBGZ-GVKWWOCJSA-N,745,745
ConPLex,drug_to_target,HAYYBYPASCDWEQ-UHFFFAOYSA-N,745,745
ConPLex,drug_to_target,HBOMLICNUCNMMY-XLPZGREQSA-N,745,745
ConPLex,drug_to_target,HCDMJFOHIXMBOV-UHFFFAOYSA-N,745,745
ConPLex,drug_to_target,HCFDWZZGGLSKEP-UHFFFAOYSA-N,745,745
ConPLex,drug_to_target,HCRKCZRJWPKOAR-JTQLQIEISA-N,745,745
ConPLex,drug_to_target,HDACQVRGBOVJII-JBDAPHQKSA-N,745,745
ConPLex,drug_to_target,HEAUOKZIVMZVQL-VWLOTQADSA-N,745,745
ConPLex,drug_to_target,HEFNNWSXXWATRW-UHFFFAOYSA-N,745,745
ConPLex,drug_to_target,HEVHTYMYEMEBPX-HZPDHXFCSA-N,745,745
ConPLex,drug_to_target,HFNKQEVNSGCOJV-OAHLLOKOSA-N,745,745
ConPLex,drug_to_target,HFZITXBUTWITPT-YWVKMMECSA-N,745,745
ConPLex,drug_to_target,HGVDHZBSSITLCT-JLJPHGGASA-N,745,745
ConPLex,drug_to_target,HHZIURLSWUIHRB-UHFFFAOYSA-N,745,745
ConPLex,drug_to_target,HIFJCPQKFCZDDL-ACWOEMLNSA-N,745,745
ConPLex,drug_to_target,HJBWBFZLDZWPHF-UHFFFAOYSA-N,745,745
ConPLex,drug_to_target,HKDLNTKNLJPAIY-WKWWZUSTSA-N,745,745
ConPLex,drug_to_target,HKHCSWPSUSWGLI-CABCVRRESA-N,745,745
ConPLex,drug_to_target,HKXBNHCUPKIYDM-CGMHZMFXSA-N,745,745
ConPLex,drug_to_target,HMABYWSNWIZPAG-UHFFFAOYSA-N,745,745
ConPLex,drug_to_target,HNPFPERDNWXAGS-NFVOFSAMSA-N,745,745
ConPLex,drug_to_target,HOIIHACBCFLJET-SFTDATJTSA-N,745,745
ConPLex,drug_to_target,HPHUVLMMVZITSG-LURJTMIESA-N,745,745
ConPLex,drug_to_target,HPJKCIUCZWXJDR-UHFFFAOYSA-N,745,745
ConPLex,drug_to_target,HPNSFSBZBAHARI-RUDMXATFSA-N,745,745
ConPLex,drug_to_target,HSUGRBWQSSZJOP-RTWAWAEBSA-N,745,745
ConPLex,drug_to_target,HTIQEAQVCYTUBX-KRWDZBQOSA-N,745,745
ConPLex,drug_to_target,HTIQEAQVCYTUBX-UHFFFAOYSA-N,745,745
ConPLex,drug_to_target,HUNGUWOZPQBXGX-UHFFFAOYSA-N,745,745
ConPLex,drug_to_target,HVFLCNVBZFFHBT-ZKDACBOMSA-N,745,745
ConPLex,drug_to_target,HWGQMRYQVZSGDQ-HZPDHXFCSA-N,745,745
ConPLex,drug_to_target,HWXVIOGONBBTBY-ONEGZZNKSA-N,745,745
ConPLex,drug_to_target,HYAFETHFCAUJAY-UHFFFAOYSA-N,745,745
ConPLex,drug_to_target,HYHMLYSLQUKXKP-UHFFFAOYSA-N,745,745
ConPLex,drug_to_target,HZIYEEMJNBKMJH-UHFFFAOYSA-N,745,745
ConPLex,drug_to_target,IAKHMKGGTNLKSZ-INIZCTEOSA-N,745,745
ConPLex,drug_to_target,IAVUPMFITXYVAF-XPUUQOCRSA-N,745,745
ConPLex,drug_to_target,IDUYJRXRDSPPRC-NRFANRHFSA-N,745,745
ConPLex,drug_to_target,IEAKXXNRGSLYTQ-DEOSSOPVSA-N,745,745
ConPLex,drug_to_target,IFSDAJWBUCMOAH-HNNXBMFYSA-N,745,745
ConPLex,drug_to_target,IIXWYSCJSQVBQM-LLVKDONJSA-N,745,745
ConPLex,drug_to_target,IKENVDNFQMCRTR-UHFFFAOYSA-N,745,745
ConPLex,drug_to_target,IKKXOSBHLYMWAE-QRPMWFLTSA-N,745,745
ConPLex,drug_to_target,IMOZEMNVLZVGJZ-QGZVFWFLSA-N,745,745
ConPLex,drug_to_target,INJOMKTZOLKMBF-UHFFFAOYSA-N,745,745
ConPLex,drug_to_target,IOOWNWLVCOUUEX-WPRPVWTQSA-N,745,745
ConPLex,drug_to_target,IPOKCKJONYRRHP-FMQUCBEESA-N,745,745
ConPLex,drug_to_target,IPVQLZZIHOAWMC-QXKUPLGCSA-N,745,745
ConPLex,drug_to_target,IQFYYKKMVGJFEH-CSMHCCOUSA-N,745,745
ConPLex,drug_to_target,IQIBKLWBVJPOQO-UHFFFAOYSA-N,745,745
ConPLex,drug_to_target,IQPSEEYGBUAQFF-UHFFFAOYSA-N,745,745
ConPLex,drug_to_target,IQVRBWUUXZMOPW-PKNBQFBNSA-N,745,745
ConPLex,drug_to_target,IRSCQMHQWWYFCW-UHFFFAOYSA-N,745,745
ConPLex,drug_to_target,IUBSYMUCCVWXPE-UHFFFAOYSA-N,745,745
ConPLex,drug_to_target,IUEWXNHSKRWHDY-PHIMTYICSA-N,745,745
ConPLex,drug_to_target,IVBHGBMCVLDMKU-GXNBUGAJSA-N,745,745
ConPLex,drug_to_target,IYIKLHRQXLHMJQ-UHFFFAOYSA-N,745,745
ConPLex,drug_to_target,IYSYPCSSDZBWHN-UHFFFAOYSA-N,745,745
ConPLex,drug_to_target,JAUOIFJMECXRGI-UHFFFAOYSA-N,745,745
ConPLex,drug_to_target,JBIMVDZLSHOPLA-LSCVHKIXSA-N,745,745
ConPLex,drug_to_target,JBKPUQTUERUYQE-UHFFFAOYSA-O,745,745
ConPLex,drug_to_target,JCCNYMKQOSZNPW-UHFFFAOYSA-N,745,745
ConPLex,drug_to_target,JDUBGYFRJFOXQC-KRWDZBQOSA-N,745,745
ConPLex,drug_to_target,JEECQCWWSTZDCK-IQZGDKDPSA-N,745,745
ConPLex,drug_to_target,JFOZKMSJYSPYLN-QHCPKHFHSA-N,745,745
ConPLex,drug_to_target,JGCMEBMXRHSZKX-UHFFFAOYSA-N,745,745
ConPLex,drug_to_target,JGRXMPYUTJLTKT-UHFFFAOYSA-N,745,745
ConPLex,drug_to_target,JGWRKYUXBBNENE-UHFFFAOYSA-N,745,745
ConPLex,drug_to_target,JIVPVXMEBJLZRO-UHFFFAOYSA-N,745,745
ConPLex,drug_to_target,JJVAPHYEOZSKJZ-JGCGQSQUSA-N,745,745
ConPLex,drug_to_target,JKVNJTYHRABHIY-WXVUKLJWSA-N,745,745
ConPLex,drug_to_target,JOLJIIDDOBNFHW-UHFFFAOYSA-N,745,745
ConPLex,drug_to_target,JOOXLOJCABQBSG-UHFFFAOYSA-N,745,745
ConPLex,drug_to_target,JQSHBVHOMNKWFT-DTORHVGOSA-N,745,745
ConPLex,drug_to_target,JURKNVYFZMSNLP-UHFFFAOYSA-N,745,745
ConPLex,drug_to_target,JUZYLCPPVHEVSV-LJQANCHMSA-N,745,745
ConPLex,drug_to_target,JVHXJTBJCFBINQ-ADAARDCZSA-N,745,745
ConPLex,drug_to_target,JVLBPIPGETUEET-WIXLDOGYSA-O,745,745
ConPLex,drug_to_target,JWHYSEDOYMYMNM-QGZVFWFLSA-N,745,745
ConPLex,drug_to_target,JWJOTENAMICLJG-QWBYCMEYSA-N,745,745
ConPLex,drug_to_target,JWNPDZNEKVCWMY-VQHVLOKHSA-N,745,745
ConPLex,drug_to_target,JWUBBDSIWDLEOM-DTOXIADCSA-N,745,745
ConPLex,drug_to_target,JYGXADMDTFJGBT-VWUMJDOOSA-N,745,745
ConPLex,drug_to_target,JYTNQNCOQXFQPK-MRXNPFEDSA-N,745,745
ConPLex,drug_to_target,JZUFKLXOESDKRF-UHFFFAOYSA-N,745,745
ConPLex,drug_to_target,KAQKFAOMNZTLHT-OZUDYXHBSA-N,745,745
ConPLex,drug_to_target,KBOPZPXVLCULAV-UHFFFAOYSA-N,745,745
ConPLex,drug_to_target,KDGFLJKFZUIJMX-UHFFFAOYSA-N,745,745
ConPLex,drug_to_target,KDLRVYVGXIQJDK-AWPVFWJPSA-N,745,745
ConPLex,drug_to_target,KEDYTOTWMPBSLG-HILJTLORSA-N,745,745
ConPLex,drug_to_target,KEIPNCCJPRMIAX-HNNXBMFYSA-N,745,745
ConPLex,drug_to_target,KENSGCYKTRNIST-RVUAFKSESA-N,745,745
ConPLex,drug_to_target,KFQYTPMOWPVWEJ-INIZCTEOSA-N,745,745
ConPLex,drug_to_target,KGFYHTZWPPHNLQ-AWEZNQCLSA-N,745,745
ConPLex,drug_to_target,KGSXMPPBFPAXLY-UHFFFAOYSA-N,745,745
ConPLex,drug_to_target,KIHYPELVXPAIDH-HNSNBQBZSA-N,745,745
ConPLex,drug_to_target,KIQXRQVVYTYYAZ-VKVYFNERSA-N,745,745
ConPLex,drug_to_target,KJADKKWYZYXHBB-XBWDGYHZSA-N,745,745
ConPLex,drug_to_target,KJFBVJALEQWJBS-XUXIUFHCSA-N,745,745
ConPLex,drug_to_target,KJHKTHWMRKYKJE-SUGCFTRWSA-N,745,745
ConPLex,drug_to_target,KKGQTZUTZRNORY-UHFFFAOYSA-N,745,745
ConPLex,drug_to_target,KPBZROQVTHLCDU-UHFFFAOYSA-N,745,745
ConPLex,drug_to_target,KPVIXBKIJXZQJX-CSOZIWFHSA-N,745,745
ConPLex,drug_to_target,KPWSJANDNDDRMB-QAQDUYKDSA-N,745,745
ConPLex,drug_to_target,KPYSYYIEGFHWSV-UHFFFAOYSA-N,745,745
ConPLex,drug_to_target,KQKPFRSPSRPDEB-UHFFFAOYSA-N,745,745
ConPLex,drug_to_target,KRNAOFGYEFKHPB-ANJVHQHFSA-N,745,745
ConPLex,drug_to_target,KSGXQBZTULBEEQ-UHFFFAOYSA-N,745,745
ConPLex,drug_to_target,KSMAGQUYOIHWFS-UHFFFAOYSA-N,745,745
ConPLex,drug_to_target,KTEIFNKAUNYNJU-GFCCVEGCSA-N,745,745
ConPLex,drug_to_target,KTUFNOKKBVMGRW-UHFFFAOYSA-N,745,745
ConPLex,drug_to_target,KVWDHTXUZHCGIO-UHFFFAOYSA-N,745,745
ConPLex,drug_to_target,KWGRBVOPPLSCSI-WCBMZHEXSA-N,745,745
ConPLex,drug_to_target,KWGRBVOPPLSCSI-WPRPVWTQSA-N,745,745
ConPLex,drug_to_target,KWTSXDURSIMDCE-QMMMGPOBSA-N,745,745
ConPLex,drug_to_target,KWTSXDURSIMDCE-UHFFFAOYSA-N,745,745
ConPLex,drug_to_target,KWTWDQCKEHXFFR-SMDDNHRTSA-N,745,745
ConPLex,drug_to_target,KXNPVXPOPUZYGB-IOVMHBDKSA-N,745,745
ConPLex,drug_to_target,KYYIDSXMWOZKMP-UHFFFAOYSA-N,745,745
ConPLex,drug_to_target,LCQLHJZYVOQKHU-VKHMYHEASA-N,745,745
ConPLex,drug_to_target,LDCRTTXIJACKKU-ONEGZZNKSA-N,745,745
ConPLex,drug_to_target,LDEKQSIMHVQZJK-CAQYMETFSA-N,745,745
ConPLex,drug_to_target,LEBVLXFERQHONN-UHFFFAOYSA-N,745,745
ConPLex,drug_to_target,LERNTVKEWCAPOY-DZZGSBJMSA-N,745,745
ConPLex,drug_to_target,LEZWWPYKPKIXLL-UHFFFAOYSA-N,745,745
ConPLex,drug_to_target,LFQDNHWZDQTITF-UHFFFAOYSA-N,745,745
ConPLex,drug_to_target,LHHCSNFAOIFYRV-DOVBMPENSA-N,745,745
ConPLex,drug_to_target,LIENCHBZNNMNKG-OJFNHCPVSA-N,745,745
ConPLex,drug_to_target,LIOLIMKSCNQPLV-UHFFFAOYSA-N,745,745
ConPLex,drug_to_target,LIRYPHYGHXZJBZ-UHFFFAOYSA-N,745,745
ConPLex,drug_to_target,LKJPYSCBVHEWIU-UHFFFAOYSA-N,745,745
ConPLex,drug_to_target,LLPOLZWFYMWNKH-CMKMFDCUSA-N,745,745
ConPLex,drug_to_target,LMMJFBMMJUMSJS-UHFFFAOYSA-N,745,745
ConPLex,drug_to_target,LOMMPXLFBTZENJ-ZACQAIPSSA-N,745,745
ConPLex,drug_to_target,LOUPRKONTZGTKE-LHHVKLHASA-N,745,745
ConPLex,drug_to_target,LOWWYYZBZNSPDT-ZBEGNZNMSA-N,745,745
ConPLex,drug_to_target,LPAUOXUZGSBGDU-STDDISTJSA-N,745,745
ConPLex,drug_to_target,LPQZKKCYTLCDGQ-WEDXCCLWSA-N,745,745
ConPLex,drug_to_target,LRFKWQGGENFBFO-IBGZPJMESA-N,745,745
ConPLex,drug_to_target,LSQZJLSUYDQPKJ-NJBDSQKTSA-N,745,745
ConPLex,drug_to_target,LTXBFJFJUIJOQE-GOSISDBHSA-N,745,745
ConPLex,drug_to_target,LTXREWYXXSTFRX-QGZVFWFLSA-N,745,745
ConPLex,drug_to_target,LUKZNWIVRBCLON-GXOBDPJESA-N,745,745
ConPLex,drug_to_target,LUMKNAVTFCDUIE-VHXPQNKSSA-N,745,745
ConPLex,drug_to_target,LUZRJRNZXALNLM-JGRZULCMSA-N,745,745
ConPLex,drug_to_target,LVXJQMNHJWSHET-AATRIKPKSA-N,745,745
ConPLex,drug_to_target,LWQQLNNNIPYSNX-UROSTWAQSA-N,745,745
ConPLex,drug_to_target,LXBIFEVIBLOUGU-DPYQTVNSSA-N,745,745
ConPLex,drug_to_target,LXMSZDCAJNLERA-ZHYRCANASA-N,745,745
ConPLex,drug_to_target,LZFZMUMEGBBDTC-QEJZJMRPSA-N,745,745
ConPLex,drug_to_target,MAEIEVLCKWDQJH-UHFFFAOYSA-N,745,745
ConPLex,drug_to_target,MBBCVAKAJPKAKM-UHFFFAOYSA-N,745,745
ConPLex,drug_to_target,MBUVEWMHONZEQD-UHFFFAOYSA-N,745,745
ConPLex,drug_to_target,MCGSCOLBFJQGHM-SCZZXKLOSA-N,745,745
ConPLex,drug_to_target,MCIACXAZCBVDEE-CUUWFGFTSA-N,745,745
ConPLex,drug_to_target,MDSQOJYHHZBZKA-GBXCKJPGSA-N,745,745
ConPLex,drug_to_target,MEJLVLMAJJRLCR-GCCNXGTGSA-N,745,745
ConPLex,drug_to_target,METQSPRSQINEEU-HXCATZOESA-N,745,745
ConPLex,drug_to_target,MEZLKOACVSPNER-GFCCVEGCSA-N,745,745
ConPLex,drug_to_target,MFBCDACCJCDGBA-UHFFFAOYSA-N,745,745
ConPLex,drug_to_target,MFFMDFFZMYYVKS-SECBINFHSA-N,745,745
ConPLex,drug_to_target,MJIHNNLFOKEZEW-RUZDIDTESA-N,745,745
ConPLex,drug_to_target,MJIHNNLFOKEZEW-UHFFFAOYSA-N,745,745
ConPLex,drug_to_target,MJUVRTYWUMPBTR-MRXNPFEDSA-N,745,745
ConPLex,drug_to_target,MKJIEFSOBYUXJB-HOCLYGCPSA-N,745,745
ConPLex,drug_to_target,MKJIEFSOBYUXJB-WEZHFFAMSA-N,745,745
ConPLex,drug_to_target,MKPLKVHSHYCHOC-AHTXBMBWSA-N,745,745
ConPLex,drug_to_target,MKUXAQIIEYXACX-UHFFFAOYSA-N,745,745
ConPLex,drug_to_target,MKXZASYAUGDDCJ-NJAFHUGGSA-N,745,745
ConPLex,drug_to_target,MLBVMOWEQCZNCC-OEMFJLHTSA-N,745,745
ConPLex,drug_to_target,MLDQJTXFUGDVEO-UHFFFAOYSA-N,745,745
ConPLex,drug_to_target,MLYYVTUWGNIJIB-BXKDBHETSA-N,745,745
ConPLex,drug_to_target,MNDBXUUTURYVHR-UHFFFAOYSA-N,745,745
ConPLex,drug_to_target,MOTJMGVDPWRKOC-QPVYNBJUSA-N,745,745
ConPLex,drug_to_target,MOYKHGMNXAOIAT-JGWLITMVSA-N,745,745
ConPLex,drug_to_target,MQJKPEGWNLWLTK-UHFFFAOYSA-N,745,745
ConPLex,drug_to_target,MQOBSOSZFYZQOK-UHFFFAOYSA-N,745,745
ConPLex,drug_to_target,MRBDMNSDAVCSSF-UHFFFAOYSA-N,745,745
ConPLex,drug_to_target,MSYKRHVOOPPJKU-BDAKNGLRSA-N,745,745
ConPLex,drug_to_target,MUGXRYIUWFITCP-PGRDOPGGSA-N,745,745
ConPLex,drug_to_target,MUMGGOZAMZWBJJ-DYKIIFRCSA-N,745,745
ConPLex,drug_to_target,MVGWUTBTXDYMND-QGZVFWFLSA-N,745,745
ConPLex,drug_to_target,MVRHVFSOIWFBTE-INIZCTEOSA-N,745,745
ConPLex,drug_to_target,MVWVFYHBGMAFLY-UHFFFAOYSA-N,745,745
ConPLex,drug_to_target,MWKYMZXCGYXLPL-ZDUSSCGKSA-N,745,745
ConPLex,drug_to_target,MWLSOWXNZPKENC-UHFFFAOYSA-N,745,745
ConPLex,drug_to_target,MWTBKTRZPHJQLH-UHFFFAOYSA-N,745,745
ConPLex,drug_to_target,MXAYKZJJDUDWDS-LBPRGKRZSA-N,745,745
ConPLex,drug_to_target,MYSWGUAQZAJSOK-UHFFFAOYSA-N,745,745
ConPLex,drug_to_target,NBGABHGMJVIVBW-QHCPKHFHSA-N,745,745
ConPLex,drug_to_target,NBRBXGKOEOGLOI-UHFFFAOYSA-N,745,745
ConPLex,drug_to_target,NCLGDOBQAWBXRA-PGRDOPGGSA-N,745,745
ConPLex,drug_to_target,NCNRHFGMJRPRSK-MDZDMXLPSA-N,745,745
ConPLex,drug_to_target,NDAUXUAQIAJITI-LBPRGKRZSA-N,745,745
ConPLex,drug_to_target,NDAUXUAQIAJITI-UHFFFAOYSA-N,745,745
ConPLex,drug_to_target,NDCUAPJVLWFHHB-UHNVWZDZSA-N,745,745
ConPLex,drug_to_target,NDDAHWYSQHTHNT-UHFFFAOYSA-N,745,745
ConPLex,drug_to_target,NEMGRZFTLSKBAP-LBPRGKRZSA-N,745,745
ConPLex,drug_to_target,NEQYWYXGTJDAKR-JTQLQIEISA-N,745,745
ConPLex,drug_to_target,NFEZZTICAUWDHU-RDTXWAMCSA-N,745,745
ConPLex,drug_to_target,NGBFQHCMQULJNZ-UHFFFAOYSA-N,745,745
ConPLex,drug_to_target,NHHQJBCNYHBUSI-UHFFFAOYSA-N,745,745
ConPLex,drug_to_target,NIJJYAXOARWZEE-UHFFFAOYSA-N,745,745
ConPLex,drug_to_target,NKANXQFJJICGDU-QPLCGJKRSA-N,745,745
ConPLex,drug_to_target,NKHAVTQWNUWKEO-NSCUHMNNSA-N,745,745
ConPLex,drug_to_target,NNACHAUCXXVJSP-UHFFFAOYSA-N,745,745
ConPLex,drug_to_target,NNJVILVZKWQKPM-UHFFFAOYSA-N,745,745
ConPLex,drug_to_target,NOZIJMHMKORZBA-KJCUYJGMSA-N,745,745
ConPLex,drug_to_target,NQDJXKOVJZTUJA-UHFFFAOYSA-N,745,745
ConPLex,drug_to_target,NSQSAUGJQHDYNO-UHFFFAOYSA-N,745,745
ConPLex,drug_to_target,NTJOBXMMWNYJFB-UHFFFAOYSA-N,745,745
ConPLex,drug_to_target,NUKYPUAOHBNCPY-UHFFFAOYSA-N,745,745
ConPLex,drug_to_target,NXQKSXLFSAEQCZ-SFHVURJKSA-N,745,745
ConPLex,drug_to_target,NYDCDZSEEAUOHN-IZHYLOQSSA-N,745,745
ConPLex,drug_to_target,NYNZQNWKBKUAII-KBXCAEBGSA-N,745,745
ConPLex,drug_to_target,OBWASQILIWPZMG-QZMOQZSNSA-N,745,745
ConPLex,drug_to_target,ODAIHABQVKJNIY-PEDHHIEDSA-N,745,745
ConPLex,drug_to_target,OEKWJQXRCDYSHL-FNOIDJSQSA-N,745,745
ConPLex,drug_to_target,OEOLOEUAGSPDLT-UHFFFAOYSA-N,745,745
ConPLex,drug_to_target,OEXHQOGQTVQTAT-JRNQLAHRSA-N,745,745
ConPLex,drug_to_target,OFCNXPDARWKPPY-UHFFFAOYSA-N,745,745
ConPLex,drug_to_target,OFPXSFXSNFPTHF-UHFFFAOYSA-N,745,745
ConPLex,drug_to_target,OFZJKCQENFPZBH-UHFFFAOYSA-N,745,745
ConPLex,drug_to_target,OGHNVEJMJSYVRP-UHFFFAOYSA-N,745,745
ConPLex,drug_to_target,OGQICQVSFDPSEI-UHFFFAOYSA-N,745,745
ConPLex,drug_to_target,OHRURASPPZQGQM-GCCNXGTGSA-N,745,745
ConPLex,drug_to_target,OIGNJSKKLXVSLS-VWUMJDOOSA-N,745,745
ConPLex,drug_to_target,OJFSXZCBGQGRNV-UHFFFAOYSA-N,745,745
ConPLex,drug_to_target,OJQMKCBWYCWFPU-UHFFFAOYSA-N,745,745
ConPLex,drug_to_target,OLAHOMJCDNXHFI-UHFFFAOYSA-N,745,745
ConPLex,drug_to_target,OLNTVTPDXPETLC-XPWALMASSA-N,745,745
ConPLex,drug_to_target,ONIQOQHATWINJY-UHFFFAOYSA-N,745,745
ConPLex,drug_to_target,OPXLLQIJSORQAM-UHFFFAOYSA-N,745,745
ConPLex,drug_to_target,OROGSEYTTFOCAN-DNJOTXNNSA-N,745,745
ConPLex,drug_to_target,OUBCNLGXQFSTLU-UHFFFAOYSA-N,745,745
ConPLex,drug_to_target,OUJTZYPIHDYQMC-LJQANCHMSA-N,745,745
ConPLex,drug_to_target,OURRXQUGYQRVML-AREMUKBSSA-N,745,745
ConPLex,drug_to_target,OXPLANUPKBHPMS-ZXBNPROVSA-N,745,745
ConPLex,drug_to_target,OYTKINVCDFNREN-UHFFFAOYSA-N,745,745
ConPLex,drug_to_target,OYYDSUSKLWTMMQ-JKHIJQBDSA-N,745,745
ConPLex,drug_to_target,OZGNYLLQHRPOBR-DHZHZOJOSA-N,745,745
ConPLex,drug_to_target,OZOMQRBLCMDCEG-VIZOYTHASA-N,745,745
ConPLex,drug_to_target,OZVBMTJYIDMWIL-AYFBDAFISA-N,745,745
ConPLex,drug_to_target,OZWKMVRBQXNZKK-UHFFFAOYSA-N,745,745
ConPLex,drug_to_target,PAJMKGZZBBTTOY-ZFORQUDYSA-N,745,745
ConPLex,drug_to_target,PBAPPPCECJKMCM-IBGZPJMESA-N,745,745
ConPLex,drug_to_target,PCHKPVIQAHNQLW-CQSZACIVSA-N,745,745
ConPLex,drug_to_target,PCOBBVZJEWWZFR-UHFFFAOYSA-N,745,745
ConPLex,drug_to_target,PDGKHKMBHVFCMG-UHFFFAOYSA-N,745,745
ConPLex,drug_to_target,PDWUPXJEEYOOTR-UHFFFAOYSA-N,745,745
ConPLex,drug_to_target,PEMUGDMSUDYLHU-ZEQRLZLVSA-N,745,745
ConPLex,drug_to_target,PGTVWKLGGCQMBR-FLBATMFCSA-N,745,745
ConPLex,drug_to_target,PHLBKPHSAVXXEF-UHFFFAOYSA-N,745,745
ConPLex,drug_to_target,PHXJVRSECIGDHY-UHFFFAOYSA-N,745,745
ConPLex,drug_to_target,PIBARDGJJAGJAJ-NQIIRXRSSA-N,745,745
ConPLex,drug_to_target,PJDFLNIOAUIZSL-UHFFFAOYSA-N,745,745
ConPLex,drug_to_target,PJMPHNIQZUBGLI-UHFFFAOYSA-N,745,745
ConPLex,drug_to_target,PMXMIIMHBWHSKN-UHFFFAOYSA-N,745,745
ConPLex,drug_to_target,PNCPYILNMDWPEY-QGZVFWFLSA-N,745,745
ConPLex,drug_to_target,PNVNVHUZROJLTJ-UHFFFAOYSA-N,745,745
ConPLex,drug_to_target,POGQSBRIGCQNEG-UHFFFAOYSA-N,745,745
ConPLex,drug_to_target,PPSNFPASKFYPMN-SECBINFHSA-N,745,745
ConPLex,drug_to_target,PQXKDMSYBGKCJA-CVTJIBDQSA-N,745,745
ConPLex,drug_to_target,PRMWGUBFXWROHD-UHFFFAOYSA-N,745,745
ConPLex,drug_to_target,PSIFNNKUMBGKDQ-UHFFFAOYSA-N,745,745
ConPLex,drug_to_target,PTOIAAWZLUQTIO-GXFFZTMASA-N,745,745
ConPLex,drug_to_target,PUKBOVABABRILL-YZNIXAGQSA-N,745,745
ConPLex,drug_to_target,PURKAOJPTOLRMP-ASMGOKTBSA-N,745,745
ConPLex,drug_to_target,PURKAOJPTOLRMP-UHFFFAOYSA-N,745,745
ConPLex,drug_to_target,PYGWGZALEOIKDF-UHFFFAOYSA-N,745,745
ConPLex,drug_to_target,PYNXFZCZUAOOQC-UTKZUKDTSA-N,745,745
ConPLex,drug_to_target,PYZRQGJRPPTADH-UHFFFAOYSA-N,745,745
ConPLex,drug_to_target,PZBCKZWLPGJMAO-UHFFFAOYSA-N,745,745
ConPLex,drug_to_target,PZFAZQUREQIODZ-LJQANCHMSA-N,745,745
ConPLex,drug_to_target,QADPYRIHXKWUSV-UHFFFAOYSA-N,745,745
ConPLex,drug_to_target,QCHFTSOMWOSFHM-WPRPVWTQSA-N,745,745
ConPLex,drug_to_target,QCZAWDGAVJMPTA-RNFRBKRXSA-N,745,745
ConPLex,drug_to_target,QDGZDCVAUDNJFG-FXQIFTODSA-N,745,745
ConPLex,drug_to_target,QEFAQIPZVLVERP-UHFFFAOYSA-N,745,745
ConPLex,drug_to_target,QFFGVLORLPOAEC-SNVBAGLBSA-N,745,745
ConPLex,drug_to_target,QFNHIDANIVGXPE-FNZWTVRRSA-N,745,745
ConPLex,drug_to_target,QGJUIPDUBHWZPV-SGTAVMJGSA-N,745,745
ConPLex,drug_to_target,QHMBSVQNZZTUGM-ZWKOTPCHSA-N,745,745
ConPLex,drug_to_target,QIVUCLWGARAQIO-OLIXTKCUSA-N,745,745
ConPLex,drug_to_target,QKDRXGFQVGOQKS-CRSSMBPESA-N,745,745
ConPLex,drug_to_target,QNZCBYKSOIHPEH-UHFFFAOYSA-N,745,745
ConPLex,drug_to_target,QOIGKGMMAGJZNZ-UHFFFAOYSA-N,745,745
ConPLex,drug_to_target,QQHMKNYGKVVGCZ-UHFFFAOYSA-N,745,745
ConPLex,drug_to_target,QRPZBKAMSFHVRW-UHFFFAOYSA-N,745,745
ConPLex,drug_to_target,QTGIAADRBBLJGA-UHFFFAOYSA-N,745,745
ConPLex,drug_to_target,QTWZICCBKBYHDM-UHFFFAOYSA-N,745,745
ConPLex,drug_to_target,QUIJNHUBAXPXFS-XLJNKUFUSA-N,745,745
ConPLex,drug_to_target,QXWYKJLNLSIPIN-JGVFFNPUSA-N,745,745
ConPLex,drug_to_target,QXWZQTURMXZVHJ-UHFFFAOYSA-N,745,745
ConPLex,drug_to_target,QYSXJUFSXHHAJI-YRZJJWOYSA-N,745,745
ConPLex,drug_to_target,QZFHIXARHDBPBY-UHFFFAOYSA-N,745,745
ConPLex,drug_to_target,QZUDBNBUXVUHMW-UHFFFAOYSA-N,745,745
ConPLex,drug_to_target,QZZUEBNBZAPZLX-QFIPXVFZSA-N,745,745
ConPLex,drug_to_target,RAPZEAPATHNIPO-UHFFFAOYSA-N,745,745
ConPLex,drug_to_target,RBTBFTRPCNLSDE-UHFFFAOYSA-N,745,745
ConPLex,drug_to_target,RDOIQAHITMMDAJ-UHFFFAOYSA-N,745,745
ConPLex,drug_to_target,RENRQMCACQEWFC-UGKGYDQZSA-N,745,745
ConPLex,drug_to_target,RGFBRLNVZCCMSV-BIRGHMBHSA-N,745,745
ConPLex,drug_to_target,RHWKPHLQXYSBKR-BMIGLBTASA-N,745,745
ConPLex,drug_to_target,RHXHGRAEPCAFML-UHFFFAOYSA-N,745,745
ConPLex,drug_to_target,RITAVMQDGBJQJZ-FMIVXFBMSA-N,745,745
ConPLex,drug_to_target,RJCWBNBKOKFWNY-IDPLTSGASA-N,745,745
ConPLex,drug_to_target,RJKFOVLPORLFTN-LEKSSAKUSA-N,745,745
ConPLex,drug_to_target,RKEWSXXUOLRFBX-UHFFFAOYSA-N,745,745
ConPLex,drug_to_target,RKUNBYITZUJHSG-SPUOUPEWSA-N,745,745
ConPLex,drug_to_target,RLAWWYSOJDYHDC-BZSNNMDCSA-N,745,745
ConPLex,drug_to_target,RLCLASQCAPXVLM-NSHDSACASA-N,745,745
ConPLex,drug_to_target,RMMXLENWKUUMAY-UHFFFAOYSA-N,745,745
ConPLex,drug_to_target,RMRJXGBAOAMLHD-IHFGGWKQSA-N,745,745
ConPLex,drug_to_target,RNOAOAWBMHREKO-QFIPXVFZSA-N,745,745
ConPLex,drug_to_target,RRMJMHOQSALEJJ-UHFFFAOYSA-N,745,745
ConPLex,drug_to_target,RTGDFNSFWBGLEC-SYZQJQIISA-N,745,745
ConPLex,drug_to_target,RTHCYVBBDHJXIQ-UHFFFAOYSA-N,745,745
ConPLex,drug_to_target,RUDATBOHQWOJDD-BSWAIDMHSA-N,745,745
ConPLex,drug_to_target,RUEYEZADQJCKGV-UHFFFAOYSA-N,745,745
ConPLex,drug_to_target,RUOKEQAAGRXIBM-GFCCVEGCSA-N,745,745
ConPLex,drug_to_target,RUZYUOTYCVRMRZ-UHFFFAOYSA-N,745,745
ConPLex,drug_to_target,RVOLLAQWKVFTGE-UHFFFAOYSA-N,745,745
ConPLex,drug_to_target,RWTNPBWLLIMQHL-UHFFFAOYSA-N,745,745
ConPLex,drug_to_target,RYIDHLJADOKWFM-MAODMQOUSA-N,745,745
ConPLex,drug_to_target,RYMZZMVNJRMUDD-HGQWONQESA-N,745,745
ConPLex,drug_to_target,RZEKVGVHFLEQIL-UHFFFAOYSA-N,745,745
ConPLex,drug_to_target,RZVAJINKPMORJF-UHFFFAOYSA-N,745,745
ConPLex,drug_to_target,RZVPBGBYGMDSBG-GGAORHGYSA-N,745,745
ConPLex,drug_to_target,SDEAXTCZPQIFQM-UHFFFAOYSA-N,745,745
ConPLex,drug_to_target,SDUQYLNIPVEERB-QPPQHZFASA-N,745,745
ConPLex,drug_to_target,SECKRCOLJRRGGV-UHFFFAOYSA-N,745,745
ConPLex,drug_to_target,SEVCTUCCZYBJER-BSJAROSPSA-N,745,745
ConPLex,drug_to_target,SFLSHLFXELFNJZ-QMMMGPOBSA-N,745,745
ConPLex,drug_to_target,SFNSLLSYNZWZQG-VQIMIIECSA-N,745,745
ConPLex,drug_to_target,SGEGOXDYSFKCPT-UHFFFAOYSA-N,745,745
ConPLex,drug_to_target,SGEUNORSOZVTOL-CABZTGNLSA-N,745,745
ConPLex,drug_to_target,SGUAFYQXFOLMHL-UHFFFAOYSA-N,745,745
ConPLex,drug_to_target,SHGAZHPCJJPHSC-XFYACQKRSA-N,745,745
ConPLex,drug_to_target,SHGAZHPCJJPHSC-YCNIQYBTSA-N,745,745
ConPLex,drug_to_target,SIFNOOUKXBRGGB-AREMUKBSSA-N,745,745
ConPLex,drug_to_target,SJVQHLPISAIATJ-ZDUSSCGKSA-N,745,745
ConPLex,drug_to_target,SJZRECIVHVDYJC-UHFFFAOYSA-N,745,745
ConPLex,drug_to_target,SMOBCLHAZXOKDQ-ZJUUUORDSA-N,745,745
ConPLex,drug_to_target,SNICXCGAKADSCV-JTQLQIEISA-N,745,745
ConPLex,drug_to_target,SNIOPGDIGTZGOP-UHFFFAOYSA-N,745,745
ConPLex,drug_to_target,SNPPWIUOZRMYNY-UHFFFAOYSA-N,745,745
ConPLex,drug_to_target,SNUDIPVBUUXCDG-QHSBEEBCSA-N,745,745
ConPLex,drug_to_target,SOLUWJRYJLAZCX-LYOVBCGYSA-N,745,745
ConPLex,drug_to_target,SONNWYBIRXJNDC-VIFPVBQESA-N,745,745
ConPLex,drug_to_target,SOYCMDCMZDHQFP-UHFFFAOYSA-N,745,745
ConPLex,drug_to_target,SOYKEARSMXGVTM-UHFFFAOYSA-N,745,745
ConPLex,drug_to_target,SPMVMDHWKHCIDT-UHFFFAOYSA-N,745,745
ConPLex,drug_to_target,STPKWKPURVSAJF-LJEWAXOPSA-N,745,745
ConPLex,drug_to_target,STUWGJZDJHPWGZ-LBPRGKRZSA-N,745,745
ConPLex,drug_to_target,STZYTFJPGGDRJD-NHUWBDDWSA-N,745,745
ConPLex,drug_to_target,SUBDBMMJDZJVOS-DEOSSOPVSA-N,745,745
ConPLex,drug_to_target,SUBDBMMJDZJVOS-UHFFFAOYSA-N,745,745
ConPLex,drug_to_target,SUDAHWBOROXANE-SECBINFHSA-N,745,745
ConPLex,drug_to_target,SUJUHGSWHZTSEU-FYBSXPHGSA-N,745,745
ConPLex,drug_to_target,TTWJBBZEZQICBI-UHFFFAOYSA-N,745,745
ConPLex,drug_to_target,TTZHDVOVKQGIBA-IQWMDFIBSA-N,745,745
ConPLex,drug_to_target,TXEIIPDJKFWEEC-UHFFFAOYSA-N,745,745
ConPLex,drug_to_target,TYZROVQLWOKYKF-ZDUSSCGKSA-N,745,745
ConPLex,drug_to_target,TZFNLOMSOLWIDK-JTQLQIEISA-N,745,745
ConPLex,drug_to_target,UBPYILGKFZZVDX-UHFFFAOYSA-N,745,745
ConPLex,drug_to_target,UBQNRHZMVUUOMG-UHFFFAOYSA-N,745,745
ConPLex,drug_to_target,UBZPNQRBUOBBLN-PWRODBHTSA-N,745,745
ConPLex,drug_to_target,UCFGDBYHRUNTLO-QHCPKHFHSA-N,745,745
ConPLex,drug_to_target,UCJGJABZCDBEDK-UHFFFAOYSA-N,745,745
ConPLex,drug_to_target,UCTWMZQNUQWSLP-VIFPVBQESA-N,745,745
ConPLex,drug_to_target,UEJJHQNACJXSKW-UHFFFAOYSA-N,745,745
ConPLex,drug_to_target,UFSKUSARDNFIRC-UHFFFAOYSA-N,745,745
ConPLex,drug_to_target,UGJMXCAKCUNAIE-UHFFFAOYSA-N,745,745
ConPLex,drug_to_target,UHSKFQJFRQCDBE-UHFFFAOYSA-N,745,745
ConPLex,drug_to_target,UHTHHESEBZOYNR-UHFFFAOYSA-N,745,745
ConPLex,drug_to_target,UIAGMCDKSXEBJQ-UHFFFAOYSA-N,745,745
ConPLex,drug_to_target,UJLAWZDWDVHWOW-YPMHNXCESA-N,745,745
ConPLex,drug_to_target,UJVDJAPJQWZRFR-DHIUTWEWSA-N,745,745
ConPLex,drug_to_target,ULFRLSNUDGIQQP-UHFFFAOYSA-N,745,745
ConPLex,drug_to_target,ULXXDDBFHOBEHA-CWDCEQMOSA-N,745,745
ConPLex,drug_to_target,UPNUIXSCZBYVBB-JVFUWBCBSA-N,745,745
ConPLex,drug_to_target,UQCNKQCJZOAFTQ-ISWURRPUSA-N,745,745
ConPLex,drug_to_target,UQRORFVVSGFNRO-UTINFBMNSA-N,745,745
ConPLex,drug_to_target,UREBDLICKHMUKA-CXSFZGCWSA-N,745,745
ConPLex,drug_to_target,UREBDLICKHMUKA-DVTGEIKXSA-N,745,745
ConPLex,drug_to_target,URKOMYMAXPYINW-UHFFFAOYSA-N,745,745
ConPLex,drug_to_target,USUZGMWDZDXMDG-CYBMUJFWSA-N,745,745
ConPLex,drug_to_target,USZAGAREISWJDP-UHFFFAOYSA-N,745,745
ConPLex,drug_to_target,UTNUDOFZCWSZMS-YFHOEESVSA-N,745,745
ConPLex,drug_to_target,UVSMNLNDYGZFPF-UHFFFAOYSA-N,745,745
ConPLex,drug_to_target,UWKQSNNFCGGAFS-XIFFEERXSA-N,745,745
ConPLex,drug_to_target,UXNXMBYCBRBRFD-MUUNZHRXSA-N,745,745
ConPLex,drug_to_target,UZHSEJADLWPNLE-GRGSLBFTSA-N,745,745
ConPLex,drug_to_target,UZWDCWONPYILKI-UHFFFAOYSA-N,745,745
ConPLex,drug_to_target,VCKUSRYTPJJLNI-UHFFFAOYSA-N,745,745
ConPLex,drug_to_target,VCSUIBJKYCVWNF-NRFANRHFSA-N,745,745
ConPLex,drug_to_target,VDANGULDQQJODZ-UHFFFAOYSA-N,745,745
ConPLex,drug_to_target,VERWOWGGCGHDQE-UHFFFAOYSA-N,745,745
ConPLex,drug_to_target,VFBILHPIHUPBPZ-UHFFFAOYSA-N,745,745
ConPLex,drug_to_target,VFCRKLWBYMDAED-REWPJTCUSA-N,745,745
ConPLex,drug_to_target,VGKDLMBJGBXTGI-SJCJKPOMSA-N,745,745
ConPLex,drug_to_target,VGYFMXBACGZSIL-MCBHFWOFSA-N,745,745
ConPLex,drug_to_target,VHGCDTVCOLNTBX-QGZVFWFLSA-N,745,745
ConPLex,drug_to_target,VIKNJXKGJWUCNN-XGXHKTLJSA-N,745,745
ConPLex,drug_to_target,VJJPUSNTGOMMGY-MRVIYFEKSA-N,745,745
ConPLex,drug_to_target,VKHAHZOOUSRJNA-GCNJZUOMSA-N,745,745
ConPLex,drug_to_target,VLCYCQAOQCDTCN-UHFFFAOYSA-N,745,745
ConPLex,drug_to_target,VMWNQDUVQKEIOC-CYBMUJFWSA-N,745,745
ConPLex,drug_to_target,VNFPBHJOKIVQEB-UHFFFAOYSA-N,745,745
ConPLex,drug_to_target,VOBHXZCDAVEXEY-JSGCOSHPSA-N,745,745
ConPLex,drug_to_target,VOVIALXJUBGFJZ-KWVAZRHASA-N,745,745
ConPLex,drug_to_target,VOVZXURTCKPRDQ-CQSZACIVSA-N,745,745
ConPLex,drug_to_target,VPJXQGSRWJZDOB-UHFFFAOYSA-O,745,745
ConPLex,drug_to_target,VPMRSLWWUXNYRY-PJCFOSJUSA-N,745,745
ConPLex,drug_to_target,VPPJLAIAVCUEMN-GFCCVEGCSA-N,745,745
ConPLex,drug_to_target,VREFGVBLTWBCJP-UHFFFAOYSA-N,745,745
ConPLex,drug_to_target,VSNHCAURESNICA-UHFFFAOYSA-N,745,745
ConPLex,drug_to_target,VSWBSWWIRNCQIJ-HUUCEWRRSA-N,745,745
ConPLex,drug_to_target,VTRAEEWXHOVJFV-UHFFFAOYSA-N,745,745
ConPLex,drug_to_target,VUDZSIYXZUYWSC-DBRKOABJSA-N,745,745
ConPLex,drug_to_target,VWMJHAFYPMOMGF-ZCFIWIBFSA-N,745,745
ConPLex,drug_to_target,VWUXBMIQPBEWFH-WCCTWKNTSA-N,745,745
ConPLex,drug_to_target,VWVSBHGCDBMOOT-IIEHVVJPSA-N,745,745
ConPLex,drug_to_target,VYFYYTLLBUKUHU-UHFFFAOYSA-N,745,745
ConPLex,drug_to_target,VZZJRYRQSPEMTK-CALCHBBNSA-N,745,745
ConPLex,drug_to_target,WAEXFXRVDQXREF-UHFFFAOYSA-N,745,745
ConPLex,drug_to_target,WANIDIGFXJFFEL-SANMLTNESA-N,745,745
ConPLex,drug_to_target,WAXQNWCZJDTGBU-UHFFFAOYSA-N,745,745
ConPLex,drug_to_target,WBFUHHBPNXWNCC-UHFFFAOYSA-N,745,745
ConPLex,drug_to_target,WBGKWQHBNHJJPZ-LECWWXJVSA-N,745,745
ConPLex,drug_to_target,WCWSTNLSLKSJPK-LKFCYVNXSA-N,745,745
ConPLex,drug_to_target,WDENQIQQYWYTPO-IBGZPJMESA-N,745,745
ConPLex,drug_to_target,WEAJZXNPAWBCOA-INIZCTEOSA-N,745,745
ConPLex,drug_to_target,WEQLWGNDNRARGE-DJIMGWMZSA-N,745,745
ConPLex,drug_to_target,WGFOBBZOWHGYQH-MXHNKVEKSA-N,745,745
ConPLex,drug_to_target,WIGIZIANZCJQQY-RUCARUNLSA-N,745,745
ConPLex,drug_to_target,WIJZXSAJMHAVGX-DHLKQENFSA-N,745,745
ConPLex,drug_to_target,WINHZLLDWRZWRT-ATVHPVEESA-N,745,745
ConPLex,drug_to_target,WJBLNOPPDWQMCH-MBPVOVBZSA-N,745,745
ConPLex,drug_to_target,WJOHZNCJWYWUJD-IUGZLZTKSA-N,745,745
ConPLex,drug_to_target,WMDSZGFJQKSLLH-RBBKRZOGSA-N,745,745
ConPLex,drug_to_target,WOSKHXYHFSIKNG-UHFFFAOYSA-N,745,745
ConPLex,drug_to_target,WOXKDUGGOYFFRN-IIBYNOLFSA-N,745,745
ConPLex,drug_to_target,WPVFJKSGQUFQAP-GKAPJAKFSA-N,745,745
ConPLex,drug_to_target,WRFHGDPIDHPWIQ-UHFFFAOYSA-N,745,745
ConPLex,drug_to_target,WSEQXVZVJXJVFP-FQEVSTJZSA-N,745,745
ConPLex,drug_to_target,WSEQXVZVJXJVFP-UHFFFAOYSA-N,745,745
ConPLex,drug_to_target,WSNODXPBBALQOF-VEJSHDCNSA-N,745,745
ConPLex,drug_to_target,WTDRDQBEARUVNC-LURJTMIESA-N,745,745
ConPLex,drug_to_target,WVLHHLRVNDMIAR-IBGZPJMESA-N,745,745
ConPLex,drug_to_target,WVLOADHCBXTIJK-YNHQPCIGSA-N,745,745
ConPLex,drug_to_target,WWSWYXNVCBLWNZ-QIZQQNKQSA-N,745,745
ConPLex,drug_to_target,WWYNJERNGUHSAO-XUDSTZEESA-N,745,745
ConPLex,drug_to_target,WXCXUHSOUPDCQV-UHFFFAOYSA-N,745,745
ConPLex,drug_to_target,WXXSNCNJFUAIDG-UHFFFAOYSA-N,745,745
ConPLex,drug_to_target,WYQFJHHDOKWSHR-MNOVXSKESA-N,745,745
ConPLex,drug_to_target,WYQPLTPSGFELIB-JTQPXKBDSA-N,745,745
ConPLex,drug_to_target,WYWIFABBXFUGLM-UHFFFAOYSA-N,745,745
ConPLex,drug_to_target,WZOZEZRFJCJXNZ-ZBFHGGJFSA-N,745,745
ConPLex,drug_to_target,XAYGBKHKBBXDAK-UHFFFAOYSA-N,745,745
ConPLex,drug_to_target,XDXWLKQMMKQXPV-QYQHSDTDSA-N,745,745
ConPLex,drug_to_target,XEDHVZKDSYZQBF-UHFFFAOYSA-N,745,745
ConPLex,drug_to_target,XFALPSLJIHVRKE-GFCCVEGCSA-N,745,745
ConPLex,drug_to_target,XFYDIVBRZNQMJC-UHFFFAOYSA-N,745,745
ConPLex,drug_to_target,XGALLCVXEZPNRQ-UHFFFAOYSA-N,745,745
ConPLex,drug_to_target,XHOLNRLADUSQLD-UHFFFAOYSA-N,745,745
ConPLex,drug_to_target,XIQVNETUBQGFHX-UHFFFAOYSA-N,745,745
ConPLex,drug_to_target,XJGVXQDUIWGIRW-UHFFFAOYSA-N,745,745
ConPLex,drug_to_target,XKLMZUWKNUAPSZ-UHFFFAOYSA-N,745,745
ConPLex,drug_to_target,XMAYWYJOQHXEEK-ZEQKJWHPSA-N,745,745
ConPLex,drug_to_target,XMXHEBAFVSFQEX-UHFFFAOYSA-N,745,745
ConPLex,drug_to_target,XOFYZVNMUHMLCC-ZPOLXVRWSA-N,745,745
ConPLex,drug_to_target,XPIJWUTXQAGSLK-UHFFFAOYSA-N,745,745
ConPLex,drug_to_target,XPOQHMRABVBWPR-ZDUSSCGKSA-N,745,745
ConPLex,drug_to_target,XQSPYNMVSIKCOC-NTSWFWBYSA-N,745,745
ConPLex,drug_to_target,XRQDFNLINLXZLB-CKIKVBCHSA-N,745,745
ConPLex,drug_to_target,XRVDGNKRPOAQTN-FQEVSTJZSA-N,745,745
ConPLex,drug_to_target,XSFJVAJPIHIPKU-XWCQMRHXSA-N,745,745
ConPLex,drug_to_target,XTNGUQKDFGDXSJ-ZXGKGEBGSA-N,745,745
ConPLex,drug_to_target,XUBOMFCQGDBHNK-UHFFFAOYSA-N,745,745
ConPLex,drug_to_target,XUFQPHANEAPEMJ-UHFFFAOYSA-N,745,745
ConPLex,drug_to_target,XUKUURHRXDUEBC-KAYWLYCHSA-N,745,745
ConPLex,drug_to_target,XUZMWHLSFXCVMG-UHFFFAOYSA-N,745,745
ConPLex,drug_to_target,XWLUWCNOOVRFPX-UHFFFAOYSA-N,745,745
ConPLex,drug_to_target,XWLXKKNPFMNSFA-HGQWONQESA-N,745,745
ConPLex,drug_to_target,XXSMGPRMXLTPCZ-UHFFFAOYSA-N,745,745
ConPLex,drug_to_target,XYFPWWZEPKGCCK-GOSISDBHSA-N,745,745
ConPLex,drug_to_target,XYLJNLCSTIOKRM-UHFFFAOYSA-N,745,745
ConPLex,drug_to_target,XZWYZXLIPXDOLR-UHFFFAOYSA-N,745,745
ConPLex,drug_to_target,XZXHXSATPCNXJR-ZIADKAODSA-N,745,745
ConPLex,drug_to_target,YALNUENQHAQXEA-UHFFFAOYSA-N,745,745
ConPLex,drug_to_target,YASAKCUCGLMORW-UHFFFAOYSA-N,745,745
ConPLex,drug_to_target,YBBLVLTVTVSKRW-UHFFFAOYSA-N,745,745
ConPLex,drug_to_target,YBSJFWOBGCMAKL-UHFFFAOYSA-N,745,745
ConPLex,drug_to_target,YFGHCGITMMYXAQ-LJQANCHMSA-N,745,745
ConPLex,drug_to_target,YHGSTSNEOJUIRN-UHFFFAOYSA-N,745,745
ConPLex,drug_to_target,YIBOMRUWOWDFLG-ONEGZZNKSA-N,745,745
ConPLex,drug_to_target,YIMYDTCOUQIDMT-SNAWJCMRSA-N,745,745
ConPLex,drug_to_target,YIQPUIGJQJDJOS-UHFFFAOYSA-N,745,745
ConPLex,drug_to_target,YKPUWZUDDOIDPM-SOFGYWHQSA-N,745,745
ConPLex,drug_to_target,YLXDSYKOBKBWJQ-LBPRGKRZSA-N,745,745
ConPLex,drug_to_target,YMARZQAQMVYCKC-OEMFJLHTSA-N,745,745
ConPLex,drug_to_target,YMDXZJFXQJVXBF-STHAYSLISA-N,745,745
ConPLex,drug_to_target,YMTINGFKWWXKFG-UHFFFAOYSA-N,745,745
ConPLex,drug_to_target,YQEZLKZALYSWHR-ZDUSSCGKSA-N,745,745
ConPLex,drug_to_target,YQNQNVDNTFHQSW-UHFFFAOYSA-N,745,745
ConPLex,drug_to_target,YQNWZWMKLDQSAC-UHFFFAOYSA-N,745,745
ConPLex,drug_to_target,YREYEVIYCVEVJK-UHFFFAOYSA-N,745,745
ConPLex,drug_to_target,YTAOBBFIOAEMLL-REQDGWNSSA-N,745,745
ConPLex,drug_to_target,YTFHCXIPDIHOIA-DHZHZOJOSA-N,745,745
ConPLex,drug_to_target,YWGDOWXRIALTES-NRFANRHFSA-N,745,745
ConPLex,drug_to_target,YWPHCCPCQOJSGZ-UHFFFAOYSA-N,745,745
ConPLex,drug_to_target,YXRDKMPIGHSVRX-OOJCLDBCSA-N,745,745
ConPLex,drug_to_target,ZAFYATHCZYHLPB-UHFFFAOYSA-N,745,745
ConPLex,drug_to_target,ZBBHBTPTTSWHBA-UHFFFAOYSA-N,745,745
ConPLex,drug_to_target,ZBGXUVOIWDMMJE-QHNZEKIYSA-N,745,745
ConPLex,drug_to_target,ZBMZVLHSJCTVON-UHFFFAOYSA-N,745,745
ConPLex,drug_to_target,ZBNZXTGUTAYRHI-UHFFFAOYSA-N,745,745
ConPLex,drug_to_target,ZBPLOVFIXSTCRZ-UHFFFAOYSA-N,745,745
ConPLex,drug_to_target,ZCVMWBYGMWKGHF-UHFFFAOYSA-N,745,745
ConPLex,drug_to_target,ZEUITGRIYCTCEM-KRWDZBQOSA-N,745,745
ConPLex,drug_to_target,ZFMITUMMTDLWHR-UHFFFAOYSA-N,745,745
ConPLex,drug_to_target,ZGLHBRQAEXKACO-XJRQOBMKSA-N,745,745
ConPLex,drug_to_target,ZIAOVIPSKUPPQW-UHFFFAOYSA-N,745,745
ConPLex,drug_to_target,ZISJNXNHJRQYJO-CMDGGOBGSA-N,745,745
ConPLex,drug_to_target,ZKIAIYBUSXZPLP-UHFFFAOYSA-N,745,745
ConPLex,drug_to_target,ZKLPARSLTMPFCP-OAQYLSRUSA-N,745,745
ConPLex,drug_to_target,ZKLPARSLTMPFCP-UHFFFAOYSA-N,745,745
ConPLex,drug_to_target,ZPMNHBXQOOVQJL-UHFFFAOYSA-N,745,745
ConPLex,drug_to_target,ZPUCINDJVBIVPJ-LJISPDSOSA-N,745,745
ConPLex,drug_to_target,ZRVUJXDFFKFLMG-UHFFFAOYSA-N,745,745
ConPLex,drug_to_target,ZSBOMTDTBDDKMP-OAHLLOKOSA-N,745,745
ConPLex,drug_to_target,ZSKVGTPCRGIANV-ZXFLCMHBSA-N,745,745
ConPLex,drug_to_target,ZSWMIFNWDQEXDT-ZESJGQACSA-N,745,745
ConPLex,drug_to_target,ZVHNDZWQTBEVRY-UHFFFAOYSA-N,745,745
ConPLex,drug_to_target,ZWUQVNSJSJHFPS-XFXZXTDPSA-N,745,745
ConPLex,drug_to_target,ZYTXTXAMMDTYDQ-DGEXFFLYSA-N,745,745
ConPLex,drug_to_target,ZZUFCTLCJUWOSV-UHFFFAOYSA-N,745,745
ConPLex,drug_to_target,ZZVUWRFHKOJYTH-UHFFFAOYSA-N,745,745
DrugCLIP,target_to_drug,CHEMBL1075094,720,720
DrugCLIP,target_to_drug,CHEMBL1075113,720,720
DrugCLIP,target_to_drug,CHEMBL1075126,720,720
DrugCLIP,target_to_drug,CHEMBL1075153,720,720
DrugCLIP,target_to_drug,CHEMBL1075319,720,720
DrugCLIP,target_to_drug,CHEMBL1163124,720,720
DrugCLIP,target_to_drug,CHEMBL1169596,720,720
DrugCLIP,target_to_drug,CHEMBL1169600,720,720
DrugCLIP,target_to_drug,CHEMBL1250360,720,720
DrugCLIP,target_to_drug,CHEMBL1250375,720,720
DrugCLIP,target_to_drug,CHEMBL1250417,720,720
DrugCLIP,target_to_drug,CHEMBL1255163,720,720
DrugCLIP,target_to_drug,CHEMBL1275223,720,720
DrugCLIP,target_to_drug,CHEMBL1287628,720,720
DrugCLIP,target_to_drug,CHEMBL1293232,720,720
DrugCLIP,target_to_drug,CHEMBL1293266,720,720
DrugCLIP,target_to_drug,CHEMBL1615381,720,720
DrugCLIP,target_to_drug,CHEMBL1628478,720,720
DrugCLIP,target_to_drug,CHEMBL1641347,720,720
DrugCLIP,target_to_drug,CHEMBL1641348,720,720
DrugCLIP,target_to_drug,CHEMBL1641353,720,720
DrugCLIP,target_to_drug,CHEMBL1649058,720,720
DrugCLIP,target_to_drug,CHEMBL1697674,720,720
DrugCLIP,target_to_drug,CHEMBL1741186,720,720
DrugCLIP,target_to_drug,CHEMBL1741208,720,720
DrugCLIP,target_to_drug,CHEMBL1741305,720,720
DrugCLIP,target_to_drug,CHEMBL1744522,720,720
DrugCLIP,target_to_drug,CHEMBL1744525,720,720
DrugCLIP,target_to_drug,CHEMBL1778,720,720
DrugCLIP,target_to_drug,CHEMBL1781,720,720
DrugCLIP,target_to_drug,CHEMBL1781870,720,720
DrugCLIP,target_to_drug,CHEMBL1782,720,720
DrugCLIP,target_to_drug,CHEMBL1786,720,720
DrugCLIP,target_to_drug,CHEMBL1795,720,720
DrugCLIP,target_to_drug,CHEMBL1795108,720,720
DrugCLIP,target_to_drug,CHEMBL1795116,720,720
DrugCLIP,target_to_drug,CHEMBL1795122,720,720
DrugCLIP,target_to_drug,CHEMBL1795178,720,720
DrugCLIP,target_to_drug,CHEMBL1795197,720,720
DrugCLIP,target_to_drug,CHEMBL1796,720,720
DrugCLIP,target_to_drug,CHEMBL1801,720,720
DrugCLIP,target_to_drug,CHEMBL1803,720,720
DrugCLIP,target_to_drug,CHEMBL1806,720,720
DrugCLIP,target_to_drug,CHEMBL1808,720,720
DrugCLIP,target_to_drug,CHEMBL1812,720,720
DrugCLIP,target_to_drug,CHEMBL1817,720,720
DrugCLIP,target_to_drug,CHEMBL1822,720,720
DrugCLIP,target_to_drug,CHEMBL1824,720,720
DrugCLIP,target_to_drug,CHEMBL1827,720,720
DrugCLIP,target_to_drug,CHEMBL1829,720,720
DrugCLIP,target_to_drug,CHEMBL1834,720,720
DrugCLIP,target_to_drug,CHEMBL1835,720,720
DrugCLIP,target_to_drug,CHEMBL1839,720,720
DrugCLIP,target_to_drug,CHEMBL1841,720,720
DrugCLIP,target_to_drug,CHEMBL1843,720,720
DrugCLIP,target_to_drug,CHEMBL1844,720,720
DrugCLIP,target_to_drug,CHEMBL1847,720,720
DrugCLIP,target_to_drug,CHEMBL1856,720,720
DrugCLIP,target_to_drug,CHEMBL1859,720,720
DrugCLIP,target_to_drug,CHEMBL1861,720,720
DrugCLIP,target_to_drug,CHEMBL1862,720,720
DrugCLIP,target_to_drug,CHEMBL1864,720,720
DrugCLIP,target_to_drug,CHEMBL1865,720,720
DrugCLIP,target_to_drug,CHEMBL1868,720,720
DrugCLIP,target_to_drug,CHEMBL1869,720,720
DrugCLIP,target_to_drug,CHEMBL1871,720,720
DrugCLIP,target_to_drug,CHEMBL1873,720,720
DrugCLIP,target_to_drug,CHEMBL1874,720,720
DrugCLIP,target_to_drug,CHEMBL1876,720,720
DrugCLIP,target_to_drug,CHEMBL1886,720,720
DrugCLIP,target_to_drug,CHEMBL1887,720,720
DrugCLIP,target_to_drug,CHEMBL1892,720,720
DrugCLIP,target_to_drug,CHEMBL1893,720,720
DrugCLIP,target_to_drug,CHEMBL1899,720,720
DrugCLIP,target_to_drug,CHEMBL1900,720,720
DrugCLIP,target_to_drug,CHEMBL1902,720,720
DrugCLIP,target_to_drug,CHEMBL1903,720,720
DrugCLIP,target_to_drug,CHEMBL1906,720,720
DrugCLIP,target_to_drug,CHEMBL1908,720,720
DrugCLIP,target_to_drug,CHEMBL1908389,720,720
DrugCLIP,target_to_drug,CHEMBL1909490,720,720
DrugCLIP,target_to_drug,CHEMBL1910,720,720
DrugCLIP,target_to_drug,CHEMBL1911,720,720
DrugCLIP,target_to_drug,CHEMBL1913,720,720
DrugCLIP,target_to_drug,CHEMBL1914,720,720
DrugCLIP,target_to_drug,CHEMBL1914276,720,720
DrugCLIP,target_to_drug,CHEMBL1918,720,720
DrugCLIP,target_to_drug,CHEMBL1919,720,720
DrugCLIP,target_to_drug,CHEMBL1927,720,720
DrugCLIP,target_to_drug,CHEMBL1929,720,720
DrugCLIP,target_to_drug,CHEMBL1930,720,720
DrugCLIP,target_to_drug,CHEMBL1935,720,720
DrugCLIP,target_to_drug,CHEMBL1936,720,720
DrugCLIP,target_to_drug,CHEMBL1937,720,720
DrugCLIP,target_to_drug,CHEMBL1938222,720,720
DrugCLIP,target_to_drug,CHEMBL1944,720,720
DrugCLIP,target_to_drug,CHEMBL1947,720,720
DrugCLIP,target_to_drug,CHEMBL1949,720,720
DrugCLIP,target_to_drug,CHEMBL1950,720,720
DrugCLIP,target_to_drug,CHEMBL1951,720,720
DrugCLIP,target_to_drug,CHEMBL1952,720,720
DrugCLIP,target_to_drug,CHEMBL1955,720,720
DrugCLIP,target_to_drug,CHEMBL1957,720,720
DrugCLIP,target_to_drug,CHEMBL1959,720,720
DrugCLIP,target_to_drug,CHEMBL1962,720,720
DrugCLIP,target_to_drug,CHEMBL1964,720,720
DrugCLIP,target_to_drug,CHEMBL1966,720,720
DrugCLIP,target_to_drug,CHEMBL1969,720,720
DrugCLIP,target_to_drug,CHEMBL1972,720,720
DrugCLIP,target_to_drug,CHEMBL1973,720,720
DrugCLIP,target_to_drug,CHEMBL1974,720,720
DrugCLIP,target_to_drug,CHEMBL1975,720,720
DrugCLIP,target_to_drug,CHEMBL1976,720,720
DrugCLIP,target_to_drug,CHEMBL1977,720,720
DrugCLIP,target_to_drug,CHEMBL1978,720,720
DrugCLIP,target_to_drug,CHEMBL1980,720,720
DrugCLIP,target_to_drug,CHEMBL1981,720,720
DrugCLIP,target_to_drug,CHEMBL1988,720,720
DrugCLIP,target_to_drug,CHEMBL1989,720,720
DrugCLIP,target_to_drug,CHEMBL1991,720,720
DrugCLIP,target_to_drug,CHEMBL1992,720,720
DrugCLIP,target_to_drug,CHEMBL1993,720,720
DrugCLIP,target_to_drug,CHEMBL1994,720,720
DrugCLIP,target_to_drug,CHEMBL1996,720,720
DrugCLIP,target_to_drug,CHEMBL1997,720,720
DrugCLIP,target_to_drug,CHEMBL1998,720,720
DrugCLIP,target_to_drug,CHEMBL2000,720,720
DrugCLIP,target_to_drug,CHEMBL2003,720,720
DrugCLIP,target_to_drug,CHEMBL2007,720,720
DrugCLIP,target_to_drug,CHEMBL2007625,720,720
DrugCLIP,target_to_drug,CHEMBL2008,720,720
DrugCLIP,target_to_drug,CHEMBL2009,720,720
DrugCLIP,target_to_drug,CHEMBL2010624,720,720
DrugCLIP,target_to_drug,CHEMBL2012,720,720
DrugCLIP,target_to_drug,CHEMBL2016,720,720
DrugCLIP,target_to_drug,CHEMBL202,720,720
DrugCLIP,target_to_drug,CHEMBL2023,720,720
DrugCLIP,target_to_drug,CHEMBL2027,720,720
DrugCLIP,target_to_drug,CHEMBL203,720,720
DrugCLIP,target_to_drug,CHEMBL2033,720,720
DrugCLIP,target_to_drug,CHEMBL2034,720,720
DrugCLIP,target_to_drug,CHEMBL2039,720,720
DrugCLIP,target_to_drug,CHEMBL204,720,720
DrugCLIP,target_to_drug,CHEMBL2041,720,720
DrugCLIP,target_to_drug,CHEMBL2044,720,720
DrugCLIP,target_to_drug,CHEMBL2045,720,720
DrugCLIP,target_to_drug,CHEMBL2046267,720,720
DrugCLIP,target_to_drug,CHEMBL2047,720,720
DrugCLIP,target_to_drug,CHEMBL2048,720,720
DrugCLIP,target_to_drug,CHEMBL205,720,720
DrugCLIP,target_to_drug,CHEMBL2055,720,720
DrugCLIP,target_to_drug,CHEMBL2058,720,720
DrugCLIP,target_to_drug,CHEMBL2059,720,720
DrugCLIP,target_to_drug,CHEMBL206,720,720
DrugCLIP,target_to_drug,CHEMBL2061,720,720
DrugCLIP,target_to_drug,CHEMBL2063,720,720
DrugCLIP,target_to_drug,CHEMBL2068,720,720
DrugCLIP,target_to_drug,CHEMBL2069156,720,720
DrugCLIP,target_to_drug,CHEMBL2072,720,720
DrugCLIP,target_to_drug,CHEMBL2073,720,720
DrugCLIP,target_to_drug,CHEMBL2073677,720,720
DrugCLIP,target_to_drug,CHEMBL2074,720,720
DrugCLIP,target_to_drug,CHEMBL208,720,720
DrugCLIP,target_to_drug,CHEMBL2084,720,720
DrugCLIP,target_to_drug,CHEMBL2085,720,720
DrugCLIP,target_to_drug,CHEMBL2099,720,720
DrugCLIP,target_to_drug,CHEMBL2118,720,720
DrugCLIP,target_to_drug,CHEMBL2120,720,720
DrugCLIP,target_to_drug,CHEMBL2121,720,720
DrugCLIP,target_to_drug,CHEMBL2146302,720,720
DrugCLIP,target_to_drug,CHEMBL2146346,720,720
DrugCLIP,target_to_drug,CHEMBL2148,720,720
DrugCLIP,target_to_drug,CHEMBL215,720,720
DrugCLIP,target_to_drug,CHEMBL2176771,720,720
DrugCLIP,target_to_drug,CHEMBL2176839,720,720
DrugCLIP,target_to_drug,CHEMBL2176846,720,720
DrugCLIP,target_to_drug,CHEMBL2176855,720,720
DrugCLIP,target_to_drug,CHEMBL2179,720,720
DrugCLIP,target_to_drug,CHEMBL2185,720,720
DrugCLIP,target_to_drug,CHEMBL2189110,720,720
DrugCLIP,target_to_drug,CHEMBL2189121,720,720
DrugCLIP,target_to_drug,CHEMBL220,720,720
DrugCLIP,target_to_drug,CHEMBL2208,720,720
DrugCLIP,target_to_drug,CHEMBL221,720,720
DrugCLIP,target_to_drug,CHEMBL2216739,720,720
DrugCLIP,target_to_drug,CHEMBL222,720,720
DrugCLIP,target_to_drug,CHEMBL2243,720,720
DrugCLIP,target_to_drug,CHEMBL2252,720,720
DrugCLIP,target_to_drug,CHEMBL2273,720,720
DrugCLIP,target_to_drug,CHEMBL2276,720,720
DrugCLIP,target_to_drug,CHEMBL228,720,720
DrugCLIP,target_to_drug,CHEMBL2285,720,720
DrugCLIP,target_to_drug,CHEMBL2292,720,720
DrugCLIP,target_to_drug,CHEMBL230,720,720
DrugCLIP,target_to_drug,CHEMBL2311236,720,720
DrugCLIP,target_to_drug,CHEMBL2321613,720,720
DrugCLIP,target_to_drug,CHEMBL2321614,720,720
DrugCLIP,target_to_drug,CHEMBL2321615,720,720
DrugCLIP,target_to_drug,CHEMBL2326,720,720
DrugCLIP,target_to_drug,CHEMBL2331041,720,720
DrugCLIP,target_to_drug,CHEMBL2331042,720,720
DrugCLIP,target_to_drug,CHEMBL2331059,720,720
DrugCLIP,target_to_drug,CHEMBL2331065,720,720
DrugCLIP,target_to_drug,CHEMBL2337,720,720
DrugCLIP,target_to_drug,CHEMBL2346492,720,720
DrugCLIP,target_to_drug,CHEMBL235,720,720
DrugCLIP,target_to_drug,CHEMBL2362986,720,720
DrugCLIP,target_to_drug,CHEMBL2362990,720,720
DrugCLIP,target_to_drug,CHEMBL2362992,720,720
DrugCLIP,target_to_drug,CHEMBL2364155,720,720
DrugCLIP,target_to_drug,CHEMBL2364156,720,720
DrugCLIP,target_to_drug,CHEMBL2364158,720,720
DrugCLIP,target_to_drug,CHEMBL2364161,720,720
DrugCLIP,target_to_drug,CHEMBL2364162,720,720
DrugCLIP,target_to_drug,CHEMBL2364163,720,720
DrugCLIP,target_to_drug,CHEMBL238,720,720
DrugCLIP,target_to_drug,CHEMBL2384897,720,720
DrugCLIP,target_to_drug,CHEMBL239,720,720
DrugCLIP,target_to_drug,CHEMBL240,720,720
DrugCLIP,target_to_drug,CHEMBL2409,720,720
DrugCLIP,target_to_drug,CHEMBL241,720,720
DrugCLIP,target_to_drug,CHEMBL242,720,720
DrugCLIP,target_to_drug,CHEMBL2431,720,720
DrugCLIP,target_to_drug,CHEMBL2435,720,720
DrugCLIP,target_to_drug,CHEMBL2439,720,720
DrugCLIP,target_to_drug,CHEMBL244,720,720
DrugCLIP,target_to_drug,CHEMBL2476,720,720
DrugCLIP,target_to_drug,CHEMBL248,720,720
DrugCLIP,target_to_drug,CHEMBL2487,720,720
DrugCLIP,target_to_drug,CHEMBL2492,720,720
DrugCLIP,target_to_drug,CHEMBL2508,720,720
DrugCLIP,target_to_drug,CHEMBL2524,720,720
DrugCLIP,target_to_drug,CHEMBL2527,720,720
DrugCLIP,target_to_drug,CHEMBL2534,720,720
DrugCLIP,target_to_drug,CHEMBL258,720,720
DrugCLIP,target_to_drug,CHEMBL2599,720,720
DrugCLIP,target_to_drug,CHEMBL260,720,720
DrugCLIP,target_to_drug,CHEMBL2608,720,720
DrugCLIP,target_to_drug,CHEMBL261,720,720
DrugCLIP,target_to_drug,CHEMBL262,720,720
DrugCLIP,target_to_drug,CHEMBL2633,720,720
DrugCLIP,target_to_drug,CHEMBL2637,720,720
DrugCLIP,target_to_drug,CHEMBL267,720,720
DrugCLIP,target_to_drug,CHEMBL268,720,720
DrugCLIP,target_to_drug,CHEMBL2689,720,720
DrugCLIP,target_to_drug,CHEMBL2695,720,720
DrugCLIP,target_to_drug,CHEMBL2706,720,720
DrugCLIP,target_to_drug,CHEMBL2708,720,720
DrugCLIP,target_to_drug,CHEMBL2722,720,720
DrugCLIP,target_to_drug,CHEMBL2742,720,720
DrugCLIP,target_to_drug,CHEMBL2754,720,720
DrugCLIP,target_to_drug,CHEMBL2755,720,720
DrugCLIP,target_to_drug,CHEMBL2778,720,720
DrugCLIP,target_to_drug,CHEMBL278,720,720
DrugCLIP,target_to_drug,CHEMBL2782,720,720
DrugCLIP,target_to_drug,CHEMBL279,720,720
DrugCLIP,target_to_drug,CHEMBL280,720,720
DrugCLIP,target_to_drug,CHEMBL2808,720,720
DrugCLIP,target_to_drug,CHEMBL2815,720,720
DrugCLIP,target_to_drug,CHEMBL2820,720,720
DrugCLIP,target_to_drug,CHEMBL2821,720,720
DrugCLIP,target_to_drug,CHEMBL283,720,720
DrugCLIP,target_to_drug,CHEMBL2835,720,720
DrugCLIP,target_to_drug,CHEMBL284,720,720
DrugCLIP,target_to_drug,CHEMBL2842,720,720
DrugCLIP,target_to_drug,CHEMBL2850,720,720
DrugCLIP,target_to_drug,CHEMBL286,720,720
DrugCLIP,target_to_drug,CHEMBL287,720,720
DrugCLIP,target_to_drug,CHEMBL2872,720,720
DrugCLIP,target_to_drug,CHEMBL2873,720,720
DrugCLIP,target_to_drug,CHEMBL288,720,720
DrugCLIP,target_to_drug,CHEMBL2916,720,720
DrugCLIP,target_to_drug,CHEMBL2925,720,720
DrugCLIP,target_to_drug,CHEMBL2929,720,720
DrugCLIP,target_to_drug,CHEMBL2940,720,720
DrugCLIP,target_to_drug,CHEMBL2954,720,720
DrugCLIP,target_to_drug,CHEMBL2959,720,720
DrugCLIP,target_to_drug,CHEMBL2964,720,720
DrugCLIP,target_to_drug,CHEMBL2971,720,720
DrugCLIP,target_to_drug,CHEMBL2973,720,720
DrugCLIP,target_to_drug,CHEMBL2979,720,720
DrugCLIP,target_to_drug,CHEMBL2996,720,720
DrugCLIP,target_to_drug,CHEMBL2998,720,720
DrugCLIP,target_to_drug,CHEMBL3004,720,720
DrugCLIP,target_to_drug,CHEMBL3009,720,720
DrugCLIP,target_to_drug,CHEMBL301,720,720
DrugCLIP,target_to_drug,CHEMBL3023,720,720
DrugCLIP,target_to_drug,CHEMBL3024,720,720
DrugCLIP,target_to_drug,CHEMBL3026,720,720
DrugCLIP,target_to_drug,CHEMBL3028,720,720
DrugCLIP,target_to_drug,CHEMBL3045,720,720
DrugCLIP,target_to_drug,CHEMBL3055,720,720
DrugCLIP,target_to_drug,CHEMBL3076,720,720
DrugCLIP,target_to_drug,CHEMBL308,720,720
DrugCLIP,target_to_drug,CHEMBL3094,720,720
DrugCLIP,target_to_drug,CHEMBL3102,720,720
DrugCLIP,target_to_drug,CHEMBL3105,720,720
DrugCLIP,target_to_drug,CHEMBL3106,720,720
DrugCLIP,target_to_drug,CHEMBL3107,720,720
DrugCLIP,target_to_drug,CHEMBL3108633,720,720
DrugCLIP,target_to_drug,CHEMBL3116,720,720
DrugCLIP,target_to_drug,CHEMBL3117,720,720
DrugCLIP,target_to_drug,CHEMBL3119,720,720
DrugCLIP,target_to_drug,CHEMBL3130,720,720
DrugCLIP,target_to_drug,CHEMBL3142,720,720
DrugCLIP,target_to_drug,CHEMBL3143,720,720
DrugCLIP,target_to_drug,CHEMBL3145,720,720
DrugCLIP,target_to_drug,CHEMBL3161,720,720
DrugCLIP,target_to_drug,CHEMBL3172,720,720
DrugCLIP,target_to_drug,CHEMBL3192,720,720
DrugCLIP,target_to_drug,CHEMBL3201,720,720
DrugCLIP,target_to_drug,CHEMBL321,720,720
DrugCLIP,target_to_drug,CHEMBL3217393,720,720
DrugCLIP,target_to_drug,CHEMBL3217394,720,720
DrugCLIP,target_to_drug,CHEMBL3217395,720,720
DrugCLIP,target_to_drug,CHEMBL3218,720,720
DrugCLIP,target_to_drug,CHEMBL3232692,720,720
DrugCLIP,target_to_drug,CHEMBL3234,720,720
DrugCLIP,target_to_drug,CHEMBL3238,720,720
DrugCLIP,target_to_drug,CHEMBL3242,720,720
DrugCLIP,target_to_drug,CHEMBL3243,720,720
DrugCLIP,target_to_drug,CHEMBL325,720,720
DrugCLIP,target_to_drug,CHEMBL3267,720,720
DrugCLIP,target_to_drug,CHEMBL3273,720,720
DrugCLIP,target_to_drug,CHEMBL3276,720,720
DrugCLIP,target_to_drug,CHEMBL3286,720,720
DrugCLIP,target_to_drug,CHEMBL3286067,720,720
DrugCLIP,target_to_drug,CHEMBL3286070,720,720
DrugCLIP,target_to_drug,CHEMBL3286073,720,720
DrugCLIP,target_to_drug,CHEMBL3295,720,720
DrugCLIP,target_to_drug,CHEMBL3307223,720,720
DrugCLIP,target_to_drug,CHEMBL3308912,720,720
DrugCLIP,target_to_drug,CHEMBL331,720,720
DrugCLIP,target_to_drug,CHEMBL3310,720,720
DrugCLIP,target_to_drug,CHEMBL332,720,720
DrugCLIP,target_to_drug,CHEMBL333,720,720
DrugCLIP,target_to_drug,CHEMBL3338,720,720
DrugCLIP,target_to_drug,CHEMBL3357,720,720
DrugCLIP,target_to_drug,CHEMBL3378,720,720
DrugCLIP,target_to_drug,CHEMBL3385,720,720
DrugCLIP,target_to_drug,CHEMBL3390821,720,720
DrugCLIP,target_to_drug,CHEMBL3391681,720,720
DrugCLIP,target_to_drug,CHEMBL340,720,720
DrugCLIP,target_to_drug,CHEMBL3407319,720,720
DrugCLIP,target_to_drug,CHEMBL3407320,720,720
DrugCLIP,target_to_drug,CHEMBL3407325,720,720
DrugCLIP,target_to_drug,CHEMBL3425389,720,720
DrugCLIP,target_to_drug,CHEMBL3430865,720,720
DrugCLIP,target_to_drug,CHEMBL3437,720,720
DrugCLIP,target_to_drug,CHEMBL3439,720,720
DrugCLIP,target_to_drug,CHEMBL3474,720,720
DrugCLIP,target_to_drug,CHEMBL3475,720,720
DrugCLIP,target_to_drug,CHEMBL3514,720,720
DrugCLIP,target_to_drug,CHEMBL3522,720,720
DrugCLIP,target_to_drug,CHEMBL3535,720,720
DrugCLIP,target_to_drug,CHEMBL3551,720,720
DrugCLIP,target_to_drug,CHEMBL3553,720,720
DrugCLIP,target_to_drug,CHEMBL3559,720,720
DrugCLIP,target_to_drug,CHEMBL3559386,720,720
DrugCLIP,target_to_drug,CHEMBL3572,720,720
DrugCLIP,target_to_drug,CHEMBL3576,720,720
DrugCLIP,target_to_drug,CHEMBL3580483,720,720
DrugCLIP,target_to_drug,CHEMBL3580485,720,720
DrugCLIP,target_to_drug,CHEMBL3580488,720,720
DrugCLIP,target_to_drug,CHEMBL3580489,720,720
DrugCLIP,target_to_drug,CHEMBL3580490,720,720
DrugCLIP,target_to_drug,CHEMBL3580491,720,720
DrugCLIP,target_to_drug,CHEMBL3580492,720,720
DrugCLIP,target_to_drug,CHEMBL3580493,720,720
DrugCLIP,target_to_drug,CHEMBL3580494,720,720
DrugCLIP,target_to_drug,CHEMBL3580496,720,720
DrugCLIP,target_to_drug,CHEMBL3582,720,720
DrugCLIP,target_to_drug,CHEMBL3587,720,720
DrugCLIP,target_to_drug,CHEMBL3588735,720,720
DrugCLIP,target_to_drug,CHEMBL3594,720,720
DrugCLIP,target_to_drug,CHEMBL3596085,720,720
DrugCLIP,target_to_drug,CHEMBL3610,720,720
DrugCLIP,target_to_drug,CHEMBL3618,720,720
DrugCLIP,target_to_drug,CHEMBL3623,720,720
DrugCLIP,target_to_drug,CHEMBL3629,720,720
DrugCLIP,target_to_drug,CHEMBL3631,720,720
DrugCLIP,target_to_drug,CHEMBL3632452,720,720
DrugCLIP,target_to_drug,CHEMBL3650,720,720
DrugCLIP,target_to_drug,CHEMBL3660,720,720
DrugCLIP,target_to_drug,CHEMBL3670,720,720
DrugCLIP,target_to_drug,CHEMBL3687,720,720
DrugCLIP,target_to_drug,CHEMBL3691,720,720
DrugCLIP,target_to_drug,CHEMBL3706,720,720
DrugCLIP,target_to_drug,CHEMBL3710485,720,720
DrugCLIP,target_to_drug,CHEMBL3712852,720,720
DrugCLIP,target_to_drug,CHEMBL3712853,720,720
DrugCLIP,target_to_drug,CHEMBL3712856,720,720
DrugCLIP,target_to_drug,CHEMBL3712859,720,720
DrugCLIP,target_to_drug,CHEMBL3712860,720,720
DrugCLIP,target_to_drug,CHEMBL3712863,720,720
DrugCLIP,target_to_drug,CHEMBL3712864,720,720
DrugCLIP,target_to_drug,CHEMBL3712869,720,720
DrugCLIP,target_to_drug,CHEMBL3712878,720,720
DrugCLIP,target_to_drug,CHEMBL3712880,720,720
DrugCLIP,target_to_drug,CHEMBL3712881,720,720
DrugCLIP,target_to_drug,CHEMBL3712885,720,720
DrugCLIP,target_to_drug,CHEMBL3712886,720,720
DrugCLIP,target_to_drug,CHEMBL3712888,720,720
DrugCLIP,target_to_drug,CHEMBL3712900,720,720
DrugCLIP,target_to_drug,CHEMBL3712901,720,720
DrugCLIP,target_to_drug,CHEMBL3712903,720,720
DrugCLIP,target_to_drug,CHEMBL3712912,720,720
DrugCLIP,target_to_drug,CHEMBL3712913,720,720
DrugCLIP,target_to_drug,CHEMBL3712915,720,720
DrugCLIP,target_to_drug,CHEMBL3712916,720,720
DrugCLIP,target_to_drug,CHEMBL3712919,720,720
DrugCLIP,target_to_drug,CHEMBL3712920,720,720
DrugCLIP,target_to_drug,CHEMBL3712931,720,720
DrugCLIP,target_to_drug,CHEMBL3712932,720,720
DrugCLIP,target_to_drug,CHEMBL3712934,720,720
DrugCLIP,target_to_drug,CHEMBL3712938,720,720
DrugCLIP,target_to_drug,CHEMBL3712949,720,720
DrugCLIP,target_to_drug,CHEMBL3712953,720,720
DrugCLIP,target_to_drug,CHEMBL3712955,720,720
DrugCLIP,target_to_drug,CHEMBL3712956,720,720
DrugCLIP,target_to_drug,CHEMBL3712957,720,720
DrugCLIP,target_to_drug,CHEMBL3712961,720,720
DrugCLIP,target_to_drug,CHEMBL3712965,720,720
DrugCLIP,target_to_drug,CHEMBL3712972,720,720
DrugCLIP,target_to_drug,CHEMBL3712975,720,720
DrugCLIP,target_to_drug,CHEMBL3712987,720,720
DrugCLIP,target_to_drug,CHEMBL3712988,720,720
DrugCLIP,target_to_drug,CHEMBL3712995,720,720
DrugCLIP,target_to_drug,CHEMBL3712996,720,720
DrugCLIP,target_to_drug,CHEMBL3713000,720,720
DrugCLIP,target_to_drug,CHEMBL3713007,720,720
DrugCLIP,target_to_drug,CHEMBL3713014,720,720
DrugCLIP,target_to_drug,CHEMBL3713025,720,720
DrugCLIP,target_to_drug,CHEMBL3713026,720,720
DrugCLIP,target_to_drug,CHEMBL3713062,720,720
DrugCLIP,target_to_drug,CHEMBL3713333,720,720
DrugCLIP,target_to_drug,CHEMBL3713343,720,720
DrugCLIP,target_to_drug,CHEMBL3713436,720,720
DrugCLIP,target_to_drug,CHEMBL3713449,720,720
DrugCLIP,target_to_drug,CHEMBL3713453,720,720
DrugCLIP,target_to_drug,CHEMBL3713913,720,720
DrugCLIP,target_to_drug,CHEMBL3713941,720,720
DrugCLIP,target_to_drug,CHEMBL3714029,720,720
DrugCLIP,target_to_drug,CHEMBL3714157,720,720
DrugCLIP,target_to_drug,CHEMBL3714583,720,720
DrugCLIP,target_to_drug,CHEMBL3717,720,720
DrugCLIP,target_to_drug,CHEMBL3720,720,720
DrugCLIP,target_to_drug,CHEMBL3729,720,720
DrugCLIP,target_to_drug,CHEMBL3776,720,720
DrugCLIP,target_to_drug,CHEMBL3778,720,720
DrugCLIP,target_to_drug,CHEMBL3788,720,720
DrugCLIP,target_to_drug,CHEMBL3810,720,720
DrugCLIP,target_to_drug,CHEMBL3816,720,720
DrugCLIP,target_to_drug,CHEMBL3820,720,720
DrugCLIP,target_to_drug,CHEMBL3831181,720,720
DrugCLIP,target_to_drug,CHEMBL3831182,720,720
DrugCLIP,target_to_drug,CHEMBL3831291,720,720
DrugCLIP,target_to_drug,CHEMBL3833441,720,720
DrugCLIP,target_to_drug,CHEMBL3833481,720,720
DrugCLIP,target_to_drug,CHEMBL3856162,720,720
DrugCLIP,target_to_drug,CHEMBL3856163,720,720
DrugCLIP,target_to_drug,CHEMBL3864,720,720
DrugCLIP,target_to_drug,CHEMBL3869,720,720
DrugCLIP,target_to_drug,CHEMBL3884,720,720
DrugCLIP,target_to_drug,CHEMBL3890,720,720
DrugCLIP,target_to_drug,CHEMBL3896,720,720
DrugCLIP,target_to_drug,CHEMBL3901,720,720
DrugCLIP,target_to_drug,CHEMBL3902,720,720
DrugCLIP,target_to_drug,CHEMBL3905,720,720
DrugCLIP,target_to_drug,CHEMBL3913,720,720
DrugCLIP,target_to_drug,CHEMBL3921,720,720
DrugCLIP,target_to_drug,CHEMBL3922,720,720
DrugCLIP,target_to_drug,CHEMBL3923,720,720
DrugCLIP,target_to_drug,CHEMBL3935,720,720
DrugCLIP,target_to_drug,CHEMBL3955,720,720
DrugCLIP,target_to_drug,CHEMBL3956,720,720
DrugCLIP,target_to_drug,CHEMBL3961,720,720
DrugCLIP,target_to_drug,CHEMBL3972,720,720
DrugCLIP,target_to_drug,CHEMBL3973,720,720
DrugCLIP,target_to_drug,CHEMBL3979,720,720
DrugCLIP,target_to_drug,CHEMBL3983,720,720
DrugCLIP,target_to_drug,CHEMBL3988505,720,720
DrugCLIP,target_to_drug,CHEMBL3989382,720,720
DrugCLIP,target_to_drug,CHEMBL3989384,720,720
DrugCLIP,target_to_drug,CHEMBL3991,720,720
DrugCLIP,target_to_drug,CHEMBL3991501,720,720
DrugCLIP,target_to_drug,CHEMBL4005,720,720
DrugCLIP,target_to_drug,CHEMBL4016,720,720
DrugCLIP,target_to_drug,CHEMBL402,720,720
DrugCLIP,target_to_drug,CHEMBL4036,720,720
DrugCLIP,target_to_drug,CHEMBL4040,720,720
DrugCLIP,target_to_drug,CHEMBL4051,720,720
DrugCLIP,target_to_drug,CHEMBL4068,720,720
DrugCLIP,target_to_drug,CHEMBL4073,720,720
DrugCLIP,target_to_drug,CHEMBL4081,720,720
DrugCLIP,target_to_drug,CHEMBL4093,720,720
DrugCLIP,target_to_drug,CHEMBL4096,720,720
DrugCLIP,target_to_drug,CHEMBL4116,720,720
DrugCLIP,target_to_drug,CHEMBL4128,720,720
DrugCLIP,target_to_drug,CHEMBL4142,720,720
DrugCLIP,target_to_drug,CHEMBL4163,720,720
DrugCLIP,target_to_drug,CHEMBL4179,720,720
DrugCLIP,target_to_drug,CHEMBL4187,720,720
DrugCLIP,target_to_drug,CHEMBL4191,720,720
DrugCLIP,target_to_drug,CHEMBL4223,720,720
DrugCLIP,target_to_drug,CHEMBL4225,720,720
DrugCLIP,target_to_drug,CHEMBL4235,720,720
DrugCLIP,target_to_drug,CHEMBL4245,720,720
DrugCLIP,target_to_drug,CHEMBL4247,720,720
DrugCLIP,target_to_drug,CHEMBL4266,720,720
DrugCLIP,target_to_drug,CHEMBL4282,720,720
DrugCLIP,target_to_drug,CHEMBL4295646,720,720
DrugCLIP,target_to_drug,CHEMBL4295685,720,720
DrugCLIP,target_to_drug,CHEMBL4295690,720,720
DrugCLIP,target_to_drug,CHEMBL4296,720,720
DrugCLIP,target_to_drug,CHEMBL4296022,720,720
DrugCLIP,target_to_drug,CHEMBL4302,720,720
DrugCLIP,target_to_drug,CHEMBL4303061,720,720
DrugCLIP,target_to_drug,CHEMBL4304,720,720
DrugCLIP,target_to_drug,CHEMBL4305,720,720
DrugCLIP,target_to_drug,CHEMBL4306,720,720
DrugCLIP,target_to_drug,CHEMBL4323,720,720
DrugCLIP,target_to_drug,CHEMBL4331,720,720
DrugCLIP,target_to_drug,CHEMBL4338,720,720
DrugCLIP,target_to_drug,CHEMBL4342,720,720
DrugCLIP,target_to_drug,CHEMBL4361,720,720
DrugCLIP,target_to_drug,CHEMBL4393,720,720
DrugCLIP,target_to_drug,CHEMBL4409,720,720
DrugCLIP,target_to_drug,CHEMBL4439,720,720
DrugCLIP,target_to_drug,CHEMBL4444,720,720
DrugCLIP,target_to_drug,CHEMBL4445,720,720
DrugCLIP,target_to_drug,CHEMBL4465,720,720
DrugCLIP,target_to_drug,CHEMBL4478,720,720
DrugCLIP,target_to_drug,CHEMBL4481,720,720
DrugCLIP,target_to_drug,CHEMBL4482,720,720
DrugCLIP,target_to_drug,CHEMBL4501,720,720
DrugCLIP,target_to_drug,CHEMBL4502,720,720
DrugCLIP,target_to_drug,CHEMBL4506,720,720
DrugCLIP,target_to_drug,CHEMBL4523374,720,720
DrugCLIP,target_to_drug,CHEMBL4523377,720,720
DrugCLIP,target_to_drug,CHEMBL4523510,720,720
DrugCLIP,target_to_drug,CHEMBL4523581,720,720
DrugCLIP,target_to_drug,CHEMBL4523584,720,720
DrugCLIP,target_to_drug,CHEMBL4523586,720,720
DrugCLIP,target_to_drug,CHEMBL4530,720,720
DrugCLIP,target_to_drug,CHEMBL4531,720,720
DrugCLIP,target_to_drug,CHEMBL4581,720,720
DrugCLIP,target_to_drug,CHEMBL4588,720,720
DrugCLIP,target_to_drug,CHEMBL4601,720,720
DrugCLIP,target_to_drug,CHEMBL4618,720,720
DrugCLIP,target_to_drug,CHEMBL4625,720,720
DrugCLIP,target_to_drug,CHEMBL4630,720,720
DrugCLIP,target_to_drug,CHEMBL4630876,720,720
DrugCLIP,target_to_drug,CHEMBL4630877,720,720
DrugCLIP,target_to_drug,CHEMBL4630879,720,720
DrugCLIP,target_to_drug,CHEMBL4630881,720,720
DrugCLIP,target_to_drug,CHEMBL4630883,720,720
DrugCLIP,target_to_drug,CHEMBL4630885,720,720
DrugCLIP,target_to_drug,CHEMBL4630886,720,720
DrugCLIP,target_to_drug,CHEMBL4630887,720,720
DrugCLIP,target_to_drug,CHEMBL4630888,720,720
DrugCLIP,target_to_drug,CHEMBL4630889,720,720
DrugCLIP,target_to_drug,CHEMBL4630890,720,720
DrugCLIP,target_to_drug,CHEMBL4630891,720,720
DrugCLIP,target_to_drug,CHEMBL4630892,720,720
DrugCLIP,target_to_drug,CHEMBL4630894,720,720
DrugCLIP,target_to_drug,CHEMBL4630895,720,720
DrugCLIP,target_to_drug,CHEMBL4660,720,720
DrugCLIP,target_to_drug,CHEMBL4662938,720,720
DrugCLIP,target_to_drug,CHEMBL4662940,720,720
DrugCLIP,target_to_drug,CHEMBL4662941,720,720
DrugCLIP,target_to_drug,CHEMBL4662942,720,720
DrugCLIP,target_to_drug,CHEMBL4662944,720,720
DrugCLIP,target_to_drug,CHEMBL4665582,720,720
DrugCLIP,target_to_drug,CHEMBL4665584,720,720
DrugCLIP,target_to_drug,CHEMBL4665585,720,720
DrugCLIP,target_to_drug,CHEMBL4665586,720,720
DrugCLIP,target_to_drug,CHEMBL4677,720,720
DrugCLIP,target_to_drug,CHEMBL4683,720,720
DrugCLIP,target_to_drug,CHEMBL4685,720,720
DrugCLIP,target_to_drug,CHEMBL4692,720,720
DrugCLIP,target_to_drug,CHEMBL4703,720,720
DrugCLIP,target_to_drug,CHEMBL4722,720,720
DrugCLIP,target_to_drug,CHEMBL4770,720,720
DrugCLIP,target_to_drug,CHEMBL4791,720,720
DrugCLIP,target_to_drug,CHEMBL4794,720,720
DrugCLIP,target_to_drug,CHEMBL4801,720,720
DrugCLIP,target_to_drug,CHEMBL4804243,720,720
DrugCLIP,target_to_drug,CHEMBL4804246,720,720
DrugCLIP,target_to_drug,CHEMBL4804247,720,720
DrugCLIP,target_to_drug,CHEMBL4804258,720,720
DrugCLIP,target_to_drug,CHEMBL4805,720,720
DrugCLIP,target_to_drug,CHEMBL4816,720,720
DrugCLIP,target_to_drug,CHEMBL4822,720,720
DrugCLIP,target_to_drug,CHEMBL4860,720,720
DrugCLIP,target_to_drug,CHEMBL4876,720,720
DrugCLIP,target_to_drug,CHEMBL4895,720,720
DrugCLIP,target_to_drug,CHEMBL4898,720,720
DrugCLIP,target_to_drug,CHEMBL4899,720,720
DrugCLIP,target_to_drug,CHEMBL4915,720,720
DrugCLIP,target_to_drug,CHEMBL4917,720,720
DrugCLIP,target_to_drug,CHEMBL4929,720,720
DrugCLIP,target_to_drug,CHEMBL4937,720,720
DrugCLIP,target_to_drug,CHEMBL4954,720,720
DrugCLIP,target_to_drug,CHEMBL4956,720,720
DrugCLIP,target_to_drug,CHEMBL4979,720,720
DrugCLIP,target_to_drug,CHEMBL4998,720,720
DrugCLIP,target_to_drug,CHEMBL5024,720,720
DrugCLIP,target_to_drug,CHEMBL5122,720,720
DrugCLIP,target_to_drug,CHEMBL5141,720,720
DrugCLIP,target_to_drug,CHEMBL5145,720,720
DrugCLIP,target_to_drug,CHEMBL5147,720,720
DrugCLIP,target_to_drug,CHEMBL5163,720,720
DrugCLIP,target_to_drug,CHEMBL5167,720,720
DrugCLIP,target_to_drug,CHEMBL5174,720,720
DrugCLIP,target_to_drug,CHEMBL5191,720,720
DrugCLIP,target_to_drug,CHEMBL5202,720,720
DrugCLIP,target_to_drug,CHEMBL5216,720,720
DrugCLIP,target_to_drug,CHEMBL5251,720,720
DrugCLIP,target_to_drug,CHEMBL5255,720,720
DrugCLIP,target_to_drug,CHEMBL5274,720,720
DrugCLIP,target_to_drug,CHEMBL5275,720,720
DrugCLIP,target_to_drug,CHEMBL5285,720,720
DrugCLIP,target_to_drug,CHEMBL5287,720,720
DrugCLIP,target_to_drug,CHEMBL5305024,720,720
DrugCLIP,target_to_drug,CHEMBL5311,720,720
DrugCLIP,target_to_drug,CHEMBL5331,720,720
DrugCLIP,target_to_drug,CHEMBL5349,720,720
DrugCLIP,target_to_drug,CHEMBL5366,720,720
DrugCLIP,target_to_drug,CHEMBL5378,720,720
DrugCLIP,target_to_drug,CHEMBL5398,720,720
DrugCLIP,target_to_drug,CHEMBL5443,720,720
DrugCLIP,target_to_drug,CHEMBL5451,720,720
DrugCLIP,target_to_drug,CHEMBL5464,720,720
DrugCLIP,target_to_drug,CHEMBL5466,720,720
DrugCLIP,target_to_drug,CHEMBL5467,720,720
DrugCLIP,target_to_drug,CHEMBL5469,720,720
DrugCLIP,target_to_drug,CHEMBL5476,720,720
DrugCLIP,target_to_drug,CHEMBL5479,720,720
DrugCLIP,target_to_drug,CHEMBL5491,720,720
DrugCLIP,target_to_drug,CHEMBL5498501,720,720
DrugCLIP,target_to_drug,CHEMBL5498502,720,720
DrugCLIP,target_to_drug,CHEMBL5522,720,720
DrugCLIP,target_to_drug,CHEMBL5568,720,720
DrugCLIP,target_to_drug,CHEMBL5580,720,720
DrugCLIP,target_to_drug,CHEMBL5608,720,720
DrugCLIP,target_to_drug,CHEMBL5616,720,720
DrugCLIP,target_to_drug,CHEMBL5619,720,720
DrugCLIP,target_to_drug,CHEMBL5661,720,720
DrugCLIP,target_to_drug,CHEMBL5689,720,720
DrugCLIP,target_to_drug,CHEMBL5697,720,720
DrugCLIP,target_to_drug,CHEMBL5705,720,720
DrugCLIP,target_to_drug,CHEMBL5714,720,720
DrugCLIP,target_to_drug,CHEMBL5721,720,720
DrugCLIP,target_to_drug,CHEMBL5731,720,720
DrugCLIP,target_to_drug,CHEMBL5742,720,720
DrugCLIP,target_to_drug,CHEMBL5804,720,720
DrugCLIP,target_to_drug,CHEMBL5805,720,720
DrugCLIP,target_to_drug,CHEMBL5807,720,720
DrugCLIP,target_to_drug,CHEMBL5838,720,720
DrugCLIP,target_to_drug,CHEMBL5903,720,720
DrugCLIP,target_to_drug,CHEMBL5913,720,720
DrugCLIP,target_to_drug,CHEMBL5936,720,720
DrugCLIP,target_to_drug,CHEMBL5957,720,720
DrugCLIP,target_to_drug,CHEMBL5966,720,720
DrugCLIP,target_to_drug,CHEMBL5988,720,720
DrugCLIP,target_to_drug,CHEMBL5989,720,720
DrugCLIP,target_to_drug,CHEMBL6007,720,720
DrugCLIP,target_to_drug,CHEMBL6009,720,720
DrugCLIP,target_to_drug,CHEMBL6024,720,720
DrugCLIP,target_to_drug,CHEMBL6044,720,720
DrugCLIP,target_to_drug,CHEMBL6066101,720,720
DrugCLIP,target_to_drug,CHEMBL6093,720,720
DrugCLIP,target_to_drug,CHEMBL6120,720,720
DrugCLIP,target_to_drug,CHEMBL6136,720,720
DrugCLIP,target_to_drug,CHEMBL6157,720,720
DrugCLIP,drug_to_target,AAOVKJBEBIDNHE-UHFFFAOYSA-N,676,745
DrugCLIP,drug_to_target,ACRHBAYQBXXRTO-OAQYLSRUSA-N,676,745
DrugCLIP,drug_to_target,ACWBQPMHZXGDFX-QFIPXVFZSA-N,676,745
DrugCLIP,drug_to_target,ACWZRVQXLIRSDF-UHFFFAOYSA-N,676,745
DrugCLIP,drug_to_target,ADEBPBSSDYVVLD-UHFFFAOYSA-N,676,745
DrugCLIP,drug_to_target,AEXFXNFMSAAELR-RXVVDRJESA-N,676,745
DrugCLIP,drug_to_target,AFLFKFHDSCQHOL-IZZDOVSWSA-N,676,745
DrugCLIP,drug_to_target,AHJRHEGDXFFMBM-UHFFFAOYSA-N,676,745
DrugCLIP,drug_to_target,AHOUBRCZNHFOSL-YOEHRIQHSA-N,676,745
DrugCLIP,drug_to_target,AHYMHWXQRWRBKT-UHFFFAOYSA-N,676,745
DrugCLIP,drug_to_target,AILRADAXUVEEIR-UHFFFAOYSA-N,676,745
DrugCLIP,drug_to_target,AJIPIJNNOJSSQC-NYLIRDPKSA-N,676,745
DrugCLIP,drug_to_target,ALWKGYPQUAPLQC-UHFFFAOYSA-N,676,745
DrugCLIP,drug_to_target,ANGKOCUUWGHLCE-HKUYNNGSSA-N,676,745
DrugCLIP,drug_to_target,AOMXMOCNKJTRQP-UHFFFAOYSA-N,676,745
DrugCLIP,drug_to_target,AQHHHDLHHXJYJD-UHFFFAOYSA-N,676,745
DrugCLIP,drug_to_target,AQNDDEOPVVGCPG-UHFFFAOYSA-N,676,745
DrugCLIP,drug_to_target,AQOKCDNYWBIDND-FTOWTWDKSA-N,676,745
DrugCLIP,drug_to_target,ASMXXROZKSBQIH-VITNCHFBSA-N,676,745
DrugCLIP,drug_to_target,ASOADIZOVZTJSR-UHFFFAOYSA-N,676,745
DrugCLIP,drug_to_target,ASUTZQLVASHGKV-JDFRZJQESA-N,676,745
DrugCLIP,drug_to_target,ATALOFNDEOCMKK-OITMNORJSA-N,676,745
DrugCLIP,drug_to_target,AURFZBICLPNKBZ-SYBPFIFISA-N,676,745
DrugCLIP,drug_to_target,AVAACINZEOAHHE-VFZPANTDSA-N,676,745
DrugCLIP,drug_to_target,AXOIZCJOOAYSMI-UHFFFAOYSA-N,676,745
DrugCLIP,drug_to_target,AXQACEQYCPKDMV-RZAWKFBISA-N,676,745
DrugCLIP,drug_to_target,AYXYPKUFHZROOJ-ZETCQYMHSA-N,676,745
DrugCLIP,drug_to_target,AZSRSNUQCUDCGG-UHFFFAOYSA-N,676,745
DrugCLIP,drug_to_target,BALLNEJQLSTPIO-UHFFFAOYSA-N,676,745
DrugCLIP,drug_to_target,BARDROPHSZEBKC-OITMNORJSA-N,676,745
DrugCLIP,drug_to_target,BBAWEDCPNXPBQM-GDEBMMAJSA-N,676,745
DrugCLIP,drug_to_target,BCEHBSKCWLPMDN-MGPLVRAMSA-N,676,745
DrugCLIP,drug_to_target,BCFGMOOMADDAQU-UHFFFAOYSA-N,676,745
DrugCLIP,drug_to_target,BFDBKMOZYNOTPK-UHFFFAOYSA-N,676,745
DrugCLIP,drug_to_target,BFPYWIDHMRZLRN-SLHNCBLASA-N,676,745
DrugCLIP,drug_to_target,BFSMGDJOXZAERB-UHFFFAOYSA-N,676,745
DrugCLIP,drug_to_target,BGDKAVGWHJFAGW-UHFFFAOYSA-N,676,745
DrugCLIP,drug_to_target,BISPBXFUKNXOQY-RITPCOANSA-N,676,745
DrugCLIP,drug_to_target,BLIJXOOIHRSQRB-PXYINDEMSA-N,676,745
DrugCLIP,drug_to_target,BLJRIMJGRPQVNF-JTQLQIEISA-N,676,745
DrugCLIP,drug_to_target,BMEARIQHWSVDBS-SNVBAGLBSA-N,676,745
DrugCLIP,drug_to_target,BMGQWWVMWDBQGC-IIFHNQTCSA-N,676,745
DrugCLIP,drug_to_target,BMKDZUISNHGIBY-ZETCQYMHSA-N,676,745
DrugCLIP,drug_to_target,BMPDWHIDQYTSHX-AWEZNQCLSA-N,676,745
DrugCLIP,drug_to_target,BMPDWHIDQYTSHX-UHFFFAOYSA-N,676,745
DrugCLIP,drug_to_target,BNRNXUUZRGQAQC-UHFFFAOYSA-N,676,745
DrugCLIP,drug_to_target,BPKAHTKRCLCHEA-UBFJEZKGSA-N,676,745
DrugCLIP,drug_to_target,BPQMGSKTAYIVFO-UHFFFAOYSA-N,676,745
DrugCLIP,drug_to_target,BPRHUIZQVSMCRT-VEUZHWNKSA-N,676,745
DrugCLIP,drug_to_target,BPZSYCZIITTYBL-YJYMSZOUSA-N,676,745
DrugCLIP,drug_to_target,BQEJAAIPKDQEPV-MXHGPKCJSA-N,676,745
DrugCLIP,drug_to_target,BQJCRHHNABKAKU-KBQPJGBKSA-N,676,745
DrugCLIP,drug_to_target,BQSJTQLCZDPROO-UHFFFAOYSA-N,676,745
DrugCLIP,drug_to_target,BRUQQQPBMZOVGD-XFKAJCMBSA-N,676,745
DrugCLIP,drug_to_target,BSMCAPRUBJMWDF-KRWDZBQOSA-N,676,745
DrugCLIP,drug_to_target,BSYNRYMUTXBXSQ-UHFFFAOYSA-N,676,745
DrugCLIP,drug_to_target,BTBHLEZXCOBLCY-QGZVFWFLSA-N,676,745
DrugCLIP,drug_to_target,BTCRKOKVYTVOLU-SJSRKZJXSA-N,676,745
DrugCLIP,drug_to_target,BUGYDGFZZOZRHP-UHFFFAOYSA-N,676,745
DrugCLIP,drug_to_target,BYBLEWFAAKGYCD-UHFFFAOYSA-N,676,745
DrugCLIP,drug_to_target,BZZKEPGENYLQSC-FIBGUPNXSA-N,676,745
DrugCLIP,drug_to_target,BZZKEPGENYLQSC-UHFFFAOYSA-N,676,745
DrugCLIP,drug_to_target,CAVRKWRKTNINFF-UHFFFAOYSA-N,676,745
DrugCLIP,drug_to_target,CBRJPFGIXUFMTM-WDEREUQCSA-N,676,745
DrugCLIP,drug_to_target,CEFJVGZHQAGLHS-UHFFFAOYSA-N,676,745
DrugCLIP,drug_to_target,CEUORZQYGODEFX-UHFFFAOYSA-N,676,745
DrugCLIP,drug_to_target,CGIGDMFJXJATDK-UHFFFAOYSA-N,676,745
DrugCLIP,drug_to_target,CJBJHOAVZSMMDJ-HEXNFIEUSA-N,676,745
DrugCLIP,drug_to_target,CJOFXWAVKWHTFT-XSFVSMFZSA-N,676,745
DrugCLIP,drug_to_target,CMHHMUWAYWTMGS-UHFFFAOYSA-N,676,745
DrugCLIP,drug_to_target,CMJCXYNUCSMDBY-ZDUSSCGKSA-N,676,745
DrugCLIP,drug_to_target,CMWTZPSULFXXJA-VIFPVBQESA-N,676,745
DrugCLIP,drug_to_target,COUYJEVMBVSIHV-SFHVURJKSA-N,676,745
DrugCLIP,drug_to_target,CPZBLNMUGSZIPR-NVXWUHKLSA-N,676,745
DrugCLIP,drug_to_target,CSKDFZIMJXRJGH-VWLPUNTISA-N,676,745
DrugCLIP,drug_to_target,CSOBIBXVIYAXFM-BYNJWEBRSA-N,676,745
DrugCLIP,drug_to_target,CTRLABGOLIVAIY-UHFFFAOYSA-N,676,745
DrugCLIP,drug_to_target,CUHVIMMYOGQXCV-NSHDSACASA-N,676,745
DrugCLIP,drug_to_target,CUIHSIWYWATEQL-UHFFFAOYSA-N,676,745
DrugCLIP,drug_to_target,CVWXJKQAOSCOAB-UHFFFAOYSA-N,676,745
DrugCLIP,drug_to_target,CXOFVDLJLONNDW-UHFFFAOYSA-N,676,745
DrugCLIP,drug_to_target,CXOXHMZGEKVPMT-UHFFFAOYSA-N,676,745
DrugCLIP,drug_to_target,CYHWMBVXXDIZNZ-KRWDZBQOSA-N,676,745
DrugCLIP,drug_to_target,CYOHGALHFOKKQC-UHFFFAOYSA-N,676,745
DrugCLIP,drug_to_target,CYQFCXCEBYINGO-IAGOWNOFSA-N,676,745
DrugCLIP,drug_to_target,CZFFBEXEKNGXKS-UHFFFAOYSA-N,676,745
DrugCLIP,drug_to_target,CZGVOBIGEBDYTP-VSGBNLITSA-N,676,745
DrugCLIP,drug_to_target,DBABZHXKTCFAPX-UHFFFAOYSA-N,676,745
DrugCLIP,drug_to_target,DBEPLOCGEIEOCV-WSBQPABSSA-N,676,745
DrugCLIP,drug_to_target,DBGIVFWFUFKIQN-UHFFFAOYSA-N,676,745
DrugCLIP,drug_to_target,DCCSDBARQIPTGU-HSZRJFAPSA-N,676,745
DrugCLIP,drug_to_target,DCOPUUMXTXDBNB-UHFFFAOYSA-N,676,745
DrugCLIP,drug_to_target,DDFOUSQFMYRUQK-RCDICMHDSA-N,676,745
DrugCLIP,drug_to_target,DDLIGBOFAVUZHB-UHFFFAOYSA-N,676,745
DrugCLIP,drug_to_target,DDOOFTLHJSMHLN-ZQHRPCGSSA-N,676,745
DrugCLIP,drug_to_target,DEVSOMFAQLZNKR-RJRFIUFISA-N,676,745
DrugCLIP,drug_to_target,DHHVAGZRUROJKS-UHFFFAOYSA-N,676,745
DrugCLIP,drug_to_target,DHMTURDWPRKSOA-RUZDIDTESA-N,676,745
DrugCLIP,drug_to_target,DHSUYTOATWAVLW-WFVMDLQDSA-N,676,745
DrugCLIP,drug_to_target,DIWRORZWFLOCLC-UHFFFAOYSA-N,676,745
DrugCLIP,drug_to_target,DJXRIQMCROIRCZ-XOEOCAAJSA-N,676,745
DrugCLIP,drug_to_target,DKNWSYNQZKUICI-UHFFFAOYSA-N,676,745
DrugCLIP,drug_to_target,DKULOVKANLVDEA-UHFFFAOYSA-N,676,745
DrugCLIP,drug_to_target,DKYWVDODHFEZIM-UHFFFAOYSA-N,676,745
DrugCLIP,drug_to_target,DMJNNHOOLUXYBV-PQTSNVLCSA-N,676,745
DrugCLIP,drug_to_target,DMKSVUSAATWOCU-HROMYWEYSA-N,676,745
DrugCLIP,drug_to_target,DMNOVGJWPASQDL-OAQYLSRUSA-N,676,745
DrugCLIP,drug_to_target,DOBNVUFHFMVMDB-BEFAXECRSA-N,676,745
DrugCLIP,drug_to_target,DOMXUEMWDBAQBQ-WEVVVXLNSA-N,676,745
DrugCLIP,drug_to_target,DOUYETYNHWVLEO-UHFFFAOYSA-N,676,745
DrugCLIP,drug_to_target,DQCKKXVULJGBQN-XFWGSAIBSA-N,676,745
DrugCLIP,drug_to_target,DRHKJLXJIQTDTD-OAHLLOKOSA-N,676,745
DrugCLIP,drug_to_target,DTGLZDAWLRGWQN-UHFFFAOYSA-N,676,745
DrugCLIP,drug_to_target,DUGOZIWVEXMGBE-CHWSQXEVSA-N,676,745
DrugCLIP,drug_to_target,DUXZAXCGJSBGDW-HXUWFJFHSA-N,676,745
DrugCLIP,drug_to_target,DUYJMQONPNNFPI-UHFFFAOYSA-N,676,745
DrugCLIP,drug_to_target,DWRIJNIPBUFCQS-DQEYMECFSA-N,676,745
DrugCLIP,drug_to_target,DWYRIWUZIJHQKQ-SANMLTNESA-N,676,745
DrugCLIP,drug_to_target,DWZAEMINVBZMHQ-UHFFFAOYSA-N,676,745
DrugCLIP,drug_to_target,DYDCPNMLZGFQTM-UHFFFAOYSA-N,676,745
DrugCLIP,drug_to_target,DYKFCLLONBREIL-KVUCHLLUSA-N,676,745
DrugCLIP,drug_to_target,DYLUUSLLRIQKOE-UHFFFAOYSA-N,676,745
DrugCLIP,drug_to_target,FABPRXSRWADJSP-MEDUHNTESA-N,676,745
DrugCLIP,drug_to_target,FABUFPQFXZVHFB-PVYNADRNSA-N,676,745
DrugCLIP,drug_to_target,FAEKWTJYAYMJKF-QHCPKHFHSA-N,676,745
DrugCLIP,drug_to_target,FASDKYOPVNHBLU-ZETCQYMHSA-N,676,745
DrugCLIP,drug_to_target,FBHSPRKOSMHSIF-GRMWVWQJSA-N,676,745
DrugCLIP,drug_to_target,FBOUYBDGKBSUES-VXKWHMMOSA-N,676,745
DrugCLIP,drug_to_target,FDBYIYFVSAHJLY-UHFFFAOYSA-N,676,745
DrugCLIP,drug_to_target,FDLYAMZZIXQODN-UHFFFAOYSA-N,676,745
DrugCLIP,drug_to_target,FDTZUTSGGSRHQF-UHFFFAOYSA-N,676,745
DrugCLIP,drug_to_target,FELGMEQIXOGIFQ-UHFFFAOYSA-N,676,745
DrugCLIP,drug_to_target,FFGPTBGBLSHEPO-UHFFFAOYSA-N,676,745
DrugCLIP,drug_to_target,FGQFOYHRJSUHMR-UHFFFAOYSA-N,676,745
DrugCLIP,drug_to_target,FIDLLEYNNRGVFR-CTNGQTDRSA-N,676,745
DrugCLIP,drug_to_target,FIKPXCOQUIZNHB-WDEREUQCSA-N,676,745
DrugCLIP,drug_to_target,FIVSJYGQAIEMOC-ZGNKEGEESA-N,676,745
DrugCLIP,drug_to_target,FJHBVJOVLFPMQE-QFIPXVFZSA-N,676,745
DrugCLIP,drug_to_target,FJZZPCZKBUKGGU-AUSIDOKSSA-N,676,745
DrugCLIP,drug_to_target,FKENQMMABCRJMK-RITPCOANSA-N,676,745
DrugCLIP,drug_to_target,FLSUCZWOEMTFAQ-PRBGKLEPSA-N,676,745
DrugCLIP,drug_to_target,FNHKPVJBJVTLMP-UHFFFAOYSA-N,676,745
DrugCLIP,drug_to_target,FNKQXYHWGSIFBK-RPDRRWSUSA-N,676,745
DrugCLIP,drug_to_target,FPOHNWQLNRZRFC-ZHACJKMWSA-N,676,745
DrugCLIP,drug_to_target,FRVSRBKUQZKTOW-YOCNBXQISA-N,676,745
DrugCLIP,drug_to_target,FTALBRSUTCGOEG-UHFFFAOYSA-N,676,745
DrugCLIP,drug_to_target,FVTWTVQXNAJTQP-UHFFFAOYSA-N,676,745
DrugCLIP,drug_to_target,FWLMVFUGMHIOAA-UHFFFAOYSA-N,676,745
DrugCLIP,drug_to_target,FWYSMLBETOMXAG-QHCPKHFHSA-N,676,745
DrugCLIP,drug_to_target,FWZAWAUZXYCBKZ-NSHDSACASA-N,676,745
DrugCLIP,drug_to_target,FYDWDCIFZSGNBU-UHFFFAOYSA-N,676,745
DrugCLIP,drug_to_target,FYMHQCNFKNMJAV-HOTGVXAUSA-N,676,745
DrugCLIP,drug_to_target,GBLBJPZSROAGMF-RWYJCYHVSA-N,676,745
DrugCLIP,drug_to_target,GBXSMTUPTTWBMN-XIRDDKMYSA-N,676,745
DrugCLIP,drug_to_target,GCKFUYQCUCGESZ-BPIQYHPVSA-N,676,745
DrugCLIP,drug_to_target,GDLBFKVLRPITMI-UHFFFAOYSA-N,676,745
DrugCLIP,drug_to_target,GEJDGVNQKABXKG-CFKGEZKQSA-N,676,745
DrugCLIP,drug_to_target,GFHAXPJGXSQLPT-VIFPVBQESA-N,676,745
DrugCLIP,drug_to_target,GFNANZIMVAIWHM-OBYCQNJPSA-N,676,745
DrugCLIP,drug_to_target,GGCSSNBKKAUURC-UHFFFAOYSA-N,676,745
DrugCLIP,drug_to_target,GGXICVAJURFBLW-CEYXHVGTSA-N,676,745
DrugCLIP,drug_to_target,GHILNKWBALQPDP-UHFFFAOYSA-N,676,745
DrugCLIP,drug_to_target,GJJFMKBJSRMPLA-DZGCQCFKSA-N,676,745
DrugCLIP,drug_to_target,GJPICJJJRGTNOD-UHFFFAOYSA-N,676,745
DrugCLIP,drug_to_target,GJSURZIOUXUGAL-UHFFFAOYSA-N,676,745
DrugCLIP,drug_to_target,GKCBAIGFKIBETG-UHFFFAOYSA-N,676,745
DrugCLIP,drug_to_target,GKHIVNAUVKXIIY-UHFFFAOYSA-N,676,745
DrugCLIP,drug_to_target,GLYMPHUVMRFTFV-QLFBSQMISA-N,676,745
DrugCLIP,drug_to_target,GMRQFYUYWCNGIN-NKMMMXOESA-N,676,745
DrugCLIP,drug_to_target,GNXFOGHNGIVQEH-UHFFFAOYSA-N,676,745
DrugCLIP,drug_to_target,GOTYRUGSSMKFNF-UHFFFAOYSA-N,676,745
DrugCLIP,drug_to_target,GPNHMOZDMYNCPO-PDUMRIMRSA-N,676,745
DrugCLIP,drug_to_target,GPXBXXGIAQBQNI-UHFFFAOYSA-N,676,745
DrugCLIP,drug_to_target,GXJABQQUPOEUTA-RDJZCZTQSA-N,676,745
DrugCLIP,drug_to_target,GXXLUDOKHXEFBQ-YJFSRANCSA-N,676,745
DrugCLIP,drug_to_target,GYDJEQRTZSCIOI-LJGSYFOKSA-N,676,745
DrugCLIP,drug_to_target,GYHCTFXIZSNGJT-UHFFFAOYSA-N,676,745
DrugCLIP,drug_to_target,GYQYAJJFPNQOOW-UHFFFAOYSA-N,676,745
DrugCLIP,drug_to_target,GZOSMCIZMLWJML-VJLLXTKPSA-N,676,745
DrugCLIP,drug_to_target,GZUITABIAKMVPG-UHFFFAOYSA-N,676,745
DrugCLIP,drug_to_target,HARRKNSQXBRBGZ-GVKWWOCJSA-N,676,745
DrugCLIP,drug_to_target,HAYYBYPASCDWEQ-UHFFFAOYSA-N,676,745
DrugCLIP,drug_to_target,HBOMLICNUCNMMY-XLPZGREQSA-N,676,745
DrugCLIP,drug_to_target,HCDMJFOHIXMBOV-UHFFFAOYSA-N,676,745
DrugCLIP,drug_to_target,HCFDWZZGGLSKEP-UHFFFAOYSA-N,676,745
DrugCLIP,drug_to_target,HCRKCZRJWPKOAR-JTQLQIEISA-N,676,745
DrugCLIP,drug_to_target,HDACQVRGBOVJII-JBDAPHQKSA-N,676,745
DrugCLIP,drug_to_target,HEAUOKZIVMZVQL-VWLOTQADSA-N,676,745
DrugCLIP,drug_to_target,HEFNNWSXXWATRW-UHFFFAOYSA-N,676,745
DrugCLIP,drug_to_target,HEVHTYMYEMEBPX-HZPDHXFCSA-N,676,745
DrugCLIP,drug_to_target,HFNKQEVNSGCOJV-OAHLLOKOSA-N,676,745
DrugCLIP,drug_to_target,HFZITXBUTWITPT-YWVKMMECSA-N,676,745
DrugCLIP,drug_to_target,HGVDHZBSSITLCT-JLJPHGGASA-N,676,745
DrugCLIP,drug_to_target,HHZIURLSWUIHRB-UHFFFAOYSA-N,676,745
DrugCLIP,drug_to_target,HIFJCPQKFCZDDL-ACWOEMLNSA-N,676,745
DrugCLIP,drug_to_target,HJBWBFZLDZWPHF-UHFFFAOYSA-N,676,745
DrugCLIP,drug_to_target,HKDLNTKNLJPAIY-WKWWZUSTSA-N,676,745
DrugCLIP,drug_to_target,HKHCSWPSUSWGLI-CABCVRRESA-N,676,745
DrugCLIP,drug_to_target,HKXBNHCUPKIYDM-CGMHZMFXSA-N,676,745
DrugCLIP,drug_to_target,HMABYWSNWIZPAG-UHFFFAOYSA-N,676,745
DrugCLIP,drug_to_target,HNPFPERDNWXAGS-NFVOFSAMSA-N,676,745
DrugCLIP,drug_to_target,HOIIHACBCFLJET-SFTDATJTSA-N,676,745
DrugCLIP,drug_to_target,HPHUVLMMVZITSG-LURJTMIESA-N,676,745
DrugCLIP,drug_to_target,HPJKCIUCZWXJDR-UHFFFAOYSA-N,676,745
DrugCLIP,drug_to_target,HPNSFSBZBAHARI-RUDMXATFSA-N,676,745
DrugCLIP,drug_to_target,HSUGRBWQSSZJOP-RTWAWAEBSA-N,676,745
DrugCLIP,drug_to_target,HTIQEAQVCYTUBX-KRWDZBQOSA-N,676,745
DrugCLIP,drug_to_target,HTIQEAQVCYTUBX-UHFFFAOYSA-N,676,745
DrugCLIP,drug_to_target,HUNGUWOZPQBXGX-UHFFFAOYSA-N,676,745
DrugCLIP,drug_to_target,HVFLCNVBZFFHBT-ZKDACBOMSA-N,676,745
DrugCLIP,drug_to_target,HWGQMRYQVZSGDQ-HZPDHXFCSA-N,676,745
DrugCLIP,drug_to_target,HWXVIOGONBBTBY-ONEGZZNKSA-N,676,745
DrugCLIP,drug_to_target,HYAFETHFCAUJAY-UHFFFAOYSA-N,676,745
DrugCLIP,drug_to_target,HYHMLYSLQUKXKP-UHFFFAOYSA-N,676,745
DrugCLIP,drug_to_target,HZIYEEMJNBKMJH-UHFFFAOYSA-N,676,745
DrugCLIP,drug_to_target,IAKHMKGGTNLKSZ-INIZCTEOSA-N,676,745
DrugCLIP,drug_to_target,IAVUPMFITXYVAF-XPUUQOCRSA-N,676,745
DrugCLIP,drug_to_target,IDUYJRXRDSPPRC-NRFANRHFSA-N,676,745
DrugCLIP,drug_to_target,IEAKXXNRGSLYTQ-DEOSSOPVSA-N,676,745
DrugCLIP,drug_to_target,IFSDAJWBUCMOAH-HNNXBMFYSA-N,676,745
DrugCLIP,drug_to_target,IIXWYSCJSQVBQM-LLVKDONJSA-N,676,745
DrugCLIP,drug_to_target,IKENVDNFQMCRTR-UHFFFAOYSA-N,676,745
DrugCLIP,drug_to_target,IKKXOSBHLYMWAE-QRPMWFLTSA-N,676,745
DrugCLIP,drug_to_target,IMOZEMNVLZVGJZ-QGZVFWFLSA-N,676,745
DrugCLIP,drug_to_target,INJOMKTZOLKMBF-UHFFFAOYSA-N,676,745
DrugCLIP,drug_to_target,IOOWNWLVCOUUEX-WPRPVWTQSA-N,676,745
DrugCLIP,drug_to_target,IPOKCKJONYRRHP-FMQUCBEESA-N,676,745
DrugCLIP,drug_to_target,IPVQLZZIHOAWMC-QXKUPLGCSA-N,676,745
DrugCLIP,drug_to_target,IQFYYKKMVGJFEH-CSMHCCOUSA-N,676,745
DrugCLIP,drug_to_target,IQIBKLWBVJPOQO-UHFFFAOYSA-N,676,745
DrugCLIP,drug_to_target,IQPSEEYGBUAQFF-UHFFFAOYSA-N,676,745
DrugCLIP,drug_to_target,IQVRBWUUXZMOPW-PKNBQFBNSA-N,676,745
DrugCLIP,drug_to_target,IRSCQMHQWWYFCW-UHFFFAOYSA-N,676,745
DrugCLIP,drug_to_target,IUBSYMUCCVWXPE-UHFFFAOYSA-N,676,745
DrugCLIP,drug_to_target,IUEWXNHSKRWHDY-PHIMTYICSA-N,676,745
DrugCLIP,drug_to_target,IVBHGBMCVLDMKU-GXNBUGAJSA-N,676,745
DrugCLIP,drug_to_target,IYIKLHRQXLHMJQ-UHFFFAOYSA-N,676,745
DrugCLIP,drug_to_target,IYSYPCSSDZBWHN-UHFFFAOYSA-N,676,745
DrugCLIP,drug_to_target,JAUOIFJMECXRGI-UHFFFAOYSA-N,676,745
DrugCLIP,drug_to_target,JBIMVDZLSHOPLA-LSCVHKIXSA-N,676,745
DrugCLIP,drug_to_target,JBKPUQTUERUYQE-UHFFFAOYSA-O,676,745
DrugCLIP,drug_to_target,JCCNYMKQOSZNPW-UHFFFAOYSA-N,676,745
DrugCLIP,drug_to_target,JDUBGYFRJFOXQC-KRWDZBQOSA-N,676,745
DrugCLIP,drug_to_target,JEECQCWWSTZDCK-IQZGDKDPSA-N,676,745
DrugCLIP,drug_to_target,JFOZKMSJYSPYLN-QHCPKHFHSA-N,676,745
DrugCLIP,drug_to_target,JGCMEBMXRHSZKX-UHFFFAOYSA-N,676,745
DrugCLIP,drug_to_target,JGRXMPYUTJLTKT-UHFFFAOYSA-N,676,745
DrugCLIP,drug_to_target,JGWRKYUXBBNENE-UHFFFAOYSA-N,676,745
DrugCLIP,drug_to_target,JIVPVXMEBJLZRO-UHFFFAOYSA-N,676,745
DrugCLIP,drug_to_target,JJVAPHYEOZSKJZ-JGCGQSQUSA-N,676,745
DrugCLIP,drug_to_target,JKVNJTYHRABHIY-WXVUKLJWSA-N,676,745
DrugCLIP,drug_to_target,JOLJIIDDOBNFHW-UHFFFAOYSA-N,676,745
DrugCLIP,drug_to_target,JOOXLOJCABQBSG-UHFFFAOYSA-N,676,745
DrugCLIP,drug_to_target,JQSHBVHOMNKWFT-DTORHVGOSA-N,676,745
DrugCLIP,drug_to_target,JURKNVYFZMSNLP-UHFFFAOYSA-N,676,745
DrugCLIP,drug_to_target,JUZYLCPPVHEVSV-LJQANCHMSA-N,676,745
DrugCLIP,drug_to_target,JVHXJTBJCFBINQ-ADAARDCZSA-N,676,745
DrugCLIP,drug_to_target,JVLBPIPGETUEET-WIXLDOGYSA-O,676,745
DrugCLIP,drug_to_target,JWHYSEDOYMYMNM-QGZVFWFLSA-N,676,745
DrugCLIP,drug_to_target,JWJOTENAMICLJG-QWBYCMEYSA-N,676,745
DrugCLIP,drug_to_target,JWNPDZNEKVCWMY-VQHVLOKHSA-N,676,745
DrugCLIP,drug_to_target,JWUBBDSIWDLEOM-DTOXIADCSA-N,676,745
DrugCLIP,drug_to_target,JYGXADMDTFJGBT-VWUMJDOOSA-N,676,745
DrugCLIP,drug_to_target,JYTNQNCOQXFQPK-MRXNPFEDSA-N,676,745
DrugCLIP,drug_to_target,JZUFKLXOESDKRF-UHFFFAOYSA-N,676,745
DrugCLIP,drug_to_target,KAQKFAOMNZTLHT-OZUDYXHBSA-N,676,745
DrugCLIP,drug_to_target,KBOPZPXVLCULAV-UHFFFAOYSA-N,676,745
DrugCLIP,drug_to_target,KDGFLJKFZUIJMX-UHFFFAOYSA-N,676,745
DrugCLIP,drug_to_target,KDLRVYVGXIQJDK-AWPVFWJPSA-N,676,745
DrugCLIP,drug_to_target,KEDYTOTWMPBSLG-HILJTLORSA-N,676,745
DrugCLIP,drug_to_target,KEIPNCCJPRMIAX-HNNXBMFYSA-N,676,745
DrugCLIP,drug_to_target,KENSGCYKTRNIST-RVUAFKSESA-N,676,745
DrugCLIP,drug_to_target,KFQYTPMOWPVWEJ-INIZCTEOSA-N,676,745
DrugCLIP,drug_to_target,KGFYHTZWPPHNLQ-AWEZNQCLSA-N,676,745
DrugCLIP,drug_to_target,KGSXMPPBFPAXLY-UHFFFAOYSA-N,676,745
DrugCLIP,drug_to_target,KIHYPELVXPAIDH-HNSNBQBZSA-N,676,745
DrugCLIP,drug_to_target,KIQXRQVVYTYYAZ-VKVYFNERSA-N,676,745
DrugCLIP,drug_to_target,KJADKKWYZYXHBB-XBWDGYHZSA-N,676,745
DrugCLIP,drug_to_target,KJFBVJALEQWJBS-XUXIUFHCSA-N,676,745
DrugCLIP,drug_to_target,KJHKTHWMRKYKJE-SUGCFTRWSA-N,676,745
DrugCLIP,drug_to_target,KKGQTZUTZRNORY-UHFFFAOYSA-N,676,745
DrugCLIP,drug_to_target,KPBZROQVTHLCDU-UHFFFAOYSA-N,676,745
DrugCLIP,drug_to_target,KPVIXBKIJXZQJX-CSOZIWFHSA-N,676,745
DrugCLIP,drug_to_target,KPWSJANDNDDRMB-QAQDUYKDSA-N,676,745
DrugCLIP,drug_to_target,KPYSYYIEGFHWSV-UHFFFAOYSA-N,676,745
DrugCLIP,drug_to_target,KQKPFRSPSRPDEB-UHFFFAOYSA-N,676,745
DrugCLIP,drug_to_target,KRNAOFGYEFKHPB-ANJVHQHFSA-N,676,745
DrugCLIP,drug_to_target,KSGXQBZTULBEEQ-UHFFFAOYSA-N,676,745
DrugCLIP,drug_to_target,KSMAGQUYOIHWFS-UHFFFAOYSA-N,676,745
DrugCLIP,drug_to_target,KTEIFNKAUNYNJU-GFCCVEGCSA-N,676,745
DrugCLIP,drug_to_target,KTUFNOKKBVMGRW-UHFFFAOYSA-N,676,745
DrugCLIP,drug_to_target,KVWDHTXUZHCGIO-UHFFFAOYSA-N,676,745
DrugCLIP,drug_to_target,KWGRBVOPPLSCSI-WCBMZHEXSA-N,676,745
DrugCLIP,drug_to_target,KWGRBVOPPLSCSI-WPRPVWTQSA-N,676,745
DrugCLIP,drug_to_target,KWTSXDURSIMDCE-QMMMGPOBSA-N,676,745
DrugCLIP,drug_to_target,KWTSXDURSIMDCE-UHFFFAOYSA-N,676,745
DrugCLIP,drug_to_target,KWTWDQCKEHXFFR-SMDDNHRTSA-N,676,745
DrugCLIP,drug_to_target,KXNPVXPOPUZYGB-IOVMHBDKSA-N,676,745
DrugCLIP,drug_to_target,KYYIDSXMWOZKMP-UHFFFAOYSA-N,676,745
DrugCLIP,drug_to_target,LCQLHJZYVOQKHU-VKHMYHEASA-N,676,745
DrugCLIP,drug_to_target,LDCRTTXIJACKKU-ONEGZZNKSA-N,676,745
DrugCLIP,drug_to_target,LDEKQSIMHVQZJK-CAQYMETFSA-N,676,745
DrugCLIP,drug_to_target,LEBVLXFERQHONN-UHFFFAOYSA-N,676,745
DrugCLIP,drug_to_target,LERNTVKEWCAPOY-DZZGSBJMSA-N,676,745
DrugCLIP,drug_to_target,LEZWWPYKPKIXLL-UHFFFAOYSA-N,676,745
DrugCLIP,drug_to_target,LFQDNHWZDQTITF-UHFFFAOYSA-N,676,745
DrugCLIP,drug_to_target,LHHCSNFAOIFYRV-DOVBMPENSA-N,676,745
DrugCLIP,drug_to_target,LIENCHBZNNMNKG-OJFNHCPVSA-N,676,745
DrugCLIP,drug_to_target,LIOLIMKSCNQPLV-UHFFFAOYSA-N,676,745
DrugCLIP,drug_to_target,LIRYPHYGHXZJBZ-UHFFFAOYSA-N,676,745
DrugCLIP,drug_to_target,LKJPYSCBVHEWIU-UHFFFAOYSA-N,676,745
DrugCLIP,drug_to_target,LLPOLZWFYMWNKH-CMKMFDCUSA-N,676,745
DrugCLIP,drug_to_target,LMMJFBMMJUMSJS-UHFFFAOYSA-N,676,745
DrugCLIP,drug_to_target,LOMMPXLFBTZENJ-ZACQAIPSSA-N,676,745
DrugCLIP,drug_to_target,LOUPRKONTZGTKE-LHHVKLHASA-N,676,745
DrugCLIP,drug_to_target,LOWWYYZBZNSPDT-ZBEGNZNMSA-N,676,745
DrugCLIP,drug_to_target,LPAUOXUZGSBGDU-STDDISTJSA-N,676,745
DrugCLIP,drug_to_target,LPQZKKCYTLCDGQ-WEDXCCLWSA-N,676,745
DrugCLIP,drug_to_target,LRFKWQGGENFBFO-IBGZPJMESA-N,676,745
DrugCLIP,drug_to_target,LSQZJLSUYDQPKJ-NJBDSQKTSA-N,676,745
DrugCLIP,drug_to_target,LTXBFJFJUIJOQE-GOSISDBHSA-N,676,745
DrugCLIP,drug_to_target,LTXREWYXXSTFRX-QGZVFWFLSA-N,676,745
DrugCLIP,drug_to_target,LUKZNWIVRBCLON-GXOBDPJESA-N,676,745
DrugCLIP,drug_to_target,LUMKNAVTFCDUIE-VHXPQNKSSA-N,676,745
DrugCLIP,drug_to_target,LUZRJRNZXALNLM-JGRZULCMSA-N,676,745
DrugCLIP,drug_to_target,LVXJQMNHJWSHET-AATRIKPKSA-N,676,745
DrugCLIP,drug_to_target,LWQQLNNNIPYSNX-UROSTWAQSA-N,676,745
DrugCLIP,drug_to_target,LXBIFEVIBLOUGU-DPYQTVNSSA-N,676,745
DrugCLIP,drug_to_target,LXMSZDCAJNLERA-ZHYRCANASA-N,676,745
DrugCLIP,drug_to_target,LZFZMUMEGBBDTC-QEJZJMRPSA-N,676,745
DrugCLIP,drug_to_target,MAEIEVLCKWDQJH-UHFFFAOYSA-N,676,745
DrugCLIP,drug_to_target,MBBCVAKAJPKAKM-UHFFFAOYSA-N,676,745
DrugCLIP,drug_to_target,MBUVEWMHONZEQD-UHFFFAOYSA-N,676,745
DrugCLIP,drug_to_target,MCGSCOLBFJQGHM-SCZZXKLOSA-N,676,745
DrugCLIP,drug_to_target,MCIACXAZCBVDEE-CUUWFGFTSA-N,676,745
DrugCLIP,drug_to_target,MDSQOJYHHZBZKA-GBXCKJPGSA-N,676,745
DrugCLIP,drug_to_target,MEJLVLMAJJRLCR-GCCNXGTGSA-N,676,745
DrugCLIP,drug_to_target,METQSPRSQINEEU-HXCATZOESA-N,676,745
DrugCLIP,drug_to_target,MEZLKOACVSPNER-GFCCVEGCSA-N,676,745
DrugCLIP,drug_to_target,MFBCDACCJCDGBA-UHFFFAOYSA-N,676,745
DrugCLIP,drug_to_target,MFFMDFFZMYYVKS-SECBINFHSA-N,676,745
DrugCLIP,drug_to_target,MJIHNNLFOKEZEW-RUZDIDTESA-N,676,745
DrugCLIP,drug_to_target,MJIHNNLFOKEZEW-UHFFFAOYSA-N,676,745
DrugCLIP,drug_to_target,MJUVRTYWUMPBTR-MRXNPFEDSA-N,676,745
DrugCLIP,drug_to_target,MKJIEFSOBYUXJB-HOCLYGCPSA-N,676,745
DrugCLIP,drug_to_target,MKJIEFSOBYUXJB-WEZHFFAMSA-N,676,745
DrugCLIP,drug_to_target,MKPLKVHSHYCHOC-AHTXBMBWSA-N,676,745
DrugCLIP,drug_to_target,MKUXAQIIEYXACX-UHFFFAOYSA-N,676,745
DrugCLIP,drug_to_target,MKXZASYAUGDDCJ-NJAFHUGGSA-N,676,745
DrugCLIP,drug_to_target,MLBVMOWEQCZNCC-OEMFJLHTSA-N,676,745
DrugCLIP,drug_to_target,MLDQJTXFUGDVEO-UHFFFAOYSA-N,676,745
DrugCLIP,drug_to_target,MLYYVTUWGNIJIB-BXKDBHETSA-N,676,745
DrugCLIP,drug_to_target,MNDBXUUTURYVHR-UHFFFAOYSA-N,676,745
DrugCLIP,drug_to_target,MOTJMGVDPWRKOC-QPVYNBJUSA-N,676,745
DrugCLIP,drug_to_target,MOYKHGMNXAOIAT-JGWLITMVSA-N,676,745
DrugCLIP,drug_to_target,MQJKPEGWNLWLTK-UHFFFAOYSA-N,676,745
DrugCLIP,drug_to_target,MQOBSOSZFYZQOK-UHFFFAOYSA-N,676,745
DrugCLIP,drug_to_target,MRBDMNSDAVCSSF-UHFFFAOYSA-N,676,745
DrugCLIP,drug_to_target,MSYKRHVOOPPJKU-BDAKNGLRSA-N,676,745
DrugCLIP,drug_to_target,MUGXRYIUWFITCP-PGRDOPGGSA-N,676,745
DrugCLIP,drug_to_target,MUMGGOZAMZWBJJ-DYKIIFRCSA-N,676,745
DrugCLIP,drug_to_target,MVGWUTBTXDYMND-QGZVFWFLSA-N,676,745
DrugCLIP,drug_to_target,MVRHVFSOIWFBTE-INIZCTEOSA-N,676,745
DrugCLIP,drug_to_target,MVWVFYHBGMAFLY-UHFFFAOYSA-N,676,745
DrugCLIP,drug_to_target,MWKYMZXCGYXLPL-ZDUSSCGKSA-N,676,745
DrugCLIP,drug_to_target,MWLSOWXNZPKENC-UHFFFAOYSA-N,676,745
DrugCLIP,drug_to_target,MWTBKTRZPHJQLH-UHFFFAOYSA-N,676,745
DrugCLIP,drug_to_target,MXAYKZJJDUDWDS-LBPRGKRZSA-N,676,745
DrugCLIP,drug_to_target,MYSWGUAQZAJSOK-UHFFFAOYSA-N,676,745
DrugCLIP,drug_to_target,NBGABHGMJVIVBW-QHCPKHFHSA-N,676,745
DrugCLIP,drug_to_target,NBRBXGKOEOGLOI-UHFFFAOYSA-N,676,745
DrugCLIP,drug_to_target,NCLGDOBQAWBXRA-PGRDOPGGSA-N,676,745
DrugCLIP,drug_to_target,NCNRHFGMJRPRSK-MDZDMXLPSA-N,676,745
DrugCLIP,drug_to_target,NDAUXUAQIAJITI-LBPRGKRZSA-N,676,745
DrugCLIP,drug_to_target,NDAUXUAQIAJITI-UHFFFAOYSA-N,676,745
DrugCLIP,drug_to_target,NDCUAPJVLWFHHB-UHNVWZDZSA-N,676,745
DrugCLIP,drug_to_target,NDDAHWYSQHTHNT-UHFFFAOYSA-N,676,745
DrugCLIP,drug_to_target,NEMGRZFTLSKBAP-LBPRGKRZSA-N,676,745
DrugCLIP,drug_to_target,NEQYWYXGTJDAKR-JTQLQIEISA-N,676,745
DrugCLIP,drug_to_target,NFEZZTICAUWDHU-RDTXWAMCSA-N,676,745
DrugCLIP,drug_to_target,NGBFQHCMQULJNZ-UHFFFAOYSA-N,676,745
DrugCLIP,drug_to_target,NHHQJBCNYHBUSI-UHFFFAOYSA-N,676,745
DrugCLIP,drug_to_target,NIJJYAXOARWZEE-UHFFFAOYSA-N,676,745
DrugCLIP,drug_to_target,NKANXQFJJICGDU-QPLCGJKRSA-N,676,745
DrugCLIP,drug_to_target,NKHAVTQWNUWKEO-NSCUHMNNSA-N,676,745
DrugCLIP,drug_to_target,NNACHAUCXXVJSP-UHFFFAOYSA-N,676,745
DrugCLIP,drug_to_target,NNJVILVZKWQKPM-UHFFFAOYSA-N,676,745
DrugCLIP,drug_to_target,NOZIJMHMKORZBA-KJCUYJGMSA-N,676,745
DrugCLIP,drug_to_target,NQDJXKOVJZTUJA-UHFFFAOYSA-N,676,745
DrugCLIP,drug_to_target,NSQSAUGJQHDYNO-UHFFFAOYSA-N,676,745
DrugCLIP,drug_to_target,NTJOBXMMWNYJFB-UHFFFAOYSA-N,676,745
DrugCLIP,drug_to_target,NUKYPUAOHBNCPY-UHFFFAOYSA-N,676,745
DrugCLIP,drug_to_target,NXQKSXLFSAEQCZ-SFHVURJKSA-N,676,745
DrugCLIP,drug_to_target,NYDCDZSEEAUOHN-IZHYLOQSSA-N,676,745
DrugCLIP,drug_to_target,NYNZQNWKBKUAII-KBXCAEBGSA-N,676,745
DrugCLIP,drug_to_target,OBWASQILIWPZMG-QZMOQZSNSA-N,676,745
DrugCLIP,drug_to_target,ODAIHABQVKJNIY-PEDHHIEDSA-N,676,745
DrugCLIP,drug_to_target,OEKWJQXRCDYSHL-FNOIDJSQSA-N,676,745
DrugCLIP,drug_to_target,OEOLOEUAGSPDLT-UHFFFAOYSA-N,676,745
DrugCLIP,drug_to_target,OEXHQOGQTVQTAT-JRNQLAHRSA-N,676,745
DrugCLIP,drug_to_target,OFCNXPDARWKPPY-UHFFFAOYSA-N,676,745
DrugCLIP,drug_to_target,OFPXSFXSNFPTHF-UHFFFAOYSA-N,676,745
DrugCLIP,drug_to_target,OFZJKCQENFPZBH-UHFFFAOYSA-N,676,745
DrugCLIP,drug_to_target,OGHNVEJMJSYVRP-UHFFFAOYSA-N,676,745
DrugCLIP,drug_to_target,OGQICQVSFDPSEI-UHFFFAOYSA-N,676,745
DrugCLIP,drug_to_target,OHRURASPPZQGQM-GCCNXGTGSA-N,676,745
DrugCLIP,drug_to_target,OIGNJSKKLXVSLS-VWUMJDOOSA-N,676,745
DrugCLIP,drug_to_target,OJFSXZCBGQGRNV-UHFFFAOYSA-N,676,745
DrugCLIP,drug_to_target,OJQMKCBWYCWFPU-UHFFFAOYSA-N,676,745
DrugCLIP,drug_to_target,OLAHOMJCDNXHFI-UHFFFAOYSA-N,676,745
DrugCLIP,drug_to_target,OLNTVTPDXPETLC-XPWALMASSA-N,676,745
DrugCLIP,drug_to_target,ONIQOQHATWINJY-UHFFFAOYSA-N,676,745
DrugCLIP,drug_to_target,OPXLLQIJSORQAM-UHFFFAOYSA-N,676,745
DrugCLIP,drug_to_target,OROGSEYTTFOCAN-DNJOTXNNSA-N,676,745
DrugCLIP,drug_to_target,OUBCNLGXQFSTLU-UHFFFAOYSA-N,676,745
DrugCLIP,drug_to_target,OUJTZYPIHDYQMC-LJQANCHMSA-N,676,745
DrugCLIP,drug_to_target,OURRXQUGYQRVML-AREMUKBSSA-N,676,745
DrugCLIP,drug_to_target,OXPLANUPKBHPMS-ZXBNPROVSA-N,676,745
DrugCLIP,drug_to_target,OYTKINVCDFNREN-UHFFFAOYSA-N,676,745
DrugCLIP,drug_to_target,OYYDSUSKLWTMMQ-JKHIJQBDSA-N,676,745
DrugCLIP,drug_to_target,OZGNYLLQHRPOBR-DHZHZOJOSA-N,676,745
DrugCLIP,drug_to_target,OZOMQRBLCMDCEG-VIZOYTHASA-N,676,745
DrugCLIP,drug_to_target,OZVBMTJYIDMWIL-AYFBDAFISA-N,676,745
DrugCLIP,drug_to_target,OZWKMVRBQXNZKK-UHFFFAOYSA-N,676,745
DrugCLIP,drug_to_target,PAJMKGZZBBTTOY-ZFORQUDYSA-N,676,745
DrugCLIP,drug_to_target,PBAPPPCECJKMCM-IBGZPJMESA-N,676,745
DrugCLIP,drug_to_target,PCHKPVIQAHNQLW-CQSZACIVSA-N,676,745
DrugCLIP,drug_to_target,PCOBBVZJEWWZFR-UHFFFAOYSA-N,676,745
DrugCLIP,drug_to_target,PDGKHKMBHVFCMG-UHFFFAOYSA-N,676,745
DrugCLIP,drug_to_target,PDWUPXJEEYOOTR-UHFFFAOYSA-N,676,745
DrugCLIP,drug_to_target,PEMUGDMSUDYLHU-ZEQRLZLVSA-N,676,745
DrugCLIP,drug_to_target,PGTVWKLGGCQMBR-FLBATMFCSA-N,676,745
DrugCLIP,drug_to_target,PHLBKPHSAVXXEF-UHFFFAOYSA-N,676,745
DrugCLIP,drug_to_target,PHXJVRSECIGDHY-UHFFFAOYSA-N,676,745
DrugCLIP,drug_to_target,PIBARDGJJAGJAJ-NQIIRXRSSA-N,676,745
DrugCLIP,drug_to_target,PJDFLNIOAUIZSL-UHFFFAOYSA-N,676,745
DrugCLIP,drug_to_target,PJMPHNIQZUBGLI-UHFFFAOYSA-N,676,745
DrugCLIP,drug_to_target,PMXMIIMHBWHSKN-UHFFFAOYSA-N,676,745
DrugCLIP,drug_to_target,PNCPYILNMDWPEY-QGZVFWFLSA-N,676,745
DrugCLIP,drug_to_target,PNVNVHUZROJLTJ-UHFFFAOYSA-N,676,745
DrugCLIP,drug_to_target,POGQSBRIGCQNEG-UHFFFAOYSA-N,676,745
DrugCLIP,drug_to_target,PPSNFPASKFYPMN-SECBINFHSA-N,676,745
DrugCLIP,drug_to_target,PQXKDMSYBGKCJA-CVTJIBDQSA-N,676,745
DrugCLIP,drug_to_target,PRMWGUBFXWROHD-UHFFFAOYSA-N,676,745
DrugCLIP,drug_to_target,PSIFNNKUMBGKDQ-UHFFFAOYSA-N,676,745
DrugCLIP,drug_to_target,PTOIAAWZLUQTIO-GXFFZTMASA-N,676,745
DrugCLIP,drug_to_target,PUKBOVABABRILL-YZNIXAGQSA-N,676,745
DrugCLIP,drug_to_target,PURKAOJPTOLRMP-ASMGOKTBSA-N,676,745
DrugCLIP,drug_to_target,PURKAOJPTOLRMP-UHFFFAOYSA-N,676,745
DrugCLIP,drug_to_target,PYGWGZALEOIKDF-UHFFFAOYSA-N,676,745
DrugCLIP,drug_to_target,PYNXFZCZUAOOQC-UTKZUKDTSA-N,676,745
DrugCLIP,drug_to_target,PYZRQGJRPPTADH-UHFFFAOYSA-N,676,745
DrugCLIP,drug_to_target,PZBCKZWLPGJMAO-UHFFFAOYSA-N,676,745
DrugCLIP,drug_to_target,PZFAZQUREQIODZ-LJQANCHMSA-N,676,745
DrugCLIP,drug_to_target,QADPYRIHXKWUSV-UHFFFAOYSA-N,676,745
DrugCLIP,drug_to_target,QCHFTSOMWOSFHM-WPRPVWTQSA-N,676,745
DrugCLIP,drug_to_target,QCZAWDGAVJMPTA-RNFRBKRXSA-N,676,745
DrugCLIP,drug_to_target,QDGZDCVAUDNJFG-FXQIFTODSA-N,676,745
DrugCLIP,drug_to_target,QEFAQIPZVLVERP-UHFFFAOYSA-N,676,745
DrugCLIP,drug_to_target,QFFGVLORLPOAEC-SNVBAGLBSA-N,676,745
DrugCLIP,drug_to_target,QFNHIDANIVGXPE-FNZWTVRRSA-N,676,745
DrugCLIP,drug_to_target,QGJUIPDUBHWZPV-SGTAVMJGSA-N,676,745
DrugCLIP,drug_to_target,QHMBSVQNZZTUGM-ZWKOTPCHSA-N,676,745
DrugCLIP,drug_to_target,QIVUCLWGARAQIO-OLIXTKCUSA-N,676,745
DrugCLIP,drug_to_target,QKDRXGFQVGOQKS-CRSSMBPESA-N,676,745
DrugCLIP,drug_to_target,QNZCBYKSOIHPEH-UHFFFAOYSA-N,676,745
DrugCLIP,drug_to_target,QOIGKGMMAGJZNZ-UHFFFAOYSA-N,676,745
DrugCLIP,drug_to_target,QQHMKNYGKVVGCZ-UHFFFAOYSA-N,676,745
DrugCLIP,drug_to_target,QRPZBKAMSFHVRW-UHFFFAOYSA-N,676,745
DrugCLIP,drug_to_target,QTGIAADRBBLJGA-UHFFFAOYSA-N,676,745
DrugCLIP,drug_to_target,QTWZICCBKBYHDM-UHFFFAOYSA-N,676,745
DrugCLIP,drug_to_target,QUIJNHUBAXPXFS-XLJNKUFUSA-N,676,745
DrugCLIP,drug_to_target,QXWYKJLNLSIPIN-JGVFFNPUSA-N,676,745
DrugCLIP,drug_to_target,QXWZQTURMXZVHJ-UHFFFAOYSA-N,676,745
DrugCLIP,drug_to_target,QYSXJUFSXHHAJI-YRZJJWOYSA-N,676,745
DrugCLIP,drug_to_target,QZFHIXARHDBPBY-UHFFFAOYSA-N,676,745
DrugCLIP,drug_to_target,QZUDBNBUXVUHMW-UHFFFAOYSA-N,676,745
DrugCLIP,drug_to_target,QZZUEBNBZAPZLX-QFIPXVFZSA-N,676,745
DrugCLIP,drug_to_target,RAPZEAPATHNIPO-UHFFFAOYSA-N,676,745
DrugCLIP,drug_to_target,RBTBFTRPCNLSDE-UHFFFAOYSA-N,676,745
DrugCLIP,drug_to_target,RDOIQAHITMMDAJ-UHFFFAOYSA-N,676,745
DrugCLIP,drug_to_target,RENRQMCACQEWFC-UGKGYDQZSA-N,676,745
DrugCLIP,drug_to_target,RGFBRLNVZCCMSV-BIRGHMBHSA-N,676,745
DrugCLIP,drug_to_target,RHWKPHLQXYSBKR-BMIGLBTASA-N,676,745
DrugCLIP,drug_to_target,RHXHGRAEPCAFML-UHFFFAOYSA-N,676,745
DrugCLIP,drug_to_target,RITAVMQDGBJQJZ-FMIVXFBMSA-N,676,745
DrugCLIP,drug_to_target,RJCWBNBKOKFWNY-IDPLTSGASA-N,676,745
DrugCLIP,drug_to_target,RJKFOVLPORLFTN-LEKSSAKUSA-N,676,745
DrugCLIP,drug_to_target,RKEWSXXUOLRFBX-UHFFFAOYSA-N,676,745
DrugCLIP,drug_to_target,RKUNBYITZUJHSG-SPUOUPEWSA-N,676,745
DrugCLIP,drug_to_target,RLAWWYSOJDYHDC-BZSNNMDCSA-N,676,745
DrugCLIP,drug_to_target,RLCLASQCAPXVLM-NSHDSACASA-N,676,745
DrugCLIP,drug_to_target,RMMXLENWKUUMAY-UHFFFAOYSA-N,676,745
DrugCLIP,drug_to_target,RMRJXGBAOAMLHD-IHFGGWKQSA-N,676,745
DrugCLIP,drug_to_target,RNOAOAWBMHREKO-QFIPXVFZSA-N,676,745
DrugCLIP,drug_to_target,RRMJMHOQSALEJJ-UHFFFAOYSA-N,676,745
DrugCLIP,drug_to_target,RTGDFNSFWBGLEC-SYZQJQIISA-N,676,745
DrugCLIP,drug_to_target,RTHCYVBBDHJXIQ-UHFFFAOYSA-N,676,745
DrugCLIP,drug_to_target,RUDATBOHQWOJDD-BSWAIDMHSA-N,676,745
DrugCLIP,drug_to_target,RUEYEZADQJCKGV-UHFFFAOYSA-N,676,745
DrugCLIP,drug_to_target,RUOKEQAAGRXIBM-GFCCVEGCSA-N,676,745
DrugCLIP,drug_to_target,RUZYUOTYCVRMRZ-UHFFFAOYSA-N,676,745
DrugCLIP,drug_to_target,RVOLLAQWKVFTGE-UHFFFAOYSA-N,676,745
DrugCLIP,drug_to_target,RWTNPBWLLIMQHL-UHFFFAOYSA-N,676,745
DrugCLIP,drug_to_target,RYIDHLJADOKWFM-MAODMQOUSA-N,676,745
DrugCLIP,drug_to_target,RYMZZMVNJRMUDD-HGQWONQESA-N,676,745
DrugCLIP,drug_to_target,RZEKVGVHFLEQIL-UHFFFAOYSA-N,676,745
DrugCLIP,drug_to_target,RZVAJINKPMORJF-UHFFFAOYSA-N,676,745
DrugCLIP,drug_to_target,RZVPBGBYGMDSBG-GGAORHGYSA-N,676,745
DrugCLIP,drug_to_target,SDEAXTCZPQIFQM-UHFFFAOYSA-N,676,745
DrugCLIP,drug_to_target,SDUQYLNIPVEERB-QPPQHZFASA-N,676,745
DrugCLIP,drug_to_target,SECKRCOLJRRGGV-UHFFFAOYSA-N,676,745
DrugCLIP,drug_to_target,SEVCTUCCZYBJER-BSJAROSPSA-N,676,745
DrugCLIP,drug_to_target,SFLSHLFXELFNJZ-QMMMGPOBSA-N,676,745
DrugCLIP,drug_to_target,SFNSLLSYNZWZQG-VQIMIIECSA-N,676,745
DrugCLIP,drug_to_target,SGEGOXDYSFKCPT-UHFFFAOYSA-N,676,745
DrugCLIP,drug_to_target,SGEUNORSOZVTOL-CABZTGNLSA-N,676,745
DrugCLIP,drug_to_target,SGUAFYQXFOLMHL-UHFFFAOYSA-N,676,745
DrugCLIP,drug_to_target,SHGAZHPCJJPHSC-XFYACQKRSA-N,676,745
DrugCLIP,drug_to_target,SHGAZHPCJJPHSC-YCNIQYBTSA-N,676,745
DrugCLIP,drug_to_target,SIFNOOUKXBRGGB-AREMUKBSSA-N,676,745
DrugCLIP,drug_to_target,SJVQHLPISAIATJ-ZDUSSCGKSA-N,676,745
DrugCLIP,drug_to_target,SJZRECIVHVDYJC-UHFFFAOYSA-N,676,745
DrugCLIP,drug_to_target,SMOBCLHAZXOKDQ-ZJUUUORDSA-N,676,745
DrugCLIP,drug_to_target,SNICXCGAKADSCV-JTQLQIEISA-N,676,745
DrugCLIP,drug_to_target,SNIOPGDIGTZGOP-UHFFFAOYSA-N,676,745
DrugCLIP,drug_to_target,SNPPWIUOZRMYNY-UHFFFAOYSA-N,676,745
DrugCLIP,drug_to_target,SNUDIPVBUUXCDG-QHSBEEBCSA-N,676,745
DrugCLIP,drug_to_target,SOLUWJRYJLAZCX-LYOVBCGYSA-N,676,745
DrugCLIP,drug_to_target,SONNWYBIRXJNDC-VIFPVBQESA-N,676,745
DrugCLIP,drug_to_target,SOYCMDCMZDHQFP-UHFFFAOYSA-N,676,745
DrugCLIP,drug_to_target,SOYKEARSMXGVTM-UHFFFAOYSA-N,676,745
DrugCLIP,drug_to_target,SPMVMDHWKHCIDT-UHFFFAOYSA-N,676,745
DrugCLIP,drug_to_target,STPKWKPURVSAJF-LJEWAXOPSA-N,676,745
DrugCLIP,drug_to_target,STUWGJZDJHPWGZ-LBPRGKRZSA-N,676,745
DrugCLIP,drug_to_target,STZYTFJPGGDRJD-NHUWBDDWSA-N,676,745
DrugCLIP,drug_to_target,SUBDBMMJDZJVOS-DEOSSOPVSA-N,676,745
DrugCLIP,drug_to_target,SUBDBMMJDZJVOS-UHFFFAOYSA-N,676,745
DrugCLIP,drug_to_target,SUDAHWBOROXANE-SECBINFHSA-N,676,745
DrugCLIP,drug_to_target,SUJUHGSWHZTSEU-FYBSXPHGSA-N,676,745
DrugCLIP,drug_to_target,TTWJBBZEZQICBI-UHFFFAOYSA-N,676,745
DrugCLIP,drug_to_target,TTZHDVOVKQGIBA-IQWMDFIBSA-N,676,745
DrugCLIP,drug_to_target,TXEIIPDJKFWEEC-UHFFFAOYSA-N,676,745
DrugCLIP,drug_to_target,TYZROVQLWOKYKF-ZDUSSCGKSA-N,676,745
DrugCLIP,drug_to_target,TZFNLOMSOLWIDK-JTQLQIEISA-N,676,745
DrugCLIP,drug_to_target,UBPYILGKFZZVDX-UHFFFAOYSA-N,676,745
DrugCLIP,drug_to_target,UBQNRHZMVUUOMG-UHFFFAOYSA-N,676,745
DrugCLIP,drug_to_target,UBZPNQRBUOBBLN-PWRODBHTSA-N,676,745
DrugCLIP,drug_to_target,UCFGDBYHRUNTLO-QHCPKHFHSA-N,676,745
DrugCLIP,drug_to_target,UCJGJABZCDBEDK-UHFFFAOYSA-N,676,745
DrugCLIP,drug_to_target,UCTWMZQNUQWSLP-VIFPVBQESA-N,676,745
DrugCLIP,drug_to_target,UEJJHQNACJXSKW-UHFFFAOYSA-N,676,745
DrugCLIP,drug_to_target,UFSKUSARDNFIRC-UHFFFAOYSA-N,676,745
DrugCLIP,drug_to_target,UGJMXCAKCUNAIE-UHFFFAOYSA-N,676,745
DrugCLIP,drug_to_target,UHSKFQJFRQCDBE-UHFFFAOYSA-N,676,745
DrugCLIP,drug_to_target,UHTHHESEBZOYNR-UHFFFAOYSA-N,676,745
DrugCLIP,drug_to_target,UIAGMCDKSXEBJQ-UHFFFAOYSA-N,676,745
DrugCLIP,drug_to_target,UJLAWZDWDVHWOW-YPMHNXCESA-N,676,745
DrugCLIP,drug_to_target,UJVDJAPJQWZRFR-DHIUTWEWSA-N,676,745
DrugCLIP,drug_to_target,ULFRLSNUDGIQQP-UHFFFAOYSA-N,676,745
DrugCLIP,drug_to_target,ULXXDDBFHOBEHA-CWDCEQMOSA-N,676,745
DrugCLIP,drug_to_target,UPNUIXSCZBYVBB-JVFUWBCBSA-N,676,745
DrugCLIP,drug_to_target,UQCNKQCJZOAFTQ-ISWURRPUSA-N,676,745
DrugCLIP,drug_to_target,UQRORFVVSGFNRO-UTINFBMNSA-N,676,745
DrugCLIP,drug_to_target,UREBDLICKHMUKA-CXSFZGCWSA-N,676,745
DrugCLIP,drug_to_target,UREBDLICKHMUKA-DVTGEIKXSA-N,676,745
DrugCLIP,drug_to_target,URKOMYMAXPYINW-UHFFFAOYSA-N,676,745
DrugCLIP,drug_to_target,USUZGMWDZDXMDG-CYBMUJFWSA-N,676,745
DrugCLIP,drug_to_target,USZAGAREISWJDP-UHFFFAOYSA-N,676,745
DrugCLIP,drug_to_target,UTNUDOFZCWSZMS-YFHOEESVSA-N,676,745
DrugCLIP,drug_to_target,UVSMNLNDYGZFPF-UHFFFAOYSA-N,676,745
DrugCLIP,drug_to_target,UWKQSNNFCGGAFS-XIFFEERXSA-N,676,745
DrugCLIP,drug_to_target,UXNXMBYCBRBRFD-MUUNZHRXSA-N,676,745
DrugCLIP,drug_to_target,UZHSEJADLWPNLE-GRGSLBFTSA-N,676,745
DrugCLIP,drug_to_target,UZWDCWONPYILKI-UHFFFAOYSA-N,676,745
DrugCLIP,drug_to_target,VCKUSRYTPJJLNI-UHFFFAOYSA-N,676,745
DrugCLIP,drug_to_target,VCSUIBJKYCVWNF-NRFANRHFSA-N,676,745
DrugCLIP,drug_to_target,VDANGULDQQJODZ-UHFFFAOYSA-N,676,745
DrugCLIP,drug_to_target,VERWOWGGCGHDQE-UHFFFAOYSA-N,676,745
DrugCLIP,drug_to_target,VFBILHPIHUPBPZ-UHFFFAOYSA-N,676,745
DrugCLIP,drug_to_target,VFCRKLWBYMDAED-REWPJTCUSA-N,676,745
DrugCLIP,drug_to_target,VGKDLMBJGBXTGI-SJCJKPOMSA-N,676,745
DrugCLIP,drug_to_target,VGYFMXBACGZSIL-MCBHFWOFSA-N,676,745
DrugCLIP,drug_to_target,VHGCDTVCOLNTBX-QGZVFWFLSA-N,676,745
DrugCLIP,drug_to_target,VIKNJXKGJWUCNN-XGXHKTLJSA-N,676,745
DrugCLIP,drug_to_target,VJJPUSNTGOMMGY-MRVIYFEKSA-N,676,745
DrugCLIP,drug_to_target,VKHAHZOOUSRJNA-GCNJZUOMSA-N,676,745
DrugCLIP,drug_to_target,VLCYCQAOQCDTCN-UHFFFAOYSA-N,676,745
DrugCLIP,drug_to_target,VMWNQDUVQKEIOC-CYBMUJFWSA-N,676,745
DrugCLIP,drug_to_target,VNFPBHJOKIVQEB-UHFFFAOYSA-N,676,745
DrugCLIP,drug_to_target,VOBHXZCDAVEXEY-JSGCOSHPSA-N,676,745
DrugCLIP,drug_to_target,VOVIALXJUBGFJZ-KWVAZRHASA-N,676,745
DrugCLIP,drug_to_target,VOVZXURTCKPRDQ-CQSZACIVSA-N,676,745
DrugCLIP,drug_to_target,VPJXQGSRWJZDOB-UHFFFAOYSA-O,676,745
DrugCLIP,drug_to_target,VPMRSLWWUXNYRY-PJCFOSJUSA-N,676,745
DrugCLIP,drug_to_target,VPPJLAIAVCUEMN-GFCCVEGCSA-N,676,745
DrugCLIP,drug_to_target,VREFGVBLTWBCJP-UHFFFAOYSA-N,676,745
DrugCLIP,drug_to_target,VSNHCAURESNICA-UHFFFAOYSA-N,676,745
DrugCLIP,drug_to_target,VSWBSWWIRNCQIJ-HUUCEWRRSA-N,676,745
DrugCLIP,drug_to_target,VTRAEEWXHOVJFV-UHFFFAOYSA-N,676,745
DrugCLIP,drug_to_target,VUDZSIYXZUYWSC-DBRKOABJSA-N,676,745
DrugCLIP,drug_to_target,VWMJHAFYPMOMGF-ZCFIWIBFSA-N,676,745
DrugCLIP,drug_to_target,VWUXBMIQPBEWFH-WCCTWKNTSA-N,676,745
DrugCLIP,drug_to_target,VWVSBHGCDBMOOT-IIEHVVJPSA-N,676,745
DrugCLIP,drug_to_target,VYFYYTLLBUKUHU-UHFFFAOYSA-N,676,745
DrugCLIP,drug_to_target,VZZJRYRQSPEMTK-CALCHBBNSA-N,676,745
DrugCLIP,drug_to_target,WAEXFXRVDQXREF-UHFFFAOYSA-N,676,745
DrugCLIP,drug_to_target,WANIDIGFXJFFEL-SANMLTNESA-N,676,745
DrugCLIP,drug_to_target,WAXQNWCZJDTGBU-UHFFFAOYSA-N,676,745
DrugCLIP,drug_to_target,WBFUHHBPNXWNCC-UHFFFAOYSA-N,676,745
DrugCLIP,drug_to_target,WBGKWQHBNHJJPZ-LECWWXJVSA-N,676,745
DrugCLIP,drug_to_target,WCWSTNLSLKSJPK-LKFCYVNXSA-N,676,745
DrugCLIP,drug_to_target,WDENQIQQYWYTPO-IBGZPJMESA-N,676,745
DrugCLIP,drug_to_target,WEAJZXNPAWBCOA-INIZCTEOSA-N,676,745
DrugCLIP,drug_to_target,WEQLWGNDNRARGE-DJIMGWMZSA-N,676,745
DrugCLIP,drug_to_target,WGFOBBZOWHGYQH-MXHNKVEKSA-N,676,745
DrugCLIP,drug_to_target,WIGIZIANZCJQQY-RUCARUNLSA-N,676,745
DrugCLIP,drug_to_target,WIJZXSAJMHAVGX-DHLKQENFSA-N,676,745
DrugCLIP,drug_to_target,WINHZLLDWRZWRT-ATVHPVEESA-N,676,745
DrugCLIP,drug_to_target,WJBLNOPPDWQMCH-MBPVOVBZSA-N,676,745
DrugCLIP,drug_to_target,WJOHZNCJWYWUJD-IUGZLZTKSA-N,676,745
DrugCLIP,drug_to_target,WMDSZGFJQKSLLH-RBBKRZOGSA-N,676,745
DrugCLIP,drug_to_target,WOSKHXYHFSIKNG-UHFFFAOYSA-N,676,745
DrugCLIP,drug_to_target,WOXKDUGGOYFFRN-IIBYNOLFSA-N,676,745
DrugCLIP,drug_to_target,WPVFJKSGQUFQAP-GKAPJAKFSA-N,676,745
DrugCLIP,drug_to_target,WRFHGDPIDHPWIQ-UHFFFAOYSA-N,676,745
DrugCLIP,drug_to_target,WSEQXVZVJXJVFP-FQEVSTJZSA-N,676,745
DrugCLIP,drug_to_target,WSEQXVZVJXJVFP-UHFFFAOYSA-N,676,745
DrugCLIP,drug_to_target,WSNODXPBBALQOF-VEJSHDCNSA-N,676,745
DrugCLIP,drug_to_target,WTDRDQBEARUVNC-LURJTMIESA-N,676,745
DrugCLIP,drug_to_target,WVLHHLRVNDMIAR-IBGZPJMESA-N,676,745
DrugCLIP,drug_to_target,WVLOADHCBXTIJK-YNHQPCIGSA-N,676,745
DrugCLIP,drug_to_target,WWSWYXNVCBLWNZ-QIZQQNKQSA-N,676,745
DrugCLIP,drug_to_target,WWYNJERNGUHSAO-XUDSTZEESA-N,676,745
DrugCLIP,drug_to_target,WXCXUHSOUPDCQV-UHFFFAOYSA-N,676,745
DrugCLIP,drug_to_target,WXXSNCNJFUAIDG-UHFFFAOYSA-N,676,745
DrugCLIP,drug_to_target,WYQFJHHDOKWSHR-MNOVXSKESA-N,676,745
DrugCLIP,drug_to_target,WYQPLTPSGFELIB-JTQPXKBDSA-N,676,745
DrugCLIP,drug_to_target,WYWIFABBXFUGLM-UHFFFAOYSA-N,676,745
DrugCLIP,drug_to_target,WZOZEZRFJCJXNZ-ZBFHGGJFSA-N,676,745
DrugCLIP,drug_to_target,XAYGBKHKBBXDAK-UHFFFAOYSA-N,676,745
DrugCLIP,drug_to_target,XDXWLKQMMKQXPV-QYQHSDTDSA-N,676,745
DrugCLIP,drug_to_target,XEDHVZKDSYZQBF-UHFFFAOYSA-N,676,745
DrugCLIP,drug_to_target,XFALPSLJIHVRKE-GFCCVEGCSA-N,676,745
DrugCLIP,drug_to_target,XFYDIVBRZNQMJC-UHFFFAOYSA-N,676,745
DrugCLIP,drug_to_target,XGALLCVXEZPNRQ-UHFFFAOYSA-N,676,745
DrugCLIP,drug_to_target,XHOLNRLADUSQLD-UHFFFAOYSA-N,676,745
DrugCLIP,drug_to_target,XIQVNETUBQGFHX-UHFFFAOYSA-N,676,745
DrugCLIP,drug_to_target,XJGVXQDUIWGIRW-UHFFFAOYSA-N,676,745
DrugCLIP,drug_to_target,XKLMZUWKNUAPSZ-UHFFFAOYSA-N,676,745
DrugCLIP,drug_to_target,XMAYWYJOQHXEEK-ZEQKJWHPSA-N,676,745
DrugCLIP,drug_to_target,XMXHEBAFVSFQEX-UHFFFAOYSA-N,676,745
DrugCLIP,drug_to_target,XOFYZVNMUHMLCC-ZPOLXVRWSA-N,676,745
DrugCLIP,drug_to_target,XPIJWUTXQAGSLK-UHFFFAOYSA-N,676,745
DrugCLIP,drug_to_target,XPOQHMRABVBWPR-ZDUSSCGKSA-N,676,745
DrugCLIP,drug_to_target,XQSPYNMVSIKCOC-NTSWFWBYSA-N,676,745
DrugCLIP,drug_to_target,XRQDFNLINLXZLB-CKIKVBCHSA-N,676,745
DrugCLIP,drug_to_target,XRVDGNKRPOAQTN-FQEVSTJZSA-N,676,745
DrugCLIP,drug_to_target,XSFJVAJPIHIPKU-XWCQMRHXSA-N,676,745
DrugCLIP,drug_to_target,XTNGUQKDFGDXSJ-ZXGKGEBGSA-N,676,745
DrugCLIP,drug_to_target,XUBOMFCQGDBHNK-UHFFFAOYSA-N,676,745
DrugCLIP,drug_to_target,XUFQPHANEAPEMJ-UHFFFAOYSA-N,676,745
DrugCLIP,drug_to_target,XUKUURHRXDUEBC-KAYWLYCHSA-N,676,745
DrugCLIP,drug_to_target,XUZMWHLSFXCVMG-UHFFFAOYSA-N,676,745
DrugCLIP,drug_to_target,XWLUWCNOOVRFPX-UHFFFAOYSA-N,676,745
DrugCLIP,drug_to_target,XWLXKKNPFMNSFA-HGQWONQESA-N,676,745
DrugCLIP,drug_to_target,XXSMGPRMXLTPCZ-UHFFFAOYSA-N,676,745
DrugCLIP,drug_to_target,XYFPWWZEPKGCCK-GOSISDBHSA-N,676,745
DrugCLIP,drug_to_target,XYLJNLCSTIOKRM-UHFFFAOYSA-N,676,745
DrugCLIP,drug_to_target,XZWYZXLIPXDOLR-UHFFFAOYSA-N,676,745
DrugCLIP,drug_to_target,XZXHXSATPCNXJR-ZIADKAODSA-N,676,745
DrugCLIP,drug_to_target,YALNUENQHAQXEA-UHFFFAOYSA-N,676,745
DrugCLIP,drug_to_target,YASAKCUCGLMORW-UHFFFAOYSA-N,676,745
DrugCLIP,drug_to_target,YBBLVLTVTVSKRW-UHFFFAOYSA-N,676,745
DrugCLIP,drug_to_target,YBSJFWOBGCMAKL-UHFFFAOYSA-N,676,745
DrugCLIP,drug_to_target,YFGHCGITMMYXAQ-LJQANCHMSA-N,676,745
DrugCLIP,drug_to_target,YHGSTSNEOJUIRN-UHFFFAOYSA-N,676,745
DrugCLIP,drug_to_target,YIBOMRUWOWDFLG-ONEGZZNKSA-N,676,745
DrugCLIP,drug_to_target,YIMYDTCOUQIDMT-SNAWJCMRSA-N,676,745
DrugCLIP,drug_to_target,YIQPUIGJQJDJOS-UHFFFAOYSA-N,676,745
DrugCLIP,drug_to_target,YKPUWZUDDOIDPM-SOFGYWHQSA-N,676,745
DrugCLIP,drug_to_target,YLXDSYKOBKBWJQ-LBPRGKRZSA-N,676,745
DrugCLIP,drug_to_target,YMARZQAQMVYCKC-OEMFJLHTSA-N,676,745
DrugCLIP,drug_to_target,YMDXZJFXQJVXBF-STHAYSLISA-N,676,745
DrugCLIP,drug_to_target,YMTINGFKWWXKFG-UHFFFAOYSA-N,676,745
DrugCLIP,drug_to_target,YQEZLKZALYSWHR-ZDUSSCGKSA-N,676,745
DrugCLIP,drug_to_target,YQNQNVDNTFHQSW-UHFFFAOYSA-N,676,745
DrugCLIP,drug_to_target,YQNWZWMKLDQSAC-UHFFFAOYSA-N,676,745
DrugCLIP,drug_to_target,YREYEVIYCVEVJK-UHFFFAOYSA-N,676,745
DrugCLIP,drug_to_target,YTAOBBFIOAEMLL-REQDGWNSSA-N,676,745
DrugCLIP,drug_to_target,YTFHCXIPDIHOIA-DHZHZOJOSA-N,676,745
DrugCLIP,drug_to_target,YWGDOWXRIALTES-NRFANRHFSA-N,676,745
DrugCLIP,drug_to_target,YWPHCCPCQOJSGZ-UHFFFAOYSA-N,676,745
DrugCLIP,drug_to_target,YXRDKMPIGHSVRX-OOJCLDBCSA-N,676,745
DrugCLIP,drug_to_target,ZAFYATHCZYHLPB-UHFFFAOYSA-N,676,745
DrugCLIP,drug_to_target,ZBBHBTPTTSWHBA-UHFFFAOYSA-N,676,745
DrugCLIP,drug_to_target,ZBGXUVOIWDMMJE-QHNZEKIYSA-N,676,745
DrugCLIP,drug_to_target,ZBMZVLHSJCTVON-UHFFFAOYSA-N,676,745
DrugCLIP,drug_to_target,ZBNZXTGUTAYRHI-UHFFFAOYSA-N,676,745
DrugCLIP,drug_to_target,ZBPLOVFIXSTCRZ-UHFFFAOYSA-N,676,745
DrugCLIP,drug_to_target,ZCVMWBYGMWKGHF-UHFFFAOYSA-N,676,745
DrugCLIP,drug_to_target,ZEUITGRIYCTCEM-KRWDZBQOSA-N,676,745
DrugCLIP,drug_to_target,ZFMITUMMTDLWHR-UHFFFAOYSA-N,676,745
DrugCLIP,drug_to_target,ZGLHBRQAEXKACO-XJRQOBMKSA-N,676,745
DrugCLIP,drug_to_target,ZIAOVIPSKUPPQW-UHFFFAOYSA-N,676,745
DrugCLIP,drug_to_target,ZISJNXNHJRQYJO-CMDGGOBGSA-N,676,745
DrugCLIP,drug_to_target,ZKIAIYBUSXZPLP-UHFFFAOYSA-N,676,745
DrugCLIP,drug_to_target,ZKLPARSLTMPFCP-OAQYLSRUSA-N,676,745
DrugCLIP,drug_to_target,ZKLPARSLTMPFCP-UHFFFAOYSA-N,676,745
DrugCLIP,drug_to_target,ZPMNHBXQOOVQJL-UHFFFAOYSA-N,676,745
DrugCLIP,drug_to_target,ZPUCINDJVBIVPJ-LJISPDSOSA-N,676,745
DrugCLIP,drug_to_target,ZRVUJXDFFKFLMG-UHFFFAOYSA-N,676,745
DrugCLIP,drug_to_target,ZSBOMTDTBDDKMP-OAHLLOKOSA-N,676,745
DrugCLIP,drug_to_target,ZSKVGTPCRGIANV-ZXFLCMHBSA-N,676,745
DrugCLIP,drug_to_target,ZSWMIFNWDQEXDT-ZESJGQACSA-N,676,745
DrugCLIP,drug_to_target,ZVHNDZWQTBEVRY-UHFFFAOYSA-N,676,745
DrugCLIP,drug_to_target,ZWUQVNSJSJHFPS-XFXZXTDPSA-N,676,745
DrugCLIP,drug_to_target,ZYTXTXAMMDTYDQ-DGEXFFLYSA-N,676,745
DrugCLIP,drug_to_target,ZZUFCTLCJUWOSV-UHFFFAOYSA-N,676,745
DrugCLIP,drug_to_target,ZZVUWRFHKOJYTH-UHFFFAOYSA-N,676,745
BALM,target_to_drug,CHEMBL1075094,720,720
BALM,target_to_drug,CHEMBL1075113,720,720
BALM,target_to_drug,CHEMBL1075126,720,720
BALM,target_to_drug,CHEMBL1075153,720,720
BALM,target_to_drug,CHEMBL1163124,720,720
BALM,target_to_drug,CHEMBL1169596,720,720
BALM,target_to_drug,CHEMBL1169600,720,720
BALM,target_to_drug,CHEMBL1250358,720,720
BALM,target_to_drug,CHEMBL1250360,720,720
BALM,target_to_drug,CHEMBL1250375,720,720
BALM,target_to_drug,CHEMBL1255163,720,720
BALM,target_to_drug,CHEMBL1275223,720,720
BALM,target_to_drug,CHEMBL1287628,720,720
BALM,target_to_drug,CHEMBL1293224,720,720
BALM,target_to_drug,CHEMBL1293232,720,720
BALM,target_to_drug,CHEMBL1615381,720,720
BALM,target_to_drug,CHEMBL1628478,720,720
BALM,target_to_drug,CHEMBL1641347,720,720
BALM,target_to_drug,CHEMBL1641348,720,720
BALM,target_to_drug,CHEMBL1649052,720,720
BALM,target_to_drug,CHEMBL1649058,720,720
BALM,target_to_drug,CHEMBL1697671,720,720
BALM,target_to_drug,CHEMBL1697674,720,720
BALM,target_to_drug,CHEMBL1741186,720,720
BALM,target_to_drug,CHEMBL1741305,720,720
BALM,target_to_drug,CHEMBL1741309,720,720
BALM,target_to_drug,CHEMBL1744522,720,720
BALM,target_to_drug,CHEMBL1744525,720,720
BALM,target_to_drug,CHEMBL1778,720,720
BALM,target_to_drug,CHEMBL1781,720,720
BALM,target_to_drug,CHEMBL1782,720,720
BALM,target_to_drug,CHEMBL1783,720,720
BALM,target_to_drug,CHEMBL1786,720,720
BALM,target_to_drug,CHEMBL1795108,720,720
BALM,target_to_drug,CHEMBL1795116,720,720
BALM,target_to_drug,CHEMBL1795122,720,720
BALM,target_to_drug,CHEMBL1795129,720,720
BALM,target_to_drug,CHEMBL1795178,720,720
BALM,target_to_drug,CHEMBL1796,720,720
BALM,target_to_drug,CHEMBL1801,720,720
BALM,target_to_drug,CHEMBL1812,720,720
BALM,target_to_drug,CHEMBL1817,720,720
BALM,target_to_drug,CHEMBL1822,720,720
BALM,target_to_drug,CHEMBL1825,720,720
BALM,target_to_drug,CHEMBL1827,720,720
BALM,target_to_drug,CHEMBL1829,720,720
BALM,target_to_drug,CHEMBL1834,720,720
BALM,target_to_drug,CHEMBL1835,720,720
BALM,target_to_drug,CHEMBL1839,720,720
BALM,target_to_drug,CHEMBL1841,720,720
BALM,target_to_drug,CHEMBL1842,720,720
BALM,target_to_drug,CHEMBL1843,720,720
BALM,target_to_drug,CHEMBL1844,720,720
BALM,target_to_drug,CHEMBL1847,720,720
BALM,target_to_drug,CHEMBL1856,720,720
BALM,target_to_drug,CHEMBL1861,720,720
BALM,target_to_drug,CHEMBL1864,720,720
BALM,target_to_drug,CHEMBL1869,720,720
BALM,target_to_drug,CHEMBL1871,720,720
BALM,target_to_drug,CHEMBL1873,720,720
BALM,target_to_drug,CHEMBL1876,720,720
BALM,target_to_drug,CHEMBL1886,720,720
BALM,target_to_drug,CHEMBL1887,720,720
BALM,target_to_drug,CHEMBL1892,720,720
BALM,target_to_drug,CHEMBL1893,720,720
BALM,target_to_drug,CHEMBL1899,720,720
BALM,target_to_drug,CHEMBL1900,720,720
BALM,target_to_drug,CHEMBL1902,720,720
BALM,target_to_drug,CHEMBL1903,720,720
BALM,target_to_drug,CHEMBL1906,720,720
BALM,target_to_drug,CHEMBL1908,720,720
BALM,target_to_drug,CHEMBL1908389,720,720
BALM,target_to_drug,CHEMBL1909490,720,720
BALM,target_to_drug,CHEMBL1910,720,720
BALM,target_to_drug,CHEMBL1911,720,720
BALM,target_to_drug,CHEMBL1912,720,720
BALM,target_to_drug,CHEMBL1914,720,720
BALM,target_to_drug,CHEMBL1914276,720,720
BALM,target_to_drug,CHEMBL1918,720,720
BALM,target_to_drug,CHEMBL1927,720,720
BALM,target_to_drug,CHEMBL1930,720,720
BALM,target_to_drug,CHEMBL1935,720,720
BALM,target_to_drug,CHEMBL1936,720,720
BALM,target_to_drug,CHEMBL1937,720,720
BALM,target_to_drug,CHEMBL1944,720,720
BALM,target_to_drug,CHEMBL1947,720,720
BALM,target_to_drug,CHEMBL1949,720,720
BALM,target_to_drug,CHEMBL1950,720,720
BALM,target_to_drug,CHEMBL1951,720,720
BALM,target_to_drug,CHEMBL1952,720,720
BALM,target_to_drug,CHEMBL1959,720,720
BALM,target_to_drug,CHEMBL1962,720,720
BALM,target_to_drug,CHEMBL1964,720,720
BALM,target_to_drug,CHEMBL1966,720,720
BALM,target_to_drug,CHEMBL1969,720,720
BALM,target_to_drug,CHEMBL1973,720,720
BALM,target_to_drug,CHEMBL1974,720,720
BALM,target_to_drug,CHEMBL1975,720,720
BALM,target_to_drug,CHEMBL1976,720,720
BALM,target_to_drug,CHEMBL1977,720,720
BALM,target_to_drug,CHEMBL1978,720,720
BALM,target_to_drug,CHEMBL1989,720,720
BALM,target_to_drug,CHEMBL1991,720,720
BALM,target_to_drug,CHEMBL1992,720,720
BALM,target_to_drug,CHEMBL1994,720,720
BALM,target_to_drug,CHEMBL1996,720,720
BALM,target_to_drug,CHEMBL1997,720,720
BALM,target_to_drug,CHEMBL1998,720,720
BALM,target_to_drug,CHEMBL2000,720,720
BALM,target_to_drug,CHEMBL2003,720,720
BALM,target_to_drug,CHEMBL2007625,720,720
BALM,target_to_drug,CHEMBL2008,720,720
BALM,target_to_drug,CHEMBL2009,720,720
BALM,target_to_drug,CHEMBL2010624,720,720
BALM,target_to_drug,CHEMBL2012,720,720
BALM,target_to_drug,CHEMBL2016,720,720
BALM,target_to_drug,CHEMBL2019,720,720
BALM,target_to_drug,CHEMBL202,720,720
BALM,target_to_drug,CHEMBL2023,720,720
BALM,target_to_drug,CHEMBL2033,720,720
BALM,target_to_drug,CHEMBL2034,720,720
BALM,target_to_drug,CHEMBL2039,720,720
BALM,target_to_drug,CHEMBL204,720,720
BALM,target_to_drug,CHEMBL2040,720,720
BALM,target_to_drug,CHEMBL2044,720,720
BALM,target_to_drug,CHEMBL2045,720,720
BALM,target_to_drug,CHEMBL2046267,720,720
BALM,target_to_drug,CHEMBL2047,720,720
BALM,target_to_drug,CHEMBL2048,720,720
BALM,target_to_drug,CHEMBL205,720,720
BALM,target_to_drug,CHEMBL2050,720,720
BALM,target_to_drug,CHEMBL2055,720,720
BALM,target_to_drug,CHEMBL2058,720,720
BALM,target_to_drug,CHEMBL2059,720,720
BALM,target_to_drug,CHEMBL206,720,720
BALM,target_to_drug,CHEMBL2061,720,720
BALM,target_to_drug,CHEMBL2062356,720,720
BALM,target_to_drug,CHEMBL2063,720,720
BALM,target_to_drug,CHEMBL2068,720,720
BALM,target_to_drug,CHEMBL2069156,720,720
BALM,target_to_drug,CHEMBL2073,720,720
BALM,target_to_drug,CHEMBL2073677,720,720
BALM,target_to_drug,CHEMBL208,720,720
BALM,target_to_drug,CHEMBL2084,720,720
BALM,target_to_drug,CHEMBL2085,720,720
BALM,target_to_drug,CHEMBL2099,720,720
BALM,target_to_drug,CHEMBL2118,720,720
BALM,target_to_drug,CHEMBL2120,720,720
BALM,target_to_drug,CHEMBL2121,720,720
BALM,target_to_drug,CHEMBL2146302,720,720
BALM,target_to_drug,CHEMBL215,720,720
BALM,target_to_drug,CHEMBL2157,720,720
BALM,target_to_drug,CHEMBL2176771,720,720
BALM,target_to_drug,CHEMBL2176839,720,720
BALM,target_to_drug,CHEMBL2176846,720,720
BALM,target_to_drug,CHEMBL2176855,720,720
BALM,target_to_drug,CHEMBL2179,720,720
BALM,target_to_drug,CHEMBL2185,720,720
BALM,target_to_drug,CHEMBL2189110,720,720
BALM,target_to_drug,CHEMBL2189121,720,720
BALM,target_to_drug,CHEMBL220,720,720
BALM,target_to_drug,CHEMBL2208,720,720
BALM,target_to_drug,CHEMBL221,720,720
BALM,target_to_drug,CHEMBL2216739,720,720
BALM,target_to_drug,CHEMBL222,720,720
BALM,target_to_drug,CHEMBL2243,720,720
BALM,target_to_drug,CHEMBL2252,720,720
BALM,target_to_drug,CHEMBL2273,720,720
BALM,target_to_drug,CHEMBL2276,720,720
BALM,target_to_drug,CHEMBL228,720,720
BALM,target_to_drug,CHEMBL2285,720,720
BALM,target_to_drug,CHEMBL2292,720,720
BALM,target_to_drug,CHEMBL230,720,720
BALM,target_to_drug,CHEMBL2311236,720,720
BALM,target_to_drug,CHEMBL2321613,720,720
BALM,target_to_drug,CHEMBL2321614,720,720
BALM,target_to_drug,CHEMBL2321615,720,720
BALM,target_to_drug,CHEMBL2326,720,720
BALM,target_to_drug,CHEMBL2331041,720,720
BALM,target_to_drug,CHEMBL2331042,720,720
BALM,target_to_drug,CHEMBL2331059,720,720
BALM,target_to_drug,CHEMBL2331065,720,720
BALM,target_to_drug,CHEMBL2337,720,720
BALM,target_to_drug,CHEMBL235,720,720
BALM,target_to_drug,CHEMBL2362992,720,720
BALM,target_to_drug,CHEMBL2364155,720,720
BALM,target_to_drug,CHEMBL2364156,720,720
BALM,target_to_drug,CHEMBL2364157,720,720
BALM,target_to_drug,CHEMBL2364158,720,720
BALM,target_to_drug,CHEMBL2364159,720,720
BALM,target_to_drug,CHEMBL2364160,720,720
BALM,target_to_drug,CHEMBL2364161,720,720
BALM,target_to_drug,CHEMBL2364162,720,720
BALM,target_to_drug,CHEMBL2364164,720,720
BALM,target_to_drug,CHEMBL238,720,720
BALM,target_to_drug,CHEMBL2384897,720,720
BALM,target_to_drug,CHEMBL239,720,720
BALM,target_to_drug,CHEMBL2409,720,720
BALM,target_to_drug,CHEMBL242,720,720
BALM,target_to_drug,CHEMBL2431,720,720
BALM,target_to_drug,CHEMBL2435,720,720
BALM,target_to_drug,CHEMBL2439,720,720
BALM,target_to_drug,CHEMBL244,720,720
BALM,target_to_drug,CHEMBL2476,720,720
BALM,target_to_drug,CHEMBL248,720,720
BALM,target_to_drug,CHEMBL2487,720,720
BALM,target_to_drug,CHEMBL2492,720,720
BALM,target_to_drug,CHEMBL2508,720,720
BALM,target_to_drug,CHEMBL2524,720,720
BALM,target_to_drug,CHEMBL2527,720,720
BALM,target_to_drug,CHEMBL2534,720,720
BALM,target_to_drug,CHEMBL258,720,720
BALM,target_to_drug,CHEMBL2599,720,720
BALM,target_to_drug,CHEMBL260,720,720
BALM,target_to_drug,CHEMBL2608,720,720
BALM,target_to_drug,CHEMBL261,720,720
BALM,target_to_drug,CHEMBL262,720,720
BALM,target_to_drug,CHEMBL2633,720,720
BALM,target_to_drug,CHEMBL2637,720,720
BALM,target_to_drug,CHEMBL267,720,720
BALM,target_to_drug,CHEMBL268,720,720
BALM,target_to_drug,CHEMBL2708,720,720
BALM,target_to_drug,CHEMBL2722,720,720
BALM,target_to_drug,CHEMBL2742,720,720
BALM,target_to_drug,CHEMBL2754,720,720
BALM,target_to_drug,CHEMBL2755,720,720
BALM,target_to_drug,CHEMBL2778,720,720
BALM,target_to_drug,CHEMBL2782,720,720
BALM,target_to_drug,CHEMBL280,720,720
BALM,target_to_drug,CHEMBL2808,720,720
BALM,target_to_drug,CHEMBL2815,720,720
BALM,target_to_drug,CHEMBL2820,720,720
BALM,target_to_drug,CHEMBL2821,720,720
BALM,target_to_drug,CHEMBL283,720,720
BALM,target_to_drug,CHEMBL284,720,720
BALM,target_to_drug,CHEMBL2850,720,720
BALM,target_to_drug,CHEMBL286,720,720
BALM,target_to_drug,CHEMBL287,720,720
BALM,target_to_drug,CHEMBL2873,720,720
BALM,target_to_drug,CHEMBL288,720,720
BALM,target_to_drug,CHEMBL2925,720,720
BALM,target_to_drug,CHEMBL2929,720,720
BALM,target_to_drug,CHEMBL2940,720,720
BALM,target_to_drug,CHEMBL2954,720,720
BALM,target_to_drug,CHEMBL2959,720,720
BALM,target_to_drug,CHEMBL2964,720,720
BALM,target_to_drug,CHEMBL2979,720,720
BALM,target_to_drug,CHEMBL2996,720,720
BALM,target_to_drug,CHEMBL2998,720,720
BALM,target_to_drug,CHEMBL301,720,720
BALM,target_to_drug,CHEMBL3023,720,720
BALM,target_to_drug,CHEMBL3024,720,720
BALM,target_to_drug,CHEMBL3026,720,720
BALM,target_to_drug,CHEMBL3028,720,720
BALM,target_to_drug,CHEMBL3045,720,720
BALM,target_to_drug,CHEMBL3055,720,720
BALM,target_to_drug,CHEMBL3070,720,720
BALM,target_to_drug,CHEMBL3076,720,720
BALM,target_to_drug,CHEMBL308,720,720
BALM,target_to_drug,CHEMBL3094,720,720
BALM,target_to_drug,CHEMBL3102,720,720
BALM,target_to_drug,CHEMBL3105,720,720
BALM,target_to_drug,CHEMBL3106,720,720
BALM,target_to_drug,CHEMBL3107,720,720
BALM,target_to_drug,CHEMBL3108633,720,720
BALM,target_to_drug,CHEMBL3116,720,720
BALM,target_to_drug,CHEMBL3117,720,720
BALM,target_to_drug,CHEMBL3119,720,720
BALM,target_to_drug,CHEMBL3161,720,720
BALM,target_to_drug,CHEMBL3192,720,720
BALM,target_to_drug,CHEMBL3194,720,720
BALM,target_to_drug,CHEMBL3201,720,720
BALM,target_to_drug,CHEMBL321,720,720
BALM,target_to_drug,CHEMBL3217393,720,720
BALM,target_to_drug,CHEMBL3217394,720,720
BALM,target_to_drug,CHEMBL3217395,720,720
BALM,target_to_drug,CHEMBL3218,720,720
BALM,target_to_drug,CHEMBL3232692,720,720
BALM,target_to_drug,CHEMBL3234,720,720
BALM,target_to_drug,CHEMBL3238,720,720
BALM,target_to_drug,CHEMBL3242,720,720
BALM,target_to_drug,CHEMBL325,720,720
BALM,target_to_drug,CHEMBL3273,720,720
BALM,target_to_drug,CHEMBL3276,720,720
BALM,target_to_drug,CHEMBL3286,720,720
BALM,target_to_drug,CHEMBL3286070,720,720
BALM,target_to_drug,CHEMBL3286073,720,720
BALM,target_to_drug,CHEMBL3286074,720,720
BALM,target_to_drug,CHEMBL3286077,720,720
BALM,target_to_drug,CHEMBL3295,720,720
BALM,target_to_drug,CHEMBL3307223,720,720
BALM,target_to_drug,CHEMBL3308912,720,720
BALM,target_to_drug,CHEMBL331,720,720
BALM,target_to_drug,CHEMBL3310,720,720
BALM,target_to_drug,CHEMBL332,720,720
BALM,target_to_drug,CHEMBL333,720,720
BALM,target_to_drug,CHEMBL3338,720,720
BALM,target_to_drug,CHEMBL3357,720,720
BALM,target_to_drug,CHEMBL3378,720,720
BALM,target_to_drug,CHEMBL3385,720,720
BALM,target_to_drug,CHEMBL3390821,720,720
BALM,target_to_drug,CHEMBL3390822,720,720
BALM,target_to_drug,CHEMBL3391681,720,720
BALM,target_to_drug,CHEMBL340,720,720
BALM,target_to_drug,CHEMBL3407325,720,720
BALM,target_to_drug,CHEMBL3425389,720,720
BALM,target_to_drug,CHEMBL3430865,720,720
BALM,target_to_drug,CHEMBL3437,720,720
BALM,target_to_drug,CHEMBL3439,720,720
BALM,target_to_drug,CHEMBL3474,720,720
BALM,target_to_drug,CHEMBL3475,720,720
BALM,target_to_drug,CHEMBL3514,720,720
BALM,target_to_drug,CHEMBL3522,720,720
BALM,target_to_drug,CHEMBL3535,720,720
BALM,target_to_drug,CHEMBL3551,720,720
BALM,target_to_drug,CHEMBL3559,720,720
BALM,target_to_drug,CHEMBL3559386,720,720
BALM,target_to_drug,CHEMBL3572,720,720
BALM,target_to_drug,CHEMBL3576,720,720
BALM,target_to_drug,CHEMBL3580483,720,720
BALM,target_to_drug,CHEMBL3580485,720,720
BALM,target_to_drug,CHEMBL3580486,720,720
BALM,target_to_drug,CHEMBL3580487,720,720
BALM,target_to_drug,CHEMBL3580488,720,720
BALM,target_to_drug,CHEMBL3580489,720,720
BALM,target_to_drug,CHEMBL3580490,720,720
BALM,target_to_drug,CHEMBL3580491,720,720
BALM,target_to_drug,CHEMBL3580492,720,720
BALM,target_to_drug,CHEMBL3580493,720,720
BALM,target_to_drug,CHEMBL3580496,720,720
BALM,target_to_drug,CHEMBL3580522,720,720
BALM,target_to_drug,CHEMBL3582,720,720
BALM,target_to_drug,CHEMBL3587,720,720
BALM,target_to_drug,CHEMBL3588735,720,720
BALM,target_to_drug,CHEMBL3594,720,720
BALM,target_to_drug,CHEMBL3596085,720,720
BALM,target_to_drug,CHEMBL3610,720,720
BALM,target_to_drug,CHEMBL3616355,720,720
BALM,target_to_drug,CHEMBL3623,720,720
BALM,target_to_drug,CHEMBL3629,720,720
BALM,target_to_drug,CHEMBL3631,720,720
BALM,target_to_drug,CHEMBL3632452,720,720
BALM,target_to_drug,CHEMBL3650,720,720
BALM,target_to_drug,CHEMBL3670,720,720
BALM,target_to_drug,CHEMBL3687,720,720
BALM,target_to_drug,CHEMBL3691,720,720
BALM,target_to_drug,CHEMBL3706,720,720
BALM,target_to_drug,CHEMBL3710485,720,720
BALM,target_to_drug,CHEMBL3712850,720,720
BALM,target_to_drug,CHEMBL3712852,720,720
BALM,target_to_drug,CHEMBL3712853,720,720
BALM,target_to_drug,CHEMBL3712854,720,720
BALM,target_to_drug,CHEMBL3712857,720,720
BALM,target_to_drug,CHEMBL3712859,720,720
BALM,target_to_drug,CHEMBL3712860,720,720
BALM,target_to_drug,CHEMBL3712862,720,720
BALM,target_to_drug,CHEMBL3712863,720,720
BALM,target_to_drug,CHEMBL3712864,720,720
BALM,target_to_drug,CHEMBL3712869,720,720
BALM,target_to_drug,CHEMBL3712870,720,720
BALM,target_to_drug,CHEMBL3712878,720,720
BALM,target_to_drug,CHEMBL3712879,720,720
BALM,target_to_drug,CHEMBL3712880,720,720
BALM,target_to_drug,CHEMBL3712881,720,720
BALM,target_to_drug,CHEMBL3712885,720,720
BALM,target_to_drug,CHEMBL3712886,720,720
BALM,target_to_drug,CHEMBL3712888,720,720
BALM,target_to_drug,CHEMBL3712894,720,720
BALM,target_to_drug,CHEMBL3712898,720,720
BALM,target_to_drug,CHEMBL3712900,720,720
BALM,target_to_drug,CHEMBL3712901,720,720
BALM,target_to_drug,CHEMBL3712903,720,720
BALM,target_to_drug,CHEMBL3712912,720,720
BALM,target_to_drug,CHEMBL3712913,720,720
BALM,target_to_drug,CHEMBL3712914,720,720
BALM,target_to_drug,CHEMBL3712915,720,720
BALM,target_to_drug,CHEMBL3712916,720,720
BALM,target_to_drug,CHEMBL3712919,720,720
BALM,target_to_drug,CHEMBL3712920,720,720
BALM,target_to_drug,CHEMBL3712927,720,720
BALM,target_to_drug,CHEMBL3712928,720,720
BALM,target_to_drug,CHEMBL3712931,720,720
BALM,target_to_drug,CHEMBL3712932,720,720
BALM,target_to_drug,CHEMBL3712934,720,720
BALM,target_to_drug,CHEMBL3712938,720,720
BALM,target_to_drug,CHEMBL3712949,720,720
BALM,target_to_drug,CHEMBL3712953,720,720
BALM,target_to_drug,CHEMBL3712954,720,720
BALM,target_to_drug,CHEMBL3712955,720,720
BALM,target_to_drug,CHEMBL3712956,720,720
BALM,target_to_drug,CHEMBL3712957,720,720
BALM,target_to_drug,CHEMBL3712961,720,720
BALM,target_to_drug,CHEMBL3712964,720,720
BALM,target_to_drug,CHEMBL3712965,720,720
BALM,target_to_drug,CHEMBL3712972,720,720
BALM,target_to_drug,CHEMBL3712975,720,720
BALM,target_to_drug,CHEMBL3712987,720,720
BALM,target_to_drug,CHEMBL3712988,720,720
BALM,target_to_drug,CHEMBL3712995,720,720
BALM,target_to_drug,CHEMBL3712996,720,720
BALM,target_to_drug,CHEMBL3713000,720,720
BALM,target_to_drug,CHEMBL3713006,720,720
BALM,target_to_drug,CHEMBL3713007,720,720
BALM,target_to_drug,CHEMBL3713014,720,720
BALM,target_to_drug,CHEMBL3713023,720,720
BALM,target_to_drug,CHEMBL3713025,720,720
BALM,target_to_drug,CHEMBL3713026,720,720
BALM,target_to_drug,CHEMBL3713062,720,720
BALM,target_to_drug,CHEMBL3713333,720,720
BALM,target_to_drug,CHEMBL3713343,720,720
BALM,target_to_drug,CHEMBL3713436,720,720
BALM,target_to_drug,CHEMBL3713449,720,720
BALM,target_to_drug,CHEMBL3713453,720,720
BALM,target_to_drug,CHEMBL3713712,720,720
BALM,target_to_drug,CHEMBL3713913,720,720
BALM,target_to_drug,CHEMBL3713941,720,720
BALM,target_to_drug,CHEMBL3714029,720,720
BALM,target_to_drug,CHEMBL3714157,720,720
BALM,target_to_drug,CHEMBL3714583,720,720
BALM,target_to_drug,CHEMBL3729,720,720
BALM,target_to_drug,CHEMBL3776,720,720
BALM,target_to_drug,CHEMBL3778,720,720
BALM,target_to_drug,CHEMBL3788,720,720
BALM,target_to_drug,CHEMBL3816,720,720
BALM,target_to_drug,CHEMBL3820,720,720
BALM,target_to_drug,CHEMBL3831181,720,720
BALM,target_to_drug,CHEMBL3831182,720,720
BALM,target_to_drug,CHEMBL3831291,720,720
BALM,target_to_drug,CHEMBL3833441,720,720
BALM,target_to_drug,CHEMBL3833481,720,720
BALM,target_to_drug,CHEMBL3856162,720,720
BALM,target_to_drug,CHEMBL3856163,720,720
BALM,target_to_drug,CHEMBL3864,720,720
BALM,target_to_drug,CHEMBL3869,720,720
BALM,target_to_drug,CHEMBL3884,720,720
BALM,target_to_drug,CHEMBL3890,720,720
BALM,target_to_drug,CHEMBL3902,720,720
BALM,target_to_drug,CHEMBL3905,720,720
BALM,target_to_drug,CHEMBL3913,720,720
BALM,target_to_drug,CHEMBL3921,720,720
BALM,target_to_drug,CHEMBL3922,720,720
BALM,target_to_drug,CHEMBL3935,720,720
BALM,target_to_drug,CHEMBL3961,720,720
BALM,target_to_drug,CHEMBL3972,720,720
BALM,target_to_drug,CHEMBL3973,720,720
BALM,target_to_drug,CHEMBL3979,720,720
BALM,target_to_drug,CHEMBL3983,720,720
BALM,target_to_drug,CHEMBL3989381,720,720
BALM,target_to_drug,CHEMBL3989382,720,720
BALM,target_to_drug,CHEMBL3989383,720,720
BALM,target_to_drug,CHEMBL3989384,720,720
BALM,target_to_drug,CHEMBL3991,720,720
BALM,target_to_drug,CHEMBL3991501,720,720
BALM,target_to_drug,CHEMBL4016,720,720
BALM,target_to_drug,CHEMBL402,720,720
BALM,target_to_drug,CHEMBL4036,720,720
BALM,target_to_drug,CHEMBL4040,720,720
BALM,target_to_drug,CHEMBL4068,720,720
BALM,target_to_drug,CHEMBL4073,720,720
BALM,target_to_drug,CHEMBL4081,720,720
BALM,target_to_drug,CHEMBL4093,720,720
BALM,target_to_drug,CHEMBL4096,720,720
BALM,target_to_drug,CHEMBL4116,720,720
BALM,target_to_drug,CHEMBL4142,720,720
BALM,target_to_drug,CHEMBL4163,720,720
BALM,target_to_drug,CHEMBL4179,720,720
BALM,target_to_drug,CHEMBL4183,720,720
BALM,target_to_drug,CHEMBL4191,720,720
BALM,target_to_drug,CHEMBL4223,720,720
BALM,target_to_drug,CHEMBL4225,720,720
BALM,target_to_drug,CHEMBL4235,720,720
BALM,target_to_drug,CHEMBL4245,720,720
BALM,target_to_drug,CHEMBL4282,720,720
BALM,target_to_drug,CHEMBL4295646,720,720
BALM,target_to_drug,CHEMBL4295685,720,720
BALM,target_to_drug,CHEMBL4296022,720,720
BALM,target_to_drug,CHEMBL4303061,720,720
BALM,target_to_drug,CHEMBL4305,720,720
BALM,target_to_drug,CHEMBL4306,720,720
BALM,target_to_drug,CHEMBL4323,720,720
BALM,target_to_drug,CHEMBL4331,720,720
BALM,target_to_drug,CHEMBL4338,720,720
BALM,target_to_drug,CHEMBL4342,720,720
BALM,target_to_drug,CHEMBL4361,720,720
BALM,target_to_drug,CHEMBL4393,720,720
BALM,target_to_drug,CHEMBL4439,720,720
BALM,target_to_drug,CHEMBL4444,720,720
BALM,target_to_drug,CHEMBL4445,720,720
BALM,target_to_drug,CHEMBL4465,720,720
BALM,target_to_drug,CHEMBL4467,720,720
BALM,target_to_drug,CHEMBL4482,720,720
BALM,target_to_drug,CHEMBL4501,720,720
BALM,target_to_drug,CHEMBL4502,720,720
BALM,target_to_drug,CHEMBL4506,720,720
BALM,target_to_drug,CHEMBL4523374,720,720
BALM,target_to_drug,CHEMBL4523377,720,720
BALM,target_to_drug,CHEMBL4523510,720,720
BALM,target_to_drug,CHEMBL4523581,720,720
BALM,target_to_drug,CHEMBL4523584,720,720
BALM,target_to_drug,CHEMBL4523586,720,720
BALM,target_to_drug,CHEMBL4523587,720,720
BALM,target_to_drug,CHEMBL4530,720,720
BALM,target_to_drug,CHEMBL4531,720,720
BALM,target_to_drug,CHEMBL4550,720,720
BALM,target_to_drug,CHEMBL4588,720,720
BALM,target_to_drug,CHEMBL4601,720,720
BALM,target_to_drug,CHEMBL4618,720,720
BALM,target_to_drug,CHEMBL4625,720,720
BALM,target_to_drug,CHEMBL4630,720,720
BALM,target_to_drug,CHEMBL4630876,720,720
BALM,target_to_drug,CHEMBL4630877,720,720
BALM,target_to_drug,CHEMBL4630878,720,720
BALM,target_to_drug,CHEMBL4630879,720,720
BALM,target_to_drug,CHEMBL4630880,720,720
BALM,target_to_drug,CHEMBL4630881,720,720
BALM,target_to_drug,CHEMBL4630882,720,720
BALM,target_to_drug,CHEMBL4630883,720,720
BALM,target_to_drug,CHEMBL4630885,720,720
BALM,target_to_drug,CHEMBL4630886,720,720
BALM,target_to_drug,CHEMBL4630887,720,720
BALM,target_to_drug,CHEMBL4630888,720,720
BALM,target_to_drug,CHEMBL4630889,720,720
BALM,target_to_drug,CHEMBL4630890,720,720
BALM,target_to_drug,CHEMBL4630891,720,720
BALM,target_to_drug,CHEMBL4630892,720,720
BALM,target_to_drug,CHEMBL4630894,720,720
BALM,target_to_drug,CHEMBL4630895,720,720
BALM,target_to_drug,CHEMBL4660,720,720
BALM,target_to_drug,CHEMBL4662938,720,720
BALM,target_to_drug,CHEMBL4662939,720,720
BALM,target_to_drug,CHEMBL4662940,720,720
BALM,target_to_drug,CHEMBL4662941,720,720
BALM,target_to_drug,CHEMBL4662942,720,720
BALM,target_to_drug,CHEMBL4662944,720,720
BALM,target_to_drug,CHEMBL4665584,720,720
BALM,target_to_drug,CHEMBL4665585,720,720
BALM,target_to_drug,CHEMBL4665586,720,720
BALM,target_to_drug,CHEMBL4677,720,720
BALM,target_to_drug,CHEMBL4683,720,720
BALM,target_to_drug,CHEMBL4685,720,720
BALM,target_to_drug,CHEMBL4692,720,720
BALM,target_to_drug,CHEMBL4703,720,720
BALM,target_to_drug,CHEMBL4722,720,720
BALM,target_to_drug,CHEMBL4770,720,720
BALM,target_to_drug,CHEMBL4791,720,720
BALM,target_to_drug,CHEMBL4794,720,720
BALM,target_to_drug,CHEMBL4801,720,720
BALM,target_to_drug,CHEMBL4804244,720,720
BALM,target_to_drug,CHEMBL4804245,720,720
BALM,target_to_drug,CHEMBL4804246,720,720
BALM,target_to_drug,CHEMBL4804247,720,720
BALM,target_to_drug,CHEMBL4804257,720,720
BALM,target_to_drug,CHEMBL4805,720,720
BALM,target_to_drug,CHEMBL4816,720,720
BALM,target_to_drug,CHEMBL4822,720,720
BALM,target_to_drug,CHEMBL4860,720,720
BALM,target_to_drug,CHEMBL4876,720,720
BALM,target_to_drug,CHEMBL4895,720,720
BALM,target_to_drug,CHEMBL4898,720,720
BALM,target_to_drug,CHEMBL4899,720,720
BALM,target_to_drug,CHEMBL4915,720,720
BALM,target_to_drug,CHEMBL4929,720,720
BALM,target_to_drug,CHEMBL4937,720,720
BALM,target_to_drug,CHEMBL4954,720,720
BALM,target_to_drug,CHEMBL4956,720,720
BALM,target_to_drug,CHEMBL4979,720,720
BALM,target_to_drug,CHEMBL5122,720,720
BALM,target_to_drug,CHEMBL5141,720,720
BALM,target_to_drug,CHEMBL5145,720,720
BALM,target_to_drug,CHEMBL5147,720,720
BALM,target_to_drug,CHEMBL5174,720,720
BALM,target_to_drug,CHEMBL5191,720,720
BALM,target_to_drug,CHEMBL5216,720,720
BALM,target_to_drug,CHEMBL5251,720,720
BALM,target_to_drug,CHEMBL5255,720,720
BALM,target_to_drug,CHEMBL5275,720,720
BALM,target_to_drug,CHEMBL5287,720,720
BALM,target_to_drug,CHEMBL5305024,720,720
BALM,target_to_drug,CHEMBL5311,720,720
BALM,target_to_drug,CHEMBL5331,720,720
BALM,target_to_drug,CHEMBL5349,720,720
BALM,target_to_drug,CHEMBL5366,720,720
BALM,target_to_drug,CHEMBL5378,720,720
BALM,target_to_drug,CHEMBL5398,720,720
BALM,target_to_drug,CHEMBL5443,720,720
BALM,target_to_drug,CHEMBL5464,720,720
BALM,target_to_drug,CHEMBL5466,720,720
BALM,target_to_drug,CHEMBL5469,720,720
BALM,target_to_drug,CHEMBL5476,720,720
BALM,target_to_drug,CHEMBL5479,720,720
BALM,target_to_drug,CHEMBL5491,720,720
BALM,target_to_drug,CHEMBL5498501,720,720
BALM,target_to_drug,CHEMBL5498502,720,720
BALM,target_to_drug,CHEMBL5522,720,720
BALM,target_to_drug,CHEMBL5580,720,720
BALM,target_to_drug,CHEMBL5608,720,720
BALM,target_to_drug,CHEMBL5616,720,720
BALM,target_to_drug,CHEMBL5619,720,720
BALM,target_to_drug,CHEMBL5689,720,720
BALM,target_to_drug,CHEMBL5697,720,720
BALM,target_to_drug,CHEMBL5705,720,720
BALM,target_to_drug,CHEMBL5714,720,720
BALM,target_to_drug,CHEMBL5721,720,720
BALM,target_to_drug,CHEMBL5731,720,720
BALM,target_to_drug,CHEMBL5742,720,720
BALM,target_to_drug,CHEMBL5807,720,720
BALM,target_to_drug,CHEMBL5903,720,720
BALM,target_to_drug,CHEMBL5957,720,720
BALM,target_to_drug,CHEMBL5966,720,720
BALM,target_to_drug,CHEMBL5988,720,720
BALM,target_to_drug,CHEMBL5989,720,720
BALM,target_to_drug,CHEMBL6009,720,720
BALM,target_to_drug,CHEMBL6024,720,720
BALM,target_to_drug,CHEMBL6044,720,720
BALM,target_to_drug,CHEMBL6066101,720,720
BALM,target_to_drug,CHEMBL6093,720,720
BALM,target_to_drug,CHEMBL6120,720,720
BALM,target_to_drug,CHEMBL6136,720,720
BALM,target_to_drug,CHEMBL6152,720,720
BALM,target_to_drug,CHEMBL6157,720,720
BALM,drug_to_target,AAOVKJBEBIDNHE-UHFFFAOYSA-N,620,745
BALM,drug_to_target,ACRHBAYQBXXRTO-OAQYLSRUSA-N,620,745
BALM,drug_to_target,ACWBQPMHZXGDFX-QFIPXVFZSA-N,620,745
BALM,drug_to_target,ACWZRVQXLIRSDF-UHFFFAOYSA-N,620,745
BALM,drug_to_target,ADEBPBSSDYVVLD-UHFFFAOYSA-N,620,745
BALM,drug_to_target,AEXFXNFMSAAELR-RXVVDRJESA-N,620,745
BALM,drug_to_target,AFLFKFHDSCQHOL-IZZDOVSWSA-N,620,745
BALM,drug_to_target,AHJRHEGDXFFMBM-UHFFFAOYSA-N,620,745
BALM,drug_to_target,AHOUBRCZNHFOSL-YOEHRIQHSA-N,620,745
BALM,drug_to_target,AHYMHWXQRWRBKT-UHFFFAOYSA-N,620,745
BALM,drug_to_target,AILRADAXUVEEIR-UHFFFAOYSA-N,620,745
BALM,drug_to_target,AJIPIJNNOJSSQC-NYLIRDPKSA-N,620,745
BALM,drug_to_target,ALWKGYPQUAPLQC-UHFFFAOYSA-N,620,745
BALM,drug_to_target,ANGKOCUUWGHLCE-HKUYNNGSSA-N,620,745
BALM,drug_to_target,AOMXMOCNKJTRQP-UHFFFAOYSA-N,620,745
BALM,drug_to_target,AQHHHDLHHXJYJD-UHFFFAOYSA-N,620,745
BALM,drug_to_target,AQNDDEOPVVGCPG-UHFFFAOYSA-N,620,745
BALM,drug_to_target,AQOKCDNYWBIDND-FTOWTWDKSA-N,620,745
BALM,drug_to_target,ASMXXROZKSBQIH-VITNCHFBSA-N,620,745
BALM,drug_to_target,ASOADIZOVZTJSR-UHFFFAOYSA-N,620,745
BALM,drug_to_target,ASUTZQLVASHGKV-JDFRZJQESA-N,620,745
BALM,drug_to_target,ATALOFNDEOCMKK-OITMNORJSA-N,620,745
BALM,drug_to_target,AURFZBICLPNKBZ-SYBPFIFISA-N,620,745
BALM,drug_to_target,AVAACINZEOAHHE-VFZPANTDSA-N,620,745
BALM,drug_to_target,AXOIZCJOOAYSMI-UHFFFAOYSA-N,620,745
BALM,drug_to_target,AXQACEQYCPKDMV-RZAWKFBISA-N,620,745
BALM,drug_to_target,AYXYPKUFHZROOJ-ZETCQYMHSA-N,620,745
BALM,drug_to_target,AZSRSNUQCUDCGG-UHFFFAOYSA-N,620,745
BALM,drug_to_target,BALLNEJQLSTPIO-UHFFFAOYSA-N,620,745
BALM,drug_to_target,BARDROPHSZEBKC-OITMNORJSA-N,620,745
BALM,drug_to_target,BBAWEDCPNXPBQM-GDEBMMAJSA-N,620,745
BALM,drug_to_target,BCEHBSKCWLPMDN-MGPLVRAMSA-N,620,745
BALM,drug_to_target,BCFGMOOMADDAQU-UHFFFAOYSA-N,620,745
BALM,drug_to_target,BFDBKMOZYNOTPK-UHFFFAOYSA-N,620,745
BALM,drug_to_target,BFPYWIDHMRZLRN-SLHNCBLASA-N,620,745
BALM,drug_to_target,BFSMGDJOXZAERB-UHFFFAOYSA-N,620,745
BALM,drug_to_target,BGDKAVGWHJFAGW-UHFFFAOYSA-N,620,745
BALM,drug_to_target,BISPBXFUKNXOQY-RITPCOANSA-N,620,745
BALM,drug_to_target,BLIJXOOIHRSQRB-PXYINDEMSA-N,620,745
BALM,drug_to_target,BLJRIMJGRPQVNF-JTQLQIEISA-N,620,745
BALM,drug_to_target,BMEARIQHWSVDBS-SNVBAGLBSA-N,620,745
BALM,drug_to_target,BMGQWWVMWDBQGC-IIFHNQTCSA-N,620,745
BALM,drug_to_target,BMKDZUISNHGIBY-ZETCQYMHSA-N,620,745
BALM,drug_to_target,BMPDWHIDQYTSHX-AWEZNQCLSA-N,620,745
BALM,drug_to_target,BMPDWHIDQYTSHX-UHFFFAOYSA-N,620,745
BALM,drug_to_target,BNRNXUUZRGQAQC-UHFFFAOYSA-N,620,745
BALM,drug_to_target,BPKAHTKRCLCHEA-UBFJEZKGSA-N,620,745
BALM,drug_to_target,BPQMGSKTAYIVFO-UHFFFAOYSA-N,620,745
BALM,drug_to_target,BPRHUIZQVSMCRT-VEUZHWNKSA-N,620,745
BALM,drug_to_target,BPZSYCZIITTYBL-YJYMSZOUSA-N,620,745
BALM,drug_to_target,BQEJAAIPKDQEPV-MXHGPKCJSA-N,620,745
BALM,drug_to_target,BQJCRHHNABKAKU-KBQPJGBKSA-N,620,745
BALM,drug_to_target,BQSJTQLCZDPROO-UHFFFAOYSA-N,620,745
BALM,drug_to_target,BRUQQQPBMZOVGD-XFKAJCMBSA-N,620,745
BALM,drug_to_target,BSMCAPRUBJMWDF-KRWDZBQOSA-N,620,745
BALM,drug_to_target,BSYNRYMUTXBXSQ-UHFFFAOYSA-N,620,745
BALM,drug_to_target,BTBHLEZXCOBLCY-QGZVFWFLSA-N,620,745
BALM,drug_to_target,BTCRKOKVYTVOLU-SJSRKZJXSA-N,620,745
BALM,drug_to_target,BUGYDGFZZOZRHP-UHFFFAOYSA-N,620,745
BALM,drug_to_target,BYBLEWFAAKGYCD-UHFFFAOYSA-N,620,745
BALM,drug_to_target,BZZKEPGENYLQSC-FIBGUPNXSA-N,620,745
BALM,drug_to_target,BZZKEPGENYLQSC-UHFFFAOYSA-N,620,745
BALM,drug_to_target,CAVRKWRKTNINFF-UHFFFAOYSA-N,620,745
BALM,drug_to_target,CBRJPFGIXUFMTM-WDEREUQCSA-N,620,745
BALM,drug_to_target,CEFJVGZHQAGLHS-UHFFFAOYSA-N,620,745
BALM,drug_to_target,CEUORZQYGODEFX-UHFFFAOYSA-N,620,745
BALM,drug_to_target,CGIGDMFJXJATDK-UHFFFAOYSA-N,620,745
BALM,drug_to_target,CJBJHOAVZSMMDJ-HEXNFIEUSA-N,620,745
BALM,drug_to_target,CJOFXWAVKWHTFT-XSFVSMFZSA-N,620,745
BALM,drug_to_target,CMHHMUWAYWTMGS-UHFFFAOYSA-N,620,745
BALM,drug_to_target,CMJCXYNUCSMDBY-ZDUSSCGKSA-N,620,745
BALM,drug_to_target,CMWTZPSULFXXJA-VIFPVBQESA-N,620,745
BALM,drug_to_target,COUYJEVMBVSIHV-SFHVURJKSA-N,620,745
BALM,drug_to_target,CPZBLNMUGSZIPR-NVXWUHKLSA-N,620,745
BALM,drug_to_target,CSKDFZIMJXRJGH-VWLPUNTISA-N,620,745
BALM,drug_to_target,CSOBIBXVIYAXFM-BYNJWEBRSA-N,620,745
BALM,drug_to_target,CTRLABGOLIVAIY-UHFFFAOYSA-N,620,745
BALM,drug_to_target,CUHVIMMYOGQXCV-NSHDSACASA-N,620,745
BALM,drug_to_target,CUIHSIWYWATEQL-UHFFFAOYSA-N,620,745
BALM,drug_to_target,CVWXJKQAOSCOAB-UHFFFAOYSA-N,620,745
BALM,drug_to_target,CXOFVDLJLONNDW-UHFFFAOYSA-N,620,745
BALM,drug_to_target,CXOXHMZGEKVPMT-UHFFFAOYSA-N,620,745
BALM,drug_to_target,CYHWMBVXXDIZNZ-KRWDZBQOSA-N,620,745
BALM,drug_to_target,CYOHGALHFOKKQC-UHFFFAOYSA-N,620,745
BALM,drug_to_target,CYQFCXCEBYINGO-IAGOWNOFSA-N,620,745
BALM,drug_to_target,CZFFBEXEKNGXKS-UHFFFAOYSA-N,620,745
BALM,drug_to_target,CZGVOBIGEBDYTP-VSGBNLITSA-N,620,745
BALM,drug_to_target,DBABZHXKTCFAPX-UHFFFAOYSA-N,620,745
BALM,drug_to_target,DBEPLOCGEIEOCV-WSBQPABSSA-N,620,745
BALM,drug_to_target,DBGIVFWFUFKIQN-UHFFFAOYSA-N,620,745
BALM,drug_to_target,DCCSDBARQIPTGU-HSZRJFAPSA-N,620,745
BALM,drug_to_target,DCOPUUMXTXDBNB-UHFFFAOYSA-N,620,745
BALM,drug_to_target,DDFOUSQFMYRUQK-RCDICMHDSA-N,620,745
BALM,drug_to_target,DDLIGBOFAVUZHB-UHFFFAOYSA-N,620,745
BALM,drug_to_target,DDOOFTLHJSMHLN-ZQHRPCGSSA-N,620,745
BALM,drug_to_target,DEVSOMFAQLZNKR-RJRFIUFISA-N,620,745
BALM,drug_to_target,DHHVAGZRUROJKS-UHFFFAOYSA-N,620,745
BALM,drug_to_target,DHMTURDWPRKSOA-RUZDIDTESA-N,620,745
BALM,drug_to_target,DHSUYTOATWAVLW-WFVMDLQDSA-N,620,745
BALM,drug_to_target,DIWRORZWFLOCLC-UHFFFAOYSA-N,620,745
BALM,drug_to_target,DJXRIQMCROIRCZ-XOEOCAAJSA-N,620,745
BALM,drug_to_target,DKNWSYNQZKUICI-UHFFFAOYSA-N,620,745
BALM,drug_to_target,DKULOVKANLVDEA-UHFFFAOYSA-N,620,745
BALM,drug_to_target,DKYWVDODHFEZIM-UHFFFAOYSA-N,620,745
BALM,drug_to_target,DMJNNHOOLUXYBV-PQTSNVLCSA-N,620,745
BALM,drug_to_target,DMKSVUSAATWOCU-HROMYWEYSA-N,620,745
BALM,drug_to_target,DMNOVGJWPASQDL-OAQYLSRUSA-N,620,745
BALM,drug_to_target,DOBNVUFHFMVMDB-BEFAXECRSA-N,620,745
BALM,drug_to_target,DOMXUEMWDBAQBQ-WEVVVXLNSA-N,620,745
BALM,drug_to_target,DOUYETYNHWVLEO-UHFFFAOYSA-N,620,745
BALM,drug_to_target,DQCKKXVULJGBQN-XFWGSAIBSA-N,620,745
BALM,drug_to_target,DRHKJLXJIQTDTD-OAHLLOKOSA-N,620,745
BALM,drug_to_target,DTGLZDAWLRGWQN-UHFFFAOYSA-N,620,745
BALM,drug_to_target,DUGOZIWVEXMGBE-CHWSQXEVSA-N,620,745
BALM,drug_to_target,DUXZAXCGJSBGDW-HXUWFJFHSA-N,620,745
BALM,drug_to_target,DUYJMQONPNNFPI-UHFFFAOYSA-N,620,745
BALM,drug_to_target,DWRIJNIPBUFCQS-DQEYMECFSA-N,620,745
BALM,drug_to_target,DWYRIWUZIJHQKQ-SANMLTNESA-N,620,745
BALM,drug_to_target,DWZAEMINVBZMHQ-UHFFFAOYSA-N,620,745
BALM,drug_to_target,DYDCPNMLZGFQTM-UHFFFAOYSA-N,620,745
BALM,drug_to_target,DYKFCLLONBREIL-KVUCHLLUSA-N,620,745
BALM,drug_to_target,DYLUUSLLRIQKOE-UHFFFAOYSA-N,620,745
BALM,drug_to_target,FABPRXSRWADJSP-MEDUHNTESA-N,620,745
BALM,drug_to_target,FABUFPQFXZVHFB-PVYNADRNSA-N,620,745
BALM,drug_to_target,FAEKWTJYAYMJKF-QHCPKHFHSA-N,620,745
BALM,drug_to_target,FASDKYOPVNHBLU-ZETCQYMHSA-N,620,745
BALM,drug_to_target,FBHSPRKOSMHSIF-GRMWVWQJSA-N,620,745
BALM,drug_to_target,FBOUYBDGKBSUES-VXKWHMMOSA-N,620,745
BALM,drug_to_target,FDBYIYFVSAHJLY-UHFFFAOYSA-N,620,745
BALM,drug_to_target,FDLYAMZZIXQODN-UHFFFAOYSA-N,620,745
BALM,drug_to_target,FDTZUTSGGSRHQF-UHFFFAOYSA-N,620,745
BALM,drug_to_target,FELGMEQIXOGIFQ-UHFFFAOYSA-N,620,745
BALM,drug_to_target,FFGPTBGBLSHEPO-UHFFFAOYSA-N,620,745
BALM,drug_to_target,FGQFOYHRJSUHMR-UHFFFAOYSA-N,620,745
BALM,drug_to_target,FIDLLEYNNRGVFR-CTNGQTDRSA-N,620,745
BALM,drug_to_target,FIKPXCOQUIZNHB-WDEREUQCSA-N,620,745
BALM,drug_to_target,FIVSJYGQAIEMOC-ZGNKEGEESA-N,620,745
BALM,drug_to_target,FJHBVJOVLFPMQE-QFIPXVFZSA-N,620,745
BALM,drug_to_target,FJZZPCZKBUKGGU-AUSIDOKSSA-N,620,745
BALM,drug_to_target,FKENQMMABCRJMK-RITPCOANSA-N,620,745
BALM,drug_to_target,FLSUCZWOEMTFAQ-PRBGKLEPSA-N,620,745
BALM,drug_to_target,FNHKPVJBJVTLMP-UHFFFAOYSA-N,620,745
BALM,drug_to_target,FNKQXYHWGSIFBK-RPDRRWSUSA-N,620,745
BALM,drug_to_target,FPOHNWQLNRZRFC-ZHACJKMWSA-N,620,745
BALM,drug_to_target,FRVSRBKUQZKTOW-YOCNBXQISA-N,620,745
BALM,drug_to_target,FTALBRSUTCGOEG-UHFFFAOYSA-N,620,745
BALM,drug_to_target,FVTWTVQXNAJTQP-UHFFFAOYSA-N,620,745
BALM,drug_to_target,FWLMVFUGMHIOAA-UHFFFAOYSA-N,620,745
BALM,drug_to_target,FWYSMLBETOMXAG-QHCPKHFHSA-N,620,745
BALM,drug_to_target,FWZAWAUZXYCBKZ-NSHDSACASA-N,620,745
BALM,drug_to_target,FYDWDCIFZSGNBU-UHFFFAOYSA-N,620,745
BALM,drug_to_target,FYMHQCNFKNMJAV-HOTGVXAUSA-N,620,745
BALM,drug_to_target,GBLBJPZSROAGMF-RWYJCYHVSA-N,620,745
BALM,drug_to_target,GBXSMTUPTTWBMN-XIRDDKMYSA-N,620,745
BALM,drug_to_target,GCKFUYQCUCGESZ-BPIQYHPVSA-N,620,745
BALM,drug_to_target,GDLBFKVLRPITMI-UHFFFAOYSA-N,620,745
BALM,drug_to_target,GEJDGVNQKABXKG-CFKGEZKQSA-N,620,745
BALM,drug_to_target,GFHAXPJGXSQLPT-VIFPVBQESA-N,620,745
BALM,drug_to_target,GFNANZIMVAIWHM-OBYCQNJPSA-N,620,745
BALM,drug_to_target,GGCSSNBKKAUURC-UHFFFAOYSA-N,620,745
BALM,drug_to_target,GGXICVAJURFBLW-CEYXHVGTSA-N,620,745
BALM,drug_to_target,GHILNKWBALQPDP-UHFFFAOYSA-N,620,745
BALM,drug_to_target,GJJFMKBJSRMPLA-DZGCQCFKSA-N,620,745
BALM,drug_to_target,GJPICJJJRGTNOD-UHFFFAOYSA-N,620,745
BALM,drug_to_target,GJSURZIOUXUGAL-UHFFFAOYSA-N,620,745
BALM,drug_to_target,GKCBAIGFKIBETG-UHFFFAOYSA-N,620,745
BALM,drug_to_target,GKHIVNAUVKXIIY-UHFFFAOYSA-N,620,745
BALM,drug_to_target,GLYMPHUVMRFTFV-QLFBSQMISA-N,620,745
BALM,drug_to_target,GMRQFYUYWCNGIN-NKMMMXOESA-N,620,745
BALM,drug_to_target,GNXFOGHNGIVQEH-UHFFFAOYSA-N,620,745
BALM,drug_to_target,GOTYRUGSSMKFNF-UHFFFAOYSA-N,620,745
BALM,drug_to_target,GPNHMOZDMYNCPO-PDUMRIMRSA-N,620,745
BALM,drug_to_target,GPXBXXGIAQBQNI-UHFFFAOYSA-N,620,745
BALM,drug_to_target,GXJABQQUPOEUTA-RDJZCZTQSA-N,620,745
BALM,drug_to_target,GXXLUDOKHXEFBQ-YJFSRANCSA-N,620,745
BALM,drug_to_target,GYDJEQRTZSCIOI-LJGSYFOKSA-N,620,745
BALM,drug_to_target,GYHCTFXIZSNGJT-UHFFFAOYSA-N,620,745
BALM,drug_to_target,GYQYAJJFPNQOOW-UHFFFAOYSA-N,620,745
BALM,drug_to_target,GZOSMCIZMLWJML-VJLLXTKPSA-N,620,745
BALM,drug_to_target,GZUITABIAKMVPG-UHFFFAOYSA-N,620,745
BALM,drug_to_target,HARRKNSQXBRBGZ-GVKWWOCJSA-N,620,745
BALM,drug_to_target,HAYYBYPASCDWEQ-UHFFFAOYSA-N,620,745
BALM,drug_to_target,HBOMLICNUCNMMY-XLPZGREQSA-N,620,745
BALM,drug_to_target,HCDMJFOHIXMBOV-UHFFFAOYSA-N,620,745
BALM,drug_to_target,HCFDWZZGGLSKEP-UHFFFAOYSA-N,620,745
BALM,drug_to_target,HCRKCZRJWPKOAR-JTQLQIEISA-N,620,745
BALM,drug_to_target,HDACQVRGBOVJII-JBDAPHQKSA-N,620,745
BALM,drug_to_target,HEAUOKZIVMZVQL-VWLOTQADSA-N,620,745
BALM,drug_to_target,HEFNNWSXXWATRW-UHFFFAOYSA-N,620,745
BALM,drug_to_target,HEVHTYMYEMEBPX-HZPDHXFCSA-N,620,745
BALM,drug_to_target,HFNKQEVNSGCOJV-OAHLLOKOSA-N,620,745
BALM,drug_to_target,HFZITXBUTWITPT-YWVKMMECSA-N,620,745
BALM,drug_to_target,HGVDHZBSSITLCT-JLJPHGGASA-N,620,745
BALM,drug_to_target,HHZIURLSWUIHRB-UHFFFAOYSA-N,620,745
BALM,drug_to_target,HIFJCPQKFCZDDL-ACWOEMLNSA-N,620,745
BALM,drug_to_target,HJBWBFZLDZWPHF-UHFFFAOYSA-N,620,745
BALM,drug_to_target,HKDLNTKNLJPAIY-WKWWZUSTSA-N,620,745
BALM,drug_to_target,HKHCSWPSUSWGLI-CABCVRRESA-N,620,745
BALM,drug_to_target,HKXBNHCUPKIYDM-CGMHZMFXSA-N,620,745
BALM,drug_to_target,HMABYWSNWIZPAG-UHFFFAOYSA-N,620,745
BALM,drug_to_target,HNPFPERDNWXAGS-NFVOFSAMSA-N,620,745
BALM,drug_to_target,HOIIHACBCFLJET-SFTDATJTSA-N,620,745
BALM,drug_to_target,HPHUVLMMVZITSG-LURJTMIESA-N,620,745
BALM,drug_to_target,HPJKCIUCZWXJDR-UHFFFAOYSA-N,620,745
BALM,drug_to_target,HPNSFSBZBAHARI-RUDMXATFSA-N,620,745
BALM,drug_to_target,HSUGRBWQSSZJOP-RTWAWAEBSA-N,620,745
BALM,drug_to_target,HTIQEAQVCYTUBX-KRWDZBQOSA-N,620,745
BALM,drug_to_target,HTIQEAQVCYTUBX-UHFFFAOYSA-N,620,745
BALM,drug_to_target,HUNGUWOZPQBXGX-UHFFFAOYSA-N,620,745
BALM,drug_to_target,HVFLCNVBZFFHBT-ZKDACBOMSA-N,620,745
BALM,drug_to_target,HWGQMRYQVZSGDQ-HZPDHXFCSA-N,620,745
BALM,drug_to_target,HWXVIOGONBBTBY-ONEGZZNKSA-N,620,745
BALM,drug_to_target,HYAFETHFCAUJAY-UHFFFAOYSA-N,620,745
BALM,drug_to_target,HYHMLYSLQUKXKP-UHFFFAOYSA-N,620,745
BALM,drug_to_target,HZIYEEMJNBKMJH-UHFFFAOYSA-N,620,745
BALM,drug_to_target,IAKHMKGGTNLKSZ-INIZCTEOSA-N,620,745
BALM,drug_to_target,IAVUPMFITXYVAF-XPUUQOCRSA-N,620,745
BALM,drug_to_target,IDUYJRXRDSPPRC-NRFANRHFSA-N,620,745
BALM,drug_to_target,IEAKXXNRGSLYTQ-DEOSSOPVSA-N,620,745
BALM,drug_to_target,IFSDAJWBUCMOAH-HNNXBMFYSA-N,620,745
BALM,drug_to_target,IIXWYSCJSQVBQM-LLVKDONJSA-N,620,745
BALM,drug_to_target,IKENVDNFQMCRTR-UHFFFAOYSA-N,620,745
BALM,drug_to_target,IKKXOSBHLYMWAE-QRPMWFLTSA-N,620,745
BALM,drug_to_target,IMOZEMNVLZVGJZ-QGZVFWFLSA-N,620,745
BALM,drug_to_target,INJOMKTZOLKMBF-UHFFFAOYSA-N,620,745
BALM,drug_to_target,IOOWNWLVCOUUEX-WPRPVWTQSA-N,620,745
BALM,drug_to_target,IPOKCKJONYRRHP-FMQUCBEESA-N,620,745
BALM,drug_to_target,IPVQLZZIHOAWMC-QXKUPLGCSA-N,620,745
BALM,drug_to_target,IQFYYKKMVGJFEH-CSMHCCOUSA-N,620,745
BALM,drug_to_target,IQIBKLWBVJPOQO-UHFFFAOYSA-N,620,745
BALM,drug_to_target,IQPSEEYGBUAQFF-UHFFFAOYSA-N,620,745
BALM,drug_to_target,IQVRBWUUXZMOPW-PKNBQFBNSA-N,620,745
BALM,drug_to_target,IRSCQMHQWWYFCW-UHFFFAOYSA-N,620,745
BALM,drug_to_target,IUBSYMUCCVWXPE-UHFFFAOYSA-N,620,745
BALM,drug_to_target,IUEWXNHSKRWHDY-PHIMTYICSA-N,620,745
BALM,drug_to_target,IVBHGBMCVLDMKU-GXNBUGAJSA-N,620,745
BALM,drug_to_target,IYIKLHRQXLHMJQ-UHFFFAOYSA-N,620,745
BALM,drug_to_target,IYSYPCSSDZBWHN-UHFFFAOYSA-N,620,745
BALM,drug_to_target,JAUOIFJMECXRGI-UHFFFAOYSA-N,620,745
BALM,drug_to_target,JBIMVDZLSHOPLA-LSCVHKIXSA-N,620,745
BALM,drug_to_target,JBKPUQTUERUYQE-UHFFFAOYSA-O,620,745
BALM,drug_to_target,JCCNYMKQOSZNPW-UHFFFAOYSA-N,620,745
BALM,drug_to_target,JDUBGYFRJFOXQC-KRWDZBQOSA-N,620,745
BALM,drug_to_target,JEECQCWWSTZDCK-IQZGDKDPSA-N,620,745
BALM,drug_to_target,JFOZKMSJYSPYLN-QHCPKHFHSA-N,620,745
BALM,drug_to_target,JGCMEBMXRHSZKX-UHFFFAOYSA-N,620,745
BALM,drug_to_target,JGRXMPYUTJLTKT-UHFFFAOYSA-N,620,745
BALM,drug_to_target,JGWRKYUXBBNENE-UHFFFAOYSA-N,620,745
BALM,drug_to_target,JIVPVXMEBJLZRO-UHFFFAOYSA-N,620,745
BALM,drug_to_target,JJVAPHYEOZSKJZ-JGCGQSQUSA-N,620,745
BALM,drug_to_target,JKVNJTYHRABHIY-WXVUKLJWSA-N,620,745
BALM,drug_to_target,JOLJIIDDOBNFHW-UHFFFAOYSA-N,620,745
BALM,drug_to_target,JOOXLOJCABQBSG-UHFFFAOYSA-N,620,745
BALM,drug_to_target,JQSHBVHOMNKWFT-DTORHVGOSA-N,620,745
BALM,drug_to_target,JURKNVYFZMSNLP-UHFFFAOYSA-N,620,745
BALM,drug_to_target,JUZYLCPPVHEVSV-LJQANCHMSA-N,620,745
BALM,drug_to_target,JVHXJTBJCFBINQ-ADAARDCZSA-N,620,745
BALM,drug_to_target,JVLBPIPGETUEET-WIXLDOGYSA-O,620,745
BALM,drug_to_target,JWHYSEDOYMYMNM-QGZVFWFLSA-N,620,745
BALM,drug_to_target,JWJOTENAMICLJG-QWBYCMEYSA-N,620,745
BALM,drug_to_target,JWNPDZNEKVCWMY-VQHVLOKHSA-N,620,745
BALM,drug_to_target,JWUBBDSIWDLEOM-DTOXIADCSA-N,620,745
BALM,drug_to_target,JYGXADMDTFJGBT-VWUMJDOOSA-N,620,745
BALM,drug_to_target,JYTNQNCOQXFQPK-MRXNPFEDSA-N,620,745
BALM,drug_to_target,JZUFKLXOESDKRF-UHFFFAOYSA-N,620,745
BALM,drug_to_target,KAQKFAOMNZTLHT-OZUDYXHBSA-N,620,745
BALM,drug_to_target,KBOPZPXVLCULAV-UHFFFAOYSA-N,620,745
BALM,drug_to_target,KDGFLJKFZUIJMX-UHFFFAOYSA-N,620,745
BALM,drug_to_target,KDLRVYVGXIQJDK-AWPVFWJPSA-N,620,745
BALM,drug_to_target,KEDYTOTWMPBSLG-HILJTLORSA-N,620,745
BALM,drug_to_target,KEIPNCCJPRMIAX-HNNXBMFYSA-N,620,745
BALM,drug_to_target,KENSGCYKTRNIST-RVUAFKSESA-N,620,745
BALM,drug_to_target,KFQYTPMOWPVWEJ-INIZCTEOSA-N,620,745
BALM,drug_to_target,KGFYHTZWPPHNLQ-AWEZNQCLSA-N,620,745
BALM,drug_to_target,KGSXMPPBFPAXLY-UHFFFAOYSA-N,620,745
BALM,drug_to_target,KIHYPELVXPAIDH-HNSNBQBZSA-N,620,745
BALM,drug_to_target,KIQXRQVVYTYYAZ-VKVYFNERSA-N,620,745
BALM,drug_to_target,KJADKKWYZYXHBB-XBWDGYHZSA-N,620,745
BALM,drug_to_target,KJFBVJALEQWJBS-XUXIUFHCSA-N,620,745
BALM,drug_to_target,KJHKTHWMRKYKJE-SUGCFTRWSA-N,620,745
BALM,drug_to_target,KKGQTZUTZRNORY-UHFFFAOYSA-N,620,745
BALM,drug_to_target,KPBZROQVTHLCDU-UHFFFAOYSA-N,620,745
BALM,drug_to_target,KPVIXBKIJXZQJX-CSOZIWFHSA-N,620,745
BALM,drug_to_target,KPWSJANDNDDRMB-QAQDUYKDSA-N,620,745
BALM,drug_to_target,KPYSYYIEGFHWSV-UHFFFAOYSA-N,620,745
BALM,drug_to_target,KQKPFRSPSRPDEB-UHFFFAOYSA-N,620,745
BALM,drug_to_target,KRNAOFGYEFKHPB-ANJVHQHFSA-N,620,745
BALM,drug_to_target,KSGXQBZTULBEEQ-UHFFFAOYSA-N,620,745
BALM,drug_to_target,KSMAGQUYOIHWFS-UHFFFAOYSA-N,620,745
BALM,drug_to_target,KTEIFNKAUNYNJU-GFCCVEGCSA-N,620,745
BALM,drug_to_target,KTUFNOKKBVMGRW-UHFFFAOYSA-N,620,745
BALM,drug_to_target,KVWDHTXUZHCGIO-UHFFFAOYSA-N,620,745
BALM,drug_to_target,KWGRBVOPPLSCSI-WCBMZHEXSA-N,620,745
BALM,drug_to_target,KWGRBVOPPLSCSI-WPRPVWTQSA-N,620,745
BALM,drug_to_target,KWTSXDURSIMDCE-QMMMGPOBSA-N,620,745
BALM,drug_to_target,KWTSXDURSIMDCE-UHFFFAOYSA-N,620,745
BALM,drug_to_target,KWTWDQCKEHXFFR-SMDDNHRTSA-N,620,745
BALM,drug_to_target,KXNPVXPOPUZYGB-IOVMHBDKSA-N,620,745
BALM,drug_to_target,KYYIDSXMWOZKMP-UHFFFAOYSA-N,620,745
BALM,drug_to_target,LCQLHJZYVOQKHU-VKHMYHEASA-N,620,745
BALM,drug_to_target,LDCRTTXIJACKKU-ONEGZZNKSA-N,620,745
BALM,drug_to_target,LDEKQSIMHVQZJK-CAQYMETFSA-N,620,745
BALM,drug_to_target,LEBVLXFERQHONN-UHFFFAOYSA-N,620,745
BALM,drug_to_target,LERNTVKEWCAPOY-DZZGSBJMSA-N,620,745
BALM,drug_to_target,LEZWWPYKPKIXLL-UHFFFAOYSA-N,620,745
BALM,drug_to_target,LFQDNHWZDQTITF-UHFFFAOYSA-N,620,745
BALM,drug_to_target,LHHCSNFAOIFYRV-DOVBMPENSA-N,620,745
BALM,drug_to_target,LIENCHBZNNMNKG-OJFNHCPVSA-N,620,745
BALM,drug_to_target,LIOLIMKSCNQPLV-UHFFFAOYSA-N,620,745
BALM,drug_to_target,LIRYPHYGHXZJBZ-UHFFFAOYSA-N,620,745
BALM,drug_to_target,LKJPYSCBVHEWIU-UHFFFAOYSA-N,620,745
BALM,drug_to_target,LLPOLZWFYMWNKH-CMKMFDCUSA-N,620,745
BALM,drug_to_target,LMMJFBMMJUMSJS-UHFFFAOYSA-N,620,745
BALM,drug_to_target,LOMMPXLFBTZENJ-ZACQAIPSSA-N,620,745
BALM,drug_to_target,LOUPRKONTZGTKE-LHHVKLHASA-N,620,745
BALM,drug_to_target,LOWWYYZBZNSPDT-ZBEGNZNMSA-N,620,745
BALM,drug_to_target,LPAUOXUZGSBGDU-STDDISTJSA-N,620,745
BALM,drug_to_target,LPQZKKCYTLCDGQ-WEDXCCLWSA-N,620,745
BALM,drug_to_target,LRFKWQGGENFBFO-IBGZPJMESA-N,620,745
BALM,drug_to_target,LSQZJLSUYDQPKJ-NJBDSQKTSA-N,620,745
BALM,drug_to_target,LTXBFJFJUIJOQE-GOSISDBHSA-N,620,745
BALM,drug_to_target,LTXREWYXXSTFRX-QGZVFWFLSA-N,620,745
BALM,drug_to_target,LUKZNWIVRBCLON-GXOBDPJESA-N,620,745
BALM,drug_to_target,LUMKNAVTFCDUIE-VHXPQNKSSA-N,620,745
BALM,drug_to_target,LUZRJRNZXALNLM-JGRZULCMSA-N,620,745
BALM,drug_to_target,LVXJQMNHJWSHET-AATRIKPKSA-N,620,745
BALM,drug_to_target,LWQQLNNNIPYSNX-UROSTWAQSA-N,620,745
BALM,drug_to_target,LXBIFEVIBLOUGU-DPYQTVNSSA-N,620,745
BALM,drug_to_target,LXMSZDCAJNLERA-ZHYRCANASA-N,620,745
BALM,drug_to_target,LZFZMUMEGBBDTC-QEJZJMRPSA-N,620,745
BALM,drug_to_target,MAEIEVLCKWDQJH-UHFFFAOYSA-N,620,745
BALM,drug_to_target,MBBCVAKAJPKAKM-UHFFFAOYSA-N,620,745
BALM,drug_to_target,MBUVEWMHONZEQD-UHFFFAOYSA-N,620,745
BALM,drug_to_target,MCGSCOLBFJQGHM-SCZZXKLOSA-N,620,745
BALM,drug_to_target,MCIACXAZCBVDEE-CUUWFGFTSA-N,620,745
BALM,drug_to_target,MDSQOJYHHZBZKA-GBXCKJPGSA-N,620,745
BALM,drug_to_target,MEJLVLMAJJRLCR-GCCNXGTGSA-N,620,745
BALM,drug_to_target,METQSPRSQINEEU-HXCATZOESA-N,620,745
BALM,drug_to_target,MEZLKOACVSPNER-GFCCVEGCSA-N,620,745
BALM,drug_to_target,MFBCDACCJCDGBA-UHFFFAOYSA-N,620,745
BALM,drug_to_target,MFFMDFFZMYYVKS-SECBINFHSA-N,620,745
BALM,drug_to_target,MJIHNNLFOKEZEW-RUZDIDTESA-N,620,745
BALM,drug_to_target,MJIHNNLFOKEZEW-UHFFFAOYSA-N,620,745
BALM,drug_to_target,MJUVRTYWUMPBTR-MRXNPFEDSA-N,620,745
BALM,drug_to_target,MKJIEFSOBYUXJB-HOCLYGCPSA-N,620,745
BALM,drug_to_target,MKJIEFSOBYUXJB-WEZHFFAMSA-N,620,745
BALM,drug_to_target,MKPLKVHSHYCHOC-AHTXBMBWSA-N,620,745
BALM,drug_to_target,MKUXAQIIEYXACX-UHFFFAOYSA-N,620,745
BALM,drug_to_target,MKXZASYAUGDDCJ-NJAFHUGGSA-N,620,745
BALM,drug_to_target,MLBVMOWEQCZNCC-OEMFJLHTSA-N,620,745
BALM,drug_to_target,MLDQJTXFUGDVEO-UHFFFAOYSA-N,620,745
BALM,drug_to_target,MLYYVTUWGNIJIB-BXKDBHETSA-N,620,745
BALM,drug_to_target,MNDBXUUTURYVHR-UHFFFAOYSA-N,620,745
BALM,drug_to_target,MOTJMGVDPWRKOC-QPVYNBJUSA-N,620,745
BALM,drug_to_target,MOYKHGMNXAOIAT-JGWLITMVSA-N,620,745
BALM,drug_to_target,MQJKPEGWNLWLTK-UHFFFAOYSA-N,620,745
BALM,drug_to_target,MQOBSOSZFYZQOK-UHFFFAOYSA-N,620,745
BALM,drug_to_target,MRBDMNSDAVCSSF-UHFFFAOYSA-N,620,745
BALM,drug_to_target,MSYKRHVOOPPJKU-BDAKNGLRSA-N,620,745
BALM,drug_to_target,MUGXRYIUWFITCP-PGRDOPGGSA-N,620,745
BALM,drug_to_target,MUMGGOZAMZWBJJ-DYKIIFRCSA-N,620,745
BALM,drug_to_target,MVGWUTBTXDYMND-QGZVFWFLSA-N,620,745
BALM,drug_to_target,MVRHVFSOIWFBTE-INIZCTEOSA-N,620,745
BALM,drug_to_target,MVWVFYHBGMAFLY-UHFFFAOYSA-N,620,745
BALM,drug_to_target,MWKYMZXCGYXLPL-ZDUSSCGKSA-N,620,745
BALM,drug_to_target,MWLSOWXNZPKENC-UHFFFAOYSA-N,620,745
BALM,drug_to_target,MWTBKTRZPHJQLH-UHFFFAOYSA-N,620,745
BALM,drug_to_target,MXAYKZJJDUDWDS-LBPRGKRZSA-N,620,745
BALM,drug_to_target,MYSWGUAQZAJSOK-UHFFFAOYSA-N,620,745
BALM,drug_to_target,NBGABHGMJVIVBW-QHCPKHFHSA-N,620,745
BALM,drug_to_target,NBRBXGKOEOGLOI-UHFFFAOYSA-N,620,745
BALM,drug_to_target,NCLGDOBQAWBXRA-PGRDOPGGSA-N,620,745
BALM,drug_to_target,NCNRHFGMJRPRSK-MDZDMXLPSA-N,620,745
BALM,drug_to_target,NDAUXUAQIAJITI-LBPRGKRZSA-N,620,745
BALM,drug_to_target,NDAUXUAQIAJITI-UHFFFAOYSA-N,620,745
BALM,drug_to_target,NDCUAPJVLWFHHB-UHNVWZDZSA-N,620,745
BALM,drug_to_target,NDDAHWYSQHTHNT-UHFFFAOYSA-N,620,745
BALM,drug_to_target,NEMGRZFTLSKBAP-LBPRGKRZSA-N,620,745
BALM,drug_to_target,NEQYWYXGTJDAKR-JTQLQIEISA-N,620,745
BALM,drug_to_target,NFEZZTICAUWDHU-RDTXWAMCSA-N,620,745
BALM,drug_to_target,NGBFQHCMQULJNZ-UHFFFAOYSA-N,620,745
BALM,drug_to_target,NHHQJBCNYHBUSI-UHFFFAOYSA-N,620,745
BALM,drug_to_target,NIJJYAXOARWZEE-UHFFFAOYSA-N,620,745
BALM,drug_to_target,NKANXQFJJICGDU-QPLCGJKRSA-N,620,745
BALM,drug_to_target,NKHAVTQWNUWKEO-NSCUHMNNSA-N,620,745
BALM,drug_to_target,NNACHAUCXXVJSP-UHFFFAOYSA-N,620,745
BALM,drug_to_target,NNJVILVZKWQKPM-UHFFFAOYSA-N,620,745
BALM,drug_to_target,NOZIJMHMKORZBA-KJCUYJGMSA-N,620,745
BALM,drug_to_target,NQDJXKOVJZTUJA-UHFFFAOYSA-N,620,745
BALM,drug_to_target,NSQSAUGJQHDYNO-UHFFFAOYSA-N,620,745
BALM,drug_to_target,NTJOBXMMWNYJFB-UHFFFAOYSA-N,620,745
BALM,drug_to_target,NUKYPUAOHBNCPY-UHFFFAOYSA-N,620,745
BALM,drug_to_target,NXQKSXLFSAEQCZ-SFHVURJKSA-N,620,745
BALM,drug_to_target,NYDCDZSEEAUOHN-IZHYLOQSSA-N,620,745
BALM,drug_to_target,NYNZQNWKBKUAII-KBXCAEBGSA-N,620,745
BALM,drug_to_target,OBWASQILIWPZMG-QZMOQZSNSA-N,620,745
BALM,drug_to_target,ODAIHABQVKJNIY-PEDHHIEDSA-N,620,745
BALM,drug_to_target,OEKWJQXRCDYSHL-FNOIDJSQSA-N,620,745
BALM,drug_to_target,OEOLOEUAGSPDLT-UHFFFAOYSA-N,620,745
BALM,drug_to_target,OEXHQOGQTVQTAT-JRNQLAHRSA-N,620,745
BALM,drug_to_target,OFCNXPDARWKPPY-UHFFFAOYSA-N,620,745
BALM,drug_to_target,OFPXSFXSNFPTHF-UHFFFAOYSA-N,620,745
BALM,drug_to_target,OFZJKCQENFPZBH-UHFFFAOYSA-N,620,745
BALM,drug_to_target,OGHNVEJMJSYVRP-UHFFFAOYSA-N,620,745
BALM,drug_to_target,OGQICQVSFDPSEI-UHFFFAOYSA-N,620,745
BALM,drug_to_target,OHRURASPPZQGQM-GCCNXGTGSA-N,620,745
BALM,drug_to_target,OIGNJSKKLXVSLS-VWUMJDOOSA-N,620,745
BALM,drug_to_target,OJFSXZCBGQGRNV-UHFFFAOYSA-N,620,745
BALM,drug_to_target,OJQMKCBWYCWFPU-UHFFFAOYSA-N,620,745
BALM,drug_to_target,OLAHOMJCDNXHFI-UHFFFAOYSA-N,620,745
BALM,drug_to_target,OLNTVTPDXPETLC-XPWALMASSA-N,620,745
BALM,drug_to_target,ONIQOQHATWINJY-UHFFFAOYSA-N,620,745
BALM,drug_to_target,OPXLLQIJSORQAM-UHFFFAOYSA-N,620,745
BALM,drug_to_target,OROGSEYTTFOCAN-DNJOTXNNSA-N,620,745
BALM,drug_to_target,OUBCNLGXQFSTLU-UHFFFAOYSA-N,620,745
BALM,drug_to_target,OUJTZYPIHDYQMC-LJQANCHMSA-N,620,745
BALM,drug_to_target,OURRXQUGYQRVML-AREMUKBSSA-N,620,745
BALM,drug_to_target,OXPLANUPKBHPMS-ZXBNPROVSA-N,620,745
BALM,drug_to_target,OYTKINVCDFNREN-UHFFFAOYSA-N,620,745
BALM,drug_to_target,OYYDSUSKLWTMMQ-JKHIJQBDSA-N,620,745
BALM,drug_to_target,OZGNYLLQHRPOBR-DHZHZOJOSA-N,620,745
BALM,drug_to_target,OZOMQRBLCMDCEG-VIZOYTHASA-N,620,745
BALM,drug_to_target,OZVBMTJYIDMWIL-AYFBDAFISA-N,620,745
BALM,drug_to_target,OZWKMVRBQXNZKK-UHFFFAOYSA-N,620,745
BALM,drug_to_target,PAJMKGZZBBTTOY-ZFORQUDYSA-N,620,745
BALM,drug_to_target,PBAPPPCECJKMCM-IBGZPJMESA-N,620,745
BALM,drug_to_target,PCHKPVIQAHNQLW-CQSZACIVSA-N,620,745
BALM,drug_to_target,PCOBBVZJEWWZFR-UHFFFAOYSA-N,620,745
BALM,drug_to_target,PDGKHKMBHVFCMG-UHFFFAOYSA-N,620,745
BALM,drug_to_target,PDWUPXJEEYOOTR-UHFFFAOYSA-N,620,745
BALM,drug_to_target,PEMUGDMSUDYLHU-ZEQRLZLVSA-N,620,745
BALM,drug_to_target,PGTVWKLGGCQMBR-FLBATMFCSA-N,620,745
BALM,drug_to_target,PHLBKPHSAVXXEF-UHFFFAOYSA-N,620,745
BALM,drug_to_target,PHXJVRSECIGDHY-UHFFFAOYSA-N,620,745
BALM,drug_to_target,PIBARDGJJAGJAJ-NQIIRXRSSA-N,620,745
BALM,drug_to_target,PJDFLNIOAUIZSL-UHFFFAOYSA-N,620,745
BALM,drug_to_target,PJMPHNIQZUBGLI-UHFFFAOYSA-N,620,745
BALM,drug_to_target,PMXMIIMHBWHSKN-UHFFFAOYSA-N,620,745
BALM,drug_to_target,PNCPYILNMDWPEY-QGZVFWFLSA-N,620,745
BALM,drug_to_target,PNVNVHUZROJLTJ-UHFFFAOYSA-N,620,745
BALM,drug_to_target,POGQSBRIGCQNEG-UHFFFAOYSA-N,620,745
BALM,drug_to_target,PPSNFPASKFYPMN-SECBINFHSA-N,620,745
BALM,drug_to_target,PQXKDMSYBGKCJA-CVTJIBDQSA-N,620,745
BALM,drug_to_target,PRMWGUBFXWROHD-UHFFFAOYSA-N,620,745
BALM,drug_to_target,PSIFNNKUMBGKDQ-UHFFFAOYSA-N,620,745
BALM,drug_to_target,PTOIAAWZLUQTIO-GXFFZTMASA-N,620,745
BALM,drug_to_target,PUKBOVABABRILL-YZNIXAGQSA-N,620,745
BALM,drug_to_target,PURKAOJPTOLRMP-ASMGOKTBSA-N,620,745
BALM,drug_to_target,PURKAOJPTOLRMP-UHFFFAOYSA-N,620,745
BALM,drug_to_target,PYGWGZALEOIKDF-UHFFFAOYSA-N,620,745
BALM,drug_to_target,PYNXFZCZUAOOQC-UTKZUKDTSA-N,620,745
BALM,drug_to_target,PYZRQGJRPPTADH-UHFFFAOYSA-N,620,745
BALM,drug_to_target,PZBCKZWLPGJMAO-UHFFFAOYSA-N,620,745
BALM,drug_to_target,PZFAZQUREQIODZ-LJQANCHMSA-N,620,745
BALM,drug_to_target,QADPYRIHXKWUSV-UHFFFAOYSA-N,620,745
BALM,drug_to_target,QCHFTSOMWOSFHM-WPRPVWTQSA-N,620,745
BALM,drug_to_target,QCZAWDGAVJMPTA-RNFRBKRXSA-N,620,745
BALM,drug_to_target,QDGZDCVAUDNJFG-FXQIFTODSA-N,620,745
BALM,drug_to_target,QEFAQIPZVLVERP-UHFFFAOYSA-N,620,745
BALM,drug_to_target,QFFGVLORLPOAEC-SNVBAGLBSA-N,620,745
BALM,drug_to_target,QFNHIDANIVGXPE-FNZWTVRRSA-N,620,745
BALM,drug_to_target,QGJUIPDUBHWZPV-SGTAVMJGSA-N,620,745
BALM,drug_to_target,QHMBSVQNZZTUGM-ZWKOTPCHSA-N,620,745
BALM,drug_to_target,QIVUCLWGARAQIO-OLIXTKCUSA-N,620,745
BALM,drug_to_target,QKDRXGFQVGOQKS-CRSSMBPESA-N,620,745
BALM,drug_to_target,QNZCBYKSOIHPEH-UHFFFAOYSA-N,620,745
BALM,drug_to_target,QOIGKGMMAGJZNZ-UHFFFAOYSA-N,620,745
BALM,drug_to_target,QQHMKNYGKVVGCZ-UHFFFAOYSA-N,620,745
BALM,drug_to_target,QRPZBKAMSFHVRW-UHFFFAOYSA-N,620,745
BALM,drug_to_target,QTGIAADRBBLJGA-UHFFFAOYSA-N,620,745
BALM,drug_to_target,QTWZICCBKBYHDM-UHFFFAOYSA-N,620,745
BALM,drug_to_target,QUIJNHUBAXPXFS-XLJNKUFUSA-N,620,745
BALM,drug_to_target,QXWYKJLNLSIPIN-JGVFFNPUSA-N,620,745
BALM,drug_to_target,QXWZQTURMXZVHJ-UHFFFAOYSA-N,620,745
BALM,drug_to_target,QYSXJUFSXHHAJI-YRZJJWOYSA-N,620,745
BALM,drug_to_target,QZFHIXARHDBPBY-UHFFFAOYSA-N,620,745
BALM,drug_to_target,QZUDBNBUXVUHMW-UHFFFAOYSA-N,620,745
BALM,drug_to_target,QZZUEBNBZAPZLX-QFIPXVFZSA-N,620,745
BALM,drug_to_target,RAPZEAPATHNIPO-UHFFFAOYSA-N,620,745
BALM,drug_to_target,RBTBFTRPCNLSDE-UHFFFAOYSA-N,620,745
BALM,drug_to_target,RDOIQAHITMMDAJ-UHFFFAOYSA-N,620,745
BALM,drug_to_target,RENRQMCACQEWFC-UGKGYDQZSA-N,620,745
BALM,drug_to_target,RGFBRLNVZCCMSV-BIRGHMBHSA-N,620,745
BALM,drug_to_target,RHWKPHLQXYSBKR-BMIGLBTASA-N,620,745
BALM,drug_to_target,RHXHGRAEPCAFML-UHFFFAOYSA-N,620,745
BALM,drug_to_target,RITAVMQDGBJQJZ-FMIVXFBMSA-N,620,745
BALM,drug_to_target,RJCWBNBKOKFWNY-IDPLTSGASA-N,620,745
BALM,drug_to_target,RJKFOVLPORLFTN-LEKSSAKUSA-N,620,745
BALM,drug_to_target,RKEWSXXUOLRFBX-UHFFFAOYSA-N,620,745
BALM,drug_to_target,RKUNBYITZUJHSG-SPUOUPEWSA-N,620,745
BALM,drug_to_target,RLAWWYSOJDYHDC-BZSNNMDCSA-N,620,745
BALM,drug_to_target,RLCLASQCAPXVLM-NSHDSACASA-N,620,745
BALM,drug_to_target,RMMXLENWKUUMAY-UHFFFAOYSA-N,620,745
BALM,drug_to_target,RMRJXGBAOAMLHD-IHFGGWKQSA-N,620,745
BALM,drug_to_target,RNOAOAWBMHREKO-QFIPXVFZSA-N,620,745
BALM,drug_to_target,RRMJMHOQSALEJJ-UHFFFAOYSA-N,620,745
BALM,drug_to_target,RTGDFNSFWBGLEC-SYZQJQIISA-N,620,745
BALM,drug_to_target,RTHCYVBBDHJXIQ-UHFFFAOYSA-N,620,745
BALM,drug_to_target,RUDATBOHQWOJDD-BSWAIDMHSA-N,620,745
BALM,drug_to_target,RUEYEZADQJCKGV-UHFFFAOYSA-N,620,745
BALM,drug_to_target,RUOKEQAAGRXIBM-GFCCVEGCSA-N,620,745
BALM,drug_to_target,RUZYUOTYCVRMRZ-UHFFFAOYSA-N,620,745
BALM,drug_to_target,RVOLLAQWKVFTGE-UHFFFAOYSA-N,620,745
BALM,drug_to_target,RWTNPBWLLIMQHL-UHFFFAOYSA-N,620,745
BALM,drug_to_target,RYIDHLJADOKWFM-MAODMQOUSA-N,620,745
BALM,drug_to_target,RYMZZMVNJRMUDD-HGQWONQESA-N,620,745
BALM,drug_to_target,RZEKVGVHFLEQIL-UHFFFAOYSA-N,620,745
BALM,drug_to_target,RZVAJINKPMORJF-UHFFFAOYSA-N,620,745
BALM,drug_to_target,RZVPBGBYGMDSBG-GGAORHGYSA-N,620,745
BALM,drug_to_target,SDEAXTCZPQIFQM-UHFFFAOYSA-N,620,745
BALM,drug_to_target,SDUQYLNIPVEERB-QPPQHZFASA-N,620,745
BALM,drug_to_target,SECKRCOLJRRGGV-UHFFFAOYSA-N,620,745
BALM,drug_to_target,SEVCTUCCZYBJER-BSJAROSPSA-N,620,745
BALM,drug_to_target,SFLSHLFXELFNJZ-QMMMGPOBSA-N,620,745
BALM,drug_to_target,SFNSLLSYNZWZQG-VQIMIIECSA-N,620,745
BALM,drug_to_target,SGEGOXDYSFKCPT-UHFFFAOYSA-N,620,745
BALM,drug_to_target,SGEUNORSOZVTOL-CABZTGNLSA-N,620,745
BALM,drug_to_target,SGUAFYQXFOLMHL-UHFFFAOYSA-N,620,745
BALM,drug_to_target,SHGAZHPCJJPHSC-XFYACQKRSA-N,620,745
BALM,drug_to_target,SHGAZHPCJJPHSC-YCNIQYBTSA-N,620,745
BALM,drug_to_target,SIFNOOUKXBRGGB-AREMUKBSSA-N,620,745
BALM,drug_to_target,SJVQHLPISAIATJ-ZDUSSCGKSA-N,620,745
BALM,drug_to_target,SJZRECIVHVDYJC-UHFFFAOYSA-N,620,745
BALM,drug_to_target,SMOBCLHAZXOKDQ-ZJUUUORDSA-N,620,745
BALM,drug_to_target,SNICXCGAKADSCV-JTQLQIEISA-N,620,745
BALM,drug_to_target,SNIOPGDIGTZGOP-UHFFFAOYSA-N,620,745
BALM,drug_to_target,SNPPWIUOZRMYNY-UHFFFAOYSA-N,620,745
BALM,drug_to_target,SNUDIPVBUUXCDG-QHSBEEBCSA-N,620,745
BALM,drug_to_target,SOLUWJRYJLAZCX-LYOVBCGYSA-N,620,745
BALM,drug_to_target,SONNWYBIRXJNDC-VIFPVBQESA-N,620,745
BALM,drug_to_target,SOYCMDCMZDHQFP-UHFFFAOYSA-N,620,745
BALM,drug_to_target,SOYKEARSMXGVTM-UHFFFAOYSA-N,620,745
BALM,drug_to_target,SPMVMDHWKHCIDT-UHFFFAOYSA-N,620,745
BALM,drug_to_target,STPKWKPURVSAJF-LJEWAXOPSA-N,620,745
BALM,drug_to_target,STUWGJZDJHPWGZ-LBPRGKRZSA-N,620,745
BALM,drug_to_target,STZYTFJPGGDRJD-NHUWBDDWSA-N,620,745
BALM,drug_to_target,SUBDBMMJDZJVOS-DEOSSOPVSA-N,620,745
BALM,drug_to_target,SUBDBMMJDZJVOS-UHFFFAOYSA-N,620,745
BALM,drug_to_target,SUDAHWBOROXANE-SECBINFHSA-N,620,745
BALM,drug_to_target,SUJUHGSWHZTSEU-FYBSXPHGSA-N,620,745
BALM,drug_to_target,TTWJBBZEZQICBI-UHFFFAOYSA-N,620,745
BALM,drug_to_target,TTZHDVOVKQGIBA-IQWMDFIBSA-N,620,745
BALM,drug_to_target,TXEIIPDJKFWEEC-UHFFFAOYSA-N,620,745
BALM,drug_to_target,TYZROVQLWOKYKF-ZDUSSCGKSA-N,620,745
BALM,drug_to_target,TZFNLOMSOLWIDK-JTQLQIEISA-N,620,745
BALM,drug_to_target,UBPYILGKFZZVDX-UHFFFAOYSA-N,620,745
BALM,drug_to_target,UBQNRHZMVUUOMG-UHFFFAOYSA-N,620,745
BALM,drug_to_target,UBZPNQRBUOBBLN-PWRODBHTSA-N,620,745
BALM,drug_to_target,UCFGDBYHRUNTLO-QHCPKHFHSA-N,620,745
BALM,drug_to_target,UCJGJABZCDBEDK-UHFFFAOYSA-N,620,745
BALM,drug_to_target,UCTWMZQNUQWSLP-VIFPVBQESA-N,620,745
BALM,drug_to_target,UEJJHQNACJXSKW-UHFFFAOYSA-N,620,745
BALM,drug_to_target,UFSKUSARDNFIRC-UHFFFAOYSA-N,620,745
BALM,drug_to_target,UGJMXCAKCUNAIE-UHFFFAOYSA-N,620,745
BALM,drug_to_target,UHSKFQJFRQCDBE-UHFFFAOYSA-N,620,745
BALM,drug_to_target,UHTHHESEBZOYNR-UHFFFAOYSA-N,620,745
BALM,drug_to_target,UIAGMCDKSXEBJQ-UHFFFAOYSA-N,620,745
BALM,drug_to_target,UJLAWZDWDVHWOW-YPMHNXCESA-N,620,745
BALM,drug_to_target,UJVDJAPJQWZRFR-DHIUTWEWSA-N,620,745
BALM,drug_to_target,ULFRLSNUDGIQQP-UHFFFAOYSA-N,620,745
BALM,drug_to_target,ULXXDDBFHOBEHA-CWDCEQMOSA-N,620,745
BALM,drug_to_target,UPNUIXSCZBYVBB-JVFUWBCBSA-N,620,745
BALM,drug_to_target,UQCNKQCJZOAFTQ-ISWURRPUSA-N,620,745
BALM,drug_to_target,UQRORFVVSGFNRO-UTINFBMNSA-N,620,745
BALM,drug_to_target,UREBDLICKHMUKA-CXSFZGCWSA-N,620,745
BALM,drug_to_target,UREBDLICKHMUKA-DVTGEIKXSA-N,620,745
BALM,drug_to_target,URKOMYMAXPYINW-UHFFFAOYSA-N,620,745
BALM,drug_to_target,USUZGMWDZDXMDG-CYBMUJFWSA-N,620,745
BALM,drug_to_target,USZAGAREISWJDP-UHFFFAOYSA-N,620,745
BALM,drug_to_target,UTNUDOFZCWSZMS-YFHOEESVSA-N,620,745
BALM,drug_to_target,UVSMNLNDYGZFPF-UHFFFAOYSA-N,620,745
BALM,drug_to_target,UWKQSNNFCGGAFS-XIFFEERXSA-N,620,745
BALM,drug_to_target,UXNXMBYCBRBRFD-MUUNZHRXSA-N,620,745
BALM,drug_to_target,UZHSEJADLWPNLE-GRGSLBFTSA-N,620,745
BALM,drug_to_target,UZWDCWONPYILKI-UHFFFAOYSA-N,620,745
BALM,drug_to_target,VCKUSRYTPJJLNI-UHFFFAOYSA-N,620,745
BALM,drug_to_target,VCSUIBJKYCVWNF-NRFANRHFSA-N,620,745
BALM,drug_to_target,VDANGULDQQJODZ-UHFFFAOYSA-N,620,745
BALM,drug_to_target,VERWOWGGCGHDQE-UHFFFAOYSA-N,620,745
BALM,drug_to_target,VFBILHPIHUPBPZ-UHFFFAOYSA-N,620,745
BALM,drug_to_target,VFCRKLWBYMDAED-REWPJTCUSA-N,620,745
BALM,drug_to_target,VGKDLMBJGBXTGI-SJCJKPOMSA-N,620,745
BALM,drug_to_target,VGYFMXBACGZSIL-MCBHFWOFSA-N,620,745
BALM,drug_to_target,VHGCDTVCOLNTBX-QGZVFWFLSA-N,620,745
BALM,drug_to_target,VIKNJXKGJWUCNN-XGXHKTLJSA-N,620,745
BALM,drug_to_target,VJJPUSNTGOMMGY-MRVIYFEKSA-N,620,745
BALM,drug_to_target,VKHAHZOOUSRJNA-GCNJZUOMSA-N,620,745
BALM,drug_to_target,VLCYCQAOQCDTCN-UHFFFAOYSA-N,620,745
BALM,drug_to_target,VMWNQDUVQKEIOC-CYBMUJFWSA-N,620,745
BALM,drug_to_target,VNFPBHJOKIVQEB-UHFFFAOYSA-N,620,745
BALM,drug_to_target,VOBHXZCDAVEXEY-JSGCOSHPSA-N,620,745
BALM,drug_to_target,VOVIALXJUBGFJZ-KWVAZRHASA-N,620,745
BALM,drug_to_target,VOVZXURTCKPRDQ-CQSZACIVSA-N,620,745
BALM,drug_to_target,VPJXQGSRWJZDOB-UHFFFAOYSA-O,620,745
BALM,drug_to_target,VPMRSLWWUXNYRY-PJCFOSJUSA-N,620,745
BALM,drug_to_target,VPPJLAIAVCUEMN-GFCCVEGCSA-N,620,745
BALM,drug_to_target,VREFGVBLTWBCJP-UHFFFAOYSA-N,620,745
BALM,drug_to_target,VSNHCAURESNICA-UHFFFAOYSA-N,620,745
BALM,drug_to_target,VSWBSWWIRNCQIJ-HUUCEWRRSA-N,620,745
BALM,drug_to_target,VTRAEEWXHOVJFV-UHFFFAOYSA-N,620,745
BALM,drug_to_target,VUDZSIYXZUYWSC-DBRKOABJSA-N,620,745
BALM,drug_to_target,VWMJHAFYPMOMGF-ZCFIWIBFSA-N,620,745
BALM,drug_to_target,VWUXBMIQPBEWFH-WCCTWKNTSA-N,620,745
BALM,drug_to_target,VWVSBHGCDBMOOT-IIEHVVJPSA-N,620,745
BALM,drug_to_target,VYFYYTLLBUKUHU-UHFFFAOYSA-N,620,745
BALM,drug_to_target,VZZJRYRQSPEMTK-CALCHBBNSA-N,620,745
BALM,drug_to_target,WAEXFXRVDQXREF-UHFFFAOYSA-N,620,745
BALM,drug_to_target,WANIDIGFXJFFEL-SANMLTNESA-N,620,745
BALM,drug_to_target,WAXQNWCZJDTGBU-UHFFFAOYSA-N,620,745
BALM,drug_to_target,WBFUHHBPNXWNCC-UHFFFAOYSA-N,620,745
BALM,drug_to_target,WBGKWQHBNHJJPZ-LECWWXJVSA-N,620,745
BALM,drug_to_target,WCWSTNLSLKSJPK-LKFCYVNXSA-N,620,745
BALM,drug_to_target,WDENQIQQYWYTPO-IBGZPJMESA-N,620,745
BALM,drug_to_target,WEAJZXNPAWBCOA-INIZCTEOSA-N,620,745
BALM,drug_to_target,WEQLWGNDNRARGE-DJIMGWMZSA-N,620,745
BALM,drug_to_target,WGFOBBZOWHGYQH-MXHNKVEKSA-N,620,745
BALM,drug_to_target,WIGIZIANZCJQQY-RUCARUNLSA-N,620,745
BALM,drug_to_target,WIJZXSAJMHAVGX-DHLKQENFSA-N,620,745
BALM,drug_to_target,WINHZLLDWRZWRT-ATVHPVEESA-N,620,745
BALM,drug_to_target,WJBLNOPPDWQMCH-MBPVOVBZSA-N,620,745
BALM,drug_to_target,WJOHZNCJWYWUJD-IUGZLZTKSA-N,620,745
BALM,drug_to_target,WMDSZGFJQKSLLH-RBBKRZOGSA-N,620,745
BALM,drug_to_target,WOSKHXYHFSIKNG-UHFFFAOYSA-N,620,745
BALM,drug_to_target,WOXKDUGGOYFFRN-IIBYNOLFSA-N,620,745
BALM,drug_to_target,WPVFJKSGQUFQAP-GKAPJAKFSA-N,620,745
BALM,drug_to_target,WRFHGDPIDHPWIQ-UHFFFAOYSA-N,620,745
BALM,drug_to_target,WSEQXVZVJXJVFP-FQEVSTJZSA-N,620,745
BALM,drug_to_target,WSEQXVZVJXJVFP-UHFFFAOYSA-N,620,745
BALM,drug_to_target,WSNODXPBBALQOF-VEJSHDCNSA-N,620,745
BALM,drug_to_target,WTDRDQBEARUVNC-LURJTMIESA-N,620,745
BALM,drug_to_target,WVLHHLRVNDMIAR-IBGZPJMESA-N,620,745
BALM,drug_to_target,WVLOADHCBXTIJK-YNHQPCIGSA-N,620,745
BALM,drug_to_target,WWSWYXNVCBLWNZ-QIZQQNKQSA-N,620,745
BALM,drug_to_target,WWYNJERNGUHSAO-XUDSTZEESA-N,620,745
BALM,drug_to_target,WXCXUHSOUPDCQV-UHFFFAOYSA-N,620,745
BALM,drug_to_target,WXXSNCNJFUAIDG-UHFFFAOYSA-N,620,745
BALM,drug_to_target,WYQFJHHDOKWSHR-MNOVXSKESA-N,620,745
BALM,drug_to_target,WYQPLTPSGFELIB-JTQPXKBDSA-N,620,745
BALM,drug_to_target,WYWIFABBXFUGLM-UHFFFAOYSA-N,620,745
BALM,drug_to_target,WZOZEZRFJCJXNZ-ZBFHGGJFSA-N,620,745
BALM,drug_to_target,XAYGBKHKBBXDAK-UHFFFAOYSA-N,620,745
BALM,drug_to_target,XDXWLKQMMKQXPV-QYQHSDTDSA-N,620,745
BALM,drug_to_target,XEDHVZKDSYZQBF-UHFFFAOYSA-N,620,745
BALM,drug_to_target,XFALPSLJIHVRKE-GFCCVEGCSA-N,620,745
BALM,drug_to_target,XFYDIVBRZNQMJC-UHFFFAOYSA-N,620,745
BALM,drug_to_target,XGALLCVXEZPNRQ-UHFFFAOYSA-N,620,745
BALM,drug_to_target,XHOLNRLADUSQLD-UHFFFAOYSA-N,620,745
BALM,drug_to_target,XIQVNETUBQGFHX-UHFFFAOYSA-N,620,745
BALM,drug_to_target,XJGVXQDUIWGIRW-UHFFFAOYSA-N,620,745
BALM,drug_to_target,XKLMZUWKNUAPSZ-UHFFFAOYSA-N,620,745
BALM,drug_to_target,XMAYWYJOQHXEEK-ZEQKJWHPSA-N,620,745
BALM,drug_to_target,XMXHEBAFVSFQEX-UHFFFAOYSA-N,620,745
BALM,drug_to_target,XOFYZVNMUHMLCC-ZPOLXVRWSA-N,620,745
BALM,drug_to_target,XPIJWUTXQAGSLK-UHFFFAOYSA-N,620,745
BALM,drug_to_target,XPOQHMRABVBWPR-ZDUSSCGKSA-N,620,745
BALM,drug_to_target,XQSPYNMVSIKCOC-NTSWFWBYSA-N,620,745
BALM,drug_to_target,XRQDFNLINLXZLB-CKIKVBCHSA-N,620,745
BALM,drug_to_target,XRVDGNKRPOAQTN-FQEVSTJZSA-N,620,745
BALM,drug_to_target,XSFJVAJPIHIPKU-XWCQMRHXSA-N,620,745
BALM,drug_to_target,XTNGUQKDFGDXSJ-ZXGKGEBGSA-N,620,745
BALM,drug_to_target,XUBOMFCQGDBHNK-UHFFFAOYSA-N,620,745
BALM,drug_to_target,XUFQPHANEAPEMJ-UHFFFAOYSA-N,620,745
BALM,drug_to_target,XUKUURHRXDUEBC-KAYWLYCHSA-N,620,745
BALM,drug_to_target,XUZMWHLSFXCVMG-UHFFFAOYSA-N,620,745
BALM,drug_to_target,XWLUWCNOOVRFPX-UHFFFAOYSA-N,620,745
BALM,drug_to_target,XWLXKKNPFMNSFA-HGQWONQESA-N,620,745
BALM,drug_to_target,XXSMGPRMXLTPCZ-UHFFFAOYSA-N,620,745
BALM,drug_to_target,XYFPWWZEPKGCCK-GOSISDBHSA-N,620,745
BALM,drug_to_target,XYLJNLCSTIOKRM-UHFFFAOYSA-N,620,745
BALM,drug_to_target,XZWYZXLIPXDOLR-UHFFFAOYSA-N,620,745
BALM,drug_to_target,XZXHXSATPCNXJR-ZIADKAODSA-N,620,745
BALM,drug_to_target,YALNUENQHAQXEA-UHFFFAOYSA-N,620,745
BALM,drug_to_target,YASAKCUCGLMORW-UHFFFAOYSA-N,620,745
BALM,drug_to_target,YBBLVLTVTVSKRW-UHFFFAOYSA-N,620,745
BALM,drug_to_target,YBSJFWOBGCMAKL-UHFFFAOYSA-N,620,745
BALM,drug_to_target,YFGHCGITMMYXAQ-LJQANCHMSA-N,620,745
BALM,drug_to_target,YHGSTSNEOJUIRN-UHFFFAOYSA-N,620,745
BALM,drug_to_target,YIBOMRUWOWDFLG-ONEGZZNKSA-N,620,745
BALM,drug_to_target,YIMYDTCOUQIDMT-SNAWJCMRSA-N,620,745
BALM,drug_to_target,YIQPUIGJQJDJOS-UHFFFAOYSA-N,620,745
BALM,drug_to_target,YKPUWZUDDOIDPM-SOFGYWHQSA-N,620,745
BALM,drug_to_target,YLXDSYKOBKBWJQ-LBPRGKRZSA-N,620,745
BALM,drug_to_target,YMARZQAQMVYCKC-OEMFJLHTSA-N,620,745
BALM,drug_to_target,YMDXZJFXQJVXBF-STHAYSLISA-N,620,745
BALM,drug_to_target,YMTINGFKWWXKFG-UHFFFAOYSA-N,620,745
BALM,drug_to_target,YQEZLKZALYSWHR-ZDUSSCGKSA-N,620,745
BALM,drug_to_target,YQNQNVDNTFHQSW-UHFFFAOYSA-N,620,745
BALM,drug_to_target,YQNWZWMKLDQSAC-UHFFFAOYSA-N,620,745
BALM,drug_to_target,YREYEVIYCVEVJK-UHFFFAOYSA-N,620,745
BALM,drug_to_target,YTAOBBFIOAEMLL-REQDGWNSSA-N,620,745
BALM,drug_to_target,YTFHCXIPDIHOIA-DHZHZOJOSA-N,620,745
BALM,drug_to_target,YWGDOWXRIALTES-NRFANRHFSA-N,620,745
BALM,drug_to_target,YWPHCCPCQOJSGZ-UHFFFAOYSA-N,620,745
BALM,drug_to_target,YXRDKMPIGHSVRX-OOJCLDBCSA-N,620,745
BALM,drug_to_target,ZAFYATHCZYHLPB-UHFFFAOYSA-N,620,745
BALM,drug_to_target,ZBBHBTPTTSWHBA-UHFFFAOYSA-N,620,745
BALM,drug_to_target,ZBGXUVOIWDMMJE-QHNZEKIYSA-N,620,745
BALM,drug_to_target,ZBMZVLHSJCTVON-UHFFFAOYSA-N,620,745
BALM,drug_to_target,ZBNZXTGUTAYRHI-UHFFFAOYSA-N,620,745
BALM,drug_to_target,ZBPLOVFIXSTCRZ-UHFFFAOYSA-N,620,745
BALM,drug_to_target,ZCVMWBYGMWKGHF-UHFFFAOYSA-N,620,745
BALM,drug_to_target,ZEUITGRIYCTCEM-KRWDZBQOSA-N,620,745
BALM,drug_to_target,ZFMITUMMTDLWHR-UHFFFAOYSA-N,620,745
BALM,drug_to_target,ZGLHBRQAEXKACO-XJRQOBMKSA-N,620,745
BALM,drug_to_target,ZIAOVIPSKUPPQW-UHFFFAOYSA-N,620,745
BALM,drug_to_target,ZISJNXNHJRQYJO-CMDGGOBGSA-N,620,745
BALM,drug_to_target,ZKIAIYBUSXZPLP-UHFFFAOYSA-N,620,745
BALM,drug_to_target,ZKLPARSLTMPFCP-OAQYLSRUSA-N,620,745
BALM,drug_to_target,ZKLPARSLTMPFCP-UHFFFAOYSA-N,620,745
BALM,drug_to_target,ZPMNHBXQOOVQJL-UHFFFAOYSA-N,620,745
BALM,drug_to_target,ZPUCINDJVBIVPJ-LJISPDSOSA-N,620,745
BALM,drug_to_target,ZRVUJXDFFKFLMG-UHFFFAOYSA-N,620,745
BALM,drug_to_target,ZSBOMTDTBDDKMP-OAHLLOKOSA-N,620,745
BALM,drug_to_target,ZSKVGTPCRGIANV-ZXFLCMHBSA-N,620,745
BALM,drug_to_target,ZSWMIFNWDQEXDT-ZESJGQACSA-N,620,745
BALM,drug_to_target,ZVHNDZWQTBEVRY-UHFFFAOYSA-N,620,745
BALM,drug_to_target,ZWUQVNSJSJHFPS-XFXZXTDPSA-N,620,745
BALM,drug_to_target,ZYTXTXAMMDTYDQ-DGEXFFLYSA-N,620,745
BALM,drug_to_target,ZZUFCTLCJUWOSV-UHFFFAOYSA-N,620,745
BALM,drug_to_target,ZZVUWRFHKOJYTH-UHFFFAOYSA-N,620,745
ScopeDTI_light,target_to_drug,CHEMBL1075094,720,720
ScopeDTI_light,target_to_drug,CHEMBL1075113,720,720
ScopeDTI_light,target_to_drug,CHEMBL1075126,720,720
ScopeDTI_light,target_to_drug,CHEMBL1075153,720,720
ScopeDTI_light,target_to_drug,CHEMBL1075319,720,720
ScopeDTI_light,target_to_drug,CHEMBL1163124,720,720
ScopeDTI_light,target_to_drug,CHEMBL1169596,720,720
ScopeDTI_light,target_to_drug,CHEMBL1169600,720,720
ScopeDTI_light,target_to_drug,CHEMBL1250358,720,720
ScopeDTI_light,target_to_drug,CHEMBL1250360,720,720
ScopeDTI_light,target_to_drug,CHEMBL1250375,720,720
ScopeDTI_light,target_to_drug,CHEMBL1250417,720,720
ScopeDTI_light,target_to_drug,CHEMBL1255163,720,720
ScopeDTI_light,target_to_drug,CHEMBL1275223,720,720
ScopeDTI_light,target_to_drug,CHEMBL1287628,720,720
ScopeDTI_light,target_to_drug,CHEMBL1293224,720,720
ScopeDTI_light,target_to_drug,CHEMBL1293232,720,720
ScopeDTI_light,target_to_drug,CHEMBL1293266,720,720
ScopeDTI_light,target_to_drug,CHEMBL1615381,720,720
ScopeDTI_light,target_to_drug,CHEMBL1628478,720,720
ScopeDTI_light,target_to_drug,CHEMBL1641347,720,720
ScopeDTI_light,target_to_drug,CHEMBL1641348,720,720
ScopeDTI_light,target_to_drug,CHEMBL1641353,720,720
ScopeDTI_light,target_to_drug,CHEMBL1649052,720,720
ScopeDTI_light,target_to_drug,CHEMBL1649058,720,720
ScopeDTI_light,target_to_drug,CHEMBL1697671,720,720
ScopeDTI_light,target_to_drug,CHEMBL1697674,720,720
ScopeDTI_light,target_to_drug,CHEMBL1741186,720,720
ScopeDTI_light,target_to_drug,CHEMBL1741208,720,720
ScopeDTI_light,target_to_drug,CHEMBL1741305,720,720
ScopeDTI_light,target_to_drug,CHEMBL1741309,720,720
ScopeDTI_light,target_to_drug,CHEMBL1744522,720,720
ScopeDTI_light,target_to_drug,CHEMBL1744525,720,720
ScopeDTI_light,target_to_drug,CHEMBL1778,720,720
ScopeDTI_light,target_to_drug,CHEMBL1781,720,720
ScopeDTI_light,target_to_drug,CHEMBL1781870,720,720
ScopeDTI_light,target_to_drug,CHEMBL1782,720,720
ScopeDTI_light,target_to_drug,CHEMBL1783,720,720
ScopeDTI_light,target_to_drug,CHEMBL1786,720,720
ScopeDTI_light,target_to_drug,CHEMBL1795,720,720
ScopeDTI_light,target_to_drug,CHEMBL1795108,720,720
ScopeDTI_light,target_to_drug,CHEMBL1795116,720,720
ScopeDTI_light,target_to_drug,CHEMBL1795122,720,720
ScopeDTI_light,target_to_drug,CHEMBL1795129,720,720
ScopeDTI_light,target_to_drug,CHEMBL1795178,720,720
ScopeDTI_light,target_to_drug,CHEMBL1795197,720,720
ScopeDTI_light,target_to_drug,CHEMBL1796,720,720
ScopeDTI_light,target_to_drug,CHEMBL1801,720,720
ScopeDTI_light,target_to_drug,CHEMBL1803,720,720
ScopeDTI_light,target_to_drug,CHEMBL1806,720,720
ScopeDTI_light,target_to_drug,CHEMBL1808,720,720
ScopeDTI_light,target_to_drug,CHEMBL1812,720,720
ScopeDTI_light,target_to_drug,CHEMBL1817,720,720
ScopeDTI_light,target_to_drug,CHEMBL1822,720,720
ScopeDTI_light,target_to_drug,CHEMBL1824,720,720
ScopeDTI_light,target_to_drug,CHEMBL1825,720,720
ScopeDTI_light,target_to_drug,CHEMBL1827,720,720
ScopeDTI_light,target_to_drug,CHEMBL1829,720,720
ScopeDTI_light,target_to_drug,CHEMBL1834,720,720
ScopeDTI_light,target_to_drug,CHEMBL1835,720,720
ScopeDTI_light,target_to_drug,CHEMBL1839,720,720
ScopeDTI_light,target_to_drug,CHEMBL1841,720,720
ScopeDTI_light,target_to_drug,CHEMBL1842,720,720
ScopeDTI_light,target_to_drug,CHEMBL1843,720,720
ScopeDTI_light,target_to_drug,CHEMBL1844,720,720
ScopeDTI_light,target_to_drug,CHEMBL1846,720,720
ScopeDTI_light,target_to_drug,CHEMBL1847,720,720
ScopeDTI_light,target_to_drug,CHEMBL1856,720,720
ScopeDTI_light,target_to_drug,CHEMBL1859,720,720
ScopeDTI_light,target_to_drug,CHEMBL1861,720,720
ScopeDTI_light,target_to_drug,CHEMBL1862,720,720
ScopeDTI_light,target_to_drug,CHEMBL1864,720,720
ScopeDTI_light,target_to_drug,CHEMBL1865,720,720
ScopeDTI_light,target_to_drug,CHEMBL1868,720,720
ScopeDTI_light,target_to_drug,CHEMBL1869,720,720
ScopeDTI_light,target_to_drug,CHEMBL1871,720,720
ScopeDTI_light,target_to_drug,CHEMBL1873,720,720
ScopeDTI_light,target_to_drug,CHEMBL1874,720,720
ScopeDTI_light,target_to_drug,CHEMBL1876,720,720
ScopeDTI_light,target_to_drug,CHEMBL1886,720,720
ScopeDTI_light,target_to_drug,CHEMBL1887,720,720
ScopeDTI_light,target_to_drug,CHEMBL1892,720,720
ScopeDTI_light,target_to_drug,CHEMBL1893,720,720
ScopeDTI_light,target_to_drug,CHEMBL1899,720,720
ScopeDTI_light,target_to_drug,CHEMBL1900,720,720
ScopeDTI_light,target_to_drug,CHEMBL1902,720,720
ScopeDTI_light,target_to_drug,CHEMBL1903,720,720
ScopeDTI_light,target_to_drug,CHEMBL1906,720,720
ScopeDTI_light,target_to_drug,CHEMBL1908,720,720
ScopeDTI_light,target_to_drug,CHEMBL1908389,720,720
ScopeDTI_light,target_to_drug,CHEMBL1909490,720,720
ScopeDTI_light,target_to_drug,CHEMBL1910,720,720
ScopeDTI_light,target_to_drug,CHEMBL1911,720,720
ScopeDTI_light,target_to_drug,CHEMBL1912,720,720
ScopeDTI_light,target_to_drug,CHEMBL1913,720,720
ScopeDTI_light,target_to_drug,CHEMBL1914,720,720
ScopeDTI_light,target_to_drug,CHEMBL1914276,720,720
ScopeDTI_light,target_to_drug,CHEMBL1918,720,720
ScopeDTI_light,target_to_drug,CHEMBL1919,720,720
ScopeDTI_light,target_to_drug,CHEMBL1927,720,720
ScopeDTI_light,target_to_drug,CHEMBL1929,720,720
ScopeDTI_light,target_to_drug,CHEMBL1930,720,720
ScopeDTI_light,target_to_drug,CHEMBL1935,720,720
ScopeDTI_light,target_to_drug,CHEMBL1936,720,720
ScopeDTI_light,target_to_drug,CHEMBL1937,720,720
ScopeDTI_light,target_to_drug,CHEMBL1938222,720,720
ScopeDTI_light,target_to_drug,CHEMBL1944,720,720
ScopeDTI_light,target_to_drug,CHEMBL1947,720,720
ScopeDTI_light,target_to_drug,CHEMBL1949,720,720
ScopeDTI_light,target_to_drug,CHEMBL1950,720,720
ScopeDTI_light,target_to_drug,CHEMBL1951,720,720
ScopeDTI_light,target_to_drug,CHEMBL1952,720,720
ScopeDTI_light,target_to_drug,CHEMBL1955,720,720
ScopeDTI_light,target_to_drug,CHEMBL1957,720,720
ScopeDTI_light,target_to_drug,CHEMBL1959,720,720
ScopeDTI_light,target_to_drug,CHEMBL1962,720,720
ScopeDTI_light,target_to_drug,CHEMBL1964,720,720
ScopeDTI_light,target_to_drug,CHEMBL1966,720,720
ScopeDTI_light,target_to_drug,CHEMBL1969,720,720
ScopeDTI_light,target_to_drug,CHEMBL1972,720,720
ScopeDTI_light,target_to_drug,CHEMBL1973,720,720
ScopeDTI_light,target_to_drug,CHEMBL1974,720,720
ScopeDTI_light,target_to_drug,CHEMBL1975,720,720
ScopeDTI_light,target_to_drug,CHEMBL1976,720,720
ScopeDTI_light,target_to_drug,CHEMBL1977,720,720
ScopeDTI_light,target_to_drug,CHEMBL1978,720,720
ScopeDTI_light,target_to_drug,CHEMBL1980,720,720
ScopeDTI_light,target_to_drug,CHEMBL1981,720,720
ScopeDTI_light,target_to_drug,CHEMBL1988,720,720
ScopeDTI_light,target_to_drug,CHEMBL1989,720,720
ScopeDTI_light,target_to_drug,CHEMBL1991,720,720
ScopeDTI_light,target_to_drug,CHEMBL1992,720,720
ScopeDTI_light,target_to_drug,CHEMBL1993,720,720
ScopeDTI_light,target_to_drug,CHEMBL1994,720,720
ScopeDTI_light,target_to_drug,CHEMBL1996,720,720
ScopeDTI_light,target_to_drug,CHEMBL1997,720,720
ScopeDTI_light,target_to_drug,CHEMBL1998,720,720
ScopeDTI_light,target_to_drug,CHEMBL2000,720,720
ScopeDTI_light,target_to_drug,CHEMBL2003,720,720
ScopeDTI_light,target_to_drug,CHEMBL2007,720,720
ScopeDTI_light,target_to_drug,CHEMBL2007625,720,720
ScopeDTI_light,target_to_drug,CHEMBL2008,720,720
ScopeDTI_light,target_to_drug,CHEMBL2009,720,720
ScopeDTI_light,target_to_drug,CHEMBL2010624,720,720
ScopeDTI_light,target_to_drug,CHEMBL2012,720,720
ScopeDTI_light,target_to_drug,CHEMBL2016,720,720
ScopeDTI_light,target_to_drug,CHEMBL2019,720,720
ScopeDTI_light,target_to_drug,CHEMBL202,720,720
ScopeDTI_light,target_to_drug,CHEMBL2021748,720,720
ScopeDTI_light,target_to_drug,CHEMBL2023,720,720
ScopeDTI_light,target_to_drug,CHEMBL2027,720,720
ScopeDTI_light,target_to_drug,CHEMBL203,720,720
ScopeDTI_light,target_to_drug,CHEMBL2033,720,720
ScopeDTI_light,target_to_drug,CHEMBL2034,720,720
ScopeDTI_light,target_to_drug,CHEMBL2039,720,720
ScopeDTI_light,target_to_drug,CHEMBL204,720,720
ScopeDTI_light,target_to_drug,CHEMBL2040,720,720
ScopeDTI_light,target_to_drug,CHEMBL2041,720,720
ScopeDTI_light,target_to_drug,CHEMBL2044,720,720
ScopeDTI_light,target_to_drug,CHEMBL2045,720,720
ScopeDTI_light,target_to_drug,CHEMBL2046267,720,720
ScopeDTI_light,target_to_drug,CHEMBL2047,720,720
ScopeDTI_light,target_to_drug,CHEMBL2048,720,720
ScopeDTI_light,target_to_drug,CHEMBL205,720,720
ScopeDTI_light,target_to_drug,CHEMBL2050,720,720
ScopeDTI_light,target_to_drug,CHEMBL2055,720,720
ScopeDTI_light,target_to_drug,CHEMBL2058,720,720
ScopeDTI_light,target_to_drug,CHEMBL2059,720,720
ScopeDTI_light,target_to_drug,CHEMBL206,720,720
ScopeDTI_light,target_to_drug,CHEMBL2061,720,720
ScopeDTI_light,target_to_drug,CHEMBL2062,720,720
ScopeDTI_light,target_to_drug,CHEMBL2062356,720,720
ScopeDTI_light,target_to_drug,CHEMBL2063,720,720
ScopeDTI_light,target_to_drug,CHEMBL2068,720,720
ScopeDTI_light,target_to_drug,CHEMBL2069156,720,720
ScopeDTI_light,target_to_drug,CHEMBL2072,720,720
ScopeDTI_light,target_to_drug,CHEMBL2073,720,720
ScopeDTI_light,target_to_drug,CHEMBL2073677,720,720
ScopeDTI_light,target_to_drug,CHEMBL2074,720,720
ScopeDTI_light,target_to_drug,CHEMBL208,720,720
ScopeDTI_light,target_to_drug,CHEMBL2084,720,720
ScopeDTI_light,target_to_drug,CHEMBL2085,720,720
ScopeDTI_light,target_to_drug,CHEMBL2099,720,720
ScopeDTI_light,target_to_drug,CHEMBL2118,720,720
ScopeDTI_light,target_to_drug,CHEMBL2120,720,720
ScopeDTI_light,target_to_drug,CHEMBL2121,720,720
ScopeDTI_light,target_to_drug,CHEMBL2146302,720,720
ScopeDTI_light,target_to_drug,CHEMBL2146346,720,720
ScopeDTI_light,target_to_drug,CHEMBL2148,720,720
ScopeDTI_light,target_to_drug,CHEMBL215,720,720
ScopeDTI_light,target_to_drug,CHEMBL2157,720,720
ScopeDTI_light,target_to_drug,CHEMBL2176771,720,720
ScopeDTI_light,target_to_drug,CHEMBL2176839,720,720
ScopeDTI_light,target_to_drug,CHEMBL2176846,720,720
ScopeDTI_light,target_to_drug,CHEMBL2176855,720,720
ScopeDTI_light,target_to_drug,CHEMBL2179,720,720
ScopeDTI_light,target_to_drug,CHEMBL2185,720,720
ScopeDTI_light,target_to_drug,CHEMBL2189110,720,720
ScopeDTI_light,target_to_drug,CHEMBL2189121,720,720
ScopeDTI_light,target_to_drug,CHEMBL220,720,720
ScopeDTI_light,target_to_drug,CHEMBL2208,720,720
ScopeDTI_light,target_to_drug,CHEMBL221,720,720
ScopeDTI_light,target_to_drug,CHEMBL2216739,720,720
ScopeDTI_light,target_to_drug,CHEMBL222,720,720
ScopeDTI_light,target_to_drug,CHEMBL2243,720,720
ScopeDTI_light,target_to_drug,CHEMBL2252,720,720
ScopeDTI_light,target_to_drug,CHEMBL2273,720,720
ScopeDTI_light,target_to_drug,CHEMBL2276,720,720
ScopeDTI_light,target_to_drug,CHEMBL228,720,720
ScopeDTI_light,target_to_drug,CHEMBL2285,720,720
ScopeDTI_light,target_to_drug,CHEMBL2292,720,720
ScopeDTI_light,target_to_drug,CHEMBL230,720,720
ScopeDTI_light,target_to_drug,CHEMBL2311236,720,720
ScopeDTI_light,target_to_drug,CHEMBL2321613,720,720
ScopeDTI_light,target_to_drug,CHEMBL2321614,720,720
ScopeDTI_light,target_to_drug,CHEMBL2321615,720,720
ScopeDTI_light,target_to_drug,CHEMBL2326,720,720
ScopeDTI_light,target_to_drug,CHEMBL2331041,720,720
ScopeDTI_light,target_to_drug,CHEMBL2331042,720,720
ScopeDTI_light,target_to_drug,CHEMBL2331059,720,720
ScopeDTI_light,target_to_drug,CHEMBL2331065,720,720
ScopeDTI_light,target_to_drug,CHEMBL2337,720,720
ScopeDTI_light,target_to_drug,CHEMBL2346492,720,720
ScopeDTI_light,target_to_drug,CHEMBL235,720,720
ScopeDTI_light,target_to_drug,CHEMBL2362986,720,720
ScopeDTI_light,target_to_drug,CHEMBL2362990,720,720
ScopeDTI_light,target_to_drug,CHEMBL2362992,720,720
ScopeDTI_light,target_to_drug,CHEMBL2364155,720,720
ScopeDTI_light,target_to_drug,CHEMBL2364156,720,720
ScopeDTI_light,target_to_drug,CHEMBL2364157,720,720
ScopeDTI_light,target_to_drug,CHEMBL2364158,720,720
ScopeDTI_light,target_to_drug,CHEMBL2364159,720,720
ScopeDTI_light,target_to_drug,CHEMBL2364160,720,720
ScopeDTI_light,target_to_drug,CHEMBL2364161,720,720
ScopeDTI_light,target_to_drug,CHEMBL2364162,720,720
ScopeDTI_light,target_to_drug,CHEMBL2364163,720,720
ScopeDTI_light,target_to_drug,CHEMBL2364164,720,720
ScopeDTI_light,target_to_drug,CHEMBL238,720,720
ScopeDTI_light,target_to_drug,CHEMBL2384897,720,720
ScopeDTI_light,target_to_drug,CHEMBL239,720,720
ScopeDTI_light,target_to_drug,CHEMBL240,720,720
ScopeDTI_light,target_to_drug,CHEMBL2409,720,720
ScopeDTI_light,target_to_drug,CHEMBL241,720,720
ScopeDTI_light,target_to_drug,CHEMBL242,720,720
ScopeDTI_light,target_to_drug,CHEMBL2431,720,720
ScopeDTI_light,target_to_drug,CHEMBL2435,720,720
ScopeDTI_light,target_to_drug,CHEMBL2439,720,720
ScopeDTI_light,target_to_drug,CHEMBL244,720,720
ScopeDTI_light,target_to_drug,CHEMBL2476,720,720
ScopeDTI_light,target_to_drug,CHEMBL248,720,720
ScopeDTI_light,target_to_drug,CHEMBL2487,720,720
ScopeDTI_light,target_to_drug,CHEMBL2492,720,720
ScopeDTI_light,target_to_drug,CHEMBL2508,720,720
ScopeDTI_light,target_to_drug,CHEMBL2524,720,720
ScopeDTI_light,target_to_drug,CHEMBL2527,720,720
ScopeDTI_light,target_to_drug,CHEMBL2534,720,720
ScopeDTI_light,target_to_drug,CHEMBL258,720,720
ScopeDTI_light,target_to_drug,CHEMBL2599,720,720
ScopeDTI_light,target_to_drug,CHEMBL260,720,720
ScopeDTI_light,target_to_drug,CHEMBL2608,720,720
ScopeDTI_light,target_to_drug,CHEMBL261,720,720
ScopeDTI_light,target_to_drug,CHEMBL262,720,720
ScopeDTI_light,target_to_drug,CHEMBL2633,720,720
ScopeDTI_light,target_to_drug,CHEMBL2637,720,720
ScopeDTI_light,target_to_drug,CHEMBL267,720,720
ScopeDTI_light,target_to_drug,CHEMBL268,720,720
ScopeDTI_light,target_to_drug,CHEMBL2689,720,720
ScopeDTI_light,target_to_drug,CHEMBL2695,720,720
ScopeDTI_light,target_to_drug,CHEMBL2706,720,720
ScopeDTI_light,target_to_drug,CHEMBL2708,720,720
ScopeDTI_light,target_to_drug,CHEMBL2722,720,720
ScopeDTI_light,target_to_drug,CHEMBL2742,720,720
ScopeDTI_light,target_to_drug,CHEMBL2754,720,720
ScopeDTI_light,target_to_drug,CHEMBL2755,720,720
ScopeDTI_light,target_to_drug,CHEMBL2778,720,720
ScopeDTI_light,target_to_drug,CHEMBL278,720,720
ScopeDTI_light,target_to_drug,CHEMBL2782,720,720
ScopeDTI_light,target_to_drug,CHEMBL279,720,720
ScopeDTI_light,target_to_drug,CHEMBL280,720,720
ScopeDTI_light,target_to_drug,CHEMBL2808,720,720
ScopeDTI_light,target_to_drug,CHEMBL2815,720,720
ScopeDTI_light,target_to_drug,CHEMBL2820,720,720
ScopeDTI_light,target_to_drug,CHEMBL2821,720,720
ScopeDTI_light,target_to_drug,CHEMBL283,720,720
ScopeDTI_light,target_to_drug,CHEMBL2835,720,720
ScopeDTI_light,target_to_drug,CHEMBL284,720,720
ScopeDTI_light,target_to_drug,CHEMBL2842,720,720
ScopeDTI_light,target_to_drug,CHEMBL2850,720,720
ScopeDTI_light,target_to_drug,CHEMBL286,720,720
ScopeDTI_light,target_to_drug,CHEMBL287,720,720
ScopeDTI_light,target_to_drug,CHEMBL2872,720,720
ScopeDTI_light,target_to_drug,CHEMBL2873,720,720
ScopeDTI_light,target_to_drug,CHEMBL288,720,720
ScopeDTI_light,target_to_drug,CHEMBL2916,720,720
ScopeDTI_light,target_to_drug,CHEMBL2925,720,720
ScopeDTI_light,target_to_drug,CHEMBL2929,720,720
ScopeDTI_light,target_to_drug,CHEMBL2940,720,720
ScopeDTI_light,target_to_drug,CHEMBL2954,720,720
ScopeDTI_light,target_to_drug,CHEMBL2959,720,720
ScopeDTI_light,target_to_drug,CHEMBL2964,720,720
ScopeDTI_light,target_to_drug,CHEMBL2971,720,720
ScopeDTI_light,target_to_drug,CHEMBL2973,720,720
ScopeDTI_light,target_to_drug,CHEMBL2979,720,720
ScopeDTI_light,target_to_drug,CHEMBL2996,720,720
ScopeDTI_light,target_to_drug,CHEMBL2998,720,720
ScopeDTI_light,target_to_drug,CHEMBL3004,720,720
ScopeDTI_light,target_to_drug,CHEMBL3009,720,720
ScopeDTI_light,target_to_drug,CHEMBL301,720,720
ScopeDTI_light,target_to_drug,CHEMBL3023,720,720
ScopeDTI_light,target_to_drug,CHEMBL3024,720,720
ScopeDTI_light,target_to_drug,CHEMBL3026,720,720
ScopeDTI_light,target_to_drug,CHEMBL3028,720,720
ScopeDTI_light,target_to_drug,CHEMBL3045,720,720
ScopeDTI_light,target_to_drug,CHEMBL3055,720,720
ScopeDTI_light,target_to_drug,CHEMBL3070,720,720
ScopeDTI_light,target_to_drug,CHEMBL3076,720,720
ScopeDTI_light,target_to_drug,CHEMBL308,720,720
ScopeDTI_light,target_to_drug,CHEMBL3094,720,720
ScopeDTI_light,target_to_drug,CHEMBL3102,720,720
ScopeDTI_light,target_to_drug,CHEMBL3105,720,720
ScopeDTI_light,target_to_drug,CHEMBL3106,720,720
ScopeDTI_light,target_to_drug,CHEMBL3107,720,720
ScopeDTI_light,target_to_drug,CHEMBL3108633,720,720
ScopeDTI_light,target_to_drug,CHEMBL3116,720,720
ScopeDTI_light,target_to_drug,CHEMBL3117,720,720
ScopeDTI_light,target_to_drug,CHEMBL3119,720,720
ScopeDTI_light,target_to_drug,CHEMBL3130,720,720
ScopeDTI_light,target_to_drug,CHEMBL3142,720,720
ScopeDTI_light,target_to_drug,CHEMBL3143,720,720
ScopeDTI_light,target_to_drug,CHEMBL3145,720,720
ScopeDTI_light,target_to_drug,CHEMBL3161,720,720
ScopeDTI_light,target_to_drug,CHEMBL3172,720,720
ScopeDTI_light,target_to_drug,CHEMBL3192,720,720
ScopeDTI_light,target_to_drug,CHEMBL3194,720,720
ScopeDTI_light,target_to_drug,CHEMBL3201,720,720
ScopeDTI_light,target_to_drug,CHEMBL321,720,720
ScopeDTI_light,target_to_drug,CHEMBL3217393,720,720
ScopeDTI_light,target_to_drug,CHEMBL3217394,720,720
ScopeDTI_light,target_to_drug,CHEMBL3217395,720,720
ScopeDTI_light,target_to_drug,CHEMBL3218,720,720
ScopeDTI_light,target_to_drug,CHEMBL3232692,720,720
ScopeDTI_light,target_to_drug,CHEMBL3234,720,720
ScopeDTI_light,target_to_drug,CHEMBL3238,720,720
ScopeDTI_light,target_to_drug,CHEMBL3242,720,720
ScopeDTI_light,target_to_drug,CHEMBL3243,720,720
ScopeDTI_light,target_to_drug,CHEMBL325,720,720
ScopeDTI_light,target_to_drug,CHEMBL3267,720,720
ScopeDTI_light,target_to_drug,CHEMBL3273,720,720
ScopeDTI_light,target_to_drug,CHEMBL3276,720,720
ScopeDTI_light,target_to_drug,CHEMBL3286,720,720
ScopeDTI_light,target_to_drug,CHEMBL3286067,720,720
ScopeDTI_light,target_to_drug,CHEMBL3286070,720,720
ScopeDTI_light,target_to_drug,CHEMBL3286073,720,720
ScopeDTI_light,target_to_drug,CHEMBL3286074,720,720
ScopeDTI_light,target_to_drug,CHEMBL3286077,720,720
ScopeDTI_light,target_to_drug,CHEMBL3295,720,720
ScopeDTI_light,target_to_drug,CHEMBL3307223,720,720
ScopeDTI_light,target_to_drug,CHEMBL3308912,720,720
ScopeDTI_light,target_to_drug,CHEMBL331,720,720
ScopeDTI_light,target_to_drug,CHEMBL3310,720,720
ScopeDTI_light,target_to_drug,CHEMBL332,720,720
ScopeDTI_light,target_to_drug,CHEMBL333,720,720
ScopeDTI_light,target_to_drug,CHEMBL3338,720,720
ScopeDTI_light,target_to_drug,CHEMBL3357,720,720
ScopeDTI_light,target_to_drug,CHEMBL3378,720,720
ScopeDTI_light,target_to_drug,CHEMBL3385,720,720
ScopeDTI_light,target_to_drug,CHEMBL3390821,720,720
ScopeDTI_light,target_to_drug,CHEMBL3390822,720,720
ScopeDTI_light,target_to_drug,CHEMBL3391681,720,720
ScopeDTI_light,target_to_drug,CHEMBL340,720,720
ScopeDTI_light,target_to_drug,CHEMBL3407319,720,720
ScopeDTI_light,target_to_drug,CHEMBL3407320,720,720
ScopeDTI_light,target_to_drug,CHEMBL3407325,720,720
ScopeDTI_light,target_to_drug,CHEMBL3425389,720,720
ScopeDTI_light,target_to_drug,CHEMBL3430865,720,720
ScopeDTI_light,target_to_drug,CHEMBL3437,720,720
ScopeDTI_light,target_to_drug,CHEMBL3439,720,720
ScopeDTI_light,target_to_drug,CHEMBL3474,720,720
ScopeDTI_light,target_to_drug,CHEMBL3475,720,720
ScopeDTI_light,target_to_drug,CHEMBL3514,720,720
ScopeDTI_light,target_to_drug,CHEMBL3522,720,720
ScopeDTI_light,target_to_drug,CHEMBL3535,720,720
ScopeDTI_light,target_to_drug,CHEMBL3551,720,720
ScopeDTI_light,target_to_drug,CHEMBL3553,720,720
ScopeDTI_light,target_to_drug,CHEMBL3559,720,720
ScopeDTI_light,target_to_drug,CHEMBL3559386,720,720
ScopeDTI_light,target_to_drug,CHEMBL3572,720,720
ScopeDTI_light,target_to_drug,CHEMBL3576,720,720
ScopeDTI_light,target_to_drug,CHEMBL3580482,720,720
ScopeDTI_light,target_to_drug,CHEMBL3580483,720,720
ScopeDTI_light,target_to_drug,CHEMBL3580485,720,720
ScopeDTI_light,target_to_drug,CHEMBL3580486,720,720
ScopeDTI_light,target_to_drug,CHEMBL3580487,720,720
ScopeDTI_light,target_to_drug,CHEMBL3580488,720,720
ScopeDTI_light,target_to_drug,CHEMBL3580489,720,720
ScopeDTI_light,target_to_drug,CHEMBL3580490,720,720
ScopeDTI_light,target_to_drug,CHEMBL3580491,720,720
ScopeDTI_light,target_to_drug,CHEMBL3580492,720,720
ScopeDTI_light,target_to_drug,CHEMBL3580493,720,720
ScopeDTI_light,target_to_drug,CHEMBL3580494,720,720
ScopeDTI_light,target_to_drug,CHEMBL3580496,720,720
ScopeDTI_light,target_to_drug,CHEMBL3580522,720,720
ScopeDTI_light,target_to_drug,CHEMBL3582,720,720
ScopeDTI_light,target_to_drug,CHEMBL3587,720,720
ScopeDTI_light,target_to_drug,CHEMBL3588735,720,720
ScopeDTI_light,target_to_drug,CHEMBL3594,720,720
ScopeDTI_light,target_to_drug,CHEMBL3596085,720,720
ScopeDTI_light,target_to_drug,CHEMBL3610,720,720
ScopeDTI_light,target_to_drug,CHEMBL3616355,720,720
ScopeDTI_light,target_to_drug,CHEMBL3618,720,720
ScopeDTI_light,target_to_drug,CHEMBL3623,720,720
ScopeDTI_light,target_to_drug,CHEMBL3629,720,720
ScopeDTI_light,target_to_drug,CHEMBL3631,720,720
ScopeDTI_light,target_to_drug,CHEMBL3632452,720,720
ScopeDTI_light,target_to_drug,CHEMBL3650,720,720
ScopeDTI_light,target_to_drug,CHEMBL3660,720,720
ScopeDTI_light,target_to_drug,CHEMBL3670,720,720
ScopeDTI_light,target_to_drug,CHEMBL3687,720,720
ScopeDTI_light,target_to_drug,CHEMBL3691,720,720
ScopeDTI_light,target_to_drug,CHEMBL3706,720,720
ScopeDTI_light,target_to_drug,CHEMBL3710485,720,720
ScopeDTI_light,target_to_drug,CHEMBL3712850,720,720
ScopeDTI_light,target_to_drug,CHEMBL3712852,720,720
ScopeDTI_light,target_to_drug,CHEMBL3712853,720,720
ScopeDTI_light,target_to_drug,CHEMBL3712854,720,720
ScopeDTI_light,target_to_drug,CHEMBL3712856,720,720
ScopeDTI_light,target_to_drug,CHEMBL3712857,720,720
ScopeDTI_light,target_to_drug,CHEMBL3712859,720,720
ScopeDTI_light,target_to_drug,CHEMBL3712860,720,720
ScopeDTI_light,target_to_drug,CHEMBL3712862,720,720
ScopeDTI_light,target_to_drug,CHEMBL3712863,720,720
ScopeDTI_light,target_to_drug,CHEMBL3712864,720,720
ScopeDTI_light,target_to_drug,CHEMBL3712869,720,720
ScopeDTI_light,target_to_drug,CHEMBL3712870,720,720
ScopeDTI_light,target_to_drug,CHEMBL3712878,720,720
ScopeDTI_light,target_to_drug,CHEMBL3712879,720,720
ScopeDTI_light,target_to_drug,CHEMBL3712880,720,720
ScopeDTI_light,target_to_drug,CHEMBL3712881,720,720
ScopeDTI_light,target_to_drug,CHEMBL3712885,720,720
ScopeDTI_light,target_to_drug,CHEMBL3712886,720,720
ScopeDTI_light,target_to_drug,CHEMBL3712888,720,720
ScopeDTI_light,target_to_drug,CHEMBL3712894,720,720
ScopeDTI_light,target_to_drug,CHEMBL3712895,720,720
ScopeDTI_light,target_to_drug,CHEMBL3712898,720,720
ScopeDTI_light,target_to_drug,CHEMBL3712900,720,720
ScopeDTI_light,target_to_drug,CHEMBL3712901,720,720
ScopeDTI_light,target_to_drug,CHEMBL3712903,720,720
ScopeDTI_light,target_to_drug,CHEMBL3712912,720,720
ScopeDTI_light,target_to_drug,CHEMBL3712913,720,720
ScopeDTI_light,target_to_drug,CHEMBL3712914,720,720
ScopeDTI_light,target_to_drug,CHEMBL3712915,720,720
ScopeDTI_light,target_to_drug,CHEMBL3712916,720,720
ScopeDTI_light,target_to_drug,CHEMBL3712919,720,720
ScopeDTI_light,target_to_drug,CHEMBL3712920,720,720
ScopeDTI_light,target_to_drug,CHEMBL3712927,720,720
ScopeDTI_light,target_to_drug,CHEMBL3712928,720,720
ScopeDTI_light,target_to_drug,CHEMBL3712931,720,720
ScopeDTI_light,target_to_drug,CHEMBL3712932,720,720
ScopeDTI_light,target_to_drug,CHEMBL3712934,720,720
ScopeDTI_light,target_to_drug,CHEMBL3712938,720,720
ScopeDTI_light,target_to_drug,CHEMBL3712949,720,720
ScopeDTI_light,target_to_drug,CHEMBL3712953,720,720
ScopeDTI_light,target_to_drug,CHEMBL3712954,720,720
ScopeDTI_light,target_to_drug,CHEMBL3712955,720,720
ScopeDTI_light,target_to_drug,CHEMBL3712956,720,720
ScopeDTI_light,target_to_drug,CHEMBL3712957,720,720
ScopeDTI_light,target_to_drug,CHEMBL3712961,720,720
ScopeDTI_light,target_to_drug,CHEMBL3712964,720,720
ScopeDTI_light,target_to_drug,CHEMBL3712965,720,720
ScopeDTI_light,target_to_drug,CHEMBL3712972,720,720
ScopeDTI_light,target_to_drug,CHEMBL3712975,720,720
ScopeDTI_light,target_to_drug,CHEMBL3712987,720,720
ScopeDTI_light,target_to_drug,CHEMBL3712988,720,720
ScopeDTI_light,target_to_drug,CHEMBL3712995,720,720
ScopeDTI_light,target_to_drug,CHEMBL3712996,720,720
ScopeDTI_light,target_to_drug,CHEMBL3713000,720,720
ScopeDTI_light,target_to_drug,CHEMBL3713006,720,720
ScopeDTI_light,target_to_drug,CHEMBL3713007,720,720
ScopeDTI_light,target_to_drug,CHEMBL3713014,720,720
ScopeDTI_light,target_to_drug,CHEMBL3713020,720,720
ScopeDTI_light,target_to_drug,CHEMBL3713023,720,720
ScopeDTI_light,target_to_drug,CHEMBL3713025,720,720
ScopeDTI_light,target_to_drug,CHEMBL3713026,720,720
ScopeDTI_light,target_to_drug,CHEMBL3713062,720,720
ScopeDTI_light,target_to_drug,CHEMBL3713333,720,720
ScopeDTI_light,target_to_drug,CHEMBL3713343,720,720
ScopeDTI_light,target_to_drug,CHEMBL3713436,720,720
ScopeDTI_light,target_to_drug,CHEMBL3713449,720,720
ScopeDTI_light,target_to_drug,CHEMBL3713453,720,720
ScopeDTI_light,target_to_drug,CHEMBL3713643,720,720
ScopeDTI_light,target_to_drug,CHEMBL3713712,720,720
ScopeDTI_light,target_to_drug,CHEMBL3713913,720,720
ScopeDTI_light,target_to_drug,CHEMBL3713941,720,720
ScopeDTI_light,target_to_drug,CHEMBL3714029,720,720
ScopeDTI_light,target_to_drug,CHEMBL3714157,720,720
ScopeDTI_light,target_to_drug,CHEMBL3714583,720,720
ScopeDTI_light,target_to_drug,CHEMBL3717,720,720
ScopeDTI_light,target_to_drug,CHEMBL3720,720,720
ScopeDTI_light,target_to_drug,CHEMBL3729,720,720
ScopeDTI_light,target_to_drug,CHEMBL3776,720,720
ScopeDTI_light,target_to_drug,CHEMBL3778,720,720
ScopeDTI_light,target_to_drug,CHEMBL3788,720,720
ScopeDTI_light,target_to_drug,CHEMBL3810,720,720
ScopeDTI_light,target_to_drug,CHEMBL3816,720,720
ScopeDTI_light,target_to_drug,CHEMBL3820,720,720
ScopeDTI_light,target_to_drug,CHEMBL3831181,720,720
ScopeDTI_light,target_to_drug,CHEMBL3831182,720,720
ScopeDTI_light,target_to_drug,CHEMBL3831291,720,720
ScopeDTI_light,target_to_drug,CHEMBL3833441,720,720
ScopeDTI_light,target_to_drug,CHEMBL3833481,720,720
ScopeDTI_light,target_to_drug,CHEMBL3856162,720,720
ScopeDTI_light,target_to_drug,CHEMBL3856163,720,720
ScopeDTI_light,target_to_drug,CHEMBL3864,720,720
ScopeDTI_light,target_to_drug,CHEMBL3869,720,720
ScopeDTI_light,target_to_drug,CHEMBL3884,720,720
ScopeDTI_light,target_to_drug,CHEMBL3890,720,720
ScopeDTI_light,target_to_drug,CHEMBL3896,720,720
ScopeDTI_light,target_to_drug,CHEMBL3901,720,720
ScopeDTI_light,target_to_drug,CHEMBL3902,720,720
ScopeDTI_light,target_to_drug,CHEMBL3905,720,720
ScopeDTI_light,target_to_drug,CHEMBL3913,720,720
ScopeDTI_light,target_to_drug,CHEMBL3921,720,720
ScopeDTI_light,target_to_drug,CHEMBL3922,720,720
ScopeDTI_light,target_to_drug,CHEMBL3923,720,720
ScopeDTI_light,target_to_drug,CHEMBL3935,720,720
ScopeDTI_light,target_to_drug,CHEMBL3955,720,720
ScopeDTI_light,target_to_drug,CHEMBL3956,720,720
ScopeDTI_light,target_to_drug,CHEMBL3961,720,720
ScopeDTI_light,target_to_drug,CHEMBL3972,720,720
ScopeDTI_light,target_to_drug,CHEMBL3973,720,720
ScopeDTI_light,target_to_drug,CHEMBL3979,720,720
ScopeDTI_light,target_to_drug,CHEMBL3983,720,720
ScopeDTI_light,target_to_drug,CHEMBL3988505,720,720
ScopeDTI_light,target_to_drug,CHEMBL3989381,720,720
ScopeDTI_light,target_to_drug,CHEMBL3989382,720,720
ScopeDTI_light,target_to_drug,CHEMBL3989383,720,720
ScopeDTI_light,target_to_drug,CHEMBL3989384,720,720
ScopeDTI_light,target_to_drug,CHEMBL3991,720,720
ScopeDTI_light,target_to_drug,CHEMBL3991501,720,720
ScopeDTI_light,target_to_drug,CHEMBL4005,720,720
ScopeDTI_light,target_to_drug,CHEMBL4016,720,720
ScopeDTI_light,target_to_drug,CHEMBL402,720,720
ScopeDTI_light,target_to_drug,CHEMBL4036,720,720
ScopeDTI_light,target_to_drug,CHEMBL4040,720,720
ScopeDTI_light,target_to_drug,CHEMBL4051,720,720
ScopeDTI_light,target_to_drug,CHEMBL4068,720,720
ScopeDTI_light,target_to_drug,CHEMBL4073,720,720
ScopeDTI_light,target_to_drug,CHEMBL4081,720,720
ScopeDTI_light,target_to_drug,CHEMBL4093,720,720
ScopeDTI_light,target_to_drug,CHEMBL4096,720,720
ScopeDTI_light,target_to_drug,CHEMBL4116,720,720
ScopeDTI_light,target_to_drug,CHEMBL4128,720,720
ScopeDTI_light,target_to_drug,CHEMBL4142,720,720
ScopeDTI_light,target_to_drug,CHEMBL4163,720,720
ScopeDTI_light,target_to_drug,CHEMBL4179,720,720
ScopeDTI_light,target_to_drug,CHEMBL4183,720,720
ScopeDTI_light,target_to_drug,CHEMBL4187,720,720
ScopeDTI_light,target_to_drug,CHEMBL4191,720,720
ScopeDTI_light,target_to_drug,CHEMBL4223,720,720
ScopeDTI_light,target_to_drug,CHEMBL4225,720,720
ScopeDTI_light,target_to_drug,CHEMBL4235,720,720
ScopeDTI_light,target_to_drug,CHEMBL4245,720,720
ScopeDTI_light,target_to_drug,CHEMBL4247,720,720
ScopeDTI_light,target_to_drug,CHEMBL4266,720,720
ScopeDTI_light,target_to_drug,CHEMBL4282,720,720
ScopeDTI_light,target_to_drug,CHEMBL4295646,720,720
ScopeDTI_light,target_to_drug,CHEMBL4295685,720,720
ScopeDTI_light,target_to_drug,CHEMBL4295690,720,720
ScopeDTI_light,target_to_drug,CHEMBL4296,720,720
ScopeDTI_light,target_to_drug,CHEMBL4296022,720,720
ScopeDTI_light,target_to_drug,CHEMBL4302,720,720
ScopeDTI_light,target_to_drug,CHEMBL4303061,720,720
ScopeDTI_light,target_to_drug,CHEMBL4304,720,720
ScopeDTI_light,target_to_drug,CHEMBL4305,720,720
ScopeDTI_light,target_to_drug,CHEMBL4306,720,720
ScopeDTI_light,target_to_drug,CHEMBL4323,720,720
ScopeDTI_light,target_to_drug,CHEMBL4331,720,720
ScopeDTI_light,target_to_drug,CHEMBL4338,720,720
ScopeDTI_light,target_to_drug,CHEMBL4342,720,720
ScopeDTI_light,target_to_drug,CHEMBL4361,720,720
ScopeDTI_light,target_to_drug,CHEMBL4393,720,720
ScopeDTI_light,target_to_drug,CHEMBL4409,720,720
ScopeDTI_light,target_to_drug,CHEMBL4439,720,720
ScopeDTI_light,target_to_drug,CHEMBL4444,720,720
ScopeDTI_light,target_to_drug,CHEMBL4445,720,720
ScopeDTI_light,target_to_drug,CHEMBL4465,720,720
ScopeDTI_light,target_to_drug,CHEMBL4467,720,720
ScopeDTI_light,target_to_drug,CHEMBL4478,720,720
ScopeDTI_light,target_to_drug,CHEMBL4481,720,720
ScopeDTI_light,target_to_drug,CHEMBL4482,720,720
ScopeDTI_light,target_to_drug,CHEMBL4501,720,720
ScopeDTI_light,target_to_drug,CHEMBL4502,720,720
ScopeDTI_light,target_to_drug,CHEMBL4506,720,720
ScopeDTI_light,target_to_drug,CHEMBL4523230,720,720
ScopeDTI_light,target_to_drug,CHEMBL4523374,720,720
ScopeDTI_light,target_to_drug,CHEMBL4523377,720,720
ScopeDTI_light,target_to_drug,CHEMBL4523510,720,720
ScopeDTI_light,target_to_drug,CHEMBL4523581,720,720
ScopeDTI_light,target_to_drug,CHEMBL4523584,720,720
ScopeDTI_light,target_to_drug,CHEMBL4523586,720,720
ScopeDTI_light,target_to_drug,CHEMBL4523587,720,720
ScopeDTI_light,target_to_drug,CHEMBL4530,720,720
ScopeDTI_light,target_to_drug,CHEMBL4531,720,720
ScopeDTI_light,target_to_drug,CHEMBL4550,720,720
ScopeDTI_light,target_to_drug,CHEMBL4581,720,720
ScopeDTI_light,target_to_drug,CHEMBL4588,720,720
ScopeDTI_light,target_to_drug,CHEMBL4601,720,720
ScopeDTI_light,target_to_drug,CHEMBL4618,720,720
ScopeDTI_light,target_to_drug,CHEMBL4625,720,720
ScopeDTI_light,target_to_drug,CHEMBL4630,720,720
ScopeDTI_light,target_to_drug,CHEMBL4630876,720,720
ScopeDTI_light,target_to_drug,CHEMBL4630877,720,720
ScopeDTI_light,target_to_drug,CHEMBL4630878,720,720
ScopeDTI_light,target_to_drug,CHEMBL4630879,720,720
ScopeDTI_light,target_to_drug,CHEMBL4630880,720,720
ScopeDTI_light,target_to_drug,CHEMBL4630881,720,720
ScopeDTI_light,target_to_drug,CHEMBL4630882,720,720
ScopeDTI_light,target_to_drug,CHEMBL4630883,720,720
ScopeDTI_light,target_to_drug,CHEMBL4630884,720,720
ScopeDTI_light,target_to_drug,CHEMBL4630885,720,720
ScopeDTI_light,target_to_drug,CHEMBL4630886,720,720
ScopeDTI_light,target_to_drug,CHEMBL4630887,720,720
ScopeDTI_light,target_to_drug,CHEMBL4630888,720,720
ScopeDTI_light,target_to_drug,CHEMBL4630889,720,720
ScopeDTI_light,target_to_drug,CHEMBL4630890,720,720
ScopeDTI_light,target_to_drug,CHEMBL4630891,720,720
ScopeDTI_light,target_to_drug,CHEMBL4630892,720,720
ScopeDTI_light,target_to_drug,CHEMBL4630894,720,720
ScopeDTI_light,target_to_drug,CHEMBL4630895,720,720
ScopeDTI_light,target_to_drug,CHEMBL4660,720,720
ScopeDTI_light,target_to_drug,CHEMBL4662938,720,720
ScopeDTI_light,target_to_drug,CHEMBL4662939,720,720
ScopeDTI_light,target_to_drug,CHEMBL4662940,720,720
ScopeDTI_light,target_to_drug,CHEMBL4662941,720,720
ScopeDTI_light,target_to_drug,CHEMBL4662942,720,720
ScopeDTI_light,target_to_drug,CHEMBL4662944,720,720
ScopeDTI_light,target_to_drug,CHEMBL4665582,720,720
ScopeDTI_light,target_to_drug,CHEMBL4665584,720,720
ScopeDTI_light,target_to_drug,CHEMBL4665585,720,720
ScopeDTI_light,target_to_drug,CHEMBL4665586,720,720
ScopeDTI_light,target_to_drug,CHEMBL4677,720,720
ScopeDTI_light,target_to_drug,CHEMBL4683,720,720
ScopeDTI_light,target_to_drug,CHEMBL4685,720,720
ScopeDTI_light,target_to_drug,CHEMBL4692,720,720
ScopeDTI_light,target_to_drug,CHEMBL4703,720,720
ScopeDTI_light,target_to_drug,CHEMBL4722,720,720
ScopeDTI_light,target_to_drug,CHEMBL4770,720,720
ScopeDTI_light,target_to_drug,CHEMBL4791,720,720
ScopeDTI_light,target_to_drug,CHEMBL4794,720,720
ScopeDTI_light,target_to_drug,CHEMBL4801,720,720
ScopeDTI_light,target_to_drug,CHEMBL4804243,720,720
ScopeDTI_light,target_to_drug,CHEMBL4804244,720,720
ScopeDTI_light,target_to_drug,CHEMBL4804245,720,720
ScopeDTI_light,target_to_drug,CHEMBL4804246,720,720
ScopeDTI_light,target_to_drug,CHEMBL4804247,720,720
ScopeDTI_light,target_to_drug,CHEMBL4804257,720,720
ScopeDTI_light,target_to_drug,CHEMBL4804258,720,720
ScopeDTI_light,target_to_drug,CHEMBL4805,720,720
ScopeDTI_light,target_to_drug,CHEMBL4816,720,720
ScopeDTI_light,target_to_drug,CHEMBL4822,720,720
ScopeDTI_light,target_to_drug,CHEMBL4860,720,720
ScopeDTI_light,target_to_drug,CHEMBL4876,720,720
ScopeDTI_light,target_to_drug,CHEMBL4895,720,720
ScopeDTI_light,target_to_drug,CHEMBL4898,720,720
ScopeDTI_light,target_to_drug,CHEMBL4899,720,720
ScopeDTI_light,target_to_drug,CHEMBL4915,720,720
ScopeDTI_light,target_to_drug,CHEMBL4917,720,720
ScopeDTI_light,target_to_drug,CHEMBL4929,720,720
ScopeDTI_light,target_to_drug,CHEMBL4937,720,720
ScopeDTI_light,target_to_drug,CHEMBL4954,720,720
ScopeDTI_light,target_to_drug,CHEMBL4956,720,720
ScopeDTI_light,target_to_drug,CHEMBL4979,720,720
ScopeDTI_light,target_to_drug,CHEMBL4998,720,720
ScopeDTI_light,target_to_drug,CHEMBL5024,720,720
ScopeDTI_light,target_to_drug,CHEMBL5122,720,720
ScopeDTI_light,target_to_drug,CHEMBL5141,720,720
ScopeDTI_light,target_to_drug,CHEMBL5145,720,720
ScopeDTI_light,target_to_drug,CHEMBL5147,720,720
ScopeDTI_light,target_to_drug,CHEMBL5163,720,720
ScopeDTI_light,target_to_drug,CHEMBL5167,720,720
ScopeDTI_light,target_to_drug,CHEMBL5174,720,720
ScopeDTI_light,target_to_drug,CHEMBL5191,720,720
ScopeDTI_light,target_to_drug,CHEMBL5202,720,720
ScopeDTI_light,target_to_drug,CHEMBL5216,720,720
ScopeDTI_light,target_to_drug,CHEMBL5251,720,720
ScopeDTI_light,target_to_drug,CHEMBL5255,720,720
ScopeDTI_light,target_to_drug,CHEMBL5274,720,720
ScopeDTI_light,target_to_drug,CHEMBL5275,720,720
ScopeDTI_light,target_to_drug,CHEMBL5285,720,720
ScopeDTI_light,target_to_drug,CHEMBL5287,720,720
ScopeDTI_light,target_to_drug,CHEMBL5305024,720,720
ScopeDTI_light,target_to_drug,CHEMBL5311,720,720
ScopeDTI_light,target_to_drug,CHEMBL5331,720,720
ScopeDTI_light,target_to_drug,CHEMBL5349,720,720
ScopeDTI_light,target_to_drug,CHEMBL5366,720,720
ScopeDTI_light,target_to_drug,CHEMBL5378,720,720
ScopeDTI_light,target_to_drug,CHEMBL5398,720,720
ScopeDTI_light,target_to_drug,CHEMBL5443,720,720
ScopeDTI_light,target_to_drug,CHEMBL5451,720,720
ScopeDTI_light,target_to_drug,CHEMBL5464,720,720
ScopeDTI_light,target_to_drug,CHEMBL5466,720,720
ScopeDTI_light,target_to_drug,CHEMBL5467,720,720
ScopeDTI_light,target_to_drug,CHEMBL5469,720,720
ScopeDTI_light,target_to_drug,CHEMBL5476,720,720
ScopeDTI_light,target_to_drug,CHEMBL5479,720,720
ScopeDTI_light,target_to_drug,CHEMBL5491,720,720
ScopeDTI_light,target_to_drug,CHEMBL5498501,720,720
ScopeDTI_light,target_to_drug,CHEMBL5498502,720,720
ScopeDTI_light,target_to_drug,CHEMBL5498504,720,720
ScopeDTI_light,target_to_drug,CHEMBL5498505,720,720
ScopeDTI_light,target_to_drug,CHEMBL5522,720,720
ScopeDTI_light,target_to_drug,CHEMBL5568,720,720
ScopeDTI_light,target_to_drug,CHEMBL5580,720,720
ScopeDTI_light,target_to_drug,CHEMBL5608,720,720
ScopeDTI_light,target_to_drug,CHEMBL5616,720,720
ScopeDTI_light,target_to_drug,CHEMBL5619,720,720
ScopeDTI_light,target_to_drug,CHEMBL5661,720,720
ScopeDTI_light,target_to_drug,CHEMBL5689,720,720
ScopeDTI_light,target_to_drug,CHEMBL5697,720,720
ScopeDTI_light,target_to_drug,CHEMBL5705,720,720
ScopeDTI_light,target_to_drug,CHEMBL5714,720,720
ScopeDTI_light,target_to_drug,CHEMBL5721,720,720
ScopeDTI_light,target_to_drug,CHEMBL5731,720,720
ScopeDTI_light,target_to_drug,CHEMBL5742,720,720
ScopeDTI_light,target_to_drug,CHEMBL5804,720,720
ScopeDTI_light,target_to_drug,CHEMBL5805,720,720
ScopeDTI_light,target_to_drug,CHEMBL5807,720,720
ScopeDTI_light,target_to_drug,CHEMBL5838,720,720
ScopeDTI_light,target_to_drug,CHEMBL5903,720,720
ScopeDTI_light,target_to_drug,CHEMBL5913,720,720
ScopeDTI_light,target_to_drug,CHEMBL5936,720,720
ScopeDTI_light,target_to_drug,CHEMBL5957,720,720
ScopeDTI_light,target_to_drug,CHEMBL5966,720,720
ScopeDTI_light,target_to_drug,CHEMBL5988,720,720
ScopeDTI_light,target_to_drug,CHEMBL5989,720,720
ScopeDTI_light,target_to_drug,CHEMBL6007,720,720
ScopeDTI_light,target_to_drug,CHEMBL6009,720,720
ScopeDTI_light,target_to_drug,CHEMBL6024,720,720
ScopeDTI_light,target_to_drug,CHEMBL6044,720,720
ScopeDTI_light,target_to_drug,CHEMBL6066101,720,720
ScopeDTI_light,target_to_drug,CHEMBL6093,720,720
ScopeDTI_light,target_to_drug,CHEMBL6120,720,720
ScopeDTI_light,target_to_drug,CHEMBL6136,720,720
ScopeDTI_light,target_to_drug,CHEMBL6152,720,720
ScopeDTI_light,target_to_drug,CHEMBL6157,720,720
ScopeDTI_light,drug_to_target,AAOVKJBEBIDNHE-UHFFFAOYSA-N,745,745
ScopeDTI_light,drug_to_target,ACRHBAYQBXXRTO-OAQYLSRUSA-N,745,745
ScopeDTI_light,drug_to_target,ACWBQPMHZXGDFX-QFIPXVFZSA-N,745,745
ScopeDTI_light,drug_to_target,ACWZRVQXLIRSDF-UHFFFAOYSA-N,745,745
ScopeDTI_light,drug_to_target,ADEBPBSSDYVVLD-UHFFFAOYSA-N,745,745
ScopeDTI_light,drug_to_target,AEXFXNFMSAAELR-RXVVDRJESA-N,745,745
ScopeDTI_light,drug_to_target,AFLFKFHDSCQHOL-IZZDOVSWSA-N,745,745
ScopeDTI_light,drug_to_target,AHJRHEGDXFFMBM-UHFFFAOYSA-N,745,745
ScopeDTI_light,drug_to_target,AHOUBRCZNHFOSL-YOEHRIQHSA-N,745,745
ScopeDTI_light,drug_to_target,AHYMHWXQRWRBKT-UHFFFAOYSA-N,745,745
ScopeDTI_light,drug_to_target,AILRADAXUVEEIR-UHFFFAOYSA-N,745,745
ScopeDTI_light,drug_to_target,AJIPIJNNOJSSQC-NYLIRDPKSA-N,745,745
ScopeDTI_light,drug_to_target,ALWKGYPQUAPLQC-UHFFFAOYSA-N,745,745
ScopeDTI_light,drug_to_target,ANGKOCUUWGHLCE-HKUYNNGSSA-N,745,745
ScopeDTI_light,drug_to_target,AOMXMOCNKJTRQP-UHFFFAOYSA-N,745,745
ScopeDTI_light,drug_to_target,AQHHHDLHHXJYJD-UHFFFAOYSA-N,745,745
ScopeDTI_light,drug_to_target,AQNDDEOPVVGCPG-UHFFFAOYSA-N,745,745
ScopeDTI_light,drug_to_target,AQOKCDNYWBIDND-FTOWTWDKSA-N,745,745
ScopeDTI_light,drug_to_target,ASMXXROZKSBQIH-VITNCHFBSA-N,745,745
ScopeDTI_light,drug_to_target,ASOADIZOVZTJSR-UHFFFAOYSA-N,745,745
ScopeDTI_light,drug_to_target,ASUTZQLVASHGKV-JDFRZJQESA-N,745,745
ScopeDTI_light,drug_to_target,ATALOFNDEOCMKK-OITMNORJSA-N,745,745
ScopeDTI_light,drug_to_target,AURFZBICLPNKBZ-SYBPFIFISA-N,745,745
ScopeDTI_light,drug_to_target,AVAACINZEOAHHE-VFZPANTDSA-N,745,745
ScopeDTI_light,drug_to_target,AXOIZCJOOAYSMI-UHFFFAOYSA-N,745,745
ScopeDTI_light,drug_to_target,AXQACEQYCPKDMV-RZAWKFBISA-N,745,745
ScopeDTI_light,drug_to_target,AYXYPKUFHZROOJ-ZETCQYMHSA-N,745,745
ScopeDTI_light,drug_to_target,AZSRSNUQCUDCGG-UHFFFAOYSA-N,745,745
ScopeDTI_light,drug_to_target,BALLNEJQLSTPIO-UHFFFAOYSA-N,745,745
ScopeDTI_light,drug_to_target,BARDROPHSZEBKC-OITMNORJSA-N,745,745
ScopeDTI_light,drug_to_target,BBAWEDCPNXPBQM-GDEBMMAJSA-N,745,745
ScopeDTI_light,drug_to_target,BCEHBSKCWLPMDN-MGPLVRAMSA-N,745,745
ScopeDTI_light,drug_to_target,BCFGMOOMADDAQU-UHFFFAOYSA-N,745,745
ScopeDTI_light,drug_to_target,BFDBKMOZYNOTPK-UHFFFAOYSA-N,745,745
ScopeDTI_light,drug_to_target,BFPYWIDHMRZLRN-SLHNCBLASA-N,745,745
ScopeDTI_light,drug_to_target,BFSMGDJOXZAERB-UHFFFAOYSA-N,745,745
ScopeDTI_light,drug_to_target,BGDKAVGWHJFAGW-UHFFFAOYSA-N,745,745
ScopeDTI_light,drug_to_target,BISPBXFUKNXOQY-RITPCOANSA-N,745,745
ScopeDTI_light,drug_to_target,BLIJXOOIHRSQRB-PXYINDEMSA-N,745,745
ScopeDTI_light,drug_to_target,BLJRIMJGRPQVNF-JTQLQIEISA-N,745,745
ScopeDTI_light,drug_to_target,BMEARIQHWSVDBS-SNVBAGLBSA-N,745,745
ScopeDTI_light,drug_to_target,BMGQWWVMWDBQGC-IIFHNQTCSA-N,745,745
ScopeDTI_light,drug_to_target,BMKDZUISNHGIBY-ZETCQYMHSA-N,745,745
ScopeDTI_light,drug_to_target,BMPDWHIDQYTSHX-AWEZNQCLSA-N,745,745
ScopeDTI_light,drug_to_target,BMPDWHIDQYTSHX-UHFFFAOYSA-N,745,745
ScopeDTI_light,drug_to_target,BNRNXUUZRGQAQC-UHFFFAOYSA-N,745,745
ScopeDTI_light,drug_to_target,BPKAHTKRCLCHEA-UBFJEZKGSA-N,745,745
ScopeDTI_light,drug_to_target,BPQMGSKTAYIVFO-UHFFFAOYSA-N,745,745
ScopeDTI_light,drug_to_target,BPRHUIZQVSMCRT-VEUZHWNKSA-N,745,745
ScopeDTI_light,drug_to_target,BPZSYCZIITTYBL-YJYMSZOUSA-N,745,745
ScopeDTI_light,drug_to_target,BQEJAAIPKDQEPV-MXHGPKCJSA-N,745,745
ScopeDTI_light,drug_to_target,BQJCRHHNABKAKU-KBQPJGBKSA-N,745,745
ScopeDTI_light,drug_to_target,BQSJTQLCZDPROO-UHFFFAOYSA-N,745,745
ScopeDTI_light,drug_to_target,BRUQQQPBMZOVGD-XFKAJCMBSA-N,745,745
ScopeDTI_light,drug_to_target,BSMCAPRUBJMWDF-KRWDZBQOSA-N,745,745
ScopeDTI_light,drug_to_target,BSYNRYMUTXBXSQ-UHFFFAOYSA-N,745,745
ScopeDTI_light,drug_to_target,BTBHLEZXCOBLCY-QGZVFWFLSA-N,745,745
ScopeDTI_light,drug_to_target,BTCRKOKVYTVOLU-SJSRKZJXSA-N,745,745
ScopeDTI_light,drug_to_target,BUGYDGFZZOZRHP-UHFFFAOYSA-N,745,745
ScopeDTI_light,drug_to_target,BYBLEWFAAKGYCD-UHFFFAOYSA-N,745,745
ScopeDTI_light,drug_to_target,BZZKEPGENYLQSC-FIBGUPNXSA-N,745,745
ScopeDTI_light,drug_to_target,BZZKEPGENYLQSC-UHFFFAOYSA-N,745,745
ScopeDTI_light,drug_to_target,CAVRKWRKTNINFF-UHFFFAOYSA-N,745,745
ScopeDTI_light,drug_to_target,CBRJPFGIXUFMTM-WDEREUQCSA-N,745,745
ScopeDTI_light,drug_to_target,CEFJVGZHQAGLHS-UHFFFAOYSA-N,745,745
ScopeDTI_light,drug_to_target,CEUORZQYGODEFX-UHFFFAOYSA-N,745,745
ScopeDTI_light,drug_to_target,CGIGDMFJXJATDK-UHFFFAOYSA-N,745,745
ScopeDTI_light,drug_to_target,CJBJHOAVZSMMDJ-HEXNFIEUSA-N,745,745
ScopeDTI_light,drug_to_target,CJOFXWAVKWHTFT-XSFVSMFZSA-N,745,745
ScopeDTI_light,drug_to_target,CMHHMUWAYWTMGS-UHFFFAOYSA-N,745,745
ScopeDTI_light,drug_to_target,CMJCXYNUCSMDBY-ZDUSSCGKSA-N,745,745
ScopeDTI_light,drug_to_target,CMWTZPSULFXXJA-VIFPVBQESA-N,745,745
ScopeDTI_light,drug_to_target,COUYJEVMBVSIHV-SFHVURJKSA-N,745,745
ScopeDTI_light,drug_to_target,CPZBLNMUGSZIPR-NVXWUHKLSA-N,745,745
ScopeDTI_light,drug_to_target,CSKDFZIMJXRJGH-VWLPUNTISA-N,745,745
ScopeDTI_light,drug_to_target,CSOBIBXVIYAXFM-BYNJWEBRSA-N,745,745
ScopeDTI_light,drug_to_target,CTRLABGOLIVAIY-UHFFFAOYSA-N,745,745
ScopeDTI_light,drug_to_target,CUHVIMMYOGQXCV-NSHDSACASA-N,745,745
ScopeDTI_light,drug_to_target,CUIHSIWYWATEQL-UHFFFAOYSA-N,745,745
ScopeDTI_light,drug_to_target,CVWXJKQAOSCOAB-UHFFFAOYSA-N,745,745
ScopeDTI_light,drug_to_target,CXOFVDLJLONNDW-UHFFFAOYSA-N,745,745
ScopeDTI_light,drug_to_target,CXOXHMZGEKVPMT-UHFFFAOYSA-N,745,745
ScopeDTI_light,drug_to_target,CYHWMBVXXDIZNZ-KRWDZBQOSA-N,745,745
ScopeDTI_light,drug_to_target,CYOHGALHFOKKQC-UHFFFAOYSA-N,745,745
ScopeDTI_light,drug_to_target,CYQFCXCEBYINGO-IAGOWNOFSA-N,745,745
ScopeDTI_light,drug_to_target,CZFFBEXEKNGXKS-UHFFFAOYSA-N,745,745
ScopeDTI_light,drug_to_target,CZGVOBIGEBDYTP-VSGBNLITSA-N,745,745
ScopeDTI_light,drug_to_target,DBABZHXKTCFAPX-UHFFFAOYSA-N,745,745
ScopeDTI_light,drug_to_target,DBEPLOCGEIEOCV-WSBQPABSSA-N,745,745
ScopeDTI_light,drug_to_target,DBGIVFWFUFKIQN-UHFFFAOYSA-N,745,745
ScopeDTI_light,drug_to_target,DCCSDBARQIPTGU-HSZRJFAPSA-N,745,745
ScopeDTI_light,drug_to_target,DCOPUUMXTXDBNB-UHFFFAOYSA-N,745,745
ScopeDTI_light,drug_to_target,DDFOUSQFMYRUQK-RCDICMHDSA-N,745,745
ScopeDTI_light,drug_to_target,DDLIGBOFAVUZHB-UHFFFAOYSA-N,745,745
ScopeDTI_light,drug_to_target,DDOOFTLHJSMHLN-ZQHRPCGSSA-N,745,745
ScopeDTI_light,drug_to_target,DEVSOMFAQLZNKR-RJRFIUFISA-N,745,745
ScopeDTI_light,drug_to_target,DHHVAGZRUROJKS-UHFFFAOYSA-N,745,745
ScopeDTI_light,drug_to_target,DHMTURDWPRKSOA-RUZDIDTESA-N,745,745
ScopeDTI_light,drug_to_target,DHSUYTOATWAVLW-WFVMDLQDSA-N,745,745
ScopeDTI_light,drug_to_target,DIWRORZWFLOCLC-UHFFFAOYSA-N,745,745
ScopeDTI_light,drug_to_target,DJXRIQMCROIRCZ-XOEOCAAJSA-N,745,745
ScopeDTI_light,drug_to_target,DKNWSYNQZKUICI-UHFFFAOYSA-N,745,745
ScopeDTI_light,drug_to_target,DKULOVKANLVDEA-UHFFFAOYSA-N,745,745
ScopeDTI_light,drug_to_target,DKYWVDODHFEZIM-UHFFFAOYSA-N,745,745
ScopeDTI_light,drug_to_target,DMJNNHOOLUXYBV-PQTSNVLCSA-N,745,745
ScopeDTI_light,drug_to_target,DMKSVUSAATWOCU-HROMYWEYSA-N,745,745
ScopeDTI_light,drug_to_target,DMNOVGJWPASQDL-OAQYLSRUSA-N,745,745
ScopeDTI_light,drug_to_target,DOBNVUFHFMVMDB-BEFAXECRSA-N,745,745
ScopeDTI_light,drug_to_target,DOMXUEMWDBAQBQ-WEVVVXLNSA-N,745,745
ScopeDTI_light,drug_to_target,DOUYETYNHWVLEO-UHFFFAOYSA-N,745,745
ScopeDTI_light,drug_to_target,DQCKKXVULJGBQN-XFWGSAIBSA-N,745,745
ScopeDTI_light,drug_to_target,DRHKJLXJIQTDTD-OAHLLOKOSA-N,745,745
ScopeDTI_light,drug_to_target,DTGLZDAWLRGWQN-UHFFFAOYSA-N,745,745
ScopeDTI_light,drug_to_target,DUGOZIWVEXMGBE-CHWSQXEVSA-N,745,745
ScopeDTI_light,drug_to_target,DUXZAXCGJSBGDW-HXUWFJFHSA-N,745,745
ScopeDTI_light,drug_to_target,DUYJMQONPNNFPI-UHFFFAOYSA-N,745,745
ScopeDTI_light,drug_to_target,DWRIJNIPBUFCQS-DQEYMECFSA-N,745,745
ScopeDTI_light,drug_to_target,DWYRIWUZIJHQKQ-SANMLTNESA-N,745,745
ScopeDTI_light,drug_to_target,DWZAEMINVBZMHQ-UHFFFAOYSA-N,745,745
ScopeDTI_light,drug_to_target,DYDCPNMLZGFQTM-UHFFFAOYSA-N,745,745
ScopeDTI_light,drug_to_target,DYKFCLLONBREIL-KVUCHLLUSA-N,745,745
ScopeDTI_light,drug_to_target,DYLUUSLLRIQKOE-UHFFFAOYSA-N,745,745
ScopeDTI_light,drug_to_target,FABPRXSRWADJSP-MEDUHNTESA-N,745,745
ScopeDTI_light,drug_to_target,FABUFPQFXZVHFB-PVYNADRNSA-N,745,745
ScopeDTI_light,drug_to_target,FAEKWTJYAYMJKF-QHCPKHFHSA-N,745,745
ScopeDTI_light,drug_to_target,FASDKYOPVNHBLU-ZETCQYMHSA-N,745,745
ScopeDTI_light,drug_to_target,FBHSPRKOSMHSIF-GRMWVWQJSA-N,745,745
ScopeDTI_light,drug_to_target,FBOUYBDGKBSUES-VXKWHMMOSA-N,745,745
ScopeDTI_light,drug_to_target,FDBYIYFVSAHJLY-UHFFFAOYSA-N,745,745
ScopeDTI_light,drug_to_target,FDLYAMZZIXQODN-UHFFFAOYSA-N,745,745
ScopeDTI_light,drug_to_target,FDTZUTSGGSRHQF-UHFFFAOYSA-N,745,745
ScopeDTI_light,drug_to_target,FELGMEQIXOGIFQ-UHFFFAOYSA-N,745,745
ScopeDTI_light,drug_to_target,FFGPTBGBLSHEPO-UHFFFAOYSA-N,745,745
ScopeDTI_light,drug_to_target,FGQFOYHRJSUHMR-UHFFFAOYSA-N,745,745
ScopeDTI_light,drug_to_target,FIDLLEYNNRGVFR-CTNGQTDRSA-N,745,745
ScopeDTI_light,drug_to_target,FIKPXCOQUIZNHB-WDEREUQCSA-N,745,745
ScopeDTI_light,drug_to_target,FIVSJYGQAIEMOC-ZGNKEGEESA-N,745,745
ScopeDTI_light,drug_to_target,FJHBVJOVLFPMQE-QFIPXVFZSA-N,745,745
ScopeDTI_light,drug_to_target,FJZZPCZKBUKGGU-AUSIDOKSSA-N,745,745
ScopeDTI_light,drug_to_target,FKENQMMABCRJMK-RITPCOANSA-N,745,745
ScopeDTI_light,drug_to_target,FLSUCZWOEMTFAQ-PRBGKLEPSA-N,745,745
ScopeDTI_light,drug_to_target,FNHKPVJBJVTLMP-UHFFFAOYSA-N,745,745
ScopeDTI_light,drug_to_target,FNKQXYHWGSIFBK-RPDRRWSUSA-N,745,745
ScopeDTI_light,drug_to_target,FPOHNWQLNRZRFC-ZHACJKMWSA-N,745,745
ScopeDTI_light,drug_to_target,FRVSRBKUQZKTOW-YOCNBXQISA-N,745,745
ScopeDTI_light,drug_to_target,FTALBRSUTCGOEG-UHFFFAOYSA-N,745,745
ScopeDTI_light,drug_to_target,FVTWTVQXNAJTQP-UHFFFAOYSA-N,745,745
ScopeDTI_light,drug_to_target,FWLMVFUGMHIOAA-UHFFFAOYSA-N,745,745
ScopeDTI_light,drug_to_target,FWYSMLBETOMXAG-QHCPKHFHSA-N,745,745
ScopeDTI_light,drug_to_target,FWZAWAUZXYCBKZ-NSHDSACASA-N,745,745
ScopeDTI_light,drug_to_target,FYDWDCIFZSGNBU-UHFFFAOYSA-N,745,745
ScopeDTI_light,drug_to_target,FYMHQCNFKNMJAV-HOTGVXAUSA-N,745,745
ScopeDTI_light,drug_to_target,GBLBJPZSROAGMF-RWYJCYHVSA-N,745,745
ScopeDTI_light,drug_to_target,GBXSMTUPTTWBMN-XIRDDKMYSA-N,745,745
ScopeDTI_light,drug_to_target,GCKFUYQCUCGESZ-BPIQYHPVSA-N,745,745
ScopeDTI_light,drug_to_target,GDLBFKVLRPITMI-UHFFFAOYSA-N,745,745
ScopeDTI_light,drug_to_target,GEJDGVNQKABXKG-CFKGEZKQSA-N,745,745
ScopeDTI_light,drug_to_target,GFHAXPJGXSQLPT-VIFPVBQESA-N,745,745
ScopeDTI_light,drug_to_target,GFNANZIMVAIWHM-OBYCQNJPSA-N,745,745
ScopeDTI_light,drug_to_target,GGCSSNBKKAUURC-UHFFFAOYSA-N,745,745
ScopeDTI_light,drug_to_target,GGXICVAJURFBLW-CEYXHVGTSA-N,745,745
ScopeDTI_light,drug_to_target,GHILNKWBALQPDP-UHFFFAOYSA-N,745,745
ScopeDTI_light,drug_to_target,GJJFMKBJSRMPLA-DZGCQCFKSA-N,745,745
ScopeDTI_light,drug_to_target,GJPICJJJRGTNOD-UHFFFAOYSA-N,745,745
ScopeDTI_light,drug_to_target,GJSURZIOUXUGAL-UHFFFAOYSA-N,745,745
ScopeDTI_light,drug_to_target,GKCBAIGFKIBETG-UHFFFAOYSA-N,745,745
ScopeDTI_light,drug_to_target,GKHIVNAUVKXIIY-UHFFFAOYSA-N,745,745
ScopeDTI_light,drug_to_target,GLYMPHUVMRFTFV-QLFBSQMISA-N,745,745
ScopeDTI_light,drug_to_target,GMRQFYUYWCNGIN-NKMMMXOESA-N,745,745
ScopeDTI_light,drug_to_target,GNXFOGHNGIVQEH-UHFFFAOYSA-N,745,745
ScopeDTI_light,drug_to_target,GOTYRUGSSMKFNF-UHFFFAOYSA-N,745,745
ScopeDTI_light,drug_to_target,GPNHMOZDMYNCPO-PDUMRIMRSA-N,745,745
ScopeDTI_light,drug_to_target,GPXBXXGIAQBQNI-UHFFFAOYSA-N,745,745
ScopeDTI_light,drug_to_target,GXJABQQUPOEUTA-RDJZCZTQSA-N,745,745
ScopeDTI_light,drug_to_target,GXXLUDOKHXEFBQ-YJFSRANCSA-N,745,745
ScopeDTI_light,drug_to_target,GYDJEQRTZSCIOI-LJGSYFOKSA-N,745,745
ScopeDTI_light,drug_to_target,GYHCTFXIZSNGJT-UHFFFAOYSA-N,745,745
ScopeDTI_light,drug_to_target,GYQYAJJFPNQOOW-UHFFFAOYSA-N,745,745
ScopeDTI_light,drug_to_target,GZOSMCIZMLWJML-VJLLXTKPSA-N,745,745
ScopeDTI_light,drug_to_target,GZUITABIAKMVPG-UHFFFAOYSA-N,745,745
ScopeDTI_light,drug_to_target,HARRKNSQXBRBGZ-GVKWWOCJSA-N,745,745
ScopeDTI_light,drug_to_target,HAYYBYPASCDWEQ-UHFFFAOYSA-N,745,745
ScopeDTI_light,drug_to_target,HBOMLICNUCNMMY-XLPZGREQSA-N,745,745
ScopeDTI_light,drug_to_target,HCDMJFOHIXMBOV-UHFFFAOYSA-N,745,745
ScopeDTI_light,drug_to_target,HCFDWZZGGLSKEP-UHFFFAOYSA-N,745,745
ScopeDTI_light,drug_to_target,HCRKCZRJWPKOAR-JTQLQIEISA-N,745,745
ScopeDTI_light,drug_to_target,HDACQVRGBOVJII-JBDAPHQKSA-N,745,745
ScopeDTI_light,drug_to_target,HEAUOKZIVMZVQL-VWLOTQADSA-N,745,745
ScopeDTI_light,drug_to_target,HEFNNWSXXWATRW-UHFFFAOYSA-N,745,745
ScopeDTI_light,drug_to_target,HEVHTYMYEMEBPX-HZPDHXFCSA-N,745,745
ScopeDTI_light,drug_to_target,HFNKQEVNSGCOJV-OAHLLOKOSA-N,745,745
ScopeDTI_light,drug_to_target,HFZITXBUTWITPT-YWVKMMECSA-N,745,745
ScopeDTI_light,drug_to_target,HGVDHZBSSITLCT-JLJPHGGASA-N,745,745
ScopeDTI_light,drug_to_target,HHZIURLSWUIHRB-UHFFFAOYSA-N,745,745
ScopeDTI_light,drug_to_target,HIFJCPQKFCZDDL-ACWOEMLNSA-N,745,745
ScopeDTI_light,drug_to_target,HJBWBFZLDZWPHF-UHFFFAOYSA-N,745,745
ScopeDTI_light,drug_to_target,HKDLNTKNLJPAIY-WKWWZUSTSA-N,745,745
ScopeDTI_light,drug_to_target,HKHCSWPSUSWGLI-CABCVRRESA-N,745,745
ScopeDTI_light,drug_to_target,HKXBNHCUPKIYDM-CGMHZMFXSA-N,745,745
ScopeDTI_light,drug_to_target,HMABYWSNWIZPAG-UHFFFAOYSA-N,745,745
ScopeDTI_light,drug_to_target,HNPFPERDNWXAGS-NFVOFSAMSA-N,745,745
ScopeDTI_light,drug_to_target,HOIIHACBCFLJET-SFTDATJTSA-N,745,745
ScopeDTI_light,drug_to_target,HPHUVLMMVZITSG-LURJTMIESA-N,745,745
ScopeDTI_light,drug_to_target,HPJKCIUCZWXJDR-UHFFFAOYSA-N,745,745
ScopeDTI_light,drug_to_target,HPNSFSBZBAHARI-RUDMXATFSA-N,745,745
ScopeDTI_light,drug_to_target,HSUGRBWQSSZJOP-RTWAWAEBSA-N,745,745
ScopeDTI_light,drug_to_target,HTIQEAQVCYTUBX-KRWDZBQOSA-N,745,745
ScopeDTI_light,drug_to_target,HTIQEAQVCYTUBX-UHFFFAOYSA-N,745,745
ScopeDTI_light,drug_to_target,HUNGUWOZPQBXGX-UHFFFAOYSA-N,745,745
ScopeDTI_light,drug_to_target,HVFLCNVBZFFHBT-ZKDACBOMSA-N,745,745
ScopeDTI_light,drug_to_target,HWGQMRYQVZSGDQ-HZPDHXFCSA-N,745,745
ScopeDTI_light,drug_to_target,HWXVIOGONBBTBY-ONEGZZNKSA-N,745,745
ScopeDTI_light,drug_to_target,HYAFETHFCAUJAY-UHFFFAOYSA-N,745,745
ScopeDTI_light,drug_to_target,HYHMLYSLQUKXKP-UHFFFAOYSA-N,745,745
ScopeDTI_light,drug_to_target,HZIYEEMJNBKMJH-UHFFFAOYSA-N,745,745
ScopeDTI_light,drug_to_target,IAKHMKGGTNLKSZ-INIZCTEOSA-N,745,745
ScopeDTI_light,drug_to_target,IAVUPMFITXYVAF-XPUUQOCRSA-N,745,745
ScopeDTI_light,drug_to_target,IDUYJRXRDSPPRC-NRFANRHFSA-N,745,745
ScopeDTI_light,drug_to_target,IEAKXXNRGSLYTQ-DEOSSOPVSA-N,745,745
ScopeDTI_light,drug_to_target,IFSDAJWBUCMOAH-HNNXBMFYSA-N,745,745
ScopeDTI_light,drug_to_target,IIXWYSCJSQVBQM-LLVKDONJSA-N,745,745
ScopeDTI_light,drug_to_target,IKENVDNFQMCRTR-UHFFFAOYSA-N,745,745
ScopeDTI_light,drug_to_target,IKKXOSBHLYMWAE-QRPMWFLTSA-N,745,745
ScopeDTI_light,drug_to_target,IMOZEMNVLZVGJZ-QGZVFWFLSA-N,745,745
ScopeDTI_light,drug_to_target,INJOMKTZOLKMBF-UHFFFAOYSA-N,745,745
ScopeDTI_light,drug_to_target,IOOWNWLVCOUUEX-WPRPVWTQSA-N,745,745
ScopeDTI_light,drug_to_target,IPOKCKJONYRRHP-FMQUCBEESA-N,745,745
ScopeDTI_light,drug_to_target,IPVQLZZIHOAWMC-QXKUPLGCSA-N,745,745
ScopeDTI_light,drug_to_target,IQFYYKKMVGJFEH-CSMHCCOUSA-N,745,745
ScopeDTI_light,drug_to_target,IQIBKLWBVJPOQO-UHFFFAOYSA-N,745,745
ScopeDTI_light,drug_to_target,IQPSEEYGBUAQFF-UHFFFAOYSA-N,745,745
ScopeDTI_light,drug_to_target,IQVRBWUUXZMOPW-PKNBQFBNSA-N,745,745
ScopeDTI_light,drug_to_target,IRSCQMHQWWYFCW-UHFFFAOYSA-N,745,745
ScopeDTI_light,drug_to_target,IUBSYMUCCVWXPE-UHFFFAOYSA-N,745,745
ScopeDTI_light,drug_to_target,IUEWXNHSKRWHDY-PHIMTYICSA-N,745,745
ScopeDTI_light,drug_to_target,IVBHGBMCVLDMKU-GXNBUGAJSA-N,745,745
ScopeDTI_light,drug_to_target,IYIKLHRQXLHMJQ-UHFFFAOYSA-N,745,745
ScopeDTI_light,drug_to_target,IYSYPCSSDZBWHN-UHFFFAOYSA-N,745,745
ScopeDTI_light,drug_to_target,JAUOIFJMECXRGI-UHFFFAOYSA-N,745,745
ScopeDTI_light,drug_to_target,JBIMVDZLSHOPLA-LSCVHKIXSA-N,745,745
ScopeDTI_light,drug_to_target,JBKPUQTUERUYQE-UHFFFAOYSA-O,745,745
ScopeDTI_light,drug_to_target,JCCNYMKQOSZNPW-UHFFFAOYSA-N,745,745
ScopeDTI_light,drug_to_target,JDUBGYFRJFOXQC-KRWDZBQOSA-N,745,745
ScopeDTI_light,drug_to_target,JEECQCWWSTZDCK-IQZGDKDPSA-N,745,745
ScopeDTI_light,drug_to_target,JFOZKMSJYSPYLN-QHCPKHFHSA-N,745,745
ScopeDTI_light,drug_to_target,JGCMEBMXRHSZKX-UHFFFAOYSA-N,745,745
ScopeDTI_light,drug_to_target,JGRXMPYUTJLTKT-UHFFFAOYSA-N,745,745
ScopeDTI_light,drug_to_target,JGWRKYUXBBNENE-UHFFFAOYSA-N,745,745
ScopeDTI_light,drug_to_target,JIVPVXMEBJLZRO-UHFFFAOYSA-N,745,745
ScopeDTI_light,drug_to_target,JJVAPHYEOZSKJZ-JGCGQSQUSA-N,745,745
ScopeDTI_light,drug_to_target,JKVNJTYHRABHIY-WXVUKLJWSA-N,745,745
ScopeDTI_light,drug_to_target,JOLJIIDDOBNFHW-UHFFFAOYSA-N,745,745
ScopeDTI_light,drug_to_target,JOOXLOJCABQBSG-UHFFFAOYSA-N,745,745
ScopeDTI_light,drug_to_target,JQSHBVHOMNKWFT-DTORHVGOSA-N,745,745
ScopeDTI_light,drug_to_target,JURKNVYFZMSNLP-UHFFFAOYSA-N,745,745
ScopeDTI_light,drug_to_target,JUZYLCPPVHEVSV-LJQANCHMSA-N,745,745
ScopeDTI_light,drug_to_target,JVHXJTBJCFBINQ-ADAARDCZSA-N,745,745
ScopeDTI_light,drug_to_target,JVLBPIPGETUEET-WIXLDOGYSA-O,745,745
ScopeDTI_light,drug_to_target,JWHYSEDOYMYMNM-QGZVFWFLSA-N,745,745
ScopeDTI_light,drug_to_target,JWJOTENAMICLJG-QWBYCMEYSA-N,745,745
ScopeDTI_light,drug_to_target,JWNPDZNEKVCWMY-VQHVLOKHSA-N,745,745
ScopeDTI_light,drug_to_target,JWUBBDSIWDLEOM-DTOXIADCSA-N,745,745
ScopeDTI_light,drug_to_target,JYGXADMDTFJGBT-VWUMJDOOSA-N,745,745
ScopeDTI_light,drug_to_target,JYTNQNCOQXFQPK-MRXNPFEDSA-N,745,745
ScopeDTI_light,drug_to_target,JZUFKLXOESDKRF-UHFFFAOYSA-N,745,745
ScopeDTI_light,drug_to_target,KAQKFAOMNZTLHT-OZUDYXHBSA-N,745,745
ScopeDTI_light,drug_to_target,KBOPZPXVLCULAV-UHFFFAOYSA-N,745,745
ScopeDTI_light,drug_to_target,KDGFLJKFZUIJMX-UHFFFAOYSA-N,745,745
ScopeDTI_light,drug_to_target,KDLRVYVGXIQJDK-AWPVFWJPSA-N,745,745
ScopeDTI_light,drug_to_target,KEDYTOTWMPBSLG-HILJTLORSA-N,745,745
ScopeDTI_light,drug_to_target,KEIPNCCJPRMIAX-HNNXBMFYSA-N,745,745
ScopeDTI_light,drug_to_target,KENSGCYKTRNIST-RVUAFKSESA-N,745,745
ScopeDTI_light,drug_to_target,KFQYTPMOWPVWEJ-INIZCTEOSA-N,745,745
ScopeDTI_light,drug_to_target,KGFYHTZWPPHNLQ-AWEZNQCLSA-N,745,745
ScopeDTI_light,drug_to_target,KGSXMPPBFPAXLY-UHFFFAOYSA-N,745,745
ScopeDTI_light,drug_to_target,KIHYPELVXPAIDH-HNSNBQBZSA-N,745,745
ScopeDTI_light,drug_to_target,KIQXRQVVYTYYAZ-VKVYFNERSA-N,745,745
ScopeDTI_light,drug_to_target,KJADKKWYZYXHBB-XBWDGYHZSA-N,745,745
ScopeDTI_light,drug_to_target,KJFBVJALEQWJBS-XUXIUFHCSA-N,745,745
ScopeDTI_light,drug_to_target,KJHKTHWMRKYKJE-SUGCFTRWSA-N,745,745
ScopeDTI_light,drug_to_target,KKGQTZUTZRNORY-UHFFFAOYSA-N,745,745
ScopeDTI_light,drug_to_target,KPBZROQVTHLCDU-UHFFFAOYSA-N,745,745
ScopeDTI_light,drug_to_target,KPVIXBKIJXZQJX-CSOZIWFHSA-N,745,745
ScopeDTI_light,drug_to_target,KPWSJANDNDDRMB-QAQDUYKDSA-N,745,745
ScopeDTI_light,drug_to_target,KPYSYYIEGFHWSV-UHFFFAOYSA-N,745,745
ScopeDTI_light,drug_to_target,KQKPFRSPSRPDEB-UHFFFAOYSA-N,745,745
ScopeDTI_light,drug_to_target,KRNAOFGYEFKHPB-ANJVHQHFSA-N,745,745
ScopeDTI_light,drug_to_target,KSGXQBZTULBEEQ-UHFFFAOYSA-N,745,745
ScopeDTI_light,drug_to_target,KSMAGQUYOIHWFS-UHFFFAOYSA-N,745,745
ScopeDTI_light,drug_to_target,KTEIFNKAUNYNJU-GFCCVEGCSA-N,745,745
ScopeDTI_light,drug_to_target,KTUFNOKKBVMGRW-UHFFFAOYSA-N,745,745
ScopeDTI_light,drug_to_target,KVWDHTXUZHCGIO-UHFFFAOYSA-N,745,745
ScopeDTI_light,drug_to_target,KWGRBVOPPLSCSI-WCBMZHEXSA-N,745,745
ScopeDTI_light,drug_to_target,KWGRBVOPPLSCSI-WPRPVWTQSA-N,745,745
ScopeDTI_light,drug_to_target,KWTSXDURSIMDCE-QMMMGPOBSA-N,745,745
ScopeDTI_light,drug_to_target,KWTSXDURSIMDCE-UHFFFAOYSA-N,745,745
ScopeDTI_light,drug_to_target,KWTWDQCKEHXFFR-SMDDNHRTSA-N,745,745
ScopeDTI_light,drug_to_target,KXNPVXPOPUZYGB-IOVMHBDKSA-N,745,745
ScopeDTI_light,drug_to_target,KYYIDSXMWOZKMP-UHFFFAOYSA-N,745,745
ScopeDTI_light,drug_to_target,LCQLHJZYVOQKHU-VKHMYHEASA-N,745,745
ScopeDTI_light,drug_to_target,LDCRTTXIJACKKU-ONEGZZNKSA-N,745,745
ScopeDTI_light,drug_to_target,LDEKQSIMHVQZJK-CAQYMETFSA-N,745,745
ScopeDTI_light,drug_to_target,LEBVLXFERQHONN-UHFFFAOYSA-N,745,745
ScopeDTI_light,drug_to_target,LERNTVKEWCAPOY-DZZGSBJMSA-N,745,745
ScopeDTI_light,drug_to_target,LEZWWPYKPKIXLL-UHFFFAOYSA-N,745,745
ScopeDTI_light,drug_to_target,LFQDNHWZDQTITF-UHFFFAOYSA-N,745,745
ScopeDTI_light,drug_to_target,LHHCSNFAOIFYRV-DOVBMPENSA-N,745,745
ScopeDTI_light,drug_to_target,LIENCHBZNNMNKG-OJFNHCPVSA-N,745,745
ScopeDTI_light,drug_to_target,LIOLIMKSCNQPLV-UHFFFAOYSA-N,745,745
ScopeDTI_light,drug_to_target,LIRYPHYGHXZJBZ-UHFFFAOYSA-N,745,745
ScopeDTI_light,drug_to_target,LKJPYSCBVHEWIU-UHFFFAOYSA-N,745,745
ScopeDTI_light,drug_to_target,LLPOLZWFYMWNKH-CMKMFDCUSA-N,745,745
ScopeDTI_light,drug_to_target,LMMJFBMMJUMSJS-UHFFFAOYSA-N,745,745
ScopeDTI_light,drug_to_target,LOMMPXLFBTZENJ-ZACQAIPSSA-N,745,745
ScopeDTI_light,drug_to_target,LOUPRKONTZGTKE-LHHVKLHASA-N,745,745
ScopeDTI_light,drug_to_target,LOWWYYZBZNSPDT-ZBEGNZNMSA-N,745,745
ScopeDTI_light,drug_to_target,LPAUOXUZGSBGDU-STDDISTJSA-N,745,745
ScopeDTI_light,drug_to_target,LPQZKKCYTLCDGQ-WEDXCCLWSA-N,745,745
ScopeDTI_light,drug_to_target,LRFKWQGGENFBFO-IBGZPJMESA-N,745,745
ScopeDTI_light,drug_to_target,LSQZJLSUYDQPKJ-NJBDSQKTSA-N,745,745
ScopeDTI_light,drug_to_target,LTXBFJFJUIJOQE-GOSISDBHSA-N,745,745
ScopeDTI_light,drug_to_target,LTXREWYXXSTFRX-QGZVFWFLSA-N,745,745
ScopeDTI_light,drug_to_target,LUKZNWIVRBCLON-GXOBDPJESA-N,745,745
ScopeDTI_light,drug_to_target,LUMKNAVTFCDUIE-VHXPQNKSSA-N,745,745
ScopeDTI_light,drug_to_target,LUZRJRNZXALNLM-JGRZULCMSA-N,745,745
ScopeDTI_light,drug_to_target,LVXJQMNHJWSHET-AATRIKPKSA-N,745,745
ScopeDTI_light,drug_to_target,LWQQLNNNIPYSNX-UROSTWAQSA-N,745,745
ScopeDTI_light,drug_to_target,LXBIFEVIBLOUGU-DPYQTVNSSA-N,745,745
ScopeDTI_light,drug_to_target,LXMSZDCAJNLERA-ZHYRCANASA-N,745,745
ScopeDTI_light,drug_to_target,LZFZMUMEGBBDTC-QEJZJMRPSA-N,745,745
ScopeDTI_light,drug_to_target,MAEIEVLCKWDQJH-UHFFFAOYSA-N,745,745
ScopeDTI_light,drug_to_target,MBBCVAKAJPKAKM-UHFFFAOYSA-N,745,745
ScopeDTI_light,drug_to_target,MBUVEWMHONZEQD-UHFFFAOYSA-N,745,745
ScopeDTI_light,drug_to_target,MCGSCOLBFJQGHM-SCZZXKLOSA-N,745,745
ScopeDTI_light,drug_to_target,MCIACXAZCBVDEE-CUUWFGFTSA-N,745,745
ScopeDTI_light,drug_to_target,MDSQOJYHHZBZKA-GBXCKJPGSA-N,745,745
ScopeDTI_light,drug_to_target,MEJLVLMAJJRLCR-GCCNXGTGSA-N,745,745
ScopeDTI_light,drug_to_target,METQSPRSQINEEU-HXCATZOESA-N,745,745
ScopeDTI_light,drug_to_target,MEZLKOACVSPNER-GFCCVEGCSA-N,745,745
ScopeDTI_light,drug_to_target,MFBCDACCJCDGBA-UHFFFAOYSA-N,745,745
ScopeDTI_light,drug_to_target,MFFMDFFZMYYVKS-SECBINFHSA-N,745,745
ScopeDTI_light,drug_to_target,MJIHNNLFOKEZEW-RUZDIDTESA-N,745,745
ScopeDTI_light,drug_to_target,MJIHNNLFOKEZEW-UHFFFAOYSA-N,745,745
ScopeDTI_light,drug_to_target,MJUVRTYWUMPBTR-MRXNPFEDSA-N,745,745
ScopeDTI_light,drug_to_target,MKJIEFSOBYUXJB-HOCLYGCPSA-N,745,745
ScopeDTI_light,drug_to_target,MKJIEFSOBYUXJB-WEZHFFAMSA-N,745,745
ScopeDTI_light,drug_to_target,MKPLKVHSHYCHOC-AHTXBMBWSA-N,745,745
ScopeDTI_light,drug_to_target,MKUXAQIIEYXACX-UHFFFAOYSA-N,745,745
ScopeDTI_light,drug_to_target,MKXZASYAUGDDCJ-NJAFHUGGSA-N,745,745
ScopeDTI_light,drug_to_target,MLBVMOWEQCZNCC-OEMFJLHTSA-N,745,745
ScopeDTI_light,drug_to_target,MLDQJTXFUGDVEO-UHFFFAOYSA-N,745,745
ScopeDTI_light,drug_to_target,MLYYVTUWGNIJIB-BXKDBHETSA-N,745,745
ScopeDTI_light,drug_to_target,MNDBXUUTURYVHR-UHFFFAOYSA-N,745,745
ScopeDTI_light,drug_to_target,MOTJMGVDPWRKOC-QPVYNBJUSA-N,745,745
ScopeDTI_light,drug_to_target,MOYKHGMNXAOIAT-JGWLITMVSA-N,745,745
ScopeDTI_light,drug_to_target,MQJKPEGWNLWLTK-UHFFFAOYSA-N,745,745
ScopeDTI_light,drug_to_target,MQOBSOSZFYZQOK-UHFFFAOYSA-N,745,745
ScopeDTI_light,drug_to_target,MRBDMNSDAVCSSF-UHFFFAOYSA-N,745,745
ScopeDTI_light,drug_to_target,MSYKRHVOOPPJKU-BDAKNGLRSA-N,745,745
ScopeDTI_light,drug_to_target,MUGXRYIUWFITCP-PGRDOPGGSA-N,745,745
ScopeDTI_light,drug_to_target,MUMGGOZAMZWBJJ-DYKIIFRCSA-N,745,745
ScopeDTI_light,drug_to_target,MVGWUTBTXDYMND-QGZVFWFLSA-N,745,745
ScopeDTI_light,drug_to_target,MVRHVFSOIWFBTE-INIZCTEOSA-N,745,745
ScopeDTI_light,drug_to_target,MVWVFYHBGMAFLY-UHFFFAOYSA-N,745,745
ScopeDTI_light,drug_to_target,MWKYMZXCGYXLPL-ZDUSSCGKSA-N,745,745
ScopeDTI_light,drug_to_target,MWLSOWXNZPKENC-UHFFFAOYSA-N,745,745
ScopeDTI_light,drug_to_target,MWTBKTRZPHJQLH-UHFFFAOYSA-N,745,745
ScopeDTI_light,drug_to_target,MXAYKZJJDUDWDS-LBPRGKRZSA-N,745,745
ScopeDTI_light,drug_to_target,MYSWGUAQZAJSOK-UHFFFAOYSA-N,745,745
ScopeDTI_light,drug_to_target,NBGABHGMJVIVBW-QHCPKHFHSA-N,745,745
ScopeDTI_light,drug_to_target,NBRBXGKOEOGLOI-UHFFFAOYSA-N,745,745
ScopeDTI_light,drug_to_target,NCLGDOBQAWBXRA-PGRDOPGGSA-N,745,745
ScopeDTI_light,drug_to_target,NCNRHFGMJRPRSK-MDZDMXLPSA-N,745,745
ScopeDTI_light,drug_to_target,NDAUXUAQIAJITI-LBPRGKRZSA-N,745,745
ScopeDTI_light,drug_to_target,NDAUXUAQIAJITI-UHFFFAOYSA-N,745,745
ScopeDTI_light,drug_to_target,NDCUAPJVLWFHHB-UHNVWZDZSA-N,745,745
ScopeDTI_light,drug_to_target,NDDAHWYSQHTHNT-UHFFFAOYSA-N,745,745
ScopeDTI_light,drug_to_target,NEMGRZFTLSKBAP-LBPRGKRZSA-N,745,745
ScopeDTI_light,drug_to_target,NEQYWYXGTJDAKR-JTQLQIEISA-N,745,745
ScopeDTI_light,drug_to_target,NFEZZTICAUWDHU-RDTXWAMCSA-N,745,745
ScopeDTI_light,drug_to_target,NGBFQHCMQULJNZ-UHFFFAOYSA-N,745,745
ScopeDTI_light,drug_to_target,NHHQJBCNYHBUSI-UHFFFAOYSA-N,745,745
ScopeDTI_light,drug_to_target,NIJJYAXOARWZEE-UHFFFAOYSA-N,745,745
ScopeDTI_light,drug_to_target,NKANXQFJJICGDU-QPLCGJKRSA-N,745,745
ScopeDTI_light,drug_to_target,NKHAVTQWNUWKEO-NSCUHMNNSA-N,745,745
ScopeDTI_light,drug_to_target,NNACHAUCXXVJSP-UHFFFAOYSA-N,745,745
ScopeDTI_light,drug_to_target,NNJVILVZKWQKPM-UHFFFAOYSA-N,745,745
ScopeDTI_light,drug_to_target,NOZIJMHMKORZBA-KJCUYJGMSA-N,745,745
ScopeDTI_light,drug_to_target,NQDJXKOVJZTUJA-UHFFFAOYSA-N,745,745
ScopeDTI_light,drug_to_target,NSQSAUGJQHDYNO-UHFFFAOYSA-N,745,745
ScopeDTI_light,drug_to_target,NTJOBXMMWNYJFB-UHFFFAOYSA-N,745,745
ScopeDTI_light,drug_to_target,NUKYPUAOHBNCPY-UHFFFAOYSA-N,745,745
ScopeDTI_light,drug_to_target,NXQKSXLFSAEQCZ-SFHVURJKSA-N,745,745
ScopeDTI_light,drug_to_target,NYDCDZSEEAUOHN-IZHYLOQSSA-N,745,745
ScopeDTI_light,drug_to_target,NYNZQNWKBKUAII-KBXCAEBGSA-N,745,745
ScopeDTI_light,drug_to_target,OBWASQILIWPZMG-QZMOQZSNSA-N,745,745
ScopeDTI_light,drug_to_target,ODAIHABQVKJNIY-PEDHHIEDSA-N,745,745
ScopeDTI_light,drug_to_target,OEKWJQXRCDYSHL-FNOIDJSQSA-N,745,745
ScopeDTI_light,drug_to_target,OEOLOEUAGSPDLT-UHFFFAOYSA-N,745,745
ScopeDTI_light,drug_to_target,OEXHQOGQTVQTAT-JRNQLAHRSA-N,745,745
ScopeDTI_light,drug_to_target,OFCNXPDARWKPPY-UHFFFAOYSA-N,745,745
ScopeDTI_light,drug_to_target,OFPXSFXSNFPTHF-UHFFFAOYSA-N,745,745
ScopeDTI_light,drug_to_target,OFZJKCQENFPZBH-UHFFFAOYSA-N,745,745
ScopeDTI_light,drug_to_target,OGHNVEJMJSYVRP-UHFFFAOYSA-N,745,745
ScopeDTI_light,drug_to_target,OGQICQVSFDPSEI-UHFFFAOYSA-N,745,745
ScopeDTI_light,drug_to_target,OHRURASPPZQGQM-GCCNXGTGSA-N,745,745
ScopeDTI_light,drug_to_target,OIGNJSKKLXVSLS-VWUMJDOOSA-N,745,745
ScopeDTI_light,drug_to_target,OJFSXZCBGQGRNV-UHFFFAOYSA-N,745,745
ScopeDTI_light,drug_to_target,OJQMKCBWYCWFPU-UHFFFAOYSA-N,745,745
ScopeDTI_light,drug_to_target,OLAHOMJCDNXHFI-UHFFFAOYSA-N,745,745
ScopeDTI_light,drug_to_target,OLNTVTPDXPETLC-XPWALMASSA-N,745,745
ScopeDTI_light,drug_to_target,ONIQOQHATWINJY-UHFFFAOYSA-N,745,745
ScopeDTI_light,drug_to_target,OPXLLQIJSORQAM-UHFFFAOYSA-N,745,745
ScopeDTI_light,drug_to_target,OROGSEYTTFOCAN-DNJOTXNNSA-N,745,745
ScopeDTI_light,drug_to_target,OUBCNLGXQFSTLU-UHFFFAOYSA-N,745,745
ScopeDTI_light,drug_to_target,OUJTZYPIHDYQMC-LJQANCHMSA-N,745,745
ScopeDTI_light,drug_to_target,OURRXQUGYQRVML-AREMUKBSSA-N,745,745
ScopeDTI_light,drug_to_target,OXPLANUPKBHPMS-ZXBNPROVSA-N,745,745
ScopeDTI_light,drug_to_target,OYTKINVCDFNREN-UHFFFAOYSA-N,745,745
ScopeDTI_light,drug_to_target,OYYDSUSKLWTMMQ-JKHIJQBDSA-N,745,745
ScopeDTI_light,drug_to_target,OZGNYLLQHRPOBR-DHZHZOJOSA-N,745,745
ScopeDTI_light,drug_to_target,OZOMQRBLCMDCEG-VIZOYTHASA-N,745,745
ScopeDTI_light,drug_to_target,OZVBMTJYIDMWIL-AYFBDAFISA-N,745,745
ScopeDTI_light,drug_to_target,OZWKMVRBQXNZKK-UHFFFAOYSA-N,745,745
ScopeDTI_light,drug_to_target,PAJMKGZZBBTTOY-ZFORQUDYSA-N,745,745
ScopeDTI_light,drug_to_target,PBAPPPCECJKMCM-IBGZPJMESA-N,745,745
ScopeDTI_light,drug_to_target,PCHKPVIQAHNQLW-CQSZACIVSA-N,745,745
ScopeDTI_light,drug_to_target,PCOBBVZJEWWZFR-UHFFFAOYSA-N,745,745
ScopeDTI_light,drug_to_target,PDGKHKMBHVFCMG-UHFFFAOYSA-N,745,745
ScopeDTI_light,drug_to_target,PDWUPXJEEYOOTR-UHFFFAOYSA-N,745,745
ScopeDTI_light,drug_to_target,PEMUGDMSUDYLHU-ZEQRLZLVSA-N,745,745
ScopeDTI_light,drug_to_target,PGTVWKLGGCQMBR-FLBATMFCSA-N,745,745
ScopeDTI_light,drug_to_target,PHLBKPHSAVXXEF-UHFFFAOYSA-N,745,745
ScopeDTI_light,drug_to_target,PHXJVRSECIGDHY-UHFFFAOYSA-N,745,745
ScopeDTI_light,drug_to_target,PIBARDGJJAGJAJ-NQIIRXRSSA-N,745,745
ScopeDTI_light,drug_to_target,PJDFLNIOAUIZSL-UHFFFAOYSA-N,745,745
ScopeDTI_light,drug_to_target,PJMPHNIQZUBGLI-UHFFFAOYSA-N,745,745
ScopeDTI_light,drug_to_target,PMXMIIMHBWHSKN-UHFFFAOYSA-N,745,745
ScopeDTI_light,drug_to_target,PNCPYILNMDWPEY-QGZVFWFLSA-N,745,745
ScopeDTI_light,drug_to_target,PNVNVHUZROJLTJ-UHFFFAOYSA-N,745,745
ScopeDTI_light,drug_to_target,POGQSBRIGCQNEG-UHFFFAOYSA-N,745,745
ScopeDTI_light,drug_to_target,PPSNFPASKFYPMN-SECBINFHSA-N,745,745
ScopeDTI_light,drug_to_target,PQXKDMSYBGKCJA-CVTJIBDQSA-N,745,745
ScopeDTI_light,drug_to_target,PRMWGUBFXWROHD-UHFFFAOYSA-N,745,745
ScopeDTI_light,drug_to_target,PSIFNNKUMBGKDQ-UHFFFAOYSA-N,745,745
ScopeDTI_light,drug_to_target,PTOIAAWZLUQTIO-GXFFZTMASA-N,745,745
ScopeDTI_light,drug_to_target,PUKBOVABABRILL-YZNIXAGQSA-N,745,745
ScopeDTI_light,drug_to_target,PURKAOJPTOLRMP-ASMGOKTBSA-N,745,745
ScopeDTI_light,drug_to_target,PURKAOJPTOLRMP-UHFFFAOYSA-N,745,745
ScopeDTI_light,drug_to_target,PYGWGZALEOIKDF-UHFFFAOYSA-N,745,745
ScopeDTI_light,drug_to_target,PYNXFZCZUAOOQC-UTKZUKDTSA-N,745,745
ScopeDTI_light,drug_to_target,PYZRQGJRPPTADH-UHFFFAOYSA-N,745,745
ScopeDTI_light,drug_to_target,PZBCKZWLPGJMAO-UHFFFAOYSA-N,745,745
ScopeDTI_light,drug_to_target,PZFAZQUREQIODZ-LJQANCHMSA-N,745,745
ScopeDTI_light,drug_to_target,QADPYRIHXKWUSV-UHFFFAOYSA-N,745,745
ScopeDTI_light,drug_to_target,QCHFTSOMWOSFHM-WPRPVWTQSA-N,745,745
ScopeDTI_light,drug_to_target,QCZAWDGAVJMPTA-RNFRBKRXSA-N,745,745
ScopeDTI_light,drug_to_target,QDGZDCVAUDNJFG-FXQIFTODSA-N,745,745
ScopeDTI_light,drug_to_target,QEFAQIPZVLVERP-UHFFFAOYSA-N,745,745
ScopeDTI_light,drug_to_target,QFFGVLORLPOAEC-SNVBAGLBSA-N,745,745
ScopeDTI_light,drug_to_target,QFNHIDANIVGXPE-FNZWTVRRSA-N,745,745
ScopeDTI_light,drug_to_target,QGJUIPDUBHWZPV-SGTAVMJGSA-N,745,745
ScopeDTI_light,drug_to_target,QHMBSVQNZZTUGM-ZWKOTPCHSA-N,745,745
ScopeDTI_light,drug_to_target,QIVUCLWGARAQIO-OLIXTKCUSA-N,745,745
ScopeDTI_light,drug_to_target,QKDRXGFQVGOQKS-CRSSMBPESA-N,745,745
ScopeDTI_light,drug_to_target,QNZCBYKSOIHPEH-UHFFFAOYSA-N,745,745
ScopeDTI_light,drug_to_target,QOIGKGMMAGJZNZ-UHFFFAOYSA-N,745,745
ScopeDTI_light,drug_to_target,QQHMKNYGKVVGCZ-UHFFFAOYSA-N,745,745
ScopeDTI_light,drug_to_target,QRPZBKAMSFHVRW-UHFFFAOYSA-N,745,745
ScopeDTI_light,drug_to_target,QTGIAADRBBLJGA-UHFFFAOYSA-N,745,745
ScopeDTI_light,drug_to_target,QTWZICCBKBYHDM-UHFFFAOYSA-N,745,745
ScopeDTI_light,drug_to_target,QUIJNHUBAXPXFS-XLJNKUFUSA-N,745,745
ScopeDTI_light,drug_to_target,QXWYKJLNLSIPIN-JGVFFNPUSA-N,745,745
ScopeDTI_light,drug_to_target,QXWZQTURMXZVHJ-UHFFFAOYSA-N,745,745
ScopeDTI_light,drug_to_target,QYSXJUFSXHHAJI-YRZJJWOYSA-N,745,745
ScopeDTI_light,drug_to_target,QZFHIXARHDBPBY-UHFFFAOYSA-N,745,745
ScopeDTI_light,drug_to_target,QZUDBNBUXVUHMW-UHFFFAOYSA-N,745,745
ScopeDTI_light,drug_to_target,QZZUEBNBZAPZLX-QFIPXVFZSA-N,745,745
ScopeDTI_light,drug_to_target,RAPZEAPATHNIPO-UHFFFAOYSA-N,745,745
ScopeDTI_light,drug_to_target,RBTBFTRPCNLSDE-UHFFFAOYSA-N,745,745
ScopeDTI_light,drug_to_target,RDOIQAHITMMDAJ-UHFFFAOYSA-N,745,745
ScopeDTI_light,drug_to_target,RENRQMCACQEWFC-UGKGYDQZSA-N,745,745
ScopeDTI_light,drug_to_target,RGFBRLNVZCCMSV-BIRGHMBHSA-N,745,745
ScopeDTI_light,drug_to_target,RHWKPHLQXYSBKR-BMIGLBTASA-N,745,745
ScopeDTI_light,drug_to_target,RHXHGRAEPCAFML-UHFFFAOYSA-N,745,745
ScopeDTI_light,drug_to_target,RITAVMQDGBJQJZ-FMIVXFBMSA-N,745,745
ScopeDTI_light,drug_to_target,RJCWBNBKOKFWNY-IDPLTSGASA-N,745,745
ScopeDTI_light,drug_to_target,RJKFOVLPORLFTN-LEKSSAKUSA-N,745,745
ScopeDTI_light,drug_to_target,RKEWSXXUOLRFBX-UHFFFAOYSA-N,745,745
ScopeDTI_light,drug_to_target,RKUNBYITZUJHSG-SPUOUPEWSA-N,745,745
ScopeDTI_light,drug_to_target,RLAWWYSOJDYHDC-BZSNNMDCSA-N,745,745
ScopeDTI_light,drug_to_target,RLCLASQCAPXVLM-NSHDSACASA-N,745,745
ScopeDTI_light,drug_to_target,RMMXLENWKUUMAY-UHFFFAOYSA-N,745,745
ScopeDTI_light,drug_to_target,RMRJXGBAOAMLHD-IHFGGWKQSA-N,745,745
ScopeDTI_light,drug_to_target,RNOAOAWBMHREKO-QFIPXVFZSA-N,745,745
ScopeDTI_light,drug_to_target,RRMJMHOQSALEJJ-UHFFFAOYSA-N,745,745
ScopeDTI_light,drug_to_target,RTGDFNSFWBGLEC-SYZQJQIISA-N,745,745
ScopeDTI_light,drug_to_target,RTHCYVBBDHJXIQ-UHFFFAOYSA-N,745,745
ScopeDTI_light,drug_to_target,RUDATBOHQWOJDD-BSWAIDMHSA-N,745,745
ScopeDTI_light,drug_to_target,RUEYEZADQJCKGV-UHFFFAOYSA-N,745,745
ScopeDTI_light,drug_to_target,RUOKEQAAGRXIBM-GFCCVEGCSA-N,745,745
ScopeDTI_light,drug_to_target,RUZYUOTYCVRMRZ-UHFFFAOYSA-N,745,745
ScopeDTI_light,drug_to_target,RVOLLAQWKVFTGE-UHFFFAOYSA-N,745,745
ScopeDTI_light,drug_to_target,RWTNPBWLLIMQHL-UHFFFAOYSA-N,745,745
ScopeDTI_light,drug_to_target,RYIDHLJADOKWFM-MAODMQOUSA-N,745,745
ScopeDTI_light,drug_to_target,RYMZZMVNJRMUDD-HGQWONQESA-N,745,745
ScopeDTI_light,drug_to_target,RZEKVGVHFLEQIL-UHFFFAOYSA-N,745,745
ScopeDTI_light,drug_to_target,RZVAJINKPMORJF-UHFFFAOYSA-N,745,745
ScopeDTI_light,drug_to_target,RZVPBGBYGMDSBG-GGAORHGYSA-N,745,745
ScopeDTI_light,drug_to_target,SDEAXTCZPQIFQM-UHFFFAOYSA-N,745,745
ScopeDTI_light,drug_to_target,SDUQYLNIPVEERB-QPPQHZFASA-N,745,745
ScopeDTI_light,drug_to_target,SECKRCOLJRRGGV-UHFFFAOYSA-N,745,745
ScopeDTI_light,drug_to_target,SEVCTUCCZYBJER-BSJAROSPSA-N,745,745
ScopeDTI_light,drug_to_target,SFLSHLFXELFNJZ-QMMMGPOBSA-N,745,745
ScopeDTI_light,drug_to_target,SFNSLLSYNZWZQG-VQIMIIECSA-N,745,745
ScopeDTI_light,drug_to_target,SGEGOXDYSFKCPT-UHFFFAOYSA-N,745,745
ScopeDTI_light,drug_to_target,SGEUNORSOZVTOL-CABZTGNLSA-N,745,745
ScopeDTI_light,drug_to_target,SGUAFYQXFOLMHL-UHFFFAOYSA-N,745,745
ScopeDTI_light,drug_to_target,SHGAZHPCJJPHSC-XFYACQKRSA-N,745,745
ScopeDTI_light,drug_to_target,SHGAZHPCJJPHSC-YCNIQYBTSA-N,745,745
ScopeDTI_light,drug_to_target,SIFNOOUKXBRGGB-AREMUKBSSA-N,745,745
ScopeDTI_light,drug_to_target,SJVQHLPISAIATJ-ZDUSSCGKSA-N,745,745
ScopeDTI_light,drug_to_target,SJZRECIVHVDYJC-UHFFFAOYSA-N,745,745
ScopeDTI_light,drug_to_target,SMOBCLHAZXOKDQ-ZJUUUORDSA-N,745,745
ScopeDTI_light,drug_to_target,SNICXCGAKADSCV-JTQLQIEISA-N,745,745
ScopeDTI_light,drug_to_target,SNIOPGDIGTZGOP-UHFFFAOYSA-N,745,745
ScopeDTI_light,drug_to_target,SNPPWIUOZRMYNY-UHFFFAOYSA-N,745,745
ScopeDTI_light,drug_to_target,SNUDIPVBUUXCDG-QHSBEEBCSA-N,745,745
ScopeDTI_light,drug_to_target,SOLUWJRYJLAZCX-LYOVBCGYSA-N,745,745
ScopeDTI_light,drug_to_target,SONNWYBIRXJNDC-VIFPVBQESA-N,745,745
ScopeDTI_light,drug_to_target,SOYCMDCMZDHQFP-UHFFFAOYSA-N,745,745
ScopeDTI_light,drug_to_target,SOYKEARSMXGVTM-UHFFFAOYSA-N,745,745
ScopeDTI_light,drug_to_target,SPMVMDHWKHCIDT-UHFFFAOYSA-N,745,745
ScopeDTI_light,drug_to_target,STPKWKPURVSAJF-LJEWAXOPSA-N,745,745
ScopeDTI_light,drug_to_target,STUWGJZDJHPWGZ-LBPRGKRZSA-N,745,745
ScopeDTI_light,drug_to_target,STZYTFJPGGDRJD-NHUWBDDWSA-N,745,745
ScopeDTI_light,drug_to_target,SUBDBMMJDZJVOS-DEOSSOPVSA-N,745,745
ScopeDTI_light,drug_to_target,SUBDBMMJDZJVOS-UHFFFAOYSA-N,745,745
ScopeDTI_light,drug_to_target,SUDAHWBOROXANE-SECBINFHSA-N,745,745
ScopeDTI_light,drug_to_target,SUJUHGSWHZTSEU-FYBSXPHGSA-N,745,745
ScopeDTI_light,drug_to_target,TTWJBBZEZQICBI-UHFFFAOYSA-N,745,745
ScopeDTI_light,drug_to_target,TTZHDVOVKQGIBA-IQWMDFIBSA-N,745,745
ScopeDTI_light,drug_to_target,TXEIIPDJKFWEEC-UHFFFAOYSA-N,745,745
ScopeDTI_light,drug_to_target,TYZROVQLWOKYKF-ZDUSSCGKSA-N,745,745
ScopeDTI_light,drug_to_target,TZFNLOMSOLWIDK-JTQLQIEISA-N,745,745
ScopeDTI_light,drug_to_target,UBPYILGKFZZVDX-UHFFFAOYSA-N,745,745
ScopeDTI_light,drug_to_target,UBQNRHZMVUUOMG-UHFFFAOYSA-N,745,745
ScopeDTI_light,drug_to_target,UBZPNQRBUOBBLN-PWRODBHTSA-N,745,745
ScopeDTI_light,drug_to_target,UCFGDBYHRUNTLO-QHCPKHFHSA-N,745,745
ScopeDTI_light,drug_to_target,UCJGJABZCDBEDK-UHFFFAOYSA-N,745,745
ScopeDTI_light,drug_to_target,UCTWMZQNUQWSLP-VIFPVBQESA-N,745,745
ScopeDTI_light,drug_to_target,UEJJHQNACJXSKW-UHFFFAOYSA-N,745,745
ScopeDTI_light,drug_to_target,UFSKUSARDNFIRC-UHFFFAOYSA-N,745,745
ScopeDTI_light,drug_to_target,UGJMXCAKCUNAIE-UHFFFAOYSA-N,745,745
ScopeDTI_light,drug_to_target,UHSKFQJFRQCDBE-UHFFFAOYSA-N,745,745
ScopeDTI_light,drug_to_target,UHTHHESEBZOYNR-UHFFFAOYSA-N,745,745
ScopeDTI_light,drug_to_target,UIAGMCDKSXEBJQ-UHFFFAOYSA-N,745,745
ScopeDTI_light,drug_to_target,UJLAWZDWDVHWOW-YPMHNXCESA-N,745,745
ScopeDTI_light,drug_to_target,UJVDJAPJQWZRFR-DHIUTWEWSA-N,745,745
ScopeDTI_light,drug_to_target,ULFRLSNUDGIQQP-UHFFFAOYSA-N,745,745
ScopeDTI_light,drug_to_target,ULXXDDBFHOBEHA-CWDCEQMOSA-N,745,745
ScopeDTI_light,drug_to_target,UPNUIXSCZBYVBB-JVFUWBCBSA-N,745,745
ScopeDTI_light,drug_to_target,UQCNKQCJZOAFTQ-ISWURRPUSA-N,745,745
ScopeDTI_light,drug_to_target,UQRORFVVSGFNRO-UTINFBMNSA-N,745,745
ScopeDTI_light,drug_to_target,UREBDLICKHMUKA-CXSFZGCWSA-N,745,745
ScopeDTI_light,drug_to_target,UREBDLICKHMUKA-DVTGEIKXSA-N,745,745
ScopeDTI_light,drug_to_target,URKOMYMAXPYINW-UHFFFAOYSA-N,745,745
ScopeDTI_light,drug_to_target,USUZGMWDZDXMDG-CYBMUJFWSA-N,745,745
ScopeDTI_light,drug_to_target,USZAGAREISWJDP-UHFFFAOYSA-N,745,745
ScopeDTI_light,drug_to_target,UTNUDOFZCWSZMS-YFHOEESVSA-N,745,745
ScopeDTI_light,drug_to_target,UVSMNLNDYGZFPF-UHFFFAOYSA-N,745,745
ScopeDTI_light,drug_to_target,UWKQSNNFCGGAFS-XIFFEERXSA-N,745,745
ScopeDTI_light,drug_to_target,UXNXMBYCBRBRFD-MUUNZHRXSA-N,745,745
ScopeDTI_light,drug_to_target,UZHSEJADLWPNLE-GRGSLBFTSA-N,745,745
ScopeDTI_light,drug_to_target,UZWDCWONPYILKI-UHFFFAOYSA-N,745,745
ScopeDTI_light,drug_to_target,VCKUSRYTPJJLNI-UHFFFAOYSA-N,745,745
ScopeDTI_light,drug_to_target,VCSUIBJKYCVWNF-NRFANRHFSA-N,745,745
ScopeDTI_light,drug_to_target,VDANGULDQQJODZ-UHFFFAOYSA-N,745,745
ScopeDTI_light,drug_to_target,VERWOWGGCGHDQE-UHFFFAOYSA-N,745,745
ScopeDTI_light,drug_to_target,VFBILHPIHUPBPZ-UHFFFAOYSA-N,745,745
ScopeDTI_light,drug_to_target,VFCRKLWBYMDAED-REWPJTCUSA-N,745,745
ScopeDTI_light,drug_to_target,VGKDLMBJGBXTGI-SJCJKPOMSA-N,745,745
ScopeDTI_light,drug_to_target,VGYFMXBACGZSIL-MCBHFWOFSA-N,745,745
ScopeDTI_light,drug_to_target,VHGCDTVCOLNTBX-QGZVFWFLSA-N,745,745
ScopeDTI_light,drug_to_target,VIKNJXKGJWUCNN-XGXHKTLJSA-N,745,745
ScopeDTI_light,drug_to_target,VJJPUSNTGOMMGY-MRVIYFEKSA-N,745,745
ScopeDTI_light,drug_to_target,VKHAHZOOUSRJNA-GCNJZUOMSA-N,745,745
ScopeDTI_light,drug_to_target,VLCYCQAOQCDTCN-UHFFFAOYSA-N,745,745
ScopeDTI_light,drug_to_target,VMWNQDUVQKEIOC-CYBMUJFWSA-N,745,745
ScopeDTI_light,drug_to_target,VNFPBHJOKIVQEB-UHFFFAOYSA-N,745,745
ScopeDTI_light,drug_to_target,VOBHXZCDAVEXEY-JSGCOSHPSA-N,745,745
ScopeDTI_light,drug_to_target,VOVIALXJUBGFJZ-KWVAZRHASA-N,745,745
ScopeDTI_light,drug_to_target,VOVZXURTCKPRDQ-CQSZACIVSA-N,745,745
ScopeDTI_light,drug_to_target,VPJXQGSRWJZDOB-UHFFFAOYSA-O,745,745
ScopeDTI_light,drug_to_target,VPMRSLWWUXNYRY-PJCFOSJUSA-N,745,745
ScopeDTI_light,drug_to_target,VPPJLAIAVCUEMN-GFCCVEGCSA-N,745,745
ScopeDTI_light,drug_to_target,VREFGVBLTWBCJP-UHFFFAOYSA-N,745,745
ScopeDTI_light,drug_to_target,VSNHCAURESNICA-UHFFFAOYSA-N,745,745
ScopeDTI_light,drug_to_target,VSWBSWWIRNCQIJ-HUUCEWRRSA-N,745,745
ScopeDTI_light,drug_to_target,VTRAEEWXHOVJFV-UHFFFAOYSA-N,745,745
ScopeDTI_light,drug_to_target,VUDZSIYXZUYWSC-DBRKOABJSA-N,745,745
ScopeDTI_light,drug_to_target,VWMJHAFYPMOMGF-ZCFIWIBFSA-N,745,745
ScopeDTI_light,drug_to_target,VWUXBMIQPBEWFH-WCCTWKNTSA-N,745,745
ScopeDTI_light,drug_to_target,VWVSBHGCDBMOOT-IIEHVVJPSA-N,745,745
ScopeDTI_light,drug_to_target,VYFYYTLLBUKUHU-UHFFFAOYSA-N,745,745
ScopeDTI_light,drug_to_target,VZZJRYRQSPEMTK-CALCHBBNSA-N,745,745
ScopeDTI_light,drug_to_target,WAEXFXRVDQXREF-UHFFFAOYSA-N,745,745
ScopeDTI_light,drug_to_target,WANIDIGFXJFFEL-SANMLTNESA-N,745,745
ScopeDTI_light,drug_to_target,WAXQNWCZJDTGBU-UHFFFAOYSA-N,745,745
ScopeDTI_light,drug_to_target,WBFUHHBPNXWNCC-UHFFFAOYSA-N,745,745
ScopeDTI_light,drug_to_target,WBGKWQHBNHJJPZ-LECWWXJVSA-N,745,745
ScopeDTI_light,drug_to_target,WCWSTNLSLKSJPK-LKFCYVNXSA-N,745,745
ScopeDTI_light,drug_to_target,WDENQIQQYWYTPO-IBGZPJMESA-N,745,745
ScopeDTI_light,drug_to_target,WEAJZXNPAWBCOA-INIZCTEOSA-N,745,745
ScopeDTI_light,drug_to_target,WEQLWGNDNRARGE-DJIMGWMZSA-N,745,745
ScopeDTI_light,drug_to_target,WGFOBBZOWHGYQH-MXHNKVEKSA-N,745,745
ScopeDTI_light,drug_to_target,WIGIZIANZCJQQY-RUCARUNLSA-N,745,745
ScopeDTI_light,drug_to_target,WIJZXSAJMHAVGX-DHLKQENFSA-N,745,745
ScopeDTI_light,drug_to_target,WINHZLLDWRZWRT-ATVHPVEESA-N,745,745
ScopeDTI_light,drug_to_target,WJBLNOPPDWQMCH-MBPVOVBZSA-N,745,745
ScopeDTI_light,drug_to_target,WJOHZNCJWYWUJD-IUGZLZTKSA-N,745,745
ScopeDTI_light,drug_to_target,WMDSZGFJQKSLLH-RBBKRZOGSA-N,745,745
ScopeDTI_light,drug_to_target,WOSKHXYHFSIKNG-UHFFFAOYSA-N,745,745
ScopeDTI_light,drug_to_target,WOXKDUGGOYFFRN-IIBYNOLFSA-N,745,745
ScopeDTI_light,drug_to_target,WPVFJKSGQUFQAP-GKAPJAKFSA-N,745,745
ScopeDTI_light,drug_to_target,WRFHGDPIDHPWIQ-UHFFFAOYSA-N,745,745
ScopeDTI_light,drug_to_target,WSEQXVZVJXJVFP-FQEVSTJZSA-N,745,745
ScopeDTI_light,drug_to_target,WSEQXVZVJXJVFP-UHFFFAOYSA-N,745,745
ScopeDTI_light,drug_to_target,WSNODXPBBALQOF-VEJSHDCNSA-N,745,745
ScopeDTI_light,drug_to_target,WTDRDQBEARUVNC-LURJTMIESA-N,745,745
ScopeDTI_light,drug_to_target,WVLHHLRVNDMIAR-IBGZPJMESA-N,745,745
ScopeDTI_light,drug_to_target,WVLOADHCBXTIJK-YNHQPCIGSA-N,745,745
ScopeDTI_light,drug_to_target,WWSWYXNVCBLWNZ-QIZQQNKQSA-N,745,745
ScopeDTI_light,drug_to_target,WWYNJERNGUHSAO-XUDSTZEESA-N,745,745
ScopeDTI_light,drug_to_target,WXCXUHSOUPDCQV-UHFFFAOYSA-N,745,745
ScopeDTI_light,drug_to_target,WXXSNCNJFUAIDG-UHFFFAOYSA-N,745,745
ScopeDTI_light,drug_to_target,WYQFJHHDOKWSHR-MNOVXSKESA-N,745,745
ScopeDTI_light,drug_to_target,WYQPLTPSGFELIB-JTQPXKBDSA-N,745,745
ScopeDTI_light,drug_to_target,WYWIFABBXFUGLM-UHFFFAOYSA-N,745,745
ScopeDTI_light,drug_to_target,WZOZEZRFJCJXNZ-ZBFHGGJFSA-N,745,745
ScopeDTI_light,drug_to_target,XAYGBKHKBBXDAK-UHFFFAOYSA-N,745,745
ScopeDTI_light,drug_to_target,XDXWLKQMMKQXPV-QYQHSDTDSA-N,745,745
ScopeDTI_light,drug_to_target,XEDHVZKDSYZQBF-UHFFFAOYSA-N,745,745
ScopeDTI_light,drug_to_target,XFALPSLJIHVRKE-GFCCVEGCSA-N,745,745
ScopeDTI_light,drug_to_target,XFYDIVBRZNQMJC-UHFFFAOYSA-N,745,745
ScopeDTI_light,drug_to_target,XGALLCVXEZPNRQ-UHFFFAOYSA-N,745,745
ScopeDTI_light,drug_to_target,XHOLNRLADUSQLD-UHFFFAOYSA-N,745,745
ScopeDTI_light,drug_to_target,XIQVNETUBQGFHX-UHFFFAOYSA-N,745,745
ScopeDTI_light,drug_to_target,XJGVXQDUIWGIRW-UHFFFAOYSA-N,745,745
ScopeDTI_light,drug_to_target,XKLMZUWKNUAPSZ-UHFFFAOYSA-N,745,745
ScopeDTI_light,drug_to_target,XMAYWYJOQHXEEK-ZEQKJWHPSA-N,745,745
ScopeDTI_light,drug_to_target,XMXHEBAFVSFQEX-UHFFFAOYSA-N,745,745
ScopeDTI_light,drug_to_target,XOFYZVNMUHMLCC-ZPOLXVRWSA-N,745,745
ScopeDTI_light,drug_to_target,XPIJWUTXQAGSLK-UHFFFAOYSA-N,745,745
ScopeDTI_light,drug_to_target,XPOQHMRABVBWPR-ZDUSSCGKSA-N,745,745
ScopeDTI_light,drug_to_target,XQSPYNMVSIKCOC-NTSWFWBYSA-N,745,745
ScopeDTI_light,drug_to_target,XRQDFNLINLXZLB-CKIKVBCHSA-N,745,745
ScopeDTI_light,drug_to_target,XRVDGNKRPOAQTN-FQEVSTJZSA-N,745,745
ScopeDTI_light,drug_to_target,XSFJVAJPIHIPKU-XWCQMRHXSA-N,745,745
ScopeDTI_light,drug_to_target,XTNGUQKDFGDXSJ-ZXGKGEBGSA-N,745,745
ScopeDTI_light,drug_to_target,XUBOMFCQGDBHNK-UHFFFAOYSA-N,745,745
ScopeDTI_light,drug_to_target,XUFQPHANEAPEMJ-UHFFFAOYSA-N,745,745
ScopeDTI_light,drug_to_target,XUKUURHRXDUEBC-KAYWLYCHSA-N,745,745
ScopeDTI_light,drug_to_target,XUZMWHLSFXCVMG-UHFFFAOYSA-N,745,745
ScopeDTI_light,drug_to_target,XWLUWCNOOVRFPX-UHFFFAOYSA-N,745,745
ScopeDTI_light,drug_to_target,XWLXKKNPFMNSFA-HGQWONQESA-N,745,745
ScopeDTI_light,drug_to_target,XXSMGPRMXLTPCZ-UHFFFAOYSA-N,745,745
ScopeDTI_light,drug_to_target,XYFPWWZEPKGCCK-GOSISDBHSA-N,745,745
ScopeDTI_light,drug_to_target,XYLJNLCSTIOKRM-UHFFFAOYSA-N,745,745
ScopeDTI_light,drug_to_target,XZWYZXLIPXDOLR-UHFFFAOYSA-N,745,745
ScopeDTI_light,drug_to_target,XZXHXSATPCNXJR-ZIADKAODSA-N,745,745
ScopeDTI_light,drug_to_target,YALNUENQHAQXEA-UHFFFAOYSA-N,745,745
ScopeDTI_light,drug_to_target,YASAKCUCGLMORW-UHFFFAOYSA-N,745,745
ScopeDTI_light,drug_to_target,YBBLVLTVTVSKRW-UHFFFAOYSA-N,745,745
ScopeDTI_light,drug_to_target,YBSJFWOBGCMAKL-UHFFFAOYSA-N,745,745
ScopeDTI_light,drug_to_target,YFGHCGITMMYXAQ-LJQANCHMSA-N,745,745
ScopeDTI_light,drug_to_target,YHGSTSNEOJUIRN-UHFFFAOYSA-N,745,745
ScopeDTI_light,drug_to_target,YIBOMRUWOWDFLG-ONEGZZNKSA-N,745,745
ScopeDTI_light,drug_to_target,YIMYDTCOUQIDMT-SNAWJCMRSA-N,745,745
ScopeDTI_light,drug_to_target,YIQPUIGJQJDJOS-UHFFFAOYSA-N,745,745
ScopeDTI_light,drug_to_target,YKPUWZUDDOIDPM-SOFGYWHQSA-N,745,745
ScopeDTI_light,drug_to_target,YLXDSYKOBKBWJQ-LBPRGKRZSA-N,745,745
ScopeDTI_light,drug_to_target,YMARZQAQMVYCKC-OEMFJLHTSA-N,745,745
ScopeDTI_light,drug_to_target,YMDXZJFXQJVXBF-STHAYSLISA-N,745,745
ScopeDTI_light,drug_to_target,YMTINGFKWWXKFG-UHFFFAOYSA-N,745,745
ScopeDTI_light,drug_to_target,YQEZLKZALYSWHR-ZDUSSCGKSA-N,745,745
ScopeDTI_light,drug_to_target,YQNQNVDNTFHQSW-UHFFFAOYSA-N,745,745
ScopeDTI_light,drug_to_target,YQNWZWMKLDQSAC-UHFFFAOYSA-N,745,745
ScopeDTI_light,drug_to_target,YREYEVIYCVEVJK-UHFFFAOYSA-N,745,745
ScopeDTI_light,drug_to_target,YTAOBBFIOAEMLL-REQDGWNSSA-N,745,745
ScopeDTI_light,drug_to_target,YTFHCXIPDIHOIA-DHZHZOJOSA-N,745,745
ScopeDTI_light,drug_to_target,YWGDOWXRIALTES-NRFANRHFSA-N,745,745
ScopeDTI_light,drug_to_target,YWPHCCPCQOJSGZ-UHFFFAOYSA-N,745,745
ScopeDTI_light,drug_to_target,YXRDKMPIGHSVRX-OOJCLDBCSA-N,745,745
ScopeDTI_light,drug_to_target,ZAFYATHCZYHLPB-UHFFFAOYSA-N,745,745
ScopeDTI_light,drug_to_target,ZBBHBTPTTSWHBA-UHFFFAOYSA-N,745,745
ScopeDTI_light,drug_to_target,ZBGXUVOIWDMMJE-QHNZEKIYSA-N,745,745
ScopeDTI_light,drug_to_target,ZBMZVLHSJCTVON-UHFFFAOYSA-N,745,745
ScopeDTI_light,drug_to_target,ZBNZXTGUTAYRHI-UHFFFAOYSA-N,745,745
ScopeDTI_light,drug_to_target,ZBPLOVFIXSTCRZ-UHFFFAOYSA-N,745,745
ScopeDTI_light,drug_to_target,ZCVMWBYGMWKGHF-UHFFFAOYSA-N,745,745
ScopeDTI_light,drug_to_target,ZEUITGRIYCTCEM-KRWDZBQOSA-N,745,745
ScopeDTI_light,drug_to_target,ZFMITUMMTDLWHR-UHFFFAOYSA-N,745,745
ScopeDTI_light,drug_to_target,ZGLHBRQAEXKACO-XJRQOBMKSA-N,745,745
ScopeDTI_light,drug_to_target,ZIAOVIPSKUPPQW-UHFFFAOYSA-N,745,745
ScopeDTI_light,drug_to_target,ZISJNXNHJRQYJO-CMDGGOBGSA-N,745,745
ScopeDTI_light,drug_to_target,ZKIAIYBUSXZPLP-UHFFFAOYSA-N,745,745
ScopeDTI_light,drug_to_target,ZKLPARSLTMPFCP-OAQYLSRUSA-N,745,745
ScopeDTI_light,drug_to_target,ZKLPARSLTMPFCP-UHFFFAOYSA-N,745,745
ScopeDTI_light,drug_to_target,ZPMNHBXQOOVQJL-UHFFFAOYSA-N,745,745
ScopeDTI_light,drug_to_target,ZPUCINDJVBIVPJ-LJISPDSOSA-N,745,745
ScopeDTI_light,drug_to_target,ZRVUJXDFFKFLMG-UHFFFAOYSA-N,745,745
ScopeDTI_light,drug_to_target,ZSBOMTDTBDDKMP-OAHLLOKOSA-N,745,745
ScopeDTI_light,drug_to_target,ZSKVGTPCRGIANV-ZXFLCMHBSA-N,745,745
ScopeDTI_light,drug_to_target,ZSWMIFNWDQEXDT-ZESJGQACSA-N,745,745
ScopeDTI_light,drug_to_target,ZVHNDZWQTBEVRY-UHFFFAOYSA-N,745,745
ScopeDTI_light,drug_to_target,ZWUQVNSJSJHFPS-XFXZXTDPSA-N,745,745
ScopeDTI_light,drug_to_target,ZYTXTXAMMDTYDQ-DGEXFFLYSA-N,745,745
ScopeDTI_light,drug_to_target,ZZUFCTLCJUWOSV-UHFFFAOYSA-N,745,745
ScopeDTI_light,drug_to_target,ZZVUWRFHKOJYTH-UHFFFAOYSA-N,745,745
CheMLT-F,target_to_drug,CHEMBL1075094,720,720
CheMLT-F,target_to_drug,CHEMBL1075113,720,720
CheMLT-F,target_to_drug,CHEMBL1075126,720,720
CheMLT-F,target_to_drug,CHEMBL1075153,720,720
CheMLT-F,target_to_drug,CHEMBL1075319,720,720
CheMLT-F,target_to_drug,CHEMBL1163124,720,720
CheMLT-F,target_to_drug,CHEMBL1169596,720,720
CheMLT-F,target_to_drug,CHEMBL1169600,720,720
CheMLT-F,target_to_drug,CHEMBL1250358,720,720
CheMLT-F,target_to_drug,CHEMBL1250360,720,720
CheMLT-F,target_to_drug,CHEMBL1250375,720,720
CheMLT-F,target_to_drug,CHEMBL1250417,720,720
CheMLT-F,target_to_drug,CHEMBL1255163,720,720
CheMLT-F,target_to_drug,CHEMBL1275223,720,720
CheMLT-F,target_to_drug,CHEMBL1287628,720,720
CheMLT-F,target_to_drug,CHEMBL1293224,720,720
CheMLT-F,target_to_drug,CHEMBL1293232,720,720
CheMLT-F,target_to_drug,CHEMBL1293266,720,720
CheMLT-F,target_to_drug,CHEMBL1615381,720,720
CheMLT-F,target_to_drug,CHEMBL1628478,720,720
CheMLT-F,target_to_drug,CHEMBL1641347,720,720
CheMLT-F,target_to_drug,CHEMBL1641348,720,720
CheMLT-F,target_to_drug,CHEMBL1641353,720,720
CheMLT-F,target_to_drug,CHEMBL1649052,720,720
CheMLT-F,target_to_drug,CHEMBL1649058,720,720
CheMLT-F,target_to_drug,CHEMBL1697671,720,720
CheMLT-F,target_to_drug,CHEMBL1697674,720,720
CheMLT-F,target_to_drug,CHEMBL1741186,720,720
CheMLT-F,target_to_drug,CHEMBL1741208,720,720
CheMLT-F,target_to_drug,CHEMBL1741305,720,720
CheMLT-F,target_to_drug,CHEMBL1741309,720,720
CheMLT-F,target_to_drug,CHEMBL1744522,720,720
CheMLT-F,target_to_drug,CHEMBL1744525,720,720
CheMLT-F,target_to_drug,CHEMBL1778,720,720
CheMLT-F,target_to_drug,CHEMBL1781,720,720
CheMLT-F,target_to_drug,CHEMBL1781870,720,720
CheMLT-F,target_to_drug,CHEMBL1782,720,720
CheMLT-F,target_to_drug,CHEMBL1783,720,720
CheMLT-F,target_to_drug,CHEMBL1786,720,720
CheMLT-F,target_to_drug,CHEMBL1795,720,720
CheMLT-F,target_to_drug,CHEMBL1795108,720,720
CheMLT-F,target_to_drug,CHEMBL1795116,720,720
CheMLT-F,target_to_drug,CHEMBL1795122,720,720
CheMLT-F,target_to_drug,CHEMBL1795129,720,720
CheMLT-F,target_to_drug,CHEMBL1795178,720,720
CheMLT-F,target_to_drug,CHEMBL1795197,720,720
CheMLT-F,target_to_drug,CHEMBL1796,720,720
CheMLT-F,target_to_drug,CHEMBL1801,720,720
CheMLT-F,target_to_drug,CHEMBL1803,720,720
CheMLT-F,target_to_drug,CHEMBL1806,720,720
CheMLT-F,target_to_drug,CHEMBL1808,720,720
CheMLT-F,target_to_drug,CHEMBL1812,720,720
CheMLT-F,target_to_drug,CHEMBL1817,720,720
CheMLT-F,target_to_drug,CHEMBL1822,720,720
CheMLT-F,target_to_drug,CHEMBL1824,720,720
CheMLT-F,target_to_drug,CHEMBL1825,720,720
CheMLT-F,target_to_drug,CHEMBL1827,720,720
CheMLT-F,target_to_drug,CHEMBL1829,720,720
CheMLT-F,target_to_drug,CHEMBL1834,720,720
CheMLT-F,target_to_drug,CHEMBL1835,720,720
CheMLT-F,target_to_drug,CHEMBL1839,720,720
CheMLT-F,target_to_drug,CHEMBL1841,720,720
CheMLT-F,target_to_drug,CHEMBL1842,720,720
CheMLT-F,target_to_drug,CHEMBL1843,720,720
CheMLT-F,target_to_drug,CHEMBL1844,720,720
CheMLT-F,target_to_drug,CHEMBL1846,720,720
CheMLT-F,target_to_drug,CHEMBL1847,720,720
CheMLT-F,target_to_drug,CHEMBL1856,720,720
CheMLT-F,target_to_drug,CHEMBL1859,720,720
CheMLT-F,target_to_drug,CHEMBL1861,720,720
CheMLT-F,target_to_drug,CHEMBL1862,720,720
CheMLT-F,target_to_drug,CHEMBL1864,720,720
CheMLT-F,target_to_drug,CHEMBL1865,720,720
CheMLT-F,target_to_drug,CHEMBL1868,720,720
CheMLT-F,target_to_drug,CHEMBL1869,720,720
CheMLT-F,target_to_drug,CHEMBL1871,720,720
CheMLT-F,target_to_drug,CHEMBL1873,720,720
CheMLT-F,target_to_drug,CHEMBL1874,720,720
CheMLT-F,target_to_drug,CHEMBL1876,720,720
CheMLT-F,target_to_drug,CHEMBL1886,720,720
CheMLT-F,target_to_drug,CHEMBL1887,720,720
CheMLT-F,target_to_drug,CHEMBL1892,720,720
CheMLT-F,target_to_drug,CHEMBL1893,720,720
CheMLT-F,target_to_drug,CHEMBL1899,720,720
CheMLT-F,target_to_drug,CHEMBL1900,720,720
CheMLT-F,target_to_drug,CHEMBL1902,720,720
CheMLT-F,target_to_drug,CHEMBL1903,720,720
CheMLT-F,target_to_drug,CHEMBL1906,720,720
CheMLT-F,target_to_drug,CHEMBL1908,720,720
CheMLT-F,target_to_drug,CHEMBL1908389,720,720
CheMLT-F,target_to_drug,CHEMBL1909490,720,720
CheMLT-F,target_to_drug,CHEMBL1910,720,720
CheMLT-F,target_to_drug,CHEMBL1911,720,720
CheMLT-F,target_to_drug,CHEMBL1912,720,720
CheMLT-F,target_to_drug,CHEMBL1913,720,720
CheMLT-F,target_to_drug,CHEMBL1914,720,720
CheMLT-F,target_to_drug,CHEMBL1914276,720,720
CheMLT-F,target_to_drug,CHEMBL1918,720,720
CheMLT-F,target_to_drug,CHEMBL1919,720,720
CheMLT-F,target_to_drug,CHEMBL1927,720,720
CheMLT-F,target_to_drug,CHEMBL1929,720,720
CheMLT-F,target_to_drug,CHEMBL1930,720,720
CheMLT-F,target_to_drug,CHEMBL1935,720,720
CheMLT-F,target_to_drug,CHEMBL1936,720,720
CheMLT-F,target_to_drug,CHEMBL1937,720,720
CheMLT-F,target_to_drug,CHEMBL1938222,720,720
CheMLT-F,target_to_drug,CHEMBL1944,720,720
CheMLT-F,target_to_drug,CHEMBL1947,720,720
CheMLT-F,target_to_drug,CHEMBL1949,720,720
CheMLT-F,target_to_drug,CHEMBL1950,720,720
CheMLT-F,target_to_drug,CHEMBL1951,720,720
CheMLT-F,target_to_drug,CHEMBL1952,720,720
CheMLT-F,target_to_drug,CHEMBL1955,720,720
CheMLT-F,target_to_drug,CHEMBL1957,720,720
CheMLT-F,target_to_drug,CHEMBL1959,720,720
CheMLT-F,target_to_drug,CHEMBL1962,720,720
CheMLT-F,target_to_drug,CHEMBL1964,720,720
CheMLT-F,target_to_drug,CHEMBL1966,720,720
CheMLT-F,target_to_drug,CHEMBL1969,720,720
CheMLT-F,target_to_drug,CHEMBL1972,720,720
CheMLT-F,target_to_drug,CHEMBL1973,720,720
CheMLT-F,target_to_drug,CHEMBL1974,720,720
CheMLT-F,target_to_drug,CHEMBL1975,720,720
CheMLT-F,target_to_drug,CHEMBL1976,720,720
CheMLT-F,target_to_drug,CHEMBL1977,720,720
CheMLT-F,target_to_drug,CHEMBL1978,720,720
CheMLT-F,target_to_drug,CHEMBL1980,720,720
CheMLT-F,target_to_drug,CHEMBL1981,720,720
CheMLT-F,target_to_drug,CHEMBL1988,720,720
CheMLT-F,target_to_drug,CHEMBL1989,720,720
CheMLT-F,target_to_drug,CHEMBL1991,720,720
CheMLT-F,target_to_drug,CHEMBL1992,720,720
CheMLT-F,target_to_drug,CHEMBL1993,720,720
CheMLT-F,target_to_drug,CHEMBL1994,720,720
CheMLT-F,target_to_drug,CHEMBL1996,720,720
CheMLT-F,target_to_drug,CHEMBL1997,720,720
CheMLT-F,target_to_drug,CHEMBL1998,720,720
CheMLT-F,target_to_drug,CHEMBL2000,720,720
CheMLT-F,target_to_drug,CHEMBL2003,720,720
CheMLT-F,target_to_drug,CHEMBL2007,720,720
CheMLT-F,target_to_drug,CHEMBL2007625,720,720
CheMLT-F,target_to_drug,CHEMBL2008,720,720
CheMLT-F,target_to_drug,CHEMBL2009,720,720
CheMLT-F,target_to_drug,CHEMBL2010624,720,720
CheMLT-F,target_to_drug,CHEMBL2012,720,720
CheMLT-F,target_to_drug,CHEMBL2016,720,720
CheMLT-F,target_to_drug,CHEMBL2019,720,720
CheMLT-F,target_to_drug,CHEMBL202,720,720
CheMLT-F,target_to_drug,CHEMBL2021748,720,720
CheMLT-F,target_to_drug,CHEMBL2023,720,720
CheMLT-F,target_to_drug,CHEMBL2027,720,720
CheMLT-F,target_to_drug,CHEMBL203,720,720
CheMLT-F,target_to_drug,CHEMBL2033,720,720
CheMLT-F,target_to_drug,CHEMBL2034,720,720
CheMLT-F,target_to_drug,CHEMBL2039,720,720
CheMLT-F,target_to_drug,CHEMBL204,720,720
CheMLT-F,target_to_drug,CHEMBL2040,720,720
CheMLT-F,target_to_drug,CHEMBL2041,720,720
CheMLT-F,target_to_drug,CHEMBL2044,720,720
CheMLT-F,target_to_drug,CHEMBL2045,720,720
CheMLT-F,target_to_drug,CHEMBL2046267,720,720
CheMLT-F,target_to_drug,CHEMBL2047,720,720
CheMLT-F,target_to_drug,CHEMBL2048,720,720
CheMLT-F,target_to_drug,CHEMBL205,720,720
CheMLT-F,target_to_drug,CHEMBL2050,720,720
CheMLT-F,target_to_drug,CHEMBL2055,720,720
CheMLT-F,target_to_drug,CHEMBL2058,720,720
CheMLT-F,target_to_drug,CHEMBL2059,720,720
CheMLT-F,target_to_drug,CHEMBL206,720,720
CheMLT-F,target_to_drug,CHEMBL2061,720,720
CheMLT-F,target_to_drug,CHEMBL2062,720,720
CheMLT-F,target_to_drug,CHEMBL2062356,720,720
CheMLT-F,target_to_drug,CHEMBL2063,720,720
CheMLT-F,target_to_drug,CHEMBL2068,720,720
CheMLT-F,target_to_drug,CHEMBL2069156,720,720
CheMLT-F,target_to_drug,CHEMBL2072,720,720
CheMLT-F,target_to_drug,CHEMBL2073,720,720
CheMLT-F,target_to_drug,CHEMBL2073677,720,720
CheMLT-F,target_to_drug,CHEMBL2074,720,720
CheMLT-F,target_to_drug,CHEMBL208,720,720
CheMLT-F,target_to_drug,CHEMBL2084,720,720
CheMLT-F,target_to_drug,CHEMBL2085,720,720
CheMLT-F,target_to_drug,CHEMBL2099,720,720
CheMLT-F,target_to_drug,CHEMBL2118,720,720
CheMLT-F,target_to_drug,CHEMBL2120,720,720
CheMLT-F,target_to_drug,CHEMBL2121,720,720
CheMLT-F,target_to_drug,CHEMBL2146302,720,720
CheMLT-F,target_to_drug,CHEMBL2146346,720,720
CheMLT-F,target_to_drug,CHEMBL2148,720,720
CheMLT-F,target_to_drug,CHEMBL215,720,720
CheMLT-F,target_to_drug,CHEMBL2157,720,720
CheMLT-F,target_to_drug,CHEMBL2176771,720,720
CheMLT-F,target_to_drug,CHEMBL2176839,720,720
CheMLT-F,target_to_drug,CHEMBL2176846,720,720
CheMLT-F,target_to_drug,CHEMBL2176855,720,720
CheMLT-F,target_to_drug,CHEMBL2179,720,720
CheMLT-F,target_to_drug,CHEMBL2185,720,720
CheMLT-F,target_to_drug,CHEMBL2189110,720,720
CheMLT-F,target_to_drug,CHEMBL2189121,720,720
CheMLT-F,target_to_drug,CHEMBL220,720,720
CheMLT-F,target_to_drug,CHEMBL2208,720,720
CheMLT-F,target_to_drug,CHEMBL221,720,720
CheMLT-F,target_to_drug,CHEMBL2216739,720,720
CheMLT-F,target_to_drug,CHEMBL222,720,720
CheMLT-F,target_to_drug,CHEMBL2243,720,720
CheMLT-F,target_to_drug,CHEMBL2252,720,720
CheMLT-F,target_to_drug,CHEMBL2273,720,720
CheMLT-F,target_to_drug,CHEMBL2276,720,720
CheMLT-F,target_to_drug,CHEMBL228,720,720
CheMLT-F,target_to_drug,CHEMBL2285,720,720
CheMLT-F,target_to_drug,CHEMBL2292,720,720
CheMLT-F,target_to_drug,CHEMBL230,720,720
CheMLT-F,target_to_drug,CHEMBL2311236,720,720
CheMLT-F,target_to_drug,CHEMBL2321613,720,720
CheMLT-F,target_to_drug,CHEMBL2321614,720,720
CheMLT-F,target_to_drug,CHEMBL2321615,720,720
CheMLT-F,target_to_drug,CHEMBL2326,720,720
CheMLT-F,target_to_drug,CHEMBL2331041,720,720
CheMLT-F,target_to_drug,CHEMBL2331042,720,720
CheMLT-F,target_to_drug,CHEMBL2331059,720,720
CheMLT-F,target_to_drug,CHEMBL2331065,720,720
CheMLT-F,target_to_drug,CHEMBL2337,720,720
CheMLT-F,target_to_drug,CHEMBL2346492,720,720
CheMLT-F,target_to_drug,CHEMBL235,720,720
CheMLT-F,target_to_drug,CHEMBL2362986,720,720
CheMLT-F,target_to_drug,CHEMBL2362990,720,720
CheMLT-F,target_to_drug,CHEMBL2362992,720,720
CheMLT-F,target_to_drug,CHEMBL2364155,720,720
CheMLT-F,target_to_drug,CHEMBL2364156,720,720
CheMLT-F,target_to_drug,CHEMBL2364157,720,720
CheMLT-F,target_to_drug,CHEMBL2364158,720,720
CheMLT-F,target_to_drug,CHEMBL2364159,720,720
CheMLT-F,target_to_drug,CHEMBL2364160,720,720
CheMLT-F,target_to_drug,CHEMBL2364161,720,720
CheMLT-F,target_to_drug,CHEMBL2364162,720,720
CheMLT-F,target_to_drug,CHEMBL2364163,720,720
CheMLT-F,target_to_drug,CHEMBL2364164,720,720
CheMLT-F,target_to_drug,CHEMBL238,720,720
CheMLT-F,target_to_drug,CHEMBL2384897,720,720
CheMLT-F,target_to_drug,CHEMBL239,720,720
CheMLT-F,target_to_drug,CHEMBL240,720,720
CheMLT-F,target_to_drug,CHEMBL2409,720,720
CheMLT-F,target_to_drug,CHEMBL241,720,720
CheMLT-F,target_to_drug,CHEMBL242,720,720
CheMLT-F,target_to_drug,CHEMBL2431,720,720
CheMLT-F,target_to_drug,CHEMBL2435,720,720
CheMLT-F,target_to_drug,CHEMBL2439,720,720
CheMLT-F,target_to_drug,CHEMBL244,720,720
CheMLT-F,target_to_drug,CHEMBL2476,720,720
CheMLT-F,target_to_drug,CHEMBL248,720,720
CheMLT-F,target_to_drug,CHEMBL2487,720,720
CheMLT-F,target_to_drug,CHEMBL2492,720,720
CheMLT-F,target_to_drug,CHEMBL2508,720,720
CheMLT-F,target_to_drug,CHEMBL2524,720,720
CheMLT-F,target_to_drug,CHEMBL2527,720,720
CheMLT-F,target_to_drug,CHEMBL2534,720,720
CheMLT-F,target_to_drug,CHEMBL258,720,720
CheMLT-F,target_to_drug,CHEMBL2599,720,720
CheMLT-F,target_to_drug,CHEMBL260,720,720
CheMLT-F,target_to_drug,CHEMBL2608,720,720
CheMLT-F,target_to_drug,CHEMBL261,720,720
CheMLT-F,target_to_drug,CHEMBL262,720,720
CheMLT-F,target_to_drug,CHEMBL2633,720,720
CheMLT-F,target_to_drug,CHEMBL2637,720,720
CheMLT-F,target_to_drug,CHEMBL267,720,720
CheMLT-F,target_to_drug,CHEMBL268,720,720
CheMLT-F,target_to_drug,CHEMBL2689,720,720
CheMLT-F,target_to_drug,CHEMBL2695,720,720
CheMLT-F,target_to_drug,CHEMBL2706,720,720
CheMLT-F,target_to_drug,CHEMBL2708,720,720
CheMLT-F,target_to_drug,CHEMBL2722,720,720
CheMLT-F,target_to_drug,CHEMBL2742,720,720
CheMLT-F,target_to_drug,CHEMBL2754,720,720
CheMLT-F,target_to_drug,CHEMBL2755,720,720
CheMLT-F,target_to_drug,CHEMBL2778,720,720
CheMLT-F,target_to_drug,CHEMBL278,720,720
CheMLT-F,target_to_drug,CHEMBL2782,720,720
CheMLT-F,target_to_drug,CHEMBL279,720,720
CheMLT-F,target_to_drug,CHEMBL280,720,720
CheMLT-F,target_to_drug,CHEMBL2808,720,720
CheMLT-F,target_to_drug,CHEMBL2815,720,720
CheMLT-F,target_to_drug,CHEMBL2820,720,720
CheMLT-F,target_to_drug,CHEMBL2821,720,720
CheMLT-F,target_to_drug,CHEMBL283,720,720
CheMLT-F,target_to_drug,CHEMBL2835,720,720
CheMLT-F,target_to_drug,CHEMBL284,720,720
CheMLT-F,target_to_drug,CHEMBL2842,720,720
CheMLT-F,target_to_drug,CHEMBL2850,720,720
CheMLT-F,target_to_drug,CHEMBL286,720,720
CheMLT-F,target_to_drug,CHEMBL287,720,720
CheMLT-F,target_to_drug,CHEMBL2872,720,720
CheMLT-F,target_to_drug,CHEMBL2873,720,720
CheMLT-F,target_to_drug,CHEMBL288,720,720
CheMLT-F,target_to_drug,CHEMBL2916,720,720
CheMLT-F,target_to_drug,CHEMBL2925,720,720
CheMLT-F,target_to_drug,CHEMBL2929,720,720
CheMLT-F,target_to_drug,CHEMBL2940,720,720
CheMLT-F,target_to_drug,CHEMBL2954,720,720
CheMLT-F,target_to_drug,CHEMBL2959,720,720
CheMLT-F,target_to_drug,CHEMBL2964,720,720
CheMLT-F,target_to_drug,CHEMBL2971,720,720
CheMLT-F,target_to_drug,CHEMBL2973,720,720
CheMLT-F,target_to_drug,CHEMBL2979,720,720
CheMLT-F,target_to_drug,CHEMBL2996,720,720
CheMLT-F,target_to_drug,CHEMBL2998,720,720
CheMLT-F,target_to_drug,CHEMBL3004,720,720
CheMLT-F,target_to_drug,CHEMBL3009,720,720
CheMLT-F,target_to_drug,CHEMBL301,720,720
CheMLT-F,target_to_drug,CHEMBL3023,720,720
CheMLT-F,target_to_drug,CHEMBL3024,720,720
CheMLT-F,target_to_drug,CHEMBL3026,720,720
CheMLT-F,target_to_drug,CHEMBL3028,720,720
CheMLT-F,target_to_drug,CHEMBL3045,720,720
CheMLT-F,target_to_drug,CHEMBL3055,720,720
CheMLT-F,target_to_drug,CHEMBL3070,720,720
CheMLT-F,target_to_drug,CHEMBL3076,720,720
CheMLT-F,target_to_drug,CHEMBL308,720,720
CheMLT-F,target_to_drug,CHEMBL3094,720,720
CheMLT-F,target_to_drug,CHEMBL3102,720,720
CheMLT-F,target_to_drug,CHEMBL3105,720,720
CheMLT-F,target_to_drug,CHEMBL3106,720,720
CheMLT-F,target_to_drug,CHEMBL3107,720,720
CheMLT-F,target_to_drug,CHEMBL3108633,720,720
CheMLT-F,target_to_drug,CHEMBL3116,720,720
CheMLT-F,target_to_drug,CHEMBL3117,720,720
CheMLT-F,target_to_drug,CHEMBL3119,720,720
CheMLT-F,target_to_drug,CHEMBL3130,720,720
CheMLT-F,target_to_drug,CHEMBL3142,720,720
CheMLT-F,target_to_drug,CHEMBL3143,720,720
CheMLT-F,target_to_drug,CHEMBL3145,720,720
CheMLT-F,target_to_drug,CHEMBL3161,720,720
CheMLT-F,target_to_drug,CHEMBL3172,720,720
CheMLT-F,target_to_drug,CHEMBL3192,720,720
CheMLT-F,target_to_drug,CHEMBL3194,720,720
CheMLT-F,target_to_drug,CHEMBL3201,720,720
CheMLT-F,target_to_drug,CHEMBL321,720,720
CheMLT-F,target_to_drug,CHEMBL3217393,720,720
CheMLT-F,target_to_drug,CHEMBL3217394,720,720
CheMLT-F,target_to_drug,CHEMBL3217395,720,720
CheMLT-F,target_to_drug,CHEMBL3218,720,720
CheMLT-F,target_to_drug,CHEMBL3232692,720,720
CheMLT-F,target_to_drug,CHEMBL3234,720,720
CheMLT-F,target_to_drug,CHEMBL3238,720,720
CheMLT-F,target_to_drug,CHEMBL3242,720,720
CheMLT-F,target_to_drug,CHEMBL3243,720,720
CheMLT-F,target_to_drug,CHEMBL325,720,720
CheMLT-F,target_to_drug,CHEMBL3267,720,720
CheMLT-F,target_to_drug,CHEMBL3273,720,720
CheMLT-F,target_to_drug,CHEMBL3276,720,720
CheMLT-F,target_to_drug,CHEMBL3286,720,720
CheMLT-F,target_to_drug,CHEMBL3286067,720,720
CheMLT-F,target_to_drug,CHEMBL3286070,720,720
CheMLT-F,target_to_drug,CHEMBL3286073,720,720
CheMLT-F,target_to_drug,CHEMBL3286074,720,720
CheMLT-F,target_to_drug,CHEMBL3286077,720,720
CheMLT-F,target_to_drug,CHEMBL3295,720,720
CheMLT-F,target_to_drug,CHEMBL3307223,720,720
CheMLT-F,target_to_drug,CHEMBL3308912,720,720
CheMLT-F,target_to_drug,CHEMBL331,720,720
CheMLT-F,target_to_drug,CHEMBL3310,720,720
CheMLT-F,target_to_drug,CHEMBL332,720,720
CheMLT-F,target_to_drug,CHEMBL333,720,720
CheMLT-F,target_to_drug,CHEMBL3338,720,720
CheMLT-F,target_to_drug,CHEMBL3357,720,720
CheMLT-F,target_to_drug,CHEMBL3378,720,720
CheMLT-F,target_to_drug,CHEMBL3385,720,720
CheMLT-F,target_to_drug,CHEMBL3390821,720,720
CheMLT-F,target_to_drug,CHEMBL3390822,720,720
CheMLT-F,target_to_drug,CHEMBL3391681,720,720
CheMLT-F,target_to_drug,CHEMBL340,720,720
CheMLT-F,target_to_drug,CHEMBL3407319,720,720
CheMLT-F,target_to_drug,CHEMBL3407320,720,720
CheMLT-F,target_to_drug,CHEMBL3407325,720,720
CheMLT-F,target_to_drug,CHEMBL3425389,720,720
CheMLT-F,target_to_drug,CHEMBL3430865,720,720
CheMLT-F,target_to_drug,CHEMBL3437,720,720
CheMLT-F,target_to_drug,CHEMBL3439,720,720
CheMLT-F,target_to_drug,CHEMBL3474,720,720
CheMLT-F,target_to_drug,CHEMBL3475,720,720
CheMLT-F,target_to_drug,CHEMBL3514,720,720
CheMLT-F,target_to_drug,CHEMBL3522,720,720
CheMLT-F,target_to_drug,CHEMBL3535,720,720
CheMLT-F,target_to_drug,CHEMBL3551,720,720
CheMLT-F,target_to_drug,CHEMBL3553,720,720
CheMLT-F,target_to_drug,CHEMBL3559,720,720
CheMLT-F,target_to_drug,CHEMBL3559386,720,720
CheMLT-F,target_to_drug,CHEMBL3572,720,720
CheMLT-F,target_to_drug,CHEMBL3576,720,720
CheMLT-F,target_to_drug,CHEMBL3580482,720,720
CheMLT-F,target_to_drug,CHEMBL3580483,720,720
CheMLT-F,target_to_drug,CHEMBL3580485,720,720
CheMLT-F,target_to_drug,CHEMBL3580486,720,720
CheMLT-F,target_to_drug,CHEMBL3580487,720,720
CheMLT-F,target_to_drug,CHEMBL3580488,720,720
CheMLT-F,target_to_drug,CHEMBL3580489,720,720
CheMLT-F,target_to_drug,CHEMBL3580490,720,720
CheMLT-F,target_to_drug,CHEMBL3580491,720,720
CheMLT-F,target_to_drug,CHEMBL3580492,720,720
CheMLT-F,target_to_drug,CHEMBL3580493,720,720
CheMLT-F,target_to_drug,CHEMBL3580494,720,720
CheMLT-F,target_to_drug,CHEMBL3580496,720,720
CheMLT-F,target_to_drug,CHEMBL3580522,720,720
CheMLT-F,target_to_drug,CHEMBL3582,720,720
CheMLT-F,target_to_drug,CHEMBL3587,720,720
CheMLT-F,target_to_drug,CHEMBL3588735,720,720
CheMLT-F,target_to_drug,CHEMBL3594,720,720
CheMLT-F,target_to_drug,CHEMBL3596085,720,720
CheMLT-F,target_to_drug,CHEMBL3610,720,720
CheMLT-F,target_to_drug,CHEMBL3616355,720,720
CheMLT-F,target_to_drug,CHEMBL3618,720,720
CheMLT-F,target_to_drug,CHEMBL3623,720,720
CheMLT-F,target_to_drug,CHEMBL3629,720,720
CheMLT-F,target_to_drug,CHEMBL3631,720,720
CheMLT-F,target_to_drug,CHEMBL3632452,720,720
CheMLT-F,target_to_drug,CHEMBL3650,720,720
CheMLT-F,target_to_drug,CHEMBL3660,720,720
CheMLT-F,target_to_drug,CHEMBL3670,720,720
CheMLT-F,target_to_drug,CHEMBL3687,720,720
CheMLT-F,target_to_drug,CHEMBL3691,720,720
CheMLT-F,target_to_drug,CHEMBL3706,720,720
CheMLT-F,target_to_drug,CHEMBL3710485,720,720
CheMLT-F,target_to_drug,CHEMBL3712850,720,720
CheMLT-F,target_to_drug,CHEMBL3712852,720,720
CheMLT-F,target_to_drug,CHEMBL3712853,720,720
CheMLT-F,target_to_drug,CHEMBL3712854,720,720
CheMLT-F,target_to_drug,CHEMBL3712856,720,720
CheMLT-F,target_to_drug,CHEMBL3712857,720,720
CheMLT-F,target_to_drug,CHEMBL3712859,720,720
CheMLT-F,target_to_drug,CHEMBL3712860,720,720
CheMLT-F,target_to_drug,CHEMBL3712862,720,720
CheMLT-F,target_to_drug,CHEMBL3712863,720,720
CheMLT-F,target_to_drug,CHEMBL3712864,720,720
CheMLT-F,target_to_drug,CHEMBL3712869,720,720
CheMLT-F,target_to_drug,CHEMBL3712870,720,720
CheMLT-F,target_to_drug,CHEMBL3712878,720,720
CheMLT-F,target_to_drug,CHEMBL3712879,720,720
CheMLT-F,target_to_drug,CHEMBL3712880,720,720
CheMLT-F,target_to_drug,CHEMBL3712881,720,720
CheMLT-F,target_to_drug,CHEMBL3712885,720,720
CheMLT-F,target_to_drug,CHEMBL3712886,720,720
CheMLT-F,target_to_drug,CHEMBL3712888,720,720
CheMLT-F,target_to_drug,CHEMBL3712894,720,720
CheMLT-F,target_to_drug,CHEMBL3712895,720,720
CheMLT-F,target_to_drug,CHEMBL3712898,720,720
CheMLT-F,target_to_drug,CHEMBL3712900,720,720
CheMLT-F,target_to_drug,CHEMBL3712901,720,720
CheMLT-F,target_to_drug,CHEMBL3712903,720,720
CheMLT-F,target_to_drug,CHEMBL3712912,720,720
CheMLT-F,target_to_drug,CHEMBL3712913,720,720
CheMLT-F,target_to_drug,CHEMBL3712914,720,720
CheMLT-F,target_to_drug,CHEMBL3712915,720,720
CheMLT-F,target_to_drug,CHEMBL3712916,720,720
CheMLT-F,target_to_drug,CHEMBL3712919,720,720
CheMLT-F,target_to_drug,CHEMBL3712920,720,720
CheMLT-F,target_to_drug,CHEMBL3712927,720,720
CheMLT-F,target_to_drug,CHEMBL3712928,720,720
CheMLT-F,target_to_drug,CHEMBL3712931,720,720
CheMLT-F,target_to_drug,CHEMBL3712932,720,720
CheMLT-F,target_to_drug,CHEMBL3712934,720,720
CheMLT-F,target_to_drug,CHEMBL3712938,720,720
CheMLT-F,target_to_drug,CHEMBL3712949,720,720
CheMLT-F,target_to_drug,CHEMBL3712953,720,720
CheMLT-F,target_to_drug,CHEMBL3712954,720,720
CheMLT-F,target_to_drug,CHEMBL3712955,720,720
CheMLT-F,target_to_drug,CHEMBL3712956,720,720
CheMLT-F,target_to_drug,CHEMBL3712957,720,720
CheMLT-F,target_to_drug,CHEMBL3712961,720,720
CheMLT-F,target_to_drug,CHEMBL3712964,720,720
CheMLT-F,target_to_drug,CHEMBL3712965,720,720
CheMLT-F,target_to_drug,CHEMBL3712972,720,720
CheMLT-F,target_to_drug,CHEMBL3712975,720,720
CheMLT-F,target_to_drug,CHEMBL3712987,720,720
CheMLT-F,target_to_drug,CHEMBL3712988,720,720
CheMLT-F,target_to_drug,CHEMBL3712995,720,720
CheMLT-F,target_to_drug,CHEMBL3712996,720,720
CheMLT-F,target_to_drug,CHEMBL3713000,720,720
CheMLT-F,target_to_drug,CHEMBL3713006,720,720
CheMLT-F,target_to_drug,CHEMBL3713007,720,720
CheMLT-F,target_to_drug,CHEMBL3713014,720,720
CheMLT-F,target_to_drug,CHEMBL3713020,720,720
CheMLT-F,target_to_drug,CHEMBL3713023,720,720
CheMLT-F,target_to_drug,CHEMBL3713025,720,720
CheMLT-F,target_to_drug,CHEMBL3713026,720,720
CheMLT-F,target_to_drug,CHEMBL3713062,720,720
CheMLT-F,target_to_drug,CHEMBL3713333,720,720
CheMLT-F,target_to_drug,CHEMBL3713343,720,720
CheMLT-F,target_to_drug,CHEMBL3713436,720,720
CheMLT-F,target_to_drug,CHEMBL3713449,720,720
CheMLT-F,target_to_drug,CHEMBL3713453,720,720
CheMLT-F,target_to_drug,CHEMBL3713643,720,720
CheMLT-F,target_to_drug,CHEMBL3713712,720,720
CheMLT-F,target_to_drug,CHEMBL3713913,720,720
CheMLT-F,target_to_drug,CHEMBL3713941,720,720
CheMLT-F,target_to_drug,CHEMBL3714029,720,720
CheMLT-F,target_to_drug,CHEMBL3714157,720,720
CheMLT-F,target_to_drug,CHEMBL3714583,720,720
CheMLT-F,target_to_drug,CHEMBL3717,720,720
CheMLT-F,target_to_drug,CHEMBL3720,720,720
CheMLT-F,target_to_drug,CHEMBL3729,720,720
CheMLT-F,target_to_drug,CHEMBL3776,720,720
CheMLT-F,target_to_drug,CHEMBL3778,720,720
CheMLT-F,target_to_drug,CHEMBL3788,720,720
CheMLT-F,target_to_drug,CHEMBL3810,720,720
CheMLT-F,target_to_drug,CHEMBL3816,720,720
CheMLT-F,target_to_drug,CHEMBL3820,720,720
CheMLT-F,target_to_drug,CHEMBL3831181,720,720
CheMLT-F,target_to_drug,CHEMBL3831182,720,720
CheMLT-F,target_to_drug,CHEMBL3831291,720,720
CheMLT-F,target_to_drug,CHEMBL3833441,720,720
CheMLT-F,target_to_drug,CHEMBL3833481,720,720
CheMLT-F,target_to_drug,CHEMBL3856162,720,720
CheMLT-F,target_to_drug,CHEMBL3856163,720,720
CheMLT-F,target_to_drug,CHEMBL3864,720,720
CheMLT-F,target_to_drug,CHEMBL3869,720,720
CheMLT-F,target_to_drug,CHEMBL3884,720,720
CheMLT-F,target_to_drug,CHEMBL3890,720,720
CheMLT-F,target_to_drug,CHEMBL3896,720,720
CheMLT-F,target_to_drug,CHEMBL3901,720,720
CheMLT-F,target_to_drug,CHEMBL3902,720,720
CheMLT-F,target_to_drug,CHEMBL3905,720,720
CheMLT-F,target_to_drug,CHEMBL3913,720,720
CheMLT-F,target_to_drug,CHEMBL3921,720,720
CheMLT-F,target_to_drug,CHEMBL3922,720,720
CheMLT-F,target_to_drug,CHEMBL3923,720,720
CheMLT-F,target_to_drug,CHEMBL3935,720,720
CheMLT-F,target_to_drug,CHEMBL3955,720,720
CheMLT-F,target_to_drug,CHEMBL3956,720,720
CheMLT-F,target_to_drug,CHEMBL3961,720,720
CheMLT-F,target_to_drug,CHEMBL3972,720,720
CheMLT-F,target_to_drug,CHEMBL3973,720,720
CheMLT-F,target_to_drug,CHEMBL3979,720,720
CheMLT-F,target_to_drug,CHEMBL3983,720,720
CheMLT-F,target_to_drug,CHEMBL3988505,720,720
CheMLT-F,target_to_drug,CHEMBL3989381,720,720
CheMLT-F,target_to_drug,CHEMBL3989382,720,720
CheMLT-F,target_to_drug,CHEMBL3989383,720,720
CheMLT-F,target_to_drug,CHEMBL3989384,720,720
CheMLT-F,target_to_drug,CHEMBL3991,720,720
CheMLT-F,target_to_drug,CHEMBL3991501,720,720
CheMLT-F,target_to_drug,CHEMBL4005,720,720
CheMLT-F,target_to_drug,CHEMBL4016,720,720
CheMLT-F,target_to_drug,CHEMBL402,720,720
CheMLT-F,target_to_drug,CHEMBL4036,720,720
CheMLT-F,target_to_drug,CHEMBL4040,720,720
CheMLT-F,target_to_drug,CHEMBL4051,720,720
CheMLT-F,target_to_drug,CHEMBL4068,720,720
CheMLT-F,target_to_drug,CHEMBL4073,720,720
CheMLT-F,target_to_drug,CHEMBL4081,720,720
CheMLT-F,target_to_drug,CHEMBL4093,720,720
CheMLT-F,target_to_drug,CHEMBL4096,720,720
CheMLT-F,target_to_drug,CHEMBL4116,720,720
CheMLT-F,target_to_drug,CHEMBL4128,720,720
CheMLT-F,target_to_drug,CHEMBL4142,720,720
CheMLT-F,target_to_drug,CHEMBL4163,720,720
CheMLT-F,target_to_drug,CHEMBL4179,720,720
CheMLT-F,target_to_drug,CHEMBL4183,720,720
CheMLT-F,target_to_drug,CHEMBL4187,720,720
CheMLT-F,target_to_drug,CHEMBL4191,720,720
CheMLT-F,target_to_drug,CHEMBL4223,720,720
CheMLT-F,target_to_drug,CHEMBL4225,720,720
CheMLT-F,target_to_drug,CHEMBL4235,720,720
CheMLT-F,target_to_drug,CHEMBL4245,720,720
CheMLT-F,target_to_drug,CHEMBL4247,720,720
CheMLT-F,target_to_drug,CHEMBL4266,720,720
CheMLT-F,target_to_drug,CHEMBL4282,720,720
CheMLT-F,target_to_drug,CHEMBL4295646,720,720
CheMLT-F,target_to_drug,CHEMBL4295685,720,720
CheMLT-F,target_to_drug,CHEMBL4295690,720,720
CheMLT-F,target_to_drug,CHEMBL4296,720,720
CheMLT-F,target_to_drug,CHEMBL4296022,720,720
CheMLT-F,target_to_drug,CHEMBL4302,720,720
CheMLT-F,target_to_drug,CHEMBL4303061,720,720
CheMLT-F,target_to_drug,CHEMBL4304,720,720
CheMLT-F,target_to_drug,CHEMBL4305,720,720
CheMLT-F,target_to_drug,CHEMBL4306,720,720
CheMLT-F,target_to_drug,CHEMBL4323,720,720
CheMLT-F,target_to_drug,CHEMBL4331,720,720
CheMLT-F,target_to_drug,CHEMBL4338,720,720
CheMLT-F,target_to_drug,CHEMBL4342,720,720
CheMLT-F,target_to_drug,CHEMBL4361,720,720
CheMLT-F,target_to_drug,CHEMBL4393,720,720
CheMLT-F,target_to_drug,CHEMBL4409,720,720
CheMLT-F,target_to_drug,CHEMBL4439,720,720
CheMLT-F,target_to_drug,CHEMBL4444,720,720
CheMLT-F,target_to_drug,CHEMBL4445,720,720
CheMLT-F,target_to_drug,CHEMBL4465,720,720
CheMLT-F,target_to_drug,CHEMBL4467,720,720
CheMLT-F,target_to_drug,CHEMBL4478,720,720
CheMLT-F,target_to_drug,CHEMBL4481,720,720
CheMLT-F,target_to_drug,CHEMBL4482,720,720
CheMLT-F,target_to_drug,CHEMBL4501,720,720
CheMLT-F,target_to_drug,CHEMBL4502,720,720
CheMLT-F,target_to_drug,CHEMBL4506,720,720
CheMLT-F,target_to_drug,CHEMBL4523230,720,720
CheMLT-F,target_to_drug,CHEMBL4523374,720,720
CheMLT-F,target_to_drug,CHEMBL4523377,720,720
CheMLT-F,target_to_drug,CHEMBL4523510,720,720
CheMLT-F,target_to_drug,CHEMBL4523581,720,720
CheMLT-F,target_to_drug,CHEMBL4523584,720,720
CheMLT-F,target_to_drug,CHEMBL4523586,720,720
CheMLT-F,target_to_drug,CHEMBL4523587,720,720
CheMLT-F,target_to_drug,CHEMBL4530,720,720
CheMLT-F,target_to_drug,CHEMBL4531,720,720
CheMLT-F,target_to_drug,CHEMBL4550,720,720
CheMLT-F,target_to_drug,CHEMBL4581,720,720
CheMLT-F,target_to_drug,CHEMBL4588,720,720
CheMLT-F,target_to_drug,CHEMBL4601,720,720
CheMLT-F,target_to_drug,CHEMBL4618,720,720
CheMLT-F,target_to_drug,CHEMBL4625,720,720
CheMLT-F,target_to_drug,CHEMBL4630,720,720
CheMLT-F,target_to_drug,CHEMBL4630876,720,720
CheMLT-F,target_to_drug,CHEMBL4630877,720,720
CheMLT-F,target_to_drug,CHEMBL4630878,720,720
CheMLT-F,target_to_drug,CHEMBL4630879,720,720
CheMLT-F,target_to_drug,CHEMBL4630880,720,720
CheMLT-F,target_to_drug,CHEMBL4630881,720,720
CheMLT-F,target_to_drug,CHEMBL4630882,720,720
CheMLT-F,target_to_drug,CHEMBL4630883,720,720
CheMLT-F,target_to_drug,CHEMBL4630884,720,720
CheMLT-F,target_to_drug,CHEMBL4630885,720,720
CheMLT-F,target_to_drug,CHEMBL4630886,720,720
CheMLT-F,target_to_drug,CHEMBL4630887,720,720
CheMLT-F,target_to_drug,CHEMBL4630888,720,720
CheMLT-F,target_to_drug,CHEMBL4630889,720,720
CheMLT-F,target_to_drug,CHEMBL4630890,720,720
CheMLT-F,target_to_drug,CHEMBL4630891,720,720
CheMLT-F,target_to_drug,CHEMBL4630892,720,720
CheMLT-F,target_to_drug,CHEMBL4630894,720,720
CheMLT-F,target_to_drug,CHEMBL4630895,720,720
CheMLT-F,target_to_drug,CHEMBL4660,720,720
CheMLT-F,target_to_drug,CHEMBL4662938,720,720
CheMLT-F,target_to_drug,CHEMBL4662939,720,720
CheMLT-F,target_to_drug,CHEMBL4662940,720,720
CheMLT-F,target_to_drug,CHEMBL4662941,720,720
CheMLT-F,target_to_drug,CHEMBL4662942,720,720
CheMLT-F,target_to_drug,CHEMBL4662944,720,720
CheMLT-F,target_to_drug,CHEMBL4665582,720,720
CheMLT-F,target_to_drug,CHEMBL4665584,720,720
CheMLT-F,target_to_drug,CHEMBL4665585,720,720
CheMLT-F,target_to_drug,CHEMBL4665586,720,720
CheMLT-F,target_to_drug,CHEMBL4677,720,720
CheMLT-F,target_to_drug,CHEMBL4683,720,720
CheMLT-F,target_to_drug,CHEMBL4685,720,720
CheMLT-F,target_to_drug,CHEMBL4692,720,720
CheMLT-F,target_to_drug,CHEMBL4703,720,720
CheMLT-F,target_to_drug,CHEMBL4722,720,720
CheMLT-F,target_to_drug,CHEMBL4770,720,720
CheMLT-F,target_to_drug,CHEMBL4791,720,720
CheMLT-F,target_to_drug,CHEMBL4794,720,720
CheMLT-F,target_to_drug,CHEMBL4801,720,720
CheMLT-F,target_to_drug,CHEMBL4804243,720,720
CheMLT-F,target_to_drug,CHEMBL4804244,720,720
CheMLT-F,target_to_drug,CHEMBL4804245,720,720
CheMLT-F,target_to_drug,CHEMBL4804246,720,720
CheMLT-F,target_to_drug,CHEMBL4804247,720,720
CheMLT-F,target_to_drug,CHEMBL4804257,720,720
CheMLT-F,target_to_drug,CHEMBL4804258,720,720
CheMLT-F,target_to_drug,CHEMBL4805,720,720
CheMLT-F,target_to_drug,CHEMBL4816,720,720
CheMLT-F,target_to_drug,CHEMBL4822,720,720
CheMLT-F,target_to_drug,CHEMBL4860,720,720
CheMLT-F,target_to_drug,CHEMBL4876,720,720
CheMLT-F,target_to_drug,CHEMBL4895,720,720
CheMLT-F,target_to_drug,CHEMBL4898,720,720
CheMLT-F,target_to_drug,CHEMBL4899,720,720
CheMLT-F,target_to_drug,CHEMBL4915,720,720
CheMLT-F,target_to_drug,CHEMBL4917,720,720
CheMLT-F,target_to_drug,CHEMBL4929,720,720
CheMLT-F,target_to_drug,CHEMBL4937,720,720
CheMLT-F,target_to_drug,CHEMBL4954,720,720
CheMLT-F,target_to_drug,CHEMBL4956,720,720
CheMLT-F,target_to_drug,CHEMBL4979,720,720
CheMLT-F,target_to_drug,CHEMBL4998,720,720
CheMLT-F,target_to_drug,CHEMBL5024,720,720
CheMLT-F,target_to_drug,CHEMBL5122,720,720
CheMLT-F,target_to_drug,CHEMBL5141,720,720
CheMLT-F,target_to_drug,CHEMBL5145,720,720
CheMLT-F,target_to_drug,CHEMBL5147,720,720
CheMLT-F,target_to_drug,CHEMBL5163,720,720
CheMLT-F,target_to_drug,CHEMBL5167,720,720
CheMLT-F,target_to_drug,CHEMBL5174,720,720
CheMLT-F,target_to_drug,CHEMBL5191,720,720
CheMLT-F,target_to_drug,CHEMBL5202,720,720
CheMLT-F,target_to_drug,CHEMBL5216,720,720
CheMLT-F,target_to_drug,CHEMBL5251,720,720
CheMLT-F,target_to_drug,CHEMBL5255,720,720
CheMLT-F,target_to_drug,CHEMBL5274,720,720
CheMLT-F,target_to_drug,CHEMBL5275,720,720
CheMLT-F,target_to_drug,CHEMBL5285,720,720
CheMLT-F,target_to_drug,CHEMBL5287,720,720
CheMLT-F,target_to_drug,CHEMBL5305024,720,720
CheMLT-F,target_to_drug,CHEMBL5311,720,720
CheMLT-F,target_to_drug,CHEMBL5331,720,720
CheMLT-F,target_to_drug,CHEMBL5349,720,720
CheMLT-F,target_to_drug,CHEMBL5366,720,720
CheMLT-F,target_to_drug,CHEMBL5378,720,720
CheMLT-F,target_to_drug,CHEMBL5398,720,720
CheMLT-F,target_to_drug,CHEMBL5443,720,720
CheMLT-F,target_to_drug,CHEMBL5451,720,720
CheMLT-F,target_to_drug,CHEMBL5464,720,720
CheMLT-F,target_to_drug,CHEMBL5466,720,720
CheMLT-F,target_to_drug,CHEMBL5467,720,720
CheMLT-F,target_to_drug,CHEMBL5469,720,720
CheMLT-F,target_to_drug,CHEMBL5476,720,720
CheMLT-F,target_to_drug,CHEMBL5479,720,720
CheMLT-F,target_to_drug,CHEMBL5491,720,720
CheMLT-F,target_to_drug,CHEMBL5498501,720,720
CheMLT-F,target_to_drug,CHEMBL5498502,720,720
CheMLT-F,target_to_drug,CHEMBL5498504,720,720
CheMLT-F,target_to_drug,CHEMBL5498505,720,720
CheMLT-F,target_to_drug,CHEMBL5522,720,720
CheMLT-F,target_to_drug,CHEMBL5568,720,720
CheMLT-F,target_to_drug,CHEMBL5580,720,720
CheMLT-F,target_to_drug,CHEMBL5608,720,720
CheMLT-F,target_to_drug,CHEMBL5616,720,720
CheMLT-F,target_to_drug,CHEMBL5619,720,720
CheMLT-F,target_to_drug,CHEMBL5661,720,720
CheMLT-F,target_to_drug,CHEMBL5689,720,720
CheMLT-F,target_to_drug,CHEMBL5697,720,720
CheMLT-F,target_to_drug,CHEMBL5705,720,720
CheMLT-F,target_to_drug,CHEMBL5714,720,720
CheMLT-F,target_to_drug,CHEMBL5721,720,720
CheMLT-F,target_to_drug,CHEMBL5731,720,720
CheMLT-F,target_to_drug,CHEMBL5742,720,720
CheMLT-F,target_to_drug,CHEMBL5804,720,720
CheMLT-F,target_to_drug,CHEMBL5805,720,720
CheMLT-F,target_to_drug,CHEMBL5807,720,720
CheMLT-F,target_to_drug,CHEMBL5838,720,720
CheMLT-F,target_to_drug,CHEMBL5903,720,720
CheMLT-F,target_to_drug,CHEMBL5913,720,720
CheMLT-F,target_to_drug,CHEMBL5936,720,720
CheMLT-F,target_to_drug,CHEMBL5957,720,720
CheMLT-F,target_to_drug,CHEMBL5966,720,720
CheMLT-F,target_to_drug,CHEMBL5988,720,720
CheMLT-F,target_to_drug,CHEMBL5989,720,720
CheMLT-F,target_to_drug,CHEMBL6007,720,720
CheMLT-F,target_to_drug,CHEMBL6009,720,720
CheMLT-F,target_to_drug,CHEMBL6024,720,720
CheMLT-F,target_to_drug,CHEMBL6044,720,720
CheMLT-F,target_to_drug,CHEMBL6066101,720,720
CheMLT-F,target_to_drug,CHEMBL6093,720,720
CheMLT-F,target_to_drug,CHEMBL6120,720,720
CheMLT-F,target_to_drug,CHEMBL6136,720,720
CheMLT-F,target_to_drug,CHEMBL6152,720,720
CheMLT-F,target_to_drug,CHEMBL6157,720,720
CheMLT-F,drug_to_target,AAOVKJBEBIDNHE-UHFFFAOYSA-N,745,745
CheMLT-F,drug_to_target,ACRHBAYQBXXRTO-OAQYLSRUSA-N,745,745
CheMLT-F,drug_to_target,ACWBQPMHZXGDFX-QFIPXVFZSA-N,745,745
CheMLT-F,drug_to_target,ACWZRVQXLIRSDF-UHFFFAOYSA-N,745,745
CheMLT-F,drug_to_target,ADEBPBSSDYVVLD-UHFFFAOYSA-N,745,745
CheMLT-F,drug_to_target,AEXFXNFMSAAELR-RXVVDRJESA-N,745,745
CheMLT-F,drug_to_target,AFLFKFHDSCQHOL-IZZDOVSWSA-N,745,745
CheMLT-F,drug_to_target,AHJRHEGDXFFMBM-UHFFFAOYSA-N,745,745
CheMLT-F,drug_to_target,AHOUBRCZNHFOSL-YOEHRIQHSA-N,745,745
CheMLT-F,drug_to_target,AHYMHWXQRWRBKT-UHFFFAOYSA-N,745,745
CheMLT-F,drug_to_target,AILRADAXUVEEIR-UHFFFAOYSA-N,745,745
CheMLT-F,drug_to_target,AJIPIJNNOJSSQC-NYLIRDPKSA-N,745,745
CheMLT-F,drug_to_target,ALWKGYPQUAPLQC-UHFFFAOYSA-N,745,745
CheMLT-F,drug_to_target,ANGKOCUUWGHLCE-HKUYNNGSSA-N,745,745
CheMLT-F,drug_to_target,AOMXMOCNKJTRQP-UHFFFAOYSA-N,745,745
CheMLT-F,drug_to_target,AQHHHDLHHXJYJD-UHFFFAOYSA-N,745,745
CheMLT-F,drug_to_target,AQNDDEOPVVGCPG-UHFFFAOYSA-N,745,745
CheMLT-F,drug_to_target,AQOKCDNYWBIDND-FTOWTWDKSA-N,745,745
CheMLT-F,drug_to_target,ASMXXROZKSBQIH-VITNCHFBSA-N,745,745
CheMLT-F,drug_to_target,ASOADIZOVZTJSR-UHFFFAOYSA-N,745,745
CheMLT-F,drug_to_target,ASUTZQLVASHGKV-JDFRZJQESA-N,745,745
CheMLT-F,drug_to_target,ATALOFNDEOCMKK-OITMNORJSA-N,745,745
CheMLT-F,drug_to_target,AURFZBICLPNKBZ-SYBPFIFISA-N,745,745
CheMLT-F,drug_to_target,AVAACINZEOAHHE-VFZPANTDSA-N,745,745
CheMLT-F,drug_to_target,AXOIZCJOOAYSMI-UHFFFAOYSA-N,745,745
CheMLT-F,drug_to_target,AXQACEQYCPKDMV-RZAWKFBISA-N,745,745
CheMLT-F,drug_to_target,AYXYPKUFHZROOJ-ZETCQYMHSA-N,745,745
CheMLT-F,drug_to_target,AZSRSNUQCUDCGG-UHFFFAOYSA-N,745,745
CheMLT-F,drug_to_target,BALLNEJQLSTPIO-UHFFFAOYSA-N,745,745
CheMLT-F,drug_to_target,BARDROPHSZEBKC-OITMNORJSA-N,745,745
CheMLT-F,drug_to_target,BBAWEDCPNXPBQM-GDEBMMAJSA-N,745,745
CheMLT-F,drug_to_target,BCEHBSKCWLPMDN-MGPLVRAMSA-N,745,745
CheMLT-F,drug_to_target,BCFGMOOMADDAQU-UHFFFAOYSA-N,745,745
CheMLT-F,drug_to_target,BFDBKMOZYNOTPK-UHFFFAOYSA-N,745,745
CheMLT-F,drug_to_target,BFPYWIDHMRZLRN-SLHNCBLASA-N,745,745
CheMLT-F,drug_to_target,BFSMGDJOXZAERB-UHFFFAOYSA-N,745,745
CheMLT-F,drug_to_target,BGDKAVGWHJFAGW-UHFFFAOYSA-N,745,745
CheMLT-F,drug_to_target,BISPBXFUKNXOQY-RITPCOANSA-N,745,745
CheMLT-F,drug_to_target,BLIJXOOIHRSQRB-PXYINDEMSA-N,745,745
CheMLT-F,drug_to_target,BLJRIMJGRPQVNF-JTQLQIEISA-N,745,745
CheMLT-F,drug_to_target,BMEARIQHWSVDBS-SNVBAGLBSA-N,745,745
CheMLT-F,drug_to_target,BMGQWWVMWDBQGC-IIFHNQTCSA-N,745,745
CheMLT-F,drug_to_target,BMKDZUISNHGIBY-ZETCQYMHSA-N,745,745
CheMLT-F,drug_to_target,BMPDWHIDQYTSHX-AWEZNQCLSA-N,745,745
CheMLT-F,drug_to_target,BMPDWHIDQYTSHX-UHFFFAOYSA-N,745,745
CheMLT-F,drug_to_target,BNRNXUUZRGQAQC-UHFFFAOYSA-N,745,745
CheMLT-F,drug_to_target,BPKAHTKRCLCHEA-UBFJEZKGSA-N,745,745
CheMLT-F,drug_to_target,BPQMGSKTAYIVFO-UHFFFAOYSA-N,745,745
CheMLT-F,drug_to_target,BPRHUIZQVSMCRT-VEUZHWNKSA-N,745,745
CheMLT-F,drug_to_target,BPZSYCZIITTYBL-YJYMSZOUSA-N,745,745
CheMLT-F,drug_to_target,BQEJAAIPKDQEPV-MXHGPKCJSA-N,745,745
CheMLT-F,drug_to_target,BQJCRHHNABKAKU-KBQPJGBKSA-N,745,745
CheMLT-F,drug_to_target,BQSJTQLCZDPROO-UHFFFAOYSA-N,745,745
CheMLT-F,drug_to_target,BRUQQQPBMZOVGD-XFKAJCMBSA-N,745,745
CheMLT-F,drug_to_target,BSMCAPRUBJMWDF-KRWDZBQOSA-N,745,745
CheMLT-F,drug_to_target,BSYNRYMUTXBXSQ-UHFFFAOYSA-N,745,745
CheMLT-F,drug_to_target,BTBHLEZXCOBLCY-QGZVFWFLSA-N,745,745
CheMLT-F,drug_to_target,BTCRKOKVYTVOLU-SJSRKZJXSA-N,745,745
CheMLT-F,drug_to_target,BUGYDGFZZOZRHP-UHFFFAOYSA-N,745,745
CheMLT-F,drug_to_target,BYBLEWFAAKGYCD-UHFFFAOYSA-N,745,745
CheMLT-F,drug_to_target,BZZKEPGENYLQSC-FIBGUPNXSA-N,745,745
CheMLT-F,drug_to_target,BZZKEPGENYLQSC-UHFFFAOYSA-N,745,745
CheMLT-F,drug_to_target,CAVRKWRKTNINFF-UHFFFAOYSA-N,745,745
CheMLT-F,drug_to_target,CBRJPFGIXUFMTM-WDEREUQCSA-N,745,745
CheMLT-F,drug_to_target,CEFJVGZHQAGLHS-UHFFFAOYSA-N,745,745
CheMLT-F,drug_to_target,CEUORZQYGODEFX-UHFFFAOYSA-N,745,745
CheMLT-F,drug_to_target,CGIGDMFJXJATDK-UHFFFAOYSA-N,745,745
CheMLT-F,drug_to_target,CJBJHOAVZSMMDJ-HEXNFIEUSA-N,745,745
CheMLT-F,drug_to_target,CJOFXWAVKWHTFT-XSFVSMFZSA-N,745,745
CheMLT-F,drug_to_target,CMHHMUWAYWTMGS-UHFFFAOYSA-N,745,745
CheMLT-F,drug_to_target,CMJCXYNUCSMDBY-ZDUSSCGKSA-N,745,745
CheMLT-F,drug_to_target,CMWTZPSULFXXJA-VIFPVBQESA-N,745,745
CheMLT-F,drug_to_target,COUYJEVMBVSIHV-SFHVURJKSA-N,745,745
CheMLT-F,drug_to_target,CPZBLNMUGSZIPR-NVXWUHKLSA-N,745,745
CheMLT-F,drug_to_target,CSKDFZIMJXRJGH-VWLPUNTISA-N,745,745
CheMLT-F,drug_to_target,CSOBIBXVIYAXFM-BYNJWEBRSA-N,745,745
CheMLT-F,drug_to_target,CTRLABGOLIVAIY-UHFFFAOYSA-N,745,745
CheMLT-F,drug_to_target,CUHVIMMYOGQXCV-NSHDSACASA-N,745,745
CheMLT-F,drug_to_target,CUIHSIWYWATEQL-UHFFFAOYSA-N,745,745
CheMLT-F,drug_to_target,CVWXJKQAOSCOAB-UHFFFAOYSA-N,745,745
CheMLT-F,drug_to_target,CXOFVDLJLONNDW-UHFFFAOYSA-N,745,745
CheMLT-F,drug_to_target,CXOXHMZGEKVPMT-UHFFFAOYSA-N,745,745
CheMLT-F,drug_to_target,CYHWMBVXXDIZNZ-KRWDZBQOSA-N,745,745
CheMLT-F,drug_to_target,CYOHGALHFOKKQC-UHFFFAOYSA-N,745,745
CheMLT-F,drug_to_target,CYQFCXCEBYINGO-IAGOWNOFSA-N,745,745
CheMLT-F,drug_to_target,CZFFBEXEKNGXKS-UHFFFAOYSA-N,745,745
CheMLT-F,drug_to_target,CZGVOBIGEBDYTP-VSGBNLITSA-N,745,745
CheMLT-F,drug_to_target,DBABZHXKTCFAPX-UHFFFAOYSA-N,745,745
CheMLT-F,drug_to_target,DBEPLOCGEIEOCV-WSBQPABSSA-N,745,745
CheMLT-F,drug_to_target,DBGIVFWFUFKIQN-UHFFFAOYSA-N,745,745
CheMLT-F,drug_to_target,DCCSDBARQIPTGU-HSZRJFAPSA-N,745,745
CheMLT-F,drug_to_target,DCOPUUMXTXDBNB-UHFFFAOYSA-N,745,745
CheMLT-F,drug_to_target,DDFOUSQFMYRUQK-RCDICMHDSA-N,745,745
CheMLT-F,drug_to_target,DDLIGBOFAVUZHB-UHFFFAOYSA-N,745,745
CheMLT-F,drug_to_target,DDOOFTLHJSMHLN-ZQHRPCGSSA-N,745,745
CheMLT-F,drug_to_target,DEVSOMFAQLZNKR-RJRFIUFISA-N,745,745
CheMLT-F,drug_to_target,DHHVAGZRUROJKS-UHFFFAOYSA-N,745,745
CheMLT-F,drug_to_target,DHMTURDWPRKSOA-RUZDIDTESA-N,745,745
CheMLT-F,drug_to_target,DHSUYTOATWAVLW-WFVMDLQDSA-N,745,745
CheMLT-F,drug_to_target,DIWRORZWFLOCLC-UHFFFAOYSA-N,745,745
CheMLT-F,drug_to_target,DJXRIQMCROIRCZ-XOEOCAAJSA-N,745,745
CheMLT-F,drug_to_target,DKNWSYNQZKUICI-UHFFFAOYSA-N,745,745
CheMLT-F,drug_to_target,DKULOVKANLVDEA-UHFFFAOYSA-N,745,745
CheMLT-F,drug_to_target,DKYWVDODHFEZIM-UHFFFAOYSA-N,745,745
CheMLT-F,drug_to_target,DMJNNHOOLUXYBV-PQTSNVLCSA-N,745,745
CheMLT-F,drug_to_target,DMKSVUSAATWOCU-HROMYWEYSA-N,745,745
CheMLT-F,drug_to_target,DMNOVGJWPASQDL-OAQYLSRUSA-N,745,745
CheMLT-F,drug_to_target,DOBNVUFHFMVMDB-BEFAXECRSA-N,745,745
CheMLT-F,drug_to_target,DOMXUEMWDBAQBQ-WEVVVXLNSA-N,745,745
CheMLT-F,drug_to_target,DOUYETYNHWVLEO-UHFFFAOYSA-N,745,745
CheMLT-F,drug_to_target,DQCKKXVULJGBQN-XFWGSAIBSA-N,745,745
CheMLT-F,drug_to_target,DRHKJLXJIQTDTD-OAHLLOKOSA-N,745,745
CheMLT-F,drug_to_target,DTGLZDAWLRGWQN-UHFFFAOYSA-N,745,745
CheMLT-F,drug_to_target,DUGOZIWVEXMGBE-CHWSQXEVSA-N,745,745
CheMLT-F,drug_to_target,DUXZAXCGJSBGDW-HXUWFJFHSA-N,745,745
CheMLT-F,drug_to_target,DUYJMQONPNNFPI-UHFFFAOYSA-N,745,745
CheMLT-F,drug_to_target,DWRIJNIPBUFCQS-DQEYMECFSA-N,745,745
CheMLT-F,drug_to_target,DWYRIWUZIJHQKQ-SANMLTNESA-N,745,745
CheMLT-F,drug_to_target,DWZAEMINVBZMHQ-UHFFFAOYSA-N,745,745
CheMLT-F,drug_to_target,DYDCPNMLZGFQTM-UHFFFAOYSA-N,745,745
CheMLT-F,drug_to_target,DYKFCLLONBREIL-KVUCHLLUSA-N,745,745
CheMLT-F,drug_to_target,DYLUUSLLRIQKOE-UHFFFAOYSA-N,745,745
CheMLT-F,drug_to_target,FABPRXSRWADJSP-MEDUHNTESA-N,745,745
CheMLT-F,drug_to_target,FABUFPQFXZVHFB-PVYNADRNSA-N,745,745
CheMLT-F,drug_to_target,FAEKWTJYAYMJKF-QHCPKHFHSA-N,745,745
CheMLT-F,drug_to_target,FASDKYOPVNHBLU-ZETCQYMHSA-N,745,745
CheMLT-F,drug_to_target,FBHSPRKOSMHSIF-GRMWVWQJSA-N,745,745
CheMLT-F,drug_to_target,FBOUYBDGKBSUES-VXKWHMMOSA-N,745,745
CheMLT-F,drug_to_target,FDBYIYFVSAHJLY-UHFFFAOYSA-N,745,745
CheMLT-F,drug_to_target,FDLYAMZZIXQODN-UHFFFAOYSA-N,745,745
CheMLT-F,drug_to_target,FDTZUTSGGSRHQF-UHFFFAOYSA-N,745,745
CheMLT-F,drug_to_target,FELGMEQIXOGIFQ-UHFFFAOYSA-N,745,745
CheMLT-F,drug_to_target,FFGPTBGBLSHEPO-UHFFFAOYSA-N,745,745
CheMLT-F,drug_to_target,FGQFOYHRJSUHMR-UHFFFAOYSA-N,745,745
CheMLT-F,drug_to_target,FIDLLEYNNRGVFR-CTNGQTDRSA-N,745,745
CheMLT-F,drug_to_target,FIKPXCOQUIZNHB-WDEREUQCSA-N,745,745
CheMLT-F,drug_to_target,FIVSJYGQAIEMOC-ZGNKEGEESA-N,745,745
CheMLT-F,drug_to_target,FJHBVJOVLFPMQE-QFIPXVFZSA-N,745,745
CheMLT-F,drug_to_target,FJZZPCZKBUKGGU-AUSIDOKSSA-N,745,745
CheMLT-F,drug_to_target,FKENQMMABCRJMK-RITPCOANSA-N,745,745
CheMLT-F,drug_to_target,FLSUCZWOEMTFAQ-PRBGKLEPSA-N,745,745
CheMLT-F,drug_to_target,FNHKPVJBJVTLMP-UHFFFAOYSA-N,745,745
CheMLT-F,drug_to_target,FNKQXYHWGSIFBK-RPDRRWSUSA-N,745,745
CheMLT-F,drug_to_target,FPOHNWQLNRZRFC-ZHACJKMWSA-N,745,745
CheMLT-F,drug_to_target,FRVSRBKUQZKTOW-YOCNBXQISA-N,745,745
CheMLT-F,drug_to_target,FTALBRSUTCGOEG-UHFFFAOYSA-N,745,745
CheMLT-F,drug_to_target,FVTWTVQXNAJTQP-UHFFFAOYSA-N,745,745
CheMLT-F,drug_to_target,FWLMVFUGMHIOAA-UHFFFAOYSA-N,745,745
CheMLT-F,drug_to_target,FWYSMLBETOMXAG-QHCPKHFHSA-N,745,745
CheMLT-F,drug_to_target,FWZAWAUZXYCBKZ-NSHDSACASA-N,745,745
CheMLT-F,drug_to_target,FYDWDCIFZSGNBU-UHFFFAOYSA-N,745,745
CheMLT-F,drug_to_target,FYMHQCNFKNMJAV-HOTGVXAUSA-N,745,745
CheMLT-F,drug_to_target,GBLBJPZSROAGMF-RWYJCYHVSA-N,745,745
CheMLT-F,drug_to_target,GBXSMTUPTTWBMN-XIRDDKMYSA-N,745,745
CheMLT-F,drug_to_target,GCKFUYQCUCGESZ-BPIQYHPVSA-N,745,745
CheMLT-F,drug_to_target,GDLBFKVLRPITMI-UHFFFAOYSA-N,745,745
CheMLT-F,drug_to_target,GEJDGVNQKABXKG-CFKGEZKQSA-N,745,745
CheMLT-F,drug_to_target,GFHAXPJGXSQLPT-VIFPVBQESA-N,745,745
CheMLT-F,drug_to_target,GFNANZIMVAIWHM-OBYCQNJPSA-N,745,745
CheMLT-F,drug_to_target,GGCSSNBKKAUURC-UHFFFAOYSA-N,745,745
CheMLT-F,drug_to_target,GGXICVAJURFBLW-CEYXHVGTSA-N,745,745
CheMLT-F,drug_to_target,GHILNKWBALQPDP-UHFFFAOYSA-N,745,745
CheMLT-F,drug_to_target,GJJFMKBJSRMPLA-DZGCQCFKSA-N,745,745
CheMLT-F,drug_to_target,GJPICJJJRGTNOD-UHFFFAOYSA-N,745,745
CheMLT-F,drug_to_target,GJSURZIOUXUGAL-UHFFFAOYSA-N,745,745
CheMLT-F,drug_to_target,GKCBAIGFKIBETG-UHFFFAOYSA-N,745,745
CheMLT-F,drug_to_target,GKHIVNAUVKXIIY-UHFFFAOYSA-N,745,745
CheMLT-F,drug_to_target,GLYMPHUVMRFTFV-QLFBSQMISA-N,745,745
CheMLT-F,drug_to_target,GMRQFYUYWCNGIN-NKMMMXOESA-N,745,745
CheMLT-F,drug_to_target,GNXFOGHNGIVQEH-UHFFFAOYSA-N,745,745
CheMLT-F,drug_to_target,GOTYRUGSSMKFNF-UHFFFAOYSA-N,745,745
CheMLT-F,drug_to_target,GPNHMOZDMYNCPO-PDUMRIMRSA-N,745,745
CheMLT-F,drug_to_target,GPXBXXGIAQBQNI-UHFFFAOYSA-N,745,745
CheMLT-F,drug_to_target,GXJABQQUPOEUTA-RDJZCZTQSA-N,745,745
CheMLT-F,drug_to_target,GXXLUDOKHXEFBQ-YJFSRANCSA-N,745,745
CheMLT-F,drug_to_target,GYDJEQRTZSCIOI-LJGSYFOKSA-N,745,745
CheMLT-F,drug_to_target,GYHCTFXIZSNGJT-UHFFFAOYSA-N,745,745
CheMLT-F,drug_to_target,GYQYAJJFPNQOOW-UHFFFAOYSA-N,745,745
CheMLT-F,drug_to_target,GZOSMCIZMLWJML-VJLLXTKPSA-N,745,745
CheMLT-F,drug_to_target,GZUITABIAKMVPG-UHFFFAOYSA-N,745,745
CheMLT-F,drug_to_target,HARRKNSQXBRBGZ-GVKWWOCJSA-N,745,745
CheMLT-F,drug_to_target,HAYYBYPASCDWEQ-UHFFFAOYSA-N,745,745
CheMLT-F,drug_to_target,HBOMLICNUCNMMY-XLPZGREQSA-N,745,745
CheMLT-F,drug_to_target,HCDMJFOHIXMBOV-UHFFFAOYSA-N,745,745
CheMLT-F,drug_to_target,HCFDWZZGGLSKEP-UHFFFAOYSA-N,745,745
CheMLT-F,drug_to_target,HCRKCZRJWPKOAR-JTQLQIEISA-N,745,745
CheMLT-F,drug_to_target,HDACQVRGBOVJII-JBDAPHQKSA-N,745,745
CheMLT-F,drug_to_target,HEAUOKZIVMZVQL-VWLOTQADSA-N,745,745
CheMLT-F,drug_to_target,HEFNNWSXXWATRW-UHFFFAOYSA-N,745,745
CheMLT-F,drug_to_target,HEVHTYMYEMEBPX-HZPDHXFCSA-N,745,745
CheMLT-F,drug_to_target,HFNKQEVNSGCOJV-OAHLLOKOSA-N,745,745
CheMLT-F,drug_to_target,HFZITXBUTWITPT-YWVKMMECSA-N,745,745
CheMLT-F,drug_to_target,HGVDHZBSSITLCT-JLJPHGGASA-N,745,745
CheMLT-F,drug_to_target,HHZIURLSWUIHRB-UHFFFAOYSA-N,745,745
CheMLT-F,drug_to_target,HIFJCPQKFCZDDL-ACWOEMLNSA-N,745,745
CheMLT-F,drug_to_target,HJBWBFZLDZWPHF-UHFFFAOYSA-N,745,745
CheMLT-F,drug_to_target,HKDLNTKNLJPAIY-WKWWZUSTSA-N,745,745
CheMLT-F,drug_to_target,HKHCSWPSUSWGLI-CABCVRRESA-N,745,745
CheMLT-F,drug_to_target,HKXBNHCUPKIYDM-CGMHZMFXSA-N,745,745
CheMLT-F,drug_to_target,HMABYWSNWIZPAG-UHFFFAOYSA-N,745,745
CheMLT-F,drug_to_target,HNPFPERDNWXAGS-NFVOFSAMSA-N,745,745
CheMLT-F,drug_to_target,HOIIHACBCFLJET-SFTDATJTSA-N,745,745
CheMLT-F,drug_to_target,HPHUVLMMVZITSG-LURJTMIESA-N,745,745
CheMLT-F,drug_to_target,HPJKCIUCZWXJDR-UHFFFAOYSA-N,745,745
CheMLT-F,drug_to_target,HPNSFSBZBAHARI-RUDMXATFSA-N,745,745
CheMLT-F,drug_to_target,HSUGRBWQSSZJOP-RTWAWAEBSA-N,745,745
CheMLT-F,drug_to_target,HTIQEAQVCYTUBX-KRWDZBQOSA-N,745,745
CheMLT-F,drug_to_target,HTIQEAQVCYTUBX-UHFFFAOYSA-N,745,745
CheMLT-F,drug_to_target,HUNGUWOZPQBXGX-UHFFFAOYSA-N,745,745
CheMLT-F,drug_to_target,HVFLCNVBZFFHBT-ZKDACBOMSA-N,745,745
CheMLT-F,drug_to_target,HWGQMRYQVZSGDQ-HZPDHXFCSA-N,745,745
CheMLT-F,drug_to_target,HWXVIOGONBBTBY-ONEGZZNKSA-N,745,745
CheMLT-F,drug_to_target,HYAFETHFCAUJAY-UHFFFAOYSA-N,745,745
CheMLT-F,drug_to_target,HYHMLYSLQUKXKP-UHFFFAOYSA-N,745,745
CheMLT-F,drug_to_target,HZIYEEMJNBKMJH-UHFFFAOYSA-N,745,745
CheMLT-F,drug_to_target,IAKHMKGGTNLKSZ-INIZCTEOSA-N,745,745
CheMLT-F,drug_to_target,IAVUPMFITXYVAF-XPUUQOCRSA-N,745,745
CheMLT-F,drug_to_target,IDUYJRXRDSPPRC-NRFANRHFSA-N,745,745
CheMLT-F,drug_to_target,IEAKXXNRGSLYTQ-DEOSSOPVSA-N,745,745
CheMLT-F,drug_to_target,IFSDAJWBUCMOAH-HNNXBMFYSA-N,745,745
CheMLT-F,drug_to_target,IIXWYSCJSQVBQM-LLVKDONJSA-N,745,745
CheMLT-F,drug_to_target,IKENVDNFQMCRTR-UHFFFAOYSA-N,745,745
CheMLT-F,drug_to_target,IKKXOSBHLYMWAE-QRPMWFLTSA-N,745,745
CheMLT-F,drug_to_target,IMOZEMNVLZVGJZ-QGZVFWFLSA-N,745,745
CheMLT-F,drug_to_target,INJOMKTZOLKMBF-UHFFFAOYSA-N,745,745
CheMLT-F,drug_to_target,IOOWNWLVCOUUEX-WPRPVWTQSA-N,745,745
CheMLT-F,drug_to_target,IPOKCKJONYRRHP-FMQUCBEESA-N,745,745
CheMLT-F,drug_to_target,IPVQLZZIHOAWMC-QXKUPLGCSA-N,745,745
CheMLT-F,drug_to_target,IQFYYKKMVGJFEH-CSMHCCOUSA-N,745,745
CheMLT-F,drug_to_target,IQIBKLWBVJPOQO-UHFFFAOYSA-N,745,745
CheMLT-F,drug_to_target,IQPSEEYGBUAQFF-UHFFFAOYSA-N,745,745
CheMLT-F,drug_to_target,IQVRBWUUXZMOPW-PKNBQFBNSA-N,745,745
CheMLT-F,drug_to_target,IRSCQMHQWWYFCW-UHFFFAOYSA-N,745,745
CheMLT-F,drug_to_target,IUBSYMUCCVWXPE-UHFFFAOYSA-N,745,745
CheMLT-F,drug_to_target,IUEWXNHSKRWHDY-PHIMTYICSA-N,745,745
CheMLT-F,drug_to_target,IVBHGBMCVLDMKU-GXNBUGAJSA-N,745,745
CheMLT-F,drug_to_target,IYIKLHRQXLHMJQ-UHFFFAOYSA-N,745,745
CheMLT-F,drug_to_target,IYSYPCSSDZBWHN-UHFFFAOYSA-N,745,745
CheMLT-F,drug_to_target,JAUOIFJMECXRGI-UHFFFAOYSA-N,745,745
CheMLT-F,drug_to_target,JBIMVDZLSHOPLA-LSCVHKIXSA-N,745,745
CheMLT-F,drug_to_target,JBKPUQTUERUYQE-UHFFFAOYSA-O,745,745
CheMLT-F,drug_to_target,JCCNYMKQOSZNPW-UHFFFAOYSA-N,745,745
CheMLT-F,drug_to_target,JDUBGYFRJFOXQC-KRWDZBQOSA-N,745,745
CheMLT-F,drug_to_target,JEECQCWWSTZDCK-IQZGDKDPSA-N,745,745
CheMLT-F,drug_to_target,JFOZKMSJYSPYLN-QHCPKHFHSA-N,745,745
CheMLT-F,drug_to_target,JGCMEBMXRHSZKX-UHFFFAOYSA-N,745,745
CheMLT-F,drug_to_target,JGRXMPYUTJLTKT-UHFFFAOYSA-N,745,745
CheMLT-F,drug_to_target,JGWRKYUXBBNENE-UHFFFAOYSA-N,745,745
CheMLT-F,drug_to_target,JIVPVXMEBJLZRO-UHFFFAOYSA-N,745,745
CheMLT-F,drug_to_target,JJVAPHYEOZSKJZ-JGCGQSQUSA-N,745,745
CheMLT-F,drug_to_target,JKVNJTYHRABHIY-WXVUKLJWSA-N,745,745
CheMLT-F,drug_to_target,JOLJIIDDOBNFHW-UHFFFAOYSA-N,745,745
CheMLT-F,drug_to_target,JOOXLOJCABQBSG-UHFFFAOYSA-N,745,745
CheMLT-F,drug_to_target,JQSHBVHOMNKWFT-DTORHVGOSA-N,745,745
CheMLT-F,drug_to_target,JURKNVYFZMSNLP-UHFFFAOYSA-N,745,745
CheMLT-F,drug_to_target,JUZYLCPPVHEVSV-LJQANCHMSA-N,745,745
CheMLT-F,drug_to_target,JVHXJTBJCFBINQ-ADAARDCZSA-N,745,745
CheMLT-F,drug_to_target,JVLBPIPGETUEET-WIXLDOGYSA-O,745,745
CheMLT-F,drug_to_target,JWHYSEDOYMYMNM-QGZVFWFLSA-N,745,745
CheMLT-F,drug_to_target,JWJOTENAMICLJG-QWBYCMEYSA-N,745,745
CheMLT-F,drug_to_target,JWNPDZNEKVCWMY-VQHVLOKHSA-N,745,745
CheMLT-F,drug_to_target,JWUBBDSIWDLEOM-DTOXIADCSA-N,745,745
CheMLT-F,drug_to_target,JYGXADMDTFJGBT-VWUMJDOOSA-N,745,745
CheMLT-F,drug_to_target,JYTNQNCOQXFQPK-MRXNPFEDSA-N,745,745
CheMLT-F,drug_to_target,JZUFKLXOESDKRF-UHFFFAOYSA-N,745,745
CheMLT-F,drug_to_target,KAQKFAOMNZTLHT-OZUDYXHBSA-N,745,745
CheMLT-F,drug_to_target,KBOPZPXVLCULAV-UHFFFAOYSA-N,745,745
CheMLT-F,drug_to_target,KDGFLJKFZUIJMX-UHFFFAOYSA-N,745,745
CheMLT-F,drug_to_target,KDLRVYVGXIQJDK-AWPVFWJPSA-N,745,745
CheMLT-F,drug_to_target,KEDYTOTWMPBSLG-HILJTLORSA-N,745,745
CheMLT-F,drug_to_target,KEIPNCCJPRMIAX-HNNXBMFYSA-N,745,745
CheMLT-F,drug_to_target,KENSGCYKTRNIST-RVUAFKSESA-N,745,745
CheMLT-F,drug_to_target,KFQYTPMOWPVWEJ-INIZCTEOSA-N,745,745
CheMLT-F,drug_to_target,KGFYHTZWPPHNLQ-AWEZNQCLSA-N,745,745
CheMLT-F,drug_to_target,KGSXMPPBFPAXLY-UHFFFAOYSA-N,745,745
CheMLT-F,drug_to_target,KIHYPELVXPAIDH-HNSNBQBZSA-N,745,745
CheMLT-F,drug_to_target,KIQXRQVVYTYYAZ-VKVYFNERSA-N,745,745
CheMLT-F,drug_to_target,KJADKKWYZYXHBB-XBWDGYHZSA-N,745,745
CheMLT-F,drug_to_target,KJFBVJALEQWJBS-XUXIUFHCSA-N,745,745
CheMLT-F,drug_to_target,KJHKTHWMRKYKJE-SUGCFTRWSA-N,745,745
CheMLT-F,drug_to_target,KKGQTZUTZRNORY-UHFFFAOYSA-N,745,745
CheMLT-F,drug_to_target,KPBZROQVTHLCDU-UHFFFAOYSA-N,745,745
CheMLT-F,drug_to_target,KPVIXBKIJXZQJX-CSOZIWFHSA-N,745,745
CheMLT-F,drug_to_target,KPWSJANDNDDRMB-QAQDUYKDSA-N,745,745
CheMLT-F,drug_to_target,KPYSYYIEGFHWSV-UHFFFAOYSA-N,745,745
CheMLT-F,drug_to_target,KQKPFRSPSRPDEB-UHFFFAOYSA-N,745,745
CheMLT-F,drug_to_target,KRNAOFGYEFKHPB-ANJVHQHFSA-N,745,745
CheMLT-F,drug_to_target,KSGXQBZTULBEEQ-UHFFFAOYSA-N,745,745
CheMLT-F,drug_to_target,KSMAGQUYOIHWFS-UHFFFAOYSA-N,745,745
CheMLT-F,drug_to_target,KTEIFNKAUNYNJU-GFCCVEGCSA-N,745,745
CheMLT-F,drug_to_target,KTUFNOKKBVMGRW-UHFFFAOYSA-N,745,745
CheMLT-F,drug_to_target,KVWDHTXUZHCGIO-UHFFFAOYSA-N,745,745
CheMLT-F,drug_to_target,KWGRBVOPPLSCSI-WCBMZHEXSA-N,745,745
CheMLT-F,drug_to_target,KWGRBVOPPLSCSI-WPRPVWTQSA-N,745,745
CheMLT-F,drug_to_target,KWTSXDURSIMDCE-QMMMGPOBSA-N,745,745
CheMLT-F,drug_to_target,KWTSXDURSIMDCE-UHFFFAOYSA-N,745,745
CheMLT-F,drug_to_target,KWTWDQCKEHXFFR-SMDDNHRTSA-N,745,745
CheMLT-F,drug_to_target,KXNPVXPOPUZYGB-IOVMHBDKSA-N,745,745
CheMLT-F,drug_to_target,KYYIDSXMWOZKMP-UHFFFAOYSA-N,745,745
CheMLT-F,drug_to_target,LCQLHJZYVOQKHU-VKHMYHEASA-N,745,745
CheMLT-F,drug_to_target,LDCRTTXIJACKKU-ONEGZZNKSA-N,745,745
CheMLT-F,drug_to_target,LDEKQSIMHVQZJK-CAQYMETFSA-N,745,745
CheMLT-F,drug_to_target,LEBVLXFERQHONN-UHFFFAOYSA-N,745,745
CheMLT-F,drug_to_target,LERNTVKEWCAPOY-DZZGSBJMSA-N,745,745
CheMLT-F,drug_to_target,LEZWWPYKPKIXLL-UHFFFAOYSA-N,745,745
CheMLT-F,drug_to_target,LFQDNHWZDQTITF-UHFFFAOYSA-N,745,745
CheMLT-F,drug_to_target,LHHCSNFAOIFYRV-DOVBMPENSA-N,745,745
CheMLT-F,drug_to_target,LIENCHBZNNMNKG-OJFNHCPVSA-N,745,745
CheMLT-F,drug_to_target,LIOLIMKSCNQPLV-UHFFFAOYSA-N,745,745
CheMLT-F,drug_to_target,LIRYPHYGHXZJBZ-UHFFFAOYSA-N,745,745
CheMLT-F,drug_to_target,LKJPYSCBVHEWIU-UHFFFAOYSA-N,745,745
CheMLT-F,drug_to_target,LLPOLZWFYMWNKH-CMKMFDCUSA-N,745,745
CheMLT-F,drug_to_target,LMMJFBMMJUMSJS-UHFFFAOYSA-N,745,745
CheMLT-F,drug_to_target,LOMMPXLFBTZENJ-ZACQAIPSSA-N,745,745
CheMLT-F,drug_to_target,LOUPRKONTZGTKE-LHHVKLHASA-N,745,745
CheMLT-F,drug_to_target,LOWWYYZBZNSPDT-ZBEGNZNMSA-N,745,745
CheMLT-F,drug_to_target,LPAUOXUZGSBGDU-STDDISTJSA-N,745,745
CheMLT-F,drug_to_target,LPQZKKCYTLCDGQ-WEDXCCLWSA-N,745,745
CheMLT-F,drug_to_target,LRFKWQGGENFBFO-IBGZPJMESA-N,745,745
CheMLT-F,drug_to_target,LSQZJLSUYDQPKJ-NJBDSQKTSA-N,745,745
CheMLT-F,drug_to_target,LTXBFJFJUIJOQE-GOSISDBHSA-N,745,745
CheMLT-F,drug_to_target,LTXREWYXXSTFRX-QGZVFWFLSA-N,745,745
CheMLT-F,drug_to_target,LUKZNWIVRBCLON-GXOBDPJESA-N,745,745
CheMLT-F,drug_to_target,LUMKNAVTFCDUIE-VHXPQNKSSA-N,745,745
CheMLT-F,drug_to_target,LUZRJRNZXALNLM-JGRZULCMSA-N,745,745
CheMLT-F,drug_to_target,LVXJQMNHJWSHET-AATRIKPKSA-N,745,745
CheMLT-F,drug_to_target,LWQQLNNNIPYSNX-UROSTWAQSA-N,745,745
CheMLT-F,drug_to_target,LXBIFEVIBLOUGU-DPYQTVNSSA-N,745,745
CheMLT-F,drug_to_target,LXMSZDCAJNLERA-ZHYRCANASA-N,745,745
CheMLT-F,drug_to_target,LZFZMUMEGBBDTC-QEJZJMRPSA-N,745,745
CheMLT-F,drug_to_target,MAEIEVLCKWDQJH-UHFFFAOYSA-N,745,745
CheMLT-F,drug_to_target,MBBCVAKAJPKAKM-UHFFFAOYSA-N,745,745
CheMLT-F,drug_to_target,MBUVEWMHONZEQD-UHFFFAOYSA-N,745,745
CheMLT-F,drug_to_target,MCGSCOLBFJQGHM-SCZZXKLOSA-N,745,745
CheMLT-F,drug_to_target,MCIACXAZCBVDEE-CUUWFGFTSA-N,745,745
CheMLT-F,drug_to_target,MDSQOJYHHZBZKA-GBXCKJPGSA-N,745,745
CheMLT-F,drug_to_target,MEJLVLMAJJRLCR-GCCNXGTGSA-N,745,745
CheMLT-F,drug_to_target,METQSPRSQINEEU-HXCATZOESA-N,745,745
CheMLT-F,drug_to_target,MEZLKOACVSPNER-GFCCVEGCSA-N,745,745
CheMLT-F,drug_to_target,MFBCDACCJCDGBA-UHFFFAOYSA-N,745,745
CheMLT-F,drug_to_target,MFFMDFFZMYYVKS-SECBINFHSA-N,745,745
CheMLT-F,drug_to_target,MJIHNNLFOKEZEW-RUZDIDTESA-N,745,745
CheMLT-F,drug_to_target,MJIHNNLFOKEZEW-UHFFFAOYSA-N,745,745
CheMLT-F,drug_to_target,MJUVRTYWUMPBTR-MRXNPFEDSA-N,745,745
CheMLT-F,drug_to_target,MKJIEFSOBYUXJB-HOCLYGCPSA-N,745,745
CheMLT-F,drug_to_target,MKJIEFSOBYUXJB-WEZHFFAMSA-N,745,745
CheMLT-F,drug_to_target,MKPLKVHSHYCHOC-AHTXBMBWSA-N,745,745
CheMLT-F,drug_to_target,MKUXAQIIEYXACX-UHFFFAOYSA-N,745,745
CheMLT-F,drug_to_target,MKXZASYAUGDDCJ-NJAFHUGGSA-N,745,745
CheMLT-F,drug_to_target,MLBVMOWEQCZNCC-OEMFJLHTSA-N,745,745
CheMLT-F,drug_to_target,MLDQJTXFUGDVEO-UHFFFAOYSA-N,745,745
CheMLT-F,drug_to_target,MLYYVTUWGNIJIB-BXKDBHETSA-N,745,745
CheMLT-F,drug_to_target,MNDBXUUTURYVHR-UHFFFAOYSA-N,745,745
CheMLT-F,drug_to_target,MOTJMGVDPWRKOC-QPVYNBJUSA-N,745,745
CheMLT-F,drug_to_target,MOYKHGMNXAOIAT-JGWLITMVSA-N,745,745
CheMLT-F,drug_to_target,MQJKPEGWNLWLTK-UHFFFAOYSA-N,745,745
CheMLT-F,drug_to_target,MQOBSOSZFYZQOK-UHFFFAOYSA-N,745,745
CheMLT-F,drug_to_target,MRBDMNSDAVCSSF-UHFFFAOYSA-N,745,745
CheMLT-F,drug_to_target,MSYKRHVOOPPJKU-BDAKNGLRSA-N,745,745
CheMLT-F,drug_to_target,MUGXRYIUWFITCP-PGRDOPGGSA-N,745,745
CheMLT-F,drug_to_target,MUMGGOZAMZWBJJ-DYKIIFRCSA-N,745,745
CheMLT-F,drug_to_target,MVGWUTBTXDYMND-QGZVFWFLSA-N,745,745
CheMLT-F,drug_to_target,MVRHVFSOIWFBTE-INIZCTEOSA-N,745,745
CheMLT-F,drug_to_target,MVWVFYHBGMAFLY-UHFFFAOYSA-N,745,745
CheMLT-F,drug_to_target,MWKYMZXCGYXLPL-ZDUSSCGKSA-N,745,745
CheMLT-F,drug_to_target,MWLSOWXNZPKENC-UHFFFAOYSA-N,745,745
CheMLT-F,drug_to_target,MWTBKTRZPHJQLH-UHFFFAOYSA-N,745,745
CheMLT-F,drug_to_target,MXAYKZJJDUDWDS-LBPRGKRZSA-N,745,745
CheMLT-F,drug_to_target,MYSWGUAQZAJSOK-UHFFFAOYSA-N,745,745
CheMLT-F,drug_to_target,NBGABHGMJVIVBW-QHCPKHFHSA-N,745,745
CheMLT-F,drug_to_target,NBRBXGKOEOGLOI-UHFFFAOYSA-N,745,745
CheMLT-F,drug_to_target,NCLGDOBQAWBXRA-PGRDOPGGSA-N,745,745
CheMLT-F,drug_to_target,NCNRHFGMJRPRSK-MDZDMXLPSA-N,745,745
CheMLT-F,drug_to_target,NDAUXUAQIAJITI-LBPRGKRZSA-N,745,745
CheMLT-F,drug_to_target,NDAUXUAQIAJITI-UHFFFAOYSA-N,745,745
CheMLT-F,drug_to_target,NDCUAPJVLWFHHB-UHNVWZDZSA-N,745,745
CheMLT-F,drug_to_target,NDDAHWYSQHTHNT-UHFFFAOYSA-N,745,745
CheMLT-F,drug_to_target,NEMGRZFTLSKBAP-LBPRGKRZSA-N,745,745
CheMLT-F,drug_to_target,NEQYWYXGTJDAKR-JTQLQIEISA-N,745,745
CheMLT-F,drug_to_target,NFEZZTICAUWDHU-RDTXWAMCSA-N,745,745
CheMLT-F,drug_to_target,NGBFQHCMQULJNZ-UHFFFAOYSA-N,745,745
CheMLT-F,drug_to_target,NHHQJBCNYHBUSI-UHFFFAOYSA-N,745,745
CheMLT-F,drug_to_target,NIJJYAXOARWZEE-UHFFFAOYSA-N,745,745
CheMLT-F,drug_to_target,NKANXQFJJICGDU-QPLCGJKRSA-N,745,745
CheMLT-F,drug_to_target,NKHAVTQWNUWKEO-NSCUHMNNSA-N,745,745
CheMLT-F,drug_to_target,NNACHAUCXXVJSP-UHFFFAOYSA-N,745,745
CheMLT-F,drug_to_target,NNJVILVZKWQKPM-UHFFFAOYSA-N,745,745
CheMLT-F,drug_to_target,NOZIJMHMKORZBA-KJCUYJGMSA-N,745,745
CheMLT-F,drug_to_target,NQDJXKOVJZTUJA-UHFFFAOYSA-N,745,745
CheMLT-F,drug_to_target,NSQSAUGJQHDYNO-UHFFFAOYSA-N,745,745
CheMLT-F,drug_to_target,NTJOBXMMWNYJFB-UHFFFAOYSA-N,745,745
CheMLT-F,drug_to_target,NUKYPUAOHBNCPY-UHFFFAOYSA-N,745,745
CheMLT-F,drug_to_target,NXQKSXLFSAEQCZ-SFHVURJKSA-N,745,745
CheMLT-F,drug_to_target,NYDCDZSEEAUOHN-IZHYLOQSSA-N,745,745
CheMLT-F,drug_to_target,NYNZQNWKBKUAII-KBXCAEBGSA-N,745,745
CheMLT-F,drug_to_target,OBWASQILIWPZMG-QZMOQZSNSA-N,745,745
CheMLT-F,drug_to_target,ODAIHABQVKJNIY-PEDHHIEDSA-N,745,745
CheMLT-F,drug_to_target,OEKWJQXRCDYSHL-FNOIDJSQSA-N,745,745
CheMLT-F,drug_to_target,OEOLOEUAGSPDLT-UHFFFAOYSA-N,745,745
CheMLT-F,drug_to_target,OEXHQOGQTVQTAT-JRNQLAHRSA-N,745,745
CheMLT-F,drug_to_target,OFCNXPDARWKPPY-UHFFFAOYSA-N,745,745
CheMLT-F,drug_to_target,OFPXSFXSNFPTHF-UHFFFAOYSA-N,745,745
CheMLT-F,drug_to_target,OFZJKCQENFPZBH-UHFFFAOYSA-N,745,745
CheMLT-F,drug_to_target,OGHNVEJMJSYVRP-UHFFFAOYSA-N,745,745
CheMLT-F,drug_to_target,OGQICQVSFDPSEI-UHFFFAOYSA-N,745,745
CheMLT-F,drug_to_target,OHRURASPPZQGQM-GCCNXGTGSA-N,745,745
CheMLT-F,drug_to_target,OIGNJSKKLXVSLS-VWUMJDOOSA-N,745,745
CheMLT-F,drug_to_target,OJFSXZCBGQGRNV-UHFFFAOYSA-N,745,745
CheMLT-F,drug_to_target,OJQMKCBWYCWFPU-UHFFFAOYSA-N,745,745
CheMLT-F,drug_to_target,OLAHOMJCDNXHFI-UHFFFAOYSA-N,745,745
CheMLT-F,drug_to_target,OLNTVTPDXPETLC-XPWALMASSA-N,745,745
CheMLT-F,drug_to_target,ONIQOQHATWINJY-UHFFFAOYSA-N,745,745
CheMLT-F,drug_to_target,OPXLLQIJSORQAM-UHFFFAOYSA-N,745,745
CheMLT-F,drug_to_target,OROGSEYTTFOCAN-DNJOTXNNSA-N,745,745
CheMLT-F,drug_to_target,OUBCNLGXQFSTLU-UHFFFAOYSA-N,745,745
CheMLT-F,drug_to_target,OUJTZYPIHDYQMC-LJQANCHMSA-N,745,745
CheMLT-F,drug_to_target,OURRXQUGYQRVML-AREMUKBSSA-N,745,745
CheMLT-F,drug_to_target,OXPLANUPKBHPMS-ZXBNPROVSA-N,745,745
CheMLT-F,drug_to_target,OYTKINVCDFNREN-UHFFFAOYSA-N,745,745
CheMLT-F,drug_to_target,OYYDSUSKLWTMMQ-JKHIJQBDSA-N,745,745
CheMLT-F,drug_to_target,OZGNYLLQHRPOBR-DHZHZOJOSA-N,745,745
CheMLT-F,drug_to_target,OZOMQRBLCMDCEG-VIZOYTHASA-N,745,745
CheMLT-F,drug_to_target,OZVBMTJYIDMWIL-AYFBDAFISA-N,745,745
CheMLT-F,drug_to_target,OZWKMVRBQXNZKK-UHFFFAOYSA-N,745,745
CheMLT-F,drug_to_target,PAJMKGZZBBTTOY-ZFORQUDYSA-N,745,745
CheMLT-F,drug_to_target,PBAPPPCECJKMCM-IBGZPJMESA-N,745,745
CheMLT-F,drug_to_target,PCHKPVIQAHNQLW-CQSZACIVSA-N,745,745
CheMLT-F,drug_to_target,PCOBBVZJEWWZFR-UHFFFAOYSA-N,745,745
CheMLT-F,drug_to_target,PDGKHKMBHVFCMG-UHFFFAOYSA-N,745,745
CheMLT-F,drug_to_target,PDWUPXJEEYOOTR-UHFFFAOYSA-N,745,745
CheMLT-F,drug_to_target,PEMUGDMSUDYLHU-ZEQRLZLVSA-N,745,745
CheMLT-F,drug_to_target,PGTVWKLGGCQMBR-FLBATMFCSA-N,745,745
CheMLT-F,drug_to_target,PHLBKPHSAVXXEF-UHFFFAOYSA-N,745,745
CheMLT-F,drug_to_target,PHXJVRSECIGDHY-UHFFFAOYSA-N,745,745
CheMLT-F,drug_to_target,PIBARDGJJAGJAJ-NQIIRXRSSA-N,745,745
CheMLT-F,drug_to_target,PJDFLNIOAUIZSL-UHFFFAOYSA-N,745,745
CheMLT-F,drug_to_target,PJMPHNIQZUBGLI-UHFFFAOYSA-N,745,745
CheMLT-F,drug_to_target,PMXMIIMHBWHSKN-UHFFFAOYSA-N,745,745
CheMLT-F,drug_to_target,PNCPYILNMDWPEY-QGZVFWFLSA-N,745,745
CheMLT-F,drug_to_target,PNVNVHUZROJLTJ-UHFFFAOYSA-N,745,745
CheMLT-F,drug_to_target,POGQSBRIGCQNEG-UHFFFAOYSA-N,745,745
CheMLT-F,drug_to_target,PPSNFPASKFYPMN-SECBINFHSA-N,745,745
CheMLT-F,drug_to_target,PQXKDMSYBGKCJA-CVTJIBDQSA-N,745,745
CheMLT-F,drug_to_target,PRMWGUBFXWROHD-UHFFFAOYSA-N,745,745
CheMLT-F,drug_to_target,PSIFNNKUMBGKDQ-UHFFFAOYSA-N,745,745
CheMLT-F,drug_to_target,PTOIAAWZLUQTIO-GXFFZTMASA-N,745,745
CheMLT-F,drug_to_target,PUKBOVABABRILL-YZNIXAGQSA-N,745,745
CheMLT-F,drug_to_target,PURKAOJPTOLRMP-ASMGOKTBSA-N,745,745
CheMLT-F,drug_to_target,PURKAOJPTOLRMP-UHFFFAOYSA-N,745,745
CheMLT-F,drug_to_target,PYGWGZALEOIKDF-UHFFFAOYSA-N,745,745
CheMLT-F,drug_to_target,PYNXFZCZUAOOQC-UTKZUKDTSA-N,745,745
CheMLT-F,drug_to_target,PYZRQGJRPPTADH-UHFFFAOYSA-N,745,745
CheMLT-F,drug_to_target,PZBCKZWLPGJMAO-UHFFFAOYSA-N,745,745
CheMLT-F,drug_to_target,PZFAZQUREQIODZ-LJQANCHMSA-N,745,745
CheMLT-F,drug_to_target,QADPYRIHXKWUSV-UHFFFAOYSA-N,745,745
CheMLT-F,drug_to_target,QCHFTSOMWOSFHM-WPRPVWTQSA-N,745,745
CheMLT-F,drug_to_target,QCZAWDGAVJMPTA-RNFRBKRXSA-N,745,745
CheMLT-F,drug_to_target,QDGZDCVAUDNJFG-FXQIFTODSA-N,745,745
CheMLT-F,drug_to_target,QEFAQIPZVLVERP-UHFFFAOYSA-N,745,745
CheMLT-F,drug_to_target,QFFGVLORLPOAEC-SNVBAGLBSA-N,745,745
CheMLT-F,drug_to_target,QFNHIDANIVGXPE-FNZWTVRRSA-N,745,745
CheMLT-F,drug_to_target,QGJUIPDUBHWZPV-SGTAVMJGSA-N,745,745
CheMLT-F,drug_to_target,QHMBSVQNZZTUGM-ZWKOTPCHSA-N,745,745
CheMLT-F,drug_to_target,QIVUCLWGARAQIO-OLIXTKCUSA-N,745,745
CheMLT-F,drug_to_target,QKDRXGFQVGOQKS-CRSSMBPESA-N,745,745
CheMLT-F,drug_to_target,QNZCBYKSOIHPEH-UHFFFAOYSA-N,745,745
CheMLT-F,drug_to_target,QOIGKGMMAGJZNZ-UHFFFAOYSA-N,745,745
CheMLT-F,drug_to_target,QQHMKNYGKVVGCZ-UHFFFAOYSA-N,745,745
CheMLT-F,drug_to_target,QRPZBKAMSFHVRW-UHFFFAOYSA-N,745,745
CheMLT-F,drug_to_target,QTGIAADRBBLJGA-UHFFFAOYSA-N,745,745
CheMLT-F,drug_to_target,QTWZICCBKBYHDM-UHFFFAOYSA-N,745,745
CheMLT-F,drug_to_target,QUIJNHUBAXPXFS-XLJNKUFUSA-N,745,745
CheMLT-F,drug_to_target,QXWYKJLNLSIPIN-JGVFFNPUSA-N,745,745
CheMLT-F,drug_to_target,QXWZQTURMXZVHJ-UHFFFAOYSA-N,745,745
CheMLT-F,drug_to_target,QYSXJUFSXHHAJI-YRZJJWOYSA-N,745,745
CheMLT-F,drug_to_target,QZFHIXARHDBPBY-UHFFFAOYSA-N,745,745
CheMLT-F,drug_to_target,QZUDBNBUXVUHMW-UHFFFAOYSA-N,745,745
CheMLT-F,drug_to_target,QZZUEBNBZAPZLX-QFIPXVFZSA-N,745,745
CheMLT-F,drug_to_target,RAPZEAPATHNIPO-UHFFFAOYSA-N,745,745
CheMLT-F,drug_to_target,RBTBFTRPCNLSDE-UHFFFAOYSA-N,745,745
CheMLT-F,drug_to_target,RDOIQAHITMMDAJ-UHFFFAOYSA-N,745,745
CheMLT-F,drug_to_target,RENRQMCACQEWFC-UGKGYDQZSA-N,745,745
CheMLT-F,drug_to_target,RGFBRLNVZCCMSV-BIRGHMBHSA-N,745,745
CheMLT-F,drug_to_target,RHWKPHLQXYSBKR-BMIGLBTASA-N,745,745
CheMLT-F,drug_to_target,RHXHGRAEPCAFML-UHFFFAOYSA-N,745,745
CheMLT-F,drug_to_target,RITAVMQDGBJQJZ-FMIVXFBMSA-N,745,745
CheMLT-F,drug_to_target,RJCWBNBKOKFWNY-IDPLTSGASA-N,745,745
CheMLT-F,drug_to_target,RJKFOVLPORLFTN-LEKSSAKUSA-N,745,745
CheMLT-F,drug_to_target,RKEWSXXUOLRFBX-UHFFFAOYSA-N,745,745
CheMLT-F,drug_to_target,RKUNBYITZUJHSG-SPUOUPEWSA-N,745,745
CheMLT-F,drug_to_target,RLAWWYSOJDYHDC-BZSNNMDCSA-N,745,745
CheMLT-F,drug_to_target,RLCLASQCAPXVLM-NSHDSACASA-N,745,745
CheMLT-F,drug_to_target,RMMXLENWKUUMAY-UHFFFAOYSA-N,745,745
CheMLT-F,drug_to_target,RMRJXGBAOAMLHD-IHFGGWKQSA-N,745,745
CheMLT-F,drug_to_target,RNOAOAWBMHREKO-QFIPXVFZSA-N,745,745
CheMLT-F,drug_to_target,RRMJMHOQSALEJJ-UHFFFAOYSA-N,745,745
CheMLT-F,drug_to_target,RTGDFNSFWBGLEC-SYZQJQIISA-N,745,745
CheMLT-F,drug_to_target,RTHCYVBBDHJXIQ-UHFFFAOYSA-N,745,745
CheMLT-F,drug_to_target,RUDATBOHQWOJDD-BSWAIDMHSA-N,745,745
CheMLT-F,drug_to_target,RUEYEZADQJCKGV-UHFFFAOYSA-N,745,745
CheMLT-F,drug_to_target,RUOKEQAAGRXIBM-GFCCVEGCSA-N,745,745
CheMLT-F,drug_to_target,RUZYUOTYCVRMRZ-UHFFFAOYSA-N,745,745
CheMLT-F,drug_to_target,RVOLLAQWKVFTGE-UHFFFAOYSA-N,745,745
CheMLT-F,drug_to_target,RWTNPBWLLIMQHL-UHFFFAOYSA-N,745,745
CheMLT-F,drug_to_target,RYIDHLJADOKWFM-MAODMQOUSA-N,745,745
CheMLT-F,drug_to_target,RYMZZMVNJRMUDD-HGQWONQESA-N,745,745
CheMLT-F,drug_to_target,RZEKVGVHFLEQIL-UHFFFAOYSA-N,745,745
CheMLT-F,drug_to_target,RZVAJINKPMORJF-UHFFFAOYSA-N,745,745
CheMLT-F,drug_to_target,RZVPBGBYGMDSBG-GGAORHGYSA-N,745,745
CheMLT-F,drug_to_target,SDEAXTCZPQIFQM-UHFFFAOYSA-N,745,745
CheMLT-F,drug_to_target,SDUQYLNIPVEERB-QPPQHZFASA-N,745,745
CheMLT-F,drug_to_target,SECKRCOLJRRGGV-UHFFFAOYSA-N,745,745
CheMLT-F,drug_to_target,SEVCTUCCZYBJER-BSJAROSPSA-N,745,745
CheMLT-F,drug_to_target,SFLSHLFXELFNJZ-QMMMGPOBSA-N,745,745
CheMLT-F,drug_to_target,SFNSLLSYNZWZQG-VQIMIIECSA-N,745,745
CheMLT-F,drug_to_target,SGEGOXDYSFKCPT-UHFFFAOYSA-N,745,745
CheMLT-F,drug_to_target,SGEUNORSOZVTOL-CABZTGNLSA-N,745,745
CheMLT-F,drug_to_target,SGUAFYQXFOLMHL-UHFFFAOYSA-N,745,745
CheMLT-F,drug_to_target,SHGAZHPCJJPHSC-XFYACQKRSA-N,745,745
CheMLT-F,drug_to_target,SHGAZHPCJJPHSC-YCNIQYBTSA-N,745,745
CheMLT-F,drug_to_target,SIFNOOUKXBRGGB-AREMUKBSSA-N,745,745
CheMLT-F,drug_to_target,SJVQHLPISAIATJ-ZDUSSCGKSA-N,745,745
CheMLT-F,drug_to_target,SJZRECIVHVDYJC-UHFFFAOYSA-N,745,745
CheMLT-F,drug_to_target,SMOBCLHAZXOKDQ-ZJUUUORDSA-N,745,745
CheMLT-F,drug_to_target,SNICXCGAKADSCV-JTQLQIEISA-N,745,745
CheMLT-F,drug_to_target,SNIOPGDIGTZGOP-UHFFFAOYSA-N,745,745
CheMLT-F,drug_to_target,SNPPWIUOZRMYNY-UHFFFAOYSA-N,745,745
CheMLT-F,drug_to_target,SNUDIPVBUUXCDG-QHSBEEBCSA-N,745,745
CheMLT-F,drug_to_target,SOLUWJRYJLAZCX-LYOVBCGYSA-N,745,745
CheMLT-F,drug_to_target,SONNWYBIRXJNDC-VIFPVBQESA-N,745,745
CheMLT-F,drug_to_target,SOYCMDCMZDHQFP-UHFFFAOYSA-N,745,745
CheMLT-F,drug_to_target,SOYKEARSMXGVTM-UHFFFAOYSA-N,745,745
CheMLT-F,drug_to_target,SPMVMDHWKHCIDT-UHFFFAOYSA-N,745,745
CheMLT-F,drug_to_target,STPKWKPURVSAJF-LJEWAXOPSA-N,745,745
CheMLT-F,drug_to_target,STUWGJZDJHPWGZ-LBPRGKRZSA-N,745,745
CheMLT-F,drug_to_target,STZYTFJPGGDRJD-NHUWBDDWSA-N,745,745
CheMLT-F,drug_to_target,SUBDBMMJDZJVOS-DEOSSOPVSA-N,745,745
CheMLT-F,drug_to_target,SUBDBMMJDZJVOS-UHFFFAOYSA-N,745,745
CheMLT-F,drug_to_target,SUDAHWBOROXANE-SECBINFHSA-N,745,745
CheMLT-F,drug_to_target,SUJUHGSWHZTSEU-FYBSXPHGSA-N,745,745
CheMLT-F,drug_to_target,TTWJBBZEZQICBI-UHFFFAOYSA-N,745,745
CheMLT-F,drug_to_target,TTZHDVOVKQGIBA-IQWMDFIBSA-N,745,745
CheMLT-F,drug_to_target,TXEIIPDJKFWEEC-UHFFFAOYSA-N,745,745
CheMLT-F,drug_to_target,TYZROVQLWOKYKF-ZDUSSCGKSA-N,745,745
CheMLT-F,drug_to_target,TZFNLOMSOLWIDK-JTQLQIEISA-N,745,745
CheMLT-F,drug_to_target,UBPYILGKFZZVDX-UHFFFAOYSA-N,745,745
CheMLT-F,drug_to_target,UBQNRHZMVUUOMG-UHFFFAOYSA-N,745,745
CheMLT-F,drug_to_target,UBZPNQRBUOBBLN-PWRODBHTSA-N,745,745
CheMLT-F,drug_to_target,UCFGDBYHRUNTLO-QHCPKHFHSA-N,745,745
CheMLT-F,drug_to_target,UCJGJABZCDBEDK-UHFFFAOYSA-N,745,745
CheMLT-F,drug_to_target,UCTWMZQNUQWSLP-VIFPVBQESA-N,745,745
CheMLT-F,drug_to_target,UEJJHQNACJXSKW-UHFFFAOYSA-N,745,745
CheMLT-F,drug_to_target,UFSKUSARDNFIRC-UHFFFAOYSA-N,745,745
CheMLT-F,drug_to_target,UGJMXCAKCUNAIE-UHFFFAOYSA-N,745,745
CheMLT-F,drug_to_target,UHSKFQJFRQCDBE-UHFFFAOYSA-N,745,745
CheMLT-F,drug_to_target,UHTHHESEBZOYNR-UHFFFAOYSA-N,745,745
CheMLT-F,drug_to_target,UIAGMCDKSXEBJQ-UHFFFAOYSA-N,745,745
CheMLT-F,drug_to_target,UJLAWZDWDVHWOW-YPMHNXCESA-N,745,745
CheMLT-F,drug_to_target,UJVDJAPJQWZRFR-DHIUTWEWSA-N,745,745
CheMLT-F,drug_to_target,ULFRLSNUDGIQQP-UHFFFAOYSA-N,745,745
CheMLT-F,drug_to_target,ULXXDDBFHOBEHA-CWDCEQMOSA-N,745,745
CheMLT-F,drug_to_target,UPNUIXSCZBYVBB-JVFUWBCBSA-N,745,745
CheMLT-F,drug_to_target,UQCNKQCJZOAFTQ-ISWURRPUSA-N,745,745
CheMLT-F,drug_to_target,UQRORFVVSGFNRO-UTINFBMNSA-N,745,745
CheMLT-F,drug_to_target,UREBDLICKHMUKA-CXSFZGCWSA-N,745,745
CheMLT-F,drug_to_target,UREBDLICKHMUKA-DVTGEIKXSA-N,745,745
CheMLT-F,drug_to_target,URKOMYMAXPYINW-UHFFFAOYSA-N,745,745
CheMLT-F,drug_to_target,USUZGMWDZDXMDG-CYBMUJFWSA-N,745,745
CheMLT-F,drug_to_target,USZAGAREISWJDP-UHFFFAOYSA-N,745,745
CheMLT-F,drug_to_target,UTNUDOFZCWSZMS-YFHOEESVSA-N,745,745
CheMLT-F,drug_to_target,UVSMNLNDYGZFPF-UHFFFAOYSA-N,745,745
CheMLT-F,drug_to_target,UWKQSNNFCGGAFS-XIFFEERXSA-N,745,745
CheMLT-F,drug_to_target,UXNXMBYCBRBRFD-MUUNZHRXSA-N,745,745
CheMLT-F,drug_to_target,UZHSEJADLWPNLE-GRGSLBFTSA-N,745,745
CheMLT-F,drug_to_target,UZWDCWONPYILKI-UHFFFAOYSA-N,745,745
CheMLT-F,drug_to_target,VCKUSRYTPJJLNI-UHFFFAOYSA-N,745,745
CheMLT-F,drug_to_target,VCSUIBJKYCVWNF-NRFANRHFSA-N,745,745
CheMLT-F,drug_to_target,VDANGULDQQJODZ-UHFFFAOYSA-N,745,745
CheMLT-F,drug_to_target,VERWOWGGCGHDQE-UHFFFAOYSA-N,745,745
CheMLT-F,drug_to_target,VFBILHPIHUPBPZ-UHFFFAOYSA-N,745,745
CheMLT-F,drug_to_target,VFCRKLWBYMDAED-REWPJTCUSA-N,745,745
CheMLT-F,drug_to_target,VGKDLMBJGBXTGI-SJCJKPOMSA-N,745,745
CheMLT-F,drug_to_target,VGYFMXBACGZSIL-MCBHFWOFSA-N,745,745
CheMLT-F,drug_to_target,VHGCDTVCOLNTBX-QGZVFWFLSA-N,745,745
CheMLT-F,drug_to_target,VIKNJXKGJWUCNN-XGXHKTLJSA-N,745,745
CheMLT-F,drug_to_target,VJJPUSNTGOMMGY-MRVIYFEKSA-N,745,745
CheMLT-F,drug_to_target,VKHAHZOOUSRJNA-GCNJZUOMSA-N,745,745
CheMLT-F,drug_to_target,VLCYCQAOQCDTCN-UHFFFAOYSA-N,745,745
CheMLT-F,drug_to_target,VMWNQDUVQKEIOC-CYBMUJFWSA-N,745,745
CheMLT-F,drug_to_target,VNFPBHJOKIVQEB-UHFFFAOYSA-N,745,745
CheMLT-F,drug_to_target,VOBHXZCDAVEXEY-JSGCOSHPSA-N,745,745
CheMLT-F,drug_to_target,VOVIALXJUBGFJZ-KWVAZRHASA-N,745,745
CheMLT-F,drug_to_target,VOVZXURTCKPRDQ-CQSZACIVSA-N,745,745
CheMLT-F,drug_to_target,VPJXQGSRWJZDOB-UHFFFAOYSA-O,745,745
CheMLT-F,drug_to_target,VPMRSLWWUXNYRY-PJCFOSJUSA-N,745,745
CheMLT-F,drug_to_target,VPPJLAIAVCUEMN-GFCCVEGCSA-N,745,745
CheMLT-F,drug_to_target,VREFGVBLTWBCJP-UHFFFAOYSA-N,745,745
CheMLT-F,drug_to_target,VSNHCAURESNICA-UHFFFAOYSA-N,745,745
CheMLT-F,drug_to_target,VSWBSWWIRNCQIJ-HUUCEWRRSA-N,745,745
CheMLT-F,drug_to_target,VTRAEEWXHOVJFV-UHFFFAOYSA-N,745,745
CheMLT-F,drug_to_target,VUDZSIYXZUYWSC-DBRKOABJSA-N,745,745
CheMLT-F,drug_to_target,VWMJHAFYPMOMGF-ZCFIWIBFSA-N,745,745
CheMLT-F,drug_to_target,VWUXBMIQPBEWFH-WCCTWKNTSA-N,745,745
CheMLT-F,drug_to_target,VWVSBHGCDBMOOT-IIEHVVJPSA-N,745,745
CheMLT-F,drug_to_target,VYFYYTLLBUKUHU-UHFFFAOYSA-N,745,745
CheMLT-F,drug_to_target,VZZJRYRQSPEMTK-CALCHBBNSA-N,745,745
CheMLT-F,drug_to_target,WAEXFXRVDQXREF-UHFFFAOYSA-N,745,745
CheMLT-F,drug_to_target,WANIDIGFXJFFEL-SANMLTNESA-N,745,745
CheMLT-F,drug_to_target,WAXQNWCZJDTGBU-UHFFFAOYSA-N,745,745
CheMLT-F,drug_to_target,WBFUHHBPNXWNCC-UHFFFAOYSA-N,745,745
CheMLT-F,drug_to_target,WBGKWQHBNHJJPZ-LECWWXJVSA-N,745,745
CheMLT-F,drug_to_target,WCWSTNLSLKSJPK-LKFCYVNXSA-N,745,745
CheMLT-F,drug_to_target,WDENQIQQYWYTPO-IBGZPJMESA-N,745,745
CheMLT-F,drug_to_target,WEAJZXNPAWBCOA-INIZCTEOSA-N,745,745
CheMLT-F,drug_to_target,WEQLWGNDNRARGE-DJIMGWMZSA-N,745,745
CheMLT-F,drug_to_target,WGFOBBZOWHGYQH-MXHNKVEKSA-N,745,745
CheMLT-F,drug_to_target,WIGIZIANZCJQQY-RUCARUNLSA-N,745,745
CheMLT-F,drug_to_target,WIJZXSAJMHAVGX-DHLKQENFSA-N,745,745
CheMLT-F,drug_to_target,WINHZLLDWRZWRT-ATVHPVEESA-N,745,745
CheMLT-F,drug_to_target,WJBLNOPPDWQMCH-MBPVOVBZSA-N,745,745
CheMLT-F,drug_to_target,WJOHZNCJWYWUJD-IUGZLZTKSA-N,745,745
CheMLT-F,drug_to_target,WMDSZGFJQKSLLH-RBBKRZOGSA-N,745,745
CheMLT-F,drug_to_target,WOSKHXYHFSIKNG-UHFFFAOYSA-N,745,745
CheMLT-F,drug_to_target,WOXKDUGGOYFFRN-IIBYNOLFSA-N,745,745
CheMLT-F,drug_to_target,WPVFJKSGQUFQAP-GKAPJAKFSA-N,745,745
CheMLT-F,drug_to_target,WRFHGDPIDHPWIQ-UHFFFAOYSA-N,745,745
CheMLT-F,drug_to_target,WSEQXVZVJXJVFP-FQEVSTJZSA-N,745,745
CheMLT-F,drug_to_target,WSEQXVZVJXJVFP-UHFFFAOYSA-N,745,745
CheMLT-F,drug_to_target,WSNODXPBBALQOF-VEJSHDCNSA-N,745,745
CheMLT-F,drug_to_target,WTDRDQBEARUVNC-LURJTMIESA-N,745,745
CheMLT-F,drug_to_target,WVLHHLRVNDMIAR-IBGZPJMESA-N,745,745
CheMLT-F,drug_to_target,WVLOADHCBXTIJK-YNHQPCIGSA-N,745,745
CheMLT-F,drug_to_target,WWSWYXNVCBLWNZ-QIZQQNKQSA-N,745,745
CheMLT-F,drug_to_target,WWYNJERNGUHSAO-XUDSTZEESA-N,745,745
CheMLT-F,drug_to_target,WXCXUHSOUPDCQV-UHFFFAOYSA-N,745,745
CheMLT-F,drug_to_target,WXXSNCNJFUAIDG-UHFFFAOYSA-N,745,745
CheMLT-F,drug_to_target,WYQFJHHDOKWSHR-MNOVXSKESA-N,745,745
CheMLT-F,drug_to_target,WYQPLTPSGFELIB-JTQPXKBDSA-N,745,745
CheMLT-F,drug_to_target,WYWIFABBXFUGLM-UHFFFAOYSA-N,745,745
CheMLT-F,drug_to_target,WZOZEZRFJCJXNZ-ZBFHGGJFSA-N,745,745
CheMLT-F,drug_to_target,XAYGBKHKBBXDAK-UHFFFAOYSA-N,745,745
CheMLT-F,drug_to_target,XDXWLKQMMKQXPV-QYQHSDTDSA-N,745,745
CheMLT-F,drug_to_target,XEDHVZKDSYZQBF-UHFFFAOYSA-N,745,745
CheMLT-F,drug_to_target,XFALPSLJIHVRKE-GFCCVEGCSA-N,745,745
CheMLT-F,drug_to_target,XFYDIVBRZNQMJC-UHFFFAOYSA-N,745,745
CheMLT-F,drug_to_target,XGALLCVXEZPNRQ-UHFFFAOYSA-N,745,745
CheMLT-F,drug_to_target,XHOLNRLADUSQLD-UHFFFAOYSA-N,745,745
CheMLT-F,drug_to_target,XIQVNETUBQGFHX-UHFFFAOYSA-N,745,745
CheMLT-F,drug_to_target,XJGVXQDUIWGIRW-UHFFFAOYSA-N,745,745
CheMLT-F,drug_to_target,XKLMZUWKNUAPSZ-UHFFFAOYSA-N,745,745
CheMLT-F,drug_to_target,XMAYWYJOQHXEEK-ZEQKJWHPSA-N,745,745
CheMLT-F,drug_to_target,XMXHEBAFVSFQEX-UHFFFAOYSA-N,745,745
CheMLT-F,drug_to_target,XOFYZVNMUHMLCC-ZPOLXVRWSA-N,745,745
CheMLT-F,drug_to_target,XPIJWUTXQAGSLK-UHFFFAOYSA-N,745,745
CheMLT-F,drug_to_target,XPOQHMRABVBWPR-ZDUSSCGKSA-N,745,745
CheMLT-F,drug_to_target,XQSPYNMVSIKCOC-NTSWFWBYSA-N,745,745
CheMLT-F,drug_to_target,XRQDFNLINLXZLB-CKIKVBCHSA-N,745,745
CheMLT-F,drug_to_target,XRVDGNKRPOAQTN-FQEVSTJZSA-N,745,745
CheMLT-F,drug_to_target,XSFJVAJPIHIPKU-XWCQMRHXSA-N,745,745
CheMLT-F,drug_to_target,XTNGUQKDFGDXSJ-ZXGKGEBGSA-N,745,745
CheMLT-F,drug_to_target,XUBOMFCQGDBHNK-UHFFFAOYSA-N,745,745
CheMLT-F,drug_to_target,XUFQPHANEAPEMJ-UHFFFAOYSA-N,745,745
CheMLT-F,drug_to_target,XUKUURHRXDUEBC-KAYWLYCHSA-N,745,745
CheMLT-F,drug_to_target,XUZMWHLSFXCVMG-UHFFFAOYSA-N,745,745
CheMLT-F,drug_to_target,XWLUWCNOOVRFPX-UHFFFAOYSA-N,745,745
CheMLT-F,drug_to_target,XWLXKKNPFMNSFA-HGQWONQESA-N,745,745
CheMLT-F,drug_to_target,XXSMGPRMXLTPCZ-UHFFFAOYSA-N,745,745
CheMLT-F,drug_to_target,XYFPWWZEPKGCCK-GOSISDBHSA-N,745,745
CheMLT-F,drug_to_target,XYLJNLCSTIOKRM-UHFFFAOYSA-N,745,745
CheMLT-F,drug_to_target,XZWYZXLIPXDOLR-UHFFFAOYSA-N,745,745
CheMLT-F,drug_to_target,XZXHXSATPCNXJR-ZIADKAODSA-N,745,745
CheMLT-F,drug_to_target,YALNUENQHAQXEA-UHFFFAOYSA-N,745,745
CheMLT-F,drug_to_target,YASAKCUCGLMORW-UHFFFAOYSA-N,745,745
CheMLT-F,drug_to_target,YBBLVLTVTVSKRW-UHFFFAOYSA-N,745,745
CheMLT-F,drug_to_target,YBSJFWOBGCMAKL-UHFFFAOYSA-N,745,745
CheMLT-F,drug_to_target,YFGHCGITMMYXAQ-LJQANCHMSA-N,745,745
CheMLT-F,drug_to_target,YHGSTSNEOJUIRN-UHFFFAOYSA-N,745,745
CheMLT-F,drug_to_target,YIBOMRUWOWDFLG-ONEGZZNKSA-N,745,745
CheMLT-F,drug_to_target,YIMYDTCOUQIDMT-SNAWJCMRSA-N,745,745
CheMLT-F,drug_to_target,YIQPUIGJQJDJOS-UHFFFAOYSA-N,745,745
CheMLT-F,drug_to_target,YKPUWZUDDOIDPM-SOFGYWHQSA-N,745,745
CheMLT-F,drug_to_target,YLXDSYKOBKBWJQ-LBPRGKRZSA-N,745,745
CheMLT-F,drug_to_target,YMARZQAQMVYCKC-OEMFJLHTSA-N,745,745
CheMLT-F,drug_to_target,YMDXZJFXQJVXBF-STHAYSLISA-N,745,745
CheMLT-F,drug_to_target,YMTINGFKWWXKFG-UHFFFAOYSA-N,745,745
CheMLT-F,drug_to_target,YQEZLKZALYSWHR-ZDUSSCGKSA-N,745,745
CheMLT-F,drug_to_target,YQNQNVDNTFHQSW-UHFFFAOYSA-N,745,745
CheMLT-F,drug_to_target,YQNWZWMKLDQSAC-UHFFFAOYSA-N,745,745
CheMLT-F,drug_to_target,YREYEVIYCVEVJK-UHFFFAOYSA-N,745,745
CheMLT-F,drug_to_target,YTAOBBFIOAEMLL-REQDGWNSSA-N,745,745
CheMLT-F,drug_to_target,YTFHCXIPDIHOIA-DHZHZOJOSA-N,745,745
CheMLT-F,drug_to_target,YWGDOWXRIALTES-NRFANRHFSA-N,745,745
CheMLT-F,drug_to_target,YWPHCCPCQOJSGZ-UHFFFAOYSA-N,745,745
CheMLT-F,drug_to_target,YXRDKMPIGHSVRX-OOJCLDBCSA-N,745,745
CheMLT-F,drug_to_target,ZAFYATHCZYHLPB-UHFFFAOYSA-N,745,745
CheMLT-F,drug_to_target,ZBBHBTPTTSWHBA-UHFFFAOYSA-N,745,745
CheMLT-F,drug_to_target,ZBGXUVOIWDMMJE-QHNZEKIYSA-N,745,745
CheMLT-F,drug_to_target,ZBMZVLHSJCTVON-UHFFFAOYSA-N,745,745
CheMLT-F,drug_to_target,ZBNZXTGUTAYRHI-UHFFFAOYSA-N,745,745
CheMLT-F,drug_to_target,ZBPLOVFIXSTCRZ-UHFFFAOYSA-N,745,745
CheMLT-F,drug_to_target,ZCVMWBYGMWKGHF-UHFFFAOYSA-N,745,745
CheMLT-F,drug_to_target,ZEUITGRIYCTCEM-KRWDZBQOSA-N,745,745
CheMLT-F,drug_to_target,ZFMITUMMTDLWHR-UHFFFAOYSA-N,745,745
CheMLT-F,drug_to_target,ZGLHBRQAEXKACO-XJRQOBMKSA-N,745,745
CheMLT-F,drug_to_target,ZIAOVIPSKUPPQW-UHFFFAOYSA-N,745,745
CheMLT-F,drug_to_target,ZISJNXNHJRQYJO-CMDGGOBGSA-N,745,745
CheMLT-F,drug_to_target,ZKIAIYBUSXZPLP-UHFFFAOYSA-N,745,745
CheMLT-F,drug_to_target,ZKLPARSLTMPFCP-OAQYLSRUSA-N,745,745
CheMLT-F,drug_to_target,ZKLPARSLTMPFCP-UHFFFAOYSA-N,745,745
CheMLT-F,drug_to_target,ZPMNHBXQOOVQJL-UHFFFAOYSA-N,745,745
CheMLT-F,drug_to_target,ZPUCINDJVBIVPJ-LJISPDSOSA-N,745,745
CheMLT-F,drug_to_target,ZRVUJXDFFKFLMG-UHFFFAOYSA-N,745,745
CheMLT-F,drug_to_target,ZSBOMTDTBDDKMP-OAHLLOKOSA-N,745,745
CheMLT-F,drug_to_target,ZSKVGTPCRGIANV-ZXFLCMHBSA-N,745,745
CheMLT-F,drug_to_target,ZSWMIFNWDQEXDT-ZESJGQACSA-N,745,745
CheMLT-F,drug_to_target,ZVHNDZWQTBEVRY-UHFFFAOYSA-N,745,745
CheMLT-F,drug_to_target,ZWUQVNSJSJHFPS-XFXZXTDPSA-N,745,745
CheMLT-F,drug_to_target,ZYTXTXAMMDTYDQ-DGEXFFLYSA-N,745,745
CheMLT-F,drug_to_target,ZZUFCTLCJUWOSV-UHFFFAOYSA-N,745,745
CheMLT-F,drug_to_target,ZZVUWRFHKOJYTH-UHFFFAOYSA-N,745,745
