排名,推荐层级,老药新用类型,药物,原适应症领域,原领域英文,候选靶点,拟新用细分病种,拟新用病种英文,拟新用病种大类,优先级分数,ConPLEx分数,药物内靶点排名,OpenTargets病种分数,实验类型,风险等级,文献状态,PubMed总窗计数,上市后PubMed计数,是否同原适应症领域,是否同已知靶点家族
1,第一轮优先,跨大领域老药新用,Lubiprostone,胃肠/消化,Gastroenterology,TYK2,类风湿关节炎,rheumatoid arthritis,免疫/炎症,91.05800129063823,0.4590447,23,0.75418882773207,激酶生化/细胞,low,PubMed pair审计未见明确报道,0,0,否,否
2,第一轮优先,跨大领域老药新用,Emtricitabine,感染性疾病,Infectious Disease,CDK4,乳腺癌,breast cancer,实体瘤,90.19123738405045,0.5462819,4,0.6307216615133534,激酶生化/细胞,low,PubMed pair审计未见明确报道,0,0,否,否
3,第一轮优先,跨大领域老药新用,Lubiprostone,胃肠/消化,Gastroenterology,DNMT3A,急性髓系白血病,acute myeloid leukemia,血液肿瘤/血液病,90.0,0.51115733,3,0.8577261614555013,酶/表观遗传生化,medium,PubMed pair审计未见明确报道,0,0,否,否
4,第一轮优先,跨大领域老药新用,Emtricitabine,感染性疾病,Infectious Disease,CDK6,乳腺癌,breast carcinoma,实体瘤,89.73219757559252,0.5462819,5,0.6103198922485568,激酶生化/细胞,low,PubMed pair审计未见明确报道,0,0,否,否
5,第一轮优先,跨大领域老药新用,Lubiprostone,胃肠/消化,Gastroenterology,JAK1,类风湿关节炎,rheumatoid arthritis,免疫/炎症,89.42054989950462,0.44509453,34,0.7103468962742798,激酶生化/细胞,low,PubMed pair审计未见明确报道,0,0,否,否
6,第一轮优先,跨大领域老药新用,Emtricitabine,感染性疾病,Infectious Disease,DNMT3A,急性髓系白血病,acute myeloid leukemia,血液肿瘤/血液病,89.08695639999999,0.48043478,52,0.8577261614555013,酶/表观遗传生化,中,PubMed pair审计未见明确报道,0,0,否,否
7,第一轮优先,跨大领域老药新用,Doravirine,未知,,ESR1,乳腺癌,breast cancer,实体瘤,86.55242103915302,0.53315145,7,0.7356631572956897,核受体/转录因子 reporter,low,PubMed pair审计未见明确报道,0,0,否,否
8,第一轮优先,跨大领域老药新用,Emtricitabine,感染性疾病,Infectious Disease,PTPN11,急性髓系白血病,acute myeloid leukemia,血液肿瘤/血液病,86.4770094714397,0.5015137,38,0.6434226431750978,酶/表观遗传生化,medium,PubMed pair审计未见明确报道,0,0,否,否
9,第一轮优先,跨领域但同靶点家族扩展,Infigratinib Phosphate,肿瘤,Oncology,PDGFRA,胃肠道间质瘤,gastrointestinal stromal tumor,实体瘤,86.0,0.64790773,3,0.8245011238749937,酶/表观遗传生化,medium,PubMed pair审计未见明确报道,0,0,否,是
10,第一轮优先,跨大领域老药新用,Lubiprostone,胃肠/消化,Gastroenterology,PRKCD,系统性红斑狼疮,systemic lupus erythematosus,免疫/炎症,84.69712297485918,0.5122682,2,0.3865387988826302,激酶生化/细胞,low,PubMed pair审计未见明确报道,0,0,否,否
11,第一轮优先,跨领域但同靶点家族扩展,Palbociclib,肿瘤,Oncology,TYK2,银屑病,psoriasis,皮肤/免疫,84.36840680984075,0.4810829,37,0.7222757693262555,激酶生化/细胞,medium,PubMed pair审计未见明确报道,0,0,否,是
12,第一轮优先,同领域同靶点家族扩展,Afatinib Dimaleate,肿瘤,Oncology,FLT3,急性髓系白血病,acute myeloid leukemia,血液肿瘤/血液病,84.0,0.63125384,4,0.8354100756215777,激酶生化/细胞,medium,PubMed pair审计未见明确报道,0,0,是,是
13,第一轮优先,跨大领域老药新用,Rilpivirine Hydrochloride,感染性疾病,Infectious Disease,LYN,乳腺癌,breast cancer,实体瘤,83.80990680775645,0.45665708,6,0.4370033959002865,激酶生化/细胞,low,PubMed pair审计未见明确报道,0,0,否,否
14,第一轮优先,同领域同靶点家族扩展,Tucatinib,肿瘤,Oncology,FLT3,急性髓系白血病,acute myeloid leukemia,血液肿瘤/血液病,82.57495493333333,0.46946332,4,0.8354100756215777,激酶生化/细胞,medium,PubMed pair审计未见明确报道,0,0,是,是
15,第一轮优先,跨大领域老药新用,Rilpivirine Hydrochloride,感染性疾病,Infectious Disease,PTK6,食管鳞癌,esophageal squamous cell carcinoma,实体瘤,82.29863784914879,0.49339902,1,0.2936303814436496,激酶生化/细胞,low,PubMed pair审计未见明确报道,0,0,否,否
16,第一轮优先,同领域同靶点家族扩展,Selpercatinib,肿瘤,Oncology,CHEK2,乳腺癌,breast carcinoma,实体瘤,81.95354136071074,0.5460861,32,0.7090462826982556,激酶生化/细胞,中,PubMed pair审计未见明确报道,0,0,是,是
17,第一轮优先,跨大领域老药新用,Emtricitabine,感染性疾病,Infectious Disease,BMPR1A,乳腺癌,breast carcinoma,实体瘤,81.56088906991121,0.5462819,2,0.2915950697738313,酶/表观遗传生化,low,PubMed pair审计未见明确报道,0,0,否,否
18,第一轮优先,跨大领域老药新用,Maraviroc,感染性疾病,Infectious Disease,SLC34A2,肺鳞癌,squamous cell lung carcinoma,实体瘤,81.32386227713619,0.50970215,47,0.3699494345393864,转运体摄取/外排,low,PubMed pair审计未见明确报道,0,0,否,否
19,第一轮优先,跨大领域老药新用,Avibactam Sodium,感染性疾病,Infectious Disease,SLC5A2,慢性肾病,chronic kidney disease,肾脏,81.15657203712217,0.43705928,3,0.6263913616498742,转运体摄取/外排,medium,PubMed pair审计未见明确报道,0,0,否,否
20,第一轮优先,同领域同靶点家族扩展,Cabozantinib S-Malate,肿瘤,Oncology,FLT3,急性髓系白血病,acute myeloid leukemia,血液肿瘤/血液病,81.0,0.6794778,4,0.8354100756215777,激酶生化/细胞,low,上市后文献有新靶点线索,30,29,是,是
21,第一轮优先,同领域同靶点家族扩展,Pazopanib Hydrochloride,肿瘤,Oncology,FLT3,急性髓系白血病,acute myeloid leukemia,血液肿瘤/血液病,81.0,0.9139769,4,0.8354100756215777,激酶生化/细胞,low,上市后文献有新靶点线索,7,6,是,是
22,第一轮优先,同领域同靶点家族扩展,Infigratinib Phosphate,肿瘤,Oncology,FLT3,急性髓系白血病,acute myeloid leukemia,血液肿瘤/血液病,81.0,0.62431186,6,0.8354100756215777,激酶生化/细胞,low,上市后文献有新靶点线索,3,1,是,是
23,第一轮优先,同领域同靶点家族扩展,Selpercatinib,肿瘤,Oncology,BRAF,黑色素瘤,melanoma,实体瘤,81.0,0.55524075,30,0.819548256089721,激酶生化/细胞,low,上市后文献有新靶点线索,37,36,是,是
24,第一轮优先,同领域同靶点家族扩展,Dacomitinib,肿瘤,Oncology,FLT3,急性髓系白血病,acute myeloid leukemia,血液肿瘤/血液病,81.0,0.54986876,4,0.8354100756215777,激酶生化/细胞,low,上市后文献有新靶点线索,2,1,是,是
25,第一轮优先,跨大领域老药新用,Rilpivirine Hydrochloride,感染性疾病,Infectious Disease,FGFR3,头颈鳞癌,head and neck squamous cell carcinoma,实体瘤,80.74593357802763,0.45653036,7,0.3455340790234503,酶/表观遗传生化,low,PubMed pair审计未见明确报道,0,0,否,否
26,第一轮优先,跨大领域老药新用,Rilpivirine Hydrochloride,感染性疾病,Infectious Disease,BTK,肺鳞癌,squamous cell lung carcinoma,实体瘤,80.62874464780435,0.46554467,4,0.2771848910135263,激酶生化/细胞,low,PubMed pair审计未见明确报道,0,0,否,否
27,第一轮优先,跨大领域老药新用,Abiraterone Acetate,肿瘤,Oncology,KCND3,心律失常,cardiac arrhythmia,心血管,80.42538807299101,0.5248671,51,0.5522394699107118,离子通道功能,medium,PubMed pair审计未见明确报道,0,0,否,否
28,第一轮优先,跨大领域老药新用,Rilpivirine Hydrochloride,感染性疾病,Infectious Disease,SYK,弥漫大B细胞淋巴瘤,diffuse large B-cell lymphoma,血液肿瘤/血液病,80.36864805149142,0.44111168,10,0.3163008733996184,激酶生化/细胞,low,PubMed pair审计未见明确报道,0,0,否,否
29,第一轮优先,同领域同靶点家族扩展,Regorafenib,肿瘤,Oncology,FLT3,急性髓系白血病,acute myeloid leukemia,血液肿瘤/血液病,79.452832,0.4668464,1,0.8354100756215777,激酶生化/细胞,low,上市后文献有新靶点线索,8,8,是,是
30,第一轮优先,跨大领域老药新用,Emtricitabine,感染性疾病,Infectious Disease,MAP2K2,乳腺癌,breast carcinoma,实体瘤,79.41077191136566,0.5275529,21,0.284923196060696,激酶生化/细胞,medium,PubMed pair审计未见明确报道,0,0,否,否
31,第一轮优先,跨大领域老药新用,Naloxegol Oxalate,神经/精神,Neurology/Psychiatry,KCNK3,肺动脉高压,pulmonary arterial hypertension,心血管,79.26503418496569,0.611532,32,0.5006681859984753,离子通道功能,medium,PubMed pair审计未见明确报道,0,0,否,否
32,第一轮优先,跨大领域老药新用,Maraviroc,感染性疾病,Infectious Disease,KCNK3,肺动脉高压,pulmonary arterial hypertension,心血管,79.26503418496569,0.59478486,31,0.5006681859984753,离子通道功能,medium,PubMed pair审计未见明确报道,0,0,否,否
33,第一轮优先,跨大领域老药新用,Abiraterone Acetate,肿瘤,Oncology,KCNK3,肺动脉高压,pulmonary arterial hypertension,心血管,79.26503418496569,0.55425024,36,0.5006681859984753,离子通道功能,medium,PubMed pair审计未见明确报道,0,0,否,否
34,第一轮优先,跨大领域老药新用,Tecovirimat,感染性疾病,Infectious Disease,PTPN11,急性髓系白血病,acute myeloid leukemia,血液肿瘤/血液病,78.35483140477304,0.36881047,58,0.6434226431750978,酶/表观遗传生化,低,PubMed pair审计未见明确报道,0,0,否,否
35,第一轮优先,同领域同靶点家族扩展,Larotrectinib Sulfate,肿瘤,Oncology,TYK2,银屑病,psoriasis,皮肤/免疫,78.20983020984075,0.47768483,42,0.7222757693262555,激酶生化/细胞,中高,PubMed pair审计未见明确报道,0,0,是,是
36,第一轮优先,同领域同靶点家族扩展,Neratinib Maleate,肿瘤,Oncology,EGFR,非小细胞肺癌,non-small cell lung carcinoma,实体瘤,78.0,0.9149978,1,0.8525670184292347,激酶生化/细胞,medium,上市后文献有新靶点线索,281,221,是,是
37,第一轮优先,同领域同靶点家族扩展,Tucatinib,肿瘤,Oncology,EGFR,非小细胞肺癌,non-small cell lung carcinoma,实体瘤,78.0,0.73007804,1,0.8525670184292347,激酶生化/细胞,medium,上市后文献有新靶点线索,116,115,是,是
38,第一轮优先,跨大领域老药新用,Rilpivirine Hydrochloride,感染性疾病,Infectious Disease,AXL,乳腺癌,breast cancer,实体瘤,77.8434065130005,0.47338057,3,0.1371398479852076,激酶生化/细胞,low,PubMed pair审计未见明确报道,0,0,否,否
39,第一轮优先,跨大领域老药新用,Rilpivirine Hydrochloride,感染性疾病,Infectious Disease,JAK1,浆细胞骨髓瘤,plasma cell myeloma,血液肿瘤/血液病,77.38448731065525,0.3813838,27,0.3075515545476405,激酶生化/细胞,low,PubMed pair审计未见明确报道,0,0,否,否
40,第一轮优先,跨大领域老药新用,Dasabuvir Sodium,感染性疾病,Infectious Disease,DDR2,胃肠道间质瘤,gastrointestinal stromal tumor,实体瘤,77.24219808324096,0.3523357,1,0.4059199444403396,酶/表观遗传生化,low,PubMed pair审计未见明确报道,0,0,否,否
41,第一轮优先,跨大领域老药新用,Atazanavir Sulfate,感染性疾病,Infectious Disease,MMP14,前列腺癌,prostate cancer,实体瘤,77.22790866187418,0.46698534,5,0.3008263464536673,酶/表观遗传生化,medium,PubMed pair审计未见明确报道,0,0,否,否
42,第一轮优先,跨大领域老药新用,Avibactam Sodium,感染性疾病,Infectious Disease,SLC22A12,痛风,gout,肾脏,77.13934347764062,0.31498727,51,0.7899231501173613,转运体摄取/外排,低,PubMed pair审计未见明确报道,0,0,否,否
43,第一轮优先,跨大领域老药新用,Doravirine,未知,,EZH2,乳腺癌,breast cancer,实体瘤,77.12117383375575,0.46058482,16,0.1760243955743292,酶/表观遗传生化,low,PubMed pair审计未见明确报道,0,0,否,否
44,第一轮优先,跨大领域老药新用,Doravirine And Islatravir,感染性疾病,Infectious Disease,MALT1,乳腺癌,breast carcinoma,实体瘤,77.08499554356675,0.40451086,29,0.2907180182325965,酶/表观遗传生化,low,PubMed pair审计未见明确报道,0,0,否,否
45,第一轮优先,同领域同靶点家族扩展,Pazopanib Hydrochloride,肿瘤,Oncology,PDGFRA,胃肠道间质瘤,gastrointestinal stromal tumor,实体瘤,77.0,0.9183604,3,0.8245011238749937,酶/表观遗传生化,medium,上市后文献有新靶点线索,18,16,是,是
46,第一轮优先,同领域同靶点家族扩展,Cabozantinib S-Malate,肿瘤,Oncology,PDGFRA,胃肠道间质瘤,gastrointestinal stromal tumor,实体瘤,77.0,0.71761274,1,0.8245011238749937,酶/表观遗传生化,medium,上市后文献有新靶点线索,7,7,是,是
47,第一轮优先,同领域同靶点家族扩展,Afatinib Dimaleate,肿瘤,Oncology,PDGFRA,胃肠道间质瘤,gastrointestinal stromal tumor,实体瘤,77.0,0.5916499,5,0.8245011238749937,酶/表观遗传生化,medium,上市后文献有新靶点线索,1,1,是,是
48,第一轮优先,跨大领域老药新用,Nevirapine,感染性疾病,Infectious Disease,KCNN4,乳腺癌,breast cancer,实体瘤,76.90269837636052,0.64107674,3,0.2623421500604675,离子通道功能,low,PubMed pair审计未见明确报道,0,0,否,否
49,第一轮优先,跨大领域老药新用,Rilpivirine Hydrochloride,感染性疾病,Infectious Disease,ITK,前列腺癌,prostate cancer,实体瘤,76.67696979766215,0.463059,5,0.106705916933133,激酶生化/细胞,low,PubMed pair审计未见明确报道,0,0,否,否
50,第一轮优先,同领域同靶点家族扩展,Selpercatinib,肿瘤,Oncology,PTPN11,急性髓系白血病,acute myeloid leukemia,血液肿瘤/血液病,76.4770094714397,0.56070846,26,0.6434226431750978,酶/表观遗传生化,low,上市后文献有新靶点线索,1,1,是,是
51,第一轮优先,跨大领域老药新用,Rilpivirine Hydrochloride,感染性疾病,Infectious Disease,JAK2,骨髓增殖性肿瘤,myeloproliferative neoplasm,实体瘤,76.30351678053488,0.36753774,40,0.2882261739496983,激酶生化/细胞,low,PubMed pair审计未见明确报道,0,0,否,否
52,第一轮优先,跨大领域老药新用,Palonosetron Hydrochloride,肿瘤,Oncology,SLC6A1,精神分裂症,schizophrenia,神经/精神,76.29476397441098,0.8031629,12,0.2797672877515993,转运体摄取/外排,medium,PubMed pair审计未见明确报道,0,0,否,否
53,第一轮优先,同领域同靶点家族扩展,Pazopanib Hydrochloride,肿瘤,Oncology,RET,非小细胞肺癌,non-small cell lung carcinoma,实体瘤,75.8755057242704,0.8601657,8,0.7055780321897952,激酶生化/细胞,medium,上市后文献有新靶点线索,9,9,是,是
54,第一轮优先,同领域新靶点/新病种探索,Selpercatinib,肿瘤,Oncology,MEN1,乳腺癌,breast carcinoma,实体瘤,75.79125206402318,0.6118933,7,0.3018334250676967,酶/表观遗传生化,中,PubMed pair审计未见明确报道,0,0,是,否
55,第一轮优先,跨领域但同靶点家族扩展,Infigratinib Phosphate,肿瘤,Oncology,CSF1R,肾细胞癌,renal cell carcinoma,实体瘤,75.54849099261283,0.699764,1,0.6021551552272368,酶/表观遗传生化,medium,上市后文献有新靶点线索,4,1,否,是
56,第一轮优先,跨领域但同靶点家族扩展,Palonosetron Hydrochloride,肿瘤,Oncology,KCNK3,肺动脉高压,pulmonary arterial hypertension,心血管,75.26503418496569,0.7315058,27,0.5006681859984753,离子通道功能,medium,PubMed pair审计未见明确报道,0,0,否,是
57,第一轮优先,跨大领域老药新用,Rilpivirine Hydrochloride,感染性疾病,Infectious Disease,LCK,急性髓系白血病,acute myeloid leukemia,血液肿瘤/血液病,75.11160462872733,0.36284697,55,0.3783146383138076,激酶生化/细胞,中,PubMed pair审计未见明确报道,0,0,否,否
58,第一轮优先,跨领域但同靶点家族扩展,Palonosetron Hydrochloride,肿瘤,Oncology,SCN5A,心律失常,cardiac arrhythmia,心血管,74.69259161909332,0.60582685,60,0.7863374052930366,离子通道功能,中高,PubMed pair审计未见明确报道,0,0,否,是
59,第一轮优先,跨大领域老药新用,Ombitasvir,感染性疾病,Infectious Disease,IDH2,浆细胞骨髓瘤,plasma cell myeloma,血液肿瘤/血液病,73.28174055653224,0.32210785,1,0.2925944099199518,酶/表观遗传生化,low,PubMed pair审计未见明确报道,0,0,否,否
60,第一轮优先,跨大领域老药新用,Raltegravir Potassium,感染性疾病,Infectious Disease,SLC34A2,肺鳞癌,squamous cell lung carcinoma,实体瘤,72.73919974380286,0.38032866,7,0.3699494345393864,转运体摄取/外排,medium,PubMed pair审计未见明确报道,0,0,否,否
61,第一轮优先,跨大领域老药新用,Siponimod,神经/精神,Neurology/Psychiatry,NOX4,动脉粥样硬化,atherosclerosis,心血管,72.67940616495132,0.46716738,4,0.0982931154793176,酶/表观遗传生化,medium,PubMed pair审计未见明确报道,0,0,否,否
62,第一轮优先,同领域同靶点家族扩展,Neratinib Maleate,肿瘤,Oncology,KDR,肝细胞癌,hepatocellular carcinoma,实体瘤,72.49571732357533,0.26954842,12,0.6777833062329777,酶/表观遗传生化,low,PubMed pair审计未见明确报道,0,0,是,是
63,第一轮优先,同领域同靶点家族扩展,Selpercatinib,肿瘤,Oncology,KRAS,非小细胞肺癌,non-small cell lung carcinoma,实体瘤,72.0,0.64690065,2,0.803548887170282,酶/表观遗传生化,medium,上市后文献有新靶点线索,18,18,是,是
64,第一轮优先,跨大领域老药新用,Etravirine,感染性疾病,Infectious Disease,LCK,急性髓系白血病,acute myeloid leukemia,血液肿瘤/血液病,71.065406295394,0.27614272,13,0.3783146383138076,激酶生化/细胞,medium,PubMed pair审计未见明确报道,0,0,否,否
65,第一轮优先,同领域同靶点家族扩展,Pazopanib Hydrochloride,肿瘤,Oncology,KIT,黑色素瘤,melanoma,实体瘤,70.72632779550207,0.92742383,2,0.4767256798000925,激酶生化/细胞,medium,上市后文献有新靶点线索,96,91,是,是
66,第一轮优先,跨领域但同靶点家族扩展,Abiraterone Acetate,肿瘤,Oncology,NOX4,动脉粥样硬化,atherosclerosis,心血管,70.21159509828465,0.646334,8,0.0982931154793176,酶/表观遗传生化,中,PubMed pair审计未见明确报道,0,0,否,是
67,第一轮优先,跨大领域老药新用,Palonosetron Hydrochloride,肿瘤,Oncology,SLC29A1,,,实体瘤,70.0,0.7837953,15,0.0,转运体摄取/外排,medium,PubMed pair审计未见明确报道,0,0,否,否
68,第一轮优先,跨大领域老药新用,Abiraterone Acetate,肿瘤,Oncology,SLC29A1,,,实体瘤,70.0,0.5966999,18,0.0,转运体摄取/外排,medium,PubMed pair审计未见明确报道,0,0,否,否
69,第一轮优先,同领域同靶点家族扩展,Bosutinib Monohydrate,肿瘤,Oncology,EPHA3,肝细胞癌,hepatocellular carcinoma,实体瘤,69.81503089327799,0.8254985,7,0.2140013730345777,酶/表观遗传生化,中,PubMed pair审计未见明确报道,0,0,是,是
70,第一轮优先,跨领域但同靶点家族扩展,Larotrectinib Sulfate,肿瘤,Oncology,ACVRL1,动脉粥样硬化,atherosclerosis,心血管,69.23814239285582,0.5180267,15,0.0550285507935923,酶/表观遗传生化,medium,PubMed pair审计未见明确报道,0,0,否,是
71,第一轮优先,跨大领域老药新用,Ribociclib Succinate,肿瘤,Oncology,KCND3,心律失常,cardiac arrhythmia,心血管,69.13743773965768,0.25811535,58,0.5522394699107118,离子通道功能,medium,PubMed pair审计未见明确报道,0,0,否,否
72,第一轮优先,跨领域但同靶点家族扩展,Infigratinib Phosphate,肿瘤,Oncology,FLT1,慢性肾病,chronic kidney disease,肾脏,68.85234446805461,0.57920015,8,0.0378819763579827,酶/表观遗传生化,medium,PubMed pair审计未见明确报道,0,0,否,是
73,第一轮优先,跨领域但同靶点家族扩展,Infigratinib Phosphate,肿瘤,Oncology,PDGFRB,慢性肾病,chronic kidney disease,肾脏,68.73320638540244,0.6456682,5,0.032586950462331,酶/表观遗传生化,medium,PubMed pair审计未见明确报道,0,0,否,是
74,第一轮优先,同领域同靶点家族扩展,Pazopanib Hydrochloride,肿瘤,Oncology,PDGFRB,乳腺癌,breast cancer,实体瘤,68.63089713024608,0.9373275,1,0.4280398724553814,酶/表观遗传生化,medium,上市后文献有新靶点线索,9,8,是,是
75,第一轮优先,跨大领域老药新用,Mifepristone,内分泌/代谢,Endocrinology/Metabolic,TRPV3,银屑病,psoriasis,皮肤/免疫,68.43822266930911,0.47951007,27,0.0619741956729978,离子通道功能,medium,PubMed pair审计未见明确报道,0,0,否,否
76,第一轮优先,同领域同靶点家族扩展,Bosutinib Monohydrate,肿瘤,Oncology,ITK,前列腺癌,prostate cancer,实体瘤,68.4008831309955,0.5597129,19,0.106705916933133,激酶生化/细胞,中,PubMed pair审计未见明确报道,0,0,是,是
77,第一轮优先,同领域同靶点家族扩展,Bosutinib Monohydrate,肿瘤,Oncology,EPHA2,乳腺癌,breast cancer,实体瘤,68.31318155239705,0.8254985,5,0.1472525134398691,酶/表观遗传生化,中,PubMed pair审计未见明确报道,0,0,是,是
78,第一轮优先,跨大领域老药新用,Ulipristal Acetate,内分泌/代谢,Endocrinology/Metabolic,KCNA5,心律失常,cardiac arrhythmia,心血管,67.59473717937458,0.25003633,64,0.5004314864907219,离子通道功能,medium,PubMed pair审计未见明确报道,0,0,否,否
79,第一轮优先,同领域同靶点家族扩展,Trifarotene,肿瘤,Oncology,ESR2,乳腺癌,breast carcinoma,实体瘤,67.4215235219576,0.48625293,2,0.4916912646795965,核受体/转录因子 reporter,中高,PubMed pair审计未见明确报道,0,0,是,是
80,第一轮优先,跨大领域老药新用,Givinostat Hydrochloride,肿瘤,Oncology,PDGFRB,慢性肾病,chronic kidney disease,肾脏,66.46764171873579,0.3657379,6,0.032586950462331,酶/表观遗传生化,medium,PubMed pair审计未见明确报道,0,0,否,否
81,第一轮优先,跨领域但同靶点家族扩展,Palbociclib,肿瘤,Oncology,ATP2A2,银屑病,psoriasis,皮肤/免疫,66.19889733474713,0.4590822,50,0.0048175408035761,酶/表观遗传生化,medium,PubMed pair审计未见明确报道,0,0,否,是
82,第一轮优先,跨大领域老药新用,Mifepristone,内分泌/代谢,Endocrinology/Metabolic,EZH2,乳腺癌,breast cancer,实体瘤,65.50540963375575,0.40453273,63,0.1760243955743292,酶/表观遗传生化,中,上市后文献有新靶点线索,1,1,否,否
83,第一轮优先,跨大领域老药新用,Ribociclib Succinate,肿瘤,Oncology,KCNK3,肺动脉高压,pulmonary arterial hypertension,心血管,65.35698805163236,0.20197044,90,0.5006681859984753,离子通道功能,medium,PubMed pair审计未见明确报道,0,0,否,否
84,第一轮优先,同领域新靶点/新病种探索,Cyclobenzaprine Hydrochloride,神经/精神,Neurology/Psychiatry,SV2A,脊髓损伤,spinal cord injury,免疫/炎症,64.5660198807393,0.3581714,27,0.2748750169217469,转运体摄取/外排,低,PubMed pair审计未见明确报道,0,0,是,否
85,第一轮优先,跨大领域老药新用,Dasabuvir Sodium,感染性疾病,Infectious Disease,IGF1R,肝细胞癌,hepatocellular carcinoma,实体瘤,64.07840827213725,0.23142639,5,0.2049708180209151,酶/表观遗传生化,中,PubMed pair审计未见明确报道,0,0,否,否
86,第一轮候补,跨大领域老药新用,Etonogestrel,感染性疾病,Infectious Disease,BRAF,黑色素瘤,melanoma,实体瘤,75.85153466666667,0.4968186,29,0.819548256089721,激酶生化/细胞,medium,PubMed pair审计未见明确报道,0,0,否,否
87,第一轮候补,同领域新靶点/新病种探索,Palbociclib,肿瘤,Oncology,DNMT3A,急性髓系白血病,acute myeloid leukemia,血液肿瘤/血液病,70.07855926666667,0.45882627,51,0.8577261614555013,酶/表观遗传生化,中,PubMed pair审计未见明确报道,0,0,是,否
88,第一轮候补,跨大领域老药新用,Doravirine,未知,,AR,前列腺癌,prostate cancer,实体瘤,70.0,0.52607393,8,0.8026045909519542,核受体/转录因子 reporter,medium,PubMed pair审计未见明确报道,0,0,否,否
89,第一轮候补,同领域新靶点/新病种探索,Larotrectinib Sulfate,肿瘤,Oncology,DNMT3A,急性髓系白血病,acute myeloid leukemia,血液肿瘤/血液病,69.92731866666666,0.4555854,58,0.8577261614555013,酶/表观遗传生化,中,PubMed pair审计未见明确报道,0,0,是,否
90,第一轮候补,跨大领域老药新用,Givinostat Hydrochloride,肿瘤,Oncology,PDGFRA,胃肠道间质瘤,gastrointestinal stromal tumor,实体瘤,69.52306373333333,0.38263708,2,0.8245011238749937,酶/表观遗传生化,medium,PubMed pair审计未见明确报道,0,0,否,否
91,第一轮候补,跨大领域老药新用,Doravirine And Islatravir,感染性疾病,Infectious Disease,DNMT3A,急性髓系白血病,acute myeloid leukemia,血液肿瘤/血液病,69.20060173333333,0.37572718,38,0.8577261614555013,酶/表观遗传生化,medium,PubMed pair审计未见明确报道,0,0,否,否
92,第一轮候补,跨大领域老药新用,Rilpivirine Hydrochloride,感染性疾病,Infectious Disease,TYK2,银屑病,psoriasis,皮肤/免疫,69.03082880984074,0.3881348,18,0.7222757693262555,激酶生化/细胞,medium,PubMed pair审计未见明确报道,0,0,否,否
93,第一轮候补,跨大领域老药新用,Lubiprostone,胃肠/消化,Gastroenterology,PTPN11,急性髓系白血病,acute myeloid leukemia,血液肿瘤/血液病,68.7411784714397,0.44137505,37,0.6434226431750978,酶/表观遗传生化,medium,PubMed pair审计未见明确报道,0,0,否,否
94,第一轮候补,跨领域但同靶点家族扩展,Fedratinib Hydrochloride,免疫/炎症,Immunology/Inflammation,PDGFRA,胃肠道间质瘤,gastrointestinal stromal tumor,实体瘤,68.70682053333333,0.45086044,3,0.8245011238749937,酶/表观遗传生化,中,PubMed pair审计未见明确报道,0,0,否,是
95,第一轮候补,同领域新靶点/新病种探索,Bicalutamide,肿瘤,Oncology,PTPN11,急性髓系白血病,acute myeloid leukemia,血液肿瘤/血液病,68.4770094714397,0.5830379,5,0.6434226431750978,酶/表观遗传生化,medium,PubMed pair审计未见明确报道,0,0,是,否
96,第一轮候补,同领域同靶点家族扩展,Dacomitinib,肿瘤,Oncology,PDGFRA,胃肠道间质瘤,gastrointestinal stromal tumor,实体瘤,68.0,0.5190028,5,0.8245011238749937,酶/表观遗传生化,medium,PubMed pair审计未见明确报道,0,0,是,是
97,第一轮候补,跨大领域老药新用,Rilpivirine Hydrochloride,感染性疾病,Infectious Disease,DNMT3A,急性髓系白血病,acute myeloid leukemia,血液肿瘤/血液病,67.98254666666666,0.349626,73,0.8577261614555013,酶/表观遗传生化,中,PubMed pair审计未见明确报道,0,0,否,否
98,第一轮候补,跨大领域老药新用,Rilpivirine Hydrochloride,感染性疾病,Infectious Disease,FGFR2,乳腺癌,breast carcinoma,实体瘤,67.82930855191475,0.3862914,21,0.7171426615665811,酶/表观遗传生化,medium,PubMed pair审计未见明确报道,0,0,否,否
99,第一轮候补,跨大领域老药新用,Rilpivirine Hydrochloride,感染性疾病,Infectious Disease,CHEK2,乳腺癌,breast carcinoma,实体瘤,67.78188542737742,0.36775023,39,0.7090462826982556,激酶生化/细胞,medium,PubMed pair审计未见明确报道,0,0,否,否
100,第一轮候补,跨大领域老药新用,Rilpivirine Hydrochloride,感染性疾病,Infectious Disease,AKT1,乳腺癌,breast carcinoma,实体瘤,66.84239212621793,0.388093,19,0.6250986130170937,激酶生化/细胞,medium,PubMed pair审计未见明确报道,0,0,否,否
101,第一轮候补,跨领域但同靶点家族扩展,Palbociclib,肿瘤,Oncology,PTPN11,急性髓系白血病,acute myeloid leukemia,血液肿瘤/血液病,66.49501120477304,0.47895718,38,0.6434226431750978,酶/表观遗传生化,medium,PubMed pair审计未见明确报道,0,0,否,是
102,第一轮候补,同领域新靶点/新病种探索,Enzalutamide,肿瘤,Oncology,PTPN11,急性髓系白血病,acute myeloid leukemia,血液肿瘤/血液病,66.27122640477303,0.45273322,60,0.6434226431750978,酶/表观遗传生化,medium,PubMed pair审计未见明确报道,0,0,是,否
103,第一轮候补,同领域新靶点/新病种探索,Apalutamide,肿瘤,Oncology,PTPN11,急性髓系白血病,acute myeloid leukemia,血液肿瘤/血液病,66.16684053810636,0.45049638,18,0.6434226431750978,酶/表观遗传生化,medium,PubMed pair审计未见明确报道,0,0,是,否
104,第一轮候补,跨大领域老药新用,Netupitant,肿瘤,Oncology,MAP2K1,黑色素瘤,melanoma,实体瘤,66.12632434073458,0.3217322,43,0.7309105929215368,激酶生化/细胞,medium,PubMed pair审计未见明确报道,0,0,否,否
105,第一轮候补,跨大领域老药新用,Rilpivirine Hydrochloride,感染性疾病,Infectious Disease,AKT2,乳腺癌,breast cancer,实体瘤,66.10214926762771,0.39727473,17,0.5731553422649348,激酶生化/细胞,medium,PubMed pair审计未见明确报道,0,0,否,否
106,第一轮候补,跨大领域老药新用,Rilpivirine Hydrochloride,感染性疾病,Infectious Disease,PTPN11,急性髓系白血病,acute myeloid leukemia,血液肿瘤/血液病,66.01401020477303,0.38293573,23,0.6434226431750978,酶/表观遗传生化,medium,PubMed pair审计未见明确报道,0,0,否,否
107,第一轮候补,跨大领域老药新用,Doravirine,未知,,NR3C1,浆细胞骨髓瘤,plasma cell myeloma,血液肿瘤/血液病,65.98825333951291,0.51468325,10,0.6217001484227961,核受体/转录因子 reporter,medium,PubMed pair审计未见明确报道,0,0,否,否
108,第一轮候补,跨大领域老药新用,Rilpivirine Hydrochloride,感染性疾病,Infectious Disease,CDK4,乳腺癌,breast cancer,实体瘤,65.82133631738378,0.36350212,46,0.6307216615133534,激酶生化/细胞,medium,PubMed pair审计未见明确报道,0,0,否,否
109,第一轮候补,跨领域但同靶点家族扩展,Infigratinib Phosphate,肿瘤,Oncology,EGFR,非小细胞肺癌,non-small cell lung carcinoma,实体瘤,65.80184773333333,0.49575388,9,0.8525670184292347,激酶生化/细胞,medium,上市后文献有新靶点线索,5,4,否,是
110,第一轮候补,跨大领域老药新用,Dasabuvir Sodium,感染性疾病,Infectious Disease,BRAF,黑色素瘤,melanoma,实体瘤,65.58819206666666,0.27688983,2,0.819548256089721,激酶生化/细胞,medium,PubMed pair审计未见明确报道,0,0,否,否
111,第一轮候补,跨大领域老药新用,Maraviroc,感染性疾病,Infectious Disease,SCN4A,波动性肌强直,myotonia fluctuans,实体瘤,65.48077137322173,0.6193163,29,0.5547009499209655,离子通道功能,medium,PubMed pair审计未见明确报道,0,0,否,否
112,第一轮候补,跨大领域老药新用,Doravirine,未知,,BRAF,黑色素瘤,melanoma,实体瘤,65.22575173333334,0.39769468,31,0.819548256089721,激酶生化/细胞,medium,上市后文献有新靶点线索,2,2,否,否
113,第一轮候补,跨大领域老药新用,Emtricitabine,感染性疾病,Infectious Disease,MAP2K1,肝细胞癌,hepatocellular carcinoma,实体瘤,65.09977198534006,0.5244312,24,0.315545421570669,激酶生化/细胞,medium,PubMed pair审计未见明确报道,0,0,否,否
114,第一轮候补,同领域同靶点家族扩展,Selpercatinib,肿瘤,Oncology,AKT1,乳腺癌,breast carcinoma,实体瘤,65.0647187928846,0.5719569,20,0.6250986130170937,激酶生化/细胞,中,PubMed pair审计未见明确报道,0,0,是,是
115,第一轮候补,同领域同靶点家族扩展,Tucatinib,肿瘤,Oncology,PDGFRA,胃肠道间质瘤,gastrointestinal stromal tumor,实体瘤,65.05527453333333,0.43689874,5,0.8245011238749937,酶/表观遗传生化,medium,PubMed pair审计未见明确报道,0,0,是,是
116,第一轮候补,跨大领域老药新用,Emtricitabine,感染性疾病,Infectious Disease,JAK1,浆细胞骨髓瘤,plasma cell myeloma,血液肿瘤/血液病,64.91990997732191,0.5116364,31,0.3075515545476405,激酶生化/细胞,medium,PubMed pair审计未见明确报道,0,0,否,否
117,第一轮候补,跨大领域老药新用,Ulipristal Acetate,内分泌/代谢,Endocrinology/Metabolic,RAF1,扩张型心肌病,dilated cardiomyopathy,心血管,64.82840170528435,0.3130472,30,0.6912384757904153,激酶生化/细胞,medium,PubMed pair审计未见明确报道,0,0,否,否
118,第一轮候补,同领域同靶点家族扩展,Larotrectinib Sulfate,肿瘤,Oncology,CDK6,乳腺癌,breast carcinoma,实体瘤,64.73219757559252,0.5180267,10,0.6103198922485568,激酶生化/细胞,medium,PubMed pair审计未见明确报道,0,0,是,是
119,第一轮候补,跨大领域老药新用,Abiraterone Acetate,肿瘤,Oncology,KCNJ2,心律失常,cardiac arrhythmia,心血管,64.7046079290238,0.53880787,43,0.5202047968455021,离子通道功能,medium,PubMed pair审计未见明确报道,0,0,否,否
120,第一轮候补,跨大领域老药新用,Infigratinib Phosphate,肿瘤,Oncology,SLC12A3,慢性肾病,chronic kidney disease,肾脏,64.48940442151365,0.40706992,12,0.6144951772524586,转运体摄取/外排,medium,PubMed pair审计未见明确报道,0,0,否,否
121,第一轮候补,跨领域但同靶点家族扩展,Fostamatinib Disodium,免疫/炎症,Immunology/Inflammation,RET,非小细胞肺癌,non-small cell lung carcinoma,实体瘤,64.26532912427038,0.37978193,6,0.7055780321897952,激酶生化/细胞,中,PubMed pair审计未见明确报道,0,0,否,是
122,第一轮候补,跨大领域老药新用,Fludarabine Phosphate,肿瘤,Oncology,KCNK3,肺动脉高压,pulmonary arterial hypertension,心血管,64.26503418496569,0.54970104,15,0.5006681859984753,离子通道功能,medium,PubMed pair审计未见明确报道,0,0,否,否
123,第一轮候补,跨大领域老药新用,Lubiprostone,胃肠/消化,Gastroenterology,JAK3,皮炎,dermatitis,皮肤/免疫,64.18657411761757,0.44664273,33,0.3856257800422626,激酶生化/细胞,medium,PubMed pair审计未见明确报道,0,0,否,否
124,第一轮候补,跨大领域老药新用,Rilpivirine Hydrochloride,感染性疾病,Infectious Disease,PRKCB,弥漫大B细胞淋巴瘤,diffuse large B-cell lymphoma,血液肿瘤/血液病,63.86805343787859,0.45179585,8,0.3607813527946042,激酶生化/细胞,medium,PubMed pair审计未见明确报道,0,0,否,否
125,第一轮候补,跨大领域老药新用,Obeticholic Acid,其他,Other,BCL2,B细胞慢性淋巴细胞白血病,B-cell chronic lymphocytic leukemia,血液肿瘤/血液病,63.68696554314289,0.52599865,5,0.7416429130285728,离子通道功能,medium,上市后文献有新靶点线索,3,3,否,否
126,第一轮候补,同领域新靶点/新病种探索,Cyclobenzaprine Hydrochloride,神经/精神,Neurology/Psychiatry,SCN2A,双相障碍,bipolar disorder,神经/精神,63.67216550808544,0.44876504,4,0.7139169025815748,离子通道功能,中,PubMed pair审计未见明确报道,0,0,是,否
127,第一轮候补,跨大领域老药新用,Netupitant,肿瘤,Oncology,PTPN11,急性髓系白血病,acute myeloid leukemia,血液肿瘤/血液病,63.54111647143969,0.32994515,33,0.6434226431750978,酶/表观遗传生化,medium,PubMed pair审计未见明确报道,0,0,否,否
128,第一轮候补,跨大领域老药新用,Givinostat Hydrochloride,肿瘤,Oncology,KDR,肝细胞癌,hepatocellular carcinoma,实体瘤,63.531797990242,0.31317872,8,0.6777833062329777,酶/表观遗传生化,medium,PubMed pair审计未见明确报道,0,0,否,否
129,第一轮候补,跨大领域老药新用,Atazanavir Sulfate,感染性疾病,Infectious Disease,MMP3,乳腺癌,breast cancer,实体瘤,63.43198348556351,0.5120554,3,0.2858659326917113,酶/表观遗传生化,medium,PubMed pair审计未见明确报道,0,0,否,否
130,第一轮候补,跨大领域老药新用,Obeticholic Acid,其他,Other,RAF1,扩张型心肌病,dilated cardiomyopathy,心血管,63.36496023861767,0.28168774,90,0.6912384757904153,激酶生化/细胞,中,PubMed pair审计未见明确报道,0,0,否,否
131,第一轮候补,跨大领域老药新用,Lopinavir,感染性疾病,Infectious Disease,KLK3,前列腺癌,prostate cancer,实体瘤,63.269194079302224,0.33410957,3,0.6226998879689877,酶/表观遗传生化,medium,PubMed pair审计未见明确报道,0,0,否,否
132,第一轮候补,同领域新靶点/新病种探索,Bicalutamide,肿瘤,Oncology,AKT1,乳腺癌,breast carcinoma,实体瘤,63.064718792884605,0.50478417,63,0.6250986130170937,激酶生化/细胞,medium,上市后文献有新靶点线索,2,1,是,否
133,第一轮候补,同领域新靶点/新病种探索,Bicalutamide,肿瘤,Oncology,DNMT3A,急性髓系白血病,acute myeloid leukemia,血液肿瘤/血液病,63.0,0.5402651,32,0.8577261614555013,酶/表观遗传生化,中高,上市后文献有新靶点线索,3,3,是,否
134,第一轮候补,同领域同靶点家族扩展,Pazopanib Hydrochloride,肿瘤,Oncology,EGFR,非小细胞肺癌,non-small cell lung carcinoma,实体瘤,63.0,0.5651659,12,0.8525670184292347,激酶生化/细胞,medium,上市后文献有新靶点线索,58,56,是,是
135,第一轮候补,跨领域但同靶点家族扩展,Fostamatinib Disodium,免疫/炎症,Immunology/Inflammation,FLT3,急性髓系白血病,acute myeloid leukemia,血液肿瘤/血液病,62.947933199999994,0.30602714,14,0.8354100756215777,激酶生化/细胞,medium,PubMed pair审计未见明确报道,0,0,否,是
136,第一轮候补,同领域新靶点/新病种探索,Bicalutamide,肿瘤,Oncology,CDK6,乳腺癌,breast carcinoma,实体瘤,62.73219757559252,0.54905325,19,0.6103198922485568,激酶生化/细胞,medium,上市后文献有新靶点线索,2,2,是,否
137,第一轮候补,跨大领域老药新用,Doravirine And Islatravir,感染性疾病,Infectious Disease,RAF1,急性髓系白血病,acute myeloid leukemia,血液肿瘤/血液病,62.63169118813735,0.37818822,36,0.4584995965098081,激酶生化/细胞,medium,PubMed pair审计未见明确报道,0,0,否,否
138,第一轮候补,跨领域但同靶点家族扩展,Infigratinib Phosphate,肿瘤,Oncology,KDR,肝细胞癌,hepatocellular carcinoma,实体瘤,62.25012439024199,0.5896098,7,0.6777833062329777,酶/表观遗传生化,medium,上市前或窗口外报道,1,0,否,是
139,第一轮候补,跨领域但同靶点家族扩展,Fostamatinib Disodium,免疫/炎症,Immunology/Inflammation,PDGFRA,胃肠道间质瘤,gastrointestinal stromal tumor,实体瘤,61.98111133333333,0.3067381,13,0.8245011238749937,酶/表观遗传生化,medium,PubMed pair审计未见明确报道,0,0,否,是
140,第一轮候补,跨大领域老药新用,Doravirine,未知,,FTO,乳腺癌,breast cancer,实体瘤,61.910332033335294,0.32721317,57,0.5766096637037913,酶/表观遗传生化,中,PubMed pair审计未见明确报道,0,0,否,否
141,第一轮候补,跨大领域老药新用,Atazanavir Sulfate,感染性疾病,Infectious Disease,KLK3,前列腺癌,prostate cancer,实体瘤,61.877684145968885,0.3042915,78,0.6226998879689877,酶/表观遗传生化,中,PubMed pair审计未见明确报道,0,0,否,否
142,第一轮候补,跨大领域老药新用,Ozanimod Hydrochloride,神经/精神,Neurology/Psychiatry,NR3C1,银屑病,psoriasis,皮肤/免疫,60.96707087626924,0.39856422,13,0.6089218048712254,核受体/转录因子 reporter,medium,PubMed pair审计未见明确报道,0,0,否,否
143,第一轮候补,同领域同靶点家族扩展,Selpercatinib,肿瘤,Oncology,AKT2,乳腺癌,breast cancer,实体瘤,60.89599520096104,0.56475073,22,0.5731553422649348,激酶生化/细胞,中高,PubMed pair审计未见明确报道,0,0,是,是
144,第一轮候补,同领域同靶点家族扩展,Cabozantinib S-Malate,肿瘤,Oncology,RET,非小细胞肺癌,non-small cell lung carcinoma,实体瘤,60.8755057242704,0.6910026,3,0.7055780321897952,激酶生化/细胞,medium,上市后文献有新靶点线索,228,224,是,是
145,第一轮候补,跨大领域老药新用,Cobicistat,未知,,SLC34A2,肺鳞癌,squamous cell lung carcinoma,实体瘤,60.846983677136194,0.44692403,69,0.3699494345393864,转运体摄取/外排,medium,PubMed pair审计未见明确报道,0,0,否,否
146,第一轮候补,同领域同靶点家族扩展,Bosutinib Monohydrate,肿瘤,Oncology,RET,非小细胞肺癌,non-small cell lung carcinoma,实体瘤,60.68228099093706,0.49585947,23,0.7055780321897952,激酶生化/细胞,medium,上市后文献有新靶点线索,1,1,是,是
147,第一轮候补,跨大领域老药新用,Tecovirimat,感染性疾病,Infectious Disease,NTRK2,乳腺癌,breast carcinoma,实体瘤,60.611652978300015,0.42824835,31,0.3093361471837043,酶/表观遗传生化,medium,PubMed pair审计未见明确报道,0,0,否,否
148,第一轮候补,同领域新靶点/新病种探索,Apalutamide,肿瘤,Oncology,CDK6,乳腺癌,breast carcinoma,实体瘤,60.55444250892586,0.45333382,8,0.6103198922485568,激酶生化/细胞,medium,上市后文献有新靶点线索,1,1,是,否
149,第一轮候补,跨大领域老药新用,Lubiprostone,胃肠/消化,Gastroenterology,AKT1,精神分裂症,schizophrenia,神经/精神,60.531125164775204,0.4990404,5,0.1144847332492684,激酶生化/细胞,medium,PubMed pair审计未见明确报道,0,0,否,否
150,第一轮候补,同领域同靶点家族扩展,Bosutinib Monohydrate,肿瘤,Oncology,PDGFRA,胃肠道间质瘤,gastrointestinal stromal tumor,实体瘤,60.50512806666666,0.46796703,24,0.8245011238749937,酶/表观遗传生化,medium,上市后文献有新靶点线索,1,1,是,是
151,第一轮候补,跨大领域老药新用,Conivaptan Hydrochloride,胃肠/消化,Gastroenterology,KDR,肝细胞癌,hepatocellular carcinoma,实体瘤,60.369066390242,0.2454059,29,0.6777833062329777,酶/表观遗传生化,中,PubMed pair审计未见明确报道,0,0,否,否
152,第一轮候补,跨大领域老药新用,Fosamprenavir Calcium,感染性疾病,Infectious Disease,KLK3,前列腺癌,prostate cancer,实体瘤,60.33743074596889,0.27128607,37,0.6226998879689877,酶/表观遗传生化,中,PubMed pair审计未见明确报道,0,0,否,否
153,第一轮候补,同领域新靶点/新病种探索,Abiraterone Acetate,肿瘤,Oncology,SLC34A2,肺鳞癌,squamous cell lung carcinoma,实体瘤,60.32386227713619,0.5505531,37,0.3699494345393864,转运体摄取/外排,中,PubMed pair审计未见明确报道,0,0,是,否
154,第一轮候补,跨大领域老药新用,Rolapitant Hydrochloride,胃肠/消化,Gastroenterology,CDK4,乳腺癌,breast cancer,实体瘤,60.26861058405045,0.24451514,12,0.6307216615133534,激酶生化/细胞,medium,PubMed pair审计未见明确报道,0,0,否,否
155,第一轮候补,跨大领域老药新用,Maraviroc,感染性疾病,Infectious Disease,TYR,黑色素瘤,melanoma,实体瘤,60.10922460174167,0.29896694,95,0.5551452178551856,酶/表观遗传生化,中,PubMed pair审计未见明确报道,0,0,否,否
156,第一轮候补,同领域同靶点家族扩展,Regorafenib,肿瘤,Oncology,EGFR,非小细胞肺癌,non-small cell lung carcinoma,实体瘤,60.06087360000001,0.43701872,4,0.8525670184292347,激酶生化/细胞,medium,上市后文献有新靶点线索,173,173,是,是
157,第一轮候补,同领域同靶点家族扩展,Larotrectinib Sulfate,肿瘤,Oncology,TOP2A,小细胞肺癌,small cell lung carcinoma,实体瘤,60.04521782936581,0.5060046,25,0.5797874590829253,酶/表观遗传生化,中高,PubMed pair审计未见明确报道,0,0,是,是
158,第一轮候补,跨大领域老药新用,Rilpivirine Hydrochloride,感染性疾病,Infectious Disease,FGFR1,乳腺癌,breast carcinoma,实体瘤,60.03585477194626,0.40368992,14,0.334681118753167,酶/表观遗传生化,medium,PubMed pair审计未见明确报道,0,0,否,否
159,第一轮候补,同领域同靶点家族扩展,Larotrectinib Sulfate,肿瘤,Oncology,AKT2,乳腺癌,breast cancer,实体瘤,59.85716720096103,0.4777394,41,0.5731553422649348,激酶生化/细胞,中高,PubMed pair审计未见明确报道,0,0,是,是
160,第一轮候补,跨大领域老药新用,Nevirapine,感染性疾病,Infectious Disease,SLC34A2,肺鳞癌,squamous cell lung carcinoma,实体瘤,59.833970277136196,0.4252166,69,0.3699494345393864,转运体摄取/外排,中,PubMed pair审计未见明确报道,0,0,否,否
161,第一轮候补,跨大领域老药新用,Ulipristal Acetate,内分泌/代谢,Endocrinology/Metabolic,FTO,心律失常,cardiac arrhythmia,心血管,59.727466899252775,0.38424885,12,0.3612972103371606,酶/表观遗传生化,medium,PubMed pair审计未见明确报道,0,0,否,否
162,第一轮候补,同领域同靶点家族扩展,Afatinib Dimaleate,肿瘤,Oncology,RET,非小细胞肺癌,non-small cell lung carcinoma,实体瘤,59.69561372427039,0.4747166,8,0.7055780321897952,激酶生化/细胞,medium,上市后文献有新靶点线索,23,23,是,是
163,第一轮候补,同领域同靶点家族扩展,Regorafenib,肿瘤,Oncology,PDGFRA,胃肠道间质瘤,gastrointestinal stromal tumor,实体瘤,59.67141546666667,0.45010176,3,0.8245011238749937,酶/表观遗传生化,medium,上市后文献有新靶点线索,99,98,是,是
164,第一轮候补,同领域新靶点/新病种探索,Enzalutamide,肿瘤,Oncology,AKT3,乳腺癌,breast carcinoma,实体瘤,59.529121087773284,0.51494265,12,0.2012942705677015,激酶生化/细胞,中,PubMed pair审计未见明确报道,0,0,是,否
165,第一轮候补,跨大领域老药新用,Atazanavir Sulfate,感染性疾病,Infectious Disease,MMP2,黑色素瘤,melanoma,实体瘤,59.452470936226085,0.5884728,1,0.108998708276715,酶/表观遗传生化,medium,PubMed pair审计未见明确报道,0,0,否,否
166,第一轮候补,跨大领域老药新用,Ozanimod Hydrochloride,神经/精神,Neurology/Psychiatry,RARA,银屑病,psoriasis,皮肤/免疫,59.441315151747006,0.26694703,57,0.5918720185961631,酶/表观遗传生化,medium,PubMed pair审计未见明确报道,0,0,否,否
167,第一轮候补,跨大领域老药新用,Varenicline Tartrate,肿瘤,Oncology,EGFR,非小细胞肺癌,non-small cell lung carcinoma,实体瘤,59.382883,0.27249035,1,0.8525670184292347,激酶生化/细胞,medium,上市后文献有新靶点线索,2,2,否,否
168,第一轮候补,同领域同靶点家族扩展,Pazopanib Hydrochloride,肿瘤,Oncology,KDR,肝细胞癌,hepatocellular carcinoma,实体瘤,59.25012439024199,0.91104007,5,0.6777833062329777,酶/表观遗传生化,medium,上市后文献有新靶点线索,29,29,是,是
169,第一轮候补,同领域同靶点家族扩展,Larotrectinib Sulfate,肿瘤,Oncology,CDK4,乳腺癌,breast cancer,实体瘤,59.19123738405045,0.5180267,9,0.6307216615133534,激酶生化/细胞,medium,上市后文献有新靶点线索,4,4,是,是
170,第一轮候补,跨大领域老药新用,Ulipristal Acetate,内分泌/代谢,Endocrinology/Metabolic,PTPN11,急性髓系白血病,acute myeloid leukemia,血液肿瘤/血液病,59.1055230714397,0.23489672,77,0.6434226431750978,酶/表观遗传生化,中,PubMed pair审计未见明确报道,0,0,否,否
171,第一轮候补,跨大领域老药新用,Rolapitant Hydrochloride,胃肠/消化,Gastroenterology,PTPN11,急性髓系白血病,acute myeloid leukemia,血液肿瘤/血液病,58.991726871439695,0.23245823,43,0.6434226431750978,酶/表观遗传生化,medium,PubMed pair审计未见明确报道,0,0,否,否
172,第一轮候补,跨大领域老药新用,Netupitant,肿瘤,Oncology,SCN5A,心律失常,cardiac arrhythmia,心血管,58.85929061909333,0.33214355,30,0.7863374052930366,离子通道功能,medium,PubMed pair审计未见明确报道,0,0,否,否
173,第一轮候补,同领域同靶点家族扩展,Selpercatinib,肿瘤,Oncology,CDK4,乳腺癌,breast cancer,实体瘤,58.69392938405045,0.4893434,70,0.6307216615133534,激酶生化/细胞,medium,上市后文献有新靶点线索,1,1,是,是
174,第一轮候补,跨大领域老药新用,Lubiprostone,胃肠/消化,Gastroenterology,AKT3,癫痫,epilepsy,神经/精神,58.68609627372777,0.51757693,1,0.0304931677212343,激酶生化/细胞,medium,PubMed pair审计未见明确报道,0,0,否,否
175,第一轮候补,跨大领域老药新用,Daclatasvir Dihydrochloride,感染性疾病,Infectious Disease,SLC34A2,肺鳞癌,squamous cell lung carcinoma,实体瘤,58.655356943802865,0.3999606,59,0.3699494345393864,转运体摄取/外排,中,PubMed pair审计未见明确报道,0,0,否,否
176,第一轮候补,跨领域但同靶点家族扩展,Difluprednate,内分泌/代谢,Endocrinology/Metabolic,AR,前列腺癌,prostate carcinoma,实体瘤,58.550763809256495,0.52166164,2,0.7355895026336221,核受体/转录因子 reporter,high,PubMed pair审计未见明确报道,0,0,否,是
177,第一轮候补,跨大领域老药新用,Etravirine,感染性疾病,Infectious Disease,HCK,乳腺癌,breast cancer,实体瘤,58.54805931566345,0.3026084,7,0.4337629918072645,激酶生化/细胞,medium,PubMed pair审计未见明确报道,0,0,否,否
178,第一轮候补,跨大领域老药新用,Tecovirimat,感染性疾病,Infectious Disease,SLC34A2,肺鳞癌,squamous cell lung carcinoma,实体瘤,58.531450410469525,0.39730546,48,0.3699494345393864,转运体摄取/外排,medium,PubMed pair审计未见明确报道,0,0,否,否
179,第一轮候补,跨大领域老药新用,Rilpivirine Hydrochloride,感染性疾病,Infectious Disease,MAP2K1,肝细胞癌,hepatocellular carcinoma,实体瘤,58.46544545200672,0.35783586,63,0.315545421570669,激酶生化/细胞,中,PubMed pair审计未见明确报道,0,0,否,否
180,第一轮候补,跨大领域老药新用,Rilpivirine Hydrochloride,感染性疾病,Infectious Disease,MAP2K2,乳腺癌,breast carcinoma,实体瘤,58.32573631136566,0.36960638,37,0.284923196060696,激酶生化/细胞,medium,PubMed pair审计未见明确报道,0,0,否,否
181,第一轮候补,同领域新靶点/新病种探索,Atropine,神经/精神,Neurology/Psychiatry,SLC6A1,精神分裂症,schizophrenia,神经/精神,58.294763974410984,0.7685993,20,0.2797672877515993,转运体摄取/外排,medium,PubMed pair审计未见明确报道,0,0,是,否
182,第一轮候补,同领域新靶点/新病种探索,Lacosamide,神经/精神,Neurology/Psychiatry,SLC6A1,精神分裂症,schizophrenia,神经/精神,58.294763974410984,0.6323933,12,0.2797672877515993,转运体摄取/外排,medium,PubMed pair审计未见明确报道,0,0,是,否
183,第一轮候补,跨大领域老药新用,Alpelisib,肿瘤,Oncology,KCNK3,肺动脉高压,pulmonary arterial hypertension,心血管,58.13396751829902,0.36862,29,0.5006681859984753,离子通道功能,medium,PubMed pair审计未见明确报道,0,0,否,否
184,第一轮候补,跨大领域老药新用,Etravirine,感染性疾病,Infectious Disease,LYN,乳腺癌,breast cancer,实体瘤,58.04091387442311,0.29017866,10,0.4370033959002865,激酶生化/细胞,medium,PubMed pair审计未见明确报道,0,0,否,否
185,第一轮候补,同领域新靶点/新病种探索,Selinexor,肿瘤,Oncology,FLT3,急性髓系白血病,acute myeloid leukemia,血液肿瘤/血液病,57.90119093333333,0.30502552,8,0.8354100756215777,激酶生化/细胞,中,上市后文献有新靶点线索,8,5,是,否
186,第一轮候补,同领域同靶点家族扩展,Ribociclib Succinate,肿瘤,Oncology,PDGFRA,胃肠道间质瘤,gastrointestinal stromal tumor,实体瘤,57.897816066666664,0.28352463,47,0.8245011238749937,酶/表观遗传生化,medium,PubMed pair审计未见明确报道,0,0,是,是
187,第一轮候补,跨大领域老药新用,Atazanavir Sulfate,感染性疾病,Infectious Disease,MMP7,乳腺癌,breast cancer,实体瘤,57.89510177205083,0.36652273,34,0.3166240461652219,酶/表观遗传生化,medium,PubMed pair审计未见明确报道,0,0,否,否
188,第一轮候补,同领域同靶点家族扩展,Infigratinib Phosphate,肿瘤,Oncology,BTK,B细胞慢性淋巴细胞白血病,B-cell chronic lymphocytic leukemia,血液肿瘤/血液病,57.77298645158896,0.2983606,33,0.7192366719224723,激酶生化/细胞,medium,PubMed pair审计未见明确报道,0,0,是,是
189,第一轮候补,跨大领域老药新用,Etravirine,感染性疾病,Infectious Disease,ABL1,乳腺癌,breast cancer,实体瘤,57.458195850191885,0.2748605,14,0.4428758155640839,激酶生化/细胞,medium,PubMed pair审计未见明确报道,0,0,否,否
190,第一轮候补,跨大领域老药新用,Infigratinib Phosphate,肿瘤,Oncology,SLC12A1,慢性肾病,chronic kidney disease,肾脏,57.277473745861634,0.3096633,30,0.4959934701864431,转运体摄取/外排,medium,PubMed pair审计未见明确报道,0,0,否,否
191,第一轮候补,跨大领域老药新用,Rilpivirine Hydrochloride,感染性疾病,Infectious Disease,BMPR1A,乳腺癌,breast carcinoma,实体瘤,57.190988003244534,0.36350212,44,0.2915950697738313,酶/表观遗传生化,medium,PubMed pair审计未见明确报道,0,0,否,否
192,第一轮候补,跨大领域老药新用,Obeticholic Acid,其他,Other,KCNJ2,心律失常,cardiac arrhythmia,心血管,57.157461329023796,0.33827543,59,0.5202047968455021,离子通道功能,中,PubMed pair审计未见明确报道,0,0,否,否
193,第一轮候补,同领域同靶点家族扩展,Palbociclib,肿瘤,Oncology,CHEK2,乳腺癌,breast carcinoma,实体瘤,57.00018262737742,0.41528517,79,0.7090462826982556,激酶生化/细胞,medium,上市后文献有新靶点线索,4,4,是,是
194,第一轮候补,同领域同靶点家族扩展,Fulvestrant,肿瘤,Oncology,AR,前列腺癌,prostate cancer,实体瘤,57.0,0.68762946,8,0.8026045909519542,核受体/转录因子 reporter,medium,上市后文献有新靶点线索,51,18,是,是
195,第一轮候补,同领域同靶点家族扩展,Palbociclib,肿瘤,Oncology,HMGCR,结直肠癌,colorectal cancer,实体瘤,56.98578071906812,0.4782853,39,0.3555170393659904,酶/表观遗传生化,medium,PubMed pair审计未见明确报道,0,0,是,是
196,第一轮候补,跨大领域老药新用,Diroximel Fumarate,神经/精神,Neurology/Psychiatry,SLC5A2,慢性肾病,chronic kidney disease,肾脏,56.980315437122165,0.24042521,27,0.6263913616498742,转运体摄取/外排,medium,PubMed pair审计未见明确报道,0,0,否,否
197,第一轮候补,同领域同靶点家族扩展,Osimertinib Mesylate,肿瘤,Oncology,FLT3,急性髓系白血病,acute myeloid leukemia,血液肿瘤/血液病,56.97789066666667,0.3709548,5,0.8354100756215777,激酶生化/细胞,medium,上市后文献有新靶点线索,2,2,是,是
198,第一轮候补,跨大领域老药新用,Obeticholic Acid,其他,Other,HCN4,心律失常,cardiac arrhythmia,心血管,56.88223668010904,0.3195686,65,0.5467719413381795,离子通道功能,medium,PubMed pair审计未见明确报道,0,0,否,否
199,第一轮候补,同领域同靶点家族扩展,Larotrectinib Sulfate,肿瘤,Oncology,CHEK2,乳腺癌,breast carcinoma,实体瘤,56.86329436071075,0.41235185,85,0.7090462826982556,激酶生化/细胞,medium,上市后文献有新靶点线索,1,1,是,是
200,第一轮候补,跨大领域老药新用,"Elexacaftor, Ivacaftor, Tezacaftor",呼吸,Respiratory,IDH1,食管腺癌,esophageal adenocarcinoma,实体瘤,56.83527651463035,0.36238202,2,0.278108840650238,酶/表观遗传生化,medium,PubMed pair审计未见明确报道,0,0,否,否
201,第一轮候补,跨大领域老药新用,Siponimod,神经/精神,Neurology/Psychiatry,SLC34A2,肺鳞癌,squamous cell lung carcinoma,实体瘤,56.83382721046953,0.36092782,31,0.3699494345393864,转运体摄取/外排,medium,PubMed pair审计未见明确报道,0,0,否,否
202,第一轮候补,同领域同靶点家族扩展,Larotrectinib Sulfate,肿瘤,Oncology,HMGCR,结直肠癌,colorectal cancer,实体瘤,56.828125785734784,0.47490698,44,0.3555170393659904,酶/表观遗传生化,medium,PubMed pair审计未见明确报道,0,0,是,是
203,第一轮候补,同领域同靶点家族扩展,Palbociclib,肿瘤,Oncology,BMPR1A,乳腺癌,breast carcinoma,实体瘤,56.560889069911205,0.52171177,2,0.2915950697738313,酶/表观遗传生化,中,PubMed pair审计未见明确报道,0,0,是,是
204,第一轮候补,同领域同靶点家族扩展,Larotrectinib Sulfate,肿瘤,Oncology,BMPR1A,乳腺癌,breast carcinoma,实体瘤,56.560889069911205,0.5180267,7,0.2915950697738313,酶/表观遗传生化,中,PubMed pair审计未见明确报道,0,0,是,是
205,第一轮候补,跨大领域老药新用,Rilpivirine Hydrochloride,感染性疾病,Infectious Disease,AKT3,乳腺癌,breast carcinoma,实体瘤,56.56005635443995,0.37209147,33,0.2012942705677015,激酶生化/细胞,medium,PubMed pair审计未见明确报道,0,0,否,否
206,第一轮候补,跨大领域老药新用,Dasabuvir Sodium,感染性疾病,Infectious Disease,AR,前列腺癌,prostate cancer,实体瘤,56.55684766666667,0.21193245,12,0.8026045909519542,核受体/转录因子 reporter,medium,PubMed pair审计未见明确报道,0,0,否,否
207,第一轮候补,同领域同靶点家族扩展,Palbociclib,肿瘤,Oncology,NTRK2,乳腺癌,breast carcinoma,实体瘤,56.536424711633344,0.49092203,29,0.3093361471837043,酶/表观遗传生化,中,PubMed pair审计未见明确报道,0,0,是,是
208,第一轮候补,跨领域但同靶点家族扩展,Lubiprostone,胃肠/消化,Gastroenterology,GRIA2,帕金森病,Parkinson disease,神经/精神,56.25512561114743,0.47037816,20,0.3838879175324783,离子通道功能,medium,PubMed pair审计未见明确报道,0,0,否,是
209,第一轮候补,跨领域但同靶点家族扩展,Difluprednate,内分泌/代谢,Endocrinology/Metabolic,VDR,银屑病,psoriasis,皮肤/免疫,56.135417783631546,0.3718168,7,0.6274355755688095,核受体/转录因子 reporter,medium,PubMed pair审计未见明确报道,0,0,否,是
210,第一轮候补,跨领域但同靶点家族扩展,Bempedoic Acid,心血管,Cardiovascular,TYR,黑色素瘤,melanoma,实体瘤,56.10390646840834,0.29885298,24,0.5551452178551856,酶/表观遗传生化,medium,PubMed pair审计未见明确报道,0,0,否,是
211,第一轮候补,跨大领域老药新用,Ulipristal Acetate,内分泌/代谢,Endocrinology/Metabolic,HCN4,心律失常,cardiac arrhythmia,心血管,55.95137014677571,0.29962146,35,0.5467719413381795,离子通道功能,medium,PubMed pair审计未见明确报道,0,0,否,否
212,第一轮候补,同领域新靶点/新病种探索,Sonidegib Phosphate,肿瘤,Oncology,KCNN4,乳腺癌,breast cancer,实体瘤,55.90269837636052,0.56461996,4,0.2623421500604675,离子通道功能,中,PubMed pair审计未见明确报道,0,0,是,否
213,第一轮候补,同领域同靶点家族扩展,Osimertinib Mesylate,肿瘤,Oncology,PDGFRA,胃肠道间质瘤,gastrointestinal stromal tumor,实体瘤,55.882304733333335,0.36890653,6,0.8245011238749937,酶/表观遗传生化,medium,上市后文献有新靶点线索,1,1,是,是
214,第一轮候补,同领域同靶点家族扩展,Palbociclib,肿瘤,Oncology,PRKCB,弥漫大B细胞淋巴瘤,diffuse large B-cell lymphoma,血液肿瘤/血液病,55.85586723787859,0.49439186,27,0.3607813527946042,激酶生化/细胞,中高,PubMed pair审计未见明确报道,0,0,是,是
215,第一轮候补,跨大领域老药新用,Etravirine,感染性疾病,Infectious Disease,DDR2,胃肠道间质瘤,gastrointestinal stromal tumor,实体瘤,55.84074734990764,0.27944747,12,0.4059199444403396,酶/表观遗传生化,medium,PubMed pair审计未见明确报道,0,0,否,否
216,第一轮候补,同领域同靶点家族扩展,Bosutinib Monohydrate,肿瘤,Oncology,KIT,黑色素瘤,melanoma,实体瘤,55.72632779550208,0.5146524,22,0.4767256798000925,激酶生化/细胞,medium,上市后文献有新靶点线索,22,18,是,是
217,第一轮候补,同领域同靶点家族扩展,Afatinib Dimaleate,肿瘤,Oncology,KIT,黑色素瘤,melanoma,实体瘤,55.72632779550208,0.64466643,3,0.4767256798000925,激酶生化/细胞,medium,上市后文献有新靶点线索,26,25,是,是
218,第一轮候补,同领域同靶点家族扩展,Cabozantinib S-Malate,肿瘤,Oncology,KIT,黑色素瘤,melanoma,实体瘤,55.72632779550208,0.65549,5,0.4767256798000925,激酶生化/细胞,medium,上市后文献有新靶点线索,41,40,是,是
219,第一轮候补,同领域同靶点家族扩展,Larotrectinib Sulfate,肿瘤,Oncology,PRKCB,弥漫大B细胞淋巴瘤,diffuse large B-cell lymphoma,血液肿瘤/血液病,55.692903037878594,0.49089977,34,0.3607813527946042,激酶生化/细胞,中高,PubMed pair审计未见明确报道,0,0,是,是
220,第一轮候补,跨大领域老药新用,Ozanimod Hydrochloride,神经/精神,Neurology/Psychiatry,RXRA,银屑病,psoriasis,皮肤/免疫,55.66839565457104,0.29642022,41,0.5852793505735276,核受体/转录因子 reporter,中,PubMed pair审计未见明确报道,0,0,否,否
221,第一轮候补,跨大领域老药新用,Doravirine And Islatravir,感染性疾病,Infectious Disease,PPARG,乳腺癌,breast carcinoma,实体瘤,55.64721598687714,0.45114926,17,0.3078629860834285,酶/表观遗传生化,medium,上市后文献有新靶点线索,1,1,否,否
222,第一轮候补,同领域新靶点/新病种探索,Larotrectinib Sulfate,肿瘤,Oncology,KEAP1,乳腺癌,breast carcinoma,实体瘤,55.625178105388486,0.5180228,16,0.2944523602394882,核受体/转录因子 reporter,medium,PubMed pair审计未见明确报道,0,0,是,否
223,第一轮候补,跨大领域老药新用,Atazanavir Sulfate,感染性疾病,Infectious Disease,SLC34A2,肺鳞癌,squamous cell lung carcinoma,实体瘤,55.58924214380286,0.33425814,53,0.3699494345393864,转运体摄取/外排,medium,PubMed pair审计未见明确报道,0,0,否,否
224,第一轮候补,跨大领域老药新用,Selexipag,心血管,Cardiovascular,SLC34A2,肺鳞癌,squamous cell lung carcinoma,实体瘤,55.47934307713619,0.33190316,25,0.3699494345393864,转运体摄取/外排,medium,PubMed pair审计未见明确报道,0,0,否,否
225,第一轮候补,跨大领域老药新用,Rilpivirine Hydrochloride,感染性疾病,Infectious Disease,YES1,乳腺癌,breast carcinoma,实体瘤,55.426479203555665,0.40368226,15,0.0853914253432148,激酶生化/细胞,medium,PubMed pair审计未见明确报道,0,0,否,否
226,第一轮候补,同领域新靶点/新病种探索,Enzalutamide,肿瘤,Oncology,TGFBR1,乳腺癌,breast cancer,实体瘤,55.37456855278291,0.4711668,36,0.1208941282718332,酶/表观遗传生化,中,PubMed pair审计未见明确报道,0,0,是,否
227,第一轮候补,同领域同靶点家族扩展,Selpercatinib,肿瘤,Oncology,RAF1,急性髓系白血病,acute myeloid leukemia,血液肿瘤/血液病,55.31624092147068,0.5296398,41,0.4584995965098081,激酶生化/细胞,medium,上市后文献有新靶点线索,1,1,是,是
228,第一轮候补,跨大领域老药新用,Maraviroc,感染性疾病,Infectious Disease,SLC6A4,口腔鳞癌,oral cavity squamous cell carcinoma,实体瘤,55.236499947211755,0.82454574,3,0.0105111087649668,转运体摄取/外排,medium,PubMed pair审计未见明确报道,0,0,否,否
229,第一轮候补,跨大领域老药新用,Cobicistat,未知,,SLC6A4,口腔鳞癌,oral cavity squamous cell carcinoma,实体瘤,55.236499947211755,0.60985804,26,0.0105111087649668,转运体摄取/外排,medium,PubMed pair审计未见明确报道,0,0,否,否
230,第一轮候补,跨大领域老药新用,Obeticholic Acid,其他,Other,EZH2,乳腺癌,breast cancer,实体瘤,55.17285556708907,0.375978,39,0.1760243955743292,酶/表观遗传生化,medium,PubMed pair审计未见明确报道,0,0,否,否
231,第一轮候补,跨大领域老药新用,Lamivudine,感染性疾病,Infectious Disease,SLC34A2,肺鳞癌,squamous cell lung carcinoma,实体瘤,55.158299277136194,0.32502365,51,0.3699494345393864,转运体摄取/外排,中,PubMed pair审计未见明确报道,0,0,否,否
232,第一轮候补,同领域同靶点家族扩展,Larotrectinib Sulfate,肿瘤,Oncology,SYK,弥漫大B细胞淋巴瘤,diffuse large B-cell lymphoma,血液肿瘤/血液病,55.089796984824744,0.4351363,69,0.3163008733996184,激酶生化/细胞,medium,PubMed pair审计未见明确报道,0,0,是,是
233,第一轮候补,同领域同靶点家族扩展,Regorafenib,肿瘤,Oncology,RET,非小细胞肺癌,non-small cell lung carcinoma,实体瘤,55.07091672427039,0.37561595,7,0.7055780321897952,激酶生化/细胞,medium,上市后文献有新靶点线索,33,32,是,是
234,第一轮候补,跨领域但同靶点家族扩展,Fostamatinib Disodium,免疫/炎症,Immunology/Inflammation,KIT,黑色素瘤,melanoma,实体瘤,54.91160586216874,0.28968453,16,0.4767256798000925,激酶生化/细胞,medium,PubMed pair审计未见明确报道,0,0,否,是
235,第一轮候补,跨领域但同靶点家族扩展,Fedratinib Hydrochloride,免疫/炎症,Immunology/Inflammation,KDR,肝细胞癌,hepatocellular carcinoma,实体瘤,54.81633132357533,0.27641872,11,0.6777833062329777,酶/表观遗传生化,中高,PubMed pair审计未见明确报道,0,0,否,是
236,第一轮候补,同领域同靶点家族扩展,Ribociclib Succinate,肿瘤,Oncology,EPHA3,肝细胞癌,hepatocellular carcinoma,实体瘤,54.815030893278,0.51516056,5,0.2140013730345777,酶/表观遗传生化,中,PubMed pair审计未见明确报道,0,0,是,是
237,第一轮候补,同领域同靶点家族扩展,Ribociclib Succinate,肿瘤,Oncology,HCK,乳腺癌,breast cancer,实体瘤,54.75966731566345,0.53576016,1,0.4337629918072645,激酶生化/细胞,high,PubMed pair审计未见明确报道,0,0,是,是
238,第一轮候补,跨领域但同靶点家族扩展,Palbociclib,肿瘤,Oncology,TGFBR1,乳腺癌,breast carcinoma,实体瘤,54.71332552863559,0.51825565,13,0.076147801272693,酶/表观遗传生化,medium,PubMed pair审计未见明确报道,0,0,否,是
239,第一轮候补,跨领域但同靶点家族扩展,Larotrectinib Sulfate,肿瘤,Oncology,TGFBR1,乳腺癌,breast carcinoma,实体瘤,54.71332552863559,0.514595,18,0.076147801272693,酶/表观遗传生化,medium,PubMed pair审计未见明确报道,0,0,否,是
240,第一轮候补,跨大领域老药新用,Doravirine,未知,,VDR,乳腺癌,breast carcinoma,实体瘤,54.65744717540495,0.5773978,2,0.118108763351331,核受体/转录因子 reporter,medium,PubMed pair审计未见明确报道,0,0,否,否
241,第一轮候补,跨大领域老药新用,Dronabinol,胃肠/消化,Gastroenterology,KCNMA1,精神分裂症,schizophrenia,神经/精神,54.59319342889222,0.61131656,10,0.0708085968396544,离子通道功能,medium,PubMed pair审计未见明确报道,0,0,否,否
242,第一轮候补,同领域新靶点/新病种探索,Sonidegib Phosphate,肿瘤,Oncology,SRD5A2,前列腺癌,prostate cancer,实体瘤,54.52338054481664,0.23557541,65,0.5716975442140728,酶/表观遗传生化,medium,PubMed pair审计未见明确报道,0,0,是,否
243,第一轮候补,跨领域但同靶点家族扩展,Larotrectinib Sulfate,肿瘤,Oncology,MAP2K2,心肌梗死,myocardial infarction,心血管,54.494775030459145,0.50026643,28,0.0219900013537397,激酶生化/细胞,medium,PubMed pair审计未见明确报道,0,0,否,是
244,第一轮候补,同领域同靶点家族扩展,Selpercatinib,肿瘤,Oncology,MAP2K2,乳腺癌,breast carcinoma,实体瘤,54.41077191136566,0.56307423,24,0.284923196060696,激酶生化/细胞,中高,PubMed pair审计未见明确报道,0,0,是,是
245,第一轮候补,同领域同靶点家族扩展,Tucatinib,肿瘤,Oncology,KIT,黑色素瘤,melanoma,实体瘤,54.385978062168746,0.47127822,3,0.4767256798000925,激酶生化/细胞,high,PubMed pair审计未见明确报道,0,0,是,是
246,第一轮候补,跨大领域老药新用,Varenicline Tartrate,肿瘤,Oncology,CACNA1H,癫痫,epilepsy,神经/精神,54.301013044249444,0.23206626,2,0.6135372256703459,离子通道功能,中,PubMed pair审计未见明确报道,0,0,否,否
247,第一轮候补,同领域同靶点家族扩展,Dexmethylphenidate Hydrochloride,神经/精神,Neurology/Psychiatry,SLC6A1,精神分裂症,schizophrenia,神经/精神,54.294763974410984,0.51291984,6,0.2797672877515993,转运体摄取/外排,medium,PubMed pair审计未见明确报道,0,0,是,是
248,第一轮候补,跨大领域老药新用,Bempedoic Acid,心血管,Cardiovascular,SLC34A2,肺鳞癌,squamous cell lung carcinoma,实体瘤,54.121402810469526,0.30280444,20,0.3699494345393864,转运体摄取/外排,medium,PubMed pair审计未见明确报道,0,0,否,否
249,第一轮候补,同领域同靶点家族扩展,Regorafenib,肿瘤,Oncology,KIT,黑色素瘤,melanoma,实体瘤,54.055521128835416,0.464197,2,0.4767256798000925,激酶生化/细胞,medium,上市后文献有新靶点线索,172,170,是,是
250,第一轮候补,同领域新靶点/新病种探索,Fulvestrant,肿瘤,Oncology,EZH2,乳腺癌,breast cancer,实体瘤,54.04818730042241,0.41616368,86,0.1760243955743292,酶/表观遗传生化,中,PubMed pair审计未见明确报道,0,0,是,否
251,第一轮候补,同领域同靶点家族扩展,Selpercatinib,肿瘤,Oncology,NTRK2,乳腺癌,breast carcinoma,实体瘤,53.96006331163335,0.5287762,43,0.3093361471837043,酶/表观遗传生化,中高,PubMed pair审计未见明确报道,0,0,是,是
252,第一轮候补,跨大领域老药新用,Fosnetupitant Chloride Hydrochloride,胃肠/消化,Gastroenterology,KCNK3,肺动脉高压,pulmonary arterial hypertension,心血管,53.777700451632356,0.27527142,11,0.5006681859984753,离子通道功能,medium,PubMed pair审计未见明确报道,0,0,否,否
253,第一轮候补,同领域新靶点/新病种探索,Siponimod,神经/精神,Neurology/Psychiatry,SLC6A1,精神分裂症,schizophrenia,神经/精神,53.73640690774432,0.40232092,18,0.2797672877515993,转运体摄取/外排,中,PubMed pair审计未见明确报道,0,0,是,否
254,第一轮候补,跨大领域老药新用,Doravirine,未知,,PGR,子宫内膜癌,endometrial cancer,实体瘤,53.717982246069724,0.33634454,52,0.4157883131586546,核受体/转录因子 reporter,中,PubMed pair审计未见明确报道,0,0,否,否
255,第一轮候补,跨领域但同靶点家族扩展,Trifarotene,肿瘤,Oncology,VDR,银屑病,psoriasis,皮肤/免疫,53.63710938363154,0.31828162,41,0.6274355755688095,核受体/转录因子 reporter,medium,PubMed pair审计未见明确报道,0,0,否,是
256,第一轮候补,同领域新靶点/新病种探索,Atropine,神经/精神,Neurology/Psychiatry,GABRA1,双相障碍,bipolar disorder,免疫/炎症,53.330122603895205,0.6090317,55,0.4146721157286756,离子通道功能,medium,上市后文献有新靶点线索,1,1,是,否
257,第一轮候补,同领域同靶点家族扩展,Trifarotene,肿瘤,Oncology,ESR1,乳腺癌,breast cancer,实体瘤,53.30163170581969,0.4517688,9,0.7356631572956897,核受体/转录因子 reporter,high,PubMed pair审计未见明确报道,0,0,是,是
258,第一轮候补,同领域同靶点家族扩展,Ribociclib Succinate,肿瘤,Oncology,FLT3,急性髓系白血病,acute myeloid leukemia,血液肿瘤/血液病,53.296914533333336,0.29207674,46,0.8354100756215777,激酶生化/细胞,medium,上市后文献有新靶点线索,1,1,是,是
259,第一轮候补,跨大领域老药新用,Darunavir,感染性疾病,Infectious Disease,SLC34A2,肺鳞癌,squamous cell lung carcinoma,实体瘤,53.09764487713619,0.28086677,37,0.3699494345393864,转运体摄取/外排,中,PubMed pair审计未见明确报道,0,0,否,否
260,第一轮候补,跨大领域老药新用,Rilpivirine Hydrochloride,感染性疾病,Infectious Disease,SRC,乳腺癌,breast carcinoma,实体瘤,53.01499476216934,0.3700447,35,0.3146477968371557,激酶生化/细胞,medium,上市后文献有新靶点线索,4,4,否,否
261,第一轮候补,同领域同靶点家族扩展,Infigratinib Phosphate,肿瘤,Oncology,ABL1,急性髓系白血病,acute myeloid leukemia,血液肿瘤/血液病,52.98885378030247,0.39825457,14,0.4327543931986286,激酶生化/细胞,中高,PubMed pair审计未见明确报道,0,0,是,是
262,第一轮候补,同领域同靶点家族扩展,Enzalutamide,肿瘤,Oncology,NR3C1,浆细胞骨髓瘤,plasma cell myeloma,血液肿瘤/血液病,52.98825333951291,0.51879096,10,0.6217001484227961,核受体/转录因子 reporter,medium,上市后文献有新靶点线索,67,67,是,是
263,第一轮候补,跨大领域老药新用,Etravirine,感染性疾病,Infectious Disease,EPHA3,肝细胞癌,hepatocellular carcinoma,实体瘤,52.975260559944665,0.31057635,3,0.2140013730345777,酶/表观遗传生化,medium,PubMed pair审计未见明确报道,0,0,否,否
264,第一轮候补,同领域同靶点家族扩展,Lacosamide,神经/精神,Neurology/Psychiatry,GABRA1,双相障碍,bipolar disorder,免疫/炎症,52.80845567056187,0.44596428,71,0.4146721157286756,离子通道功能,medium,PubMed pair审计未见明确报道,0,0,是,是
265,第一轮候补,同领域同靶点家族扩展,Neratinib Maleate,肿瘤,Oncology,PDGFRB,乳腺癌,breast cancer,实体瘤,52.800329130246084,0.4179164,7,0.4280398724553814,酶/表观遗传生化,中高,PubMed pair审计未见明确报道,0,0,是,是
266,第一轮候补,跨大领域老药新用,Fulvestrant,肿瘤,Oncology,TRPV3,银屑病,psoriasis,皮肤/免疫,52.74415540264245,0.4646372,58,0.0619741956729978,离子通道功能,medium,PubMed pair审计未见明确报道,0,0,否,否
267,第一轮候补,同领域同靶点家族扩展,Tucatinib,肿瘤,Oncology,RET,非小细胞肺癌,non-small cell lung carcinoma,实体瘤,52.58187585760372,0.32227936,9,0.7055780321897952,激酶生化/细胞,medium,上市后文献有新靶点线索,2,2,是,是
268,第一轮候补,跨领域但同靶点家族扩展,Mifepristone,内分泌/代谢,Endocrinology/Metabolic,ESR1,乳腺癌,breast cancer,实体瘤,52.55242103915302,0.635198,7,0.7356631572956897,核受体/转录因子 reporter,high,上市后文献有新靶点线索,104,62,否,是
269,第一轮候补,同领域同靶点家族扩展,Selpercatinib,肿瘤,Oncology,AKT3,乳腺癌,breast carcinoma,实体瘤,52.529121087773284,0.6164986,6,0.2012942705677015,激酶生化/细胞,中高,PubMed pair审计未见明确报道,0,0,是,是
270,第一轮候补,同领域新靶点/新病种探索,Diroximel Fumarate,神经/精神,Neurology/Psychiatry,SCN2A,癫痫,epilepsy,神经/精神,52.24549066457201,0.2098391,50,0.7016147850920893,离子通道功能,medium,PubMed pair审计未见明确报道,0,0,是,否
271,第一轮候补,跨大领域老药新用,Boceprevir,感染性疾病,Infectious Disease,SLC34A2,肺鳞癌,squamous cell lung carcinoma,实体瘤,52.15486061046953,0.26066425,73,0.3699494345393864,转运体摄取/外排,medium,PubMed pair审计未见明确报道,0,0,否,否
272,第一轮候补,同领域同靶点家族扩展,Bosutinib Monohydrate,肿瘤,Oncology,SRC,乳腺癌,breast carcinoma,实体瘤,52.079575428836,0.82197374,8,0.3146477968371557,激酶生化/细胞,medium,上市后文献有新靶点线索,186,153,是,是
273,第一轮候补,同领域同靶点家族扩展,Ribociclib Succinate,肿瘤,Oncology,SRC,乳腺癌,breast carcinoma,实体瘤,52.079575428836,0.51296085,6,0.3146477968371557,激酶生化/细胞,medium,上市后文献有新靶点线索,1,1,是,是
274,第一轮候补,跨大领域老药新用,Etravirine,感染性疾病,Infectious Disease,FYN,乳腺癌,breast cancer,实体瘤,51.76788395727866,0.30569667,6,0.1260165640271999,激酶生化/细胞,medium,PubMed pair审计未见明确报道,0,0,否,否
275,第一轮候补,同领域同靶点家族扩展,Trifarotene,肿瘤,Oncology,PPARG,乳腺癌,breast carcinoma,实体瘤,51.65289438687714,0.45127094,10,0.3078629860834285,酶/表观遗传生化,中高,PubMed pair审计未见明确报道,0,0,是,是
276,第一轮候补,同领域同靶点家族扩展,Selpercatinib,肿瘤,Oncology,FGFR1,乳腺癌,breast carcinoma,实体瘤,51.53032517194626,0.5090451,56,0.334681118753167,酶/表观遗传生化,medium,上市后文献有新靶点线索,4,4,是,是
277,第一轮候补,跨大领域老药新用,Rilpivirine Hydrochloride,感染性疾病,Infectious Disease,EPAS1,肺鳞癌,squamous cell lung carcinoma,实体瘤,51.488588147884016,0.48374715,2,0.2776468658318822,核受体/转录因子 reporter,high,PubMed pair审计未见明确报道,0,0,否,否
278,第一轮候补,跨大领域老药新用,Etravirine,感染性疾病,Infectious Disease,EPHA2,乳腺癌,breast cancer,实体瘤,51.47341121906372,0.31057635,1,0.1472525134398691,酶/表观遗传生化,medium,PubMed pair审计未见明确报道,0,0,否,否
279,第一轮候补,跨领域但同靶点家族扩展,Obeticholic Acid,其他,Other,ESR1,乳腺癌,breast cancer,实体瘤,51.422904305819685,0.47579607,9,0.7356631572956897,核受体/转录因子 reporter,high,上市后文献有新靶点线索,1,1,否,是
280,第一轮候补,跨领域但同靶点家族扩展,Difluprednate,内分泌/代谢,Endocrinology/Metabolic,RARG,银屑病,psoriasis,皮肤/免疫,51.21012107345414,0.28392765,50,0.5908221069683322,核受体/转录因子 reporter,medium,PubMed pair审计未见明确报道,0,0,否,是
281,第一轮候补,跨大领域老药新用,Arformoterol Tartrate,呼吸,Respiratory,KCNK3,肺动脉高压,pulmonary arterial hypertension,心血管,51.15062471829903,0.21897694,7,0.5006681859984753,离子通道功能,中,PubMed pair审计未见明确报道,0,0,否,否
282,第一轮候补,跨大领域老药新用,Nitisinone,肿瘤,Oncology,TRPV3,银屑病,psoriasis,皮肤/免疫,51.13966206930912,0.4302552,43,0.0619741956729978,离子通道功能,medium,PubMed pair审计未见明确报道,0,0,否,否
283,第一轮候补,跨领域但同靶点家族扩展,Fostamatinib Disodium,免疫/炎症,Immunology/Inflammation,FLT1,慢性肾病,chronic kidney disease,肾脏,51.08906786805461,0.44078693,3,0.0378819763579827,酶/表观遗传生化,medium,PubMed pair审计未见明确报道,0,0,否,是
284,第一轮候补,跨大领域老药新用,Conivaptan Hydrochloride,胃肠/消化,Gastroenterology,TEK,,,心血管,51.04367666666667,0.3723645,5,0.0,酶/表观遗传生化,medium,PubMed pair审计未见明确报道,0,0,否,否
285,第一轮候补,跨领域但同靶点家族扩展,Obeticholic Acid,其他,Other,AR,前列腺癌,prostate cancer,实体瘤,50.935818133333335,0.43433896,13,0.8026045909519542,核受体/转录因子 reporter,high,上市后文献有新靶点线索,1,1,否,是
286,第一轮候补,跨大领域老药新用,Netupitant,肿瘤,Oncology,TGFBR1,乳腺癌,breast carcinoma,实体瘤,50.91612586196892,0.33291715,28,0.076147801272693,酶/表观遗传生化,medium,PubMed pair审计未见明确报道,0,0,否,否
287,第一轮候补,跨大领域老药新用,Etravirine,感染性疾病,Infectious Disease,YES1,乳腺癌,breast carcinoma,实体瘤,50.864802270222334,0.30593204,5,0.0853914253432148,激酶生化/细胞,medium,PubMed pair审计未见明确报道,0,0,否,否
288,第一轮候补,跨大领域老药新用,Abacavir Sulfate,感染性疾病,Infectious Disease,HDAC11,乳腺癌,breast carcinoma,实体瘤,50.76065930307237,0.34871158,3,0.0364793586550682,酶/表观遗传生化,medium,PubMed pair审计未见明确报道,0,0,否,否
289,第一轮候补,跨大领域老药新用,Siponimod,神经/精神,Neurology/Psychiatry,SLC29A1,,,实体瘤,50.71026,0.408077,14,0.0,转运体摄取/外排,medium,PubMed pair审计未见明确报道,0,0,否,否
290,第一轮候补,跨大领域老药新用,Netupitant,肿瘤,Oncology,FLT4,,,血液肿瘤/血液病,50.69975826666666,0.36499482,6,0.0,酶/表观遗传生化,medium,PubMed pair审计未见明确报道,0,0,否,否
291,第一轮候补,同领域同靶点家族扩展,Axitinib,肿瘤,Oncology,PDGFRB,乳腺癌,breast cancer,实体瘤,50.63089713024608,0.54424566,5,0.4280398724553814,酶/表观遗传生化,中高,上市后文献有新靶点线索,4,4,是,是
292,第一轮候补,跨大领域老药新用,Netupitant,肿瘤,Oncology,ACVRL1,动脉粥样硬化,atherosclerosis,心血管,50.54454972618916,0.3351373,25,0.0550285507935923,酶/表观遗传生化,medium,PubMed pair审计未见明确报道,0,0,否,否
293,第一轮候补,同领域同靶点家族扩展,Larotrectinib Sulfate,肿瘤,Oncology,MAPK3,乳腺癌,breast carcinoma,实体瘤,50.49844072548311,0.5627311,3,0.1110418100214714,激酶生化/细胞,中高,PubMed pair审计未见明确报道,0,0,是,是
294,第一轮候补,跨领域但同靶点家族扩展,Alpelisib,肿瘤,Oncology,NOX4,动脉粥样硬化,atherosclerosis,心血管,50.48272363161798,0.39866704,23,0.0982931154793176,酶/表观遗传生化,中,PubMed pair审计未见明确报道,0,0,否,是
295,第一轮候补,同领域同靶点家族扩展,Axitinib,肿瘤,Oncology,CSF1R,乳腺癌,breast cancer,实体瘤,50.30305461263023,0.43712664,15,0.4105397664872695,酶/表观遗传生化,medium,上市后文献有新靶点线索,2,2,是,是
296,第一轮候补,跨大领域老药新用,Netupitant,肿瘤,Oncology,MAP2K2,心肌梗死,myocardial infarction,心血管,50.26498236379248,0.3236473,39,0.0219900013537397,激酶生化/细胞,medium,PubMed pair审计未见明确报道,0,0,否,否
297,第一轮候补,跨大领域老药新用,Aprepitant,其他,Other,BCL2,B细胞慢性淋巴细胞白血病,B-cell chronic lymphocytic leukemia,血液肿瘤/血液病,50.22034407647622,0.21142954,5,0.7416429130285728,离子通道功能,medium,上市后文献有新靶点线索,9,9,否,否
298,第一轮候补,同领域同靶点家族扩展,Dasatinib,肿瘤,Oncology,KIT,黑色素瘤,melanoma,实体瘤,50.14365046216874,0.3803712,35,0.4767256798000925,激酶生化/细胞,medium,上市后文献有新靶点线索,206,206,是,是
299,第一轮候补,同领域同靶点家族扩展,Bosutinib Monohydrate,肿瘤,Oncology,PTK6,食管鳞癌,esophageal squamous cell carcinoma,实体瘤,50.117442649148785,0.40380198,34,0.2936303814436496,激酶生化/细胞,中高,PubMed pair审计未见明确报道,0,0,是,是
300,第一轮候补,跨大领域老药新用,Etravirine,感染性疾病,Infectious Disease,EPHB4,乳腺癌,breast carcinoma,实体瘤,50.067765105075694,0.30179527,8,0.1029919631885494,酶/表观遗传生化,medium,PubMed pair审计未见明确报道,0,0,否,否
301,第一轮候补,同领域同靶点家族扩展,Fulvestrant,肿瘤,Oncology,ESR2,乳腺癌,breast carcinoma,实体瘤,50.06305345529092,0.74039876,5,0.4916912646795965,核受体/转录因子 reporter,medium,上市后文献有新靶点线索,55,24,是,是
302,第一轮候补,同领域同靶点家族扩展,Enzalutamide,肿瘤,Oncology,KEAP1,乳腺癌,breast carcinoma,实体瘤,49.96550937205515,0.46443567,44,0.2944523602394882,核受体/转录因子 reporter,medium,PubMed pair审计未见明确报道,0,0,是,是
303,第一轮候补,同领域新靶点/新病种探索,Ribociclib Succinate,肿瘤,Oncology,SLC34A2,肺鳞癌,squamous cell lung carcinoma,实体瘤,49.89521094380286,0.2765289,51,0.3699494345393864,转运体摄取/外排,medium,PubMed pair审计未见明确报道,0,0,是,否
304,第一轮候补,同领域同靶点家族扩展,Ribociclib Succinate,肿瘤,Oncology,CSF1R,乳腺癌,breast cancer,实体瘤,49.84254554596356,0.29868716,45,0.4105397664872695,酶/表观遗传生化,medium,PubMed pair审计未见明确报道,0,0,是,是
305,第一轮候补,同领域同靶点家族扩展,Osimertinib Mesylate,肿瘤,Oncology,KIT,黑色素瘤,melanoma,实体瘤,49.817327728835416,0.37337857,4,0.4767256798000925,激酶生化/细胞,medium,上市后文献有新靶点线索,39,39,是,是
306,第一轮候补,跨大领域老药新用,Tipranavir,感染性疾病,Infectious Disease,MMP3,乳腺癌,breast cancer,实体瘤,49.706113752230166,0.20587422,1,0.2858659326917113,酶/表观遗传生化,中,PubMed pair审计未见明确报道,0,0,否,否
307,第一轮候补,跨大领域老药新用,Aprepitant,其他,Other,TOP1,浆细胞骨髓瘤,plasma cell myeloma,血液肿瘤/血液病,49.60586379822544,0.2391485,2,0.2123970576989084,酶/表观遗传生化,medium,PubMed pair审计未见明确报道,0,0,否,否
308,第一轮候补,同领域同靶点家族扩展,Apalutamide,肿瘤,Oncology,KEAP1,乳腺癌,breast carcinoma,实体瘤,49.47719077205515,0.4539717,3,0.2944523602394882,核受体/转录因子 reporter,medium,PubMed pair审计未见明确报道,0,0,是,是
309,第一轮候补,同领域同靶点家族扩展,Bosutinib Monohydrate,肿瘤,Oncology,EPHB4,乳腺癌,breast carcinoma,实体瘤,49.31731917174236,0.80215883,10,0.1029919631885494,酶/表观遗传生化,中高,PubMed pair审计未见明确报道,0,0,是,是
310,第一轮候补,跨大领域老药新用,Etravirine,感染性疾病,Infectious Disease,IGF1R,肝细胞癌,hepatocellular carcinoma,实体瘤,49.23590360547059,0.23480129,17,0.2049708180209151,酶/表观遗传生化,中,PubMed pair审计未见明确报道,0,0,否,否
311,第一轮候补,同领域同靶点家族扩展,Pazopanib Hydrochloride,肿瘤,Oncology,TEK,胃肠道间质瘤,gastrointestinal stromal tumor,实体瘤,49.171482010610916,0.54070735,13,0.3631769782493742,酶/表观遗传生化,中高,上市后文献有新靶点线索,1,1,是,是
312,第一轮候补,同领域新靶点/新病种探索,Vismodegib,肿瘤,Oncology,CTSS,乳腺癌,breast cancer,实体瘤,49.1664059103697,0.34767953,3,0.1010975337942088,酶/表观遗传生化,medium,PubMed pair审计未见明确报道,0,0,是,否
313,第一轮候补,同领域同靶点家族扩展,Fluorouracil,肿瘤,Oncology,PARP1,乳腺癌,breast cancer,实体瘤,49.15788469457447,0.33116832,1,0.5794087301292358,酶/表观遗传生化,medium,上市后文献有新靶点线索,44,38,是,是
314,第一轮候补,跨大领域老药新用,Ulipristal Acetate,内分泌/代谢,Endocrinology/Metabolic,UGCG,,,心血管,49.043790666666666,0.3295098,23,0.0,酶/表观遗传生化,medium,PubMed pair审计未见明确报道,0,0,否,否
315,第一轮候补,跨领域但同靶点家族扩展,Palbociclib,肿瘤,Oncology,ADAM17,银屑病,psoriasis,皮肤/免疫,48.76385731668149,0.37644085,98,0.0679978214821399,酶/表观遗传生化,medium,PubMed pair审计未见明确报道,0,0,否,是
316,第一轮候补,跨大领域老药新用,Ulipristal Acetate,内分泌/代谢,Endocrinology/Metabolic,TRPV1,心律失常,cardiac arrhythmia,心血管,48.738515189556665,0.40602872,6,0.0055040706469626,离子通道功能,medium,PubMed pair审计未见明确报道,0,0,否,否
317,第一轮候补,同领域同靶点家族扩展,Fulvestrant,肿瘤,Oncology,PGR,子宫内膜癌,endometrial cancer,实体瘤,48.35523704606973,0.5263448,34,0.4157883131586546,核受体/转录因子 reporter,medium,上市后文献有新靶点线索,155,46,是,是
318,第一轮候补,跨领域但同靶点家族扩展,Palbociclib,肿瘤,Oncology,ACVRL1,动脉粥样硬化,atherosclerosis,心血管,48.23814239285583,0.52171177,10,0.0550285507935923,酶/表观遗传生化,high,PubMed pair审计未见明确报道,0,0,否,是
319,第一轮候补,跨领域但同靶点家族扩展,Palbociclib,肿瘤,Oncology,MAP2K2,银屑病,psoriasis,皮肤/免疫,48.08315546730406,0.5038251,21,0.003695798546847,激酶生化/细胞,high,PubMed pair审计未见明确报道,0,0,否,是
320,第一轮候补,跨领域但同靶点家族扩展,Obeticholic Acid,其他,Other,NR3C2,心律失常,cardiac arrhythmia,心血管,47.94125897957155,0.38067394,37,0.2448803753883651,核受体/转录因子 reporter,medium,PubMed pair审计未见明确报道,0,0,否,是
321,第一轮候补,跨大领域老药新用,Dasabuvir Sodium,感染性疾病,Infectious Disease,EZH2,乳腺癌,breast cancer,实体瘤,47.833458233755735,0.2187052,11,0.1760243955743292,酶/表观遗传生化,medium,PubMed pair审计未见明确报道,0,0,否,否
322,第一轮候补,同领域同靶点家族扩展,Palbociclib,肿瘤,Oncology,JAK2,骨髓增殖性肿瘤,myeloproliferative neoplasm,实体瘤,47.62788544720154,0.41734564,78,0.2882261739496983,激酶生化/细胞,medium,上市后文献有新靶点线索,4,4,是,是
323,第一轮候补,跨大领域老药新用,Entrectinib,肿瘤,Oncology,SLC29A1,,,实体瘤,47.556875266666665,0.34050447,3,0.0,转运体摄取/外排,medium,PubMed pair审计未见明确报道,0,0,否,否
324,第一轮候补,同领域同靶点家族扩展,Larotrectinib Sulfate,肿瘤,Oncology,JAK2,骨髓增殖性肿瘤,myeloproliferative neoplasm,实体瘤,47.490317247201546,0.41439775,84,0.2882261739496983,激酶生化/细胞,medium,上市后文献有新靶点线索,3,3,是,是
325,第一轮候补,跨大领域老药新用,Ozanimod Hydrochloride,神经/精神,Neurology/Psychiatry,TRPV3,银屑病,psoriasis,皮肤/免疫,47.33597033597578,0.34874752,27,0.0619741956729978,离子通道功能,medium,PubMed pair审计未见明确报道,0,0,否,否
326,第一轮候补,同领域同靶点家族扩展,Ribociclib Succinate,肿瘤,Oncology,EPHA2,乳腺癌,breast cancer,实体瘤,47.313181552397054,0.51516056,3,0.1472525134398691,酶/表观遗传生化,high,PubMed pair审计未见明确报道,0,0,是,是
327,第一轮候补,同领域同靶点家族扩展,Bosutinib Monohydrate,肿瘤,Oncology,IGF1R,肝细胞癌,hepatocellular carcinoma,实体瘤,47.14798820547059,0.40434596,33,0.2049708180209151,酶/表观遗传生化,中高,PubMed pair审计未见明确报道,0,0,是,是
328,第一轮候补,同领域同靶点家族扩展,Cabozantinib S-Malate,肿瘤,Oncology,HCK,乳腺癌,breast cancer,实体瘤,47.110496582330114,0.20751777,34,0.4337629918072645,激酶生化/细胞,medium,PubMed pair审计未见明确报道,0,0,是,是
329,第一轮候补,跨大领域老药新用,Rolapitant Hydrochloride,胃肠/消化,Gastroenterology,TGFBR1,乳腺癌,breast carcinoma,实体瘤,46.715107128635594,0.24289532,22,0.076147801272693,酶/表观遗传生化,medium,PubMed pair审计未见明确报道,0,0,否,否
330,第一轮候补,跨大领域老药新用,Rolapitant Hydrochloride,胃肠/消化,Gastroenterology,KEAP1,乳腺癌,breast carcinoma,实体瘤,46.70942577205515,0.24466245,8,0.2944523602394882,核受体/转录因子 reporter,中,PubMed pair审计未见明确报道,0,0,否,否
331,第一轮候补,跨大领域老药新用,Fosnetupitant Chloride Hydrochloride,胃肠/消化,Gastroenterology,TYRP1,黑色素瘤,melanoma,实体瘤,46.566832292545584,0.21589541,40,0.1255576218909147,酶/表观遗传生化,中,PubMed pair审计未见明确报道,0,0,否,否
332,第一轮候补,同领域同靶点家族扩展,Ribociclib Succinate,肿瘤,Oncology,ITK,前列腺癌,prostate cancer,实体瘤,46.3679551309955,0.3492944,30,0.106705916933133,激酶生化/细胞,中,PubMed pair审计未见明确报道,0,0,是,是
333,第一轮候补,跨大领域老药新用,Rolapitant Hydrochloride,胃肠/消化,Gastroenterology,ACVRL1,动脉粥样硬化,atherosclerosis,心血管,46.31551559285583,0.24451514,18,0.0550285507935923,酶/表观遗传生化,medium,PubMed pair审计未见明确报道,0,0,否,否
334,第一轮候补,跨领域但同靶点家族扩展,Palbociclib,肿瘤,Oncology,SYK,银屑病,psoriasis,皮肤/免疫,46.16989316007724,0.43823168,66,0.0467739893367659,激酶生化/细胞,medium,上市后文献有新靶点线索,2,2,否,是
335,第一轮候补,跨大领域老药新用,Netupitant,肿瘤,Oncology,ANO1,心律失常,cardiac arrhythmia,心血管,45.76906149039905,0.34042293,14,0.0095996188325502,离子通道功能,medium,PubMed pair审计未见明确报道,0,0,否,否
336,第一轮候补,跨大领域老药新用,Abacavir Sulfate,感染性疾病,Infectious Disease,KEAP1,乳腺癌,breast carcinoma,实体瘤,45.43712163872182,0.21739879,35,0.2944523602394882,核受体/转录因子 reporter,中,PubMed pair审计未见明确报道,0,0,否,否
337,第一轮候补,同领域同靶点家族扩展,Neratinib Maleate,肿瘤,Oncology,CSF1R,乳腺癌,breast cancer,实体瘤,45.36776274596356,0.3956561,8,0.4105397664872695,酶/表观遗传生化,中高,上市后文献有新靶点线索,1,1,是,是
338,第一轮候补,跨大领域老药新用,Ulipristal Acetate,内分泌/代谢,Endocrinology/Metabolic,ANO1,心律失常,cardiac arrhythmia,心血管,45.197469490399044,0.32817453,24,0.0095996188325502,离子通道功能,medium,PubMed pair审计未见明确报道,0,0,否,否
339,第一轮候补,跨领域但同靶点家族扩展,Ensartinib Hydrochloride,肿瘤,Oncology,PTPRB,糖尿病肾病,diabetic kidney disease,肾脏,45.12377802152171,0.30386686,3,0.0567403505861499,酶/表观遗传生化,中,PubMed pair审计未见明确报道,0,0,否,是
340,阳性/再发现对照,文献再发现/阳性对照,Osimertinib Mesylate,肿瘤,Oncology,ERBB2,非小细胞肺癌,non-small cell lung carcinoma,实体瘤,45.538271818469994,0.5243336,3,0.7794787474875552,激酶生化/细胞,对照,上市后文献有新靶点线索,122,122,是,是
341,阳性/再发现对照,文献再发现/阳性对照,Dacomitinib,肿瘤,Oncology,ERBB2,非小细胞肺癌,non-small cell lung carcinoma,实体瘤,44.13306475180332,0.46988842,6,0.7794787474875552,激酶生化/细胞,对照,上市后文献有新靶点线索,68,34,是,是
342,阳性/再发现对照,文献再发现/阳性对照,Axitinib,肿瘤,Oncology,PDGFRA,胃肠道间质瘤,gastrointestinal stromal tumor,实体瘤,43.39543006666666,0.48704493,9,0.8245011238749937,酶/表观遗传生化,medium,上市后文献有新靶点线索,8,7,是,是
343,阳性/再发现对照,再发现/流程对照,Neratinib Maleate,肿瘤,Oncology,PDGFRA,胃肠道间质瘤,gastrointestinal stromal tumor,实体瘤,42.493246733333336,0.46771243,6,0.8245011238749937,酶/表观遗传生化,medium,PubMed pair审计未见明确报道,0,0,是,是
344,阳性/再发现对照,文献再发现/阳性对照,Bosutinib Monohydrate,肿瘤,Oncology,FLT3,急性髓系白血病,acute myeloid leukemia,血液肿瘤/血液病,42.29322786666667,0.44199774,27,0.8354100756215777,激酶生化/细胞,medium,上市后文献有新靶点线索,1,1,是,是
345,阳性/再发现对照,文献再发现/阳性对照,Palbociclib,肿瘤,Oncology,CDK4,乳腺癌,breast cancer,实体瘤,42.19123738405045,0.52171177,4,0.6307216615133534,激酶生化/细胞,对照,上市后文献有新靶点线索,1797,1790,是,是
346,阳性/再发现对照,文献再发现/阳性对照,Lacosamide,神经/精神,Neurology/Psychiatry,GABRB3,癫痫,epilepsy,神经/精神,40.979979556710866,0.5095838,51,0.7102213136315941,离子通道功能,low,上市后文献有新靶点线索,1,1,是,是
347,阳性/再发现对照,文献再发现/阳性对照,Imatinib Mesylate,肿瘤,Oncology,KIT,黑色素瘤,melanoma,实体瘤,40.72632779550208,0.86487234,1,0.4767256798000925,激酶生化/细胞,low,上市后文献有新靶点线索,3005,238,是,是
348,阳性/再发现对照,文献再发现/阳性对照,Palbociclib,肿瘤,Oncology,AKT1,乳腺癌,breast carcinoma,实体瘤,40.034887192884604,0.47793218,40,0.6250986130170937,激酶生化/细胞,medium,上市后文献有新靶点线索,13,13,是,是
349,阳性/再发现对照,已知药理/阳性对照,Lacosamide,神经/精神,Neurology/Psychiatry,SCN3A,癫痫,epilepsy,神经/精神,39.91507084096431,0.52166593,49,0.7517809262650805,离子通道功能,对照,已知药理/对照，不算新发现,1,1,是,是
350,阳性/再发现对照,文献再发现/阳性对照,Larotrectinib Sulfate,肿瘤,Oncology,AKT1,乳腺癌,breast carcinoma,实体瘤,39.87734892621794,0.47455636,45,0.6250986130170937,激酶生化/细胞,medium,上市后文献有新靶点线索,1,1,是,是
351,阳性/再发现对照,文献再发现/阳性对照,Afatinib Dimaleate,肿瘤,Oncology,ERBB2,非小细胞肺癌,non-small cell lung carcinoma,实体瘤,39.42252768513666,0.36894834,9,0.7794787474875552,激酶生化/细胞,对照,上市后文献有新靶点线索,389,374,是,是
352,阳性/再发现对照,文献再发现/阳性对照,Palbociclib,肿瘤,Oncology,AKT2,乳腺癌,breast cancer,实体瘤,39.0157624676277,0.48113787,36,0.5731553422649348,激酶生化/细胞,medium,上市后文献有新靶点线索,1,1,是,是
353,阳性/再发现对照,再发现/流程对照,Selpercatinib,肿瘤,Oncology,DNMT3A,急性髓系白血病,acute myeloid leukemia,血液肿瘤/血液病,38.0,0.67054677,1,0.8577261614555013,酶/表观遗传生化,high,PubMed pair审计未见明确报道,0,0,是,否
354,阳性/再发现对照,文献再发现/阳性对照,Enzalutamide,肿瘤,Oncology,DNMT3A,急性髓系白血病,acute myeloid leukemia,血液肿瘤/血液病,38.0,0.5548197,2,0.8577261614555013,酶/表观遗传生化,high,上市后文献有新靶点线索,2,2,是,否
355,阳性/再发现对照,文献再发现/阳性对照,Neratinib Maleate,肿瘤,Oncology,KIT,黑色素瘤,melanoma,实体瘤,37.72632779550208,0.52226627,3,0.4767256798000925,激酶生化/细胞,medium,上市后文献有新靶点线索,8,6,是,是
356,阳性/再发现对照,文献再发现/阳性对照,Axitinib,肿瘤,Oncology,KIT,黑色素瘤,melanoma,实体瘤,37.72632779550208,0.5490663,4,0.4767256798000925,激酶生化/细胞,medium,上市后文献有新靶点线索,46,37,是,是
357,阳性/再发现对照,文献再发现/阳性对照,Infigratinib Phosphate,肿瘤,Oncology,KIT,黑色素瘤,melanoma,实体瘤,37.72632779550208,0.66806686,2,0.4767256798000925,激酶生化/细胞,medium,上市后文献有新靶点线索,4,3,是,是
358,阳性/再发现对照,文献再发现/阳性对照,Lenvatinib Mesylate,肿瘤,Oncology,KIT,黑色素瘤,melanoma,实体瘤,37.103338528835415,0.48665023,14,0.4767256798000925,激酶生化/细胞,medium,上市后文献有新靶点线索,88,85,是,是
359,阳性/再发现对照,已知药理/阳性对照,Lacosamide,神经/精神,Neurology/Psychiatry,SCN2A,双相障碍,bipolar disorder,免疫/炎症,36.992839241418764,0.45563662,69,0.7139169025815748,离子通道功能,control,已知药理/对照，不算新发现,4,4,是,是
360,阳性/再发现对照,文献再发现/阳性对照,Bosutinib Monohydrate,肿瘤,Oncology,LYN,乳腺癌,breast cancer,实体瘤,36.83257640775645,0.7712824,12,0.4370033959002865,激酶生化/细胞,medium,上市后文献有新靶点线索,15,10,是,是
361,阳性/再发现对照,文献再发现/阳性对照,Regorafenib,肿瘤,Oncology,KDR,肝细胞癌,hepatocellular carcinoma,实体瘤,36.765263790242,0.33961013,8,0.6777833062329777,酶/表观遗传生化,low,上市后文献有新靶点线索,25,25,是,是
362,阳性/再发现对照,文献再发现/阳性对照,Bosutinib Monohydrate,肿瘤,Oncology,HCK,乳腺癌,breast cancer,实体瘤,36.75966731566345,0.87253654,2,0.4337629918072645,激酶生化/细胞,medium,上市后文献有新靶点线索,2,2,是,是
363,阳性/再发现对照,文献再发现/阳性对照,Bosutinib Monohydrate,肿瘤,Oncology,LCK,急性髓系白血病,acute myeloid leukemia,血液肿瘤/血液病,35.512079362060675,0.77486384,11,0.3783146383138076,激酶生化/细胞,medium,上市后文献有新靶点线索,6,5,是,是
364,阳性/再发现对照,文献再发现/阳性对照,Bosutinib Monohydrate,肿瘤,Oncology,CSF1R,乳腺癌,breast cancer,实体瘤,35.23714474596356,0.5577265,20,0.4105397664872695,酶/表观遗传生化,medium,上市后文献有新靶点线索,1,1,是,是
365,阳性/再发现对照,文献再发现/阳性对照,Cabozantinib S-Malate,肿瘤,Oncology,CSF1R,乳腺癌,breast cancer,实体瘤,35.23714474596356,0.71348,2,0.4105397664872695,酶/表观遗传生化,medium,上市后文献有新靶点线索,4,4,是,是
366,阳性/再发现对照,再发现/流程对照,Palbociclib,肿瘤,Oncology,NTRK1,黑色素瘤,melanoma,实体瘤,35.173677525784754,0.52171177,8,0.4077190011459893,酶/表观遗传生化,medium,PubMed pair审计未见明确报道,0,0,是,是
367,阳性/再发现对照,文献再发现/阳性对照,Rilpivirine Hydrochloride,感染性疾病,Infectious Disease,EGFR,非小细胞肺癌,non-small cell lung carcinoma,实体瘤,34.98503146666667,0.41396496,13,0.8525670184292347,激酶生化/细胞,high,上市后文献有新靶点线索,17,17,否,否
368,阳性/再发现对照,已知药理/阳性对照,Diazepam,神经/精神,Neurology/Psychiatry,GABRA1,癫痫,epilepsy,神经/精神,34.774679804117625,0.39567786,12,0.7396909483311539,离子通道功能,对照,已知药理/对照，不算新发现,8,4,是,是
369,阳性/再发现对照,文献再发现/阳性对照,Palbociclib,肿瘤,Oncology,MAP2K1,肝细胞癌,hepatocellular carcinoma,实体瘤,34.099771985340055,0.5008439,24,0.315545421570669,激酶生化/细胞,medium,上市后文献有新靶点线索,2,2,是,是
370,阳性/再发现对照,文献再发现/阳性对照,Selpercatinib,肿瘤,Oncology,MAP2K1,肝细胞癌,hepatocellular carcinoma,实体瘤,34.099771985340055,0.59690416,10,0.315545421570669,激酶生化/细胞,medium,上市后文献有新靶点线索,1,1,是,是
371,阳性/再发现对照,再发现/流程对照,Enzalutamide,肿瘤,Oncology,AKT2,乳腺癌,breast cancer,实体瘤,33.62443533429436,0.49418086,21,0.5731553422649348,激酶生化/细胞,high,PubMed pair审计未见明确报道,0,0,是,否
372,阳性/再发现对照,再发现/流程对照,Fostamatinib Disodium,免疫/炎症,Immunology/Inflammation,KDR,肝细胞癌,hepatocellular carcinoma,实体瘤,33.25770412357533,0.45730528,2,0.6777833062329777,酶/表观遗传生化,high,PubMed pair审计未见明确报道,0,0,否,是
373,阳性/再发现对照,文献再发现/阳性对照,Larotrectinib Sulfate,肿瘤,Oncology,JAK1,浆细胞骨髓瘤,plasma cell myeloma,血液肿瘤/血液病,33.22798984398858,0.48517314,37,0.3075515545476405,激酶生化/细胞,medium,上市后文献有新靶点线索,1,1,是,是
374,阳性/再发现对照,文献再发现/阳性对照,Sunitinib Malate,肿瘤,Oncology,KIT,黑色素瘤,melanoma,实体瘤,33.13323486216875,0.40157658,3,0.4767256798000925,激酶生化/细胞,medium,上市后文献有新靶点线索,580,579,是,是
375,阳性/再发现对照,文献再发现/阳性对照,Mifepristone,内分泌/代谢,Endocrinology/Metabolic,AR,前列腺癌,prostate cancer,实体瘤,33.0,0.8350516,1,0.8026045909519542,核受体/转录因子 reporter,high,上市后文献有新靶点线索,71,44,否,是
376,阳性/再发现对照,文献再发现/阳性对照,Selpercatinib,肿瘤,Oncology,AR,前列腺癌,prostate cancer,实体瘤,33.0,0.52092415,48,0.8026045909519542,核受体/转录因子 reporter,high,上市后文献有新靶点线索,1,1,是,否
377,阳性/再发现对照,再发现/流程对照,Dacomitinib,肿瘤,Oncology,KIT,黑色素瘤,melanoma,实体瘤,31.72632779550208,0.5622928,3,0.4767256798000925,激酶生化/细胞,high,PubMed pair审计未见明确报道,0,0,是,是
378,阳性/再发现对照,文献再发现/阳性对照,Palbociclib,肿瘤,Oncology,FGFR1,乳腺癌,breast carcinoma,实体瘤,31.338537438612917,0.45303312,57,0.334681118753167,酶/表观遗传生化,medium,上市后文献有新靶点线索,22,22,是,是
379,阳性/再发现对照,文献再发现/阳性对照,Larotrectinib Sulfate,肿瘤,Oncology,FGFR1,乳腺癌,breast carcinoma,实体瘤,31.18920690527959,0.44983318,61,0.334681118753167,酶/表观遗传生化,medium,上市后文献有新靶点线索,6,6,是,是
380,阳性/再发现对照,文献再发现/阳性对照,Enzalutamide,肿瘤,Oncology,JAK1,浆细胞骨髓瘤,plasma cell myeloma,血液肿瘤/血液病,31.14666537732191,0.44057333,75,0.3075515545476405,激酶生化/细胞,medium,上市后文献有新靶点线索,2,2,是,否
381,阳性/再发现对照,再发现/流程对照,Dacomitinib,肿瘤,Oncology,KDR,肝细胞癌,hepatocellular carcinoma,实体瘤,30.784981590241998,0.27574694,12,0.6777833062329777,酶/表观遗传生化,medium,PubMed pair审计未见明确报道,0,0,是,是
382,阳性/再发现对照,文献再发现/阳性对照,Olaparib,肿瘤,Oncology,TOP1,浆细胞骨髓瘤,plasma cell myeloma,血液肿瘤/血液病,30.778933798225438,0.5067743,2,0.2123970576989084,酶/表观遗传生化,medium,上市后文献有新靶点线索,12,11,是,是
383,阳性/再发现对照,已知药理/阳性对照,Axitinib,肿瘤,Oncology,FLT4,乳腺癌,breast carcinoma,实体瘤,30.765026974938785,0.39248544,17,0.3014388048120942,酶/表观遗传生化,low,已知药理/对照，不算新发现,1,1,是,是
384,阳性/再发现对照,再发现/流程对照,Bosutinib Monohydrate,肿瘤,Oncology,DDR2,胃肠道间质瘤,gastrointestinal stromal tumor,实体瘤,30.56923421657431,0.40220076,35,0.4059199444403396,酶/表观遗传生化,medium,PubMed pair审计未见明确报道,0,0,是,是
385,阳性/再发现对照,文献再发现/阳性对照,Fulvestrant,肿瘤,Oncology,PPARG,乳腺癌,breast carcinoma,实体瘤,30.423043786877145,0.44634557,66,0.3078629860834285,酶/表观遗传生化,medium,上市后文献有新靶点线索,6,1,是,是
386,阳性/再发现对照,文献再发现/阳性对照,Palbociclib,肿瘤,Oncology,AKT3,乳腺癌,breast carcinoma,实体瘤,30.24854388777328,0.47255906,46,0.2012942705677015,激酶生化/细胞,medium,上市后文献有新靶点线索,2,2,是,是
387,阳性/再发现对照,已知药理/阳性对照,Hydrocortisone,肿瘤,Oncology,NR3C1,类风湿关节炎,rheumatoid arthritis,免疫/炎症,30.001537236109755,0.36567724,2,0.6342192312345074,核受体/转录因子 reporter,control,已知药理/对照，不算新发现,177,49,否,否
388,阳性/再发现对照,文献再发现/阳性对照,Bosutinib Monohydrate,肿瘤,Oncology,FYN,乳腺癌,breast cancer,实体瘤,29.835372690611997,0.8677988,3,0.1260165640271999,激酶生化/细胞,medium,上市后文献有新靶点线索,2,1,是,是
389,阳性/再发现对照,文献再发现/阳性对照,Afatinib Dimaleate,肿瘤,Oncology,PDGFRB,乳腺癌,breast cancer,实体瘤,29.630897130246083,0.530307,6,0.4280398724553814,酶/表观遗传生化,high,上市后文献有新靶点线索,1,1,是,是
390,阳性/再发现对照,已知药理/阳性对照,Diazepam,神经/精神,Neurology/Psychiatry,GABRB3,癫痫,epilepsy,神经/精神,29.34848962337753,0.29361093,38,0.7102213136315941,离子通道功能,control,已知药理/对照，不算新发现,7,2,是,是
391,阳性/再发现对照,再发现/流程对照,Bosutinib Monohydrate,肿瘤,Oncology,YES1,乳腺癌,breast carcinoma,实体瘤,28.921307070222333,0.81315416,9,0.0853914253432148,激酶生化/细胞,medium,PubMed pair审计未见明确报道,0,0,是,是
392,阳性/再发现对照,再发现/流程对照,Ribociclib Succinate,肿瘤,Oncology,ABL1,乳腺癌,breast cancer,实体瘤,28.540078516858557,0.4480437,14,0.4428758155640839,激酶生化/细胞,high,PubMed pair审计未见明确报道,0,0,是,是
393,阳性/再发现对照,已知药理/阳性对照,Lacosamide,神经/精神,Neurology/Psychiatry,SCN4A,波动性肌强直,myotonia fluctuans,实体瘤,28.480771373221728,0.5609431,36,0.5547009499209655,离子通道功能,high,已知药理/对照，不算新发现,0,0,否,是
394,阳性/再发现对照,再发现/流程对照,Dacomitinib,肿瘤,Oncology,PDGFRB,乳腺癌,breast cancer,实体瘤,28.19643939691275,0.46926162,7,0.4280398724553814,酶/表观遗传生化,high,PubMed pair审计未见明确报道,0,0,是,是
395,阳性/再发现对照,文献再发现/阳性对照,Enzalutamide,肿瘤,Oncology,MAP2K1,肝细胞癌,hepatocellular carcinoma,实体瘤,28.099771985340055,0.53968716,6,0.315545421570669,激酶生化/细胞,high,上市后文献有新靶点线索,1,1,是,否
396,阳性/再发现对照,文献再发现/阳性对照,Afatinib Dimaleate,肿瘤,Oncology,KDR,肝细胞癌,hepatocellular carcinoma,实体瘤,27.768057723575332,0.33967,12,0.6777833062329777,酶/表观遗传生化,high,上市后文献有新靶点线索,3,3,是,是
397,阳性/再发现对照,再发现/流程对照,Selinexor,肿瘤,Oncology,KDR,肝细胞癌,hepatocellular carcinoma,实体瘤,27.211815790242,0.32775053,1,0.6777833062329777,酶/表观遗传生化,high,PubMed pair审计未见明确报道,0,0,是,否
398,阳性/再发现对照,已知药理/阳性对照,Diazepam,神经/精神,Neurology/Psychiatry,GABRA2,产后抑郁,postpartum depression,神经/精神,26.628404812167965,0.29773214,35,0.5807809605407986,离子通道功能,control,已知药理/对照，不算新发现,7,3,是,是
399,阳性/再发现对照,再发现/流程对照,Fostamatinib Disodium,免疫/炎症,Immunology/Inflammation,FLT4,乳腺癌,breast carcinoma,实体瘤,26.47244437493879,0.49335867,1,0.3014388048120942,酶/表观遗传生化,high,PubMed pair审计未见明确报道,0,0,否,是
400,阳性/再发现对照,已知药理/阳性对照,Larotrectinib Sulfate,肿瘤,Oncology,NTRK2,乳腺癌,breast carcinoma,实体瘤,26.37460384496668,0.48745444,36,0.3093361471837043,酶/表观遗传生化,高,已知药理/对照，不算新发现,60,60,是,是
401,阳性/再发现对照,文献再发现/阳性对照,Pazopanib Hydrochloride,肿瘤,Oncology,ABL1,乳腺癌,breast cancer,实体瘤,26.241731583525223,0.27022198,26,0.4428758155640839,激酶生化/细胞,medium,上市后文献有新靶点线索,3,3,是,是
402,阳性/再发现对照,文献再发现/阳性对照,Regorafenib,肿瘤,Oncology,PDGFRB,乳腺癌,breast cancer,实体瘤,26.028439063579413,0.42280447,5,0.4280398724553814,酶/表观遗传生化,high,上市后文献有新靶点线索,9,8,是,是
403,阳性/再发现对照,再发现/流程对照,Givinostat Hydrochloride,肿瘤,Oncology,KIT,黑色素瘤,melanoma,实体瘤,25.64266046216875,0.3696357,5,0.4767256798000925,激酶生化/细胞,high,上市前或窗口外报道,2,0,是,否
404,阳性/再发现对照,再发现/流程对照,Apalutamide,肿瘤,Oncology,MAP2K1,肝细胞癌,hepatocellular carcinoma,实体瘤,25.33682765200672,0.44079405,27,0.315545421570669,激酶生化/细胞,high,PubMed pair审计未见明确报道,0,0,是,否
405,阳性/再发现对照,再发现/流程对照,Hydrocortisone,肿瘤,Oncology,RAF1,扩张型心肌病,dilated cardiomyopathy,骨/肌肉,24.45266243861768,0.24070993,36,0.6912384757904153,激酶生化/细胞,high,PubMed pair审计未见明确报道,0,0,否,否
406,阳性/再发现对照,文献再发现/阳性对照,Vismodegib,肿瘤,Oncology,PTGS2,乳腺癌,breast cancer,实体瘤,24.24217143091016,0.37545902,2,0.4468481702626741,酶/表观遗传生化,high,上市后文献有新靶点线索,2,2,是,否
407,阳性/再发现对照,再发现/流程对照,Selpercatinib,肿瘤,Oncology,EZH2,乳腺癌,breast cancer,实体瘤,23.96054890042241,0.6239918,4,0.1760243955743292,酶/表观遗传生化,high,PubMed pair审计未见明确报道,0,0,是,否
408,阳性/再发现对照,文献再发现/阳性对照,Selinexor,肿瘤,Oncology,KIT,黑色素瘤,melanoma,实体瘤,23.23549859550208,0.31805366,4,0.4767256798000925,激酶生化/细胞,high,上市后文献有新靶点线索,4,3,是,否
409,阳性/再发现对照,文献再发现/阳性对照,Ribociclib Succinate,肿瘤,Oncology,KIT,黑色素瘤,melanoma,实体瘤,23.191063528835414,0.31710148,38,0.4767256798000925,激酶生化/细胞,high,上市后文献有新靶点线索,3,2,是,是
410,阳性/再发现对照,文献再发现/阳性对照,Prednisolone Acetate,内分泌/代谢,Endocrinology/Metabolic,RAF1,扩张型心肌病,dilated cardiomyopathy,骨/肌肉,23.113575038617675,0.2120152,19,0.6912384757904153,激酶生化/细胞,high,上市后文献有新靶点线索,1,1,否,否
411,阳性/再发现对照,文献再发现/阳性对照,Prednisolone Sodium Phosphate,未知,,RAF1,扩张型心肌病,dilated cardiomyopathy,骨/肌肉,23.113575038617675,0.2120152,19,0.6912384757904153,激酶生化/细胞,high,上市后文献有新靶点线索,1,1,否,否
412,阳性/再发现对照,再发现/流程对照,Osimertinib Mesylate,肿瘤,Oncology,PDGFRB,乳腺癌,breast cancer,实体瘤,22.943909130246084,0.3567074,7,0.4280398724553814,酶/表观遗传生化,high,PubMed pair审计未见明确报道,0,0,是,是
413,阳性/再发现对照,再发现/流程对照,Fostamatinib Disodium,免疫/炎症,Immunology/Inflammation,PDGFRB,乳腺癌,breast cancer,实体瘤,22.528685930246084,0.34780976,7,0.4280398724553814,酶/表观遗传生化,high,PubMed pair审计未见明确报道,0,0,否,是
414,阳性/再发现对照,文献再发现/阳性对照,Acyclovir,感染性疾病,Infectious Disease,AKT1,乳腺癌,breast carcinoma,实体瘤,21.52895412621794,0.2099479,8,0.6250986130170937,激酶生化/细胞,high,上市后文献有新靶点线索,1,1,否,否
415,阳性/再发现对照,再发现/流程对照,Bosutinib Monohydrate,肿瘤,Oncology,FGFR3,头颈鳞癌,head and neck squamous cell carcinoma,实体瘤,21.38139531136096,0.36300454,44,0.3455340790234503,酶/表观遗传生化,high,PubMed pair审计未见明确报道,0,0,是,是
416,阳性/再发现对照,文献再发现/阳性对照,Selinexor,肿瘤,Oncology,PDGFRB,乳腺癌,breast cancer,实体瘤,21.278244196912745,0.32101458,3,0.4280398724553814,酶/表观遗传生化,high,上市后文献有新靶点线索,1,1,是,否
417,阳性/再发现对照,再发现/流程对照,Fostamatinib Disodium,免疫/炎症,Immunology/Inflammation,CSF1R,乳腺癌,breast cancer,实体瘤,20.93546814596356,0.32210693,9,0.4105397664872695,酶/表观遗传生化,high,PubMed pair审计未见明确报道,0,0,否,是
418,阳性/再发现对照,再发现/流程对照,Ulipristal Acetate,内分泌/代谢,Endocrinology/Metabolic,SCN5A,心律失常,cardiac arrhythmia,心血管,20.27671615242666,0.29823124,37,0.7863374052930366,离子通道功能,high,PubMed pair审计未见明确报道,0,0,否,否
419,阳性/再发现对照,文献再发现/阳性对照,Etravirine,感染性疾病,Infectious Disease,SRC,乳腺癌,breast carcinoma,实体瘤,19.17791809550267,0.3092502,4,0.3146477968371557,激酶生化/细胞,high,上市后文献有新靶点线索,2,2,否,否
420,阳性/再发现对照,再发现/流程对照,Ulipristal Acetate,内分泌/代谢,Endocrinology/Metabolic,KCNH2,心律失常,cardiac arrhythmia,心血管,17.897379771352348,0.27362123,50,0.7316321053934379,离子通道功能,high,PubMed pair审计未见明确报道,0,0,否,否
421,阳性/再发现对照,文献再发现/阳性对照,Etravirine,感染性疾病,Infectious Disease,BTK,肺鳞癌,squamous cell lung carcinoma,实体瘤,17.338422047804343,0.2878949,11,0.2771848910135263,激酶生化/细胞,high,上市后文献有新靶点线索,1,1,否,否
422,阳性/再发现对照,再发现/流程对照,Fosnetupitant Chloride Hydrochloride,胃肠/消化,Gastroenterology,SCN5A,心律失常,cardiac arrhythmia,心血管,17.155444619093323,0.23134685,36,0.7863374052930366,离子通道功能,high,PubMed pair审计未见明确报道,0,0,否,否
423,阳性/再发现对照,再发现/流程对照,Ribociclib Succinate,肿瘤,Oncology,EPAS1,肺鳞癌,squamous cell lung carcinoma,实体瘤,13.52948261455068,0.33462346,32,0.2776468658318822,核受体/转录因子 reporter,high,PubMed pair审计未见明确报道,0,0,是,否
424,阳性/再发现对照,再发现/流程对照,Doravirine And Islatravir,感染性疾病,Infectious Disease,KCNH2,急性髓系白血病,acute myeloid leukemia,血液肿瘤/血液病,6.426351426853671,0.3678933,42,0.0262813671194225,离子通道功能,high,PubMed pair审计未见明确报道,0,0,否,否
425,二级复核,跨大领域老药新用,Ozanimod Hydrochloride,神经/精神,Neurology/Psychiatry,BRAF,黑色素瘤,melanoma,实体瘤,53.913407066666664,0.39100158,15,0.819548256089721,激酶生化/细胞,medium,PubMed pair审计未见明确报道,0,0,否,否
426,二级复核,跨大领域老药新用,Lubiprostone,胃肠/消化,Gastroenterology,MAP2K1,黑色素瘤,melanoma,实体瘤,50.80672200740125,0.48631215,9,0.7309105929215368,激酶生化/细胞,high,PubMed pair审计未见明确报道,0,0,否,否
427,二级复核,跨大领域老药新用,Mifepristone,内分泌/代谢,Endocrinology/Metabolic,BRAF,黑色素瘤,melanoma,实体瘤,50.4125312,0.44455424,40,0.819548256089721,激酶生化/细胞,medium,上市后文献有新靶点线索,2,1,否,否
428,二级复核,同领域新靶点/新病种探索,Apalutamide,肿瘤,Oncology,DNMT3A,急性髓系白血病,acute myeloid leukemia,血液肿瘤/血液病,48.99048393333333,0.43551037,32,0.8577261614555013,酶/表观遗传生化,中高,PubMed pair审计未见明确报道,0,0,是,否
429,二级复核,跨大领域老药新用,Rilpivirine Hydrochloride,感染性疾病,Infectious Disease,CDK6,乳腺癌,breast carcinoma,实体瘤,48.36229650892586,0.36350212,47,0.6103198922485568,激酶生化/细胞,medium,PubMed pair审计未见明确报道,0,0,否,否
430,二级复核,跨大领域老药新用,Tecovirimat,感染性疾病,Infectious Disease,CDK4,乳腺癌,breast cancer,实体瘤,48.215819050717116,0.35052675,77,0.6307216615133534,激酶生化/细胞,medium,PubMed pair审计未见明确报道,0,0,否,否
431,二级复核,跨大领域老药新用,Fulvestrant,肿瘤,Oncology,BRAF,黑色素瘤,melanoma,实体瘤,47.0,0.5593665,21,0.819548256089721,激酶生化/细胞,high,上市后文献有新靶点线索,3,2,否,否
432,二级复核,跨大领域老药新用,Obeticholic Acid,其他,Other,BRAF,黑色素瘤,melanoma,实体瘤,46.34054206666667,0.35729733,48,0.819548256089721,激酶生化/细胞,high,PubMed pair审计未见明确报道,0,0,否,否
433,二级复核,跨大领域老药新用,Lubiprostone,胃肠/消化,Gastroenterology,KRAS,非小细胞肺癌,non-small cell lung carcinoma,实体瘤,46.0730068,0.48013586,11,0.803548887170282,酶/表观遗传生化,high,PubMed pair审计未见明确报道,0,0,否,否
434,二级复核,跨大领域老药新用,Emtricitabine,感染性疾病,Infectious Disease,AKT1,乳腺癌,breast carcinoma,实体瘤,46.064718792884605,0.5004405,40,0.6250986130170937,激酶生化/细胞,中高,上市后文献有新靶点线索,1,1,否,否
435,二级复核,跨大领域老药新用,Hydrocortisone Butyrate,内分泌/代谢,Endocrinology/Metabolic,MAP2K1,黑色素瘤,melanoma,实体瘤,46.06285234073458,0.3846578,29,0.7309105929215368,激酶生化/细胞,high,PubMed pair审计未见明确报道,0,0,否,否
436,二级复核,同领域新靶点/新病种探索,Apalutamide,肿瘤,Oncology,AKT1,乳腺癌,breast carcinoma,实体瘤,45.27115045955127,0.41870925,45,0.6250986130170937,激酶生化/细胞,中高,PubMed pair审计未见明确报道,0,0,是,否
437,二级复核,跨大领域老药新用,Ledipasvir,感染性疾病,Infectious Disease,BRAF,黑色素瘤,melanoma,实体瘤,44.8401616,0.32514632,72,0.819548256089721,激酶生化/细胞,high,PubMed pair审计未见明确报道,0,0,否,否
438,二级复核,同领域新靶点/新病种探索,Apalutamide,肿瘤,Oncology,TOP2A,小细胞肺癌,small cell lung carcinoma,实体瘤,44.803297029365815,0.45195884,15,0.5797874590829253,酶/表观遗传生化,中高,PubMed pair审计未见明确报道,0,0,是,否
439,二级复核,跨领域但同靶点家族扩展,Obeticholic Acid,其他,Other,THRB,心律失常,cardiac arrhythmia,心血管,44.71192309040562,0.3743186,40,0.3812024484624719,核受体/转录因子 reporter,中,上市后文献有新靶点线索,3,3,否,是
440,二级复核,跨领域但同靶点家族扩展,Ulipristal Acetate,内分泌/代谢,Endocrinology/Metabolic,NR3C2,心律失常,cardiac arrhythmia,心血管,44.638180712904884,0.43846512,2,0.2448803753883651,核受体/转录因子 reporter,medium,上市后文献有新靶点线索,1,1,否,是
441,二级复核,跨大领域老药新用,Naloxegol Oxalate,神经/精神,Neurology/Psychiatry,SCN5A,心律失常,cardiac arrhythmia,心血管,44.40941748575999,0.45107484,69,0.7863374052930366,离子通道功能,中高,PubMed pair审计未见明确报道,0,0,否,否
442,二级复核,跨大领域老药新用,Maraviroc,感染性疾病,Infectious Disease,SCN5A,心律失常,cardiac arrhythmia,心血管,44.24004035242666,0.44744533,66,0.7863374052930366,离子通道功能,中高,PubMed pair审计未见明确报道,0,0,否,否
443,二级复核,跨大领域老药新用,Regadenoson,心血管,Cardiovascular,FAAH,,,免疫/炎症,44.2380326,0.22652927,47,0.0,酶/表观遗传生化,中,PubMed pair审计未见明确报道,0,0,否,否
444,二级复核,跨大领域老药新用,Ulipristal Acetate,内分泌/代谢,Endocrinology/Metabolic,BRAF,黑色素瘤,melanoma,实体瘤,44.23297133333333,0.3121351,31,0.819548256089721,激酶生化/细胞,high,PubMed pair审计未见明确报道,0,0,否,否
445,二级复核,同领域新靶点/新病种探索,Apalutamide,肿瘤,Oncology,AKT2,乳腺癌,breast cancer,实体瘤,44.23023893429436,0.42144808,43,0.5731553422649348,激酶生化/细胞,中高,PubMed pair审计未见明确报道,0,0,是,否
446,二级复核,跨大领域老药新用,Lubiprostone,胃肠/消化,Gastroenterology,FGFR1,精神分裂症,schizophrenia,神经/精神,44.116658193797164,0.44973454,31,0.2872168737983924,酶/表观遗传生化,medium,PubMed pair审计未见明确报道,0,0,否,否
447,二级复核,跨大领域老药新用,Methocarbamol,胃肠/消化,Gastroenterology,CACNA1A,,,免疫/炎症,44.04053666666667,0.3080115,53,0.0,离子通道功能,中,PubMed pair审计未见明确报道,0,0,否,否
448,二级复核,同领域同靶点家族扩展,Erdafitinib,肿瘤,Oncology,MET,乳腺癌,breast carcinoma,实体瘤,43.46922873071737,0.31141984,2,0.3230949421059571,激酶生化/细胞,medium,上市后文献有新靶点线索,1,1,是,是
449,二级复核,跨大领域老药新用,Acyclovir,感染性疾病,Infectious Disease,CHEK2,乳腺癌,breast carcinoma,实体瘤,43.416156427377416,0.20991318,9,0.7090462826982556,激酶生化/细胞,medium,PubMed pair审计未见明确报道,0,0,否,否
450,二级复核,跨大领域老药新用,Doravirine And Islatravir,感染性疾病,Infectious Disease,KRAS,非小细胞肺癌,non-small cell lung carcinoma,实体瘤,43.343246666666666,0.421641,23,0.803548887170282,酶/表观遗传生化,high,PubMed pair审计未见明确报道,0,0,否,否
451,二级复核,同领域新靶点/新病种探索,Bicalutamide,肿瘤,Oncology,CDK4,乳腺癌,breast cancer,实体瘤,43.19123738405045,0.54905325,18,0.6307216615133534,激酶生化/细胞,中高,上市后文献有新靶点线索,5,5,是,否
452,二级复核,跨大领域老药新用,Acyclovir,感染性疾病,Infectious Disease,FGFR2,乳腺癌,breast carcinoma,实体瘤,42.780654885248076,0.21382025,3,0.7171426615665811,酶/表观遗传生化,medium,PubMed pair审计未见明确报道,0,0,否,否
453,二级复核,跨领域但同靶点家族扩展,Lubiprostone,胃肠/消化,Gastroenterology,GABRB3,癫痫,epilepsy,神经/精神,42.76690855671087,0.45257705,29,0.7102213136315941,离子通道功能,中高,PubMed pair审计未见明确报道,0,0,否,是
454,二级复核,跨大领域老药新用,Ozanimod Hydrochloride,神经/精神,Neurology/Psychiatry,AR,前列腺癌,prostate carcinoma,实体瘤,42.62148967592316,0.43722984,8,0.7355895026336221,核受体/转录因子 reporter,high,PubMed pair审计未见明确报道,0,0,否,否
455,二级复核,跨大领域老药新用,Obeticholic Acid,其他,Other,KCND3,心律失常,cardiac arrhythmia,心血管,42.46016913965768,0.37217388,41,0.5522394699107118,离子通道功能,medium,PubMed pair审计未见明确报道,0,0,否,否
456,二级复核,同领域新靶点/新病种探索,Enzalutamide,肿瘤,Oncology,PRKCB,弥漫大B细胞淋巴瘤,diffuse large B-cell lymphoma,血液肿瘤/血液病,42.37863243787859,0.4841654,25,0.3607813527946042,激酶生化/细胞,中高,PubMed pair审计未见明确报道,0,0,是,否
457,二级复核,同领域同靶点家族扩展,Selpercatinib,肿瘤,Oncology,FGFR2,乳腺癌,breast carcinoma,实体瘤,42.30514868524808,0.48220226,89,0.7171426615665811,酶/表观遗传生化,high,PubMed pair审计未见明确报道,0,0,是,是
458,二级复核,跨大领域老药新用,Hydrocortisone Butyrate,内分泌/代谢,Endocrinology/Metabolic,KRAS,非小细胞肺癌,non-small cell lung carcinoma,实体瘤,42.269652,0.3986354,18,0.803548887170282,酶/表观遗传生化,high,PubMed pair审计未见明确报道,0,0,否,否
459,二级复核,同领域新靶点/新病种探索,Enzalutamide,肿瘤,Oncology,CHEK2,乳腺癌,breast carcinoma,实体瘤,42.21379922737742,0.44129124,73,0.7090462826982556,激酶生化/细胞,中高,上市后文献有新靶点线索,5,5,是,否
460,二级复核,跨大领域老药新用,Rolapitant Hydrochloride,胃肠/消化,Gastroenterology,DNMT3A,急性髓系白血病,acute myeloid leukemia,血液肿瘤/血液病,42.0128118,0.22170311,64,0.8577261614555013,酶/表观遗传生化,中高,PubMed pair审计未见明确报道,0,0,否,否
461,二级复核,跨大领域老药新用,Abacavir Sulfate,感染性疾病,Infectious Disease,CDK4,乳腺癌,breast cancer,实体瘤,42.003258384050454,0.21740045,28,0.6307216615133534,激酶生化/细胞,medium,PubMed pair审计未见明确报道,0,0,否,否
462,二级复核,同领域新靶点/新病种探索,Selinexor,肿瘤,Oncology,RET,非小细胞肺癌,non-small cell lung carcinoma,实体瘤,41.88819919093706,0.30741486,6,0.7055780321897952,激酶生化/细胞,中高,PubMed pair审计未见明确报道,0,0,是,否
463,二级复核,跨大领域老药新用,Nevirapine,感染性疾病,Infectious Disease,CCND1,乳腺癌,breast cancer,实体瘤,41.76788828205069,0.4534936,58,0.663919419942994,酶/表观遗传生化,high,PubMed pair审计未见明确报道,0,0,否,否
464,二级复核,同领域新靶点/新病种探索,Apalutamide,肿瘤,Oncology,FGFR2,乳腺癌,breast carcinoma,实体瘤,41.43506388524808,0.3778433,83,0.7171426615665811,酶/表观遗传生化,high,PubMed pair审计未见明确报道,0,0,是,否
465,二级复核,跨大领域老药新用,Rilpivirine Hydrochloride,感染性疾病,Infectious Disease,JAK3,乳腺癌,breast carcinoma,实体瘤,41.1266207393351,0.36610645,42,0.2833327291556342,激酶生化/细胞,medium,PubMed pair审计未见明确报道,0,0,否,否
466,二级复核,同领域新靶点/新病种探索,Netupitant,肿瘤,Oncology,CDK6,乳腺癌,breast carcinoma,实体瘤,41.03860490892586,0.3351373,20,0.6103198922485568,激酶生化/细胞,中高,PubMed pair审计未见明确报道,0,0,是,否
467,二级复核,同领域新靶点/新病种探索,Enzalutamide,肿瘤,Oncology,KRAS,非小细胞肺癌,non-small cell lung carcinoma,实体瘤,41.0,0.54742885,4,0.803548887170282,酶/表观遗传生化,中高,上市后文献有新靶点线索,1,1,是,否
468,二级复核,同领域新靶点/新病种探索,Bicalutamide,肿瘤,Oncology,BMPR1A,乳腺癌,breast carcinoma,实体瘤,40.560889069911205,0.54905325,16,0.2915950697738313,酶/表观遗传生化,中高,PubMed pair审计未见明确报道,0,0,是,否
469,二级复核,同领域新靶点/新病种探索,Selinexor,肿瘤,Oncology,PDGFRA,胃肠道间质瘤,gastrointestinal stromal tumor,实体瘤,40.40712993333334,0.31586707,5,0.8245011238749937,酶/表观遗传生化,high,PubMed pair审计未见明确报道,0,0,是,否
470,二级复核,同领域同靶点家族扩展,Larotrectinib Sulfate,肿瘤,Oncology,PTPN11,急性髓系白血病,acute myeloid leukemia,血液肿瘤/血液病,40.337134138106364,0.4755741,43,0.6434226431750978,酶/表观遗传生化,high,PubMed pair审计未见明确报道,0,0,是,是
471,二级复核,跨大领域老药新用,Difluprednate,内分泌/代谢,Endocrinology/Metabolic,KRAS,非小细胞肺癌,non-small cell lung carcinoma,实体瘤,40.2695056,0.35577512,9,0.803548887170282,酶/表观遗传生化,high,PubMed pair审计未见明确报道,0,0,否,否
472,二级复核,同领域同靶点家族扩展,Bosutinib Monohydrate,肿瘤,Oncology,KDR,肝细胞癌,hepatocellular carcinoma,实体瘤,40.215879590242,0.45640904,26,0.6777833062329777,酶/表观遗传生化,高,PubMed pair审计未见明确报道,0,0,是,是
473,二级复核,跨大领域老药新用,Fludarabine Phosphate,肿瘤,Oncology,SCN5A,心律失常,cardiac arrhythmia,心血管,40.16287428575999,0.4243632,45,0.7863374052930366,离子通道功能,high,PubMed pair审计未见明确报道,0,0,否,否
474,二级复核,跨大领域老药新用,Doravirine,未知,,ESR2,乳腺癌,breast carcinoma,实体瘤,40.06305345529092,0.5588249,4,0.4916912646795965,核受体/转录因子 reporter,high,PubMed pair审计未见明确报道,0,0,否,否
475,二级复核,同领域新靶点/新病种探索,Netupitant,肿瘤,Oncology,AKT1,乳腺癌,breast carcinoma,实体瘤,40.058713392884606,0.30701417,60,0.6250986130170937,激酶生化/细胞,中高,PubMed pair审计未见明确报道,0,0,是,否
476,二级复核,跨大领域老药新用,Rolapitant Hydrochloride,胃肠/消化,Gastroenterology,CDK6,乳腺癌,breast carcinoma,实体瘤,39.809570775592526,0.24451514,13,0.6103198922485568,激酶生化/细胞,中高,PubMed pair审计未见明确报道,0,0,否,否
477,二级复核,跨领域但同靶点家族扩展,Trifarotene,肿瘤,Oncology,NR3C1,银屑病,psoriasis,皮肤/免疫,39.7345325429359,0.45786697,8,0.6089218048712254,核受体/转录因子 reporter,中高,PubMed pair审计未见明确报道,0,0,否,是
478,二级复核,同领域新靶点/新病种探索,Fulvestrant,肿瘤,Oncology,KCND3,心律失常,cardiac arrhythmia,心血管,39.42538807299101,0.68933356,7,0.5522394699107118,离子通道功能,高,PubMed pair审计未见明确报道,0,0,是,否
479,二级复核,跨大领域老药新用,Ketoconazole,未知,,MTOR,银屑病,psoriasis,皮肤/免疫,39.38958504422119,0.2049843,36,0.0514215278913125,激酶生化/细胞,中,上市后文献有新靶点线索,5,5,否,否
480,二级复核,同领域新靶点/新病种探索,Trospium Chloride,神经/精神,Neurology/Psychiatry,GABRA1,双相障碍,bipolar disorder,免疫/炎症,39.330122603895205,0.50845593,29,0.4146721157286756,离子通道功能,中高,PubMed pair审计未见明确报道,0,0,是,否
481,二级复核,同领域新靶点/新病种探索,Enzalutamide,肿瘤,Oncology,TOP2A,小细胞肺癌,small cell lung carcinoma,实体瘤,39.20815416269915,0.46063435,56,0.5797874590829253,酶/表观遗传生化,中高,上市后文献有新靶点线索,1,1,是,否
482,二级复核,跨大领域老药新用,Rolapitant Hydrochloride,胃肠/消化,Gastroenterology,AKT1,乳腺癌,breast carcinoma,实体瘤,39.184559192884606,0.22399658,60,0.6250986130170937,激酶生化/细胞,中高,PubMed pair审计未见明确报道,0,0,否,否
483,二级复核,跨大领域老药新用,Rolapitant Hydrochloride,胃肠/消化,Gastroenterology,MAP2K1,黑色素瘤,melanoma,实体瘤,39.099605607401244,0.23544537,38,0.7309105929215368,激酶生化/细胞,high,PubMed pair审计未见明确报道,0,0,否,否
484,二级复核,跨领域但同靶点家族扩展,Obeticholic Acid,其他,Other,ESR2,乳腺癌,breast carcinoma,实体瘤,39.04567945529092,0.4996277,6,0.4916912646795965,核受体/转录因子 reporter,中高,PubMed pair审计未见明确报道,0,0,否,是
485,二级复核,同领域新靶点/新病种探索,Enzalutamide,肿瘤,Oncology,BMPR1A,乳腺癌,breast carcinoma,实体瘤,38.87799573657787,0.463938,46,0.2915950697738313,酶/表观遗传生化,中高,PubMed pair审计未见明确报道,0,0,是,否
486,二级复核,同领域新靶点/新病种探索,Enzalutamide,肿瘤,Oncology,JAK3,乳腺癌,breast carcinoma,实体瘤,38.847421739335104,0.4458379,69,0.2833327291556342,激酶生化/细胞,中高,PubMed pair审计未见明确报道,0,0,是,否
487,二级复核,跨大领域老药新用,Acyclovir,感染性疾病,Infectious Disease,FGFR4,乳腺癌,breast carcinoma,实体瘤,38.71161490396365,0.20729196,14,0.5498365972131993,酶/表观遗传生化,medium,PubMed pair审计未见明确报道,0,0,否,否
488,二级复核,同领域新靶点/新病种探索,Apalutamide,肿瘤,Oncology,MAP2K2,乳腺癌,breast carcinoma,实体瘤,38.66667251136566,0.44119787,26,0.284923196060696,激酶生化/细胞,中高,PubMed pair审计未见明确报道,0,0,是,否
489,二级复核,跨大领域老药新用,Abacavir Sulfate,感染性疾病,Infectious Disease,CDK6,乳腺癌,breast carcinoma,实体瘤,38.544218575592524,0.21740045,29,0.6103198922485568,激酶生化/细胞,中高,PubMed pair审计未见明确报道,0,0,否,否
490,二级复核,同领域新靶点/新病种探索,Netupitant,肿瘤,Oncology,CDK4,乳腺癌,breast cancer,实体瘤,38.497644717383785,0.3351373,19,0.6307216615133534,激酶生化/细胞,high,PubMed pair审计未见明确报道,0,0,是,否
491,二级复核,同领域新靶点/新病种探索,Apalutamide,肿瘤,Oncology,BMPR1A,乳腺癌,breast carcinoma,实体瘤,38.383134003244535,0.45333382,5,0.2915950697738313,酶/表观遗传生化,中高,PubMed pair审计未见明确报道,0,0,是,否
492,二级复核,跨大领域老药新用,Mifepristone,内分泌/代谢,Endocrinology/Metabolic,RAF1,银屑病,psoriasis,皮肤/免疫,38.26365621371577,0.44029492,43,0.0022174791281082,激酶生化/细胞,medium,PubMed pair审计未见明确报道,0,0,否,否
493,二级复核,跨大领域老药新用,Ledipasvir,感染性疾病,Infectious Disease,RAF1,急性髓系白血病,acute myeloid leukemia,血液肿瘤/血液病,38.17389892147068,0.2826641,95,0.4584995965098081,激酶生化/细胞,中高,PubMed pair审计未见明确报道,0,0,否,否
494,二级复核,跨大领域老药新用,Rolapitant Hydrochloride,胃肠/消化,Gastroenterology,AKT2,乳腺癌,breast cancer,实体瘤,38.0859494676277,0.22549902,56,0.5731553422649348,激酶生化/细胞,中高,PubMed pair审计未见明确报道,0,0,否,否
495,二级复核,同领域新靶点/新病种探索,Enzalutamide,肿瘤,Oncology,CDK6,乳腺癌,breast carcinoma,实体瘤,38.0493042422592,0.463938,49,0.6103198922485568,激酶生化/细胞,high,上市后文献有新靶点线索,8,8,是,否
496,二级复核,跨大领域老药新用,Rolapitant Hydrochloride,胃肠/消化,Gastroenterology,TOP2A,小细胞肺癌,small cell lung carcinoma,实体瘤,38.047404029365815,0.24290399,21,0.5797874590829253,酶/表观遗传生化,中高,PubMed pair审计未见明确报道,0,0,否,否
497,二级复核,同领域新靶点/新病种探索,Dexmethylphenidate Hydrochloride,神经/精神,Neurology/Psychiatry,GABRA1,双相障碍,bipolar disorder,免疫/炎症,38.0221250038952,0.47197148,13,0.4146721157286756,离子通道功能,中高,PubMed pair审计未见明确报道,0,0,是,否
498,二级复核,同领域新靶点/新病种探索,Enzalutamide,肿瘤,Oncology,NTRK2,乳腺癌,breast carcinoma,实体瘤,37.99943197830001,0.4365579,78,0.3093361471837043,酶/表观遗传生化,中高,PubMed pair审计未见明确报道,0,0,是,否
499,二级复核,跨大领域老药新用,Netupitant,肿瘤,Oncology,GRIA2,癫痫,epilepsy,神经/精神,37.9467433464208,0.31007883,53,0.6137658346557394,离子通道功能,中高,PubMed pair审计未见明确报道,0,0,否,否
500,二级复核,跨大领域老药新用,Acyclovir,感染性疾病,Infectious Disease,TYK2,银屑病,psoriasis,皮肤/免疫,37.81384007650741,0.21205647,5,0.7222757693262555,激酶生化/细胞,high,PubMed pair审计未见明确报道,0,0,否,否
501,二级复核,同领域同靶点家族扩展,Entrectinib,肿瘤,Oncology,IGF1R,肝细胞癌,hepatocellular carcinoma,实体瘤,37.72059873880392,0.3309019,6,0.2049708180209151,酶/表观遗传生化,中高,上市后文献有新靶点线索,4,2,是,是
502,二级复核,同领域新靶点/新病种探索,Apalutamide,肿瘤,Oncology,NTRK2,乳腺癌,breast carcinoma,实体瘤,37.533775178300004,0.42657954,37,0.3093361471837043,酶/表观遗传生化,中高,PubMed pair审计未见明确报道,0,0,是,否
503,二级复核,同领域同靶点家族扩展,Ribociclib Succinate,肿瘤,Oncology,LYN,乳腺癌,breast cancer,实体瘤,36.96114314108978,0.48132643,10,0.4370033959002865,激酶生化/细胞,high,PubMed pair审计未见明确报道,0,0,是,是
504,二级复核,跨大领域老药新用,Brincidofovir,感染性疾病,Infectious Disease,SLC6A1,精神分裂症,schizophrenia,神经/精神,36.796846574410985,0.46790177,8,0.2797672877515993,转运体摄取/外排,high,PubMed pair审计未见明确报道,0,0,否,否
505,二级复核,跨领域但同靶点家族扩展,Nitisinone,肿瘤,Oncology,PTPN11,急性髓系白血病,acute myeloid leukemia,血液肿瘤/血液病,36.6495254714397,0.3322682,97,0.6434226431750978,酶/表观遗传生化,high,PubMed pair审计未见明确报道,0,0,否,是
506,二级复核,跨大领域老药新用,Mifepristone,内分泌/代谢,Endocrinology/Metabolic,PTGS1,黑色素瘤,melanoma,实体瘤,36.63622649448754,0.5056671,16,0.117165621977224,酶/表观遗传生化,high,PubMed pair审计未见明确报道,0,0,否,否
507,二级复核,同领域同靶点家族扩展,Cabozantinib S-Malate,肿瘤,Oncology,PDGFRB,乳腺癌,breast cancer,实体瘤,36.63089713024608,0.64310324,6,0.4280398724553814,酶/表观遗传生化,高,PubMed pair审计未见明确报道,0,0,是,是
508,二级复核,跨大领域老药新用,Abacavir Sulfate,感染性疾病,Infectious Disease,TOP2A,小细胞肺癌,small cell lung carcinoma,实体瘤,36.62178916269915,0.2123551,44,0.5797874590829253,酶/表观遗传生化,中高,PubMed pair审计未见明确报道,0,0,否,否
509,二级复核,同领域新靶点/新病种探索,Apalutamide,肿瘤,Oncology,FGFR1,乳腺癌,breast carcinoma,实体瘤,36.567629438612926,0.39365652,68,0.334681118753167,酶/表观遗传生化,中高,PubMed pair审计未见明确报道,0,0,是,否
510,二级复核,跨大领域老药新用,Avibactam Sodium,感染性疾病,Infectious Disease,SLC12A3,慢性肾病,chronic kidney disease,肾脏,36.47982175484699,0.29972172,59,0.6144951772524586,转运体摄取/外排,high,PubMed pair审计未见明确报道,0,0,否,否
511,二级复核,跨大领域老药新用,Atazanavir Sulfate,感染性疾病,Infectious Disease,PTGS1,前列腺癌,prostate cancer,实体瘤,36.437762169217855,0.3729526,24,0.3718507038170898,酶/表观遗传生化,high,PubMed pair审计未见明确报道,0,0,否,否
512,二级复核,跨领域但同靶点家族扩展,Ribociclib Succinate,肿瘤,Oncology,EPHB4,心律失常,cardiac arrhythmia,心血管,36.28927569320096,0.5005952,8,0.2795233641422652,酶/表观遗传生化,high,PubMed pair审计未见明确报道,0,0,否,是
513,二级复核,同领域同靶点家族扩展,Afatinib Dimaleate,肿瘤,Oncology,CSF1R,乳腺癌,breast cancer,实体瘤,36.16199834596356,0.49838972,7,0.4105397664872695,酶/表观遗传生化,high,PubMed pair审计未见明确报道,0,0,是,是
514,二级复核,跨大领域老药新用,Regadenoson,心血管,Cardiovascular,GABRB3,癫痫,epilepsy,神经/精神,36.15257895671087,0.22512713,49,0.7102213136315941,离子通道功能,中高,PubMed pair审计未见明确报道,0,0,否,否
515,二级复核,同领域新靶点/新病种探索,Bicalutamide,肿瘤,Oncology,MAP2K1,肝细胞癌,hepatocellular carcinoma,实体瘤,36.099771985340055,0.5300459,42,0.315545421570669,激酶生化/细胞,中高,上市后文献有新靶点线索,1,1,是,否
516,二级复核,跨大领域老药新用,Obeticholic Acid,其他,Other,FTO,心律失常,cardiac arrhythmia,心血管,36.012055232586114,0.3689186,44,0.3612972103371606,酶/表观遗传生化,high,PubMed pair审计未见明确报道,0,0,否,否
517,二级复核,跨大领域老药新用,Fludarabine Phosphate,肿瘤,Oncology,TYR,黑色素瘤,melanoma,实体瘤,35.683105801741675,0.39697868,64,0.5551452178551856,酶/表观遗传生化,high,上市后文献有新靶点线索,4,3,否,否
518,二级复核,跨大领域老药新用,Fludarabine Phosphate,肿瘤,Oncology,TYRP1,黑色素瘤,melanoma,实体瘤,35.63147715921225,0.4101378,54,0.1255576218909147,酶/表观遗传生化,中高,PubMed pair审计未见明确报道,0,0,否,否
519,二级复核,跨大领域老药新用,Zidovudine,感染性疾病,Infectious Disease,PTPN11,急性髓系白血病,acute myeloid leukemia,血液肿瘤/血液病,35.580974338106365,0.22365639,87,0.6434226431750978,酶/表观遗传生化,high,PubMed pair审计未见明确报道,0,0,否,否
520,二级复核,同领域同靶点家族扩展,Ribociclib Succinate,肿瘤,Oncology,LCK,急性髓系白血病,acute myeloid leukemia,血液肿瘤/血液病,35.50005669539401,0.4783138,11,0.3783146383138076,激酶生化/细胞,high,PubMed pair审计未见明确报道,0,0,是,是
521,二级复核,同领域新靶点/新病种探索,Trospium Chloride,神经/精神,Neurology/Psychiatry,SLC6A1,精神分裂症,schizophrenia,神经/精神,35.294763974410984,0.5186767,26,0.2797672877515993,转运体摄取/外排,高,PubMed pair审计未见明确报道,0,0,是,否
522,二级复核,同领域同靶点家族扩展,Larotrectinib Sulfate,肿瘤,Oncology,MAP2K1,肝细胞癌,hepatocellular carcinoma,实体瘤,34.97406411867338,0.49730626,31,0.315545421570669,激酶生化/细胞,high,PubMed pair审计未见明确报道,0,0,是,是
523,二级复核,同领域新靶点/新病种探索,Bicalutamide,肿瘤,Oncology,NTRK2,乳腺癌,breast carcinoma,实体瘤,34.96006331163335,0.56271917,11,0.3093361471837043,酶/表观遗传生化,中高,上市前或窗口外报道,1,0,是,否
524,二级复核,同领域同靶点家族扩展,Ribociclib Succinate,肿瘤,Oncology,RET,非小细胞肺癌,non-small cell lung carcinoma,实体瘤,34.93476972427039,0.3084128,40,0.7055780321897952,激酶生化/细胞,high,PubMed pair审计未见明确报道,0,0,是,是
525,二级复核,跨大领域老药新用,Ozanimod Hydrochloride,神经/精神,Neurology/Psychiatry,RARG,银屑病,psoriasis,皮肤/免疫,34.88390407345414,0.341223,31,0.5908221069683322,核受体/转录因子 reporter,high,PubMed pair审计未见明确报道,0,0,否,否
526,二级复核,跨领域但同靶点家族扩展,Dexamethasone,内分泌/代谢,Endocrinology/Metabolic,AR,前列腺癌,prostate carcinoma,实体瘤,34.7706978092565,0.4832843,4,0.7355895026336221,核受体/转录因子 reporter,high,上市后文献有新靶点线索,258,183,否,是
527,二级复核,跨大领域老药新用,Acyclovir,感染性疾病,Infectious Disease,PTPN11,急性髓系白血病,acute myeloid leukemia,血液肿瘤/血液病,34.58573673810636,0.20232987,22,0.6434226431750978,酶/表观遗传生化,high,PubMed pair审计未见明确报道,0,0,否,否
528,二级复核,同领域新靶点/新病种探索,Cyclobenzaprine Hydrochloride,神经/精神,Neurology/Psychiatry,SCN8A,精神分裂症,schizophrenia,神经/精神,34.57087752375197,0.40719694,12,0.3956305329074948,离子通道功能,中高,PubMed pair审计未见明确报道,0,0,是,否
529,二级复核,同领域新靶点/新病种探索,Netupitant,肿瘤,Oncology,NTRK2,乳腺癌,breast carcinoma,实体瘤,34.519282578300015,0.36198327,7,0.3093361471837043,酶/表观遗传生化,中高,PubMed pair审计未见明确报道,0,0,是,否
530,二级复核,同领域新靶点/新病种探索,Enzalutamide,肿瘤,Oncology,CASP8,乳腺癌,breast carcinoma,实体瘤,34.44599969201771,0.47026193,37,0.3481678352007872,酶/表观遗传生化,中高,上市后文献有新靶点线索,4,4,是,否
531,二级复核,跨大领域老药新用,Fulvestrant,肿瘤,Oncology,GGCX,银屑病,psoriasis,皮肤/免疫,34.417302890525534,0.4965951,41,0.0256088099492829,酶/表观遗传生化,high,PubMed pair审计未见明确报道,0,0,否,否
532,二级复核,跨大领域老药新用,Hydroxychloroquine Sulfate,肿瘤,Oncology,BRAF,黑色素瘤,melanoma,实体瘤,34.31263253333333,0.22812784,30,0.819548256089721,激酶生化/细胞,高,上市后文献有新靶点线索,14,5,否,否
533,二级复核,跨大领域老药新用,Doravirine,未知,,CASP8,乳腺癌,breast carcinoma,实体瘤,34.24745695868438,0.2731503,98,0.3481678352007872,酶/表观遗传生化,中高,PubMed pair审计未见明确报道,0,0,否,否
534,二级复核,同领域新靶点/新病种探索,Sonidegib Phosphate,肿瘤,Oncology,KCND3,心律失常,cardiac arrhythmia,心血管,34.20675647299102,0.38817218,19,0.5522394699107118,离子通道功能,高,PubMed pair审计未见明确报道,0,0,是,否
535,二级复核,跨大领域老药新用,Arformoterol Tartrate,呼吸,Respiratory,SCN5A,心律失常,cardiac arrhythmia,心血管,34.200221285759994,0.23230635,4,0.7863374052930366,离子通道功能,中高,PubMed pair审计未见明确报道,0,0,否,否
536,二级复核,同领域同靶点家族扩展,Palbociclib,肿瘤,Oncology,FGFR2,乳腺癌,breast carcinoma,实体瘤,34.09466488524808,0.43483475,68,0.7171426615665811,酶/表观遗传生化,high,上市后文献有新靶点线索,6,6,是,是
537,二级复核,跨大领域老药新用,Acyclovir,感染性疾病,Infectious Disease,JAK1,浆细胞骨髓瘤,plasma cell myeloma,血液肿瘤/血液病,34.08313224398857,0.20349762,19,0.3075515545476405,激酶生化/细胞,medium,PubMed pair审计未见明确报道,0,0,否,否
538,二级复核,同领域同靶点家族扩展,Palbociclib,肿瘤,Oncology,TOP2A,小细胞肺癌,small cell lung carcinoma,实体瘤,34.04521782936582,0.5096041,18,0.5797874590829253,酶/表观遗传生化,高,上市后文献有新靶点线索,1,1,是,是
539,二级复核,跨大领域老药新用,Ozanimod Hydrochloride,神经/精神,Neurology/Psychiatry,RAF1,银屑病,psoriasis,皮肤/免疫,33.960805680382435,0.34809098,28,0.0022174791281082,激酶生化/细胞,medium,PubMed pair审计未见明确报道,0,0,否,否
540,二级复核,同领域同靶点家族扩展,Larotrectinib Sulfate,肿瘤,Oncology,FGFR2,乳腺癌,breast carcinoma,实体瘤,33.951331485248076,0.43176332,71,0.7171426615665811,酶/表观遗传生化,high,上市后文献有新靶点线索,7,7,是,是
541,二级复核,同领域同靶点家族扩展,Axitinib,肿瘤,Oncology,ABL1,乳腺癌,breast cancer,实体瘤,33.86305051685855,0.4763931,13,0.4428758155640839,激酶生化/细胞,中高,上市后文献有新靶点线索,13,13,是,是
542,二级复核,同领域同靶点家族扩展,Dacomitinib,肿瘤,Oncology,RET,非小细胞肺癌,non-small cell lung carcinoma,实体瘤,33.84234139093706,0.41357505,9,0.7055780321897952,激酶生化/细胞,high,上市后文献有新靶点线索,6,5,是,是
543,二级复核,同领域同靶点家族扩展,Bosutinib Monohydrate,肿瘤,Oncology,EGFR,非小细胞肺癌,non-small cell lung carcinoma,实体瘤,33.83442006666667,0.36788043,42,0.8525670184292347,激酶生化/细胞,high,上市后文献有新靶点线索,28,27,是,是
544,二级复核,同领域同靶点家族扩展,Axitinib,肿瘤,Oncology,EGFR,非小细胞肺癌,non-small cell lung carcinoma,实体瘤,33.67447146666667,0.36445296,19,0.8525670184292347,激酶生化/细胞,high,上市后文献有新靶点线索,36,33,是,是
545,二级复核,同领域新靶点/新病种探索,Fludarabine Phosphate,肿瘤,Oncology,SLC34A2,肺鳞癌,squamous cell lung carcinoma,实体瘤,33.66212961046953,0.4215343,47,0.3699494345393864,转运体摄取/外排,high,PubMed pair审计未见明确报道,0,0,是,否
546,二级复核,跨大领域老药新用,Ulipristal Acetate,内分泌/代谢,Endocrinology/Metabolic,KCNJ2,心律失常,cardiac arrhythmia,心血管,33.35546386235713,0.32108977,28,0.5202047968455021,离子通道功能,high,PubMed pair审计未见明确报道,0,0,否,否
547,二级复核,跨大领域老药新用,Avibactam Sodium,感染性疾病,Infectious Disease,SLC12A1,慢性肾病,chronic kidney disease,肾脏,33.30945307919497,0.28892,68,0.4959934701864431,转运体摄取/外排,high,PubMed pair审计未见明确报道,0,0,否,否
548,二级复核,跨大领域老药新用,Netupitant,肿瘤,Oncology,MAPK3,高血压性疾病,hypertensive disorder,心血管,33.3067110945432,0.31431958,49,0.0431909938315496,激酶生化/细胞,medium,PubMed pair审计未见明确报道,0,0,否,否
549,二级复核,跨大领域老药新用,Conivaptan Hydrochloride,胃肠/消化,Gastroenterology,SCN5A,心律失常,cardiac arrhythmia,心血管,33.23879275242666,0.21170431,41,0.7863374052930366,离子通道功能,中高,PubMed pair审计未见明确报道,0,0,否,否
550,二级复核,同领域新靶点/新病种探索,Netupitant,肿瘤,Oncology,JAK1,浆细胞骨髓瘤,plasma cell myeloma,血液肿瘤/血液病,33.23443597732191,0.3138827,50,0.3075515545476405,激酶生化/细胞,中高,PubMed pair审计未见明确报道,0,0,是,否
551,二级复核,跨大领域老药新用,Ozanimod Hydrochloride,神经/精神,Neurology/Psychiatry,VDR,银屑病,psoriasis,皮肤/免疫,33.16559178363154,0.2867491,47,0.6274355755688095,核受体/转录因子 reporter,high,PubMed pair审计未见明确报道,0,0,否,否
552,二级复核,同领域同靶点家族扩展,Bosutinib Monohydrate,肿瘤,Oncology,TEK,胃肠道间质瘤,gastrointestinal stromal tumor,实体瘤,33.12176694394425,0.39179182,37,0.3631769782493742,酶/表观遗传生化,中高,PubMed pair审计未见明确报道,0,0,是,是
553,二级复核,跨大领域老药新用,Zidovudine,感染性疾病,Infectious Disease,MAPK1,乳腺癌,breast carcinoma,实体瘤,33.11784061197894,0.24792176,68,0.3058440805323976,激酶生化/细胞,中高,PubMed pair审计未见明确报道,0,0,否,否
554,二级复核,跨大领域老药新用,Doravirine,未知,,DDR2,胃肠道间质瘤,gastrointestinal stromal tumor,实体瘤,33.10480274990764,0.2851058,87,0.4059199444403396,酶/表观遗传生化,high,PubMed pair审计未见明确报道,0,0,否,否
555,二级复核,跨大领域老药新用,Spinosad,神经/精神,Neurology/Psychiatry,IDH1,食管腺癌,esophageal adenocarcinoma,实体瘤,33.08466224796369,0.217726,2,0.278108840650238,酶/表观遗传生化,medium,PubMed pair审计未见明确报道,0,0,否,否
556,二级复核,同领域同靶点家族扩展,Palbociclib,肿瘤,Oncology,MAPK3,乳腺癌,breast carcinoma,实体瘤,32.999320658816444,0.48930457,30,0.1110418100214714,激酶生化/细胞,中高,PubMed pair审计未见明确报道,0,0,是,是
557,二级复核,同领域同靶点家族扩展,Tucatinib,肿瘤,Oncology,KDR,肝细胞癌,hepatocellular carcinoma,实体瘤,32.998845056908664,0.3017583,11,0.6777833062329777,酶/表观遗传生化,高,PubMed pair审计未见明确报道,0,0,是,是
558,二级复核,同领域新靶点/新病种探索,Bicalutamide,肿瘤,Oncology,JAK1,浆细胞骨髓瘤,plasma cell myeloma,血液肿瘤/血液病,32.91990997732191,0.514232,55,0.3075515545476405,激酶生化/细胞,high,上市后文献有新靶点线索,1,1,是,否
559,二级复核,同领域同靶点家族扩展,Dacomitinib,肿瘤,Oncology,CSF1R,乳腺癌,breast cancer,实体瘤,32.8880306792969,0.42823327,8,0.4105397664872695,酶/表观遗传生化,高,PubMed pair审计未见明确报道,0,0,是,是
560,二级复核,同领域新靶点/新病种探索,Netupitant,肿瘤,Oncology,BMPR1A,乳腺癌,breast carcinoma,实体瘤,32.86729640324454,0.3351373,17,0.2915950697738313,酶/表观遗传生化,中高,PubMed pair审计未见明确报道,0,0,是,否
561,二级复核,同领域新靶点/新病种探索,Enzalutamide,肿瘤,Oncology,MAPK11,乳腺癌,breast carcinoma,实体瘤,32.77353051113594,0.5258884,9,0.0343791338282639,激酶生化/细胞,high,PubMed pair审计未见明确报道,0,0,是,否
562,二级复核,跨领域但同靶点家族扩展,Fulvestrant,肿瘤,Oncology,NR3C1,银屑病,psoriasis,皮肤/免疫,32.70074060960257,0.76980954,3,0.6089218048712254,核受体/转录因子 reporter,高,上市后文献有新靶点线索,6,2,否,是
563,二级复核,跨大领域老药新用,Trifarotene,肿瘤,Oncology,PTGS1,黑色素瘤,melanoma,实体瘤,32.68496449448754,0.4153301,16,0.117165621977224,酶/表观遗传生化,high,PubMed pair审计未见明确报道,0,0,否,否
564,二级复核,同领域新靶点/新病种探索,Ribociclib Succinate,肿瘤,Oncology,KCNN4,乳腺癌,breast cancer,实体瘤,32.652155043027186,0.4303455,16,0.2623421500604675,离子通道功能,中高,PubMed pair审计未见明确报道,0,0,是,否
565,二级复核,跨大领域老药新用,Ulipristal Acetate,内分泌/代谢,Endocrinology/Metabolic,KCND3,心律失常,cardiac arrhythmia,心血管,32.64302153965768,0.29037786,39,0.5522394699107118,离子通道功能,high,PubMed pair审计未见明确报道,0,0,否,否
566,二级复核,跨大领域老药新用,Dasabuvir Sodium,感染性疾病,Infectious Disease,RAF1,急性髓系白血病,acute myeloid leukemia,血液肿瘤/血液病,32.50693998813735,0.22551498,9,0.4584995965098081,激酶生化/细胞,high,PubMed pair审计未见明确报道,0,0,否,否
567,二级复核,跨大领域老药新用,Rolapitant Hydrochloride,胃肠/消化,Gastroenterology,JAK1,浆细胞骨髓瘤,plasma cell myeloma,血液肿瘤/血液病,32.27360917732191,0.22900784,51,0.3075515545476405,激酶生化/细胞,中高,PubMed pair审计未见明确报道,0,0,否,否
568,二级复核,跨大领域老药新用,Darunavir And Cobicistat,感染性疾病,Infectious Disease,SLC6A4,口腔鳞癌,oral cavity squamous cell carcinoma,实体瘤,32.236499947211755,0.60985804,26,0.0105111087649668,转运体摄取/外排,high,PubMed pair审计未见明确报道,0,0,否,否
569,二级复核,跨大领域老药新用,Ulipristal Acetate,内分泌/代谢,Endocrinology/Metabolic,MAP3K1,高血压性疾病,hypertensive disorder,心血管,32.13849989415051,0.2672328,52,0.3555986323326154,激酶生化/细胞,high,PubMed pair审计未见明确报道,0,0,否,否
570,二级复核,跨大领域老药新用,Ulipristal Acetate,内分泌/代谢,Endocrinology/Metabolic,KCNJ11,扩张型心肌病,dilated cardiomyopathy,心血管,32.07393661518065,0.36487192,16,0.3724406080821028,离子通道功能,high,PubMed pair审计未见明确报道,0,0,否,否
571,二级复核,同领域同靶点家族扩展,Tucatinib,肿瘤,Oncology,PDGFRB,乳腺癌,breast cancer,实体瘤,31.907697063579413,0.39878857,7,0.4280398724553814,酶/表观遗传生化,高,PubMed pair审计未见明确报道,0,0,是,是
572,二级复核,同领域同靶点家族扩展,Larotrectinib Sulfate,肿瘤,Oncology,JAK3,乳腺癌,breast carcinoma,实体瘤,31.893738406001766,0.4468304,62,0.2833327291556342,激酶生化/细胞,high,PubMed pair审计未见明确报道,0,0,是,是
573,二级复核,同领域新靶点/新病种探索,Enzalutamide,肿瘤,Oncology,FGFR1,乳腺癌,breast carcinoma,实体瘤,31.83734450527959,0.4208647,96,0.334681118753167,酶/表观遗传生化,中高,上市后文献有新靶点线索,2,2,是,否
574,二级复核,跨大领域老药新用,Etonogestrel,感染性疾病,Infectious Disease,RAF1,银屑病,psoriasis,皮肤/免疫,31.80306461371577,0.4304251,50,0.0022174791281082,激酶生化/细胞,high,PubMed pair审计未见明确报道,0,0,否,否
575,二级复核,跨领域但同靶点家族扩展,Capmatinib Hydrochloride,肿瘤,Oncology,TYR,黑色素瘤,melanoma,实体瘤,31.684601401741673,0.2684393,13,0.5551452178551856,酶/表观遗传生化,high,PubMed pair审计未见明确报道,0,0,否,是
576,二级复核,跨大领域老药新用,Vorinostat,肿瘤,Oncology,TYR,黑色素瘤,melanoma,实体瘤,31.638685201741673,0.24602681,93,0.5551452178551856,酶/表观遗传生化,中高,上市后文献有新靶点线索,5,5,否,否
577,二级复核,跨大领域老药新用,Rolapitant Hydrochloride,胃肠/消化,Gastroenterology,BMPR1A,乳腺癌,breast carcinoma,实体瘤,31.63826226991121,0.24451514,10,0.2915950697738313,酶/表观遗传生化,中高,PubMed pair审计未见明确报道,0,0,否,否
578,二级复核,跨大领域老药新用,Doravirine And Islatravir,感染性疾病,Infectious Disease,THRB,乳腺癌,breast carcinoma,实体瘤,31.62781336191751,0.55955267,3,0.1167917049741116,核受体/转录因子 reporter,high,PubMed pair审计未见明确报道,0,0,否,否
579,二级复核,跨大领域老药新用,Ripretinib,肿瘤,Oncology,KCND3,心律失常,cardiac arrhythmia,心血管,31.549797006324347,0.26695162,13,0.5522394699107118,离子通道功能,high,PubMed pair审计未见明确报道,0,0,否,否
580,二级复核,跨大领域老药新用,Siponimod,神经/精神,Neurology/Psychiatry,NR3C1,心律失常,cardiac arrhythmia,心血管,31.525626754716846,0.2819584,92,0.4311511742837118,核受体/转录因子 reporter,中高,PubMed pair审计未见明确报道,0,0,否,否
581,二级复核,同领域新靶点/新病种探索,Fosaprepitant Dimeglumine,肿瘤,Oncology,BCL2,B细胞慢性淋巴细胞白血病,B-cell chronic lymphocytic leukemia,血液肿瘤/血液病,31.518217809809556,0.23924112,3,0.7416429130285728,离子通道功能,high,PubMed pair审计未见明确报道,0,0,是,否
582,二级复核,跨大领域老药新用,Abacavir Sulfate,感染性疾病,Infectious Disease,MAP2K1,肝细胞癌,hepatocellular carcinoma,实体瘤,31.505990385340056,0.20870468,50,0.315545421570669,激酶生化/细胞,中高,PubMed pair审计未见明确报道,0,0,否,否
583,二级复核,跨大领域老药新用,Rolapitant Hydrochloride,胃肠/消化,Gastroenterology,NTRK2,乳腺癌,breast carcinoma,实体瘤,31.364013178300013,0.23008464,49,0.3093361471837043,酶/表观遗传生化,中高,PubMed pair审计未见明确报道,0,0,否,否
584,二级复核,跨大领域老药新用,Dexamethasone,内分泌/代谢,Endocrinology/Metabolic,SCN4A,波动性肌强直,myotonia fluctuans,实体瘤,31.358928706555055,0.2616748,47,0.5547009499209655,离子通道功能,high,PubMed pair审计未见明确报道,0,0,否,否
585,二级复核,跨大领域老药新用,Diroximel Fumarate,神经/精神,Neurology/Psychiatry,CTSK,骨质疏松,osteoporosis,代谢,31.321412581450858,0.25208136,18,0.3951532939904087,酶/表观遗传生化,high,PubMed pair审计未见明确报道,0,0,否,否
586,二级复核,跨大领域老药新用,Diroximel Fumarate,神经/精神,Neurology/Psychiatry,ADA,1型糖尿病,type 1 diabetes mellitus,代谢,31.24713182682428,0.28302842,4,0.0609987656366348,酶/表观遗传生化,medium,PubMed pair审计未见明确报道,0,0,否,否
587,二级复核,同领域新靶点/新病种探索,Enzalutamide,肿瘤,Oncology,PRKCD,肝细胞癌,hepatocellular carcinoma,实体瘤,31.199181913336005,0.4960439,20,0.1059466628149334,激酶生化/细胞,中高,上市后文献有新靶点线索,1,1,是,否
588,二级复核,跨领域但同靶点家族扩展,Fedratinib Hydrochloride,免疫/炎症,Immunology/Inflammation,KIT,黑色素瘤,melanoma,实体瘤,31.127451928835413,0.40145266,5,0.4767256798000925,激酶生化/细胞,high,上市后文献有新靶点线索,4,4,否,是
589,二级复核,跨领域但同靶点家族扩展,Difluprednate,内分泌/代谢,Endocrinology/Metabolic,RXRA,银屑病,psoriasis,皮肤/免疫,31.124098054571036,0.2847567,48,0.5852793505735276,核受体/转录因子 reporter,中高,PubMed pair审计未见明确报道,0,0,否,是
590,二级复核,同领域同靶点家族扩展,Tucatinib,肿瘤,Oncology,CSF1R,乳腺癌,breast cancer,实体瘤,30.989507012630227,0.38755062,8,0.4105397664872695,酶/表观遗传生化,高,PubMed pair审计未见明确报道,0,0,是,是
591,二级复核,跨大领域老药新用,Abacavir Sulfate,感染性疾病,Infectious Disease,MAP2K2,乳腺癌,breast carcinoma,实体瘤,30.87496477803232,0.20994699,47,0.284923196060696,激酶生化/细胞,中高,PubMed pair审计未见明确报道,0,0,否,否
592,二级复核,同领域新靶点/新病种探索,Fosaprepitant Dimeglumine,肿瘤,Oncology,PARP1,乳腺癌,breast cancer,实体瘤,30.85168449457447,0.21746403,10,0.5794087301292358,酶/表观遗传生化,high,PubMed pair审计未见明确报道,0,0,是,否
593,二级复核,同领域同靶点家族扩展,Ribociclib Succinate,肿瘤,Oncology,FYN,乳腺癌,breast cancer,实体瘤,30.835372690611997,0.534465,2,0.1260165640271999,激酶生化/细胞,high,PubMed pair审计未见明确报道,0,0,是,是
594,二级复核,跨大领域老药新用,Hydrocortisone,肿瘤,Oncology,AR,前列腺癌,prostate carcinoma,实体瘤,30.81430040925649,0.31279007,4,0.7355895026336221,核受体/转录因子 reporter,high,上市后文献有新靶点线索,19,10,否,否
595,二级复核,跨大领域老药新用,Conivaptan Hydrochloride,胃肠/消化,Gastroenterology,FLT4,乳腺癌,breast carcinoma,实体瘤,30.78592577493879,0.2215047,35,0.3014388048120942,酶/表观遗传生化,中高,PubMed pair审计未见明确报道,0,0,否,否
596,二级复核,同领域新靶点/新病种探索,Sonidegib Phosphate,肿瘤,Oncology,SLC34A2,肺鳞癌,squamous cell lung carcinoma,实体瘤,30.661654277136194,0.3572384,22,0.3699494345393864,转运体摄取/外排,high,PubMed pair审计未见明确报道,0,0,是,否
597,二级复核,跨大领域老药新用,Fulvestrant,肿瘤,Oncology,PTGS1,黑色素瘤,melanoma,实体瘤,30.636226494487538,0.53937554,28,0.117165621977224,酶/表观遗传生化,high,上市前或窗口外报道,1,0,否,否
598,二级复核,跨领域但同靶点家族扩展,Obeticholic Acid,其他,Other,PGR,子宫内膜癌,endometrial cancer,实体瘤,30.59369904606973,0.3551099,50,0.4157883131586546,核受体/转录因子 reporter,中高,PubMed pair审计未见明确报道,0,0,否,是
599,二级复核,跨领域但同靶点家族扩展,Ulipristal Acetate,内分泌/代谢,Endocrinology/Metabolic,AR,前列腺癌,prostate carcinoma,实体瘤,30.44404214258983,0.39057025,11,0.7355895026336221,核受体/转录因子 reporter,high,上市后文献有新靶点线索,6,6,否,是
600,二级复核,同领域同靶点家族扩展,Cabozantinib S-Malate,肿瘤,Oncology,EGFR,非小细胞肺癌,non-small cell lung carcinoma,实体瘤,30.4255596,0.29483342,15,0.8525670184292347,激酶生化/细胞,high,上市后文献有新靶点线索,87,87,是,是
601,二级复核,跨大领域老药新用,Abacavir Sulfate,感染性疾病,Infectious Disease,BMPR1A,乳腺癌,breast carcinoma,实体瘤,30.3729100699112,0.21740045,26,0.2915950697738313,酶/表观遗传生化,中高,PubMed pair审计未见明确报道,0,0,否,否
602,二级复核,跨领域但同靶点家族扩展,Palbociclib,肿瘤,Oncology,BMPR2,围产期心肌病,peripartum cardiomyopathy,实体瘤,30.295011507252795,0.4195234,76,0.0466927188408652,酶/表观遗传生化,中高,PubMed pair审计未见明确报道,0,0,否,是
603,二级复核,同领域同靶点家族扩展,Osimertinib Mesylate,肿瘤,Oncology,RET,非小细胞肺癌,non-small cell lung carcinoma,实体瘤,30.267373724270392,0.3369686,9,0.7055780321897952,激酶生化/细胞,high,上市后文献有新靶点线索,66,66,是,是
604,二级复核,跨大领域老药新用,Abacavir Sulfate,感染性疾病,Infectious Disease,NTRK2,乳腺癌,breast carcinoma,实体瘤,30.173337911633347,0.20457017,56,0.3093361471837043,酶/表观遗传生化,中高,PubMed pair审计未见明确报道,0,0,否,否
605,二级复核,跨领域但同靶点家族扩展,Larotrectinib Sulfate,肿瘤,Oncology,BMPR2,围产期心肌病,peripartum cardiomyopathy,实体瘤,30.15672417391947,0.4165601,81,0.0466927188408652,酶/表观遗传生化,中高,PubMed pair审计未见明确报道,0,0,否,是
606,二级复核,同领域新靶点/新病种探索,Ripretinib,肿瘤,Oncology,KCNN4,乳腺癌,breast cancer,实体瘤,30.13763837636052,0.376463,2,0.2623421500604675,离子通道功能,中高,PubMed pair审计未见明确报道,0,0,是,否
607,二级复核,同领域同靶点家族扩展,Ribociclib Succinate,肿瘤,Oncology,YES1,乳腺癌,breast carcinoma,实体瘤,29.921307070222333,0.50745696,7,0.0853914253432148,激酶生化/细胞,high,PubMed pair审计未见明确报道,0,0,是,是
608,二级复核,同领域新靶点/新病种探索,Diroximel Fumarate,神经/精神,Neurology/Psychiatry,GABRA1,癫痫,epilepsy,神经/精神,29.841938270784297,0.20426197,55,0.7396909483311539,离子通道功能,high,PubMed pair审计未见明确报道,0,0,是,否
609,二级复核,跨大领域老药新用,Rolapitant Hydrochloride,胃肠/消化,Gastroenterology,HCN4,心律失常,cardiac arrhythmia,心血管,29.780788280109036,0.23168042,47,0.5467719413381795,离子通道功能,高,PubMed pair审计未见明确报道,0,0,否,否
610,二级复核,同领域新靶点/新病种探索,Diroximel Fumarate,神经/精神,Neurology/Psychiatry,GABRB3,癫痫,epilepsy,神经/精神,29.3568380900442,0.20807554,53,0.7102213136315941,离子通道功能,high,PubMed pair审计未见明确报道,0,0,是,否
611,二级复核,同领域新靶点/新病种探索,Alpelisib,肿瘤,Oncology,SLC34A2,肺鳞癌,squamous cell lung carcinoma,实体瘤,29.33108774380286,0.32872626,39,0.3699494345393864,转运体摄取/外排,high,PubMed pair审计未见明确报道,0,0,是,否
612,二级复核,跨大领域老药新用,Fosamprenavir Calcium,感染性疾病,Infectious Disease,MMP7,乳腺癌,breast cancer,实体瘤,29.280188038717498,0.24620315,50,0.3166240461652219,酶/表观遗传生化,high,PubMed pair审计未见明确报道,0,0,否,否
613,二级复核,跨大领域老药新用,Siponimod,神经/精神,Neurology/Psychiatry,VKORC1,动脉粥样硬化,atherosclerosis,心血管,29.2566244091053,0.27236447,97,0.2613162581824576,酶/表观遗传生化,high,PubMed pair审计未见明确报道,0,0,否,否
614,二级复核,同领域新靶点/新病种探索,Alpelisib,肿瘤,Oncology,SLC6A4,口腔鳞癌,oral cavity squamous cell carcinoma,实体瘤,29.236499947211755,0.50865644,5,0.0105111087649668,转运体摄取/外排,高,PubMed pair审计未见明确报道,0,0,是,否
615,二级复核,同领域同靶点家族扩展,Olaparib,肿瘤,Oncology,CASP8,乳腺癌,breast carcinoma,实体瘤,29.102597492017708,0.44147474,3,0.3481678352007872,酶/表观遗传生化,中高,上市后文献有新靶点线索,3,3,是,是
616,二级复核,同领域新靶点/新病种探索,Rocuronium Bromide,神经/精神,Neurology/Psychiatry,KCNQ4,癫痫,epilepsy,神经/精神,28.975592573295593,0.29674616,18,0.509367634368693,离子通道功能,high,PubMed pair审计未见明确报道,0,0,是,否
617,二级复核,同领域同靶点家族扩展,Selpercatinib,肿瘤,Oncology,JAK1,浆细胞骨髓瘤,plasma cell myeloma,血液肿瘤/血液病,28.796924643988575,0.4973646,61,0.3075515545476405,激酶生化/细胞,high,上市后文献有新靶点线索,1,1,是,是
618,二级复核,同领域同靶点家族扩展,Osimertinib Mesylate,肿瘤,Oncology,CSF1R,乳腺癌,breast cancer,实体瘤,28.785818345963563,0.34032872,8,0.4105397664872695,酶/表观遗传生化,high,PubMed pair审计未见明确报道,0,0,是,是
619,二级复核,同领域同靶点家族扩展,Palbociclib,肿瘤,Oncology,MAPK11,乳腺癌,breast carcinoma,实体瘤,28.773530511135938,0.50663054,20,0.0343791338282639,激酶生化/细胞,high,PubMed pair审计未见明确报道,0,0,是,是
620,二级复核,同领域同靶点家族扩展,Larotrectinib Sulfate,肿瘤,Oncology,MAPK11,乳腺癌,breast carcinoma,实体瘤,28.773530511135938,0.503052,27,0.0343791338282639,激酶生化/细胞,high,PubMed pair审计未见明确报道,0,0,是,是
621,二级复核,跨大领域老药新用,Osimertinib Mesylate,肿瘤,Oncology,KCND3,心律失常,cardiac arrhythmia,心血管,28.719032472991017,0.20629238,19,0.5522394699107118,离子通道功能,high,PubMed pair审计未见明确报道,0,0,否,否
622,二级复核,跨领域但同靶点家族扩展,Obeticholic Acid,其他,Other,NR3C1,心律失常,cardiac arrhythmia,心血管,28.700901421383513,0.553926,3,0.4311511742837118,核受体/转录因子 reporter,high,上市后文献有新靶点线索,4,2,否,是
623,二级复核,跨大领域老药新用,Diroximel Fumarate,神经/精神,Neurology/Psychiatry,PNP,代谢功能障碍相关脂肪性肝炎,metabolic dysfunction-associated steatohepatitis,代谢,28.682431373843244,0.25605515,15,0.0029566388374776,酶/表观遗传生化,medium,PubMed pair审计未见明确报道,0,0,否,否
624,二级复核,同领域同靶点家族扩展,Palbociclib,肿瘤,Oncology,KEAP1,乳腺癌,breast carcinoma,实体瘤,28.625178105388486,0.5217078,11,0.2944523602394882,核受体/转录因子 reporter,high,PubMed pair审计未见明确报道,0,0,是,是
625,二级复核,同领域同靶点家族扩展,Palbociclib,肿瘤,Oncology,KRAS,非小细胞肺癌,non-small cell lung carcinoma,实体瘤,28.55274466666667,0.3832731,93,0.803548887170282,酶/表观遗传生化,high,上市后文献有新靶点线索,39,39,是,是
626,二级复核,跨大领域老药新用,Fulvestrant,肿瘤,Oncology,RAF1,银屑病,psoriasis,皮肤/免疫,28.538182547049104,0.48903477,46,0.0022174791281082,激酶生化/细胞,high,上市前或窗口外报道,1,0,否,否
627,二级复核,同领域同靶点家族扩展,Larotrectinib Sulfate,肿瘤,Oncology,KRAS,非小细胞肺癌,non-small cell lung carcinoma,实体瘤,28.426407733333335,0.38056588,100,0.803548887170282,酶/表观遗传生化,high,上市后文献有新靶点线索,15,15,是,是
628,二级复核,同领域同靶点家族扩展,Palbociclib,肿瘤,Oncology,ACVR2A,乳腺癌,breast carcinoma,实体瘤,28.41322143580684,0.39511988,88,0.2803389793691928,酶/表观遗传生化,high,PubMed pair审计未见明确报道,0,0,是,是
629,二级复核,跨大领域老药新用,Netupitant,肿瘤,Oncology,BMPR2,围产期心肌病,peripartum cardiomyopathy,实体瘤,28.41062017391947,0.2934293,81,0.0466927188408652,酶/表观遗传生化,中高,PubMed pair审计未见明确报道,0,0,否,否
630,二级复核,同领域同靶点家族扩展,Palbociclib,肿瘤,Oncology,JAK1,浆细胞骨髓瘤,plasma cell myeloma,血液肿瘤/血液病,28.389052377321917,0.48862448,31,0.3075515545476405,激酶生化/细胞,high,上市后文献有新靶点线索,2,2,是,是
631,二级复核,跨大领域老药新用,Fosamprenavir Calcium,感染性疾病,Infectious Disease,SLC34A2,肺鳞癌,squamous cell lung carcinoma,实体瘤,28.368332210469525,0.24381007,55,0.3699494345393864,转运体摄取/外排,high,PubMed pair审计未见明确报道,0,0,否,否
632,二级复核,同领域同靶点家族扩展,Bosutinib Monohydrate,肿瘤,Oncology,BTK,肺鳞癌,squamous cell lung carcinoma,实体瘤,28.236660047804342,0.7560268,14,0.2771848910135263,激酶生化/细胞,high,上市后文献有新靶点线索,5,3,是,是
633,二级复核,跨大领域老药新用,Acyclovir,感染性疾病,Infectious Disease,WEE1,乳腺癌,breast carcinoma,实体瘤,28.14106593810583,0.2051612,16,0.0400093305824813,激酶生化/细胞,中,PubMed pair审计未见明确报道,0,0,否,否
634,二级复核,同领域新靶点/新病种探索,Regadenoson,心血管,Cardiovascular,KCNK3,肺动脉高压,pulmonary arterial hypertension,心血管,28.13380118496569,0.28290215,18,0.5006681859984753,离子通道功能,high,PubMed pair审计未见明确报道,0,0,是,否
635,二级复核,跨大领域老药新用,Abacavir Sulfate,感染性疾病,Infectious Disease,JAK1,浆细胞骨髓瘤,plasma cell myeloma,血液肿瘤/血液病,28.088505910655243,0.20361277,59,0.3075515545476405,激酶生化/细胞,高,PubMed pair审计未见明确报道,0,0,否,否
636,二级复核,跨大领域老药新用,Acyclovir,感染性疾病,Infectious Disease,FGFR1,乳腺癌,breast carcinoma,实体瘤,27.973706571946256,0.20950103,10,0.334681118753167,酶/表观遗传生化,medium,上市后文献有新靶点线索,1,1,否,否
637,二级复核,跨大领域老药新用,Siponimod,神经/精神,Neurology/Psychiatry,SLC6A4,口腔鳞癌,oral cavity squamous cell carcinoma,实体瘤,27.949102613878424,0.4081272,13,0.0105111087649668,转运体摄取/外排,high,PubMed pair审计未见明确报道,0,0,否,否
638,二级复核,跨大领域老药新用,Givinostat Hydrochloride,肿瘤,Oncology,FLT1,慢性肾病,chronic kidney disease,肾脏,27.87149646805461,0.3504104,7,0.0378819763579827,酶/表观遗传生化,high,PubMed pair审计未见明确报道,0,0,否,否
639,二级复核,同领域同靶点家族扩展,Pazopanib Hydrochloride,肿瘤,Oncology,FLT4,乳腺癌,breast carcinoma,实体瘤,27.782373108272118,0.5282714,15,0.3014388048120942,酶/表观遗传生化,高,上市后文献有新靶点线索,4,4,是,是
640,二级复核,同领域新靶点/新病种探索,Capmatinib Hydrochloride,肿瘤,Oncology,PPARG,乳腺癌,breast carcinoma,实体瘤,27.713443720210478,0.21685414,43,0.3078629860834285,酶/表观遗传生化,中高,PubMed pair审计未见明确报道,0,0,是,否
641,二级复核,同领域同靶点家族扩展,Bosutinib Monohydrate,肿瘤,Oncology,PDGFRB,乳腺癌,breast cancer,实体瘤,27.697708130246085,0.43714595,29,0.4280398724553814,酶/表观遗传生化,高,上市后文献有新靶点线索,1,1,是,是
642,二级复核,跨大领域老药新用,Belinostat,肿瘤,Oncology,KCNK3,肺动脉高压,pulmonary arterial hypertension,心血管,27.567285318299028,0.20647681,41,0.5006681859984753,离子通道功能,high,PubMed pair审计未见明确报道,0,0,否,否
643,二级复核,跨领域但同靶点家族扩展,Argatroban,心血管,Cardiovascular,TYR,黑色素瘤,melanoma,实体瘤,27.542907001741675,0.24397442,8,0.5551452178551856,酶/表观遗传生化,中高,上市前或窗口外报道,1,0,否,是
644,二级复核,跨大领域老药新用,Netupitant,肿瘤,Oncology,NTRK3,,,心血管,27.479514,0.3602753,8,0.0,酶/表观遗传生化,high,PubMed pair审计未见明确报道,0,0,否,否
645,二级复核,跨大领域老药新用,Doravirine,未知,,TGFB1,胃癌,gastric cancer,实体瘤,27.45900674228327,0.33822638,51,0.1337085485459233,核受体/转录因子 reporter,中高,PubMed pair审计未见明确报道,0,0,否,否
646,二级复核,跨大领域老药新用,Hydrocortisone,肿瘤,Oncology,VDR,银屑病,psoriasis,皮肤/免疫,27.45005218363155,0.29284468,13,0.6274355755688095,核受体/转录因子 reporter,high,上市后文献有新靶点线索,4,2,否,否
647,二级复核,跨大领域老药新用,Acyclovir,感染性疾病,Infectious Disease,JAK3,乳腺癌,breast carcinoma,实体瘤,27.415023606001768,0.20085794,25,0.2833327291556342,激酶生化/细胞,high,PubMed pair审计未见明确报道,0,0,否,否
648,二级复核,跨大领域老药新用,Diroximel Fumarate,神经/精神,Neurology/Psychiatry,SLC34A2,肺鳞癌,squamous cell lung carcinoma,实体瘤,27.363629677136196,0.22228073,40,0.3699494345393864,转运体摄取/外排,high,PubMed pair审计未见明确报道,0,0,否,否
649,二级复核,跨领域但同靶点家族扩展,Obeticholic Acid,其他,Other,TGFB1,胃癌,gastric cancer,实体瘤,27.32364700894994,0.4210401,19,0.1337085485459233,核受体/转录因子 reporter,中高,PubMed pair审计未见明确报道,0,0,否,是
650,二级复核,跨大领域老药新用,Zidovudine,感染性疾病,Infectious Disease,PPP2CA,乳腺癌,breast cancer,实体瘤,27.160932792930794,0.26759118,53,0.0447412322784055,酶/表观遗传生化,中高,PubMed pair审计未见明确报道,0,0,否,否
651,二级复核,跨大领域老药新用,Etravirine,感染性疾病,Infectious Disease,ITK,前列腺癌,prostate cancer,实体瘤,26.89462253099549,0.21058013,21,0.106705916933133,激酶生化/细胞,中高,PubMed pair审计未见明确报道,0,0,否,否
652,二级复核,同领域同靶点家族扩展,Lapatinib Ditosylate,肿瘤,Oncology,KIT,黑色素瘤,melanoma,实体瘤,26.760244328835412,0.30786964,4,0.4767256798000925,激酶生化/细胞,中高,上市后文献有新靶点线索,1,1,是,是
653,二级复核,跨大领域老药新用,Varenicline Tartrate,肿瘤,Oncology,KIT,黑色素瘤,melanoma,实体瘤,26.63017526216875,0.21936816,3,0.4767256798000925,激酶生化/细胞,high,上市后文献有新靶点线索,4,4,否,否
654,二级复核,同领域新靶点/新病种探索,Selinexor,肿瘤,Oncology,FLT1,慢性肾病,chronic kidney disease,肾脏,26.576130134721275,0.32265255,2,0.0378819763579827,酶/表观遗传生化,中高,PubMed pair审计未见明确报道,0,0,是,否
655,二级复核,跨大领域老药新用,Diroximel Fumarate,神经/精神,Neurology/Psychiatry,TYRP1,黑色素瘤,melanoma,实体瘤,26.451770492545577,0.2134298,47,0.1255576218909147,酶/表观遗传生化,中高,PubMed pair审计未见明确报道,0,0,否,否
656,二级复核,跨大领域老药新用,Difluprednate,内分泌/代谢,Endocrinology/Metabolic,AKT1,银屑病,psoriasis,皮肤/免疫,26.322256349679435,0.26934564,64,0.0927167325783452,激酶生化/细胞,high,PubMed pair审计未见明确报道,0,0,否,否
657,二级复核,跨领域但同靶点家族扩展,Obeticholic Acid,其他,Other,PPARG,乳腺癌,breast carcinoma,实体瘤,26.113065920210474,0.33256033,62,0.3078629860834285,酶/表观遗传生化,中高,上市后文献有新靶点线索,3,3,否,是
658,二级复核,同领域同靶点家族扩展,Palbociclib,肿瘤,Oncology,JAK3,乳腺癌,breast carcinoma,实体瘤,26.04207307266843,0.450009,58,0.2833327291556342,激酶生化/细胞,high,上市后文献有新靶点线索,1,1,是,是
659,二级复核,同领域同靶点家族扩展,Regorafenib,肿瘤,Oncology,CSF1R,乳腺癌,breast cancer,实体瘤,25.954617545963565,0.40823156,6,0.4105397664872695,酶/表观遗传生化,高,上市后文献有新靶点线索,2,2,是,是
660,二级复核,跨大领域老药新用,Netupitant,肿瘤,Oncology,PIK3CA,心律失常,cardiac arrhythmia,心血管,25.891443760446172,0.30356932,67,0.0025870589827929,激酶生化/细胞,高,PubMed pair审计未见明确报道,0,0,否,否
661,二级复核,跨大领域老药新用,Boceprevir,感染性疾病,Infectious Disease,SLC6A4,口腔鳞癌,oral cavity squamous cell carcinoma,实体瘤,25.886311347211752,0.36392453,10,0.0105111087649668,转运体摄取/外排,high,PubMed pair审计未见明确报道,0,0,否,否
662,二级复核,跨大领域老药新用,Glecaprevir,感染性疾病,Infectious Disease,NQO1,乳腺癌,breast cancer,实体瘤,25.80953329336255,0.20590423,2,0.1126223360012984,酶/表观遗传生化,中高,PubMed pair审计未见明确报道,0,0,否,否
663,二级复核,跨大领域老药新用,Ulipristal Acetate,内分泌/代谢,Endocrinology/Metabolic,PDE5A,心律失常,cardiac arrhythmia,心血管,25.700420506191957,0.25298077,61,0.0101326476826055,酶/表观遗传生化,中高,PubMed pair审计未见明确报道,0,0,否,否
664,二级复核,跨大领域老药新用,Doravirine And Islatravir,感染性疾病,Infectious Disease,NR3C2,结直肠癌,colorectal cancer,实体瘤,25.650544666796904,0.41378695,26,0.0299475703761588,核受体/转录因子 reporter,high,PubMed pair审计未见明确报道,0,0,否,否
665,二级复核,跨大领域老药新用,Alpelisib,肿瘤,Oncology,SCN5A,心律失常,cardiac arrhythmia,心血管,25.613769619093326,0.2411681,69,0.7863374052930366,离子通道功能,高,上市前或窗口外报道,1,0,否,否
666,二级复核,同领域新靶点/新病种探索,Fludarabine Phosphate,肿瘤,Oncology,PNP,急性髓系白血病,acute myeloid leukemia,血液肿瘤/血液病,25.53342110962612,0.56906676,11,0.0237076048722718,酶/表观遗传生化,high,上市后文献有新靶点线索,36,26,是,否
667,二级复核,跨大领域老药新用,Alpelisib,肿瘤,Oncology,SLC29A1,,,实体瘤,25.444338533333337,0.35952154,30,0.0,转运体摄取/外排,high,PubMed pair审计未见明确报道,0,0,否,否
668,二级复核,同领域同靶点家族扩展,Bosutinib Monohydrate,肿瘤,Oncology,FLT1,慢性肾病,chronic kidney disease,肾脏,25.29146653472128,0.38083833,39,0.0378819763579827,酶/表观遗传生化,中高,PubMed pair审计未见明确报道,0,0,是,是
669,二级复核,跨大领域老药新用,Acyclovir,感染性疾病,Infectious Disease,PRKCE,乳腺癌,breast carcinoma,实体瘤,25.282280580868065,0.20049843,29,0.05595646729784,激酶生化/细胞,中高,PubMed pair审计未见明确报道,0,0,否,否
670,二级复核,跨大领域老药新用,Imiquimod,肿瘤,Oncology,CCND1,乳腺癌,breast carcinoma,实体瘤,25.178809466692798,0.25992674,23,0.5947657007419023,酶/表观遗传生化,high,上市后文献有新靶点线索,2,2,否,否
671,二级复核,同领域同靶点家族扩展,Larotrectinib Sulfate,肿瘤,Oncology,AKT3,乳腺癌,breast carcinoma,实体瘤,25.092777087773285,0.4692212,52,0.2012942705677015,激酶生化/细胞,high,上市后文献有新靶点线索,1,1,是,是
672,二级复核,跨领域但同靶点家族扩展,Dexamethasone,内分泌/代谢,Endocrinology/Metabolic,RXRA,银屑病,psoriasis,皮肤/免疫,25.04756405457104,0.3474024,11,0.5852793505735276,核受体/转录因子 reporter,high,上市后文献有新靶点线索,23,11,否,是
673,二级复核,同领域同靶点家族扩展,Pazopanib Hydrochloride,肿瘤,Oncology,FLT1,慢性肾病,chronic kidney disease,肾脏,24.85234446805461,0.90921754,6,0.0378819763579827,酶/表观遗传生化,中高,上市后文献有新靶点线索,12,11,是,是
674,二级复核,跨领域但同靶点家族扩展,Dexamethasone,内分泌/代谢,Endocrinology/Metabolic,RARG,银屑病,psoriasis,皮肤/免疫,24.68955980678747,0.33705848,12,0.5908221069683322,核受体/转录因子 reporter,高,上市后文献有新靶点线索,2,1,否,是
675,二级复核,跨大领域老药新用,Hydrocortisone,肿瘤,Oncology,PDE4D,骨质疏松,osteoporosis,免疫/炎症,24.65741370717658,0.2983762,11,0.0029566388374776,酶/表观遗传生化,high,PubMed pair审计未见明确报道,0,0,否,否
676,二级复核,跨领域但同靶点家族扩展,Dexamethasone,内分泌/代谢,Endocrinology/Metabolic,VDR,银屑病,psoriasis,皮肤/免疫,24.59779085029821,0.31743908,16,0.6274355755688095,核受体/转录因子 reporter,high,上市后文献有新靶点线索,43,34,否,是
677,二级复核,同领域新靶点/新病种探索,Belinostat,肿瘤,Oncology,BCL2,B细胞慢性淋巴细胞白血病,B-cell chronic lymphocytic leukemia,血液肿瘤/血液病,24.570611943142886,0.21893528,36,0.7416429130285728,离子通道功能,high,上市后文献有新靶点线索,6,5,是,否
678,二级复核,同领域同靶点家族扩展,Ribociclib Succinate,肿瘤,Oncology,CCND1,乳腺癌,breast cancer,实体瘤,24.328043082050698,0.35835406,28,0.663919419942994,酶/表观遗传生化,high,上市后文献有新靶点线索,17,17,是,是
679,二级复核,跨领域但同靶点家族扩展,Alpelisib,肿瘤,Oncology,VKORC1,动脉粥样硬化,atherosclerosis,心血管,24.32278007577196,0.25235352,64,0.2613162581824576,酶/表观遗传生化,high,PubMed pair审计未见明确报道,0,0,否,是
680,二级复核,同领域同靶点家族扩展,Capmatinib Hydrochloride,肿瘤,Oncology,TXNRD1,乳腺癌,breast cancer,实体瘤,24.097077822924767,0.3825127,2,0.114658599537397,酶/表观遗传生化,high,PubMed pair审计未见明确报道,0,0,是,是
681,二级复核,同领域新靶点/新病种探索,Selinexor,肿瘤,Oncology,FLT4,乳腺癌,breast carcinoma,实体瘤,24.046725774938785,0.2056647,11,0.3014388048120942,酶/表观遗传生化,高,PubMed pair审计未见明确报道,0,0,是,否
682,二级复核,跨大领域老药新用,Dalfampridine,心血管,Cardiovascular,TYRP1,黑色素瘤,melanoma,实体瘤,23.928571759212247,0.22364697,78,0.1255576218909147,酶/表观遗传生化,high,PubMed pair审计未见明确报道,0,0,否,否
683,二级复核,跨大领域老药新用,Difluprednate,内分泌/代谢,Endocrinology/Metabolic,MAP2K2,银屑病,psoriasis,皮肤/免疫,23.80543446730406,0.25833455,80,0.003695798546847,激酶生化/细胞,高,PubMed pair审计未见明确报道,0,0,否,否
684,二级复核,同领域同靶点家族扩展,Ribociclib Succinate,肿瘤,Oncology,PDGFRB,乳腺癌,breast cancer,实体瘤,23.72824886357941,0.22351468,82,0.4280398724553814,酶/表观遗传生化,high,PubMed pair审计未见明确报道,0,0,是,是
685,二级复核,同领域同靶点家族扩展,Osimertinib Mesylate,肿瘤,Oncology,KDR,肝细胞癌,hepatocellular carcinoma,实体瘤,23.619096190241997,0.22933511,12,0.6777833062329777,酶/表观遗传生化,high,上市后文献有新靶点线索,4,4,是,是
686,二级复核,同领域同靶点家族扩展,Bosutinib Monohydrate,肿瘤,Oncology,PTPRC,浆细胞骨髓瘤,plasma cell myeloma,血液肿瘤/血液病,23.429919363567663,0.274568,53,0.3088924161585629,酶/表观遗传生化,high,PubMed pair审计未见明确报道,0,0,是,是
687,二级复核,同领域新靶点/新病种探索,Selpercatinib,肿瘤,Oncology,NFE2L2,食管腺癌,esophageal adenocarcinoma,实体瘤,23.390151028266594,0.5178294,51,0.372895601256293,核受体/转录因子 reporter,high,上市后文献有新靶点线索,3,3,是,否
688,二级复核,跨领域但同靶点家族扩展,Bempedoic Acid,心血管,Cardiovascular,PNP,代谢功能障碍相关脂肪性肝炎,metabolic dysfunction-associated steatohepatitis,代谢,23.310996773843247,0.29095298,28,0.0029566388374776,酶/表观遗传生化,中高,PubMed pair审计未见明确报道,0,0,否,是
689,二级复核,跨大领域老药新用,Rolapitant Hydrochloride,胃肠/消化,Gastroenterology,MAP2K2,心肌梗死,myocardial infarction,心血管,23.180938297125806,0.23613207,35,0.0219900013537397,激酶生化/细胞,high,PubMed pair审计未见明确报道,0,0,否,否
690,二级复核,跨大领域老药新用,Diroximel Fumarate,神经/精神,Neurology/Psychiatry,SLC5A1,代谢功能障碍相关脂肪性肝炎,metabolic dysfunction-associated steatohepatitis,代谢,23.061843507119832,0.26308775,14,0.0941221558719927,转运体摄取/外排,high,PubMed pair审计未见明确报道,0,0,否,否
691,二级复核,同领域新靶点/新病种探索,Fosaprepitant Dimeglumine,肿瘤,Oncology,TOP1,浆细胞骨髓瘤,plasma cell myeloma,血液肿瘤/血液病,23.036091798225442,0.2269391,5,0.2123970576989084,酶/表观遗传生化,high,PubMed pair审计未见明确报道,0,0,是,否
692,二级复核,同领域同靶点家族扩展,Ribociclib Succinate,肿瘤,Oncology,PTK6,食管鳞癌,esophageal squamous cell carcinoma,实体瘤,23.033193449148783,0.25199664,61,0.2936303814436496,激酶生化/细胞,high,PubMed pair审计未见明确报道,0,0,是,是
693,二级复核,同领域同靶点家族扩展,Capmatinib Hydrochloride,肿瘤,Oncology,CCND1,乳腺癌,breast cancer,实体瘤,23.022095948717364,0.20179805,55,0.663919419942994,酶/表观遗传生化,high,PubMed pair审计未见明确报道,0,0,是,是
694,二级复核,同领域新靶点/新病种探索,Osimertinib Mesylate,肿瘤,Oncology,KCNN4,乳腺癌,breast cancer,实体瘤,22.97030477636052,0.22287728,15,0.2623421500604675,离子通道功能,中高,PubMed pair审计未见明确报道,0,0,是,否
695,二级复核,跨领域但同靶点家族扩展,Capmatinib Hydrochloride,肿瘤,Oncology,VKORC1,动脉粥样硬化,atherosclerosis,心血管,22.670907009105296,0.21695624,42,0.2613162581824576,酶/表观遗传生化,high,PubMed pair审计未见明确报道,0,0,否,是
696,二级复核,跨领域但同靶点家族扩展,Entrectinib,肿瘤,Oncology,INSR,心律失常,cardiac arrhythmia,心血管,22.482510331459334,0.34225914,2,0.2597222428796741,酶/表观遗传生化,高,上市后文献有新靶点线索,3,1,否,是
697,二级复核,跨领域但同靶点家族扩展,Argatroban,心血管,Cardiovascular,TYRP1,黑色素瘤,melanoma,实体瘤,22.34531849254558,0.2754344,3,0.1255576218909147,酶/表观遗传生化,high,PubMed pair审计未见明确报道,0,0,否,是
698,二级复核,跨大领域老药新用,Acyclovir,感染性疾病,Infectious Disease,IKBKB,乳腺癌,breast carcinoma,实体瘤,22.316384069888503,0.21028414,7,0.3038425571802298,激酶生化/细胞,high,上市后文献有新靶点线索,1,1,否,否
699,二级复核,跨领域但同靶点家族扩展,Ensartinib Hydrochloride,肿瘤,Oncology,CYP17A1,乳腺癌,breast carcinoma,实体瘤,22.273470107277348,0.27888957,4,0.1151980818049193,酶/表观遗传生化,high,PubMed pair审计未见明确报道,0,0,否,是
700,二级复核,同领域新靶点/新病种探索,Rocuronium Bromide,神经/精神,Neurology/Psychiatry,KCNMA1,精神分裂症,schizophrenia,神经/精神,22.25919489555889,0.36427146,3,0.0708085968396544,离子通道功能,high,PubMed pair审计未见明确报道,0,0,是,否
701,二级复核,跨领域但同靶点家族扩展,Difluprednate,内分泌/代谢,Endocrinology/Metabolic,TP53,银屑病,psoriasis,皮肤/免疫,22.22291597667403,0.53425455,1,0.098796265629957,核受体/转录因子 reporter,high,PubMed pair审计未见明确报道,0,0,否,是
702,二级复核,同领域同靶点家族扩展,Afatinib Dimaleate,肿瘤,Oncology,FLT1,慢性肾病,chronic kidney disease,肾脏,22.18547506805461,0.31428137,13,0.0378819763579827,酶/表观遗传生化,中高,PubMed pair审计未见明确报道,0,0,是,是
703,二级复核,同领域新靶点/新病种探索,Ramelteon,神经/精神,Neurology/Psychiatry,SV2A,脊髓损伤,spinal cord injury,免疫/炎症,22.165040680739303,0.22100756,7,0.2748750169217469,转运体摄取/外排,high,PubMed pair审计未见明确报道,0,0,是,否
704,二级复核,跨领域但同靶点家族扩展,Capmatinib Hydrochloride,肿瘤,Oncology,TYRP1,黑色素瘤,melanoma,实体瘤,22.111609959212245,0.27042636,12,0.1255576218909147,酶/表观遗传生化,high,PubMed pair审计未见明确报道,0,0,否,是
705,二级复核,同领域同靶点家族扩展,Ribociclib Succinate,肿瘤,Oncology,FGFR3,头颈鳞癌,head and neck squamous cell carcinoma,实体瘤,22.012891444694297,0.2265366,77,0.3455340790234503,酶/表观遗传生化,high,PubMed pair审计未见明确报道,0,0,是,是
706,二级复核,同领域同靶点家族扩展,Cabozantinib S-Malate,肿瘤,Oncology,FLT1,慢性肾病,chronic kidney disease,肾脏,21.85234446805461,0.58718264,7,0.0378819763579827,酶/表观遗传生化,high,上市后文献有新靶点线索,3,3,是,是
707,二级复核,同领域同靶点家族扩展,Trifarotene,肿瘤,Oncology,TP53,乳腺癌,breast carcinoma,实体瘤,21.84856742042689,0.28444052,75,0.6625782142411952,核受体/转录因子 reporter,high,PubMed pair审计未见明确报道,0,0,是,是
708,二级复核,跨大领域老药新用,Ribociclib Succinate,肿瘤,Oncology,SLC29A1,,,实体瘤,21.71622813333333,0.27963346,50,0.0,转运体摄取/外排,高,PubMed pair审计未见明确报道,0,0,否,否
709,二级复核,同领域新靶点/新病种探索,Entrectinib,肿瘤,Oncology,SLC6A4,口腔鳞癌,oral cavity squamous cell carcinoma,实体瘤,21.58779501387842,0.33609918,4,0.0105111087649668,转运体摄取/外排,高,PubMed pair审计未见明确报道,0,0,是,否
710,二级复核,同领域同靶点家族扩展,Cabozantinib S-Malate,肿瘤,Oncology,FLT4,乳腺癌,breast carcinoma,实体瘤,21.54635864160545,0.23779969,22,0.3014388048120942,酶/表观遗传生化,high,PubMed pair审计未见明确报道,0,0,是,是
711,二级复核,跨大领域老药新用,Hydroxychloroquine Sulfate,肿瘤,Oncology,RAF1,代谢功能障碍相关脂肪性肝炎,metabolic dysfunction-associated steatohepatitis,代谢,21.468526667144708,0.20870343,47,0.0027718489101352,激酶生化/细胞,高,PubMed pair审计未见明确报道,0,0,否,否
712,二级复核,跨大领域老药新用,Diroximel Fumarate,神经/精神,Neurology/Psychiatry,SLC6A4,口腔鳞癌,oral cavity squamous cell carcinoma,实体瘤,21.313669613878417,0.26593935,11,0.0105111087649668,转运体摄取/外排,高,PubMed pair审计未见明确报道,0,0,否,否
713,二级复核,同领域同靶点家族扩展,Cabozantinib S-Malate,肿瘤,Oncology,PTPRC,浆细胞骨髓瘤,plasma cell myeloma,血液肿瘤/血液病,21.158708230234332,0.22589919,24,0.3088924161585629,酶/表观遗传生化,high,PubMed pair审计未见明确报道,0,0,是,是
714,二级复核,同领域同靶点家族扩展,Capmatinib Hydrochloride,肿瘤,Oncology,ODC1,乳腺癌,breast cancer,实体瘤,20.98932274156944,0.3307109,5,0.0839769218475307,酶/表观遗传生化,high,PubMed pair审计未见明确报道,0,0,是,是
715,二级复核,同领域同靶点家族扩展,Osimertinib Mesylate,肿瘤,Oncology,CCND1,乳腺癌,breast cancer,实体瘤,20.97045481538403,0.28640574,10,0.663919419942994,酶/表观遗传生化,high,上市后文献有新靶点线索,3,3,是,是
716,二级复核,跨领域但同靶点家族扩展,Infigratinib Phosphate,肿瘤,Oncology,FLT4,慢性肾病,chronic kidney disease,肾脏,20.708445102432336,0.29447952,34,0.0133067038118076,酶/表观遗传生化,high,PubMed pair审计未见明确报道,0,0,否,是
717,二级复核,跨领域但同靶点家族扩展,Ensartinib Hydrochloride,肿瘤,Oncology,CYP11A1,乳腺癌,breast carcinoma,实体瘤,20.207566246581663,0.27843982,5,0.0243129472554813,酶/表观遗传生化,high,PubMed pair审计未见明确报道,0,0,否,是
718,二级复核,跨大领域老药新用,Varenicline Tartrate,肿瘤,Oncology,VEGFA,,,心血管,20.10997653333333,0.20235664,6,0.0,酶/表观遗传生化,高,PubMed pair审计未见明确报道,0,0,否,否
719,二级复核,同领域新靶点/新病种探索,Sonidegib Phosphate,肿瘤,Oncology,SLC6A4,口腔鳞癌,oral cavity squamous cell carcinoma,实体瘤,20.069022747211754,0.30355406,41,0.0105111087649668,转运体摄取/外排,高,PubMed pair审计未见明确报道,0,0,是,否
720,二级复核,跨大领域老药新用,Belinostat,肿瘤,Oncology,SLC29A1,,,实体瘤,20.033912066666666,0.24358383,23,0.0,转运体摄取/外排,high,PubMed pair审计未见明确报道,0,0,否,否
721,暂缓,同领域新靶点/新病种探索,Regadenoson,心血管,Cardiovascular,SLC29A1,,,实体瘤,19.828720399999998,0.30347258,13,0.0,转运体摄取/外排,高,PubMed pair审计未见明确报道,0,0,是,否
722,暂缓,同领域新靶点/新病种探索,Diazepam,神经/精神,Neurology/Psychiatry,SLC6A3,,,神经/精神,19.51388,0.296726,36,0.0,转运体摄取/外排,high,PubMed pair审计未见明确报道,0,0,是,否
723,暂缓,跨领域但同靶点家族扩展,Fostamatinib Disodium,免疫/炎症,Immunology/Inflammation,ENPP2,乳腺癌,breast cancer,实体瘤,19.424789662321732,0.21910357,23,0.1125906546217067,酶/表观遗传生化,high,PubMed pair审计未见明确报道,0,0,否,是
724,暂缓,跨领域但同靶点家族扩展,Osimertinib Mesylate,肿瘤,Oncology,FLT1,慢性肾病,chronic kidney disease,肾脏,19.172545801387944,0.2497186,11,0.0378819763579827,酶/表观遗传生化,高,PubMed pair审计未见明确报道,0,0,否,是
725,暂缓,跨大领域老药新用,Linezolid,感染性疾病,Infectious Disease,SLC34A2,肺癌,lung cancer,实体瘤,18.848757932136472,0.20307599,23,0.03134274365051,转运体摄取/外排,high,PubMed pair审计未见明确报道,0,0,否,否
726,暂缓,跨领域但同靶点家族扩展,Capmatinib Hydrochloride,肿瘤,Oncology,CTSC,类风湿关节炎,rheumatoid arthritis,免疫/炎症,18.466765824445957,0.23751517,31,0.0318247951605612,酶/表观遗传生化,high,PubMed pair审计未见明确报道,0,0,否,是
727,暂缓,同领域同靶点家族扩展,Entrectinib,肿瘤,Oncology,MST1R,胃癌,gastric cancer,实体瘤,18.454252854045933,0.2572995,24,0.1235678305501896,酶/表观遗传生化,high,PubMed pair审计未见明确报道,0,0,是,是
728,暂缓,跨领域但同靶点家族扩展,Bempedoic Acid,心血管,Cardiovascular,CTSC,类风湿关节炎,rheumatoid arthritis,免疫/炎症,18.409194557779294,0.2362815,82,0.0318247951605612,酶/表观遗传生化,high,PubMed pair审计未见明确报道,0,0,否,是
729,暂缓,跨大领域老药新用,Simeprevir Sodium,感染性疾病,Infectious Disease,SLC6A4,口腔鳞癌,oral cavity squamous cell carcinoma,实体瘤,18.35764754721175,0.20259602,12,0.0105111087649668,转运体摄取/外排,高,PubMed pair审计未见明确报道,0,0,否,否
730,暂缓,同领域新靶点/新病种探索,Bosutinib Monohydrate,肿瘤,Oncology,TP53,乳腺癌,breast carcinoma,实体瘤,18.22827135376022,0.24971989,56,0.6625782142411952,核受体/转录因子 reporter,high,上市后文献有新靶点线索,1,1,是,否
731,暂缓,跨大领域老药新用,Prednisone,内分泌/代谢,Endocrinology/Metabolic,TRPV3,银屑病,psoriasis,皮肤/免疫,17.474616535975784,0.20171851,28,0.0619741956729978,离子通道功能,高,PubMed pair审计未见明确报道,0,0,否,否
732,暂缓,跨大领域老药新用,Infigratinib Phosphate,肿瘤,Oncology,EPAS1,慢性肾病,chronic kidney disease,肾脏,17.46918550451785,0.21294929,45,0.0828837913119044,核受体/转录因子 reporter,高,PubMed pair审计未见明确报道,0,0,否,否
733,暂缓,同领域同靶点家族扩展,Fostamatinib Disodium,免疫/炎症,Immunology/Inflammation,ADAM17,银屑病,psoriasis,皮肤/免疫,17.463232850014812,0.26285604,18,0.0679978214821399,酶/表观遗传生化,high,PubMed pair审计未见明确报道,0,0,是,是
734,暂缓,同领域同靶点家族扩展,Cabozantinib S-Malate,肿瘤,Oncology,FYN,乳腺癌,breast cancer,实体瘤,17.28503495727866,0.20963562,33,0.1260165640271999,激酶生化/细胞,high,PubMed pair审计未见明确报道,0,0,是,是
735,暂缓,跨领域但同靶点家族扩展,Argatroban,心血管,Cardiovascular,CTSC,类风湿关节炎,rheumatoid arthritis,免疫/炎症,17.24357275777929,0.21130389,23,0.0318247951605612,酶/表观遗传生化,high,PubMed pair审计未见明确报道,0,0,否,是
736,暂缓,同领域同靶点家族扩展,Fluorouracil,肿瘤,Oncology,MAPK1,乳腺癌,breast carcinoma,实体瘤,17.148780611978943,0.24858476,6,0.3058440805323976,激酶生化/细胞,high,上市后文献有新靶点线索,5,5,是,是
737,暂缓,同领域同靶点家族扩展,Regorafenib,肿瘤,Oncology,FLT1,慢性肾病,chronic kidney disease,肾脏,16.99895906805461,0.33171317,9,0.0378819763579827,酶/表观遗传生化,中高,上市后文献有新靶点线索,8,8,是,是
738,暂缓,跨大领域老药新用,Dexamethasone,内分泌/代谢,Endocrinology/Metabolic,PDE4D,骨质疏松,osteoporosis,免疫/炎症,16.702380440509913,0.25648263,54,0.0029566388374776,酶/表观遗传生化,高,上市后文献有新靶点线索,4,3,否,否
739,暂缓,同领域同靶点家族扩展,Capmatinib Hydrochloride,肿瘤,Oncology,TXN,乳腺癌,breast cancer,实体瘤,16.422335042662567,0.22166365,40,0.1071717648590771,酶/表观遗传生化,high,PubMed pair审计未见明确报道,0,0,是,是
740,暂缓,同领域同靶点家族扩展,Capmatinib Hydrochloride,肿瘤,Oncology,GART,黑色素瘤,melanoma,实体瘤,16.145625649638536,0.22441167,38,0.0891739725765275,酶/表观遗传生化,high,PubMed pair审计未见明确报道,0,0,是,是
741,暂缓,同领域同靶点家族扩展,Cabozantinib S-Malate,肿瘤,Oncology,SRC,乳腺癌,breast carcinoma,实体瘤,15.64295829550267,0.21207249,31,0.3146477968371557,激酶生化/细胞,high,上市后文献有新靶点线索,20,19,是,是
742,暂缓,同领域新靶点/新病种探索,Baclofen,神经/精神,Neurology/Psychiatry,SLC6A1,精神分裂症,schizophrenia,神经/精神,15.32017864107765,0.2005446,6,0.2797672877515993,转运体摄取/外排,high,上市后文献有新靶点线索,1,1,是,否
743,暂缓,同领域同靶点家族扩展,Talazoparib Tosylate,肿瘤,Oncology,TOP1,浆细胞骨髓瘤,plasma cell myeloma,血液肿瘤/血液病,14.600777064892103,0.26046807,2,0.2123970576989084,酶/表观遗传生化,high,上市后文献有新靶点线索,6,6,是,是
744,暂缓,跨领域但同靶点家族扩展,Levoketoconazole,内分泌/代谢,Endocrinology/Metabolic,MTOR,银屑病,psoriasis,皮肤/免疫,12.3895850442212,0.2049843,36,0.0514215278913125,激酶生化/细胞,high,上市后文献有新靶点线索,5,5,否,是
745,暂缓,同领域同靶点家族扩展,Cabozantinib S-Malate,肿瘤,Oncology,EPHA2,乳腺癌,breast cancer,实体瘤,10.91900401906372,0.21298191,28,0.1472525134398691,酶/表观遗传生化,high,上市后文献有新靶点线索,2,2,是,是
746,暂缓,同领域同靶点家族扩展,Cabozantinib S-Malate,肿瘤,Oncology,YES1,乳腺癌,breast carcinoma,实体瘤,10.378501336889002,0.20979702,32,0.0853914253432148,激酶生化/细胞,high,上市后文献有新靶点线索,2,2,是,是
747,暂缓,跨大领域老药新用,Palbociclib,肿瘤,Oncology,GRIA2,癫痫,epilepsy,神经/精神,10.002536546420803,0.48270297,34,0.6137658346557394,离子通道功能,high,PubMed pair审计未见明确报道,0,0,否,否
748,暂缓,跨大领域老药新用,Cobicistat,未知,,SCN4A,波动性肌强直,myotonia fluctuans,血液肿瘤/血液病,9.480771373221724,0.61343557,24,0.5547009499209655,离子通道功能,high,PubMed pair审计未见明确报道,0,0,否,否
749,暂缓,跨大领域老药新用,Darunavir And Cobicistat,感染性疾病,Infectious Disease,SCN4A,波动性肌强直,myotonia fluctuans,血液肿瘤/血液病,9.480771373221724,0.61343557,24,0.5547009499209655,离子通道功能,high,PubMed pair审计未见明确报道,0,0,否,否
750,暂缓,跨大领域老药新用,Selpercatinib,肿瘤,Oncology,KCNH2,心律失常,cardiac arrhythmia,心血管,9.461722371352352,0.56039065,27,0.7316321053934379,离子通道功能,high,PubMed pair审计未见明确报道,0,0,否,否
751,暂缓,跨大领域老药新用,Ledipasvir,感染性疾病,Infectious Disease,CCND1,乳腺癌,breast cancer,实体瘤,8.223275682050698,0.44182333,20,0.663919419942994,酶/表观遗传生化,high,PubMed pair审计未见明确报道,0,0,否,否
752,暂缓,跨大领域老药新用,Atazanavir Sulfate,感染性疾病,Infectious Disease,CCND1,乳腺癌,breast cancer,实体瘤,7.921333015384029,0.43535313,10,0.663919419942994,酶/表观遗传生化,high,PubMed pair审计未见明确报道,0,0,否,否
753,暂缓,跨大领域老药新用,Atazanavir Sulfate,感染性疾病,Infectious Disease,KCND3,心律失常,cardiac arrhythmia,心血管,7.247090739657683,0.4533222,8,0.5522394699107118,离子通道功能,high,PubMed pair审计未见明确报道,0,0,否,否
754,暂缓,跨大领域老药新用,Conivaptan Hydrochloride,胃肠/消化,Gastroenterology,CCND1,乳腺癌,breast cancer,实体瘤,7.127143348717361,0.41833478,1,0.663919419942994,酶/表观遗传生化,high,PubMed pair审计未见明确报道,0,0,否,否
755,暂缓,跨大领域老药新用,Elbasvir,感染性疾病,Infectious Disease,CCND1,乳腺癌,breast cancer,实体瘤,6.257441882050696,0.39969832,13,0.663919419942994,酶/表观遗传生化,high,PubMed pair审计未见明确报道,0,0,否,否
756,暂缓,同领域新靶点/新病种探索,Enzalutamide,肿瘤,Oncology,AKT1,乳腺癌,breast carcinoma,实体瘤,6.1260733928846065,0.47988617,28,0.6250986130170937,激酶生化/细胞,高,上市后文献有新靶点线索,7,7,是,否
757,暂缓,同领域新靶点/新病种探索,Fludarabine Phosphate,肿瘤,Oncology,SCN4A,波动性肌强直,myotonia fluctuans,血液肿瘤/血液病,6.071250839888389,0.49122456,27,0.5547009499209655,离子通道功能,高,PubMed pair审计未见明确报道,0,0,是,否
758,暂缓,同领域新靶点/新病种探索,Enzalutamide,肿瘤,Oncology,CDK4,乳腺癌,breast cancer,实体瘤,5.508344050717119,0.463938,48,0.6307216615133534,激酶生化/细胞,高,上市后文献有新靶点线索,21,21,是,否
759,暂缓,同领域新靶点/新病种探索,Trifarotene,肿瘤,Oncology,CCND1,乳腺癌,breast cancer,实体瘤,5.10546054871736,0.43929872,11,0.663919419942994,酶/表观遗传生化,high,PubMed pair审计未见明确报道,0,0,是,否
760,暂缓,同领域新靶点/新病种探索,Apalutamide,肿瘤,Oncology,CDK4,乳腺癌,breast cancer,实体瘤,5.013482317383785,0.45333382,7,0.6307216615133534,激酶生化/细胞,高,上市后文献有新靶点线索,3,3,是,否
761,暂缓,跨大领域老药新用,Tecovirimat,感染性疾病,Infectious Disease,CCND1,乳腺癌,breast cancer,实体瘤,4.452093348717362,0.36101228,66,0.663919419942994,酶/表观遗传生化,high,PubMed pair审计未见明确报道,0,0,否,否
762,暂缓,跨大领域老药新用,Daclatasvir Dihydrochloride,感染性疾病,Infectious Disease,CCND1,乳腺癌,breast cancer,实体瘤,4.271211948717362,0.35713625,72,0.663919419942994,酶/表观遗传生化,high,PubMed pair审计未见明确报道,0,0,否,否
763,暂缓,跨大领域老药新用,Difluprednate,内分泌/代谢,Endocrinology/Metabolic,PTPN11,急性髓系白血病,acute myeloid leukemia,血液肿瘤/血液病,4.2418881381063684,0.2592474,77,0.6434226431750978,酶/表观遗传生化,high,PubMed pair审计未见明确报道,0,0,否,否
764,暂缓,跨大领域老药新用,Cobicistat,未知,,CCND1,乳腺癌,breast cancer,实体瘤,2.9832096153840304,0.3295362,99,0.663919419942994,酶/表观遗传生化,high,PubMed pair审计未见明确报道,0,0,否,否
765,暂缓,跨大领域老药新用,Rocuronium Bromide,神经/精神,Neurology/Psychiatry,KRAS,非小细胞肺癌,non-small cell lung carcinoma,实体瘤,2.3721096000000017,0.25083092,39,0.803548887170282,酶/表观遗传生化,high,PubMed pair审计未见明确报道,0,0,否,否
766,暂缓,同领域新靶点/新病种探索,Fentanyl Citrate,神经/精神,Neurology/Psychiatry,SLC6A1,精神分裂症,schizophrenia,神经/精神,1.9061510410776528,0.49167258,20,0.2797672877515993,转运体摄取/外排,高,PubMed pair审计未见明确报道,0,0,是,否
767,暂缓,同领域同靶点家族扩展,Trifarotene,肿瘤,Oncology,AR,前列腺癌,prostate cancer,实体瘤,1.5992284000000012,0.38426918,20,0.8026045909519542,核受体/转录因子 reporter,高,PubMed pair审计未见明确报道,0,0,是,是
768,暂缓,跨大领域老药新用,Acyclovir,感染性疾病,Infectious Disease,AKT2,乳腺癌,breast cancer,实体瘤,1.056820200961031,0.20344625,20,0.5731553422649348,激酶生化/细胞,high,PubMed pair审计未见明确报道,0,0,否,否
769,暂缓,跨大领域老药新用,Abacavir Sulfate,感染性疾病,Infectious Disease,AKT2,乳腺癌,breast cancer,实体瘤,0.9190042009610302,0.20049305,65,0.5731553422649348,激酶生化/细胞,高,PubMed pair审计未见明确报道,0,0,否,否
770,暂缓,跨大领域老药新用,Risdiplam,其他,Other,CCND1,乳腺癌,breast cancer,实体瘤,0.68556554871736,0.28030097,31,0.663919419942994,酶/表观遗传生化,high,PubMed pair审计未见明确报道,0,0,否,否
771,暂缓,同领域新靶点/新病种探索,Rocuronium Bromide,神经/精神,Neurology/Psychiatry,SCN3A,癫痫,epilepsy,神经/精神,0.42654617429764485,0.2752459,30,0.7517809262650805,离子通道功能,高,PubMed pair审计未见明确报道,0,0,是,否
772,暂缓,跨大领域老药新用,Doravirine And Islatravir,感染性疾病,Infectious Disease,TP53,乳腺癌,breast carcinoma,实体瘤,0.3681328204268901,0.38128835,35,0.6625782142411952,核受体/转录因子 reporter,high,PubMed pair审计未见明确报道,0,0,否,否
773,暂缓,跨大领域老药新用,Obeticholic Acid,其他,Other,SCN5A,心律失常,cardiac arrhythmia,心血管,0.3503352190933242,0.27838022,95,0.7863374052930366,离子通道功能,高,PubMed pair审计未见明确报道,0,0,否,否
774,暂缓,跨大领域老药新用,Diroximel Fumarate,神经/精神,Neurology/Psychiatry,SLC18A2,帕金森病,Parkinson disease,神经/精神,0.10629084296073898,0.31451443,1,0.433879293761218,转运体摄取/外排,high,PubMed pair审计未见明确报道,0,0,否,否
775,暂缓,跨大领域老药新用,Rolapitant Hydrochloride,胃肠/消化,Gastroenterology,SCN5A,心律失常,cardiac arrhythmia,心血管,0.0,0.20849499,99,0.7863374052930366,离子通道功能,高,PubMed pair审计未见明确报道,0,0,否,否
776,暂缓,跨大领域老药新用,Dexamethasone,内分泌/代谢,Endocrinology/Metabolic,KRAS,非小细胞肺癌,non-small cell lung carcinoma,实体瘤,0.0,0.23841012,76,0.803548887170282,酶/表观遗传生化,high,上市后文献有新靶点线索,24,17,否,否
777,暂缓,跨大领域老药新用,Ozanimod Hydrochloride,神经/精神,Neurology/Psychiatry,KRAS,非小细胞肺癌,non-small cell lung carcinoma,实体瘤,0.0,0.21536064,86,0.803548887170282,酶/表观遗传生化,high,PubMed pair审计未见明确报道,0,0,否,否
778,暂缓,跨大领域老药新用,Zidovudine,感染性疾病,Infectious Disease,AR,前列腺癌,prostate cancer,实体瘤,0.0,0.23490378,77,0.8026045909519542,核受体/转录因子 reporter,high,PubMed pair审计未见明确报道,0,0,否,否
779,暂缓,跨领域但同靶点家族扩展,Fluocinolone Acetonide,内分泌/代谢,Endocrinology/Metabolic,TP53,银屑病,psoriasis,皮肤/免疫,0.0,0.24271986,3,0.098796265629957,核受体/转录因子 reporter,高,PubMed pair审计未见明确报道,0,0,否,是
780,暂缓,跨大领域老药新用,Ozanimod Hydrochloride,神经/精神,Neurology/Psychiatry,TP53,银屑病,psoriasis,皮肤/免疫,0.0,0.2504636,67,0.098796265629957,核受体/转录因子 reporter,高,PubMed pair审计未见明确报道,0,0,否,否
781,暂缓,跨领域但同靶点家族扩展,Clobetasol Propionate,内分泌/代谢,Endocrinology/Metabolic,TP53,银屑病,psoriasis,皮肤/免疫,0.0,0.27460933,6,0.098796265629957,核受体/转录因子 reporter,高,PubMed pair审计未见明确报道,0,0,否,是
782,暂缓,跨大领域老药新用,Telaprevir,感染性疾病,Infectious Disease,SLC6A4,口腔鳞癌,oral cavity squamous cell carcinoma,实体瘤,0.0,0.2385227,8,0.0105111087649668,转运体摄取/外排,high,PubMed pair审计未见明确报道,0,0,否,否
783,暂缓,同领域新靶点/新病种探索,Ribociclib Succinate,肿瘤,Oncology,SLC6A4,口腔鳞癌,oral cavity squamous cell carcinoma,实体瘤,0.0,0.281257,48,0.0105111087649668,转运体摄取/外排,high,PubMed pair审计未见明确报道,0,0,是,否
784,暂缓,同领域新靶点/新病种探索,Belinostat,肿瘤,Oncology,SLC6A4,口腔鳞癌,oral cavity squamous cell carcinoma,实体瘤,0.0,0.31636885,2,0.0105111087649668,转运体摄取/外排,high,PubMed pair审计未见明确报道,0,0,是,否
785,暂缓,同领域新靶点/新病种探索,Fludarabine Phosphate,肿瘤,Oncology,SLC6A4,口腔鳞癌,oral cavity squamous cell carcinoma,实体瘤,0.0,0.5110517,21,0.0105111087649668,转运体摄取/外排,高,PubMed pair审计未见明确报道,0,0,是,否
786,暂缓,同领域同靶点家族扩展,Fluorouracil,肿瘤,Oncology,IMPDH1,乳腺癌,breast carcinoma,实体瘤,0.0,0.25693,4,0.0125143845239069,酶/表观遗传生化,high,PubMed pair审计未见明确报道,0,0,是,是
787,暂缓,跨大领域老药新用,Prednisone,内分泌/代谢,Endocrinology/Metabolic,GGCX,银屑病,psoriasis,皮肤/免疫,0.0,0.20945372,21,0.0256088099492829,酶/表观遗传生化,high,PubMed pair审计未见明确报道,0,0,否,否
788,暂缓,跨大领域老药新用,Obeticholic Acid,其他,Other,GGCX,银屑病,psoriasis,皮肤/免疫,0.0,0.34026152,57,0.0256088099492829,酶/表观遗传生化,high,PubMed pair审计未见明确报道,0,0,否,否
789,暂缓,跨大领域老药新用,Ozanimod Hydrochloride,神经/精神,Neurology/Psychiatry,GGCX,银屑病,psoriasis,皮肤/免疫,0.0,0.3462712,29,0.0256088099492829,酶/表观遗传生化,high,PubMed pair审计未见明确报道,0,0,否,否
790,暂缓,跨大领域老药新用,Mifepristone,内分泌/代谢,Endocrinology/Metabolic,GGCX,银屑病,psoriasis,皮肤/免疫,0.0,0.43904766,45,0.0256088099492829,酶/表观遗传生化,high,PubMed pair审计未见明确报道,0,0,否,否
791,暂缓,跨大领域老药新用,Fludarabine Phosphate,肿瘤,Oncology,CTSC,类风湿关节炎,rheumatoid arthritis,免疫/炎症,0.0,0.28359717,100,0.0318247951605612,酶/表观遗传生化,high,PubMed pair审计未见明确报道,0,0,否,否
792,暂缓,跨领域但同靶点家族扩展,Dacomitinib,肿瘤,Oncology,FLT1,慢性肾病,chronic kidney disease,肾脏,0.0,0.26294407,13,0.0378819763579827,酶/表观遗传生化,高,PubMed pair审计未见明确报道,0,0,否,是
793,暂缓,跨领域但同靶点家族扩展,Tucatinib,肿瘤,Oncology,FLT1,慢性肾病,chronic kidney disease,肾脏,0.0,0.31695533,10,0.0378819763579827,酶/表观遗传生化,高,PubMed pair审计未见明确报道,0,0,否,是
794,暂缓,同领域同靶点家族扩展,Fluorouracil,肿瘤,Oncology,PPP2CA,乳腺癌,breast cancer,实体瘤,0.0,0.20003816,9,0.0447412322784055,酶/表观遗传生化,high,PubMed pair审计未见明确报道,0,0,是,是
795,暂缓,同领域新靶点/新病种探索,Enzalutamide,肿瘤,Oncology,DPYD,肝细胞癌,hepatocellular carcinoma,实体瘤,0.0,0.46592423,42,0.1130853823077233,酶/表观遗传生化,高,PubMed pair审计未见明确报道,0,0,是,否
796,暂缓,同领域同靶点家族扩展,Larotrectinib Sulfate,肿瘤,Oncology,DPYD,肝细胞癌,hepatocellular carcinoma,实体瘤,0.0,0.50017345,29,0.1130853823077233,酶/表观遗传生化,high,PubMed pair审计未见明确报道,0,0,是,是
797,暂缓,同领域同靶点家族扩展,Palbociclib,肿瘤,Oncology,DPYD,肝细胞癌,hepatocellular carcinoma,实体瘤,0.0,0.5037315,22,0.1130853823077233,酶/表观遗传生化,high,上市后文献有新靶点线索,1,1,是,是
798,暂缓,跨领域但同靶点家族扩展,Mifepristone,内分泌/代谢,Endocrinology/Metabolic,TP53,银屑病,psoriasis,皮肤/免疫,0.0,0.4151737,56,0.098796265629957,核受体/转录因子 reporter,高,上市后文献有新靶点线索,4,4,否,是
799,暂缓,跨领域但同靶点家族扩展,Dexamethasone,内分泌/代谢,Endocrinology/Metabolic,TP53,银屑病,psoriasis,皮肤/免疫,0.0,0.51363266,2,0.098796265629957,核受体/转录因子 reporter,高,上市后文献有新靶点线索,47,47,否,是
800,暂缓,跨领域但同靶点家族扩展,Etonogestrel,感染性疾病,Infectious Disease,TP53,银屑病,psoriasis,皮肤/免疫,0.0,0.5318631,24,0.098796265629957,核受体/转录因子 reporter,高,PubMed pair审计未见明确报道,0,0,否,是
801,暂缓,跨领域但同靶点家族扩展,Prednisolone Acetate,内分泌/代谢,Endocrinology/Metabolic,NFE2L2,代谢功能障碍相关脂肪性肝炎,metabolic dysfunction-associated steatohepatitis,代谢,0.0,0.24157488,5,0.1085881405472105,核受体/转录因子 reporter,高,上市后文献有新靶点线索,9,9,否,是
802,暂缓,跨大领域老药新用,Prednisolone Sodium Phosphate,未知,,NFE2L2,代谢功能障碍相关脂肪性肝炎,metabolic dysfunction-associated steatohepatitis,代谢,0.0,0.24157488,5,0.1085881405472105,核受体/转录因子 reporter,高,上市后文献有新靶点线索,9,9,否,否
803,暂缓,跨大领域老药新用,Acyclovir,感染性疾病,Infectious Disease,AKT3,乳腺癌,breast carcinoma,实体瘤,0.0,0.20077015,26,0.2012942705677015,激酶生化/细胞,high,PubMed pair审计未见明确报道,0,0,否,否
804,暂缓,同领域同靶点家族扩展,Ribociclib Succinate,肿瘤,Oncology,BTK,肺鳞癌,squamous cell lung carcinoma,实体瘤,0.0,0.46883672,13,0.2771848910135263,激酶生化/细胞,high,上市后文献有新靶点线索,1,1,是,是
805,暂缓,跨大领域老药新用,Etravirine,感染性疾病,Infectious Disease,EPAS1,肺鳞癌,squamous cell lung carcinoma,实体瘤,0.0,0.2017354,23,0.2776468658318822,核受体/转录因子 reporter,high,PubMed pair审计未见明确报道,0,0,否,否
806,暂缓,跨领域但同靶点家族扩展,Bempedoic Acid,心血管,Cardiovascular,TYRP1,黑色素瘤,melanoma,实体瘤,0.0,0.27558625,42,0.1255576218909147,酶/表观遗传生化,high,PubMed pair审计未见明确报道,0,0,否,是
807,暂缓,同领域新靶点/新病种探索,Bosutinib Monohydrate,肿瘤,Oncology,EPAS1,肺鳞癌,squamous cell lung carcinoma,实体瘤,0.0,0.536204,21,0.2776468658318822,核受体/转录因子 reporter,高,上市后文献有新靶点线索,1,1,是,否
808,暂缓,同领域新靶点/新病种探索,Rocuronium Bromide,神经/精神,Neurology/Psychiatry,NR3C1,帕金森病,Parkinson disease,神经/精神,0.0,0.37304986,2,0.3334298529596506,核受体/转录因子 reporter,高,PubMed pair审计未见明确报道,0,0,是,否
809,暂缓,同领域新靶点/新病种探索,Apalutamide,肿瘤,Oncology,JAK1,浆细胞骨髓瘤,plasma cell myeloma,血液肿瘤/血液病,0.0,0.42458314,42,0.3075515545476405,激酶生化/细胞,高,上市后文献有新靶点线索,1,1,是,否
810,暂缓,同领域新靶点/新病种探索,Enzalutamide,肿瘤,Oncology,MAP2K2,乳腺癌,breast carcinoma,实体瘤,0.0,0.5135422,13,0.284923196060696,激酶生化/细胞,高,上市后文献有新靶点线索,2,2,是,否
811,暂缓,跨领域但同靶点家族扩展,Capmatinib Hydrochloride,肿瘤,Oncology,CA4,,,心血管,0.0,0.2124918,47,0.0,酶/表观遗传生化,high,PubMed pair审计未见明确报道,0,0,否,是
812,暂缓,同领域新靶点/新病种探索,Diroximel Fumarate,神经/精神,Neurology/Psychiatry,SCN3A,,,免疫/炎症,0.0,0.23301673,34,0.0,离子通道功能,high,PubMed pair审计未见明确报道,0,0,是,否
813,暂缓,跨大领域老药新用,Clobetasol Propionate,内分泌/代谢,Endocrinology/Metabolic,FGFR3,,,实体瘤,0.0,0.22820276,28,0.0,酶/表观遗传生化,high,PubMed pair审计未见明确报道,0,0,否,否
814,暂缓,同领域新靶点/新病种探索,Diroximel Fumarate,神经/精神,Neurology/Psychiatry,SCN8A,,,免疫/炎症,0.0,0.22756779,37,0.0,离子通道功能,high,PubMed pair审计未见明确报道,0,0,是,否
815,暂缓,跨大领域老药新用,Risdiplam,其他,Other,VEGFA,前列腺癌,prostate cancer,实体瘤,0.0,0.2199897,61,0.3760890067822182,酶/表观遗传生化,high,PubMed pair审计未见明确报道,0,0,否,否
816,暂缓,跨领域但同靶点家族扩展,Ulipristal Acetate,内分泌/代谢,Endocrinology/Metabolic,NR3C1,心律失常,cardiac arrhythmia,心血管,0.0,0.4636377,1,0.4311511742837118,核受体/转录因子 reporter,高,上市后文献有新靶点线索,5,5,否,是
817,暂缓,跨领域但同靶点家族扩展,Fedratinib Hydrochloride,免疫/炎症,Immunology/Inflammation,PDGFRB,乳腺癌,breast cancer,实体瘤,0.0,0.35642365,7,0.4280398724553814,酶/表观遗传生化,高,PubMed pair审计未见明确报道,0,0,否,是
818,暂缓,同领域新靶点/新病种探索,Selinexor,肿瘤,Oncology,CSF1R,乳腺癌,breast cancer,实体瘤,0.0,0.30546656,7,0.4105397664872695,酶/表观遗传生化,高,上市后文献有新靶点线索,1,1,是,否
819,暂缓,同领域新靶点/新病种探索,Rocuronium Bromide,神经/精神,Neurology/Psychiatry,KCNJ2,心律失常,cardiac arrhythmia,心血管,0.0,0.2538714,38,0.5202047968455021,离子通道功能,高,PubMed pair审计未见明确报道,0,0,是,否
820,暂缓,跨大领域老药新用,Telaprevir,感染性疾病,Infectious Disease,SCN4A,波动性肌强直,myotonia fluctuans,血液肿瘤/血液病,0.0,0.21144308,22,0.5547009499209655,离子通道功能,高,PubMed pair审计未见明确报道,0,0,否,否
821,暂缓,跨大领域老药新用,Diroximel Fumarate,神经/精神,Neurology/Psychiatry,SCN4A,波动性肌强直,myotonia fluctuans,代谢,0.0,0.2504934,19,0.5547009499209655,离子通道功能,high,PubMed pair审计未见明确报道,0,0,否,否
822,暂缓,跨大领域老药新用,Zidovudine,感染性疾病,Infectious Disease,RAF1,急性髓系白血病,acute myeloid leukemia,血液肿瘤/血液病,0.0,0.20922372,100,0.4584995965098081,激酶生化/细胞,高,PubMed pair审计未见明确报道,0,0,否,否
823,暂缓,同领域新靶点/新病种探索,Sonidegib Phosphate,肿瘤,Oncology,SCN4A,波动性肌强直,myotonia fluctuans,血液肿瘤/血液病,0.0,0.3131624,37,0.5547009499209655,离子通道功能,高,PubMed pair审计未见明确报道,0,0,是,否
824,暂缓,同领域新靶点/新病种探索,Rocuronium Bromide,神经/精神,Neurology/Psychiatry,KCNQ2,癫痫,epilepsy,神经/精神,0.0,0.24951118,40,0.6000335881744284,离子通道功能,高,PubMed pair审计未见明确报道,0,0,是,否
825,暂缓,跨大领域老药新用,Hydrocortisone,肿瘤,Oncology,RARG,银屑病,psoriasis,皮肤/免疫,0.0,0.2793782,15,0.5908221069683322,核受体/转录因子 reporter,高,上市后文献有新靶点线索,1,1,否,否
826,暂缓,跨大领域老药新用,Hydrocortisone,肿瘤,Oncology,RXRA,银屑病,psoriasis,皮肤/免疫,0.0,0.24043411,37,0.5852793505735276,核受体/转录因子 reporter,高,上市前或窗口外报道,1,0,否,否
827,暂缓,同领域同靶点家族扩展,Ripretinib,肿瘤,Oncology,CCND1,乳腺癌,breast cancer,实体瘤,0.0,0.35308427,5,0.663919419942994,酶/表观遗传生化,high,PubMed pair审计未见明确报道,0,0,是,是
828,暂缓,同领域同靶点家族扩展,Abiraterone Acetate,肿瘤,Oncology,CCND1,乳腺癌,breast cancer,实体瘤,0.0,0.45037144,97,0.663919419942994,酶/表观遗传生化,high,上市后文献有新靶点线索,3,3,是,是
829,暂缓,跨领域但同靶点家族扩展,Atorvastatin Calcium,心血管,Cardiovascular,CCND1,乳腺癌,breast cancer,实体瘤,0.0,0.45533887,4,0.663919419942994,酶/表观遗传生化,高,上市后文献有新靶点线索,1,1,否,是
830,暂缓,跨大领域老药新用,Abacavir Sulfate,感染性疾病,Infectious Disease,CCND1,乳腺癌,breast cancer,实体瘤,0.0,0.20439348,57,0.663919419942994,酶/表观遗传生化,high,PubMed pair审计未见明确报道,0,0,否,否
831,暂缓,跨大领域老药新用,Entecavir,感染性疾病,Infectious Disease,CCND1,乳腺癌,breast cancer,实体瘤,0.0,0.2382409,9,0.663919419942994,酶/表观遗传生化,high,PubMed pair审计未见明确报道,0,0,否,否
832,暂缓,跨大领域老药新用,Ritonavir,感染性疾病,Infectious Disease,CCND1,乳腺癌,breast cancer,实体瘤,0.0,0.2529925,61,0.663919419942994,酶/表观遗传生化,高,PubMed pair审计未见明确报道,0,0,否,否
833,暂缓,跨大领域老药新用,Ivabradine Hydrochloride,心血管,Cardiovascular,CCND1,乳腺癌,breast cancer,实体瘤,0.0,0.25632012,56,0.663919419942994,酶/表观遗传生化,高,PubMed pair审计未见明确报道,0,0,否,否
834,暂缓,跨领域但同靶点家族扩展,Darunavir And Cobicistat,感染性疾病,Infectious Disease,CCND1,乳腺癌,breast cancer,实体瘤,0.0,0.3295362,99,0.663919419942994,酶/表观遗传生化,high,PubMed pair审计未见明确报道,0,0,否,是
835,暂缓,同领域新靶点/新病种探索,Rocuronium Bromide,神经/精神,Neurology/Psychiatry,SCN2A,双相障碍,bipolar disorder,免疫/炎症,0.0,0.27598226,29,0.7139169025815748,离子通道功能,高,PubMed pair审计未见明确报道,0,0,是,否
836,暂缓,跨大领域老药新用,Difluprednate,内分泌/代谢,Endocrinology/Metabolic,MAP2K1,黑色素瘤,melanoma,实体瘤,0.0,0.2845271,49,0.7309105929215368,激酶生化/细胞,high,PubMed pair审计未见明确报道,0,0,否,否
837,暂缓,跨领域但同靶点家族扩展,Prednisone,内分泌/代谢,Endocrinology/Metabolic,AR,前列腺癌,prostate carcinoma,实体瘤,0.0,0.2802744,4,0.7355895026336221,核受体/转录因子 reporter,high,上市后文献有新靶点线索,212,174,否,是
838,暂缓,同领域新靶点/新病种探索,Sonidegib Phosphate,肿瘤,Oncology,CCND1,乳腺癌,breast cancer,实体瘤,0.0,0.5440709,6,0.663919419942994,酶/表观遗传生化,high,上市后文献有新靶点线索,2,2,是,否
839,暂缓,跨大领域老药新用,Alpelisib,肿瘤,Oncology,SLC5A1,心律失常,cardiac arrhythmia,心血管,0.0,0.385117,25,0.0025870589827929,转运体摄取/外排,high,PubMed pair审计未见明确报道,0,0,否,否
840,暂缓,跨大领域老药新用,Belinostat,肿瘤,Oncology,SLC5A1,心律失常,cardiac arrhythmia,心血管,0.0,0.25786814,15,0.0025870589827929,转运体摄取/外排,high,PubMed pair审计未见明确报道,0,0,否,否
841,暂缓,跨大领域老药新用,Difluprednate,内分泌/代谢,Endocrinology/Metabolic,RAF1,银屑病,psoriasis,皮肤/免疫,0.0,0.26630175,71,0.0022174791281082,激酶生化/细胞,high,PubMed pair审计未见明确报道,0,0,否,否
842,暂缓,跨领域但同靶点家族扩展,Palbociclib,肿瘤,Oncology,NPR1,心律失常,cardiac arrhythmia,心血管,0.0,0.52171177,6,0.0014783194187388,酶/表观遗传生化,high,PubMed pair审计未见明确报道,0,0,否,是
843,暂缓,跨领域但同靶点家族扩展,Larotrectinib Sulfate,肿瘤,Oncology,POLR3A,,,皮肤/免疫,0.0,0.47112465,50,0.0,酶/表观遗传生化,high,PubMed pair审计未见明确报道,0,0,否,是
844,暂缓,跨领域但同靶点家族扩展,Palbociclib,肿瘤,Oncology,POLR3A,,,皮肤/免疫,0.0,0.47447604,45,0.0,酶/表观遗传生化,high,PubMed pair审计未见明确报道,0,0,否,是
845,暂缓,跨大领域老药新用,Fludarabine Phosphate,肿瘤,Oncology,SLC29A1,,,实体瘤,0.0,0.4939125,26,0.0,转运体摄取/外排,high,上市后文献有新靶点线索,4,1,否,否
846,暂缓,跨领域但同靶点家族扩展,Levoketoconazole,内分泌/代谢,Endocrinology/Metabolic,ATR,银屑病,psoriasis,皮肤/免疫,0.0,0.20254928,38,0.0014783194187388,激酶生化/细胞,high,上市后文献有新靶点线索,10,8,否,是
847,暂缓,跨大领域老药新用,Ketoconazole,未知,,ATR,银屑病,psoriasis,皮肤/免疫,0.0,0.20254928,38,0.0014783194187388,激酶生化/细胞,高,上市后文献有新靶点线索,10,8,否,否
848,暂缓,跨领域但同靶点家族扩展,Larotrectinib Sulfate,肿瘤,Oncology,NPR1,心律失常,cardiac arrhythmia,心血管,0.0,0.5180267,11,0.0014783194187388,酶/表观遗传生化,high,PubMed pair审计未见明确报道,0,0,否,是
849,暂缓,跨领域但同靶点家族扩展,Rolapitant Hydrochloride,胃肠/消化,Gastroenterology,NPR1,心律失常,cardiac arrhythmia,心血管,0.0,0.24451514,14,0.0014783194187388,酶/表观遗传生化,high,PubMed pair审计未见明确报道,0,0,否,是
850,暂缓,跨领域但同靶点家族扩展,Netupitant,肿瘤,Oncology,NPR1,心律失常,cardiac arrhythmia,心血管,0.0,0.3351373,21,0.0014783194187388,酶/表观遗传生化,high,PubMed pair审计未见明确报道,0,0,否,是
851,暂缓,同领域新靶点/新病种探索,Minocycline Hydrochloride,感染性疾病,Infectious Disease,TRPV1,,,免疫/炎症,0.0,0.2975036,13,0.0,离子通道功能,high,上市后文献有新靶点线索,6,6,是,否
852,暂缓,同领域新靶点/新病种探索,Diroximel Fumarate,神经/精神,Neurology/Psychiatry,GABRA3,,,免疫/炎症,0.0,0.25433558,16,0.0,离子通道功能,high,PubMed pair审计未见明确报道,0,0,是,否
853,暂缓,同领域新靶点/新病种探索,Diroximel Fumarate,神经/精神,Neurology/Psychiatry,SCN9A,,,免疫/炎症,0.0,0.26378232,13,0.0,离子通道功能,high,PubMed pair审计未见明确报道,0,0,是,否
854,暂缓,跨大领域老药新用,Siponimod,神经/精神,Neurology/Psychiatry,NFE2L2,食管腺癌,esophageal adenocarcinoma,实体瘤,0.0,0.27452856,96,0.372895601256293,核受体/转录因子 reporter,高,上市后文献有新靶点线索,1,1,否,否
855,暂缓,同领域新靶点/新病种探索,Entrectinib,肿瘤,Oncology,SLC34A2,肺鳞癌,squamous cell lung carcinoma,实体瘤,0.0,0.29032937,12,0.3699494345393864,转运体摄取/外排,high,上市后文献有新靶点线索,5,4,是,否
856,暂缓,同领域新靶点/新病种探索,Ripretinib,肿瘤,Oncology,SLC34A2,肺鳞癌,squamous cell lung carcinoma,实体瘤,0.0,0.22687241,21,0.3699494345393864,转运体摄取/外排,high,PubMed pair审计未见明确报道,0,0,是,否
857,暂缓,同领域新靶点/新病种探索,Belinostat,肿瘤,Oncology,SLC34A2,肺鳞癌,squamous cell lung carcinoma,实体瘤,0.0,0.22012189,34,0.3699494345393864,转运体摄取/外排,high,上市后文献有新靶点线索,1,1,是,否
858,暂缓,跨领域但同靶点家族扩展,Ribociclib Succinate,肿瘤,Oncology,C1S,动脉粥样硬化,atherosclerosis,心血管,0.0,0.22384205,81,0.0100153961690705,酶/表观遗传生化,high,PubMed pair审计未见明确报道,0,0,否,是
859,暂缓,跨领域但同靶点家族扩展,Entrectinib,肿瘤,Oncology,C1S,动脉粥样硬化,atherosclerosis,心血管,0.0,0.20475355,51,0.0100153961690705,酶/表观遗传生化,high,PubMed pair审计未见明确报道,0,0,否,是
860,暂缓,跨大领域老药新用,Atazanavir Sulfate,感染性疾病,Infectious Disease,ACP3,乳腺癌,breast carcinoma,实体瘤,0.0,0.35784185,42,0.0097168325758261,酶/表观遗传生化,high,PubMed pair审计未见明确报道,0,0,否,否
861,暂缓,跨领域但同靶点家族扩展,Capmatinib Hydrochloride,肿瘤,Oncology,MME,心律失常,cardiac arrhythmia,心血管,0.0,0.23829472,30,0.0083028167576333,酶/表观遗传生化,high,PubMed pair审计未见明确报道,0,0,否,是
862,暂缓,跨大领域老药新用,Ketoconazole,未知,,MET,银屑病,psoriasis,皮肤/免疫,0.0,0.2576529,8,0.0080220139733622,激酶生化/细胞,高,PubMed pair审计未见明确报道,0,0,否,否
863,暂缓,跨领域但同靶点家族扩展,Levoketoconazole,内分泌/代谢,Endocrinology/Metabolic,MET,银屑病,psoriasis,皮肤/免疫,0.0,0.2576529,8,0.0080220139733622,激酶生化/细胞,high,PubMed pair审计未见明确报道,0,0,否,是
864,暂缓,跨领域但同靶点家族扩展,Carglumic Acid,其他,Other,CA12,银屑病,psoriasis,皮肤/免疫,0.0,0.2607491,6,0.007391597093694,酶/表观遗传生化,high,PubMed pair审计未见明确报道,0,0,否,是
865,暂缓,跨领域但同靶点家族扩展,Capmatinib Hydrochloride,肿瘤,Oncology,GAA,高血压性疾病,hypertensive disorder,心血管,0.0,0.24212256,27,0.0065896869183306,酶/表观遗传生化,high,PubMed pair审计未见明确报道,0,0,否,是
866,暂缓,跨领域但同靶点家族扩展,Capmatinib Hydrochloride,肿瘤,Oncology,GLA,心律失常,cardiac arrhythmia,心血管,0.0,0.28689936,11,0.0062884850324159,酶/表观遗传生化,high,PubMed pair审计未见明确报道,0,0,否,是
867,暂缓,跨领域但同靶点家族扩展,Alpelisib,肿瘤,Oncology,GLA,心律失常,cardiac arrhythmia,心血管,0.0,0.2454009,68,0.0062884850324159,酶/表观遗传生化,high,PubMed pair审计未见明确报道,0,0,否,是
868,暂缓,跨领域但同靶点家族扩展,Larotrectinib Sulfate,肿瘤,Oncology,ATP2A2,银屑病,psoriasis,皮肤/免疫,0.0,0.4558395,57,0.0048175408035761,酶/表观遗传生化,高,PubMed pair审计未见明确报道,0,0,否,是
869,暂缓,跨大领域老药新用,Difluprednate,内分泌/代谢,Endocrinology/Metabolic,AKT2,银屑病,psoriasis,皮肤/免疫,0.0,0.26403162,72,0.0034904764053555,激酶生化/细胞,high,PubMed pair审计未见明确报道,0,0,否,否
870,暂缓,跨大领域老药新用,Hydrocortisone,肿瘤,Oncology,DNMT3A,急性髓系白血病,acute myeloid leukemia,血液肿瘤/血液病,0.0,0.24477643,30,0.8577261614555013,酶/表观遗传生化,high,上市前或窗口外报道,1,0,否,否
871,暂缓,同领域同靶点家族扩展,Ribociclib Succinate,肿瘤,Oncology,EGFR,非小细胞肺癌,non-small cell lung carcinoma,实体瘤,0.0,0.33169892,34,0.8525670184292347,激酶生化/细胞,高,上市后文献有新靶点线索,299,295,是,是
872,暂缓,同领域新靶点/新病种探索,Selinexor,肿瘤,Oncology,EGFR,非小细胞肺癌,non-small cell lung carcinoma,实体瘤,0.0,0.21390267,9,0.8525670184292347,激酶生化/细胞,高,上市后文献有新靶点线索,7,6,是,否
873,暂缓,跨大领域老药新用,Hydrocortisone,肿瘤,Oncology,KRAS,非小细胞肺癌,non-small cell lung carcinoma,实体瘤,0.0,0.2400133,39,0.803548887170282,酶/表观遗传生化,high,上市后文献有新靶点线索,1,1,否,否
