system_id,status,bytes
1aqb__1__1.A__1.C,CACHED,113877
2aq8__1__1.A__1.B,CACHED,163050
2aq8__1__3.A__3.B,CACHED,163242
2aqh__1__1.A__1.B,CACHED,163814
2aqh__1__3.A__3.B,CACHED,163977
2aqi__1__1.A__1.B,CACHED,163811
2aqi__1__3.A__3.B,CACHED,163975
2aqk__1__1.A__1.B,CACHED,163729
2aqk__1__3.A__3.B,CACHED,163917
3aq4__1__1.A__1.C_1.D,CACHED,110150
3aq4__2__1.B__1.E_1.F,CACHED,105008
5aqf__1__1.A__1.E,CACHED,240457
5aqf__2__1.C__1.O,CACHED,237888
5aqk__1__1.B__1.I,CACHED,70542
5aqt__1__1.A__1.C,CACHED,233053
5aqv__1__1.A__1.C,CACHED,234471
5aqy__1__1.A__1.B,CACHED,237719
5aqz__1__1.A__1.B,CACHED,239542
6aqs__1__1.A_4.A__1.B_1.C,CACHED,276878
6aqs__1__1.A_4.A__4.B_4.C,CACHED,276956
6aqs__1__2.A_6.A__2.B_2.C,CACHED,275531
6aqs__1__2.A_6.A__6.B_6.C,CACHED,275605
6aqs__1__3.A_5.A__3.B_3.C,CACHED,277097
6aqs__1__3.A_5.A__5.B_5.C,CACHED,277168
4apr__1__1.A__1.B,CACHED,195664
2apc__1__1.A__1.B_1.C_1.D,CACHED,225152
3ap1__1__1.A_1.C__1.E,CACHED,201152
3ap1__1__1.B_1.D__1.F,CACHED,199470
3ap2__1__1.B_1.D__1.F,CACHED,199016
3apv__1__1.A__1.C_1.D,CACHED,113340
3apv__2__1.B__1.E,CACHED,115059
3apw__1__1.A__1.C,CACHED,116770
3apw__2__1.B__1.D,CACHED,117963
5apj__1__1.A__1.C,CACHED,168267
5apk__1__1.A__1.D,CACHED,154730
5apk__1__1.B__1.E,CACHED,160848
6ap7__1__1.A__1.C,CACHED,171400
6aps__1__1.A__1.C_1.D,CACHED,122658
6aps__1__1.B__1.H_1.I,CACHED,117681
7ap3__1__1.B__1.E_1.F,CACHED,266470
2an3__1__1.A__1.C,CACHED,162835
2an3__2__1.B__1.E,CACHED,170358
2an4__1__1.A__1.D,CACHED,162720
2an4__2__1.B__1.F,CACHED,169968
2an5__1__1.A__1.C,CACHED,162825
2an5__2__1.B__1.F,CACHED,169978
3an1__1__1.A__1.G,CACHED,816764
3an1__1__1.B__1.N,CACHED,823131
4anm__1__1.A__1.B,CACHED,216855
5an1__1__1.D_1.E__1.L,CACHED,290295
5an1__1__1.D_1.E__1.M,CACHED,290371
5an1__2__1.B_1.G__1.J,CACHED,288988
5an1__3__1.C_2.F__2.N,CACHED,286961
5an1__4__1.F_2.C__1.N,CACHED,290613
5an1__5__1.A_1.H__1.I,CACHED,287684
5an1__5__1.A_1.H__1.P,CACHED,287765
5anq__1__1.B__1.I_1.J,CACHED,229667
5anq__2__1.A__1.C_1.D,CACHED,231596
7an5__1__1.A__1.C,CACHED,176594
7an5__1__1.B__1.D,CACHED,176252
7an7__1__1.B__1.H,CACHED,175579
7an8__1__1.A__1.C,CACHED,177474
7an8__1__1.B__1.E,CACHED,177071
7anc__1__1.A__1.C,CACHED,218683
7anc__1__1.B__1.D,CACHED,205535
2a6h__1__1.C_1.D__1.M,CACHED,1619165
4a6c__1__1.A_1.B__1.C,CACHED,119909
4a6d__1__1.A__1.D,CACHED,215925
4a6d__1__2.A__2.D,CACHED,216151
4a6l__1__1.A_1.C__1.E,CACHED,301968
4a6l__1__1.A_1.C__1.G,CACHED,301968
4a6l__1__1.B_1.D__1.F,CACHED,300833
4a6l__1__1.B_1.D__1.H,CACHED,300833
4a6s__2__1.C__1.I_1.J,CACHED,73695
4a6x__2__1.B__1.E_1.F,CACHED,138816
5a64__2__1.B__1.J,CACHED,117764
5a6b__1__1.A_1.B__1.G,CACHED,763088
5a6b__2__1.C_1.D__1.K,CACHED,777145
5a6z__1__1.A_1.B__1.E_1.I_1.J,CACHED,128792
5a6z__1__1.A_1.B__1.F_1.L_1.M,CACHED,128177
6a6m__1__1.A_2.A__1.B_1.C,CACHED,730923
6a6m__1__1.A_2.A__2.B_2.C,CACHED,730771
3a20__1__1.A_1.B__1.C,CACHED,144246
3a20__1__1.A_1.B__1.D,CACHED,144246
3a28__1__1.A__1.I_1.J,CACHED,157226
3a28__1__1.B__1.L_1.M,CACHED,156826
3a28__1__1.C__1.O_1.P,CACHED,154516
3a28__1__1.D__1.Q_1.R,CACHED,154668
3a28__2__1.F__1.V_1.W,CACHED,154087
3a28__2__1.G__1.Y_1.Z,CACHED,156421
3a28__2__1.H__1.AA_1.BA,CACHED,156036
4a2b__1__1.A__1.B_1.C,CACHED,250502
5a2z__1__1.B__1.E_1.F,CACHED,298118
7a28__1__1.A__1.C,CACHED,215430
3all__2__1.B__1.H,CACHED,232936
3alm__1__1.A__1.C,CACHED,235930
3alm__2__1.B__1.E,CACHED,233208
4al9__2__1.F__1.I_1.X_1.Y,CACHED,74955
4al9__2__1.H__1.CA_1.J,CACHED,73233
4alx__1__1.F_1.G__1.U,CACHED,262676
4alx__1__1.F_1.J__1.DA,CACHED,261063
4alx__1__1.G_1.H__1.Y,CACHED,262315
4alx__1__1.H_1.I__1.AA,CACHED,261400
4alx__1__1.I_1.J__1.CA,CACHED,259062
4alx__2__1.A_1.B__1.K,CACHED,264569
4alx__2__1.A_1.E__1.T,CACHED,261911
4alx__2__1.B_1.C__1.M,CACHED,257646
4alx__2__1.D_1.E__1.Q,CACHED,255749
7alr__1__1.A_1.B__1.E_1.F,CACHED,1022099
2ac7__1__1.A_1.B__1.C_1.D,CACHED,261874
2ac7__1__1.A_1.B__1.E_1.F,CACHED,261803
2ac7__1__2.A_2.B__2.C_2.D,CACHED,262172
2ac7__1__2.A_2.B__2.E_2.F,CACHED,262102
2ac7__1__3.A_3.B__3.C_3.D,CACHED,262404
2ac7__1__3.A_3.B__3.E_3.F,CACHED,262333
2acv__1__1.A__1.C,CACHED,289168
2acv__1__1.B__1.D,CACHED,287822
3acc__1__1.A__1.B,CACHED,105218
3acc__1__2.A__2.B,CACHED,105566
3acd__1__1.A__1.B,CACHED,103988
3acd__1__2.A__2.B,CACHED,104423
3acl__1__1.A__1.C,CACHED,183142
3acx__1__1.A__1.B,CACHED,189093
5ac4__1__1.A_1.B__1.C,CACHED,806373
5ac4__1__1.A_1.B__1.D,CACHED,806373
6ac9__1__1.A__1.E_1.F,CACHED,206466
6ac9__2__1.B__1.K_1.P,CACHED,209556
6ac9__3__1.C__1.S_1.V,CACHED,202898
6aci__1__1.A_1.B__1.C_1.D,CACHED,253921
3a5l__1__1.B__1.E_1.F,CACHED,226570
3a5m__1__1.B__1.E_1.F,CACHED,228850
3a5n__1__1.B__1.E_1.F,CACHED,228316
3a5o__1__1.B__1.E_1.F,CACHED,231566
5a5q__1__1.A__1.D,CACHED,86630
6a50__1__1.A_1.B__1.C_1.D,CACHED,639640
6a50__1__1.A_1.B__1.F_1.G,CACHED,639559
6a56__1__1.A__1.C_1.E,CACHED,103647
6a56__1__1.B__1.D_1.H,CACHED,104525
7a5y__1__1.A__1.I_1.J_1.K_1.L,CACHED,307045
7a5y__1__1.B__1.S_1.T_1.U_1.V,CACHED,302472
7a5y__1__1.C__1.AA_1.BA_1.CA_1.Z,CACHED,307996
7a5y__1__1.D__1.GA_1.HA_1.IA_1.JA,CACHED,299928
7a5y__2__1.E__1.KA_1.LA_1.MA_1.OA,CACHED,305878
7a5y__2__1.F__1.UA_1.VA_1.WA_1.YA,CACHED,296864
7a5y__2__1.G__1.BB_1.CB_1.DB_1.EB,CACHED,301354
7a5y__2__1.H__1.IB_1.JB_1.KB_1.LB,CACHED,298639
3ak4__1__1.A__1.E,CACHED,156100
3ak4__1__1.B__1.F,CACHED,156494
3ak4__1__1.C__1.G,CACHED,157727
3ak4__1__1.D__1.H,CACHED,157377
3akd__1__1.A__1.B,CACHED,124043
7akg__1__1.A__1.G,CACHED,188430
3au2__1__1.A__1.B_1.F_1.G,CACHED,362872
3aun__1__1.A__1.C,CACHED,155536
4aub__1__1.B__1.K_1.L,CACHED,218554
4aub__1__1.C__1.M_1.N,CACHED,217037
4aub__1__1.E__1.P_1.Q,CACHED,192415
4aub__1__1.F__1.R_1.S,CACHED,196600
4aub__1__1.H__1.V_1.W,CACHED,193032
5aut__1__1.A__1.B,CACHED,179205
5auu__1__1.A__1.B,CACHED,179281
5auw__1__1.A__1.B,CACHED,179414
5auy__1__1.A__1.B,CACHED,179907
5auz__1__1.A__1.B,CACHED,178984
6au6__1__1.A__1.B_1.C,CACHED,227543
6aul__1__1.A_3.A__1.B,CACHED,145124
6aul__1__1.A_3.A__3.B,CACHED,145124
6aul__1__2.A_4.A__2.B,CACHED,144749
6aul__1__2.A_4.A__4.B,CACHED,144749
7au4__1__1.A_2.A__1.D,CACHED,372507
7au4__1__1.A_2.A__2.D,CACHED,372509
2a78__1__1.A__1.C_1.D,CACHED,110091
2a7x__1__1.A__1.C_1.D,CACHED,165136
2a7x__1__2.A__2.C_2.D,CACHED,166922
3a7x__1__1.A__1.F,CACHED,129788
5a7o__1__1.A__1.D_1.Q_1.R,CACHED,233983
5a7o__2__1.B__1.AA_1.BA_1.T,CACHED,229394
5a7p__1__1.A__1.D_1.J_1.K,CACHED,234062
5a7p__2__1.B__1.M_1.S_1.T,CACHED,231044
5a7q__1__1.A__1.C_1.E,CACHED,229107
5a7q__2__1.B__1.I_1.K,CACHED,230606
5a7w__2__1.B__1.K_1.L_1.Q,CACHED,222042
1a4h__1__1.A__1.B,CACHED,137718
1a4h__1__2.A__2.B,CACHED,138205
2a40__2__1.D__1.O_1.P,CACHED,229212
4a4q__1__1.A_1.B__1.C,CACHED,119764
4a4x__1__1.A__1.B,CACHED,166683
6a4e__1__1.A_1.B__1.C,CACHED,235460
6a4e__1__1.A_1.B__1.D,CACHED,235460
1a30__1__1.A_1.B__1.C,CACHED,117946
3a35__1__1.A__1.C,CACHED,113154
5a3t__1__1.A__1.D_1.M,CACHED,293615
6a37__1__1.A__1.B,CACHED,327786
6a3a__1__1.A__1.E_1.F,CACHED,136704
6a3c__1__1.A__1.E_1.F,CACHED,136744
6a3g__1__1.A_1.B__1.E,CACHED,458391
6a3g__1__1.B__1.F,CACHED,232652
6a3g__1__1.C_1.D__1.G,CACHED,463745
6a3g__1__1.C_1.D__1.H,CACHED,463738
2a86__1__1.B__1.M_1.N,CACHED,164959
2a8x__1__1.A_1.B__1.C,CACHED,552102
2a8x__1__1.A_1.B__1.E,CACHED,552032
3a86__1__1.A__1.G,CACHED,129758
3a8c__1__1.A__1.C,CACHED,129844
3a8d__1__1.A__1.H,CACHED,129771
3a8w__1__1.A__1.C,CACHED,218377
3a8w__2__1.B__1.D,CACHED,223513
4a8h__1__1.A_2.A__2.C,CACHED,423989
4a8h__1__1.A_3.A__1.C,CACHED,421765
4a8h__2__1.B_2.B__1.I,CACHED,421273
4a8h__2__1.B_3.B__3.I,CACHED,421291
4a8p__1__1.A_1.B__1.G,CACHED,413613
4a8p__1__1.A_1.C__1.K,CACHED,416015
4a8p__1__1.B_1.C__1.I,CACHED,417594
4a8p__2__1.D_1.E__1.O,CACHED,412579
4a8p__2__1.F__1.P,CACHED,202799
5a86__1__1.A__1.E,CACHED,178312
5a86__1__1.B__1.F,CACHED,181299
5a8e__1__1.A__1.D,CACHED,181678
6a8d__1__1.A__1.B_1.C,CACHED,115929
2ag6__1__1.A__1.B,CACHED,196035
2ag6__2__2.A__2.B,CACHED,198175
3ag1__1__1.A_1.B__1.MA,CACHED,477869
3ag1__1__1.A_1.D_1.L_1.M__1.BB,CACHED,483288
3ag1__1__1.C_1.J__1.SA,CACHED,210168
3ag1__2__1.N_1.O__1.OB,CACHED,483866
3ag1__2__1.N_1.Q_1.Y_1.Z__1.DC,CACHED,489293
3ag1__2__1.P_1.T__1.BC_1.MB_1.RB_1.TB_1.ZB,CACHED,251517
3ag1__2__1.P_1.W__1.UB,CACHED,211997
3ag2__1__1.A_1.B__1.ZA,CACHED,478015
3ag2__1__1.A_1.D_1.L_1.M__1.TC,CACHED,483479
3ag2__2__1.N_1.O__1.DD_1.ID,CACHED,484492
3ag2__2__1.N_1.Q_1.Y_1.Z__1.ZE,CACHED,487929
3ag2__2__1.P__1.DE,CACHED,175054
3ag3__1__1.A_1.B__1.KA,CACHED,477839
3ag3__1__1.A_1.C__1.MA_1.PA,CACHED,505656
3ag3__1__1.A_1.D_1.L_1.M__1.BB,CACHED,483259
3ag3__1__1.C_1.J__1.RA,CACHED,210028
3ag3__2__1.N_1.O__1.MB,CACHED,483690
3ag3__2__1.N_1.P__1.PB_1.TB,CACHED,511288
3ag3__2__1.N_1.Q_1.Y_1.Z__1.DC,CACHED,489359
3ag3__2__1.P_1.W__1.VB,CACHED,211858
3ag4__1__1.A_1.B__1.KA,CACHED,477839
3ag4__1__1.A_1.C__1.MA_1.PA,CACHED,505768
3ag4__1__1.A_1.D_1.L_1.M__1.BB,CACHED,483264
3ag4__2__1.N_1.O__1.NB,CACHED,483690
3ag4__2__1.N_1.P__1.PB_1.RB,CACHED,511164
3ag4__2__1.P_1.T__1.AC_1.LB_1.QB_1.SB_1.UB,CACHED,251241
3ag4__2__1.P_1.W__1.TB,CACHED,211792
3ag6__1__1.A__1.C_1.D,CACHED,181771
3ag6__1__1.B__1.I_1.J,CACHED,179210
3agy__1__1.A__1.C,CACHED,115962
3agy__1__1.B__1.E,CACHED,115886
6ag2__1__1.A__1.B_1.C,CACHED,154736
6ag9__1__1.A__1.B_1.C,CACHED,155096
6agz__1__1.A__1.C,CACHED,244826
6agz__1__1.B__1.D,CACHED,248001
7ag4__1__1.A__1.G,CACHED,274103
7ag4__1__1.C__1.I,CACHED,277395
7ag4__1__2.B__2.H,CACHED,277015
7ag4__1__2.E__2.K,CACHED,278071
7agc__2__1.B__1.G_1.O,CACHED,202297
7agc__3__1.C__1.D_1.L,CACHED,203652
7agv__1__1.A_1.B__1.L,CACHED,204927
7agv__2__1.C_1.D__1.N,CACHED,202773
7agv__4__1.G_1.H__1.X,CACHED,205638
2a9k__1__1.A__1.C_1.D,CACHED,110202
4a9m__2__1.C__1.H,CACHED,72671
2ahv__1__1.D__1.H,CACHED,315348
3ahn__1__1.A__1.C_1.D,CACHED,375200
3ahn__2__1.B__1.G_1.H,CACHED,373903
3aho__2__1.B__1.H_1.I,CACHED,373239
7ahr__1__1.B__1.E,CACHED,179781
1ax0__1__1.A__1.C,CACHED,147620
3ax7__1__1.A__1.E,CACHED,767278
3ax7__1__1.B__1.O,CACHED,774600
3axm__1__1.A_1.C__1.Q_1.R,CACHED,547801
3axm__1__1.A_1.C__1.S_1.T,CACHED,547892
3axm__1__1.E_1.G__1.U_1.V,CACHED,548259
3axm__1__1.E_1.G__1.W_1.X,CACHED,548196
3axm__1__1.I_1.K__1.AA_1.BA,CACHED,546269
3axm__1__1.I_1.K__1.Y_1.Z,CACHED,546317
3axm__1__1.M_1.O__1.CA_1.DA,CACHED,545854
3axm__1__1.M_1.O__1.EA_1.FA,CACHED,545866
3axs__1__1.A__1.C,CACHED,251766
3axs__1__2.A__2.C,CACHED,251826
7axl__1__1.A__1.B,CACHED,173914
3ar2__1__1.A__1.D_1.E,CACHED,619407
3ar3__1__1.A__1.C_1.I,CACHED,621163
3ar4__1__1.A__1.B_1.C,CACHED,621572
3ar5__1__1.A__1.D,CACHED,622098
3ar6__1__1.A__1.C_1.E,CACHED,622395
3ar7__1__1.A__1.D,CACHED,622854
4arb__1__1.A__1.C,CACHED,330080
4arb__1__1.B__1.J,CACHED,335129
6ar9__1__1.D__1.M_1.N_1.O,CACHED,138267
6ar9__2__1.B_1.C__1.K_1.L,CACHED,278220
6ar9__2__1.B__1.J,CACHED,141554
6ar9__3__1.F__1.S,CACHED,140332
6arm__1__1.A__1.C,CACHED,93874
6arm__2__1.B__1.E,CACHED,94727
3aso__1__1.A_1.B__1.KA,CACHED,477833
3aso__1__1.A_1.D_1.L_1.M__1.AB,CACHED,483368
3aso__2__1.N_1.Q_1.Y_1.Z__1.ZB,CACHED,489317
3asz__1__1.A__1.C,CACHED,128800
3asz__1__1.B__1.D,CACHED,132211
6asq__1__1.A__1.N,CACHED,143586
6asy__1__1.A__1.H,CACHED,377977
6asy__1__1.B__1.V,CACHED,376975
3ab1__1__1.A_1.B__1.C,CACHED,398929
3ab1__1__1.B__1.D,CACHED,210046
3abk__1__1.A_1.B__1.LA,CACHED,477839
3abk__1__1.A_1.C__1.NA_1.RA,CACHED,505740
3abk__1__1.A_1.D_1.L_1.M__1.BB,CACHED,483259
3abk__1__1.C_1.J__1.TA,CACHED,210139
3abk__2__1.N_1.O_1.S__1.MB,CACHED,543818
3abk__2__1.N_1.P__1.AC_1.QB,CACHED,511196
3abk__2__1.P_1.W__1.UB,CACHED,211735
3abl__1__1.A_1.B__1.LA,CACHED,477839
3abl__1__1.A_1.C__1.OA_1.QA,CACHED,505946
3abl__1__1.A_1.D_1.L_1.M__1.BB,CACHED,483374
3abl__1__1.C_1.J__1.SA,CACHED,209369
3abl__2__1.N_1.O__1.NB,CACHED,483690
3abl__2__1.N_1.P__1.RB_1.VB,CACHED,511102
3abl__2__1.P_1.T__1.LB_1.PB_1.SB_1.UB_1.WB,CACHED,251299
3abl__2__1.P_1.W__1.XB,CACHED,211106
3abm__1__1.A_1.B__1.KA,CACHED,477839
3abm__1__1.A_1.C__1.MA_1.YA,CACHED,505937
3abm__1__1.A_1.D_1.L_1.M__1.BB,CACHED,483274
3abm__1__1.C_1.J__1.QA,CACHED,209366
3abm__2__1.N_1.O__1.MB,CACHED,483690
3abm__2__1.N_1.P__1.KB_1.RB,CACHED,511176
3abm__2__1.N_1.Q_1.Y_1.Z__1.DC,CACHED,489250
3abm__2__1.P_1.W__1.VB,CACHED,211091
5abm__1__1.C__1.I_1.J,CACHED,312710
5abm__1__2.C__2.I_2.J,CACHED,314373
5abm__2__1.A__1.E_1.F,CACHED,308384
5abm__2__1.B__1.G_1.H,CACHED,307205
5abm__2__2.A__2.E_2.F,CACHED,307025
5abm__2__2.B__2.G_2.H,CACHED,307579
6abu__1__1.A__1.H,CACHED,813366
6abu__1__1.B__1.N,CACHED,806261
7abn__2__1.C__1.M_1.N_1.O_1.P,CACHED,316011
7abo__1__1.A__1.E_1.F_1.G,CACHED,305290
7abo__1__1.B__1.H_1.I_1.J,CACHED,306174
7abo__2__1.C__1.K_1.L_1.M,CACHED,310409
7abo__2__1.D__1.N_1.O_1.P,CACHED,310746
2ai1__1__1.A_2.A__1.E,CACHED,339033
2ai1__1__1.A_3.A__3.E,CACHED,337623
2ai1__1__2.A_3.A__2.E,CACHED,338687
2ai2__1__1.A_2.A__1.E,CACHED,339846
2ai2__1__1.A_3.A__3.E,CACHED,338501
2ai2__1__2.A_3.A__2.E,CACHED,339531
2ai3__1__1.A_2.A__1.E,CACHED,343103
2ai3__1__1.A_3.A__3.E,CACHED,341641
2aix__1__1.A__1.B,CACHED,160677
2aix__1__2.A__2.B,CACHED,160887
3ai0__1__1.A__1.B,CACHED,305944
3aiv__1__1.A__1.B,CACHED,319704
3aiv__1__2.A__2.B,CACHED,325905
3aiv__1__3.A__3.B,CACHED,321696
3aiv__1__4.A__4.B,CACHED,321669
3aiv__1__5.A__5.B,CACHED,324072
6ai9__1__1.A_1.B__1.C,CACHED,400526
6ai9__1__1.B__1.D,CACHED,205593
6aik__1__1.A_1.B__1.C,CACHED,397736
6aik__1__1.A_1.B__1.D,CACHED,397812
6aim__1__1.A_1.B__1.C,CACHED,396288
6aim__1__1.A_1.B__1.D,CACHED,396149
6aip__1__1.A_1.B__1.C,CACHED,404471
6aip__1__1.A_1.B__1.D,CACHED,404327
6aiy__1__1.A__1.B_1.C_1.D,CACHED,230745
7ait__1__1.A__1.C,CACHED,340764
2aj4__1__1.A__1.D_1.F,CACHED,315571
2aj4__2__1.B__1.H_1.J,CACHED,315358
5ajp__1__1.A_1.B__1.C_1.E,CACHED,326636
5aju__1__1.A_2.A__1.B,CACHED,263769
5aju__1__1.A_2.A__2.B,CACHED,263767
6aju__1__1.A__1.G,CACHED,817080
6aju__1__1.B__1.L,CACHED,820456
1aog__1__1.A_1.B__1.C,CACHED,590606
1aog__1__1.A_1.B__1.F,CACHED,590530
4aot__1__1.A__1.G,CACHED,176174
6aon__1__1.A_1.B__1.E,CACHED,561006
3af1__1__1.A__1.B,CACHED,197753
3af2__1__1.A__1.B,CACHED,200557
3af2__1__2.A__2.B,CACHED,198973
3afn__1__1.A__1.E,CACHED,154804
3afn__1__1.B__1.G,CACHED,154874
3afn__1__1.C__1.I,CACHED,154858
3afn__1__1.D__1.K,CACHED,155157
3afo__1__1.A_2.B__1.C,CACHED,433922
3afo__1__1.B_2.A__2.C,CACHED,438423
3afr__1__1.A__1.C,CACHED,155516
4afh__1__1.D_1.E__1.N,CACHED,271778
3b0x__1__1.A__1.D_1.E_1.I,CACHED,362015
3b0y__1__1.A__1.B_1.D_1.E,CACHED,362369
5b09__1__1.A_2.A__1.B,CACHED,125832
5b09__1__1.A_2.A__2.B,CACHED,125832
2b51__1__1.A__1.B_1.C,CACHED,287488
2b51__1__1.A__1.D,CACHED,286883
2b56__1__1.A__1.B_1.C,CACHED,286443
2b56__1__1.A__1.D,CACHED,284875
2b5v__1__1.A_2.A__1.B,CACHED,436054
2b5v__1__1.A_2.A__2.B,CACHED,436055
2b5w__1__1.A_2.A__1.C_1.I,CACHED,441218
2b5w__1__1.A_2.A__2.C_2.I,CACHED,441218
3b50__1__1.A__1.B,CACHED,196298
5b5f__1__1.A_1.C__1.E,CACHED,140427
7b5u__1__1.A_1.B__1.C,CACHED,97546
1atp__1__1.A_1.B__1.C_1.D_1.E,CACHED,234820
1atl__1__1.A__1.C_1.E,CACHED,127694
1atl__2__1.B__1.F_1.H,CACHED,128377
3atq__1__1.A__1.B_1.C,CACHED,287911
3atr__1__1.A__1.B_1.C_1.D,CACHED,288285
3atu__1__1.A__1.B_1.C_1.D_1.E,CACHED,235513
3atv__1__1.A__1.B_1.C,CACHED,236501
3atw__1__1.A_1.B__1.C,CACHED,368634
3atw__1__1.A_1.B__1.D,CACHED,368446
3aty__1__1.A__1.C,CACHED,237723
3aty__2__1.B__1.D,CACHED,237697
3ael__1__1.A_1.D__1.N,CACHED,462388
3ael__1__1.B_1.C__1.I,CACHED,464264
3ael__1__1.B_1.C__1.K,CACHED,464155
3aem__1__1.A_1.D__1.E,CACHED,462428
3aem__1__1.A_1.D__1.M,CACHED,462537
3aem__1__1.B_1.C__1.H,CACHED,471061
3aen__1__1.A_1.D__1.M,CACHED,468897
3aen__1__1.B_1.C__1.H,CACHED,470802
3aeo__1__1.A_1.D__1.E,CACHED,462231
3aeo__1__1.A_1.D__1.M,CACHED,462340
3aeo__1__1.B_1.C__1.H,CACHED,464354
3aeo__1__1.B_1.C__1.J,CACHED,464245
3aep__1__1.A_1.D__1.O,CACHED,462265
3aep__1__1.B_1.C__1.I,CACHED,464113
3aex__1__1.A__1.C_1.D,CACHED,213481
3aex__1__1.B__1.E_1.F,CACHED,213408
6ae3__1__1.A_1.B__1.E,CACHED,423937
6ae3__1__1.A_1.B__1.G,CACHED,423857
6adj__1__1.A__1.F,CACHED,816617
6adj__1__1.B__1.J,CACHED,821037
1a0g__1__1.A_1.B__1.C,CACHED,352825
1a0g__1__1.A_1.B__1.D,CACHED,352745
2a06__1__1.C_1.O__1.YA,CACHED,353950
4a01__1__1.A_1.B__1.V,CACHED,862182
5a02__1__1.B__1.K_1.M,CACHED,211372
5a02__1__1.D__1.S_1.T,CACHED,212310
5a02__2__1.A__1.G_1.H,CACHED,211109
5a02__2__1.E__1.EA_1.Y_1.Z,CACHED,211710
5a02__3__1.C__1.N_1.O_1.R,CACHED,210571
5a02__3__1.F__1.FA_1.HA,CACHED,212480
5a05__2__1.F__1.R_1.S,CACHED,212321
5a05__3__1.B__1.L_1.N,CACHED,211307
5a07__1__1.B__1.F_1.G,CACHED,270130
5a07__2__1.A__1.C_1.D,CACHED,271042
5a0f__1__1.A__1.B,CACHED,112216
2aa0__1__1.A__1.E_1.G,CACHED,217388
4aa2__1__1.A_1.B__1.B_1.D,CACHED,394912
6aar__1__1.A__1.B,CACHED,175932
7aaw__1__1.A_1.B__1.C,CACHED,388579
7aaw__1__1.A_1.B__1.I,CACHED,388103
1b62__1__1.A_2.A__1.B_1.C,CACHED,410900
1b62__1__1.A_2.A__2.B_2.C,CACHED,410899
1b63__1__1.A_2.A__1.B_1.E,CACHED,412750
1b63__1__1.A_2.A__2.B_2.E,CACHED,412749
2b69__1__1.A_2.A__1.D,CACHED,384795
2b69__1__1.A_2.A__2.D,CACHED,384795
2b6n__1__1.A__1.B,CACHED,157442
4b6l__1__1.A__1.B,CACHED,182173
5b6h__1__1.A__1.B_1.C,CACHED,108725
5b6h__1__2.A__2.B_2.C,CACHED,109534
7b6t__1__1.A__1.K_1.U,CACHED,163990
7b6t__1__1.B__1.FA_1.L,CACHED,169625
7b6v__1__1.A_1.E__1.U,CACHED,324876
7b6v__1__1.C_1.D__1.Y,CACHED,324516
7b6v__2__1.F_1.J__1.DA,CACHED,330858
7b6v__2__1.G_1.H__1.GA,CACHED,328843
7b6v__2__1.H_1.I__1.JA,DOWNLOADED,327001
2b9e__1__1.A__1.B,CACHED,173040
2b9f__1__1.A__1.B_1.C,CACHED,218126
2b9h__1__1.A__1.C_1.D,CACHED,218085
4b9k__3__1.I__1.T,CACHED,94609
4b9k__4__1.L__1.W,CACHED,95132
4b9q__1__1.A__1.E_1.F,CACHED,373638
4b9q__2__1.B__1.G_1.H,CACHED,369276
4b9q__3__1.C__1.I_1.J,CACHED,367685
4b9q__4__1.D__1.K_1.L,CACHED,364034
6b92__1__1.A__1.F,CACHED,169990
6b9i__1__1.A__1.C,CACHED,178855
6b9i__2__1.B__1.K,CACHED,173122
2awn__1__1.A__1.E_1.F,CACHED,204043
2awn__1__1.B__1.G_1.H,CACHED,233145
2awn__2__1.D__1.K_1.L,CACHED,189453
3awh__1__1.A_1.B__1.C,CACHED,147054
3awh__1__1.A_1.B__1.E,CACHED,147134
4awh__3__1.C__1.K_1.L_1.M,CACHED,129620
4awh__4__1.D__1.N_1.O_1.P,CACHED,128824
4awk__1__1.A__1.B_1.C_1.D,CACHED,116460
4awo__1__1.A__1.C,CACHED,134994
4awo__1__1.B__1.D,CACHED,130648
4awp__1__1.A__1.C,CACHED,134475
4awp__1__1.B__1.D,CACHED,130785
4awq__1__1.A__1.C,CACHED,130549
4awq__1__1.B__1.D,CACHED,130586
5awm__1__1.A__1.B_1.C_1.D,CACHED,227281
6aw7__2__1.B__1.F,CACHED,132137
6aw8__3__1.C__1.I,CACHED,133508
6awa__1__1.A_1.B__1.H,CACHED,557713
6awa__1__1.A__1.C,CACHED,282633
6awa__1__1.B__1.G,CACHED,282049
6awi__1__1.A_1.B__1.E,CACHED,322424
6awi__1__1.A_1.B__1.F,CACHED,321506
6awi__1__1.A_1.B__1.G,CACHED,322362
6awi__1__1.A_1.B__1.H,CACHED,321437
6awi__2__1.C_1.D__1.I,CACHED,320325
6awi__2__1.C_1.D__1.J,CACHED,319409
6awi__2__1.C_1.D__1.K,CACHED,320185
6awi__2__1.C_1.D__1.L,CACHED,319336
6awj__1__1.A_1.B__1.E,CACHED,319574
6awj__1__1.A_1.B__1.F,CACHED,319045
6awj__1__1.A_1.B__1.G,CACHED,318965
6awj__1__1.A_1.B__1.H,CACHED,319576
6awj__2__1.C_1.D__1.I,CACHED,321722
6awj__2__1.C_1.D__1.J,CACHED,321185
6awj__2__1.C_1.D__1.K,CACHED,321077
6awj__2__1.C_1.D__1.L,CACHED,321723
6awr__1__1.A_1.B__1.G,CACHED,184182
6awt__3__1.C__1.J,CACHED,94310
7awv__1__1.A_1.B__1.J,CACHED,493119
2avd__1__1.A__1.C,CACHED,137293
2avd__1__1.B__1.D,CACHED,138182
4av5__1__1.A__1.E,CACHED,183196
4avh__1__1.A__1.C,CACHED,99525
4avh__2__1.B__1.F,CACHED,97244
4avk__1__1.A__1.C,CACHED,97120
4avk__2__1.B__1.E,CACHED,97417
4avl__2__1.B__1.H_1.I_1.J,CACHED,127144
4avl__3__1.C__1.K_1.L_1.M,CACHED,129162
5av0__1__1.A__1.B,CACHED,179728
7avq__1__1.A__1.B,CACHED,211582
1bso__1__1.A__1.B,DOWNLOADED,101804
1bsv__1__1.A__1.B,DOWNLOADED,201794
6bsv__1__1.A__1.C_1.D_1.F,DOWNLOADED,431451
6bsv__1__1.B__1.G_1.H_1.J,DOWNLOADED,435123
4az5__1__1.A__1.B,CACHED,269036
4az5__1__2.A__2.B,CACHED,274692
4az7__1__1.A__1.B,CACHED,268741
4az7__1__1.A__1.C,CACHED,268667
4azc__1__1.A__1.E,CACHED,271526
4azc__2__1.B__1.K,CACHED,274079
4azc__4__1.D__1.T,CACHED,264910
4azw__1__1.A__1.B_1.D_1.E,CACHED,272874
4azw__1__1.A__1.C,CACHED,272225
5az1__1__1.A__1.J,CACHED,211395
7azn__1__1.A__1.B_1.G_1.I,CACHED,117220
1ba1__1__1.A__1.B_1.F,CACHED,231794
4bae__2__1.C__1.K,DOWNLOADED,113374
4bae__2__1.D__1.N,DOWNLOADED,114494
2bik__1__1.A__1.B,DOWNLOADED,180578
6bii__1__1.A_1.B__1.H_1.I,DOWNLOADED,414453
2amq__1__1.A_1.B__1.C,CACHED,372727
2amq__1__1.B__1.D,CACHED,189782
3ama__1__1.A_1.B__1.C,CACHED,242800
3amb__1__1.A_1.B__1.C,CACHED,241696
3amf__1__1.A_1.B__1.C,CACHED,146690
3amf__1__1.A_1.B__1.E,CACHED,146614
4am8__1__1.A__1.H_1.I,CACHED,207704
4am8__1__1.B__1.M_1.N,CACHED,207639
4am8__1__1.C__1.Q_1.R,CACHED,204534
4am8__2__1.D__1.T_1.U,CACHED,215917
4am8__2__1.E__1.X_1.Y,CACHED,206576
4am8__2__1.F__1.AA_1.BA_1.V,CACHED,207782
6am8__1__1.A__1.E,CACHED,233239
6am8__2__1.C__1.J,CACHED,239078
6am8__2__1.D__1.L,CACHED,229432
6am9__1__1.A__1.G,CACHED,232471
6am9__1__1.B__1.H,CACHED,233357
6am9__2__1.C__1.J,CACHED,232578
6am9__2__1.D__1.M,CACHED,233159
6amh__1__1.A__1.E,CACHED,238243
6amh__1__1.B__1.G,CACHED,242105
6amh__2__1.C__1.I,CACHED,238009
6amh__2__1.D__1.K,DOWNLOADED,237764
6ami__1__1.A__1.E,DOWNLOADED,232235
6ami__2__1.C__1.I,DOWNLOADED,235701
6ami__3__1.D__1.L,DOWNLOADED,234740
6ami__4__2.A__2.E,DOWNLOADED,235457
6amo__1__1.A__1.I_1.K,DOWNLOADED,362088
6amo__2__1.E__1.R_1.T,DOWNLOADED,367106
2bfv__1__1.A_1.B__1.C,DOWNLOADED,141774
1bfd__1__1.A_2.A__1.B_1.E,DOWNLOADED,629419
1bfd__1__1.A_2.A__2.B_2.E,DOWNLOADED,629419
1bfd__1__3.A_4.A__3.B_3.E,DOWNLOADED,628546
1bfd__1__3.A_4.A__4.B_4.E,DOWNLOADED,628546
2bfy__1__1.A__1.E,DOWNLOADED,181674
2bfy__2__1.B_1.C__1.F,DOWNLOADED,210862
3bfx__1__1.A__1.C,DOWNLOADED,169975
4bfu__1__1.A__1.D,DOWNLOADED,202309
4bfu__1__1.B__1.F,DOWNLOADED,202941
6bfh__1__1.A__1.B,DOWNLOADED,122708
2c6q__2__1.G__1.U,DOWNLOADED,199116
6c6h__1__1.A__1.F_1.G,DOWNLOADED,176581
6c6j__1__1.A__1.F_1.G,DOWNLOADED,175807
2cda__1__1.A_2.A__1.C,DOWNLOADED,447679
2cda__1__1.A_2.A__2.C,DOWNLOADED,447682
2cda__1__1.B_2.B__1.F,DOWNLOADED,447633
2cda__1__1.B_2.B__2.F,DOWNLOADED,447635
2cdu__1__1.B__1.F,DOWNLOADED,276193
6cdm__1__1.A_1.B__1.C,DOWNLOADED,272909
6cdm__2__1.D_1.E__1.F,DOWNLOADED,271726
3cm2__10__1.E__1.T,DOWNLOADED,71393
3cm2__11__1.F__1.V,DOWNLOADED,70263
3cm2__12__1.G__1.X,DOWNLOADED,70746
3cm2__1__1.A__1.L,DOWNLOADED,69810
3cm2__2__1.B__1.N,DOWNLOADED,71153
3cm2__4__1.D__1.R,DOWNLOADED,70369
6cmj__2__1.B__1.H,DOWNLOADED,182196
7cms__1__1.A__1.C,DOWNLOADED,210076
7cms__1__1.B__1.E,DOWNLOADED,208332
1b4p__1__1.A_2.A__1.E,CACHED,283647
1b4p__1__1.A_2.A__2.E,CACHED,283647
2b4t__1__1.B_1.C__1.I,CACHED,404830
3b4w__1__1.A__1.D_1.G,CACHED,289138
3b4w__1__2.A__2.D_2.G,CACHED,291420
4b46__1__1.A__1.B,CACHED,201764
5b41__1__1.A__1.C,DOWNLOADED,153791
5b46__1__1.A_1.B_2.A__1.D_1.E,DOWNLOADED,977699
5b46__1__1.A_2.A_2.B__2.D_2.E,DOWNLOADED,979951
5b4u__1__1.A__1.B_1.C,DOWNLOADED,157590
5b4u__1__2.A__2.B_2.C,DOWNLOADED,155192
5b4u__1__3.A__3.B_3.C,DOWNLOADED,155800
5b4u__1__4.A__4.B_4.C,DOWNLOADED,153402
6b4l__1__1.A__1.C,DOWNLOADED,96306
6b4l__2__1.B__1.D,DOWNLOADED,97950
7b4x__1__1.A__1.M,DOWNLOADED,217081
5bju__1__1.A_1.B__1.D,DOWNLOADED,423642
5bju__1__1.A_1.B__1.F,DOWNLOADED,423646
5bjw__1__1.A_1.B__1.D,DOWNLOADED,427280
5bjw__1__1.A__1.C,DOWNLOADED,216645
3buv__1__1.B__1.F_1.G,DOWNLOADED,213802
3buv__2__1.A__1.C,DOWNLOADED,214369
5bu3__1__1.A__1.E_1.G,DOWNLOADED,211523
5bu3__1__1.B__1.H,DOWNLOADED,210039
5bu3__2__1.C__1.J_1.K_1.M,DOWNLOADED,215598
5bu3__2__1.D__1.N_1.P,DOWNLOADED,212325
7bu1__1__1.A_1.B__1.C,DOWNLOADED,245576
3b82__1__1.B__1.G,CACHED,130045
3b82__3__1.E_1.F__1.I,CACHED,659936
3b8h__1__1.B__1.G,CACHED,129657
3b8h__2__1.C_1.D__1.H,CACHED,640445
3b8h__3__1.E_1.F__1.I,CACHED,659019
4b80__1__1.A__1.C_1.J,CACHED,334008
4b80__1__1.B__1.M_1.S,CACHED,336209
4b82__1__1.B__1.L,CACHED,335223
4b83__1__1.A__1.C,CACHED,332452
4b83__1__1.B__1.R,CACHED,334838
4b85__1__1.B__1.J,CACHED,334539
4b8p__1__1.A__1.C,CACHED,263238
4b8p__2__1.B__1.D,CACHED,265063
6b89__1__1.A__1.C_1.D,CACHED,148584
6b89__2__1.B__1.F_1.G,CACHED,142601
7b81__1__1.A__1.C,CACHED,150124
7b87__1__1.A__1.N,DOWNLOADED,220896
7b89__1__1.A__1.D,DOWNLOADED,224693
7b8a__1__1.A__1.F,DOWNLOADED,227347
2c84__1__1.A__1.B,DOWNLOADED,249930
3c84__1__1.A_1.B__1.H_1.I,DOWNLOADED,266012
3c84__1__1.A_1.E__1.F,DOWNLOADED,260579
3c84__1__1.B_1.C__1.K_1.M,DOWNLOADED,264752
3c84__1__1.C_1.D__1.O_1.P,DOWNLOADED,262126
3c8z__1__1.A__1.C_1.H,DOWNLOADED,251451
3c8z__2__1.B__1.J_1.M,DOWNLOADED,249853
5c85__1__1.A__1.C,DOWNLOADED,72170
5c89__1__1.A__1.B,DOWNLOADED,74765
5c8x__1__1.A__1.C,DOWNLOADED,165236
7c83__1__1.A__1.B_1.C,DOWNLOADED,166587
2bha__1__1.A_2.A_3.A__1.B,DOWNLOADED,821353
2bha__1__1.A_2.A_4.A__2.B,DOWNLOADED,822153
2bha__1__1.A_3.A_4.A__3.B,DOWNLOADED,825294
2bha__1__2.A_3.A_4.A__4.B,DOWNLOADED,825052
2bhd__1__1.A_2.A_3.A__1.B,DOWNLOADED,820691
2bhd__1__1.A_2.A_4.A__2.B,DOWNLOADED,821478
2bhd__1__1.A_3.A_4.A__3.B,DOWNLOADED,824647
2bhd__1__2.A_3.A_4.A__4.B,DOWNLOADED,824397
3bh7__1__1.A_1.B__1.C_1.D_1.E,DOWNLOADED,304851
6bh0__1__1.A__1.B_1.C,DOWNLOADED,184027
6bh1__1__1.A__1.B_1.C,DOWNLOADED,186492
6bh4__1__1.A__1.B_1.C,DOWNLOADED,185794
6bh5__1__1.A__1.B_1.C,DOWNLOADED,187713
3d3p__1__1.A__1.D,DOWNLOADED,217503
2cy0__1__1.A__1.D,DOWNLOADED,161584
2cye__1__1.A_1.C__1.E_1.J,DOWNLOADED,166005
2cye__2__1.B_1.D__1.F_1.G,DOWNLOADED,161058
3cyi__1__1.A__1.B_1.C,DOWNLOADED,68336
5cyo__1__1.A__1.C_1.D,DOWNLOADED,173602
5cyo__2__1.B__1.E_1.F,DOWNLOADED,163254
6cyb__1__1.B__1.M_1.N_1.O_1.P,DOWNLOADED,225009
6cyc__1__1.A__1.E_1.F_1.G_1.H,DOWNLOADED,221483
6cyc__1__1.B__1.N_1.O_1.P_1.Q,DOWNLOADED,225429
6cyd__1__1.A__1.E_1.G,DOWNLOADED,220814
6cyi__1__1.A__1.E,DOWNLOADED,140355
1cs4__1__1.A_1.B__1.D_1.G_1.H,DOWNLOADED,239439
1cs4__1__1.A_1.B__1.E,DOWNLOADED,238925
1cs4__1__1.C__1.J_1.L,DOWNLOADED,217617
4cs9__1__1.B_1.D__1.H,DOWNLOADED,211616
6csw__4__1.D__1.EA_1.Z,DOWNLOADED,201957
2d7c__1__1.A__1.E_1.F,DOWNLOADED,107576
2d7c__2__1.B__1.H_1.I,DOWNLOADED,107226
4d7a__1__1.A__1.F,DOWNLOADED,147608
4d7a__1__1.B__1.K,DOWNLOADED,149091
4d7a__2__1.D__1.Q,DOWNLOADED,148438
5d7d__1__1.A__1.I,DOWNLOADED,125118
2bcg__1__1.B__1.E_1.F,CACHED,126367
3bcs__1__1.A__1.B,DOWNLOADED,524653
3bcs__1__2.A__2.B,DOWNLOADED,526683
4bc6__1__1.A__1.B,DOWNLOADED,173128
4bc6__1__2.A__2.B,DOWNLOADED,175746
4bcs__1__1.A_2.B__1.E,DOWNLOADED,147504
4bcs__1__1.B_2.A__2.E,DOWNLOADED,147159
6bca__1__1.A__1.E_1.F,DOWNLOADED,221091
6bca__2__1.D__1.G_1.H,DOWNLOADED,220744
7bc9__1__1.A__1.J,DOWNLOADED,215658
7bcf__1__1.A__1.H,DOWNLOADED,211810
2bb7__1__1.A__1.D_1.F,CACHED,159254
2bbf__1__1.A__1.C,CACHED,227899
3bbh__1__1.A__1.C,DOWNLOADED,134752
3bbh__1__1.B__1.H,DOWNLOADED,134871
4bb3__1__1.A__1.B_1.C,DOWNLOADED,210077
4bb9__1__1.A__1.B,DOWNLOADED,367105
4bbo__1__1.A_1.B__1.E,DOWNLOADED,129708
4bbo__1__1.A_1.B__1.G,DOWNLOADED,129708
4bbo__1__1.C_1.D__1.K,DOWNLOADED,128997
7bbn__1__1.A__1.C_1.D,DOWNLOADED,225827
7bbn__1__1.B__1.E_1.F,DOWNLOADED,226867
2bto__1__1.B__1.E,DOWNLOADED,265495
4btj__1__1.A__1.C,DOWNLOADED,194029
4btj__2__1.B__1.G,DOWNLOADED,193361
5btq__1__1.A__1.C,DOWNLOADED,141536
6bt4__1__1.A__1.B,DOWNLOADED,105559
6btf__1__1.A__1.G_1.H_1.I,DOWNLOADED,199442
6btw__2__1.B__1.K,DOWNLOADED,194101
6btw__4__1.D__1.S,DOWNLOADED,198747
7btc__2__1.B__1.F,DOWNLOADED,112035
7btd__1__1.A__1.B_1.C,DOWNLOADED,110602
4b3a__1__1.A_2.A__1.B_1.F,CACHED,248146
4b3a__1__1.A_2.A__2.B_2.F,CACHED,248146
5b3s__2__1.Y_1.Z__1.KG,CACHED,60877
6b33__1__1.A__1.C,CACHED,146012
6b33__2__1.B__1.D,CACHED,147069
6b3a__1__1.A__1.B,CACHED,414452
6b3b__1__1.A__1.B,DOWNLOADED,409143
6b3c__1__1.A_1.B__1.D,DOWNLOADED,121186
6b3f__1__1.A_1.B__1.D,DOWNLOADED,121178
6b3t__1__1.A__1.C,DOWNLOADED,246031
7b3f__1__1.A__1.I,DOWNLOADED,226636
7b3g__1__1.A__1.I,DOWNLOADED,218872
7b3h__1__1.A__1.H,DOWNLOADED,219907
7b3i__1__1.A__1.I,DOWNLOADED,218365
7b3p__1__1.A__1.G,DOWNLOADED,216278
7b3x__1__1.A__1.F,DOWNLOADED,214532
3cx5__1__1.C_1.P__1.CA,DOWNLOADED,360501
3cx5__1__1.E_1.N__1.OA,DOWNLOADED,360439
3cx7__1__1.A__1.C_1.D_1.E,DOWNLOADED,210475
3cx8__1__1.A_1.B__1.C_1.D,DOWNLOADED,332581
3cxh__1__1.C_1.P__1.BA,DOWNLOADED,360519
3cxh__1__1.E_1.N__1.OA,DOWNLOADED,360366
4cxm__1__1.B__1.F_1.G,DOWNLOADED,184424
4cxm__1__1.C__1.H_1.I,DOWNLOADED,185670
4cxm__2__1.A__1.D_1.E,DOWNLOADED,184913
4cxm__2__2.A__2.D_2.E,DOWNLOADED,182009
5cx8__1__1.A_1.B__1.I,DOWNLOADED,595775
7cxt__1__1.A__1.C,DOWNLOADED,224827
7cxt__1__1.B__1.D,DOWNLOADED,226745
2be2__1__1.A__1.H,DOWNLOADED,360942
2be5__1__1.C_1.D__1.M_1.Q,DOWNLOADED,1621800
4be9__1__1.A_1.B__1.E,DOWNLOADED,650426
6be3__1__1.A_1.B__1.C,DOWNLOADED,256971
6bel__1__1.D__1.F_1.G_1.K,DOWNLOADED,209135
6bem__1__1.D__1.F_1.I_1.M,DOWNLOADED,209056
1d1q__1__1.A__1.C,DOWNLOADED,102694
2d1y__1__1.A__1.E,DOWNLOADED,144681
2d1y__1__1.B__1.F,DOWNLOADED,146305
2d1y__1__1.C__1.G,DOWNLOADED,150085
2d1y__1__1.D__1.H,DOWNLOADED,145441
3d1e__1__1.A__1.C,DOWNLOADED,239107
3d1g__1__1.A__1.C,DOWNLOADED,237685
3d1g__1__1.B__1.D,DOWNLOADED,237022
6d14__1__1.A__1.C_1.D,DOWNLOADED,376803
6d14__1__1.B__1.E_1.F,DOWNLOADED,394130
7d1x__1__1.A__1.C,DOWNLOADED,184826
7d1x__1__1.A__1.D,DOWNLOADED,184832
7d1x__2__1.B__1.E,DOWNLOADED,167240
7d1x__2__1.B__1.F,DOWNLOADED,167061
1cw2__1__1.A__1.C,DOWNLOADED,159130
1cw2__1__2.A__2.C,DOWNLOADED,163106
4cw5__1__1.A__1.C,DOWNLOADED,533531
4cw5__1__1.B__1.D,DOWNLOADED,533322
4cw7__1__1.G__1.R_1.S,DOWNLOADED,118698
4cw7__2__1.A_1.B__1.I_1.J,DOWNLOADED,187337
4cw7__3__1.E_1.F__1.O_1.P,DOWNLOADED,187045
4cwa__1__1.A__1.D,DOWNLOADED,180543
4cwa__2__1.C__1.F,DOWNLOADED,179338
4cwf__1__1.A__1.B,DOWNLOADED,130312
4cwn__1__1.A_2.A__1.B,DOWNLOADED,256432
4cwn__1__1.A_2.A__2.B,DOWNLOADED,256436
5cw2__1__1.A__1.E,DOWNLOADED,381729
5cw2__2__1.B__1.F,DOWNLOADED,378043
5cw2__3__1.C__1.G,DOWNLOADED,385808
5cw2__4__1.D__1.H,DOWNLOADED,378637
6cw9__1__1.A_1.C__1.I,DOWNLOADED,300633
6cwa__1__1.A_1.B__1.E_1.F,DOWNLOADED,325759
6cwe__1__1.A_1.C__1.H_1.I,DOWNLOADED,301253
6cwf__1__1.A__1.C,DOWNLOADED,103586
6cwf__2__1.B__1.D,DOWNLOADED,102787
6cwh__1__1.A__1.E,DOWNLOADED,103505
6cwh__2__1.B__1.F,DOWNLOADED,103679
6cwh__3__1.C__1.G,DOWNLOADED,103350
6cwh__4__1.D__1.H,DOWNLOADED,103191
6cwi__1__1.A__1.C_1.E,DOWNLOADED,103727
6cwi__2__1.B__1.F_1.G,DOWNLOADED,103685
6cwl__1__1.A__1.C,DOWNLOADED,102748
6cwl__2__1.B__1.D,DOWNLOADED,93578
6cwn__1__1.A__1.B,DOWNLOADED,100978
6cwr__1__1.A__1.B,DOWNLOADED,103635
1cip__1__1.A__1.B_1.C,DOWNLOADED,207549
2cir__1__1.A__1.B,DOWNLOADED,188985
3cix__1__1.A__1.E_1.F,DOWNLOADED,218887
5cit__2__1.B__1.E_1.F,DOWNLOADED,128875
5ciy__1__1.A__1.D,DOWNLOADED,211958
6ci4__1__1.A__1.B,DOWNLOADED,246575
7ci9__1__1.A__1.B_1.C_1.H_1.J,DOWNLOADED,186772
7cid__1__1.A__1.B_1.D,DOWNLOADED,177807
7cii__1__1.A_1.B__1.C,DOWNLOADED,644189
7cii__1__1.A_1.B__1.D,DOWNLOADED,644189
7cij__1__1.A_1.B__1.C,DOWNLOADED,644148
7cij__1__1.A_1.B__1.D,DOWNLOADED,644144
5cb4__1__1.A_1.B__1.G_1.H,DOWNLOADED,1063137
5cb4__1__1.B_1.C__1.K_1.L,DOWNLOADED,1056183
5cb4__1__1.C_1.D__1.O_1.P,DOWNLOADED,1035220
5cb4__1__1.D__1.R,DOWNLOADED,503573
5cb4__1__1.F__1.T,DOWNLOADED,436113
5cb8__1__1.A__1.C,DOWNLOADED,110394
5cbs__1__1.A__1.E_1.H,DOWNLOADED,161642
5cbs__1__1.C__1.V,DOWNLOADED,162347
5cbs__2__1.B__1.M_1.P,DOWNLOADED,161487
5cbt__1__1.A__1.B,DOWNLOADED,99023
5cbw__1__1.A__1.G,DOWNLOADED,99524
3d9s__1__1.A_1.B_1.C_1.D__1.E,DOWNLOADED,565939
4d9b__1__1.A__1.F,DOWNLOADED,195396
4d9b__1__1.B__1.I,DOWNLOADED,194995
4d9b__2__1.C__1.M,DOWNLOADED,191769
4d9b__2__1.D__1.P,DOWNLOADED,195396
4d9p__1__1.A__1.H,DOWNLOADED,165840
4d9p__2__1.B__1.N,DOWNLOADED,164729
6d9s__1__1.A__1.C_1.D,DOWNLOADED,226307
6d9s__1__2.A__2.C_2.D,DOWNLOADED,229045
7d9v__1__1.A__1.C,DOWNLOADED,150730
7d9v__1__1.B__1.D,DOWNLOADED,151386
1d4h__1__1.A_1.B__1.C,DOWNLOADED,120054
1d4i__1__1.A_1.B__1.C,DOWNLOADED,120156
1d4j__1__1.A_1.B__1.C,DOWNLOADED,120153
2d4e__1__1.C__1.J_1.K,DOWNLOADED,327045
2d4e__1__1.D__1.N_1.O,DOWNLOADED,331532
3d4a__2__1.B__1.F,DOWNLOADED,62037
4d4v__2__1.B__1.J,DOWNLOADED,163194
5d4n__1__1.A_1.C__1.D,DOWNLOADED,123745
7d4j__1__1.A__1.B_1.C,DOWNLOADED,227779
2cgf__1__1.A__1.B,DOWNLOADED,135859
2cgf__1__2.A__2.B,DOWNLOADED,134563
6cgd__3__1.C__1.N_1.O_1.P,DOWNLOADED,196936
6cgg__1__1.A__1.E_1.F_1.G,DOWNLOADED,196251
6cgg__3__1.C__1.O_1.P_1.Q,DOWNLOADED,192524
6cgi__3__1.C__1.G,DOWNLOADED,194218
6cgi__4__1.D__1.H,DOWNLOADED,196184
7cgq__2__1.D__1.I,DOWNLOADED,191042
7cgr__1__1.A__1.E_1.F,DOWNLOADED,193025
7cgs__1__1.A__1.B,DOWNLOADED,326980
3b25__1__1.A__1.B,CACHED,131962
3b26__1__1.A__1.C,CACHED,131270
3b27__1__1.A__1.B,CACHED,134544
3b28__1__1.A__1.D,CACHED,133933
3b28__3__2.A__2.D,CACHED,134584
5b25__3__1.C__1.V_1.Z,CACHED,215227
5b2e__1__1.A_1.B__1.H_1.I_1.J,CACHED,342074
5b2e__1__1.A_1.C__1.D_1.E_1.G,DOWNLOADED,343364
5b2e__1__1.B_1.C__1.K_1.L_1.M,DOWNLOADED,341447
5b2u__1__1.B__1.G,DOWNLOADED,290947
5b2v__1__1.A__1.D,DOWNLOADED,291513
5b2v__1__1.B__1.F,DOWNLOADED,291104
7b2u__1__1.A_1.B__1.C,DOWNLOADED,369854
7b2u__1__1.A_1.B__1.I,DOWNLOADED,369854
4cnz__1__1.B_1.C__1.I,DOWNLOADED,118716
7cnd__1__1.A__1.D_1.E,DOWNLOADED,137942
7cnm__1__1.A_1.B__1.G_1.H,DOWNLOADED,555746
7cnm__1__1.C_1.D__1.O_1.P,DOWNLOADED,554009
7cnm__1__1.D__1.S,DOWNLOADED,274434
7cnm__1__2.F__2.U,DOWNLOADED,230672
7cnn__1__1.B_1.C__1.K_1.L,DOWNLOADED,542826
7cnn__1__1.B_1.C__1.Q,DOWNLOADED,544593
7cnn__1__1.C_1.D__1.R_1.S,DOWNLOADED,540487
7cnn__1__1.D__1.U_1.V,DOWNLOADED,268171
7cns__1__1.A_1.B__1.C_1.D,DOWNLOADED,319967
7cns__1__2.A_2.B__2.C_2.D,DOWNLOADED,316397
3ctl__1__1.A__1.G_1.H,DOWNLOADED,140133
3ctl__1__1.B__1.I_1.J,DOWNLOADED,141460
3ctl__1__1.C__1.K_1.L,DOWNLOADED,140421
3ctl__1__1.D__1.M_1.N,DOWNLOADED,141063
3ctl__1__1.E__1.O_1.P,DOWNLOADED,140943
3ctl__1__1.F__1.Q_1.R,DOWNLOADED,140742
3cty__1__1.A_1.B__1.C,DOWNLOADED,362652
3cty__1__1.A_1.B__1.D,DOWNLOADED,362652
4ct9__1__1.A__1.C,DOWNLOADED,241881
4ctm__1__1.A__1.B,DOWNLOADED,521088
4ctm__1__2.A__2.B,DOWNLOADED,523115
4ctn__1__1.A__1.C_1.D,DOWNLOADED,522368
4ctn__1__2.A__2.C_2.D,DOWNLOADED,524333
4cto__1__1.A__1.B,DOWNLOADED,523700
4cto__1__2.A__2.B,DOWNLOADED,525727
6ctn__1__1.D__1.G_1.H_1.I,DOWNLOADED,209157
6ctt__1__1.D__1.J,DOWNLOADED,207759
6ctu__1__1.D__1.H_1.I_1.K,DOWNLOADED,209152
6ctv__1__1.D__1.F_1.G_1.K,DOWNLOADED,209056
6ctv__1__1.D__1.L,DOWNLOADED,207808
6ctw__1__1.D__1.H_1.I_1.J,DOWNLOADED,209229
6ctw__1__1.D__1.L,DOWNLOADED,207763
2dcl__1__1.B_1.C__1.F,DOWNLOADED,125464
2dcl__1__2.B_2.C__2.F,DOWNLOADED,126408
3dcm__1__1.A_2.A__1.B,DOWNLOADED,237143
3dcm__1__1.A_2.A__2.B,DOWNLOADED,237144
4dcm__1__1.A__1.B,DOWNLOADED,226900
6dc8__1__1.A_1.B__1.C_1.E_1.G,DOWNLOADED,270927
7dca__1__1.A_1.B__1.C_1.D,DOWNLOADED,185633
7dca__1__1.A_1.B__1.E_1.F,DOWNLOADED,185742
7dcb__1__1.A_1.B__1.C_1.D,DOWNLOADED,189787
7dcb__1__1.A_1.B__1.E_1.F,DOWNLOADED,189787
7dcw__1__1.A_1.B__1.D,DOWNLOADED,189132
7dcw__1__1.A_1.B__1.E_1.F,DOWNLOADED,189193
1cc4__1__1.A__1.B_1.C,DOWNLOADED,251922
1cc4__2__1.A__1.B_1.C,DOWNLOADED,251922
1cc4__2__2.A__2.B_2.C,DOWNLOADED,250751
1cc6__1__1.A__1.B_1.C,DOWNLOADED,252143
5cc8__1__1.A_1.B__1.D_1.F_1.G_1.J_1.O,DOWNLOADED,349847
5ccn__1__1.A__1.G,DOWNLOADED,99598
5ccq__1__1.A__1.G,DOWNLOADED,99110
6cck__1__1.A_2.A__1.C,DOWNLOADED,196749
6cck__1__1.A_3.A__3.C,DOWNLOADED,196652
6cck__1__2.A_3.A__2.C,DOWNLOADED,196710
6cck__2__10.A_5.A__5.C,DOWNLOADED,199490
6cck__2__12.A_6.A__6.C,DOWNLOADED,199522
6cck__2__3.A_7.A__3.C,DOWNLOADED,201482
6ccn__1__1.A_2.A__1.C,DOWNLOADED,194221
6ccn__1__1.A_3.A__3.C,DOWNLOADED,194279
6ccn__1__2.A_3.A__2.C,DOWNLOADED,194261
6ccn__2__10.A_4.A__10.C,DOWNLOADED,197044
6ccn__2__10.A_5.A__5.C,DOWNLOADED,196997
6ccn__2__12.A_6.A__6.C,DOWNLOADED,197037
6cco__1__1.A_2.A__1.C,DOWNLOADED,202094
6cco__1__1.A_3.A__3.C,DOWNLOADED,202094
6cco__2__11.A_3.A__11.C,DOWNLOADED,206282
6cco__2__11.A_7.A__7.C,DOWNLOADED,206277
7ccu__1__1.A__1.B,DOWNLOADED,180283
3bnx__1__1.A__1.F,DOWNLOADED,193975
3bnx__1__1.B__1.H,DOWNLOADED,195974
3bnx__1__1.C__1.J,DOWNLOADED,194191
3bny__1__1.D__1.K_1.M,DOWNLOADED,195413
4bnx__1__1.C_1.D__1.F,DOWNLOADED,280343
5bnr__1__1.A__1.B,DOWNLOADED,183354
5bnt__2__1.C_1.D__1.G,DOWNLOADED,446578
6bnj__1__1.A__1.E_1.F_1.G,DOWNLOADED,130551
6bnj__1__1.D__1.N_1.O_1.P,DOWNLOADED,134854
2c77__1__1.A__1.C_1.D,DOWNLOADED,250825
2c78__1__1.A__1.B_1.C,DOWNLOADED,247538
4c7f__1__1.A__1.S,DOWNLOADED,307800
4c7f__2__1.B__1.JA,DOWNLOADED,308370
5c79__1__1.A__1.C,DOWNLOADED,71557
5c79__2__1.B__1.E,DOWNLOADED,70796
5c7y__1__1.A__1.C,DOWNLOADED,162141
6c7d__1__1.A__1.E,DOWNLOADED,223790
6c7d__2__1.B__1.H,DOWNLOADED,224940
6c7d__3__1.C__1.K,DOWNLOADED,220741
6c7d__4__1.D__1.N,DOWNLOADED,218159
6c7e__1__1.A__1.E,DOWNLOADED,222589
6c7e__2__1.B__1.H,DOWNLOADED,224114
6c7e__3__1.C__1.K,DOWNLOADED,222675
6c7e__4__1.D__1.N,DOWNLOADED,216694
6c7i__1__1.A__1.E,DOWNLOADED,223320
6c7i__2__1.B__1.H,DOWNLOADED,225027
6c7i__3__1.C__1.K,DOWNLOADED,225237
6c7i__4__1.D__1.N,DOWNLOADED,223419
7c7f__1__1.A__1.C_1.F,DOWNLOADED,209564
7c7f__2__1.B__1.G_1.J,DOWNLOADED,211942
7c7m__1__1.A__1.D,DOWNLOADED,160325
1b1c__1__1.A__1.C,CACHED,105968
3b1j__1__1.A_1.C_2.B_2.D__1.E,CACHED,442883
3b1j__1__1.A_1.C_2.B_2.D__2.G,CACHED,442807
3b1j__1__1.B_1.D_2.A_2.C__1.G,CACHED,444671
3b1j__1__1.B_1.D_2.A_2.C__2.E,CACHED,444510
3b1w__1__1.A__1.E,CACHED,163572
3b1w__2__1.B__1.F,CACHED,163303
3b1w__3__1.C__1.G,CACHED,162961
3b1w__4__1.D__1.H,CACHED,159125
4b11__2__1.B__1.J,CACHED,252732
4b11__3__1.C__1.O,CACHED,248719
4b14__1__1.A__1.E,CACHED,252470
4b14__2__1.B__1.J,DOWNLOADED,251808
4b14__3__1.C__1.P,DOWNLOADED,243174
5b13__1__1.F_1.G_1.K__1.LA,DOWNLOADED,296838
5b13__1__1.F_1.G_1.L__1.OA,DOWNLOADED,296143
5b13__1__1.F_1.J__1.JA,DOWNLOADED,201551
5b13__1__1.G_1.I_1.L__1.AA,DOWNLOADED,299318
5b13__1__1.H__1.BA,DOWNLOADED,104755
5b13__1__1.I__1.EA,DOWNLOADED,104362
5b13__1__1.I__1.GA,DOWNLOADED,104473
5b13__1__1.J__1.HA,DOWNLOADED,104673
5b13__1__1.L__1.NA,DOWNLOADED,104388
5b13__1__1.L__1.PA,DOWNLOADED,104312
5b1a__1__1.A_1.B__1.KA,DOWNLOADED,477842
5b1a__1__1.A_1.D_1.L_1.M__1.BB,DOWNLOADED,483629
5b1a__2__1.N_1.O__1.LB,DOWNLOADED,483809
5b1a__2__1.N_1.Q_1.Y_1.Z__1.DC,DOWNLOADED,489384
5b1b__1__1.A_1.B__1.UA,DOWNLOADED,477886
5b1b__1__1.A_1.D_1.L_1.M__1.OC,DOWNLOADED,483193
5b1b__2__1.N_1.Q_1.Y_1.Z__1.CF,DOWNLOADED,489309
6b16__1__1.A__1.C,DOWNLOADED,180000
6b1n__1__1.A__1.C_1.D,DOWNLOADED,233177
6b1n__2__1.B__1.G_1.H,DOWNLOADED,237516
7b12__1__1.A_1.K_1.Y__1.PA,DOWNLOADED,397167
7b12__1__1.A_1.X__1.NA,DOWNLOADED,264218
7b12__1__1.BA_1.N_1.V__1.RA,DOWNLOADED,394537
7b12__1__1.BA_1.U__1.LA,DOWNLOADED,255073
7b12__1__1.J_1.Y__1.FA,DOWNLOADED,253819
7b12__1__1.M_1.N__1.HA,DOWNLOADED,260907
2c47__1__1.A__1.E,DOWNLOADED,188700
2c47__2__1.B__1.F,DOWNLOADED,188531
2c47__3__1.C__1.H,DOWNLOADED,178273
2c47__4__1.D__1.J,DOWNLOADED,184106
2c4a__1__1.A__1.D,DOWNLOADED,242700
2c4a__1__1.A__1.E,DOWNLOADED,242555
2c4i__1__1.A_2.A__1.C,DOWNLOADED,295237
2c4i__1__1.A_2.A__2.C,DOWNLOADED,295237
2c4j__1__1.A_1.B__1.E,DOWNLOADED,284341
2c4j__2__1.C_1.D__1.G,DOWNLOADED,283006
2c4j__2__1.C_1.D__1.H,DOWNLOADED,282786
2c4l__1__1.A__1.C,DOWNLOADED,243736
3c4n__1__1.A__1.C,DOWNLOADED,213385
3c4n__1__1.B__1.D,DOWNLOADED,215183
3c4z__1__1.A__1.B_1.C_1.F,DOWNLOADED,323911
3c4z__1__2.A__2.B_2.C_2.F,DOWNLOADED,322850
4c43__1__1.A__1.D,DOWNLOADED,192671
4c4r__1__1.A__1.B_1.C_1.D,DOWNLOADED,135001
4c4s__1__1.A__1.B_1.C_1.D,DOWNLOADED,134213
4c4t__1__1.A__1.B_1.C_1.D,DOWNLOADED,133582
5c4o__1__1.A__1.B,DOWNLOADED,160444
5c4s__1__1.A__1.B,DOWNLOADED,160600
6c4m__1__1.A__1.B,DOWNLOADED,512914
6c4m__1__2.A__2.B,DOWNLOADED,517462
6c4p__1__1.A__1.B,DOWNLOADED,215315
6c4p__1__2.A__2.B,DOWNLOADED,217841
6c4t__1__1.A__1.B,DOWNLOADED,526993
7c43__1__1.A__1.D_1.E_1.F,DOWNLOADED,186397
7c47__1__1.A__1.D,DOWNLOADED,184592
7c47__1__1.A__1.E,DOWNLOADED,184592
7c4b__1__1.A__1.F,DOWNLOADED,181815
7c4c__1__1.A__1.H_1.I_1.K_1.N,DOWNLOADED,205375
1bzl__1__1.A_1.B__1.C,DOWNLOADED,591816
1bzl__1__1.A_1.B__1.F,DOWNLOADED,591517
2bzg__1__1.A__1.B,DOWNLOADED,148107
3bz7__1__1.A__1.E,DOWNLOADED,438935
3bz7__2__2.A__2.E,DOWNLOADED,443766
3bz9__1__1.A__1.F,DOWNLOADED,440325
3bz9__2__2.A__2.F,DOWNLOADED,445204
4bzn__1__1.A__1.B,DOWNLOADED,181420
4bzo__1__1.A__1.B,DOWNLOADED,182172
5bz4__2__1.F_1.G__1.O,DOWNLOADED,475944
6bz0__1__1.A_1.B__1.K,DOWNLOADED,561439
2bp1__2__1.D__1.K_1.L,DOWNLOADED,210048
4bpr__1__1.A__1.B,DOWNLOADED,189623
5bp7__1__1.A__1.D,DOWNLOADED,153420
5bp7__2__1.B__1.F,DOWNLOADED,152761
5bp7__3__1.C__1.G,DOWNLOADED,153195
5bp7__4__2.B__2.F,DOWNLOADED,153705
5bp7__4__2.C__2.G,DOWNLOADED,154838
6bp0__4__1.D__1.T,DOWNLOADED,199655
7bph__1__1.A__1.C_1.D,DOWNLOADED,239671
4bo0__1__1.A_1.B__1.E,DOWNLOADED,273957
4bo0__1__1.C_1.D__1.G,DOWNLOADED,286180
4bo3__1__1.A_1.B__1.E,DOWNLOADED,269075
4bo3__1__1.C_1.D__1.G,DOWNLOADED,278449
4bol__1__1.A_1.B__1.C_1.D,DOWNLOADED,596423
4bol__1__1.A_1.B__1.E_1.F,DOWNLOADED,596354
4boy__1__1.A_2.B__1.C,DOWNLOADED,412172
4boy__1__1.A_2.B__2.D,DOWNLOADED,412023
4boy__1__1.B_2.A__1.D,DOWNLOADED,412404
4boy__1__1.B_2.A__2.C,DOWNLOADED,412484
5boc__1__1.A__1.B,DOWNLOADED,119899
5bod__1__1.A__1.B,DOWNLOADED,118559
7bop__1__1.A__1.G_1.H_1.N,DOWNLOADED,247349
7bop__2__1.B__1.O_1.P,DOWNLOADED,247459
7bop__3__1.C__1.W_1.X,DOWNLOADED,248388
7bop__4__1.D__1.BA_1.CA,DOWNLOADED,247496
7bop__5__1.E__1.IA_1.JA,DOWNLOADED,251064
7bop__6__1.F__1.OA_1.PA,DOWNLOADED,251697
2byh__1__1.A__1.B,DOWNLOADED,135246
2byr__1__1.C_1.D__1.N,DOWNLOADED,266570
2byr__2__1.H_1.I__1.S,DOWNLOADED,266653
2bys__1__1.A_1.E__1.K,DOWNLOADED,258832
2bys__1__1.B_1.C__1.M,DOWNLOADED,259871
2bys__1__1.C_1.D__1.N,DOWNLOADED,258579
2bys__1__1.D_1.E__1.O,DOWNLOADED,258671
2bys__2__1.F_1.G__1.Q,DOWNLOADED,259263
2bys__2__1.F_1.J__1.P,DOWNLOADED,259943
2bys__2__1.G_1.H__1.R,DOWNLOADED,258272
2bys__2__1.H_1.I__1.S,DOWNLOADED,259797
2bys__2__1.I_1.J__1.T,DOWNLOADED,260638
5byl__2__1.B__1.K_1.L_1.M,DOWNLOADED,196728
5byl__4__1.D__1.W_1.X_1.Y,DOWNLOADED,196263
5byu__1__1.A_1.B__1.I,DOWNLOADED,167637
5byu__1__1.A_1.B__1.J,DOWNLOADED,167637
5byu__2__1.G_1.H__1.L,DOWNLOADED,168611
3dra__1__1.A_1.B__1.E,DOWNLOADED,441763
4drm__1__1.A__1.B,DOWNLOADED,80478
4drx__1__1.A_1.B__1.G_1.H,DOWNLOADED,532921
4drx__1__1.B__1.I_1.J,DOWNLOADED,267039
4drx__2__1.C_1.D__1.K_1.L,DOWNLOADED,535169
5dro__1__1.A__1.C_1.D,DOWNLOADED,174238
5dro__2__1.B__1.F_1.G_1.I,DOWNLOADED,173591
5drp__1__1.A__1.C_1.D,DOWNLOADED,172595
5dry__1__1.A__1.D,DOWNLOADED,205923
5dry__2__1.B__1.F,DOWNLOADED,207942
1bxs__1__1.A__1.E,DOWNLOADED,305137
1bxs__1__1.B__1.F,DOWNLOADED,305257
1bxs__1__1.C__1.G,DOWNLOADED,304847
1bxs__1__1.D__1.H,DOWNLOADED,305012
1bx0__1__1.A__1.D,DOWNLOADED,190350
1bx1__1__1.A__1.D,DOWNLOADED,190313
5bxq__1__1.A_1.D__1.H_1.I,DOWNLOADED,206593
5bxq__1__1.B_1.C__1.F_1.G,DOWNLOADED,201669
5bxq__1__1.E__1.J_1.L,DOWNLOADED,133833
5bxv__1__1.A__1.E,DOWNLOADED,226066
5bxv__2__1.C__1.F,DOWNLOADED,238343
5bxy__2__1.B__1.G,DOWNLOADED,95023
6bxi__1__1.A__1.C_1.D,DOWNLOADED,218545
6bxi__2__1.B__1.E_1.F,DOWNLOADED,220774
3cox__1__1.A__1.B,DOWNLOADED,301020
3cos__1__1.A_1.B__1.E_1.G_1.I_1.J,DOWNLOADED,444209
3cos__1__1.A_1.B__1.K_1.M_1.N_1.P,DOWNLOADED,444132
3cos__2__1.C_1.D__1.AA_1.BA_1.W_1.Y,DOWNLOADED,448428
3cos__2__1.C_1.D__1.R_1.T_1.U_1.V,DOWNLOADED,448494
3cow__1__1.A__1.C,DOWNLOADED,169437
3cow__1__1.B__1.G,DOWNLOADED,167070
7coh__1__1.A_1.D_1.L_1.M__1.IA,DOWNLOADED,478297
7coh__2__1.N_1.Q_1.Y_1.Z__1.WC,DOWNLOADED,480928
7coj__1__1.A_1.B__1.G_1.H,DOWNLOADED,255116
7coj__1__1.C_1.D__1.I_1.J,DOWNLOADED,254989
4db7__1__1.A__1.C,DOWNLOADED,163845
4db7__2__1.B__1.H,DOWNLOADED,161827
4dbr__1__1.A__1.J_1.K_1.L,DOWNLOADED,490164
5dbh__1__1.A__1.C,DOWNLOADED,187415
5dbm__1__1.A__1.D,DOWNLOADED,76847
5dbm__2__1.B__1.E,DOWNLOADED,76082
5dbs__1__1.A__1.B_1.D,DOWNLOADED,118502
5dbx__1__1.A_1.B__1.E_1.F,DOWNLOADED,365363
5dbx__1__1.A__1.C_1.D,DOWNLOADED,187366
6dbc__1__1.A__1.F_1.H_1.I,DOWNLOADED,76447
7dba__1__1.A_1.B__1.G_1.H,DOWNLOADED,538742
7dba__1__1.A_1.B__1.O,DOWNLOADED,538113
7dba__1__1.C_1.D__1.P_1.Q,DOWNLOADED,539723
7dba__1__1.D__1.S_1.T,DOWNLOADED,266937
7dbc__1__1.A_1.B__1.G_1.H,DOWNLOADED,540849
7dbc__1__1.A_1.B__1.J,DOWNLOADED,538957
7dbc__1__1.C_1.D__1.N_1.O,DOWNLOADED,542024
7dbc__1__1.D__1.Q_1.R,DOWNLOADED,269131
7dbg__1__1.A__1.D_1.F,DOWNLOADED,137183
7dbm__1__1.A__1.G_1.H,DOWNLOADED,377501
7dbm__2__1.D__1.L_1.M,DOWNLOADED,377905
3c56__1__1.A_1.B__1.C_1.D,DOWNLOADED,363998
3c56__1__1.A_1.B__1.E_1.F,DOWNLOADED,363996
3c5c__3__1.C__1.L_1.N,DOWNLOADED,105036
3c5n__1__1.A__1.C,DOWNLOADED,286746
6c58__1__1.A_1.B__1.H,DOWNLOADED,582019
6c58__1__1.A_1.B__1.K,DOWNLOADED,582095
6c58__1__1.A__1.G,DOWNLOADED,296564
6c58__1__1.B__1.J,DOWNLOADED,296127
6c58__1__1.C_1.D__1.N,DOWNLOADED,583777
6c58__1__1.C_1.D__1.O,DOWNLOADED,583927
6c58__1__1.C__1.M,DOWNLOADED,299779
6c58__1__1.E_1.F__1.Q,DOWNLOADED,578730
6c58__1__1.E_1.F__1.S,DOWNLOADED,578653
6c58__1__1.F__1.R,DOWNLOADED,298647
6c5b__1__1.B__1.J_1.K,DOWNLOADED,206870
6c5c__1__1.A_1.B__1.N_1.Q,DOWNLOADED,475195
6c5u__1__1.A__1.E_1.G_1.H,DOWNLOADED,193749
6c5u__1__1.A__1.F,DOWNLOADED,193106
6c5u__2__1.B__1.J_1.L_1.M,DOWNLOADED,193543
6c5u__2__1.B__1.K,DOWNLOADED,192795
6c5u__3__1.C__1.O_1.P_1.Q,DOWNLOADED,191746
6c5u__4__1.D__1.S_1.U_1.V,DOWNLOADED,191717
6c5u__4__1.D__1.T,DOWNLOADED,190894
7c5m__1__1.A_1.D__1.E_1.F,DOWNLOADED,403465
1c22__1__1.A__1.B_1.C_1.E,DOWNLOADED,159040
4c2c__1__1.A__1.B,DOWNLOADED,269896
4c2f__1__1.A__1.B,DOWNLOADED,277017
4c2g__1__1.A__1.B,DOWNLOADED,274003
4c2j__1__1.C__1.T,DOWNLOADED,236777
4c2j__2__1.A__1.J,DOWNLOADED,239336
4c2j__2__1.B__1.N,DOWNLOADED,238668
4c2v__1__1.A__1.E,DOWNLOADED,183254
5c2k__1__1.A__1.B_1.C_1.D,DOWNLOADED,243097
6c2q__1__1.A__1.B,DOWNLOADED,216179
6c2q__1__2.A__2.B,DOWNLOADED,218764
6c2z__1__1.A__1.B,DOWNLOADED,216087
6c2z__1__2.A__2.B,DOWNLOADED,218679
7c2x__1__1.A__1.B,DOWNLOADED,310460
3dgh__1__1.A_1.B__1.C,DOWNLOADED,573993
3dgh__1__1.A_1.B__1.F,DOWNLOADED,574143
3dgh__1__2.A_2.B__2.C,DOWNLOADED,573402
3dgh__1__2.A_2.B__2.F,DOWNLOADED,573418
3dgm__1__1.A__1.C,DOWNLOADED,49046
3dgy__2__1.B__1.G,DOWNLOADED,61846
4dg0__1__1.A_1.B__1.D_1.E_1.F,DOWNLOADED,238827
4dg3__1__1.A_1.B__1.C_1.D_1.E,DOWNLOADED,235682
4dgm__1__1.A__1.G,DOWNLOADED,215735
4dgn__1__1.A__1.B,DOWNLOADED,215903
6dgy__1__1.A_1.B__1.E,DOWNLOADED,230193
6dgz__1__1.A_1.B__1.D,DOWNLOADED,230254
7dgc__1__1.A_1.B__1.C_1.D,DOWNLOADED,190385
7dgc__1__1.A_1.B__1.F_1.G,DOWNLOADED,190274
2ceq__1__1.A__1.E,DOWNLOADED,321746
3cea__1__1.A__1.E,DOWNLOADED,211788
3cea__1__1.B__1.G,DOWNLOADED,213453
3cea__1__1.C__1.H,DOWNLOADED,209152
4ce2__1__1.A__1.B,DOWNLOADED,135125
4ce2__1__2.A__2.B,DOWNLOADED,135619
6cey__2__1.B__1.I_1.J_1.K,DOWNLOADED,194781
7ceo__1__1.A_2.A__1.E,DOWNLOADED,511972
7ceo__1__1.A_2.A__2.E,DOWNLOADED,511971
7cer__1__1.A_2.A__1.B,DOWNLOADED,520237
7cer__1__1.A_2.A__2.B,DOWNLOADED,520238
7ces__1__1.A_2.A__1.C,DOWNLOADED,520189
7ces__1__1.A_2.A__2.C,DOWNLOADED,520190
3bv7__1__1.A__1.C_1.E_1.F,DOWNLOADED,215443
3bv7__2__1.B__1.G,DOWNLOADED,212325
4bv6__1__1.A__1.B,DOWNLOADED,292487
5bv3__1__1.A_1.B__1.E,DOWNLOADED,409730
5bv3__2__1.C_1.D__1.K,DOWNLOADED,406319
5bva__1__1.A__1.B_1.C,DOWNLOADED,255058
6bvi__1__1.A_1.B__1.D_1.E,DOWNLOADED,414051
6bvj__1__1.A_1.B__1.D_1.E,DOWNLOADED,413798
6bvk__1__1.A_1.B__1.D_1.E,DOWNLOADED,413931
6bvk__1__1.B__1.F,DOWNLOADED,310420
6bvl__1__1.A__1.D_1.E,DOWNLOADED,107069
6bvm__1__1.A_1.B__1.D_1.E,DOWNLOADED,414022
7bvq__1__1.A__1.E,DOWNLOADED,291737
7bvz__1__1.A__1.B_1.C_1.D,DOWNLOADED,203579
2bln__1__1.A__1.D,DOWNLOADED,181333
2bln__2__1.B__1.G,DOWNLOADED,180860
3bl6__1__1.A_2.A__1.B,DOWNLOADED,268893
3bl6__1__1.A_2.A__2.B,DOWNLOADED,268892
3bl9__1__1.A_1.B__1.C,DOWNLOADED,374844
4blw__1__1.A__1.C_1.P,DOWNLOADED,180940
4blw__1__1.A__1.D,DOWNLOADED,181203
4blw__2__1.B__1.R_1.U_1.Y,DOWNLOADED,182571
6bl3__1__1.A__1.L,DOWNLOADED,367446
6bl3__1__1.B__1.R,DOWNLOADED,368136
6bl3__2__1.C__1.W,DOWNLOADED,363648
6bl3__2__1.D__1.CA,DOWNLOADED,363486
6bl4__1__1.A__1.L,DOWNLOADED,367371
6bl4__1__1.B__1.R,DOWNLOADED,368134
6bl4__2__1.C__1.V,DOWNLOADED,372798
6bl4__2__1.D__1.AA,DOWNLOADED,370331
2dv3__1__1.A_1.B__1.D,DOWNLOADED,330561
2dv4__1__1.A__1.F,DOWNLOADED,167731
2dv5__1__1.A__1.F,DOWNLOADED,167371
2dv7__1__1.A__1.E,DOWNLOADED,167848
2dvn__1__1.A__1.C_1.D_1.L,DOWNLOADED,122407
2dvo__1__1.A_2.A__1.B_1.C,DOWNLOADED,234667
2dvo__1__1.A_2.A__2.B_2.C,DOWNLOADED,234594
4dve__1__1.A__1.D,DOWNLOADED,117872
4dve__2__1.B__1.H,DOWNLOADED,116925
4dve__3__1.C__1.K,DOWNLOADED,117383
4dvn__1__1.A__1.J_1.N,DOWNLOADED,105897
4dvn__1__1.A__1.O,DOWNLOADED,104899
4dvn__2__1.B__1.U,DOWNLOADED,104814
4dvv__1__1.A__1.O,DOWNLOADED,213116
4dvv__2__1.B__1.BA,DOWNLOADED,215493
5dv2__1__1.A__1.B,DOWNLOADED,219094
3cr3__1__1.A_1.C_1.D__1.E_1.F_1.G,DOWNLOADED,260252
3cr3__1__1.B_1.C_1.D__1.H_1.I_1.J,DOWNLOADED,259931
3cr3__2__1.A_1.C__1.E_1.F_1.G,DOWNLOADED,189883
3cr3__3__1.B_1.D__1.H_1.I_1.J,DOWNLOADED,189689
3cr3__4__1.A_1.D__1.E_1.F_1.G,DOWNLOADED,189931
3cr3__5__1.B_1.C__1.H_1.I_1.J,DOWNLOADED,189483
3crt__1__1.A_2.A__1.B,DOWNLOADED,274906
3crt__1__1.A_2.A__2.B,DOWNLOADED,274908
6cr4__1__1.D__1.E_1.F_1.I,DOWNLOADED,209364
6cr9__1__1.D__1.E_1.F_1.I,DOWNLOADED,209401
6crh__1__1.A__1.E_1.F_1.I,DOWNLOADED,207357
6crk__1__1.A__1.E,DOWNLOADED,225428
1d2n__1__1.A_5.A__5.B_5.C,DOWNLOADED,304325
1d2n__1__1.A_6.A__1.B_1.C,DOWNLOADED,306287
1d2n__1__2.A_4.A__2.B_2.C,DOWNLOADED,309481
1d2n__1__2.A_6.A__6.B_6.C,DOWNLOADED,309368
1d2n__1__3.A_4.A__4.B_4.C,DOWNLOADED,306719
1d2n__1__3.A_5.A__3.B_3.C,DOWNLOADED,304644
1d2e__1__1.C__1.I_1.J,DOWNLOADED,249535
1d2e__1__1.D__1.K_1.L,DOWNLOADED,246676
3d2f__1__1.A_1.B__1.E_1.G_1.H,DOWNLOADED,631603
3d2f__2__1.C_1.D__1.K_1.M_1.N,DOWNLOADED,627847
4d25__1__1.A__1.C_1.D,DOWNLOADED,270279
4d2w__2__1.B_1.C__1.G,DOWNLOADED,416831
5d21__1__1.A__1.E_1.F,DOWNLOADED,73735
5d21__1__1.B__1.G_1.H,DOWNLOADED,72818
5d21__1__1.C__1.I_1.J,DOWNLOADED,72825
5d21__1__1.D__1.K_1.L,DOWNLOADED,71612
5d2e__1__1.A__1.B,DOWNLOADED,310039
5d2r__1__1.A__1.B_1.X,DOWNLOADED,528510
6d28__1__1.A__1.B,DOWNLOADED,140265
7d22__1__1.A__1.B,DOWNLOADED,133827
7d24__1__1.A__1.B,DOWNLOADED,131621
7d26__1__1.A__1.B,DOWNLOADED,131725
2cvd__1__1.A_1.D__1.T,DOWNLOADED,252868
2cvd__2__1.B_1.C__1.N,DOWNLOADED,259841
2cvz__1__1.A__1.E,DOWNLOADED,177540
2cvz__1__1.B__1.F,DOWNLOADED,178044
2cvz__1__1.C__1.G,DOWNLOADED,181314
3cv3__1__1.A__1.B,DOWNLOADED,233087
4cvn__1__1.D_1.F__1.O_1.P,DOWNLOADED,175364
4cvn__2__1.C__1.M_1.N,DOWNLOADED,115589
4cvn__3__1.A_1.H__1.I_1.J,DOWNLOADED,186375
4cvn__4__1.B__1.K_1.L,DOWNLOADED,112237
5cvq__1__1.A__1.C_1.F,DOWNLOADED,99843
5cvv__1__1.B__1.E,DOWNLOADED,217433
6cvp__1__1.A__1.G,DOWNLOADED,114882
6cvp__2__1.D__1.I,DOWNLOADED,117795
4ca7__1__1.A__1.C_1.F,DOWNLOADED,390434
4ca8__1__1.A__1.C_1.H,DOWNLOADED,396241
4cae__1__1.A__1.G,DOWNLOADED,253446
4cae__3__1.C__1.R,DOWNLOADED,243912
5ca1__1__1.A_1.B__1.G_1.H,DOWNLOADED,553509
5ca1__1__1.A_1.B__1.N,DOWNLOADED,552118
5ca1__1__1.B_1.C__1.K_1.L,DOWNLOADED,548862
5ca1__1__1.C_1.D__1.O_1.P,DOWNLOADED,541943
5ca1__1__1.C_1.D__1.T,DOWNLOADED,540560
5ca1__1__1.D__1.R,DOWNLOADED,267871
5ca1__1__1.F__1.U,DOWNLOADED,224713
7cav__1__1.B__1.L_1.M_1.N_1.O,DOWNLOADED,147189
7cav__3__1.F__1.AA_1.BA_1.Y_1.Z,DOWNLOADED,146015
7cav__4__1.G_1.H__1.GA_1.HA_1.IA_1.JA,DOWNLOADED,278564
7cav__4__1.G__1.CA_1.DA_1.EA_1.FA,DOWNLOADED,145703
7cax__1__1.B__1.G,DOWNLOADED,146217
7cax__1__1.D__1.R,DOWNLOADED,149624
2brc__1__1.A__1.B,DOWNLOADED,133579
2bre__1__1.A__1.C,DOWNLOADED,133522
2bre__2__1.B__1.D,DOWNLOADED,139942
3br0__1__1.A_1.B__1.J_1.K_1.L,DOWNLOADED,238285
3brp__1__1.A_4.B_6.B__1.C,DOWNLOADED,297447
3brp__1__1.B_2.B_6.A__6.C,DOWNLOADED,296170
3brp__1__1.B_3.B_4.A__4.C,DOWNLOADED,293944
3brp__1__1.B__1.D,DOWNLOADED,103074
3brp__1__2.A_5.B_6.B__2.C,DOWNLOADED,300968
3brp__2__1.B_2.A_3.B__2.C,DOWNLOADED,293944
3brp__2__2.B_3.A_3.B__3.C,DOWNLOADED,296921
5bre__1__1.A_1.B__1.C,DOWNLOADED,456269
5bre__1__1.A_1.B__1.D,DOWNLOADED,456269
5brf__1__1.A_1.B__1.C,DOWNLOADED,448178
5brf__1__1.A_1.B__1.D,DOWNLOADED,448107
5brh__1__1.A_1.B__1.C,DOWNLOADED,450129
5brh__1__1.A_1.B__1.D,DOWNLOADED,450061
5brt__1__2.A__2.C,DOWNLOADED,346362
5brt__1__3.A__3.C,DOWNLOADED,344676
6br1__1__1.A_1.B__1.G_1.I,DOWNLOADED,554257
6br1__1__1.B_1.C__1.J_1.M,DOWNLOADED,550731
6br1__1__1.C_1.D__1.O_1.Q,DOWNLOADED,539693
6br1__1__1.D__1.R,DOWNLOADED,264447
6br6__1__1.A__1.F_1.G,DOWNLOADED,257250
6br6__2__1.A__1.F_1.G,DOWNLOADED,257250
6br6__2__2.A__2.F_2.G,DOWNLOADED,257987
6br6__2__3.A__3.F_3.G,DOWNLOADED,257839
6br6__2__4.A__4.F_4.G,DOWNLOADED,261077
6brf__1__1.A_1.B__1.G_1.I,DOWNLOADED,554285
6brf__1__1.B_1.C__1.J_1.M,DOWNLOADED,550653
6brf__1__1.C_1.D__1.O_1.Q,DOWNLOADED,539972
6brf__1__1.D__1.R,DOWNLOADED,264793
6brj__1__1.A__1.B,DOWNLOADED,176976
6bru__2__1.B__1.G,DOWNLOADED,194172
6bru__4__1.D__1.M,DOWNLOADED,199892
2cle__1__1.A_1.B__1.D,DOWNLOADED,387054
2cle__1__2.A_2.B__2.D,DOWNLOADED,394612
2clf__1__1.A_1.B__1.C,DOWNLOADED,386237
2clf__1__2.A_2.B__2.C,DOWNLOADED,393773
2clh__1__1.A_1.B__1.D,DOWNLOADED,391239
2clh__1__2.A_2.B__2.D,DOWNLOADED,398908
2cli__1__1.A_1.B__1.D,DOWNLOADED,386380
2cli__1__2.A_2.B__2.D,DOWNLOADED,393928
2cll__1__1.A_1.B__1.C,DOWNLOADED,385358
2cll__1__1.B__1.D,DOWNLOADED,235428
2cll__1__2.A_2.B__2.C,DOWNLOADED,392907
2cll__1__2.B__2.D,DOWNLOADED,239261
2clm__1__1.A_1.B__1.C,DOWNLOADED,386315
2clm__1__1.B__1.D,DOWNLOADED,236282
2clm__1__2.B__2.D,DOWNLOADED,240145
2clo__1__1.A_1.B__1.C,DOWNLOADED,387917
2clo__1__1.B__1.D,DOWNLOADED,235015
2clo__1__2.A_2.B__2.C,DOWNLOADED,395572
2clo__1__2.B__2.D,DOWNLOADED,238796
2cls__2__1.B__1.E_1.F,DOWNLOADED,111030
3cl0__1__1.A__1.B,DOWNLOADED,242613
4clz__1__1.A_2.A__2.N,DOWNLOADED,581045
4clz__1__1.A_3.A__1.N,DOWNLOADED,583982
5cl0__1__1.A__1.B_1.C_1.D,DOWNLOADED,117742
5cll__1__1.A__1.E_1.F_1.G,DOWNLOADED,117661
5cll__2__1.C__1.H_1.I_1.J,DOWNLOADED,119192
6clv__1__1.A__1.E,DOWNLOADED,156381
1e2k__1__1.A__1.D,DOWNLOADED,188626
1e2k__1__1.B__1.F,DOWNLOADED,192276
2e27__1__1.A_1.B__1.F,DOWNLOADED,135376
2e2p__1__1.A__1.D,DOWNLOADED,180229
2e2p__1__1.B__1.G,DOWNLOADED,181507
3e23__1__1.A__1.B_1.G,DOWNLOADED,124719
4e2d__2__1.B__1.G_1.H,DOWNLOADED,237488
4e2d__4__1.D__1.K_1.L,DOWNLOADED,240021
6e2t__1__1.A__1.B,DOWNLOADED,386265
2c1q__1__1.A_4.A__1.B,DOWNLOADED,151307
2c1q__1__1.A_4.A__4.B,DOWNLOADED,151307
2c1q__1__2.A_3.A__2.B,DOWNLOADED,151307
2c1q__1__2.A_3.A__3.B,DOWNLOADED,151307
2c1s__1__1.A_2.B__1.C,DOWNLOADED,150376
2c1s__1__1.A_2.B__2.D,DOWNLOADED,150484
2c1s__1__1.B_2.A__1.D,DOWNLOADED,150809
2c1s__1__1.B_2.A__2.C,DOWNLOADED,150700
3c1o__1__1.A__1.B,DOWNLOADED,201895
3c1o__2__1.A_2.A__1.B,DOWNLOADED,394579
3c1o__2__1.A_2.A__2.B,DOWNLOADED,394580
4c1d__1__1.A__1.D_1.G_1.H,DOWNLOADED,140363
4c1g__1__1.A__1.C_1.D_1.E,DOWNLOADED,135632
5c1m__1__1.A__1.I,DOWNLOADED,190447
7c19__2__1.B__1.M,DOWNLOADED,244852
7c1o__1__1.A__1.B_1.C_1.F_1.G,DOWNLOADED,183842
5dw0__1__1.A__1.E,DOWNLOADED,238704
5dw0__1__1.B__1.G,DOWNLOADED,239137
5dw0__2__1.C__1.I,DOWNLOADED,238129
5dw0__2__1.D__1.K,DOWNLOADED,238200
5dw1__3__1.C__1.G,DOWNLOADED,74817
5dw1__4__1.D__1.I,DOWNLOADED,74513
5dw3__1__1.A__1.F,DOWNLOADED,236750
6dwi__2__1.C_1.D__1.T,DOWNLOADED,258297
6dwi__4__1.G_1.H__1.X,DOWNLOADED,255461
4di9__1__1.A__1.B_1.C,DOWNLOADED,184232
4dif__1__1.A__1.C,DOWNLOADED,284991
4dif__2__1.B__1.D,DOWNLOADED,284436
4dij__1__1.A__1.C,DOWNLOADED,63396
4dij__2__1.B__1.D,DOWNLOADED,62619
5di3__1__1.B__1.E_1.F,DOWNLOADED,105332
5dia__1__1.A__1.B,DOWNLOADED,179870
5dib__1__1.A__1.E,DOWNLOADED,314302
5dib__1__1.B__1.J,DOWNLOADED,316538
5dib__1__1.C__1.L,DOWNLOADED,316358
5dib__1__1.D__1.M,DOWNLOADED,313088
6dia__1__1.A__1.E_1.G_1.J,DOWNLOADED,205523
6dio__1__1.A_1.B__1.E_1.I_1.O,DOWNLOADED,480759
6dio__2__1.C_2.C__1.HA_1.IA,DOWNLOADED,508125
6dio__2__1.C_2.C__2.HA_2.IA,DOWNLOADED,508203
6dio__3__1.A_1.B__1.E_1.I_1.O,DOWNLOADED,480759
6dio__3__2.A_2.B__2.E_2.I_2.O,DOWNLOADED,484014
6dio__3__2.C_3.C__2.HA_2.IA,DOWNLOADED,508803
6dio__3__2.C_3.C__3.HA_3.IA,DOWNLOADED,508884
6dit__1__1.A__1.B,DOWNLOADED,228313
7di7__1__1.A__1.D,DOWNLOADED,722238
7dia__1__1.A__1.D_1.E_1.G,DOWNLOADED,720992
7dij__1__1.A__1.F_1.J,DOWNLOADED,721096
1d8d__1__1.A_1.B_1.C__1.G,DOWNLOADED,484937
2d8a__1__1.A_4.A__1.G,DOWNLOADED,404181
2d8a__1__1.A_4.A__4.G,DOWNLOADED,404259
3d8b__1__1.A_1.B__1.C,DOWNLOADED,347622
3d8b__1__1.A_1.B__1.D,DOWNLOADED,347697
4d8a__1__1.A__1.G,DOWNLOADED,165233
4d8a__2__1.B__1.M,DOWNLOADED,160511
4d8z__1__1.A__1.G,DOWNLOADED,165070
4d8z__2__1.B__1.M,DOWNLOADED,161597
5d85__1__1.A__1.C,DOWNLOADED,196600
7d8h__1__1.A__1.B,DOWNLOADED,150409
7d8h__1__2.A__2.B,DOWNLOADED,151129
2e07__1__1.A__1.F,DOWNLOADED,167662
2e08__1__1.A__1.F,DOWNLOADED,167649
2e0n__1__1.A__1.C,DOWNLOADED,136601
2e0n__1__1.B__1.D,DOWNLOADED,142310
3e0m__1__1.B__1.F,DOWNLOADED,204146
4e0d__1__1.A__1.I_1.M,DOWNLOADED,731639
4e0x__1__1.B__1.H,DOWNLOADED,163993
4e0x__1__2.B__2.H,DOWNLOADED,163023
1bwv__1__1.A_2.C__1.I_1.J,DOWNLOADED,585350
1bwv__1__1.C_2.A__2.I_2.J,DOWNLOADED,588854
1bwv__1__1.E_2.G__1.M_1.N,DOWNLOADED,597279
1bwv__1__1.G_2.E__2.M_2.N,DOWNLOADED,594359
2bwg__1__1.C__1.J,DOWNLOADED,200443
3bwj__1__1.A__1.B,DOWNLOADED,226993
5bw4__1__1.A__1.C,DOWNLOADED,127081
5bw4__2__1.B__1.D,DOWNLOADED,138342
5bwm__1__1.A__1.C_1.D,DOWNLOADED,113123
6bwl__1__1.A__1.B,DOWNLOADED,199683
6bwl__1__1.A__1.C,DOWNLOADED,197820
6bwl__1__2.A__2.B,DOWNLOADED,201949
6bwl__1__2.A__2.C,DOWNLOADED,200162
7bwt__1__1.B__1.J_1.K,DOWNLOADED,116051
7bwv__2__1.B__1.J_1.K_1.L_1.M,DOWNLOADED,157610
1bgn__1__1.A__1.B_1.C,DOWNLOADED,252088
1bgn__1__2.A__2.B_2.C,DOWNLOADED,250999
3bgc__1__1.A_1.B__1.C,DOWNLOADED,120655
3bgi__1__1.A__1.C,DOWNLOADED,150699
3bgi__2__1.B__1.D,DOWNLOADED,150346
3bgq__1__1.A__1.B,DOWNLOADED,179946
3bgz__1__1.A__1.B,DOWNLOADED,177481
4bge__1__1.D__1.J,DOWNLOADED,157304
4bge__1__1.F__1.L,DOWNLOADED,163467
4bge__1__2.C__2.I,DOWNLOADED,159474
4bge__2__1.A__1.G,DOWNLOADED,167013
4bge__2__1.B__1.H,DOWNLOADED,165960
4bge__2__2.A__2.G,DOWNLOADED,168611
4bge__2__2.B__2.H,DOWNLOADED,167681
4bgi__1__1.D__1.J,DOWNLOADED,156051
4bgi__1__1.E__1.K,DOWNLOADED,153812
4bgi__1__1.F__1.L,DOWNLOADED,162352
4bgi__2__1.A__1.G,DOWNLOADED,164007
4bgi__2__1.B__1.H,DOWNLOADED,161293
4bgi__2__2.A__2.G,DOWNLOADED,163996
4bgi__2__2.B__2.H,DOWNLOADED,164824
4bgq__1__1.A__1.C,DOWNLOADED,176984
6bg2__2__1.B__1.H_1.I_1.J,DOWNLOADED,205311
6bg2__3__1.A__1.E_1.F_1.G,DOWNLOADED,209724
6bga__1__1.A_1.C_1.D__1.E,DOWNLOADED,409501
6bgw__1__1.A__1.B_1.C,DOWNLOADED,197940
6bgx__1__1.A__1.B_1.C,DOWNLOADED,195018
6bgy__1__1.A__1.B_1.C_1.F,DOWNLOADED,192173
2dkh__1__1.A__1.E,DOWNLOADED,384580
2dkh__1__2.A__2.E,DOWNLOADED,385700
3dk3__2__1.B__1.E,DOWNLOADED,174798
3dk7__1__1.A__1.C,DOWNLOADED,174428
4dkb__1__1.A_2.A__1.B_1.C_1.D,DOWNLOADED,278276
4dkb__1__1.A_2.A__2.B_2.C_2.D,DOWNLOADED,278276
4dkr__1__1.A__1.O,DOWNLOADED,213509
4dkr__2__1.B__1.BA,DOWNLOADED,215585
4dku__1__1.A__1.N,DOWNLOADED,213479
4dkv__1__1.A__1.O,DOWNLOADED,213696
5dkd__1__1.A__1.G,DOWNLOADED,73398
5dkh__1__1.A__1.F,DOWNLOADED,76771
5dkk__1__1.A__1.C,DOWNLOADED,85314
7dkp__1__1.A__1.E,DOWNLOADED,136633
7dkp__3__1.C__1.I,DOWNLOADED,137881
1cul__1__1.A_1.B__1.D_1.E_1.G_1.I,DOWNLOADED,239508
1cul__1__1.A_1.B__1.F,DOWNLOADED,238527
1cul__1__1.C__1.K_1.N,DOWNLOADED,216610
1cul__2__1.A_1.B__1.D_1.E_1.G_1.I,DOWNLOADED,239508
1cul__2__1.C__1.K_1.N,DOWNLOADED,216610
1cul__2__2.A_2.B__2.D_2.E_2.G_2.I,DOWNLOADED,239840
1cul__2__2.C__2.K_2.N,DOWNLOADED,219442
2cu0__1__1.A_3.A__3.C,DOWNLOADED,429301
2cu0__1__1.A_4.A__1.C,DOWNLOADED,430997
2cu0__2__1.B_3.B__1.D,DOWNLOADED,425554
2cu0__2__1.B_4.B__4.D,DOWNLOADED,425558
2cul__1__1.A__1.B,DOWNLOADED,144263
3cu0__1__1.A__1.E_1.G,DOWNLOADED,154342
3cu0__1__1.B__1.H_1.J,DOWNLOADED,152770
4cuk__1__1.A__1.E,DOWNLOADED,211235
6cu9__1__1.A__1.E_1.F_1.I,DOWNLOADED,209134
6cua__1__1.A__1.E_1.F_1.I,DOWNLOADED,207278
6cul__1__1.A__1.I,DOWNLOADED,328449
6cul__4__1.D__1.N_1.O,DOWNLOADED,330743
6cul__8__1.H__1.V,DOWNLOADED,328244
6cuo__1__1.A_1.B__1.D_1.E,DOWNLOADED,414162
6cuo__1__1.B__1.G,DOWNLOADED,310012
6cup__1__1.A_1.B__1.D_1.E,DOWNLOADED,414040
6cur__1__1.A_1.B__1.D_1.E,DOWNLOADED,413840
6cut__1__1.A__1.E,DOWNLOADED,233476
6cut__1__1.B__1.G,DOWNLOADED,237521
6cut__2__1.C__1.I,DOWNLOADED,227536
6cut__2__1.D__1.K,DOWNLOADED,235476
6cuz__1__1.A__1.G,DOWNLOADED,234360
6cuz__2__1.D__1.M,DOWNLOADED,232458
2bme__1__1.A__1.E_1.I,DOWNLOADED,112286
2bme__3__1.C__1.L_1.O,DOWNLOADED,113640
2bmw__1__1.A__1.B,DOWNLOADED,191156
4bmv__1__1.A__1.K,DOWNLOADED,156778
4bmv__1__1.B__1.L,DOWNLOADED,156497
4bmv__2__1.C__1.M,DOWNLOADED,158192
4bmv__2__1.D__1.N,DOWNLOADED,157860
4bmv__3__1.E__1.O,DOWNLOADED,159061
4bmv__3__1.F__1.P,DOWNLOADED,158400
4bmv__4__1.H__1.R,DOWNLOADED,154964
4bmv__5__1.G__1.Q,DOWNLOADED,155451
4bmz__1__1.A_1.B__1.C,DOWNLOADED,278377
6bm5__1__1.A__1.B,DOWNLOADED,207217
6bm6__1__1.A__1.B,DOWNLOADED,207408
1e66__1__1.A__1.D,DOWNLOADED,332658
1e6e__1__1.A_1.B__1.E,DOWNLOADED,354282
1e6e__2__1.C_1.D__1.J,DOWNLOADED,355841
6e6j__1__1.A__1.G,DOWNLOADED,74117
6e6j__2__1.B__1.H,DOWNLOADED,74998
6e6j__3__1.C__1.I,DOWNLOADED,74656
6e6j__4__1.D__1.J,DOWNLOADED,75105
6e6j__5__1.E__1.K,DOWNLOADED,74791
6e6j__6__1.F__1.L,DOWNLOADED,75165
2emr__1__1.A_1.B__1.D,DOWNLOADED,330319
2emu__1__1.A_1.B__1.D,DOWNLOADED,330532
4em7__1__1.A__1.B,DOWNLOADED,119772
4emv__1__1.A__1.B,DOWNLOADED,122731
1cjc__1__1.A__1.B,DOWNLOADED,282500
1cj3__1__1.A__1.B_1.C,DOWNLOADED,252679
1cj3__1__2.A__2.B_2.C,DOWNLOADED,253563
1cj3__2__1.A__1.B_1.C,DOWNLOADED,252679
1cj3__2__2.A__2.B_2.C,DOWNLOADED,251512
1cj4__1__1.A__1.B_1.C,DOWNLOADED,252745
1cj4__1__2.A__2.B_2.C,DOWNLOADED,253704
1cj4__2__1.A__1.B_1.C,DOWNLOADED,252745
1cj4__2__2.A__2.B_2.C,DOWNLOADED,251661
2cjw__1__1.B__1.E_1.F,DOWNLOADED,112615
4cjf__1__1.A_1.B__1.J,DOWNLOADED,183461
4cjf__1__1.A_1.B__1.R,DOWNLOADED,183461
4cjl__1__1.A_2.A__1.G,DOWNLOADED,187121
4cjl__1__1.A_2.A__2.G,DOWNLOADED,187121
6cja__1__1.A_1.B__1.E,DOWNLOADED,470019
6cja__1__1.A_1.B__1.I,DOWNLOADED,470019
6cja__1__1.C_1.D__1.K,DOWNLOADED,460650
6cja__1__1.C_1.D__1.N,DOWNLOADED,460650
6cjl__1__1.A__1.C,DOWNLOADED,263367
6cjl__1__1.B__1.D,DOWNLOADED,260661
7cjl__1__1.A__1.C_1.D_1.F,DOWNLOADED,139364
7cjl__2__1.B__1.G_1.H_1.I,DOWNLOADED,139724
2ck3__1__1.A_1.D__1.J_1.K,DOWNLOADED,586539
2ck3__1__1.B_1.E__1.L_1.M,DOWNLOADED,575101
2ck3__1__1.C_1.D__1.P_1.Q_1.R,DOWNLOADED,587398
2ck3__1__1.C_1.F__1.N_1.O,DOWNLOADED,586170
3cke__1__1.A__1.F,DOWNLOADED,193581
3cke__1__1.C__1.I,DOWNLOADED,194181
3ckz__1__1.A__1.C,DOWNLOADED,242950
4ck3__1__1.A_1.B__1.G,DOWNLOADED,183180
4ck3__1__1.A_1.B__1.O,DOWNLOADED,183180
4ckr__1__1.A__1.B,DOWNLOADED,186534
4cku__1__1.A_1.F__1.L,DOWNLOADED,411761
4cku__1__1.A__1.G,DOWNLOADED,211020
4cku__2__1.B__1.H,DOWNLOADED,211725
4cku__2__1.C__1.I,DOWNLOADED,205731
4cku__2__1.D_1.E__1.K,DOWNLOADED,406103
4cku__2__1.D__1.J,DOWNLOADED,207785
5ck4__1__1.A__1.C,DOWNLOADED,136195
5ck4__2__1.B__1.D,DOWNLOADED,137895
5ck5__3__1.C__1.I_1.J,DOWNLOADED,136809
5ck5__4__1.D__1.K_1.L,DOWNLOADED,136490
7ckj__1__1.A__1.B,DOWNLOADED,126243
1cqx__2__1.B__1.H,DOWNLOADED,255826
3cql__1__1.A__1.C,DOWNLOADED,150162
3cql__1__1.A__1.D,DOWNLOADED,150164
3cql__2__1.B__1.H,DOWNLOADED,149071
3cql__2__1.B__1.I,DOWNLOADED,148995
4cqj__1__1.A_1.B__1.D,DOWNLOADED,348660
4cqj__1__1.A_1.C__1.F,DOWNLOADED,348083
4cqj__1__1.B_1.C__1.E,DOWNLOADED,349313
4cqm__1__1.J__1.IA,DOWNLOADED,143172
4cqm__3__1.O__1.RA,DOWNLOADED,138886
5cqg__1__1.A__1.C,DOWNLOADED,402003
5cqg__2__1.B__1.D,DOWNLOADED,402280
6cq1__1__1.A_1.B__1.C,DOWNLOADED,154678
6cqd__1__1.A__1.C_1.D_1.E,DOWNLOADED,183556
6cqd__1__1.B__1.F_1.G,DOWNLOADED,183997
7cqs__1__1.A__1.B_1.C,DOWNLOADED,231455
7cqs__1__2.A__2.B_2.C,DOWNLOADED,235059
2dxv__1__1.A__1.F,DOWNLOADED,167802
2dxw__1__1.A__1.F,DOWNLOADED,167647
2dxx__1__1.A__1.F,DOWNLOADED,167734
3dxg__2__1.B__1.E,DOWNLOADED,76040
3dxh__2__1.B__1.E,DOWNLOADED,76342
3dxh__2__1.B__1.F,DOWNLOADED,76135
4dxa__1__1.A__1.C_1.D,DOWNLOADED,108140
4dxd__1__1.A__1.C,DOWNLOADED,174968
5dx6__1__1.A_2.A__1.D_1.F,DOWNLOADED,651896
5dx6__1__1.A_2.A__2.D_2.F,DOWNLOADED,652007
5dx6__1__1.B_2.B__1.G_1.I,DOWNLOADED,673843
5dx6__1__1.B_2.B__2.G_2.I,DOWNLOADED,673954
5dxx__1__1.A__1.B,DOWNLOADED,231916
6dxp__1__1.A_1.C__1.E,DOWNLOADED,246762
6dxp__1__1.A_1.C__1.G,DOWNLOADED,246762
6dxp__2__1.B_1.D__1.F,DOWNLOADED,242059
6dxp__2__1.B_1.D__1.H,DOWNLOADED,242059
6dxt__1__1.A__1.C,DOWNLOADED,68982
2dqm__1__1.A__1.B_1.E,DOWNLOADED,554365
2dqu__1__1.A_1.B__1.C,DOWNLOADED,267606
3dqw__3__1.C__1.I_1.J,DOWNLOADED,180223
3dqw__4__1.D__1.K_1.L,DOWNLOADED,182184
4dqi__1__1.A__1.I,DOWNLOADED,745755
4dql__1__1.A__1.C,DOWNLOADED,240435
4dqu__1__1.A__1.B,DOWNLOADED,162742
4dqu__1__3.A__3.B,DOWNLOADED,163133
7dqv__1__1.A_2.A__1.B_1.F,DOWNLOADED,732955
7dqv__1__1.A_2.A__2.B_2.F,DOWNLOADED,732955
7dqv__1__1.A__1.D,DOWNLOADED,371415
2en5__1__1.A_1.B__1.D,DOWNLOADED,330146
2eni__1__1.A__1.D,DOWNLOADED,167432
3en6__2__1.B__1.C,DOWNLOADED,154097
2e4n__1__1.A_1.B__1.D,DOWNLOADED,329708
2e4r__1__1.A_1.B__1.D,DOWNLOADED,330261
2e4v__1__1.A__1.D,DOWNLOADED,329918
2e4v__1__1.B__1.F,DOWNLOADED,329562
5e41__1__1.A__1.D_1.E_1.F,DOWNLOADED,679475
1c9s__1__1.B_1.C__1.Z,DOWNLOADED,85422
1c9s__1__1.B_1.L__1.X,DOWNLOADED,85325
1c9s__1__1.C_1.D__1.AA,DOWNLOADED,85309
1c9s__1__1.D_1.E__1.BA,DOWNLOADED,85173
1c9s__1__1.E_1.F__1.CA,DOWNLOADED,83630
1c9s__1__1.F_1.G__1.DA,DOWNLOADED,82855
1c9s__1__1.G_1.H__1.EA,DOWNLOADED,83948
1c9s__1__1.H_1.I__1.FA,DOWNLOADED,84741
1c9s__1__1.I_1.J__1.GA,DOWNLOADED,84909
1c9s__1__1.J_1.K__1.HA,DOWNLOADED,84083
1c9s__1__1.K_1.L__1.IA,DOWNLOADED,83831
1c9s__2__1.M_1.N__1.JA,DOWNLOADED,85968
1c9s__2__1.M_1.W__1.TA,DOWNLOADED,85300
1c9s__2__1.N_1.O__1.KA,DOWNLOADED,85390
1c9s__2__1.O_1.P__1.LA,DOWNLOADED,85012
1c9s__2__1.P_1.Q__1.MA,DOWNLOADED,85049
1c9s__2__1.R_1.S__1.OA,DOWNLOADED,85375
1c9s__2__1.S_1.T__1.PA,DOWNLOADED,85638
1c9s__2__1.T_1.U__1.QA,DOWNLOADED,86365
1c9s__2__1.V_1.W__1.SA,DOWNLOADED,85451
1c9w__1__1.A__1.B,DOWNLOADED,206996
2c91__10__1.J__1.DB_1.EB,DOWNLOADED,210068
2c91__2__1.B__1.P_1.Q,DOWNLOADED,207193
2c91__4__1.D__1.BA_1.CA,DOWNLOADED,209272
2c91__5__1.E__1.HA_1.IA,DOWNLOADED,207772
2c91__6__1.F__1.MA_1.NA,DOWNLOADED,207498
2c91__7__1.G__1.PA_1.QA,DOWNLOADED,208215
2c91__8__1.H__1.UA_1.VA,DOWNLOADED,207659
2c91__9__1.I__1.YA_1.ZA,DOWNLOADED,210379
2c9z__1__1.A__1.B,DOWNLOADED,272946
2c9z__1__1.A__1.C,DOWNLOADED,272528
3c96__1__1.A__1.B,DOWNLOADED,236359
4c9g__1__1.A__1.B,DOWNLOADED,163921
6c99__2__1.C_1.D__1.L,DOWNLOADED,218669
7c9q__1__1.A__1.E,DOWNLOADED,203016
7c9q__1__1.B__1.G,DOWNLOADED,200384
7c9q__1__1.C__1.I,DOWNLOADED,203377
7c9q__1__1.D__1.K,DOWNLOADED,201477
2dm6__1__1.A_1.B__1.E,DOWNLOADED,404902
3dmf__1__1.A__1.H,DOWNLOADED,227653
3dmg__1__1.A__1.H,DOWNLOADED,227475
3dmh__1__1.A__1.D,DOWNLOADED,227551
7dm6__1__1.A_1.B__1.C_1.D,DOWNLOADED,187715
7dm6__1__1.A_1.B__1.E_1.F,DOWNLOADED,187715
7dmb__1__1.A__1.C,DOWNLOADED,232612
7dmb__2__1.B__1.D,DOWNLOADED,233447
7dmc__1__1.A__1.B_1.E_1.F,DOWNLOADED,136198
7dmg__1__1.A__1.C,DOWNLOADED,172553
7dmg__1__1.B__1.D,DOWNLOADED,173060
7dmg__1__2.A__2.C,DOWNLOADED,173791
7dmg__1__2.B__2.D,DOWNLOADED,175139
3esz__1__1.A__1.C,DOWNLOADED,106023
3esz__2__1.B__1.F,DOWNLOADED,108022
4eso__1__1.B__1.F_1.G,DOWNLOADED,150543
4eso__1__1.D__1.J,DOWNLOADED,147218
6esn__1__1.A__1.C,DOWNLOADED,169043
6esu__1__1.A_3.A__1.B,DOWNLOADED,147038
6esu__1__1.A_3.A__3.B,DOWNLOADED,147038
6esu__1__2.A_4.A__2.B,DOWNLOADED,146622
6esu__1__2.A_4.A__4.B,DOWNLOADED,146622
2e5v__1__1.A__1.D,DOWNLOADED,299217
2e5v__2__1.B__1.F,DOWNLOADED,303532
2e5x__1__1.A_2.A__1.B_1.C_1.D_1.E,DOWNLOADED,236901
2e5x__1__1.A_2.A__2.B_2.C_2.D_2.E,DOWNLOADED,236902
2e5y__1__1.A_1.B__1.D,DOWNLOADED,160961
3e5r__1__1.A_1.C__1.G,DOWNLOADED,400260
3e5r__1__1.B_1.D__1.H,DOWNLOADED,401348
4e5m__1__1.A__1.C,DOWNLOADED,208757
4e5m__1__1.B__1.D,DOWNLOADED,203755
4e5n__1__1.A__1.I,DOWNLOADED,202617
4e5n__1__2.C__2.K,DOWNLOADED,205765
4e5n__2__1.B__1.J,DOWNLOADED,209378
4e5n__2__1.H__1.P,DOWNLOADED,210356
4e5n__3__1.D__1.L,DOWNLOADED,209330
4e5n__3__1.G__1.O,DOWNLOADED,206158
4e5n__4__1.E__1.M,DOWNLOADED,205531
4e5n__4__2.F__2.N,DOWNLOADED,203863
4e5p__1__1.A__1.G,DOWNLOADED,210328
4e5p__1__1.C__1.I,DOWNLOADED,204236
4e5p__2__1.B__1.H,DOWNLOADED,204875
4e5p__2__1.D__1.J,DOWNLOADED,201843
4e5p__3__1.E__1.K,DOWNLOADED,206365
4e5p__3__1.F__1.L,DOWNLOADED,208659
1d09__1__1.A_2.A__1.E,DOWNLOADED,377830
1d09__1__1.A_3.A__3.E,DOWNLOADED,378244
1d09__1__1.C_2.C__2.G,DOWNLOADED,378959
1d09__1__1.C_3.C__1.G,DOWNLOADED,378502
1d0c__1__1.A_1.B__1.I_1.Q,DOWNLOADED,519283
1d0c__1__1.A_1.B__1.J_1.M,DOWNLOADED,519357
1d0o__1__1.A_1.B__1.I,DOWNLOADED,518462
1d0o__1__1.A_1.B__1.J_1.M,DOWNLOADED,519140
2d0o__1__1.A__1.F_1.H,DOWNLOADED,359927
2d0o__1__1.C__1.J_1.L,DOWNLOADED,357596
4d02__1__1.A_2.A__1.B,DOWNLOADED,505630
4d02__1__1.A_2.A__2.B,DOWNLOADED,505630
4d08__1__1.A__1.F,DOWNLOADED,218116
4d08__2__1.B__1.I,DOWNLOADED,218444
4d08__3__1.C__1.L,DOWNLOADED,215968
4d08__4__1.D__1.O,DOWNLOADED,217134
4d0t__1__1.F__1.CA_1.DA,DOWNLOADED,314310
4d0t__2__1.E__1.Y_1.Z,DOWNLOADED,325879
4d0t__3__1.A__1.I_1.L,DOWNLOADED,324153
4d0t__3__1.D__1.U_1.V,DOWNLOADED,324516
4d0z__2__1.A__1.I_1.M_1.U,DOWNLOADED,325398
4d0z__4__1.D__1.IA_1.JA,DOWNLOADED,325947
4d0z__5__1.F__1.HB_1.IB,DOWNLOADED,323191
5d0s__1__1.BA_1.V__1.VA,DOWNLOADED,266329
5d0s__1__1.H_1.I_1.Z__1.EA_1.FA,DOWNLOADED,411483
5d0s__1__1.H_1.N__1.MA,DOWNLOADED,263295
5d0s__1__1.K_1.L__1.IA_1.KA,DOWNLOADED,279760
5d0s__1__1.L_1.V_1.W__1.QA_1.RA,DOWNLOADED,410885
5d0s__1__1.Y_1.Z__1.SA_1.TA,DOWNLOADED,280510
1dss__1__1.A_1.B__1.D_1.E,DOWNLOADED,398863
1dss__1__1.A_1.B__1.G_1.H,DOWNLOADED,398790
1dss__1__2.A_2.B__2.D_2.E,DOWNLOADED,402197
1dss__1__2.A_2.B__2.G_2.H,DOWNLOADED,402205
1ds6__1__1.A__1.C_1.D,DOWNLOADED,113370
2dsg__1__1.A__1.F,DOWNLOADED,167824
2dsh__1__1.A__1.F,DOWNLOADED,167784
2dsi__1__1.A__1.G,DOWNLOADED,167824
3dst__1__1.A_1.B__1.C_1.D,DOWNLOADED,398374
4dsg__1__1.A__1.C,DOWNLOADED,309870
4dsg__1__1.A__1.D,DOWNLOADED,307268
4dsg__2__1.B__1.F,DOWNLOADED,307065
4dsg__2__1.B__1.G,DOWNLOADED,304615
4dsh__1__1.A__1.C,DOWNLOADED,306699
4dsh__1__1.A__1.D,DOWNLOADED,309150
4dsh__2__1.B__1.I,DOWNLOADED,306579
4dsh__2__1.B__1.J,DOWNLOADED,304279
5ds7__1__1.A_1.C__1.D,DOWNLOADED,111234
5ds7__1__1.B_1.C__1.G,DOWNLOADED,120098
5ds8__2__1.C_1.D__1.E_1.U,DOWNLOADED,248478
5dsc__1__1.A_1.B__1.J,DOWNLOADED,255257
5dsc__2__1.C_1.D__1.I,DOWNLOADED,254485
5dsc__3__1.E_1.F__1.K,DOWNLOADED,256072
5dsc__4__1.G_1.H__1.L,DOWNLOADED,255410
5dsx__1__1.A__1.D,DOWNLOADED,201540
5dsx__2__1.B__1.F,DOWNLOADED,207719
7dsf__1__1.B__1.F_1.G,DOWNLOADED,161532
3ea5__2__1.C__1.H_1.I_1.J,DOWNLOADED,113809
5eaj__2__1.B__1.H,DOWNLOADED,104599
5ean__1__1.A__1.E,DOWNLOADED,664230
5ean__1__2.A__2.E,DOWNLOADED,671388
6eaa__1__1.A__1.B_1.C_1.E_1.F,DOWNLOADED,577818
6eas__1__1.A__1.B,DOWNLOADED,160200
2ev9__1__1.A__1.E,DOWNLOADED,161245
2evc__1__1.A__1.B_1.C_1.E,DOWNLOADED,160000
2evm__1__1.A__1.B_1.C_1.E,DOWNLOADED,159751
5ev8__3__1.C__1.P_1.Q_1.R,DOWNLOADED,141035
5ev9__1__1.A__1.B,DOWNLOADED,74372
5evz__1__1.A__1.C_1.D_1.E,DOWNLOADED,238598
5evz__2__1.B__1.F_1.G_1.H,DOWNLOADED,242829
1bkw__1__1.A__1.B_1.C,DOWNLOADED,252114
1bkw__2__1.A__1.B_1.C,DOWNLOADED,252114
1bkw__2__2.A__2.B_2.C,DOWNLOADED,251015
1bk0__1__1.A__1.C_1.D,DOWNLOADED,208612
2bka__1__1.A_2.A__1.B,DOWNLOADED,289461
2bka__1__1.A_2.A__2.B,DOWNLOADED,289465
3bki__1__1.A__1.E,DOWNLOADED,160078
3bki__2__1.B__1.F,DOWNLOADED,160646
3bki__3__1.C__1.G,DOWNLOADED,161770
3bki__4__1.D__1.H,DOWNLOADED,162652
4bkq__1__1.A_2.A__1.B,DOWNLOADED,505754
4bkq__1__1.A_2.A__2.B,DOWNLOADED,505753
4bks__1__1.C__1.M,DOWNLOADED,88515
4bks__2__1.L__1.Q,DOWNLOADED,94601
4bks__3__1.I__1.P,DOWNLOADED,93002
4bkt__1__1.C__1.M,DOWNLOADED,87291
4bkt__2__1.I__1.Q,DOWNLOADED,93000
4bkt__3__1.L__1.R,DOWNLOADED,92967
4bky__1__1.A__1.B,DOWNLOADED,203634
4bkz__1__1.A__1.B,DOWNLOADED,201774
6bk0__1__1.A__1.B,DOWNLOADED,275603
6bk1__1__1.A__1.B,DOWNLOADED,273831
6bk2__1__1.A__1.B,DOWNLOADED,277202
6bk3__1__1.A__1.B,DOWNLOADED,271617
2eix__1__1.A_1.B__1.G_1.L,DOWNLOADED,313093
2eix__1__1.A_1.B__1.H_1.K,DOWNLOADED,312948
4eip__2__1.B__1.E,DOWNLOADED,314463
5ei3__1__1.A__1.C_1.D,DOWNLOADED,129697
5eib__1__1.A_1.B__1.E_1.F,DOWNLOADED,542952
5eib__1__1.B__1.G_1.H,DOWNLOADED,273256
5eie__1__1.A__1.E_1.F,DOWNLOADED,333568
5ein__1__1.A_1.C__1.D_1.I_1.K,DOWNLOADED,256201
5ein__1__2.A_2.C__2.D_2.I_2.K,DOWNLOADED,252729
6eiy__1__1.A__1.J_1.K,DOWNLOADED,290219
6f4k__1__1.A_1.B__1.F,DOWNLOADED,581131
6f4x__1__1.A_1.D__1.S,DOWNLOADED,284269
6f4x__1__1.B_1.E__1.N,DOWNLOADED,286658
2a14__1__1.A__1.C,CACHED,157702
3a12__1__1.A_2.C__1.K_1.L,CACHED,541181
3a12__1__1.A_2.C__2.O_2.P,CACHED,541127
3a12__1__1.B_2.B__1.M_1.N,CACHED,551038
3a12__1__1.B_2.B__2.M_2.N,CACHED,551053
3a12__1__1.C_2.A__1.O_1.P,CACHED,546544
3a12__1__1.C_2.A__2.K_2.L,CACHED,546609
3a12__1__1.D_2.E__1.Q_1.R,CACHED,546689
3a12__1__1.D_2.E__2.S_2.T,CACHED,546541
3a12__1__1.E_2.D__1.S_1.T,CACHED,540660
3a12__1__1.E_2.D__2.Q_2.R,CACHED,540819
3a12__2__1.F_2.H__1.U_1.V,CACHED,544782
3a12__2__1.F_2.H__2.Y_2.Z,CACHED,544950
3a12__2__1.G_2.G__1.W_1.X,CACHED,538796
3a12__2__1.G_2.G__2.W_2.X,CACHED,538796
3a12__2__1.H_2.F__1.Y_1.Z,CACHED,536382
3a12__2__1.H_2.F__2.U_2.V,CACHED,536232
3a12__2__1.I_2.J__1.AA_1.BA,CACHED,543360
3a12__2__1.I_2.J__2.CA_2.DA,DOWNLOADED,543216
3a12__2__1.J_2.I__1.CA_1.DA,DOWNLOADED,551143
3a12__2__1.J_2.I__2.AA_2.BA,DOWNLOADED,551303
3a13__1__1.A_2.C__1.K_1.L,DOWNLOADED,538888
3a13__1__1.B_2.B__1.M_1.N,DOWNLOADED,546796
3a13__1__1.B_2.B__2.M_2.N,DOWNLOADED,546806
3a13__1__1.C_2.A__2.K_2.L,DOWNLOADED,544734
3a13__2__1.F_2.H__1.U_1.V,DOWNLOADED,546525
3a13__2__1.H_2.F__2.U_2.V,DOWNLOADED,538489
3a13__2__1.I_2.J__1.AA_1.BA,DOWNLOADED,539600
3a13__2__1.J_2.I__2.AA_2.BA,DOWNLOADED,547266
3a1c__1__1.A__1.C_1.D,DOWNLOADED,161596
3a1c__1__1.B__1.E,DOWNLOADED,166167
3a1d__1__1.A__1.C_1.D,DOWNLOADED,162181
3a1d__1__1.B__1.E_1.F,DOWNLOADED,164988
3a1e__1__1.B__1.E,DOWNLOADED,164784
3a1s__1__1.A__1.C_1.D,DOWNLOADED,165305
3a1s__2__1.B__1.H_1.I,DOWNLOADED,162727
3a1u__2__1.B__1.G_1.I,DOWNLOADED,159252
5a1l__2__1.B__1.O_1.P,DOWNLOADED,283606
7a1i__1__1.A__1.B,DOWNLOADED,69980
7a1j__1__1.A__1.B_1.H,DOWNLOADED,411264
7a1j__1__2.A__2.B_2.H,DOWNLOADED,412830
2dzb__1__1.A__1.C,DOWNLOADED,157826
2dzb__1__1.B__1.D,DOWNLOADED,155936
5dz2__1__1.A__1.C_1.D_1.E_1.F,DOWNLOADED,204371
5dz2__2__1.B__1.G_1.H_1.I_1.J,DOWNLOADED,205064
6dz2__1__1.A_1.B__1.M,DOWNLOADED,336808
6dz2__1__1.B_1.C__1.U,DOWNLOADED,333302
6dz3__1__1.A_1.B__1.L,DOWNLOADED,339836
6dz3__1__1.A_1.C__1.I,DOWNLOADED,339335
6dz3__1__1.B_1.C__1.S,DOWNLOADED,338972
6dzo__1__1.A_1.B__1.C,DOWNLOADED,399589
6dzo__1__1.B__1.S,DOWNLOADED,239025
6dzo__1__2.A_2.B__2.C,DOWNLOADED,400075
6dzo__1__2.B__2.S,DOWNLOADED,239612
2e83__1__1.A_1.B__1.C,DOWNLOADED,144005
2e83__1__1.A_1.B__1.D,DOWNLOADED,144004
2e89__1__1.A__1.E,DOWNLOADED,210244
2e89__1__1.B__1.G,DOWNLOADED,208243
2e89__2__1.C__1.H_1.I,DOWNLOADED,207451
2e89__2__1.D__1.J,DOWNLOADED,209681
2e8a__1__1.A__1.B_1.C,DOWNLOADED,236036
2e8h__1__1.A_1.B__1.D,DOWNLOADED,330278
2e8q__1__1.A_1.B__1.C,DOWNLOADED,330026
2e8r__1__1.A_1.B__1.D,DOWNLOADED,330053
2e8s__1__1.A_1.B__1.D,DOWNLOADED,330176
3e80__1__1.A__1.G_1.K,DOWNLOADED,479255
3e80__2__1.B__1.H_1.Q,DOWNLOADED,484716
3e8c__1__1.A_1.G__1.M,DOWNLOADED,239241
3e8c__2__1.B_1.H__1.N,DOWNLOADED,245299
3e8c__3__1.C_1.I__1.O,DOWNLOADED,241875
3e8c__4__1.D_1.J__1.P,DOWNLOADED,239193
3e8c__5__1.E_1.K__1.Q,DOWNLOADED,239464
3e8c__6__1.F_1.L__1.R,DOWNLOADED,241419
3e8e__1__1.A_1.B__1.M,DOWNLOADED,240431
3e8e__2__1.C_1.D__1.N,DOWNLOADED,239093
3e8e__3__1.E_1.F__1.O,DOWNLOADED,243665
3e8e__4__1.G_1.H__1.P,DOWNLOADED,240694
3e8e__5__1.I_1.J__1.Q,DOWNLOADED,240207
3e8e__6__1.K_1.L__1.R,DOWNLOADED,241283
4e8h__1__1.A_1.B__1.E,DOWNLOADED,273776
4e8h__1__1.A_1.B__1.F,DOWNLOADED,273847
4e8h__2__1.C_1.D__1.G,DOWNLOADED,278863
4e8h__2__1.C_1.D__1.H,DOWNLOADED,278711
6e8i__1__1.A__1.B,DOWNLOADED,103453
6e8k__1__1.A__1.B,DOWNLOADED,104313
6e8m__1__1.A__1.B,DOWNLOADED,103785
2e15__1__1.A__1.F,DOWNLOADED,167430
2e16__1__1.A__1.F,DOWNLOADED,167723
2e17__1__1.A__1.F,DOWNLOADED,167126
3e18__1__1.A_1.B__1.M,DOWNLOADED,423631
4e1b__1__1.A__1.B_1.C,DOWNLOADED,205151
4e1c__1__1.A__1.B_1.E,DOWNLOADED,221960
6e13__1__1.A_2.A__1.C_1.E,DOWNLOADED,382816
6e13__1__1.A_2.A__2.C_2.E,DOWNLOADED,382815
1ddt__1__1.A_2.A__1.B,DOWNLOADED,637891
1ddt__1__1.A_2.A__2.B,DOWNLOADED,637969
1ddr__1__1.A__1.D,DOWNLOADED,100015
1ddr__1__1.B__1.J,DOWNLOADED,101307
1dds__1__1.A__1.D,DOWNLOADED,100180
1dds__1__1.B__1.G,DOWNLOADED,101496
2ddq__1__1.A_1.B__1.D,DOWNLOADED,258794
3ddc__1__1.A__1.C_1.D,DOWNLOADED,107096
3ddc__1__2.A__2.C_2.D,DOWNLOADED,107359
3ddc__2__1.A__1.C_1.D,DOWNLOADED,107096
3dds__1__1.A_1.B__1.M,DOWNLOADED,1055620
3dds__1__1.A__1.C,DOWNLOADED,538351
3dds__1__1.B__1.I,DOWNLOADED,526708
3ddw__1__1.A_1.B__1.M,DOWNLOADED,1056375
3ddw__1__1.A__1.C,DOWNLOADED,539257
3ddw__1__1.B__1.H,DOWNLOADED,526845
5ddi__1__1.A_1.B__1.E_1.F,DOWNLOADED,397840
5ddi__1__1.A_1.B__1.H_1.I,DOWNLOADED,397586
5ddi__1__2.A_2.B__2.E_2.F,DOWNLOADED,402408
5ddi__1__2.A_2.B__2.H_2.I,DOWNLOADED,402148
5ddi__2__1.C_3.C__1.K_1.L,DOWNLOADED,398724
5ddi__2__1.C_3.C__3.K_3.L,DOWNLOADED,398727
5ddi__2__2.C_4.C__2.K_2.L,DOWNLOADED,399200
5ddi__2__2.C_4.C__4.K_4.L,DOWNLOADED,399203
6dd0__1__1.A__1.C_1.D_1.E,DOWNLOADED,139547
6dd0__2__1.B__1.I_1.J_1.K,DOWNLOADED,141258
6dd4__4__1.D__1.Y,DOWNLOADED,200547
6ddi__2__1.C__1.K,DOWNLOADED,72468
3doc__1__1.A_1.B__1.F,DOWNLOADED,401618
3doc__1__1.C_1.D__1.G,DOWNLOADED,406568
3doc__1__1.C_1.D__1.H,DOWNLOADED,406867
3doc__2__1.C__1.G,DOWNLOADED,208009
3doc__3__1.B__1.F,DOWNLOADED,205570
3doc__3__1.D__1.H,DOWNLOADED,207953
3dop__1__1.A__1.C,DOWNLOADED,213406
4do4__1__1.A__1.H_1.L_1.M,DOWNLOADED,245268
4do4__1__1.B__1.R_1.Y,DOWNLOADED,257660
4doc__1__1.A__1.E_1.F_1.N,DOWNLOADED,209034
6do2__1__1.A__1.C,DOWNLOADED,237167
6do2__1__1.B__1.D,DOWNLOADED,243777
2eh2__1__1.A__1.D,DOWNLOADED,167782
2eh4__1__1.A_1.B__1.D,DOWNLOADED,330411
2eh5__1__1.A_1.B__1.D,DOWNLOADED,330152
2ehc__1__1.A__1.F,DOWNLOADED,167805
2ehu__1__1.A__1.D_1.G,DOWNLOADED,324037
2ehu__1__1.B__1.N_1.R,DOWNLOADED,326840
2ehu__2__1.A__1.D_1.G,DOWNLOADED,324037
2ehu__2__1.B__1.N_1.R,DOWNLOADED,326840
2ehu__2__2.A__2.D_2.G,DOWNLOADED,324353
2ehu__2__2.B__2.N_2.R,DOWNLOADED,327259
2ehu__2__3.A__3.D_3.G,DOWNLOADED,324810
2ehu__2__3.B__3.N_3.R,DOWNLOADED,327890
2ehu__3__2.A__2.D_2.G,DOWNLOADED,324353
2ehu__3__2.B__2.N_2.R,DOWNLOADED,327259
2ehu__3__3.A__3.D_3.G,DOWNLOADED,324810
2ehu__3__3.B__3.N_3.R,DOWNLOADED,327890
3ehe__1__1.A__1.C,DOWNLOADED,184915
3ehe__1__1.B__1.D,DOWNLOADED,185963
4ehy__1__1.A__1.B_1.D,DOWNLOADED,203090
5ehq__1__1.A__1.F,DOWNLOADED,336066
5ehq__1__1.B__1.H,DOWNLOADED,339914
2e3t__1__1.A__1.F_1.N,DOWNLOADED,817214
2e3t__1__1.B__1.R_1.Z,DOWNLOADED,811445
3e37__1__1.A_1.B__1.D_1.E,DOWNLOADED,479755
3e37__3__1.B__1.D_1.E,DOWNLOADED,263527
3e3u__1__1.A__1.D,DOWNLOADED,117373
4e3s__1__1.A__1.D_1.E_1.F,DOWNLOADED,593200
5e33__1__1.A_1.B__1.B_1.C,DOWNLOADED,473300
6e3e__1__1.A__1.E,DOWNLOADED,145187
6e3e__2__1.B__1.H,DOWNLOADED,145886
6e3g__1__1.A__1.F,DOWNLOADED,160615
6e3g__2__1.C__1.H,DOWNLOADED,162665
6e3v__1__1.A__1.E_1.F_1.I,DOWNLOADED,209070
1c3j__1__1.A__1.B,DOWNLOADED,217563
2c31__1__1.A_1.B__1.C_1.D,DOWNLOADED,646301
2c31__1__1.A_1.B__1.F_1.G,DOWNLOADED,646150
2c31__1__1.A__1.E,DOWNLOADED,326892
2c31__1__2.A_2.B__2.C_2.D,DOWNLOADED,647119
2c31__1__2.A_2.B__2.F_2.G,DOWNLOADED,647038
2c31__1__2.A__2.E,DOWNLOADED,330673
2c3i__1__1.A_1.B__1.C,DOWNLOADED,177117
2c3q__1__1.A_1.B__1.E,DOWNLOADED,307893
2c3q__1__1.A_1.B__1.M,DOWNLOADED,307816
2c3q__2__1.C_1.D__1.FA,DOWNLOADED,309040
2c3q__2__1.C_1.D__1.W,DOWNLOADED,308960
3c34__1__1.A__1.I_1.J,DOWNLOADED,162093
3c35__1__1.A__1.J_1.K,DOWNLOADED,162283
3c35__1__1.B__1.T_1.U,DOWNLOADED,162032
3c3x__1__1.A__1.C,DOWNLOADED,201079
3c3x__2__1.B__1.D,DOWNLOADED,201097
3c3y__1__1.A__1.E,DOWNLOADED,143247
3c3y__1__1.B__1.G,DOWNLOADED,143347
4c3x__1__1.C__1.FA_1.IA,DOWNLOADED,309001
4c3x__2__1.F__1.UA_1.WA,DOWNLOADED,309053
5c3a__1__1.A__1.B_1.C,DOWNLOADED,182139
5c3a__1__2.A__2.B_2.C,DOWNLOADED,183074
7c3v__1__1.A__1.B,DOWNLOADED,223704
2faq__1__1.A__1.C_1.D_1.G,DOWNLOADED,186160
2faq__2__1.B__1.H_1.I_1.K,DOWNLOADED,186688
2far__1__1.A__1.C_1.D_1.G,DOWNLOADED,186103
2far__2__1.B__1.H_1.I_1.K,DOWNLOADED,186694
4fak__1__1.A_2.A__1.B_1.D,DOWNLOADED,208421
4fak__1__1.A_2.A__2.B_2.D,DOWNLOADED,208423
5faj__1__1.A_1.B__1.H,DOWNLOADED,450037
5faj__2__1.C_1.D__1.L,DOWNLOADED,447908
6fa5__1__1.A__1.B_1.C,DOWNLOADED,400041
2bd0__1__1.A__1.E,CACHED,150601
2bd0__1__1.B__1.F,DOWNLOADED,150472
2bd0__1__1.C__1.G,DOWNLOADED,149783
2bdm__2__1.A_2.A__1.D,DOWNLOADED,591811
2bdm__2__1.A_2.A__2.D,DOWNLOADED,591811
3bd7__1__1.A__1.D,DOWNLOADED,523469
3bd7__1__2.A__2.D,DOWNLOADED,525469
3bd8__1__1.A__1.C,DOWNLOADED,523698
3bd8__1__2.A__2.C,DOWNLOADED,525696
3bda__1__1.A__1.D,DOWNLOADED,523553
3bda__1__2.A__2.D,DOWNLOADED,525622
3bdj__1__1.A__1.H,DOWNLOADED,824122
3bdj__1__1.B__1.S,DOWNLOADED,821862
4bdr__1__1.A__1.C,DOWNLOADED,161898
4bdr__1__1.B__1.F,DOWNLOADED,160162
6bd3__1__1.A_1.B__1.I,DOWNLOADED,688683
6bd3__1__1.A_1.B__1.T,DOWNLOADED,688528
6bd9__1__1.A_1.B__1.E,DOWNLOADED,685675
6bd9__1__1.A_1.B__1.L,DOWNLOADED,685599
6bdy__1__1.A__1.B,DOWNLOADED,207663
7bdd__1__1.A__1.G,DOWNLOADED,215325
2cz2__1__1.A_2.A__1.B,DOWNLOADED,261075
2cz2__1__1.A_2.A__2.B,DOWNLOADED,261076
3czh__1__1.A__1.P,DOWNLOADED,305600
3czh__2__1.B__1.CA,DOWNLOADED,303842
3czv__1__1.A__1.C_1.D,DOWNLOADED,163301
4czf__1__1.A__1.B_1.C,DOWNLOADED,383789
4czh__1__1.A__1.C_1.D,DOWNLOADED,374543
4czl__1__1.A__1.B_1.C,DOWNLOADED,198510
6cz1__1__1.A__1.C,DOWNLOADED,238276
6cz1__2__1.B__1.E,DOWNLOADED,239004
6czp__1__1.A_1.B__1.I,DOWNLOADED,269525
6czp__1__1.A_1.B__1.J,DOWNLOADED,269444
6czp__2__1.C_1.D__1.M,DOWNLOADED,272682
6czp__2__1.C_1.D__1.P,DOWNLOADED,272599
6czp__3__1.E_1.F__1.S,DOWNLOADED,269992
6czp__3__1.E_1.F__1.U,DOWNLOADED,269839
6czp__4__1.G_1.H__1.W,DOWNLOADED,271663
6czp__4__1.G_1.H__1.Z,DOWNLOADED,271668
6czy__2__1.C_1.D__1.N,DOWNLOADED,443335
1del__1__1.A__1.D,DOWNLOADED,153708
1dej__1__1.B__1.E_1.F,DOWNLOADED,231034
2de3__1__1.A__1.D,DOWNLOADED,209407
2de3__2__1.B__1.G,DOWNLOADED,213234
2de4__1__1.A__1.D,DOWNLOADED,209502
2de4__2__1.B__1.F,DOWNLOADED,208882
2dek__1__1.A_1.B__1.D,DOWNLOADED,328889
4de2__1__1.A__1.D,DOWNLOADED,154521
4de3__1__1.A__1.E,DOWNLOADED,154378
4de3__1__1.A__1.G,DOWNLOADED,154270
5deb__1__1.A__1.B_1.C_1.D,DOWNLOADED,119816
5dew__1__1.A__1.C,DOWNLOADED,186155
5dew__2__1.B__1.D,DOWNLOADED,177609
6de6__1__1.B__1.F,DOWNLOADED,404715
6def__1__1.A__1.E_1.F,DOWNLOADED,441894
6def__2__1.B__1.G_1.H,DOWNLOADED,438946
6def__4__1.D__1.K_1.L,DOWNLOADED,406070
7dem__1__1.A__1.B_1.C,DOWNLOADED,183307
7den__1__1.A__1.B_1.C,DOWNLOADED,184035
3daa__1__1.A_1.B__1.C,DOWNLOADED,349156
3daa__1__1.A_1.B__1.D,DOWNLOADED,349156
4dai__1__1.A__1.C,DOWNLOADED,165311
4dai__2__1.B__1.H,DOWNLOADED,162139
4dat__1__1.A__1.B,DOWNLOADED,145588
4dat__1__2.A__2.B,DOWNLOADED,144922
6da9__1__1.A__1.B_1.C_1.M,DOWNLOADED,286651
6da9__1__2.A__2.B_2.C_2.M,DOWNLOADED,289995
6da9__1__3.A__3.B_3.C_3.M,DOWNLOADED,290659
6da9__1__4.A__4.B_4.C_4.M,DOWNLOADED,293055
7dae__1__1.A_1.B__1.G_1.H,DOWNLOADED,541697
7dae__1__1.C_1.D__1.Q_1.R,DOWNLOADED,546069
7dae__1__1.D__1.T,DOWNLOADED,273624
7dae__1__1.D__1.U,DOWNLOADED,273938
7dae__1__1.F__1.W,DOWNLOADED,230363
7daf__1__1.A_1.B__1.G_1.H,DOWNLOADED,541152
7daf__1__1.C_1.D__1.Q_1.R,DOWNLOADED,547048
7daf__1__1.D__1.T_1.U,DOWNLOADED,274370
7dax__1__1.A_1.B__1.C,DOWNLOADED,280867
1djn__1__1.A__1.E,DOWNLOADED,457939
1djn__1__1.B__1.H,DOWNLOADED,457821
1djq__1__1.A__1.E,DOWNLOADED,458015
1djq__1__1.B__1.H,DOWNLOADED,457889
2dji__1__1.A_2.A__1.F,DOWNLOADED,727522
2dji__1__1.A_2.A__2.F,DOWNLOADED,727528
2dji__1__3.A_4.A__3.F,DOWNLOADED,736230
2dji__1__3.A_4.A__4.F,DOWNLOADED,736235
3dj5__1__1.A__1.B,DOWNLOADED,166950
3dj5__1__2.A__2.B,DOWNLOADED,168728
3dj6__1__1.A__1.B,DOWNLOADED,167474
3dj6__1__2.A__2.B,DOWNLOADED,167727
4djt__1__1.A__1.C_1.D,DOWNLOADED,115761
4djt__2__1.B__1.E_1.F,DOWNLOADED,128692
5djg__1__1.A__1.B_1.C_1.D,DOWNLOADED,156063
5dji__1__1.A__1.B_1.C_1.D_1.E,DOWNLOADED,155626
5djt__1__1.A__1.D,DOWNLOADED,96123
7dji__1__1.A_1.B__1.F,DOWNLOADED,496315
7dji__1__1.A_1.E__1.N,DOWNLOADED,493150
7dji__1__1.B_1.C__1.H,DOWNLOADED,492837
7dji__1__1.C_1.D__1.J,DOWNLOADED,489490
7dji__1__1.D_1.E__1.L,DOWNLOADED,489147
7djs__1__1.A__1.E,DOWNLOADED,141146
7djs__1__1.B__1.F,DOWNLOADED,140834
7djs__1__1.C__1.G,DOWNLOADED,135530
7djs__1__1.D__1.H,DOWNLOADED,147863
2dph__1__1.A_1.B__1.D_1.E,DOWNLOADED,477227
2dph__1__1.A_1.B__1.G_1.H,DOWNLOADED,477157
2dpx__1__1.A__1.C_1.D,DOWNLOADED,89690
2dpx__2__1.B__1.E_1.F,DOWNLOADED,85038
4dpl__1__1.C__1.I_1.J,DOWNLOADED,224199
4dpm__1__1.B__1.I_1.J,DOWNLOADED,224106
4dpm__1__2.B__2.I_2.J,DOWNLOADED,228512
4dpm__2__1.C__1.K_1.L,DOWNLOADED,223027
4dpm__2__1.E__1.O_1.P,DOWNLOADED,224989
4dpm__2__1.F__1.Q_1.R,DOWNLOADED,223149
5dpm__1__1.A__1.B,DOWNLOADED,128384
6dpt__1__1.A__1.C,DOWNLOADED,221594
6dpt__2__1.B__1.D,DOWNLOADED,220027
6dpx__1__1.A__1.C,DOWNLOADED,221487
6dpx__2__1.B__1.D,DOWNLOADED,220076
6dpy__2__1.B__1.D,DOWNLOADED,219650
7dp8__1__1.A_1.B__1.G_1.H,DOWNLOADED,1025394
7dpk__1__1.A_1.B__1.C_1.D,DOWNLOADED,186430
2ed5__1__1.A_1.B__1.D,DOWNLOADED,330589
3ed1__4__1.D__1.V,DOWNLOADED,199758
3ed1__5__1.E__1.BA,DOWNLOADED,193187
4edk__1__1.A__1.D_1.E_1.G_1.H,DOWNLOADED,213757
4edr__1__1.A__1.D_1.E_1.G_1.H,DOWNLOADED,210446
4edt__1__1.A__1.C_1.D_1.E,DOWNLOADED,209082
4edv__1__1.A__1.C_1.D_1.E_1.F,DOWNLOADED,213848
4edy__1__1.A_1.B__1.G,DOWNLOADED,253963
5ed3__1__1.A_1.B__1.C,DOWNLOADED,138123
5ed6__1__1.A_1.B__1.C,DOWNLOADED,136492
6edg__1__1.A__1.B,DOWNLOADED,130902
3d6p__1__1.A__1.C,DOWNLOADED,75840
4d6p__1__1.A__1.C_1.E,DOWNLOADED,141409
4d6p__2__1.B__1.G_1.H,DOWNLOADED,145147
5d6p__1__1.A__1.C_1.E,DOWNLOADED,125096
5d6p__2__1.B__1.F,DOWNLOADED,121818
5d6r__1__1.A_2.A__1.C_1.G,DOWNLOADED,650543
5d6r__1__1.A_2.A__2.C_2.G,DOWNLOADED,650434
5d6r__1__1.B_2.B__1.H_1.K,DOWNLOADED,654408
5d6r__1__1.B_2.B__2.H_2.K,DOWNLOADED,654484
6d6a__1__1.A__1.I,DOWNLOADED,105197
6d6a__1__1.B__1.J,DOWNLOADED,105713
6d6a__2__1.C__1.K,DOWNLOADED,105561
6d6a__2__1.D__1.L,DOWNLOADED,104846
6d6a__3__1.E__1.M,DOWNLOADED,105239
6d6a__3__1.F__1.N,DOWNLOADED,105865
6d6a__4__1.G__1.O,DOWNLOADED,105027
6d6a__4__1.H__1.P,DOWNLOADED,106681
6d6b__1__1.A__1.I,DOWNLOADED,105327
6d6b__1__1.C__1.K,DOWNLOADED,105627
6d6b__2__1.B__1.J,DOWNLOADED,105564
6d6b__2__1.D__1.L,DOWNLOADED,103894
6d6b__3__1.E__1.M,DOWNLOADED,105167
6d6b__3__1.H__1.P,DOWNLOADED,105288
6d6b__4__1.F__1.N,DOWNLOADED,105618
6d6b__4__1.G__1.O,DOWNLOADED,107516
6d6d__1__1.A__1.C,DOWNLOADED,102665
6d6d__1__1.B__1.D,DOWNLOADED,104889
6d6l__1__1.A__1.E,DOWNLOADED,105189
6d6l__1__1.B__1.F,DOWNLOADED,103963
6d6l__2__1.C__1.G,DOWNLOADED,108268
6d6l__2__1.D__1.H,DOWNLOADED,108178
6d6m__1__1.A__1.E,DOWNLOADED,103872
6d6m__1__1.B__1.F,DOWNLOADED,103971
6d6m__2__1.C__1.G,DOWNLOADED,107653
6d6m__2__1.D__1.H,DOWNLOADED,108163
6d6o__1__1.A__1.E,DOWNLOADED,105172
6d6o__1__1.B__1.F,DOWNLOADED,103949
6d6o__2__1.C__1.G,DOWNLOADED,108248
6d6o__2__1.D__1.H,DOWNLOADED,108156
6d6p__1__1.A__1.E,DOWNLOADED,104781
6d6p__1__1.B__1.F,DOWNLOADED,103557
6d6p__2__1.C__1.G,DOWNLOADED,107865
6d6p__2__1.D__1.H,DOWNLOADED,107677
7d6w__1__1.B_1.K_1.L__1.BA,DOWNLOADED,299693
7d6w__1__1.K_1.L__1.CA,DOWNLOADED,200944
7d6w__1__1.L__1.DA,DOWNLOADED,105533
7d6w__2__1.J__1.AA,DOWNLOADED,104165
1dug__1__1.A_1.B__1.C,DOWNLOADED,298081
1dug__1__1.A_1.B__1.D,DOWNLOADED,298085
1duv__1__1.A_1.B__1.F,DOWNLOADED,399809
1duv__1__1.A_1.C__1.D,DOWNLOADED,398383
1duv__1__1.B_1.C__1.G,DOWNLOADED,402471
3duw__1__1.A__1.C,DOWNLOADED,137273
3duw__1__1.B__1.D,DOWNLOADED,137189
4du1__1__1.A__1.D_1.E_1.F,DOWNLOADED,595113
4du3__1__1.A__1.D_1.E_1.F_1.H,DOWNLOADED,586588
4du7__1__1.A__1.C,DOWNLOADED,206799
4du7__2__1.B__1.D,DOWNLOADED,205989
5du8__1__1.A_1.B__1.E,DOWNLOADED,284721
5du8__1__1.A_1.C__1.D,DOWNLOADED,286112
5du8__1__1.B_1.C__1.F,DOWNLOADED,289332
5dub__2__1.C_1.D__1.E_1.FA,DOWNLOADED,250167
6dux__1__1.A__1.C,DOWNLOADED,274423
3eof__1__1.A_1.B__1.C,DOWNLOADED,311785
3eou__1__1.A__1.C,DOWNLOADED,213009
3eou__1__2.A__2.C,DOWNLOADED,217185
4eo3__1__1.A_1.B__1.G,DOWNLOADED,418758
5eo2__2__1.B_1.C__1.H,DOWNLOADED,204569
5eo2__2__1.B_1.C__1.I,DOWNLOADED,204635
5eo2__3__1.E_1.F__1.K,DOWNLOADED,204639
5eo2__3__1.E_1.F__1.L,DOWNLOADED,204378
5eol__1__1.A__1.B,DOWNLOADED,181339
6eoa__1__1.A_2.A__2.B,DOWNLOADED,237183
6eoa__1__1.A_3.A__1.B,DOWNLOADED,237177
6eoe__1__1.A__1.C_1.D,DOWNLOADED,322698
6eof__1__1.A__1.B_1.C,DOWNLOADED,322131
6eoh__1__1.A_1.B__1.D,DOWNLOADED,323153
2dte__1__1.A__1.C,DOWNLOADED,160162
2dte__1__1.B__1.D,DOWNLOADED,157851
2dte__1__2.A__2.C,DOWNLOADED,158192
2dte__1__2.B__2.D,DOWNLOADED,157989
4dtf__1__1.A__1.B_1.E,DOWNLOADED,222650
4dth__1__1.A__1.B_1.E,DOWNLOADED,222525
4dth__2__1.A__1.B_1.E,DOWNLOADED,222525
4dth__2__2.A__2.B_2.E,DOWNLOADED,226939
4dti__1__1.A__1.B,DOWNLOADED,163504
4dti__1__3.A__3.B,DOWNLOADED,163633
4dtj__1__1.A__1.D_1.E_1.F,DOWNLOADED,593967
4dtk__1__1.A__1.I,DOWNLOADED,179649
4dtm__1__1.A__1.D_1.E_1.F,DOWNLOADED,594060
4dtn__1__1.A__1.D_1.E_1.F,DOWNLOADED,593229
4dto__1__1.A__1.D_1.E_1.F,DOWNLOADED,586799
4dtp__1__1.A__1.D_1.E_1.F,DOWNLOADED,593160
4dts__1__1.A__1.D_1.E_1.F,DOWNLOADED,585586
5dt2__1__1.A__1.C,DOWNLOADED,199900
5dt2__2__1.B__1.F,DOWNLOADED,204454
5dtf__1__1.A_1.B__1.E,DOWNLOADED,255236
5dtm__1__1.A__1.C,DOWNLOADED,208918
5dtm__2__1.B__1.D,DOWNLOADED,208142
5dtr__1__1.A__1.C,DOWNLOADED,202935
5dtr__2__1.B__1.D,DOWNLOADED,205064
3er9__1__1.B__1.C,DOWNLOADED,289937
3er9__1__1.B__1.G_1.H_1.I,DOWNLOADED,289839
3erg__1__1.A_1.B__1.C,DOWNLOADED,268646
3erg__1__1.A_1.B__1.D,DOWNLOADED,268643
3ern__1__1.A_1.B_1.C__1.L,DOWNLOADED,275381
3ern__2__1.D_1.E_1.F__1.S,DOWNLOADED,273246
4erf__1__1.A__1.D,DOWNLOADED,62493
5er0__1__1.A_1.B__1.E_1.F_1.I,DOWNLOADED,554699
5er0__1__1.A_1.B__1.K_1.L,DOWNLOADED,554433
5er0__2__1.C_1.D__1.P_1.Q,DOWNLOADED,551697
5er0__2__1.C_1.D__1.S_1.T_1.W,DOWNLOADED,551948
5er9__1__1.B__1.K,DOWNLOADED,257995
6erw__1__1.A__1.C,DOWNLOADED,224614
1f5v__1__1.A_1.B__1.C,DOWNLOADED,294689
1f5v__1__1.A_1.B__1.D,DOWNLOADED,294530
2f5z__1__1.A_1.B__1.T,DOWNLOADED,571784
2f5z__1__1.A_1.B__1.Y,DOWNLOADED,571555
2f5z__2__1.C_1.D__1.DA,DOWNLOADED,564930
2f5z__2__1.C_1.D__1.IA,DOWNLOADED,564846
2f5z__3__1.E_1.F__1.NA,DOWNLOADED,566136
2f5z__3__1.E_1.F__1.SA,DOWNLOADED,566048
2f5z__4__1.G_1.H__1.CB,DOWNLOADED,573632
2f5z__4__1.G_1.H__1.XA,DOWNLOADED,573552
2f5z__5__1.I_1.J__1.GB,DOWNLOADED,581680
2f5z__5__1.I_1.J__1.LB,DOWNLOADED,582001
4f5n__1__1.A__1.H,DOWNLOADED,205581
4f5p__1__1.A__1.E_1.H,DOWNLOADED,206068
6f5u__1__1.A_1.B__1.M,DOWNLOADED,243478
6f5z__1__1.A__1.E,DOWNLOADED,146330
6f5z__1__1.B__1.G,DOWNLOADED,146391
3fv5__1__1.A__1.C,DOWNLOADED,113904
3fv5__2__1.B__1.D,DOWNLOADED,114454
6fv9__1__1.A__1.H,DOWNLOADED,215598
6fvl__1__1.B__1.DA_1.EA_1.F,DOWNLOADED,227211
1f74__1__1.B_2.B__1.G,DOWNLOADED,359641
1f74__1__1.B_2.B__2.G,DOWNLOADED,359647
4f74__1__1.A_1.B__1.C,DOWNLOADED,116371
5f76__1__1.A_1.B__1.F_1.G,DOWNLOADED,349486
5f76__1__1.A_1.C__1.D_1.E,DOWNLOADED,344064
5f76__1__1.B_1.C__1.H_1.I,DOWNLOADED,346267
5f7x__1__1.A_1.B__1.F_1.G,DOWNLOADED,342483
5f7x__1__1.A_1.C__1.D_1.E,DOWNLOADED,347175
5f7x__1__1.B_1.C__1.H_1.I,DOWNLOADED,342124
6f7c__1__1.A_1.B__1.G_1.H,DOWNLOADED,1028819
6f7c__1__1.B_1.C__1.J_1.K,DOWNLOADED,1037992
6f7c__1__1.C_1.D__1.N_1.O,DOWNLOADED,1038942
6f7c__1__1.D__1.R_1.S,DOWNLOADED,510999
1d5c__1__1.A__1.B_1.C,DOWNLOADED,105184
2d52__1__1.A__1.C,DOWNLOADED,249760
2d52__1__1.B__1.D,DOWNLOADED,247797
2d5i__1__1.A_2.A__1.B,DOWNLOADED,239393
2d5i__1__1.A_2.A__2.B,DOWNLOADED,239393
4d5g__1__1.A_1.B__1.D_1.E,DOWNLOADED,718038
4d5g__1__2.A_2.B__2.D_2.E,DOWNLOADED,716731
6d55__1__1.A_1.B__1.D_1.E,DOWNLOADED,414081
6d56__1__1.A_1.B__1.D_1.E,DOWNLOADED,414092
6d59__1__1.A_1.B__1.D_1.E,DOWNLOADED,414030
6d59__1__1.B_1.C__1.F,DOWNLOADED,413913
6d5h__1__1.A_1.B__1.D_1.E,DOWNLOADED,414034
6d5j__1__1.A_1.B__1.D_1.E,DOWNLOADED,414093
6d5j__1__1.B_1.C__1.F,DOWNLOADED,413196
6d5l__1__1.A_1.B__1.D_1.E,DOWNLOADED,413814
6d5m__1__1.A_1.C__1.D_1.E,DOWNLOADED,413135
6d5v__1__1.A_1.C__1.D_1.E,DOWNLOADED,412419
6d5v__1__1.C__1.F,DOWNLOADED,308097
6d5w__1__1.A__1.D_1.E,DOWNLOADED,107025
6d5w__1__1.C__1.F,DOWNLOADED,310003
7d5c__1__1.A__1.B,DOWNLOADED,599299
7d5w__1__1.A_1.C_1.J__1.MB,DOWNLOADED,537865
7d5w__1__1.A_1.D_1.L_1.M__1.ID,DOWNLOADED,483355
7d5x__1__1.L_1.M__1.CD,DOWNLOADED,60042
7d5x__1__1.N_1.Q_1.Y_1.Z__1.AG,DOWNLOADED,489300
5et6__1__1.A__1.E,DOWNLOADED,194675
5et6__1__1.C__1.G,DOWNLOADED,192389
5et6__1__2.A__2.E,DOWNLOADED,197805
5et6__1__2.C__2.G,DOWNLOADED,195865
5et6__2__1.B__1.F,DOWNLOADED,193669
5et6__2__1.D__1.H,DOWNLOADED,192628
5et6__2__2.B__2.F,DOWNLOADED,195722
5et6__2__2.D__2.H,DOWNLOADED,194380
4df3__1__1.A__1.C,DOWNLOADED,148062
4df3__2__1.B__1.D,DOWNLOADED,149436
4df8__1__1.A__1.D_1.E_1.F_1.J,DOWNLOADED,348987
4dfk__1__1.A__1.D_1.E_1.F_1.I,DOWNLOADED,348079
4dfm__1__1.A__1.D_1.E_1.F_1.I,DOWNLOADED,346915
4dfp__1__1.A__1.D_1.E_1.F_1.K,DOWNLOADED,347662
5dfc__1__1.A__1.D,DOWNLOADED,73870
5dfd__1__1.A__1.B,DOWNLOADED,73424
6dfe__1__1.A__1.E,DOWNLOADED,204124
6dfe__2__1.B__1.F,DOWNLOADED,204898
6dfm__1__1.A__1.C,DOWNLOADED,237290
6dfm__2__1.B__1.D,DOWNLOADED,240049
7dfu__1__1.A_1.G__1.V,DOWNLOADED,231418
7dfu__1__1.C_1.D__1.O,DOWNLOADED,233904
7dfu__1__1.D_1.E__1.Q,DOWNLOADED,230458
7dfu__1__1.E_1.F__1.S,DOWNLOADED,230046
7dfu__1__1.F_1.G__1.U,DOWNLOADED,230490
1f8b__1__1.A__1.G,DOWNLOADED,244036
1f8c__1__1.A__1.G,DOWNLOADED,243970
1f8d__1__1.A__1.G,DOWNLOADED,243955
1f8e__1__1.A__1.H,DOWNLOADED,244059
2f8p__1__1.A__1.E,DOWNLOADED,122855
3f8d__1__1.A_1.B__1.E,DOWNLOADED,378663
3f8d__1__1.A_1.B__1.I,DOWNLOADED,378669
3f8d__2__1.C_1.D__1.L,DOWNLOADED,367337
3f8d__2__1.C_1.D__1.N,DOWNLOADED,367486
3f8r__1__1.A_1.B__1.E,DOWNLOADED,378127
3f8r__2__1.C_1.D__1.K,DOWNLOADED,366906
3f8w__1__1.A_1.B__1.D_1.E,DOWNLOADED,334564
3f8w__1__1.A_1.C__1.J_1.K,DOWNLOADED,332463
3f8w__1__1.B_1.C__1.H_1.I,DOWNLOADED,334422
5f85__1__1.A_1.B__1.C_1.D,DOWNLOADED,266101
5f8f__1__1.A__1.D,DOWNLOADED,218292
5f8f__1__1.B__1.H,DOWNLOADED,222273
1f6b__1__1.A__1.C_1.G,DOWNLOADED,112207
1f6b__1__1.B__1.H_1.K,DOWNLOADED,116085
3f61__1__1.A__1.B_1.C_1.E,DOWNLOADED,170673
3f63__1__1.A_1.B__1.C,DOWNLOADED,273889
3f63__1__1.A_1.B__1.D,DOWNLOADED,273883
3f64__1__1.A__1.B,DOWNLOADED,99990
3f6b__1__1.A_2.A__1.B_1.C,DOWNLOADED,632330
3f6b__1__1.A_2.A__2.B_2.C,DOWNLOADED,632330
3f6b__1__3.A_4.A__3.B_3.C,DOWNLOADED,631278
3f6b__1__3.A_4.A__4.B_4.C,DOWNLOADED,631278
3f6e__1__1.A_2.A__1.B_1.C,DOWNLOADED,631736
3f6e__1__1.A_2.A__2.B_2.C,DOWNLOADED,631736
3f6e__1__3.A_4.A__3.B_3.C,DOWNLOADED,630684
3f6e__1__3.A_4.A__4.B_4.C,DOWNLOADED,630684
3f6x__1__1.A__1.E,DOWNLOADED,170217
3f6x__3__1.C__1.G,DOWNLOADED,171274
3f6x__4__1.D__1.H,DOWNLOADED,174319
4f6u__1__1.A__1.C_1.M,DOWNLOADED,225966
4f6w__1__1.A__1.C_1.D,DOWNLOADED,224075
5f61__1__1.A__1.C_1.E,DOWNLOADED,163416
2dy1__1__1.A__1.B_1.C,DOWNLOADED,411058
2dyk__1__1.A__1.C,DOWNLOADED,96762
2dyk__2__1.B__1.D,DOWNLOADED,96413
2dyr__1__1.A_1.D_1.L_1.M__1.AB,DOWNLOADED,483456
2dyr__1__1.C_1.G__1.GA_1.LA_1.OA_1.QA_1.SA,DOWNLOADED,250137
2dyr__1__1.N_1.Q_1.Y_1.Z__1.AC,DOWNLOADED,489326
2dys__1__1.A_1.D_1.L_1.M__1.BB,DOWNLOADED,483274
2dys__1__1.C_1.J__1.UA,DOWNLOADED,209998
2dys__1__1.P_1.W__1.YB,DOWNLOADED,211752
4dyn__2__1.B__1.D,DOWNLOADED,258903
5dya__1__1.A__1.C,DOWNLOADED,73863
5dyc__1__1.A__1.C,DOWNLOADED,73993
5dyo__2__1.C_1.D__1.H,DOWNLOADED,260522
6dys__1__1.A__1.C,DOWNLOADED,139853
1fxs__1__1.A__1.B,DOWNLOADED,201738
2fxd__1__1.A_1.B__1.E,DOWNLOADED,119909
2fxv__1__1.A__1.C,DOWNLOADED,115253
2fxv__1__1.B__1.D,DOWNLOADED,116123
3cps__3__1.A_3.B__3.D,DOWNLOADED,396802
3cps__3__2.A_2.B__2.D,DOWNLOADED,397148
4cpn__1__1.A__1.G,DOWNLOADED,248219
4cpn__1__1.B__1.L,DOWNLOADED,244402
4cpn__1__2.A__2.G,DOWNLOADED,247033
4cpn__1__2.B__2.L,DOWNLOADED,249408
4cpy__1__1.A__1.G_1.Q,DOWNLOADED,246263
4cpy__1__1.B__1.U,DOWNLOADED,246409
4cpy__1__2.A__2.G_2.Q,DOWNLOADED,247363
4cpy__1__2.B__2.U,DOWNLOADED,246672
4cpz__1__1.E__1.FA,DOWNLOADED,244808
4cpz__1__1.F__1.HA,DOWNLOADED,245924
4cpz__1__2.G__2.KA,DOWNLOADED,247211
4cpz__1__2.H__2.NA,DOWNLOADED,247636
4cpz__2__1.A__1.S,DOWNLOADED,244880
4cpz__2__1.B__1.V,DOWNLOADED,245328
4cpz__2__1.C__1.Y,DOWNLOADED,244470
4cpz__2__1.D__1.BA,DOWNLOADED,244440
5cp0__1__1.A_1.B__1.B_1.E,DOWNLOADED,106694
5cpb__1__1.A__1.G,DOWNLOADED,165180
5cpb__1__1.B__1.H,DOWNLOADED,153386
5cpb__1__1.E__1.K,DOWNLOADED,159595
5cpb__2__1.C__1.I,DOWNLOADED,163836
5cpb__2__1.D__1.J,DOWNLOADED,162121
5cpb__2__2.C__2.I,DOWNLOADED,164690
5cpb__2__2.D__2.J,DOWNLOADED,164275
6cpq__1__1.A__1.E_1.F_1.I,DOWNLOADED,210703
6cpt__1__1.A__1.D,DOWNLOADED,336035
7cp6__1__1.A__1.C,DOWNLOADED,266120
7cp7__1__1.A__1.B,DOWNLOADED,273519
2e99__1__1.A__1.D,DOWNLOADED,146250
4e91__1__1.A__1.C,DOWNLOADED,84940
4e91__2__1.B__1.I,DOWNLOADED,87454
4e92__1__1.A__1.C,DOWNLOADED,89078
4e92__3__1.A_1.B__1.C,DOWNLOADED,171710
5e95__1__1.B__1.C_1.D,DOWNLOADED,106647
5e9w__1__1.A__1.E,DOWNLOADED,179944
5e9w__2__1.B__1.F,DOWNLOADED,181375
5e9w__3__1.C__1.G,DOWNLOADED,180037
5e9w__4__1.D__1.H,DOWNLOADED,183851
5e9z__1__1.A__1.E_1.F,DOWNLOADED,294307
5e9z__2__1.B__1.H_1.I,DOWNLOADED,294412
5e9z__3__1.C__1.J_1.K,DOWNLOADED,283832
5e9z__4__1.D__1.L_1.M,DOWNLOADED,287968
6e99__1__1.A_1.B__1.C,DOWNLOADED,233682
4dh1__1__1.A_1.B__1.C_1.D,DOWNLOADED,237627
4dh3__1__1.A_1.B__1.C_1.D_1.E,DOWNLOADED,237866
4dh5__1__1.A_1.B__1.C_1.D_1.E_1.F,DOWNLOADED,238251
4dh7__1__1.A_1.B__1.C_1.D_1.E,DOWNLOADED,237898
4dh8__1__1.A_1.B__1.C_1.D_1.E,DOWNLOADED,237848
5dh3__1__1.A__1.C,DOWNLOADED,183220
5dh3__1__1.B__1.E,DOWNLOADED,181034
5dhf__1__1.A__1.E_1.F,DOWNLOADED,133381
5dhp__1__1.A_1.C__1.G,DOWNLOADED,327456
5dhp__1__1.A_1.C__1.J,DOWNLOADED,327456
5dhq__1__1.A_1.C__1.F,DOWNLOADED,326778
5dhq__1__1.B_1.D__1.H,DOWNLOADED,324043
5dhq__1__1.B_1.D__1.K,DOWNLOADED,324154
5dhu__1__1.A_1.C__1.F,DOWNLOADED,324082
5dhu__1__1.B_1.D__1.H,DOWNLOADED,320432
5dhu__1__1.B_1.D__1.J,DOWNLOADED,320432
6dh1__1__1.A_1.B__1.E,DOWNLOADED,233419
6dh2__1__1.A_1.B__1.D,DOWNLOADED,233176
6dh4__1__1.A_1.B__1.F,DOWNLOADED,230251
6dh5__1__1.A_1.B__1.F,DOWNLOADED,231670
6dh7__1__1.A_1.B__1.E,DOWNLOADED,231056
6dh8__1__1.A_1.B__1.G,DOWNLOADED,231696
7dh1__1__1.A_1.B__1.C_1.D,DOWNLOADED,188549
7dh1__1__1.A_1.B__1.E_1.F,DOWNLOADED,188549
7dh3__1__1.A__1.B,DOWNLOADED,214864
7dh9__1__1.A__1.B,DOWNLOADED,214013
1fc0__1__1.A__1.C,DOWNLOADED,523170
1fc0__1__1.B__1.E,DOWNLOADED,521617
1fch__2__1.B__1.D,DOWNLOADED,190423
1fch__3__1.A_1.B__1.D,DOWNLOADED,371705
1fch__3__1.A_2.B__1.C,DOWNLOADED,373165
1fch__3__1.B_2.A__2.C,DOWNLOADED,373935
1fch__3__2.A_2.B__2.D,DOWNLOADED,376424
1fch__5__2.B__2.D,DOWNLOADED,192547
4fcw__1__1.A__1.D,DOWNLOADED,200689
4fcw__2__1.B__1.E,DOWNLOADED,197037
4fcw__3__1.C__1.F,DOWNLOADED,196992
6fc1__1__1.A__1.E,DOWNLOADED,226413
6fcx__1__1.A__1.D,DOWNLOADED,383553
1fnb__1__1.A__1.D,DOWNLOADED,190254
1fnc__1__1.A__1.C,DOWNLOADED,190087
1fnd__1__1.A__1.C,DOWNLOADED,190253
1fnn__1__1.A__1.C_1.D,DOWNLOADED,243148
1fnn__2__1.B__1.E_1.F,DOWNLOADED,244431
1fnz__1__1.A__1.B,DOWNLOADED,144604
1fnz__1__3.A__3.B,DOWNLOADED,144607
2fn3__1__1.A_2.A__1.C_1.F,DOWNLOADED,630257
2fn3__1__1.A_2.A__2.C_2.F,DOWNLOADED,630257
2fn3__1__3.A_4.A__3.C_3.F,DOWNLOADED,629220
2fn3__1__3.A_4.A__4.C_4.F,DOWNLOADED,629220
2fn4__1__1.A__1.B_1.C,DOWNLOADED,108103
4fn4__1__1.B__1.G,DOWNLOADED,153542
5fnc__1__1.A__1.B,DOWNLOADED,130104
5fns__1__1.A__1.B,DOWNLOADED,178489
1e7v__1__1.A__1.B,DOWNLOADED,550783
2e7p__3__1.B__1.G,DOWNLOADED,69307
2e7p__4__1.C__1.H,DOWNLOADED,71024
2e7p__5__1.D__1.I,DOWNLOADED,61964
2e7r__1__1.A__1.H,DOWNLOADED,167788
3e7j__1__1.A__1.C_1.I,DOWNLOADED,477446
4e7b__4__1.D__1.ZA,DOWNLOADED,254721
4e7e__4__1.D__1.N_1.R_1.S,DOWNLOADED,254875
4e7f__1__1.A__1.G_1.I,DOWNLOADED,252771
4e7s__1__1.A__1.C_1.D_1.E,DOWNLOADED,490368
4e7s__2__1.B__1.J_1.K_1.L,DOWNLOADED,483280
5e7j__1__1.A__1.B,DOWNLOADED,278039
6e7r__1__1.A_1.B__1.N,DOWNLOADED,455595
6e7r__2__1.C_1.D__1.X,DOWNLOADED,449295
6e7t__1__1.A_1.B__1.P,DOWNLOADED,434192
6e7u__1__1.A_1.B__1.L,DOWNLOADED,458687
6e7u__2__1.C_1.D__1.W,DOWNLOADED,452261
3g0w__1__1.A__1.B,DOWNLOADED,162210
4g0n__1__1.A__1.C_1.E,DOWNLOADED,105177
5g0w__1__1.A__1.E,DOWNLOADED,157664
5g0w__1__1.D__1.K,DOWNLOADED,155483
6g05__1__1.A__1.E,DOWNLOADED,160477
6g05__2__1.B__1.F,DOWNLOADED,162651
6g0z__1__1.B__1.D,DOWNLOADED,191422
6g0z__2__1.A__1.C,DOWNLOADED,190968
3fg2__1__1.A__1.B,DOWNLOADED,254914
4fg9__2__1.B__1.D,DOWNLOADED,179320
4fg9__3__1.A_2.B__2.D,DOWNLOADED,349247
4fg9__3__1.B_3.A__1.D,DOWNLOADED,350150
4fgz__1__1.A__1.C,DOWNLOADED,169588
4fgz__1__1.A__1.E,DOWNLOADED,169780
4fgz__2__1.B__1.G,DOWNLOADED,169767
4fgz__2__1.B__1.H_1.J,DOWNLOADED,170467
4fgz__2__1.B__1.I,DOWNLOADED,170104
5fg3__1__1.A__1.B,DOWNLOADED,378619
6fg0__1__1.A_1.D__1.F_1.G,DOWNLOADED,398382
6fg0__1__1.A_1.D__1.O_1.P,DOWNLOADED,398311
6fg0__1__1.B_1.C__1.L_1.M,DOWNLOADED,400584
6fgq__1__1.A__1.C,DOWNLOADED,154932
6fgq__2__1.B__1.D,DOWNLOADED,146549
1ec0__1__1.A_1.B__1.C,DOWNLOADED,119583
3ec1__1__1.A__1.C,DOWNLOADED,195782
3ec1__2__1.B__1.D,DOWNLOADED,198770
3eck__1__1.C__1.L_1.N,DOWNLOADED,230729
3ecn__1__1.A__1.C,DOWNLOADED,218559
3ecn__2__1.B__1.F,DOWNLOADED,221615
4ecj__1__1.A_1.B__1.C,DOWNLOADED,259735
4ecj__1__1.A_1.B__1.D,DOWNLOADED,259737
5ec4__1__1.A_5.A__1.C,DOWNLOADED,482738
5ec4__1__1.A_5.A__5.C,DOWNLOADED,482737
5ech__1__1.B_1.C__1.I,DOWNLOADED,270640
5ech__1__1.B_1.C__1.J,DOWNLOADED,270459
5ech__2__1.E_1.F__1.M,DOWNLOADED,271062
5ech__2__1.E_1.F__1.N,DOWNLOADED,271242
5eci__1__1.B_1.C__1.K,DOWNLOADED,273272
5eci__2__1.E_1.F__1.P,DOWNLOADED,273262
5eck__1__1.B_1.C__1.K,DOWNLOADED,272352
5eck__1__1.B__1.J,DOWNLOADED,138623
5eck__2__1.E_1.F__1.P,DOWNLOADED,273749
5eck__2__1.E__1.O,DOWNLOADED,139555
5ecl__1__1.B_1.C__1.J,DOWNLOADED,271384
5ecl__1__1.B_1.C__1.K,DOWNLOADED,271492
5ecl__2__1.E_1.F__1.Q,DOWNLOADED,271558
5ecl__2__1.F__1.R,DOWNLOADED,138771
5ecm__1__1.B_1.C__1.J,DOWNLOADED,270969
5ecm__1__1.B__1.I,DOWNLOADED,139055
5ecm__2__1.E_1.F__1.N,DOWNLOADED,270571
5ecm__2__1.E__1.M,DOWNLOADED,136849
5ecn__1__1.B_1.C__1.J,DOWNLOADED,273769
5ecn__1__1.C__1.K,DOWNLOADED,139327
5ecn__2__1.E_1.F__1.O,DOWNLOADED,273362
5ecn__2__1.E_1.F__1.P,DOWNLOADED,273254
5eco__1__1.B_1.C__1.J,DOWNLOADED,271299
5eco__1__1.C__1.K,DOWNLOADED,137567
5eco__2__1.E_1.F__1.N,DOWNLOADED,271850
5eco__2__1.E_1.F__1.O,DOWNLOADED,271922
5ecp__1__1.B_1.C__1.J,DOWNLOADED,272506
5ecp__1__1.B_1.C__1.K,DOWNLOADED,272397
5ecp__2__1.E_1.F__1.O,DOWNLOADED,274923
5ecp__2__1.E_1.F__1.P,DOWNLOADED,274739
5ecq__1__1.B_1.C__1.K,DOWNLOADED,273542
5ecq__1__1.B__1.J,DOWNLOADED,139940
5ecq__2__1.E_1.F__1.P,DOWNLOADED,273326
5ecq__2__1.E__1.O,DOWNLOADED,139579
5ecr__1__1.B_1.C__1.I,DOWNLOADED,272787
5ecr__1__1.C__1.J,DOWNLOADED,137870
5ecr__2__1.E_1.F__1.O,DOWNLOADED,273380
5ecs__1__1.A_2.A__1.C,DOWNLOADED,275782
5ecs__1__1.A_2.A__2.C,DOWNLOADED,275782
5ecs__2__1.B_2.B__1.D,DOWNLOADED,273771
5ecs__2__1.B_2.B__2.D,DOWNLOADED,273771
6ecl__1__1.A_1.B__1.D,DOWNLOADED,635530
6ecv__1__1.A__1.C,DOWNLOADED,181369
6ecw__1__1.A__1.C,DOWNLOADED,181906
6ecw__1__1.B__1.D,DOWNLOADED,181815
6ecx__1__1.A__1.B,DOWNLOADED,189208
2fsv__1__1.A__1.D,DOWNLOADED,219460
2fsv__1__1.B_1.C__1.H,DOWNLOADED,327024
3fs1__1__1.A__1.B,DOWNLOADED,148771
3fsj__1__1.A_2.A__1.B_1.C,DOWNLOADED,617889
3fsj__1__1.A_2.A__2.B_2.C,DOWNLOADED,617890
3fsj__1__3.A_4.A__3.B_3.C,DOWNLOADED,625308
3fsj__1__3.A_4.A__4.B_4.C,DOWNLOADED,625309
5fs6__1__1.A__1.C,DOWNLOADED,289152
6fsa__1__1.A__1.E_1.F,DOWNLOADED,516723
6fsa__2__1.B__1.J_1.K,DOWNLOADED,506693
1f1b__1__1.A_2.A__1.E,DOWNLOADED,377734
1f1b__1__1.A_3.A__3.E,DOWNLOADED,378156
1f1b__1__1.C_2.C__2.G,DOWNLOADED,378798
1f1b__1__1.C_3.C__1.G,DOWNLOADED,378350
5f1h__1__1.A__1.C,DOWNLOADED,73826
5f1l__1__1.A__1.C,DOWNLOADED,73827
5f1x__1__1.A__1.C,DOWNLOADED,236894
5f1x__2__1.B__1.D,DOWNLOADED,242315
1cf3__1__1.A__1.F,DOWNLOADED,358799
3cfd__1__1.C_1.D__1.G,DOWNLOADED,263450
3cfd__2__1.A_1.B__1.E,DOWNLOADED,265557
7cfe__1__1.A__1.B,DOWNLOADED,130057
7cfu__1__1.A_1.C_1.H__1.Y,DOWNLOADED,303242
7cfu__1__1.A_1.D_1.P__1.CA,DOWNLOADED,306070
7cfu__1__1.A_1.H_1.I__1.GA,DOWNLOADED,303165
7cfu__1__1.B_1.N_1.O__1.MA,DOWNLOADED,307026
7cfu__1__1.C_1.D_1.T__1.BA,DOWNLOADED,303997
7cfu__1__1.C_1.T_1.U__1.SA,DOWNLOADED,303277
7cfu__1__1.D_1.N_1.P__1.OA,DOWNLOADED,307504
7cfu__1__1.H_1.J_1.U__1.IA,DOWNLOADED,302323
7cfu__1__1.I_1.J_1.O__1.HA,DOWNLOADED,303337
7cfu__1__1.I_1.O_1.P__1.NA,DOWNLOADED,304955
7cfu__2__1.E_1.F_1.K__1.DA,DOWNLOADED,306859
7cfu__2__1.E_1.G_2.S__1.FA,DOWNLOADED,307511
7cfu__2__1.E_1.K_1.L__1.JA,DOWNLOADED,306489
7cfu__2__1.F_1.G_1.W__1.EA,DOWNLOADED,308037
7cfu__2__1.F_1.W_1.X__1.VA,DOWNLOADED,308517
7cfu__2__1.G_2.Q_2.S__2.RA,DOWNLOADED,308720
7cfu__2__1.K_1.M_1.X__1.LA,DOWNLOADED,307530
7cfu__2__1.L_1.M_2.R__1.KA,DOWNLOADED,307152
7cfu__2__1.L_2.R_2.S__2.QA,DOWNLOADED,307536
7cfu__2__1.M_1.V_1.X__1.WA,DOWNLOADED,308815
7cfu__2__1.V_1.W_2.Q__1.UA,DOWNLOADED,310488
7cfu__2__1.V_2.Q_2.R__2.PA,DOWNLOADED,310012
2eq6__1__1.A_1.B__1.C,DOWNLOADED,541648
2eq6__1__1.A_1.B__1.D,DOWNLOADED,541773
2eq8__1__1.A_1.B__1.G,DOWNLOADED,544515
2eq8__1__1.A_1.B__1.H,DOWNLOADED,544445
2eq8__2__1.D_1.E__1.I,DOWNLOADED,539764
2eq8__2__1.D_1.E__1.J,DOWNLOADED,539627
2eq9__1__1.A_1.B__1.M,DOWNLOADED,542042
2eq9__1__1.A_1.B__1.N,DOWNLOADED,542101
2eq9__2__1.D_1.E__1.O,DOWNLOADED,542639
2eq9__2__1.D_1.E__1.P,DOWNLOADED,542645
2eq9__3__1.G_1.H__1.Q,DOWNLOADED,547405
2eq9__3__1.G_1.H__1.R,DOWNLOADED,547469
2eq9__4__1.J_1.K__1.S,DOWNLOADED,540308
2eq9__4__1.J_1.K__1.T,DOWNLOADED,540081
2eqa__1__1.A__1.B_1.C,DOWNLOADED,204503
5eqd__1__1.A__1.C,DOWNLOADED,257604
5eqd__1__1.B__1.J,DOWNLOADED,256755
5equ__2__1.B__1.J,DOWNLOADED,162033
5equ__3__1.C__1.M,DOWNLOADED,159471
5equ__4__1.D__1.P,DOWNLOADED,160442
1fd7__1__1.B_1.C__1.L,DOWNLOADED,129520
1fd7__1__1.C_1.D__1.M,DOWNLOADED,128537
1fd7__2__1.F_1.G__1.P,DOWNLOADED,130596
1fd7__2__1.F_1.J__1.T,DOWNLOADED,130630
1fd7__2__1.I_1.J__1.S,DOWNLOADED,130775
4fdc__1__1.A__1.B,DOWNLOADED,295370
5fd0__1__1.A__1.B,DOWNLOADED,588430
5fd0__2__2.A__2.B,DOWNLOADED,595902
5fdg__1__1.A__1.C_1.D_1.E,DOWNLOADED,119601
6fds__1__1.A__1.D,DOWNLOADED,216028
6fdw__1__1.A__1.C,DOWNLOADED,215596
6fdw__2__1.B__1.H,DOWNLOADED,215099
4fic__1__1.A__1.C,DOWNLOADED,160192
4fic__2__1.B__1.D,DOWNLOADED,154374
5fiu__1__1.A_1.C__1.D_1.I,DOWNLOADED,353610
5fiu__1__1.B_1.C__1.G_1.H,DOWNLOADED,353789
5fiu__1__2.A_2.C__2.D_2.I,DOWNLOADED,355156
5fiu__1__2.B_2.C__2.G_2.H,DOWNLOADED,355227
6fii__1__1.A_1.B__1.G_1.I,DOWNLOADED,540208
6fii__1__1.B_1.C__1.J_1.L,DOWNLOADED,540010
6fii__1__1.C_1.D__1.P_1.Q,DOWNLOADED,542670
6fii__1__1.D__1.T_1.V,DOWNLOADED,269915
2foo__1__1.A__1.B,DOWNLOADED,94500
2fop__1__1.A__1.B,DOWNLOADED,94771
5foe__1__1.A__1.D,DOWNLOADED,283540
5foe__2__1.B__1.J,DOWNLOADED,289255
5foq__1__1.A__1.E,DOWNLOADED,332078
5foq__1__1.B__1.I,DOWNLOADED,334864
6fo8__1__1.A__1.C,DOWNLOADED,154081
6fo8__1__2.A__2.C,DOWNLOADED,153767
1ftx__1__1.A_1.B__1.C,DOWNLOADED,474293
1ftx__1__1.A_1.B__1.D,DOWNLOADED,474220
5ft3__1__1.A_1.B__1.C,DOWNLOADED,267671
5ft3__1__1.A_1.B__1.D,DOWNLOADED,267678
6ftm__2__1.B__1.PA,DOWNLOADED,215321
6ftn__1__1.A__1.B,DOWNLOADED,543477
3fzg__1__1.A__1.B,DOWNLOADED,129337
3fzn__1__1.A_1.B__1.E_1.F,DOWNLOADED,627467
3fzn__1__1.A_1.B__1.L_1.M,DOWNLOADED,627467
3fzn__1__1.C_1.D__1.AA_1.Z,DOWNLOADED,624999
6fz2__1__1.A__1.C,DOWNLOADED,239412
6fzu__1__1.A__1.E,DOWNLOADED,160905
6fzu__2__1.B__1.F,DOWNLOADED,158684
2ewb__1__1.A__1.B_1.C_1.E_1.F,DOWNLOADED,296142
2ewb__1__2.A__2.B_2.C_2.E_2.F,DOWNLOADED,296067
2ewb__1__3.A__3.B_3.C_3.E_3.F,DOWNLOADED,297669
2ewb__1__4.A__4.B_4.C_4.E_4.F,DOWNLOADED,296693
2ewb__1__5.A__5.B_5.C_5.E_5.F,DOWNLOADED,297496
2ewb__1__6.A__6.B_6.C_6.E_6.F,DOWNLOADED,297074
4ewh__1__2.A__2.C,DOWNLOADED,176875
5ew0__1__1.A__1.C_1.D,DOWNLOADED,142958
5ew0__2__1.B__1.E_1.F,DOWNLOADED,144730
5ewa__1__1.A__1.E_1.F_1.G_1.H,DOWNLOADED,139158
5ewa__3__1.C__1.L_1.M_1.O,DOWNLOADED,142296
6ew3__2__1.B__1.K_1.L_1.P_1.Q_1.R,DOWNLOADED,143159
6ew7__1__1.A_1.B__1.D,DOWNLOADED,153771
6ew7__1__1.A_1.B__1.F,DOWNLOADED,153768
6ewf__1__1.A__1.C,DOWNLOADED,272560
2fy4__1__1.A__1.B,DOWNLOADED,369560
2fyb__1__1.A__1.B_1.C,DOWNLOADED,175453
2fyc__1__1.B__1.G_1.H,DOWNLOADED,178717
2fyc__1__1.B__1.I,DOWNLOADED,177330
2fyc__2__1.D__1.K_1.L,DOWNLOADED,179603
3fye__1__1.A_1.B__1.Y,DOWNLOADED,504273
3fye__2__1.C_1.D__1.RA,DOWNLOADED,500945
3fyi__1__1.A_1.B__1.Z,DOWNLOADED,504155
4fyr__1__1.A__1.K_1.L,DOWNLOADED,582812
4fys__1__1.A__1.B,DOWNLOADED,585663
4fyt__1__1.A_1.B__1.B_1.K,DOWNLOADED,586354
4fyt__1__2.A_2.B__2.B_2.K,DOWNLOADED,588507
6fyp__1__1.A__1.B,DOWNLOADED,234195
6fyr__1__1.A__1.B,DOWNLOADED,233361
6fyv__1__1.A__1.B,DOWNLOADED,221051
1ez0__1__1.A__1.E,DOWNLOADED,305923
1ez0__1__1.D__1.H,DOWNLOADED,304570
1ez0__2__1.B__1.F,DOWNLOADED,305675
1ez0__2__1.C__1.G,DOWNLOADED,303136
1ez0__3__1.D_2.C__2.G,DOWNLOADED,598753
2ez4__1__1.A_2.A__1.C_1.F,DOWNLOADED,717893
2ez4__1__1.A_2.A__1.G,DOWNLOADED,719925
2ez4__1__1.A_2.A__2.C_2.F,DOWNLOADED,717975
2ez4__1__1.A_2.A__2.G,DOWNLOADED,720000
2ez4__1__1.B_2.B__1.I_1.K,DOWNLOADED,716661
2ez4__1__1.B_2.B__1.L,DOWNLOADED,718832
2ez4__1__1.B_2.B__2.I_2.K,DOWNLOADED,716586
2ez4__1__1.B_2.B__2.L,DOWNLOADED,718837
4ezw__1__1.A__1.E,DOWNLOADED,132837
5ez2__1__1.A_2.A__1.C_1.E,DOWNLOADED,206011
5ez2__1__1.A_2.A__2.C_2.E,DOWNLOADED,206083
5ez2__1__1.B_2.B__1.F_1.G,DOWNLOADED,205894
5ez2__1__1.B_2.B__2.F_2.G,DOWNLOADED,205821
5ez6__1__1.A__1.D_1.E,DOWNLOADED,114391
5ezp__2__1.E_1.F_1.H__1.L,DOWNLOADED,211604
5ezy__1__1.A_1.B__1.G_1.H,DOWNLOADED,1061674
5ezy__1__1.B_1.C__1.J_1.K,DOWNLOADED,1061425
5ezy__1__1.D__1.R_1.S,DOWNLOADED,527950
5ezy__1__1.F__1.U,DOWNLOADED,438252
6ez6__1__1.A__1.B,DOWNLOADED,566501
6eze__1__1.A__1.C_1.D,DOWNLOADED,240477
6eze__2__1.B__1.M_1.N,DOWNLOADED,238587
6ezs__1__1.A__1.C,DOWNLOADED,413400
6ezs__2__1.B__1.E,DOWNLOADED,409571
6ezu__1__1.A__1.C_1.D_1.E,DOWNLOADED,216796
6ezu__1__1.B__1.F_1.G_1.H,DOWNLOADED,210467
3fk0__1__1.A__1.B_1.D,DOWNLOADED,257495
4fk2__1__1.A__1.D_1.E_1.F,DOWNLOADED,593760
4fk4__1__1.A__1.D_1.E_1.F,DOWNLOADED,597040
6fk6__1__1.A__1.D_1.H,DOWNLOADED,222691
6fkc__1__1.A__1.D_1.F,DOWNLOADED,223508
6fkd__1__1.A__1.D_1.I,DOWNLOADED,215148
6fkj__1__1.A_1.B__1.G_1.H,DOWNLOADED,539777
6fkj__1__1.A_1.B__1.K,DOWNLOADED,538613
6fkj__1__1.B_1.C__1.L_1.M,DOWNLOADED,539328
6fkj__1__1.C_1.D__1.S_1.T,DOWNLOADED,542757
6fkj__1__1.C_1.D__1.V,DOWNLOADED,541519
6fkj__1__1.D__1.W_1.X,DOWNLOADED,270491
6fkj__1__1.F__1.AA_1.Z,DOWNLOADED,230162
6fkl__1__1.A_1.B__1.G_1.H,DOWNLOADED,540840
6fkl__1__1.A_1.B__1.R,DOWNLOADED,539518
6fkl__1__1.C_1.D__1.X,DOWNLOADED,539835
6fkl__1__1.F__1.Y_1.Z,DOWNLOADED,230000
6fku__1__1.B__1.R,DOWNLOADED,328773
6fku__1__2.B__2.R,DOWNLOADED,325041
1g6k__1__1.A__1.E,DOWNLOADED,160485
1g6k__1__1.B__1.F,DOWNLOADED,159798
1g6k__1__2.A__2.E,DOWNLOADED,159151
1g6k__1__2.B__2.F,DOWNLOADED,161630
1g6k__2__1.C__1.G,DOWNLOADED,159597
1g6k__2__1.D__1.H,DOWNLOADED,161299
1g6k__3__2.C__2.G,DOWNLOADED,161756
1g6k__3__2.D__2.H,DOWNLOADED,159511
1g6t__1__1.A__1.B_1.C_1.D,DOWNLOADED,257081
3g6g__1__1.A__1.C,DOWNLOADED,171844
3g6g__2__1.B__1.E,DOWNLOADED,172244
4g6i__1__1.A_1.B__1.D,DOWNLOADED,239464
4g6i__1__1.A_1.C__1.E,DOWNLOADED,238679
4g6i__1__1.B_1.C__1.F,DOWNLOADED,238853
4g6i__1__1.C__1.G,DOWNLOADED,122227
5g6u__1__1.A_1.C__1.E,DOWNLOADED,318165
5g6u__1__1.B_1.D__1.BA,DOWNLOADED,314248
1g7c__1__1.A_1.B__1.C,DOWNLOADED,325466
2g71__1__1.A__1.C,DOWNLOADED,164012
2g76__1__1.A_1.B__1.E_1.F,DOWNLOADED,351323
2g76__1__1.A__1.C_1.D,DOWNLOADED,180137
2g77__1__1.A_1.B__1.C_1.D_1.E,DOWNLOADED,330870
3g7i__1__1.A_1.B__1.C,DOWNLOADED,258731
4g7a__1__1.A__1.C_1.D,DOWNLOADED,146136
4g7a__1__1.B__1.E_1.F,DOWNLOADED,147218
6g71__1__1.A__1.B_1.C,DOWNLOADED,243509
6g77__1__1.A__1.D,DOWNLOADED,191971
6g78__1__1.A__1.C,DOWNLOADED,187194
6g78__2__1.B__1.D,DOWNLOADED,183566
3gi4__1__1.A_1.B__1.C_1.G,DOWNLOADED,118577
3gid__1__1.A__1.C,DOWNLOADED,293991
3gid__2__1.B__1.D,DOWNLOADED,294508
3giq__1__1.A__1.C_1.D_1.E,DOWNLOADED,283631
3giq__2__1.B__1.F_1.G_1.H,DOWNLOADED,284842
5gic__1__1.A__1.C,DOWNLOADED,148423
5gie__1__1.A__1.E,DOWNLOADED,159680
6gi9__1__1.A__1.B_1.C,DOWNLOADED,430152
2f2u__1__1.A__1.C,DOWNLOADED,251565
2f2u__1__2.A__2.C,DOWNLOADED,257831
2f2u__2__1.B__1.D,DOWNLOADED,251051
2f2u__2__2.B__2.D,DOWNLOADED,251437
3f28__1__1.A__1.F_1.G,DOWNLOADED,192849
3f2a__1__1.A__1.B_1.C,DOWNLOADED,181279
3f2c__1__1.A__1.D_1.I,DOWNLOADED,628218
4f2p__1__1.A_1.B__1.C,DOWNLOADED,277180
4f2w__1__1.A_1.B__1.C,DOWNLOADED,275220
4f2w__1__1.A_1.B__1.H,DOWNLOADED,275220
5f25__1__1.A__1.C,DOWNLOADED,72649
5f27__1__1.A__1.B,DOWNLOADED,116331
5f27__1__1.A__1.C,DOWNLOADED,116331
5f27__1__2.A__2.C,DOWNLOADED,116966
5f2p__1__1.A__1.C,DOWNLOADED,74365
5f2r__1__1.A__1.C_1.D,DOWNLOADED,237498
5f2r__2__1.B__1.E_1.F,DOWNLOADED,241676
2fb2__1__1.A__1.D_1.E,DOWNLOADED,210351
2fb2__1__1.B__1.G_1.H_1.I,DOWNLOADED,211174
2fbw__2__1.F_1.G_1.H__1.JJ,DOWNLOADED,299359
3fbs__1__1.A__1.C_1.F,DOWNLOADED,180114
3fbs__1__2.A__2.C_2.F,DOWNLOADED,181859
3fbs__2__1.B__1.G_1.I,DOWNLOADED,181142
3fbs__2__2.B__2.G_2.I,DOWNLOADED,182813
5fbk__1__1.A__1.C,DOWNLOADED,308984
5fbk__1__1.B__1.M,DOWNLOADED,295783
6fbe__1__1.A__1.D_1.E_1.G,DOWNLOADED,669277
6fbf__1__1.A__1.D_1.E_1.F,DOWNLOADED,647898
6fbg__1__1.A__1.D_1.E_1.J,DOWNLOADED,660763
6fbh__1__1.A__1.D_1.E_1.G,DOWNLOADED,656269
1exb__1__1.A__1.C,DOWNLOADED,204617
2ex1__1__1.A__1.B,DOWNLOADED,247329
2ext__1__1.A_1.B__1.E,DOWNLOADED,78676
2ext__1__1.A_4.C__1.D,DOWNLOADED,79041
2ext__1__1.B_1.C__1.F,DOWNLOADED,80406
2ext__1__1.C_3.A__3.D,DOWNLOADED,78684
2exx__1__1.A_1.B__1.C_1.D,DOWNLOADED,368615
3ex7__1__1.C__1.K_1.L_1.M,DOWNLOADED,255758
3ex7__2__1.G__1.N_1.O_1.P,DOWNLOADED,253592
5ex5__1__1.A__1.C_1.D_1.E,DOWNLOADED,238531
5ex5__2__1.B__1.F_1.G_1.H,DOWNLOADED,241894
5exw__1__1.A__1.C,DOWNLOADED,237444
5exw__2__1.B__1.D,DOWNLOADED,241797
2gg6__1__1.A__1.B_1.D,DOWNLOADED,272708
2ggs__1__1.A__1.C,DOWNLOADED,177523
3ggo__2__1.D__1.J,DOWNLOADED,182911
3ggp__2__1.D__1.L,DOWNLOADED,185775
4ggl__1__1.A__1.B,DOWNLOADED,124632
4ggq__3__1.C__1.J,DOWNLOADED,109313
4ggq__4__1.D__1.K,DOWNLOADED,108274
6gg9__2__1.D__1.H,DOWNLOADED,86868
6ggi__1__1.A__1.C_1.D_1.E_1.H_1.I,DOWNLOADED,196802
6ggi__1__1.B__1.P_1.Q_1.R_1.T_1.U,DOWNLOADED,199021
6ggn__1__1.A__1.B,DOWNLOADED,64181
3ay9__1__1.A__1.B_1.C_1.D_1.E,CACHED,239097
6ay3__2__1.B__1.F,CACHED,77452
6ayh__1__1.A__1.C,CACHED,222075
6ayi__1__1.A__1.E,CACHED,116307
6ayi__1__1.B__1.F,CACHED,91258
6ayi__2__1.C__1.G,CACHED,116165
6ayi__2__1.D__1.H,CACHED,91240
6ayo__1__1.A_1.B__1.C,CACHED,283675
6ayo__1__1.A_1.B__1.E,CACHED,283566
6ayq__1__1.A_1.B__1.C,DOWNLOADED,273275
6ayq__1__1.A_1.B__1.D,DOWNLOADED,273383
6ayr__1__1.A_1.B__1.E,DOWNLOADED,278256
6ayr__1__1.A_1.B__1.G,DOWNLOADED,278255
6ayr__2__1.C_1.D__1.H,DOWNLOADED,277351
6ayr__2__1.C_1.D__1.J,DOWNLOADED,277351
6ays__1__1.A_1.B__1.J,DOWNLOADED,279902
6ays__1__1.A_1.B__1.M,DOWNLOADED,279902
6ays__2__1.C_1.G__1.N,DOWNLOADED,284007
6ays__2__1.C_1.G__1.T,DOWNLOADED,284010
6ays__3__1.D_1.H__1.P,DOWNLOADED,281511
6ays__3__1.D_1.H__1.U,DOWNLOADED,281513
6ays__4__1.E_1.F__1.Q,DOWNLOADED,279238
6ays__4__1.E_1.F__1.R,DOWNLOADED,279240
6ayt__1__1.A_1.D__1.E,DOWNLOADED,280093
6ayt__1__1.A_1.D__1.J,DOWNLOADED,280093
6ayt__2__1.B_1.C__1.G,DOWNLOADED,279815
6ayt__2__1.B_1.C__1.H,DOWNLOADED,279708
7ayg__1__1.A_1.B__1.I_1.K,DOWNLOADED,642484
7ayg__1__1.A_1.B__1.L_1.N,DOWNLOADED,642568
7ayg__1__1.A__1.J,DOWNLOADED,328513
7ayg__1__1.B__1.M,DOWNLOADED,325217
7ayg__1__1.C__1.P,DOWNLOADED,333372
7ayg__1__1.D__1.S,DOWNLOADED,330502
7ayg__2__1.E_1.F__1.U_1.W,DOWNLOADED,655337
7ayg__2__1.E_1.F__1.X_1.Z,DOWNLOADED,655417
7ayg__2__1.E__1.V,DOWNLOADED,335728
7ayg__2__1.F__1.Y,DOWNLOADED,331165
7ayg__2__1.G__1.BA,DOWNLOADED,334440
7ayg__2__1.H__1.EA,DOWNLOADED,330732
3gl0__1__1.A__1.E_1.F_1.G,DOWNLOADED,212684
4gll__1__1.A__1.C,DOWNLOADED,195992
4gll__1__1.B__1.F,DOWNLOADED,195724
1ebw__1__1.A_1.B__1.C,DOWNLOADED,119819
1eby__1__1.A_1.B__1.C,DOWNLOADED,120377
1ebz__1__1.A_1.B__1.C,DOWNLOADED,119536
3eb3__1__1.A_3.A__1.C,DOWNLOADED,399856
3eb3__1__1.A_4.A__4.C,DOWNLOADED,400735
3eb3__1__1.A__1.B,DOWNLOADED,205497
3ebi__1__1.A__1.B_1.C,DOWNLOADED,579489
3ebl__1__1.A__1.G,DOWNLOADED,202402
3ebl__2__1.B__1.M,DOWNLOADED,198688
3ebl__3__1.C__1.S,DOWNLOADED,193065
3ebl__4__1.D__1.Y,DOWNLOADED,200056
3ebl__5__1.E__1.EA,DOWNLOADED,193154
3ebl__6__1.F__1.HA,DOWNLOADED,191727
3ebo__1__1.A__1.B,DOWNLOADED,524523
3ebp__1__1.A__1.B,DOWNLOADED,525275
5ebv__1__1.A__1.C,DOWNLOADED,246351
6eb1__1__1.A_2.A__1.B,DOWNLOADED,172669
6eb1__1__1.A_2.A__2.B,DOWNLOADED,172669
6eb2__1__1.A_2.A__1.B,DOWNLOADED,169096
6eb2__1__1.A_2.A__2.B,DOWNLOADED,169096
6ebq__1__1.A__1.C,DOWNLOADED,90095
2fh5__2__1.A_1.B_2.A__1.C_1.D,DOWNLOADED,277817
2fh5__2__1.A_2.A_2.B__2.C_2.D,DOWNLOADED,277853
2fh5__2__3.A_3.B_4.A__3.C_3.D,DOWNLOADED,278439
2fh5__2__3.A_4.A_4.B__4.C_4.D,DOWNLOADED,278469
2fh5__3__1.A_1.B_2.A__1.C_1.D,DOWNLOADED,277817
2fh5__3__1.A_2.A_2.B__2.C_2.D,DOWNLOADED,277853
4fh5__1__1.A__1.B_1.C,DOWNLOADED,213031
5fh7__1__1.A__1.E,DOWNLOADED,75854
5fh7__2__1.B__1.F,DOWNLOADED,76469
5fh8__3__1.C__1.H,DOWNLOADED,73521
6fh4__2__1.C__1.G,DOWNLOADED,51433
6fhk__1__1.A__1.C_1.D_1.E_1.F,DOWNLOADED,237538
6fhk__2__1.B__1.G_1.H_1.I_1.J,DOWNLOADED,236865
1fuy__1__1.A__1.C,DOWNLOADED,157968
3fuc__1__1.A_1.B__1.D,DOWNLOADED,338845
3fuc__1__1.A_1.C__1.G,DOWNLOADED,339048
3fuc__1__1.B_1.C__1.F,DOWNLOADED,336956
3fuu__1__1.A__1.B,DOWNLOADED,163736
3fuw__1__1.A__1.B,DOWNLOADED,166325
3fux__1__1.A__1.D,DOWNLOADED,166915
3fux__2__1.B__1.E,DOWNLOADED,167244
3fux__3__1.C__1.F,DOWNLOADED,166285
1g9v__1__1.A_1.B_1.C__1.F,DOWNLOADED,255152
1g9v__1__1.A_1.C_1.D__1.J,DOWNLOADED,255196
4g9h__1__1.A_1.B__1.C,DOWNLOADED,252261
4g9p__1__1.A_2.A__1.B_2.C,DOWNLOADED,977477
4g9p__1__1.A_2.A__1.C_2.B,DOWNLOADED,977471
6g9i__1__1.A_1.B__1.L,DOWNLOADED,243240
6g9u__1__1.A__1.E_1.F,DOWNLOADED,153259
6g9u__1__1.B__1.G_1.H,DOWNLOADED,153009
6g9u__2__1.C__1.I_1.J,DOWNLOADED,153864
6g9u__2__1.D__1.K_1.L,DOWNLOADED,152848
2g8n__1__1.A__1.C,DOWNLOADED,162562
2g8n__1__1.A__1.D,DOWNLOADED,162920
2g8n__2__1.B__1.E,DOWNLOADED,169635
2g8n__2__1.B__1.F,DOWNLOADED,169994
3g88__1__1.A__1.C,DOWNLOADED,147807
3g89__1__1.A__1.C,DOWNLOADED,148355
3g8c__1__1.A__1.E_1.F,DOWNLOADED,274237
3g8c__2__1.B__1.I_1.J,DOWNLOADED,276771
6g80__2__2.C__2.G,DOWNLOADED,135490
2fp2__1__1.B__1.C,DOWNLOADED,101528
3fpe__1__1.A__1.C,DOWNLOADED,169235
3fpe__1__1.B__1.D,DOWNLOADED,168429
3fpk__1__1.B__1.E,DOWNLOADED,159403
5fp4__1__1.A__1.C_1.G,DOWNLOADED,213272
5fp4__1__2.A__2.C_2.G,DOWNLOADED,215339
5fp7__1__1.A__1.C_1.G,DOWNLOADED,213272
5fpv__1__1.A__1.I_1.J,DOWNLOADED,216785
5fpv__3__1.C__1.T_1.U,DOWNLOADED,219454
5fpv__4__1.D__1.Y_1.Z,DOWNLOADED,219552
5fpv__5__1.E__1.EA_1.FA,DOWNLOADED,218096
5fpv__6__1.F__1.HA_1.IA,DOWNLOADED,220357
5fpv__7__1.G__1.KA_1.LA,DOWNLOADED,225803
5fpv__8__1.H__1.OA_1.PA,DOWNLOADED,222358
5fpx__1__1.A_1.C__1.C_1.E,DOWNLOADED,75049
1f3d__1__1.A_1.B__1.E,DOWNLOADED,264590
2f3b__1__1.A_2.A__1.B_1.D_1.E_1.F_1.G,DOWNLOADED,393275
2f3b__1__1.A_2.A__2.B_2.D_2.E_2.F_2.G,DOWNLOADED,393291
2f3b__1__3.A_4.A__3.B_3.D_3.E_3.F_3.G,DOWNLOADED,398128
2f3b__1__3.A_4.A__4.B_4.D_4.E_4.F_4.G,DOWNLOADED,398128
2f3d__1__1.A_2.A__1.B_1.C_1.D_1.E_1.F,DOWNLOADED,395653
2f3d__1__1.A_2.A__2.B_2.C_2.D_2.E_2.F,DOWNLOADED,395661
2f3d__1__1.A__1.G,DOWNLOADED,200542
2f3d__1__3.A_4.A__3.B_3.C_3.D_3.E_3.F,DOWNLOADED,398670
2f3d__1__3.A_4.A__4.B_4.C_4.D_4.E_4.F,DOWNLOADED,398662
2f3d__1__3.A__3.G,DOWNLOADED,202708
3f3z__1__1.A_2.A__1.B,DOWNLOADED,344711
3f3z__1__1.A_2.A__2.B,DOWNLOADED,344711
4f39__1__1.A__1.B,DOWNLOADED,161282
4f39__1__2.A__2.B,DOWNLOADED,163161
4f3k__1__1.A_1.B__1.C,DOWNLOADED,271232
5f36__1__1.A__1.B,DOWNLOADED,87454
5f3m__1__1.A_3.A__1.C,DOWNLOADED,153334
5f3m__1__1.A_4.A__4.C,DOWNLOADED,152351
6f3j__1__1.A__1.D,DOWNLOADED,524502
6f3j__1__2.A__2.D,DOWNLOADED,526516
6f3r__1__1.A__1.C,DOWNLOADED,524300
6f3r__1__2.A__2.C,DOWNLOADED,526313
6f3s__1__1.A__1.C,DOWNLOADED,524181
6f3s__1__2.A__2.C,DOWNLOADED,526188
1g16__1__1.A__1.E_1.G,DOWNLOADED,104275
1g16__1__1.B__1.H_1.I,DOWNLOADED,104538
1g16__1__1.C__1.J_1.L,DOWNLOADED,107171
1g16__1__1.D__1.M_1.P,DOWNLOADED,102556
2g1a__1__1.A__1.D,DOWNLOADED,129209
2g1a__1__1.B__1.E_1.F,DOWNLOADED,130599
2g1a__1__2.A__2.D,DOWNLOADED,130085
2g1a__1__2.B__2.E_2.F,DOWNLOADED,130376
3g1m__1__1.A__1.B,DOWNLOADED,122038
3g1r__1__1.A__1.C,DOWNLOADED,212796
4g17__1__1.A__1.B,DOWNLOADED,198954
4g19__1__1.A__1.E_1.F,DOWNLOADED,167018
6g12__2__1.B__1.D,DOWNLOADED,195626
6g14__1__1.A__1.C,DOWNLOADED,191243
6g14__2__1.B__1.D,DOWNLOADED,186897
6g15__1__1.A__1.C,DOWNLOADED,187776
6g15__2__1.B__1.D,DOWNLOADED,190645
6g1v__1__1.A__1.F,DOWNLOADED,339793
6g1v__1__2.B__2.O,DOWNLOADED,339569
1ek5__1__1.A__1.B,DOWNLOADED,215732
1ek5__1__2.A__2.B,DOWNLOADED,217705
2ek2__1__1.A__1.D,DOWNLOADED,167581
2ek4__1__1.A_1.B__1.D,DOWNLOADED,330290
2ek7__1__1.A_1.B__1.D,DOWNLOADED,330175
2eka__1__1.A_1.B__1.D,DOWNLOADED,330369
3eki__1__1.A__1.B,DOWNLOADED,237938
3ekm__1__1.A__1.G,DOWNLOADED,175848
3ekm__1__1.B__1.H,DOWNLOADED,179212
3ekm__1__1.C__1.I,DOWNLOADED,176999
3ekm__1__1.D__1.J,DOWNLOADED,183847
3ekm__1__1.E__1.K,DOWNLOADED,175581
3ekm__1__1.F__1.L,DOWNLOADED,181533
3eko__1__1.A__1.C,DOWNLOADED,135782
3eko__2__1.B__1.E,DOWNLOADED,136242
3eko__3__2.B__2.E,DOWNLOADED,136393
3ekr__1__1.A__1.C,DOWNLOADED,136483
3ekr__2__1.B__1.E,DOWNLOADED,137275
3ekr__3__2.B__2.E,DOWNLOADED,137433
5ek9__2__1.B__1.D,DOWNLOADED,71528
5eks__1__1.A__1.C,DOWNLOADED,218724
5eks__2__1.B__1.E,DOWNLOADED,220050
5eks__3__1.A_2.B__1.C,DOWNLOADED,428029
5eks__3__1.A_2.B__2.E,DOWNLOADED,428106
6ekk__2__1.B_1.D__1.V_1.W,DOWNLOADED,348266
1goy__1__1.A__1.C,DOWNLOADED,69219
4goj__1__1.A__1.E_1.F,DOWNLOADED,112952
4goj__2__1.B__1.G_1.H,DOWNLOADED,115683
4gox__1__1.A__1.B,DOWNLOADED,182736
5goe__1__1.A__1.B,DOWNLOADED,246512
6gos__1__1.A_1.D_2.D__1.M,DOWNLOADED,348412
6gos__1__1.D_2.A_2.D__2.M,DOWNLOADED,348565
1gv4__1__1.A__1.C,DOWNLOADED,304242
1gv4__2__1.B__1.D,DOWNLOADED,305477
2gvv__1__1.A__1.B_1.D,DOWNLOADED,193036
6gvx__1__1.A__1.D,DOWNLOADED,195975
1fqj__1__1.A__1.F_1.G_1.H,DOWNLOADED,205879
1fqj__2__1.D__1.I_1.J_1.K,DOWNLOADED,207273
1fqk__1__1.A__1.E_1.F_1.G,DOWNLOADED,208580
1fqk__2__1.C__1.H_1.I_1.J,DOWNLOADED,207333
2fqo__1__1.A_2.A__1.B_1.D,DOWNLOADED,194368
2fqo__1__1.A_2.A__2.B_2.D,DOWNLOADED,194213
2fqt__1__1.A_2.A__1.D_1.E,DOWNLOADED,194172
2fqt__1__1.A_2.A__2.D_2.E,DOWNLOADED,194090
6fq7__1__1.A__1.D,DOWNLOADED,223826
6fqh__1__1.A__1.C,DOWNLOADED,314600
6fqh__1__1.B__1.D,DOWNLOADED,314644
6fqk__1__1.A__1.C,DOWNLOADED,162598
6fqk__1__1.B__1.D,DOWNLOADED,165406
6fqz__1__1.A_1.B__1.C,DOWNLOADED,586911
6fqz__1__1.A_1.B__1.P,DOWNLOADED,586911
2fmx__1__1.A__1.D,DOWNLOADED,114190
2fmx__2__1.B__1.F_1.G,DOWNLOADED,110779
3fma__2__1.B__1.G,DOWNLOADED,58733
3fma__4__1.D__1.I,DOWNLOADED,59087
3fmf__1__1.A_1.B__1.E,DOWNLOADED,256640
3fmf__1__1.A_1.B__1.F,DOWNLOADED,256712
3fmf__2__1.C_1.D__1.G,DOWNLOADED,253362
3fmf__2__1.C_1.D__1.H,DOWNLOADED,253521
5fm0__1__1.A__1.C_1.D_1.E_1.F,DOWNLOADED,164701
6fma__1__1.A__1.G,DOWNLOADED,222571
6fmu__1__1.A__1.C,DOWNLOADED,710620
1gx0__1__1.A__1.C_1.D,DOWNLOADED,190894
4gxs__1__1.A_1.B__1.E,DOWNLOADED,319019
5gxe__1__1.A_1.B__1.C,DOWNLOADED,393552
5gxe__1__1.A_1.B__1.D,DOWNLOADED,393625
6gxg__1__1.A__1.D,DOWNLOADED,89260
6gxg__2__1.B__1.E,DOWNLOADED,91388
6gxq__1__1.A__1.G,DOWNLOADED,215369
6gxy__2__1.C__1.F,DOWNLOADED,91326
2bqv__1__1.A_1.B__1.C,DOWNLOADED,119837
4bq3__2__1.B__1.M_1.N_1.O,DOWNLOADED,471445
4bqg__1__1.A__1.B,DOWNLOADED,131000
4bqj__1__1.A__1.B,DOWNLOADED,134420
4bqu__1__1.A__1.F,DOWNLOADED,192087
5bq2__1__1.A_1.D__1.E,DOWNLOADED,512132
5bq2__1__1.B_1.C__1.G,DOWNLOADED,515371
5bq2__1__1.C__1.I,DOWNLOADED,263483
5bq2__1__1.D__1.L,DOWNLOADED,262108
5bqs__1__1.A_1.B__1.F,DOWNLOADED,386946
6bq3__1__1.A__1.C,DOWNLOADED,186741
6bq3__1__1.B__1.D,DOWNLOADED,187347
6bq3__1__2.A__2.C,DOWNLOADED,189063
6bq3__1__2.B__2.D,DOWNLOADED,189628
6bq4__1__1.A__1.C_1.D_1.E,DOWNLOADED,188963
6bq4__1__1.B__1.F,DOWNLOADED,187014
6bq4__1__2.A__2.C_2.D_2.E,DOWNLOADED,191284
6bq4__1__2.B__2.F,DOWNLOADED,189291
6bq5__1__1.A__1.C_1.D,DOWNLOADED,188627
6bq5__1__2.A__2.C_2.D,DOWNLOADED,190882
6bqa__1__1.A__1.B,DOWNLOADED,68531
6bqd__1__1.A__1.C,DOWNLOADED,83835
6bqd__2__1.B__1.D,DOWNLOADED,84966
7bq6__1__1.A__1.B,DOWNLOADED,266205
7bqk__1__1.A_1.B__1.C,DOWNLOADED,578818
7bqk__1__1.A_1.B__1.K,DOWNLOADED,578930
7bql__1__1.A_1.B__1.C,DOWNLOADED,568763
7bql__1__1.A_1.B__1.E,DOWNLOADED,568579
7bqo__1__1.A_2.A__1.B,DOWNLOADED,582392
7bqo__1__1.A_2.A__2.B,DOWNLOADED,582392
7bqv__1__1.A_1.B__1.C,DOWNLOADED,85257
1f0t__1__1.A__1.C_1.E,DOWNLOADED,132791
1f0u__1__1.A__1.C_1.D,DOWNLOADED,132736
3f0t__1__1.A__1.F,DOWNLOADED,189971
3f0t__1__1.B__1.J,DOWNLOADED,191364
4f0b__1__1.A_1.B__1.C,DOWNLOADED,277581
4f0b__1__1.A_1.B__1.D_1.E,DOWNLOADED,278140
4f0f__1__1.A__1.B,DOWNLOADED,180734
5f05__1__1.A_1.B__1.E,DOWNLOADED,495641
5f05__1__1.A_1.B__1.I,DOWNLOADED,495654
5f05__2__1.C_1.D__1.M,DOWNLOADED,508769
5f05__2__1.C_1.D__1.P,DOWNLOADED,508846
5f0c__1__1.A__1.B,DOWNLOADED,120212
5f0f__1__1.A__1.B,DOWNLOADED,119857
5f0h__1__1.A__1.B,DOWNLOADED,122725
5f0x__2__1.B__1.F_1.G_1.I,DOWNLOADED,242322
6f05__1__1.I_2.C__1.EA,DOWNLOADED,256937
6f05__1__1.I_2.C__2.S,DOWNLOADED,256781
6f05__2__1.A_1.B__1.K,DOWNLOADED,257829
6f05__2__1.A_1.B__1.O,DOWNLOADED,257828
6f05__3__1.C_2.I__1.S,DOWNLOADED,259898
6f05__3__1.C_2.I__2.EA,DOWNLOADED,260056
6f05__4__1.D_1.E__1.U,DOWNLOADED,244994
6f05__4__1.D_1.E__1.W,DOWNLOADED,244996
6f05__5__1.F_1.J__1.GA,DOWNLOADED,245224
6f05__5__1.F_1.J__1.Y,DOWNLOADED,245386
6f05__6__1.G_1.H__1.AA,DOWNLOADED,246949
6f05__6__1.G_1.H__1.CA,DOWNLOADED,247179
1guf__1__1.A_1.B__1.C_1.I,DOWNLOADED,445700
3gu3__1__1.A__1.D,DOWNLOADED,177260
3gu3__1__1.B__1.F,DOWNLOADED,177653
5gue__1__1.A__1.E_1.F,DOWNLOADED,191023
5gue__1__1.B__1.G_1.H,DOWNLOADED,189126
5gue__2__1.C__1.I_1.J,DOWNLOADED,188177
5gue__2__1.D__1.K_1.L,DOWNLOADED,187873
5guf__1__1.A__1.B_1.C_1.F,DOWNLOADED,92980
5guf__1__2.A__2.B_2.C_2.F,DOWNLOADED,93545
2gj9__1__1.A__1.E_1.F_1.G_1.H,DOWNLOADED,100035
2gj9__2__1.C__1.M_1.N_1.O_1.P,DOWNLOADED,100803
2gj9__2__1.D__1.Q_1.R_1.S_1.T,DOWNLOADED,102125
2gja__1__1.A__1.C_1.D_1.E_1.F,DOWNLOADED,104553
2gja__1__1.B__1.G_1.H_1.I_1.J,DOWNLOADED,99735
2gjs__1__1.A__1.C_1.D,DOWNLOADED,93947
2gjs__2__1.B__1.E_1.F,DOWNLOADED,86315
3gj0__1__1.A__1.C_1.D,DOWNLOADED,134186
6gj4__1__1.A_1.B__1.G_1.H,DOWNLOADED,539072
6gj4__1__1.B_1.C__1.J_1.K,DOWNLOADED,541353
6gj4__1__1.C_1.D__1.N_1.O,DOWNLOADED,542131
6gj4__1__1.D__1.Q_1.R,DOWNLOADED,269450
3b78__1__1.B__1.G,CACHED,129797
3b78__2__1.C_1.D__1.H,CACHED,640817
3b78__3__1.F__1.I,CACHED,133034
3b7d__1__1.A__1.I,CACHED,164251
3b7d__1__1.B__1.J,CACHED,162387
3b7d__2__1.C__1.K,CACHED,164366
3b7d__2__1.D__1.L,CACHED,166904
3b7d__3__1.E__1.M,CACHED,160730
3b7d__3__1.F__1.N,CACHED,161276
3b7d__4__1.G__1.O,DOWNLOADED,158350
3b7d__4__1.H__1.P,DOWNLOADED,160528
3b7e__1__1.A__1.H,DOWNLOADED,241488
3b7e__1__1.B__1.O,DOWNLOADED,235389
3b7e__1__2.A__2.H,DOWNLOADED,238577
3b7e__1__2.B__2.O,DOWNLOADED,238541
3b7p__1__1.A__1.D_1.E,DOWNLOADED,182307
3b7p__1__2.A__2.D_2.E,DOWNLOADED,184523
3b7p__2__1.B__1.F_1.G,DOWNLOADED,183000
3b7p__2__1.C__1.H_1.I,DOWNLOADED,183718
4b79__1__1.A__1.C,DOWNLOADED,145935
4b79__1__1.B__1.D,DOWNLOADED,144813
4b79__1__2.A__2.C,DOWNLOADED,147207
4b79__1__2.B__2.D,DOWNLOADED,144697
4b7j__1__1.A__1.F,DOWNLOADED,241180
4b7r__1__1.A__1.H_1.I,DOWNLOADED,243520
4b7r__1__1.C__1.U_1.V,DOWNLOADED,245972
4b7r__1__1.D__1.CA_1.DA,DOWNLOADED,245141
4b7x__1__1.G_1.H__1.S,DOWNLOADED,396113
4b7x__1__1.G_1.H__1.T,DOWNLOADED,396115
4b7x__2__1.C_1.D__1.O,DOWNLOADED,399242
4b7x__2__1.C_1.D__1.P,DOWNLOADED,399168
4b7x__3__1.K_1.L__1.X,DOWNLOADED,386953
4b7x__4__1.A_1.B__1.N,DOWNLOADED,401814
4b7x__5__1.I_1.J__1.U,DOWNLOADED,349082
4b7x__5__1.I_1.J__1.V,DOWNLOADED,349160
4b7x__6__1.E_1.F__1.R,DOWNLOADED,405818
4b7z__1__1.A__1.C,DOWNLOADED,332045
4b7z__1__1.B__1.O,DOWNLOADED,335433
5b7q__1__1.A_1.B__1.C,DOWNLOADED,586415
5b7q__1__1.A_1.B__1.D,DOWNLOADED,586495
7b77__1__1.A_2.A__1.F,DOWNLOADED,372230
7b77__1__1.A_2.A__2.F,DOWNLOADED,372230
2eg2__1__1.A_2.A__2.C,DOWNLOADED,116068
2eg2__1__1.A_3.A__1.C,DOWNLOADED,116068
2eg2__1__2.A_3.A__3.C,DOWNLOADED,116068
2eg2__2__12.A_7.A__12.C,DOWNLOADED,120301
2egb__1__1.A__1.H,DOWNLOADED,167662
2egl__1__1.A__1.F,DOWNLOADED,167642
2egs__1__1.A__1.F,DOWNLOADED,167723
2egv__1__1.A_1.B__1.C,DOWNLOADED,293603
2egv__1__1.A_1.B__1.D,DOWNLOADED,293604
3egi__1__1.A__1.E,DOWNLOADED,122381
3egi__1__1.B__1.F,DOWNLOADED,120571
3egi__1__1.C__1.G,DOWNLOADED,122181
3egi__1__1.D__1.H,DOWNLOADED,119993
3egv__1__1.A_1.B__1.C,DOWNLOADED,207415
4egh__1__1.A__1.C,DOWNLOADED,132331
5ega__1__1.A__1.B_1.C_1.D,DOWNLOADED,114323
5egp__1__1.A__1.C,DOWNLOADED,179831
5egp__2__1.B__1.H,DOWNLOADED,179051
6eg5__1__1.A_1.B__1.G_1.H,DOWNLOADED,542375
6eg5__1__1.A_1.B__1.R,DOWNLOADED,541139
6eg5__1__1.B_1.C__1.M_1.N,DOWNLOADED,542757
6eg5__1__1.C_1.D__1.S_1.T,DOWNLOADED,541368
6eg5__1__1.C_1.D__1.X,DOWNLOADED,540052
6eg5__1__1.D__1.V_1.W,DOWNLOADED,268185
6eg5__1__1.F__1.AA_1.BA_1.Z,DOWNLOADED,235069
1gy8__1__1.A__1.F,DOWNLOADED,232743
1gy8__1__1.B__1.H,DOWNLOADED,230208
1gy8__2__1.C__1.J,DOWNLOADED,232227
1gy8__2__1.D__1.L,DOWNLOADED,227759
3gyt__1__1.A__1.C,DOWNLOADED,158391
3gyu__1__1.A__1.C,DOWNLOADED,158632
4gyo__1__1.A__1.D,DOWNLOADED,242234
4gyo__1__2.B__2.C,DOWNLOADED,243731
5gy7__1__1.A__1.C,DOWNLOADED,207187
5gy7__1__1.A__1.D,DOWNLOADED,208745
5gy7__1__1.B__1.F,DOWNLOADED,203029
5gy7__1__1.B__1.G,DOWNLOADED,204454
6gye__1__1.A__1.D_1.I,DOWNLOADED,236415
6gye__2__1.B__1.K_1.P,DOWNLOADED,239692
1ep3__1__1.A_1.B__1.D,DOWNLOADED,350477
1ep3__1__2.A_2.B__2.D,DOWNLOADED,350594
2ep7__2__1.A_2.A__1.C,DOWNLOADED,422243
2ep7__2__1.A_2.A__2.C,DOWNLOADED,422237
2ep7__2__1.B_2.B__1.D,DOWNLOADED,418716
2ep7__2__1.B_2.B__2.D,DOWNLOADED,418719
2epn__1__1.A_1.B__1.C,DOWNLOADED,794259
2epn__1__1.A_1.B__1.D,DOWNLOADED,794259
3epw__1__1.A__1.C_1.D,DOWNLOADED,200568
3epw__1__1.B__1.F_1.G,DOWNLOADED,201696
3epx__1__1.A__1.C_1.D,DOWNLOADED,198403
5ep2__1__1.A__1.B,DOWNLOADED,156947
5epe__1__1.A__1.B,DOWNLOADED,152704
5epe__1__4.A__4.B,DOWNLOADED,152301
5epn__1__1.A__1.D,DOWNLOADED,229034
6ep7__1__1.A_1.B__1.G_1.I,DOWNLOADED,277152
6epm__1__1.B__1.D,DOWNLOADED,317517
6epp__1__1.A_1.B__1.D,DOWNLOADED,425096
6epu__1__1.A__1.C,DOWNLOADED,85015
6epx__1__1.A__1.B,DOWNLOADED,85079
2ff3__1__1.C__1.F_1.G,DOWNLOADED,225010
2ff6__1__1.C__1.F_1.G,DOWNLOADED,226750
2ff7__1__1.A__1.B,DOWNLOADED,157993
2ffa__1__1.A__1.B,DOWNLOADED,156470
2ffb__1__1.A__1.B,DOWNLOADED,152805
4ffs__1__1.A_2.A__1.B,DOWNLOADED,287178
4ffs__1__1.A_2.A__2.B,DOWNLOADED,287179
6ff8__1__1.A__1.C_1.D,DOWNLOADED,116123
6ff8__2__1.B__1.E_1.F,DOWNLOADED,110581
6ffi__1__1.A__1.J,DOWNLOADED,259738
6ffx__1__1.A_1.D__1.F_1.G,DOWNLOADED,399987
6ffx__1__1.A_1.D__1.O_1.P,DOWNLOADED,399804
6ffx__1__1.B_1.C__1.I_1.J,DOWNLOADED,403906
6ffx__1__1.B_1.C__1.L_1.M,DOWNLOADED,403795
6ffz__1__1.A_1.C__1.F_1.G,DOWNLOADED,398258
6ffz__1__1.B_1.D__1.I_1.J,DOWNLOADED,401437
6ffz__1__1.B_1.D__1.O_1.P,DOWNLOADED,401358
3hhu__2__1.B__1.D,DOWNLOADED,135874
2h2q__1__1.A__1.C,DOWNLOADED,328836
2h2q__1__1.B__1.E,DOWNLOADED,318601
2h2q__2__2.B__2.E,DOWNLOADED,321683
3h26__1__1.A__1.C_1.D,DOWNLOADED,167421
3h26__1__2.A__2.C_2.D,DOWNLOADED,169616
3h26__2__1.B__1.G_1.H,DOWNLOADED,172252
3h26__2__2.B__2.G_2.H,DOWNLOADED,172026
4h2d__2__1.B__1.D,DOWNLOADED,97780
4h2n__1__1.A__1.B,DOWNLOADED,239055
4h2n__1__3.A__3.B,DOWNLOADED,234674
4h2p__1__1.D__1.ZB,DOWNLOADED,242136
5h2d__1__1.A__1.B,DOWNLOADED,273738
5h2q__1__1.A__1.E,DOWNLOADED,212834
5h2r__1__1.A__1.E,DOWNLOADED,212814
6h21__1__1.B__1.O_1.P,DOWNLOADED,205789
6h2u__1__1.A__1.C,DOWNLOADED,127509
6h2v__2__1.C__1.L,DOWNLOADED,123845
2hf3__1__1.A__1.B_1.D,DOWNLOADED,228268
2hf4__1__1.A__1.B_1.D,DOWNLOADED,227944
6hfy__1__1.A__1.L,DOWNLOADED,240721
6hfy__1__1.B__1.Q,DOWNLOADED,241151
6hfy__1__1.C__1.Y,DOWNLOADED,240849
6hfy__1__1.D__1.DA,DOWNLOADED,243613
2gmh__1__1.A__1.G,DOWNLOADED,367110
2gmh__1__1.A__1.H,DOWNLOADED,365358
2gmh__2__1.B__1.T,DOWNLOADED,368843
2gmh__2__1.B__1.U,DOWNLOADED,367533
5gme__1__1.A__1.B,DOWNLOADED,205814
5gme__1__2.A__2.B,DOWNLOADED,208508
5gmf__1__1.A_1.C__1.Y,DOWNLOADED,1000433
5gmf__1__1.A_1.C__1.Z,DOWNLOADED,1000547
5gmf__2__1.B_1.D__1.GA,DOWNLOADED,1016393
5gmf__2__1.B_1.D__1.S,DOWNLOADED,1016505
5gmh__1__1.A_1.B__1.F_1.O,DOWNLOADED,1000581
1fea__1__1.A_1.B__1.E,DOWNLOADED,587167
1fea__1__1.A_1.B__1.F,DOWNLOADED,587022
1fea__2__1.C_1.D__1.G,DOWNLOADED,583521
1fea__2__1.C_1.D__1.H,DOWNLOADED,583745
1feb__1__1.A_1.B__1.C,DOWNLOADED,584514
1feb__1__1.A_1.B__1.D,DOWNLOADED,584441
3fe1__3__1.C__1.L_1.M_1.N,DOWNLOADED,236857
5fem__1__1.A_1.B__1.C_1.G,DOWNLOADED,743381
5fem__1__1.A_1.B__1.I_1.L,DOWNLOADED,743381
6fe0__1__1.A__1.E_1.F,DOWNLOADED,152428
6fe0__1__1.B__1.G_1.H,DOWNLOADED,152470
6fe0__2__1.C__1.I_1.J,DOWNLOADED,152449
6fe1__1__1.A__1.E_1.F,DOWNLOADED,159000
6fe1__2__1.C__1.I_1.J,DOWNLOADED,159573
6fe1__2__1.D__1.K_1.L,DOWNLOADED,159548
6fe3__1__1.A__1.E,DOWNLOADED,213101
1g41__1__1.A_5.A__1.C,DOWNLOADED,410571
1g41__1__1.A_6.A__6.C,DOWNLOADED,411134
3g49__1__1.B__1.G,DOWNLOADED,164030
3g49__2__1.C__1.H,DOWNLOADED,164643
4g41__1__1.A_1.B__1.C,DOWNLOADED,277067
5g48__1__2.B__2.D,DOWNLOADED,235389
5g4r__1__1.A__1.E,DOWNLOADED,73841
5g4r__2__1.B__1.F,DOWNLOADED,76844
5g4r__3__1.C__1.G,DOWNLOADED,76637
5g4r__4__1.D__1.H,DOWNLOADED,74957
1gd1__1__1.A_1.D__1.E_1.G,DOWNLOADED,399168
1gd1__1__1.A_1.D__1.N_1.P,DOWNLOADED,399094
1gd1__1__1.B_1.C__1.H_1.J,DOWNLOADED,402666
1gd1__1__1.B_1.C__1.K_1.M,DOWNLOADED,402654
2gdr__1__1.A_1.B__1.G,DOWNLOADED,250961
2gdr__2__1.C_1.D__1.J,DOWNLOADED,252491
2gdr__3__1.E_1.F__1.M,DOWNLOADED,252174
2gdz__1__1.A__1.B,DOWNLOADED,164105
2gdz__1__2.A__2.B,DOWNLOADED,165807
3gdh__1__1.A__1.E,DOWNLOADED,135367
3gdh__2__1.B__1.H_1.J,DOWNLOADED,135338
3gdh__2__1.B__1.I,DOWNLOADED,134179
3gdh__3__1.C__1.K_1.M,DOWNLOADED,136470
3gdn__1__1.A__1.G,DOWNLOADED,326372
3gdn__2__1.B__1.L,DOWNLOADED,323519
3gdp__1__1.A__1.H,DOWNLOADED,325833
3gdp__2__1.B__1.L,DOWNLOADED,322989
4gd9__1__1.A_1.D__1.I,DOWNLOADED,141619
4gd9__1__1.B_1.C__1.F,DOWNLOADED,146158
4gd9__1__1.B_1.C__1.G,DOWNLOADED,146158
4gda__1__1.A_2.B__1.D_2.G,DOWNLOADED,144117
4gda__1__1.B_2.A__1.G_2.D,DOWNLOADED,144224
1g2k__1__1.A_1.B__1.C,DOWNLOADED,120053
3g2f__1__1.A__1.C_1.D,DOWNLOADED,198240
3g2h__1__1.A__1.B_1.C,DOWNLOADED,523105
3g2h__2__1.A__1.B_1.C,DOWNLOADED,523105
3g2h__2__2.A__2.B_2.C,DOWNLOADED,525178
3g2i__1__1.A__1.B,DOWNLOADED,524603
3g2i__2__2.A__2.B,DOWNLOADED,526485
3g2j__1__1.A__1.B,DOWNLOADED,524269
3g2j__2__2.A__2.B,DOWNLOADED,526159
3g2k__1__1.A__1.B,DOWNLOADED,525403
3g2k__2__2.A__2.B,DOWNLOADED,527376
3g2l__1__1.A__1.B,DOWNLOADED,525328
3g2l__2__2.A__2.B,DOWNLOADED,527313
3g2n__1__1.A__1.B,DOWNLOADED,528089
3g2n__2__2.A__2.B,DOWNLOADED,530111
4g2t__1__1.A__1.B,DOWNLOADED,220003
4g2t__1__2.A__2.B,DOWNLOADED,223492
5g2b__1__1.A__1.E,DOWNLOADED,212460
2gr0__1__1.A__1.B,DOWNLOADED,242010
2gr0__1__2.A__2.B,DOWNLOADED,242979
2gr1__1__1.A__1.B,DOWNLOADED,241095
2gr1__1__2.A__2.B,DOWNLOADED,241996
2gr3__1__1.A__1.B,DOWNLOADED,239150
2gr3__1__2.A__2.B,DOWNLOADED,240094
3gr7__1__1.A_2.A__1.C_1.E,DOWNLOADED,420139
3gr7__1__1.A_2.A__2.C_2.E,DOWNLOADED,420207
3gr7__1__1.B_2.B__1.F_1.H,DOWNLOADED,420746
3gr7__1__1.B_2.B__2.F_2.H,DOWNLOADED,420742
6gr0__1__1.A__1.D_1.E,DOWNLOADED,116088
6gr0__2__1.B__1.F_1.G,DOWNLOADED,111653
2h1h__2__1.B__1.D,DOWNLOADED,199660
5h1t__1__1.A__1.G,DOWNLOADED,111586
5h1t__3__1.C__1.O,DOWNLOADED,115044
5h1t__4__1.D__1.R,DOWNLOADED,112870
5h1v__1__1.A__1.E,DOWNLOADED,110408
5h1v__2__1.B__1.I,DOWNLOADED,109949
3hiy__1__1.A__1.C_1.D,DOWNLOADED,246828
3hiy__2__1.B__1.E_1.F,DOWNLOADED,247516
4hi6__1__1.A_1.B__1.G,DOWNLOADED,176518
4hix__1__1.A_1.B__1.C,DOWNLOADED,266554
5hi6__1__1.A__1.C,DOWNLOADED,103282
5hik__1__1.A__1.B,DOWNLOADED,162145
6hi1__1__1.A__1.B,DOWNLOADED,560506
6hi2__1__1.A__1.B,DOWNLOADED,558491
6hi9__1__1.A__1.B,DOWNLOADED,557867
6hia__1__1.A__1.B,DOWNLOADED,88232
1dl5__1__1.A__1.L,DOWNLOADED,204563
1dl5__1__1.B__1.W,DOWNLOADED,203339
4dl9__1__1.A_1.B__1.E,DOWNLOADED,461365
4dlc__1__1.A_2.A__1.B_1.C_1.D_1.E_1.F,DOWNLOADED,277293
4dlc__1__1.A_2.A__2.B_2.C_2.D_2.E_2.F,DOWNLOADED,277293
4dle__1__1.A__1.D_1.F_1.G,DOWNLOADED,350920
4dlr__1__1.A__1.C_1.I,DOWNLOADED,108496
4dlr__2__1.A__1.C_1.I,DOWNLOADED,108496
4dlr__2__2.A__2.C_2.I,DOWNLOADED,109792
4dlr__2__3.A__3.C_3.I,DOWNLOADED,108860
4dlr__2__4.A__4.C_4.I,DOWNLOADED,109072
4dlr__2__5.A__5.C_5.I,DOWNLOADED,108558
4dlr__2__6.A__6.C_6.I,DOWNLOADED,108785
4dlt__1__1.A__1.B_1.D,DOWNLOADED,108736
4dlt__2__1.A_2.A__2.B_2.D,DOWNLOADED,210244
4dlt__2__1.A_3.A__1.B_1.D,DOWNLOADED,210167
4dlt__2__2.A_3.A__3.B_3.D,DOWNLOADED,209061
4dlu__1__1.A__1.B_1.D,DOWNLOADED,108732
4dlu__2__1.A_2.A__2.B_2.D,DOWNLOADED,210248
4dlu__2__1.A_3.A__1.B_1.D,DOWNLOADED,210166
4dlu__2__2.A_3.A__3.B_3.D,DOWNLOADED,209074
4dlv__1__1.A__1.C_1.E,DOWNLOADED,108450
4dlv__2__1.A__1.C_1.E,DOWNLOADED,108450
4dlv__2__2.A__2.C_2.E,DOWNLOADED,109818
4dlv__2__3.A__3.C_3.E,DOWNLOADED,108811
4dlv__2__4.A__4.C_4.E,DOWNLOADED,109091
4dlv__2__5.A__5.C_5.E,DOWNLOADED,108573
4dlv__2__6.A__6.C_6.E,DOWNLOADED,108735
4dlw__1__1.A__1.B_1.D,DOWNLOADED,108899
4dlw__2__1.A_2.A__2.B_2.D,DOWNLOADED,210558
4dlw__2__1.A_3.A__1.B_1.D,DOWNLOADED,210489
4dlw__2__2.A_3.A__3.B_3.D,DOWNLOADED,209373
4dlx__1__1.A__1.C_1.G,DOWNLOADED,108501
4dlx__2__1.A__1.C_1.G,DOWNLOADED,108501
4dlx__2__2.A__2.C_2.G,DOWNLOADED,109833
4dlx__2__3.A__3.C_3.G,DOWNLOADED,108859
4dlx__2__4.A__4.C_4.G,DOWNLOADED,109102
4dlx__2__5.A__5.C_5.G,DOWNLOADED,108588
4dlx__2__6.A__6.C_6.G,DOWNLOADED,108783
4dly__1__1.A__1.C_1.I,DOWNLOADED,108458
4dly__2__1.A__1.C_1.I,DOWNLOADED,108458
4dly__2__2.A__2.C_2.I,DOWNLOADED,109802
4dly__2__3.A__3.C_3.I,DOWNLOADED,108820
4dly__2__4.A__4.C_4.I,DOWNLOADED,109076
4dly__2__5.A__5.C_5.I,DOWNLOADED,108552
4dly__2__6.A__6.C_6.I,DOWNLOADED,108745
4dlz__1__1.A__1.C_1.I,DOWNLOADED,108492
4dlz__2__1.A__1.C_1.I,DOWNLOADED,108492
4dlz__2__2.A__2.C_2.I,DOWNLOADED,109830
4dlz__2__3.A__3.C_3.I,DOWNLOADED,108848
4dlz__2__4.A__4.C_4.I,DOWNLOADED,109179
4dlz__2__5.A__5.C_5.I,DOWNLOADED,108661
4dlz__2__6.A__6.C_6.I,DOWNLOADED,108848
6dl7__1__1.A_1.G__1.H,DOWNLOADED,221306
6dl7__1__1.B_1.C__1.J,DOWNLOADED,217940
6dl7__1__1.C_1.D__1.K,DOWNLOADED,220189
6dl7__1__1.D_1.E__1.L,DOWNLOADED,221041
6dl7__1__1.E_1.F__1.M,DOWNLOADED,222135
6dl7__1__1.F_1.G__1.N,DOWNLOADED,223614
7dl3__1__1.A_1.C__1.E,DOWNLOADED,426312
7dl3__1__1.A_1.C__1.G,DOWNLOADED,426100
7dlc__1__1.A_1.B__1.C_1.D,DOWNLOADED,186871
7dlc__1__1.A_1.B__1.E_1.F,DOWNLOADED,186724
7dll__1__1.A__1.C,DOWNLOADED,171639
7dll__1__1.B__1.D,DOWNLOADED,171485
7dll__1__2.B__2.D,DOWNLOADED,173544
7dlm__1__1.A__1.C,DOWNLOADED,171560
7dlm__1__1.B__1.D,DOWNLOADED,173172
7dlm__1__2.A__2.C,DOWNLOADED,175252
7dlm__1__2.B__2.D,DOWNLOADED,173396
2gn8__1__1.A_2.B__1.C,DOWNLOADED,408776
2gn8__1__1.A_2.B__2.F,DOWNLOADED,408922
2gn8__1__1.B_3.A__1.F,DOWNLOADED,409453
2gn8__1__1.B_3.A__3.C,DOWNLOADED,409306
4gni__1__1.A__1.C_1.D,DOWNLOADED,239878
4gni__2__1.B__1.E_1.F,DOWNLOADED,239902
4gny__1__1.A__1.B,DOWNLOADED,98832
4gnz__1__1.A__1.E,DOWNLOADED,310663
4gnz__1__1.B__1.Q,DOWNLOADED,312418
4gnz__1__1.C__1.Y,DOWNLOADED,309565
4gnz__1__1.D__1.GA,DOWNLOADED,309261
2el0__1__1.A_1.B__1.C,DOWNLOADED,330270
2el1__1__1.A_1.B__1.D,DOWNLOADED,330241
2el2__1__1.A_1.B__1.D,DOWNLOADED,330312
2el3__1__1.A_1.B__1.D,DOWNLOADED,330423
2eld__1__1.A_1.B__1.D,DOWNLOADED,330392
2ele__1__1.A_1.B__1.D,DOWNLOADED,330097
3el8__1__1.A__1.C,DOWNLOADED,169480
4elt__1__1.A__1.D_1.E_1.F_1.G,DOWNLOADED,349568
4elu__1__1.A__1.D_1.E_1.F_1.G_1.T,DOWNLOADED,350190
5el9__1__1.A_11.A_13.A__1.B_1.C_1.D,DOWNLOADED,370949
5el9__1__1.A_13.A_23.A__13.B_13.C_13.D,DOWNLOADED,372598
5el9__1__1.A_21.A_8.A__8.B_8.C_8.D,DOWNLOADED,364845
5el9__1__10.A_14.A_2.A__2.B_2.C_2.D,DOWNLOADED,362079
5el9__1__10.A_16.A_19.A__19.B_19.C_19.D,DOWNLOADED,367194
5el9__1__10.A_19.A_6.A__10.B_10.C_10.D,DOWNLOADED,362193
5el9__1__11.A_15.A_17.A__17.B_17.C_17.D,DOWNLOADED,370260
5el9__1__11.A_17.A_8.A__11.B_11.C_11.D,DOWNLOADED,367999
5el9__1__12.A_14.A_18.A__18.B_18.C_18.D,DOWNLOADED,369940
5el9__1__12.A_16.A_3.A__3.B_3.C_3.D,DOWNLOADED,367883
5el9__1__12.A_18.A_5.A__12.B_12.C_12.D,DOWNLOADED,368319
5el9__1__13.A_20.A_9.A__20.B_20.C_20.D,DOWNLOADED,372598
5el9__1__14.A_2.A_22.A__14.B_14.C_14.D,DOWNLOADED,363726
5el9__1__15.A_24.A_4.A__15.B_15.C_15.D,DOWNLOADED,366472
5el9__1__15.A_4.A_9.A__4.B_4.C_4.D,DOWNLOADED,364735
5el9__1__16.A_21.A_3.A__16.B_16.C_16.D,DOWNLOADED,366792
5el9__1__17.A_24.A_6.A__24.B_24.C_24.D,DOWNLOADED,363726
5el9__1__18.A_22.A_7.A__22.B_22.C_22.D,DOWNLOADED,366792
5el9__1__19.A_21.A_8.A__21.B_21.C_21.D,DOWNLOADED,366472
5el9__1__2.A_24.A_6.A__6.B_6.C_6.D,DOWNLOADED,358719
5el9__1__20.A_23.A_5.A__23.B_23.C_23.D,DOWNLOADED,372598
5el9__1__20.A_7.A_9.A__9.B_9.C_9.D,DOWNLOADED,367591
5el9__1__22.A_4.A_7.A__7.B_7.C_7.D,DOWNLOADED,364525
5el9__1__23.A_3.A_5.A__5.B_5.C_5.D,DOWNLOADED,367591
5elw__1__1.A_11.A_13.A__1.B_1.C_1.D,DOWNLOADED,371051
5elw__1__1.A_13.A_23.A__13.B_13.C_13.D,DOWNLOADED,372506
5elw__1__1.A_21.A_8.A__8.B_8.C_8.D,DOWNLOADED,364751
5elw__1__10.A_14.A_2.A__2.B_2.C_2.D,DOWNLOADED,362175
5elw__1__10.A_16.A_19.A__19.B_19.C_19.D,DOWNLOADED,367100
5elw__1__10.A_19.A_6.A__10.B_10.C_10.D,DOWNLOADED,362099
5elw__1__11.A_15.A_17.A__17.B_17.C_17.D,DOWNLOADED,370166
5elw__1__11.A_17.A_8.A__11.B_11.C_11.D,DOWNLOADED,367907
5elw__1__12.A_14.A_18.A__18.B_18.C_18.D,DOWNLOADED,369931
5elw__1__12.A_16.A_3.A__3.B_3.C_3.D,DOWNLOADED,367904
5elw__1__12.A_18.A_5.A__12.B_12.C_12.D,DOWNLOADED,368309
5elw__1__13.A_20.A_9.A__20.B_20.C_20.D,DOWNLOADED,372591
5elw__1__14.A_2.A_22.A__14.B_14.C_14.D,DOWNLOADED,363632
5elw__1__15.A_24.A_4.A__15.B_15.C_15.D,DOWNLOADED,366463
5elw__1__15.A_4.A_9.A__4.B_4.C_4.D,DOWNLOADED,364751
5elw__1__16.A_21.A_3.A__16.B_16.C_16.D,DOWNLOADED,366781
5elw__1__17.A_24.A_6.A__24.B_24.C_24.D,DOWNLOADED,363632
5elw__1__18.A_22.A_7.A__22.B_22.C_22.D,DOWNLOADED,366781
5elw__1__19.A_21.A_8.A__21.B_21.C_21.D,DOWNLOADED,366380
5elw__1__2.A_24.A_6.A__6.B_6.C_6.D,DOWNLOADED,358625
5elw__1__20.A_23.A_5.A__23.B_23.C_23.D,DOWNLOADED,372591
5elw__1__20.A_7.A_9.A__9.B_9.C_9.D,DOWNLOADED,367580
5elw__1__22.A_4.A_7.A__7.B_7.C_7.D,DOWNLOADED,364514
5elw__1__23.A_3.A_5.A__5.B_5.C_5.D,DOWNLOADED,367580
6el5__1__1.A__1.B,DOWNLOADED,132696
6elo__1__1.A__1.B,DOWNLOADED,131370
6elp__1__1.A__1.B,DOWNLOADED,131628
1ger__1__1.A_1.B__1.C,DOWNLOADED,542258
1ger__1__1.A_1.B__1.D,DOWNLOADED,542271
1ges__1__1.A_1.B__1.C,DOWNLOADED,541859
1ges__1__1.A_1.B__1.D,DOWNLOADED,542018
1gee__1__1.A__1.E,DOWNLOADED,160819
1gee__1__1.B__1.F,DOWNLOADED,160223
1gee__1__2.A__2.E,DOWNLOADED,159488
1gee__1__2.B__2.F,DOWNLOADED,162137
1gee__2__1.C__1.G,DOWNLOADED,160040
1gee__2__1.D__1.H,DOWNLOADED,161685
1gee__3__2.C__2.G,DOWNLOADED,162192
1gee__3__2.D__2.H,DOWNLOADED,159997
1geg__1__1.A__1.K_1.L,DOWNLOADED,152841
1geg__1__1.B__1.O_1.P,DOWNLOADED,150895
1geg__1__1.C__1.R_1.S,DOWNLOADED,152246
1geg__1__1.D__1.U_1.V,DOWNLOADED,153033
1geg__2__1.E__1.X_1.Y,DOWNLOADED,155886
1geg__2__1.F__1.AA_1.BA,DOWNLOADED,154793
1geg__2__1.G__1.EA_1.FA,DOWNLOADED,152294
1geg__2__1.H__1.IA_1.JA,DOWNLOADED,152958
3geg__1__1.A__1.C_1.D,DOWNLOADED,152698
3geg__1__1.B__1.G_1.H,DOWNLOADED,152908
3geg__1__2.A__2.C_2.D,DOWNLOADED,152698
3geg__1__2.B__2.G_2.H,DOWNLOADED,152908
4ge2__1__1.A__1.C,DOWNLOADED,193909
4gee__1__1.A__1.B,DOWNLOADED,124218
2f98__1__1.A_1.B__1.F,DOWNLOADED,181310
2f98__1__1.A_1.B__1.H,DOWNLOADED,181236
2f98__1__1.C_1.D__1.J,DOWNLOADED,181536
2f98__1__1.C_1.D__1.L,DOWNLOADED,181609
2f99__1__1.A_1.B__1.K,DOWNLOADED,181471
2f99__1__1.C_1.D__1.O,DOWNLOADED,181740
2f9g__1__1.A__1.B_1.C,DOWNLOADED,214599
2f9m__1__1.A__1.B_1.E,DOWNLOADED,117254
3f90__1__1.A__1.I,DOWNLOADED,89435
3f90__2__1.B__1.J,DOWNLOADED,91314
3f90__4__1.D__1.L,DOWNLOADED,90900
3f90__8__1.H__1.P,DOWNLOADED,90333
3f9t__1__1.A_1.B__1.C,DOWNLOADED,492545
3f9t__1__1.A_1.B__1.F,DOWNLOADED,492544
4f96__1__1.A__1.C,DOWNLOADED,299084
4f96__1__1.B__1.E,DOWNLOADED,301613
5f9e__1__1.A__1.C,DOWNLOADED,224623
5f9e__2__1.B__1.D,DOWNLOADED,198394
6f9q__1__1.A__1.E,DOWNLOADED,153021
3hca__1__1.A__1.C,DOWNLOADED,162696
3hca__2__1.B__1.F,DOWNLOADED,170009
3hcb__1__1.A__1.C,DOWNLOADED,162295
3hcb__2__1.B__1.E,DOWNLOADED,169995
3hcc__1__1.A__1.C,DOWNLOADED,162404
3hcc__1__1.A__1.D,DOWNLOADED,163343
3hcc__2__1.B__1.E,DOWNLOADED,169158
3hcc__2__1.B__1.F,DOWNLOADED,169988
3hch__2__1.B__1.G_1.K,DOWNLOADED,92090
2gqa__1__1.A__1.C,DOWNLOADED,222369
2gqt__1__1.A__1.C,DOWNLOADED,168445
2gqw__1__1.A__1.B,DOWNLOADED,240574
2gqw__1__2.A__2.B,DOWNLOADED,241534
4gqk__1__1.A__1.B,DOWNLOADED,221944
4gqk__2__2.A__2.B,DOWNLOADED,226343
4gqn__1__1.B_1.C__1.F,DOWNLOADED,243552
4gqn__1__1.C__1.H,DOWNLOADED,122345
1gal__1__1.A__1.G,DOWNLOADED,356947
1gaw__1__1.A__1.C,DOWNLOADED,195923
1gaw__2__1.B__1.D,DOWNLOADED,195173
2ga9__1__1.B__1.C_1.E,DOWNLOADED,289439
2gao__1__1.A__1.C,DOWNLOADED,106298
3gay__1__1.A_1.B__1.C_1.D,DOWNLOADED,382177
3gay__1__1.A_1.B__1.E_1.F,DOWNLOADED,382260
4ga6__1__1.A__1.C_1.D,DOWNLOADED,285718
4ga6__1__1.B__1.F_1.G,DOWNLOADED,287194
4gaa__1__1.A__1.C_1.D,DOWNLOADED,388712
4gaa__1__1.B__1.E_1.F,DOWNLOADED,392195
6gar__1__1.A_1.B__1.C,DOWNLOADED,425170
6gar__1__1.A_1.B__1.D_1.F,DOWNLOADED,426220
6gay__1__1.B__1.D,DOWNLOADED,73425
3hlg__1__1.A__1.B,DOWNLOADED,268418
3hlx__1__1.A__1.C,DOWNLOADED,166731
6hl2__1__1.B__1.I,DOWNLOADED,268941
6hl2__2__1.D__1.X,DOWNLOADED,268652
6hl4__1__1.B__1.G,DOWNLOADED,267515
6hl4__2__1.D__1.K,DOWNLOADED,263776
6hlj__1__1.B__1.G,DOWNLOADED,265910
6hlj__2__1.D__1.L,DOWNLOADED,261997
6hly__1__1.A__1.K,DOWNLOADED,198354
6hlz__1__1.A__1.HA,DOWNLOADED,199171
6hlz__2__1.B__1.LB,DOWNLOADED,196976
1gsy__1__1.A_1.B__1.C,DOWNLOADED,258884
1gsy__2__1.A_1.B_2.B__1.D,DOWNLOADED,386388
1gsy__2__1.B_2.A_2.B__2.D,DOWNLOADED,388026
2gsd__1__1.A__1.B_1.C,DOWNLOADED,248572
2gsd__1__2.A__2.B_2.C,DOWNLOADED,249150
2gsm__1__1.A_1.B__1.S,DOWNLOADED,504165
3euf__1__1.A_1.B__1.E_1.F,DOWNLOADED,359748
3euf__1__1.A_1.B__1.G_1.H,DOWNLOADED,359826
3euf__2__1.C_1.D__1.I_1.J,DOWNLOADED,362259
3euf__2__1.C_1.D__1.K_1.L,DOWNLOADED,362259
4eue__1__1.A__1.B_1.C,DOWNLOADED,259183
4euu__1__1.A_1.B__1.C,DOWNLOADED,387530
5eu1__1__1.A__1.C,DOWNLOADED,73817
5eud__1__1.A_1.B__1.D,DOWNLOADED,546821
5eud__1__1.A_1.B__1.E,DOWNLOADED,546931
5euj__1__1.A_1.B__1.BA_1.CA,DOWNLOADED,665112
5euj__1__1.A_1.B__1.Y_1.Z,DOWNLOADED,665114
5euj__1__1.C_1.D__1.FA_1.GA,DOWNLOADED,664969
5euj__2__1.E_1.F__1.HA_1.IA_1.JA,DOWNLOADED,674627
5euj__2__1.G_1.H__1.MA_1.NA,DOWNLOADED,673782
5euj__2__1.G_1.H__1.OA_1.PA,DOWNLOADED,673775
5euj__3__1.I_1.J__1.QA_1.RA_1.SA,DOWNLOADED,675629
5euj__3__1.I_1.J__1.TA_1.UA,DOWNLOADED,675152
5euj__3__1.K_1.L__1.VA_1.WA,DOWNLOADED,671447
5euj__3__1.K_1.L__1.XA_1.YA,DOWNLOADED,671446
5euj__4__1.M_1.N__1.AB_1.ZA,DOWNLOADED,675106
5euj__4__1.M_1.N__1.BB_1.CB_1.DB,DOWNLOADED,675668
5euj__4__1.O_1.P__1.EB_1.FB,DOWNLOADED,679292
5euj__4__1.O_1.P__1.GB_1.HB,DOWNLOADED,679358
5euj__5__1.Q_1.R__1.IB_1.JB_1.KB,DOWNLOADED,681758
5euj__5__1.Q_1.R__1.LB_1.MB_1.NB,DOWNLOADED,681679
5euj__5__1.S_1.T__1.OB_1.PB,DOWNLOADED,675646
5euj__5__1.S_1.T__1.QB_1.RB,DOWNLOADED,675646
5euj__6__1.U_1.V__1.SB_1.TB,DOWNLOADED,665926
5euj__6__1.U_1.V__1.UB_1.VB,DOWNLOADED,665998
5euj__6__1.W_1.X__1.WB_1.XB,DOWNLOADED,671828
5euj__6__1.W_1.X__1.YB_1.ZB,DOWNLOADED,671911
1h50__1__1.A__1.B_1.C,DOWNLOADED,221881
1h51__1__1.A__1.B_1.C,DOWNLOADED,220376
2h57__2__1.B__1.J_1.K,DOWNLOADED,107582
3h54__1__1.A__1.L_1.M_1.R,DOWNLOADED,245587
3h54__1__1.B__1.V_1.Y,DOWNLOADED,248793
4h53__1__1.A__1.Q,DOWNLOADED,238786
4h53__1__1.B__1.S,DOWNLOADED,241599
4h53__1__1.C__1.U,DOWNLOADED,241983
5h5i__1__1.A__1.B,DOWNLOADED,180587
1flm__1__1.A_1.B__1.C,DOWNLOADED,145161
1flm__1__1.A_1.B__1.D,DOWNLOADED,145239
1fl2__2__1.A_2.A__1.G,DOWNLOADED,366555
1fl2__2__1.A_2.A__2.G,DOWNLOADED,366490
1fl3__2__1.C_1.D__1.F,DOWNLOADED,253690
2flh__1__1.A__1.G,DOWNLOADED,93130
3fl8__1__1.A__1.J,DOWNLOADED,112635
3fl8__2__1.B__1.L,DOWNLOADED,109369
4fli__1__1.A__1.B_1.C_1.D,DOWNLOADED,191101
4flj__1__1.A__1.B_1.C_1.D,DOWNLOADED,191794
5fl4__1__1.A__1.E_1.F_1.G,DOWNLOADED,157978
5fl4__2__1.B__1.J_1.K_1.L,DOWNLOADED,158009
5fl4__4__1.D__1.T_1.U_1.V,DOWNLOADED,157314
5fl5__1__1.A__1.E_1.F_1.G,DOWNLOADED,158828
5fl5__2__1.B__1.Q_1.R_1.S,DOWNLOADED,158049
5fl5__4__1.D__1.FA_1.GA_1.HA,DOWNLOADED,157987
5fl6__1__1.A__1.E_1.F_1.G,DOWNLOADED,158527
5fl6__2__1.B__1.H_1.I_1.J,DOWNLOADED,158487
5fl6__3__1.C__1.L_1.M_1.N,DOWNLOADED,160493
5fl6__4__1.D__1.O_1.P_1.Q,DOWNLOADED,157962
5fll__1__1.A__1.C_1.D_1.E_1.F,DOWNLOADED,163606
5fll__1__1.B__1.G_1.H_1.I_1.J,DOWNLOADED,166619
6flv__1__1.A__1.D,DOWNLOADED,224184
2hv8__2__1.C__1.K_1.N,DOWNLOADED,110714
2hvi__1__1.E__1.J,DOWNLOADED,380372
2hvs__1__1.G__1.J,DOWNLOADED,203763
2hvs__2__1.H__1.L,DOWNLOADED,203889
3hv0__1__1.A__1.C,DOWNLOADED,223133
3hv0__1__1.B__1.D,DOWNLOADED,222746
3hvl__2__1.B__1.D,DOWNLOADED,190622
4i2d__1__1.A__1.B_1.D_1.E,DOWNLOADED,226701
4i2p__1__1.A_1.B__1.C,DOWNLOADED,630963
6i23__2__1.B__1.I,DOWNLOADED,84025
6i2c__1__1.A_1.B__1.C,DOWNLOADED,419524
6i2p__1__1.A__1.F_1.G,DOWNLOADED,166881
6i2p__2__1.B__1.I_1.J,DOWNLOADED,161430
2i4i__1__1.A__1.B,DOWNLOADED,260563
4i4t__1__1.C_1.D__1.V_1.W,DOWNLOADED,1053200
4i4t__1__1.D__1.AA,DOWNLOADED,524695
5i49__1__1.A__1.C_1.D,DOWNLOADED,310297
3hz5__1__1.A__1.B,DOWNLOADED,132005
4hzw__1__1.A__1.F,DOWNLOADED,243738
4hzz__1__1.A__1.F,DOWNLOADED,241036
6hza__1__1.A__1.B_1.M,DOWNLOADED,296765
6hzb__1__1.A__1.B_1.M,DOWNLOADED,296523
1gpe__1__1.A__1.I,DOWNLOADED,366577
1gpe__1__1.B__1.L,DOWNLOADED,361056
1gpk__1__1.A__1.E,DOWNLOADED,332511
1gpk__1__2.A__2.E,DOWNLOADED,332811
3gpt__1__1.BA__1.HA,DOWNLOADED,127791
3gpt__1__1.H_1.I_1.Z__1.CA,DOWNLOADED,407488
3gpt__1__1.K_1.L__1.DA,DOWNLOADED,275960
3gpt__1__1.L_1.V_1.W__1.FA,DOWNLOADED,407049
3gpt__1__1.N__1.EA,DOWNLOADED,124375
3gpt__1__1.Y_1.Z__1.GA,DOWNLOADED,276443
3gpw__1__1.BA__1.HA,DOWNLOADED,127721
3gpw__1__1.H_1.I_1.Z__1.CA,DOWNLOADED,407427
3gpw__1__1.K_1.L__1.DA,DOWNLOADED,275862
3gpw__1__1.L_1.V_1.W__1.FA,DOWNLOADED,406912
3gpw__1__1.N__1.EA,DOWNLOADED,124305
3gpw__1__1.Y_1.Z__1.GA,DOWNLOADED,276450
2g5c__1__1.A__1.E,DOWNLOADED,178095
2g5c__1__1.C__1.G,DOWNLOADED,177988
2g5c__2__1.B__1.F,DOWNLOADED,178478
2g5c__2__1.D__1.H,DOWNLOADED,177123
3g51__1__1.A__1.B,DOWNLOADED,182739
3g5k__1__1.A_2.C__1.E_1.F,DOWNLOADED,225187
3g5k__1__1.A_2.C__2.I_2.J,DOWNLOADED,225189
3g5k__1__1.B_2.D__1.G_1.H,DOWNLOADED,226447
3g5k__1__2.D__2.K_2.L,DOWNLOADED,115472
3g5s__1__1.A__1.B,DOWNLOADED,265844
4g50__1__1.A__1.C,DOWNLOADED,116852
4g5g__1__1.A__1.C_1.D,DOWNLOADED,245704
4g5y__1__1.A__1.C_1.D,DOWNLOADED,169588
5g57__1__1.A__1.O,DOWNLOADED,212817
5g5g__1__1.A_1.C__1.Y_1.Z,DOWNLOADED,570078
6g5u__1__1.A__1.C_1.D,DOWNLOADED,164202
6g5u__2__1.B__1.G_1.H,DOWNLOADED,166074
6g5w__2__1.B__1.L_1.P,DOWNLOADED,225887
6g5x__2__1.B__1.Q,DOWNLOADED,226730
3dnt__1__1.A__1.C_1.D_1.E,DOWNLOADED,264378
3dnt__2__1.B__1.G_1.H_1.I,DOWNLOADED,265362
4dn5__1__1.A__1.C_1.H_1.J,DOWNLOADED,207946
4dn5__2__1.B__1.K_1.L_1.M,DOWNLOADED,210637
4dn5__3__1.A_1.B__1.C_1.H_1.J,DOWNLOADED,409593
4dn5__3__1.A_1.B__1.K_1.L_1.M,DOWNLOADED,409446
4dne__1__1.A_2.B__1.C_1.E,DOWNLOADED,144188
4dne__1__1.A_2.B__2.F_2.J,DOWNLOADED,144188
4dne__1__1.B_2.A__1.F_1.J,DOWNLOADED,143920
4dne__1__1.B_2.A__2.C_2.E,DOWNLOADED,143920
5dnk__1__1.A__1.C,DOWNLOADED,326980
5dnk__1__1.B__1.D,DOWNLOADED,323790
5dnl__1__1.A_1.B_1.C__1.G_1.H_1.I,DOWNLOADED,326551
5dnl__1__1.A_1.B_4.A__1.D_1.E_1.F,DOWNLOADED,325053
5dnl__1__1.A_3.A_3.B__3.D_3.E_3.F,DOWNLOADED,328670
5dnl__1__1.B_4.C_8.C__4.J_4.K_4.L,DOWNLOADED,324908
5dnl__1__1.C_3.B_6.C__1.J_1.K_1.L,DOWNLOADED,329072
5dnl__1__1.C_6.C_8.B__6.J_6.K_6.L,DOWNLOADED,328086
5dnl__1__2.A_2.B_2.C__2.G_2.H_2.I,DOWNLOADED,325529
5dnl__1__2.A_2.B_3.A__2.D_2.E_2.F,DOWNLOADED,326733
5dnl__1__2.A_4.A_4.B__4.D_4.E_4.F,DOWNLOADED,323116
5dnl__1__2.B_3.C_7.C__3.J_3.K_3.L,DOWNLOADED,327684
5dnl__1__2.C_4.B_5.C__2.J_2.K_2.L,DOWNLOADED,323520
5dnl__1__2.C_5.C_7.B__5.J_5.K_5.L,DOWNLOADED,325310
5dnl__1__3.A_3.B_3.C__3.G_3.H_3.I,DOWNLOADED,329693
5dnl__1__3.C_6.B_7.C__7.J_7.K_7.L,DOWNLOADED,329475
5dnl__1__4.A_4.B_4.C__4.G_4.H_4.I,DOWNLOADED,322387
5dnl__1__4.C_5.B_8.C__8.J_8.K_8.L,DOWNLOADED,323921
5dnl__1__5.A_5.B_5.C__5.G_5.H_5.I,DOWNLOADED,323770
5dnl__1__5.A_5.B_8.A__5.D_5.E_5.F,DOWNLOADED,325373
5dnl__1__5.A_7.A_7.B__7.D_7.E_7.F,DOWNLOADED,327310
5dnl__1__6.A_6.B_6.C__6.G_6.H_6.I,DOWNLOADED,331078
5dnl__1__6.A_6.B_7.A__6.D_6.E_6.F,DOWNLOADED,330927
5dnl__1__6.A_8.A_8.B__8.D_8.E_8.F,DOWNLOADED,328990
5dnl__1__7.A_7.B_7.C__7.G_7.H_7.I,DOWNLOADED,327935
5dnl__1__8.A_8.B_8.C__8.G_8.H_8.I,DOWNLOADED,326913
5dnx__1__1.A_1.B_1.C__1.G_1.H_1.I,DOWNLOADED,326669
5dnx__1__1.A_1.B_4.A__1.D_1.E_1.F,DOWNLOADED,325124
5dnx__1__1.A_3.A_3.B__3.D_3.E_3.F,DOWNLOADED,328746
5dnx__1__1.B_4.C_8.C__4.J_4.K_4.L,DOWNLOADED,325039
5dnx__1__1.C_3.B_6.C__1.J_1.K_1.L,DOWNLOADED,329204
5dnx__1__1.C_6.C_8.B__6.J_6.K_6.L,DOWNLOADED,328167
5dnx__1__2.A_2.B_2.C__2.G_2.H_2.I,DOWNLOADED,325649
5dnx__1__2.A_2.B_3.A__2.D_2.E_2.F,DOWNLOADED,326812
5dnx__1__2.A_4.A_4.B__4.D_4.E_4.F,DOWNLOADED,323190
5dnx__1__2.B_3.C_7.C__3.J_3.K_3.L,DOWNLOADED,327815
5dnx__1__2.C_4.B_5.C__2.J_2.K_2.L,DOWNLOADED,323650
5dnx__1__2.C_5.C_7.B__5.J_5.K_5.L,DOWNLOADED,325391
5dnx__1__3.A_3.B_3.C__3.G_3.H_3.I,DOWNLOADED,329814
5dnx__1__3.C_6.B_7.C__7.J_7.K_7.L,DOWNLOADED,329557
5dnx__1__4.A_4.B_4.C__4.G_4.H_4.I,DOWNLOADED,322504
5dnx__1__4.C_5.B_8.C__8.J_8.K_8.L,DOWNLOADED,324001
5dnx__1__5.A_5.B_5.C__5.G_5.H_5.I,DOWNLOADED,323809
5dnx__1__5.A_5.B_8.A__5.D_5.E_5.F,DOWNLOADED,325305
5dnx__1__5.A_7.A_7.B__7.D_7.E_7.F,DOWNLOADED,327238
5dnx__1__6.A_6.B_6.C__6.G_6.H_6.I,DOWNLOADED,331121
5dnx__1__6.A_6.B_7.A__6.D_6.E_6.F,DOWNLOADED,330859
5dnx__1__6.A_8.A_8.B__8.D_8.E_8.F,DOWNLOADED,328926
5dnx__1__7.A_7.B_7.C__7.G_7.H_7.I,DOWNLOADED,327975
5dnx__1__8.A_8.B_8.C__8.G_8.H_8.I,DOWNLOADED,326955
7dn1__1__1.A__1.C,DOWNLOADED,171511
7dn1__1__2.A__2.C,DOWNLOADED,175193
1hp5__2__1.A_2.A__1.F_1.G_1.H,DOWNLOADED,614088
1hp5__2__1.A_2.A__2.F_2.G_2.H,DOWNLOADED,614089
2hpv__1__1.A_1.B__1.E,DOWNLOADED,256948
2hpv__1__1.A_1.B__1.F,DOWNLOADED,256953
2hpv__2__1.C_1.D__1.G,DOWNLOADED,257376
2hpv__2__1.C_1.D__1.H,DOWNLOADED,257194
4hp8__1__1.A__1.C,DOWNLOADED,144767
4hp8__1__1.B__1.E,DOWNLOADED,148048
4hp8__1__2.A__2.C,DOWNLOADED,145903
4hp8__1__2.B__2.E,DOWNLOADED,148464
4hpj__1__1.A_1.B__1.C,DOWNLOADED,400810
4hpj__1__1.B__1.E,DOWNLOADED,240156
4hpj__1__2.A_2.B__2.C,DOWNLOADED,400262
4hpj__1__2.B__2.E,DOWNLOADED,239606
5hph__1__1.A__1.C_1.E,DOWNLOADED,307784
5hpy__1__1.A_1.B__1.E_1.F_1.G,DOWNLOADED,231390
5hpy__2__1.C_1.D__1.H_1.I_1.J,DOWNLOADED,232658
6hp5__1__1.A__1.D,DOWNLOADED,255888
6hp5__1__1.B__1.C,DOWNLOADED,254898
6hp9__1__1.A__1.C,DOWNLOADED,190808
6hpe__1__1.A_1.B__1.C,DOWNLOADED,581859
6hpe__1__1.A_1.B__1.F,DOWNLOADED,581781
2hma__1__1.A__1.B_1.C,DOWNLOADED,230303
2hma__1__2.A__2.B_2.C,DOWNLOADED,230605
2hmp__1__1.A__1.C_1.G,DOWNLOADED,226857
2hmp__1__1.B__1.P_1.T,DOWNLOADED,230060
3hmi__1__1.A__1.B,DOWNLOADED,172158
3hml__1__1.A__1.C,DOWNLOADED,154550
3hml__1__1.B__1.D,DOWNLOADED,154457
5hmh__1__1.A__1.C,DOWNLOADED,65048
5hmh__2__1.B__1.E,DOWNLOADED,66137
5hmi__1__1.A__1.C,DOWNLOADED,65540
5hmk__1__1.A__1.C,DOWNLOADED,59886
5hmk__2__1.B__1.D,DOWNLOADED,62491
6hm2__1__1.A__1.F_1.I,DOWNLOADED,196780
6hm2__2__1.B__1.J_1.M,DOWNLOADED,200445
6hm2__3__1.C__1.N_1.Q,DOWNLOADED,195560
6hm2__4__1.D__1.R_1.V,DOWNLOADED,198013
6hm2__5__1.E__1.W,DOWNLOADED,197932
1gc5__1__1.A__1.B,DOWNLOADED,301085
1gco__1__1.A__1.E,DOWNLOADED,160819
1gco__1__1.B__1.F,DOWNLOADED,160300
1gco__1__2.A__2.E,DOWNLOADED,159486
1gco__1__2.B__2.F,DOWNLOADED,162141
1gco__2__1.C__1.G,DOWNLOADED,160038
1gco__2__1.D__1.H,DOWNLOADED,161650
1gco__2__2.C__2.G,DOWNLOADED,162194
1gco__2__2.D__2.H,DOWNLOADED,160031
2gco__1__1.A__1.C_1.D,DOWNLOADED,120759
2gco__2__1.B__1.E_1.F,DOWNLOADED,116743
3gc4__1__1.A__1.B,DOWNLOADED,216162
3gc4__1__2.A__2.B,DOWNLOADED,220306
4gc9__1__1.A__1.B,DOWNLOADED,205647
4gci__1__1.A_1.B__1.D,DOWNLOADED,252813
4gcp__2__1.B__1.D,DOWNLOADED,205704
6gcb__1__1.A__1.C,DOWNLOADED,365110
6gcb__1__1.B__1.D,DOWNLOADED,365989
3gb4__1__1.A__1.F,DOWNLOADED,216125
3gbb__1__1.A__1.C,DOWNLOADED,161807
3gbb__2__1.B__1.D,DOWNLOADED,164947
3gbh__1__1.A_1.B__1.F_1.G_1.H,DOWNLOADED,267293
3gbh__1__1.C_1.D__1.O_1.T_1.U,DOWNLOADED,264411
3gbh__2__1.A_1.B__1.F_1.G_1.H,DOWNLOADED,267293
3gbh__2__1.C_1.D__1.O_1.T_1.U,DOWNLOADED,264411
4gb2__1__1.A_1.B__1.F,DOWNLOADED,120085
4gbw__1__1.A_2.A__1.B_1.C_1.D_1.E_1.F,DOWNLOADED,392750
4gbw__1__1.A_2.A__2.B_2.C_2.D_2.E_2.F,DOWNLOADED,392750
4gbw__1__3.A_4.A__3.B_3.C_3.D_3.E_3.F,DOWNLOADED,397667
4gbw__1__3.A_4.A__4.B_4.C_4.D_4.E_4.F,DOWNLOADED,397667
6gba__1__1.A__1.B,DOWNLOADED,75130
3i8v__1__1.A__1.E,DOWNLOADED,218503
3i8v__1__1.B__1.J,DOWNLOADED,217473
4i8p__1__1.A__1.C,DOWNLOADED,310885
4i8p__1__1.B__1.G,DOWNLOADED,306997
5i83__1__1.A__1.C,DOWNLOADED,76918
5i86__2__1.B__1.G,DOWNLOADED,77620
5i8b__1__1.A__1.E_1.G,DOWNLOADED,151078
1g35__1__1.A_1.B__1.C,DOWNLOADED,120105
1g36__1__1.A__1.C_1.D,DOWNLOADED,131166
1g38__1__1.E__1.G,DOWNLOADED,253178
1g38__2__1.F__1.H,DOWNLOADED,252569
1g3d__1__1.A__1.B_1.E,DOWNLOADED,130783
1g3e__1__1.A__1.B_1.E,DOWNLOADED,130629
3g31__1__1.A__1.D_1.H,DOWNLOADED,156311
3g35__1__1.A__1.D,DOWNLOADED,154368
4g31__1__1.A__1.C,DOWNLOADED,161050
4g3f__1__1.A__1.B,DOWNLOADED,193204
5g3l__1__1.B_1.C__1.K,DOWNLOADED,116953
5g3l__1__1.C_1.D_1.E__1.M,DOWNLOADED,172381
6g34__1__1.A__1.B,DOWNLOADED,206191
6g36__1__1.A__1.B,DOWNLOADED,213061
6g37__1__1.A__1.C,DOWNLOADED,206443
6g38__1__1.A__1.B,DOWNLOADED,206940
6g3h__1__1.A_2.A_3.A__3.B,DOWNLOADED,903554
6g3h__1__1.A_2.A_4.A__4.B,DOWNLOADED,904694
6g3h__1__1.A_3.A_4.A__1.B,DOWNLOADED,909016
6g3h__1__2.A_3.A_4.A__2.B,DOWNLOADED,906222
6g3r__1__1.A__1.B_1.D_1.E_1.F_1.G,DOWNLOADED,238589
2h3d__1__1.A_1.B__1.C,DOWNLOADED,584946
2h3d__1__1.A_1.B__1.D,DOWNLOADED,585016
2h3e__1__1.A_2.A__1.E,DOWNLOADED,378083
2h3e__1__1.A_3.A__3.E,DOWNLOADED,378512
2h3e__1__1.C_2.C__2.G,DOWNLOADED,379669
2h3e__1__1.C_3.C__1.G,DOWNLOADED,379206
3h3r__1__1.A__1.C,DOWNLOADED,152072
3h3r__2__1.B__1.D,DOWNLOADED,152112
6h39__1__1.K_1.L__1.FA_1.HA_1.IA,DOWNLOADED,278934
6h39__1__1.Y_1.Z__1.OA_1.QA_1.RA,DOWNLOADED,279341
2h92__1__1.A__1.D_1.E,DOWNLOADED,140316
2h92__2__1.B__1.G,DOWNLOADED,138881
2h92__3__1.C__1.J,DOWNLOADED,138533
2h9i__1__1.A_2.A__1.B,DOWNLOADED,318503
2h9i__1__1.A_2.A__2.B,DOWNLOADED,318510
2h9i__1__3.A_4.A__3.B,DOWNLOADED,320142
2h9i__1__3.A_4.A__4.B,DOWNLOADED,320142
3h9e__1__1.A_2.A__1.C_1.D,DOWNLOADED,409812
3h9e__1__1.A_2.A__2.C_2.D,DOWNLOADED,409810
3h9e__1__1.B_2.B__1.L_1.M,DOWNLOADED,409536
3h9e__1__1.B_2.B__2.L_2.M,DOWNLOADED,409538
4hgs__1__1.A__1.B,DOWNLOADED,199371
4hgt__1__1.A__1.C,DOWNLOADED,181991
4hgt__2__1.B__1.D,DOWNLOADED,184347
6hg0__1__1.A__1.L,DOWNLOADED,242298
6hg5__1__1.A__1.N,DOWNLOADED,239161
6hg5__1__1.B__1.Q,DOWNLOADED,239579
6hg5__1__1.D__1.CA,DOWNLOADED,241988
6hg8__1__1.A_1.B__1.C,DOWNLOADED,568661
6hg8__1__1.A_1.B__1.J,DOWNLOADED,568731
2ch5__1__1.A_1.B__1.E_1.F,DOWNLOADED,416630
2ch5__1__1.A_1.B__1.G_1.H,DOWNLOADED,416709
2ch5__2__1.C_1.D__1.I_1.J,DOWNLOADED,421148
2chg__1__1.A__1.E_1.F,DOWNLOADED,143584
2chg__2__1.B__1.G_1.H,DOWNLOADED,144169
2chg__3__1.C__1.I_1.J,DOWNLOADED,142598
2chg__4__1.D__1.K_1.L,DOWNLOADED,140976
3ch5__1__1.A__1.C_1.E,DOWNLOADED,127172
3ch5__1__2.A__2.C_2.E,DOWNLOADED,126876
3ch5__1__3.A__3.C_3.E,DOWNLOADED,128366
3ch5__1__4.A__4.C_4.E,DOWNLOADED,125834
3ch5__2__1.A__1.C_1.E,DOWNLOADED,127172
3ch5__2__2.A__2.C_2.E,DOWNLOADED,126876
4chq__1__1.A_1.B__1.H_1.Q,DOWNLOADED,184638
4chs__1__1.A_1.B__1.C,DOWNLOADED,283577
4chs__1__1.B__1.D,DOWNLOADED,144346
6ch4__1__1.A__1.E_1.F_1.G,DOWNLOADED,196857
6ch4__3__1.C__1.M_1.N_1.O,DOWNLOADED,197042
6ch4__4__1.D__1.Q_1.R,DOWNLOADED,182856
6chl__1__1.A_2.A__1.C_1.F,DOWNLOADED,200952
6chl__1__1.A_3.A__3.C_3.F,DOWNLOADED,200941
6chl__1__1.B_2.B__2.G_2.H_2.J_2.K,DOWNLOADED,199820
6chl__1__1.B_3.B__1.G_1.H_1.J_1.K,DOWNLOADED,199706
6chl__1__2.A_3.A__2.C_2.F,DOWNLOADED,201016
6chl__1__2.B_3.B__3.G_3.H_3.J_3.K,DOWNLOADED,199452
6chl__2__1.B_5.B__5.G_5.H_5.J_5.K,DOWNLOADED,199820
6chl__2__1.B_9.B__1.G_1.H_1.J_1.K,DOWNLOADED,199706
6chl__2__10.A_2.A__10.C_10.F,DOWNLOADED,204442
6chl__2__10.A_6.A__6.C_6.F,DOWNLOADED,204930
6chl__2__10.B_3.B__3.G_3.H_3.J_3.K,DOWNLOADED,204820
6chl__2__10.B_8.B__10.G_10.H_10.J_10.K,DOWNLOADED,203607
6chl__2__11.A_4.A__11.C_11.F,DOWNLOADED,203269
6chl__2__11.A_9.A__9.C_9.F,DOWNLOADED,202585
6chl__2__11.B_4.B__4.G_4.H_4.J_4.K,DOWNLOADED,203902
6chl__2__11.B_6.B__11.G_11.H_11.J_11.K,DOWNLOADED,203703
6chl__2__12.A_5.A__12.C_12.F,DOWNLOADED,202258
6chl__2__12.A_7.A__7.C_7.F,DOWNLOADED,203394
6chl__2__12.B_2.B__2.G_2.H_2.J_2.K,DOWNLOADED,201376
6chl__2__12.B_7.B__12.G_12.H_12.J_12.K,DOWNLOADED,200315
6chl__2__13.A_3.A__13.C_13.F,DOWNLOADED,205857
6chl__2__13.A_8.A__8.C_8.F,DOWNLOADED,206143
6chl__2__2.A_6.A__2.C_2.F,DOWNLOADED,200627
6chl__2__2.B_7.B__7.G_7.H_7.J_7.K,DOWNLOADED,198804
6chl__2__3.A_8.A__3.C_3.F,DOWNLOADED,202851
6chl__2__3.B_8.B__8.G_8.H_8.J_8.K,DOWNLOADED,201312
6chl__2__4.A_9.A__4.C_4.F,DOWNLOADED,199268
6chl__2__4.B_6.B__6.G_6.H_6.J_6.K,DOWNLOADED,202134
6chl__2__5.A_7.A__5.C_5.F,DOWNLOADED,199470
6chl__2__5.B_9.B__9.G_9.H_9.J_9.K,DOWNLOADED,199452
6chm__1__1.A_2.A__2.C,DOWNLOADED,195656
6chm__1__1.A_3.A__1.C,DOWNLOADED,195277
6chm__1__1.B_2.B__1.G,DOWNLOADED,199319
6chm__1__1.B_3.B__3.G,DOWNLOADED,199309
1i6k__1__1.A__1.J,DOWNLOADED,208636
1i6k__1__2.A__2.J,DOWNLOADED,208342
3i61__1__1.A__1.C_1.D_1.E,DOWNLOADED,321167
3i6a__1__1.A_1.B__1.I,DOWNLOADED,284247
3i6a__1__1.A_1.B__1.J,DOWNLOADED,284019
3i6a__2__1.C_1.D__1.L,DOWNLOADED,284029
3i6a__3__1.E_1.F__1.M,DOWNLOADED,280338
3i6a__3__1.E_1.F__1.N,DOWNLOADED,280492
3i6a__4__1.G_1.H__1.O,DOWNLOADED,282903
3i6a__4__1.G_1.H__1.P,DOWNLOADED,282906
3i6m__1__1.A__1.D,DOWNLOADED,341147
3i6m__1__2.A__2.D,DOWNLOADED,341506
6i6f__1__1.B__1.N,DOWNLOADED,157818
6i6h__1__1.A__1.B,DOWNLOADED,138611
2i0u__3__1.A__1.F,DOWNLOADED,77426
3i0o__1__1.A__1.C,DOWNLOADED,210129
3i0o__2__2.A__2.C,DOWNLOADED,212785
4i00__1__1.A__1.F,DOWNLOADED,246022
5i06__1__1.A__1.C,DOWNLOADED,218023
5i0h__1__1.A__1.C_1.D_1.E_1.L,DOWNLOADED,469531
5i0j__1__1.A_1.D__1.E,DOWNLOADED,164240
5i0j__2__1.B_1.C__1.F,DOWNLOADED,164162
6i0s__1__1.A__1.B_1.C,DOWNLOADED,446567
6i0z__1__1.A__1.C,DOWNLOADED,301240
6i0z__2__1.B__1.D,DOWNLOADED,302132
1gwj__1__1.A__1.B,DOWNLOADED,231360
1gwj__1__2.A__2.B,DOWNLOADED,231764
1gwn__1__1.A__1.C_1.D,DOWNLOADED,114070
1gww__1__1.A__1.C_1.D,DOWNLOADED,190733
2gwc__1__1.A__1.I_1.J,DOWNLOADED,279357
2gwc__1__1.B__1.K_1.L,DOWNLOADED,280820
2gwc__2__1.C__1.M_1.N,DOWNLOADED,282906
2gwc__2__1.D__1.O_1.P,DOWNLOADED,283793
2gwc__3__1.E__1.Q_1.R,DOWNLOADED,279593
2gwc__3__1.F__1.S_1.T,DOWNLOADED,282618
2gwc__4__1.G__1.U_1.V,DOWNLOADED,281299
2gwc__4__1.H__1.W_1.X,DOWNLOADED,283034
2gwh__1__1.A__1.C,DOWNLOADED,187105
2gwh__1__1.A__1.D,DOWNLOADED,185543
2gwh__1__1.B__1.I,DOWNLOADED,189959
2gwj__1__1.A__1.B_1.C,DOWNLOADED,226854
2gwk__1__1.A__1.C_1.D,DOWNLOADED,228374
2gwk__1__1.B__1.E_1.F,DOWNLOADED,232409
3gwz__1__1.A__1.G,DOWNLOADED,208643
3gwz__1__1.C__1.N,DOWNLOADED,208052
5gws__1__1.B__1.G_1.H,DOWNLOADED,137098
5gws__1__1.C__1.I,DOWNLOADED,135735
5gws__1__1.D__1.J,DOWNLOADED,132078
5gwt__1__1.B__1.G_1.H,DOWNLOADED,157466
5gwt__1__1.C__1.I_1.J,DOWNLOADED,157475
5gwt__1__1.D__1.K_1.L,DOWNLOADED,157044
5gwx__1__1.A__1.B_1.C,DOWNLOADED,164545
6gw3__2__1.C__1.I,DOWNLOADED,238304
6gwr__1__1.A_1.B__1.R,DOWNLOADED,366530
6gwr__1__1.A__1.C_1.N,DOWNLOADED,190390
1ht0__1__1.A_1.B__1.D_1.E,DOWNLOADED,439026
1ht0__1__1.A_1.B__1.G_1.H,DOWNLOADED,439184
1htw__1__1.A__1.D_1.H,DOWNLOADED,101656
1htw__2__1.B__1.I_1.K,DOWNLOADED,101634
2hte__1__1.A__1.E,DOWNLOADED,175999
2hte__2__1.C__1.S,DOWNLOADED,182376
4ht3__1__1.A_1.B__1.C,DOWNLOADED,399172
4ht3__1__2.A_2.B__2.C,DOWNLOADED,398658
4htf__1__1.A__1.C,DOWNLOADED,157003
4htf__1__1.B__1.F,DOWNLOADED,159788
5htl__1__1.A_1.B__1.D,DOWNLOADED,174987
5htl__1__1.A__1.C,DOWNLOADED,91430
2gf6__1__1.A_1.B__1.F,DOWNLOADED,175334
2gf6__1__2.A_2.B__2.F,DOWNLOADED,175120
2gf6__2__1.C_2.C__1.G_1.H,DOWNLOADED,164397
2gf6__2__1.C_2.C__2.G_2.H,DOWNLOADED,164328
2gf6__2__1.D_2.D__1.I,DOWNLOADED,161207
2gf6__2__1.D_2.D__2.I,DOWNLOADED,161205
3gf4__1__1.B__1.E,DOWNLOADED,254131
3gf4__1__1.B__1.F,DOWNLOADED,251130
4gf0__1__1.A_1.B__1.D,DOWNLOADED,235111
4gf7__1__1.A__1.B,DOWNLOADED,240904
4gf7__1__3.A__3.B,DOWNLOADED,243039
4gfn__1__1.A__1.B,DOWNLOADED,124287
4gfv__1__1.A__1.D,DOWNLOADED,185679
6gfo__1__1.A_1.D_1.E__1.G,DOWNLOADED,455549
6gfo__1__1.A_1.D_1.E__1.K,DOWNLOADED,455623
6gfo__1__1.B_1.C_1.F__1.H,DOWNLOADED,450829
6gfo__1__1.B_1.C_1.F__1.I_1.J,DOWNLOADED,450973
6gfq__1__1.A_2.B_2.C__2.F,DOWNLOADED,426317
6gfq__1__1.B_1.C_2.A__1.F,DOWNLOADED,426591
6gfr__1__1.A_2.B__1.C,DOWNLOADED,418870
6gfr__1__1.B_2.A__2.C,DOWNLOADED,419202
1i31__1__1.A__1.B,DOWNLOADED,169913
1i36__2__1.A_2.A__1.C,DOWNLOADED,311951
1i36__2__1.A_2.A__2.C,DOWNLOADED,311951
1i36__3__1.B_2.B__1.D,DOWNLOADED,311759
1i36__3__1.B_2.B__2.D,DOWNLOADED,311753
2i3g__1__1.A__1.C,DOWNLOADED,206743
2i3g__2__1.B__1.E,DOWNLOADED,203899
2i3g__3__2.A__2.C,DOWNLOADED,202960
2i3g__3__2.B__2.E,DOWNLOADED,205027
2i3h__3__1.A_2.B__1.C,DOWNLOADED,118631
2i3h__3__1.B_2.A__2.C,DOWNLOADED,118728
3i3o__1__1.A__1.I_1.J,DOWNLOADED,177476
3i3o__1__1.D__1.S_1.U,DOWNLOADED,178734
5i3r__1__1.A__1.C,DOWNLOADED,188518
5i3r__2__1.B__1.E,DOWNLOADED,190601
6i3u__1__1.A__1.B,DOWNLOADED,354952
1gh0__1__1.A_1.B_1.K__1.AA,DOWNLOADED,294320
1gh0__1__1.C_1.D_1.F__1.BA,DOWNLOADED,298963
1gh0__1__1.C_1.I_1.J__1.MA,DOWNLOADED,297223
1gh0__1__1.D__1.CA,DOWNLOADED,104143
1gh0__1__1.E_1.F_1.G__1.GA,DOWNLOADED,294933
1gh0__1__1.E_1.G_1.H__1.JA,DOWNLOADED,294337
1gh0__1__1.H_1.K_1.L__1.NA,DOWNLOADED,297256
1gh0__1__1.H__1.IA,DOWNLOADED,103380
1gh0__1__1.I_1.J_1.L__1.KA,DOWNLOADED,298916
1gh0__1__1.J__1.LA,DOWNLOADED,104525
1gh0__1__1.L__1.OA,DOWNLOADED,103537
1gh0__2__1.M_1.N_1.P__1.QA,DOWNLOADED,299860
1gh0__2__1.M_1.N_1.W__1.SA,DOWNLOADED,298296
1gh0__2__1.M_1.W_1.X__1.HB,DOWNLOADED,298857
1gh0__2__1.N_1.Q_1.R__1.WA,DOWNLOADED,301538
1gh0__2__1.N__1.RA,DOWNLOADED,104337
1gh0__2__1.O_1.P_1.R__1.TA,DOWNLOADED,300709
1gh0__2__1.O_1.P_1.U__1.VA,DOWNLOADED,298184
1gh0__2__1.O_1.U_1.V__1.EB,DOWNLOADED,298594
1gh0__2__1.P__1.UA,DOWNLOADED,104386
1gh0__2__1.Q_1.R_1.S__1.YA,DOWNLOADED,300816
1gh0__2__1.Q_1.S_1.T__1.BB,DOWNLOADED,301066
1gh0__2__1.R__1.XA,DOWNLOADED,105342
1gh0__2__1.S_1.T_1.V__1.ZA,DOWNLOADED,302849
1gh0__2__1.T_1.W_1.X__1.FB,DOWNLOADED,302350
1gh0__2__1.T__1.AB,DOWNLOADED,105591
1gh0__2__1.U_1.V_1.X__1.CB,DOWNLOADED,301465
1gh0__2__1.V__1.DB,DOWNLOADED,104794
1gh0__2__1.X__1.GB,DOWNLOADED,104815
1gh0__3__1.C_1.I_1.J_1.O_1.U__1.MA,DOWNLOADED,488569
1gh0__3__1.C_1.O_1.P_1.U__1.VA,DOWNLOADED,393303
1gh0__3__1.J_1.O_1.U_1.V__1.EB,DOWNLOADED,396547
1gh0__4__1.A_1.B_1.K_2.M_2.N__1.AA,DOWNLOADED,484527
2ght__1__1.A_1.C__1.C_1.E,DOWNLOADED,120866
3gh5__1__1.A__1.C,DOWNLOADED,310710
3gh6__1__1.A_2.A__1.B,DOWNLOADED,269973
3gh6__1__1.A_2.A__2.B,DOWNLOADED,269973
3gh7__1__1.A__1.C,DOWNLOADED,310553
4gh5__1__1.A__1.E_1.F,DOWNLOADED,142399
4gh5__1__1.B__1.G_1.H,DOWNLOADED,140286
4gh5__1__1.C__1.I_1.J,DOWNLOADED,141401
4gh5__1__1.D__1.K_1.L,DOWNLOADED,139591
6gh2__1__1.A__1.D,DOWNLOADED,552657
6gh2__1__1.B__1.K,DOWNLOADED,562845
6gh3__1__1.A__1.D,DOWNLOADED,551951
6gh3__1__1.B__1.M,DOWNLOADED,560548
6gh7__1__1.A_1.C__1.E,DOWNLOADED,140335
6gh7__1__1.A_1.C__1.G,DOWNLOADED,140335
6gh7__1__1.B_1.D__1.F,DOWNLOADED,139670
6gh7__1__1.B_1.D__1.H,DOWNLOADED,139670
6ghl__1__1.A_1.D_1.E__1.H,DOWNLOADED,450242
6ghl__1__1.A_1.D_1.E__1.I,DOWNLOADED,450246
6ghl__1__1.B_1.C_1.F__1.K,DOWNLOADED,427368
6ghr__1__1.A_1.B_1.D__1.G,DOWNLOADED,455951
6ghr__1__1.A_1.B_1.D__1.H,DOWNLOADED,455662
6ghr__1__1.C_1.E_1.F__1.J,DOWNLOADED,423863
6ghr__1__1.C_1.E_1.F__1.K,DOWNLOADED,423783
1gk8__1__1.A_2.A__1.I_1.J,DOWNLOADED,574877
1gk8__1__1.A_2.A__2.I_2.J,DOWNLOADED,574895
1gk8__1__1.B_2.D__1.R_1.S,DOWNLOADED,574338
1gk8__1__1.B_2.D__2.HA_2.IA,DOWNLOADED,574278
1gk8__1__1.C_2.C__1.Y_1.Z,DOWNLOADED,569822
1gk8__1__1.C_2.C__2.Y_2.Z,DOWNLOADED,569838
1gk8__1__1.D_2.B__1.HA_1.IA,DOWNLOADED,577506
1gk8__1__1.D_2.B__2.R_2.S,DOWNLOADED,577572
2gks__1__1.A__1.C,DOWNLOADED,335433
2gks__1__1.B__1.F,DOWNLOADED,343788
3gki__1__1.A__1.D,DOWNLOADED,144185
3gkj__1__1.A__1.D,DOWNLOADED,144273
4gkv__1__1.A_1.D__1.Q_1.R,DOWNLOADED,389654
4gkv__1__1.B_1.C__1.I_1.J,DOWNLOADED,390073
4gkv__1__1.B_1.C__1.M_1.N,DOWNLOADED,390074
3iob__1__1.A__1.C_1.D_1.F,DOWNLOADED,170219
3iob__1__1.B__1.J_1.K_1.L,DOWNLOADED,164807
3ioi__1__1.A__1.B_1.D,DOWNLOADED,180875
3ioi__1__2.A__2.B_2.D,DOWNLOADED,184128
3ioj__1__1.A__1.C_1.D,DOWNLOADED,189896
3ioj__1__1.B__1.I_1.J,DOWNLOADED,189251
2ilv__1__1.A__1.C,DOWNLOADED,247243
2ilz__1__1.A__1.C_1.F,DOWNLOADED,304747
6il0__1__1.A__1.B_1.C,DOWNLOADED,100417
6il2__1__1.A__1.B_1.E,DOWNLOADED,98221
2ibk__1__1.C__1.D_1.F_1.J,DOWNLOADED,222858
2ibt__1__1.E__1.G_1.I,DOWNLOADED,255264
2ibt__2__1.F__1.K_1.L,DOWNLOADED,254342
2ibu__1__1.B_1.D__1.I,DOWNLOADED,463287
2ibw__1__1.A_1.C__1.O,DOWNLOADED,459407
2ibw__1__1.B_1.D__1.L,DOWNLOADED,462584
2ibw__1__1.B_1.D__1.R,DOWNLOADED,462589
2iby__1__1.A_1.C__1.P,DOWNLOADED,460251
2iby__1__1.B_1.D__1.L,DOWNLOADED,463277
2iby__1__1.B_1.D__1.S,DOWNLOADED,463281
3ibh__1__1.A_2.A__1.B,DOWNLOADED,261996
3ibh__1__1.A_2.A__2.B,DOWNLOADED,262072
4ib1__1__1.A_1.B__1.C_1.D_1.E,DOWNLOADED,239064
4ibb__2__1.B__1.D,DOWNLOADED,78812
4ibk__2__1.B__1.G,DOWNLOADED,78799
4ibp__1__1.A_2.A__1.C,DOWNLOADED,254866
4ibp__1__1.A_2.A__2.C,DOWNLOADED,254975
3i53__1__1.A__1.C,DOWNLOADED,192705
3i53__1__1.B__1.D,DOWNLOADED,176410
3i5x__1__1.A__1.C_1.D,DOWNLOADED,320953
3i5y__1__1.A__1.C_1.D,DOWNLOADED,319748
4i55__1__1.A_1.B__1.G_1.H,DOWNLOADED,1044416
4i55__1__1.C_1.D__1.R_1.S,DOWNLOADED,1040844
4i55__1__1.D__1.U_1.V,DOWNLOADED,511896
4i5h__1__1.A__1.B,DOWNLOADED,224580
5i5r__1__1.A__1.H,DOWNLOADED,280519
5i5r__2__1.B__1.J_1.M,DOWNLOADED,284589
6i5h__1__1.A__1.F_1.H,DOWNLOADED,207858
6i5i__1__1.A__1.B,DOWNLOADED,214024
6i5k__1__1.A__1.F,DOWNLOADED,219277
6i5k__2__1.B__1.J,DOWNLOADED,219739
6i5k__3__1.C__1.N,DOWNLOADED,220806
6i5y__1__1.A__1.C,DOWNLOADED,263270
6i5y__1__1.B__1.E,DOWNLOADED,260327
2hr1__1__1.C__1.D,DOWNLOADED,210879
3hrd__1__1.C_1.D__1.P,DOWNLOADED,279911
3hrd__1__1.G_1.H__1.Z,DOWNLOADED,281497
3hrr__1__1.B__1.D,DOWNLOADED,203105
5hrw__1__1.A__1.C,DOWNLOADED,73513
5hrw__2__1.B__1.I,DOWNLOADED,71410
5hrx__1__1.A__1.E,DOWNLOADED,74028
5hrx__2__1.B__1.F,DOWNLOADED,71978
6hrx__1__1.A__1.C,DOWNLOADED,117586
6hrx__1__1.B__1.D,DOWNLOADED,118213
2izg__1__1.A_2.B__2.E,DOWNLOADED,268869
2izg__1__1.B_2.A__1.E,DOWNLOADED,268481
2izl__1__1.A_2.B__2.D,DOWNLOADED,267404
2izl__1__1.B_2.A__1.D,DOWNLOADED,266978
2izu__1__1.A__1.B,DOWNLOADED,196808
1gte__1__1.A__1.J,DOWNLOADED,618968
1gte__1__1.B__1.Q,DOWNLOADED,621870
1gte__2__1.C__1.X,DOWNLOADED,626129
1gte__2__1.D__1.EA,DOWNLOADED,624243
1gtf__1__1.A_1.B__1.Y,DOWNLOADED,82515
1gtf__1__1.A_1.K__1.X,DOWNLOADED,84101
1gtf__1__1.B_1.C__1.Z,DOWNLOADED,82880
1gtf__1__1.C_1.D__1.AA,DOWNLOADED,83913
1gtf__1__1.D_1.E__1.BA,DOWNLOADED,82805
1gtf__1__1.E_1.F__1.CA,DOWNLOADED,82863
1gtf__1__1.F_1.G__1.DA,DOWNLOADED,83921
1gtf__1__1.G_1.H__1.EA,DOWNLOADED,83709
1gtf__1__1.H_1.I__1.FA,DOWNLOADED,83863
1gtf__1__1.I_1.J__1.GA,DOWNLOADED,83577
1gtf__1__1.J_1.K__1.HA,DOWNLOADED,83510
1gtf__2__1.L_1.M__1.IA,DOWNLOADED,86238
1gtf__2__1.L_1.V__1.SA,DOWNLOADED,85599
1gtf__2__1.M_1.N__1.JA,DOWNLOADED,85828
1gtf__2__1.N_1.O__1.KA,DOWNLOADED,84312
1gtf__2__1.O_1.P__1.LA,DOWNLOADED,84163
1gtf__2__1.P_1.Q__1.MA,DOWNLOADED,84483
1gtf__2__1.Q_1.R__1.NA,DOWNLOADED,84497
1gtf__2__1.R_1.S__1.OA,DOWNLOADED,84339
1gtf__2__1.S_1.T__1.PA,DOWNLOADED,84060
1gtf__2__1.T_1.U__1.QA,DOWNLOADED,84639
1gtf__2__1.U_1.V__1.RA,DOWNLOADED,85482
3gts__1__1.A__1.F,DOWNLOADED,213843
3gts__1__1.B__1.I,DOWNLOADED,216053
5gt9__1__1.A_1.B__1.C,DOWNLOADED,317662
5gt9__1__1.A_1.B__1.D,DOWNLOADED,317589
6gtu__1__1.A_2.A_3.A__2.C,DOWNLOADED,456486
6gtu__1__1.A_2.A_4.A__1.C,DOWNLOADED,458396
6gtu__1__1.A_3.A_4.A__4.C,DOWNLOADED,456983
6gtu__1__2.A_3.A_4.A__3.C,DOWNLOADED,457905
2hdj__1__1.A__1.D_1.E,DOWNLOADED,213464
2hdj__4__1.A__1.D_1.E,DOWNLOADED,213464
2hdj__4__2.A__2.D_2.E,DOWNLOADED,214007
3hdb__1__1.A_1.B__1.B_1.D_1.O,DOWNLOADED,261206
5hdj__1__1.A_1.B__1.C,DOWNLOADED,311831
5hdj__1__1.A_1.B__1.D_1.E,DOWNLOADED,312241
6hdj__1__1.A__1.E_1.F_1.G,DOWNLOADED,136795
6hdk__1__1.A__1.B_1.H_1.I,DOWNLOADED,134180
6hdl__1__1.A__1.B_1.C_1.D,DOWNLOADED,134323
6hdm__1__1.A__1.B_1.C_1.E,DOWNLOADED,136680
6hdu__2__1.B__1.G_1.H,DOWNLOADED,110881
6hdu__3__1.C__1.I_1.J,DOWNLOADED,111274
6hdu__4__1.D__1.K_1.L,DOWNLOADED,112761
2hqm__1__1.A_1.B__1.E,DOWNLOADED,569701
2hqm__1__1.A_1.B__1.N,DOWNLOADED,569776
5hqm__1__1.A_1.B__1.C_1.D,DOWNLOADED,1038353
5hqm__1__1.A_1.B__1.F_1.G,DOWNLOADED,1038200
6hqh__1__1.A__1.B,DOWNLOADED,148273
6hqu__1__1.A__1.P_1.Q,DOWNLOADED,132314
6hqu__3__1.C__1.T_1.U,DOWNLOADED,134411
1i9g__1__1.A__1.B,DOWNLOADED,161758
1i9g__2__3.A__3.B,DOWNLOADED,163882
3i99__1__1.A__1.B,DOWNLOADED,212905
4i94__2__1.B__1.E_1.F,DOWNLOADED,190565
4i9q__1__1.A__1.H,DOWNLOADED,557677
4i9q__2__1.C__1.L,DOWNLOADED,582104
5i90__1__1.A_1.B__1.C,DOWNLOADED,494799
5i90__1__1.A_1.B__1.G,DOWNLOADED,494800
1h7w__1__1.A__1.J,DOWNLOADED,623953
1h7w__1__1.B__1.P,DOWNLOADED,627179
1h7w__2__1.C__1.V,DOWNLOADED,627609
1h7w__2__1.D__1.BA,DOWNLOADED,624751
1h7x__2__1.C__1.Z,DOWNLOADED,630390
1h7l__1__1.A__1.B_1.C_1.D,DOWNLOADED,157823
1h7q__1__1.A__1.B_1.C_1.E,DOWNLOADED,158430
5h7h__1__1.A_2.A__1.B_1.D,DOWNLOADED,168649
5h7h__1__1.A_2.A__2.B_2.D,DOWNLOADED,168649
6h76__1__1.A__1.B,DOWNLOADED,195930
6h77__1__1.A_1.B__1.I_1.J_1.L_1.S,DOWNLOADED,370404
6h77__2__1.C_1.D__1.HB_1.SA_1.TA_1.VA_1.XA,DOWNLOADED,370438
6h7n__1__1.B__1.G,DOWNLOADED,189360
6h7n__2__1.D__1.M,DOWNLOADED,185010
6h7p__1__1.A_1.B__1.G,DOWNLOADED,321914
2ii6__1__1.A__1.B,DOWNLOADED,254020
2iib__1__1.A__1.B,DOWNLOADED,245017
2iiq__1__1.A__1.C,DOWNLOADED,249044
2iiq__2__1.B__1.D,DOWNLOADED,253948
3iij__1__1.A__1.B,DOWNLOADED,117668
3iil__1__1.A__1.C_1.F_1.G,DOWNLOADED,116942
3iim__1__1.A__1.D,DOWNLOADED,118353
4ii2__1__1.A_1.B__1.D_1.E_1.F,DOWNLOADED,672376
4iin__1__1.B__1.G_1.I,DOWNLOADED,142734
4iiv__1__1.A__1.E,DOWNLOADED,147916
4iiv__1__1.C__1.G,DOWNLOADED,147847
5iis__1__1.A__1.C,DOWNLOADED,179485
6iiu__1__1.A__1.B,DOWNLOADED,285399
2h8x__1__1.A_2.A__1.H_1.J_1.K,DOWNLOADED,436273
2h8x__1__1.A_2.A__2.H_2.J_2.K,DOWNLOADED,436273
3h83__1__1.A__1.F_1.I,DOWNLOADED,126602
3h83__1__1.B__1.G_1.L,DOWNLOADED,121399
3h8g__1__1.A__1.G_1.H_1.J_1.K,DOWNLOADED,294152
3h8g__1__1.B__1.L_1.M_1.O_1.P,DOWNLOADED,299341
3h8g__1__1.C__1.Q_1.R_1.T_1.U,DOWNLOADED,299803
3h8g__1__1.D__1.V_1.W_1.Y_1.Z,DOWNLOADED,297292
3h8g__1__1.E__1.AA_1.BA_1.DA_1.EA,DOWNLOADED,301186
3h8g__1__1.F__1.FA_1.GA_1.IA_1.JA,DOWNLOADED,300795
4h80__2__1.C_1.G__1.O,DOWNLOADED,556880
4h80__3__1.D_1.E__1.L,DOWNLOADED,563045
4h80__3__1.D_1.E__1.M,DOWNLOADED,563045
4h8e__1__1.A_2.A__1.B_1.C,DOWNLOADED,299509
4h8e__1__1.A_2.A__2.B_2.C,DOWNLOADED,299512
4h8n__1__1.A__1.C,DOWNLOADED,195915
4h8n__2__1.B__1.D,DOWNLOADED,192698
4h8n__3__1.A_1.B__1.C,DOWNLOADED,379479
4h8n__3__1.A_1.B__1.D,DOWNLOADED,379478
5h85__1__1.A__1.B,DOWNLOADED,79337
5h8h__1__1.A_1.B__1.G,DOWNLOADED,353471
5h8q__1__1.A_1.B__1.F,DOWNLOADED,352323
1hbv__1__1.A_1.B__1.C,DOWNLOADED,120606
1hb1__1__1.A__1.B_1.D,DOWNLOADED,209400
1hb2__1__1.A__1.B_1.D,DOWNLOADED,210538
1hb4__1__1.A__1.B_1.D,DOWNLOADED,210725
3hbf__1__1.A__1.B,DOWNLOADED,275816
3hbf__1__1.A__1.C,DOWNLOADED,275339
4hbm__10__1.C_2.E__1.K,DOWNLOADED,131211
4hbm__10__1.C_2.E__2.M,DOWNLOADED,131138
4hbm__11__1.D_2.F__1.L,DOWNLOADED,125018
4hbm__11__1.D_2.F__2.N,DOWNLOADED,125017
4hbm__12__1.G_2.H__1.O,DOWNLOADED,124054
4hbm__12__1.G_2.H__2.P,DOWNLOADED,124054
4hbm__1__1.A__1.I,DOWNLOADED,68726
4hbm__2__1.B__1.J,DOWNLOADED,66571
4hbm__9__1.A_1.B__1.I,DOWNLOADED,130123
4hbm__9__1.A_1.B__1.J,DOWNLOADED,129975
5hbh__1__1.A__1.C,DOWNLOADED,222115
6hb5__1__1.A__1.C,DOWNLOADED,267301
6hb5__1__1.B__1.H,DOWNLOADED,259960
6hb6__1__1.A__1.C,DOWNLOADED,266207
6hb6__1__1.B__1.G,DOWNLOADED,263347
6hb7__1__1.A__1.C,DOWNLOADED,264425
6hb7__1__1.B__1.H,DOWNLOADED,256987
1h41__1__1.A__1.C,DOWNLOADED,447292
1h41__1__1.B__1.W,DOWNLOADED,446129
1h46__1__1.A__1.C,DOWNLOADED,255260
3h4t__1__1.A__1.F,DOWNLOADED,225781
4h4q__1__1.A__1.G,DOWNLOADED,243213
4h4q__1__2.A__2.G,DOWNLOADED,244631
4h4r__1__1.A__1.B,DOWNLOADED,236526
4h4r__1__2.A__2.B,DOWNLOADED,237466
4h4s__1__1.A__1.D,DOWNLOADED,235489
4h4s__1__2.A__2.D,DOWNLOADED,236340
4h4x__1__1.A__1.B,DOWNLOADED,245978
4h4x__1__2.A__2.B,DOWNLOADED,247325
4h4z__1__1.A__1.B,DOWNLOADED,245181
4h4z__1__2.A__2.B,DOWNLOADED,246606
6h4f__1__1.C__1.U,DOWNLOADED,210038
6h4f__3__1.I__1.IA,DOWNLOADED,213918
2hu4__1__1.A__1.I,DOWNLOADED,239004
2hu4__1__1.B__1.J,DOWNLOADED,237409
2hu4__1__1.C__1.K,DOWNLOADED,241312
2hu4__1__1.D__1.L,DOWNLOADED,238637
2hu4__2__1.E__1.M,DOWNLOADED,245896
2hu4__2__1.F__1.N,DOWNLOADED,243064
2hu4__2__1.G__1.O,DOWNLOADED,245844
2hu4__2__1.H__1.P,DOWNLOADED,243210
2hun__1__1.A__1.C,DOWNLOADED,216146
2hun__1__1.B__1.D,DOWNLOADED,215071
2huq__1__1.A_1.B__1.C,DOWNLOADED,330233
2hut__1__1.A_1.B__1.C,DOWNLOADED,328286
2huv__1__1.A_1.B__1.D,DOWNLOADED,330631
2huw__2__1.B__1.E,DOWNLOADED,66532
2hux__1__1.A_1.B__1.C,DOWNLOADED,330035
5hud__1__1.E_1.F__1.FD,DOWNLOADED,103081
5hud__1__1.E_1.F__1.VC,DOWNLOADED,103156
5hud__1__1.G_1.H__1.QD,DOWNLOADED,103234
5hud__1__1.G_1.H__1.WD,DOWNLOADED,103307
5huv__1__1.A__1.C,DOWNLOADED,312349
5huv__1__1.B__1.D,DOWNLOADED,309141
2ido__2__1.C__1.H_1.I_1.K_1.L,DOWNLOADED,110712
2idz__1__1.A_2.A__1.B,DOWNLOADED,320260
2idz__1__1.A_2.A__2.B,DOWNLOADED,320262
2idz__1__3.A_4.A__3.B,DOWNLOADED,320500
2idz__1__3.A_4.A__4.B,DOWNLOADED,320500
3idg__1__1.A_1.B__1.C,DOWNLOADED,268594
3ids__1__1.B_1.C__1.G,DOWNLOADED,433528
4id5__1__1.A__1.K,DOWNLOADED,361252
4idg__1__1.A__1.D,DOWNLOADED,205162
4idg__1__1.B__1.H,DOWNLOADED,205667
5idn__1__1.A__1.C,DOWNLOADED,223237
5ido__1__1.A__1.B_1.D,DOWNLOADED,307131
5idy__1__1.A__1.D_1.G,DOWNLOADED,153693
5idy__1__2.A__2.D_2.G,DOWNLOADED,156295
1ig1__1__1.A__1.B_1.C,DOWNLOADED,181741
2igb__1__1.B__1.E,DOWNLOADED,109458
2ign__1__1.A__1.I,DOWNLOADED,369463
2ign__1__1.B__1.K,DOWNLOADED,372742
2ign__1__1.C__1.M,DOWNLOADED,368254
2ign__1__1.D__1.O,DOWNLOADED,367680
2ign__2__1.E__1.Q,DOWNLOADED,377976
2ign__2__1.F__1.S,DOWNLOADED,374740
2ign__2__1.G__1.U,DOWNLOADED,374411
2ign__2__1.H__1.W,DOWNLOADED,370904
3ig6__1__1.B__1.E,DOWNLOADED,157230
3ig6__3__1.B_1.D_2.B__1.F_1.G,DOWNLOADED,455017
3ig6__3__1.B_1.D__1.E,DOWNLOADED,304499
3ig6__3__1.B_2.B_2.D__2.F_2.G,DOWNLOADED,458675
4ig0__1__1.A_1.B__1.C,DOWNLOADED,635599
4ig0__1__1.A_1.B__1.D,DOWNLOADED,635706
4ig3__1__1.A_1.B__1.K,DOWNLOADED,633755
5ign__1__1.A__1.C,DOWNLOADED,74734
5ign__1__1.B__1.D,DOWNLOADED,74262
5igy__1__1.A__1.B_1.C,DOWNLOADED,366028
3ied__1__1.A__1.B,DOWNLOADED,144128
4iee__1__1.A__1.B_1.C,DOWNLOADED,290215
4iei__1__1.A__1.B,DOWNLOADED,288007
4iel__2__1.B_2.B__1.E,DOWNLOADED,257251
4iel__2__1.B_2.B__2.E,DOWNLOADED,257258
5ier__1__1.A__1.E,DOWNLOADED,152462
5ier__3__1.C__1.L,DOWNLOADED,151648
6iez__1__1.A__1.B,DOWNLOADED,148229
2ih2__1__1.E__1.H_1.I,DOWNLOADED,254053
2ih2__2__1.F__1.J_1.K,DOWNLOADED,253843
2ih5__1__1.C__1.D_1.E,DOWNLOADED,255422
2ihj__1__1.A__1.B,DOWNLOADED,249386
2ihk__1__1.A__1.B,DOWNLOADED,248070
2iht__1__1.A_1.B__1.E_1.H,DOWNLOADED,662227
2iht__1__1.A_1.B__1.J_1.M,DOWNLOADED,662304
2iht__1__1.C_1.D__1.O_1.R,DOWNLOADED,666485
2iht__1__1.C_1.D__1.S_1.V,DOWNLOADED,666407
2ihu__1__1.A_1.B__1.E_1.H_1.I,DOWNLOADED,661424
2ihu__1__1.A_1.B__1.J_1.L,DOWNLOADED,660381
2ihu__1__1.C_1.D__1.S_1.U_1.V,DOWNLOADED,660322
2ihv__1__1.A_1.B__1.E_1.G,DOWNLOADED,667199
2ihv__1__1.A_1.B__1.I_1.L,DOWNLOADED,667277
2ihv__1__1.C_1.D__1.N_1.Q,DOWNLOADED,666308
2ihv__1__1.C_1.D__1.S_1.U,DOWNLOADED,666153
4ihj__1__1.A_1.B__1.G_1.H,DOWNLOADED,1038954
4ihj__1__1.C_1.D__1.Q_1.R,DOWNLOADED,1041763
6ih3__1__1.A_1.B__1.C,DOWNLOADED,396624
6ihi__1__1.B__1.G,DOWNLOADED,146623
2hkj__1__1.A__1.D,DOWNLOADED,299586
5hk4__1__1.A_1.B__1.G_1.H,DOWNLOADED,1067404
5hk4__1__1.A_1.B__1.I_1.J,DOWNLOADED,1067551
5hk4__1__1.C_1.D__1.K_1.L,DOWNLOADED,1068501
5hk4__1__1.C_1.D__1.M_1.N,DOWNLOADED,1068509
5hk4__1__1.E_1.F__1.O_1.P,DOWNLOADED,1079604
5hk4__1__1.E_1.F__1.Q_1.R,DOWNLOADED,1079685
5hk9__2__1.D__1.G,DOWNLOADED,188300
5hkf__1__1.A_1.B__1.C,DOWNLOADED,193108
6hkn__1__1.A__1.B,DOWNLOADED,219837
5j6l__1__1.A_2.A__1.B,DOWNLOADED,260471
5j6l__1__1.A_2.A__2.B,DOWNLOADED,260469
5j6m__1__1.A__1.B,DOWNLOADED,133968
5j6n__1__1.A__1.B,DOWNLOADED,132241
1hyt__1__1.A__1.F_1.H,DOWNLOADED,194172
2hyi__1__1.E__1.K_1.L,DOWNLOADED,256395
2hyi__2__1.I__1.M_1.N,DOWNLOADED,257355
3hye__1__1.BA__1.HA,DOWNLOADED,127906
3hye__1__1.H_1.I_1.Z__1.CA,DOWNLOADED,407617
3hye__1__1.K_1.L__1.DA,DOWNLOADED,276028
3hye__1__1.L_1.V_1.W__1.FA,DOWNLOADED,406946
3hye__1__1.N__1.EA,DOWNLOADED,124375
3hye__1__1.Y_1.Z__1.GA,DOWNLOADED,276624
3hyy__1__1.A__1.B,DOWNLOADED,130843
4hy6__1__1.A__1.B,DOWNLOADED,133753
4hym__1__1.A__1.C,DOWNLOADED,228515
4hyv__1__1.A__1.F,DOWNLOADED,311411
4hyv__1__1.B__1.K,DOWNLOADED,310720
4hyw__1__1.B__1.I,DOWNLOADED,310671
5hyl__1__1.A_1.C__1.E_1.G,DOWNLOADED,176827
1hnn__1__1.A__1.C,DOWNLOADED,161663
1hnn__1__1.A__1.D,DOWNLOADED,160545
1hnn__2__1.B__1.E,DOWNLOADED,165713
1hnn__2__1.B__1.F,DOWNLOADED,164597
2hnk__1__1.C__1.O,DOWNLOADED,147444
4hnf__1__1.A__1.C,DOWNLOADED,186062
4hnf__2__1.B__1.D,DOWNLOADED,190614
4hnh__1__1.A__1.C_1.E_1.G,DOWNLOADED,143667
5hnb__1__1.A__1.C_1.D,DOWNLOADED,227513
5hnu__1__1.A__1.C,DOWNLOADED,204383
6hnx__1__1.A__1.B,DOWNLOADED,120767
6hnx__1__2.A__2.B,DOWNLOADED,120809
6hnz__1__1.A__1.B,DOWNLOADED,120486
4jmy__1__1.A__1.E,DOWNLOADED,110553
6jmf__1__1.A__1.D,DOWNLOADED,237193
6jmw__1__1.A__1.D,DOWNLOADED,294491
3i7b__1__1.A__1.B_1.C,DOWNLOADED,294788
4i73__1__1.A__1.E_1.F,DOWNLOADED,199648
4i73__2__1.B__1.M_1.N,DOWNLOADED,201652
4i7f__1__1.A_1.B__1.C,DOWNLOADED,624440
5i7x__1__1.A__1.B,DOWNLOADED,65790
5i7y__1__1.A__1.B,DOWNLOADED,66253
6i71__1__1.A__1.C,DOWNLOADED,218482
6i72__1__1.A__1.C,DOWNLOADED,218765
6i72__1__1.B__1.I,DOWNLOADED,218625
6i73__1__1.A__1.C,DOWNLOADED,218280
6i73__1__1.B__1.I,DOWNLOADED,218407
1j2j__1__1.A__1.C_1.E,DOWNLOADED,106403
4j2a__1__1.A__1.D_1.E_1.F,DOWNLOADED,594807
4j2d__1__1.A__1.D_1.E_1.F,DOWNLOADED,597992
5j20__1__1.A__1.B,DOWNLOADED,253270
5j2u__1__1.C_1.D__1.O_1.P,DOWNLOADED,1038524
6j24__1__1.A__1.D,DOWNLOADED,244550
6j24__1__1.B__1.F,DOWNLOADED,246861
6j26__1__1.A__1.C_1.D,DOWNLOADED,229914
6j26__1__1.B__1.F_1.G,DOWNLOADED,229787
1j39__1__1.A__1.B,DOWNLOADED,223069
1j3r__1__1.A__1.C_1.D,DOWNLOADED,119436
1j3r__1__1.B__1.E,DOWNLOADED,118320
4j31__1__1.A__1.C,DOWNLOADED,236223
4j31__2__1.B__1.D,DOWNLOADED,245954
4j33__2__1.B__1.D,DOWNLOADED,245926
4j34__1__1.A__1.C,DOWNLOADED,243212
4j34__2__1.B__1.D,DOWNLOADED,251467
4j36__1__1.A__1.C,DOWNLOADED,242201
5j3l__1__1.A__1.B,DOWNLOADED,118924
3ik7__1__1.A_1.B__1.E,DOWNLOADED,282117
3ik7__1__1.A_1.B__1.F,DOWNLOADED,282193
3ik7__2__1.C_1.D__1.G,DOWNLOADED,281225
3ik7__2__1.C_1.D__1.H,DOWNLOADED,281226
4ikr__1__1.A__1.D_1.E,DOWNLOADED,191909
4ikt__1__1.A__1.B_1.E,DOWNLOADED,192027
4iku__1__1.A__1.B_1.E,DOWNLOADED,191988
6ik9__2__1.D__1.K_1.N,DOWNLOADED,378010
6ikt__1__1.A__1.B_1.F,DOWNLOADED,99509
6iky__1__1.A__1.B_1.E,DOWNLOADED,100697
1ja1__2__1.B__1.G,DOWNLOADED,392804
2jac__1__1.A__1.B,DOWNLOADED,68478
2jah__1__1.A__1.E,DOWNLOADED,149985
2jah__1__1.C__1.G,DOWNLOADED,151939
2jah__1__1.D__1.H,DOWNLOADED,151815
2jaq__1__1.A__1.C,DOWNLOADED,130872
2jaq__1__1.B__1.D,DOWNLOADED,126659
5jaj__1__1.A__1.E_1.F_1.G_1.H,DOWNLOADED,425304
2ipx__1__1.A__1.D,DOWNLOADED,137250
4ipe__1__1.A__1.C_1.D,DOWNLOADED,386394
4ipe__1__1.B__1.H_1.I,DOWNLOADED,394765
5ipj__1__1.A__1.B,DOWNLOADED,182769
6ipw__1__1.A_1.B__1.E,DOWNLOADED,285146
6ipw__1__1.A_1.B__1.F,DOWNLOADED,285255
6ipw__2__1.C_1.D__1.G,DOWNLOADED,283294
6ipw__2__1.C_1.D__1.H,DOWNLOADED,283225
2j0v__1__1.A__1.E_1.F,DOWNLOADED,110978
2j0v__2__1.B__1.G_1.H,DOWNLOADED,115407
2j0v__3__1.C__1.I_1.J,DOWNLOADED,100811
2j0v__4__1.D__1.K_1.L,DOWNLOADED,112199
4j0b__1__1.A__1.E_1.F_1.G,DOWNLOADED,386598
4j0b__1__1.B__1.J_1.K_1.L,DOWNLOADED,399234
4j0q__1__1.A__1.F_1.G,DOWNLOADED,235007
4j0q__3__1.C__1.N_1.O,DOWNLOADED,234128
6j0p__1__1.A__1.C,DOWNLOADED,374252
1ijh__1__1.A__1.B,DOWNLOADED,307999
3ijh__1__1.A_1.B__1.E,DOWNLOADED,271648
3ijh__2__1.C_1.D__1.G,DOWNLOADED,270717
4iji__1__1.A_1.F__1.I,DOWNLOADED,249683
4iji__2__1.B_1.C__1.J,DOWNLOADED,249942
4iji__2__1.B_1.C__1.K,DOWNLOADED,249581
4iji__3__1.D_1.H__1.L,DOWNLOADED,248710
4iji__4__1.E_1.G__1.M,DOWNLOADED,252969
4iji__4__1.E_1.G__1.P,DOWNLOADED,252964
4ijp__1__1.A__1.C,DOWNLOADED,222895
4ijp__2__1.B__1.H,DOWNLOADED,219261
4ijq__1__1.B__1.I_1.K_1.L,DOWNLOADED,134581
4ijq__1__1.C__1.M_1.O_1.P,DOWNLOADED,133639
4ijq__1__1.D__1.Q_1.R_1.S_1.T,DOWNLOADED,133260
4ijr__1__1.A__1.C,DOWNLOADED,210766
4ijr__1__1.B__1.D,DOWNLOADED,214218
2iw3__1__1.B__1.I,DOWNLOADED,637312
3iwk__4__1.G__1.EA,DOWNLOADED,314441
3iwk__4__1.H__1.JA,DOWNLOADED,312126
3iwk__5__1.J__1.PA,DOWNLOADED,313792
3iwk__6__1.L__1.YA,DOWNLOADED,310867
4iwn__1__1.B__1.E,DOWNLOADED,141867
1i1n__1__1.A__1.B,DOWNLOADED,136156
3i1f__2__1.B__1.F,DOWNLOADED,262232
4i1w__1__1.A__1.E,DOWNLOADED,297155
4i1w__1__1.B__1.F,DOWNLOADED,298423
4i1w__1__1.C__1.G,DOWNLOADED,297295
4i1w__1__1.D__1.I,DOWNLOADED,298179
6i10__1__1.A__1.B_1.C,DOWNLOADED,307682
6i15__1__1.A__1.C_1.E,DOWNLOADED,301699
6i16__1__1.A__1.B_1.C,DOWNLOADED,308511
2j83__1__1.A_1.B__1.C_1.F,DOWNLOADED,320936
5j86__1__1.A_2.A__1.B,DOWNLOADED,261853
5j86__1__1.A_2.A__2.B,DOWNLOADED,261851
5j8m__1__1.A_1.B__1.C,DOWNLOADED,260882
5j8m__1__1.B__1.D,DOWNLOADED,133544
6j8m__1__1.A_1.B__1.KA,DOWNLOADED,477842
6j8m__1__1.A_1.D_1.L_1.M__1.BB,DOWNLOADED,483461
6j8m__2__1.N_1.O__1.NB,DOWNLOADED,483693
6j8m__2__1.N_1.Q_1.Y_1.Z__1.DC,DOWNLOADED,489375
6j8m__2__1.P_1.W__1.UB,DOWNLOADED,211857
1gz6__1__1.A__1.H,DOWNLOADED,187096
1gz6__1__1.B__1.I,DOWNLOADED,173843
1gz6__2__1.C__1.J,DOWNLOADED,179001
1gz6__2__1.D__1.M,DOWNLOADED,187899
2gz1__1__1.B__1.D,DOWNLOADED,220435
2gz2__1__1.B__1.D,DOWNLOADED,218727
2gzh__1__1.A__1.D_1.F,DOWNLOADED,107369
2gzh__1__2.A__2.D_2.F,DOWNLOADED,108583
3gz4__1__1.A__1.C,DOWNLOADED,151538
3gz4__1__1.B__1.D,DOWNLOADED,152833
4gzw__1__1.D__1.BA,DOWNLOADED,239770
5gzz__1__1.B_1.C__1.J,DOWNLOADED,282094
5gzz__2__1.D_1.E__1.K,DOWNLOADED,277900
5gzz__2__1.D_1.E__1.L,DOWNLOADED,277792
5gzz__3__1.F_1.G__1.M,DOWNLOADED,278076
5gzz__3__1.F_1.G__1.N,DOWNLOADED,277967
6gzd__1__1.A__1.S,DOWNLOADED,200790
6gze__1__1.A_1.B__1.G_1.H,DOWNLOADED,1032371
6gze__1__1.C_1.D__1.O_1.P,DOWNLOADED,1039924
6gze__1__1.D__1.R_1.S_1.T,DOWNLOADED,512353
2jjq__1__1.A__1.B,DOWNLOADED,257151
4jji__1__1.A_1.B__1.E,DOWNLOADED,451300
4jjq__1__1.A__1.B,DOWNLOADED,92973
4jse__1__1.B__1.N,DOWNLOADED,266980
1inv__1__1.A__1.E,DOWNLOADED,295402
1inf__1__1.A__1.E,DOWNLOADED,295880
1in4__1__1.A__1.E,DOWNLOADED,191786
1in6__1__1.A__1.D,DOWNLOADED,193122
1in7__1__1.A__1.D,DOWNLOADED,191246
3in6__1__1.A_1.B__1.E,DOWNLOADED,182657
3in7__2__1.B__1.D,DOWNLOADED,68306
3inr__1__1.A__1.C,DOWNLOADED,253697
3inr__1__1.A__1.D,DOWNLOADED,251771
3inr__1__1.B__1.E,DOWNLOADED,253881
3inr__1__1.B__1.F,DOWNLOADED,251984
5in4__1__1.A_1.B__1.E,DOWNLOADED,453410
5in4__1__1.A_1.B__1.G,DOWNLOADED,452486
5in4__1__1.A_1.B__1.H,DOWNLOADED,452490
5in4__1__1.A_1.B__1.I,DOWNLOADED,453480
5in4__1__1.A__1.F,DOWNLOADED,232281
5in4__1__1.B__1.J,DOWNLOADED,227922
5in4__1__1.C_1.D__1.K,DOWNLOADED,454121
5in4__1__1.C_1.D__1.M,DOWNLOADED,453272
5in4__1__1.C_1.D__1.O,DOWNLOADED,454266
5in4__1__1.D__1.P,DOWNLOADED,229494
6in3__1__1.A__1.C,DOWNLOADED,206335
6inf__1__1.A__1.B,DOWNLOADED,289124
6inw__1__1.A__1.C,DOWNLOADED,244745
6inw__1__1.B__1.D,DOWNLOADED,245578
6iny__1__1.A__1.B_1.C_1.D,DOWNLOADED,301488
1jbo__1__1.A_1.B_5.A__1.E,DOWNLOADED,294505
1jbo__1__1.A_5.A_5.B__5.E,DOWNLOADED,295761
2jbh__1__1.B__1.I_1.J,DOWNLOADED,138741
2jbh__1__2.B__2.I_2.J,DOWNLOADED,138792
4jbv__1__1.A__1.B,DOWNLOADED,292416
4jbx__1__1.A__1.C,DOWNLOADED,189151
4jbx__1__1.B__1.G,DOWNLOADED,186617
5jbq__1__1.A__1.C_1.E,DOWNLOADED,246005
6jby__1__1.A__1.H,DOWNLOADED,324954
4hxw__1__1.A__1.B,DOWNLOADED,123402
4hxy__1__1.A__1.C,DOWNLOADED,250446
5hxp__1__1.A_1.B__1.C,DOWNLOADED,284254
5hxq__1__1.A_1.B__1.C,DOWNLOADED,285310
6hx8__1__1.C_1.D__1.N_1.O,DOWNLOADED,542426
6hx8__1__1.D__1.Q_1.R,DOWNLOADED,269441
6hxf__1__1.A__1.E_1.F,DOWNLOADED,183179
6hxf__2__1.B__1.J,DOWNLOADED,176723
6hxf__3__1.C__1.L_1.M,DOWNLOADED,184694
6hxf__4__1.D__1.N_1.Q,DOWNLOADED,186610
6hxi__1__1.A_1.D_2.D__1.E_1.O,DOWNLOADED,997850
6hxi__1__1.B_1.C_2.B__1.G_1.M,DOWNLOADED,1016476
6hxi__1__1.B_2.B_2.C__2.G_2.M,DOWNLOADED,1011642
6hxi__1__1.D_2.A_2.D__2.E_2.O,DOWNLOADED,996682
1ejh__2__1.B__1.J,DOWNLOADED,117641
1ejh__3__1.C__1.K,DOWNLOADED,119298
2ej0__1__1.A__1.G,DOWNLOADED,183989
2ej0__1__1.B__1.J,DOWNLOADED,189725
2ej0__1__1.C__1.L,DOWNLOADED,183730
2ej0__1__1.D__1.N,DOWNLOADED,187157
2ej0__1__1.E__1.Q,DOWNLOADED,184195
2ej0__1__1.F__1.S,DOWNLOADED,186352
2ej2__1__1.A_1.E__1.G,DOWNLOADED,360402
2ej2__1__1.A_1.E__1.L,DOWNLOADED,360402
2ej2__1__1.B_1.D__1.I,DOWNLOADED,369240
2ej2__1__1.B_1.D__1.K,DOWNLOADED,369159
2ej2__1__1.C_1.F__1.J,DOWNLOADED,362641
2ej2__1__1.C_1.F__1.M,DOWNLOADED,362647
2ejj__1__1.A__1.D_1.F_1.G,DOWNLOADED,169387
2ejk__1__1.A__1.F,DOWNLOADED,167669
2ejt__1__1.A__1.B,DOWNLOADED,237257
2ejt__2__2.A__2.B,DOWNLOADED,239528
2eju__1__1.A__1.B,DOWNLOADED,237170
2eju__2__2.A__2.B,DOWNLOADED,239440
2ejz__1__1.A_1.B__1.D,DOWNLOADED,329778
3ejx__1__1.A__1.G,DOWNLOADED,176765
3ejx__1__1.B__1.H,DOWNLOADED,178181
3ejx__1__1.C__1.I,DOWNLOADED,179726
3ejx__1__1.D__1.J,DOWNLOADED,183938
3ejx__1__1.E__1.K,DOWNLOADED,175425
3ejx__1__1.F__1.L,DOWNLOADED,180975
4ej7__4__1.A_2.A__1.D_1.E_1.F,DOWNLOADED,344692
4ej7__4__1.A_2.A__2.D_2.E_2.F,DOWNLOADED,344765
4ej7__6__1.C_2.C__1.P_1.Q_1.R,DOWNLOADED,341766
4ej7__6__1.C_2.C__2.P_2.Q_2.R,DOWNLOADED,341766
5ej4__3__1.E_1.F__1.GA_1.IA_1.JA,DOWNLOADED,688132
5ej6__1__1.A_1.B__1.I_1.J,DOWNLOADED,678604
5ej6__1__1.A_1.B__1.K_1.L,DOWNLOADED,678380
5ej6__2__1.C_1.D__1.M_1.N,DOWNLOADED,682759
5ej6__2__1.C_1.D__1.O_1.P,DOWNLOADED,682835
5ej6__3__1.E_1.F__1.Q_1.R,DOWNLOADED,682834
5ej6__3__1.E_1.F__1.S_1.T,DOWNLOADED,682838
5ej6__4__1.G_1.H__1.U_1.V,DOWNLOADED,684721
5ej6__4__1.G_1.H__1.W_1.X,DOWNLOADED,684642
5ej7__1__1.A_1.B__1.I_1.J,DOWNLOADED,695151
5ej7__1__1.A_1.B__1.M_1.N,DOWNLOADED,695154
5ej7__2__1.C_1.D__1.P_1.Q,DOWNLOADED,686230
5ej7__2__1.C_1.D__1.T_1.U,DOWNLOADED,686306
5ej7__3__1.E_1.F__1.BA_1.CA,DOWNLOADED,694822
5ej7__3__1.E_1.F__1.X_1.Y,DOWNLOADED,694819
5ej7__4__1.G_1.H__1.EA_1.FA,DOWNLOADED,700161
5ej7__4__1.G_1.H__1.JA_1.KA,DOWNLOADED,700243
5ej9__1__1.A_1.B__1.I_1.J_1.M,DOWNLOADED,695952
5ej9__1__1.A_1.B__1.L_1.N_1.O,DOWNLOADED,696111
5ej9__2__1.C_1.D__1.Q_1.R_1.U,DOWNLOADED,683804
5ej9__2__1.C_1.D__1.T_1.V_1.W,DOWNLOADED,683726
5ej9__3__1.E_1.F__1.CA_1.Y_1.Z,DOWNLOADED,695704
5ej9__4__1.G_1.H__1.GA_1.HA_1.KA,DOWNLOADED,699522
5ej9__4__1.G_1.H__1.JA_1.LA_1.MA,DOWNLOADED,699525
5eja__1__1.A_1.B__1.I_1.J,DOWNLOADED,694726
5eja__1__1.A_1.B__1.L_1.M,DOWNLOADED,694806
5eja__2__1.C_1.D__1.O_1.P,DOWNLOADED,684370
5eja__2__1.C_1.D__1.R_1.S,DOWNLOADED,684368
5eja__3__1.E_1.F__1.U_1.V,DOWNLOADED,695817
5eja__3__1.E_1.F__1.X_1.Y,DOWNLOADED,695895
5eja__4__1.G_1.H__1.AA_1.BA,DOWNLOADED,698883
5eja__4__1.G_1.H__1.DA_1.EA,DOWNLOADED,698885
5ejm__2__1.C_1.D__1.U_1.V,DOWNLOADED,687183
5ejm__3__1.E_1.F__1.Y_1.Z,DOWNLOADED,696771
5ejm__4__1.G_1.H__1.GA_1.HA,DOWNLOADED,702242
5ejm__4__1.G_1.H__1.KA_1.LA,DOWNLOADED,702244
6ej7__1__1.A_1.B__1.D_1.G_1.I_1.K,DOWNLOADED,876531
6eji__1__1.A__1.C_1.F_1.G,DOWNLOADED,232956
6eji__2__1.B__1.J_1.M_1.N,DOWNLOADED,233734
6ejl__1__1.A__1.C,DOWNLOADED,145088
2j40__1__1.B__1.K_1.L,DOWNLOADED,328445
2j40__1__2.B__2.K_2.L,DOWNLOADED,328904
2j40__1__3.B__3.K_3.L,DOWNLOADED,329523
4j45__1__1.A__1.B,DOWNLOADED,55164
5j47__1__1.A_5.A__5.D,DOWNLOADED,451466
5j47__1__1.A_6.A__1.D,DOWNLOADED,456301
5j4u__1__1.A_2.A__1.B,DOWNLOADED,279550
5j4u__1__1.A_2.A__2.B,DOWNLOADED,279548
1he1__1__1.A_1.C__1.F_1.G_1.H,DOWNLOADED,189289
1he1__2__1.B_1.D__1.K_1.L_1.M,DOWNLOADED,189624
2hei__1__1.A__1.C,DOWNLOADED,102766
2hei__1__1.B__1.E,DOWNLOADED,104265
2hej__1__1.A__1.C_1.D_1.I,DOWNLOADED,206455
2hej__2__1.B__1.J_1.K_1.M,DOWNLOADED,207622
2hek__1__1.A_1.B__1.G_1.J,DOWNLOADED,487547
2hek__1__2.A_2.B__2.G_2.J,DOWNLOADED,492944
3he3__1__1.E__1.S,DOWNLOADED,248325
3he3__1__1.E__1.T,DOWNLOADED,251013
3he3__1__1.G__1.W,DOWNLOADED,242601
3he3__1__1.G__1.X,DOWNLOADED,245359
3he3__2__1.A__1.K,DOWNLOADED,248649
3he3__2__1.A__1.L,DOWNLOADED,251176
3he3__2__1.I__1.AA,DOWNLOADED,247560
3he3__2__1.I__1.BA,DOWNLOADED,250166
3he3__3__1.B__1.M,DOWNLOADED,241444
3he3__3__1.B__1.N,DOWNLOADED,243970
3he3__3__1.H__1.Y,DOWNLOADED,246395
3he3__3__1.H__1.Z,DOWNLOADED,249003
3he3__4__1.C__1.O,DOWNLOADED,242928
3he3__4__1.C__1.P,DOWNLOADED,245611
3he3__4__1.F__1.U,DOWNLOADED,245408
3he3__4__1.F__1.V,DOWNLOADED,247782
3he3__5__1.D__1.Q,DOWNLOADED,243905
3he3__5__1.D__1.R,DOWNLOADED,246508
3he3__5__1.J__1.CA,DOWNLOADED,243086
3he3__5__1.J__1.DA,DOWNLOADED,245615
3hek__1__1.A__1.C,DOWNLOADED,139490
3hek__1__1.B__1.E,DOWNLOADED,142026
4he2__1__1.A__1.B,DOWNLOADED,193897
4he2__1__3.A__3.B,DOWNLOADED,191511
1jof__1__1.A_1.B__1.M,DOWNLOADED,453974
6jo1__1__1.A__1.D,DOWNLOADED,290846
6jo1__2__1.B__1.H,DOWNLOADED,294741
6joe__1__1.A_1.B__1.E,DOWNLOADED,305815
6jon__1__1.A__1.B_1.C,DOWNLOADED,184500
6jop__1__1.A__1.B_1.C,DOWNLOADED,184154
6joq__1__1.A__1.B_1.C,DOWNLOADED,184506
2fjm__1__1.A__1.D,DOWNLOADED,186660
2fjn__1__1.A__1.D,DOWNLOADED,189678
2fjn__2__1.B__1.F,DOWNLOADED,189482
2fju__1__1.A__1.C_1.D,DOWNLOADED,112988
3fjx__1__1.A__1.B_1.C_1.F,DOWNLOADED,257783
4fj0__1__1.A__1.E,DOWNLOADED,162943
4fj0__2__1.C__1.L,DOWNLOADED,159110
4fj0__3__1.C__1.L,DOWNLOADED,159038
4fj1__1__1.A__1.E,DOWNLOADED,163417
4fj1__2__1.C__1.M,DOWNLOADED,158419
4fj1__3__1.C__1.M,DOWNLOADED,158347
4fj2__1__1.A__1.E,DOWNLOADED,163214
4fj2__2__1.C__1.J,DOWNLOADED,159160
4fj2__3__1.C__1.J,DOWNLOADED,159232
4fj7__1__1.A__1.D_1.E_1.F,DOWNLOADED,585604
4fj9__1__1.A__1.D_1.E_1.F,DOWNLOADED,593753
4fjg__1__1.A__1.D_1.E_1.F,DOWNLOADED,593869
4fjh__1__1.A__1.D_1.E_1.F,DOWNLOADED,591372
4fjj__1__1.A__1.D_1.E_1.F,DOWNLOADED,593772
4fjk__1__1.A__1.D_1.E_1.F,DOWNLOADED,596842
4fjl__1__1.A__1.D_1.E_1.F,DOWNLOADED,591654
4fjn__1__1.A__1.D_1.E_1.F,DOWNLOADED,592873
4fjx__1__1.A__1.D_1.E_1.F,DOWNLOADED,589411
5fjh__1__1.A__1.C_1.D,DOWNLOADED,226883
5fjh__2__1.B__1.H_1.I,DOWNLOADED,222912
5fjk__1__1.A__1.C_1.D,DOWNLOADED,224784
6fj0__1__1.A__1.E_1.G,DOWNLOADED,221575
6fjm__1__1.A_1.B__1.G_1.H,DOWNLOADED,540374
6fjm__1__1.B_1.C__1.J_1.K,DOWNLOADED,540396
6fjm__1__1.C_1.D__1.O_1.P,DOWNLOADED,543469
6fjm__1__1.D__1.R_1.S,DOWNLOADED,270913
6fjm__1__1.F__1.X_1.Y,DOWNLOADED,230170
6fjz__1__1.A__1.C,DOWNLOADED,225758
1jkj__1__1.A_2.B__1.E_1.F,DOWNLOADED,400003
1jkj__1__1.B_2.A__2.E_2.F,DOWNLOADED,400351
1jkj__2__1.C_2.D__1.K_1.L,DOWNLOADED,396432
1jkj__2__1.D_2.C__2.K_2.L,DOWNLOADED,396917
1jkx__1__1.A__1.E,DOWNLOADED,132344
1jkx__1__1.B__1.F,DOWNLOADED,132798
1jkx__2__1.D__1.H,DOWNLOADED,132151
1jkx__2__2.C__2.G,DOWNLOADED,132817
2jkj__2__1.B__1.M,DOWNLOADED,83220
2jky__1__1.B__1.F,DOWNLOADED,131844
4jkv__1__1.A__1.C,DOWNLOADED,286735
4jkv__1__1.B__1.L,DOWNLOADED,284724
5jh7__1__1.A_1.B__1.G_1.H,DOWNLOADED,542122
5jh7__1__1.C_1.D__1.S_1.T,DOWNLOADED,543363
5jh7__1__1.F__1.AA_1.BA,DOWNLOADED,226349
7jh2__1__1.A__1.C_1.D,DOWNLOADED,138947
7jh2__2__1.B__1.E_1.F,DOWNLOADED,153030
7jh4__1__1.A_1.B__1.G,DOWNLOADED,280417
7jh4__3__1.D_1.E__1.L,DOWNLOADED,278670
7jhw__1__1.A_1.B__1.C,DOWNLOADED,397647
7jhw__1__2.A_2.B__2.C,DOWNLOADED,402630
2hs6__1__1.A__1.C_1.D,DOWNLOADED,227184
2hs6__2__1.B__1.E_1.F,DOWNLOADED,227692
2hsa__1__1.A_1.B__1.D,DOWNLOADED,456865
2hsa__1__1.A_1.B__1.G,DOWNLOADED,456973
4hse__1__1.A__1.B_1.C,DOWNLOADED,238832
5hsa__1__1.A__1.I,DOWNLOADED,426241
5hsa__1__1.B__1.N,DOWNLOADED,428312
5hsa__1__1.C__1.T,DOWNLOADED,428143
5hsa__1__1.D__1.BA,DOWNLOADED,429246
5hsa__1__1.E__1.FA,DOWNLOADED,425801
5hsa__1__1.F__1.JA,DOWNLOADED,428883
5hsa__1__1.H__1.TA,DOWNLOADED,429153
6hs0__1__1.A__1.C,DOWNLOADED,120397
6hs0__1__1.B__1.D,DOWNLOADED,126447
6hs1__1__1.B__1.C,DOWNLOADED,118934
6hs2__1__1.B__1.C,DOWNLOADED,116553
1icp__1__1.A__1.E_1.F,DOWNLOADED,229057
1icp__2__1.B__1.H_1.I,DOWNLOADED,229018
1ics__1__1.A__1.C,DOWNLOADED,223491
1ics__2__1.B__1.D,DOWNLOADED,224231
2ic5__1__1.A__1.C_1.E,DOWNLOADED,111645
2ic5__2__1.B__1.G_1.I,DOWNLOADED,112877
3ic9__1__1.A_1.B__1.E,DOWNLOADED,595238
3ic9__2__1.C_1.D__1.I,DOWNLOADED,596146
3ic9__2__1.C_1.D__1.K,DOWNLOADED,596080
3icc__1__1.B__1.J,DOWNLOADED,155526
3icc__1__2.B__2.J,DOWNLOADED,155572
3icp__1__1.A__1.B,DOWNLOADED,185442
3icp__1__2.A__2.B,DOWNLOADED,185896
4icl__1__1.A__1.I,DOWNLOADED,708806
5icf__1__1.A__1.B,DOWNLOADED,218404
1jg2__1__1.A__1.C,DOWNLOADED,135865
1jg4__1__1.A__1.B,DOWNLOADED,136641
1jg6__1__1.A__1.B,DOWNLOADED,228194
1jg7__1__1.A__1.B_1.C,DOWNLOADED,228244
1jgl__1__1.A_1.B__1.C,DOWNLOADED,256031
2jgb__1__1.A__1.C,DOWNLOADED,123844
2jgs__1__1.A_1.B__1.E,DOWNLOADED,137183
2jgs__1__1.A_1.B__1.F,DOWNLOADED,137183
2jgs__1__1.C_1.D__1.G,DOWNLOADED,136582
2jgs__1__1.C_1.D__1.H,DOWNLOADED,136582
5jgw__2__1.B__1.G,DOWNLOADED,201371
5jgw__4__1.D__1.J_1.K,DOWNLOADED,200001
6jg9__1__1.A__1.B,DOWNLOADED,256471
6jg9__1__1.C__1.D,DOWNLOADED,256088
1k6x__1__1.A__1.H,DOWNLOADED,207429
7k6r__1__1.A__1.B,DOWNLOADED,81204
3jrx__1__1.A__1.B,DOWNLOADED,318092
4jro__1__1.B__1.E,DOWNLOADED,143022
5jr3__1__1.A__1.D,DOWNLOADED,219175
5jr3__1__2.A__2.D,DOWNLOADED,220421
5jr3__2__1.B__1.J,DOWNLOADED,214564
5jr3__2__1.C__1.R,DOWNLOADED,214664
5jr6__1__1.A_1.C__1.C_1.D_1.E,DOWNLOADED,402666
6jr2__1__1.B__1.H,DOWNLOADED,167605
6jr5__1__1.A__1.C_1.D,DOWNLOADED,165969
6jr5__1__1.B__1.E_1.F,DOWNLOADED,167744
6jra__1__1.A__1.C,DOWNLOADED,165990
3hwg__1__1.A__1.D_1.E_1.P_1.Q,DOWNLOADED,114155
3hwg__3__1.C__1.IA_1.JA_1.V_1.W,DOWNLOADED,114392
4hw3__10__1.J__1.V,DOWNLOADED,97203
4hw3__11__1.K__1.W,DOWNLOADED,98361
4hw3__12__1.L__1.X,DOWNLOADED,96286
4hw3__1__1.A__1.M,DOWNLOADED,96069
4hw3__2__1.B__1.N,DOWNLOADED,98507
4hw3__3__1.C__1.O,DOWNLOADED,98101
4hw3__4__1.D__1.P,DOWNLOADED,98777
4hw3__5__1.E__1.Q,DOWNLOADED,96428
4hw3__6__1.F__1.R,DOWNLOADED,98527
4hw3__7__1.G__1.S,DOWNLOADED,98574
4hw3__8__1.H__1.T,DOWNLOADED,96333
4hw3__9__1.I__1.U,DOWNLOADED,95658
5hw4__1__1.A__1.D,DOWNLOADED,141816
5hw4__1__1.B__1.E,DOWNLOADED,139819
5hw4__2__1.C__1.F,DOWNLOADED,138001
5hw4__2__2.C__2.F,DOWNLOADED,138388
5hws__1__1.A__1.E,DOWNLOADED,189855
5hws__1__1.D__1.H,DOWNLOADED,189299
5hws__2__1.B__1.F,DOWNLOADED,190058
5hws__2__1.C__1.G,DOWNLOADED,190609
5hwu__1__1.A_1.B__1.E_1.F_1.G,DOWNLOADED,162541
2ix0__1__1.A__1.B,DOWNLOADED,402889
2ixa__1__1.A__1.B_1.C,DOWNLOADED,276396
2ixa__1__2.A__2.B_2.C,DOWNLOADED,275642
3ix3__1__1.A__1.C,DOWNLOADED,102888
3ix3__1__1.B__1.D,DOWNLOADED,103160
3ix4__1__1.A__1.I,DOWNLOADED,103148
3ix4__1__1.C__1.K,DOWNLOADED,106896
3ix4__2__1.B__1.J,DOWNLOADED,106675
3ix4__2__2.E__2.M,DOWNLOADED,106550
3ix4__3__1.D__1.L,DOWNLOADED,106855
3ix4__3__1.G__1.O,DOWNLOADED,108342
3ix4__4__1.F__1.N,DOWNLOADED,107383
3ix4__4__2.H__2.P,DOWNLOADED,110500
3ix8__1__1.A__1.E,DOWNLOADED,104681
3ix8__1__1.B__1.F,DOWNLOADED,104383
3ix8__2__1.C__1.G,DOWNLOADED,106459
3ix8__2__1.D__1.H,DOWNLOADED,104789
4ix4__1__1.A_1.B__1.C_1.D,DOWNLOADED,413150
6ix3__1__1.A__1.C,DOWNLOADED,249477
6ix3__1__1.B__1.E,DOWNLOADED,249124
6ix3__1__2.B__2.E,DOWNLOADED,245979
6ix5__1__1.A__1.C,DOWNLOADED,246381
6ix7__1__1.A_1.B__1.D_1.H_1.I,DOWNLOADED,490782
6ix7__1__1.A_1.B__1.K_1.N_1.O_1.P_1.Q,DOWNLOADED,491737
6ix7__1__1.A__1.C,DOWNLOADED,249232
6ix7__1__1.B__1.J,DOWNLOADED,249651
6ix7__1__2.A_2.B__2.D_2.H_2.I,DOWNLOADED,489178
6ix7__1__2.A_2.B__2.K_2.N_2.O_2.P_2.Q,DOWNLOADED,490127
6ix8__1__1.A__1.C,DOWNLOADED,248815
6ix8__1__1.B__1.K,DOWNLOADED,249208
6ix9__1__1.A__1.C,DOWNLOADED,249426
6ix9__1__1.B__1.F,DOWNLOADED,249764
6ix9__1__2.A__2.C,DOWNLOADED,251021
6ix9__1__2.B__2.F,DOWNLOADED,246615
3iae__1__1.A_1.B__1.C_1.D,DOWNLOADED,660643
3iae__1__1.A_1.B__1.E_1.F,DOWNLOADED,660726
3iae__1__2.A_2.B__2.C_2.D,DOWNLOADED,655918
3iae__1__2.A_2.B__2.E_2.F,DOWNLOADED,655924
3iai__1__1.A__1.I_1.J_1.K,DOWNLOADED,159241
3iay__1__1.C__1.E_1.F_1.G_1.H,DOWNLOADED,559396
4iac__1__1.A_1.B__1.C_1.D_1.E,DOWNLOADED,237916
4iad__1__1.A_1.B__1.C_1.D_1.E,DOWNLOADED,238433
4iae__1__1.A__1.C,DOWNLOADED,116339
4iae__2__1.B__1.F,DOWNLOADED,117607
4iae__3__1.A_2.A__1.C,DOWNLOADED,226924
4iae__3__1.A_3.A__3.C,DOWNLOADED,227020
4iae__3__2.A_3.A__2.C,DOWNLOADED,228515
4iae__4__1.B_2.B__2.F,DOWNLOADED,228836
4iae__4__1.B_3.B__1.F,DOWNLOADED,228649
4iae__4__2.B_3.B__3.F,DOWNLOADED,229449
4iaf__1__1.A_1.B__1.C_1.D_1.E,DOWNLOADED,237989
4iai__1__1.A_1.B__1.C_1.D_1.E,DOWNLOADED,238092
4iaz__1__1.A_1.B__1.C_1.D_1.E,DOWNLOADED,238387
1jny__1__1.A__1.C,DOWNLOADED,259410
1jny__2__1.B__1.D,DOWNLOADED,261174
4jn4__1__1.A_1.B__1.C_1.D,DOWNLOADED,718342
4jn4__1__1.A_1.B__1.L_1.M,DOWNLOADED,718343
4jne__1__1.A_1.B__1.C_1.D,DOWNLOADED,718239
4jne__1__1.A_1.B__1.L_1.M,DOWNLOADED,718564
2jed__1__1.A__1.C,DOWNLOADED,217177
2jed__2__1.B__1.D,DOWNLOADED,220401
4jem__1__1.A_1.B__1.D,DOWNLOADED,184029
5je2__1__1.A__1.C,DOWNLOADED,151673
5je3__1__1.A__1.C,DOWNLOADED,141831
5je3__2__1.B__1.D,DOWNLOADED,141627
5je8__1__1.A__1.E_1.F,DOWNLOADED,180120
5je8__1__1.B__1.G,DOWNLOADED,179956
5je8__2__1.C__1.I,DOWNLOADED,178162
5jei__1__1.A__1.B,DOWNLOADED,320944
6jea__1__1.A__1.B,DOWNLOADED,301446
3ifa__1__1.B__1.M,DOWNLOADED,200145
3ifa__1__2.B__2.M,DOWNLOADED,198655
3ifa__2__1.C__1.R,DOWNLOADED,202496
3ifa__2__1.D__1.W,DOWNLOADED,203293
3ifa__2__2.C__2.R,DOWNLOADED,204796
3ifa__2__2.D__2.W,DOWNLOADED,205763
3ifc__1__1.A__1.E,DOWNLOADED,202057
3ifc__1__1.B__1.M,DOWNLOADED,199528
3ifc__1__2.A__2.E,DOWNLOADED,199890
3ifc__1__2.B__2.M,DOWNLOADED,198134
3ifc__2__1.C__1.R,DOWNLOADED,202595
3ifc__2__1.D__1.W,DOWNLOADED,201828
3ifc__2__2.C__2.R,DOWNLOADED,204897
3ifc__2__2.D__2.W,DOWNLOADED,204304
4ifb__1__1.A__1.D,DOWNLOADED,185575
4ifb__1__1.B__1.G,DOWNLOADED,186004
4ifv__1__1.A__1.D,DOWNLOADED,361228
5ifs__1__1.B__1.E_1.F,DOWNLOADED,281008
5ifs__1__1.D__1.K_1.L,DOWNLOADED,278574
6if0__1__1.A__1.B,DOWNLOADED,149041
6ifg__1__1.A_1.C__1.C_1.E_1.H,DOWNLOADED,275487
6ifg__2__1.B_1.D__1.D_1.N,DOWNLOADED,282479
4hoj__1__1.A_2.A__1.C,DOWNLOADED,248517
4hoj__1__1.A_2.A__2.C,DOWNLOADED,248519
6ho0__1__1.A__1.B,DOWNLOADED,121500
6ho1__1__1.A__1.C,DOWNLOADED,120512
6ho2__1__1.A__1.B,DOWNLOADED,121162
6ho3__1__1.A__1.B,DOWNLOADED,123493
6ho3__1__2.A__2.B,DOWNLOADED,123544
6ho4__1__1.A__1.B,DOWNLOADED,122627
6ho5__1__1.A__1.B,DOWNLOADED,123404
6ho5__1__2.A__2.B,DOWNLOADED,123440
6ho6__1__1.A__1.B,DOWNLOADED,118141
6ho6__1__2.A__2.B,DOWNLOADED,118196
6ho8__1__1.A__1.B,DOWNLOADED,120279
6ho9__1__1.A__1.B,DOWNLOADED,117554
6hoa__1__1.A__1.B,DOWNLOADED,122909
6hob__1__1.A__1.B,DOWNLOADED,120251
6hod__1__1.A__1.B,DOWNLOADED,122991
6hod__1__2.A__2.B,DOWNLOADED,123047
6hoe__1__1.A__1.B,DOWNLOADED,121151
3kee__1__1.A__1.I,DOWNLOADED,109538
3kee__1__1.E__1.M,DOWNLOADED,109290
3kee__2__1.C__1.K,DOWNLOADED,112335
3kee__2__1.G__1.P,DOWNLOADED,112017
5kew__1__1.B__1.J,DOWNLOADED,170947
5kew__2__1.D__1.O,DOWNLOADED,160801
5kew__3__1.F__1.R,DOWNLOADED,163793
6keo__1__1.B__1.E,DOWNLOADED,144389
6keu__1__1.A__1.E,DOWNLOADED,187486
6keu__1__1.C__1.S,DOWNLOADED,187193
6keu__1__1.D__1.Y,DOWNLOADED,186843
1k8c__1__1.A__1.E,DOWNLOADED,203689
1k8c__3__1.A_2.D__1.E,DOWNLOADED,399171
1k8c__3__1.A_2.D__2.H,DOWNLOADED,399246
3k8y__1__1.A__1.B_1.D,DOWNLOADED,109638
5k8p__1__1.G_1.H__1.Y_1.Z,DOWNLOADED,532081
6k8t__1__1.A__1.C,DOWNLOADED,410633
6k8t__1__1.B__1.J,DOWNLOADED,410565
6k8u__1__1.A__1.C_1.J,DOWNLOADED,411578
6k8u__1__1.B__1.L,DOWNLOADED,409940
1h63__1__1.A__1.B,DOWNLOADED,221714
1h65__1__1.A_2.A__1.D_1.E,DOWNLOADED,309987
1h65__1__1.A_2.A__2.D_2.E,DOWNLOADED,310062
1h65__2__1.B_1.C__1.F_1.G,DOWNLOADED,310001
1h65__2__1.B_1.C__1.H_1.I,DOWNLOADED,310071
3h6t__1__1.A_1.C__1.E,DOWNLOADED,320155
3h6t__2__1.B_2.B__1.N,DOWNLOADED,321204
3h6t__2__1.B_2.B__2.N,DOWNLOADED,321203
3h6u__1__1.A_2.A__1.C,DOWNLOADED,320841
3h6u__1__1.A_2.A__2.C,DOWNLOADED,320842
3h6v__1__1.A_1.B__1.J,DOWNLOADED,318781
3h6w__1__1.A_2.A__1.D,DOWNLOADED,321242
3h6w__1__1.A_2.A__2.D,DOWNLOADED,321243
5h62__1__1.A__1.C_1.E_1.F,DOWNLOADED,198225
5h63__1__1.A__1.E_1.F,DOWNLOADED,201534
5h63__2__1.B__1.H_1.I,DOWNLOADED,205949
5h63__3__1.C__1.K_1.L,DOWNLOADED,201306
5h63__4__1.D__1.M_1.N,DOWNLOADED,197373
5h63__5__1.A_1.D__1.M_1.N,DOWNLOADED,389699
5h63__5__1.A__1.E_1.F,DOWNLOADED,201534
5h63__6__1.B_1.C__1.K_1.L,DOWNLOADED,398037
5h63__6__1.B__1.H_1.I,DOWNLOADED,205949
5h6l__1__1.A__1.C,DOWNLOADED,152781
5h6l__2__1.B__1.H,DOWNLOADED,151619
6h6k__1__1.A__1.F,DOWNLOADED,260286
6h6k__2__1.B__1.J,DOWNLOADED,255189
6h6k__3__1.C__1.N,DOWNLOADED,259151
6h6k__4__1.D__1.R,DOWNLOADED,261386
6h6k__5__1.E__1.T,DOWNLOADED,257640
3jv7__1__1.A_1.D__1.F_1.G_1.H_1.I,DOWNLOADED,394227
3jv7__1__1.A_1.D__1.U_1.V_1.W_1.X,DOWNLOADED,394242
3jv7__1__1.B_1.C__1.K_1.L_1.M_1.N,DOWNLOADED,399160
4jvl__1__1.A__1.C,DOWNLOADED,196019
4jvl__2__1.B__1.I,DOWNLOADED,192818
4jvm__1__1.A__1.D,DOWNLOADED,196286
4jvm__2__1.B__1.I,DOWNLOADED,192092
4jvr__2__1.B__1.E,DOWNLOADED,61175
4jvr__3__1.C__1.F,DOWNLOADED,60171
5jvd__1__1.A_1.B__1.G_1.H,DOWNLOADED,540263
5jvd__1__1.C_1.D__1.R_1.S,DOWNLOADED,541645
5jvd__1__1.D__1.V_1.W,DOWNLOADED,269342
5jvd__1__1.F__1.Y_1.Z,DOWNLOADED,230032
1frp__1__1.A_1.B__1.C_1.D,DOWNLOADED,469547
1frp__1__1.A_1.B__1.F_1.G,DOWNLOADED,469766
1frp__1__1.A_2.A__1.E,DOWNLOADED,466588
1frp__1__1.A_2.A__2.E,DOWNLOADED,466588
1frp__1__1.B__1.H,DOWNLOADED,239127
1frp__1__2.A_2.B__2.C_2.D,DOWNLOADED,465879
1frp__1__2.A_2.B__2.F_2.G,DOWNLOADED,466095
1frn__1__1.A__1.D,DOWNLOADED,190876
1frq__1__1.A__1.D,DOWNLOADED,189782
3frg__1__1.A__1.B,DOWNLOADED,216881
3frh__1__1.A__1.B,DOWNLOADED,149839
3fri__1__1.A__1.B,DOWNLOADED,148743
4fr4__1__1.A__1.G,DOWNLOADED,236972
4fr4__2__1.B__1.I_1.K,DOWNLOADED,236446
4fr4__3__1.C__1.L,DOWNLOADED,231197
4fr4__4__1.D__1.P,DOWNLOADED,233341
4fr4__5__1.E__1.Q,DOWNLOADED,232688
4fr4__6__1.F__1.S,DOWNLOADED,233738
4frr__1__1.A_1.E__1.K,DOWNLOADED,266648
4frr__1__1.D_1.E__1.Y,DOWNLOADED,267237
4frr__2__1.F_1.J__1.CA,DOWNLOADED,272005
4frr__2__1.I_1.J__1.NA,DOWNLOADED,271012
5fr0__1__1.A__1.B,DOWNLOADED,369505
6frm__1__1.A_1.D__1.I,DOWNLOADED,508068
6frm__1__1.A_1.D__1.X,DOWNLOADED,508057
6frm__1__1.B_1.C__1.N,DOWNLOADED,511710
6frm__1__1.B_1.C__1.R,DOWNLOADED,511707
6frm__2__1.E_1.H__1.EA,DOWNLOADED,517696
6frm__2__1.E_1.H__1.VA,DOWNLOADED,517772
6frm__2__1.F_1.G__1.KA,DOWNLOADED,518695
6frm__2__1.F_1.G__1.PA,DOWNLOADED,518616
6frn__1__1.B_1.C__1.N_1.Q_1.R,DOWNLOADED,1014401
6frp__1__1.A__1.H,DOWNLOADED,220414
6frx__1__1.A_1.B__1.C,DOWNLOADED,234903
2jdi__1__1.A_1.D__1.J_1.K,DOWNLOADED,585511
2jdi__1__1.B_1.E__1.L_1.M,DOWNLOADED,573755
2jdi__1__1.C_1.D__1.P_1.Q,DOWNLOADED,584620
2jdi__1__1.C_1.F__1.N_1.O,DOWNLOADED,583784
4jdr__1__1.A_1.B__1.C,DOWNLOADED,562293
4jdr__1__1.A_1.B__1.K,DOWNLOADED,562226
5jdz__1__1.A__1.C,DOWNLOADED,152704
5jdz__1__1.B__1.D,DOWNLOADED,141714
6jdc__1__1.A__1.B,DOWNLOADED,159044
6jdc__1__2.A__2.B,DOWNLOADED,160257
1j1f__1__1.A__1.B,DOWNLOADED,120396
1j1g__1__1.A__1.B,DOWNLOADED,119211
2j1l__1__1.A__1.B_1.C,DOWNLOADED,97162
4j1q__1__1.A__1.B,DOWNLOADED,271542
4j1t__1__1.A_1.C__1.I,DOWNLOADED,338510
4j1t__1__1.B__1.H,DOWNLOADED,229991
4j1t__2__1.D_1.F__1.N,DOWNLOADED,338120
6j1f__1__1.A__1.C,DOWNLOADED,374461
6j1f__1__1.A__1.D,DOWNLOADED,372905
6j1l__1__1.A__1.D,DOWNLOADED,147853
6j1l__2__1.B__1.E,DOWNLOADED,148889
6j1l__3__1.C__1.F,DOWNLOADED,145299
6j1o__1__1.A__1.C,DOWNLOADED,248483
6j1o__1__1.B__1.E,DOWNLOADED,248897
2h0u__1__1.A_2.A__1.B,DOWNLOADED,250407
2h0u__1__1.A_2.A__2.B,DOWNLOADED,250410
3h03__1__1.A__1.E,DOWNLOADED,158769
3h03__1__2.B__2.H,DOWNLOADED,161323
3h03__2__1.C__1.K,DOWNLOADED,161299
3h03__2__1.D__1.N,DOWNLOADED,160953
4h0m__1__1.C_1.D_1.F__1.BA,DOWNLOADED,299600
4h0m__1__1.C_1.I_1.J__1.MA,DOWNLOADED,298231
4h0m__1__1.D__1.CA,DOWNLOADED,104610
4h0m__1__1.E_1.F_1.G__1.GA,DOWNLOADED,295039
4h0m__1__1.E_1.G_1.H__1.JA,DOWNLOADED,295844
4h0m__1__1.H_1.K_1.L__1.NA,DOWNLOADED,300214
4h0m__1__1.H__1.IA,DOWNLOADED,105341
4h0m__1__1.I_1.J_1.L__1.KA,DOWNLOADED,301735
4h0m__1__1.J__1.LA,DOWNLOADED,106713
4h0m__1__1.L__1.OA,DOWNLOADED,105124
4h0m__2__1.M_1.N_1.P__1.QA,DOWNLOADED,296621
4h0m__2__1.M_1.N_1.W__1.SA,DOWNLOADED,291349
4h0m__2__1.M_1.W_1.X__1.HB,DOWNLOADED,291158
4h0m__2__1.N_1.Q_1.R__1.WA,DOWNLOADED,296005
4h0m__2__1.N__1.RA,DOWNLOADED,104092
4h0m__2__1.O_1.P_1.R__1.TA,DOWNLOADED,296782
4h0m__2__1.O_1.P_1.U__1.VA,DOWNLOADED,291952
4h0m__2__1.O_1.U_1.V__1.EB,DOWNLOADED,291705
4h0m__2__1.P__1.UA,DOWNLOADED,104101
4h0m__2__1.Q_1.R_1.S__1.YA,DOWNLOADED,290819
4h0m__2__1.Q_1.S_1.T__1.BB,DOWNLOADED,290662
4h0m__2__1.R__1.XA,DOWNLOADED,103934
4h0m__2__1.S_1.T_1.V__1.ZA,DOWNLOADED,295681
4h0m__2__1.T_1.W_1.X__1.FB,DOWNLOADED,295831
4h0m__2__1.T__1.AB,DOWNLOADED,103772
4h0m__2__1.U_1.V_1.X__1.CB,DOWNLOADED,296155
4h0m__2__1.V__1.DB,DOWNLOADED,103937
4h0m__2__1.X__1.GB,DOWNLOADED,103901
2j7b__1__1.A__1.C,DOWNLOADED,285814
2j7b__2__1.B__1.E,DOWNLOADED,288371
2j7g__2__1.B__1.E,DOWNLOADED,291871
4j75__1__1.A__1.C,DOWNLOADED,244342
4j75__1__1.B__1.F,DOWNLOADED,247467
4j7g__1__1.A__1.C,DOWNLOADED,290975
4j7g__1__1.A__1.D,DOWNLOADED,290970
4j7g__2__1.B__1.E,DOWNLOADED,292885
4j7g__2__1.B__1.F,DOWNLOADED,292807
4j7g__3__2.B__2.E,DOWNLOADED,288356
4j7g__3__2.B__2.F,DOWNLOADED,288209
4j7h__1__1.A__1.C,DOWNLOADED,288505
4j7h__1__1.A__1.D,DOWNLOADED,289213
4j7h__2__1.B__1.I,DOWNLOADED,287818
4j7h__2__1.B__1.J,DOWNLOADED,288374
4j7h__3__2.B__2.I,DOWNLOADED,290336
4j7h__3__2.B__2.J,DOWNLOADED,290896
4j7l__1__1.A__1.C,DOWNLOADED,231495
4j7m__1__1.A__1.C,DOWNLOADED,231454
5j75__1__1.A__1.E,DOWNLOADED,141250
5j75__2__1.B__1.H,DOWNLOADED,143544
5j7g__1__1.A__1.E,DOWNLOADED,61906
5j7x__1__1.A__1.B,DOWNLOADED,348617
6j72__1__1.A__1.B_1.C,DOWNLOADED,348517
6j76__1__1.A__1.C,DOWNLOADED,297494
6j7z__1__1.A_1.B__1.C_1.E_1.F,DOWNLOADED,211055
1kk8__1__1.A__1.D_1.E_1.F,DOWNLOADED,501393
3kkn__1__1.A__1.B_1.C,DOWNLOADED,106602
3kkq__1__1.A__1.B_1.C,DOWNLOADED,110319
3kkv__1__1.A__1.C,DOWNLOADED,227599
3kkz__1__1.A__1.C,DOWNLOADED,164481
3kkz__2__1.B__1.D,DOWNLOADED,160179
4kkx__1__1.B__1.H_1.J,DOWNLOADED,242956
4kkx__1__2.B__2.H_2.J,DOWNLOADED,243498
5kk7__1__1.A__1.C_1.E_1.I,DOWNLOADED,294601
5kkw__1__1.A__1.B,DOWNLOADED,149400
3k4c__1__1.A__1.E,DOWNLOADED,368674
3k4c__1__1.B__1.H,DOWNLOADED,367509
3k4c__1__1.C__1.K,DOWNLOADED,365004
3k4c__1__1.D__1.M,DOWNLOADED,365121
5k41__1__1.A__1.B,DOWNLOADED,300846
5k41__1__2.A__2.B,DOWNLOADED,299276
5k42__1__1.A__1.B,DOWNLOADED,299391
5k42__1__2.A__2.B,DOWNLOADED,297765
5k48__2__1.B__1.J_1.M_1.N,DOWNLOADED,142771
5k4u__1__1.A__1.C_1.H,DOWNLOADED,201299
5k4u__1__1.B__1.J_1.N,DOWNLOADED,202902
3jzd__1__1.B__1.L,DOWNLOADED,213519
3jzd__2__1.D__1.U,DOWNLOADED,211504
5jzb__1__1.A__1.C,DOWNLOADED,335265
5jzb__1__1.B__1.E,DOWNLOADED,338727
5jzs__1__1.B__1.C,DOWNLOADED,177795
6jzh__1__1.A__1.Y,DOWNLOADED,464282
6jzy__1__1.A__1.C_1.D,DOWNLOADED,216782
1hjo__1__1.A__1.B_1.D,DOWNLOADED,236306
3hj9__1__1.A_1.B__1.C_1.D,DOWNLOADED,258763
4hj6__1__1.B__1.D,DOWNLOADED,113502
5hjx__1__1.A_1.B__1.G_1.H,DOWNLOADED,1108516
5hjx__1__1.A_1.B__1.I_1.J,DOWNLOADED,1108515
5hjx__1__1.C_1.D__1.K_1.L,DOWNLOADED,1108582
5hjx__1__1.C_1.D__1.M_1.N,DOWNLOADED,1108504
5hjx__1__1.E_1.F__1.O_1.P,DOWNLOADED,1093668
5hjx__1__1.E_1.F__1.Q_1.R,DOWNLOADED,1093747
5hjy__1__1.A_1.B__1.G_1.H,DOWNLOADED,1066366
5hjy__1__1.A_1.B__1.I_1.J,DOWNLOADED,1066300
5hjy__1__1.C_1.D__1.K_1.L,DOWNLOADED,1090000
5hjy__1__1.C_1.D__1.M_1.N,DOWNLOADED,1089922
5hjy__1__1.E_1.F__1.P_1.Q,DOWNLOADED,1072821
5hjy__1__1.E_1.F__1.R_1.S,DOWNLOADED,1072892
4jwf__2__1.B__1.F,DOWNLOADED,123213
4jwj__1__1.A__1.D,DOWNLOADED,128442
4jwj__2__1.B__1.H,DOWNLOADED,129268
4jwr__1__1.A__1.D,DOWNLOADED,58993
5jwa__1__1.A__1.C_1.D_1.E_1.F_1.G,DOWNLOADED,331767
5jwa__1__1.B__1.P_1.Q_1.R_1.S_1.T,DOWNLOADED,330728
5jwc__1__1.A_1.B__1.K,DOWNLOADED,637752
5jwc__1__1.A_1.B__1.L,DOWNLOADED,637642
5jwc__1__1.A__1.M,DOWNLOADED,324538
5jwc__1__1.B__1.S,DOWNLOADED,323230
5jwc__1__1.B__1.V,DOWNLOADED,323875
6jw7__1__1.B__1.E,DOWNLOADED,212292
6jw7__1__2.B__2.E,DOWNLOADED,209785
6jw8__1__1.B__1.E,DOWNLOADED,212351
6jw8__1__2.B__2.E,DOWNLOADED,214226
6jwx__1__1.A__1.C_1.H,DOWNLOADED,369409
6jwx__1__1.B__1.J_1.O,DOWNLOADED,350095
6jwy__1__1.A__1.C_1.J,DOWNLOADED,364959
6jwy__1__1.B__1.K_1.O,DOWNLOADED,353691
2j90__1__1.A__1.C,DOWNLOADED,169788
2j90__1__1.B__1.F,DOWNLOADED,168340
2j91__1__1.A_1.C_1.D__1.E,DOWNLOADED,859318
2j91__1__1.B_1.C_1.D__1.H,DOWNLOADED,861527
2j9x__1__1.B__1.D,DOWNLOADED,234607
2j9x__1__2.B__2.D,DOWNLOADED,238453
2j9y__1__1.B__1.C,DOWNLOADED,236994
2j9y__1__2.B__2.C,DOWNLOADED,240769
5j9o__1__1.A__1.E,DOWNLOADED,227610
5j9x__1__1.A_2.A__1.B,DOWNLOADED,507846
5j9x__1__1.A_2.A__2.B,DOWNLOADED,507845
6j90__1__1.A_2.A__1.C,DOWNLOADED,474434
6j90__1__1.A_2.A__2.C,DOWNLOADED,474426
4kh1__1__1.A_2.A__1.E,DOWNLOADED,378241
4kh1__1__1.A_3.A__3.E,DOWNLOADED,378675
4kh1__1__1.C_2.C__2.K,DOWNLOADED,379877
4kh1__1__1.C_3.C__1.K,DOWNLOADED,379418
4kh7__1__1.A_1.B__1.C,DOWNLOADED,513795
4kh7__2__1.A__1.C,DOWNLOADED,255096
4khu__1__1.A__1.D_1.E_1.K,DOWNLOADED,576242
4k0o__1__1.A__1.B_1.C,DOWNLOADED,108164
4k0y__1__1.A__1.B,DOWNLOADED,180179
5k0b__1__1.A__1.I_1.L,DOWNLOADED,136454
5k0b__3__1.C__1.W,DOWNLOADED,135937
5k0b__4__1.D__1.EA,DOWNLOADED,136804
5k0b__5__1.E__1.KA_1.LA,DOWNLOADED,138823
5k0b__6__1.F__1.RA_1.SA_1.TA,DOWNLOADED,139176
5k0b__7__1.G__1.UA_1.VA,DOWNLOADED,136735
5k0b__8__1.H__1.YA,DOWNLOADED,135737
5k0f__1__1.A__1.D,DOWNLOADED,137401
5k0j__1__1.A__1.D,DOWNLOADED,138090
5k0j__2__1.B__1.I,DOWNLOADED,138823
5k0n__1__1.A__1.H,DOWNLOADED,138308
5k0n__2__1.B__1.K_1.L,DOWNLOADED,140471
5k0n__3__1.C__1.Q,DOWNLOADED,136582
5k0n__4__1.D__1.V_1.W,DOWNLOADED,138499
6k0g__1__1.A__1.B,DOWNLOADED,208023
6k0g__1__1.A__1.C,DOWNLOADED,209290
6k0g__1__2.A__2.B,DOWNLOADED,209544
6k0g__1__2.A__2.C,DOWNLOADED,210812
7k05__2__1.B__1.F_1.G_1.H_1.I,DOWNLOADED,131895
7k06__2__1.B__1.E_1.F,DOWNLOADED,130743
7k07__2__1.B__1.F_1.G_1.H,DOWNLOADED,131308
4kwd__1__1.A__1.E_1.F_1.G_1.H_1.I,DOWNLOADED,202361
4kwd__1__1.B__1.J_1.K_1.L_1.M_1.N,DOWNLOADED,199289
4kwd__2__1.C__1.P_1.Q_1.R_1.S_1.T,DOWNLOADED,203036
4kwd__2__1.D__1.V_1.W_1.X_1.Y_1.Z,DOWNLOADED,204886
1knr__1__1.A__1.D,DOWNLOADED,339649
5knx__1__1.A__1.C,DOWNLOADED,109887
5knx__1__2.A__2.C,DOWNLOADED,111673
6knz__1__1.B_1.C__1.J_1.K,DOWNLOADED,1034646
6knz__1__1.D__1.T_1.V,DOWNLOADED,515363
2jf4__1__1.A__1.B,DOWNLOADED,317729
2jfz__1__1.A__1.C,DOWNLOADED,162118
2jfz__1__1.B__1.E,DOWNLOADED,157666
4jfi__1__1.A__1.B,DOWNLOADED,78433
5jf0__1__1.A_1.B__1.B_1.D,DOWNLOADED,129249
5jf1__1__1.A__1.B_1.D,DOWNLOADED,126586
5jf6__1__1.A__1.B_1.D,DOWNLOADED,125568
5jfl__1__1.A__1.I,DOWNLOADED,272758
5jfl__1__1.B__1.J,DOWNLOADED,274196
5jfl__1__1.D__1.L,DOWNLOADED,278254
6jfc__1__1.A__1.C_1.D,DOWNLOADED,102705
6jfc__2__1.B__1.E_1.F,DOWNLOADED,105064
6jfe__2__1.B__1.F_1.G,DOWNLOADED,100500
6jff__2__1.B__1.F_1.G,DOWNLOADED,100500
6jfo__1__1.A_1.B__1.B_1.C,DOWNLOADED,116991
6jfq__1__1.A__1.B_1.C,DOWNLOADED,116664
3l4n__1__1.A__1.B,DOWNLOADED,73448
5l44__2__1.B__1.H_1.K_1.L,DOWNLOADED,425469
7l4c__1__1.A__1.D,DOWNLOADED,230666
7l4n__1__1.A__1.D,DOWNLOADED,225276
1kao__1__1.A__1.B_1.D,DOWNLOADED,105894
3ka7__1__1.A__1.B,DOWNLOADED,258822
4kaj__1__1.A__1.B,DOWNLOADED,194095
5ka1__1__1.A__1.B_1.J,DOWNLOADED,183801
5kab__1__1.A__1.G,DOWNLOADED,183311
5kad__1__1.A__1.C,DOWNLOADED,183249
5kam__1__1.A__1.C_1.D_1.E_1.F_1.G,DOWNLOADED,103411
5kam__1__2.A__2.C_2.D_2.E_2.F_2.G,DOWNLOADED,104008
6ka2__1__1.A__1.E,DOWNLOADED,97588
6ka2__1__1.B__1.F,DOWNLOADED,97997
6ka2__2__1.C__1.G,DOWNLOADED,96249
7kaw__1__1.A__1.D_1.E,DOWNLOADED,391555
7kaw__1__2.A__2.D_2.E,DOWNLOADED,392082
3jtk__1__1.A__1.D,DOWNLOADED,249919
4jta__1__1.A__1.F,DOWNLOADED,208732
4jta__2__1.C__1.Z,DOWNLOADED,208884
5jtt__1__1.A__1.C,DOWNLOADED,523708
5jtt__1__2.A__2.C,DOWNLOADED,525695
5jtu__1__1.A__1.C,DOWNLOADED,523978
5jtu__1__2.A__2.C,DOWNLOADED,525974
6jt8__1__1.A__1.M_1.WA_1.XA_1.YA,DOWNLOADED,810126
6jt9__1__1.A__1.B_1.C_1.D_1.Q,DOWNLOADED,807910
6jta__1__1.A__1.B_1.MA_1.NA_1.OA,DOWNLOADED,818559
6jtd__1__1.A__1.C,DOWNLOADED,296560
6jtd__2__1.B__1.BA_1.BB,DOWNLOADED,290329
6jtp__1__1.A__1.C,DOWNLOADED,183483
7jt5__2__1.C_1.D__1.P_1.Q,DOWNLOADED,250012
7jt5__2__1.C_1.D__1.U_1.V,DOWNLOADED,250163
7jt6__1__1.A_1.B__1.E_1.G,DOWNLOADED,250614
7jt6__1__1.A_1.B__1.I_1.K,DOWNLOADED,250618
7jt6__2__1.C_1.D__1.M_1.O,DOWNLOADED,249170
7jtt__1__1.A_1.B__1.C,DOWNLOADED,411159
7jtt__1__1.B__1.CA_1.Q,DOWNLOADED,247185
7jtw__1__1.A__1.B_1.C,DOWNLOADED,174370
3jy0__1__1.A__1.B,DOWNLOADED,182001
3jya__1__1.A__1.B,DOWNLOADED,177264
3jyn__1__1.A__1.B,DOWNLOADED,195915
3jyn__1__2.A__2.B,DOWNLOADED,199793
5jy1__1__1.C__1.O_1.P_1.Q,DOWNLOADED,163465
5jy6__1__1.A_1.C__1.E,DOWNLOADED,398376
5jy6__1__1.A_1.C__1.I,DOWNLOADED,398375
5jy6__1__1.B_1.D__1.G,DOWNLOADED,398256
5jy6__1__1.B_1.D__1.K,DOWNLOADED,398260
5jyd__1__1.B__1.S_1.T,DOWNLOADED,174801
5jyd__1__1.C__1.BA_1.CA,DOWNLOADED,175714
5jyd__1__1.D__1.KA_1.LA,DOWNLOADED,174921
5jyd__2__1.F__1.IB_1.JB,DOWNLOADED,177740
5jyd__2__1.G__1.RB_1.SB,DOWNLOADED,177726
5jye__1__1.A_1.C__1.E,DOWNLOADED,398664
5jye__1__1.A_1.C__1.G,DOWNLOADED,398591
5jyy__1__1.A__1.F,DOWNLOADED,251426
5jyy__1__3.A__3.F,DOWNLOADED,251426
6jy3__1__1.A_1.B_1.I__1.AA,DOWNLOADED,511553
6jy3__1__1.A_1.B_1.L__1.W,DOWNLOADED,494881
6jy3__1__1.A_1.C__1.CA,DOWNLOADED,485076
6jyg__1__1.A__1.G_1.I,DOWNLOADED,197288
6jyg__1__1.B__1.J_1.K,DOWNLOADED,196126
6jyg__1__1.C__1.L_1.M,DOWNLOADED,196400
6jyg__1__1.D__1.N_1.P,DOWNLOADED,200897
6jyg__1__1.E__1.Q_1.S,DOWNLOADED,194770
6jyg__1__1.F__1.T_1.U,DOWNLOADED,199550
4kju__1__1.A__1.D,DOWNLOADED,55748
5kj5__1__1.A__1.E,DOWNLOADED,304573
5kj5__1__1.B__1.F,DOWNLOADED,306279
5kj5__1__1.C__1.G,DOWNLOADED,306415
5kj5__1__1.D__1.H,DOWNLOADED,304466
6kjd__1__1.A__1.C,DOWNLOADED,244770
1jlx__1__1.A_1.B__1.C_1.F,DOWNLOADED,383913
1jlx__1__1.A_1.B__1.D_1.H,DOWNLOADED,383646
1jlv__1__1.A_1.B__1.G,DOWNLOADED,259059
1jlv__2__1.C_1.D__1.J,DOWNLOADED,259037
1jlv__3__1.E_1.F__1.K,DOWNLOADED,261306
1jlv__3__1.E_1.F__1.L,DOWNLOADED,261231
2jlb__2__1.B__1.E,DOWNLOADED,335762
4jlh__1__1.A_2.A__1.B,DOWNLOADED,175225
4jlh__1__1.A_2.A__2.B,DOWNLOADED,175225
4jlj__1__1.A__1.E,DOWNLOADED,156310
4jlj__1__1.B__1.H,DOWNLOADED,161371
4jlk__1__1.B__1.F,DOWNLOADED,160897
4jls__1__1.A__1.I,DOWNLOADED,85324
4jls__1__1.B__1.J,DOWNLOADED,85579
4jls__1__1.C__1.K,DOWNLOADED,84439
4jls__1__1.D__1.L,DOWNLOADED,85204
4jls__2__1.E__1.M,DOWNLOADED,85159
4jls__2__1.F__1.N,DOWNLOADED,84782
4jls__2__1.H__1.P,DOWNLOADED,85488
4jlz__2__1.B__1.G_1.H,DOWNLOADED,235682
5jlj__1__1.A__1.D_1.E,DOWNLOADED,131923
6jls__1__1.A_10.A_12.A__1.B,DOWNLOADED,279924
6jls__1__1.A_10.A_3.A__10.B,DOWNLOADED,277308
6jls__1__1.A_2.A_5.A__5.B,DOWNLOADED,274651
6jls__1__10.A_11.A_8.A__8.B,DOWNLOADED,279905
6jls__1__11.A_7.A_8.A__11.B,DOWNLOADED,277251
6jls__1__2.A_4.A_5.A__2.B,DOWNLOADED,274632
6jls__1__4.A_6.A_7.A__7.B,DOWNLOADED,274594
6jls__1__4.A_7.A_9.A__4.B,DOWNLOADED,274613
5k2b__1__1.A__1.B,DOWNLOADED,244215
5k2c__1__1.A__1.F,DOWNLOADED,244223
6k24__1__1.A__1.C,DOWNLOADED,293644
7k2d__2__1.B__1.C,DOWNLOADED,176210
7k2e__1__1.A__1.C,DOWNLOADED,173739
7k2h__2__1.B__1.C,DOWNLOADED,177383
7k2k__2__1.B__1.C,DOWNLOADED,178136
7k2l__2__1.B__1.C,DOWNLOADED,174028
7k2m__2__1.B__1.C,DOWNLOADED,172353
7k2n__1__1.A__1.C_1.D,DOWNLOADED,179493
7k2q__2__1.B__1.C,DOWNLOADED,177301
7k2r__2__1.B__1.C_1.D,DOWNLOADED,173132
7k2s__2__1.B__1.C,DOWNLOADED,178940
1ksg__1__1.A__1.C_1.D,DOWNLOADED,114942
3ks9__1__1.B__1.G,DOWNLOADED,277733
4ks1__1__1.A__1.C,DOWNLOADED,248518
4ksh__1__1.A__1.B,DOWNLOADED,124555
5ksp__1__1.A__1.C,DOWNLOADED,103415
5ksp__2__1.B__1.E,DOWNLOADED,100057
5fwg__1__1.A_1.B__1.C,DOWNLOADED,284265
5fwg__1__1.A_1.B__1.D,DOWNLOADED,284193
2fwn__1__1.A_2.A__1.C_1.F,DOWNLOADED,616167
2fwn__1__1.A_2.A__2.C_2.F,DOWNLOADED,616170
2fwn__1__3.A_4.A__3.C_3.F,DOWNLOADED,623573
2fwn__1__3.A_4.A__4.C_4.F,DOWNLOADED,623570
3fwn__1__1.A_1.B__1.C,DOWNLOADED,568157
3fwn__1__1.A_1.B__1.D,DOWNLOADED,569515
3fwn__1__1.A_1.B__1.E,DOWNLOADED,568088
3fwp__1__1.B_1.D__1.G_1.I,DOWNLOADED,286353
4fw4__1__1.A__1.E_1.F,DOWNLOADED,186785
4fw4__2__1.B__1.G_1.H,DOWNLOADED,188100
4fw4__3__1.C__1.J_1.K,DOWNLOADED,188230
4fw4__4__1.D__1.N_1.O,DOWNLOADED,186872
5fwj__2__1.B__1.L_1.O,DOWNLOADED,276171
6fwh__1__1.A_1.B_1.K__1.N_1.P_1.R,DOWNLOADED,354304
6fwh__1__1.A_1.C_1.F__1.BA_1.M_1.O,DOWNLOADED,351336
6fwh__1__1.A_1.E_1.K__1.AA_1.OA_1.Z,DOWNLOADED,354550
6fwh__1__1.B_1.D_1.L__1.SA_1.X_1.Y,DOWNLOADED,355754
6fwh__1__1.B_1.G_1.L__1.FA_1.Q_1.S,DOWNLOADED,353653
6fwh__1__1.C_1.E_2.E__1.T_1.U_1.W,DOWNLOADED,351894
6fwh__1__1.C_1.F_1.J__1.MA_1.NA_1.V,DOWNLOADED,350037
6fwh__1__1.D_1.K_2.J__1.PA_1.QA_1.RA,DOWNLOADED,355520
6fwh__1__1.D_2.H_2.J__2.GA_2.HA_2.JA,DOWNLOADED,356088
6fwh__1__1.E_2.C_2.E__2.T_2.U_2.W,DOWNLOADED,353925
6fwh__1__1.F_1.G_1.H__1.CA_1.DA_1.EA,DOWNLOADED,351374
6fwh__1__1.G_1.H_1.I__1.IA_1.KA_1.LA,DOWNLOADED,350934
6fwh__1__1.H_1.J_2.D__1.GA_1.HA_1.JA,DOWNLOADED,351297
6fwh__1__1.I_1.L_2.I__1.TA_1.UA_1.VA,DOWNLOADED,353662
6fwh__1__1.I_2.I_2.L__2.TA_2.UA_2.VA,DOWNLOADED,352830
6fwh__1__1.J_2.D_2.K__2.PA_2.QA_2.RA,DOWNLOADED,350452
6fwh__1__2.A_2.B_2.K__2.N_2.P_2.R,DOWNLOADED,353579
6fwh__1__2.A_2.C_2.F__2.BA_2.M_2.O,DOWNLOADED,356300
6fwh__1__2.A_2.E_2.K__2.AA_2.OA_2.Z,DOWNLOADED,353267
6fwh__1__2.B_2.D_2.L__2.SA_2.X_2.Y,DOWNLOADED,353098
6fwh__1__2.B_2.G_2.L__2.FA_2.Q_2.S,DOWNLOADED,354748
6fwh__1__2.C_2.F_2.J__2.MA_2.NA_2.V,DOWNLOADED,355404
6fwh__1__2.F_2.G_2.H__2.CA_2.DA_2.EA,DOWNLOADED,356753
6fwh__1__2.G_2.H_2.I__2.IA_2.KA_2.LA,DOWNLOADED,356082
6fws__1__1.A__1.F_1.G_1.H,DOWNLOADED,435177
6fws__1__1.C__1.J_1.K_1.L,DOWNLOADED,439800
1jq3__1__1.A__1.E,DOWNLOADED,190920
1jq3__1__1.D__1.G,DOWNLOADED,190209
5jqg__1__1.A_1.B__1.G_1.H,DOWNLOADED,538150
5jqg__1__1.B_1.C__1.K_1.L,DOWNLOADED,538803
5jqg__1__1.C_1.D__1.P_1.Q,DOWNLOADED,540299
5jqg__1__1.D__1.S_1.T,DOWNLOADED,268015
5jqg__1__1.F__1.U,DOWNLOADED,204156
6jqf__1__1.A__1.D,DOWNLOADED,457875
6jqz__1__1.A__1.C_1.D,DOWNLOADED,167499
6jqz__1__1.B__1.E_1.F,DOWNLOADED,167004
7jqw__1__1.B__1.AA_1.S,DOWNLOADED,239074
1k1j__1__1.A__1.C_1.D,DOWNLOADED,131522
1k1l__1__1.A__1.B_1.D,DOWNLOADED,131109
1k1m__1__1.A__1.C_1.D,DOWNLOADED,131217
3k1j__1__1.A_1.B__1.F,DOWNLOADED,702766
3k1j__1__1.A_2.B__1.C,DOWNLOADED,706733
3k1j__1__1.B_3.A__3.C,DOWNLOADED,698220
4k18__1__1.A__1.C,DOWNLOADED,183150
4k1i__1__1.A__1.G,DOWNLOADED,245218
4k1i__1__1.B__1.J,DOWNLOADED,248304
4k1i__1__2.A__2.G,DOWNLOADED,245506
4k1i__1__2.B__2.J,DOWNLOADED,242491
4k1j__1__1.A__1.H,DOWNLOADED,241265
4k1j__1__1.B__1.J,DOWNLOADED,238744
4k1j__1__2.A__2.H,DOWNLOADED,241551
4k1j__1__2.B__2.J,DOWNLOADED,244470
4k1k__1__1.A__1.H,DOWNLOADED,242924
4k1k__1__1.B__1.J,DOWNLOADED,245925
4k1k__1__2.A__2.H,DOWNLOADED,243198
4k1k__1__2.B__2.J,DOWNLOADED,240183
5k1f__1__1.A__1.B,DOWNLOADED,214975
3kb6__1__1.B__1.X_1.Y,DOWNLOADED,216664
3kb6__1__1.C__1.IA_1.JA,DOWNLOADED,217312
3kb6__1__1.D__1.PA_1.QA,DOWNLOADED,215288
3kb8__1__1.B__1.N_1.Q_1.S,DOWNLOADED,122454
3kbz__1__1.A__1.E,DOWNLOADED,195382
3kbz__1__1.B__1.F,DOWNLOADED,194922
3kbz__1__1.C__1.G,DOWNLOADED,195402
3kbz__1__1.D__1.H,DOWNLOADED,194498
5kb3__1__1.A_2.A__1.B,DOWNLOADED,275954
5kb3__1__1.A_2.A__2.B,DOWNLOADED,275955
5kbz__1__1.A__1.C,DOWNLOADED,202501
5kbz__1__1.B__1.D,DOWNLOADED,204016
6kbc__1__1.A__1.B,DOWNLOADED,239805
7kb1__1__1.A_1.B__1.E,DOWNLOADED,514949
7kb1__1__1.A_1.B__1.G,DOWNLOADED,514951
7kb1__1__1.C_1.D__1.I,DOWNLOADED,508640
7kb1__1__1.C_1.D__1.J,DOWNLOADED,508325
7kbn__1__1.A_1.B__1.E,DOWNLOADED,394093
3eya__1__1.A_1.B__1.W,DOWNLOADED,639650
3eya__1__1.C_1.D__1.CA,DOWNLOADED,636053
3eya__1__1.C_1.D__1.HA,DOWNLOADED,635986
3eya__2__1.E_1.F__1.QA_1.SA_1.YA,DOWNLOADED,628703
3eya__2__1.E_1.F__1.RA,DOWNLOADED,630282
3eya__2__1.E_1.F__1.TA_1.VA_1.XA,DOWNLOADED,628815
3eya__2__1.E_1.F__1.WA,DOWNLOADED,630393
3eya__2__1.G_1.H__1.AB_1.CB_1.KB,DOWNLOADED,637058
3eya__2__1.G_1.H__1.BB,DOWNLOADED,638446
3eya__2__1.G_1.H__1.EB_1.GB_1.IB,DOWNLOADED,636981
3eya__2__1.G_1.H__1.HB,DOWNLOADED,638559
3eya__3__1.I_1.J__1.MB,DOWNLOADED,636423
3eya__3__1.I_1.J__1.RB,DOWNLOADED,636654
3eyw__1__1.A_1.B__1.C,DOWNLOADED,446180
3eyw__1__1.A_1.B__1.H,DOWNLOADED,446291
4ey2__1__1.A__1.C_1.D_1.E,DOWNLOADED,143781
4ey2__2__1.B__1.F_1.G_1.H,DOWNLOADED,144325
4ey2__3__1.B__1.F_1.G_1.H,DOWNLOADED,144325
4ey2__3__2.A__2.C_2.D_2.E,DOWNLOADED,144926
4eyb__1__1.A__1.C_1.D_1.E,DOWNLOADED,143991
4eyb__2__1.B__1.F_1.G_1.H,DOWNLOADED,144707
4eyb__3__1.B__1.F_1.G_1.H,DOWNLOADED,144707
4eyb__3__2.A__2.C_2.D_2.E,DOWNLOADED,145167
4eyf__1__1.A__1.C_1.D_1.E,DOWNLOADED,143441
4eyf__2__1.B__1.G_1.H_1.I,DOWNLOADED,143889
4eyf__3__1.A__1.C_1.D_1.E,DOWNLOADED,143441
4eyf__3__2.B__2.G_2.H_2.I,DOWNLOADED,146793
4eyw__1__1.A__1.C,DOWNLOADED,399305
5ey0__1__1.A__1.D,DOWNLOADED,161617
5ey1__1__1.A__1.D,DOWNLOADED,156513
5eyk__1__1.A__1.E,DOWNLOADED,176457
5eyk__2__1.B__1.F,DOWNLOADED,184802
5eyp__1__1.A_1.B__1.D_1.E,DOWNLOADED,539660
5eyr__1__1.A__1.B,DOWNLOADED,120030
5eyr__1__2.A__2.B,DOWNLOADED,120120
5eyt__1__1.A_2.A_3.A__1.B,DOWNLOADED,893874
5eyt__1__1.A_2.A_4.A__2.B,DOWNLOADED,897639
5eyt__1__1.A_3.A_4.A__3.B,DOWNLOADED,896503
5eyt__1__2.A_3.A_4.A__4.B,DOWNLOADED,893670
6ey9__1__1.A__1.C,DOWNLOADED,132170
6eyb__1__1.A__1.B,DOWNLOADED,131803
4jxs__2__1.B__1.E,DOWNLOADED,220890
5jxh__1__1.A__1.B,DOWNLOADED,295991
5jxj__1__1.A__1.B,DOWNLOADED,296149
6jx9__1__1.A__1.B_1.C,DOWNLOADED,232943
6jx9__1__2.A__2.B_2.C,DOWNLOADED,236616
6jxn__1__1.A_1.D__1.E,DOWNLOADED,262413
6jxn__1__1.A_1.D__1.L,DOWNLOADED,262523
6jxn__2__1.B_1.C__1.G,DOWNLOADED,263111
6jxs__1__1.A_1.C__1.E,DOWNLOADED,257729
7jxa__1__1.C__1.I,DOWNLOADED,230201
7jxy__1__1.A__1.C,DOWNLOADED,188194
7jxy__2__1.B__1.D,DOWNLOADED,186071
2j59__1__1.A__1.M_1.N,DOWNLOADED,106598
2j59__2__1.B__1.P_1.Q,DOWNLOADED,107528
2j59__3__1.D__1.V_1.W,DOWNLOADED,106386
2j59__4__1.E__1.X_1.Y,DOWNLOADED,107149
2j59__5__1.C__1.S_1.T,DOWNLOADED,107487
2j59__6__1.F__1.AA_1.BA,DOWNLOADED,107089
2j5n__1__1.A__1.D_1.E,DOWNLOADED,323987
2j5n__1__2.A__2.D_2.E,DOWNLOADED,324307
2j5n__1__3.A__3.D_3.E,DOWNLOADED,324766
5j5f__1__1.A_1.E__1.Z,DOWNLOADED,274141
5j5f__1__1.B_1.C__1.R,DOWNLOADED,274732
5j5f__1__1.C_1.D__1.U,DOWNLOADED,276157
5j5f__1__1.D_1.E__1.X,DOWNLOADED,277454
5j5f__2__1.F_1.G__1.EA,DOWNLOADED,271672
5j5f__2__1.G_1.H__1.GA,DOWNLOADED,274116
5j5f__2__1.H_1.I__1.KA,DOWNLOADED,276893
5j5f__2__1.I_1.J__1.PA,DOWNLOADED,275562
5j5g__1__1.A_1.E__1.Y,DOWNLOADED,273876
5j5g__1__1.C_1.D__1.T,DOWNLOADED,278024
5j5g__1__1.D_1.E__1.X,DOWNLOADED,274352
5j5g__2__1.F_1.G__1.AA,DOWNLOADED,281276
5j5g__2__1.F_1.J__1.BA,DOWNLOADED,277448
5j5o__1__1.A__1.E,DOWNLOADED,123171
5j5o__2__1.B__1.G,DOWNLOADED,122453
5j5s__1__1.A__1.C,DOWNLOADED,167175
6j53__1__1.A_1.B__1.C,DOWNLOADED,136992
6j5z__1__1.A_1.B__1.F,DOWNLOADED,136858
6j5z__2__1.C_1.D__1.G,DOWNLOADED,137312
1ir1__1__1.A_2.E__1.I_1.J,DOWNLOADED,578189
1ir1__1__1.A_2.E__2.M_2.N,DOWNLOADED,578194
1ir1__1__1.C_2.C__1.K_1.L,DOWNLOADED,571359
1ir1__1__1.C_2.C__2.K_2.L,DOWNLOADED,571358
1ir1__1__1.E_2.A__1.M_1.N,DOWNLOADED,570986
1ir1__1__1.E_2.A__2.I_2.J,DOWNLOADED,570981
1ir1__1__1.G_2.G__1.O_1.P,DOWNLOADED,569646
1ir1__1__1.G_2.G__2.O_2.P,DOWNLOADED,569651
1ir2__1__1.A_1.I__1.GA_1.HA,DOWNLOADED,576175
1ir2__1__1.A_1.I__1.XA_1.YA,DOWNLOADED,576166
1ir2__1__1.C_1.K__1.CB_1.DB,DOWNLOADED,571896
1ir2__1__1.C_1.K__1.KA_1.LA,DOWNLOADED,571971
1ir2__1__1.E_1.M__1.GB_1.HB,DOWNLOADED,572250
1ir2__1__1.E_1.M__1.PA_1.QA,DOWNLOADED,572268
1ir2__1__1.G_1.O__1.LB_1.MB,DOWNLOADED,577748
1ir2__1__1.G_1.O__1.TA_1.UA,DOWNLOADED,577760
1ir2__2__1.AA_1.S__1.LC_1.MC,DOWNLOADED,590661
1ir2__2__1.AA_1.S__1.VB_1.WB,DOWNLOADED,590659
1ir2__2__1.CA_1.U__1.AC_1.ZB,DOWNLOADED,589017
1ir2__2__1.CA_1.U__1.QC_1.RC,DOWNLOADED,589027
1ir2__2__1.EA_1.W__1.DC_1.EC,DOWNLOADED,587867
1ir2__2__1.EA_1.W__1.VC_1.WC,DOWNLOADED,587951
1ir2__2__1.Q_1.Y__1.HC_1.IC,DOWNLOADED,580407
1ir2__2__1.Q_1.Y__1.QB_1.RB,DOWNLOADED,580392
2irx__1__1.A__1.B_1.C,DOWNLOADED,174035
3irm__1__1.A__1.E,DOWNLOADED,328432
3irm__1__1.B__1.K,DOWNLOADED,332710
3irm__2__1.C__1.Q,DOWNLOADED,331363
3irm__2__1.D__1.U,DOWNLOADED,326976
5irc__1__1.A_1.B__1.G_1.H_1.I,DOWNLOADED,235260
5irc__3__1.A_1.B__1.G_1.H_1.I,DOWNLOADED,235260
5iru__1__1.A_1.C__1.F,DOWNLOADED,149160
5iru__1__1.B_1.D__1.H,DOWNLOADED,150533
5iru__1__1.B_1.D__1.L,DOWNLOADED,150533
6iry__1__1.A__1.B,DOWNLOADED,303627
6irz__1__1.A__1.B,DOWNLOADED,303650
6irz__1__1.A__1.F,DOWNLOADED,303845
1lqa__1__1.A__1.C,DOWNLOADED,217365
1lqa__2__1.B__1.D,DOWNLOADED,218038
6lqy__1__1.A__1.I,DOWNLOADED,324139
3kgc__1__1.B__1.F,DOWNLOADED,156944
4kg9__1__1.A__1.B,DOWNLOADED,96274
4kgi__2__1.C_1.D__1.G,DOWNLOADED,521182
4kgi__2__1.C_1.D__1.H,DOWNLOADED,521333
4kgv__1__1.A_2.A__1.E,DOWNLOADED,378195
4kgv__1__1.A_3.A__3.E,DOWNLOADED,378624
4kgv__1__1.C_2.C__2.H,DOWNLOADED,379829
4kgv__1__1.C_3.C__1.H,DOWNLOADED,379365
4kgx__1__1.A_2.A__1.E,DOWNLOADED,378181
4kgx__1__1.A_3.A__3.E,DOWNLOADED,378614
4kgx__1__1.C_2.C__2.H,DOWNLOADED,379810
4kgx__1__1.C_3.C__1.H,DOWNLOADED,379347
4kgz__1__1.A_2.A__1.E,DOWNLOADED,378231
4kgz__1__1.A_3.A__3.E,DOWNLOADED,378651
4kgz__1__1.C_2.C__2.J,DOWNLOADED,379717
4kgz__1__1.C_3.C__1.J,DOWNLOADED,379258
7kgw__1__1.A__1.B_1.C_1.D,DOWNLOADED,195428
3iu7__1__1.A__1.B_1.C_1.D,DOWNLOADED,176540
3iu7__1__1.A__1.E,DOWNLOADED,176196
3iu7__2__1.A__1.B_1.C_1.D,DOWNLOADED,176540
3iu7__2__2.A__2.B_2.C_2.D,DOWNLOADED,175346
3iu7__2__3.A__3.B_3.C_3.D,DOWNLOADED,176641
3iu8__1__1.A__1.B_1.C_1.D_1.E,DOWNLOADED,172362
3iu8__2__1.A__1.B_1.C_1.D_1.E,DOWNLOADED,172362
3iu8__2__2.A__2.B_2.C_2.D_2.E,DOWNLOADED,172547
3iu8__2__3.A__3.B_3.C_3.D_3.E,DOWNLOADED,174999
3iu9__1__1.A__1.B_1.C_1.D,DOWNLOADED,174055
3iub__1__1.A__1.H_1.J,DOWNLOADED,169412
3iub__2__1.A__1.H_1.J,DOWNLOADED,169412
3iub__2__1.A__1.K,DOWNLOADED,168646
5iu0__1__1.A_1.B__1.E_1.F,DOWNLOADED,571370
5iu0__1__1.A_1.B__1.O_1.P,DOWNLOADED,571370
5iuv__1__1.A__1.C,DOWNLOADED,304469
5iuv__1__1.B__1.D,DOWNLOADED,305025
5iuv__1__2.A__2.C,DOWNLOADED,306288
5iuv__1__2.B__2.D,DOWNLOADED,304116
4la6__1__1.A__1.B_1.C_1.D,DOWNLOADED,213007
4la6__1__2.A__2.B_2.C_2.D,DOWNLOADED,215763
5la6__1__1.A_1.B__1.G_1.H,DOWNLOADED,538201
5la6__1__1.C_1.D__1.N_1.O,DOWNLOADED,537378
5la6__1__1.D__1.R,DOWNLOADED,268784
5la6__1__1.F__1.S,DOWNLOADED,230842
3jps__1__1.A__1.E_1.F_1.G,DOWNLOADED,209109
4jpg__1__1.B__1.F,DOWNLOADED,304848
6jpr__1__1.A_1.B_1.F__1.M,DOWNLOADED,304817
6jpr__1__1.A_1.B_1.G__1.Q,DOWNLOADED,299340
6jpr__1__1.A_1.B__1.P,DOWNLOADED,204416
6jpr__1__1.B_1.C_1.D__1.T,DOWNLOADED,300644
6jpr__1__1.C_1.K_1.L__1.TA,DOWNLOADED,297604
6jpr__1__1.D_1.E_1.F__1.AA,DOWNLOADED,305766
6jpr__1__1.D__1.V_1.X,DOWNLOADED,106100
6jpr__1__1.E_1.F_1.I__1.DA,DOWNLOADED,305088
6jpr__1__1.E_1.F__1.CA,DOWNLOADED,206841
6jpr__1__1.E_1.I_1.J__1.NA,DOWNLOADED,304395
6jpr__1__1.G_1.H_1.L__1.FA,DOWNLOADED,299681
6jpr__1__1.H_1.I_1.J__1.LA,DOWNLOADED,304954
6jpr__1__1.H__1.HA,DOWNLOADED,105081
6jpr__1__1.J_1.K_1.L__1.QA,DOWNLOADED,302589
6jpr__1__1.J__1.MA,DOWNLOADED,106283
6jpr__1__1.K_1.L__1.SA,DOWNLOADED,202793
1k7w__1__1.A_1.B_1.C__1.G,DOWNLOADED,816951
1k7w__1__1.A_1.B_1.D__1.H,DOWNLOADED,817339
1k7w__1__1.A_1.C_1.D__1.E,DOWNLOADED,819014
1k7w__1__1.B_1.C_1.D__1.F,DOWNLOADED,818224
3k73__1__1.A_1.C__1.K_1.L_1.M,DOWNLOADED,404770
3k73__1__1.B_1.D__1.H_1.I,DOWNLOADED,407108
3k73__1__1.B_1.D__1.N_1.O_1.P,DOWNLOADED,407554
7k73__1__1.A__1.E_1.G,DOWNLOADED,160553
1kug__1__1.A_1.B__1.B_1.C,DOWNLOADED,130771
1kug__2__1.A_1.B__1.B_1.C,DOWNLOADED,130771
1kug__2__2.A_2.B__2.B_2.C,DOWNLOADED,133427
1kuk__1__1.A_1.B__1.B_1.C,DOWNLOADED,131189
3kuc__1__1.A__1.C_1.D,DOWNLOADED,108934
3kud__1__1.A__1.C_1.D,DOWNLOADED,109737
4kux__1__1.A__1.E_1.F_1.G_1.H,DOWNLOADED,198930
4kux__1__1.B__1.I_1.K_1.L_1.M,DOWNLOADED,199213
4kux__2__1.C__1.N_1.O_1.P_1.R,DOWNLOADED,201978
4kux__2__1.D__1.S_1.T_1.U_1.V,DOWNLOADED,199820
5kut__3__1.C__1.H_1.I,DOWNLOADED,100020
6ku1__1__1.A__1.E,DOWNLOADED,277925
6ku1__2__1.B__1.L,DOWNLOADED,279293
6ku6__1__1.A__1.C_1.D,DOWNLOADED,294954
6ku6__2__1.B__1.E_1.F,DOWNLOADED,295483
1l2s__1__1.A__1.C,DOWNLOADED,218383
1l2s__2__1.B__1.D,DOWNLOADED,220990
4l2o__1__1.B__1.M,DOWNLOADED,281001
5l2o__1__1.A__1.I,DOWNLOADED,308841
5l2o__1__1.B__1.L,DOWNLOADED,307586
5l2o__1__1.C__1.O,DOWNLOADED,303050
5l2o__1__1.D__1.Q,DOWNLOADED,304902
5l2o__2__1.E__1.T,DOWNLOADED,307954
5l2o__2__1.F__1.X,DOWNLOADED,308308
5l2o__2__1.G__1.AA,DOWNLOADED,308999
5l2o__2__1.H__1.DA,DOWNLOADED,308361
7l25__1__1.A__1.C,DOWNLOADED,186772
7l25__2__1.B__1.F,DOWNLOADED,184229
7l26__1__1.A__1.E,DOWNLOADED,179589
7l26__3__1.C__1.G,DOWNLOADED,183973
1ky8__1__1.A__1.C,DOWNLOADED,307782
1ky8__1__3.A__3.C,DOWNLOADED,308229
1kyz__1__1.C__1.H,DOWNLOADED,222806
3kyb__1__1.A__1.C,DOWNLOADED,251254
3kyb__1__1.B__1.E,DOWNLOADED,253103
5ky5__1__1.A_1.B__1.E,DOWNLOADED,468346
5ky7__1__1.A_1.B__1.E,DOWNLOADED,443685
5ky8__1__1.A_1.B__1.D,DOWNLOADED,456375
5ky9__1__1.A_1.B__1.D,DOWNLOADED,435640
3kx2__1__1.A__1.C_1.D,DOWNLOADED,492225
3kx2__2__1.B__1.E_1.F,DOWNLOADED,488063
5kxb__1__1.A__1.H,DOWNLOADED,149237
5kxb__1__1.B__1.K,DOWNLOADED,149172
5kxb__1__1.C__1.N,DOWNLOADED,149560
5kxb__1__1.D__1.Q,DOWNLOADED,149212
5kxc__1__1.A__1.G,DOWNLOADED,151519
5kxc__1__1.C__1.N,DOWNLOADED,151400
5kxd__1__1.A__1.J_1.K,DOWNLOADED,153857
5kxe__1__1.B__1.N_1.Q,DOWNLOADED,150580
5kxe__1__1.D__1.AA_1.X,DOWNLOADED,151555
5kxq__1__1.A__1.G,DOWNLOADED,210837
5kxq__1__1.B__1.J,DOWNLOADED,210218
6kx2__1__1.A__1.B,DOWNLOADED,116059
6kx3__1__1.A__1.B,DOWNLOADED,111540
6kxi__1__1.B__1.J_1.K_1.N,DOWNLOADED,136136
3kc1__1__1.A__1.E,DOWNLOADED,195621
3kc1__1__1.B_1.D__1.H,DOWNLOADED,381860
3kc1__1__1.B__1.F,DOWNLOADED,195086
3kc1__1__1.C__1.G,DOWNLOADED,195710
4kct__1__1.A__1.F,DOWNLOADED,308303
4kct__1__1.B__1.K,DOWNLOADED,306348
4kcu__1__1.B__1.J,DOWNLOADED,308378
4kcv__1__1.A__1.F,DOWNLOADED,308288
4kcv__1__1.B__1.L,DOWNLOADED,306203
4kcw__1__1.B__1.J,DOWNLOADED,310644
5kcm__1__1.A__1.C,DOWNLOADED,333458
5kcm__2__1.B__1.F,DOWNLOADED,336276
6kcp__2__1.E__2.D,DOWNLOADED,56988
6ld9__1__1.A_1.B__1.E,DOWNLOADED,458930
6ld9__1__1.A_1.B__1.F,DOWNLOADED,458930
6ld9__1__1.C_1.D__1.G,DOWNLOADED,453465
6ld9__1__1.C_1.D__1.H,DOWNLOADED,453466
4lhv__1__1.A__1.F_1.G,DOWNLOADED,107162
4lhv__3__1.C__1.J_1.K,DOWNLOADED,103068
4lhv__4__1.D__1.L_1.M,DOWNLOADED,102624
4lhv__5__1.E__1.N_1.O,DOWNLOADED,95954
4lhw__1__1.A__1.F_1.G,DOWNLOADED,112798
4lhw__2__1.B__1.I_1.J,DOWNLOADED,112152
4lhw__3__1.C__1.K_1.L,DOWNLOADED,112042
4lhw__5__1.E__1.O_1.P,DOWNLOADED,111004
3lft__1__1.A__1.C,DOWNLOADED,167418
3lft__2__1.B__1.D,DOWNLOADED,165589
4lfi__1__1.A__1.C_1.D_1.E_1.F,DOWNLOADED,247621
4lfi__1__1.B__1.L_1.M_1.N_1.O,DOWNLOADED,248562
6lf4__1__1.A__1.E_1.F_1.G,DOWNLOADED,136106
6lf4__3__1.C__1.K_1.L_1.M,DOWNLOADED,136570
6lf6__1__1.A__1.B,DOWNLOADED,273857
1kt8__1__1.A_1.B__1.G,DOWNLOADED,455063
1kta__1__1.B__1.H,DOWNLOADED,231896
4kt8__1__1.A_2.A__1.E,DOWNLOADED,373880
4kt8__1__1.A_2.A__2.E,DOWNLOADED,373882
5ktk__1__1.A__1.B,DOWNLOADED,289145
5ktu__1__1.A__1.C,DOWNLOADED,73507
6ktl__1__1.A_1.B__1.G_1.H,DOWNLOADED,447849
6ktl__1__1.C_1.D__1.I_1.J,DOWNLOADED,448126
4m20__1__1.A_1.C_1.D__1.F,DOWNLOADED,215564
1ivc__1__1.A__1.L,DOWNLOADED,295951
1ivc__1__2.A__2.L,DOWNLOADED,296429
2ivi__1__1.A__1.B_1.E,DOWNLOADED,209535
2ivj__1__1.A__1.B_1.E,DOWNLOADED,209025
3ivg__1__1.B__1.P,DOWNLOADED,163691
4iv8__1__1.A__1.C,DOWNLOADED,166715
4iv8__1__1.B__1.E,DOWNLOADED,166842
4ivg__1__1.A__1.B_1.D,DOWNLOADED,318401
4ivg__2__3.A__3.B_3.D,DOWNLOADED,317472
4ivp__1__1.B__1.F,DOWNLOADED,190589
4ivq__1__1.B__1.F,DOWNLOADED,187662
5iv4__1__1.A__1.B,DOWNLOADED,292012
5ivc__1__1.A__1.B_1.C,DOWNLOADED,196977
5ive__1__1.A__1.B_1.C,DOWNLOADED,190594
5ivg__1__1.A__1.E_1.F_1.G_1.H,DOWNLOADED,202375
5ivg__1__1.B__1.J_1.K_1.L_1.M,DOWNLOADED,198965
5ivg__1__2.C__2.O_2.P_2.Q_2.R,DOWNLOADED,200220
5ivg__1__2.D__2.T_2.U_2.V_2.W,DOWNLOADED,202686
5ivg__2__1.A__1.E_1.F_1.G_1.H,DOWNLOADED,202375
5ivg__2__1.B__1.J_1.K_1.L_1.M,DOWNLOADED,198965
5ivg__3__1.C__1.O_1.P_1.Q_1.R,DOWNLOADED,202548
5ivg__3__1.D__1.T_1.U_1.V_1.W,DOWNLOADED,204948
5ivq__1__1.A_1.B__1.C,DOWNLOADED,120336
5ivr__1__1.A_1.B__1.E,DOWNLOADED,121264
5ivv__1__1.A__1.B_1.C,DOWNLOADED,189960
6iv7__1__1.A__1.C,DOWNLOADED,243108
6iv7__1__1.B__1.D,DOWNLOADED,242497
6ivx__1__1.A__1.I,DOWNLOADED,148777
6ivx__2__1.C__1.J,DOWNLOADED,152442
6ivx__3__1.E__1.K,DOWNLOADED,152991
6ivx__4__1.G__1.L,DOWNLOADED,151256
3lij__1__1.A__1.F_1.G,DOWNLOADED,300830
3lin__1__1.A_1.B__1.M,DOWNLOADED,139998
3lin__3__1.E_1.F__1.O,DOWNLOADED,140898
3lin__6__1.K_1.L__1.R,DOWNLOADED,140777
3liq__1__1.A_1.B__1.C,DOWNLOADED,140091
4lii__1__1.A__1.B,DOWNLOADED,297031
6li0__1__1.A__1.B,DOWNLOADED,281057
6lit__1__1.A__1.E,DOWNLOADED,127622
6lit__1__1.B__1.F,DOWNLOADED,127562
6liz__1__1.A__1.B_1.C_1.D,DOWNLOADED,137585
5lkd__1__1.A__1.C,DOWNLOADED,447843
6lkc__1__1.A__1.C_1.D,DOWNLOADED,333392
6lkc__1__1.B__1.F_1.G,DOWNLOADED,336156
6lkg__1__1.B__1.E,DOWNLOADED,196207
6lkg__1__1.C__1.F,DOWNLOADED,196702
6lkj__1__1.A__1.B,DOWNLOADED,188203
6lkk__1__1.A__1.B,DOWNLOADED,372891
1lt8__1__1.A_1.B__1.C_1.D,DOWNLOADED,422955
1lt8__1__2.A_2.B__2.C_2.D,DOWNLOADED,420212
3ltc__1__1.A__1.C,DOWNLOADED,49378
3ltc__1__2.A__2.C,DOWNLOADED,49255
4ltc__1__1.R_1.S__1.CA,DOWNLOADED,277257
4ltc__1__1.Y_1.Z__1.DA,DOWNLOADED,277935
1kvk__1__1.A__1.B_1.C,DOWNLOADED,226429
3kvg__2__1.B__1.F,DOWNLOADED,236718
4kva__1__1.A_1.B__1.E_1.F,DOWNLOADED,328558
4kvd__1__1.B__1.M_1.N_1.O_1.P_1.Q,DOWNLOADED,202234
4kvd__2__1.C__1.S_1.T_1.U_1.V_1.X,DOWNLOADED,199259
4kvd__2__1.D__1.AA_1.BA_1.CA_1.Y_1.Z,DOWNLOADED,202743
4kvg__2__1.C__1.H_1.I,DOWNLOADED,103887
4kvw__1__1.A__1.E_1.F_1.G_1.H_1.I,DOWNLOADED,199822
4kvw__1__1.B__1.J_1.K_1.L_1.M_1.O,DOWNLOADED,200611
4kvw__2__1.C__1.P_1.Q_1.R_1.S_1.U,DOWNLOADED,200265
4kvw__2__1.D__1.V_1.W_1.X_1.Y_1.Z,DOWNLOADED,201303
4kvy__1__1.A__1.E_1.F_1.G_1.H_1.I,DOWNLOADED,202256
4kvy__1__1.B__1.J_1.K_1.L_1.M_1.N,DOWNLOADED,199412
4kvy__2__1.C__1.P_1.Q_1.R_1.S_1.T,DOWNLOADED,202989
4kvy__2__1.D__1.U_1.V_1.W_1.X_1.Y,DOWNLOADED,204884
4kvz__1__1.A__1.B,DOWNLOADED,173117
5kva__1__1.A__1.C_1.D,DOWNLOADED,147579
5kva__1__1.B__1.E,DOWNLOADED,147064
5kvv__1__1.A__1.C_1.E,DOWNLOADED,195881
5kvv__1__1.B__1.F_1.H,DOWNLOADED,197815
6kvj__1__1.A__1.B,DOWNLOADED,286106
1lv5__1__1.E__1.G_1.H_1.J,DOWNLOADED,379664
1lv5__2__1.F__1.K_1.M,DOWNLOADED,376243
3lvf__1__1.A_1.D__1.E,DOWNLOADED,403556
3lvf__1__1.A_1.D__1.H,DOWNLOADED,403633
3lvf__1__1.B_1.C__1.F,DOWNLOADED,400320
3lvf__1__1.B_1.C__1.G,DOWNLOADED,400397
4lv5__1__1.B__1.I,DOWNLOADED,261963
2eeq__1__1.A__1.D,DOWNLOADED,167325
2eer__1__1.A_1.B__1.D,DOWNLOADED,419150
2eer__1__1.A_1.B__1.F,DOWNLOADED,419151
2eer__1__2.A_2.B__2.D,DOWNLOADED,421061
2eer__1__2.A_2.B__2.F,DOWNLOADED,421059
3eei__1__1.A_1.B__1.C,DOWNLOADED,277527
3eei__1__1.A_1.B__1.D,DOWNLOADED,277529
3eey__1__1.A__1.K,DOWNLOADED,124353
3eey__1__1.C__1.S,DOWNLOADED,121793
3eey__2__1.B__1.P,DOWNLOADED,124967
3eey__2__1.D__1.U,DOWNLOADED,120312
3eey__3__1.H__1.Y,DOWNLOADED,118918
3eey__4__1.F__1.W,DOWNLOADED,123158
3eey__4__1.I__1.AA,DOWNLOADED,120464
4ee1__1__1.A__1.B_1.D_1.E,DOWNLOADED,209656
4eeh__1__1.A__1.B,DOWNLOADED,130703
4eeh__2__1.A_2.A__1.B,DOWNLOADED,255969
4eeh__2__1.A_2.A__2.B,DOWNLOADED,255969
4eet__1__1.B__1.D,DOWNLOADED,72248
4eet__2__1.A__1.C,DOWNLOADED,74376
5ee5__1__1.B__1.P_1.Q_1.T,DOWNLOADED,106767
5eeu__1__1.A_1.B__1.X,DOWNLOADED,85160
5eeu__1__1.A_1.K__1.HA,DOWNLOADED,84592
5eeu__1__1.B_1.C__1.Y,DOWNLOADED,84887
5eeu__1__1.C_1.D__1.Z,DOWNLOADED,84667
5eeu__1__1.D_1.E__1.AA,DOWNLOADED,83702
5eeu__1__1.F_1.G__1.CA,DOWNLOADED,83669
5eeu__1__1.H_1.I__1.EA,DOWNLOADED,81905
5eeu__1__1.I_1.J__1.FA,DOWNLOADED,82214
5eeu__1__1.J_1.K__1.GA,DOWNLOADED,82920
5eeu__2__1.L_1.M__1.JA,DOWNLOADED,84639
5eeu__2__1.L_1.V__1.IA,DOWNLOADED,85871
5eeu__2__1.M_1.N__1.KA,DOWNLOADED,84642
5eeu__2__1.N_1.O__1.LA,DOWNLOADED,85685
5eeu__2__1.O_1.P__1.MA,DOWNLOADED,85976
5eeu__2__1.P_1.Q__1.NA,DOWNLOADED,85788
5eeu__2__1.Q_1.R__1.OA,DOWNLOADED,85823
5eeu__2__1.R_1.S__1.PA,DOWNLOADED,86476
5eeu__2__1.S_1.T__1.QA,DOWNLOADED,87096
5eeu__2__1.T_1.U__1.RA,DOWNLOADED,87142
5eeu__2__1.U_1.V__1.SA,DOWNLOADED,86829
5eev__1__1.A_1.B__1.X,DOWNLOADED,85161
5eev__1__1.A_1.K__1.HA,DOWNLOADED,84593
5eev__1__1.B_1.C__1.Y,DOWNLOADED,84887
5eev__1__1.C_1.D__1.Z,DOWNLOADED,84666
5eev__1__1.D_1.E__1.AA,DOWNLOADED,83701
5eev__1__1.F_1.G__1.CA,DOWNLOADED,83668
5eev__1__1.H_1.I__1.EA,DOWNLOADED,81904
5eev__1__1.I_1.J__1.FA,DOWNLOADED,82215
5eev__1__1.J_1.K__1.GA,DOWNLOADED,82921
5eev__2__1.L_1.M__1.JA,DOWNLOADED,84639
5eev__2__1.L_1.V__1.IA,DOWNLOADED,85874
5eev__2__1.M_1.N__1.KA,DOWNLOADED,84642
5eev__2__1.N_1.O__1.LA,DOWNLOADED,85685
5eev__2__1.O_1.P__1.MA,DOWNLOADED,85977
5eev__2__1.P_1.Q__1.NA,DOWNLOADED,85872
5eev__2__1.Q_1.R__1.OA,DOWNLOADED,85825
5eev__2__1.R_1.S__1.PA,DOWNLOADED,86477
5eev__2__1.S_1.T__1.QA,DOWNLOADED,87096
5eev__2__1.T_1.U__1.RA,DOWNLOADED,87142
5eev__2__1.U_1.V__1.SA,DOWNLOADED,86832
5eew__1__1.A_1.B__1.X,DOWNLOADED,85161
5eew__1__1.A_1.K__1.HA,DOWNLOADED,84592
5eew__1__1.B_1.C__1.Y,DOWNLOADED,84887
5eew__1__1.C_1.D__1.Z,DOWNLOADED,84666
5eew__1__1.D_1.E__1.AA,DOWNLOADED,83700
5eew__1__1.F_1.G__1.CA,DOWNLOADED,83669
5eew__1__1.H_1.I__1.EA,DOWNLOADED,81905
5eew__1__1.I_1.J__1.FA,DOWNLOADED,82215
5eew__1__1.J_1.K__1.GA,DOWNLOADED,82920
5eew__2__1.L_1.M__1.JA,DOWNLOADED,84640
5eew__2__1.L_1.V__1.IA,DOWNLOADED,85876
5eew__2__1.M_1.N__1.KA,DOWNLOADED,84642
5eew__2__1.N_1.O__1.LA,DOWNLOADED,85685
5eew__2__1.O_1.P__1.MA,DOWNLOADED,85977
5eew__2__1.P_1.Q__1.NA,DOWNLOADED,85872
5eew__2__1.Q_1.R__1.OA,DOWNLOADED,85825
5eew__2__1.R_1.S__1.PA,DOWNLOADED,86477
5eew__2__1.S_1.T__1.QA,DOWNLOADED,87096
5eew__2__1.T_1.U__1.RA,DOWNLOADED,87142
5eew__2__1.U_1.V__1.SA,DOWNLOADED,86833
5eex__1__1.A_1.B__1.X,DOWNLOADED,85161
5eex__1__1.A_1.K__1.HA,DOWNLOADED,84592
5eex__1__1.B_1.C__1.Y,DOWNLOADED,84887
5eex__1__1.C_1.D__1.Z,DOWNLOADED,84666
5eex__1__1.D_1.E__1.AA,DOWNLOADED,83701
5eex__1__1.F_1.G__1.CA,DOWNLOADED,83671
5eex__1__1.H_1.I__1.EA,DOWNLOADED,81906
5eex__1__1.I_1.J__1.FA,DOWNLOADED,82215
5eex__1__1.J_1.K__1.GA,DOWNLOADED,82920
5eex__2__1.L_1.M__1.JA,DOWNLOADED,84641
5eex__2__1.L_1.V__1.IA,DOWNLOADED,85877
5eex__2__1.M_1.N__1.KA,DOWNLOADED,84642
5eex__2__1.N_1.O__1.LA,DOWNLOADED,85685
5eex__2__1.O_1.P__1.MA,DOWNLOADED,85977
5eex__2__1.P_1.Q__1.NA,DOWNLOADED,85872
5eex__2__1.Q_1.R__1.OA,DOWNLOADED,85826
5eex__2__1.R_1.S__1.PA,DOWNLOADED,86477
5eex__2__1.S_1.T__1.QA,DOWNLOADED,87096
5eex__2__1.T_1.U__1.RA,DOWNLOADED,87142
5eex__2__1.U_1.V__1.SA,DOWNLOADED,86833
5eey__1__1.A_1.B__1.X,DOWNLOADED,85162
5eey__1__1.A_1.K__1.HA,DOWNLOADED,84592
5eey__1__1.B_1.C__1.Y,DOWNLOADED,84888
5eey__1__1.C_1.D__1.Z,DOWNLOADED,84667
5eey__1__1.D_1.E__1.AA,DOWNLOADED,83701
5eey__1__1.F_1.G__1.CA,DOWNLOADED,83673
5eey__1__1.H_1.I__1.EA,DOWNLOADED,81906
5eey__1__1.I_1.J__1.FA,DOWNLOADED,82216
5eey__1__1.J_1.K__1.GA,DOWNLOADED,82919
5eey__2__1.L_1.M__1.JA,DOWNLOADED,84639
5eey__2__1.L_1.V__1.IA,DOWNLOADED,85877
5eey__2__1.M_1.N__1.KA,DOWNLOADED,84639
5eey__2__1.N_1.O__1.LA,DOWNLOADED,85684
5eey__2__1.O_1.P__1.MA,DOWNLOADED,85979
5eey__2__1.P_1.Q__1.NA,DOWNLOADED,85875
5eey__2__1.Q_1.R__1.OA,DOWNLOADED,85827
5eey__2__1.R_1.S__1.PA,DOWNLOADED,86477
5eey__2__1.S_1.T__1.QA,DOWNLOADED,87096
5eey__2__1.T_1.U__1.RA,DOWNLOADED,87142
5eey__2__1.U_1.V__1.SA,DOWNLOADED,86909
5eez__1__1.A_1.B__1.X,DOWNLOADED,85163
5eez__1__1.A_1.K__1.HA,DOWNLOADED,84591
5eez__1__1.B_1.C__1.Y,DOWNLOADED,84888
5eez__1__1.C_1.D__1.Z,DOWNLOADED,84667
5eez__1__1.D_1.E__1.AA,DOWNLOADED,83701
5eez__1__1.F_1.G__1.CA,DOWNLOADED,83673
5eez__1__1.H_1.I__1.EA,DOWNLOADED,81906
5eez__1__1.I_1.J__1.FA,DOWNLOADED,82213
5eez__1__1.J_1.K__1.GA,DOWNLOADED,82916
5eez__2__1.L_1.M__1.JA,DOWNLOADED,84639
5eez__2__1.L_1.V__1.IA,DOWNLOADED,85877
5eez__2__1.M_1.N__1.KA,DOWNLOADED,84639
5eez__2__1.N_1.O__1.LA,DOWNLOADED,85684
5eez__2__1.O_1.P__1.MA,DOWNLOADED,85979
5eez__2__1.P_1.Q__1.NA,DOWNLOADED,85875
5eez__2__1.Q_1.R__1.OA,DOWNLOADED,85827
5eez__2__1.R_1.S__1.PA,DOWNLOADED,86477
5eez__2__1.S_1.T__1.QA,DOWNLOADED,87096
5eez__2__1.T_1.U__1.RA,DOWNLOADED,87142
5eez__2__1.U_1.V__1.SA,DOWNLOADED,86909
6ee2__1__1.A_1.F__1.FB_1.GB_1.HB,DOWNLOADED,628734
6ee2__1__1.A__1.M_1.N_1.O_1.W,DOWNLOADED,324175
6ee2__1__1.B__1.AA_1.Y_1.Z,DOWNLOADED,322520
6ee2__1__1.C_1.D__1.FA_1.GA_1.HA,DOWNLOADED,638115
6ee2__1__1.D__1.MA_1.NA_1.OA,DOWNLOADED,321611
6ee2__1__1.E__1.WA_1.XA_1.YA,DOWNLOADED,320827
6ee2__2__1.G_1.L__1.FD_1.GD_1.HD,DOWNLOADED,638625
6ee2__2__1.G_1.L__1.MB_1.NB_1.ND_1.OB,DOWNLOADED,639224
6ee2__2__1.I_1.J__1.CC_1.DC_1.EC,DOWNLOADED,636398
6ee2__2__1.I_1.J__1.MC_1.NC_1.OC,DOWNLOADED,636284
6ee2__2__1.K__1.TC_1.UC_1.VC,DOWNLOADED,319206
6ee3__1__1.A__1.B_1.C,DOWNLOADED,582983
6ee6__1__1.A__1.B_1.C_1.F,DOWNLOADED,592039
6eew__1__1.A_1.B__1.E,DOWNLOADED,609073
6eew__1__1.A_1.B__1.G,DOWNLOADED,609091
6eew__2__1.C_1.D__1.I,DOWNLOADED,598152
3m1i__1__1.A__1.D_1.E,DOWNLOADED,133146
4m10__1__1.A__1.L,DOWNLOADED,361893
4m10__1__1.B__1.P,DOWNLOADED,361812
4m10__2__1.C__1.V,DOWNLOADED,355513
4m10__2__1.D__1.AA,DOWNLOADED,357371
2ji6__1__1.A__1.E_1.G,DOWNLOADED,340225
2ji6__1__2.A__2.E_2.G,DOWNLOADED,339941
2ji9__1__1.A_1.B__1.C_1.D,DOWNLOADED,649613
2ji9__1__1.A_1.B__1.G_1.H,DOWNLOADED,649690
2ji9__1__1.A__1.E,DOWNLOADED,332168
2ji9__1__1.B__1.I,DOWNLOADED,328239
2ji9__1__2.A_2.B__2.C_2.D,DOWNLOADED,655703
2ji9__1__2.A_2.B__2.G_2.H,DOWNLOADED,655814
2ji9__1__2.A__2.E,DOWNLOADED,331833
2ji9__1__2.B__2.I,DOWNLOADED,334848
2jib__1__1.A__1.E_1.G,DOWNLOADED,339865
2jib__1__1.B__1.J_1.L,DOWNLOADED,336695
2jib__1__2.A__2.E_2.G,DOWNLOADED,339992
2jib__1__2.B__2.J_2.L,DOWNLOADED,343452
4jic__1__1.A__1.D_1.E,DOWNLOADED,225333
4jic__2__1.B__1.G,DOWNLOADED,226599
4jic__3__1.C__1.I,DOWNLOADED,226024
5jiu__1__1.B__1.D,DOWNLOADED,134666
6jig__1__1.A_3.A__1.B,DOWNLOADED,538648
6jig__1__1.A_4.A__4.B,DOWNLOADED,538082
6jig__1__5.A_7.A__5.B,DOWNLOADED,532485
6jig__1__5.A_8.A__8.B,DOWNLOADED,538400
6jil__1__1.A__1.F_1.G_1.H_1.I,DOWNLOADED,185735
6jil__2__1.B__1.L_1.M_1.N_1.O,DOWNLOADED,185943
6jil__3__1.C__1.R_1.S_1.T_1.U,DOWNLOADED,185961
6jil__4__1.D__1.AA_1.W_1.X_1.Y_1.Z,DOWNLOADED,186679
7jid__1__1.B__1.K,DOWNLOADED,184179
3lbi__1__1.A__1.B_1.D,DOWNLOADED,109572
3lbi__2__1.A_2.A__2.B_2.D,DOWNLOADED,211982
3lbi__2__1.A_3.A__1.B_1.D,DOWNLOADED,211900
3lbi__2__2.A_3.A__3.B_3.D,DOWNLOADED,210787
5lb3__1__1.A__1.D_1.E,DOWNLOADED,272957
5lb5__1__1.A__1.G_1.H,DOWNLOADED,271848
5lb5__2__1.B__1.K_1.L,DOWNLOADED,270399
5lb5__3__1.C__1.N_1.O,DOWNLOADED,268743
5lb5__4__1.D__1.R_1.S,DOWNLOADED,276317
1kl3__1__1.A_1.D__1.E,DOWNLOADED,143696
1kl3__1__1.B_1.C__1.F,DOWNLOADED,143013
1kl5__1__1.B_1.C__1.F,DOWNLOADED,142083
4kl9__1__1.A__1.B,DOWNLOADED,102662
5klk__1__1.C__1.K,DOWNLOADED,306181
5klm__1__1.A__1.E,DOWNLOADED,304916
5klm__1__1.B__1.G,DOWNLOADED,305686
5klm__1__1.C__1.I,DOWNLOADED,304588
5klm__1__1.D__1.K,DOWNLOADED,305612
5kln__1__1.A__1.E,DOWNLOADED,304805
5kln__1__1.B__1.G,DOWNLOADED,306179
5kln__1__1.C__1.I,DOWNLOADED,305783
5kln__1__1.D__1.K,DOWNLOADED,304446
4mcb__1__1.A_1.B__1.H,DOWNLOADED,273812
4mcc__1__1.A_1.B__1.C,DOWNLOADED,268472
4mcc__1__1.A_1.B__1.D,DOWNLOADED,268469
4mcd__1__1.A__1.B,DOWNLOADED,149586
3lw7__1__1.B__1.C,DOWNLOADED,108929
3lwl__1__1.A__1.D_1.E,DOWNLOADED,344492
3lwm__1__1.A__1.D_1.J_1.Q,DOWNLOADED,348076
4lwf__1__1.A__1.B,DOWNLOADED,132363
4lwg__1__1.A__1.B,DOWNLOADED,132613
4lwi__1__1.A__1.B,DOWNLOADED,133926
5lwp__1__1.A__1.B,DOWNLOADED,159863
5lwv__1__1.A__1.B,DOWNLOADED,447227
1me8__1__1.A_3.A__1.D,DOWNLOADED,432130
1me8__1__1.A_4.A__4.D,DOWNLOADED,433681
1me9__1__1.A__1.C,DOWNLOADED,217723
4mes__1__1.A__1.E_1.L,DOWNLOADED,110670
5mem__1__1.A__1.C,DOWNLOADED,522691
5mem__1__2.A__2.C,DOWNLOADED,524723
1l8b__1__1.A__1.C,DOWNLOADED,116818
1l8b__2__1.B__1.D,DOWNLOADED,123568
3l8k__1__1.B_2.B__1.E,DOWNLOADED,545017
3l8k__1__1.B_2.B__2.E,DOWNLOADED,545017
3l8y__1__1.A__1.B_1.C,DOWNLOADED,109389
5l8c__1__1.A__1.I,DOWNLOADED,212138
5l8t__1__1.A__1.B,DOWNLOADED,76826
3k57__1__1.A__1.D_1.E_1.F,DOWNLOADED,505039
3k58__1__1.A__1.D_1.E_1.F,DOWNLOADED,504138
3k59__1__1.A__1.D_1.E_1.F,DOWNLOADED,504763
3k5m__1__1.A__1.D_1.E_1.F,DOWNLOADED,500670
3k5v__1__1.A__1.C,DOWNLOADED,185167
3k5x__1__1.A__1.B_1.C_1.D,DOWNLOADED,242575
3k5x__2__2.A__2.B_2.C_2.D,DOWNLOADED,242110
4k5r__1__1.A__1.C,DOWNLOADED,294232
4k5r__1__2.A__2.C,DOWNLOADED,295644
4k5r__2__1.B__1.D,DOWNLOADED,296094
4k5r__2__2.B__2.D,DOWNLOADED,300276
5k55__1__1.A_4.A__1.B,DOWNLOADED,695211
5k55__1__1.A_4.A__4.B,DOWNLOADED,695213
5k55__1__2.A_3.A__2.B,DOWNLOADED,698216
5k55__1__2.A_3.A__3.B,DOWNLOADED,698214
6k5o__1__1.A__1.C,DOWNLOADED,152930
3itj__1__1.A_2.D__1.E,DOWNLOADED,366971
3itj__1__1.A_2.D__2.M,DOWNLOADED,366755
3itj__2__1.B_1.C__1.G,DOWNLOADED,371677
4itl__1__1.A__1.B,DOWNLOADED,203647
4itm__1__1.A__1.B_1.D_1.E,DOWNLOADED,208500
4itx__1__1.A_2.A__1.C,DOWNLOADED,469346
4itx__1__1.A_2.A__2.C,DOWNLOADED,469345
4itx__1__1.B_2.B__1.E,DOWNLOADED,472210
4itx__1__1.B_2.B__2.E,DOWNLOADED,472209
5it1__1__1.A__1.F,DOWNLOADED,242228
5it1__2__1.B__1.H,DOWNLOADED,244651
5it1__3__1.C__1.J,DOWNLOADED,242201
5it1__4__1.D__1.L,DOWNLOADED,242395
5ito__1__1.A__1.F,DOWNLOADED,156952
5ito__2__1.B__1.K,DOWNLOADED,158327
5itp__1__1.A__1.C,DOWNLOADED,156845
5itp__2__1.B__1.L,DOWNLOADED,159171
5itv__2__1.D__1.H,DOWNLOADED,139255
5itz__1__1.A_1.B__1.E_1.F,DOWNLOADED,536494
5itz__1__1.B__1.G,DOWNLOADED,267540
6ite__1__1.A_1.B__1.E_1.F,DOWNLOADED,407882
6ite__1__1.A_1.B__1.G_1.H,DOWNLOADED,407808
6ite__1__1.C_1.D__1.J_1.K,DOWNLOADED,412244
6ite__1__1.C_1.D__1.L_1.M,DOWNLOADED,412391
6itk__1__1.A__1.C_1.D,DOWNLOADED,196272
6itk__1__1.B__1.E_1.F,DOWNLOADED,194206
3lc1__1__1.A_1.D__1.E,DOWNLOADED,402416
3lc1__1__1.A_1.D__1.I,DOWNLOADED,402420
3lc1__1__1.B_1.C__1.G,DOWNLOADED,400506
3lc1__1__1.B_1.C__1.H,DOWNLOADED,400583
5lca__1__1.A__1.D,DOWNLOADED,135318
5lcf__1__1.A__1.E,DOWNLOADED,135076
5lch__1__1.A__1.D,DOWNLOADED,140295
5lcu__1__1.A_1.B__1.C,DOWNLOADED,458252
3k99__1__1.A__1.E,DOWNLOADED,137867
3k99__2__1.B__1.F,DOWNLOADED,137176
3k99__3__1.C__1.G,DOWNLOADED,136778
3k99__4__1.D__1.H,DOWNLOADED,137233
3k99__5__2.A__2.E,DOWNLOADED,137736
3k99__5__2.C__2.G,DOWNLOADED,136214
3k9q__1__1.B_1.D__1.L,DOWNLOADED,404740
4k97__1__1.A__1.E_1.F_1.G,DOWNLOADED,239037
4k9d__2__1.B_1.G__1.L,DOWNLOADED,396945
4k9d__2__1.C_1.F__1.R,DOWNLOADED,395895
4k9l__1__1.A_2.A__1.B_1.C_1.G,DOWNLOADED,625780
4k9l__1__1.A_2.A__2.B_2.C_2.G,DOWNLOADED,625777
4k9l__1__3.A_4.A__3.B_3.C_3.G,DOWNLOADED,618433
4k9l__1__3.A_4.A__4.B_4.C_4.G,DOWNLOADED,618430
4k9p__1__1.A_1.C__1.E_1.F,DOWNLOADED,629340
4k9p__1__1.A_1.C__1.O_1.P,DOWNLOADED,629265
4k9p__1__1.B_1.D__1.K_1.L,DOWNLOADED,624570
4k9p__1__1.B_1.D__1.R_1.S,DOWNLOADED,624568
4k9q__1__1.A_2.A__1.C_1.D,DOWNLOADED,648928
4k9q__1__1.A_2.A__2.C_2.D,DOWNLOADED,648929
6k9a__1__1.A__1.B_1.D,DOWNLOADED,181780
6k9t__1__1.A__1.B,DOWNLOADED,217881
6k9z__1__1.A_1.B__1.G,DOWNLOADED,390497
2jcb__1__1.A__1.C_1.D_1.E,DOWNLOADED,129217
2jcb__2__1.B__1.F_1.G_1.H,DOWNLOADED,126315
2jcs__1__1.A__1.C_1.D,DOWNLOADED,132197
2jcs__1__1.B__1.E_1.F,DOWNLOADED,132371
4jch__1__1.A__1.C,DOWNLOADED,278004
4jch__1__1.B__1.D,DOWNLOADED,274898
5jcb__1__1.A_1.B__1.R,DOWNLOADED,552028
5jcb__1__1.C_1.D__1.T_1.U,DOWNLOADED,540327
5jcb__1__1.D__1.BA_1.CA,DOWNLOADED,266460
5jcb__1__1.F__1.IA_1.JA,DOWNLOADED,210156
5jci__1__1.A__1.B,DOWNLOADED,267203
5jcp__1__1.A__1.C_1.D_1.E,DOWNLOADED,226399
6jcj__1__1.A_1.B__1.G_1.H,DOWNLOADED,551427
6jcj__1__1.A_1.B__1.L,DOWNLOADED,550424
6jcj__1__1.B_1.C__1.J_1.K,DOWNLOADED,550927
6jcj__1__1.C_1.D__1.M_1.N,DOWNLOADED,549458
6jcj__1__1.C_1.D__1.Q,DOWNLOADED,548374
6jcl__1__1.A__1.I,DOWNLOADED,130794
6jcl__1__1.B__1.N,DOWNLOADED,132235
6jcl__2__1.C__1.T,DOWNLOADED,130339
6jcl__2__1.D__1.V,DOWNLOADED,127785
6jcl__4__1.G__1.GA,DOWNLOADED,132324
6jcl__4__1.H__1.IA,DOWNLOADED,130078
6jcu__1__1.A__1.E_1.F,DOWNLOADED,227542
2imi__1__1.A_1.B__1.C,DOWNLOADED,275927
2imi__1__1.A_1.B__1.D,DOWNLOADED,276001
2im0__1__1.A__1.C,DOWNLOADED,304397
2im1__1__1.A__1.B_1.C_1.D_1.F,DOWNLOADED,304775
2im2__1__1.A__1.C,DOWNLOADED,304393
2iml__1__1.A_1.C__1.E,DOWNLOADED,238096
3imd__1__1.A__1.C,DOWNLOADED,68311
3imd__2__1.B__1.H,DOWNLOADED,69299
3imj__2__1.B__1.D,DOWNLOADED,67097
4imf__1__1.A__1.C,DOWNLOADED,182466
4imf__1__1.B__1.I,DOWNLOADED,182721
4imf__1__2.A__2.C,DOWNLOADED,183053
4imf__1__2.B__2.I,DOWNLOADED,183012
4img__1__1.A_1.B__1.C,DOWNLOADED,359840
4img__1__1.B__1.I,DOWNLOADED,183455
4img__1__2.A_2.B__2.C,DOWNLOADED,360805
4img__1__2.B__2.I,DOWNLOADED,183680
4imr__1__1.A__1.C,DOWNLOADED,157351
4imr__1__2.A__2.C,DOWNLOADED,155783
5ime__1__1.A__1.C,DOWNLOADED,176891
5ime__2__1.B__1.D,DOWNLOADED,178324
5imi__1__1.A__1.E_1.F_1.G_1.H_1.I,DOWNLOADED,201068
5imi__1__2.B__2.K_2.L_2.M_2.N_2.O,DOWNLOADED,202465
5imi__2__1.C__1.P_1.Q_1.R_1.S_1.T,DOWNLOADED,201990
5imi__2__2.D__2.U_2.V_2.W_2.X_2.Y,DOWNLOADED,206507
5imi__3__1.B__1.K_1.L_1.M_1.N_1.O,DOWNLOADED,201164
5imi__3__1.D__1.U_1.V_1.W_1.X_1.Y,DOWNLOADED,201031
5imi__3__2.A__2.E_2.F_2.G_2.H_2.I,DOWNLOADED,204065
5imi__3__2.C__2.P_2.Q_2.R_2.S_2.T,DOWNLOADED,201965
5imp__1__1.A__1.E_1.F_1.G_1.H_1.I,DOWNLOADED,196676
5imp__1__2.B__2.K_2.L_2.M_2.N_2.O,DOWNLOADED,196993
5imp__2__1.C__1.P_1.Q_1.R_1.S_1.T,DOWNLOADED,197190
5imp__2__2.D__2.AA_2.W_2.X_2.Y_2.Z,DOWNLOADED,200508
5imp__3__1.B__1.K_1.L_1.M_1.N_1.O,DOWNLOADED,198661
5imp__3__1.D__1.AA_1.W_1.X_1.Y_1.Z,DOWNLOADED,199896
5imp__3__2.A__2.E_2.F_2.G_2.H_2.I,DOWNLOADED,202562
5imp__3__2.C__2.P_2.Q_2.R_2.S_2.T,DOWNLOADED,202020
5ims__1__1.A_1.B__1.D,DOWNLOADED,676988
5ims__1__1.A_1.B__1.L,DOWNLOADED,676917
6im3__1__1.A__1.G_1.H,DOWNLOADED,147152
6im3__1__1.B__1.O_1.P,DOWNLOADED,148070
6im3__2__1.F__1.HA_1.IA,DOWNLOADED,146572
6im3__2__2.C__2.W_2.X,DOWNLOADED,145026
6im3__3__1.E__1.EA_1.FA,DOWNLOADED,147594
6im3__3__2.D__2.AA_2.Z,DOWNLOADED,147787
3l6j__1__1.A__1.C,DOWNLOADED,116205
3l6j__2__1.B__1.D,DOWNLOADED,117534
3l6j__3__1.A_2.A__1.C,DOWNLOADED,226868
3l6j__3__1.A_3.A__3.C,DOWNLOADED,226986
3l6j__3__2.A_3.A__2.C,DOWNLOADED,228370
3l6j__3__3.B__3.D,DOWNLOADED,118126
7l6c__1__1.A__1.E,DOWNLOADED,164840
7l6s__1__1.A_2.A__1.B_1.C,DOWNLOADED,493571
7l6s__1__1.A_2.A__2.B_2.C,DOWNLOADED,493508
4mdh__1__1.B__1.E_1.F,DOWNLOADED,206074
1mdu__1__1.B__1.H_1.J,DOWNLOADED,226815
1mdu__1__2.B__2.H_2.J,DOWNLOADED,229578
1mdu__2__1.D__1.M_1.N,DOWNLOADED,226924
1mdu__2__2.D__2.M_2.N,DOWNLOADED,230063
4mdn__1__1.A__1.B,DOWNLOADED,64208
4lu3__1__1.A__1.C_1.D_1.H,DOWNLOADED,169395
4lum__1__1.A__1.C_1.D,DOWNLOADED,120818
4lum__1__1.B__1.E_1.F,DOWNLOADED,122170
4lut__1__1.A_1.B__1.C,DOWNLOADED,466527
4lut__1__1.A_1.B__1.D,DOWNLOADED,466448
5lu5__1__1.A_1.B_1.C__1.I,DOWNLOADED,331420
5lu6__1__1.A_1.B_1.D__1.E,DOWNLOADED,337140
3ko8__1__1.A__1.B,DOWNLOADED,186405
3ko8__1__2.A__2.B,DOWNLOADED,186844
4ko0__1__1.A_1.B__1.C,DOWNLOADED,629891
4ko8__1__1.A_1.B__1.C_1.D,DOWNLOADED,558819
4ko8__1__1.A_2.B__2.E_2.F,DOWNLOADED,558089
4ko8__1__1.B_3.A__1.E_1.F,DOWNLOADED,562734
4ko8__1__2.A_2.B__2.C_2.D,DOWNLOADED,560818
4ko8__1__2.A_3.B__3.E_3.F,DOWNLOADED,566182
4ko8__1__3.A_3.B__3.C_3.D,DOWNLOADED,566926
5koz__1__1.A_1.B__1.M_1.N_1.O,DOWNLOADED,1075982
5koz__1__1.A_1.B__1.P_1.Q_1.R,DOWNLOADED,1075823
5koz__1__1.C_1.D__1.S_1.T_1.U,DOWNLOADED,1084958
5koz__1__1.C_1.D__1.V_1.W_1.X,DOWNLOADED,1085042
5koz__1__1.E_1.F__1.AA_1.Y_1.Z,DOWNLOADED,1086658
5koz__1__1.E_1.F__1.BA_1.CA_1.DA,DOWNLOADED,1086570
5koz__2__1.G_1.H__1.EA_1.FA_1.GA,DOWNLOADED,1074842
5koz__2__1.G_1.H__1.HA_1.IA_1.JA,DOWNLOADED,1074609
5koz__2__1.I_1.J__1.KA_1.LA_1.MA,DOWNLOADED,1070720
5koz__2__1.I_1.J__1.NA_1.OA_1.PA,DOWNLOADED,1070631
5koz__2__1.K_1.L__1.QA_1.RA_1.SA,DOWNLOADED,1077205
5koz__2__1.K_1.L__1.TA_1.UA_1.VA,DOWNLOADED,1077437
6ko6__1__1.A__1.B_1.C,DOWNLOADED,221141
1lj8__1__1.A__1.B,DOWNLOADED,308380
4lj5__1__1.A__1.B,DOWNLOADED,203719
5ljw__2__1.B__1.E_1.F,DOWNLOADED,206783
6lj0__1__1.A__1.B_1.C_1.D,DOWNLOADED,137095
6lj1__1__1.A__1.B_1.C_1.D,DOWNLOADED,137455
6lj4__1__1.A__1.B_1.C_1.D,DOWNLOADED,136285
6lj6__1__1.A__1.B_1.C_1.D,DOWNLOADED,137262
6lj7__1__1.A__1.B_1.C_1.D,DOWNLOADED,136861
6lj8__1__1.A__1.B_1.F_1.G,DOWNLOADED,136207
3m4j__1__1.A_2.A__1.B,DOWNLOADED,419295
3m4j__1__1.A_3.A__3.B,DOWNLOADED,415233
3m4j__1__2.A_3.A__2.B,DOWNLOADED,417812
5m45__1__1.B__1.S_1.T_1.U,DOWNLOADED,450809
5m45__1__1.E__1.FA_1.GA_1.HA,DOWNLOADED,439474
5m45__2__1.H__1.SA_1.TA,DOWNLOADED,454093
5m45__2__1.K__1.FB_1.GB_1.HB,DOWNLOADED,449988
5mf4__1__1.A_1.B__1.G_1.H,DOWNLOADED,539944
5mf4__1__1.B_1.C__1.L_1.M,DOWNLOADED,541899
5mf4__1__1.C_1.D__1.P_1.Q,DOWNLOADED,544319
5mf4__1__1.D__1.S_1.T,DOWNLOADED,271560
5mf4__1__1.F__1.W_1.X,DOWNLOADED,217198
5mfv__1__1.A__1.E,DOWNLOADED,160834
5mfv__1__1.B__1.I,DOWNLOADED,159040
3l79__1__1.A__1.B,DOWNLOADED,524752
3l79__1__2.A__2.B,DOWNLOADED,526792
3l7a__1__1.A__1.B,DOWNLOADED,526205
3l7a__1__2.A__2.B,DOWNLOADED,528166
3l7b__1__1.A__1.B,DOWNLOADED,524151
3l7b__1__2.A__2.B,DOWNLOADED,526222
3l7d__1__1.A__1.B,DOWNLOADED,524663
3l7d__1__2.A__2.B,DOWNLOADED,526813
4l78__1__1.A__1.B_1.C_1.D_1.E,DOWNLOADED,806395
4l7b__1__1.A_1.B__1.G,DOWNLOADED,357943
4l7c__1__1.A__1.D_1.E,DOWNLOADED,183168
4l7c__1__1.B__1.F_1.G_1.H,DOWNLOADED,181929
4l7c__1__1.C__1.I_1.J_1.K,DOWNLOADED,182747
4l7d__1__1.A__1.D_1.E,DOWNLOADED,182997
4l7d__1__1.B__1.G_1.H_1.I,DOWNLOADED,181039
4l7d__1__1.C__1.K_1.M,DOWNLOADED,182362
5l7u__1__1.A__1.C,DOWNLOADED,361092
5l7u__1__1.B__1.D,DOWNLOADED,366327
5l7v__1__1.A__1.C,DOWNLOADED,361662
5l7v__1__1.B__1.D,DOWNLOADED,361549
6l7j__1__1.A__1.B,DOWNLOADED,233644
1kfe__1__1.B__1.D,DOWNLOADED,236266
1kfe__1__2.B__2.D,DOWNLOADED,240102
1kfj__1__1.B__1.D,DOWNLOADED,237779
1kfj__1__2.B__2.D,DOWNLOADED,241570
3kf4__1__1.A__1.C,DOWNLOADED,184758
3kf4__2__1.B__1.D,DOWNLOADED,177910
3kfa__1__1.A__1.C,DOWNLOADED,184317
3kfa__2__1.B__1.D,DOWNLOADED,187323
3kfx__1__1.A__1.D,DOWNLOADED,153829
3kfx__1__1.B__1.F,DOWNLOADED,161224
3kfx__2__2.A__2.D,DOWNLOADED,154013
3kfx__2__2.B__2.F,DOWNLOADED,158924
5kf0__1__1.A__1.E,DOWNLOADED,299682
5kf0__1__1.D__1.CA,DOWNLOADED,298531
5kf6__1__1.A__1.D_1.F,DOWNLOADED,732915
5kf6__2__1.B__1.K_1.M,DOWNLOADED,716916
5kf7__1__1.A__1.C_1.J,DOWNLOADED,725238
6kfz__1__1.A_2.A__1.B,DOWNLOADED,510445
6kfz__1__1.A_2.A__2.B,DOWNLOADED,510445
3mhp__1__1.A__1.D,DOWNLOADED,190908
3mhp__1__1.B__1.E,DOWNLOADED,187158
4mhs__1__1.A__1.B,DOWNLOADED,524546
4mhs__1__2.A__2.B,DOWNLOADED,526658
5mha__1__1.A__1.L_1.M,DOWNLOADED,191289
5mhe__1__1.A_1.B__1.D,DOWNLOADED,502267
5mu6__1__1.A__1.G,DOWNLOADED,253253
3mat__1__1.A_1.B__1.B_1.C_1.D,DOWNLOADED,162770
1ma9__1__1.B__1.C_1.D,DOWNLOADED,225175
3mak__1__1.A_2.A__1.B,DOWNLOADED,260784
3mak__1__1.A_2.A__2.B,DOWNLOADED,260857
3maq__1__1.A__1.D_1.E_1.F,DOWNLOADED,502183
6ma3__1__1.A__1.C,DOWNLOADED,448125
6ma5__1__1.A_1.B__1.C,DOWNLOADED,455309
6mae__1__1.A__1.B_1.C,DOWNLOADED,183516
5ly3__1__1.A__1.C,DOWNLOADED,274606
5lyj__1__1.A_1.B__1.G_1.H,DOWNLOADED,541052
5lyj__1__1.A_1.B__1.M,DOWNLOADED,539720
5lyj__1__1.B_1.C__1.K_1.L,DOWNLOADED,540250
5lyj__1__1.C_1.D__1.Q_1.R,DOWNLOADED,545235
5lyj__1__1.C_1.D__1.V,DOWNLOADED,544039
5lyj__1__1.D__1.T_1.U,DOWNLOADED,272488
5lyj__1__1.F__1.X,DOWNLOADED,219817
5lyn__1__1.A_1.B__1.C,DOWNLOADED,166445
6lyk__1__1.A__1.R_1.T_1.U_1.V,DOWNLOADED,809272
6lyl__1__1.A__1.F_1.G_1.H_1.I,DOWNLOADED,799067
3mn6__1__1.A__1.G_1.H,DOWNLOADED,225545
3mn6__2__1.B__1.I_1.J,DOWNLOADED,229002
3mn6__3__1.C__1.K_1.L,DOWNLOADED,230599
3mn7__1__1.A__1.C_1.D,DOWNLOADED,228802
4mnp__1__1.A__1.B,DOWNLOADED,192472
6mnh__1__1.A__1.B,DOWNLOADED,167923
1l3i__1__1.A__1.G,DOWNLOADED,112471
1l3i__1__1.B_1.C__1.H,DOWNLOADED,220461
1l3i__1__1.B_1.C__1.I,DOWNLOADED,220608
1l3i__1__1.D__1.J,DOWNLOADED,114145
1l3i__2__1.E__1.K,DOWNLOADED,111479
1l3i__2__1.F__1.L,DOWNLOADED,112588
1l3i__2__2.E__2.K,DOWNLOADED,113883
1l3i__2__2.F__2.L,DOWNLOADED,113316
1l3i__3__2.A__2.G,DOWNLOADED,113822
1l3i__3__2.B_2.C__2.H,DOWNLOADED,221542
1l3i__3__2.B_2.C__2.I,DOWNLOADED,221651
1l3i__3__2.D__2.J,DOWNLOADED,114294
1l3r__1__1.A_1.B__1.C_1.D_1.E_1.F,DOWNLOADED,231146
3l3q__1__1.A__1.C,DOWNLOADED,263365
6l3p__1__1.A__1.C,DOWNLOADED,158554
6l3p__1__1.B__1.H,DOWNLOADED,158546
6l3x__1__1.A__1.O,DOWNLOADED,112002
6l3x__1__1.B_1.K__1.Y,DOWNLOADED,219803
6l3x__1__1.C__1.Q,DOWNLOADED,113173
6l3x__1__1.E_1.I__1.S,DOWNLOADED,221124
6l3x__1__1.E_1.I__1.W,DOWNLOADED,221124
6l3x__1__1.G_1.M__1.AA,DOWNLOADED,218757
6l3x__1__1.G__1.U,DOWNLOADED,112215
6l3x__1__1.H__1.V,DOWNLOADED,113808
6l3x__1__1.L__1.Z,DOWNLOADED,112791
1mgo__1__1.A_1.B__1.F_1.H_1.K,DOWNLOADED,442367
3mg5__1__1.B_1.C__1.H_1.J,DOWNLOADED,140021
5mgz__1__1.B__1.F,DOWNLOADED,143590
6mgr__1__1.A_1.B__1.E_1.G_1.L,DOWNLOADED,425800
6mgr__1__1.A_1.D__1.IA,DOWNLOADED,424077
6mgr__1__1.B_1.C__1.O_1.P_1.X,DOWNLOADED,430694
1l5v__1__1.A__1.C_1.D,DOWNLOADED,511878
1l5v__1__1.B__1.F_1.G,DOWNLOADED,509631
4l51__1__1.A__1.C,DOWNLOADED,149445
4l51__1__1.B__1.D,DOWNLOADED,149347
4l5a__1__1.A_1.B__1.I_1.J,DOWNLOADED,340133
4l5a__1__1.A_1.C__1.G_1.H,DOWNLOADED,341802
4l5a__1__1.B_1.C__1.K_1.L,DOWNLOADED,341702
4l5a__2__1.D_1.E__1.O_1.P,DOWNLOADED,338058
4l5a__2__1.D_1.F__1.M_1.N,DOWNLOADED,340581
4l5a__2__1.E_1.F__1.Q_1.R,DOWNLOADED,337122
4l5b__1__1.A__1.C,DOWNLOADED,156644
4l5b__1__1.B__1.E,DOWNLOADED,159918
4l5b__1__1.B__1.F,DOWNLOADED,159401
4l5o__1__1.A_1.B__1.D,DOWNLOADED,279402
4l5o__1__1.A_1.B__1.G,DOWNLOADED,279330
4l5o__2__1.C_2.C__1.J,DOWNLOADED,275887
3lzw__1__1.A_2.A__1.B,DOWNLOADED,407042
3lzw__1__1.A_2.A__2.B,DOWNLOADED,407034
3lzx__1__1.A_1.B__1.C,DOWNLOADED,408478
3lzx__1__1.A_1.B__1.F,DOWNLOADED,408414
3lzx__1__1.A__1.D,DOWNLOADED,209402
3lzx__1__1.B__1.G,DOWNLOADED,209253
5lzg__1__1.B_1.C__1.I,DOWNLOADED,128588
5lzh__1__1.B_1.C__1.G_1.H,DOWNLOADED,130577
5lzi__1__1.D_1.E__1.P,DOWNLOADED,131008
6lz4__1__1.A_1.B__1.C,DOWNLOADED,207534
6lzi__1__1.A__1.B_1.H,DOWNLOADED,160822
6lzj__1__1.A__1.B_1.C,DOWNLOADED,163906
1k3u__1__1.A__1.C,DOWNLOADED,161020
1k3u__1__2.A__2.C,DOWNLOADED,165028
4k36__1__1.A__1.E_1.F,DOWNLOADED,247170
4k36__2__1.B__1.J_1.K,DOWNLOADED,238434
4k37__1__1.A__1.E_1.F,DOWNLOADED,237494
4k37__2__1.B__1.R_1.S,DOWNLOADED,240046
4k3k__1__1.A__1.I,DOWNLOADED,225681
4k3n__1__1.A__1.M_1.N_1.O_1.P,DOWNLOADED,319519
4k3n__1__1.B__1.W_1.X_1.Y_1.Z,DOWNLOADED,317856
4k3n__1__1.D__1.MA_1.NA_1.OA_1.PA,DOWNLOADED,315049
4k3n__1__1.E__1.AB_1.BB_1.YA_1.ZA,DOWNLOADED,315049
4k3n__1__1.F__1.IB_1.JB_1.KB_1.LB,DOWNLOADED,310560
4k3n__2__1.G__1.SB_1.TB_1.UB_1.VB,DOWNLOADED,323439
4k3n__2__1.H__1.DC_1.EC_1.FC_1.GC,DOWNLOADED,320768
4k3n__2__1.I_1.J__1.UC_1.VC_1.WC_1.XC,DOWNLOADED,627863
4k3n__2__1.I__1.KC_1.LC_1.MC_1.NC,DOWNLOADED,319189
4k3n__2__1.K__1.ED_1.FD_1.GD_1.HD,DOWNLOADED,318409
4k3n__2__1.L__1.OD_1.PD_1.QD_1.RD,DOWNLOADED,317352
5k3y__2__1.B__1.F,DOWNLOADED,186224
6k3l__1__1.A__1.B,DOWNLOADED,220090
7k3p__1__1.A__1.C_1.F,DOWNLOADED,214793
1lnm__1__1.A__1.B,DOWNLOADED,103453
3ln0__1__1.A__1.L,DOWNLOADED,355696
3ln0__1__1.B__1.Q,DOWNLOADED,356848
3ln0__2__1.C__1.U,DOWNLOADED,356344
3ln0__2__1.D__1.Z,DOWNLOADED,357165
4ln7__1__1.A__1.B_1.C_1.G_1.H_1.I,DOWNLOADED,253711
4ln7__2__1.A__1.B_1.C_1.G_1.H_1.I,DOWNLOADED,253711
4ln7__2__2.A__2.B_2.C_2.G_2.H_2.I,DOWNLOADED,255837
4lnu__1__1.A_1.B__1.E_1.F,DOWNLOADED,542975
5ln2__1__1.A__1.B,DOWNLOADED,64812
5lny__1__1.A__1.B,DOWNLOADED,131171
1lp4__1__1.A__1.B_1.C_1.D,DOWNLOADED,217804
3lpu__1__1.A_2.A__1.B,DOWNLOADED,177677
3lpu__1__1.A_2.A__2.B,DOWNLOADED,177678
4lp0__1__1.A__1.B,DOWNLOADED,120457
4lpb__1__1.A__1.B,DOWNLOADED,121041
5lpk__1__1.A__1.H_1.O,DOWNLOADED,81805
5lpk__3__1.C__1.X,DOWNLOADED,79936
5lpk__4__1.D__1.AA,DOWNLOADED,80612
5lpk__5__1.E__1.EA,DOWNLOADED,79648
5lpk__6__1.F__1.IA,DOWNLOADED,80320
5lpt__1__1.A_1.B__1.D,DOWNLOADED,439996
5lpt__1__1.A_1.B__1.G,DOWNLOADED,439923
6lpj__1__1.A__1.AA_1.F,DOWNLOADED,247127
6lpj__1__1.A__1.B,DOWNLOADED,245672
6lpj__1__1.A__1.E,DOWNLOADED,245921
6lpk__1__1.A__1.AA_1.F,DOWNLOADED,247314
6lpk__1__1.A__1.B,DOWNLOADED,245823
6lpk__1__1.A__1.E,DOWNLOADED,245997
6lpl__1__1.A__1.AA_1.F,DOWNLOADED,247102
6lpl__1__1.A__1.B,DOWNLOADED,245722
6lpl__1__1.A__1.E,DOWNLOADED,245896
3ki0__1__1.A__1.B,DOWNLOADED,123583
3ki1__1__1.A__1.B,DOWNLOADED,122029
3ki2__1__1.A__1.B,DOWNLOADED,123158
3ki2__1__1.A__1.C,DOWNLOADED,123158
3ki3__1__1.A__1.B,DOWNLOADED,123224
3ki4__1__1.A__1.B,DOWNLOADED,125058
3ki5__1__1.A__1.B,DOWNLOADED,124429
3ki6__1__1.A__1.B,DOWNLOADED,123362
4ki0__1__1.A_1.B__1.G_1.H,DOWNLOADED,457236
4ki0__1__1.A_1.B__1.I_1.J,DOWNLOADED,457228
4kil__1__1.A__1.B_1.C_1.F,DOWNLOADED,251655
6kia__1__1.A__1.D,DOWNLOADED,276564
6kia__2__1.B__1.E,DOWNLOADED,276028
6kia__3__1.C__1.F,DOWNLOADED,232289
7ki7__1__1.B__1.K,DOWNLOADED,238531
7ki7__1__2.B__2.K,DOWNLOADED,241041
1mb9__2__1.B__1.H_1.I_1.J,DOWNLOADED,306125
3mb5__1__1.A__1.B,DOWNLOADED,169158
3mb5__1__3.A__3.B,DOWNLOADED,166087
4mbi__1__1.A__1.B,DOWNLOADED,177900
5mb4__1__1.A__1.K,DOWNLOADED,244591
5mb4__1__1.A__1.M,DOWNLOADED,244589
3m35__1__1.A__1.B,DOWNLOADED,131741
3m3m__2__1.A_2.A__1.B_1.C,DOWNLOADED,256768
3m3m__2__1.A_2.A__2.B_2.C,DOWNLOADED,256768
4m3b__1__1.A__1.B,DOWNLOADED,118383
4m3g__1__1.A__1.B,DOWNLOADED,119489
4m3m__1__1.A__1.B,DOWNLOADED,247552
5m39__1__1.A__1.C,DOWNLOADED,83100
5m39__2__1.B__1.D,DOWNLOADED,84688
4l1u__3__1.E__1.I_1.JA,DOWNLOADED,173703
4l1u__4__1.F__1.J_1.NA,DOWNLOADED,175019
5l15__1__1.A__1.E,DOWNLOADED,249585
5l18__1__1.A__1.E,DOWNLOADED,249566
6l11__1__1.A__1.B,DOWNLOADED,181203
6l12__1__1.A__1.B,DOWNLOADED,180147
6l13__1__1.A__1.B,DOWNLOADED,179705
6l14__1__1.A__1.B,DOWNLOADED,179151
6l16__1__1.A__1.B,DOWNLOADED,177591
6l17__1__1.A__1.B,DOWNLOADED,178979
6l1g__1__1.A__1.C,DOWNLOADED,189808
6l1g__2__1.B__1.F,DOWNLOADED,187382
6l1h__1__1.A__1.C,DOWNLOADED,195772
7l11__1__1.A_1.B__1.C,DOWNLOADED,374678
7l14__1__1.A_1.B__1.C,DOWNLOADED,374321
7l1j__1__1.A_1.B__1.E_1.G,DOWNLOADED,251048
7l1j__1__1.A_1.B__1.H_1.J,DOWNLOADED,250901
7l1j__2__1.C_1.D__1.K_1.M,DOWNLOADED,252489
7l1j__2__1.C_1.D__1.O_1.Q,DOWNLOADED,252566
3iqh__1__1.A__1.B_1.C,DOWNLOADED,186386
3iqi__1__1.A__1.B,DOWNLOADED,185583
4iqk__1__1.A__1.B,DOWNLOADED,180500
5iqa__1__1.A__1.E_1.F_1.G,DOWNLOADED,196788
5iqa__3__1.C__1.M_1.N_1.O,DOWNLOADED,197584
5iqc__2__1.B__1.K,DOWNLOADED,197478
5iqc__3__1.C__1.Q,DOWNLOADED,196694
5iqc__4__1.D__1.V_1.X_1.Y,DOWNLOADED,193658
5iqd__1__1.A__1.E_1.G_1.H,DOWNLOADED,195105
5iqd__1__1.A__1.F,DOWNLOADED,194607
5iqd__2__1.B__1.K,DOWNLOADED,197351
5iqd__3__1.C__1.O_1.Q_1.R,DOWNLOADED,194426
5iqd__3__1.C__1.P,DOWNLOADED,194075
5iqd__4__1.D__1.U,DOWNLOADED,195975
5iqe__1__1.A__1.E_1.G_1.H,DOWNLOADED,195412
5iqe__2__1.B__1.J,DOWNLOADED,195215
5iqe__3__1.C__1.N_1.P_1.Q,DOWNLOADED,194859
5iqf__2__1.B__1.I_1.J_1.K,DOWNLOADED,195760
5iqf__3__1.C__1.M_1.N_1.O,DOWNLOADED,198725
5iqf__4__1.D__1.Q_1.R_1.S,DOWNLOADED,198963
5iqg__1__1.A__1.E_1.G_1.H,DOWNLOADED,192797
5iqg__1__1.A__1.F,DOWNLOADED,192870
5iqg__2__1.B__1.J_1.L_1.M,DOWNLOADED,192034
5iqg__2__1.B__1.K,DOWNLOADED,191964
5iqg__3__1.C__1.O_1.Q_1.R,DOWNLOADED,195063
5iqg__3__1.C__1.P,DOWNLOADED,194700
5iqg__4__1.D__1.T_1.V_1.W,DOWNLOADED,198498
5iqg__4__1.D__1.U,DOWNLOADED,198497
5iqh__1__1.A__1.E_1.F_1.G,DOWNLOADED,194275
5iqh__2__1.B__1.J_1.K_1.L,DOWNLOADED,193651
5iqh__3__1.C__1.O_1.P_1.Q,DOWNLOADED,192186
5iqh__4__1.D__1.T_1.U_1.V,DOWNLOADED,193553
5iqi__1__1.A__1.E_1.F_1.G,DOWNLOADED,196853
5iqi__2__1.B__1.I_1.J_1.K,DOWNLOADED,194898
5iqi__3__1.C__1.M_1.N_1.O,DOWNLOADED,197074
5iqi__4__1.D__1.Q_1.R_1.S,DOWNLOADED,194013
5iqt__1__1.A__1.G,DOWNLOADED,177740
5iqt__2__1.B__1.K,DOWNLOADED,182799
5iqv__3__1.C__1.P,DOWNLOADED,178383
6iqm__1__1.A_1.C__1.K,DOWNLOADED,409421
6iqm__1__1.B_1.D__1.I,DOWNLOADED,400475
6iqm__1__1.B_1.D__1.M,DOWNLOADED,400552
3n51__1__1.A__1.B,DOWNLOADED,288849
3n5o__1__1.A_1.B__1.C_1.D,DOWNLOADED,266699
3n5o__2__1.A_1.B__1.C_1.D,DOWNLOADED,266699
3n5o__2__2.A_2.B__2.C_2.D,DOWNLOADED,268314
4n5n__1__1.B__1.D,DOWNLOADED,154205
4n5n__1__2.B__2.D,DOWNLOADED,154171
4n5s__1__1.C__1.E_1.F_1.K,DOWNLOADED,349303
5n50__1__1.A__1.C,DOWNLOADED,176841
5n52__1__1.A__1.C,DOWNLOADED,174034
5n58__1__1.A__1.D,DOWNLOADED,133224
5n5s__1__1.A__1.E,DOWNLOADED,303074
5n5s__1__1.B__1.G,DOWNLOADED,308020
5n5s__2__1.C__1.H,DOWNLOADED,306360
5n5s__2__1.D__1.K,DOWNLOADED,307668
1n83__1__1.A__1.B,DOWNLOADED,165223
4n82__2__1.B__1.E,DOWNLOADED,97784
5n8v__1__1.A__1.E,DOWNLOADED,42637
5n8v__2__1.B__1.K,DOWNLOADED,43236
5n8v__3__1.C__1.O,DOWNLOADED,43563
6n80__1__1.C_1.L_1.M__1.AA,DOWNLOADED,324816
1n0u__1__1.A__1.B,DOWNLOADED,513927
4n0d__1__1.A__1.C_1.D,DOWNLOADED,211894
4n0j__1__1.A__1.C_1.F,DOWNLOADED,84891
4n0j__2__1.B__1.K_1.O,DOWNLOADED,86273
3moz__1__1.A__1.C_1.D_1.F,DOWNLOADED,205269
4mo2__1__1.B__1.J,DOWNLOADED,246639
4mok__1__1.A__1.E,DOWNLOADED,373259
4mok__1__1.B__1.H,DOWNLOADED,375041
4mok__1__1.C__1.J,DOWNLOADED,368208
4mok__1__1.D__1.M,DOWNLOADED,370379
4mot__1__1.A__1.B,DOWNLOADED,120831
6mo5__1__1.A__1.B_1.C,DOWNLOADED,194504
6mo7__3__1.C__1.F,DOWNLOADED,71860
6mo9__1__1.A__1.D,DOWNLOADED,77212
6moa__1__1.A__1.B,DOWNLOADED,72455
6moy__1__1.A_1.B__1.C,DOWNLOADED,522069
6moy__1__1.A_1.B__1.D,DOWNLOADED,522179
1kp8__1__1.A__1.R_1.S_1.T,DOWNLOADED,316961
1kp8__1__1.B__1.W_1.X_1.Y,DOWNLOADED,318886
1kp8__1__1.C__1.BA_1.CA_1.DA,DOWNLOADED,319950
1kp8__1__1.D__1.FA_1.GA_1.HA,DOWNLOADED,316486
1kp8__1__1.E__1.LA_1.MA_1.NA,DOWNLOADED,314615
1kp8__1__1.F__1.PA_1.QA_1.RA,DOWNLOADED,313822
1kp8__1__1.G__1.TA_1.UA_1.VA,DOWNLOADED,313144
1kp8__1__1.H__1.AB_1.YA_1.ZA,DOWNLOADED,311262
1kp8__1__1.I__1.BB_1.CB_1.DB,DOWNLOADED,316276
1kp8__1__1.J__1.GB_1.HB_1.IB,DOWNLOADED,317556
1kp8__1__1.K__1.LB_1.MB_1.NB,DOWNLOADED,320167
1kp8__1__1.L__1.PB_1.QB_1.RB,DOWNLOADED,315036
1kp8__1__1.M__1.UB_1.VB_1.WB,DOWNLOADED,314924
1kp8__1__1.N__1.AC_1.BC_1.ZB,DOWNLOADED,311916
4kpr__1__1.A_1.B__1.I,DOWNLOADED,603034
4kpr__1__1.A_1.B__1.N,DOWNLOADED,603051
4kpr__2__1.C_1.D__1.R,DOWNLOADED,606111
4kpr__2__1.C_1.D__1.T,DOWNLOADED,606558
5kp1__1__1.A__1.E,DOWNLOADED,76923
5kp1__1__1.B__1.G,DOWNLOADED,77449
5kp1__2__1.C__1.H,DOWNLOADED,78231
5kp1__2__1.D__1.I,DOWNLOADED,77718
7kpy__2__1.B__1.G,DOWNLOADED,77167
1m99__1__1.A_2.A__1.B,DOWNLOADED,278943
1m99__1__1.A_2.A__2.B,DOWNLOADED,279083
1m9a__1__1.A_2.A__1.B,DOWNLOADED,279282
1m9a__1__1.A_2.A__2.B,DOWNLOADED,279199
5m96__2__1.B__1.E,DOWNLOADED,147888
6m9b__1__1.B_1.C__1.F,DOWNLOADED,264278
6m9b__1__1.B_1.C__1.G,DOWNLOADED,264278
6m9r__1__1.A__1.C_1.D,DOWNLOADED,291873
1mv8__1__1.A_1.B__1.H,DOWNLOADED,520792
1mv8__1__1.A_1.B__1.I,DOWNLOADED,520863
1mv8__2__1.C_1.D__1.P,DOWNLOADED,531443
1mvl__1__1.A_2.A__1.B,DOWNLOADED,218054
1mvl__1__1.A_3.A__3.B,DOWNLOADED,218057
4mvk__1__1.A__1.B,DOWNLOADED,114963
5mvs__1__1.A_1.B__1.D,DOWNLOADED,406392
5mvs__1__1.A_1.B__1.G,DOWNLOADED,406391
5mvs__1__1.A__1.C,DOWNLOADED,205166
5mvs__1__1.B__1.F,DOWNLOADED,207766
3l9l__1__1.A_1.B__1.E,DOWNLOADED,234422
3l9l__2__1.C_1.D__1.F,DOWNLOADED,234735
3l9m__1__1.A_1.B__1.E,DOWNLOADED,233554
3l9m__2__1.C_1.D__1.F,DOWNLOADED,234059
3l9n__1__1.A_1.B__1.C,DOWNLOADED,230602
3l9w__1__1.A_1.B__1.C,DOWNLOADED,448542
3l9w__1__1.A_1.B__1.G,DOWNLOADED,448542
3l9w__1__1.A_1.B__1.I,DOWNLOADED,447847
3l9x__1__1.A_1.B__1.C,DOWNLOADED,435836
3l9x__1__1.A_1.B__1.H,DOWNLOADED,435948
4l91__1__1.A__1.B,DOWNLOADED,131665
4l93__1__1.A__1.C,DOWNLOADED,131894
4l93__2__1.B__1.D,DOWNLOADED,133713
4l94__1__1.A__1.B,DOWNLOADED,129511
4l94__2__1.A_2.A__1.B,DOWNLOADED,255261
4l94__2__1.A_2.A__2.B,DOWNLOADED,255261
5l95__1__1.A_1.C__1.E,DOWNLOADED,208538
5l96__1__1.A__1.B_1.C,DOWNLOADED,77158
5l9g__1__1.A__1.C_1.K,DOWNLOADED,201558
5l9g__2__1.B__1.L,DOWNLOADED,203971
5l9h__1__1.A__1.G,DOWNLOADED,215163
5l9i__1__1.A__1.C_1.H,DOWNLOADED,201603
5l9i__2__1.B__1.J,DOWNLOADED,202230
5l9o__1__1.A__1.C,DOWNLOADED,148811
5l9o__2__1.B__1.K,DOWNLOADED,149880
3n39__1__1.A_1.B__1.G,DOWNLOADED,267302
3n39__1__1.C_1.D__1.J,DOWNLOADED,269945
3n3a__1__1.A_1.B__1.G,DOWNLOADED,264099
3n3a__1__1.C_1.D__1.J,DOWNLOADED,263180
3n3b__1__1.A_1.B__1.H,DOWNLOADED,269419
3n3b__1__1.C_1.D__1.L,DOWNLOADED,271918
6n3o__1__1.A__1.B,DOWNLOADED,169761
4n6z__1__1.A__1.B_1.E,DOWNLOADED,178887
5n69__1__1.A__1.H,DOWNLOADED,493611
5n69__1__1.B__1.Y,DOWNLOADED,503063
5n6c__1__1.A_1.B__1.E,DOWNLOADED,348587
6n67__1__1.A__1.B,DOWNLOADED,250016
4jub__1__1.A_1.D__1.O_1.P,DOWNLOADED,621694
4jub__1__1.B_1.C__1.K_1.L,DOWNLOADED,631448
4juc__1__1.A_1.C__1.M_1.N,DOWNLOADED,636045
4juc__1__1.B_1.D__1.I_1.J,DOWNLOADED,631316
4juc__1__1.B_1.D__1.Q_1.R,DOWNLOADED,631318
4jud__1__1.A_2.A__1.B_1.D_2.F,DOWNLOADED,623291
4jud__1__1.A_2.A__1.F_2.B_2.D,DOWNLOADED,623291
4jud__1__3.A_4.A__3.B_3.D_4.F,DOWNLOADED,630705
4jud__1__3.A_4.A__3.F_4.B_4.D,DOWNLOADED,630705
4juf__1__1.A_1.C__1.F_1.G,DOWNLOADED,644547
4juf__1__1.A_1.C__1.M_1.N,DOWNLOADED,644548
4juf__1__1.B_1.D__1.J_1.K,DOWNLOADED,644488
4juf__1__1.B_1.D__1.P_1.Q,DOWNLOADED,644488
6ju1__1__1.A__1.B_1.C,DOWNLOADED,253000
6ju1__1__2.A__2.B_2.C,DOWNLOADED,257028
6juj__1__1.A__1.C,DOWNLOADED,241450
6juj__1__1.B__1.G,DOWNLOADED,236953
6juk__1__1.A__1.G,DOWNLOADED,239172
6juk__1__1.B__1.H,DOWNLOADED,238468
6juw__1__1.A_1.D_1.L_1.M__1.CD,DOWNLOADED,483214
6juw__1__1.C_1.J__1.FB,DOWNLOADED,209969
6juw__1__1.L_1.M__1.YC,DOWNLOADED,60155
6juw__1__1.N_1.Q_1.Y_1.Z__1.BG,DOWNLOADED,489440
6juw__1__1.P_1.W__1.JE,DOWNLOADED,211699
6nl0__1__1.D__1.E_1.F_1.I,DOWNLOADED,209262
3kmw__1__1.A__1.C_1.D,DOWNLOADED,171390
5km0__1__1.A_1.B__1.E,DOWNLOADED,138126
5kma__1__1.A_1.B__1.C,DOWNLOADED,139807
5kms__1__1.B__1.G,DOWNLOADED,236711
5kms__2__1.C__1.H,DOWNLOADED,235757
6kmr__1__1.B__1.D,DOWNLOADED,123792
7km2__1__1.A_1.E_1.G__1.Q,DOWNLOADED,326606
7km2__1__1.B_1.D_1.L__1.P,DOWNLOADED,327296
7km2__1__1.C_1.D_1.G__1.O,DOWNLOADED,327311
7km2__1__1.C_1.G_1.K__1.S,DOWNLOADED,330884
7km2__1__1.C_1.I_1.L__1.X,DOWNLOADED,331144
7km2__1__1.E_1.H_1.K__1.W,DOWNLOADED,339417
7km2__1__1.F_1.H_1.J__1.V,DOWNLOADED,336591
7km2__1__1.H_1.I_1.K__1.T,DOWNLOADED,336033
7km2__1__1.I_1.J_1.L__1.U,DOWNLOADED,330109
7kmy__1__1.A_1.B__1.I_1.M,DOWNLOADED,555554
7kmy__1__1.A_1.B__1.J,DOWNLOADED,552787
7kmy__1__1.A_1.B__1.K,DOWNLOADED,552714
7kmy__1__1.A_1.B__1.Q_1.U_1.V,DOWNLOADED,556123
7kmy__2__1.C_1.D__1.AA_1.EA_1.Y,DOWNLOADED,552550
7kmy__2__1.C_1.D__1.HA,DOWNLOADED,551342
7kmy__2__1.C_1.D__1.IA,DOWNLOADED,549000
7kmy__2__1.C_1.D__1.Z,DOWNLOADED,548995
7kmy__3__1.E_1.F__1.LA_1.PA,DOWNLOADED,563004
7kmy__3__1.E_1.F__1.QA_1.YA,DOWNLOADED,563005
7kmy__3__1.E_1.F__1.SA,DOWNLOADED,560081
7kmy__4__1.G_1.H__1.AB,DOWNLOADED,557140
7kmy__4__1.G_1.H__1.GB,DOWNLOADED,559249
7kmy__4__1.G_1.H__1.ZA,DOWNLOADED,559408
3nbk__1__1.A_2.A__2.E,DOWNLOADED,192196
3nbk__1__1.A_3.A__1.E,DOWNLOADED,192196
3nbk__1__1.B_2.B__1.G,DOWNLOADED,193047
3nbk__1__1.B_3.B__3.G,DOWNLOADED,193047
3nbk__2__1.C_2.C__2.H,DOWNLOADED,195317
3nbk__2__1.C_3.C__1.H,DOWNLOADED,195317
3nbk__2__1.D_2.D__1.J,DOWNLOADED,196645
3nbk__2__1.D_3.D__3.J,DOWNLOADED,196645
4nbs__1__1.A__1.B_1.C,DOWNLOADED,261534
4nbu__1__1.A__1.E,DOWNLOADED,148431
4nbu__1__1.C__1.H,DOWNLOADED,148827
4nbu__1__1.D__1.I,DOWNLOADED,148432
1kqb__1__1.A_1.B__1.F_1.G,DOWNLOADED,263815
1kqb__2__1.C_1.D__1.I_1.L,DOWNLOADED,263813
1kqb__2__1.C_1.D__1.J_1.K,DOWNLOADED,263670
1kqb__3__1.A_1.B_2.C__1.E_1.H,DOWNLOADED,392910
1kqb__3__1.A_1.B__1.F_1.G,DOWNLOADED,263815
1kqb__3__2.C_2.D__2.I_2.L,DOWNLOADED,265904
1kqb__3__2.C_2.D__2.J_2.K,DOWNLOADED,265762
1kqc__1__1.A_1.B__1.E_1.H,DOWNLOADED,263677
1kqc__2__1.C_1.D__1.J_1.K,DOWNLOADED,263754
1kqd__1__1.A_1.B__1.F,DOWNLOADED,263149
1kqd__2__1.C_1.D__1.G,DOWNLOADED,262915
1kqd__2__1.C_1.D__1.H,DOWNLOADED,263059
3kqj__1__1.A__1.C_1.D,DOWNLOADED,260834
3kqs__1__1.A__1.C,DOWNLOADED,162258
3kqs__1__1.B__1.E,DOWNLOADED,170009
3kqv__1__1.A__1.C,DOWNLOADED,162287
3kqv__1__1.B__1.E,DOWNLOADED,170003
3kqy__1__1.A__1.C,DOWNLOADED,162401
6kqq__1__1.A__1.E,DOWNLOADED,140240
6kqx__1__1.A__1.B,DOWNLOADED,211527
7kqf__1__1.A_1.B__1.C,DOWNLOADED,395722
1mmg__1__1.A__1.B_1.C,DOWNLOADED,467985
1mmn__1__1.A__1.B_1.C,DOWNLOADED,464744
3mmp__1__1.A_1.B__1.E,DOWNLOADED,739324
3mmp__2__1.C_1.D__1.F,DOWNLOADED,745682
4mmp__1__1.A__1.B,DOWNLOADED,191967
5mm0__1__1.A__1.B_1.C,DOWNLOADED,231769
5mm9__2__1.B__1.G_1.H_1.K,DOWNLOADED,269098
5mmn__1__1.A__1.B,DOWNLOADED,126589
6mm5__1__1.A_1.B__1.C_1.D,DOWNLOADED,231831
6mm7__1__1.A__1.J,DOWNLOADED,214951
6mm7__3__1.C__1.Q,DOWNLOADED,216537
3n10__1__1.A__1.C_1.D_1.E_1.F,DOWNLOADED,113133
3n14__1__1.A_2.A__1.B_1.C,DOWNLOADED,442501
3n14__1__1.A_2.A__2.B_2.C,DOWNLOADED,442497
4n1f__1__1.A__1.B,DOWNLOADED,121244
5n16__3__1.C__1.J_1.K,DOWNLOADED,85458
5n16__4__1.D__1.M,DOWNLOADED,83318
5n17__1__1.A__1.C,DOWNLOADED,85159
5n1l__1__1.A_1.B__1.C,DOWNLOADED,434188
5n1x__2__1.B__1.E,DOWNLOADED,79121
5n1x__4__1.D__1.H,DOWNLOADED,78044
5n1z__1__1.A_2.A__1.C,DOWNLOADED,156092
5n1z__1__1.A_2.A__2.C,DOWNLOADED,156092
1m7g__1__1.A__1.I,DOWNLOADED,131651
1m7g__1__1.B__1.L,DOWNLOADED,117182
1m7g__2__1.C__1.Q,DOWNLOADED,131863
1m7g__3__1.B_2.C__1.L,DOWNLOADED,243522
1m7g__3__2.C__2.Q,DOWNLOADED,132357
1m7g__4__1.B_2.D__1.K,DOWNLOADED,228354
1m7g__4__2.A__2.I,DOWNLOADED,131485
5m70__1__1.A_1.B__1.E_1.F_1.G,DOWNLOADED,230270
5m70__2__1.C_1.D__1.H_1.I_1.J,DOWNLOADED,229917
5m71__1__1.A_1.B__1.C,DOWNLOADED,459217
5m75__1__1.A_1.B__1.D,DOWNLOADED,457753
5m7e__1__1.A_1.B__1.G_1.H,DOWNLOADED,537956
5m7e__1__1.A_1.B__1.O,DOWNLOADED,537262
5m7e__1__1.B_1.C__1.K_1.L,DOWNLOADED,539251
5m7e__1__1.C_1.D__1.P_1.Q,DOWNLOADED,544463
5m7e__1__1.D__1.S_1.T,DOWNLOADED,271842
5m7g__1__1.A_1.B__1.G_1.H,DOWNLOADED,537817
5m7g__1__1.A_1.B__1.L,DOWNLOADED,536849
5m7g__1__1.B_1.C__1.M_1.N,DOWNLOADED,539017
5m7g__1__1.C_1.D__1.Q_1.R,DOWNLOADED,539810
5m7g__1__1.D__1.V_1.W,DOWNLOADED,266867
5m7g__1__1.F__1.Y_1.Z,DOWNLOADED,214287
1iy8__1__1.A__1.I_1.J,DOWNLOADED,154928
1iy8__1__1.B__1.K_1.L,DOWNLOADED,156990
1iy8__1__1.C__1.M_1.N,DOWNLOADED,155438
1iy8__1__1.D__1.O_1.P,DOWNLOADED,156419
1iy8__2__1.E__1.Q_1.R,DOWNLOADED,156592
1iy8__2__1.F__1.S_1.T,DOWNLOADED,155659
1iy8__2__1.G__1.U_1.V,DOWNLOADED,156275
1iy8__2__1.H__1.W_1.X,DOWNLOADED,156251
1iyb__1__1.A__1.C,DOWNLOADED,130052
1iyb__1__1.B__1.D,DOWNLOADED,129504
1iyh__1__1.A_1.C__1.F,DOWNLOADED,256345
1iyh__1__1.A_1.C__1.I,DOWNLOADED,256347
1iyh__2__1.B_1.D__1.H,DOWNLOADED,255033
1iyh__2__1.B_1.D__1.J,DOWNLOADED,254892
1iyi__1__1.A_1.D__1.E,DOWNLOADED,253930
1iyi__1__1.A_1.D__1.J,DOWNLOADED,254224
1iyi__2__1.B_1.C__1.F,DOWNLOADED,255504
1iyi__2__1.B_1.C__1.H,DOWNLOADED,255511
2iy7__1__1.A__1.B,DOWNLOADED,248520
2iya__1__1.A__1.C,DOWNLOADED,237132
2iya__1__1.A__1.D,DOWNLOADED,238700
2iya__2__1.B__1.E,DOWNLOADED,233740
2iya__2__1.B__1.F,DOWNLOADED,235123
2iyf__2__1.B__1.E,DOWNLOADED,249641
2iyf__2__1.B__1.F,DOWNLOADED,247472
4iym__1__1.A__1.Q,DOWNLOADED,301384
4iym__1__1.B__1.T,DOWNLOADED,299146
4iym__1__1.C__1.U,DOWNLOADED,302062
4iym__1__1.D__1.V,DOWNLOADED,297964
4iym__2__1.E__1.W,DOWNLOADED,303964
4iym__2__1.F__1.X,DOWNLOADED,301791
4iym__2__1.G__1.Z,DOWNLOADED,301806
4iym__3__1.I__1.CA,DOWNLOADED,307846
4iym__3__1.J__1.EA,DOWNLOADED,303776
4iym__3__1.K__1.FA,DOWNLOADED,307906
4iym__3__1.L__1.GA,DOWNLOADED,309017
4iym__4__1.M__1.HA,DOWNLOADED,306648
4iym__4__1.N__1.IA,DOWNLOADED,301844
4iym__4__1.O__1.JA,DOWNLOADED,306707
4iym__4__1.P__1.LA,DOWNLOADED,302634
4iyn__1__1.A__1.D_1.E_1.F,DOWNLOADED,388394
4iyn__1__1.B__1.J_1.K_1.L,DOWNLOADED,399992
5iy5__1__1.A_1.C__1.NA_1.RA,DOWNLOADED,493471
5iy5__1__1.F_1.G__1.EB,DOWNLOADED,114154
5iy5__2__1.N_1.P__1.BC_1.FC,DOWNLOADED,496846
5iy5__2__1.P_1.W__1.HC,DOWNLOADED,207295
5iyz__1__1.A_1.B__1.G_1.H,DOWNLOADED,542379
5iyz__1__1.C_1.D__1.N_1.O,DOWNLOADED,543174
5iyz__1__1.F__1.T_1.U,DOWNLOADED,219116
6iy1__1__1.A__1.G,DOWNLOADED,104496
6iy1__2__1.B__1.H,DOWNLOADED,106359
6iy1__3__1.C__1.I,DOWNLOADED,105115
6iy1__4__1.D__1.J,DOWNLOADED,105938
6iy1__5__1.E__1.K,DOWNLOADED,105943
6iy9__1__1.A__1.C,DOWNLOADED,208019
6iy9__2__1.B__1.F,DOWNLOADED,208146
6iyb__2__1.C__1.G_1.H,DOWNLOADED,112179
2nad__1__1.A__1.C_1.E,DOWNLOADED,243744
2nad__1__1.B__1.F_1.G,DOWNLOADED,239654
1nav__1__1.A__1.C,DOWNLOADED,159059
4nax__1__1.A_1.B__1.C_1.D,DOWNLOADED,301907
5na1__1__1.A__1.B,DOWNLOADED,250203
5nap__1__1.A__1.E,DOWNLOADED,345005
5nap__1__2.A__2.E,DOWNLOADED,349067
5nau__1__1.A__1.E,DOWNLOADED,348678
4n49__1__1.A__1.B,DOWNLOADED,255831
4n4f__1__1.A__1.B,DOWNLOADED,130267
4n4s__2__1.B__1.D,DOWNLOADED,222330
5n4n__1__1.A__1.C,DOWNLOADED,175845
5n4u__1__1.A__1.C,DOWNLOADED,176378
6n4e__1__1.A_2.A__1.B,DOWNLOADED,256139
6n4e__1__1.A_2.A__2.B,DOWNLOADED,256142
3kdn__1__1.A_1.H__1.K_1.L,DOWNLOADED,539232
3kdn__1__1.A_1.H__1.Y_1.Z,DOWNLOADED,539085
3kdn__1__1.B_1.G__1.M_1.N,DOWNLOADED,544814
3kdn__1__1.B_1.G__1.W_1.X,DOWNLOADED,544656
3kdn__1__1.C_1.F__1.O_1.P,DOWNLOADED,536571
3kdn__1__1.C_1.F__1.U_1.V,DOWNLOADED,536493
3kdn__1__1.D_1.J__1.CA_1.DA,DOWNLOADED,540011
3kdn__1__1.D_1.J__1.Q_1.R,DOWNLOADED,540083
3kdn__1__1.E_1.I__1.AA_1.BA,DOWNLOADED,545753
3kdn__1__1.E_1.I__1.S_1.T,DOWNLOADED,545756
3kdo__1__1.A_1.H__1.K_1.L,DOWNLOADED,537299
3kdo__1__1.B_1.G__1.M_1.N,DOWNLOADED,540735
3kdo__1__1.B_1.G__1.W_1.X,DOWNLOADED,540807
3kdo__1__1.C_1.F__1.O_1.P,DOWNLOADED,537519
3kdo__1__1.C_1.F__1.U_1.V,DOWNLOADED,537368
3kdo__1__1.D_1.J__1.Q_1.R,DOWNLOADED,538715
3kdo__1__1.E_1.I__1.AA_1.BA,DOWNLOADED,543909
4kdn__1__1.A__1.K,DOWNLOADED,203485
4kdn__1__1.C__1.M,DOWNLOADED,204274
4kdo__1__1.A__1.K,DOWNLOADED,203701
4kdr__1__1.A__1.B,DOWNLOADED,128481
4kdx__1__1.A__1.C,DOWNLOADED,253037
5kdo__1__1.A__1.D,DOWNLOADED,217479
6kdm__2__1.D__1.L_1.M,DOWNLOADED,378447
6kdn__1__1.A__1.G_1.H,DOWNLOADED,378189
6kdn__2__1.D__1.L_1.M,DOWNLOADED,378399
6kdr__1__1.A_1.B__1.C_1.F,DOWNLOADED,284562
6kdr__1__1.A_1.C__1.E,DOWNLOADED,147865
6kdr__1__1.B_1.D__1.H,DOWNLOADED,150499
1mzv__1__1.A__1.C,DOWNLOADED,132746
1mzv__1__2.A__2.C,DOWNLOADED,133536
4mz6__1__1.C__1.A,DOWNLOADED,265352
4mzw__1__1.A_1.B__1.D_1.E,DOWNLOADED,329496
5mz2__1__1.A_1.F__1.CA_1.DA,DOWNLOADED,593312
5mz2__1__1.A_1.F__1.Q_1.R,DOWNLOADED,593295
5mz2__1__1.B_1.E__1.AA_1.BA,DOWNLOADED,598639
5mz2__1__1.B_1.E__1.T_1.U,DOWNLOADED,598622
5mz2__1__1.C_1.H__1.HA_1.IA,DOWNLOADED,591404
5mz2__1__1.C_1.H__1.V_1.W,DOWNLOADED,591411
5mz2__1__1.D_1.G__1.FA_1.GA,DOWNLOADED,590005
5mz2__1__1.D_1.G__1.X_1.Y,DOWNLOADED,590008
5mzc__1__1.A__1.G,DOWNLOADED,280969
5mzi__1__1.A__1.G,DOWNLOADED,281146
5mzk__1__1.A__1.F,DOWNLOADED,281273
5mzp__1__1.A__1.F_1.K,DOWNLOADED,247168
5mzx__1__1.A_1.D__1.N_1.O,DOWNLOADED,575120
1kz8__1__1.A_1.B__1.C,DOWNLOADED,387556
1kz8__1__1.A_1.B__1.G,DOWNLOADED,387556
1kz8__1__1.A__1.E,DOWNLOADED,197323
1kz8__1__1.B__1.I,DOWNLOADED,197917
3kzk__1__1.A_2.A__1.B_1.C,DOWNLOADED,421694
3kzk__1__1.A_3.A__3.B_3.C,DOWNLOADED,417605
3kzk__1__2.A_3.A__2.B_2.C,DOWNLOADED,420238
3kzz__1__1.A__1.C,DOWNLOADED,100426
4kz5__2__1.B__1.G,DOWNLOADED,220746
4kz6__2__1.B__1.G,DOWNLOADED,219826
4kza__1__1.A__1.C,DOWNLOADED,219731
5kzi__1__1.A__1.B,DOWNLOADED,182160
5kzu__1__1.C_1.D__1.K,DOWNLOADED,256427
6kzz__1__1.A__1.B,DOWNLOADED,122373
7kzu__1__1.A__1.B_1.C,DOWNLOADED,322991
3ng5__1__1.A_2.B__1.C,DOWNLOADED,144078
3ng5__1__1.B_2.A__2.C,DOWNLOADED,144198
5ng1__1__1.A_1.B__1.G_1.H,DOWNLOADED,537895
5ng1__1__1.A_1.B__1.L,DOWNLOADED,536479
5ng1__1__1.B_1.C__1.J_1.K,DOWNLOADED,537008
5ng1__1__1.C_1.D__1.P_1.Q,DOWNLOADED,547646
5ng1__1__1.D__1.S_1.T,DOWNLOADED,275019
5ng1__1__1.F__1.W_1.X,DOWNLOADED,232377
3n9r__1__1.A_1.G__1.I_1.L,DOWNLOADED,717693
3n9r__1__1.G__1.GA_1.JA,DOWNLOADED,357845
3n9r__2__1.H_2.B__1.KA_1.NA,DOWNLOADED,719967
3n9r__2__1.H_2.B__2.M_2.P,DOWNLOADED,719965
3n9r__3__1.C_2.F__1.Q_1.T,DOWNLOADED,720567
3n9r__3__1.C_2.F__2.CA_2.FA,DOWNLOADED,720651
3n9r__4__1.D_2.E__1.U_1.X,DOWNLOADED,724522
3n9r__4__2.E__2.BA_2.Y,DOWNLOADED,366774
3n9s__1__1.A_1.B__1.C_1.D,DOWNLOADED,730609
5n9z__1__1.A_1.I__1.LA_1.MA,DOWNLOADED,596816
5n9z__1__1.A_1.I__1.Q_1.R,DOWNLOADED,596797
5n9z__1__1.C_1.O__1.X_1.Y,DOWNLOADED,594642
5n9z__1__1.C_1.O__1.YA_1.ZA,DOWNLOADED,594635
5n9z__1__1.E_1.M__1.CA_1.DA,DOWNLOADED,592914
5n9z__1__1.E_1.M__1.SA_1.TA,DOWNLOADED,592984
5n9z__1__1.G_1.K__1.GA_1.HA,DOWNLOADED,601950
5n9z__1__1.G_1.K__1.OA_1.PA,DOWNLOADED,601865
2ns1__1__1.B_2.B__1.M,DOWNLOADED,138149
2ns1__1__1.B_3.B__3.M,DOWNLOADED,139111
4nst__1__1.A__1.E_1.F_1.G_1.H,DOWNLOADED,209872
4nst__3__1.C__1.L_1.M_1.N_1.O,DOWNLOADED,211009
1mi3__1__1.A__1.E,DOWNLOADED,205875
1mi3__3__1.A_2.C__1.E,DOWNLOADED,405107
1mi3__3__1.A_2.C__2.G,DOWNLOADED,405111
1mi4__1__1.A__1.B_1.C_1.D,DOWNLOADED,258250
3mi0__1__1.BA_1.X__1.IF,DOWNLOADED,264223
3mi0__1__1.BA_1.X__1.QE,DOWNLOADED,264109
3mi0__1__1.C_1.E__1.NA,DOWNLOADED,258335
3mi0__1__1.C_1.E__1.ZA,DOWNLOADED,258222
3mi0__1__1.G_1.V__1.FE_1.IE,DOWNLOADED,271935
3mi0__1__1.G_1.V__1.MB,DOWNLOADED,271560
3mi0__1__1.H_1.L__1.TB,DOWNLOADED,258910
3mi0__1__1.J_1.R__1.ND,DOWNLOADED,267283
3mi0__1__1.J_1.R__1.ZB,DOWNLOADED,267209
3mi0__1__1.N_1.P__1.ED,DOWNLOADED,261057
3mi0__1__1.N_1.P__1.SC,DOWNLOADED,260945
3mi0__1__1.T_1.Z__1.WD,DOWNLOADED,257566
3mi0__1__1.T_1.Z__1.YE,DOWNLOADED,257566
4min__1__1.C__1.M,DOWNLOADED,211316
4min__1__1.D__1.Q,DOWNLOADED,216795
4mio__1__1.A__1.E,DOWNLOADED,214218
4mio__1__1.C__1.S,DOWNLOADED,210822
4mit__1__1.A__1.I_1.J,DOWNLOADED,114606
4mit__2__1.B__1.M_1.N,DOWNLOADED,115310
4mit__3__1.C__1.Q_1.R,DOWNLOADED,116780
4mit__4__1.D__1.U_1.V,DOWNLOADED,115835
4miy__1__1.A__1.E_1.F,DOWNLOADED,213174
4miy__1__1.C__1.P,DOWNLOADED,213958
3ha3__1__1.A__1.B,DOWNLOADED,181304
3ha5__1__1.A__1.B,DOWNLOADED,180607
5han__1__1.A_1.B__1.M_1.N,DOWNLOADED,1098610
5han__1__1.A_1.B__1.O_1.P,DOWNLOADED,1098527
5han__1__1.C_1.D__1.Q_1.R,DOWNLOADED,1094407
5han__1__1.C_1.D__1.S_1.T,DOWNLOADED,1094331
5han__1__1.E_1.F__1.U_1.V,DOWNLOADED,1097206
5han__1__1.E_1.F__1.W_1.X,DOWNLOADED,1097203
5han__2__1.G_1.H__1.AA_1.BA,DOWNLOADED,1111352
5han__2__1.G_1.H__1.Y_1.Z,DOWNLOADED,1111348
5han__2__1.I_1.J__1.CA_1.DA,DOWNLOADED,1116187
5han__2__1.I_1.J__1.EA_1.FA,DOWNLOADED,1116188
5han__2__1.K_1.L__1.GA_1.HA,DOWNLOADED,1117783
5han__2__1.K_1.L__1.IA_1.JA,DOWNLOADED,1117697
5hao__1__1.A_1.B__1.G_1.H,DOWNLOADED,1098296
5hao__1__1.A_1.B__1.I_1.J,DOWNLOADED,1098146
5hao__1__1.C_1.D__1.K_1.L,DOWNLOADED,1091425
5hao__1__1.C_1.D__1.M_1.N,DOWNLOADED,1091414
5hao__1__1.E_1.F__1.O_1.P,DOWNLOADED,1095298
5hao__1__1.E_1.F__1.Q_1.R,DOWNLOADED,1095157
5hat__1__1.A_1.B__1.M_1.N,DOWNLOADED,1082569
5hat__1__1.A_1.B__1.O_1.P,DOWNLOADED,1082717
5hat__1__1.C_1.D__1.Q_1.R,DOWNLOADED,1090175
5hat__1__1.C_1.D__1.S_1.T,DOWNLOADED,1090488
5hat__1__1.E_1.F__1.U_1.V,DOWNLOADED,1098745
5hat__1__1.E_1.F__1.W_1.X,DOWNLOADED,1098590
5hat__2__1.G_1.H__1.AA_1.BA,DOWNLOADED,1081878
5hat__2__1.G_1.H__1.Y_1.Z,DOWNLOADED,1081642
5hat__2__1.I_1.J__1.CA_1.DA,DOWNLOADED,1060751
5hat__2__1.I_1.J__1.EA_1.FA,DOWNLOADED,1060747
5hat__2__1.K_1.L__1.GA_1.HA,DOWNLOADED,1076129
5hat__2__1.K_1.L__1.IA_1.JA,DOWNLOADED,1076129
1nnk__1__1.A__1.E,DOWNLOADED,160693
4nnn__1__1.BA_1.V__1.PA,DOWNLOADED,264867
4nnn__1__1.H_1.I_1.Z__1.DA,DOWNLOADED,408707
4nnn__1__1.H_1.N__1.IA,DOWNLOADED,261838
4nnn__1__1.L_1.V_1.W__1.KA,DOWNLOADED,408262
6nng__1__1.A_1.B__1.G_1.H,DOWNLOADED,552467
6nng__1__1.B_1.C__1.J_1.K,DOWNLOADED,548725
6nng__1__1.C_1.D__1.O_1.P,DOWNLOADED,536125
6nng__1__1.D__1.R,DOWNLOADED,261710
2is6__1__1.C__1.E_1.F_1.G,DOWNLOADED,411955
2is6__1__1.D__1.I_1.J_1.K,DOWNLOADED,416839
2isj__1__1.A_1.B__1.I,DOWNLOADED,274073
2isj__1__1.A_1.B__1.J,DOWNLOADED,274083
2isj__2__1.C_1.D__1.K,DOWNLOADED,275435
2isj__2__1.C_1.D__1.L,DOWNLOADED,275437
2isj__3__1.E_1.F__1.M,DOWNLOADED,273792
2isj__3__1.E_1.F__1.N,DOWNLOADED,273869
2isj__4__1.G_1.H__1.O,DOWNLOADED,275124
2isj__4__1.G_1.H__1.P,DOWNLOADED,275052
2isk__1__1.A_1.B__1.I,DOWNLOADED,273985
2isk__1__1.A_1.B__1.J,DOWNLOADED,274059
2isk__2__1.C_1.D__1.K,DOWNLOADED,278249
2isk__2__1.C_1.D__1.L,DOWNLOADED,278096
2isk__3__1.E_1.F__1.M,DOWNLOADED,274256
2isk__3__1.E_1.F__1.N,DOWNLOADED,274323
2isk__4__1.G_1.H__1.O,DOWNLOADED,278411
2isk__4__1.G_1.H__1.P,DOWNLOADED,278480
3iso__1__1.A_1.B__1.C,DOWNLOADED,281228
3iso__1__1.A_1.B__1.J,DOWNLOADED,281300
3iss__10__1.J__1.FA,DOWNLOADED,262285
3iss__11__1.K__1.HA,DOWNLOADED,258158
3iss__12__1.L__1.JA,DOWNLOADED,262118
3iss__1__1.A__1.N,DOWNLOADED,253099
3iss__2__1.B__1.P,DOWNLOADED,256709
3iss__3__1.C__1.R,DOWNLOADED,257080
3iss__4__1.D__1.T,DOWNLOADED,255738
3iss__5__1.E__1.V,DOWNLOADED,260941
3iss__6__1.F__1.X,DOWNLOADED,256297
3iss__7__1.G__1.Z,DOWNLOADED,256370
3iss__8__1.H__1.BA,DOWNLOADED,258765
3iss__9__1.I__1.DA,DOWNLOADED,265278
4is3__1__1.B__1.H_1.I,DOWNLOADED,152289
4is3__1__1.D__1.M_1.N,DOWNLOADED,152131
4is9__1__1.A__1.D_1.E,DOWNLOADED,188015
4is9__2__1.B__1.F_1.G,DOWNLOADED,188576
4isl__1__1.B__1.H,DOWNLOADED,148054
4isn__1__1.B__1.D,DOWNLOADED,148085
4iso__1__1.A__1.C,DOWNLOADED,148539
5isl__1__1.A__1.B_1.C,DOWNLOADED,191241
6is0__1__1.A__1.C_1.H,DOWNLOADED,303889
6is0__1__1.A__1.D,DOWNLOADED,303463
6isj__1__1.A__1.B,DOWNLOADED,215108
6isl__1__1.A__1.C,DOWNLOADED,76145
6isl__1__2.B__2.D,DOWNLOADED,76135
1m6i__1__1.A__1.B,DOWNLOADED,284707
3m6p__1__1.A__1.C_1.D,DOWNLOADED,112190
3m6p__2__1.B__1.I_1.J,DOWNLOADED,112529
3m6v__1__1.A__1.C,DOWNLOADED,282524
3m6v__2__1.B__1.D,DOWNLOADED,286743
4m69__1__1.A__1.C_1.E,DOWNLOADED,188065
4m6t__2__1.A_5.A__1.B,DOWNLOADED,219082
4m6t__2__1.A_5.A__5.B,DOWNLOADED,219082
5m6x__1__1.A_1.B__1.E_1.F_1.G,DOWNLOADED,234222
5m6x__2__1.C_1.D__1.H_1.I_1.J,DOWNLOADED,239260
6m60__1__1.A__1.D_1.H,DOWNLOADED,136725
6m6d__1__1.A__1.B_1.C,DOWNLOADED,233692
6m6d__1__2.A__2.B_2.C,DOWNLOADED,237310
3mrt__1__1.A_2.A__1.B,DOWNLOADED,1040330
3mrt__1__1.A_2.A__2.B,DOWNLOADED,1040330
3mrt__1__1.A__1.C,DOWNLOADED,524956
3mrt__1__2.A__2.C,DOWNLOADED,526908
3mrv__1__1.A_2.A__1.B,DOWNLOADED,1040352
3mrv__1__1.A_2.A__2.B,DOWNLOADED,1040352
3mrx__1__1.A__1.C,DOWNLOADED,525455
3mrx__1__2.A__2.C,DOWNLOADED,527491
3lm1__1__1.A__1.Q,DOWNLOADED,85143
3lm1__2__1.G__1.T,DOWNLOADED,85248
3lm4__1__1.A__1.E_1.F_1.G,DOWNLOADED,204902
3lm4__1__1.B__1.H_1.I_1.J,DOWNLOADED,203003
3lm4__1__1.C__1.K_1.L_1.M,DOWNLOADED,204388
3lm4__1__1.D__1.N_1.O_1.P,DOWNLOADED,206037
3lm9__1__1.A__1.D,DOWNLOADED,185765
3lm9__1__2.A__2.D,DOWNLOADED,185531
4lm5__1__1.A__1.B_1.E,DOWNLOADED,173410
4lmp__1__1.A__1.B_1.C_1.F,DOWNLOADED,221529
4lmp__2__1.A__1.B_1.C_1.F,DOWNLOADED,221529
4lmp__2__2.A__2.B_2.C_2.F,DOWNLOADED,219428
4lmp__3__1.A__1.B_1.C_1.F,DOWNLOADED,221529
4lmp__3__2.A__2.B_2.C_2.F,DOWNLOADED,221321
4lmp__3__3.A__3.B_3.C_3.F,DOWNLOADED,221534
4lmp__3__4.A__4.B_4.C_4.F,DOWNLOADED,219040
4lmp__3__5.A__5.B_5.C_5.F,DOWNLOADED,218336
4lmp__3__6.A__6.B_6.C_6.F,DOWNLOADED,219428
4lmu__1__1.A__1.B,DOWNLOADED,178622
5lmc__1__1.A_4.A__1.C,DOWNLOADED,506549
5lmc__1__1.A_4.A__4.C,DOWNLOADED,506549
1lgt__1__1.A__1.B_1.D,DOWNLOADED,175496
1lgt__1__2.A__2.B_2.D,DOWNLOADED,179210
1lgt__1__3.A__3.B_3.D,DOWNLOADED,177701
1lgt__1__4.A__4.B_4.D,DOWNLOADED,177005
1lgt__1__5.A__5.B_5.D,DOWNLOADED,179110
1lgt__1__6.A__6.B_6.D,DOWNLOADED,179806
1lgt__1__7.A__7.B_7.D,DOWNLOADED,177601
1lgt__1__8.A__8.B_8.D,DOWNLOADED,181315
4lg1__1__1.B__1.O,DOWNLOADED,135357
4lgy__1__1.A__1.B_1.C_1.D_1.E,DOWNLOADED,816256
5lga__1__1.A__1.C,DOWNLOADED,156800
5lga__1__2.A__2.C,DOWNLOADED,156472
6lgk__1__1.A_1.B__1.E_1.F_1.G,DOWNLOADED,408497
6lgk__1__1.A_1.B__1.H_1.I_1.J,DOWNLOADED,408425
6lgk__1__1.C_1.D__1.K_1.L_1.M,DOWNLOADED,408671
6lgo__1__1.A_1.B__1.E,DOWNLOADED,463827
6lgo__1__1.A_1.B__1.F,DOWNLOADED,463827
6lgo__1__1.C_1.D__1.G,DOWNLOADED,456684
6lgo__1__1.C_1.D__1.H,DOWNLOADED,456683
1nyt__1__1.B__1.O,DOWNLOADED,167569
1nyt__2__2.B__2.O,DOWNLOADED,169643
4ny3__1__1.A__1.C,DOWNLOADED,194997
4ny3__2__1.B__1.D,DOWNLOADED,196748
5nyh__1__1.A__1.B,DOWNLOADED,133261
4nev__1__1.A_1.B__1.C,DOWNLOADED,586440
4nev__1__1.A_1.B__1.H,DOWNLOADED,586691
4nev__1__1.B__1.I,DOWNLOADED,294422
4ney__1__1.A_1.B__1.D,DOWNLOADED,218655
5neb__1__1.B__1.S,DOWNLOADED,166496
5neb__2__1.A__1.K,DOWNLOADED,160757
3mje__1__1.A__1.C,DOWNLOADED,280695
3mje__2__1.B__1.D,DOWNLOADED,278848
3mjs__1__1.A__1.C_1.D,DOWNLOADED,285659
3mjs__2__1.B__1.G_1.H,DOWNLOADED,284705
3mjt__1__1.A__1.C,DOWNLOADED,285044
3mjt__2__1.B__1.E,DOWNLOADED,284057
3mjv__1__1.A__1.C,DOWNLOADED,284727
3mjv__2__1.B__1.D,DOWNLOADED,283747
3mjx__1__1.A__1.D,DOWNLOADED,442390
4mjl__1__1.A__1.E,DOWNLOADED,218317
4mjl__1__1.C__1.N,DOWNLOADED,215285
4mjp__1__1.B__1.I,DOWNLOADED,223527
5mja__1__1.A__1.C,DOWNLOADED,175558
5mja__2__1.B__1.E,DOWNLOADED,180672
5mji__1__1.A_2.A_3.A_4.A__1.B,DOWNLOADED,640988
5mji__1__1.A_2.A_3.A_4.A__2.B,DOWNLOADED,640995
5mji__1__1.A_2.A_3.A_4.A__3.B,DOWNLOADED,640995
5mji__1__1.A_2.A_3.A_4.A__4.B,DOWNLOADED,640988
6mju__1__1.A__1.B,DOWNLOADED,222421
3myk__1__1.A__1.B,DOWNLOADED,446932
3myz__1__1.A__1.D,DOWNLOADED,65430
3myz__2__1.B__1.I,DOWNLOADED,65175
4myd__1__1.A__1.D,DOWNLOADED,292573
4myd__2__1.B__1.E,DOWNLOADED,295720
5myd__3__1.B_2.D__1.H_1.I_1.J,DOWNLOADED,215573
5myd__4__1.D_2.B__2.H_2.I_2.J,DOWNLOADED,213225
5myk__1__1.A_1.B__1.C,DOWNLOADED,267783
5myn__1__1.A__1.B,DOWNLOADED,122206
5myt__1__1.A__1.B,DOWNLOADED,122890
5myw__1__1.A__1.B,DOWNLOADED,121876
6myo__1__1.B_1.C_1.D__1.QA_1.WA,DOWNLOADED,298914
1m01__2__1.A_2.A__1.B_1.G_1.H,DOWNLOADED,614045
1m01__2__1.A_2.A__2.B_2.G_2.H,DOWNLOADED,614046
1m04__2__1.A_2.A__1.B,DOWNLOADED,612836
1m04__2__1.A_2.A__2.B,DOWNLOADED,612838
1m0u__1__1.A_1.B__1.D,DOWNLOADED,258411
3m0f__1__1.A_1.B__1.C,DOWNLOADED,245072
4m0c__1__1.A_1.B__1.F_1.I,DOWNLOADED,266736
4m0k__1__1.B__1.G,DOWNLOADED,108782
4m0k__2__1.C__1.I,DOWNLOADED,109858
4m0k__2__1.D__1.K,DOWNLOADED,110197
5m06__1__1.A_1.B__1.C,DOWNLOADED,298512
5m0i__1__1.C__1.G,DOWNLOADED,161586
1o3y__1__1.A__1.C_1.D,DOWNLOADED,106568
1o3y__2__1.B__1.E_1.F,DOWNLOADED,107701
2o3z__2__1.A__1.G,DOWNLOADED,171476
3o31__1__1.A__1.C,DOWNLOADED,168227
3o31__1__1.B__1.H,DOWNLOADED,167827
4o3m__1__1.A__1.D_1.F,DOWNLOADED,385624
5o38__1__1.A__1.B,DOWNLOADED,74006
1n7g__1__1.B_1.D__1.K,DOWNLOADED,399307
1n7h__1__1.A_2.B__1.C,DOWNLOADED,415955
1n7h__1__1.A_2.B__2.E,DOWNLOADED,416030
1n7h__1__1.A__1.D,DOWNLOADED,211319
1n7h__1__1.B_2.A__1.E,DOWNLOADED,416521
1n7h__1__1.B_2.A__2.C,DOWNLOADED,416592
1n7h__1__1.B__1.F,DOWNLOADED,211920
1n7h__1__2.A__2.D,DOWNLOADED,211938
1n7h__1__2.B__2.F,DOWNLOADED,211677
3n75__1__1.C_1.E__1.R,DOWNLOADED,899122
3n75__1__2.C_2.E__2.R,DOWNLOADED,912948
3n7u__1__1.A__1.M_1.N,DOWNLOADED,221396
3n7u__1__1.B__1.P_1.Q,DOWNLOADED,221293
3n7u__2__1.C__1.T_1.U,DOWNLOADED,224705
3n7u__2__1.D__1.Y_1.Z,DOWNLOADED,224414
3n7u__3__1.F__1.IA_1.JA,DOWNLOADED,224881
3n7u__4__1.H__1.QA_1.RA,DOWNLOADED,225852
3n7u__5__1.I__1.VA_1.WA,DOWNLOADED,221625
3n7u__6__1.K__1.DB_1.EB,DOWNLOADED,223570
3n7u__6__1.L__1.JB_1.KB,DOWNLOADED,224632
4n70__1__1.A__1.B,DOWNLOADED,182167
5n74__1__1.A_1.B__1.I,DOWNLOADED,75249
5n7o__1__1.A_1.B__1.C,DOWNLOADED,229517
5n7o__1__1.B__1.D,DOWNLOADED,118060
1n2b__1__1.B__1.I_1.J_1.L,DOWNLOADED,168229
1n2e__1__1.B__1.I_1.J_1.K,DOWNLOADED,168081
1n2g__1__1.A__1.D_1.E_1.G,DOWNLOADED,172820
1n2g__1__1.B__1.L_1.M_1.N,DOWNLOADED,169669
1n2h__1__1.A__1.F,DOWNLOADED,171919
1n2h__1__1.B__1.J,DOWNLOADED,170200
1n2i__1__1.B__1.H,DOWNLOADED,170137
1n2v__1__1.A__1.C,DOWNLOADED,230522
1n2v__1__2.A__2.C,DOWNLOADED,234910
3n2s__1__1.A_1.B__1.E,DOWNLOADED,311445
3n2s__1__1.A_1.B__1.G,DOWNLOADED,311371
3n2s__2__1.C_1.D__1.I,DOWNLOADED,311087
3n2s__2__1.C_1.D__1.J,DOWNLOADED,310949
3n2y__1__1.A__1.C,DOWNLOADED,200158
3n2y__1__1.B__1.D,DOWNLOADED,197197
5n21__1__1.A__1.D,DOWNLOADED,79290
5n21__2__1.B__1.F,DOWNLOADED,80343
5n2i__1__1.A__1.E,DOWNLOADED,136338
5n2i__1__1.B__1.J,DOWNLOADED,135180
5n2i__2__1.C__1.L,DOWNLOADED,134987
5n2i__2__1.D__1.N,DOWNLOADED,134114
3mx2__1__1.B__1.F,DOWNLOADED,333230
3mx5__1__1.A__1.D,DOWNLOADED,323875
3mx5__2__1.B__1.F,DOWNLOADED,327165
4mx2__1__1.A_1.B_1.E__1.I,DOWNLOADED,798362
4mx2__1__1.A_1.B_1.F__1.J,DOWNLOADED,805311
4mx2__1__1.A_1.E_1.F__1.O,DOWNLOADED,795324
4mx2__1__1.B_1.E_1.F__1.P,DOWNLOADED,806903
4mx2__2__1.C_1.D_1.H__1.M,DOWNLOADED,800433
5mx7__1__1.A__1.C,DOWNLOADED,304628
5mx7__1__2.A__2.C,DOWNLOADED,307918
5mxk__1__1.A__1.B,DOWNLOADED,120498
5mxv__1__1.A__1.B,DOWNLOADED,122103
5mxx__1__1.A__1.B_1.L,DOWNLOADED,234532
2nq7__1__1.A__1.D_1.F,DOWNLOADED,191536
4nqg__1__1.A__1.C,DOWNLOADED,129239
5nqt__1__1.A_1.B__1.D_1.E,DOWNLOADED,1030398
5nqu__1__1.A_1.B__1.D_1.E,DOWNLOADED,1020128
5nqu__1__1.B__1.F,DOWNLOADED,504788
4ogi__2__1.B__1.F,DOWNLOADED,85542
5ogj__2__1.B__1.K_1.Q_1.R,DOWNLOADED,165673
5ogx__1__1.A__1.B,DOWNLOADED,203552
2o7o__1__1.A_2.A__1.B_1.F,DOWNLOADED,258190
2o7o__1__1.A_2.A__2.B_2.F,DOWNLOADED,258190
3o75__1__1.A__1.C,DOWNLOADED,166609
3o75__1__1.B__1.D,DOWNLOADED,168872
6o7f__1__1.A__1.B,DOWNLOADED,221054
6o7f__2__1.A_2.A__2.B,DOWNLOADED,433872
6o7f__2__1.A_3.A__1.B,DOWNLOADED,434074
1ooq__1__1.A_1.B__1.D,DOWNLOADED,267510
2oor__1__1.A__1.D,DOWNLOADED,225849
2oor__1__1.B_1.C__1.G,DOWNLOADED,326049
4lxh__1__1.A__1.B,DOWNLOADED,170005
4lxq__1__1.A_1.B__1.C_1.U,DOWNLOADED,354684
4lxq__1__1.A_1.B__1.N,DOWNLOADED,354202
4lxq__1__1.A__1.D,DOWNLOADED,180738
4lxq__1__1.B__1.O,DOWNLOADED,179844
4lxy__1__1.A_1.B__1.C,DOWNLOADED,353185
5lxc__1__1.A__1.C_1.F,DOWNLOADED,248442
5lxc__2__1.B__1.L,DOWNLOADED,249070
5lxs__1__1.A_1.B__1.G_1.H,DOWNLOADED,539118
5lxs__1__1.C_1.D__1.O_1.P,DOWNLOADED,547645
5lxs__1__1.F__1.V_1.W,DOWNLOADED,228518
5lxt__1__1.A_1.B__1.G_1.H,DOWNLOADED,543015
5lxt__1__1.A_1.F__1.V_1.W,DOWNLOADED,506816
5lxt__1__1.B__1.O,DOWNLOADED,269757
5lxt__1__1.C_1.D__1.P_1.Q,DOWNLOADED,543952
5lxt__1__1.D__1.U,DOWNLOADED,271986
1nrl__2__1.B__1.F,DOWNLOADED,179190
2nr4__1__1.A_1.B__1.C,DOWNLOADED,233585
3nrz__1__1.A_1.B_1.C__1.I,DOWNLOADED,755065
3nrz__1__1.D_1.E_1.F__1.O,DOWNLOADED,754140
4nr4__1__1.A__1.C,DOWNLOADED,75259
3o8g__1__1.A__1.B,DOWNLOADED,121762
5o8h__1__1.A_1.C__1.N_1.O,DOWNLOADED,397679
5o8q__1__1.A_1.E__1.I_1.K,DOWNLOADED,399656
5o8q__1__1.A_1.E__1.U_1.W,DOWNLOADED,399736
5o8q__1__1.D_1.G__1.AA_1.CA,DOWNLOADED,402387
5o8q__1__1.D_1.G__1.R_1.T,DOWNLOADED,402461
5o8q__2__1.B_1.H__1.L_1.N,DOWNLOADED,398509
5o8q__2__1.C_1.F__1.O_1.Q,DOWNLOADED,401234
5o8q__2__1.C_1.F__1.X_1.Z,DOWNLOADED,401310
5o8t__1__1.A_1.B__1.H,DOWNLOADED,262078
5o8t__1__1.A_1.E__1.M,DOWNLOADED,260758
5o8t__1__1.B_1.C__1.I,DOWNLOADED,260097
5o8t__1__1.C_1.D__1.J,DOWNLOADED,258023
5o8t__1__1.D_1.E__1.K,DOWNLOADED,257606
6o86__1__1.A__1.B,DOWNLOADED,284746
6o87__1__1.A__1.B,DOWNLOADED,289313
1llu__1__1.A_1.B__1.I_1.K_1.L,DOWNLOADED,399312
1llu__1__1.A_1.B__1.N_1.P_1.Q,DOWNLOADED,399164
1llu__1__1.C_1.D__1.R_1.T_1.U,DOWNLOADED,399405
1llu__1__1.C_1.D__1.W_1.Y_1.Z,DOWNLOADED,399256
1llu__2__1.E_1.F__1.AA_1.CA_1.DA,DOWNLOADED,403996
1llu__2__1.E_1.F__1.FA_1.HA_1.IA,DOWNLOADED,403850
1llu__2__1.G_1.H__1.JA_1.LA_1.MA,DOWNLOADED,400300
1llu__2__1.G_1.H__1.OA_1.QA_1.RA,DOWNLOADED,400148
3llt__1__1.A__1.D,DOWNLOADED,225417
4ll5__1__1.A__1.B,DOWNLOADED,178684
5lla__1__1.A__1.C_1.D,DOWNLOADED,165111
6ll5__1__1.A__1.B,DOWNLOADED,177353
6llf__1__1.B__1.T_1.U,DOWNLOADED,250372
6llf__1__1.C__1.CA_1.DA,DOWNLOADED,249259
6llk__1__1.A__1.C_1.D,DOWNLOADED,250201
6llw__2__1.B__1.D,DOWNLOADED,263543
6llz__1__1.A__1.C,DOWNLOADED,272393
6llz__2__1.B__1.D,DOWNLOADED,277622
1o2i__1__1.A__1.D,DOWNLOADED,249620
1o2n__1__1.A__1.D,DOWNLOADED,250139
3o26__1__1.A__1.B,DOWNLOADED,184881
3o2f__1__1.A__1.C,DOWNLOADED,141382
3o2f__1__1.B__1.I,DOWNLOADED,133157
4o2a__1__1.A_1.B__1.G_1.H,DOWNLOADED,536574
4o2a__1__1.A_1.B__1.P,DOWNLOADED,535682
4o2a__1__1.C_1.D__1.S_1.U,DOWNLOADED,541254
4o2b__1__1.A_1.B__1.G_1.H,DOWNLOADED,538612
4o2b__1__1.C_1.D__1.V_1.W,DOWNLOADED,541418
4o2b__1__1.D__1.GA_1.HA,DOWNLOADED,268736
4o2b__1__1.F__1.MA_1.NA,DOWNLOADED,211184
4o2l__2__1.B__1.E_1.F,DOWNLOADED,106894
5o2f__1__1.A_1.B__1.C_1.D_1.E,DOWNLOADED,283448
5o2f__1__1.A_1.B__1.L_1.M_1.N,DOWNLOADED,283558
1ml4__3__1.A_2.A__1.B,DOWNLOADED,385469
1ml4__3__1.A_3.A__3.B,DOWNLOADED,386531
1ml6__1__1.A_1.B__1.C,DOWNLOADED,280283
1ml6__1__1.A_1.B__1.E,DOWNLOADED,280289
3mlb__1__1.A_1.B__1.D_1.E_1.G,DOWNLOADED,246804
3mlb__2__1.A_1.B__1.D_1.E_1.G,DOWNLOADED,246804
3mlb__2__2.A_2.B__2.D_2.E_2.G,DOWNLOADED,248713
5mld__1__1.A_1.B_1.C_1.D__1.I,DOWNLOADED,643082
5mld__1__1.A_1.B_1.C_1.D__1.J,DOWNLOADED,642924
5mld__2__1.E_1.F_1.G_1.H__1.M,DOWNLOADED,641921
5mld__2__1.E_1.F_1.G_1.H__1.N,DOWNLOADED,641831
5mld__2__1.E_1.F_1.G_1.H__1.O,DOWNLOADED,641766
5mlj__1__1.A__1.D,DOWNLOADED,73899
5mlj__2__1.B__1.F,DOWNLOADED,71059
5mln__1__1.A__1.C,DOWNLOADED,143050
5mln__1__1.B__1.G,DOWNLOADED,145248
5mlz__1__1.A__1.B_1.C,DOWNLOADED,230026
1npx__2__1.A_2.A__1.B,DOWNLOADED,559897
1npx__2__1.A_2.A__2.B,DOWNLOADED,559898
1np0__1__1.B_1.C_2.C__1.I,DOWNLOADED,421441
1np0__1__1.C_2.B_2.C__2.I,DOWNLOADED,421693
1np0__2__1.E_1.F_2.F__1.M,DOWNLOADED,421053
1np0__2__1.F_2.E_2.F__2.M,DOWNLOADED,420565
1npt__1__1.A_1.D__1.E_1.F,DOWNLOADED,399398
1npt__1__1.A_1.D__1.K_1.L,DOWNLOADED,399404
1npt__1__1.B_1.C__1.G_1.H,DOWNLOADED,399296
1npt__1__1.B_1.C__1.I_1.J,DOWNLOADED,399073
2npn__1__1.A__1.C,DOWNLOADED,151613
2npn__2__2.A__2.C,DOWNLOADED,151759
4npv__1__1.A__1.B,DOWNLOADED,208898
4npw__1__1.A__1.D,DOWNLOADED,208307
2o1u__1__1.A__1.C_1.E,DOWNLOADED,371964
2o1u__1__1.B__1.F_1.I,DOWNLOADED,372731
4o1f__1__1.B__1.D,DOWNLOADED,169956
4o1m__1__1.A__1.G,DOWNLOADED,179557
4o1m__1__1.B__1.H,DOWNLOADED,178625
4o1m__1__1.C__1.I,DOWNLOADED,179484
4o1m__1__1.E__1.K,DOWNLOADED,182161
4o1m__2__1.D__1.J,DOWNLOADED,181673
4o1m__2__2.D__2.J,DOWNLOADED,183984
4o1p__1__1.A__1.E_1.F_1.G,DOWNLOADED,428519
4o1p__1__1.B__1.I_1.J_1.K,DOWNLOADED,426826
4o1p__2__1.C__1.M_1.N_1.O,DOWNLOADED,434472
4o1p__2__1.D__1.Q_1.R_1.S,DOWNLOADED,430944
5o11__1__1.A__1.B_1.D,DOWNLOADED,174980
5o13__1__1.A__1.B,DOWNLOADED,176917
6o1h__1__1.B__1.N,DOWNLOADED,238829
6o1h__1__2.B__2.N,DOWNLOADED,241357
1os0__1__1.A__1.B_1.G,DOWNLOADED,195258
1os0__2__1.A__1.B_1.G,DOWNLOADED,195258
1os0__2__2.A__2.B_2.G,DOWNLOADED,196658
1osv__1__1.A__1.F,DOWNLOADED,150022
1osv__2__1.B__1.G,DOWNLOADED,149816
2os1__1__1.A__1.B_1.F,DOWNLOADED,112169
1obn__1__1.A__1.B_1.C_1.D,DOWNLOADED,208985
1obo__1__1.A__1.C,DOWNLOADED,105518
4ob6__1__1.A_2.A__1.D,DOWNLOADED,385397
4ob6__1__1.A_2.A__2.D,DOWNLOADED,385397
4obo__1__1.A__1.E,DOWNLOADED,180583
4obp__1__1.A__1.E,DOWNLOADED,186491
4obq__1__1.A__1.E,DOWNLOADED,180867
4obw__1__1.A__1.F,DOWNLOADED,154964
4obw__1__1.D__1.J,DOWNLOADED,153054
4obw__2__1.B__1.G,DOWNLOADED,155249
4obw__2__1.C__1.I,DOWNLOADED,154301
5obu__1__1.A__1.B_1.C,DOWNLOADED,325099
5obw__1__1.A__1.B_1.C_1.D,DOWNLOADED,229597
3orh__1__1.A__1.E,DOWNLOADED,145896
3orh__2__1.B__1.F,DOWNLOADED,144806
3orh__3__1.C__1.G,DOWNLOADED,146513
3oro__1__1.A__1.B,DOWNLOADED,166158
3orp__1__1.A__1.B,DOWNLOADED,168564
5org__1__1.A__1.E_1.G_1.W,DOWNLOADED,155918
5org__1__1.B__1.MA,DOWNLOADED,151592
6ora__1__1.A__1.C_1.E,DOWNLOADED,191908
6ora__2__1.B__1.G_1.I,DOWNLOADED,194175
1odx__1__1.A_1.B__1.C,DOWNLOADED,120525
1od6__1__1.A_2.A__2.B,DOWNLOADED,192285
1od6__1__1.A_3.A__1.B,DOWNLOADED,192249
1od6__1__4.A_5.A__4.B,DOWNLOADED,189922
1od6__1__4.A_6.A__6.B,DOWNLOADED,189922
1odm__1__1.A__1.B_1.F,DOWNLOADED,209025
1odn__1__1.A__1.B_1.D,DOWNLOADED,205432
2ode__1__1.A__1.E_1.F_1.G,DOWNLOADED,201341
3odu__1__1.B__1.H,DOWNLOADED,293404
4od9__1__1.A_1.B__1.G_1.I,DOWNLOADED,210001
4od9__1__2.C_2.D__2.J_2.K,DOWNLOADED,209587
5od2__1__1.A__1.E,DOWNLOADED,297489
5od2__2__1.B__1.I,DOWNLOADED,294232
5od3__1__1.A_1.D__1.O_1.P,DOWNLOADED,393193
5od3__1__1.B_1.C__1.I_1.J,DOWNLOADED,397204
5od3__1__1.B_1.C__1.L_1.M,DOWNLOADED,397282
1opk__1__1.A__1.C,DOWNLOADED,289457
3op4__1__1.B__1.E_1.F,DOWNLOADED,148081
3op4__1__2.B__2.E_2.F,DOWNLOADED,148880
1kr5__1__1.A__1.B,DOWNLOADED,130914
3kr1__1__1.A__1.C,DOWNLOADED,162370
3kr1__1__1.B__1.E,DOWNLOADED,170017
3kr2__1__1.A__1.C,DOWNLOADED,162424
3kr2__1__1.B__1.E,DOWNLOADED,170018
3kr4__1__1.A__1.M_1.N_1.O_1.P,DOWNLOADED,319586
3kr4__1__1.B__1.V_1.W_1.X_1.Y,DOWNLOADED,318540
3kr4__1__1.C__1.DA_1.EA_1.FA_1.GA,DOWNLOADED,318185
3kr4__1__1.D__1.JA_1.KA_1.LA_1.MA,DOWNLOADED,316298
3kr4__1__1.E__1.TA_1.UA_1.VA_1.WA,DOWNLOADED,315623
3kr4__1__1.F__1.BB_1.CB_1.DB_1.EB,DOWNLOADED,313165
3kr4__2__1.G__1.JB_1.KB_1.LB_1.MB,DOWNLOADED,324877
3kr4__2__1.H__1.UB_1.VB_1.WB_1.XB,DOWNLOADED,323330
3kr4__2__1.I__1.AC_1.BC_1.CC_1.DC,DOWNLOADED,323149
3kr4__2__1.J__1.HC_1.IC_1.JC_1.KC,DOWNLOADED,321405
3kr4__2__1.K__1.QC_1.RC_1.SC_1.TC,DOWNLOADED,321501
3kr4__2__1.L__1.AD_1.BD_1.CD_1.ZC,DOWNLOADED,322346
4kri__1__1.A__1.D,DOWNLOADED,279998
4kri__2__1.B__1.F,DOWNLOADED,277312
5kr7__1__1.A__1.C_1.E,DOWNLOADED,222257
5kr7__2__1.B__1.G_1.I,DOWNLOADED,224067
7krg__1__1.A__1.J,DOWNLOADED,166788
7krg__1__1.B__1.L,DOWNLOADED,163792
7krg__1__1.C__1.M,DOWNLOADED,164467
7krg__1__1.D__1.N,DOWNLOADED,165462
7krg__2__1.F__1.Q,DOWNLOADED,167755
7krg__2__1.H__1.T,DOWNLOADED,166510
7krg__2__2.E__2.P,DOWNLOADED,165403
7krg__2__2.G__2.S,DOWNLOADED,165907
7krm__1__1.A__1.E,DOWNLOADED,277950
7krm__1__1.B__1.F,DOWNLOADED,272922
7krm__1__1.C__1.G,DOWNLOADED,283466
7krm__1__1.D__1.H,DOWNLOADED,274356
2p4s__1__1.A_1.B__1.G_1.H,DOWNLOADED,351738
2p4s__1__1.A_1.C__1.D_1.F,DOWNLOADED,352780
2p4s__1__1.B_1.C__1.I_1.J,DOWNLOADED,355055
4p4t__1__1.A_2.A__1.B,DOWNLOADED,417522
4p4t__1__1.A_2.A__2.B,DOWNLOADED,417524
2olc__1__1.A__1.F,DOWNLOADED,237196
2olj__1__1.A_1.B__1.C_1.D,DOWNLOADED,299988
2olj__1__1.A_1.B__1.G_1.H,DOWNLOADED,300074
2olk__1__1.B_1.C__1.G,DOWNLOADED,301844
2olk__1__1.D__1.H,DOWNLOADED,155048
5olg__1__1.A__1.B,DOWNLOADED,245655
5olr__1__1.A__1.D_1.G_1.H_1.I,DOWNLOADED,268912
5olr__2__1.B__1.E_1.K_1.L_1.M,DOWNLOADED,266124
5olr__3__1.C__1.F_1.N_1.O_1.P,DOWNLOADED,269602
5olv__1__1.A__1.B,DOWNLOADED,244149
3ms2__1__1.A_2.A__1.B,DOWNLOADED,1040920
3ms2__1__1.A_2.A__2.B,DOWNLOADED,1040920
3ms2__1__1.A__1.C,DOWNLOADED,525269
3ms2__1__2.A__2.C,DOWNLOADED,527267
3ms4__1__1.A__1.C,DOWNLOADED,525256
3ms4__1__2.A__2.C,DOWNLOADED,527323
3ms7__1__1.A_2.A__1.B,DOWNLOADED,1039256
3ms7__1__1.A_2.A__2.B,DOWNLOADED,1039256
3msc__1__1.A__1.B,DOWNLOADED,525185
3msc__1__2.A__2.B,DOWNLOADED,527196
3msx__1__1.A_1.B__1.C_1.D_1.E,DOWNLOADED,233181
4msf__1__1.A__1.E,DOWNLOADED,377906
5msu__1__1.A__1.D,DOWNLOADED,293254
5msu__2__1.B__1.E,DOWNLOADED,293162
3p7b__1__1.A__1.B,DOWNLOADED,218083
4p7q__1__1.A__1.D,DOWNLOADED,231827
4p7q__1__1.A__1.E,DOWNLOADED,231901
1nmm__1__1.A_1.B__1.F,DOWNLOADED,251853
1nmm__2__1.C_1.D__1.H,DOWNLOADED,252797
2nm2__1__1.A_1.B__1.E,DOWNLOADED,150678
2nm2__1__1.A_2.B__2.F,DOWNLOADED,150415
2nm2__1__1.B_2.A__1.F,DOWNLOADED,150793
2nm2__1__1.C_1.D__1.G,DOWNLOADED,150417
2nm2__1__1.C_2.D__2.H,DOWNLOADED,150302
2nm2__1__1.D_2.C__1.H,DOWNLOADED,149890
2nm3__1__1.A_3.A__3.C,DOWNLOADED,150365
2nm3__1__1.A_4.A__1.C,DOWNLOADED,150756
2nm3__1__5.A_7.A__7.C,DOWNLOADED,150835
2nm3__1__5.A_8.A__5.C,DOWNLOADED,150467
3nm5__1__1.A_1.B__1.C,DOWNLOADED,274444
3nm5__1__1.A_1.B__1.D,DOWNLOADED,274553
3nmi__1__1.A__1.H,DOWNLOADED,64921
3nmi__2__1.B__1.L,DOWNLOADED,64797
3nmi__6__1.F__1.W,DOWNLOADED,64883
4nmy__1__1.A__1.C,DOWNLOADED,189575
4nmy__2__1.B__1.D,DOWNLOADED,192766
5nm5__1__1.A_1.B__1.D_1.E,DOWNLOADED,1007143
5nmw__1__1.B__1.F,DOWNLOADED,273602
5nmw__1__2.A__2.E,DOWNLOADED,270837
5nmw__2__1.D__1.J,DOWNLOADED,271322
5nmw__2__2.C__2.H,DOWNLOADED,270148
1njf__1__1.A__1.F,DOWNLOADED,149945
1njf__2__1.B__1.H,DOWNLOADED,149744
1njf__3__1.C__1.J,DOWNLOADED,149189
1njf__4__1.D__1.L,DOWNLOADED,150074
1njj__1__1.B__1.G,DOWNLOADED,224834
4njo__1__1.A__1.C_1.D,DOWNLOADED,195780
4njs__1__1.A_1.B__1.E,DOWNLOADED,119862
4njs__2__1.C_1.D__1.F,DOWNLOADED,122255
5njb__1__1.A_1.B__1.E_1.F,DOWNLOADED,553980
5njb__2__1.C_1.D__1.L_1.M,DOWNLOADED,553648
5njh__1__1.A_1.B__1.G_1.H,DOWNLOADED,530079
5njh__1__1.B_1.C__1.K,DOWNLOADED,531632
5njh__1__1.C_1.D__1.L_1.M,DOWNLOADED,542419
5njh__1__1.F__1.P_1.Q,DOWNLOADED,224102
4mpj__1__1.A_2.A__1.B_1.E,DOWNLOADED,627604
4mpj__1__1.A_2.A__2.B_2.E,DOWNLOADED,627604
4mpj__1__3.A_4.A__3.B_3.E,DOWNLOADED,626540
4mpj__1__3.A_4.A__4.B_4.E,DOWNLOADED,626540
4mpp__1__1.A_2.A__1.B_1.F,DOWNLOADED,631049
4mpp__1__1.A_2.A__2.B_2.F,DOWNLOADED,631049
4mpp__1__3.A_4.A__3.B_3.F,DOWNLOADED,629989
4mpp__1__3.A_4.A__4.B_4.F,DOWNLOADED,629989
4mpr__1__1.A_2.A__1.B_1.C,DOWNLOADED,628356
4mpr__1__1.A_2.A__2.B_2.C,DOWNLOADED,628356
4mpr__1__3.A_4.A__3.B_3.C,DOWNLOADED,627304
4mpr__1__3.A_4.A__4.B_4.C,DOWNLOADED,627304
3m8r__1__1.A__1.D_1.E_1.F,DOWNLOADED,348175
4m87__1__1.A__1.C,DOWNLOADED,157980
4m87__1__1.B__1.D,DOWNLOADED,151458
4m87__1__2.A__2.C,DOWNLOADED,158022
4m87__1__2.B__2.D,DOWNLOADED,150652
5m8d__1__1.A_1.B__1.G_1.H,DOWNLOADED,539361
5m8d__1__1.B_1.C__1.M_1.N,DOWNLOADED,539388
5m8d__1__1.C_1.D__1.R_1.S,DOWNLOADED,544692
5m8d__1__1.D__1.U_1.V,DOWNLOADED,271997
5m8d__1__1.F__1.W_1.X,DOWNLOADED,226926
5m8g__1__1.A_1.B__1.G_1.H,DOWNLOADED,540079
5m8g__1__1.A_1.B__1.L,DOWNLOADED,539215
5m8g__1__1.B_1.C__1.M_1.N,DOWNLOADED,539295
5m8g__1__1.C_1.D__1.R_1.S,DOWNLOADED,544657
5m8g__1__1.C_1.D__1.U,DOWNLOADED,543750
5m8g__1__1.D__1.V_1.W,DOWNLOADED,272003
5m8g__1__1.F__1.Y_1.Z,DOWNLOADED,220333
6m81__1__1.A__1.E,DOWNLOADED,146406
6m81__1__1.A__1.F,DOWNLOADED,146490
6m81__1__2.C__2.I,DOWNLOADED,148234
6m81__1__2.C__2.J,DOWNLOADED,148498
6m81__2__1.B__1.G,DOWNLOADED,145968
6m81__2__1.B__1.H,DOWNLOADED,146126
6m81__2__2.D__2.K,DOWNLOADED,148753
6m81__2__2.D__2.L,DOWNLOADED,148904
6m82__1__1.A__1.B,DOWNLOADED,148170
6m82__1__1.A__1.C,DOWNLOADED,148431
6m82__1__2.A__2.B,DOWNLOADED,145088
6m82__1__2.A__2.C,DOWNLOADED,145353
6m83__1__1.A__1.B,DOWNLOADED,149433
6m83__1__2.A__2.B,DOWNLOADED,146311
6m8u__1__1.A_11.A_9.A__9.B_9.C,DOWNLOADED,339995
6m8u__1__1.A_3.A_5.A__1.B_1.C,DOWNLOADED,336729
6m8u__1__1.A_3.A_8.A__3.B_3.C,DOWNLOADED,335397
6m8u__1__10.A_12.A_2.A__12.B_12.C,DOWNLOADED,337800
6m8u__1__10.A_12.A_3.A__10.B_10.C,DOWNLOADED,339224
6m8u__1__10.A_6.A_8.A__8.B_8.C,DOWNLOADED,334593
6m8u__1__11.A_4.A_9.A__11.B_11.C,DOWNLOADED,338604
6m8u__1__11.A_6.A_8.A__6.B_6.C,DOWNLOADED,335943
6m8u__1__12.A_5.A_7.A__7.B_7.C,DOWNLOADED,338587
6m8u__1__2.A_4.A_6.A__4.B_4.C,DOWNLOADED,331403
6m8u__1__2.A_4.A_7.A__2.B_2.C,DOWNLOADED,332753
6m8u__1__5.A_7.A_9.A__5.B_5.C,DOWNLOADED,336729
1niu__1__1.A_1.B__1.D,DOWNLOADED,475239
3nie__1__1.A__1.C,DOWNLOADED,232992
3nif__1__1.A_1.B__1.Q,DOWNLOADED,568615
3nif__2__1.C_1.D__1.MA,DOWNLOADED,571325
3nih__1__1.A__1.B,DOWNLOADED,50751
3nii__1__1.A__1.B,DOWNLOADED,50571
3nim__4__1.D__1.E,DOWNLOADED,53439
4nir__1__1.A__1.I,DOWNLOADED,171525
5ni5__1__1.A__1.C,DOWNLOADED,168875
5ni8__1__1.A__1.C,DOWNLOADED,169287
5nib__1__1.A__1.C,DOWNLOADED,169455
5nii__2__1.B__1.M,DOWNLOADED,180737
5nit__1__1.A__1.C_1.D,DOWNLOADED,357902
5niw__1__1.A__1.C_1.D,DOWNLOADED,359578
1oar__1__1.A_1.E__1.R,DOWNLOADED,139607
1oar__3__1.C_1.G__1.EA,DOWNLOADED,138898
3oaz__2__1.D__1.RA,DOWNLOADED,128814
4oa5__3__1.C__1.UA,DOWNLOADED,129515
4oa5__5__1.E__1.NC,DOWNLOADED,132989
4oaq__1__1.A_1.B__1.C,DOWNLOADED,441288
4oas__1__1.A__1.D,DOWNLOADED,62993
4oav__1__1.A_1.C__1.K,DOWNLOADED,853288
4oav__1__1.A__1.E_1.F_1.G,DOWNLOADED,433635
4oav__1__1.C__1.H_1.I_1.J,DOWNLOADED,433008
5oa6__1__1.A__1.B,DOWNLOADED,281743
5oaj__1__1.D_1.E__1.CA,DOWNLOADED,259609
5oaj__2__1.F_1.J__1.EB,DOWNLOADED,266778
2p99__1__1.A__1.B_1.D,DOWNLOADED,160811
2p9d__1__1.A_1.B__1.C,DOWNLOADED,330276
2p9i__1__1.A__1.H_1.I,DOWNLOADED,251945
2p9i__1__1.B__1.J_1.K,DOWNLOADED,168519
3p9c__1__1.A__1.B,DOWNLOADED,216719
3p9c__1__2.A__2.B,DOWNLOADED,217498
4p90__1__1.A__1.C,DOWNLOADED,174387
4p90__2__1.B__1.D,DOWNLOADED,165193
4lrj__1__1.A__1.C_1.D,DOWNLOADED,101303
4lrz__1__1.A_1.F_1.H__1.I_1.J_1.K,DOWNLOADED,489642
4lrz__1__1.B_1.F_1.H__1.L_1.M_1.N,DOWNLOADED,489900
4lrz__2__1.C_1.E_1.G__1.O_1.P_1.Q,DOWNLOADED,486576
4lrz__2__1.D_1.E_1.G__1.R_1.S_1.T,DOWNLOADED,488551
5lr6__1__1.A__1.E,DOWNLOADED,131916
5lr6__2__1.B__1.H,DOWNLOADED,134001
5lr6__3__1.C__1.L,DOWNLOADED,134101
5lr6__4__1.D__1.N,DOWNLOADED,134605
5lr7__1__1.A__1.B,DOWNLOADED,130983
5lrc__1__1.A__1.C,DOWNLOADED,523667
5lrc__1__2.A__2.C,DOWNLOADED,525652
5lrd__1__1.A__1.B,DOWNLOADED,523797
5lrd__1__2.A__2.B,DOWNLOADED,525794
5lre__1__1.A__1.B,DOWNLOADED,523944
5lrf__1__1.A__1.B,DOWNLOADED,523945
5lrf__1__2.A__2.B,DOWNLOADED,525935
5lrl__1__1.A__1.B,DOWNLOADED,131307
5lrz__1__1.A__1.B,DOWNLOADED,131055
6lr8__1__1.A__1.I,DOWNLOADED,323829
6lrc__1__1.A__1.C,DOWNLOADED,225546
6lrc__1__1.B__1.E,DOWNLOADED,224803
6lrd__1__1.A__1.C,DOWNLOADED,433830
6lri__1__1.A__1.C,DOWNLOADED,205759
6lri__1__1.B__1.E,DOWNLOADED,203689
1p5z__1__1.A__1.C,DOWNLOADED,152643
1p5z__1__2.A__2.C,DOWNLOADED,152596
2p53__1__1.A_1.B__1.C_1.D,DOWNLOADED,460224
2p53__1__1.A_1.B__1.E_1.F,DOWNLOADED,460151
2p5c__1__1.A_1.B__1.C,DOWNLOADED,330307
2p5f__1__1.A__1.C,DOWNLOADED,167693
2p5s__1__1.A__1.C,DOWNLOADED,100811
2p5y__1__1.A__1.B,DOWNLOADED,197609
4p54__1__1.A_2.A__1.B,DOWNLOADED,276922
4p54__1__1.A_2.A__2.B,DOWNLOADED,276922
1pa9__1__1.A__1.B,DOWNLOADED,171985
4pam__1__1.A__1.B,DOWNLOADED,215846
4paq__1__1.A__1.B_1.C,DOWNLOADED,208482
3mqf__1__1.A_2.A__1.C,DOWNLOADED,1039387
3mqf__1__1.A_2.A__2.C,DOWNLOADED,1039387
3mqr__1__1.A__1.B,DOWNLOADED,93165
3mqs__1__1.A__1.B,DOWNLOADED,95104
4mq5__1__1.A_2.A__1.B_1.D,DOWNLOADED,630305
4mq5__1__1.A_2.A__2.B_2.D,DOWNLOADED,630305
4mq5__1__3.A_4.A__3.B_3.D,DOWNLOADED,629356
4mq5__1__3.A_4.A__4.B_4.D,DOWNLOADED,629356
5mqv__1__1.A__1.G,DOWNLOADED,354137
5mqv__2__1.B__1.K,DOWNLOADED,359005
5mqv__3__1.C__1.P,DOWNLOADED,359817
5mqv__4__1.D__1.V,DOWNLOADED,362833
5mqv__5__1.E__1.BA,DOWNLOADED,356886
6mqc__1__1.A_1.B__1.F,DOWNLOADED,279343
6mqc__2__1.C_1.D__1.E,DOWNLOADED,275342
3p3g__1__1.A__1.B_1.C_1.H,DOWNLOADED,370455
4p32__1__1.A__1.C_1.D,DOWNLOADED,146938
4p32__2__1.B__1.E_1.F,DOWNLOADED,144500
4p3y__1__1.A__1.C_1.D,DOWNLOADED,467289
6p3t__1__1.A__1.B,DOWNLOADED,246196
1mts__1__1.A__1.C,DOWNLOADED,130591
1mtc__1__1.A_1.B__1.C,DOWNLOADED,283126
1mtc__1__1.A_1.B__1.D,DOWNLOADED,283061
3mt7__1__1.A__1.C,DOWNLOADED,525041
3mt7__1__2.A__2.C,DOWNLOADED,527065
3mt8__1__1.A__1.C,DOWNLOADED,525040
3mt8__1__2.A__2.C,DOWNLOADED,527077
3mt9__1__1.A__1.C,DOWNLOADED,525162
3mt9__1__2.A__2.C,DOWNLOADED,527108
3mtb__1__1.A_2.A__1.B,DOWNLOADED,1041249
3mtb__1__1.A_2.A__2.B,DOWNLOADED,1041249
3mtb__1__1.A__1.C,DOWNLOADED,525389
3mtb__1__2.A__2.C,DOWNLOADED,527400
3mtd__1__1.A_2.A__1.C,DOWNLOADED,1040323
3mtd__1__1.A_2.A__2.C,DOWNLOADED,1040323
3mtd__1__1.A__1.B,DOWNLOADED,524985
3mtd__1__2.A__2.B,DOWNLOADED,526963
4mta__1__1.A__1.B,DOWNLOADED,176256
6mt0__1__1.A__1.B,DOWNLOADED,182147
6mt7__1__1.A__1.C,DOWNLOADED,148918
6mt7__2__1.B__1.D,DOWNLOADED,148775
6mtf__1__1.A__1.C,DOWNLOADED,149198
6mtf__2__1.B__1.D,DOWNLOADED,148877
6mtn__1__1.D__1.Z,DOWNLOADED,287829
3o6o__1__1.A__1.C,DOWNLOADED,129972
4o63__1__1.A_1.B__1.E,DOWNLOADED,398444
4o63__1__1.A_1.B__1.F,DOWNLOADED,398595
4o63__1__1.C_1.D__1.G,DOWNLOADED,399434
6o65__1__1.A__1.I,DOWNLOADED,180705
6o65__1__1.B__1.K,DOWNLOADED,181060
6o65__2__1.C__1.N,DOWNLOADED,180780
6o65__3__1.E__1.S,DOWNLOADED,181008
6o65__3__1.F__1.W,DOWNLOADED,180762
6o65__4__1.H__1.EA,DOWNLOADED,182436
6o6f__1__1.A__1.C,DOWNLOADED,98902
6o6f__2__1.B__1.D,DOWNLOADED,99698
1mkv__1__1.A__1.B_1.C,DOWNLOADED,77345
1mkv__1__2.A__2.B_2.C,DOWNLOADED,78209
1mky__1__1.A__1.G,DOWNLOADED,262069
3mkd__1__1.A__1.B_1.C_1.D,DOWNLOADED,448344
3mkj__1__1.A__1.B,DOWNLOADED,232807
3mkj__1__3.A__3.B,DOWNLOADED,235497
3mkn__1__1.A__1.E_1.F,DOWNLOADED,181855
3mkn__1__1.D__1.K_1.L,DOWNLOADED,185257
4mk3__1__1.A_2.A__1.E,DOWNLOADED,496752
4mk3__1__1.A_2.A__2.E,DOWNLOADED,496755
4mkv__1__1.A_2.B__1.I,DOWNLOADED,580885
4mkv__1__1.A_2.B__2.K,DOWNLOADED,580804
4mkv__1__1.B_2.A__1.K,DOWNLOADED,573456
4mkv__1__1.B_2.A__2.I,DOWNLOADED,573374
4mkv__1__1.C_2.D__1.M,DOWNLOADED,577318
4mkv__1__1.C_2.D__2.O,DOWNLOADED,577166
4mkv__1__1.D_2.C__1.O,DOWNLOADED,584418
4mkv__1__1.D_2.C__2.M,DOWNLOADED,584568
3ox4__1__1.A__1.E_1.F,DOWNLOADED,228184
3ox4__1__1.B__1.G_1.H,DOWNLOADED,226986
3ox4__2__1.C__1.I_1.J,DOWNLOADED,227065
3ox4__2__1.D__1.K_1.L,DOWNLOADED,229641
5ox0__1__1.A__1.B,DOWNLOADED,523669
5ox1__1__1.A__1.B,DOWNLOADED,523884
5ox1__1__2.A__2.B,DOWNLOADED,525870
5ox3__1__1.A__1.B,DOWNLOADED,523896
5ox3__1__2.A__2.B,DOWNLOADED,525883
6oxs__1__1.A_1.B__1.C,DOWNLOADED,227785
2pga__1__1.A_1.F__1.N_1.O,DOWNLOADED,289746
2pga__1__1.B_1.D__1.H_1.J,DOWNLOADED,285936
2pga__1__1.B_1.D__1.K_1.L,DOWNLOADED,286046
2pgo__1__1.A_1.B__1.K_1.M,DOWNLOADED,693918
2pgo__1__2.A_2.B__2.K_2.M,DOWNLOADED,698329
4pgx__1__1.D__1.E_1.F_1.I,DOWNLOADED,208658
1oiv__1__1.A__1.C,DOWNLOADED,107494
2oil__1__1.A__1.B_1.C,DOWNLOADED,108398
3ois__4__1.D__1.H,DOWNLOADED,173109
3oiu__1__1.A__1.B_1.D,DOWNLOADED,106697
3oiu__2__1.A_2.A__1.B_1.D,DOWNLOADED,206952
3oiu__2__1.A_3.A__3.B_3.D,DOWNLOADED,208832
3oiu__2__2.A_3.A__2.B_2.D,DOWNLOADED,208431
3oiw__1__1.A__1.B_1.F,DOWNLOADED,110875
3oiw__2__1.A__1.B_1.F,DOWNLOADED,110875
3oiw__2__2.A__2.B_2.F,DOWNLOADED,110696
3oiw__2__3.A__3.B_3.F,DOWNLOADED,111303
3o5t__1__1.A_1.B_3.B__1.E,DOWNLOADED,301856
3o5t__1__1.B_2.A_2.B__2.E,DOWNLOADED,302901
4o51__1__1.A_1.B__1.C,DOWNLOADED,256883
4o51__2__1.D_1.E__1.F,DOWNLOADED,259244
4o59__1__1.A_1.C__1.E,DOWNLOADED,402566
4o59__1__1.A_1.C__1.G,DOWNLOADED,402559
4o59__1__1.B_1.D__1.F,DOWNLOADED,399874
4o59__1__1.B_1.D__1.H,DOWNLOADED,399885
5o50__1__1.A__1.C,DOWNLOADED,523734
5o50__1__2.A__2.C,DOWNLOADED,525654
5o52__1__1.A__1.C,DOWNLOADED,524087
5o52__1__2.A__2.C,DOWNLOADED,526006
6o5j__1__1.A__1.C,DOWNLOADED,169107
6o5j__2__1.B__1.F,DOWNLOADED,167142
6o5m__1__1.A_1.B__1.G_1.I,DOWNLOADED,548317
6o5m__1__1.A_1.B__1.P,DOWNLOADED,547599
6o5m__1__1.B_1.C__1.K_1.N,DOWNLOADED,547375
6o5m__1__1.C_1.D__1.Q_1.S,DOWNLOADED,534836
1nff__1__1.A__1.C,DOWNLOADED,145335
1nff__1__1.B__1.D,DOWNLOADED,146221
1nff__1__2.A__2.C,DOWNLOADED,146909
1nff__1__2.B__2.D,DOWNLOADED,145688
1nfr__1__1.A__1.E,DOWNLOADED,145268
1nfr__1__1.B__1.F,DOWNLOADED,145823
1nfr__1__1.C__1.G,DOWNLOADED,145822
1nfr__1__1.D__1.H,DOWNLOADED,145210
4nf4__1__1.A__1.C,DOWNLOADED,177617
4nf6__1__1.B__1.D,DOWNLOADED,178092
5nfj__3__1.C__1.P,DOWNLOADED,118284
5nfz__1__1.A_1.B__1.G_1.H,DOWNLOADED,540746
5nfz__1__1.A_1.B__1.L,DOWNLOADED,539330
5nfz__1__1.B_1.C__1.M_1.N,DOWNLOADED,539844
5nfz__1__1.C_1.D__1.Q_1.R,DOWNLOADED,544177
5nfz__1__1.D__1.U_1.V,DOWNLOADED,271444
5nfz__1__1.F__1.W_1.X,DOWNLOADED,228799
6nft__2__1.B__1.R,DOWNLOADED,74335
1p0f__1__1.A_1.B__1.G_1.I_1.J,DOWNLOADED,435247
2p09__1__1.A_2.A__1.D,DOWNLOADED,92323
2p09__1__1.A_2.A__2.D,DOWNLOADED,92470
2p0a__1__1.A__1.E_1.H,DOWNLOADED,193192
2p0a__1__1.B__1.P_1.Q,DOWNLOADED,189126
2p0a__1__2.A__2.E_2.H,DOWNLOADED,189943
2p0a__1__2.B__2.P_2.Q,DOWNLOADED,188303
3p0e__1__1.A_1.B__1.I_1.J,DOWNLOADED,353500
3p0e__2__1.C_1.D__1.M_1.N,DOWNLOADED,354590
3p0e__3__1.E_1.F__1.Q_1.R,DOWNLOADED,356128
3p0f__1__1.A_2.A__1.B,DOWNLOADED,363005
3p0f__1__1.A_2.A__2.B,DOWNLOADED,363009
4p05__2__1.B_2.B__1.E,DOWNLOADED,710553
4p05__2__1.B_2.B__2.E,DOWNLOADED,710551
4p0a__1__1.A__1.B,DOWNLOADED,108240
6p0m__1__1.A__1.C_1.E,DOWNLOADED,204666
3l02__1__1.A_2.A__1.B_1.C,DOWNLOADED,419162
3l02__1__1.A_3.A__3.B_3.C,DOWNLOADED,415114
3l02__1__2.A_3.A__2.B_2.C,DOWNLOADED,417697
3l0f__1__1.A_1.B_5.A__1.E,DOWNLOADED,295099
3l0f__1__1.A_5.A_5.B__5.E,DOWNLOADED,295664
3l0f__1__1.A_5.B_6.B__1.C,DOWNLOADED,302715
3l0f__1__1.B_2.B_5.A__5.C,DOWNLOADED,297827
3l0f__1__1.B_3.B_6.A__6.C,DOWNLOADED,300809
3l0f__1__3.A_4.B_6.B__3.C,DOWNLOADED,304905
5l09__1__1.A__1.C,DOWNLOADED,105101
5l09__1__1.B__1.K,DOWNLOADED,106298
5l0r__1__1.A_1.B__1.E_1.F,DOWNLOADED,491489
5l0s__1__1.A_1.B__1.F_1.H,DOWNLOADED,488606
6l04__1__1.A__1.B,DOWNLOADED,156890
6l0p__1__1.A__1.E,DOWNLOADED,233892
6l0p__2__1.B__1.G,DOWNLOADED,236124
6l0p__3__1.C__1.H,DOWNLOADED,236029
6l0p__4__1.D__1.J,DOWNLOADED,236093
6l0q__1__1.A__1.E,DOWNLOADED,236690
6l0q__2__1.B__1.F,DOWNLOADED,236432
6l0q__3__1.C__1.H,DOWNLOADED,233162
6l0q__4__1.D__1.J,DOWNLOADED,234661
6l0r__1__1.A__1.E,DOWNLOADED,235974
6l0r__2__1.B__1.G,DOWNLOADED,235619
6l0r__3__1.C__1.H,DOWNLOADED,232418
6l0r__4__1.D__1.J,DOWNLOADED,233853
6l0s__1__1.A__1.E,DOWNLOADED,233636
6l0s__2__1.B__1.G,DOWNLOADED,235759
6l0s__3__1.C__1.H,DOWNLOADED,235466
6l0s__4__1.D__1.J,DOWNLOADED,235557
7l05__1__1.A_1.B__1.G_1.H,DOWNLOADED,537203
7l05__1__1.C_1.D__1.S_1.T,DOWNLOADED,539916
7l05__1__1.D__1.X,DOWNLOADED,268794
7l05__1__1.F__1.Y_1.Z,DOWNLOADED,227388
2nu7__1__1.A_2.B__1.E_1.F,DOWNLOADED,399876
2nu7__1__1.B_2.A__2.E_2.F,DOWNLOADED,400282
2nu7__2__1.C_2.D__1.K_1.L,DOWNLOADED,396208
2nu7__2__1.D_2.C__2.K_2.L,DOWNLOADED,396695
2nu8__1__1.A_2.B__1.E_1.G,DOWNLOADED,400018
2nu8__1__1.B_2.A__2.E_2.G,DOWNLOADED,400355
2nu8__2__1.C_2.D__1.L,DOWNLOADED,395694
2nu8__2__1.D_2.C__2.L,DOWNLOADED,396178
2nun__1__1.A__1.B_1.C,DOWNLOADED,195301
3nug__1__1.B__1.F,DOWNLOADED,145895
3nug__1__1.C__1.G,DOWNLOADED,146051
3nug__1__1.D__1.I,DOWNLOADED,145089
3nut__1__1.A__1.E,DOWNLOADED,146855
3nut__1__1.D__1.P,DOWNLOADED,146218
3nut__2__1.B__1.I,DOWNLOADED,147128
3nut__2__1.C__1.M,DOWNLOADED,147440
4nu5__1__1.A__1.C,DOWNLOADED,202026
4nu5__1__1.B__1.D,DOWNLOADED,201089
4nus__1__1.A__1.B,DOWNLOADED,194497
5nux__1__1.A_2.A__1.E,DOWNLOADED,428783
5nux__1__1.A_2.A__2.E,DOWNLOADED,428785
5nux__2__1.B_2.B__1.F,DOWNLOADED,424295
5nux__2__1.B_2.B__2.F,DOWNLOADED,424299
5nux__3__1.D_2.C__1.H,DOWNLOADED,427510
5nux__3__1.D_2.C__2.G,DOWNLOADED,427511
5nux__4__1.C_2.D__1.G,DOWNLOADED,423999
5nux__4__1.C_2.D__2.H,DOWNLOADED,423998
6nuj__1__1.A_2.A__1.B,DOWNLOADED,167293
6nuj__1__1.A_2.A__2.B,DOWNLOADED,167293
1o9d__1__1.A__1.B,DOWNLOADED,149053
1o9d__1__2.A__2.B,DOWNLOADED,149228
3o99__1__1.A_1.B__1.D,DOWNLOADED,117323
3o9c__1__1.A_1.B__1.C,DOWNLOADED,118223
3o9h__1__1.A_1.B__1.H,DOWNLOADED,117728
4o91__1__1.A__1.B,DOWNLOADED,193152
4o91__2__3.A__3.B,DOWNLOADED,189744
4o9s__3__1.A_2.B__1.C,DOWNLOADED,226468
5o9o__1__1.A__1.B_1.C_1.D_1.E,DOWNLOADED,278099
5o9x__1__1.A__1.B,DOWNLOADED,330765
6o98__1__1.A__1.C,DOWNLOADED,150472
6o9e__1__1.A__1.X,DOWNLOADED,369346
1nzd__1__1.A__1.D_1.E,DOWNLOADED,230004
1nzf__1__1.A__1.D_1.E,DOWNLOADED,229458
2nzx__1__1.A__1.D,DOWNLOADED,224917
2nzx__1__1.B__1.E,DOWNLOADED,222636
2nzx__2__1.C__1.G,DOWNLOADED,230210
4nz4__1__1.A__1.F,DOWNLOADED,255546
4nz4__1__1.B__1.K,DOWNLOADED,253572
4nz5__1__1.A__1.F,DOWNLOADED,255519
4nz5__1__1.B__1.K,DOWNLOADED,253356
5nz1__2__1.C__1.J,DOWNLOADED,120301
5nz4__1__1.B__1.S_1.Y,DOWNLOADED,244720
5nz4__1__2.A__2.H,DOWNLOADED,244031
5nz4__1__2.B__2.S_2.Y,DOWNLOADED,245365
5nz4__1__3.A__3.H,DOWNLOADED,243641
5nz4__2__2.B__2.S_2.Y,DOWNLOADED,247252
5nz4__2__3.B__3.S_3.Y,DOWNLOADED,244177
5nze__1__1.B__1.U,DOWNLOADED,245739
5nze__1__2.A__2.F,DOWNLOADED,245918
5nze__1__2.B__2.U,DOWNLOADED,246286
5nze__1__3.A__3.F,DOWNLOADED,245532
5nzf__1__1.A__1.I,DOWNLOADED,238993
5nzf__1__1.B__1.O,DOWNLOADED,239751
5nzf__1__1.C__1.BA_1.X,DOWNLOADED,239037
5nzf__1__1.D__1.EA,DOWNLOADED,238542
5nzn__1__1.A__1.I,DOWNLOADED,238974
5nzn__1__1.B__1.O,DOWNLOADED,238833
5nzn__1__1.C__1.U_1.X,DOWNLOADED,239038
5nzn__1__1.D__1.AA,DOWNLOADED,239872
6nz4__1__1.A__1.C,DOWNLOADED,292961
6nz5__1__1.A__1.C,DOWNLOADED,290183
6nz6__1__1.A__1.C,DOWNLOADED,289976
6nz6__1__1.B__1.D,DOWNLOADED,284835
3pi0__1__1.A__1.B_1.E,DOWNLOADED,189675
6pi9__1__1.A__1.B,DOWNLOADED,164822
6pi9__1__2.A__2.B,DOWNLOADED,166864
1pjq__1__1.B__1.G,DOWNLOADED,287586
1pjs__1__1.A__1.C,DOWNLOADED,281195
1pjs__1__1.B__1.H,DOWNLOADED,286864
4pj3__1__1.A__1.B_1.C,DOWNLOADED,900003
4pjj__1__1.A__1.C_1.D,DOWNLOADED,480295
4pjl__1__1.A__1.B_1.C,DOWNLOADED,481203
4pjn__1__1.A__1.D_1.E_1.K,DOWNLOADED,478508
1nw3__1__1.A__1.E,DOWNLOADED,216367
4nw5__1__1.A__1.B,DOWNLOADED,199174
4nw6__1__1.A__1.B,DOWNLOADED,199074
4nwi__1__1.A__1.D,DOWNLOADED,194408
4nwi__2__1.B__1.G,DOWNLOADED,194798
4nwl__1__1.A__1.C,DOWNLOADED,118454
4nwl__2__1.B__1.E,DOWNLOADED,118070
5nw7__1__1.A__1.B_1.C,DOWNLOADED,273259
5nw8__1__1.A__1.D,DOWNLOADED,215540
5nwe__1__1.A__1.I,DOWNLOADED,239679
5nwe__1__1.B__1.N,DOWNLOADED,243151
5nwe__1__1.C__1.T,DOWNLOADED,242337
5nwe__1__1.D__1.Y,DOWNLOADED,242885
5nwi__1__1.A__1.B_1.C,DOWNLOADED,157746
5nwi__1__2.A__2.B_2.C,DOWNLOADED,157243
6nw7__1__1.A_1.B__1.C,DOWNLOADED,260409
2on5__1__1.A_1.G__1.DC,DOWNLOADED,262147
2on5__1__1.A_1.G__1.M_1.N_1.V,DOWNLOADED,262944
2on5__2__1.B_1.C__1.BA_1.CA_1.KA,DOWNLOADED,262663
2on5__2__1.B_1.C__1.QA,DOWNLOADED,261854
2on5__3__1.D_1.F__1.AB,DOWNLOADED,262021
2on5__3__1.D_1.F__1.VB,DOWNLOADED,262022
2on5__4__1.E_1.H__1.JB,DOWNLOADED,260631
2on5__4__1.E_1.H__1.NC,DOWNLOADED,260634
2onf__1__1.A_1.B__1.F,DOWNLOADED,177765
3onw__1__1.A_1.C__1.E,DOWNLOADED,224602
3onw__2__1.B_1.D__1.G,DOWNLOADED,225718
5onp__1__1.A_1.B__1.B_1.F,DOWNLOADED,197089
5onq__1__1.A_1.B__1.B_1.D,DOWNLOADED,196282
5onr__1__1.A__1.B,DOWNLOADED,193168
6on4__1__1.A__1.C_1.D,DOWNLOADED,138681
1nkh__1__1.B__1.J,DOWNLOADED,180583
3nkv__1__1.A__1.C_1.D,DOWNLOADED,109823
3nkv__2__1.B__1.G_1.H,DOWNLOADED,110675
4nkt__1__1.A__1.C_1.F,DOWNLOADED,207905
4nkt__2__1.B__1.G_1.J,DOWNLOADED,204042
5nky__1__1.A__1.C,DOWNLOADED,156948
5nky__1__2.A__2.C,DOWNLOADED,158577
6nka__1__1.A__1.E_1.F,DOWNLOADED,128620
6nka__1__1.B__1.G_1.H,DOWNLOADED,127431
6nka__2__1.C__1.I_1.J,DOWNLOADED,130979
6nka__2__1.D__1.K_1.L,DOWNLOADED,127085
6nkm__1__1.B__1.I,DOWNLOADED,152264
6nkm__1__1.C__1.J,DOWNLOADED,153158
6nkm__1__1.D__1.K,DOWNLOADED,153126
6nkm__2__1.E__1.L,DOWNLOADED,152380
6nkm__2__2.E__2.L,DOWNLOADED,155014
6nku__1__1.D__1.H_1.I_1.N,DOWNLOADED,209376
6nkw__1__1.D__1.H_1.I_1.N,DOWNLOADED,209390
6nkz__1__1.D__1.G_1.H_1.I,DOWNLOADED,209315
3pws__1__1.B__1.G,DOWNLOADED,218324
6pwy__1__1.A__1.E,DOWNLOADED,328003
6pwy__1__1.C__1.S,DOWNLOADED,330979
6pwy__1__1.D__1.V_1.Z,DOWNLOADED,337312
2psx__1__1.A__1.B,DOWNLOADED,141563
2psy__1__1.A_1.B__1.B_1.D,DOWNLOADED,144329
2psy__2__1.A_1.B__1.B_1.D,DOWNLOADED,144329
3ps1__1__1.A__1.B_1.C_1.E,DOWNLOADED,369909
3ps3__1__1.A__1.B_1.C_1.E_1.J,DOWNLOADED,368186
1pfk__1__1.A_1.B__1.J_1.L,DOWNLOADED,383736
1pfk__1__2.A_2.B__2.J_2.L,DOWNLOADED,389432
4pfk__1__1.A_2.A_3.A__2.D_2.F,DOWNLOADED,567114
4pfk__1__1.A_2.A_4.A__1.D_1.F,DOWNLOADED,564286
4pfk__1__1.A_3.A_4.A__4.D_4.F,DOWNLOADED,566721
4pfk__1__2.A_3.A_4.A__3.D_3.F,DOWNLOADED,568259
4pf5__1__1.B__1.G,DOWNLOADED,148035
4pfc__1__1.A__1.C,DOWNLOADED,637079
4pfc__1__1.B__1.E,DOWNLOADED,631358
4pfo__1__1.A__1.B_1.C_1.F,DOWNLOADED,478244
4pfx__1__1.A__1.B,DOWNLOADED,182698
2p69__1__1.A__1.B_1.C,DOWNLOADED,174337
2p69__1__2.A__2.B_2.C,DOWNLOADED,176182
2p6d__1__1.A_1.B__1.C,DOWNLOADED,329956
2p6i__1__1.A_1.B__1.C,DOWNLOADED,330098
2p6k__1__1.A__1.C,DOWNLOADED,167861
2p6l__1__1.A_1.B__1.C,DOWNLOADED,329643
3p62__1__1.A__1.B_1.C,DOWNLOADED,221902
4p6c__1__1.A_1.B__1.C,DOWNLOADED,257824
4p6c__1__1.A_1.B__1.D,DOWNLOADED,257822
4p6p__1__1.A_1.B__1.G_1.H_1.I,DOWNLOADED,260064
6p60__1__1.A_1.B__1.C,DOWNLOADED,263277
6p60__2__1.D_1.E__1.F,DOWNLOADED,264173
6p60__3__1.G_1.H__1.I,DOWNLOADED,260559
6p60__4__1.J_1.K__1.L,DOWNLOADED,262163
6p6a__1__1.A__1.B,DOWNLOADED,261528
2o4c__1__1.A__1.D,DOWNLOADED,233146
2o4j__1__1.A__1.C,DOWNLOADED,154100
2o4j__2__2.A__2.C,DOWNLOADED,155137
3o4r__1__1.A__1.E,DOWNLOADED,152302
4o4h__1__1.A_1.B__1.G_1.H,DOWNLOADED,541032
4o4h__1__1.B__1.L,DOWNLOADED,268874
4o4h__1__1.C_1.D__1.P_1.Q,DOWNLOADED,544246
4o4h__1__1.F__1.U_1.V,DOWNLOADED,230041
4o4i__1__1.A_1.B__1.G_1.H,DOWNLOADED,541406
4o4i__1__1.B_1.C__1.J_1.K_1.M,DOWNLOADED,542329
4o4i__1__1.B__1.L,DOWNLOADED,269968
4o4i__1__1.C_1.D__1.Q_1.R,DOWNLOADED,546625
4o4i__1__1.D__1.T_1.U,DOWNLOADED,274027
4o4i__1__1.D__1.V,DOWNLOADED,274165
4o4i__1__1.F__1.W_1.X,DOWNLOADED,230728
4o4j__1__1.A_1.B__1.G_1.H,DOWNLOADED,542540
4o4j__1__1.B__1.M,DOWNLOADED,270380
4o4j__1__1.C_1.D__1.N_1.O,DOWNLOADED,547606
4o4l__1__1.A_1.B__1.G_1.H,DOWNLOADED,542601
4o4l__1__1.B__1.M,DOWNLOADED,270006
4o4l__1__1.C_1.D__1.Q_1.R,DOWNLOADED,547698
4o4l__1__1.D__1.V,DOWNLOADED,275330
5o4f__2__1.B__1.O,DOWNLOADED,160031
1oqm__1__1.B__1.G_1.H,DOWNLOADED,178671
1oqm__2__1.D__1.K_1.L,DOWNLOADED,179497
3oqj__2__1.B__1.D,DOWNLOADED,142331
4oq3__1__1.A__1.E,DOWNLOADED,62494
4oq3__3__1.C__1.G,DOWNLOADED,62026
4oq6__1__1.A__1.C,DOWNLOADED,90458
4oq6__2__1.B__1.D,DOWNLOADED,91113
4oql__1__1.A__1.F,DOWNLOADED,186941
4oql__1__1.B__1.I,DOWNLOADED,189510
4oqy__1__1.A_1.B__1.C,DOWNLOADED,321306
6oq4__1__1.A_1.B__1.D_1.E,DOWNLOADED,304339
6oqb__1__1.A__1.B,DOWNLOADED,193174
6oqc__1__1.A__1.C,DOWNLOADED,100643
6oqc__2__1.B__1.D,DOWNLOADED,101289
6oqd__2__1.A_2.A__1.B,DOWNLOADED,198672
6oqd__2__1.A_2.A__2.B,DOWNLOADED,198600
6oqn__1__1.A__1.C,DOWNLOADED,99337
6oqn__2__1.B__1.D,DOWNLOADED,100467
1p1h__1__1.A__1.E,DOWNLOADED,331030
1p1h__1__1.B__1.F,DOWNLOADED,324457
1p1h__1__1.C__1.G,DOWNLOADED,334219
1p1h__1__1.D__1.H,DOWNLOADED,320016
1p1j__1__1.A__1.C_1.D_1.E,DOWNLOADED,336335
1p1j__1__1.B__1.F_1.G_1.H,DOWNLOADED,328082
1p1j__1__2.A__2.C_2.D_2.E,DOWNLOADED,337106
1p1j__1__2.B__2.F_2.G_2.H,DOWNLOADED,334116
1p1n__1__1.A__1.B,DOWNLOADED,152515
2p8u__1__1.A__1.C,DOWNLOADED,287788
2p8u__1__1.B__1.E,DOWNLOADED,288496
3p84__1__1.A__1.B_1.C,DOWNLOADED,218511
3p86__1__1.A__1.C,DOWNLOADED,162862
4p83__1__1.A__1.E,DOWNLOADED,104743
4p83__1__1.B__1.F,DOWNLOADED,107014
4p83__1__1.C__1.G,DOWNLOADED,107297
4p83__1__1.D__1.H,DOWNLOADED,109167
4p86__1__1.C__1.J,DOWNLOADED,110953
4p86__1__1.D__1.K,DOWNLOADED,111150
4p87__1__1.A__1.C,DOWNLOADED,240183
4p87__1__1.B__1.D,DOWNLOADED,239265
4p8r__1__1.A_1.B__1.E,DOWNLOADED,392732
4p8r__1__1.A_1.B__1.G,DOWNLOADED,392725
4p8r__1__1.C_1.D__1.I,DOWNLOADED,395492
4p8r__1__1.C_1.D__1.J,DOWNLOADED,395420
5p8w__1__1.A_1.C__1.E,DOWNLOADED,265409
6p8d__1__1.A_1.B__1.F,DOWNLOADED,269091
1p2s__1__1.A__1.B_1.C,DOWNLOADED,106374
1p2v__1__1.A__1.B_1.D,DOWNLOADED,109556
2p2l__1__1.A_1.B__1.I_1.K,DOWNLOADED,218695
2p2l__1__1.A_1.C__1.D_1.H,DOWNLOADED,220324
2p2l__1__1.B_1.C__1.L_1.N,DOWNLOADED,222095
2p2l__2__1.A_1.B__1.I_1.K,DOWNLOADED,218695
2p2l__2__1.A_1.C__1.D_1.H,DOWNLOADED,220324
2p2l__2__1.B_1.C__1.L_1.N,DOWNLOADED,222095
2p2l__2__2.A_2.B__2.I_2.K,DOWNLOADED,221057
2p2l__2__2.A_2.C__2.D_2.H,DOWNLOADED,220626
2p2l__2__2.B_2.C__2.L_2.N,DOWNLOADED,223471
2p2v__1__1.A__1.D_1.K_1.O,DOWNLOADED,183513
2p2v__1__2.A__2.D_2.K_2.O,DOWNLOADED,187171
2p2v__1__3.A__3.D_3.K_3.O,DOWNLOADED,184898
2p2v__1__4.A__4.D_4.K_4.O,DOWNLOADED,185786
3p2e__1__1.A__1.C,DOWNLOADED,128379
3p2e__2__1.B__1.D,DOWNLOADED,129468
6p29__1__1.A_1.B__1.C,DOWNLOADED,165527
6p29__1__1.A_1.B__1.E,DOWNLOADED,165526
6p2u__1__1.A__1.B_1.C_1.D,DOWNLOADED,229220
1m5b__1__1.C__1.K,DOWNLOADED,161327
1m5b__3__2.C__2.K,DOWNLOADED,162975
1m5e__1__1.A__1.G,DOWNLOADED,161314
1m5e__1__1.C__1.O,DOWNLOADED,161118
1m5e__2__1.B__1.M,DOWNLOADED,161246
1m5e__3__2.C__2.O,DOWNLOADED,162746
1m5f__1__1.A__1.E,DOWNLOADED,161264
1m5f__1__1.C__1.M,DOWNLOADED,161060
1m5f__2__1.B__1.K,DOWNLOADED,161271
1m5f__3__2.C__2.M,DOWNLOADED,162661
1m5r__1__1.E__1.G_1.H,DOWNLOADED,230172
1m5r__2__1.F__1.K_1.L,DOWNLOADED,229920
3m5c__1__1.A_2.A__1.B,DOWNLOADED,418712
3m5c__1__1.A_3.A__3.B,DOWNLOADED,414662
3m5c__1__2.A_3.A__2.B,DOWNLOADED,417255
3m5d__1__1.A_2.A__1.B,DOWNLOADED,418821
3m5d__1__1.A_3.A__3.B,DOWNLOADED,414770
3m5d__1__2.A_3.A__2.B,DOWNLOADED,417249
4m5u__1__1.A__1.B_1.C_1.D_1.F,DOWNLOADED,133430
4m5u__2__1.A__1.B_1.C_1.D_1.F,DOWNLOADED,133430
4m5u__2__2.A__2.B_2.C_2.D_2.F,DOWNLOADED,134472
5m51__1__1.A__1.B,DOWNLOADED,165193
5m53__1__1.A__1.B_1.C,DOWNLOADED,165528
5m56__1__1.A__1.C,DOWNLOADED,221540
5m56__2__1.B__1.F_1.H,DOWNLOADED,223448
5m5a__1__1.A__1.E,DOWNLOADED,210730
5m5q__1__1.A__1.B_1.C,DOWNLOADED,143682
6m5p__1__1.A__1.B,DOWNLOADED,218339
6m5x__1__1.C_1.D__1.CA_1.HA_1.JA,DOWNLOADED,402445
2pq9__1__1.A__1.B,DOWNLOADED,257588
2pqc__1__1.A__1.B,DOWNLOADED,269801
2pqd__1__1.A__1.B,DOWNLOADED,272649
1nc1__1__1.A_1.B__1.D,DOWNLOADED,270899
1nc2__2__1.C_1.D__1.J_1.K,DOWNLOADED,261958
1nc3__1__1.A_1.B__1.C,DOWNLOADED,270476
1nc3__1__1.A_1.B__1.D,DOWNLOADED,270404
1nc4__1__1.A_1.B__1.F_1.G,DOWNLOADED,260050
1nc4__2__1.C_1.D__1.J_1.K,DOWNLOADED,261428
3nc4__1__1.A_2.A__1.C,DOWNLOADED,1040226
3nc4__1__1.A_2.A__2.C,DOWNLOADED,1040226
3nc4__1__1.A__1.B,DOWNLOADED,525094
3nc4__1__2.A__2.B,DOWNLOADED,527111
4nca__2__1.B__1.K,DOWNLOADED,427053
4ncn__1__1.A__1.C_1.D_1.E,DOWNLOADED,217598
4ncn__2__1.B__1.I_1.J_1.K,DOWNLOADED,218246
5nc1__1__1.A__1.D,DOWNLOADED,122519
5nc1__1__1.C__1.O,DOWNLOADED,123376
5ncy__1__1.A__1.B_1.C_1.E,DOWNLOADED,544865
5ncz__1__1.A__1.B_1.C_1.F,DOWNLOADED,545148
4phe__1__1.A__1.E_1.F_1.I,DOWNLOADED,206106
4phr__1__1.A__1.B_1.C_1.D_1.E,DOWNLOADED,180812
4phs__1__1.A__1.B,DOWNLOADED,179437
4phu__1__1.A__1.B,DOWNLOADED,266604
1pmo__1__1.A_1.B__1.G,DOWNLOADED,575338
1pmo__1__1.A_1.B__1.K,DOWNLOADED,575498
1pmo__1__1.C_1.D__1.N,DOWNLOADED,567881
1pmo__1__1.C_1.D__1.R,DOWNLOADED,567883
1pmo__1__1.E_1.F__1.AA,DOWNLOADED,576525
1pmo__1__1.E_1.F__1.V,DOWNLOADED,576521
3pmu__1__1.A__1.B,DOWNLOADED,188842
3pmy__1__1.A__1.B,DOWNLOADED,188221
4pmj__1__1.A__1.B,DOWNLOADED,173495
3occ__1__1.A_1.F__1.G_1.H,DOWNLOADED,282213
3occ__1__1.A_1.F__1.Q_1.R,DOWNLOADED,282213
3occ__1__1.B_1.C__1.I_1.J,DOWNLOADED,281412
3occ__1__1.B_1.C__1.K_1.L,DOWNLOADED,281520
3occ__1__1.D_1.E__1.M_1.N,DOWNLOADED,282942
3occ__1__1.D_1.E__1.O_1.P,DOWNLOADED,282942
3ocu__1__1.A__1.B_1.C,DOWNLOADED,155512
3ocu__1__2.A__2.B_2.C,DOWNLOADED,153078
3ocv__1__1.A__1.B_1.C,DOWNLOADED,155733
3ocv__1__2.A__2.B_2.C,DOWNLOADED,153226
3ocw__1__1.A__1.B_1.C,DOWNLOADED,155559
3ocw__1__2.A__2.B_2.C,DOWNLOADED,153211
3ocz__1__1.A__1.B_1.C,DOWNLOADED,155035
3ocz__1__2.A__2.B_2.C,DOWNLOADED,152536
4occ__1__1.A__1.D,DOWNLOADED,63202
4ocj__1__1.A__1.B,DOWNLOADED,221635
4oco__1__1.A__1.B,DOWNLOADED,225905
4ocq__1__1.A__1.B,DOWNLOADED,225516
4ocu__1__1.A__1.B_1.C,DOWNLOADED,228404
5oci__1__1.A__1.B,DOWNLOADED,130132
5ocj__2__1.B__1.E,DOWNLOADED,179119
2pyw__1__1.A__1.D_1.E_1.H,DOWNLOADED,266934
2pyw__1__1.B__1.K_1.L_1.N,DOWNLOADED,263395
3py8__1__1.A__1.D_1.F_1.G,DOWNLOADED,348012
4pyo__2__1.B__1.E,DOWNLOADED,135732
4pyt__1__1.A__1.B,DOWNLOADED,186812
6pyd__1__1.A_1.B__1.E,DOWNLOADED,259877
6pyd__2__1.C_1.D__1.F,DOWNLOADED,263860
1otw__1__1.A__1.C_1.D,DOWNLOADED,166651
1otw__1__1.B__1.E_1.F,DOWNLOADED,166070
3otk__2__1.B__1.M,DOWNLOADED,241445
3otk__3__1.C__1.P,DOWNLOADED,235487
3otk__4__1.D__1.R,DOWNLOADED,241717
3otw__1__1.A_1.D__1.H,DOWNLOADED,202477
3otw__1__1.A_1.F__1.S,DOWNLOADED,201406
3otw__1__1.B_1.C__1.K,DOWNLOADED,200780
3otw__1__1.B_1.E__1.R,DOWNLOADED,202362
3otw__1__1.C_1.E__1.M,DOWNLOADED,202582
4oty__1__1.A__1.G,DOWNLOADED,360306
4oty__1__1.B__1.J,DOWNLOADED,360386
5ot8__2__1.B__1.R,DOWNLOADED,156311
5ot9__1__1.A__1.E,DOWNLOADED,155911
5ot9__2__1.B__1.I,DOWNLOADED,156753
5ota__1__1.A__1.C,DOWNLOADED,156416
5ota__2__1.B__1.F,DOWNLOADED,155344
5ote__1__1.A__1.B,DOWNLOADED,260780
5otf__1__1.A__1.E,DOWNLOADED,263194
6qhe__1__1.C__1.K,DOWNLOADED,156251
6qhe__1__1.F__1.O,DOWNLOADED,155331
6qhe__2__1.B__1.I,DOWNLOADED,155011
6qhe__2__2.B__2.I,DOWNLOADED,154993
1pp9__1__1.C_1.O__1.DA,DOWNLOADED,353885
1pp9__1__1.E_1.M__1.YA,DOWNLOADED,356305
1ppj__1__1.C_1.O__1.EA,DOWNLOADED,353592
1ppj__1__1.E_1.M__1.AB,DOWNLOADED,352844
3oju__1__1.A__1.D_1.E_1.F,DOWNLOADED,680988
3ojw__1__1.A__1.B,DOWNLOADED,387580
3ojw__1__1.A__1.C,DOWNLOADED,389735
4ojf__1__1.A_1.B__1.C,DOWNLOADED,515295
4ojr__1__1.A_2.A__1.B,DOWNLOADED,158263
4ojr__1__1.A_2.A__2.B,DOWNLOADED,158152
4ojx__1__1.A_2.A__1.C_1.D_1.E,DOWNLOADED,469213
4ojx__1__1.A_2.A__2.C_2.D_2.E,DOWNLOADED,469213
6oje__1__1.A_1.B__1.C_1.D,DOWNLOADED,229535
6oje__1__1.A_1.B__1.F_1.G,DOWNLOADED,229676
3qbt__1__1.A__1.I_1.J,DOWNLOADED,110534
3qbt__2__1.B__1.K_1.L,DOWNLOADED,112163
3qbt__3__1.C__1.M_1.N,DOWNLOADED,110457
3qbt__4__1.D__1.O_1.P,DOWNLOADED,110504
6qbh__1__1.A_1.B__1.D,DOWNLOADED,206287
1efh__1__1.A__1.C,DOWNLOADED,184096
1efi__1__1.A_1.B__1.F,DOWNLOADED,127295
1efi__1__1.B_1.C__1.G,DOWNLOADED,127650
3efv__1__1.B__1.F,DOWNLOADED,275607
3efv__1__1.D__1.H,DOWNLOADED,275682
4efc__1__1.A_1.B_2.A__1.C_1.H,DOWNLOADED,856463
4efc__1__1.A_1.B_2.B__1.E_1.G,DOWNLOADED,853091
4efc__1__1.A_2.A_2.B__2.C_2.H,DOWNLOADED,853797
4efc__1__1.B_2.A_2.B__2.E_2.G,DOWNLOADED,851223
4efc__4__1.A_2.A__1.C,DOWNLOADED,574529
4efc__4__1.A_2.A__2.C,DOWNLOADED,574526
4efc__5__1.B_2.B__1.G,DOWNLOADED,568499
4efc__5__1.B_2.B__2.G,DOWNLOADED,568494
4efh__1__1.A__1.C_1.E,DOWNLOADED,229648
4efl__1__1.A__1.B_1.C,DOWNLOADED,106665
4eft__1__1.A__1.B,DOWNLOADED,131015
4efu__1__1.A__1.B_1.C,DOWNLOADED,131326
5ef0__1__1.A_1.B__1.X,DOWNLOADED,85163
5ef0__1__1.A_1.K__1.HA,DOWNLOADED,84591
5ef0__1__1.B_1.C__1.Y,DOWNLOADED,84888
5ef0__1__1.C_1.D__1.Z,DOWNLOADED,84667
5ef0__1__1.D_1.E__1.AA,DOWNLOADED,83701
5ef0__1__1.F_1.G__1.CA,DOWNLOADED,83676
5ef0__1__1.H_1.I__1.EA,DOWNLOADED,81906
5ef0__1__1.I_1.J__1.FA,DOWNLOADED,82213
5ef0__1__1.J_1.K__1.GA,DOWNLOADED,82916
5ef0__2__1.L_1.M__1.JA,DOWNLOADED,84637
5ef0__2__1.L_1.V__1.IA,DOWNLOADED,85877
5ef0__2__1.M_1.N__1.KA,DOWNLOADED,84637
5ef0__2__1.N_1.O__1.LA,DOWNLOADED,85684
5ef0__2__1.O_1.P__1.MA,DOWNLOADED,85979
5ef0__2__1.P_1.Q__1.NA,DOWNLOADED,85875
5ef0__2__1.Q_1.R__1.OA,DOWNLOADED,85827
5ef0__2__1.R_1.S__1.PA,DOWNLOADED,86477
5ef0__2__1.S_1.T__1.QA,DOWNLOADED,87096
5ef0__2__1.T_1.U__1.RA,DOWNLOADED,87142
5ef0__2__1.U_1.V__1.SA,DOWNLOADED,86909
5ef1__1__1.A_1.B__1.X,DOWNLOADED,85162
5ef1__1__1.A_1.K__1.HA,DOWNLOADED,84590
5ef1__1__1.B_1.C__1.Y,DOWNLOADED,84887
5ef1__1__1.C_1.D__1.Z,DOWNLOADED,84666
5ef1__1__1.D_1.E__1.AA,DOWNLOADED,83701
5ef1__1__1.F_1.G__1.CA,DOWNLOADED,83676
5ef1__1__1.H_1.I__1.EA,DOWNLOADED,81906
5ef1__1__1.I_1.J__1.FA,DOWNLOADED,82215
5ef1__1__1.J_1.K__1.GA,DOWNLOADED,82917
5ef1__2__1.L_1.M__1.JA,DOWNLOADED,84639
5ef1__2__1.L_1.V__1.IA,DOWNLOADED,85878
5ef1__2__1.M_1.N__1.KA,DOWNLOADED,84639
5ef1__2__1.N_1.O__1.LA,DOWNLOADED,85685
5ef1__2__1.O_1.P__1.MA,DOWNLOADED,85979
5ef1__2__1.P_1.Q__1.NA,DOWNLOADED,85875
5ef1__2__1.Q_1.R__1.OA,DOWNLOADED,85827
5ef1__2__1.R_1.S__1.PA,DOWNLOADED,86477
5ef1__2__1.S_1.T__1.QA,DOWNLOADED,87096
5ef1__2__1.T_1.U__1.RA,DOWNLOADED,87142
5ef1__2__1.U_1.V__1.SA,DOWNLOADED,86909
5ef2__1__1.A_1.B__1.X,DOWNLOADED,85164
5ef2__1__1.A_1.K__1.HA,DOWNLOADED,84590
5ef2__1__1.B_1.C__1.Y,DOWNLOADED,84890
5ef2__1__1.C_1.D__1.Z,DOWNLOADED,84668
5ef2__1__1.D_1.E__1.AA,DOWNLOADED,83702
5ef2__1__1.F_1.G__1.CA,DOWNLOADED,83678
5ef2__1__1.H_1.I__1.EA,DOWNLOADED,81906
5ef2__1__1.I_1.J__1.FA,DOWNLOADED,82214
5ef2__1__1.J_1.K__1.GA,DOWNLOADED,82917
5ef2__2__1.L_1.M__1.JA,DOWNLOADED,84720
5ef2__2__1.L_1.V__1.IA,DOWNLOADED,85880
5ef2__2__1.M_1.N__1.KA,DOWNLOADED,84639
5ef2__2__1.N_1.O__1.LA,DOWNLOADED,85685
5ef2__2__1.O_1.P__1.MA,DOWNLOADED,85979
5ef2__2__1.P_1.Q__1.NA,DOWNLOADED,85876
5ef2__2__1.Q_1.R__1.OA,DOWNLOADED,85836
5ef2__2__1.R_1.S__1.PA,DOWNLOADED,86478
5ef2__2__1.S_1.T__1.QA,DOWNLOADED,87096
5ef2__2__1.T_1.U__1.RA,DOWNLOADED,87142
5ef2__2__1.U_1.V__1.SA,DOWNLOADED,86910
5ef3__1__1.A_1.B__1.X,DOWNLOADED,85163
5ef3__1__1.A_1.K__1.HA,DOWNLOADED,84588
5ef3__1__1.B_1.C__1.Y,DOWNLOADED,84892
5ef3__1__1.C_1.D__1.Z,DOWNLOADED,84670
5ef3__1__1.D_1.E__1.AA,DOWNLOADED,83702
5ef3__1__1.F_1.G__1.CA,DOWNLOADED,83679
5ef3__1__1.H_1.I__1.EA,DOWNLOADED,81906
5ef3__1__1.I_1.J__1.FA,DOWNLOADED,82216
5ef3__1__1.J_1.K__1.GA,DOWNLOADED,82917
5ef3__2__1.L_1.M__1.JA,DOWNLOADED,84719
5ef3__2__1.L_1.V__1.IA,DOWNLOADED,85881
5ef3__2__1.M_1.N__1.KA,DOWNLOADED,84635
5ef3__2__1.N_1.O__1.LA,DOWNLOADED,85685
5ef3__2__1.O_1.P__1.MA,DOWNLOADED,85979
5ef3__2__1.P_1.Q__1.NA,DOWNLOADED,85876
5ef3__2__1.Q_1.R__1.OA,DOWNLOADED,85835
5ef3__2__1.R_1.S__1.PA,DOWNLOADED,86478
5ef3__2__1.S_1.T__1.QA,DOWNLOADED,87097
5ef3__2__1.T_1.U__1.RA,DOWNLOADED,87142
5ef3__2__1.U_1.V__1.SA,DOWNLOADED,86908
2pc9__2__1.B__1.M_1.N,DOWNLOADED,329018
2pc9__3__1.C__1.S_1.T_1.U_1.V,DOWNLOADED,329891
2pc9__4__1.D__1.AA_1.BA,DOWNLOADED,327606
2pca__1__1.A_1.B__1.D,DOWNLOADED,330304
2pcg__1__1.A_1.B__1.D,DOWNLOADED,330250
2pch__1__1.A_1.B__1.D,DOWNLOADED,330017
2pci__1__1.A_1.B__1.C,DOWNLOADED,327416
2pcm__1__1.A_1.B__1.C,DOWNLOADED,330302
3pc3__1__1.A__1.C,DOWNLOADED,308571
3pc3__2__2.A__2.C,DOWNLOADED,308513
3pc4__1__1.A__1.C,DOWNLOADED,309529
3pc4__1__2.A__2.C,DOWNLOADED,309487
4pca__1__1.B_2.C__2.L,DOWNLOADED,270739
4pcs__1__1.A__1.I,DOWNLOADED,281806
4pcs__2__1.B__1.N,DOWNLOADED,283137
6pc3__1__1.A_1.B__1.L_1.O,DOWNLOADED,602928
3qch__1__1.A__1.B,DOWNLOADED,182404
3qci__1__1.A__1.B,DOWNLOADED,184435
3qcj__1__1.A__1.B,DOWNLOADED,185074
3qcm__2__1.B__1.E,DOWNLOADED,187703
4qcl__1__1.A__1.D_1.E_1.F,DOWNLOADED,557995
1q45__1__1.A__1.C,DOWNLOADED,224657
1q45__2__1.B__1.D,DOWNLOADED,227429
1q4q__10__1.I__1.M,DOWNLOADED,67023
1q4q__4__1.B__1.R,DOWNLOADED,70613
1q4q__6__1.D__1.Q,DOWNLOADED,66832
3q44__1__1.A__1.B_1.C,DOWNLOADED,574635
3q4j__2__1.E__1.J,DOWNLOADED,228477
3q4l__1__1.B__1.D,DOWNLOADED,224501
6q4m__1__1.A__1.B,DOWNLOADED,441642
1pl1__1__1.A_1.B__1.D,DOWNLOADED,279584
1pl1__1__1.A_1.B__1.F,DOWNLOADED,279652
1pl2__1__1.A_1.B__1.F,DOWNLOADED,280458
2plw__1__1.A__1.C,DOWNLOADED,118006
3pln__1__1.A_2.A__1.B,DOWNLOADED,471372
3pln__1__1.A_2.A__2.B,DOWNLOADED,471445
3plr__1__1.A_2.A__1.C,DOWNLOADED,468705
3plr__1__1.A_2.A__2.C,DOWNLOADED,468705
3plr__1__1.A__1.B,DOWNLOADED,240741
3plr__1__2.A__2.B,DOWNLOADED,240416
4pl8__1__1.A__1.D_1.E,DOWNLOADED,225742
4pl8__1__1.C__1.F_1.G,DOWNLOADED,221219
2quh__1__1.A__1.C,DOWNLOADED,255777
2quh__1__1.B__1.D,DOWNLOADED,256361
3qup__1__1.A__1.B,DOWNLOADED,154764
6qu0__1__1.A_1.B__1.C,DOWNLOADED,265312
1q84__1__1.A__1.F,DOWNLOADED,335438
1q84__1__1.B__1.G,DOWNLOADED,337784
1q8j__1__1.A__1.E,DOWNLOADED,355949
2q8m__1__1.A__1.I,DOWNLOADED,197876
2q8m__1__2.A__2.I,DOWNLOADED,195316
4q8v__1__1.A__1.D,DOWNLOADED,227007
4q8v__1__2.A__2.D,DOWNLOADED,231529
6q8z__1__1.A__1.F,DOWNLOADED,236982
1now__1__1.A_2.A__1.E,DOWNLOADED,609740
1now__1__1.A_2.A__2.E,DOWNLOADED,609631
1now__2__1.B_2.B__1.I,DOWNLOADED,609163
1now__2__1.B_2.B__2.I,DOWNLOADED,609236
2no1__2__1.A_2.B__1.C,DOWNLOADED,304381
2no1__2__2.A_3.B__2.C,DOWNLOADED,304356
2noa__1__1.B__1.F,DOWNLOADED,148780
2noa__2__3.B__3.F,DOWNLOADED,149522
4no1__1__1.K_1.L__1.FA,DOWNLOADED,277117
4no1__1__1.Y_1.Z__1.JA,DOWNLOADED,277682
4non__2__1.B__1.D,DOWNLOADED,159303
6nor__1__1.A__1.G,DOWNLOADED,215786
6nor__1__1.C__1.I,DOWNLOADED,212532
6nor__1__2.A__2.G,DOWNLOADED,214158
6nor__1__2.C__2.I,DOWNLOADED,209833
6nor__2__1.B__1.H,DOWNLOADED,213732
6nor__2__1.E__1.K,DOWNLOADED,209566
6nor__2__2.D__2.J,DOWNLOADED,213535
6nor__2__2.F__2.L,DOWNLOADED,210548
3ls8__1__1.A__1.C,DOWNLOADED,360498
3ls8__2__1.B__1.G,DOWNLOADED,347487
3lsh__1__1.A__1.E,DOWNLOADED,371188
3lsh__1__1.B__1.F,DOWNLOADED,370631
3lsh__1__1.C__1.H,DOWNLOADED,366192
3lsh__1__1.D__1.I,DOWNLOADED,366101
3lsi__1__1.A__1.C,DOWNLOADED,370847
3lsi__1__1.B__1.D,DOWNLOADED,373708
3lst__1__1.A__1.C,DOWNLOADED,204602
3lst__1__2.A__2.C,DOWNLOADED,205109
3lst__2__1.B__1.E,DOWNLOADED,202779
3lst__2__2.B__2.E,DOWNLOADED,203167
3lsz__1__1.A_1.C__1.E,DOWNLOADED,266710
3lsz__1__1.A_1.C__1.J,DOWNLOADED,266565
3lsz__1__1.B_1.D__1.G,DOWNLOADED,262374
3lsz__1__1.B_1.D__1.L,DOWNLOADED,262301
4lsa__1__1.A__1.I,DOWNLOADED,860683
4lsm__2__1.A_2.B__1.C,DOWNLOADED,392174
4lsm__2__1.A_2.B__2.H,DOWNLOADED,392101
4lsm__2__1.B_2.A__1.H,DOWNLOADED,392320
4lsm__2__1.B_2.A__2.C,DOWNLOADED,392394
6ls4__1__1.A_1.B__1.F_1.G,DOWNLOADED,523851
6ls4__1__1.A_1.B__1.L,DOWNLOADED,523345
6ls4__1__1.D__1.Q_1.R,DOWNLOADED,266723
6ls5__1__1.A__1.F,DOWNLOADED,203482
6ls5__1__1.B__1.H,DOWNLOADED,202182
6ls5__1__1.C__1.J,DOWNLOADED,201483
6ls5__1__1.D__1.L,DOWNLOADED,204495
6lsn__1__1.A_1.B__1.G_1.H,DOWNLOADED,539902
6lsn__1__1.A_1.B__1.R,DOWNLOADED,539419
6lsn__1__1.C_1.D__1.S_1.T,DOWNLOADED,540651
6lsn__1__1.D__1.V_1.W,DOWNLOADED,267977
6lsn__1__1.F__1.X_1.Y,DOWNLOADED,232354
6lsz__1__1.A__1.B,DOWNLOADED,133575
2qie__1__1.A_1.B_1.G__1.I,DOWNLOADED,223448
2qie__1__1.A_1.G_1.H__1.L,DOWNLOADED,223415
2qie__2__1.C_1.D_1.E__1.J,DOWNLOADED,221719
2qie__2__1.C_1.E_1.F__1.K,DOWNLOADED,222297
4qi9__1__1.A__1.D,DOWNLOADED,104421
4qi9__2__1.B__1.E,DOWNLOADED,105643
4qi9__3__1.C__1.F,DOWNLOADED,104020
4qir__1__1.A__1.B_1.G_1.J,DOWNLOADED,1042896
6qid__1__1.A__1.T_1.W_1.X,DOWNLOADED,454034
1of1__1__1.A__1.C,DOWNLOADED,190129
1of1__1__1.B__1.E,DOWNLOADED,192085
1ofu__1__1.A__1.E,DOWNLOADED,183718
1ofu__1__1.B__1.F,DOWNLOADED,182416
2ofb__1__1.A_2.B__2.H,DOWNLOADED,147252
2ofb__1__1.B_2.A__1.H,DOWNLOADED,147464
3of2__1__1.A__1.B_1.C,DOWNLOADED,163900
3of2__1__2.A__2.B_2.C,DOWNLOADED,164190
3of2__1__3.A__3.B_3.C,DOWNLOADED,164106
3of2__1__4.A__4.B_4.C,DOWNLOADED,164141
3of3__1__1.A_1.C__1.M_1.N,DOWNLOADED,289564
3of3__1__1.A_1.C__1.Q_1.R,DOWNLOADED,289564
3of3__1__1.B_1.E__1.O_1.P,DOWNLOADED,289683
3of3__1__1.B_1.E__1.U_1.V,DOWNLOADED,289569
3of3__1__1.D_1.L__1.IA_1.JA,DOWNLOADED,288842
3of3__1__1.D_1.L__1.S_1.T,DOWNLOADED,288837
3of3__2__1.F_1.J__1.EA_1.FA,DOWNLOADED,285893
3of3__2__1.F_1.J__1.W_1.X,DOWNLOADED,285890
3of3__2__1.G_1.I__1.CA_1.DA,DOWNLOADED,285656
3of3__2__1.G_1.I__1.Y_1.Z,DOWNLOADED,285540
3of3__2__1.H_1.K__1.AA_1.BA,DOWNLOADED,286721
3of3__2__1.H_1.K__1.GA_1.HA,DOWNLOADED,286722
3of4__1__1.A_1.B__1.D_1.M_1.N_1.Q,DOWNLOADED,259361
3of4__2__1.C_2.C__1.AA_1.LA,DOWNLOADED,260882
3of4__2__1.C_2.C__2.AA_2.LA,DOWNLOADED,260882
3ofi__1__1.A__1.C,DOWNLOADED,633712
3ofi__2__1.B__1.D,DOWNLOADED,633661
5ofb__1__1.A_1.B__1.D_1.E,DOWNLOADED,703950
5ofb__1__1.A_1.B__1.H_1.I,DOWNLOADED,703949
5ofx__1__1.A__1.I_1.P,DOWNLOADED,77580
5ofx__2__1.B__1.J_1.Q,DOWNLOADED,78166
5ofx__3__1.C__1.K_1.R,DOWNLOADED,77504
5ofx__4__1.D__1.L_1.S,DOWNLOADED,78275
5ofx__5__1.E__1.M_1.T,DOWNLOADED,78562
5ofx__7__1.F__1.N_1.U,DOWNLOADED,77779
5ofx__9__1.H__1.O_1.W,DOWNLOADED,77623
2pt6__1__1.A__1.D,DOWNLOADED,182677
2pt6__1__2.A__2.D,DOWNLOADED,185577
2ptf__1__1.A_1.B__1.C,DOWNLOADED,251300
2ptf__1__1.A_1.B__1.D,DOWNLOADED,251301
2ptr__1__1.A_1.B_2.A__1.D,DOWNLOADED,844426
2ptr__1__1.A_1.B_2.B__1.C,DOWNLOADED,848764
2ptr__1__1.A_2.A_2.B__2.D,DOWNLOADED,842576
2ptr__1__1.B_2.A_2.B__2.C,DOWNLOADED,846322
4ptv__1__1.A__1.C_1.F,DOWNLOADED,294252
4ptv__2__1.B__1.D_1.H,DOWNLOADED,292792
3qdl__1__1.A_1.B__1.E,DOWNLOADED,213417
3qdl__1__1.A_1.B__1.G,DOWNLOADED,213347
3qdl__2__1.C_1.D__1.H,DOWNLOADED,216890
3qdl__2__1.C_1.D__1.I,DOWNLOADED,217176
3qdl__3__1.A_1.B_1.C__1.G,DOWNLOADED,322953
4qd9__3__1.C_1.D_1.F__1.G,DOWNLOADED,249313
4qdc__1__1.A__1.E,DOWNLOADED,240656
4qdj__1__1.A__1.B,DOWNLOADED,128203
4qdk__1__1.A__1.C,DOWNLOADED,134274
4qdk__1__1.B__1.E,DOWNLOADED,135350
4qdk__2__2.B__2.E,DOWNLOADED,134404
6qdj__1__1.A__1.B,DOWNLOADED,497912
1q79__1__1.A__1.B_1.C_1.D,DOWNLOADED,310039
2q7d__1__1.A__1.C_1.D_1.L,DOWNLOADED,217908
2q7d__3__1.A__1.C_1.D_1.L,DOWNLOADED,217908
2q7d__4__1.A__1.C_1.D_1.L,DOWNLOADED,217908
3q7q__1__1.A__1.C_1.D,DOWNLOADED,90825
6q7a__1__1.A__1.B,DOWNLOADED,151214
6q7h__1__1.A__1.B,DOWNLOADED,149554
4pbg__1__1.A__1.C,DOWNLOADED,302565
4pbg__2__1.B__1.D,DOWNLOADED,306391
2pb4__1__1.A_1.B__1.C,DOWNLOADED,330160
2pbf__1__1.A__1.C,DOWNLOADED,139663
2pbf__2__1.B__1.D,DOWNLOADED,141633
3pb3__1__1.A__1.C,DOWNLOADED,128006
3pb3__2__1.B__1.D,DOWNLOADED,128819
3pb3__3__1.A_1.B__1.C,DOWNLOADED,250475
3pb3__3__1.A_1.B__1.D,DOWNLOADED,250555
4pbr__1__1.A__1.B,DOWNLOADED,198488
4pbr__1__2.A__2.B,DOWNLOADED,200620
6pbp__1__1.B__1.L,DOWNLOADED,518668
2qfq__1__1.A__1.B_1.C_1.D,DOWNLOADED,257595
2qfs__1__1.A__1.B_1.C_1.D,DOWNLOADED,256706
3qfs__1__1.A__1.B,DOWNLOADED,280152
3qft__1__1.A__1.B,DOWNLOADED,279126
3qfu__1__1.A__1.B_1.C_1.D_1.E,DOWNLOADED,234642
4qf9__1__1.A__1.D,DOWNLOADED,163684
4qf9__1__1.C__1.O,DOWNLOADED,159060
4qf9__2__1.B__1.H,DOWNLOADED,160659
4qf9__2__2.B__2.H,DOWNLOADED,161274
6qfe__1__1.A__1.G,DOWNLOADED,144066
6qfe__2__1.B__1.J,DOWNLOADED,142473
6qfg__1__1.A__1.D,DOWNLOADED,141563
6qfg__2__1.B__1.F,DOWNLOADED,141276
6qfh__1__1.A__1.C,DOWNLOADED,142371
6qfh__2__1.B__1.F,DOWNLOADED,139195
1pdh__1__1.A__1.B_1.C,DOWNLOADED,252477
1pdh__1__2.A__2.B_2.C,DOWNLOADED,251371
2pd6__1__1.C__1.G,DOWNLOADED,134729
3pdq__1__1.A__1.C_1.E,DOWNLOADED,236084
3pdq__2__1.B__1.K_1.M,DOWNLOADED,230929
3pdu__1__1.B__1.L,DOWNLOADED,170167
3pdu__1__1.C__1.N,DOWNLOADED,169148
3pdu__1__1.D__1.Q,DOWNLOADED,172868
3pdu__2__1.E__1.S,DOWNLOADED,172420
3pdu__2__2.E__2.S,DOWNLOADED,173868
3pdu__2__2.G__2.X,DOWNLOADED,173750
3pdu__3__1.F__1.U,DOWNLOADED,172218
3pdu__3__2.H__2.AA,DOWNLOADED,172044
6pdp__1__1.A__1.D,DOWNLOADED,176080
6pds__1__1.A_1.B__1.F,DOWNLOADED,266867
6pds__2__1.C_1.D__1.E,DOWNLOADED,263846
6pdu__1__1.A_1.B__1.C,DOWNLOADED,267690
1pow__1__1.A_2.A__1.C_1.D,DOWNLOADED,710448
1pow__1__1.A_2.A__1.E,DOWNLOADED,712620
1pow__1__1.A_2.A__2.C_2.D,DOWNLOADED,710450
1pow__1__1.A_2.A__2.E,DOWNLOADED,712624
1pow__1__1.B_2.B__1.F_1.G,DOWNLOADED,719151
1pow__1__1.B_2.B__1.H,DOWNLOADED,721070
1pow__1__1.B_2.B__2.F_2.G,DOWNLOADED,719153
1pow__1__1.B_2.B__2.H,DOWNLOADED,721070
1pox__1__1.A_2.A__1.C_1.E_1.G,DOWNLOADED,713592
1pox__1__1.A_2.A__1.F,DOWNLOADED,715119
1pox__1__1.A_2.A__2.C_2.E_2.G,DOWNLOADED,713666
1pox__1__1.A_2.A__2.F,DOWNLOADED,715197
1pox__1__1.B_2.B__1.H_1.J_1.L,DOWNLOADED,722328
1pox__1__1.B_2.B__1.K,DOWNLOADED,723787
1pox__1__1.B_2.B__2.H_2.J_2.L,DOWNLOADED,722333
1pox__1__1.B_2.B__2.K,DOWNLOADED,723791
3poo__1__1.A_1.B__1.C,DOWNLOADED,225943
2qn1__1__1.A_2.A__1.B,DOWNLOADED,1045023
2qn1__1__1.A_2.A__2.B,DOWNLOADED,1045133
2qn6__1__1.A__1.D_1.E,DOWNLOADED,250308
3qnn__1__1.A__1.D_1.E_1.F,DOWNLOADED,587546
4qn6__1__1.A__1.H,DOWNLOADED,250148
4qn6__2__1.B__1.J,DOWNLOADED,249996
4qn7__1__1.A__1.I,DOWNLOADED,243463
4qn7__2__1.B__1.L,DOWNLOADED,246325
4qna__1__1.A__1.B,DOWNLOADED,181901
1qy4__1__1.A__1.C_1.D,DOWNLOADED,119310
1qy4__1__1.B__1.E_1.F,DOWNLOADED,120463
2qyk__1__1.A__1.C_1.D_1.E,DOWNLOADED,217439
2qyk__2__1.B__1.F_1.G_1.H,DOWNLOADED,217413
2qyl__1__1.A__1.B_1.C_1.E,DOWNLOADED,216407
2qyo__1__1.A__1.K,DOWNLOADED,223091
2qyo__1__1.B__1.R,DOWNLOADED,222732
4qyy__1__1.A__1.B,DOWNLOADED,428654
1q6n__1__1.A__1.F,DOWNLOADED,189229
1q6n__2__1.B__1.J,DOWNLOADED,188750
1q6p__1__1.A__1.D,DOWNLOADED,189158
1q6p__2__1.B__1.E,DOWNLOADED,188910
1q6s__1__1.A__1.E_1.F,DOWNLOADED,191753
1q6s__2__1.B__1.J,DOWNLOADED,190429
2q6f__1__1.A_1.B__1.C,DOWNLOADED,362419
2q6f__1__1.A_1.B__1.D,DOWNLOADED,362419
2q6k__1__1.A_2.A__2.B,DOWNLOADED,306831
2q6k__1__1.A_3.A__1.B,DOWNLOADED,306827
2q6k__2__4.A_5.A__5.B,DOWNLOADED,306876
2q6k__2__4.A_6.A__4.B,DOWNLOADED,307502
2q6m__1__1.A__1.B,DOWNLOADED,124972
2q6m__1__1.A__1.C,DOWNLOADED,124972
2q6v__1__1.A__1.B,DOWNLOADED,234786
3q60__1__1.A__1.B_1.D_1.E,DOWNLOADED,224061
4q6r__1__1.A_1.B__1.C_1.G,DOWNLOADED,547163
4q6r__1__1.A_1.B__1.E,DOWNLOADED,546428
6q6m__1__1.A__1.B,DOWNLOADED,149824
6q6o__1__1.A__1.B,DOWNLOADED,149874
2qoh__1__1.A__1.C,DOWNLOADED,176548
2qoh__2__1.B__1.D,DOWNLOADED,184427
2qoq__1__1.A__1.B_1.C,DOWNLOADED,184321
3qo0__1__1.A_1.B__1.C,DOWNLOADED,260069
3qow__1__1.A__1.B,DOWNLOADED,209190
3qox__1__1.A__1.B,DOWNLOADED,212108
4qoc__1__1.A__1.G,DOWNLOADED,63057
4qoc__2__1.B__1.H,DOWNLOADED,63298
4qoc__3__1.C__1.I,DOWNLOADED,64670
4qoc__5__1.E__1.K,DOWNLOADED,64518
4qoe__1__1.A_1.B__1.D,DOWNLOADED,284792
2qpy__1__1.A__1.C,DOWNLOADED,160687
3qp4__1__1.A__1.B,DOWNLOADED,111682
3qp8__1__1.A__1.E,DOWNLOADED,110967
3qp8__1__1.B__1.F,DOWNLOADED,114476
4qpd__1__1.A__1.D,DOWNLOADED,193694
4qpd__2__1.B__1.G,DOWNLOADED,193806
4qpl__1__1.A__1.E,DOWNLOADED,100623
4qpl__2__1.C__1.H,DOWNLOADED,101385
1ow3__1__1.A_1.B__1.C_1.D_1.E,DOWNLOADED,239670
2owg__1__1.A_1.B__1.D,DOWNLOADED,330067
2owk__1__1.A__1.C,DOWNLOADED,167781
2owu__1__1.A__1.D,DOWNLOADED,167478
2owz__1__1.A_2.A__1.B,DOWNLOADED,389509
2owz__1__1.A_2.A__2.B,DOWNLOADED,389511
2owz__1__3.A_4.A__3.B,DOWNLOADED,394407
2owz__1__3.A_4.A__4.B,DOWNLOADED,394407
3ow6__1__1.A__1.B,DOWNLOADED,131088
3owb__1__1.A__1.B,DOWNLOADED,130278
3owp__1__1.A__1.C,DOWNLOADED,216758
3ows__1__1.A__1.E,DOWNLOADED,80114
3ows__2__1.B__1.F,DOWNLOADED,80663
5ow1__1__1.A__1.B,DOWNLOADED,186083
5owk__1__1.A__1.B,DOWNLOADED,74676
5oww__1__1.A__1.E,DOWNLOADED,85876
5oww__2__1.B__1.F,DOWNLOADED,85553
5oww__3__1.C__1.G,DOWNLOADED,85429
5oww__4__1.D__1.H,DOWNLOADED,86204
5owy__1__1.A__1.C,DOWNLOADED,524139
5owy__1__2.A__2.C,DOWNLOADED,526133
5owz__1__1.A__1.D,DOWNLOADED,524010
5owz__1__2.A__2.D,DOWNLOADED,526006
6ow7__1__1.A__1.C_1.E,DOWNLOADED,124654
6ow7__2__1.B__1.F_1.H,DOWNLOADED,120156
6owe__1__1.A_1.C__1.J_1.K,DOWNLOADED,559347
6owe__1__1.B_1.D__1.M_1.N,DOWNLOADED,554140
4qlf__1__1.A__1.B,DOWNLOADED,101282
4qlq__1__1.H_1.I_1.Z__1.EA_1.FA,DOWNLOADED,410668
4qlq__1__1.K_1.L__1.IA_1.JA,DOWNLOADED,278980
4qlq__1__1.L_1.V_1.W__1.MA_1.NA,DOWNLOADED,410105
4qlq__1__1.Y_1.Z__1.PA_1.QA,DOWNLOADED,279630
6qlv__1__1.C_1.E_1.I__1.AA_1.PA,DOWNLOADED,344062
1qzr__1__1.A_1.B__1.C_1.D,DOWNLOADED,481740
1qzr__1__1.A_1.B__1.E_1.G,DOWNLOADED,481515
3qzy__1__1.A__1.D,DOWNLOADED,166771
1r18__1__1.A__1.B,DOWNLOADED,135656
1r18__2__1.A_2.A__1.B,DOWNLOADED,265825
1r18__2__1.A_2.A__2.B,DOWNLOADED,265825
4r16__1__1.A_1.B__1.C,DOWNLOADED,516449
4r16__1__1.A_1.B__1.D,DOWNLOADED,516516
6r11__2__1.B__1.H,DOWNLOADED,66912
6r19__2__1.B__1.I,DOWNLOADED,66717
6r1w__2__1.B__1.J,DOWNLOADED,69689
1nhh__1__1.A_2.A__1.B_1.C_1.I,DOWNLOADED,408039
1nhh__1__1.A_2.A__2.B_2.C_2.I,DOWNLOADED,408038
1nhi__1__1.A_2.A__1.B_1.C_1.F,DOWNLOADED,412834
1nhi__1__1.A_2.A__2.B_2.C_2.F,DOWNLOADED,412834
1nhj__1__1.A_2.A__1.B_1.C_1.D,DOWNLOADED,413068
1nhj__1__1.A_2.A__2.B_2.C_2.D,DOWNLOADED,413067
3nht__1__1.A__1.B,DOWNLOADED,190937
4nh7__1__1.A__1.C_1.D_1.F,DOWNLOADED,132416
4nhe__1__1.A__1.D_1.E,DOWNLOADED,204754
4nhe__2__1.C__1.N_1.O,DOWNLOADED,210026
4nhe__2__2.C__2.N_2.O,DOWNLOADED,210132
4nhz__1__1.A_1.B__1.Q,DOWNLOADED,304738
4nhz__1__1.A_1.B__1.R,DOWNLOADED,304587
4nhz__2__1.C_1.D__1.S,DOWNLOADED,300861
4nhz__2__1.C_1.D__1.T,DOWNLOADED,300862
4nhz__3__1.E_1.F__1.U,DOWNLOADED,295031
4nhz__4__1.G_1.H__1.W,DOWNLOADED,309384
4nhz__4__1.G_1.H__1.X,DOWNLOADED,309461
4nhz__5__1.I_1.J__1.Y,DOWNLOADED,294824
4nhz__7__1.M_1.N__1.CA,DOWNLOADED,298677
4nhz__8__1.O_1.P__1.EA,DOWNLOADED,295305
4nhz__8__1.O_1.P__1.FA,DOWNLOADED,295383
1oum__1__1.A_2.A__1.D,DOWNLOADED,282939
1oum__1__1.A_2.A__2.D,DOWNLOADED,282940
1oum__1__1.B_2.C__1.E_1.F,DOWNLOADED,281978
1oum__1__1.B_2.C__2.G_2.H,DOWNLOADED,281977
1oum__1__1.C_2.B__1.G_1.H,DOWNLOADED,282555
1oum__1__1.C_2.B__2.E_2.F,DOWNLOADED,282555
2ou5__1__1.A_1.B__1.F,DOWNLOADED,212665
3ou6__1__1.A__1.E_1.F,DOWNLOADED,138901
3ou6__1__1.D__1.K,DOWNLOADED,139034
3ou6__2__1.B__1.G_1.H,DOWNLOADED,137834
3ou6__2__1.C__1.I_1.J,DOWNLOADED,137642
3ou7__1__1.A__1.E_1.F,DOWNLOADED,139379
3ou7__2__1.B__1.G_1.H,DOWNLOADED,141020
3ou7__2__1.C__1.I_1.J,DOWNLOADED,138363
3ou7__3__1.A__1.E_1.F,DOWNLOADED,139379
3ou7__3__1.B__1.G_1.H,DOWNLOADED,141020
3ou7__3__1.C__1.I_1.J,DOWNLOADED,138363
3ou7__3__2.A__2.E_2.F,DOWNLOADED,140533
3ou7__3__2.B__2.G_2.H,DOWNLOADED,140096
3ou7__3__2.C__2.I_2.J,DOWNLOADED,138485
4oub__1__1.A__1.E,DOWNLOADED,299648
4oue__1__1.A__1.C_1.D,DOWNLOADED,293136
4oue__2__1.B__1.F_1.G,DOWNLOADED,291948
1pvd__1__1.A_1.B__1.C_1.D,DOWNLOADED,650435
1pvd__1__1.A_1.B__1.E_1.F,DOWNLOADED,650441
1pvg__1__1.A_1.B__1.C_1.D,DOWNLOADED,479987
1pvg__1__1.A_1.B__1.E_1.F,DOWNLOADED,479989
1pvy__1__1.A_1.B__1.C_1.D_1.E,DOWNLOADED,270408
1pvy__1__1.A_1.B__1.I_1.J_1.K,DOWNLOADED,270663
3pvu__1__1.A__1.D,DOWNLOADED,402915
3pvw__1__1.A__1.D,DOWNLOADED,404729
3pvy__1__1.A__1.D_1.F,DOWNLOADED,204237
3pvy__1__2.A__2.D_2.F,DOWNLOADED,201846
3pvz__1__1.A_1.B__1.K,DOWNLOADED,429751
4pvd__1__1.A__1.E,DOWNLOADED,218507
4pvd__2__1.B__1.F,DOWNLOADED,219488
4pvt__2__1.B__1.I_1.J_1.N_1.O,DOWNLOADED,142274
6pvf__1__1.A__1.B,DOWNLOADED,281350
6pvf__1__1.A__1.C,DOWNLOADED,278561
6pvg__1__1.A__1.B,DOWNLOADED,282031
6pvh__1__1.A__1.B,DOWNLOADED,281017
2qw8__1__1.A__1.C_1.D_1.E,DOWNLOADED,201490
2qw8__2__1.B__1.F,DOWNLOADED,202208
2qwl__1__1.A__1.C_1.D_1.F,DOWNLOADED,238301
2qwl__2__1.B__1.G_1.H_1.J,DOWNLOADED,237639
2qwm__1__1.A__1.C_1.D_1.E_1.F_1.G,DOWNLOADED,236918
2qwm__2__1.B__1.H_1.I_1.J_1.K_1.L,DOWNLOADED,237622
3qwf__1__1.A__1.K,DOWNLOADED,163218
3qwf__1__1.B__1.N,DOWNLOADED,163933
3qwf__2__1.C__1.P,DOWNLOADED,160618
3qwf__2__1.D__1.R,DOWNLOADED,165093
3qwf__3__1.E__1.T,DOWNLOADED,163219
3qwf__3__1.F__1.V,DOWNLOADED,162801
3qwf__4__1.G__1.X,DOWNLOADED,163501
3qwf__4__1.H__1.Z,DOWNLOADED,163712
3mwl__1__1.B__1.F,DOWNLOADED,125103
4mwq__1__1.A__1.F,DOWNLOADED,249210
4mwq__1__2.A__2.F,DOWNLOADED,243246
4mwq__1__3.A__3.F,DOWNLOADED,246212
4mwq__1__4.A__4.F,DOWNLOADED,246244
4mwr__1__1.A__1.F,DOWNLOADED,246345
4mwr__1__2.A__2.F,DOWNLOADED,246462
4mwr__1__3.A__3.F,DOWNLOADED,249345
4mwr__1__4.A__4.F,DOWNLOADED,243461
4mww__1__1.A__1.F,DOWNLOADED,245555
4mwx__1__1.A__1.F,DOWNLOADED,251591
4mwx__1__2.A__2.F,DOWNLOADED,245629
4mwx__1__3.A__3.F,DOWNLOADED,248628
4mwx__1__4.A__4.F,DOWNLOADED,248592
4mwy__1__1.A__1.F,DOWNLOADED,244967
4mwy__1__2.A__2.F,DOWNLOADED,250931
4mwy__1__3.A__3.F,DOWNLOADED,247933
4mwy__1__4.A__4.F,DOWNLOADED,247965
4mwz__2__1.B__1.H,DOWNLOADED,177173
5mw2__1__1.A_2.A__1.B,DOWNLOADED,153891
5mw2__1__1.A_2.A__2.B,DOWNLOADED,153891
5mw3__1__1.A__1.C,DOWNLOADED,205562
5mw3__1__1.A__1.D,DOWNLOADED,204739
5mw3__2__1.B__1.F,DOWNLOADED,206658
5mw3__2__1.B__1.G,DOWNLOADED,205727
5mwd__1__1.A_2.A__1.B,DOWNLOADED,153226
5mwd__1__1.A_2.A__2.B,DOWNLOADED,153226
5mwg__2__1.B__1.E,DOWNLOADED,75007
6mw7__1__1.A__1.E_1.F,DOWNLOADED,331967
6mw7__1__1.B__1.G_1.H,DOWNLOADED,320904
6mw7__2__1.C__1.I_1.K,DOWNLOADED,339305
6mwl__1__1.A__1.C,DOWNLOADED,102946
6mwl__1__1.B__1.D,DOWNLOADED,102665
6mwz__1__1.A_1.B__1.C,DOWNLOADED,201742
1q5m__1__1.A__1.D,DOWNLOADED,208053
1q5m__2__1.B__1.F,DOWNLOADED,208437
2q5f__1__1.A_4.A__1.B,DOWNLOADED,325341
2q5f__1__1.A_4.A__4.B,DOWNLOADED,325418
3q53__1__1.A__1.B_1.C_1.D,DOWNLOADED,187079
6q54__1__1.A__1.I,DOWNLOADED,324137
6q54__1__1.B__1.V,DOWNLOADED,324657
1re0__1__1.A_1.B__1.E,DOWNLOADED,228253
1re0__1__1.A__1.C_1.D,DOWNLOADED,104960
3reo__1__1.A__1.E,DOWNLOADED,215318
3reo__2__1.B__1.G,DOWNLOADED,216652
3reo__2__1.D__1.K,DOWNLOADED,222159
3rep__1__1.A__1.C_1.D,DOWNLOADED,171753
2qjy__1__1.A_1.F__1.V,DOWNLOADED,389811
2qjy__1__1.C_1.D__1.EA,DOWNLOADED,387260
2qjy__2__1.G_1.L__1.PA,DOWNLOADED,383162
2qjy__2__1.I_1.J__1.YA,DOWNLOADED,384953
2qjy__3__1.M_1.R__1.IB,DOWNLOADED,387828
2qjy__3__1.O_1.P__1.SB,DOWNLOADED,391482
3qj4__2__1.B__1.F,DOWNLOADED,209964
4qjp__2__1.B__1.G_1.I,DOWNLOADED,165839
1ohe__1__1.A__1.B,DOWNLOADED,218304
2ohj__1__1.A_1.B__1.J,DOWNLOADED,508086
2ohj__1__1.A_1.B__1.O,DOWNLOADED,508009
2ohj__2__1.C_1.D__1.AA,DOWNLOADED,507066
2ohj__2__1.C_1.D__1.V,DOWNLOADED,506905
2ohj__3__2.A_2.B__2.J,DOWNLOADED,505575
2ohj__3__2.A_2.B__2.O,DOWNLOADED,505505
2ohj__3__2.C_2.D__2.AA,DOWNLOADED,505727
2ohj__3__2.C_2.D__2.V,DOWNLOADED,505566
2ohj__5__1.B__1.O,DOWNLOADED,259698
2ohj__5__1.D__1.AA,DOWNLOADED,258446
2ohj__5__2.A__2.J,DOWNLOADED,259810
2ohj__5__2.C__2.V,DOWNLOADED,258142
3ohr__1__1.A__1.B,DOWNLOADED,188051
3ohr__1__2.A__2.B,DOWNLOADED,187878
4ohv__1__1.A__1.B_1.C,DOWNLOADED,250461
4ohw__1__1.A__1.B_1.C,DOWNLOADED,252236
5oh8__1__1.A__1.E,DOWNLOADED,67032
5ohj__1__1.A__1.E,DOWNLOADED,224874
5ohj__2__1.B__1.H,DOWNLOADED,220083
6ohh__1__1.A__1.D,DOWNLOADED,76213
6ohh__2__1.B__1.F,DOWNLOADED,77579
3qal__1__1.A_1.B__1.C_1.D_1.E,DOWNLOADED,226594
3qam__1__1.A_1.B__1.C_1.D_1.E,DOWNLOADED,235396
3qaw__1__1.A_2.A__1.B,DOWNLOADED,280387
3qaw__1__1.A_2.A__2.B,DOWNLOADED,280383
4qac__1__1.A_1.B__1.N,DOWNLOADED,266522
4qac__1__1.A_1.E__1.X,DOWNLOADED,269070
4qac__1__1.B_1.C__1.Q,DOWNLOADED,265757
4qac__1__1.C_1.D__1.R,DOWNLOADED,268860
4qac__1__1.D_1.E__1.V,DOWNLOADED,269622
4qac__2__1.F_1.G__1.BA,DOWNLOADED,270421
4qac__2__1.F_1.J__1.MA,DOWNLOADED,269903
4qac__2__1.G_1.H__1.DA,DOWNLOADED,268958
4qac__2__1.H_1.I__1.GA,DOWNLOADED,270739
4qac__2__1.I_1.J__1.KA,DOWNLOADED,268086
4qag__1__1.A__1.C_1.D_1.E,DOWNLOADED,82538
4qag__2__1.B__1.F_1.G_1.H,DOWNLOADED,83919
4qag__3__1.A_1.B__1.C_1.D_1.E,DOWNLOADED,162071
4qag__3__1.A_1.B__1.F_1.G_1.H,DOWNLOADED,162150
6qa7__1__1.A__1.B,DOWNLOADED,523720
6qa7__1__2.A__2.B,DOWNLOADED,525685
6qa8__1__1.A__1.B,DOWNLOADED,520839
6qa8__1__2.A__2.B,DOWNLOADED,522895
6qas__1__1.A__1.T,DOWNLOADED,178548
6qau__1__1.A__1.D_1.H_1.I,DOWNLOADED,183696
6qau__1__2.A__2.D_2.H_2.I,DOWNLOADED,183316
6qau__2__1.B__1.K,DOWNLOADED,174547
6qau__2__1.C__1.P,DOWNLOADED,160083
6qav__1__1.B__1.J,DOWNLOADED,179490
6qav__2__1.C__1.Q,DOWNLOADED,182130
1nd0__1__1.A_1.B__1.I,DOWNLOADED,267877
1nd0__1__2.C_2.D__2.K,DOWNLOADED,266605
1nd0__2__1.E_1.F__1.M,DOWNLOADED,268938
1nd0__2__2.G_2.H__2.O,DOWNLOADED,272182
3nd1__1__1.A__1.C,DOWNLOADED,149648
3nd1__1__1.B__1.F,DOWNLOADED,152625
3nd6__1__1.A__1.G,DOWNLOADED,100523
3nd6__1__1.B__1.H,DOWNLOADED,99496
3nd6__1__1.C__1.I,DOWNLOADED,101326
3nd6__1__1.D__1.J,DOWNLOADED,101144
3nd6__1__1.E__1.K,DOWNLOADED,100441
3nd6__1__1.F__1.L,DOWNLOADED,99457
3nd7__1__1.A_1.C__1.G,DOWNLOADED,190539
3nd7__1__1.A_1.E__1.K,DOWNLOADED,190508
3nd7__1__1.B_1.D__1.J,DOWNLOADED,191760
3nd7__1__1.B_1.F__1.H,DOWNLOADED,191992
3nd7__1__1.C_1.E__1.I,DOWNLOADED,190616
3nd7__1__1.D_1.F__1.L,DOWNLOADED,191974
3ndc__1__1.A__1.C,DOWNLOADED,142451
3ndc__1__1.B__1.D,DOWNLOADED,139802
4ndf__1__1.A__1.G,DOWNLOADED,118212
4ndh__1__1.A__1.G,DOWNLOADED,119286
4ndi__1__1.A__1.G,DOWNLOADED,118049
4ndi__2__1.B__1.L,DOWNLOADED,120695
5ndb__1__1.A__1.C_1.D_1.H_1.N,DOWNLOADED,157886
5ndb__2__1.B__1.O_1.P_1.Q_1.W,DOWNLOADED,156599
5ndf__1__1.E__1.AA_1.BA_1.Z,DOWNLOADED,326132
5ndf__1__2.C__2.S_2.T,DOWNLOADED,325154
5ndf__2__1.F__1.CA_1.DA,DOWNLOADED,328322
5ndf__2__2.D__2.V_2.W,DOWNLOADED,328850
5ndf__3__1.A__1.G_1.H_1.J_1.K,DOWNLOADED,327302
5ndf__3__1.B__1.O_1.P_1.Q,DOWNLOADED,323532
5ndf__4__1.C__1.S_1.T,DOWNLOADED,330026
5ndf__4__2.E__2.AA_2.BA_2.Z,DOWNLOADED,324971
1ov6__1__1.A_2.A__1.D_1.E,DOWNLOADED,283325
1ov6__1__1.A_2.A__2.D_2.E,DOWNLOADED,283325
1ov6__1__1.B_2.C__1.F_1.G,DOWNLOADED,281955
1ov6__1__1.B_2.C__2.H_2.I,DOWNLOADED,281847
1ov6__1__1.C_2.B__1.H_1.I,DOWNLOADED,282428
1ov6__1__1.C_2.B__2.F_2.G,DOWNLOADED,282536
1ovg__1__1.A_2.A__1.D_1.E,DOWNLOADED,283405
1ovg__1__1.A_2.A__2.D_2.E,DOWNLOADED,283407
1ovg__1__1.B_2.C__1.F_1.G,DOWNLOADED,281821
1ovg__1__1.B_2.C__2.H_2.I,DOWNLOADED,281820
1ovg__1__1.C_2.B__1.H_1.I,DOWNLOADED,282413
1ovg__1__1.C_2.B__2.F_2.G,DOWNLOADED,282413
5ov7__1__1.B_1.C__1.L_1.M,DOWNLOADED,537141
5ov7__1__1.C_1.D__1.S_1.T,DOWNLOADED,542495
5ov7__1__1.D__1.V_1.W,DOWNLOADED,270011
5ov7__1__1.F__1.Y_1.Z,DOWNLOADED,229222
5ov8__2__1.B__1.E,DOWNLOADED,74699
5ovl__1__1.A__1.E,DOWNLOADED,148729
5ovl__1__1.B__1.F,DOWNLOADED,143799
5ovz__1__1.A__1.C,DOWNLOADED,163068
5ovz__2__1.B__1.N,DOWNLOADED,159107
6ovd__1__1.A_1.B__1.D,DOWNLOADED,355835
6ove__1__1.A_1.B__1.D,DOWNLOADED,355743
6ove__3__1.B__1.D,DOWNLOADED,178567
6ovx__1__1.A__1.C,DOWNLOADED,185341
4rnx__2__1.B__1.H,DOWNLOADED,249895
2r2w__1__1.A__1.C,DOWNLOADED,155391
4r29__1__1.A__1.E_1.F,DOWNLOADED,131397
4r29__4__1.D__1.L_1.M,DOWNLOADED,131439
4r2w__1__1.E_1.F__1.R_1.T,DOWNLOADED,282039
6r2u__6__1.F__1.BA,DOWNLOADED,183320
1lod__1__1.C_1.D__1.N,DOWNLOADED,140121
1lod__2__1.E_1.F__1.Q,DOWNLOADED,140307
4lom__1__1.A_10.A_15.A__1.B_1.D_15.C,DOWNLOADED,353884
4lom__1__1.A_16.A_24.A__1.C_16.B_16.D,DOWNLOADED,357984
4lom__1__1.A_24.A_7.A__24.C_7.B_7.D,DOWNLOADED,353498
4lom__1__10.A_15.A_18.A__10.C_18.B_18.D,DOWNLOADED,355757
4lom__1__10.A_17.A_7.A__10.B_10.D_17.C,DOWNLOADED,356520
4lom__1__11.A_16.A_2.A__16.C_2.B_2.D,DOWNLOADED,356516
4lom__1__11.A_16.A_20.A__11.C_20.B_20.D,DOWNLOADED,361647
4lom__1__11.A_19.A_5.A__11.B_11.D_19.C,DOWNLOADED,356840
4lom__1__12.A_13.A_19.A__12.C_19.B_19.D,DOWNLOADED,364279
4lom__1__12.A_13.A_4.A__13.C_4.B_4.D,DOWNLOADED,362406
4lom__1__12.A_20.A_8.A__12.B_12.D_20.C,DOWNLOADED,362410
4lom__1__13.A_22.A_3.A__13.B_13.D_3.C,DOWNLOADED,358304
4lom__1__14.A_17.A_9.A__17.B_17.D_9.C,DOWNLOADED,357984
4lom__1__14.A_23.A_4.A__14.B_14.D_4.C,DOWNLOADED,360936
4lom__1__14.A_3.A_9.A__14.C_3.B_3.D,DOWNLOADED,353498
4lom__1__15.A_2.A_21.A__15.B_15.D_2.C,DOWNLOADED,352414
4lom__1__17.A_23.A_7.A__23.B_23.D_7.C,DOWNLOADED,358304
4lom__1__18.A_21.A_6.A__21.B_21.D_6.C,DOWNLOADED,352414
4lom__1__18.A_6.A_9.A__18.C_9.B_9.D,DOWNLOADED,350546
4lom__1__19.A_22.A_5.A__22.B_22.D_5.C,DOWNLOADED,357984
4lom__1__2.A_21.A_5.A__21.C_5.B_5.D,DOWNLOADED,350546
4lom__1__20.A_24.A_8.A__24.B_24.D_8.C,DOWNLOADED,360936
4lom__1__22.A_3.A_6.A__22.C_6.B_6.D,DOWNLOADED,353178
4lom__1__23.A_4.A_8.A__23.C_8.B_8.D,DOWNLOADED,359068
4lop__1__1.A__1.I,DOWNLOADED,225144
4lop__4__1.D__1.X,DOWNLOADED,228322
4loq__1__1.A__1.I,DOWNLOADED,224831
4loq__3__1.C_1.G__1.T,DOWNLOADED,232126
4loq__4__1.D__1.X,DOWNLOADED,227780
5lo5__1__1.A__1.B,DOWNLOADED,131721
5lo6__1__1.A__1.B,DOWNLOADED,131482
5lom__1__1.A__1.C,DOWNLOADED,148723
5lom__2__1.B__1.F,DOWNLOADED,155592
5lor__1__1.A_1.B__1.C,DOWNLOADED,356354
6lop__1__1.A_1.B__1.D,DOWNLOADED,454721
6lop__1__1.A__1.C,DOWNLOADED,232200
2nxe__1__1.A__1.C,DOWNLOADED,158314
2nxe__2__1.B__1.D,DOWNLOADED,153772
2nxw__1__1.A_1.B__1.G_1.I,DOWNLOADED,621643
2nxw__1__2.A_2.B__2.G_2.I,DOWNLOADED,621675
2nxw__2__1.A_1.B__1.G_1.I,DOWNLOADED,621643
3nx4__1__1.A_1.B__1.C,DOWNLOADED,382644
3nx4__1__1.A_1.B__1.D,DOWNLOADED,382642
4nxe__1__1.A__1.C,DOWNLOADED,70328
4nxe__1__1.B__1.D,DOWNLOADED,70057
4nxf__1__1.A__1.C,DOWNLOADED,71404
4nxf__1__1.B__1.D,DOWNLOADED,69966
4nxg__1__1.A__1.C,DOWNLOADED,69905
4nxg__1__1.B__1.D,DOWNLOADED,70378
4nxv__1__1.A__1.E,DOWNLOADED,408977
4nxv__2__1.B__1.G,DOWNLOADED,417615
4nxv__3__1.C__1.K,DOWNLOADED,409384
4nxv__4__1.D__1.M,DOWNLOADED,406211
5nx5__1__1.A__1.C_1.D,DOWNLOADED,183607
5nx9__1__1.A_1.B_1.C__1.O,DOWNLOADED,873038
5nx9__1__1.B_1.C_1.D__1.Q,DOWNLOADED,876693
5nxa__1__1.A_1.B_1.C__1.L,DOWNLOADED,819957
5nxa__1__1.A_1.B_1.D__1.I,DOWNLOADED,833787
5nxa__1__1.A_1.C_1.D__1.Q,DOWNLOADED,833309
5nxa__2__1.E_1.F_1.G__1.U,DOWNLOADED,883708
5nxa__2__1.E_1.F_1.H__1.X,DOWNLOADED,891852
5nxa__2__1.F_1.G_1.H__1.W,DOWNLOADED,888855
1q36__1__1.A__1.B,DOWNLOADED,257623
1q3h__2__1.B__1.H_1.I,DOWNLOADED,171987
2q36__1__1.A__1.B_1.E,DOWNLOADED,229749
2q36__1__2.A__2.B_2.E,DOWNLOADED,229617
2q3c__1__1.A__1.B,DOWNLOADED,183901
2q3c__1__2.A__2.B,DOWNLOADED,183895
2q3y__1__1.A__1.C,DOWNLOADED,163812
3q3s__1__1.A__1.B,DOWNLOADED,122380
4q30__1__1.A__1.D,DOWNLOADED,162534
4q30__1__1.B__1.G,DOWNLOADED,160427
4q30__2__1.C__1.J,DOWNLOADED,163192
4q30__2__2.C__2.J,DOWNLOADED,162627
6q3w__1__1.A__1.F,DOWNLOADED,231131
6q3x__1__1.A__1.G,DOWNLOADED,234079
6q3x__2__1.B__1.K,DOWNLOADED,233277
6q3y__2__1.B__1.K_1.L,DOWNLOADED,83900
2q0h__1__1.A_1.B__1.F_1.G,DOWNLOADED,299419
2q0o__1__1.A__1.E,DOWNLOADED,147637
2q0o__1__1.B__1.F,DOWNLOADED,147667
2q0u__1__1.A__1.B_1.D,DOWNLOADED,216098
2q0u__1__1.A__1.E,DOWNLOADED,215346
3q0u__1__1.A__1.B,DOWNLOADED,122119
3q0w__1__1.A__1.B_1.C,DOWNLOADED,121781
3q0w__1__2.A__2.B_2.C,DOWNLOADED,122441
4q0a__1__1.A__1.C,DOWNLOADED,155322
4q0a__1__2.A__2.C,DOWNLOADED,155015
4q0k__1__1.A__1.B_1.C,DOWNLOADED,98637
4q0n__2__1.B__1.K,DOWNLOADED,74149
4q0n__6__1.F__1.T,DOWNLOADED,75014
4q0n__7__1.G__1.W,DOWNLOADED,74901
4q0n__8__1.H__1.Y,DOWNLOADED,75194
5q0c__1__1.A_1.B__1.J,DOWNLOADED,399099
5q0c__1__1.A_1.B__1.L,DOWNLOADED,399017
5q0c__1__1.C_1.D__1.N,DOWNLOADED,397017
5q0c__1__1.C_1.D__1.P,DOWNLOADED,397095
5q0c__2__1.E_1.F__1.R,DOWNLOADED,397893
5q0c__2__1.E_1.F__1.T,DOWNLOADED,397895
5q0c__2__1.G_1.H__1.V,DOWNLOADED,399401
5q0c__2__1.G_1.H__1.X,DOWNLOADED,399323
6q03__1__1.A__1.B_1.C,DOWNLOADED,256546
6q03__1__2.A__2.B_2.C,DOWNLOADED,260075
6q03__1__3.A__3.B_3.C,DOWNLOADED,256617
6q03__1__4.A__4.B_4.C,DOWNLOADED,259207
6q0a__1__1.A__1.B_1.C,DOWNLOADED,258879
6q0a__1__2.A__2.B_2.C,DOWNLOADED,256315
6q0a__1__3.A__3.B_3.C,DOWNLOADED,255487
6q0a__1__4.A__4.B_4.C,DOWNLOADED,259043
6q0y__1__1.A_4.A__1.B_1.C,DOWNLOADED,501642
6q0y__1__1.A_4.A__4.B_4.C,DOWNLOADED,501580
6q0y__1__2.A_3.A__2.B_2.C,DOWNLOADED,502596
6q0y__1__2.A_3.A__3.B_3.C,DOWNLOADED,502515
1puj__1__1.A__1.B_1.C,DOWNLOADED,168107
2puj__1__1.A__1.D,DOWNLOADED,179382
2pul__1__1.A__1.C_1.E,DOWNLOADED,245480
2pul__2__1.A__1.C_1.E,DOWNLOADED,245480
2pul__2__2.A__2.C_2.E,DOWNLOADED,245513
3puv__1__1.D_1.E__1.R_1.S_1.T,DOWNLOADED,449731
3puv__1__1.D_1.E__1.U_1.V_1.W,DOWNLOADED,449729
3puw__1__1.D_1.E__1.R_1.S_1.T,DOWNLOADED,449130
3puw__1__1.D_1.E__1.U_1.V_1.W,DOWNLOADED,449204
3pux__1__1.D_1.E__1.R_1.S_1.T,DOWNLOADED,449203
3pux__1__1.D_1.E__1.U_1.V_1.W,DOWNLOADED,449120
4puj__1__1.A__1.H,DOWNLOADED,229816
4puj__1__2.A__2.H,DOWNLOADED,225516
1o03__1__1.A__1.B_1.C,DOWNLOADED,134956
1o0h__2__1.B__1.D,DOWNLOADED,76699
1o0m__1__1.A__1.C,DOWNLOADED,76274
1o0m__2__1.B__1.D,DOWNLOADED,75687
1o0n__2__1.B__1.D,DOWNLOADED,76039
1o0r__1__1.A__1.C_1.D,DOWNLOADED,177954
1o0r__2__1.B__1.H_1.I,DOWNLOADED,180203
2o06__1__1.A__1.E,DOWNLOADED,184794
2o06__1__1.B__1.H,DOWNLOADED,181708
2o0h__1__1.A__1.B,DOWNLOADED,239214
2o0j__1__1.A__1.B,DOWNLOADED,240173
4o0l__1__1.A__1.E,DOWNLOADED,163706
4o0l__1__1.B__1.F,DOWNLOADED,163759
4o0l__1__1.C__1.G,DOWNLOADED,163816
4o0l__1__1.D__1.H,DOWNLOADED,163381
5o08__1__1.A_1.C__1.D_1.J,DOWNLOADED,190147
5o08__1__1.B_1.C__1.H_1.I,DOWNLOADED,188954
5o08__1__2.A_2.C__2.D_2.J,DOWNLOADED,192876
5o08__1__2.B_2.C__2.H_2.I,DOWNLOADED,191044
5o0a__1__1.B__1.E,DOWNLOADED,96523
5o0a__1__2.B__2.E,DOWNLOADED,95035
5o0d__1__1.C__1.E,DOWNLOADED,94975
5o0h__1__1.B_1.C__1.E,DOWNLOADED,187822
5o0j__1__1.A__1.B,DOWNLOADED,290477
6o0e__2__1.B__1.D,DOWNLOADED,506614
6o0f__2__1.B__1.D,DOWNLOADED,506685
1r6t__1__1.A__1.C,DOWNLOADED,283373
2r6j__1__1.A__1.C,DOWNLOADED,200260
2r6j__2__1.B__1.D,DOWNLOADED,202452
2r6r__1__1.A__1.B,DOWNLOADED,197120
4r65__1__1.A__1.E_1.F_1.G,DOWNLOADED,208603
4r6r__1__1.G__1.V,DOWNLOADED,84225
6r6x__1__1.A__1.B,DOWNLOADED,218704
1ra3__1__1.A__1.B,DOWNLOADED,102004
1ra8__1__1.A__1.C,DOWNLOADED,101833
3rab__1__1.A__1.B_1.C,DOWNLOADED,108514
1ra7__1__1.A__1.B,DOWNLOADED,301364
4rac__1__1.B__1.H_1.I,DOWNLOADED,127555
6raa__1__1.A__1.B,DOWNLOADED,218542
1okc__1__1.A__1.B,DOWNLOADED,182067
2ok8__1__1.A_1.B__1.F,DOWNLOADED,359287
2ok8__1__1.A_1.B__1.H,DOWNLOADED,359287
2ok8__2__1.C_1.D__1.I,DOWNLOADED,355534
2ok8__2__1.C_1.D__1.J,DOWNLOADED,355534
3okf__1__1.A_1.B__1.C_1.F,DOWNLOADED,442865
3okf__2__1.A_1.B__1.C_1.F,DOWNLOADED,442865
3okf__2__2.A_2.B__2.C_2.F,DOWNLOADED,438623
3okx__1__1.A_1.B__1.D,DOWNLOADED,188372
4oke__1__1.A_1.B__1.C_1.D,DOWNLOADED,205371
4okz__1__1.A__1.E_1.F_1.G_1.H,DOWNLOADED,227079
4okz__2__1.B__1.I_1.J_1.K_1.L,DOWNLOADED,227917
4okz__3__1.C__1.M_1.N_1.O_1.P,DOWNLOADED,228629
4okz__4__1.D__1.Q_1.R_1.S_1.T,DOWNLOADED,228030
5ok1__1__1.A__1.B_1.C,DOWNLOADED,135982
5ok3__1__1.A_1.B__1.C,DOWNLOADED,452710
5okk__1__1.A__1.C,DOWNLOADED,312259
5okk__1__1.B__1.M,DOWNLOADED,312398
5okq__1__1.A__1.C,DOWNLOADED,312263
5okq__1__1.B__1.M,DOWNLOADED,312170
5okr__1__1.A__1.C,DOWNLOADED,312285
5okr__1__1.B__1.G,DOWNLOADED,312431
5oks__1__1.A__1.C,DOWNLOADED,312126
5oks__1__1.B__1.G,DOWNLOADED,312201
5okt__1__1.A__1.E,DOWNLOADED,359266
5okt__2__1.B__1.M,DOWNLOADED,359296
2rde__1__1.A__1.C,DOWNLOADED,147015
2rde__1__1.B__1.D,DOWNLOADED,146008
3rde__1__1.A__1.G,DOWNLOADED,361301
3rde__3__1.C__1.K,DOWNLOADED,362506
3rde__4__1.D__1.N,DOWNLOADED,364102
4rdi__1__1.B__1.G,DOWNLOADED,149099
4rdi__2__1.C_1.D__1.I,DOWNLOADED,287874
6rd1__1__1.A_1.B__1.C,DOWNLOADED,372069
6rd1__1__1.A_1.B__1.D,DOWNLOADED,371994
6rd1__1__2.A_2.B__2.C,DOWNLOADED,376189
6rd1__1__2.A_2.B__2.D,DOWNLOADED,376261
3qm1__1__1.A__1.B_1.X,DOWNLOADED,156730
3qm1__1__2.A__2.B_2.X,DOWNLOADED,156780
4qm0__1__1.A__1.C,DOWNLOADED,154729
4qm0__2__1.B__1.E_1.F,DOWNLOADED,156419
4qm0__3__2.B__2.E_2.F,DOWNLOADED,158816
4qml__1__1.A__1.C_1.D,DOWNLOADED,182106
4qmo__1__1.A__1.C,DOWNLOADED,187127
4qmq__1__1.A__1.B,DOWNLOADED,188876
4qmt__1__1.A__1.B,DOWNLOADED,184306
4qmu__1__1.A__1.B,DOWNLOADED,183851
4qmw__1__1.A__1.B,DOWNLOADED,183683
4qmx__1__1.A__1.B,DOWNLOADED,185975
4qmy__1__1.A__1.B,DOWNLOADED,186189
2qs1__1__1.A__1.E,DOWNLOADED,161165
2qs1__1__2.A__2.E,DOWNLOADED,162897
2qs1__2__1.B__1.H,DOWNLOADED,163464
2qs1__2__2.B__2.H,DOWNLOADED,163818
4qsx__1__1.A__1.H,DOWNLOADED,85852
6qs5__1__1.A__1.B,DOWNLOADED,214735
6qsi__1__1.A_1.B__1.C_1.D,DOWNLOADED,622059
6qsi__1__1.A_1.B__1.G_1.H,DOWNLOADED,622059
6qst__1__1.A__1.E,DOWNLOADED,77465
6qst__2__1.B__1.F,DOWNLOADED,73672
3rvh__1__1.A__1.C_1.E,DOWNLOADED,233063
4rvu__1__1.A__1.E,DOWNLOADED,197441
4rvu__1__1.D__1.H,DOWNLOADED,196101
4rvu__2__1.B__1.F,DOWNLOADED,198458
4rvu__2__1.C__1.G,DOWNLOADED,197613
4rvx__1__1.A_1.B__1.E,DOWNLOADED,119965
4rvx__2__1.C_1.D__1.F,DOWNLOADED,120220
6s8k__1__1.A_1.B__1.D_1.E,DOWNLOADED,538077
5s8f__1__1.A__1.B,DOWNLOADED,79180
1qrp__1__1.A__1.B,DOWNLOADED,196591
2qrk__1__1.A__1.B,DOWNLOADED,229363
2qry__1__1.A__1.E,DOWNLOADED,194668
2qry__2__1.B__1.F,DOWNLOADED,195593
2qry__3__1.C__1.G,DOWNLOADED,199868
2qry__4__1.D__1.H,DOWNLOADED,194065
2qrz__1__1.A__1.C_1.E,DOWNLOADED,119529
2qrz__1__1.B__1.F_1.G,DOWNLOADED,117609
6qr0__1__1.A_1.B__1.C,DOWNLOADED,253423
6qr0__1__1.A_1.B__1.E,DOWNLOADED,253532
6qr1__1__1.A_1.B__1.C,DOWNLOADED,251549
6qr1__1__1.A_1.B__1.D,DOWNLOADED,251658
6qr2__1__1.A_1.B__1.C,DOWNLOADED,250823
6qr3__1__1.A_1.B__1.C,DOWNLOADED,250607
6qr4__1__1.A_1.B__1.C,DOWNLOADED,254809
6qr5__1__1.A_1.B__1.D,DOWNLOADED,251173
6qr7__1__1.A_1.B__1.C,DOWNLOADED,253208
6qr8__1__1.A_1.B__1.D,DOWNLOADED,250754
6qrb__1__1.A_1.B__1.C,DOWNLOADED,258764
6qrc__1__1.A_1.B__1.E,DOWNLOADED,256538
6qrd__1__1.A_1.B__1.E,DOWNLOADED,253639
6qri__1__1.A__1.C_1.D,DOWNLOADED,229253
6qri__2__1.B__1.F_1.G,DOWNLOADED,231441
1r5a__1__1.A__1.E,DOWNLOADED,140231
1r5a__1__2.A__2.E,DOWNLOADED,140375
2r5q__1__1.A_1.B__1.E,DOWNLOADED,120623
2r5q__2__1.C_1.D__1.F,DOWNLOADED,121806
2r5t__2__1.A_2.A__1.B_1.D,DOWNLOADED,359628
2r5t__2__1.A_2.A__2.B_2.D,DOWNLOADED,359770
3r5c__1__1.A_1.B__1.F_1.G,DOWNLOADED,400438
3r5c__1__1.A_1.C__1.D_1.E,DOWNLOADED,400097
3r5w__10__1.J__1.T,DOWNLOADED,75217
3r5w__1__1.A__1.K,DOWNLOADED,74608
3r5w__2__1.B__1.L,DOWNLOADED,73590
3r5w__3__1.C__1.M,DOWNLOADED,75794
3r5w__4__1.D__1.N,DOWNLOADED,74843
3r5w__5__1.E__1.O,DOWNLOADED,75784
3r5w__6__1.F__1.P,DOWNLOADED,75872
3r5w__7__1.G__1.Q,DOWNLOADED,74848
3r5w__8__1.H__1.R,DOWNLOADED,74704
3r5w__9__1.I__1.S,DOWNLOADED,73651
3r5y__3__1.C__1.G,DOWNLOADED,93528
3r5z__1__1.A__1.C,DOWNLOADED,91722
3r5z__2__1.B__1.D,DOWNLOADED,92210
3san__1__1.A__1.G,DOWNLOADED,244537
3san__2__1.B__1.L,DOWNLOADED,245026
6sal__1__1.A__1.B,DOWNLOADED,160361
6sax__2__1.B__1.D,DOWNLOADED,208274
1sgu__1__1.A_1.B__1.C,DOWNLOADED,120321
1rzu__2__1.B__1.D,DOWNLOADED,290487
6rz2__1__1.A_1.B__1.D,DOWNLOADED,311550
6rz2__1__1.A_1.C__1.F,DOWNLOADED,313138
6rz2__1__1.B_1.C__1.E,DOWNLOADED,311495
6rzs__1__1.A__1.C_1.D_1.E,DOWNLOADED,140228
1rkg__1__1.A__1.C,DOWNLOADED,153832
1rkg__2__2.A__2.C,DOWNLOADED,154866
1rkh__1__1.A__1.C,DOWNLOADED,154517
1rkh__2__2.A__2.C,DOWNLOADED,155525
1rkx__1__1.A__1.E,DOWNLOADED,224988
1rkx__1__1.B__1.F,DOWNLOADED,224434
1rkx__1__1.C__1.G,DOWNLOADED,225113
1rkx__1__1.D__1.H,DOWNLOADED,225431
3rk0__1__1.A__1.B,DOWNLOADED,135672
3rk0__1__2.A__2.B,DOWNLOADED,135728
3rk1__1__1.A__1.C,DOWNLOADED,140620
3rk1__1__1.B__1.F,DOWNLOADED,142220
6rk2__1__1.A__1.C,DOWNLOADED,285842
6rk2__1__1.B__1.D,DOWNLOADED,284493
2qtg__1__1.A_1.B__1.C,DOWNLOADED,289453
2qtg__1__1.A_1.B__1.E,DOWNLOADED,289385
2qth__1__1.A__1.F_1.H,DOWNLOADED,200671
3qt6__1__1.B__1.D,DOWNLOADED,208573
3qt7__1__1.A__1.C,DOWNLOADED,206926
3qt7__1__1.B__1.D,DOWNLOADED,207159
3qtf__1__1.A__1.B,DOWNLOADED,130954
6qtj__1__1.A__1.C,DOWNLOADED,219431
6qtn__1__1.A_1.B__1.G_1.H,DOWNLOADED,541970
6qtn__1__1.C_1.D__1.P_1.Q,DOWNLOADED,541333
6qtn__1__1.D__1.V_1.W,DOWNLOADED,268841
1px0__1__1.A_1.C__1.E,DOWNLOADED,299403
1px0__1__1.A_1.C__1.G,DOWNLOADED,299403
1px0__1__1.B_1.D__1.F,DOWNLOADED,299529
1px0__1__1.B_1.D__1.H,DOWNLOADED,299530
3px0__1__1.A__1.H,DOWNLOADED,719191
3px4__1__1.A__1.G,DOWNLOADED,707065
3px6__1__1.A__1.H,DOWNLOADED,745547
3pxx__1__1.A__1.G,DOWNLOADED,168068
3pxx__1__1.B__1.H,DOWNLOADED,164951
3pxx__1__1.C__1.I,DOWNLOADED,166198
3pxx__1__1.D__1.J,DOWNLOADED,164525
3pxx__1__1.E__1.K,DOWNLOADED,164075
3pxx__1__1.F__1.L,DOWNLOADED,164994
4px9__1__1.A__1.D,DOWNLOADED,165588
4px9__2__1.B__1.E,DOWNLOADED,167578
6px2__1__1.A_1.D__1.I,DOWNLOADED,413395
6px2__2__1.E_1.H__1.Q,DOWNLOADED,413145
6pxr__1__1.A_1.B__1.C,DOWNLOADED,263609
6sh6__1__1.A__1.C_1.D_1.E,DOWNLOADED,440633
1r4a__1__1.C__1.K_1.L,DOWNLOADED,105664
1r4a__1__1.E__1.M_1.N,DOWNLOADED,108572
1r4a__1__1.G__1.O_1.P,DOWNLOADED,106360
2r43__1__1.A_1.B__1.D_1.G,DOWNLOADED,120090
2r46__2__1.B__1.EA_1.FA,DOWNLOADED,322865
3r4m__1__1.A__1.B,DOWNLOADED,135809
3r4n__2__1.B__1.D,DOWNLOADED,141470
3r4n__3__2.B__2.D,DOWNLOADED,141493
3r4s__1__1.A__1.D,DOWNLOADED,278107
3r4s__2__1.B__1.E,DOWNLOADED,277869
3r4s__2__1.B__1.F,DOWNLOADED,278091
3r4v__1__1.A__1.B_1.C,DOWNLOADED,194721
4r41__1__1.A__1.D,DOWNLOADED,220010
4r41__1__1.B__1.M,DOWNLOADED,214329
6r48__1__1.A__1.C,DOWNLOADED,189296
6r48__2__1.B__1.E,DOWNLOADED,197448
6r4k__1__1.A__1.C,DOWNLOADED,294783
6r4k__1__1.B__1.D,DOWNLOADED,294329
6r4t__1__1.A__1.D_1.E,DOWNLOADED,499213
6r4u__1__1.A__1.D_1.E_1.F,DOWNLOADED,496355
5r4z__1__1.A__1.B,DOWNLOADED,85960
1pz1__1__1.A__1.C,DOWNLOADED,213305
1pz1__2__1.B__1.D,DOWNLOADED,214711
1pzj__1__1.B_1.C__1.G,DOWNLOADED,128252
1pzj__1__1.C_1.D__1.H,DOWNLOADED,127545
1pzy__1__1.A_1.B__1.F,DOWNLOADED,251430
1pzy__2__1.C_1.D__1.J,DOWNLOADED,251688
2pzl__1__1.A__1.C,DOWNLOADED,189403
2pzl__1__1.B__1.E,DOWNLOADED,189579
3pzr__1__1.A_2.A__1.D,DOWNLOADED,446900
3pzr__1__1.A_2.A__2.D,DOWNLOADED,446900
4pz2__1__1.A__1.G,DOWNLOADED,303438
4pz2__1__1.B__1.L,DOWNLOADED,304401
4pz2__1__1.D__1.U,DOWNLOADED,301206
5pzr__1__1.A_1.C__1.E,DOWNLOADED,385103
5pzr__1__1.B_1.D__1.F,DOWNLOADED,382241
6qqo__1__1.A_1.B__1.K_1.L,DOWNLOADED,258029
6qqo__1__1.A_1.E__1.SA_1.TA,DOWNLOADED,259013
6qqo__1__1.B_1.C__1.R_1.S,DOWNLOADED,259760
6qqo__1__1.C_1.D__1.BA_1.CA,DOWNLOADED,261669
6qqo__2__1.F_1.G__1.AB_1.ZA,DOWNLOADED,258928
6qqo__2__1.F_1.J__1.CC_1.DC,DOWNLOADED,258346
6qqo__2__1.G_1.H__1.HB_1.IB,DOWNLOADED,258273
6qqo__2__1.H_1.I__1.MB_1.NB,DOWNLOADED,256935
6qqo__2__1.I_1.J__1.UB_1.VB,DOWNLOADED,257180
6qqp__1__1.A_1.B__1.K_1.P,DOWNLOADED,258958
6qqp__1__1.B_1.C__1.S_1.X,DOWNLOADED,260561
6qqp__1__1.C_1.D__1.AA_1.FA,DOWNLOADED,261825
6qqp__1__1.D_1.E__1.JA_1.OA,DOWNLOADED,262776
6qqp__2__1.F_1.G__1.EB_1.ZA,DOWNLOADED,258390
6qqp__2__1.F_1.J__1.EC_1.JC,DOWNLOADED,258735
6qqp__2__1.G_1.H__1.GB_1.LB,DOWNLOADED,257709
6qqp__2__1.H_1.I__1.OB_1.TB,DOWNLOADED,257324
6qqp__2__1.I_1.J__1.BC_1.WB,DOWNLOADED,257748
6qqu__1__1.A__1.C,DOWNLOADED,133409
6qqu__1__1.B__1.D,DOWNLOADED,125649
6qqw__1__1.A_1.B__1.C,DOWNLOADED,251051
6qqw__1__1.A_1.B__1.D,DOWNLOADED,250941
6qqz__1__1.A_1.B__1.C,DOWNLOADED,249991
3sfv__1__1.A_1.B__1.C,DOWNLOADED,340320
1ro7__1__1.A__1.F,DOWNLOADED,173110
1ro7__1__1.B__1.G,DOWNLOADED,161751
1ro7__1__1.C__1.H,DOWNLOADED,164625
1ro7__1__1.D__1.I,DOWNLOADED,164748
1ro8__1__1.A__1.C,DOWNLOADED,164300
1ro8__2__1.B__1.D,DOWNLOADED,150328
1ro9__1__1.A__1.C_1.D_1.E,DOWNLOADED,218576
1ro9__2__1.B__1.F_1.G_1.H,DOWNLOADED,220071
1ror__1__1.A__1.C_1.D_1.E,DOWNLOADED,218754
1ror__2__1.B__1.F_1.G_1.H,DOWNLOADED,220284
1skr__1__1.C__1.E_1.F_1.H,DOWNLOADED,424464
1rf4__1__1.A__1.E,DOWNLOADED,260674
1rf4__2__1.B__1.F,DOWNLOADED,257514
1rf4__3__1.C__1.G,DOWNLOADED,259771
1rf4__4__1.D__1.H,DOWNLOADED,259868
3rf5__1__1.A_1.B__1.M,DOWNLOADED,140801
3rf5__1__1.A_1.C__1.D,DOWNLOADED,140524
3rf5__1__1.B_1.C__1.P,DOWNLOADED,140376
3rf5__2__1.A__1.D,DOWNLOADED,72371
3rf5__2__2.A__2.D,DOWNLOADED,71764
3rf5__2__2.B__2.M,DOWNLOADED,72382
3rf5__2__2.C__2.P,DOWNLOADED,74115
3rf5__2__3.B__3.M,DOWNLOADED,72966
3rf5__2__3.C__3.P,DOWNLOADED,71360
3rfa__1__1.B__1.E_1.F,DOWNLOADED,232777
3rfa__2__1.A__1.C_1.D,DOWNLOADED,217415
4rf2__1__1.A__1.C,DOWNLOADED,152581
4rf2__1__2.A__2.C,DOWNLOADED,152165
4rfq__1__1.A__1.B,DOWNLOADED,165035
4rfq__1__2.A__2.B,DOWNLOADED,167564
1q20__1__1.A__1.C,DOWNLOADED,186868
1q20__1__1.A__1.D,DOWNLOADED,186333
1q22__1__1.A__1.C,DOWNLOADED,185295
1q22__1__1.A__1.D,DOWNLOADED,184413
2q27__1__1.A_2.A__1.C_1.I,DOWNLOADED,662701
2q27__1__1.A_2.A__2.C_2.I,DOWNLOADED,662591
2q27__1__1.B_2.B__1.L_1.Q,DOWNLOADED,667079
2q27__1__1.B_2.B__2.L_2.Q,DOWNLOADED,667190
2q28__1__1.A_2.A__1.C_1.E_2.D,DOWNLOADED,654628
2q28__1__1.A_2.A__1.D_2.C_2.E,DOWNLOADED,654783
2q28__1__1.A__1.F_1.H,DOWNLOADED,332592
2q28__1__1.B_2.B__1.J_1.L_2.K,DOWNLOADED,657186
2q28__1__1.B_2.B__1.K_2.J_2.L,DOWNLOADED,657106
2q28__1__1.B__1.M_1.O,DOWNLOADED,334555
2q28__1__2.A__2.F_2.H,DOWNLOADED,333375
2q28__1__2.B__2.M_2.O,DOWNLOADED,333816
2q29__1__1.A_2.A__1.C_1.E,DOWNLOADED,662028
2q29__1__1.A_2.A__2.C_2.E,DOWNLOADED,661949
2q29__1__1.B_2.B__1.G_1.I,DOWNLOADED,668024
2q29__1__1.B_2.B__2.G_2.I,DOWNLOADED,668214
2q2v__1__1.B__1.E,DOWNLOADED,150770
2q2v__1__2.B__2.E,DOWNLOADED,152572
2q2v__2__1.C__1.F,DOWNLOADED,148626
2q2v__3__2.A_2.D__2.G,DOWNLOADED,293976
2q2v__3__2.C__2.F,DOWNLOADED,151053
3q2j__1__1.A__1.D,DOWNLOADED,171790
3q2j__1__1.B__1.F,DOWNLOADED,172536
6q2w__2__1.B__1.D,DOWNLOADED,143792
6q27__2__1.C__1.G,DOWNLOADED,175491
6q28__1__1.A__1.E,DOWNLOADED,177372
6q28__1__1.B__1.F,DOWNLOADED,177652
6q28__2__1.C__1.G,DOWNLOADED,176788
6q28__2__1.D__1.H,DOWNLOADED,178501
6q2e__1__1.A__1.C_1.D,DOWNLOADED,208963
6q2e__1__1.B__1.F_1.G,DOWNLOADED,205115
1q95__1__1.A_1.B__1.M,DOWNLOADED,380701
1q95__1__1.B_1.C__1.N,DOWNLOADED,380943
1q95__1__1.E_1.F__1.R,DOWNLOADED,384267
1q99__1__1.A__1.E,DOWNLOADED,228781
1q99__2__1.B__1.J,DOWNLOADED,238639
2q92__1__1.A__1.B_1.C_1.E,DOWNLOADED,161566
2q93__1__1.A__1.B_1.C_1.E,DOWNLOADED,161240
2q94__1__1.A__1.B_1.C_1.E,DOWNLOADED,161729
2q95__1__1.A__1.B_1.C_1.E,DOWNLOADED,162404
2q96__1__1.A__1.B_1.C_1.E,DOWNLOADED,161371
2q9u__1__1.A_2.A__1.F,DOWNLOADED,508190
2q9u__1__1.A_2.A__2.F,DOWNLOADED,508190
2q9u__1__1.B_2.B__1.J,DOWNLOADED,507485
2q9u__1__1.B_2.B__2.J,DOWNLOADED,507485
3q9n__1__1.A_1.C__1.F,DOWNLOADED,184011
3q9n__2__1.B_1.D__1.G,DOWNLOADED,183475
6q96__1__1.A__1.C,DOWNLOADED,60580
6q9h__1__1.A__1.B,DOWNLOADED,61229
6q9o__2__1.B__1.D,DOWNLOADED,63097
6q9q__1__1.A__1.E,DOWNLOADED,56773
6q9q__2__1.B__1.H,DOWNLOADED,57697
1oe0__1__1.A__1.E_1.F,DOWNLOADED,132611
1oe0__1__1.B__1.G_1.H,DOWNLOADED,134269
1oe0__2__1.C__1.I_1.J,DOWNLOADED,133930
1oe0__2__1.D__1.K_1.L,DOWNLOADED,132100
2oem__1__1.A_1.B__1.C_1.D,DOWNLOADED,507827
3oew__1__1.A__1.B_1.C,DOWNLOADED,164197
3oew__1__2.A__2.B_2.C,DOWNLOADED,164486
3oew__1__3.A__3.B_3.C,DOWNLOADED,164403
3oew__1__4.A__4.B_4.C,DOWNLOADED,164430
3oey__1__1.A__1.B_1.C,DOWNLOADED,163970
3oey__1__2.A__2.B_2.C,DOWNLOADED,164264
3oey__1__3.A__3.B_3.C,DOWNLOADED,164180
3oey__1__4.A__4.B_4.C,DOWNLOADED,164216
5oec__1__1.A_1.B__1.C_1.D,DOWNLOADED,227910
5oes__1__1.A__1.G_1.J,DOWNLOADED,289730
5oes__1__1.A__1.H,DOWNLOADED,288719
5oes__1__1.B__1.K,DOWNLOADED,290098
5oes__1__1.B__1.L,DOWNLOADED,289146
5oes__2__1.C__1.N_1.Q,DOWNLOADED,288062
5oes__2__1.C__1.O,DOWNLOADED,286938
5oes__2__1.D__1.S,DOWNLOADED,290122
5oes__3__1.E__1.V_1.Y,DOWNLOADED,296031
5oes__3__1.E__1.W,DOWNLOADED,294907
5oes__3__1.F__1.AA,DOWNLOADED,294029
5oes__3__1.F__1.Z,DOWNLOADED,294979
6oex__1__1.A_1.B__1.C,DOWNLOADED,602795
6oex__1__1.A_1.B__1.G_1.I,DOWNLOADED,602917
6oex__1__1.A_1.B__1.H,DOWNLOADED,602958
2ntk__1__1.A__1.E,DOWNLOADED,126271
2ntk__1__1.B__1.F,DOWNLOADED,122955
2ntk__1__1.C__1.G,DOWNLOADED,125095
2ntk__1__1.D__1.H,DOWNLOADED,124802
2nto__1__1.A_2.A__1.C,DOWNLOADED,239901
2nto__1__1.A_2.A__2.C,DOWNLOADED,240047
3nt2__1__1.B__1.D,DOWNLOADED,213989
3nt2__1__2.B__2.D,DOWNLOADED,214384
3nt2__2__1.B_2.B__2.D,DOWNLOADED,418809
3nt2__2__1.B_3.B__1.D,DOWNLOADED,418809
3nt2__2__2.B_3.B__3.D,DOWNLOADED,418809
3ntb__1__1.A__1.M,DOWNLOADED,362751
3ntb__1__1.B__1.R,DOWNLOADED,360069
3ntb__2__1.C__1.W,DOWNLOADED,365315
3ntb__2__1.D__1.CA,DOWNLOADED,365368
3ntg__1__1.A__1.L,DOWNLOADED,355630
3ntg__1__1.B__1.O,DOWNLOADED,356794
3ntg__2__1.C__1.R,DOWNLOADED,356301
3ntg__2__1.D__1.V,DOWNLOADED,357099
3ntu__1__1.A_6.A__6.B_6.C,DOWNLOADED,375034
3ntu__1__2.A_4.A__4.B_4.C,DOWNLOADED,376865
3ntu__1__2.A_6.A__2.B_2.C,DOWNLOADED,375399
3ntu__1__3.A_4.A__3.B_3.C,DOWNLOADED,377945
3ntu__1__3.A_5.A__5.B_5.C,DOWNLOADED,376773
4ntc__1__1.A__1.C,DOWNLOADED,203517
4ntc__1__1.B__1.D,DOWNLOADED,198496
4nte__1__1.A__1.C_1.D_1.F,DOWNLOADED,182504
5ntd__1__1.J__1.HB_1.IB_1.JB_1.KB,DOWNLOADED,320154
5ntd__1__1.K__1.MB_1.NB_1.OB_1.PB,DOWNLOADED,317925
5ntd__1__1.L__1.SB_1.TB_1.UB_1.VB,DOWNLOADED,314465
5ntd__1__2.G__2.SA_2.TA_2.UA_2.VA,DOWNLOADED,321227
5ntd__1__2.H__2.AB_2.XA_2.YA_2.ZA,DOWNLOADED,316134
5ntd__1__2.I__2.CB_2.DB_2.EB_2.FB,DOWNLOADED,316205
5ntd__2__1.A__1.O_1.P_1.Q_1.R,DOWNLOADED,312239
5ntd__2__1.C__1.AA_1.BA_1.Y_1.Z,DOWNLOADED,309419
5ntd__2__1.D__1.DA_1.EA_1.FA_1.GA,DOWNLOADED,308607
5ntd__2__1.E__1.IA_1.JA_1.KA_1.LA,DOWNLOADED,306895
5ntd__2__1.F__1.NA_1.OA_1.PA_1.QA,DOWNLOADED,309438
5ntd__3__1.G__1.SA_1.TA_1.UA_1.VA,DOWNLOADED,317331
5ntd__3__1.H__1.AB_1.XA_1.YA_1.ZA,DOWNLOADED,312306
5ntd__3__1.I__1.CB_1.DB_1.EB_1.FB,DOWNLOADED,311817
5ntd__3__2.J__2.HB_2.IB_2.JB_2.KB,DOWNLOADED,317207
5ntd__3__2.K__2.MB_2.NB_2.OB_2.PB,DOWNLOADED,314259
5ntd__3__2.L__2.SB_2.TB_2.UB_2.VB,DOWNLOADED,310751
5nti__1__1.A__1.I,DOWNLOADED,161293
5nti__2__1.B__1.J,DOWNLOADED,159914
5nti__3__1.C__1.K,DOWNLOADED,160401
5nti__4__1.D__1.L,DOWNLOADED,161933
1qxr__1__1.A__1.C_1.D,DOWNLOADED,119002
1qxr__1__1.B__1.E_1.F,DOWNLOADED,120309
1qxw__1__1.A__1.B_1.C_1.F,DOWNLOADED,150569
1qxz__1__1.A__1.B_1.C_1.D_1.E,DOWNLOADED,151061
2qx7__1__1.A__1.C,DOWNLOADED,201018
2qx7__2__1.B__1.D,DOWNLOADED,201400
2qxl__1__1.A_1.B__1.C_1.D_1.E,DOWNLOADED,765744
2qxl__1__1.A_1.B__1.F_1.G_1.H,DOWNLOADED,765742
3qxm__1__1.A__1.C,DOWNLOADED,158914
3qxm__2__1.B__1.D,DOWNLOADED,160441
3qxs__1__1.A__1.C_1.D,DOWNLOADED,143926
3qxs__1__2.A__2.C_2.D,DOWNLOADED,144631
4qx6__1__1.A_1.B__1.E,DOWNLOADED,397423
4qx6__1__1.A_1.B__1.F,DOWNLOADED,397568
4qx6__1__1.C_1.D__1.J,DOWNLOADED,404414
6qxk__1__1.A_1.B__1.C,DOWNLOADED,184628
6qxl__1__1.A__1.M,DOWNLOADED,299022
6qxl__1__1.E__1.AA,DOWNLOADED,297925
6qxl__1__1.G__1.HA,DOWNLOADED,299777
6qxl__1__1.H__1.KA,DOWNLOADED,302012
6qxl__2__1.B__1.P,DOWNLOADED,298322
6qxl__2__1.D__1.W,DOWNLOADED,295974
6qxl__2__1.F__1.EA,DOWNLOADED,299977
6qxl__2__1.J__1.QA,DOWNLOADED,251775
6qxl__3__1.C__1.T,DOWNLOADED,302187
6qxl__3__1.I__1.NA,DOWNLOADED,303727
6qxl__3__1.K__1.TA,DOWNLOADED,298447
6qxl__3__1.L__1.WA,DOWNLOADED,302192
1qgs__1__1.A__1.B_1.C_1.D_1.E,DOWNLOADED,157887
2qg6__1__1.A__1.B_1.C,DOWNLOADED,120607
2qga__1__1.A_1.B_2.A__1.E_1.J,DOWNLOADED,860753
2qga__1__1.A_1.B_2.B__1.F_1.I,DOWNLOADED,859142
2qga__1__1.A_2.A_2.B__2.E_2.J,DOWNLOADED,861846
2qga__1__1.B_2.A_2.B__2.F_2.I,DOWNLOADED,864566
4qge__1__1.A__1.C,DOWNLOADED,218334
4qge__2__1.A_2.B__2.F,DOWNLOADED,424680
6qga__1__1.A__1.G,DOWNLOADED,336968
6qga__2__1.B__1.M,DOWNLOADED,338790
6qga__3__1.C__1.U,DOWNLOADED,333942
6qga__4__1.D__1.Y,DOWNLOADED,335808
6qga__5__1.E__1.CA,DOWNLOADED,335212
6qga__6__1.F__1.GA,DOWNLOADED,340289
3pe4__1__1.A_1.B__1.E,DOWNLOADED,450752
3pe4__2__1.C_1.D__1.H,DOWNLOADED,437473
3pe4__3__1.A_1.B__1.E,DOWNLOADED,450752
3pe4__3__2.A_2.B__2.E,DOWNLOADED,446462
3pe4__4__1.C_1.D__1.H,DOWNLOADED,437473
3pe4__4__2.C_2.D__2.H,DOWNLOADED,441884
3pef__1__1.B__1.O,DOWNLOADED,172541
3pef__1__1.D__1.S,DOWNLOADED,170326
3pef__2__1.E__1.U,DOWNLOADED,174110
3pef__2__1.F__1.Y,DOWNLOADED,172857
3pef__2__1.G__1.Z,DOWNLOADED,173337
3pef__2__1.H__1.BA,DOWNLOADED,174136
3pen__1__1.A__1.B_1.F,DOWNLOADED,257747
3pen__1__1.A__1.C,DOWNLOADED,256977
3peo__1__1.C_1.D__1.M,DOWNLOADED,263061
4peg__3__1.C__1.N_1.O,DOWNLOADED,231986
4peg__4__1.D__1.Q_1.R,DOWNLOADED,234794
4pes__1__1.A__1.C,DOWNLOADED,625554
4pes__1__1.A__1.E,DOWNLOADED,626867
4pes__2__1.B__1.D,DOWNLOADED,632947
4pes__2__1.B__1.G,DOWNLOADED,634259
6pef__1__1.A_1.B__1.C,DOWNLOADED,259319
6pef__2__1.D_1.E__1.F,DOWNLOADED,264472
1rqp__1__1.A_1.B__1.D,DOWNLOADED,349749
1rqp__1__1.A_1.C__1.F,DOWNLOADED,349671
1rqp__1__1.B_1.C__1.E,DOWNLOADED,350391
1rqp__1__2.A_2.B__2.D,DOWNLOADED,356415
1rqp__1__2.A_2.C__2.F,DOWNLOADED,355233
1rqp__1__2.B_2.C__2.E,DOWNLOADED,354202
1rwb__1__1.A__1.E,DOWNLOADED,160665
1rwb__1__1.B__1.F,DOWNLOADED,160099
1rwb__1__2.A__2.E,DOWNLOADED,159341
1rwb__1__2.B__2.F,DOWNLOADED,161935
1rwb__2__1.C__1.G,DOWNLOADED,160140
1rwb__2__1.D__1.H,DOWNLOADED,160064
1rwb__2__2.C__2.G,DOWNLOADED,160140
1rwb__2__2.D__2.H,DOWNLOADED,160064
3rw9__1__1.A__1.C,DOWNLOADED,176992
4rww__1__1.A_1.B__1.D,DOWNLOADED,135845
4rww__1__1.A__1.E,DOWNLOADED,72997
1s0x__1__1.A__1.B,DOWNLOADED,165390
3s0b__1__1.A__1.B,DOWNLOADED,74819
6s00__1__1.A__1.F,DOWNLOADED,318859
6s00__1__1.B__1.L_1.P,DOWNLOADED,319354
6s04__1__1.B__1.L,DOWNLOADED,319335
6s0f__1__1.A__1.C_1.I_1.L,DOWNLOADED,324399
6s0f__1__1.B__1.U,DOWNLOADED,319825
4s38__1__1.A_2.A__1.B_1.C,DOWNLOADED,485837
4s38__1__1.A_2.A__2.B_2.C,DOWNLOADED,485837
4s39__1__1.A_2.A__1.B_2.C,DOWNLOADED,485691
4s39__1__1.A_2.A__1.C_2.B,DOWNLOADED,485691
4s3b__1__1.A_2.A__1.B_1.C,DOWNLOADED,486563
4s3b__1__1.A_2.A__2.B_2.C,DOWNLOADED,486563
4s3c__1__1.A_2.A__1.B_1.C,DOWNLOADED,486584
4s3c__1__1.A_2.A__2.B_2.C,DOWNLOADED,486584
4s3e__1__1.A_2.A__1.B_1.C,DOWNLOADED,485091
4s3e__1__1.A_2.A__2.B_2.C,DOWNLOADED,485091
6s32__1__1.A__1.E_1.G,DOWNLOADED,218358
6s32__2__1.B__1.H_1.I,DOWNLOADED,220753
6s32__3__1.C__1.J_1.K,DOWNLOADED,219178
6s32__4__1.D__1.L_1.M,DOWNLOADED,223058
2rio__1__1.A__1.C_1.D_1.E,DOWNLOADED,258964
2rio__1__1.B__1.F_1.G_1.H,DOWNLOADED,259944
2riu__1__1.A_2.A__1.B,DOWNLOADED,241968
2riu__1__1.A_2.A__2.B,DOWNLOADED,242113
2rix__1__1.A__1.B_1.C,DOWNLOADED,183904
2rix__2__2.A__2.B_2.C,DOWNLOADED,184501
4rif__1__1.A__1.C,DOWNLOADED,223015
4rif__1__1.B__1.D,DOWNLOADED,232271
4rih__1__1.A__1.C,DOWNLOADED,221709
4rih__1__1.B__1.D,DOWNLOADED,226308
4rii__1__1.A__1.C,DOWNLOADED,213829
4rii__1__1.B__1.E,DOWNLOADED,213830
6rir__1__1.B__1.H_1.I,DOWNLOADED,115583
6riv__1__1.A_1.B__1.C_1.D,DOWNLOADED,277579
6riv__1__1.A_1.B__1.I_1.J,DOWNLOADED,277502
2r9r__1__1.A__1.E,DOWNLOADED,208738
2r9r__2__1.C__1.Z,DOWNLOADED,208780
2r9v__1__1.A__1.B_1.D,DOWNLOADED,306636
2r9w__1__1.A__1.G_1.H,DOWNLOADED,224913
2r9w__3__1.A__1.G_1.H,DOWNLOADED,224913
2r9z__1__1.A_1.B__1.C,DOWNLOADED,531627
2r9z__1__1.A_1.B__1.J,DOWNLOADED,531623
3r91__1__1.A__1.B,DOWNLOADED,130965
3r92__1__1.A__1.B,DOWNLOADED,131544
4r98__1__1.A__1.C,DOWNLOADED,157567
5r99__1__1.A__1.B,DOWNLOADED,218054
2rga__1__1.A__1.D_1.E,DOWNLOADED,109054
2rgb__1__1.A__1.C_1.E,DOWNLOADED,109040
2rgc__1__1.A__1.B_1.E,DOWNLOADED,108909
2rgd__1__1.A__1.C_1.E,DOWNLOADED,108768
2rge__1__1.A__1.C_1.E,DOWNLOADED,103507
2rgg__1__1.A__1.B_1.C,DOWNLOADED,102131
3rgz__1__1.A__1.G,DOWNLOADED,455830
4rgg__1__1.A__1.C,DOWNLOADED,247775
4rgg__2__1.B__1.D,DOWNLOADED,243401
6rg7__1__1.A_4.A__1.C,DOWNLOADED,322717
6rg7__1__1.A_4.A__4.C,DOWNLOADED,322796
6rgf__1__1.A_4.A__1.C,DOWNLOADED,327755
6rgf__1__1.A_4.A__4.C,DOWNLOADED,327831
2r75__1__1.A__1.B_1.C,DOWNLOADED,197880
4r76__1__1.A__1.M_1.N_1.O_1.P,DOWNLOADED,318159
4r76__1__1.B__1.S_1.T_1.U_1.V,DOWNLOADED,313465
4r76__1__1.C__1.AA_1.BA_1.Y_1.Z,DOWNLOADED,319465
4r76__1__1.D__1.CA_1.DA_1.EA_1.FA,DOWNLOADED,316161
4r76__1__1.E__1.GA_1.HA_1.IA_1.JA,DOWNLOADED,316917
4r76__1__1.F__1.OA_1.PA_1.QA_1.RA,DOWNLOADED,307236
4r76__2__1.G__1.WA_1.XA_1.YA_1.ZA,DOWNLOADED,324083
4r76__2__1.H__1.CB_1.DB_1.EB_1.FB,DOWNLOADED,321295
4r76__2__1.I__1.IB_1.JB_1.KB_1.LB,DOWNLOADED,317923
4r76__2__1.J__1.OB_1.PB_1.QB_1.RB,DOWNLOADED,317967
4r76__2__1.K__1.TB_1.UB_1.VB_1.WB,DOWNLOADED,319641
4r76__2__1.L__1.AC_1.BC_1.CC_1.ZB,DOWNLOADED,313810
4r7j__1__1.A_3.A__3.B,DOWNLOADED,421415
4r7j__1__1.A_4.A__1.B,DOWNLOADED,419332
6r7d__1__1.A_1.C__1.M,DOWNLOADED,183799
6r7d__1__1.B_1.C__1.CA,DOWNLOADED,184008
6r7d__2__1.D_1.E__1.PA,DOWNLOADED,185749
6r7d__2__1.D_1.F__1.JA,DOWNLOADED,186623
6r7d__3__1.G_1.H__1.DB,DOWNLOADED,188767
6r7d__3__1.H_1.I__1.GB,DOWNLOADED,187907
6r7d__4__1.J_1.K__1.RB,DOWNLOADED,188052
6r7d__4__1.J_1.L__1.KB,DOWNLOADED,186830
6r7d__4__1.K_1.L__1.SB,DOWNLOADED,187092
6r7j__1__1.A__1.C_1.D,DOWNLOADED,169747
6szt__1__1.A__1.C,DOWNLOADED,101767
6szt__2__1.B__1.G,DOWNLOADED,102450
6szx__1__1.A__1.C,DOWNLOADED,102284
1swk__1__1.A_1.D__1.E,DOWNLOADED,135400
1swk__1__1.A_1.D__1.H,DOWNLOADED,135400
1swk__1__1.B_1.C__1.F,DOWNLOADED,135366
1swk__1__1.B_1.C__1.G,DOWNLOADED,135366
3sw8__1__1.A__1.B_1.D,DOWNLOADED,121414
3swa__1__1.A__1.F_1.H,DOWNLOADED,261227
3swq__1__1.A__1.D_1.V,DOWNLOADED,259527
1st4__1__1.A_1.B__1.G,DOWNLOADED,389264
1st4__1__1.A__1.C,DOWNLOADED,198904
6stf__2__1.B__1.H_1.I,DOWNLOADED,110355
6stf__4__1.D__1.L_1.M,DOWNLOADED,103505
6stf__5__1.E__1.N_1.O,DOWNLOADED,106737
6stg__1__1.A__1.C_1.D,DOWNLOADED,115267
1ozf__1__1.A_2.A__1.D_1.E,DOWNLOADED,656904
1ozf__1__1.A_2.A__2.D_2.E,DOWNLOADED,656982
1ozf__1__1.B_2.B__1.N_1.O,DOWNLOADED,658346
1ozf__1__1.B_2.B__2.N_2.O,DOWNLOADED,658426
1ozh__1__1.A_1.B__1.F_1.I,DOWNLOADED,647442
1ozh__1__1.A_1.B__1.L_1.M,DOWNLOADED,647182
1ozh__1__1.C_1.D__1.Q_1.R,DOWNLOADED,653590
1ozh__1__1.C_1.D__1.U_1.V,DOWNLOADED,653321
3ozc__1__1.A_2.A__2.B_2.C,DOWNLOADED,336363
3ozc__1__1.A_3.A__1.B_1.C,DOWNLOADED,336416
3ozc__1__2.A_3.A__3.B_3.C,DOWNLOADED,336925
3ozg__2__1.D__1.N_1.O_1.P,DOWNLOADED,150262
3ozg__2__2.D__2.N_2.O_2.P,DOWNLOADED,150326
3ozp__1__1.A__1.B,DOWNLOADED,373130
3ozp__1__2.A__2.B,DOWNLOADED,372911
3ozu__1__1.A__1.C,DOWNLOADED,254375
3ozu__2__2.A__2.C,DOWNLOADED,257923
3ozv__1__1.B__1.H,DOWNLOADED,258585
3ozv__2__1.A__1.D,DOWNLOADED,257758
3ozv__3__2.A__2.D,DOWNLOADED,262407
3ozw__1__2.B__2.H,DOWNLOADED,262191
1svs__1__1.A__1.B_1.C,DOWNLOADED,208868
1svz__1__1.B__1.D,DOWNLOADED,152038
3svh__1__1.A__1.C,DOWNLOADED,77272
3svh__1__1.A__1.D,DOWNLOADED,77097
3svh__2__1.B__1.F,DOWNLOADED,77593
3svh__2__1.B__1.G,DOWNLOADED,77669
1sp5__1__1.A_1.B__1.C,DOWNLOADED,119718
3spl__1__1.A__1.J,DOWNLOADED,131274
3spl__1__1.B__1.P,DOWNLOADED,132881
3spl__2__1.C__1.V,DOWNLOADED,132441
3spl__2__1.D__1.BA,DOWNLOADED,131742
6sp0__1__1.A__1.B,DOWNLOADED,131657
3rre__1__1.A_5.A__1.B,DOWNLOADED,599596
3rre__1__1.A_5.A__5.B,DOWNLOADED,599596
3rrf__1__1.A_5.A__1.B,DOWNLOADED,599700
3rrf__1__1.A_5.A__5.B,DOWNLOADED,599700
3rry__1__1.A__1.B_1.D,DOWNLOADED,108605
6rr3__1__1.A__1.B,DOWNLOADED,169201
1sd1__1__1.A_2.A__2.B,DOWNLOADED,324796
1sd1__1__1.A_3.A__1.B,DOWNLOADED,324759
1sd2__1__1.A_2.A__2.B_2.C,DOWNLOADED,318928
1sd2__1__1.A_3.A__1.B_1.C,DOWNLOADED,318874
1sd2__1__2.A_3.A__3.B_3.C,DOWNLOADED,319355
3sdg__1__1.A__1.B,DOWNLOADED,116190
6sdk__1__1.A_1.B__1.E_1.F_1.G,DOWNLOADED,504917
6sdk__1__1.A_1.B__1.H_1.I,DOWNLOADED,504666
6sdk__2__1.C_1.D__1.K_1.L_1.M,DOWNLOADED,497020
6sdk__2__1.C_1.D__1.N_1.O,DOWNLOADED,496921
2qen__1__1.A__1.B_1.C,DOWNLOADED,228476
3qei__1__1.A__1.D_1.E_1.F,DOWNLOADED,592845
3qej__1__1.A__1.C,DOWNLOADED,159990
3qej__1__1.B__1.D,DOWNLOADED,156211
3qen__1__1.A__1.C,DOWNLOADED,160866
3qen__1__1.A__1.D,DOWNLOADED,160127
3qen__1__1.B__1.E,DOWNLOADED,156231
3qen__1__1.B__1.F,DOWNLOADED,155566
3qeo__1__1.A__1.C,DOWNLOADED,159659
3qeo__1__1.B__1.E,DOWNLOADED,155985
3qes__1__1.A__1.D_1.E_1.F,DOWNLOADED,595150
3qet__1__1.A__1.D_1.E_1.F,DOWNLOADED,592912
3qex__1__1.A__1.D_1.E_1.F,DOWNLOADED,597193
4qec__1__1.A__1.C,DOWNLOADED,155517
4qec__1__1.B__1.G,DOWNLOADED,157236
4qec__2__2.A__2.C,DOWNLOADED,159060
4qec__2__2.B__2.G,DOWNLOADED,157112
4qec__3__2.B__2.G,DOWNLOADED,157038
4qed__1__1.A__1.C,DOWNLOADED,155441
4qed__1__1.B__1.F,DOWNLOADED,157087
4qed__2__2.A__2.C,DOWNLOADED,158905
4qed__2__2.B__2.F,DOWNLOADED,157038
4qed__3__1.B__1.F,DOWNLOADED,157014
4qel__1__1.A_2.A__1.B_1.F,DOWNLOADED,629869
4qel__1__1.A_2.A__2.B_2.F,DOWNLOADED,629869
4qel__1__3.A_4.A__3.B_3.F,DOWNLOADED,628813
4qel__1__3.A_4.A__4.B_4.F,DOWNLOADED,628813
6qe5__1__1.A__1.C,DOWNLOADED,173842
6qe5__2__1.B__1.D,DOWNLOADED,180247
1so2__1__1.A__1.J,DOWNLOADED,234309
1so2__1__1.B__1.O,DOWNLOADED,234294
1so2__2__1.D__1.U,DOWNLOADED,234228
1rco__1__1.A_1.C__1.Q,DOWNLOADED,583144
1rco__1__1.A_1.C__1.R,DOWNLOADED,583162
1rco__1__1.E_1.G__1.S,DOWNLOADED,580365
1rco__1__1.E_1.G__1.T,DOWNLOADED,580368
1rco__1__1.I_1.K__1.U,DOWNLOADED,578977
1rco__1__1.I_1.K__1.V,DOWNLOADED,578983
1rco__1__1.M_1.O__1.W,DOWNLOADED,582733
1rc4__1__1.A__1.B,DOWNLOADED,102254
1rcx__1__1.A_1.C__1.Q,DOWNLOADED,581872
1rcx__1__1.A_1.C__1.R,DOWNLOADED,581883
1rcx__1__1.E_1.G__1.S,DOWNLOADED,579181
1rcx__1__1.E_1.G__1.T,DOWNLOADED,579182
1rcx__1__1.I_1.K__1.U,DOWNLOADED,577758
1rcx__1__1.I_1.K__1.V,DOWNLOADED,577762
1rcx__1__1.M_1.O__1.W,DOWNLOADED,581428
2rc5__1__1.A__1.H,DOWNLOADED,192396
2rc5__2__1.B__1.J,DOWNLOADED,194345
2rc5__3__1.C__1.N,DOWNLOADED,195241
2rc5__4__1.D__1.P,DOWNLOADED,198337
3rc9__1__1.A__1.G,DOWNLOADED,206347
4rc2__1__1.A__1.B,DOWNLOADED,180635
4rc3__1__1.A__1.B,DOWNLOADED,183005
4rcz__1__1.A__1.D,DOWNLOADED,260545
6rc2__1__1.A_4.A__1.C,DOWNLOADED,326758
6rc2__1__1.A_4.A__4.C,DOWNLOADED,326869
6rc3__1__1.A_4.A__1.D,DOWNLOADED,321304
6rc3__1__1.A_4.A__4.D,DOWNLOADED,321304
6rcl__1__1.A_1.B__1.C_1.D_1.E,DOWNLOADED,211651
6rcn__1__1.A_1.B__1.C_1.D_1.E,DOWNLOADED,211449
6rct__1__1.A__1.C,DOWNLOADED,238689
6rct__2__1.B__1.J,DOWNLOADED,233577
1q1r__1__1.A__1.C,DOWNLOADED,262992
1q1r__2__1.B__1.D,DOWNLOADED,262884
1q1y__1__1.A__1.B_1.C,DOWNLOADED,121012
1q1z__1__1.A__1.C,DOWNLOADED,180895
2q16__1__1.A__1.C_1.D_1.E_1.H,DOWNLOADED,120507
2q16__1__1.B__1.I_1.J_1.K_1.L,DOWNLOADED,118682
2q1h__1__1.A__1.D,DOWNLOADED,163623
2q1v__1__1.A__1.B,DOWNLOADED,163619
2q1y__1__1.A__1.C,DOWNLOADED,177004
3q10__2__1.D__1.N_1.O,DOWNLOADED,126538
3q11__1__1.A__1.C,DOWNLOADED,220686
3q11__1__1.A__1.D,DOWNLOADED,217778
4q18__1__1.B__1.F,DOWNLOADED,157036
4q19__1__1.A__1.C,DOWNLOADED,152460
4q19__1__1.B__1.F,DOWNLOADED,157144
4q1a__1__1.A__1.C,DOWNLOADED,153906
4q1a__1__1.B__1.F,DOWNLOADED,158254
4q1c__1__1.A__1.C,DOWNLOADED,154512
4q1c__1__1.B__1.F,DOWNLOADED,155702
4q1e__1__1.A__1.E,DOWNLOADED,155243
4q1f__1__1.A__1.C,DOWNLOADED,155817
4q1f__1__1.A__1.D,DOWNLOADED,156308
4q1f__1__1.B__1.E,DOWNLOADED,155748
4q1f__1__1.B__1.F,DOWNLOADED,156273
1s1d__1__1.A__1.E,DOWNLOADED,200637
1s1d__2__1.B__1.M,DOWNLOADED,199503
4s1b__1__1.A__1.C_1.D_1.E,DOWNLOADED,139618
4s1b__2__1.B__1.F_1.G_1.H,DOWNLOADED,138425
4s1b__3__1.A__1.C_1.D_1.E,DOWNLOADED,139618
4s1b__3__2.B__2.F_2.G_2.H,DOWNLOADED,137515
4s1d__1__1.A_1.B__1.I,DOWNLOADED,266238
4s1d__2__1.C_1.D__1.J,DOWNLOADED,262209
4s1d__3__1.E_1.F__1.K,DOWNLOADED,269792
1t73__1__1.A__1.D,DOWNLOADED,166308
1t74__1__1.A__1.D,DOWNLOADED,164665
1t7m__1__1.A__1.D,DOWNLOADED,164661
3t7s__1__1.A__1.E,DOWNLOADED,160216
3t7s__2__1.B__1.F,DOWNLOADED,160163
5t7m__1__1.A__1.C,DOWNLOADED,149348
5t7m__2__1.B__1.F,DOWNLOADED,146553
6slf__1__1.A_1.B__1.E_1.F_1.G,DOWNLOADED,483367
6slf__1__1.A_1.B__1.J_1.K_1.L,DOWNLOADED,483368
6slf__1__1.C_1.D__1.P_1.Q_1.R,DOWNLOADED,482039
6slf__1__1.C_1.D__1.T_1.U_1.V,DOWNLOADED,482038
1sn0__1__1.A_1.C__1.G,DOWNLOADED,144751
1sn0__1__1.B_1.D__1.F,DOWNLOADED,142726
1snn__1__1.A_1.B__1.C_1.D_1.E,DOWNLOADED,270677
1snn__1__1.A_1.B__1.I_1.J_1.K,DOWNLOADED,270678
1sny__1__1.A__1.B,DOWNLOADED,150859
1sny__1__2.A__2.B,DOWNLOADED,152635
3snn__1__1.C__1.D_1.E_1.F,DOWNLOADED,587081
3rs2__1__1.A__1.B_1.F,DOWNLOADED,108894
3rs3__1__1.A__1.B_1.G,DOWNLOADED,108962
3rs4__1__1.A__1.B_1.D,DOWNLOADED,108111
3rs5__1__1.A__1.B_1.I,DOWNLOADED,108551
3rs7__1__1.A__1.B_1.E,DOWNLOADED,107116
3rs8__1__1.A_6.A__1.B,DOWNLOADED,592514
3rs8__1__1.A_6.A__6.B,DOWNLOADED,592586
3rs9__1__1.A_5.A__1.B,DOWNLOADED,592441
3rs9__1__1.A_5.A__5.B,DOWNLOADED,592445
3rsc__1__1.A__1.C,DOWNLOADED,250186
3rsc__1__1.A__1.D,DOWNLOADED,250980
3rsc__2__1.B__1.H,DOWNLOADED,245933
3rsc__2__1.B__1.I,DOWNLOADED,246732
3rsf__1__1.A_6.A__1.B,DOWNLOADED,592968
3rsf__1__1.A_6.A__6.B,DOWNLOADED,592970
3rsg__1__1.A_6.A__1.B,DOWNLOADED,592161
3rsg__1__1.A_6.A__6.B,DOWNLOADED,592161
3rsq__1__1.A_5.A__1.B,DOWNLOADED,592467
3rsq__1__1.A_5.A__5.B,DOWNLOADED,592544
6rsw__1__1.A__1.D_1.E,DOWNLOADED,234211
1r0z__5__1.A_4.B__1.E_1.F,DOWNLOADED,348465
1r0z__5__1.B_4.A__4.E_4.F,DOWNLOADED,348858
1r0z__5__2.A_3.B__2.E_2.F,DOWNLOADED,351164
1r0z__5__2.B_3.A__3.E_3.F,DOWNLOADED,350029
2r0c__1__1.A__1.C,DOWNLOADED,315573
3r00__1__1.A__1.C,DOWNLOADED,180533
3r02__1__1.A__1.B,DOWNLOADED,178588
4r02__1__1.K_1.L__1.GA,DOWNLOADED,277935
4r02__1__1.Y_1.Z__1.MA,DOWNLOADED,278537
4r07__1__1.A_1.B__1.Q,DOWNLOADED,945291
4r07__1__1.A_1.B__1.X,DOWNLOADED,945217
4r07__1__1.A__1.R,DOWNLOADED,481946
4r07__1__1.B__1.Y,DOWNLOADED,480232
4r07__2__1.C_1.D__1.EA,DOWNLOADED,946236
4r07__2__1.C__1.FA,DOWNLOADED,482111
4r07__2__1.D__1.LA,DOWNLOADED,481262
6r0h__1__1.A__1.B,DOWNLOADED,523985
6r0h__1__2.A__2.B,DOWNLOADED,525959
6r0q__1__1.A__1.J,DOWNLOADED,68785
6r0q__3__1.C__1.N,DOWNLOADED,68777
6r0q__4__1.D__1.P,DOWNLOADED,67866
6r0s__2__1.B__1.I,DOWNLOADED,67271
6r0u__2__1.B__1.I_1.J,DOWNLOADED,67191
6r0v__2__1.B__1.J_1.K,DOWNLOADED,67565
1tk0__1__1.C__1.E_1.F_1.J,DOWNLOADED,436131
1tku__1__1.A_1.B__1.C,DOWNLOADED,236560
1tku__1__1.A_1.B__1.D,DOWNLOADED,236554
5tkk__1__1.B_1.C__1.A,DOWNLOADED,266670
1t0a__1__1.A_1.B_1.C__1.F,DOWNLOADED,277644
3t0i__1__1.A__1.C,DOWNLOADED,161089
3t0i__2__1.B__1.D,DOWNLOADED,162748
6t01__1__1.A__1.C,DOWNLOADED,103405
6t08__1__1.A__1.C,DOWNLOADED,102246
6t08__2__1.B__1.F,DOWNLOADED,102159
6t0d__1__1.A__1.C,DOWNLOADED,99205
1tdi__1__1.A_1.B__1.C,DOWNLOADED,273707
1tdi__1__1.A_1.B__1.D,DOWNLOADED,273559
6tde__1__1.A_1.B__1.G_1.H,DOWNLOADED,541716
6tde__1__1.A_1.B__1.L,DOWNLOADED,540915
6tde__1__1.B__1.K,DOWNLOADED,272088
6tde__1__1.C_1.D__1.P_1.Q,DOWNLOADED,556589
6tde__1__1.C_1.D__1.V,DOWNLOADED,555843
3ssm__1__1.A_1.D__1.F,DOWNLOADED,495828
3ssm__1__1.A_1.D__1.J,DOWNLOADED,496011
3ssm__1__1.B_1.C__1.H,DOWNLOADED,456709
3sso__1__1.A_1.D__1.N,DOWNLOADED,509863
3sso__1__1.B_1.C__1.J,DOWNLOADED,508175
3sso__2__1.E_2.F__1.P,DOWNLOADED,507359
3sso__2__1.F_2.E__2.P,DOWNLOADED,504800
2rl1__1__1.A__1.C,DOWNLOADED,255840
3rlb__1__1.A__1.J,DOWNLOADED,110528
3rlb__2__1.B__1.O,DOWNLOADED,111477
3rlf__1__1.D_1.E__1.L_1.M,DOWNLOADED,455573
3rlf__1__1.D_1.E__1.N_1.O,DOWNLOADED,455647
3rlp__1__1.A__1.C,DOWNLOADED,136162
3rlp__2__1.B__1.E,DOWNLOADED,138187
3rlp__3__2.B__2.E,DOWNLOADED,138307
3rlq__1__1.A__1.C,DOWNLOADED,140253
3rlq__2__1.B__1.E,DOWNLOADED,141379
3rlr__1__1.A__1.C,DOWNLOADED,137933
3rlr__2__1.B__1.E,DOWNLOADED,139914
4rl0__1__1.A_1.B__1.C_1.D_1.E,DOWNLOADED,272541
4rl0__1__1.A_1.B__1.F_1.G_1.H,DOWNLOADED,272541
4rl0__2__1.A__1.C_1.D_1.E,DOWNLOADED,137792
4rl0__3__1.B__1.F_1.G_1.H,DOWNLOADED,141633
4rl2__1__1.A_1.B__1.C_1.D_1.E,DOWNLOADED,287339
4rl2__1__1.A_1.B__1.F_1.G_1.H,DOWNLOADED,287451
4rlt__1__1.A_1.B__1.C,DOWNLOADED,183830
4rlt__1__2.A_2.B__2.C,DOWNLOADED,185692
4rlu__1__1.A_1.B__1.C,DOWNLOADED,182607
4rlu__1__2.A_2.B__2.C,DOWNLOADED,184506
5ted__1__1.B__1.C,DOWNLOADED,137511
5tei__1__1.A__1.B_1.D,DOWNLOADED,305834
5tei__1__1.A__1.E,DOWNLOADED,303830
5tei__1__3.A__3.B_3.D,DOWNLOADED,306468
5tex__1__1.A__1.C,DOWNLOADED,178593
6te6__1__1.A__1.C,DOWNLOADED,205781
6tek__1__1.A__1.C,DOWNLOADED,149337
6tek__1__1.B__1.D,DOWNLOADED,151135
1t8t__1__1.A__1.C,DOWNLOADED,172960
1t8t__1__1.B__1.D,DOWNLOADED,174842
1t8t__2__2.A__2.C,DOWNLOADED,172188
1t8t__2__2.B__2.D,DOWNLOADED,174998
1t8u__1__1.A__1.G,DOWNLOADED,173092
1t8u__1__1.B__1.H,DOWNLOADED,174664
1t8u__2__2.A__2.G,DOWNLOADED,172339
1t8u__2__2.B__2.H,DOWNLOADED,174813
1rp4__1__1.A__1.E,DOWNLOADED,243124
1rpn__1__1.A__1.E,DOWNLOADED,205540
1rpn__1__1.A__1.F,DOWNLOADED,203855
1rpn__2__1.B__1.G,DOWNLOADED,203629
1rpn__2__1.B__1.H,DOWNLOADED,201872
1rpn__3__1.C__1.I,DOWNLOADED,204556
1rpn__3__1.C__1.J,DOWNLOADED,202723
1rpn__4__1.D__1.K,DOWNLOADED,204193
1rpn__4__1.D__1.L,DOWNLOADED,202581
1rpn__5__1.A_1.D__1.E,DOWNLOADED,400038
1rpn__5__1.A_1.D__1.K,DOWNLOADED,400105
1rpn__5__1.B_1.C__1.G,DOWNLOADED,398489
1rpn__5__1.B_1.C__1.I,DOWNLOADED,398411
3rpm__1__1.A__1.C,DOWNLOADED,284014
3rpm__2__1.B__1.E,DOWNLOADED,268721
3rpn__1__1.A_1.D__1.G,DOWNLOADED,272609
3rpn__1__1.A_1.D__1.J,DOWNLOADED,272755
3rpn__2__1.B_1.E__1.H,DOWNLOADED,277764
3rpn__2__1.B_1.E__1.K,DOWNLOADED,277838
3rpn__3__1.C_1.F__1.I,DOWNLOADED,276518
3rpn__3__1.C_1.F__1.L,DOWNLOADED,276518
4rpg__2__1.B__1.G,DOWNLOADED,255051
4rpg__2__1.C__1.I,DOWNLOADED,257774
4rpj__1__1.B__1.G,DOWNLOADED,256910
4rpj__1__2.B__2.G,DOWNLOADED,260725
4rpj__2__1.A__1.E,DOWNLOADED,255294
4rpj__2__1.C__1.I,DOWNLOADED,258713
4rpn__1__1.A_1.B__1.F,DOWNLOADED,273306
4rpn__1__1.A_1.B__1.H,DOWNLOADED,273306
4rpn__2__1.C_1.D__1.J,DOWNLOADED,278105
4rpn__2__1.C_1.D__1.L,DOWNLOADED,278215
4rpn__2__1.D__1.K,DOWNLOADED,141267
1tbw__1__1.A__1.C_1.D,DOWNLOADED,136791
3tbg__3__1.C__1.U_1.Y,DOWNLOADED,295230
3tbg__3__1.C__1.V,DOWNLOADED,294550
3tbk__1__1.A__1.B,DOWNLOADED,335039
5tb8__1__1.A__1.E_1.I_1.J,DOWNLOADED,213503
5tbv__1__1.A_2.A__2.B_2.C,DOWNLOADED,344852
5tbv__1__1.A_3.A__1.B_1.C,DOWNLOADED,342535
5tbv__1__2.A_3.A__3.B_3.C,DOWNLOADED,346140
3tn7__1__1.A__1.C,DOWNLOADED,150073
3tn7__1__1.B__1.E,DOWNLOADED,150165
3tn7__1__2.A__2.C,DOWNLOADED,150545
3tn7__1__2.B__2.E,DOWNLOADED,150260
4tnp__1__1.A__1.E,DOWNLOADED,314004
4tnp__1__1.B__1.J,DOWNLOADED,314453
4tnp__1__1.C__1.P,DOWNLOADED,314333
4tnp__1__1.D__1.R,DOWNLOADED,315755
4tnz__1__1.B__1.L_1.M,DOWNLOADED,315771
4tnz__1__1.C__1.Q_1.R,DOWNLOADED,314947
1syi__1__1.A__1.C,DOWNLOADED,160942
1syi__1__1.B__1.D,DOWNLOADED,161340
3sym__1__1.A__1.B,DOWNLOADED,522795
3sym__1__2.A__2.B,DOWNLOADED,524827
3syr__1__1.A__1.B,DOWNLOADED,522412
3syr__1__2.A__2.B,DOWNLOADED,524426
2tys__1__1.B__1.D,DOWNLOADED,239571
2tys__1__2.B__2.D,DOWNLOADED,243393
3ty5__1__1.A_1.B__1.C,DOWNLOADED,483186
2rh4__1__1.B__1.E,DOWNLOADED,164694
2rh4__1__2.B__2.E,DOWNLOADED,162654
2rhc__1__1.A__1.C,DOWNLOADED,164717
2rhc__1__2.A__2.C,DOWNLOADED,166677
2rhl__1__1.A__1.C,DOWNLOADED,179238
2rhl__2__1.B__1.D,DOWNLOADED,188784
2rho__1__1.A__1.C,DOWNLOADED,177868
2rho__2__1.B__1.D,DOWNLOADED,178406
2rhr__1__1.A__1.C,DOWNLOADED,156529
2rhr__1__2.A__2.C,DOWNLOADED,155693
3rhz__1__1.A__1.C,DOWNLOADED,217760
3rhz__1__1.B__1.D,DOWNLOADED,217906
3rhz__1__2.A__2.C,DOWNLOADED,218665
3rhz__1__2.B__2.D,DOWNLOADED,217944
4rhe__1__1.A_1.D_1.E__1.G,DOWNLOADED,370663
4rhe__1__1.A_1.D_2.C__1.O,DOWNLOADED,367320
4rhe__1__1.A_1.F_2.F__1.R,DOWNLOADED,369123
4rhe__1__1.B_1.C_1.E__1.M,DOWNLOADED,370718
4rhe__1__1.B_1.D_2.B__2.J,DOWNLOADED,364876
4rhe__1__1.B_2.B_2.D__1.J,DOWNLOADED,364860
4rhe__1__1.C_1.E_1.F__1.P,DOWNLOADED,372035
4rhe__1__1.C_2.A_2.D__2.O,DOWNLOADED,369048
4rhe__1__1.F_2.A_2.F__2.R,DOWNLOADED,369051
4rhe__1__2.A_2.D_2.E__2.G,DOWNLOADED,367605
4rhe__1__2.B_2.C_2.E__2.M,DOWNLOADED,363673
4rhe__1__2.C_2.E_2.F__2.P,DOWNLOADED,365045
4rhx__1__1.D__1.N_1.O_1.P,DOWNLOADED,113251
4rhx__3__1.D__1.N_1.O_1.P,DOWNLOADED,113251
5t52__1__1.B__1.L,DOWNLOADED,143096
5t57__1__1.A_2.A__1.B,DOWNLOADED,343318
5t57__1__1.A_2.A__2.B,DOWNLOADED,343317
5t5q__1__1.B__1.G,DOWNLOADED,140758
5t5q__1__1.C__1.J,DOWNLOADED,145336
5t5q__1__1.D__1.L,DOWNLOADED,145520
5t5u__1__1.A__1.C,DOWNLOADED,253862
6t5x__1__1.A__1.C,DOWNLOADED,147041
6t5x__1__2.A__2.C,DOWNLOADED,145005
1r8q__2__1.C_1.D__1.K,DOWNLOADED,241826
1r8q__4__1.A_2.C__1.E_1.F,DOWNLOADED,226845
1r8q__4__2.C__2.K,DOWNLOADED,115550
1r8q__5__1.A_2.C__1.E_1.F,DOWNLOADED,226845
1r8q__6__1.A_2.C__2.I_2.J,DOWNLOADED,226242
1r8s__1__1.A_1.B__1.C,DOWNLOADED,223740
1r8s__2__2.A_2.B__2.C,DOWNLOADED,222393
2r8q__1__1.A__1.E,DOWNLOADED,211703
2r8q__1__1.B__1.H,DOWNLOADED,214786
4r81__1__1.A_1.B__1.F,DOWNLOADED,250652
4r81__2__1.C_1.D__1.H,DOWNLOADED,252718
4r81__3__1.A_1.B_2.D__1.F,DOWNLOADED,372364
4r84__1__1.A__1.E,DOWNLOADED,306356
4r84__4__1.D__1.K,DOWNLOADED,308445
6r8q__1__1.A__1.C_1.P,DOWNLOADED,231235
6r8s__1__1.A__1.B_1.C,DOWNLOADED,261308
1suw__1__1.A_1.D__1.E,DOWNLOADED,313434
1suw__1__1.A_1.D__1.H,DOWNLOADED,313581
1suw__1__1.B_1.C__1.F,DOWNLOADED,314697
1suw__1__1.B_1.C__1.G,DOWNLOADED,314625
3su9__1__1.A__1.B_1.I,DOWNLOADED,263122
3suc__1__1.A__1.C_1.D,DOWNLOADED,468956
3suo__1__1.A__1.D_1.E_1.F,DOWNLOADED,596282
3sur__1__1.A__1.C,DOWNLOADED,310713
3sus__1__1.A__1.C,DOWNLOADED,317134
3suv__1__1.A__1.C,DOWNLOADED,310222
3suw__1__1.A__1.C,DOWNLOADED,311213
5sux__1__1.A__1.B,DOWNLOADED,177246
6su6__1__1.A__1.C,DOWNLOADED,565204
6su6__2__1.B__1.D,DOWNLOADED,559269
2om2__1__1.A_1.B__1.E_1.F,DOWNLOADED,226738
2om2__2__1.C_1.D__1.G_1.H,DOWNLOADED,227124
3oma__1__1.A_1.B__1.T,DOWNLOADED,498502
3oma__2__1.C__1.CA_1.HA,DOWNLOADED,336217
3omn__1__1.A_1.B__1.U,DOWNLOADED,500213
3omn__2__1.C__1.FA_1.IA,DOWNLOADED,336497
4omc__1__1.A__1.G,DOWNLOADED,286384
4omc__2__1.B__1.H,DOWNLOADED,287555
4omc__3__1.C__1.I,DOWNLOADED,287224
4omc__4__1.D__1.J,DOWNLOADED,286975
4omc__5__1.E__1.K,DOWNLOADED,289970
4omc__6__1.F__1.L,DOWNLOADED,288408
5oml__1__1.A__1.E,DOWNLOADED,44099
6om8__1__1.A_1.B__1.N,DOWNLOADED,573499
6om8__1__1.A_1.B__1.P,DOWNLOADED,573386
6om8__1__1.A__1.M,DOWNLOADED,292196
6om8__1__1.B__1.O,DOWNLOADED,291534
6om8__1__1.C_1.D__1.R,DOWNLOADED,574444
6om8__1__1.C_1.D__1.T,DOWNLOADED,574443
6om8__1__1.C__1.Q,DOWNLOADED,291480
6om8__1__1.D__1.S,DOWNLOADED,293457
6om8__1__1.E_1.F__1.V,DOWNLOADED,572595
6om8__1__1.E__1.U,DOWNLOADED,290359
6om8__1__1.F__1.W,DOWNLOADED,292768
6om8__2__1.G_1.H__1.Z,DOWNLOADED,576504
6om8__2__1.G__1.Y,DOWNLOADED,293076
6om8__2__1.H__1.AA,DOWNLOADED,294005
6om8__2__2.I_2.J__2.DA,DOWNLOADED,574320
6om8__2__2.I_2.J__2.FA,DOWNLOADED,574433
6om8__2__2.I__2.CA,DOWNLOADED,294233
6om8__2__2.J__2.EA,DOWNLOADED,290624
6om8__2__2.K_2.L__2.JA,DOWNLOADED,578381
6om8__2__2.K__2.GA,DOWNLOADED,294445
6om8__2__2.L__2.IA,DOWNLOADED,294360
3ta0__1__1.A_1.B__1.G,DOWNLOADED,119499
3ta0__1__1.A_1.C__1.I,DOWNLOADED,119927
3ta0__1__1.B_1.C__1.H,DOWNLOADED,120234
3ta0__2__1.D_1.E__1.J,DOWNLOADED,121156
3ta0__2__1.D_1.F__1.L,DOWNLOADED,121183
3ta0__2__1.E_1.F__1.K,DOWNLOADED,121005
3ta1__1__1.A_1.C__1.G,DOWNLOADED,128322
3ta1__1__1.A_1.D__1.J,DOWNLOADED,135750
3ta1__1__1.C_1.D__1.I,DOWNLOADED,131355
3ta1__2__1.B_1.E__1.H,DOWNLOADED,132396
3ta1__2__1.B_1.F__1.L,DOWNLOADED,136398
3ta1__2__1.E_1.F__1.K,DOWNLOADED,132139
2pkr__1__1.C_1.D__1.CA_1.Y_1.Z,DOWNLOADED,402636
2pkr__2__1.E_1.F__1.DA_1.EA_1.GA,DOWNLOADED,412393
2pkr__2__1.E_1.F__1.HA_1.KA,DOWNLOADED,411879
2pkr__2__1.G_1.H__1.LA_1.NA,DOWNLOADED,410237
2pkr__2__1.G_1.H__1.OA_1.QA,DOWNLOADED,410237
2pkr__3__1.I_1.J__1.RA_1.UA,DOWNLOADED,412159
2pkr__3__1.I_1.J__1.VA_1.YA,DOWNLOADED,412159
2pkr__3__1.K_1.L__1.AB_1.BB_1.ZA,DOWNLOADED,414209
3pka__2__1.A_2.A__2.B_2.C_2.D,DOWNLOADED,347380
3pka__2__1.A_3.A__1.B_1.C_1.D,DOWNLOADED,347402
3pkb__1__1.A__1.B_1.C_1.D,DOWNLOADED,176448
3pkc__1__1.A__1.B_1.C_1.D,DOWNLOADED,176786
3pkd__1__1.A__1.B_1.C_1.D,DOWNLOADED,171799
3pke__1__1.A__1.B_1.C_1.D,DOWNLOADED,177381
6pk3__1__1.A_2.A__1.C_1.D,DOWNLOADED,964645
6pk3__1__1.A_2.A__2.C_2.D,DOWNLOADED,964645
6pk3__2__1.A_2.A__1.C_1.D,DOWNLOADED,964645
6pk3__2__1.A_2.A__2.C_2.D,DOWNLOADED,964645
6pka__1__1.A_1.B__1.O,DOWNLOADED,222694
6pka__1__1.A_1.G__1.U,DOWNLOADED,221263
6pka__1__1.B_1.C__1.P,DOWNLOADED,224581
6pka__1__1.C_1.D__1.Q,DOWNLOADED,223605
6pka__1__1.D_1.E__1.R,DOWNLOADED,220866
6pka__1__1.E_1.F__1.S,DOWNLOADED,220260
6pka__1__1.F_1.G__1.T,DOWNLOADED,220732
6pka__1__1.H_1.I__1.V,DOWNLOADED,220602
6pka__1__1.H_1.N__1.BA,DOWNLOADED,222843
6pka__1__1.I_1.J__1.W,DOWNLOADED,219305
6pka__1__1.J_1.K__1.X,DOWNLOADED,217890
6pka__1__1.K_1.L__1.Y,DOWNLOADED,219750
6pka__1__1.L_1.M__1.Z,DOWNLOADED,222323
6pka__1__1.M_1.N__1.AA,DOWNLOADED,223860
1u3f__1__1.A__1.C_1.D_1.E,DOWNLOADED,110184
3u3r__1__1.A__1.C,DOWNLOADED,190182
4u3b__1__1.A__1.C_1.G,DOWNLOADED,171219
5u39__1__1.A__1.B_1.C,DOWNLOADED,180128
5u3b__1__1.A__1.C_1.D,DOWNLOADED,185598
5u3b__2__1.B__1.F_1.G,DOWNLOADED,184731
5u3f__1__1.A_1.B__1.C,DOWNLOADED,398153
5u3f__1__1.A_1.B__1.D,DOWNLOADED,398148
3t1a__1__1.A_1.B__1.C,DOWNLOADED,615199
3t1k__1__1.A__1.C_1.D,DOWNLOADED,139403
3t1k__2__1.B__1.E_1.F,DOWNLOADED,137594
3t1o__2__1.B__1.I,DOWNLOADED,121673
3t1t__1__1.A__1.E,DOWNLOADED,122838
3t1t__2__1.B__1.F,DOWNLOADED,124595
3t1t__3__1.C__1.G,DOWNLOADED,114905
3t1t__4__1.D__1.H,DOWNLOADED,124527
5t1p__1__1.A__1.J,DOWNLOADED,204400
5t1p__2__1.B__1.K,DOWNLOADED,205269
5t1p__3__1.C__1.L,DOWNLOADED,203864
5t1p__4__1.D__1.M,DOWNLOADED,205102
6t10__1__1.A__1.C,DOWNLOADED,103160
6t10__2__1.B__1.F,DOWNLOADED,98230
6t1g__1__1.A_2.B__1.C,DOWNLOADED,152305
6t1g__1__1.A_2.B__2.D,DOWNLOADED,152305
6t1g__1__1.B_2.A__1.D,DOWNLOADED,151994
6t1g__1__1.B_2.A__2.C,DOWNLOADED,151994
6t1i__1__1.A__1.B,DOWNLOADED,94638
6t1l__1__1.A__1.L,DOWNLOADED,94325
1sm9__1__1.A__1.E,DOWNLOADED,206184
1sm9__2__1.C__1.G,DOWNLOADED,207224
1sm9__3__1.A_3.C__1.E,DOWNLOADED,405620
1sm9__3__1.A_3.C__3.G,DOWNLOADED,405699
1sm9__3__1.B_2.B__1.F,DOWNLOADED,402871
1sm9__3__1.B_2.B__2.F,DOWNLOADED,402871
1sm9__3__2.A_2.C__2.E,DOWNLOADED,402093
1sm9__3__2.A_2.C__2.G,DOWNLOADED,402097
1sm9__3__2.D_3.D__2.H,DOWNLOADED,406707
1sm9__3__2.D_3.D__3.H,DOWNLOADED,406708
1sm9__5__2.A__2.E,DOWNLOADED,204597
1sm9__6__2.C__2.G,DOWNLOADED,209242
3sm9__1__1.A__1.G,DOWNLOADED,274618
1tq4__1__1.A__1.B_1.C,DOWNLOADED,256619
3tqh__1__1.A__1.B_1.C,DOWNLOADED,196154
4tq3__1__1.A__1.E_1.F_1.G,DOWNLOADED,176972
4tq3__2__1.B__1.H_1.I_1.J,DOWNLOADED,180258
4tq3__3__1.C__1.K_1.L_1.M,DOWNLOADED,177861
4tq3__4__1.D__1.N_1.O_1.P,DOWNLOADED,179920
4tqc__1__1.A__1.C,DOWNLOADED,225505
4tqc__2__1.B__1.E,DOWNLOADED,229084
4tqg__1__1.A_5.A__1.B,DOWNLOADED,374947
4tqg__1__1.A_5.A__5.B,DOWNLOADED,374948
6tq0__2__1.C__1.D,DOWNLOADED,88653
6tq1__1__1.A__1.F,DOWNLOADED,73153
6tq1__2__1.C__1.L,DOWNLOADED,72300
2tpr__1__1.A_1.B__1.C,DOWNLOADED,580400
2tpr__1__1.A_1.B__1.D,DOWNLOADED,580467
1tpz__2__1.B__1.E_1.F,DOWNLOADED,254674
3tpt__1__1.A__1.C_1.D,DOWNLOADED,263621
3tpt__2__1.B__1.F_1.G_1.H,DOWNLOADED,267810
6tp6__1__1.A__1.C_1.D,DOWNLOADED,200530
5t48__1__1.A__1.C,DOWNLOADED,230476
6t48__1__1.A_1.C_5.A__1.G,DOWNLOADED,484642
6t48__1__1.A_2.A_2.C__2.G,DOWNLOADED,482405
6t4g__1__1.A__1.B_1.D,DOWNLOADED,161560
6t4u__1__1.A__1.D,DOWNLOADED,160085
1s9d__1__1.A_1.B__1.E,DOWNLOADED,224301
1s9p__1__1.A__1.E,DOWNLOADED,134757
1s9p__1__1.B__1.F,DOWNLOADED,136109
1s9p__2__1.C__1.G,DOWNLOADED,135521
1s9p__2__1.D__1.H,DOWNLOADED,141993
1s9p__3__2.C__2.G,DOWNLOADED,136016
1s9p__3__2.D__2.H,DOWNLOADED,142262
3s91__1__1.A__1.B,DOWNLOADED,71196
3s9h__1__1.C__1.E_1.F_1.G_1.H,DOWNLOADED,587348
6s9e__1__1.A_1.B__1.G_1.H,DOWNLOADED,1031396
6s9e__1__1.C_1.D__1.V_1.W,DOWNLOADED,1041515
1sq5__1__1.A__1.E,DOWNLOADED,191963
1sq5__1__1.A__1.F,DOWNLOADED,193145
1sq5__1__1.D__1.K,DOWNLOADED,195515
1sq5__1__1.D__1.L,DOWNLOADED,196772
1sq5__2__1.B__1.G,DOWNLOADED,192599
1sq5__2__1.B__1.H,DOWNLOADED,193707
1sq5__2__2.B__2.G,DOWNLOADED,194346
1sq5__2__2.B__2.H,DOWNLOADED,195529
1sq5__3__1.C__1.I,DOWNLOADED,191269
1sq5__3__1.C__1.J,DOWNLOADED,192303
1sq5__3__2.C__2.I,DOWNLOADED,193621
1sq5__3__2.C__2.J,DOWNLOADED,194804
3sq0__1__1.A__1.D_1.E_1.F,DOWNLOADED,595137
3sq1__1__1.A__1.D_1.E_1.G_1.H,DOWNLOADED,598000
3sq2__1__1.A__1.D_1.E_1.F,DOWNLOADED,595442
3sq4__1__1.A__1.D_1.E_1.F,DOWNLOADED,598450
3sqw__1__1.A__1.C_1.D,DOWNLOADED,320322
3sqx__1__1.A__1.C_1.D,DOWNLOADED,318909
6sqz__1__1.A_1.B_2.A__1.C_1.D_1.E,DOWNLOADED,216889
6sqz__1__1.A_2.A_2.B__2.C_2.D_2.E,DOWNLOADED,217043
1r37__1__1.A_1.B__1.C_1.E_1.F,DOWNLOADED,418318
1r37__1__1.A_1.B__1.G_1.I_1.J,DOWNLOADED,418247
1r37__1__2.A_2.B__2.C_2.E_2.F,DOWNLOADED,419453
1r37__1__2.A_2.B__2.G_2.I_2.J,DOWNLOADED,419382
1r38__1__1.A__1.E,DOWNLOADED,206025
1r38__2__1.C__1.G,DOWNLOADED,207013
1r38__3__1.A_2.C__1.E,DOWNLOADED,405051
1r38__3__1.A_2.C__2.G,DOWNLOADED,404982
1r3q__1__1.A__1.B_1.C,DOWNLOADED,226731
1r3q__1__2.A__2.B_2.C,DOWNLOADED,230263
1r3y__1__1.A__1.B,DOWNLOADED,226172
3r34__1__1.A_1.B_2.A__1.E,DOWNLOADED,253837
3r34__1__1.A_2.A_2.B__2.E,DOWNLOADED,254042
3r3e__1__1.A__1.C_1.E,DOWNLOADED,200201
3r3e__1__1.B__1.J_1.L,DOWNLOADED,203479
3r3s__1__1.A__1.E_1.F_1.G,DOWNLOADED,176439
3r3s__1__1.B__1.H_1.I_1.J,DOWNLOADED,176940
3r3s__1__1.D__1.O_1.P_1.Q,DOWNLOADED,176934
4r38__2__1.B__1.F,DOWNLOADED,131364
4r38__3__1.C__1.G,DOWNLOADED,131735
4r38__4__1.D__1.H,DOWNLOADED,130685
6r3d__1__1.A__1.B,DOWNLOADED,218736
6r3s__1__1.A__1.C,DOWNLOADED,228232
6r3v__1__1.A_1.B__1.E_1.F_1.G,DOWNLOADED,243813
1tw6__3__1.A_2.B__1.C,DOWNLOADED,118005
1tw6__3__1.B_2.A__2.C,DOWNLOADED,118092
1tww__1__1.A__1.G,DOWNLOADED,169268
1tww__2__1.B__1.L,DOWNLOADED,166721
4twc__2__1.B__1.R,DOWNLOADED,193048
4tww__1__1.A_1.B__1.C,DOWNLOADED,374859
4tww__1__1.A_1.B__1.D,DOWNLOADED,374859
5twc__1__1.A_2.A__1.B,DOWNLOADED,428260
5twc__1__1.A_2.A__2.B,DOWNLOADED,428187
1pn0__1__1.C__1.L_1.M,DOWNLOADED,418812
1pn0__2__1.B__1.I,DOWNLOADED,419574
1pn0__2__1.D__1.O_1.P,DOWNLOADED,421911
1pn0__3__1.A_2.B__1.F,DOWNLOADED,815633
1pn0__3__1.C__1.L_1.M,DOWNLOADED,418812
1pn0__3__2.B__2.I,DOWNLOADED,415443
1pn0__3__2.D__2.O_2.P,DOWNLOADED,422966
1pn9__1__1.A_1.B__1.C,DOWNLOADED,259479
1pn9__1__1.A_1.B__1.D,DOWNLOADED,259479
1pno__1__1.A__1.C,DOWNLOADED,112087
1pno__2__1.B__1.D,DOWNLOADED,111085
1pnq__1__1.A__1.C,DOWNLOADED,112045
1pnq__2__1.B__1.D,DOWNLOADED,110982
3pn4__1__1.A__1.B_1.C,DOWNLOADED,112268
3pnb__1__1.A_2.A__2.E,DOWNLOADED,195480
3pnb__1__1.A_3.A__1.E,DOWNLOADED,194124
3pnb__1__1.D_2.D__1.H,DOWNLOADED,195277
3pnb__1__1.D_3.D__3.H,DOWNLOADED,194508
3pnb__2__1.B_2.B__1.F,DOWNLOADED,194827
3pnb__2__1.B_3.B__3.F,DOWNLOADED,194448
3pnl__1__1.A_1.B__1.D_1.E_1.F,DOWNLOADED,342606
3pnl__1__2.A_2.B__2.D_2.E_2.F,DOWNLOADED,339084
3pnl__2__1.A_1.B__1.D_1.E_1.F,DOWNLOADED,342606
6pnz__1__1.A_1.B__1.D,DOWNLOADED,366510
6pnz__1__1.A_1.C__1.F,DOWNLOADED,367382
6pnz__1__1.B_1.C__1.E,DOWNLOADED,368366
2scu__1__1.A_2.B__1.E,DOWNLOADED,397499
2scu__1__1.B_2.A__2.E,DOWNLOADED,397826
2scu__2__1.C_2.D__1.G,DOWNLOADED,395506
2scu__2__1.D_2.C__2.G,DOWNLOADED,396170
1sc6__1__1.A__1.E,DOWNLOADED,237886
1sc6__1__1.B__1.F,DOWNLOADED,236533
1sc6__1__1.C__1.G,DOWNLOADED,231286
1sc6__1__1.D__1.H,DOWNLOADED,235107
3scx__1__1.C__1.D_1.F_1.G_1.H,DOWNLOADED,587359
6sch__1__1.A_1.B__1.E_1.I_1.K,DOWNLOADED,420775
6sch__1__1.C_1.D__1.S_1.V,DOWNLOADED,426928
1tlp__1__1.A__1.B_1.G,DOWNLOADED,195319
1tll__1__1.A__1.F,DOWNLOADED,404215
3tlj__1__1.A__1.C,DOWNLOADED,232426
3tlj__2__1.B__1.E,DOWNLOADED,229717
6tl5__1__1.A__1.E_1.F,DOWNLOADED,157906
6tl5__1__1.B__1.G_1.H,DOWNLOADED,155747
6tl5__2__1.C__1.I_1.J,DOWNLOADED,156599
6tl5__2__1.D__1.K_1.L,DOWNLOADED,151770
6tl6__1__1.A__1.E_1.F_1.G,DOWNLOADED,158744
6tl6__1__1.D__1.M_1.N,DOWNLOADED,158807
6tl6__2__1.B__1.H_1.I_1.J,DOWNLOADED,159195
6tl6__2__1.C__1.K_1.L,DOWNLOADED,158593
3uig__1__1.A__1.C,DOWNLOADED,90565
3uih__1__1.A__1.C,DOWNLOADED,91038
3uim__1__1.A__1.B,DOWNLOADED,192942
3uiq__1__1.A__1.D_1.E_1.G,DOWNLOADED,592029
4uiu__1__1.A__1.B,DOWNLOADED,66388
4uix__3__1.C__1.K,DOWNLOADED,78542
1txz__1__1.A_2.A__1.D_1.E_1.F,DOWNLOADED,313523
1txz__1__1.A_2.A__2.D_2.E_2.F,DOWNLOADED,313527
3txo__1__1.A__1.B,DOWNLOADED,206435
4tx0__1__1.A__1.B,DOWNLOADED,80092
4txc__1__1.A__1.B,DOWNLOADED,178518
6tx0__1__1.A__1.C_1.D_1.E_1.G,DOWNLOADED,311782
6tx0__1__1.B__1.K_1.L_1.M_1.O,DOWNLOADED,315620
6tx0__1__2.A__2.C_2.D_2.E_2.G,DOWNLOADED,311056
6tx0__1__2.B__2.K_2.L_2.M_2.O,DOWNLOADED,311770
6txf__1__1.A__1.C_1.D_1.E_1.G,DOWNLOADED,313293
6txf__1__1.B__1.K_1.L_1.M_1.O,DOWNLOADED,316209
6txf__1__2.A__2.C_2.D_2.E_2.G,DOWNLOADED,312519
6txf__1__2.B__2.K_2.L_2.M_2.O,DOWNLOADED,312351
1sb3__1__1.A_1.B_1.C__1.I,DOWNLOADED,744076
1sb3__1__1.D_1.E_1.F__1.P,DOWNLOADED,742746
1sbz__1__1.A_1.C_2.A__1.G,DOWNLOADED,322112
1sbz__1__1.A_1.C_3.D__1.E,DOWNLOADED,321682
1sbz__1__1.A_3.A_3.C__3.G,DOWNLOADED,323535
1sbz__1__1.B_1.C_1.D__1.H,DOWNLOADED,319682
1sbz__1__1.B_1.D_2.B__1.F,DOWNLOADED,322568
1sbz__1__1.B_3.B_3.D__3.F,DOWNLOADED,320991
1sbz__1__1.D_2.A_2.C__2.E,DOWNLOADED,325612
3sbd__2__1.B__1.E_1.F,DOWNLOADED,112178
3sbx__2__1.C_1.D__1.K,DOWNLOADED,209994
3sbx__2__1.C_1.D__1.L,DOWNLOADED,210175
6sbt__1__1.A__1.B_1.D,DOWNLOADED,312169
6sbt__1__2.A__2.B_2.D,DOWNLOADED,312196
1rx4__1__1.A__1.B,DOWNLOADED,102261
1rx5__1__1.A__1.B,DOWNLOADED,102212
1rx6__1__1.A__1.B,DOWNLOADED,102073
1rx7__1__1.A__1.B,DOWNLOADED,102111
1rxo__1__1.A_2.E__1.I_1.J,DOWNLOADED,565277
1rxo__1__1.A_2.E__2.M_2.N,DOWNLOADED,565277
1rxo__1__1.C_2.C__1.K_1.L,DOWNLOADED,558443
1rxo__1__1.C_2.C__2.K_2.L,DOWNLOADED,558437
1rxo__1__1.E_2.A__1.M_1.N,DOWNLOADED,558158
1rxo__1__1.E_2.A__2.I_2.J,DOWNLOADED,558158
1rxo__1__1.G_2.G__1.O_1.P,DOWNLOADED,557467
1rxo__1__1.G_2.G__2.O_2.P,DOWNLOADED,557473
4rxh__1__1.A__1.B,DOWNLOADED,263856
1tu7__1__1.A_1.B__1.C,DOWNLOADED,265633
1tu7__1__1.A_1.B__1.E,DOWNLOADED,265632
1tu8__1__1.A_1.B__1.E,DOWNLOADED,267373
1tu8__1__1.A_1.B__1.F,DOWNLOADED,267372
1tu8__2__1.C_1.D__1.G,DOWNLOADED,268432
1tu8__2__1.C_1.D__1.H,DOWNLOADED,268362
3tuh__1__1.A__1.C,DOWNLOADED,129450
3tuh__2__1.B__1.D,DOWNLOADED,128533
4tu4__1__1.A__1.E,DOWNLOADED,87740
4tus__1__1.A__1.E_1.F_1.I,DOWNLOADED,206990
4tuy__1__1.A_1.B__1.G_1.H,DOWNLOADED,539767
4tuy__1__1.C_1.D__1.M_1.N,DOWNLOADED,541908
4tuy__1__1.D__1.R,DOWNLOADED,270074
4tuy__1__1.F__1.S_1.T,DOWNLOADED,221918
1uhj__1__1.A__1.C,DOWNLOADED,120267
1uhj__2__1.B__1.D,DOWNLOADED,122664
1uhk__1__1.A__1.C,DOWNLOADED,122182
1uhk__2__1.B__1.D,DOWNLOADED,122540
5uhw__1__1.A__1.C,DOWNLOADED,212298
5uhw__1__1.B__1.E,DOWNLOADED,214226
3si6__1__1.C__1.D_1.E,DOWNLOADED,586967
3si7__2__1.B__1.J_1.K,DOWNLOADED,171835
3si7__5__1.A_1.B__1.J_1.K,DOWNLOADED,335020
3si7__5__1.A_4.B__1.E_1.F,DOWNLOADED,334731
3si7__5__1.B_4.A__4.E_4.F,DOWNLOADED,335152
3si7__5__2.A_2.B__2.J_2.K,DOWNLOADED,334512
3si7__5__2.A_3.B__2.E_2.F,DOWNLOADED,337301
3si7__5__2.B_3.A__3.E_3.F,DOWNLOADED,336254
3si7__5__3.A_3.B__3.J_3.K,DOWNLOADED,339042
3si7__5__4.A_4.B__4.J_4.K,DOWNLOADED,334864
3si7__6__1.C_3.C__1.N_1.O,DOWNLOADED,333226
3si7__6__1.C_4.C__4.N_4.O,DOWNLOADED,335425
3si7__6__1.D_3.D__3.S_3.T,DOWNLOADED,333581
3si7__6__1.D_4.D__1.S_1.T,DOWNLOADED,334275
3si7__6__2.C_3.C__3.N_3.O,DOWNLOADED,331598
3si7__6__2.C_4.C__2.N_2.O,DOWNLOADED,333796
3si7__6__2.D_3.D__2.S_2.T,DOWNLOADED,330211
3si7__6__2.D_4.D__4.S_4.T,DOWNLOADED,330905
3sig__1__1.A__1.B,DOWNLOADED,319186
3sii__1__1.A__1.B,DOWNLOADED,165126
3sio__1__1.A_1.B__1.U,DOWNLOADED,279346
3sio__1__1.A_1.E__1.S,DOWNLOADED,279342
3sio__2__1.F_1.G__1.HA,DOWNLOADED,279155
3sio__2__1.H_1.I__1.NA,DOWNLOADED,280547
3ufm__1__1.A__1.B,DOWNLOADED,149807
5uf0__1__1.A__1.B,DOWNLOADED,71167
5uf8__1__1.A__1.E,DOWNLOADED,104366
5uf8__2__1.B__1.F,DOWNLOADED,105640
5uf8__3__1.C__1.G,DOWNLOADED,104692
5uf8__4__1.D__1.H,DOWNLOADED,104539
5ufs__1__1.A__1.E,DOWNLOADED,311799
5ufs__2__1.B__1.F,DOWNLOADED,312597
6uf0__1__1.A__1.C,DOWNLOADED,181942
3sr4__1__1.A__1.B,DOWNLOADED,214442
3sr6__1__1.A_1.B_1.C__1.I,DOWNLOADED,749230
3sr6__1__1.D_1.E_1.F__1.N,DOWNLOADED,754106
6sr6__1__1.A__1.E_1.F,DOWNLOADED,318554
6sr6__2__1.C__1.G_1.H,DOWNLOADED,324190
6sr8__2__1.B_2.B__1.D,DOWNLOADED,551331
6sr8__2__1.B_2.B__2.D,DOWNLOADED,551331
6sr9__2__1.B_2.B__1.E,DOWNLOADED,554028
6sr9__2__1.B_2.B__2.E,DOWNLOADED,554028
6srb__1__1.A_1.B__1.C,DOWNLOADED,554957
6srb__1__1.B__1.D,DOWNLOADED,292693
1rm3__1__1.B_1.C__1.I_1.M,DOWNLOADED,404770
1rm3__1__2.B_2.C__2.I_2.M,DOWNLOADED,407918
1rm3__2__1.A_3.A__1.D_1.H,DOWNLOADED,403874
1rm3__2__1.A_3.A__3.D_3.H,DOWNLOADED,403809
1rm3__2__2.A_4.A__2.D_2.H,DOWNLOADED,407476
1rm3__2__2.A_4.A__4.D_4.H,DOWNLOADED,407410
1rm4__1__1.B_1.C__1.K_1.N,DOWNLOADED,407264
1rm4__1__2.B_2.C__2.K_2.N,DOWNLOADED,408038
1rm5__1__1.B_1.C__1.H_1.L,DOWNLOADED,408237
1rm5__1__1.B_1.C__1.M_1.P,DOWNLOADED,408017
1rm5__1__2.B_2.C__2.H_2.L,DOWNLOADED,408992
1rm5__1__2.B_2.C__2.M_2.P,DOWNLOADED,408772
1rm6__1__1.A_1.B_1.C__1.M,DOWNLOADED,750260
1rm6__1__1.D_1.E_1.F__1.W,DOWNLOADED,749156
1rmy__1__1.B__1.E_1.F_1.G,DOWNLOADED,130306
1rmy__1__2.B__2.E_2.F_2.G,DOWNLOADED,133041
6rma__1__1.A__1.D_1.E,DOWNLOADED,410296
3u7l__1__1.A__1.B_1.C,DOWNLOADED,120692
3u7m__1__1.A__1.B_1.C,DOWNLOADED,120354
4u70__1__1.A__1.B_1.C_1.E,DOWNLOADED,189886
4u7w__1__1.A__1.C,DOWNLOADED,248561
4u7w__1__1.B__1.E,DOWNLOADED,248454
5u7j__1__1.A__1.E,DOWNLOADED,220911
5u7j__4__1.D__1.N,DOWNLOADED,216924
2qv6__1__1.A_1.C__1.E_1.F_1.G_1.H,DOWNLOADED,314121
2qv6__1__1.B_1.D__1.I_1.J_1.K_1.L,DOWNLOADED,317014
2qv7__1__1.A__1.C,DOWNLOADED,187942
2qv7__2__2.A__2.C,DOWNLOADED,187998
2qvu__1__1.A_1.B__1.C_1.E,DOWNLOADED,399116
2qvu__1__1.A_1.B__1.G_1.I,DOWNLOADED,399192
2qvu__1__2.A_2.B__2.C_2.E,DOWNLOADED,394243
2qvu__1__2.A_2.B__2.G_2.I,DOWNLOADED,394318
2qvv__1__1.A_1.B__1.C_1.D,DOWNLOADED,394461
2qvv__1__1.A_1.B__1.F_1.G,DOWNLOADED,394681
2qvv__1__2.A_2.B__2.C_2.D,DOWNLOADED,399347
2qvv__1__2.A_2.B__2.F_2.G,DOWNLOADED,399570
3qv1__1__1.A_1.D_1.G__1.J_1.N,DOWNLOADED,420898
3qv1__1__1.A_1.D_1.G__1.S,DOWNLOADED,420676
3qv1__1__1.B_1.C_1.H__1.O,DOWNLOADED,420390
3qv1__1__1.B_1.C_1.H__1.P,DOWNLOADED,420463
3qv1__2__1.E_2.F_2.I__1.T,DOWNLOADED,423297
3qv1__2__1.E_2.F_2.I__2.U,DOWNLOADED,423303
3qv1__2__1.F_1.I_2.E__1.U,DOWNLOADED,422161
3qv1__2__1.F_1.I_2.E__2.T,DOWNLOADED,422159
3qv1__3__1.A_1.D_1.G__1.J_1.N,DOWNLOADED,420898
3qv2__1__1.A__1.B,DOWNLOADED,210633
3qv8__1__1.B__1.F,DOWNLOADED,247759
3qv8__1__2.B__2.F,DOWNLOADED,250759
3qvp__1__1.A__1.F,DOWNLOADED,361025
3qvr__1__1.A__1.F,DOWNLOADED,366375
3qvu__2__1.B__1.G,DOWNLOADED,190270
3qvv__1__1.A__1.C,DOWNLOADED,187241
3qvv__2__1.B__1.E,DOWNLOADED,187847
5uep__1__1.A__1.B,DOWNLOADED,71501
5ueq__1__1.A__1.B,DOWNLOADED,70501
5uer__1__1.A__1.B,DOWNLOADED,71854
5ues__1__1.A__1.B,DOWNLOADED,72079
5uet__1__1.A__1.B,DOWNLOADED,70125
5uev__1__1.A__1.B,DOWNLOADED,70332
5uew__1__1.A__1.C,DOWNLOADED,73163
5uew__2__1.B__1.D,DOWNLOADED,76076
5uez__1__1.A__1.B,DOWNLOADED,70799
6uek__1__1.A__1.E,DOWNLOADED,404313
6uek__1__1.B__1.F,DOWNLOADED,399298
1u4d__1__1.A__1.C,DOWNLOADED,165479
1u4d__2__1.B__1.E,DOWNLOADED,169012
3u40__1__1.A_1.F__1.G,DOWNLOADED,272078
3u40__1__1.A_1.F__1.S,DOWNLOADED,272006
3u40__1__1.B_1.C__1.I,DOWNLOADED,270816
3u40__1__1.B_1.C__1.K,DOWNLOADED,270746
3u40__1__1.D_1.E__1.M_1.N,DOWNLOADED,278559
3u40__1__1.D_1.E__1.Q,DOWNLOADED,278147
3u4c__1__1.A__1.B,DOWNLOADED,158889
4u43__1__1.A__1.C,DOWNLOADED,186847
4u44__1__1.A__1.E,DOWNLOADED,187653
4u4l__1__1.A__1.E_1.F_1.G,DOWNLOADED,138363
4u4l__2__1.B__1.H_1.I_1.J,DOWNLOADED,138973
4u4l__3__1.C__1.K_1.L_1.N,DOWNLOADED,133699
4u4l__4__1.D__1.O_1.P_1.R,DOWNLOADED,138032
5u4q__1__1.B__1.E,DOWNLOADED,193628
6u43__1__1.A__1.B_1.C,DOWNLOADED,446571
2rjh__1__1.A_1.B__1.G,DOWNLOADED,435038
2rjh__1__1.A_1.B__1.J,DOWNLOADED,434968
2rjh__2__1.C_1.D__1.M,DOWNLOADED,429222
3rj9__1__1.A__1.G,DOWNLOADED,158941
3rj9__1__1.B__1.H,DOWNLOADED,158726
3rj9__2__1.C__1.I,DOWNLOADED,160482
3rj9__2__1.D__1.J,DOWNLOADED,161225
3rj9__3__1.E__1.K,DOWNLOADED,159008
3rj9__3__1.F__1.L,DOWNLOADED,158639
4rjj__1__1.A_1.B__1.I_1.J,DOWNLOADED,690563
4rjj__1__1.A_1.B__1.O_1.P,DOWNLOADED,690481
4rjj__1__1.C_1.D__1.U_1.V,DOWNLOADED,687402
4rjj__2__1.E_1.F__1.IA_1.JA_1.LA,DOWNLOADED,682296
4rjj__2__1.E_1.F__1.PA_1.QA,DOWNLOADED,680919
4rjj__2__2.E_2.F__2.IA_2.JA_2.LA,DOWNLOADED,679136
4rjj__2__2.E_2.F__2.PA_2.QA,DOWNLOADED,677746
4rjj__3__1.G_1.H__1.AB_1.BB,DOWNLOADED,671453
4rjj__3__1.G_1.H__1.UA_1.VA,DOWNLOADED,671300
4rjj__3__2.G_2.H__2.AB_2.BB,DOWNLOADED,674635
4rjj__3__2.G_2.H__2.UA_2.VA,DOWNLOADED,674562
6rj3__1__1.A__1.D,DOWNLOADED,178413
6rj5__1__1.A__1.D,DOWNLOADED,181471
6rj6__1__1.B__1.D,DOWNLOADED,129403
1tt0__1__1.A__1.E_1.F,DOWNLOADED,370015
1tt0__1__1.B__1.L_1.M,DOWNLOADED,368961
1tt1__1__1.A__1.C,DOWNLOADED,159983
1tt1__1__1.B__1.D,DOWNLOADED,159133
3ttz__1__1.A__1.C,DOWNLOADED,124093
3ttz__2__1.B__1.F,DOWNLOADED,120844
4ttb__1__1.A_1.B__1.D,DOWNLOADED,243821
5tt3__1__1.A__1.I_1.K_1.L,DOWNLOADED,147080
5tt3__1__1.B__1.M_1.O_1.P,DOWNLOADED,139979
5tt3__2__1.C__1.Q_1.S_1.T,DOWNLOADED,148918
5tt3__3__1.E__1.V_1.X_1.Y,DOWNLOADED,150147
5tt3__3__1.F__1.AA_1.Z,DOWNLOADED,145412
5tt3__4__1.G__1.BA_1.DA,DOWNLOADED,141881
5tt8__1__1.B__1.L_1.N,DOWNLOADED,147677
5tt8__2__1.C__1.O_1.Q_1.R,DOWNLOADED,153973
5tt8__4__1.G__1.Y_1.Z,DOWNLOADED,145021
5tt8__4__1.H__1.AA_1.BA,DOWNLOADED,151837
6ttz__1__1.A_1.G__1.H,DOWNLOADED,236076
6ttz__1__1.B_1.C__1.J,DOWNLOADED,233952
6ttz__1__1.C_1.D__1.K,DOWNLOADED,235747
6ttz__1__1.E_1.F__1.M,DOWNLOADED,239239
6ttz__1__1.F_1.G__1.N,DOWNLOADED,236412
1ub5__1__1.A_1.B__1.E,DOWNLOADED,257607
1ub5__2__1.C_1.D__1.F,DOWNLOADED,254998
5ub5__1__1.A_1.B__1.F,DOWNLOADED,488919
5ubo__1__1.A__1.C_1.D,DOWNLOADED,229413
5ubv__1__1.A__1.D,DOWNLOADED,149611
3s21__1__1.A_2.A__1.C,DOWNLOADED,398258
3s21__1__1.A_2.A__2.C,DOWNLOADED,398368
3s23__1__1.A_2.A__1.D,DOWNLOADED,398423
3s23__1__1.A_2.A__2.D,DOWNLOADED,398533
3s2e__1__1.A_1.G__1.QA_1.RA,DOWNLOADED,398632
3s2e__2__1.B_1.H__1.VA_1.XA,DOWNLOADED,407052
3s2g__2__2.B_2.H__2.SA_2.UA,DOWNLOADED,398220
3s2i__1__1.A_1.G__1.KA_1.LA,DOWNLOADED,398504
3s2i__2__1.B_1.H__1.PA_1.RA,DOWNLOADED,406894
3s2j__1__1.A__1.B_1.C_1.D,DOWNLOADED,243402
3s2l__1__1.A__1.B_1.C_1.D,DOWNLOADED,243811
3s2n__1__1.A__1.B_1.C_1.D,DOWNLOADED,243557
4s23__1__1.A_1.B__1.C_1.H,DOWNLOADED,487603
4s23__1__1.A_1.B__1.E_1.F,DOWNLOADED,487606
6s22__1__1.A_1.B__1.R_1.S,DOWNLOADED,359872
6s2g__1__1.A__1.I_1.P,DOWNLOADED,391771
6s2g__1__2.A__2.I_2.P,DOWNLOADED,387434
6s2p__1__1.A__1.B,DOWNLOADED,168545
1t36__1__1.A__1.Z,DOWNLOADED,652987
1t36__1__1.C__1.UA,DOWNLOADED,661183
1t36__1__1.E__1.QB,DOWNLOADED,655471
1t36__1__1.G__1.MC,DOWNLOADED,661402
1t3q__1__1.A_1.B_1.C__1.R,DOWNLOADED,739727
1t3q__1__1.A_1.B__1.N_1.O_1.P,DOWNLOADED,570419
1t3q__1__1.D_1.E_1.F__1.FA,DOWNLOADED,738969
1t3q__1__1.D_1.E__1.AA_1.BA,DOWNLOADED,569929
3t3u__1__1.A__1.B_1.D,DOWNLOADED,290628
6t30__1__1.A_2.B__1.C,DOWNLOADED,147670
6t30__1__1.A_2.B__2.F,DOWNLOADED,147562
6t30__1__1.B_2.A__1.F,DOWNLOADED,147811
6t30__1__1.B_2.A__2.C,DOWNLOADED,147920
1tjp__1__1.A__1.C,DOWNLOADED,158933
1tjw__1__1.A_1.B_1.C__1.G,DOWNLOADED,811136
1tjw__1__1.A_1.B_1.D__1.H,DOWNLOADED,811836
1tjw__1__1.A_1.C_1.D__1.E,DOWNLOADED,814108
1tjw__1__1.B_1.C_1.D__1.F,DOWNLOADED,812307
3tjl__1__1.A__1.B_1.I,DOWNLOADED,257800
3tjl__1__2.A__2.B_2.I,DOWNLOADED,258375
6tj0__2__1.B__1.D,DOWNLOADED,165524
3usb__1__1.A__1.C,DOWNLOADED,270767
3usb__2__1.B__1.G,DOWNLOADED,245876
4usf__1__1.A__1.C,DOWNLOADED,178331
6usa__1__1.A_1.B__1.L,DOWNLOADED,384983
6usa__2__1.F__1.RA,DOWNLOADED,243547
6usa__2__1.H__1.NB,DOWNLOADED,239261
5ula__1__1.A__1.C,DOWNLOADED,79582
5ula__2__1.B__1.D,DOWNLOADED,83768
5ulj__2__1.B__1.G_1.H,DOWNLOADED,258580
1sx3__1__1.A__1.O_1.P_1.Q,DOWNLOADED,315279
1sx3__1__1.B__1.R_1.S_1.T,DOWNLOADED,316929
1sx3__1__1.C__1.U_1.V_1.W,DOWNLOADED,317710
1sx3__1__1.D__1.AA_1.Y_1.Z,DOWNLOADED,315613
1sx3__1__1.E__1.CA_1.DA_1.EA,DOWNLOADED,312963
1sx3__1__1.F__1.FA_1.GA_1.HA,DOWNLOADED,311745
1sx3__1__1.G__1.IA_1.JA_1.KA,DOWNLOADED,312241
1sx3__1__1.H__1.LA_1.MA_1.NA,DOWNLOADED,309973
1sx3__1__1.I__1.OA_1.PA_1.QA,DOWNLOADED,314494
1sx3__1__1.J__1.RA_1.SA_1.TA,DOWNLOADED,315366
1sx3__1__1.K__1.UA_1.VA_1.WA,DOWNLOADED,317863
1sx3__1__1.L__1.XA_1.YA_1.ZA,DOWNLOADED,313427
1sx3__1__1.M__1.AB_1.BB_1.CB,DOWNLOADED,312526
1sx3__1__1.N__1.DB_1.EB_1.FB,DOWNLOADED,310632
1sxq__1__1.E__1.G,DOWNLOADED,230204
1sxq__2__1.F__1.H,DOWNLOADED,229957
3sxf__1__1.A__1.B,DOWNLOADED,288823
3sxj__1__1.A__1.C,DOWNLOADED,158641
3sxj__2__1.B__1.D,DOWNLOADED,161197
3sxn__1__1.A_1.C__1.I,DOWNLOADED,495415
3sxn__1__1.A_1.F__1.G,DOWNLOADED,495708
3sxn__1__1.B_1.D__1.H,DOWNLOADED,490399
3sxn__1__1.B_1.E__1.K,DOWNLOADED,489266
3sxn__1__1.C_1.F__1.L,DOWNLOADED,493584
3sxn__1__1.D_1.E__1.J,DOWNLOADED,490221
3sxs__1__1.A__1.B,DOWNLOADED,170479
6sxr__1__1.A__1.F,DOWNLOADED,537956
3uox__1__1.A__1.C,DOWNLOADED,345188
3uox__2__1.B__1.D,DOWNLOADED,341269
4uov__2__1.A__1.G_1.H,DOWNLOADED,148304
4uov__2__1.B__1.Q_1.R,DOWNLOADED,147684
5uoy__1__1.A__1.D,DOWNLOADED,214157
3th5__1__1.A__1.C_1.D,DOWNLOADED,113391
3th5__2__1.B__1.E_1.F,DOWNLOADED,111901
5thq__1__1.A__1.I,DOWNLOADED,156369
5thq__1__1.B__1.J,DOWNLOADED,158301
5thq__1__1.C__1.K,DOWNLOADED,159255
5thq__1__1.D__1.L,DOWNLOADED,157361
5thq__2__1.E__1.M,DOWNLOADED,154617
5thq__2__1.F__1.N,DOWNLOADED,155498
5thq__2__1.G__1.O,DOWNLOADED,155049
5thq__2__1.H__1.P,DOWNLOADED,154780
5thy__1__1.A__1.C,DOWNLOADED,245730
5thy__2__1.B__1.D,DOWNLOADED,236305
6th4__1__1.A_1.B__1.G_1.H,DOWNLOADED,536483
6th4__1__1.B__1.K,DOWNLOADED,270846
6th4__1__1.C_1.D__1.O_1.P,DOWNLOADED,555591
6th4__1__1.C_1.D__1.T,DOWNLOADED,554685
6thj__10__1.J__1.DA,DOWNLOADED,89656
6thj__11__1.K__1.FA,DOWNLOADED,89679
6thj__1__1.A__1.M,DOWNLOADED,89951
6thj__2__1.B__1.O,DOWNLOADED,89966
6thj__3__1.C__1.P,DOWNLOADED,89982
6thj__3__1.C__1.Q,DOWNLOADED,89981
6thj__4__1.D__1.R,DOWNLOADED,91597
6thj__4__1.D__1.S,DOWNLOADED,91523
6thj__5__1.E__1.T,DOWNLOADED,91668
6thj__5__1.E__1.U,DOWNLOADED,91592
6thj__6__1.F__1.V,DOWNLOADED,91745
6thj__6__1.F__1.W,DOWNLOADED,91592
6thj__7__1.G__1.X,DOWNLOADED,92180
6thj__7__1.G__1.Y,DOWNLOADED,92258
6thj__8__1.H__1.AA,DOWNLOADED,90966
6thj__8__1.H__1.Z,DOWNLOADED,90775
6thj__9__1.I__1.BA,DOWNLOADED,90701
6thj__9__1.I__1.CA,DOWNLOADED,90814
1u6q__1__1.A__1.B,DOWNLOADED,185103
4u60__1__1.A_1.B__1.P,DOWNLOADED,324704
4u61__2__1.I_1.J__1.U,DOWNLOADED,330289
4u6c__1__1.A__1.B_1.C_1.F,DOWNLOADED,190102
5u63__1__1.A_1.B__1.J_1.N,DOWNLOADED,382904
5u6e__1__1.A__1.N,DOWNLOADED,214285
5u6v__1__1.A__1.B,DOWNLOADED,72863
6u65__2__1.B__1.J,DOWNLOADED,96339
6u65__3__1.C__1.N_1.P_1.Q,DOWNLOADED,97765
6u65__4__1.D__1.S_1.U,DOWNLOADED,94238
6u6a__1__1.A__1.D,DOWNLOADED,198126
3u04__1__1.A__1.B_1.E,DOWNLOADED,107553
4u0f__1__1.A__1.B_1.C,DOWNLOADED,128102
4u0f__1__2.A__2.B_2.C,DOWNLOADED,128095
4u0f__1__3.A__3.B_3.C,DOWNLOADED,127713
4u0f__1__4.A__4.B_4.C,DOWNLOADED,127753
4u0f__1__5.A__5.B_5.C,DOWNLOADED,127405
4u0f__1__6.A__6.B_6.C,DOWNLOADED,128912
4u0v__1__1.A__1.C_1.D,DOWNLOADED,155773
4u0v__1__1.B__1.BA_1.Q,DOWNLOADED,154925
4u0w__1__1.A__1.C,DOWNLOADED,155487
4u0w__1__1.B__1.K,DOWNLOADED,155405
5u00__1__1.A__1.E,DOWNLOADED,222124
5u00__2__1.B__1.H,DOWNLOADED,224214
5u00__3__1.C__1.K,DOWNLOADED,227656
5u00__4__1.D__1.N,DOWNLOADED,222580
5u0y__1__1.A__1.C,DOWNLOADED,166266
5u0y__1__1.B__1.E,DOWNLOADED,162606
6u03__1__1.A__1.B_1.C,DOWNLOADED,145262
3uc5__1__1.A_2.A__1.B,DOWNLOADED,190800
3uc5__1__1.A_3.A__3.B,DOWNLOADED,190634
3uc5__1__4.A_5.A__4.B,DOWNLOADED,192089
3uc5__1__4.A_6.A__6.B,DOWNLOADED,191301
5uc4__1__1.A__1.E_1.G,DOWNLOADED,138173
5uc4__2__1.B__1.H_1.I,DOWNLOADED,132836
5uc4__3__1.C__1.J_1.L,DOWNLOADED,138206
5uc4__4__1.D__1.M_1.N,DOWNLOADED,132512
5ucj__1__1.A__1.E_1.G,DOWNLOADED,140347
5ucj__2__1.B__1.H_1.J,DOWNLOADED,139843
5ucj__3__1.C__1.K_1.L,DOWNLOADED,133883
5ucj__4__1.D__1.M,DOWNLOADED,132561
6uce__1__1.A_1.B__1.C,DOWNLOADED,268677
1tv8__1__1.A__1.D_1.E,DOWNLOADED,211675
1tv8__1__1.B__1.I_1.J,DOWNLOADED,211934
3tvq__1__1.A__1.B,DOWNLOADED,99883
4tv8__1__1.A_1.B__1.G_1.H,DOWNLOADED,539012
4tv8__1__1.C_1.D__1.P_1.Q,DOWNLOADED,542070
4tv8__1__1.D__1.U,DOWNLOADED,270625
4tv8__1__1.F__1.W,DOWNLOADED,222410
4tv9__1__1.A_1.B__1.G_1.H,DOWNLOADED,539305
4tv9__1__1.C_1.D__1.O_1.P,DOWNLOADED,541393
4tv9__1__1.D__1.T,DOWNLOADED,269316
5tva__2__1.B__1.E,DOWNLOADED,154106
5tvc__1__1.A_1.B__1.J,DOWNLOADED,250612
5tvc__1__1.B_1.C__1.L,DOWNLOADED,240997
5tvg__1__1.A__1.I_1.L,DOWNLOADED,292934
5tvg__3__1.A__1.I_1.L,DOWNLOADED,292934
5tvw__1__1.A__1.C,DOWNLOADED,384124
5tvw__1__1.B__1.H,DOWNLOADED,396139
5tvx__1__1.A__1.C,DOWNLOADED,391855
5tvx__1__1.B__1.D,DOWNLOADED,383846
1rbl__1__1.A_1.C__1.Q_1.R_1.S,DOWNLOADED,582929
1rbl__1__1.A_1.C__1.T_1.U_1.V,DOWNLOADED,582466
1rbl__1__1.E_1.G__1.AA_1.BA_1.Z,DOWNLOADED,583412
1rbl__1__1.E_1.G__1.W_1.X_1.Y,DOWNLOADED,583408
1rbl__1__1.I_1.K__1.CA_1.DA_1.EA,DOWNLOADED,577781
1rbl__1__1.I_1.K__1.FA_1.GA_1.HA,DOWNLOADED,577781
1rbl__1__1.M_1.O__1.IA_1.JA_1.KA,DOWNLOADED,576913
1rbl__1__1.M_1.O__1.LA_1.MA_1.NA,DOWNLOADED,576913
1rbo__1__1.A_2.E__1.I,DOWNLOADED,577713
1rbo__1__1.A_2.E__2.K,DOWNLOADED,577640
1rbo__1__1.C_2.C__1.J,DOWNLOADED,570579
1rbo__1__1.C_2.C__2.J,DOWNLOADED,570505
1rbo__1__1.E_2.A__1.K,DOWNLOADED,570485
1rbo__1__1.E_2.A__2.I,DOWNLOADED,570413
1rbo__1__1.G_2.G__1.L,DOWNLOADED,569380
1rbo__1__1.G_2.G__2.L,DOWNLOADED,569315
1rb2__1__1.B__1.E,DOWNLOADED,101847
1rb3__1__1.A_1.B__1.E,DOWNLOADED,198143
1rb3__1__1.A__1.C,DOWNLOADED,102038
3rba__1__1.A_2.A__2.B,DOWNLOADED,189916
3rba__1__1.A_3.A__1.B,DOWNLOADED,190887
3rba__1__4.A_5.A__5.B,DOWNLOADED,191815
3rba__1__4.A_6.A__4.B,DOWNLOADED,191564
6rb5__1__1.A_1.B__1.C,DOWNLOADED,590465
6rb5__1__1.A_1.B__1.N,DOWNLOADED,590454
6rb6__1__1.A__1.P,DOWNLOADED,220512
6rbi__1__1.A__1.C_1.F,DOWNLOADED,289409
6rbj__1__1.A__1.D_1.E_1.F,DOWNLOADED,408375
6rbj__2__1.B__1.K_1.L,DOWNLOADED,408386
6rby__1__1.A_4.A__1.C,DOWNLOADED,321054
6rby__1__1.A_4.A__4.C,DOWNLOADED,321133
1qk3__1__1.A_1.B__1.E,DOWNLOADED,294336
1qk4__1__1.A__1.E,DOWNLOADED,145044
1qk4__1__1.B__1.F,DOWNLOADED,144052
1qk4__1__1.C__1.G,DOWNLOADED,138882
1qk4__1__1.D__1.H,DOWNLOADED,141957
1qk5__1__1.A__1.C_1.D_1.E_1.F,DOWNLOADED,139826
1qk5__1__1.B__1.G_1.H_1.I_1.J,DOWNLOADED,141648
1qk5__1__2.A__2.C_2.D_2.E_2.F,DOWNLOADED,139984
1qk5__1__2.B__2.G_2.H_2.I_2.J,DOWNLOADED,141186
6qkg__1__1.A__1.D,DOWNLOADED,414684
6qkg__1__1.A__1.E,DOWNLOADED,412601
6qkg__2__1.B__1.G,DOWNLOADED,424283
6qkg__2__1.B__1.H,DOWNLOADED,422267
6qkk__1__1.A_1.B__1.K_1.L,DOWNLOADED,258021
6qkk__1__1.A_1.E__1.MA_1.NA,DOWNLOADED,257993
6qkk__1__1.B_1.C__1.R_1.W,DOWNLOADED,260154
6qkk__1__1.C_1.D__1.Y_1.Z,DOWNLOADED,261319
6qkk__1__1.D_1.E__1.EA_1.FA,DOWNLOADED,259377
6qkk__2__1.F_1.G__1.RA_1.SA,DOWNLOADED,260033
6qkk__2__1.F_1.J__1.RB_1.SB,DOWNLOADED,259905
6qkk__2__1.G_1.H__1.XA_1.YA,DOWNLOADED,260051
6qkk__2__1.H_1.I__1.DB_1.EB,DOWNLOADED,259298
6qkk__2__1.I_1.J__1.IB_1.JB,DOWNLOADED,259899
6qkr__1__1.A__1.D,DOWNLOADED,413846
6qkr__2__1.B__1.H,DOWNLOADED,424460
6qkx__1__1.A__1.C,DOWNLOADED,417862
1nvk__1__1.A__1.B_1.C,DOWNLOADED,227898
1nvt__1__1.B__1.F,DOWNLOADED,180583
1nvu__1__1.A_1.C__1.D_1.F,DOWNLOADED,414551
1nvu__2__1.A_1.C__1.D_1.F,DOWNLOADED,414551
1nvu__2__2.A_2.C__2.D_2.F,DOWNLOADED,424677
1nvu__2__3.A_3.C__3.D_3.F,DOWNLOADED,419771
1nvu__2__4.A_4.C__4.D_4.F,DOWNLOADED,419457
1nvv__1__1.A__1.D_1.F,DOWNLOADED,106663
1nvv__2__1.A__1.D_1.F,DOWNLOADED,106663
1nvv__2__2.A__2.D_2.F,DOWNLOADED,109299
1nvv__2__3.A__3.D_3.F,DOWNLOADED,107981
1nvv__2__4.A__4.D_4.F,DOWNLOADED,107981
1nvv__2__5.A__5.D_5.F,DOWNLOADED,109105
1nvv__2__6.A__6.D_6.F,DOWNLOADED,109105
1nvv__2__7.A__7.D_7.F,DOWNLOADED,107788
1nvv__2__8.A__8.D_8.F,DOWNLOADED,110422
1nvv__3__1.A__1.D_1.F,DOWNLOADED,106663
1nvv__3__2.A__2.D_2.F,DOWNLOADED,109299
1nvv__3__3.A__3.D_3.F,DOWNLOADED,107981
1nvv__3__4.A__4.D_4.F,DOWNLOADED,107981
1nvv__4__1.A__1.D_1.F,DOWNLOADED,106663
1nvv__4__2.A__2.D_2.F,DOWNLOADED,109105
2nv6__1__1.A_2.A__1.B,DOWNLOADED,318232
2nv6__1__1.A_2.A__2.B,DOWNLOADED,318239
2nv6__1__3.A_4.A__3.B,DOWNLOADED,319929
2nv6__1__3.A_4.A__4.B,DOWNLOADED,319929
2nvk__1__1.A_2.A__1.B,DOWNLOADED,587606
2nvk__1__1.A_2.A__2.B,DOWNLOADED,587606
3nvv__1__1.A_1.B_1.C__1.I,DOWNLOADED,773634
3nvv__1__1.D_1.E_1.F__1.O,DOWNLOADED,755247
3nvw__1__1.A_1.B_1.C__1.I,DOWNLOADED,772535
3nvw__1__1.D_1.E_1.F__1.O,DOWNLOADED,754531
3nvy__1__1.A_1.B_1.C__1.I,DOWNLOADED,774181
3nvy__1__1.D_1.E_1.F__1.O,DOWNLOADED,755273
3nvz__1__1.A_1.B_1.C__1.I,DOWNLOADED,754455
3nvz__1__1.A_1.C__1.J_1.K,DOWNLOADED,562063
3nvz__1__1.D_1.E_1.F__1.O,DOWNLOADED,754417
4nv7__1__1.A__1.C,DOWNLOADED,172813
4nv7__2__1.B__1.D,DOWNLOADED,175225
5nv9__1__1.A__1.D,DOWNLOADED,300223
5nva__1__1.A__1.D,DOWNLOADED,292714
1ve3__1__1.A_2.A__2.C,DOWNLOADED,277444
2ves__1__1.A__1.D_1.E,DOWNLOADED,184306
2ves__1__1.B__1.G_1.H,DOWNLOADED,180369
2ves__1__1.C__1.K_1.L,DOWNLOADED,188601
5veg__1__1.A__1.D,DOWNLOADED,94401
5veg__2__1.B__1.G,DOWNLOADED,94787
5veg__3__1.C__1.K,DOWNLOADED,93049
5vez__1__1.D__1.F_1.I,DOWNLOADED,208176
1ukv__1__1.B__1.C_1.E,DOWNLOADED,127722
3uk2__1__1.A__1.C_1.G_1.H,DOWNLOADED,180543
3uk2__1__1.B__1.J_1.L,DOWNLOADED,176863
3ukr__1__1.A_1.B__1.H,DOWNLOADED,379984
5ukl__1__1.A__1.E,DOWNLOADED,411495
3u57__1__1.A__1.C,DOWNLOADED,304138
3u57__1__1.B__1.E,DOWNLOADED,303147
3u57__1__3.A__3.C,DOWNLOADED,307968
3u57__1__3.B__3.E,DOWNLOADED,305778
3u5y__1__1.A__1.C,DOWNLOADED,302646
3u5y__1__1.B__1.D,DOWNLOADED,301635
3u5y__1__3.A__3.C,DOWNLOADED,306461
3u5y__1__3.B__3.D,DOWNLOADED,304264
4u5o__1__1.A__1.B,DOWNLOADED,260747
4u5s__1__1.A__1.C,DOWNLOADED,262555
3una__1__1.A__1.G,DOWNLOADED,805754
3una__1__1.B__1.X,DOWNLOADED,812107
3unc__1__1.B__1.GA_1.Z,DOWNLOADED,810145
2tsy__1__1.B__1.E,DOWNLOADED,235089
2tsy__1__2.B__2.E,DOWNLOADED,238893
3tso__1__1.A__1.E_1.F,DOWNLOADED,107219
3tso__1__1.B__1.L_1.M,DOWNLOADED,108197
3tsu__1__1.A__1.G,DOWNLOADED,392815
4ts5__1__1.A__1.C,DOWNLOADED,137405
4ts5__1__1.B__1.E,DOWNLOADED,136229
4ts8__1__1.A__1.D,DOWNLOADED,70835
5tsu__2__1.E_1.F__1.N,DOWNLOADED,488023
5tsx__1__1.A__1.S,DOWNLOADED,261475
5tsx__1__1.H__1.V,DOWNLOADED,259449
5tsx__2__1.B__1.T,DOWNLOADED,268739
5tsx__2__1.G__1.U,DOWNLOADED,271516
2vap__1__1.A__1.B,DOWNLOADED,202770
2vas__1__1.A__1.C_1.D_1.E,DOWNLOADED,481294
2vau__1__1.A__1.B_1.C,DOWNLOADED,209870
5var__1__1.A__1.B,DOWNLOADED,69544
4uuw__1__1.A__1.C_1.D,DOWNLOADED,246810
4uux__1__1.A_1.B__1.F_1.G,DOWNLOADED,484403
4uux__1__1.A__1.C_1.D,DOWNLOADED,247598
5uu1__1__1.A__1.B,DOWNLOADED,195016
5uu6__1__1.A_1.B__1.G,DOWNLOADED,277505
5uu6__2__1.C_1.D__1.K,DOWNLOADED,282013
1tgv__1__1.A_1.B__1.C_1.E,DOWNLOADED,289610
1tgv__1__1.A_1.B__1.F_1.G,DOWNLOADED,289610
1tgv__1__2.A_2.B__2.C_2.E,DOWNLOADED,290720
1tgv__1__2.A_2.B__2.F_2.G,DOWNLOADED,290719
1tgv__1__3.A_3.B__3.C_3.E,DOWNLOADED,290163
1tgv__1__3.A_3.B__3.F_3.G,DOWNLOADED,290163
5tg3__1__1.B__1.J,DOWNLOADED,142670
5tgd__1__1.B__1.H,DOWNLOADED,154509
6tg2__1__1.A__1.E_1.K,DOWNLOADED,204420
6tg2__2__1.B__1.L,DOWNLOADED,205391
6tg2__3__1.C__1.O,DOWNLOADED,205371
6tg2__4__1.D__1.S,DOWNLOADED,203005
6tg3__1__1.A__1.E,DOWNLOADED,204537
6tg3__2__1.B__1.G,DOWNLOADED,209393
6tg3__3__1.C__1.H,DOWNLOADED,204673
6tg3__4__1.D__1.I,DOWNLOADED,207087
1umg__1__1.A_3.A__3.B_3.C_3.D_3.E_3.F,DOWNLOADED,440344
1umg__1__1.A_4.A__1.B_1.C_1.D_1.E_1.F,DOWNLOADED,440503
1umg__1__2.A_3.A__2.B_2.C_2.D_2.E_2.F,DOWNLOADED,440503
1umg__1__2.A_4.A__4.B_4.C_4.D_4.E_4.F,DOWNLOADED,440662
1umg__1__5.A_7.A__7.B_7.C_7.D_7.E_7.F,DOWNLOADED,445604
1umg__1__5.A_8.A__5.B_5.C_5.D_5.E_5.F,DOWNLOADED,445763
1umg__1__6.A_7.A__6.B_6.C_6.D_6.E_6.F,DOWNLOADED,445445
1umg__1__6.A_8.A__8.B_8.C_8.D_8.E_8.F,DOWNLOADED,445604
4umt__1__1.A__1.C,DOWNLOADED,205631
4umu__1__1.A__1.B,DOWNLOADED,205318
5umb__1__1.A__1.E_1.F_1.G,DOWNLOADED,238110
5umb__2__1.B__1.H_1.I_1.J,DOWNLOADED,240358
5umb__3__1.C__1.K_1.L_1.M,DOWNLOADED,239416
5umb__4__1.D__1.N_1.O_1.P,DOWNLOADED,240586
5umx__1__1.A_1.B__1.D,DOWNLOADED,146495
1uqu__1__1.A__1.C,DOWNLOADED,290879
3uqf__2__1.B__1.D,DOWNLOADED,165096
3uqg__1__1.A__1.C,DOWNLOADED,170572
3uqg__2__1.B__1.D,DOWNLOADED,167307
5uqi__2__1.A_2.A_3.A__2.B,DOWNLOADED,329934
5uqi__2__1.A_2.A_4.A__1.B,DOWNLOADED,327900
5uqi__2__1.A_3.A_4.A__4.B,DOWNLOADED,329472
5uqi__2__2.A_3.A_4.A__3.B,DOWNLOADED,329844
1u2o__1__1.A__1.C,DOWNLOADED,145507
3u2d__1__1.A__1.C,DOWNLOADED,123859
3u2d__2__1.B__1.F,DOWNLOADED,121668
3u2k__1__1.A__1.C,DOWNLOADED,124234
3u2k__2__1.B__1.G,DOWNLOADED,121035
3u2z__1__1.B__1.M,DOWNLOADED,302960
4u21__1__1.A_1.B__1.E,DOWNLOADED,317970
4u21__1__1.A__1.C,DOWNLOADED,160896
4u21__1__1.B__1.D,DOWNLOADED,161503
4u22__1__1.A__1.B,DOWNLOADED,162445
4u23__1__1.A__1.B,DOWNLOADED,160746
4u2a__1__1.A__1.D,DOWNLOADED,145750
4u2a__1__3.A__3.D,DOWNLOADED,144094
5u25__1__1.A_2.A__1.B,DOWNLOADED,554637
5u25__1__1.A_2.A__2.B,DOWNLOADED,554723
5u2r__1__1.A__1.E_1.F_1.G,DOWNLOADED,211006
5u2t__1__1.A__1.E_1.F_1.M,DOWNLOADED,208027
5u2w__1__1.B__1.I_1.K_1.L,DOWNLOADED,142213
6u2m__1__1.A__1.C,DOWNLOADED,297749
6u2m__2__1.B__1.I,DOWNLOADED,302324
6u2n__1__1.B__1.C,DOWNLOADED,288845
6u2p__1__1.B__1.H,DOWNLOADED,294535
1t2a__1__1.A_1.D__1.E,DOWNLOADED,437153
1t2a__1__1.A_1.D__1.K,DOWNLOADED,437378
1t2a__1__1.A__1.F,DOWNLOADED,224116
1t2a__1__1.B_1.C__1.G,DOWNLOADED,441331
1t2a__1__1.B_1.C__1.I,DOWNLOADED,441249
1t2a__1__1.B__1.H,DOWNLOADED,225299
1t2a__1__1.C__1.J,DOWNLOADED,222923
1t2a__1__1.D__1.L,DOWNLOADED,220232
3t2e__1__1.A_3.A__3.D,DOWNLOADED,478492
3t2e__1__1.A_4.A__1.D,DOWNLOADED,478675
3t2e__1__5.A_7.A__7.D,DOWNLOADED,483744
3t2e__1__5.A_8.A__5.D,DOWNLOADED,483561
3t2s__1__1.A__1.C_1.D,DOWNLOADED,134161
3t2s__2__1.B__1.E_1.F,DOWNLOADED,135991
6t28__1__1.A__1.H,DOWNLOADED,178681
6t29__1__1.A__1.E_1.K,DOWNLOADED,181291
6t2y__1__1.A_2.A__1.D,DOWNLOADED,144481
6t2y__1__1.A_2.A__2.D,DOWNLOADED,144481
6t2y__1__1.B_2.B__1.F,DOWNLOADED,142530
6t2y__1__1.B_2.B__2.F,DOWNLOADED,142530
1vkj__1__1.A__1.E,DOWNLOADED,170535
1vkj__1__1.B__1.F,DOWNLOADED,172330
2vk8__1__1.A_1.B__1.E_1.F,DOWNLOADED,682073
2vk8__1__1.A_1.B__1.H_1.I,DOWNLOADED,682006
2vk8__2__1.C_1.D__1.K_1.L,DOWNLOADED,683677
2vk8__2__1.C_1.D__1.N_1.O,DOWNLOADED,683751
2v3a__1__1.A__1.F_1.J,DOWNLOADED,231118
2v3w__1__1.A_1.C__1.G_1.M_1.O,DOWNLOADED,634552
2v3w__1__1.B_1.D__1.I_1.L_1.Q,DOWNLOADED,638656
2v3w__1__1.B_1.D__1.K_1.P_1.R,DOWNLOADED,638575
4v3c__1__1.A__1.B,DOWNLOADED,260275
6vii__1__1.B__1.E_1.F,DOWNLOADED,118765
6vii__3__1.B__1.E_1.F,DOWNLOADED,118765
6vij__1__1.A__1.C_1.D,DOWNLOADED,124445
6vij__1__1.B__1.E_1.F,DOWNLOADED,123018
6vik__1__1.A__1.B_1.C,DOWNLOADED,112454
1ryd__1__1.B_2.B__1.H,DOWNLOADED,474371
1ryd__1__1.B_2.B__2.H,DOWNLOADED,474371
1ryw__1__1.A__1.I_1.J_1.K,DOWNLOADED,254892
1ryw__1__1.B__1.M_1.N_1.O,DOWNLOADED,255978
1ryw__1__1.C__1.Q_1.R_1.U,DOWNLOADED,255411
1ryw__1__1.D__1.X_1.Y_1.Z,DOWNLOADED,255954
1ryw__2__1.E__1.BA_1.CA_1.DA,DOWNLOADED,255771
1ryw__2__1.F__1.FA_1.GA_1.HA,DOWNLOADED,255728
1ryw__2__1.G__1.IA_1.KA_1.LA,DOWNLOADED,255383
1ryw__2__1.H__1.MA_1.NA_1.OA,DOWNLOADED,254903
3ry9__1__1.A__1.D,DOWNLOADED,158192
3ry9__2__1.B__1.G,DOWNLOADED,159181
3ryc__1__1.A_1.B__1.F_1.G,DOWNLOADED,540964
3ryc__1__1.B__1.L,DOWNLOADED,272844
3ryc__1__1.C_1.D__1.O_1.P,DOWNLOADED,554001
3ryi__1__1.A_1.B__1.F_1.G,DOWNLOADED,540253
3ryi__1__1.B__1.M,DOWNLOADED,271990
3ryi__1__1.C_1.D__1.O_1.P,DOWNLOADED,551797
4ryd__1__1.A__1.G,DOWNLOADED,286637
4ryd__2__1.B__1.H,DOWNLOADED,287634
4ryd__3__1.C__1.I,DOWNLOADED,287450
4ryd__4__1.D__1.J,DOWNLOADED,287218
4ryd__5__1.E__1.K,DOWNLOADED,290181
4ryd__6__1.F__1.L,DOWNLOADED,288257
6ryz__1__1.A_1.B__1.G,DOWNLOADED,318090
6ryz__1__1.A_1.C__1.D,DOWNLOADED,319244
6ryz__1__1.B_1.C__1.J,DOWNLOADED,313608
1tmn__1__1.A__1.B_1.G,DOWNLOADED,195539
2tmn__1__1.A__1.F_1.G,DOWNLOADED,193960
3tm4__1__1.A__1.C,DOWNLOADED,230873
3tm4__2__1.B__1.D,DOWNLOADED,234212
3tm5__1__1.A__1.C,DOWNLOADED,233767
3tm5__2__1.B__1.D,DOWNLOADED,235424
4tm3__1__1.A__1.E,DOWNLOADED,264320
4tm3__1__1.B__1.T,DOWNLOADED,263037
4tm3__1__1.C__1.FA,DOWNLOADED,259273
4tm3__1__1.D__1.PA,DOWNLOADED,262677
4tmv__1__1.A__1.C_1.D_1.E,DOWNLOADED,221611
4tmz__1__1.A__1.C_1.D_1.E,DOWNLOADED,213319
4tmz__2__1.B__1.I_1.J_1.K,DOWNLOADED,214741
5tma__1__1.B_2.B__1.T_1.U,DOWNLOADED,674132
5tma__1__1.B_2.B__2.T_2.U,DOWNLOADED,674211
5tmb__1__1.A__1.B,DOWNLOADED,282836
3vje__1__1.A__1.C,DOWNLOADED,193032
3vje__2__1.B__1.D,DOWNLOADED,191609
5vja__1__1.A__1.F,DOWNLOADED,174757
5vja__1__1.B__1.H,DOWNLOADED,173684
5vja__1__1.C__1.J,DOWNLOADED,173166
5vja__1__1.D__1.M,DOWNLOADED,169620
5vje__1__1.A_1.B__1.G_1.H,DOWNLOADED,811575
4udq__1__1.A__1.C,DOWNLOADED,321422
4udq__2__1.B__1.E,DOWNLOADED,321933
4udr__1__1.A__1.C,DOWNLOADED,319432
4udr__2__1.B__1.E,DOWNLOADED,320431
6udi__1__1.A__1.B,DOWNLOADED,101708
6udt__1__1.A__1.B,DOWNLOADED,100987
6udu__1__1.A__1.B,DOWNLOADED,101535
6udu__2__1.A_2.A__1.B,DOWNLOADED,198493
6udu__2__1.A_2.A__2.B,DOWNLOADED,198492
6udv__1__1.A__1.B,DOWNLOADED,100762
6udx__1__1.A__1.C,DOWNLOADED,99031
6udx__2__1.B__1.D,DOWNLOADED,99428
6udy__1__1.A__1.C,DOWNLOADED,98855
6udy__2__1.B__1.D,DOWNLOADED,99640
1uxn__1__1.A__1.C,DOWNLOADED,308136
1uxn__1__2.A__2.C,DOWNLOADED,308616
1uxq__1__1.A__1.B,DOWNLOADED,308122
1uxq__1__2.A__2.B,DOWNLOADED,308606
1uxr__1__1.A__1.B,DOWNLOADED,308372
1uxr__1__2.A__2.B,DOWNLOADED,308766
1uxt__1__1.A__1.C,DOWNLOADED,307673
1uxt__1__2.A__2.C,DOWNLOADED,308154
1uxv__1__1.A__1.B,DOWNLOADED,307931
1uxv__1__2.A__2.B,DOWNLOADED,308390
3ux8__1__1.A__1.C,DOWNLOADED,349862
3ux8__1__2.A__2.C,DOWNLOADED,354208
3uxy__1__1.C__1.E,DOWNLOADED,140320
3uxy__2__1.C__1.E,DOWNLOADED,140320
5uxd__1__1.A__1.C,DOWNLOADED,185239
1vf1__1__1.A_2.A__1.B,DOWNLOADED,286288
1vf1__1__1.A_2.A__2.B,DOWNLOADED,286214
1vf2__1__1.A_1.B__1.C,DOWNLOADED,285089
1vf2__1__1.A_1.B__1.E,DOWNLOADED,285198
1vf3__1__1.A_1.B__1.C,DOWNLOADED,285730
1vf3__1__1.A_1.B__1.E,DOWNLOADED,285882
3vfe__1__1.A__1.B,DOWNLOADED,138224
1v2a__1__1.A_1.B__1.E,DOWNLOADED,270214
1v2a__1__1.A_1.B__1.F,DOWNLOADED,270214
1v2a__2__1.C_1.D__1.H,DOWNLOADED,264320
1v2a__2__1.C__1.G,DOWNLOADED,135505
2v26__1__1.A__1.B_1.C_1.M,DOWNLOADED,483921
2v2z__2__1.B__1.H,DOWNLOADED,172877
4v24__1__1.A__1.C,DOWNLOADED,220264
4v24__2__1.B__1.E,DOWNLOADED,218811
5v2j__1__1.A__1.F,DOWNLOADED,284743
5v2j__2__1.B__1.I,DOWNLOADED,287016
3uj6__1__1.A__1.B,DOWNLOADED,169348
3uj7__1__1.A__1.C,DOWNLOADED,171665
3uj8__1__1.A__1.B,DOWNLOADED,169314
4uj1__1__1.A__1.C,DOWNLOADED,225554
4uj2__1__1.A__1.C,DOWNLOADED,220027
4ujb__1__1.A_1.B__1.C,DOWNLOADED,242450
5ujf__2__1.A_2.A__1.B_2.F,DOWNLOADED,193712
5ujf__2__1.A_2.A__1.F_2.B,DOWNLOADED,193711
5ujj__1__1.A__1.C_1.D_1.E,DOWNLOADED,287609
5ujj__1__1.B__1.F_1.G,DOWNLOADED,260559
5ujx__2__1.B__1.I,DOWNLOADED,105704
1uy6__1__1.A__1.B,DOWNLOADED,131017
1uy7__1__1.A__1.B,DOWNLOADED,131428
1uy8__1__1.A__1.B,DOWNLOADED,130682
1uy9__1__1.A__1.B,DOWNLOADED,131379
1uyd__1__1.A__1.B,DOWNLOADED,132226
1uye__1__1.A__1.B,DOWNLOADED,132379
1uyk__1__1.A__1.B,DOWNLOADED,131277
2uyc__1__1.A__1.D,DOWNLOADED,210627
3uyt__1__1.A__1.E,DOWNLOADED,185562
3uyt__2__1.B__1.H,DOWNLOADED,188532
3uyt__3__1.C__1.J,DOWNLOADED,182921
3uyt__4__1.D__1.M,DOWNLOADED,172784
3uyt__5__1.A_2.D__2.M,DOWNLOADED,355743
3uyt__6__1.C_2.B__1.J,DOWNLOADED,364473
3uyt__6__1.C_2.B__2.H,DOWNLOADED,364363
4uyf__3__1.C__1.K,DOWNLOADED,73377
4uyg__1__1.A__1.G,DOWNLOADED,74737
4uyg__2__1.C__1.K,DOWNLOADED,77692
4uyg__5__1.F__1.O,DOWNLOADED,76702
1u90__2__1.B__1.E_1.F,DOWNLOADED,108575
3u92__1__1.A__1.C,DOWNLOADED,312806
3u92__1__1.B__1.H,DOWNLOADED,311185
3u96__1__1.A__1.C,DOWNLOADED,173482
3u9d__1__1.A__1.E_1.F,DOWNLOADED,227205
3u9d__2__1.C__1.G_1.H,DOWNLOADED,231915
5u94__1__1.A__1.B_1.K,DOWNLOADED,304737
5u9n__1__1.A__1.C,DOWNLOADED,85449
5u9p__1__1.A__1.E_1.F,DOWNLOADED,160205
5u9p__1__1.B__1.K_1.L,DOWNLOADED,165180
5u9p__1__1.D__1.W_1.X,DOWNLOADED,158924
1pr0__1__1.A_2.A__1.D_1.E,DOWNLOADED,283417
1pr0__1__1.A_2.A__2.D_2.E,DOWNLOADED,283417
1pr0__1__1.B_2.C__1.F_1.G,DOWNLOADED,281997
1pr0__1__1.B_2.C__2.H_2.I,DOWNLOADED,281888
1pr0__1__1.C_2.B__1.H_1.I,DOWNLOADED,282443
1pr0__1__1.C_2.B__2.F_2.G,DOWNLOADED,282552
1pr2__1__1.A_2.A__1.D_1.E,DOWNLOADED,283486
1pr2__1__1.A_2.A__2.D_2.E,DOWNLOADED,283486
1pr2__1__1.B_2.C__1.F_1.G,DOWNLOADED,282030
1pr2__1__1.B_2.C__2.H_2.I,DOWNLOADED,281921
1pr2__1__1.C_2.B__1.H_1.I,DOWNLOADED,282505
1pr2__1__1.C_2.B__2.F_2.G,DOWNLOADED,282614
1pr4__1__1.A_2.A__1.D_1.E,DOWNLOADED,276046
1pr4__1__1.A_2.A__2.D_2.E,DOWNLOADED,276047
1pr4__1__1.B_2.C__1.F_1.G,DOWNLOADED,280293
1pr4__1__1.B_2.C__2.H_2.I,DOWNLOADED,280292
1pr4__1__1.C_2.B__1.H_1.I,DOWNLOADED,280836
1pr4__1__1.C_2.B__2.F_2.G,DOWNLOADED,280836
1pr6__1__1.A_2.A__1.D_1.E,DOWNLOADED,279430
1pr6__1__1.A_2.A__2.D_2.E,DOWNLOADED,279430
1pr6__1__1.B_2.C__2.H_2.I,DOWNLOADED,276245
1pr6__1__1.C_2.B__1.H_1.I,DOWNLOADED,276801
1pr9__1__1.A__1.C_1.D_1.E,DOWNLOADED,148439
1pr9__1__1.B__1.F_1.G_1.H,DOWNLOADED,149884
1pr9__2__1.A__1.C_1.D_1.E,DOWNLOADED,148439
1pr9__2__1.B__1.F_1.G_1.H,DOWNLOADED,149884
1pr9__2__2.A__2.C_2.D_2.E,DOWNLOADED,150224
1pr9__2__2.B__2.F_2.G_2.H,DOWNLOADED,148634
2prz__1__1.A__1.F,DOWNLOADED,133660
2prz__1__1.B__1.H,DOWNLOADED,134550
2prz__2__1.C__1.J,DOWNLOADED,133702
2prz__2__1.D__1.L,DOWNLOADED,134898
3pr2__1__1.A_1.B__1.C,DOWNLOADED,393837
3pr2__1__1.B__1.D,DOWNLOADED,236518
3pr2__1__2.A_2.B__2.C,DOWNLOADED,401592
3pr2__1__2.B__2.D,DOWNLOADED,240291
3pr8__1__1.B_2.A__1.F,DOWNLOADED,267202
3pr8__1__1.B_2.A__2.E,DOWNLOADED,267351
3pr8__2__1.C_1.D__1.H,DOWNLOADED,266701
3pr8__2__1.C_1.D__1.I,DOWNLOADED,266552
4prq__1__1.A__1.E,DOWNLOADED,82331
4prq__2__1.B__1.I,DOWNLOADED,83686
4prq__2__1.B__1.J_1.N,DOWNLOADED,85506
6pr3__1__1.A__1.D,DOWNLOADED,279542
6pr3__1__1.B__1.F,DOWNLOADED,278558
1v0j__1__1.A__1.E,DOWNLOADED,254552
1v0j__1__1.C__1.H,DOWNLOADED,255426
1v0j__2__1.B__1.G,DOWNLOADED,255662
1v0j__2__1.D__1.I,DOWNLOADED,255067
1v0o__1__1.A__1.C,DOWNLOADED,177956
1v0o__2__1.B__1.D,DOWNLOADED,176843
3v0h__1__1.A__1.C,DOWNLOADED,211280
3v0h__2__1.B__1.E,DOWNLOADED,211484
3v0s__1__1.A__1.B,DOWNLOADED,346690
3v0t__1__1.A__1.B,DOWNLOADED,179300
5v0i__1__1.A__1.C,DOWNLOADED,200898
3ti3__1__1.A__1.H,DOWNLOADED,240618
3ti3__1__1.B__1.O,DOWNLOADED,237742
3ti3__1__2.A__2.H,DOWNLOADED,241216
3ti3__1__2.B__2.O,DOWNLOADED,240709
3ti5__1__1.A__1.H,DOWNLOADED,241004
3ti5__1__1.B__1.P,DOWNLOADED,238169
3ti5__1__2.A__2.H,DOWNLOADED,241543
3ti5__1__2.B__2.P,DOWNLOADED,241067
3ti6__1__1.A__1.H,DOWNLOADED,240154
3ti6__1__1.B__1.S,DOWNLOADED,239887
3ti6__1__2.A__2.H,DOWNLOADED,240830
3ti6__1__2.B__2.S,DOWNLOADED,240274
3ti8__1__1.A__1.H,DOWNLOADED,248052
3ti8__2__1.B__1.J,DOWNLOADED,247212
3tia__1__1.A__1.M,DOWNLOADED,242579
3tia__1__1.B__1.P,DOWNLOADED,242544
3tia__1__1.C__1.R,DOWNLOADED,244301
3tia__1__1.D__1.T,DOWNLOADED,243451
3tic__1__1.A__1.M,DOWNLOADED,246170
3tic__1__1.B__1.P,DOWNLOADED,246067
3tic__1__1.C__1.R,DOWNLOADED,242595
3tic__1__1.D__1.T,DOWNLOADED,242691
6tis__1__1.A_1.B__1.F_1.G,DOWNLOADED,539530
6tis__1__1.B__1.M,DOWNLOADED,270751
6tis__1__1.C_1.D__1.R_1.S,DOWNLOADED,551112
6tis__1__1.D__1.U,DOWNLOADED,279018
6tiy__1__1.A_1.B__1.F_1.G,DOWNLOADED,540051
6tiy__1__1.B_1.C__1.L_1.M,DOWNLOADED,545669
6tiy__1__1.C_1.D__1.P_1.Q,DOWNLOADED,553067
6tiy__1__1.D__1.T_1.U,DOWNLOADED,278889
6tiz__1__1.A_1.B__1.F_1.G,DOWNLOADED,536096
6tiz__1__1.B__1.M,DOWNLOADED,270123
6tiz__1__1.C_1.D__1.P_1.Q,DOWNLOADED,551226
2vna__1__1.A__1.B,DOWNLOADED,215754
2vnh__1__1.A__1.B,DOWNLOADED,168209
2vni__1__1.A__1.C,DOWNLOADED,163789
5vn2__1__1.A__1.E_1.F,DOWNLOADED,151470
2rte__1__1.A_2.B__2.E,DOWNLOADED,270099
2rte__1__1.B_2.A__1.E,DOWNLOADED,269701
2rtf__1__1.A_2.B__2.E,DOWNLOADED,270074
2rtf__1__1.B_2.A__1.E,DOWNLOADED,269668
3rt7__1__1.A_6.A__1.B,DOWNLOADED,607266
3rt7__1__1.A_6.A__6.B,DOWNLOADED,607193
3rt9__1__1.A_5.A__1.B,DOWNLOADED,591882
3rt9__1__1.A_5.A__5.B,DOWNLOADED,591959
3rta__1__1.A_5.A__1.B,DOWNLOADED,599766
3rta__1__1.A_5.A__5.B,DOWNLOADED,599766
3rtb__1__1.A_6.A__1.B,DOWNLOADED,599895
3rtb__1__1.A_6.A__6.B,DOWNLOADED,599970
3rtf__1__1.B__1.G,DOWNLOADED,160865
3rtg__1__1.A_6.A__1.B,DOWNLOADED,592366
3rtg__1__1.A_6.A__6.B,DOWNLOADED,592366
3rtv__1__1.A__1.D_1.E_1.F,DOWNLOADED,348541
4rt2__1__1.A__1.E_1.F_1.J,DOWNLOADED,208821
4rt3__1__1.A__1.E_1.F_1.L,DOWNLOADED,208677
6rt8__1__1.A__1.I,DOWNLOADED,198132
6rt8__1__1.B__1.K,DOWNLOADED,200564
6rt8__2__1.C__1.L,DOWNLOADED,199903
6rt8__2__1.D__1.N,DOWNLOADED,198314
6rt8__3__1.E__1.O,DOWNLOADED,185917
6rt8__3__1.F__1.Q,DOWNLOADED,198210
6rt8__4__1.G__1.R,DOWNLOADED,197105
1vot__1__1.A__1.B,DOWNLOADED,330788
1vot__1__2.A__2.B,DOWNLOADED,331044
3vo1__1__1.A__1.C,DOWNLOADED,190941
3vo1__2__1.B__1.D,DOWNLOADED,190971
3vo8__1__1.A__1.D,DOWNLOADED,178919
3vo8__2__1.B__1.F,DOWNLOADED,181973
5vom__1__1.A__1.C,DOWNLOADED,85369
5vom__2__1.B__1.D,DOWNLOADED,85963
5voo__4__1.D__1.R_1.T,DOWNLOADED,356717
5voo__5__1.E__1.U_1.V,DOWNLOADED,356088
6vo6__1__1.A_1.B_1.C__1.T_1.V,DOWNLOADED,573152
6vo6__1__1.A_1.C__1.F,DOWNLOADED,380121
1vl0__1__1.B__1.F,DOWNLOADED,178842
1vl0__1__1.C__1.G,DOWNLOADED,179134
1vl8__1__1.A__1.D,DOWNLOADED,155814
1vl8__2__2.A__2.D,DOWNLOADED,156933
5vl2__1__1.F__1.N,DOWNLOADED,76342
5vl2__1__1.H__1.P,DOWNLOADED,76305
5vl2__2__1.E__1.M,DOWNLOADED,77614
5vl2__2__1.G__1.O,DOWNLOADED,76431
6vl4__1__1.A_2.A__1.B,DOWNLOADED,178537
6vl4__1__1.A_3.A__3.B,DOWNLOADED,179118
6vlm__1__1.A_1.B__1.D,DOWNLOADED,186603
1w03__1__1.A__1.B_1.C,DOWNLOADED,210719
1w04__1__1.A__1.B_1.C_1.D,DOWNLOADED,208434
1w06__1__1.A__1.B_1.C_1.D,DOWNLOADED,209783
1w0h__1__1.A__1.B_1.C_1.D,DOWNLOADED,131794
3w0g__1__1.A__1.C,DOWNLOADED,155340
3w0j__1__1.A__1.C,DOWNLOADED,154176
5w0c__1__1.A__1.C,DOWNLOADED,300581
3v1y__1__1.A_1.C__1.E,DOWNLOADED,404089
3v1y__1__1.A_1.C__1.G,DOWNLOADED,404312
3v1y__1__1.B_1.D__1.F,DOWNLOADED,405249
3v1y__1__1.B_1.D__1.H,DOWNLOADED,405179
5v12__1__1.A_1.C__1.I_1.K,DOWNLOADED,552873
5v12__4__1.G_1.H__1.P,DOWNLOADED,567060
5v13__1__1.A__1.D,DOWNLOADED,180445
5v13__1__1.B__1.E,DOWNLOADED,177952
5v13__1__1.C__1.F,DOWNLOADED,177983
3vy2__1__1.A_1.B__1.C,DOWNLOADED,145526
3vy2__1__1.A_1.B__1.D,DOWNLOADED,145530
3vy5__1__1.A_1.B__1.C,DOWNLOADED,145462
3vy5__1__1.A_1.B__1.D,DOWNLOADED,145467
5vyq__1__1.A__1.J,DOWNLOADED,152034
5vyq__1__1.B__1.N,DOWNLOADED,153377
5vyq__1__1.B__1.R,DOWNLOADED,152134
5vyz__1__1.A_1.B__1.H,DOWNLOADED,1479845
5vyz__1__1.C_1.D__1.O,DOWNLOADED,1444803
1oyj__1__1.A_1.B__1.U,DOWNLOADED,279230
1oyj__2__1.C_1.D__1.DA,DOWNLOADED,278394
1oyj__2__1.C_1.D__1.OA,DOWNLOADED,278242
1oyq__1__1.A__1.C_1.D,DOWNLOADED,131812
2oys__1__1.A_1.B__1.C,DOWNLOADED,294125
2oys__1__1.A_1.B__1.E,DOWNLOADED,294046
3oy3__1__1.A__1.C,DOWNLOADED,184253
3oy3__2__1.B__1.D,DOWNLOADED,185149
4oym__1__1.A__1.B,DOWNLOADED,297988
5oya__1__1.A_2.A__1.Q_1.R,DOWNLOADED,592355
5oya__1__1.A_2.A__2.Q_2.R,DOWNLOADED,592363
5oya__1__1.C_2.G__1.U_1.V,DOWNLOADED,587191
5oya__1__1.C_2.G__2.CA_2.DA,DOWNLOADED,587276
5oya__1__1.E_2.E__1.Y_1.Z,DOWNLOADED,586698
5oya__1__1.E_2.E__2.Y_2.Z,DOWNLOADED,586706
5oya__1__1.G_2.C__1.CA_1.DA,DOWNLOADED,594373
5oya__1__1.G_2.C__2.U_2.V,DOWNLOADED,594379
5oya__2__1.B_2.F__1.S_1.T,DOWNLOADED,586814
5oya__2__1.B_2.F__2.AA_2.BA,DOWNLOADED,586819
5oya__2__1.D_2.D__1.W_1.X,DOWNLOADED,585533
5oya__2__1.D_2.D__2.W_2.X,DOWNLOADED,585529
5oya__2__1.F_2.B__1.AA_1.BA,DOWNLOADED,579403
5oya__2__1.F_2.B__2.S_2.T,DOWNLOADED,579398
5oya__2__1.H_2.H__1.EA_1.FA,DOWNLOADED,578422
5oya__2__1.H_2.H__2.EA_2.FA,DOWNLOADED,578349
5oyh__1__1.A_1.B__1.Q_1.R,DOWNLOADED,231981
5oyh__1__1.A_1.B__1.U_1.V,DOWNLOADED,231740
5oyh__2__1.C_1.D__1.AA_1.CA,DOWNLOADED,225078
5oyh__2__1.C_1.D__1.X_1.Y,DOWNLOADED,225157
5oyh__3__1.E_1.F__1.DA_1.EA,DOWNLOADED,228016
5oyh__3__1.E_1.F__1.HA_1.JA,DOWNLOADED,228130
5oyh__4__1.G_1.H__1.KA_1.LA,DOWNLOADED,227202
5oyh__5__1.I_1.J__1.QA_1.RA,DOWNLOADED,226003
5oyh__5__1.I_1.J__1.UA_1.VA,DOWNLOADED,225923
5oyh__6__1.K_1.L__1.AB_1.BB,DOWNLOADED,227345
5oyh__6__1.K_1.L__1.WA_1.XA,DOWNLOADED,227194
5oyh__7__1.M_1.N__1.CB_1.DB,DOWNLOADED,223131
5oyh__8__1.O_1.P__1.JB_1.KB,DOWNLOADED,221008
4wh2__1__1.A__1.B_1.C_1.D_1.E_1.J,DOWNLOADED,226218
4wh5__1__1.A_1.B__1.D_1.E_1.F,DOWNLOADED,211594
4wh5__1__1.A_1.B__1.G_1.H_1.I,DOWNLOADED,211820
5vz0__1__1.A_1.B__1.H,DOWNLOADED,1476364
5vz0__1__1.C_1.D__1.M,DOWNLOADED,1434665
5vzs__1__1.A__1.D,DOWNLOADED,87261
5vzs__2__1.B__1.G,DOWNLOADED,87122
1ua4__1__1.A__1.D,DOWNLOADED,286748
1ua5__1__1.A_2.A__1.C,DOWNLOADED,275861
1ua5__1__1.A_2.A__2.C,DOWNLOADED,275861
1uad__1__1.A__1.E_1.F,DOWNLOADED,113243
1uad__2__1.B__1.G_1.H,DOWNLOADED,114090
1uak__1__1.A_2.A__1.B,DOWNLOADED,314506
1uak__1__1.A_2.A__2.B,DOWNLOADED,314312
1ual__1__1.A_2.A__1.B,DOWNLOADED,314697
1ual__1__1.A_2.A__2.B,DOWNLOADED,314697
1uam__1__1.A_2.A__1.C,DOWNLOADED,323066
1uam__1__1.A_2.A__2.C,DOWNLOADED,323066
1uay__1__1.A__1.C,DOWNLOADED,142312
4uak__1__1.A__1.B_1.C_1.D,DOWNLOADED,260080
4uak__1__2.A__2.B_2.C_2.D,DOWNLOADED,264998
4ual__1__1.A__1.B,DOWNLOADED,259260
4uap__1__1.A__1.C,DOWNLOADED,92681
4uap__2__1.B__1.F,DOWNLOADED,91604
4uat__1__1.A__1.C_1.D,DOWNLOADED,137669
4uat__2__1.B__1.F_1.G,DOWNLOADED,137737
4uau__2__1.B__1.F_1.G,DOWNLOADED,139012
5uap__1__1.A__1.E,DOWNLOADED,301021
6uak__1__1.A__1.B,DOWNLOADED,191222
6uak__1__2.A__2.B,DOWNLOADED,194583
1w4o__1__1.A__1.C,DOWNLOADED,75968
1w4p__1__1.A__1.C,DOWNLOADED,75703
1w4q__1__1.A__1.C,DOWNLOADED,75586
1w4q__2__1.B__1.D,DOWNLOADED,75521
1w4z__1__1.B__1.H_1.L,DOWNLOADED,154919
1w4z__1__2.B__2.H_2.L,DOWNLOADED,156936
5w41__1__1.A__1.B,DOWNLOADED,265769
3s6t__1__1.A__1.B,DOWNLOADED,371292
3s6t__1__2.A__2.B,DOWNLOADED,368856
5s60__1__1.A_1.B__1.G_1.H,DOWNLOADED,541682
5s60__1__1.B_1.C__1.J_1.K,DOWNLOADED,541538
5s60__1__1.C_1.D__1.O_1.P,DOWNLOADED,544175
5s60__1__1.D__1.R_1.S,DOWNLOADED,271529
5s60__1__1.F__1.U_1.V,DOWNLOADED,230915
5s61__1__1.A_1.B__1.G_1.H,DOWNLOADED,540643
5s61__1__1.B_1.C__1.K_1.L,DOWNLOADED,540624
5s61__1__1.C_1.D__1.P_1.Q,DOWNLOADED,545907
5s61__1__1.D__1.T_1.U,DOWNLOADED,273263
5s61__1__1.F__1.W_1.X,DOWNLOADED,232205
5s65__1__1.A_1.B__1.G_1.H,DOWNLOADED,540528
5s65__1__1.B_1.C__1.K_1.L,DOWNLOADED,540637
5s65__1__1.C_1.D__1.O_1.P,DOWNLOADED,544441
5s65__1__1.D__1.S_1.T,DOWNLOADED,271676
5s65__1__1.F__1.U_1.V,DOWNLOADED,232277
5s66__1__1.A_1.B__1.G_1.H,DOWNLOADED,537895
5s66__1__1.A_1.F__1.Q_1.R,DOWNLOADED,498371
5s66__1__1.B_1.C__1.I_1.J,DOWNLOADED,536187
5s66__1__1.C_1.D__1.L_1.M,DOWNLOADED,541173
5s66__1__1.D__1.O_1.P,DOWNLOADED,268380
5s67__1__1.A_1.B__1.G_1.H,DOWNLOADED,540734
5s67__1__1.B_1.C__1.K_1.L,DOWNLOADED,540657
5s67__1__1.C_1.D__1.O_1.P,DOWNLOADED,544915
5s67__1__1.D__1.R_1.S,DOWNLOADED,272199
5s67__1__1.F__1.U_1.V,DOWNLOADED,231274
1v55__1__1.A_1.D_1.L_1.M__1.ZA,DOWNLOADED,483259
1v55__1__1.N_1.Q_1.Y_1.Z__1.ZB,DOWNLOADED,489207
1v5e__1__1.A_2.A__1.F,DOWNLOADED,725351
1v5e__1__1.A_2.A__2.F,DOWNLOADED,725357
1v5e__1__3.A_4.A__3.F,DOWNLOADED,734063
1v5e__1__3.A_4.A__4.F,DOWNLOADED,734068
1v5f__1__1.A_2.A__1.B_1.C_1.H,DOWNLOADED,724918
1v5f__1__1.A_2.A__1.G,DOWNLOADED,726435
1v5f__1__1.A_2.A__2.B_2.C_2.H,DOWNLOADED,724924
1v5f__1__1.A_2.A__2.G,DOWNLOADED,726440
1v5f__1__3.A_4.A__3.B_3.C_3.H,DOWNLOADED,733690
1v5f__1__3.A_4.A__3.G,DOWNLOADED,735132
1v5f__1__3.A_4.A__4.B_4.C_4.H,DOWNLOADED,733696
1v5f__1__3.A_4.A__4.G,DOWNLOADED,735136
2v57__1__1.A_1.B__1.E_1.F,DOWNLOADED,207972
2v57__2__1.C_1.D__1.I_1.K,DOWNLOADED,211963
3v51__1__1.A__1.B,DOWNLOADED,292252
5v5p__1__1.A__1.B,DOWNLOADED,264037
1vg0__1__1.B__1.E_1.F,DOWNLOADED,118233
1vg8__2__1.B__1.G_1.H,DOWNLOADED,116676
1vg8__3__1.C__1.I_1.J,DOWNLOADED,114954
1vg8__4__1.D__1.K_1.L,DOWNLOADED,119322
2vg0__1__1.A__1.C,DOWNLOADED,141938
2vg2__2__1.B_1.D__1.N_1.O,DOWNLOADED,361255
2vg3__1__1.A_1.C__1.E_1.F,DOWNLOADED,363333
2vg3__1__1.A_1.C__1.N_1.O,DOWNLOADED,363400
2vg3__2__1.B_1.D__1.H_1.I,DOWNLOADED,363643
2vg3__2__1.B_1.D__1.K_1.R_1.S,DOWNLOADED,364233
2vgp__1__1.A__1.E,DOWNLOADED,175799
2vgp__2__1.B__1.F,DOWNLOADED,183463
3vgw__1__1.A_1.C__1.I,DOWNLOADED,150586
3vgw__1__1.A_1.C__1.P,DOWNLOADED,150586
3vgw__1__1.B_1.D__1.T,DOWNLOADED,148179
3vgw__2__1.E_1.G__1.DA,DOWNLOADED,151786
3vgw__2__1.E_1.G__1.W,DOWNLOADED,151672
3vgw__2__1.F_1.H__1.HA,DOWNLOADED,149373
5vg6__2__1.B__1.N_1.O,DOWNLOADED,196884
5vg6__3__1.D__1.R_1.S,DOWNLOADED,187215
5vg6__4__1.E__1.T_1.U,DOWNLOADED,196860
1wa5__1__1.A_1.C__1.D_1.E,DOWNLOADED,1418903
4wa4__1__1.A__1.C,DOWNLOADED,242684
4wa5__1__1.A__1.C,DOWNLOADED,246493
5wa6__1__1.A__1.B_1.C_1.D,DOWNLOADED,119733
5wa7__1__1.A__1.B_1.C_1.E,DOWNLOADED,119254
5wap__1__1.A__1.B_1.C_1.E,DOWNLOADED,119376
1w20__1__1.A__1.I,DOWNLOADED,242677
1w20__1__1.B__1.S,DOWNLOADED,243036
1w20__1__1.C__1.BA,DOWNLOADED,243661
1w20__1__1.D__1.LA,DOWNLOADED,243475
1w21__1__1.A__1.I,DOWNLOADED,242677
1w21__1__1.B__1.S,DOWNLOADED,243036
1w21__1__1.C__1.BA,DOWNLOADED,243661
1w21__1__1.D__1.LA,DOWNLOADED,243475
3w2z__1__1.A__1.B,DOWNLOADED,116403
3w2z__1__2.A__2.B,DOWNLOADED,117333
5w26__1__1.A__1.D,DOWNLOADED,243860
5w27__1__1.A_1.B__1.D,DOWNLOADED,147880
5w2u__1__1.A__1.D,DOWNLOADED,243856
6w2m__1__1.A__1.E_1.F_1.K,DOWNLOADED,208647
1tc6__1__1.A_1.B__1.H_1.I,DOWNLOADED,253771
1tc6__1__1.A__1.C_1.D,DOWNLOADED,136952
1tc6__2__4.A_4.B__4.H_4.I,DOWNLOADED,252370
1tc6__4__2.A__2.C_2.D,DOWNLOADED,138589
5tc5__1__1.A_1.C__1.D,DOWNLOADED,344460
5tc5__1__1.B_1.C__1.I,DOWNLOADED,334272
5tc7__1__1.A_2.A__1.B_1.E,DOWNLOADED,338883
5tc7__1__1.A_3.A__3.B_3.E,DOWNLOADED,337344
5tc7__1__2.A_3.A__2.B_2.E,DOWNLOADED,337754
5tc8__1__1.A_2.A__2.B_2.C,DOWNLOADED,335700
5tc8__1__1.A_3.A__1.B_1.C,DOWNLOADED,334571
5tc8__1__2.A_3.A__3.B_3.C,DOWNLOADED,334193
5tci__1__1.G_1.H__1.AA,DOWNLOADED,386532
5tci__2__1.E_1.F__1.V,DOWNLOADED,389180
5tcj__1__1.A_1.B__1.O,DOWNLOADED,382845
5tcj__1__1.B__1.K,DOWNLOADED,239047
5tcj__1__1.G_1.H__1.VA,DOWNLOADED,385188
5tcj__1__1.H__1.SA,DOWNLOADED,241073
5tcj__2__1.C_1.D__1.Z,DOWNLOADED,381432
5tcj__2__1.D__1.X,DOWNLOADED,238447
5tcj__2__1.E_1.F__1.KA,DOWNLOADED,388363
5tcj__2__1.F__1.GA,DOWNLOADED,242938
5tck__1__1.A__1.C_1.E,DOWNLOADED,167753
2uv0__1__1.A__1.E,DOWNLOADED,102206
2uv0__1__1.C__1.G,DOWNLOADED,103437
2uv0__2__1.B__1.F,DOWNLOADED,103110
2uv0__2__1.D__1.H,DOWNLOADED,104597
2uvy__1__1.A_1.B__1.C,DOWNLOADED,233576
2uvz__1__1.A__1.C,DOWNLOADED,222404
5uv4__1__1.A__1.B_1.C,DOWNLOADED,176308
5uvs__1__1.A__1.B,DOWNLOADED,71600
5uvt__1__1.A__1.B,DOWNLOADED,71372
5uvu__1__1.A__1.B,DOWNLOADED,70689
5uvw__2__1.A__1.D_1.E,DOWNLOADED,75920
5uvw__3__1.B__1.F,DOWNLOADED,73172
5uvz__1__1.A__1.B,DOWNLOADED,71186
6uv2__1__1.A__1.C_1.D_1.E,DOWNLOADED,282939
6uv3__1__1.A__1.C_1.D_1.E,DOWNLOADED,280537
6uv4__1__1.A__1.C_1.D_1.E,DOWNLOADED,271236
1tzc__1__1.A_1.B__1.E,DOWNLOADED,369478
1tzc__1__1.A_1.B__1.J,DOWNLOADED,369478
3tzl__1__1.A__1.C_1.H,DOWNLOADED,203787
3tzl__1__1.A__1.D,DOWNLOADED,202606
3tzl__1__1.B__1.I_1.L,DOWNLOADED,204116
3tzl__1__1.B__1.J,DOWNLOADED,202935
5tz3__1__1.A__1.E,DOWNLOADED,222773
5tz3__2__1.B__1.H,DOWNLOADED,224864
5tz3__3__1.C__1.K,DOWNLOADED,224541
5tz3__4__1.D__1.N,DOWNLOADED,217109
5tza__1__1.A__1.E,DOWNLOADED,221778
5tza__2__1.B__1.H,DOWNLOADED,223450
5tza__3__1.C__1.K,DOWNLOADED,220437
5tza__4__1.D__1.N,DOWNLOADED,220948
5tzc__1__1.A__1.E,DOWNLOADED,223742
5tzc__2__1.B__1.H,DOWNLOADED,226521
5tzc__3__1.C__1.K,DOWNLOADED,228334
5tzc__4__1.D__1.N,DOWNLOADED,222539
5tzf__3__1.C__1.K,DOWNLOADED,52493
5tzf__4__1.D__1.L,DOWNLOADED,52408
5tzf__5__1.E__1.M,DOWNLOADED,52077
5tzh__1__1.A__1.E,DOWNLOADED,222488
5tzh__2__1.B__1.H,DOWNLOADED,224193
5tzh__3__1.C__1.K,DOWNLOADED,220038
5tzh__4__1.D__1.N,DOWNLOADED,216948
5tzr__1__1.A__1.C,DOWNLOADED,266846
5tzw__2__1.B__1.H,DOWNLOADED,224380
5tzw__3__1.C__1.K,DOWNLOADED,220439
5tzw__4__1.D__1.N,DOWNLOADED,216990
5tzz__1__1.A__1.E,DOWNLOADED,223490
5tzz__2__1.B__1.H,DOWNLOADED,224459
5tzz__3__1.C__1.K,DOWNLOADED,220106
5tzz__4__1.D__1.N,DOWNLOADED,220243
2vb6__1__1.A__1.C_1.D_1.E,DOWNLOADED,468959
2vbd__1__1.A__1.B_1.C,DOWNLOADED,210646
2vbf__1__1.A_1.B__1.C_1.D,DOWNLOADED,677954
2vbf__1__1.A_1.B__1.E_1.F,DOWNLOADED,678029
3vbq__1__1.A__1.B,DOWNLOADED,181574
3vby__1__1.A__1.B,DOWNLOADED,174072
5vb5__1__1.A__1.C,DOWNLOADED,168215
5vb7__1__1.A__1.C,DOWNLOADED,167996
5vbz__3__1.C__1.I_1.J,DOWNLOADED,200900
1trb__1__1.A_2.A__1.B,DOWNLOADED,379750
1trb__1__1.A_2.A__2.B,DOWNLOADED,379813
2trs__1__1.A__1.C,DOWNLOADED,157899
2trs__1__1.B__1.E,DOWNLOADED,235156
2trs__1__2.B__2.E,DOWNLOADED,238921
3tr5__1__1.A__1.F,DOWNLOADED,340447
3tr5__1__1.B__1.H,DOWNLOADED,336749
3tr5__1__1.C__1.J,DOWNLOADED,334074
3tr5__1__1.D__1.L,DOWNLOADED,332121
4tr0__2__1.B__1.F,DOWNLOADED,61151
4tr1__1__1.A__1.C,DOWNLOADED,59206
4trn__1__1.A__1.B_1.C,DOWNLOADED,164436
4trn__1__2.A__2.B_2.C,DOWNLOADED,164737
4trn__1__3.A__3.B_3.C,DOWNLOADED,164653
4trn__1__4.A__4.B_4.C,DOWNLOADED,164682
5tr3__1__1.A_1.B__1.C,DOWNLOADED,550299
5tr3__1__1.A_1.B__1.E,DOWNLOADED,550227
5trf__6__1.A_2.A__1.F,DOWNLOADED,124225
5trf__6__1.A_2.A__2.F,DOWNLOADED,124333
5trf__8__1.C_2.C__1.N,DOWNLOADED,125084
5trf__8__1.C_2.C__2.N,DOWNLOADED,125084
6tr5__1__1.A__1.C,DOWNLOADED,220237
2vp0__1__1.A__1.C_1.D,DOWNLOADED,132065
2vp0__1__1.B__1.E_1.F,DOWNLOADED,132131
2vp5__1__1.A__1.D,DOWNLOADED,127264
2vp5__1__1.B__1.F,DOWNLOADED,123503
5vp8__1__1.A__1.D,DOWNLOADED,120591
5vp9__1__1.A__1.B,DOWNLOADED,231366
5vpx__1__1.A__1.B_1.C_1.F,DOWNLOADED,122163
2vuc__1__1.A_1.B__1.I_1.K_1.L,DOWNLOADED,128404
2vuc__1__1.C_1.D__1.M_1.N_1.O,DOWNLOADED,127471
2vuc__1__1.C_1.D__1.P_1.Q_1.R,DOWNLOADED,127321
2vud__1__1.A_1.B__1.I_1.J_1.K,DOWNLOADED,129040
2vud__1__1.C_1.D__1.M_1.N_1.O,DOWNLOADED,127989
2vud__1__1.C_1.D__1.P_1.Q_1.R,DOWNLOADED,127989
5vu4__2__1.C__1.P,DOWNLOADED,198789
5vu4__3__1.E__1.S,DOWNLOADED,200041
1u8f__1__1.A_1.D__1.G,DOWNLOADED,398371
1u8f__1__1.B_1.C__1.E,DOWNLOADED,396736
1u8f__1__1.B_1.C__1.F,DOWNLOADED,396662
1u8y__1__1.A__1.C_1.E,DOWNLOADED,99872
1u8y__2__1.B__1.F_1.G_1.H,DOWNLOADED,109155
1u8z__1__1.A__1.C_1.D,DOWNLOADED,105628
1u8z__2__1.B__1.E_1.F,DOWNLOADED,105782
4u82__2__1.A_2.A__1.B_1.C_1.D,DOWNLOADED,303643
4u82__2__1.A_2.A__2.B_2.C_2.D,DOWNLOADED,303651
4u8i__1__1.A__1.E,DOWNLOADED,318338
4u8i__1__1.B__1.S_1.W,DOWNLOADED,320566
4u8j__1__1.A__1.E,DOWNLOADED,319581
4u8j__1__1.B__1.O_1.Y,DOWNLOADED,321338
4u8k__1__1.A__1.E_1.M,DOWNLOADED,318803
4u8k__1__1.B__1.P_1.Z,DOWNLOADED,321031
4u8l__1__1.A__1.E,DOWNLOADED,319268
4u8l__1__1.B__1.O_1.Y,DOWNLOADED,321323
4u8o__1__1.A__1.E,DOWNLOADED,318304
4u8p__1__1.A__1.E_1.Q,DOWNLOADED,319361
4u8p__1__1.B__1.GA_1.S,DOWNLOADED,320503
4u8p__1__1.D__1.FB_1.ZA,DOWNLOADED,314847
4u8z__1__1.A__1.C,DOWNLOADED,187204
5u8c__1__1.A_1.B__1.E,DOWNLOADED,357188
4ury__1__1.A_1.B__1.C,DOWNLOADED,400198
4ury__1__1.B__1.D,DOWNLOADED,295965
4urz__1__1.A_1.B__1.C,DOWNLOADED,403086
5urd__2__1.B__1.H,DOWNLOADED,386634
5ure__2__1.B__1.G,DOWNLOADED,387609
5urh__2__1.B__1.H,DOWNLOADED,391974
6ura__1__1.A_1.B__1.E_1.F,DOWNLOADED,1074559
6ura__1__1.A_1.B__1.G_1.H,DOWNLOADED,1074634
6ura__1__2.A_2.B__2.E_2.F,DOWNLOADED,1058194
6ura__1__2.A_2.B__2.G_2.H,DOWNLOADED,1058269
6ura__1__2.C_2.D__2.I_2.J,DOWNLOADED,1064762
6ura__1__2.C_2.D__2.K_2.L,DOWNLOADED,1064754
6ura__1__3.C_3.D__3.I_3.J,DOWNLOADED,1080788
6ura__1__3.C_3.D__3.K_3.L,DOWNLOADED,1080787
1ut6__1__1.A__1.D,DOWNLOADED,334455
3ute__1__1.A__1.E_1.F,DOWNLOADED,321062
3ute__1__1.B__1.K_1.L,DOWNLOADED,322459
3ute__1__1.D__1.W_1.Y,DOWNLOADED,318416
3utf__1__1.A__1.E,DOWNLOADED,319884
3utf__1__1.B__1.L,DOWNLOADED,320971
3utg__1__1.A__1.E,DOWNLOADED,319209
3utg__1__1.A__1.I,DOWNLOADED,316527
3utg__1__1.B__1.J,DOWNLOADED,321329
3utg__1__1.B__1.N,DOWNLOADED,318799
4ut5__1__1.A_1.B__1.F_1.K_1.L,DOWNLOADED,131292
4utk__1__1.A_2.A__1.B,DOWNLOADED,847723
4utk__1__1.A_2.A__2.B,DOWNLOADED,847723
4utu__1__1.A__1.C,DOWNLOADED,139896
4utu__1__1.B__1.E,DOWNLOADED,141274
5uth__1__1.A_2.A__1.B,DOWNLOADED,363397
5uth__1__1.A_2.A__2.B,DOWNLOADED,363318
5utl__1__1.A_1.C__1.E,DOWNLOADED,403419
5utl__1__1.A_1.C__1.I,DOWNLOADED,403346
5utl__1__1.B_1.D__1.G,DOWNLOADED,399726
5utl__1__1.B_1.D__1.K,DOWNLOADED,399653
5utm__1__1.A_1.C__1.E,DOWNLOADED,403693
5utm__1__1.A_1.C__1.I,DOWNLOADED,403766
5utm__1__1.B_1.D__1.G,DOWNLOADED,398836
5utm__1__1.B_1.D__1.K,DOWNLOADED,398836
1vqw__1__1.A__1.C,DOWNLOADED,281919
1vqw__1__1.B__1.F,DOWNLOADED,282014
3vqt__1__1.A__1.E,DOWNLOADED,316803
3vqt__2__1.B__1.F,DOWNLOADED,316907
3vqt__3__1.C__1.G,DOWNLOADED,318722
3vqt__4__1.D__1.H,DOWNLOADED,317798
5vqw__1__1.A_1.B__1.C,DOWNLOADED,634233
2vml__1__1.A_1.K_1.L__1.DA,DOWNLOADED,300356
2vml__1__1.E_1.I_1.J__1.AA,DOWNLOADED,302136
2vml__1__1.H_1.K_1.L__1.BA,DOWNLOADED,303944
2vml__1__1.L__1.CA,DOWNLOADED,106793
5vm0__2__1.A__1.D,DOWNLOADED,76050
5vm5__1__1.B__1.H,DOWNLOADED,235248
5vm5__2__1.C__1.J,DOWNLOADED,234294
5vm5__2__1.D__1.O,DOWNLOADED,236510
1w1x__1__1.C__1.Y,DOWNLOADED,240900
2w1a__1__1.C_2.C__1.O,DOWNLOADED,94989
2w1a__1__1.C_2.C__2.O,DOWNLOADED,94991
2w1a__1__1.D_2.D__1.P,DOWNLOADED,95414
2w1a__1__1.D_2.D__2.P,DOWNLOADED,95413
6w1i__1__1.A_1.B__1.E_1.F_1.G,DOWNLOADED,455074
6w1i__1__1.C_1.D__1.N_1.O_1.P,DOWNLOADED,449977
2woi__1__1.A_1.B__1.E,DOWNLOADED,599903
2woi__1__1.A_1.B__1.I,DOWNLOADED,599903
2woi__2__1.C_1.D__1.M,DOWNLOADED,592000
2woi__2__1.C_1.D__1.P,DOWNLOADED,592231
5wo0__1__1.D__1.F_1.K_1.L,DOWNLOADED,209410
5t6c__1__1.A__1.C,DOWNLOADED,257827
5t6m__1__1.B__1.H,DOWNLOADED,237487
5t6m__2__1.C__1.J,DOWNLOADED,243411
5t6m__2__1.D__1.M,DOWNLOADED,238136
5t6p__1__1.A_1.B__1.F,DOWNLOADED,500009
5t6p__2__1.C_1.D__1.E,DOWNLOADED,502318
5t6s__1__1.C_1.D_1.E_1.F__1.DA,DOWNLOADED,606094
5t6s__2__1.I_1.J_1.K_1.L__1.IA,DOWNLOADED,607463
6t62__1__1.A__1.C,DOWNLOADED,149604
6t62__1__1.B__1.D,DOWNLOADED,141225
6t62__1__2.A__2.C,DOWNLOADED,149324
6t62__1__2.B__2.D,DOWNLOADED,141140
6t65__1__1.C_1.D__1.E,DOWNLOADED,257896
6t6f__2__1.B__1.D,DOWNLOADED,180460
6t6n__1__1.B__1.M,DOWNLOADED,149231
6t6n__2__1.E__1.X,DOWNLOADED,149803
6t6n__2__1.F__1.AA,DOWNLOADED,149195
6t6n__2__2.E__2.X,DOWNLOADED,149754
6t6n__2__2.F__2.AA,DOWNLOADED,151148
6t6n__3__1.G__1.FA,DOWNLOADED,148715
6t6n__3__2.G__2.FA,DOWNLOADED,147875
6t6r__1__1.A__1.W,DOWNLOADED,551524
6t6x__1__1.A__1.B,DOWNLOADED,306810
1v83__1__1.A__1.C_1.E,DOWNLOADED,159068
1v83__1__1.B__1.F_1.G,DOWNLOADED,155754
1v84__1__1.A__1.E_1.G,DOWNLOADED,158618
2v8y__1__1.A__1.E,DOWNLOADED,121710
2v8y__2__1.C__1.F,DOWNLOADED,120560
3v8s__1__1.A__1.E,DOWNLOADED,259945
3v8s__1__1.B__1.F,DOWNLOADED,263834
3v8s__2__1.C__1.G,DOWNLOADED,264790
3v8s__2__1.D__1.H,DOWNLOADED,265619
5v80__1__1.A__1.C,DOWNLOADED,177634
5v82__1__1.A__1.B,DOWNLOADED,180747
5v87__2__1.B__1.D,DOWNLOADED,105655
5v8t__1__1.A__1.C,DOWNLOADED,124563
5v8t__2__1.B__1.E,DOWNLOADED,120335
1uzd__1__1.A_1.B__1.Q_1.R,DOWNLOADED,573103
1uzd__1__1.A_1.B__1.Y_1.Z,DOWNLOADED,573096
1uzd__1__1.D_1.I__1.HA_1.IA,DOWNLOADED,572484
1uzd__1__1.D_1.I__1.XA_1.YA,DOWNLOADED,572563
1uzd__1__1.F_1.M__1.OB_1.PB,DOWNLOADED,578038
1uzd__1__1.F_1.M__1.PA_1.QA,DOWNLOADED,578120
1uzd__1__1.K_1.O__1.AC_1.ZB,DOWNLOADED,575112
1uzd__1__1.K_1.O__1.FB_1.GB,DOWNLOADED,574965
1uzh__1__1.A_1.B__1.Q_1.R,DOWNLOADED,573243
1uzh__1__1.A_1.B__1.X_1.Y,DOWNLOADED,573238
1uzh__1__1.D_1.I__1.GA_1.HA,DOWNLOADED,574579
1uzh__1__1.D_1.I__1.XA_1.YA,DOWNLOADED,574582
1uzh__1__1.F_1.M__1.NB_1.OB,DOWNLOADED,580276
1uzh__1__1.F_1.M__1.OA_1.PA,DOWNLOADED,580197
1uzh__1__1.K_1.O__1.FB_1.GB,DOWNLOADED,576852
1uzh__1__1.K_1.O__1.VB_1.WB,DOWNLOADED,576698
2uz1__1__1.A_1.B__1.E,DOWNLOADED,643837
2uz1__1__1.A_1.B__1.F,DOWNLOADED,643918
2uz1__1__1.C_1.D__1.I,DOWNLOADED,643487
2uz1__1__1.C_1.D__1.K,DOWNLOADED,643565
2uz4__1__1.A__1.D,DOWNLOADED,210650
3uzp__1__1.A__1.C,DOWNLOADED,186408
3uzp__2__1.B__1.D,DOWNLOADED,184358
3uzp__3__1.A_1.B__1.C,DOWNLOADED,363967
3uzp__3__1.A_1.B__1.D,DOWNLOADED,363859
3uzw__1__1.A__1.C,DOWNLOADED,213132
3uzw__2__1.B__1.E,DOWNLOADED,214853
3uzy__1__1.A__1.C,DOWNLOADED,212953
3uzy__1__1.A__1.D,DOWNLOADED,210416
3uzy__2__1.B__1.F,DOWNLOADED,214886
3uzy__2__1.B__1.G,DOWNLOADED,212274
4uzl__1__1.A__1.C,DOWNLOADED,223164
4uzl__2__1.B__1.E,DOWNLOADED,222668
2wkp__1__1.A__1.B_1.D,DOWNLOADED,207081
2wkr__1__1.A__1.B_1.D,DOWNLOADED,205470
2wkr__1__1.A__1.C,DOWNLOADED,204883
2wkt__1__1.A_1.D__1.T,DOWNLOADED,445399
2wkt__1__1.B_1.C_1.D__1.O,DOWNLOADED,666627
2wky__1__1.A__1.E,DOWNLOADED,161939
2wky__1__1.B__1.F,DOWNLOADED,160847
4wkb__1__1.A_1.B__1.C,DOWNLOADED,275365
4wke__1__1.A__1.B_1.G_1.H_1.I,DOWNLOADED,130501
6wkd__1__1.A__1.C_1.E_1.F,DOWNLOADED,180101
1wdd__1__1.A_1.C__1.E_1.F,DOWNLOADED,574975
1wdd__1__1.A_1.C__1.N_1.O,DOWNLOADED,574975
3wd7__1__1.A__1.C,DOWNLOADED,249453
3wd7__1__1.B__1.L,DOWNLOADED,247296
3wdk__1__1.A_1.B__1.G,DOWNLOADED,308576
3wdk__1__1.A__1.E,DOWNLOADED,157934
3wdk__2__1.C_1.D__1.J,DOWNLOADED,306473
3wdk__2__1.C__1.H,DOWNLOADED,155628
3wds__1__1.A__1.E,DOWNLOADED,154348
3wds__1__1.B__1.H,DOWNLOADED,154009
3wds__1__1.D__1.K,DOWNLOADED,153428
5wdc__1__1.A__1.B_1.C_1.F,DOWNLOADED,119197
5wds__2__1.B__1.F_1.G,DOWNLOADED,108737
5wdw__1__1.A__1.B_1.C_1.D,DOWNLOADED,116382
3wmv__1__1.A__1.D,DOWNLOADED,93494
3wmv__1__1.B__1.F,DOWNLOADED,92847
3wmv__1__1.B__1.H,DOWNLOADED,92921
3wmx__1__1.C__1.I,DOWNLOADED,192313
3wmx__2__1.D__1.J,DOWNLOADED,192190
4wm7__1__1.A_1.C_2.C__1.E,DOWNLOADED,485280
4wm7__1__1.C_5.A_5.C__5.E,DOWNLOADED,487298
4wml__1__1.A_2.A__1.B_1.C,DOWNLOADED,263933
4wml__1__1.A_2.A__2.B_2.C,DOWNLOADED,264004
6wmv__1__1.A_1.B__1.C,DOWNLOADED,395150
6wmv__1__1.A_1.B__1.Q,DOWNLOADED,395441
2xab__1__1.A__1.C,DOWNLOADED,132054
2xab__2__1.B__1.D,DOWNLOADED,132217
2xau__1__1.A__1.C_1.D,DOWNLOADED,480580
2xau__2__1.B__1.H_1.I,DOWNLOADED,477394
4xal__1__1.A__1.B,DOWNLOADED,59447
1wbk__1__1.A_1.B__1.C,DOWNLOADED,119996
1wbm__1__1.A_1.B__1.C,DOWNLOADED,119466
2wba__1__1.A_1.B__1.C,DOWNLOADED,587711
2wba__1__1.A_1.B__1.K,DOWNLOADED,587855
3wb0__1__1.A_1.B__1.E,DOWNLOADED,195954
3wb0__1__1.A_1.B__1.F,DOWNLOADED,196098
3wb0__1__1.C_1.D__1.G,DOWNLOADED,194219
3wb0__1__1.C_1.D__1.H,DOWNLOADED,194075
3wbw__1__1.A__1.D,DOWNLOADED,175524
4wb6__1__1.A_1.C__1.E_1.F_1.G,DOWNLOADED,242363
4wb6__2__1.B_1.D__1.H_1.I_1.J,DOWNLOADED,244365
4wb7__1__1.A_1.C__1.E_1.F_1.G,DOWNLOADED,284992
4wbd__1__1.A__1.B,DOWNLOADED,347559
4wbd__1__2.A__2.B,DOWNLOADED,351798
5wb3__1__1.A__1.B_1.C_1.F,DOWNLOADED,120169
5wb3__1__2.A__2.B_2.C_2.F,DOWNLOADED,120215
5wb3__1__3.A__3.B_3.C_3.F,DOWNLOADED,120215
5wb3__1__4.A__4.B_4.C_4.F,DOWNLOADED,120169
5wb3__2__1.A__1.B_1.C_1.F,DOWNLOADED,120169
6xfi__1__1.A__1.B,DOWNLOADED,333480
6xfi__1__2.A__2.B,DOWNLOADED,333654
3wt0__1__1.A__1.E_1.F,DOWNLOADED,236410
3wt0__2__1.B__1.G_1.H,DOWNLOADED,235341
3wt0__3__1.C__1.I_1.J,DOWNLOADED,237459
3wt0__4__1.D__1.K_1.L,DOWNLOADED,240433
3wt7__1__1.A__1.C,DOWNLOADED,154819
4wt6__1__1.A__1.B,DOWNLOADED,181770
4wty__1__1.A__1.C,DOWNLOADED,207869
3vt5__1__1.A__1.C,DOWNLOADED,154497
3vt6__1__1.A__1.C,DOWNLOADED,154720
3vt8__1__1.A__1.C,DOWNLOADED,150598
3vtb__1__1.A__1.C,DOWNLOADED,155247
3vtc__1__1.A__1.C,DOWNLOADED,155280
3vtf__1__1.A_2.A__1.B,DOWNLOADED,522076
3vtf__1__1.A_2.A__2.B,DOWNLOADED,522084
3vth__1__1.A__1.F_1.G,DOWNLOADED,487512
3vth__2__1.B__1.S_1.T,DOWNLOADED,408186
5vtr__2__1.C__1.R,DOWNLOADED,200856
5vtr__3__1.E__1.T,DOWNLOADED,200373
1vht__2__1.B__1.G,DOWNLOADED,130739
1vht__3__1.C__1.H,DOWNLOADED,116161
1vhw__1__1.B_1.F__1.H,DOWNLOADED,277566
1vhw__1__1.B_1.F__1.L,DOWNLOADED,277496
2vhw__1__1.A__1.H,DOWNLOADED,223526
2vhw__1__1.B__1.J,DOWNLOADED,223061
2vhw__1__1.C__1.K,DOWNLOADED,221445
2vhw__1__1.D__1.L,DOWNLOADED,223089
2vhw__1__1.E__1.M,DOWNLOADED,224804
2vhw__1__1.F__1.N,DOWNLOADED,224340
2vhz__1__1.A__1.C,DOWNLOADED,220685
2vhz__1__1.B__1.D,DOWNLOADED,220007
2vhz__1__2.A__2.C,DOWNLOADED,220685
2vhz__1__2.B__2.D,DOWNLOADED,220007
3vhd__1__1.A__1.C,DOWNLOADED,136954
3vhd__2__1.B__1.D,DOWNLOADED,135071
3vhm__1__1.A_1.B_1.D__1.P,DOWNLOADED,225832
3vhm__1__1.A_1.C__1.E,DOWNLOADED,154525
3vhm__1__1.A_1.C__1.M,DOWNLOADED,154525
3vhm__1__1.B_1.C_1.D__1.I,DOWNLOADED,226418
5vhc__1__1.A__1.B_1.C_1.D,DOWNLOADED,499935
1wwk__1__1.A_1.B__1.C,DOWNLOADED,369468
1wwk__1__1.A_1.B__1.D,DOWNLOADED,369469
3wwj__1__1.A__1.M,DOWNLOADED,200655
3wwj__1__1.B__1.N,DOWNLOADED,204882
3wwj__2__1.C__1.O,DOWNLOADED,200900
3wwj__2__1.E__1.Q,DOWNLOADED,203587
3wwj__3__1.D__1.P,DOWNLOADED,205575
3wwj__3__1.F__1.R,DOWNLOADED,207160
3wwj__4__1.G__1.S,DOWNLOADED,203817
3wwj__4__1.H__1.T,DOWNLOADED,201336
3wwj__5__1.I__1.U,DOWNLOADED,200537
3wwj__5__1.K__1.W,DOWNLOADED,200481
3wwj__6__1.J__1.V,DOWNLOADED,203530
3wwj__6__1.L__1.X,DOWNLOADED,203204
4ww7__1__1.A__1.C,DOWNLOADED,148620
2wjg__1__1.A__1.D,DOWNLOADED,107902
2wjg__2__1.B__1.E,DOWNLOADED,104681
3wjr__1__1.A_2.A__1.D,DOWNLOADED,390546
3wjr__1__1.A_2.A__2.D,DOWNLOADED,390548
5wjs__1__1.B__1.K_1.M_1.S,DOWNLOADED,162450
6wj9__1__1.B__1.E,DOWNLOADED,188708
6wj9__1__1.B__1.F,DOWNLOADED,188315
6wja__1__1.B__1.E,DOWNLOADED,185906
6wjb__1__1.A__1.C,DOWNLOADED,181629
6wjb__1__1.B__1.E,DOWNLOADED,184765
4x45__1__1.B__1.C,DOWNLOADED,106087
4x4l__1__1.A__1.C_1.I,DOWNLOADED,307955
4x4l__1__1.A__1.D,DOWNLOADED,306416
4x4l__1__3.A__3.C_3.I,DOWNLOADED,305716
5x40__1__1.A_1.B__1.C_1.D,DOWNLOADED,330585
5x40__1__1.A_1.B__1.E_1.F,DOWNLOADED,330882
6x4b__1__1.A__1.C,DOWNLOADED,361631
3wg7__1__1.A_1.B__1.KA,DOWNLOADED,477828
3wg7__1__1.A_1.C__1.RA_1.TA,DOWNLOADED,505839
3wg7__2__1.P_1.W__1.SB,DOWNLOADED,211752
3wgm__1__1.A__1.C_1.D,DOWNLOADED,176424
3wgm__2__1.B__1.E_1.F,DOWNLOADED,179568
4wg3__1__1.A__1.B,DOWNLOADED,294476
4wg4__1__1.A__1.B,DOWNLOADED,296110
4wg5__1__1.A__1.B,DOWNLOADED,300181
5wg4__1__1.A__1.D,DOWNLOADED,413661
5wg9__1__1.A__1.B_1.C_1.F,DOWNLOADED,119007
6wgh__2__1.B__1.H_1.I,DOWNLOADED,104495
1t90__1__1.A__1.E,DOWNLOADED,306427
1t90__1__1.B__1.F,DOWNLOADED,303467
1t90__1__1.C__1.G,DOWNLOADED,300887
1t90__1__1.D__1.H,DOWNLOADED,302217
1t91__3__1.C__1.I_1.J,DOWNLOADED,113633
1t9b__1__1.A_1.B__1.D_1.H_1.I,DOWNLOADED,716920
3t96__1__1.A__1.D,DOWNLOADED,163175
3t96__1__1.B__1.G,DOWNLOADED,161796
3t96__2__1.C__1.J,DOWNLOADED,162882
3t96__2__2.C__2.J,DOWNLOADED,163470
3t9h__1__1.A__1.D,DOWNLOADED,162933
3t9h__1__1.B__1.G,DOWNLOADED,162841
3t9h__2__1.C__1.J,DOWNLOADED,161880
3t9h__2__2.C__2.J,DOWNLOADED,162597
5t96__1__1.A_1.B__1.I,DOWNLOADED,752583
5t96__1__1.A_1.C__1.Z,DOWNLOADED,748681
5t96__1__1.B_1.C__1.P,DOWNLOADED,749753
5t96__2__1.D_1.E__1.IA,DOWNLOADED,733695
5t96__2__1.D_1.F__1.XA,DOWNLOADED,724585
5t96__2__1.E_1.F__1.SA,DOWNLOADED,728363
5t9e__1__1.A__1.C,DOWNLOADED,163304
5t9e__1__1.B__1.D,DOWNLOADED,162619
5t9u__1__1.A__1.E,DOWNLOADED,102524
5t9u__3__1.C__1.G,DOWNLOADED,103455
5t9u__4__1.D__1.H,DOWNLOADED,103356
6t9r__2__1.G_1.J__1.PC,DOWNLOADED,496014
6t9w__1__2.C__2.I_2.J,DOWNLOADED,243126
6t9x__1__1.A__1.E_1.F,DOWNLOADED,240891
6t9x__1__1.B__1.G_1.H,DOWNLOADED,242935
6t9x__2__1.C__1.I_1.J,DOWNLOADED,241962
1xjb__1__1.B__1.I_1.L,DOWNLOADED,212757
2xj1__1__1.A__1.B,DOWNLOADED,183749
2xj2__1__1.A__1.B,DOWNLOADED,183642
4xjx__1__1.A__1.C_1.D,DOWNLOADED,576143
4xjx__1__1.B__1.E_1.F,DOWNLOADED,577766
1wzn__1__1.A__1.F,DOWNLOADED,162331
1wzn__1__1.B__1.H,DOWNLOADED,163404
1wzn__1__1.C__1.J,DOWNLOADED,162903
1wzn__1__2.A__2.F,DOWNLOADED,163002
1wzn__1__2.B__2.H,DOWNLOADED,163513
1wzn__1__2.C__2.J,DOWNLOADED,163205
5wzt__1__1.A__1.B_1.E,DOWNLOADED,80576
5wzu__1__1.A__1.B_1.C,DOWNLOADED,78132
5wzv__1__1.A__1.B_1.C,DOWNLOADED,78311
1wc1__1__1.A_2.A__1.D_1.E_1.F,DOWNLOADED,243699
1wc1__1__1.A_2.A__2.D_2.E_2.F,DOWNLOADED,243699
1wc1__2__1.B_1.C__1.G_1.H_1.I,DOWNLOADED,238160
1wc1__2__1.B_1.C__1.J_1.K_1.L,DOWNLOADED,238086
1wc3__1__1.A_1.B__1.C_1.D,DOWNLOADED,239199
1wc3__1__1.A_1.B__1.E_1.F,DOWNLOADED,239343
2wc1__1__1.A__1.B,DOWNLOADED,112721
5wct__1__1.A__1.B_1.C_1.D,DOWNLOADED,112718
5wct__1__2.A__2.B_2.C_2.D,DOWNLOADED,114604
5wct__2__1.A__1.B_1.C_1.D,DOWNLOADED,112718
6wc8__1__1.A_2.A__1.B,DOWNLOADED,167174
6wc8__1__1.A_2.A__2.B,DOWNLOADED,167174
6wce__1__1.A__1.B,DOWNLOADED,195940
4xh0__1__1.A__1.B,DOWNLOADED,235880
4xh6__1__1.A__1.B,DOWNLOADED,179727
4xhe__1__1.A_1.E__1.K,DOWNLOADED,271294
4xhe__1__1.D_1.E__1.Q,DOWNLOADED,265728
4xhe__2__1.G_1.H__1.U,DOWNLOADED,271257
4xhg__1__1.A__1.B,DOWNLOADED,239156
4xhk__1__1.A__1.B,DOWNLOADED,178446
5xhu__2__1.A_2.A__1.B,DOWNLOADED,411318
5xhu__2__1.A_2.A__2.B,DOWNLOADED,411318
6xhf__2__1.B__1.E,DOWNLOADED,77011
1w58__1__1.A__1.B_1.C,DOWNLOADED,203503
1w5a__2__1.B__1.E,DOWNLOADED,201628
1w5f__1__1.A__1.C_1.D,DOWNLOADED,195124
1w5f__1__1.B__1.E_1.F,DOWNLOADED,195082
1w5w__1__1.A_1.B__1.C,DOWNLOADED,121485
1w5y__1__1.A_1.B__1.C,DOWNLOADED,121470
3w5p__1__1.A__1.C,DOWNLOADED,154452
3w5q__1__1.A__1.C,DOWNLOADED,154324
5w58__1__1.A__1.H,DOWNLOADED,369829
5w58__1__2.A__2.H,DOWNLOADED,371039
5w5q__1__1.A__1.C,DOWNLOADED,192134
1xdn__1__1.A__1.B_1.C,DOWNLOADED,169256
2xdo__1__1.A__1.E,DOWNLOADED,232190
2xdo__2__1.B__1.I,DOWNLOADED,231077
2xdo__3__1.C__1.N,DOWNLOADED,234489
2xdo__4__1.D__1.R,DOWNLOADED,231408
5xd6__1__1.A__1.C_1.D,DOWNLOADED,177417
5xd6__2__1.B__1.E_1.F,DOWNLOADED,178921
5xdq__1__1.A_1.D_1.L_1.M__1.GC,DOWNLOADED,483472
5xdq__1__1.C_1.J__1.JB,DOWNLOADED,209988
5xdq__2__1.P_1.W__1.GD,DOWNLOADED,211726
5xdx__1__1.C_1.J__1.AB,DOWNLOADED,210008
5xdx__2__1.N_1.Q_1.Y_1.Z__1.KD,DOWNLOADED,489266
5xdx__2__1.P_1.W__1.VC,DOWNLOADED,211746
6xdd__1__1.A__1.C,DOWNLOADED,264819
6xdd__1__1.B__1.D,DOWNLOADED,268017
1w8f__1__1.A_1.C__1.E_1.J_1.K,DOWNLOADED,130185
2w83__1__1.A__1.F_1.G,DOWNLOADED,106156
2w83__1__1.B__1.J_1.K,DOWNLOADED,105953
2w83__1__1.E__1.N_1.O,DOWNLOADED,107957
3w8e__1__1.A__1.B_1.C,DOWNLOADED,153373
3w8e__1__2.A__2.B_2.C,DOWNLOADED,154125
3w8e__1__3.A__3.B_3.C,DOWNLOADED,155161
3w8e__1__4.A__4.B_4.C,DOWNLOADED,155913
3w8f__1__1.A__1.B_1.C,DOWNLOADED,157507
3w8f__1__2.A__2.B_2.C,DOWNLOADED,155113
3w8f__1__3.A__3.B_3.C,DOWNLOADED,155718
3w8f__1__4.A__4.B_4.C,DOWNLOADED,153324
3w8n__1__1.A__1.B,DOWNLOADED,122160
4w8d__1__1.A__1.B,DOWNLOADED,186920
4w8e__1__1.A__1.B,DOWNLOADED,185504
2wer__1__1.A__1.C,DOWNLOADED,134068
2wer__1__2.A__2.C,DOWNLOADED,134712
2wer__2__1.B__1.D,DOWNLOADED,136415
2wer__2__2.B__2.D,DOWNLOADED,136739
4we1__1__1.A__1.C,DOWNLOADED,358996
5we7__1__1.A__1.B_1.C_1.D,DOWNLOADED,118352
5we8__1__1.A__1.E,DOWNLOADED,173748
5we8__2__1.B__1.F_1.G,DOWNLOADED,175571
5we8__2__1.B__1.H,DOWNLOADED,175685
5wed__1__1.A__1.E,DOWNLOADED,239160
5wed__1__1.B__1.F,DOWNLOADED,240713
5wed__2__1.C__1.G,DOWNLOADED,241669
5wed__2__1.D__1.H,DOWNLOADED,237864
1x92__1__1.A_1.B_2.A__1.D,DOWNLOADED,353097
1x92__1__1.A_1.B_2.B__1.C,DOWNLOADED,353592
1x92__1__1.A_2.A_2.B__2.D,DOWNLOADED,351579
1x92__1__1.B_2.A_2.B__2.C,DOWNLOADED,353976
1x9i__1__1.A_1.B__1.C,DOWNLOADED,367526
1x9i__1__1.A_1.B__1.F,DOWNLOADED,367383
2x95__1__1.A__1.C_1.D_1.F_1.I,DOWNLOADED,397584
2x96__1__1.A__1.C_1.D_1.E,DOWNLOADED,391318
2x97__1__1.A__1.C_1.D,DOWNLOADED,390775
5x93__1__1.A__1.B,DOWNLOADED,272327
6x9b__2__1.B__1.K,DOWNLOADED,725416
6x9d__1__1.A__1.G_1.L,DOWNLOADED,741266
6x9d__2__1.B__1.Q_1.T,DOWNLOADED,729006
1uw1__1__1.A_2.A__1.B,DOWNLOADED,89272
1uw1__1__1.A_2.A__2.B,DOWNLOADED,89274
1uw9__1__1.A_1.B__1.Q_1.R,DOWNLOADED,578979
1uw9__1__1.A_1.B__1.Y_1.Z,DOWNLOADED,579058
1uw9__1__1.D_1.I__1.HA_1.IA,DOWNLOADED,576418
1uw9__1__1.D_1.I__1.TB_1.YA,DOWNLOADED,576423
1uw9__1__1.F_1.M__1.IB_1.OA,DOWNLOADED,580827
1uw9__1__1.F_1.M__1.RB_1.SB,DOWNLOADED,580827
1uw9__1__1.K_1.O__1.AC_1.BC,DOWNLOADED,585071
1uw9__1__1.K_1.O__1.GB_1.HB,DOWNLOADED,585080
1uwa__1__1.A_1.K__1.NB_1.OB,DOWNLOADED,579832
1uwa__1__1.A_1.K__1.Q_1.R,DOWNLOADED,579904
1uwa__1__1.B_1.D__1.AA_1.Z,DOWNLOADED,577947
1uwa__1__1.B_1.D__1.KA_1.LA,DOWNLOADED,578015
1uwa__1__1.F_1.O__1.GC_1.HC,DOWNLOADED,584240
1uwa__1__1.F_1.O__1.TA_1.UA,DOWNLOADED,584241
1uwa__1__1.I_1.M__1.FB_1.GB,DOWNLOADED,591967
1uwa__1__1.I_1.M__1.WB_1.XB,DOWNLOADED,592052
1uwl__1__1.A__1.C,DOWNLOADED,342847
1uwl__1__1.B__1.D,DOWNLOADED,341875
2uw0__1__1.A_1.B__1.C,DOWNLOADED,234933
2uw6__1__1.A_1.B__1.C,DOWNLOADED,234194
4uwh__1__1.A__1.D,DOWNLOADED,365262
1wl4__1__1.A_4.A__1.E_1.F,DOWNLOADED,457903
1wl4__1__1.A_4.A__4.E_4.F,DOWNLOADED,457906
1wl4__1__2.A_3.A__2.E_2.F,DOWNLOADED,459490
1wl4__1__2.A_3.A__3.E_3.F,DOWNLOADED,459493
1wlj__1__1.A__1.B_1.C_1.F,DOWNLOADED,105366
1wlk__1__1.A_1.B__1.E,DOWNLOADED,144926
1wlk__1__1.A_1.B__1.F,DOWNLOADED,144849
1wlk__2__1.C_1.D__1.G,DOWNLOADED,145908
1wlk__2__1.C_1.D__1.H,DOWNLOADED,145989
1wlv__1__1.A_1.C_1.D__1.J,DOWNLOADED,204662
1wlv__2__1.F_1.G_1.H__1.M,DOWNLOADED,206986
2wl4__1__1.A_1.B_1.C__1.U,DOWNLOADED,673655
3wle__1__1.A_1.D__1.E_1.F,DOWNLOADED,400627
3wle__1__1.B_1.C__1.H_1.I,DOWNLOADED,399083
3wle__1__1.B_1.C__1.K_1.L,DOWNLOADED,399083
4x5s__1__1.A__1.C_1.D_1.E,DOWNLOADED,146984
4x5s__1__1.B__1.F_1.G_1.H,DOWNLOADED,146686
6x5w__1__1.A_1.B__1.B_1.D_1.Q,DOWNLOADED,565553
1xp8__1__1.A__1.B,DOWNLOADED,180037
5xp5__1__1.A__1.C_1.D,DOWNLOADED,171671
5xp5__2__1.B__1.E_1.F,DOWNLOADED,173204
5xp7__1__1.A__1.C_1.D,DOWNLOADED,171006
5xp7__2__1.B__1.E_1.F,DOWNLOADED,174649
1w73__1__1.A_1.D__1.F,DOWNLOADED,339313
1w73__1__1.A_1.D__1.J,DOWNLOADED,339322
1w73__1__1.B_1.C__1.G,DOWNLOADED,337596
1w73__1__1.B_1.C__1.H,DOWNLOADED,337521
1w7j__1__1.A__1.C_1.D_1.E,DOWNLOADED,479228
1w7j__1__2.A__2.C_2.D_2.E,DOWNLOADED,488069
3w77__1__1.A_1.B__1.C,DOWNLOADED,251535
3w77__1__1.A_1.B__1.D,DOWNLOADED,251535
4w7t__1__1.A__1.B,DOWNLOADED,133635
5w73__1__1.A__1.B_1.C_1.F,DOWNLOADED,121193
5w75__1__1.A__1.I_1.J,DOWNLOADED,245071
5w75__2__1.B__1.E_1.T,DOWNLOADED,245176
5w75__2__1.B__1.M_1.N,DOWNLOADED,245342
5w75__3__1.C__1.BA_1.F,DOWNLOADED,244675
5w75__3__1.C__1.U_1.V,DOWNLOADED,245178
5w75__4__1.D__1.CA_1.DA,DOWNLOADED,247736
5w75__4__1.D__1.H_1.KA,DOWNLOADED,247347
5w76__1__1.A__1.B_1.E,DOWNLOADED,466485
5w7k__1__1.A__1.C,DOWNLOADED,172590
5w7k__2__1.B__1.D,DOWNLOADED,168344
5w7p__1__1.A__1.B,DOWNLOADED,248112
5w7p__1__2.A__2.B,DOWNLOADED,248971
5w7q__1__1.A__1.B_1.C,DOWNLOADED,440432
5w7u__1__1.A__1.B_1.C_1.D,DOWNLOADED,118964
1xg5__1__1.C__1.H_1.I,DOWNLOADED,159609
1xg5__2__2.C__2.H_2.I,DOWNLOADED,158661
1xgi__2__1.B__1.C,DOWNLOADED,221170
1xgj__1__1.A__1.C,DOWNLOADED,220461
1xgj__2__1.B__1.D,DOWNLOADED,223604
4xgn__1__1.D__1.S_1.T,DOWNLOADED,154885
4xgu__1__1.B_1.C__1.H,DOWNLOADED,483823
4xgu__1__1.E_1.F__1.N,DOWNLOADED,481892
4xgu__2__2.E_2.F__2.N,DOWNLOADED,481892
5xg5__1__1.A__1.C,DOWNLOADED,90712
5xgv__1__1.A__1.C,DOWNLOADED,282132
5xgv__1__2.B__2.D,DOWNLOADED,279173
5xqd__1__1.A__1.B,DOWNLOADED,130631
5xql__1__1.A__1.C,DOWNLOADED,182377
5xqx__1__1.A__1.D,DOWNLOADED,225374
6xq9__1__1.A__1.F,DOWNLOADED,125405
6xqi__1__1.B__1.H,DOWNLOADED,46377
6xqi__2__1.C__1.G,DOWNLOADED,46718
2vwi__1__1.A_1.C__1.O_1.P,DOWNLOADED,314726
2vwp__1__1.A_2.A__1.B,DOWNLOADED,440809
2vwp__1__1.A_2.A__2.B,DOWNLOADED,440817
2vwq__1__1.A_2.A__1.B,DOWNLOADED,440578
2vwq__1__1.A_2.A__2.B,DOWNLOADED,440578
3vwx__1__1.A_1.D__1.H,DOWNLOADED,276409
3vwx__2__1.B_1.C__1.F,DOWNLOADED,277008
3vwx__2__1.B_1.C__1.G,DOWNLOADED,277007
5vwm__1__1.A__1.B_1.C,DOWNLOADED,189914
6vw8__1__1.B__1.G,DOWNLOADED,311293
6vw8__2__1.D__1.M,DOWNLOADED,307961
2xii__1__1.A__1.D,DOWNLOADED,288227
2xii__2__1.B__1.I_1.K,DOWNLOADED,293231
4xi7__1__1.A__1.B,DOWNLOADED,442372
4xip__1__1.A__1.B,DOWNLOADED,133404
4xiq__2__1.A__1.B_1.C_1.D,DOWNLOADED,136695
4xiq__2__2.A__2.B_2.C_2.D,DOWNLOADED,135063
4xir__1__1.A__1.B,DOWNLOADED,134937
1xr1__1__1.A__1.B_1.C_1.D,DOWNLOADED,181527
2xrl__1__1.A_2.A__1.D_1.E,DOWNLOADED,258044
2xrl__1__1.A_2.A__2.D_2.E,DOWNLOADED,258044
5xrd__1__1.A__1.B,DOWNLOADED,134370
1vce__1__1.A_1.B__1.C,DOWNLOADED,327870
1vcj__1__1.A__1.B,DOWNLOADED,243168
2vcm__1__1.A__1.B_1.C,DOWNLOADED,210804
2vcq__1__1.A_1.B__1.E,DOWNLOADED,259112
2vcq__2__1.C_1.D__1.K,DOWNLOADED,254187
2vcv__2__1.C_1.D__1.U,DOWNLOADED,280677
2vcv__5__1.I_1.J__1.HA,DOWNLOADED,281978
2vcv__7__1.M_1.N__1.MA,DOWNLOADED,280081
2vcw__1__1.A_1.B__1.E,DOWNLOADED,256026
2vcw__2__1.C_1.D__1.H,DOWNLOADED,241536
2vcz__1__1.A_1.B__1.E,DOWNLOADED,256774
2vcz__1__1.A_1.B__1.G,DOWNLOADED,256997
2vcz__2__1.C_1.D__1.H,DOWNLOADED,245650
2vcz__2__1.C_1.D__1.I,DOWNLOADED,245577
3vc1__10__1.J__1.BB_1.DB,DOWNLOADED,177173
3vc1__10__1.J__1.CB,DOWNLOADED,177624
3vc1__11__1.K__1.FB_1.HB,DOWNLOADED,179073
3vc1__11__1.K__1.GB,DOWNLOADED,179444
3vc1__12__1.L__1.IB_1.KB,DOWNLOADED,177467
3vc1__12__1.L__1.JB,DOWNLOADED,177837
3vc1__1__1.A__1.M_1.O,DOWNLOADED,178091
3vc1__1__1.A__1.N,DOWNLOADED,178543
3vc1__2__1.B__1.S_1.U,DOWNLOADED,179907
3vc1__2__1.B__1.T,DOWNLOADED,180432
3vc1__3__1.C__1.W_1.Y,DOWNLOADED,178969
3vc1__3__1.C__1.X,DOWNLOADED,179345
3vc1__4__1.D__1.BA_1.DA,DOWNLOADED,183713
3vc1__4__1.D__1.CA,DOWNLOADED,184162
3vc1__5__1.E__1.FA_1.HA,DOWNLOADED,178585
3vc1__5__1.E__1.GA,DOWNLOADED,178882
3vc1__6__1.F__1.LA_1.NA,DOWNLOADED,179245
3vc1__6__1.F__1.MA,DOWNLOADED,179693
3vc1__7__1.G__1.PA_1.RA,DOWNLOADED,177896
3vc1__7__1.G__1.QA,DOWNLOADED,178345
3vc1__8__1.H__1.TA_1.VA,DOWNLOADED,177931
3vc1__8__1.H__1.UA,DOWNLOADED,178380
3vc1__9__1.I__1.AB_1.XA_1.ZA,DOWNLOADED,179898
3vc1__9__1.I__1.YA,DOWNLOADED,179927
3vc2__11__1.K__1.FA,DOWNLOADED,171353
3vc2__12__1.L__1.GA,DOWNLOADED,172686
3vc2__1__1.A__1.N,DOWNLOADED,178622
3vc2__2__1.B__1.P,DOWNLOADED,174018
3vc2__3__1.C__1.Q,DOWNLOADED,172965
3vc2__5__1.E__1.U,DOWNLOADED,178268
3vc2__6__1.F__1.W,DOWNLOADED,176512
3vc2__7__1.G__1.X,DOWNLOADED,178425
3vc2__9__1.I__1.BA,DOWNLOADED,179071
3vc3__1__1.A__1.G,DOWNLOADED,200469
3vc3__1__1.B__1.H,DOWNLOADED,200008
3vc3__2__1.D__1.J,DOWNLOADED,195816
3vc3__3__1.E__1.K,DOWNLOADED,197930
3vc3__3__2.F__2.L,DOWNLOADED,198897
5vcp__1__1.A__1.E_1.F,DOWNLOADED,102015
1xv5__1__1.A__1.C_1.D_1.G,DOWNLOADED,263944
2xve__2__1.C__1.J,DOWNLOADED,297923
2xve__2__2.C__2.J,DOWNLOADED,294706
2xvi__1__1.B__1.H,DOWNLOADED,300465
5xvr__2__1.B__1.G,DOWNLOADED,244335
1vso__1__1.A__1.B_1.C,DOWNLOADED,155253
1vso__1__2.A__2.B_2.C,DOWNLOADED,156147
1vsv__1__1.A_1.D__1.E,DOWNLOADED,405461
1vsv__1__1.A_1.D__1.H,DOWNLOADED,405461
1vsv__1__1.B_1.C__1.F,DOWNLOADED,401841
1vsv__1__1.B_1.C__1.G,DOWNLOADED,401912
1vsv__2__1.A__1.E,DOWNLOADED,207590
1vsv__2__1.B__1.F,DOWNLOADED,205257
1vsv__3__1.C__1.G,DOWNLOADED,206242
1vsv__3__1.D__1.H,DOWNLOADED,207681
2vsl__1__1.A__1.B,DOWNLOADED,63787
3vse__1__1.A__1.E,DOWNLOADED,255311
3vse__2__1.B__1.F,DOWNLOADED,254258
3vse__3__1.C__1.G,DOWNLOADED,250803
3vse__4__1.D__1.H,DOWNLOADED,255646
5vsl__1__1.A__1.C_1.D,DOWNLOADED,169420
1u1c__1__1.A_1.B__1.G_1.I,DOWNLOADED,299939
1u1c__1__1.A_1.B__1.J_1.K,DOWNLOADED,299939
1u1c__1__1.C_1.D__1.L_1.N,DOWNLOADED,295843
1u1c__1__1.C_1.D__1.O_1.P,DOWNLOADED,295841
1u1c__1__1.E_1.F__1.Q_1.S,DOWNLOADED,300241
1u1c__1__1.E_1.F__1.T_1.U,DOWNLOADED,300244
1u1d__1__1.A_1.B__1.G_1.I,DOWNLOADED,302183
1u1d__1__1.A_1.B__1.J_1.K,DOWNLOADED,302187
1u1d__1__1.C_1.D__1.L_1.N,DOWNLOADED,298929
1u1d__1__1.C_1.D__1.O_1.P,DOWNLOADED,298853
1u1d__1__1.E_1.F__1.Q_1.S,DOWNLOADED,303194
1u1d__1__1.E_1.F__1.T_1.U,DOWNLOADED,303121
1u1f__1__1.A_1.B__1.G_1.I,DOWNLOADED,297117
1u1f__1__1.A_1.B__1.J_1.K,DOWNLOADED,297042
1u1f__1__1.C_1.D__1.L_1.N,DOWNLOADED,301088
1u1f__1__1.C_1.D__1.O_1.P,DOWNLOADED,301013
1u1f__1__1.E_1.F__1.Q_1.S,DOWNLOADED,299661
1u1f__1__1.E_1.F__1.T_1.U,DOWNLOADED,299664
1u1g__1__1.A_1.B__1.H,DOWNLOADED,297050
1u1g__1__1.A_1.B__1.I,DOWNLOADED,296899
1u1g__1__1.C_1.D__1.K,DOWNLOADED,298890
1u1g__1__1.C_1.D__1.L,DOWNLOADED,298889
1u1g__1__1.E_1.F__1.N,DOWNLOADED,300163
3u1y__1__1.A__1.C_1.D,DOWNLOADED,186956
3u1y__2__1.B__1.E_1.F,DOWNLOADED,187642
3u1y__3__2.A__2.C_2.D,DOWNLOADED,188057
4u1o__1__1.A__1.B,DOWNLOADED,162035
4u1q__2__1.C_1.D__1.I,DOWNLOADED,417506
4u1q__2__1.C__1.J,DOWNLOADED,212429
5u11__1__1.A__1.C,DOWNLOADED,166307
5u11__1__1.B__1.D,DOWNLOADED,162409
5u12__1__1.A__1.C,DOWNLOADED,162399
5u14__1__1.B__1.D,DOWNLOADED,162551
5u1o__1__1.A_1.B__1.G,DOWNLOADED,540963
5u1o__2__1.C_1.D__1.I,DOWNLOADED,542259
5u1o__2__1.C_1.D__1.K,DOWNLOADED,542253
5u1p__1__1.A__1.B_1.C,DOWNLOADED,139243
5u1p__1__2.A__2.B_2.C,DOWNLOADED,139389
6u18__1__1.A_1.B__1.C,DOWNLOADED,431597
2xyf__1__1.A_1.B__1.C,DOWNLOADED,119512
2xys__1__1.B_1.C__1.G,DOWNLOADED,259901
2xyt__2__1.G_1.H__1.N,DOWNLOADED,261292
2xyt__2__1.H_1.I__1.O,DOWNLOADED,261089
4xye__1__1.B__1.D,DOWNLOADED,239372
1w96__1__1.A__1.D,DOWNLOADED,347625
1w9j__1__1.A__1.B_1.C_1.D,DOWNLOADED,459816
1w9l__1__1.A__1.B_1.C_1.D,DOWNLOADED,458188
2w93__1__1.A_1.B__1.E_1.F,DOWNLOADED,671632
2w97__1__1.A_1.B__1.E,DOWNLOADED,241839
2w9s__5__1.E__1.S,DOWNLOADED,102546
3w9f__1__1.A__1.E,DOWNLOADED,162170
3w9f__3__1.C__1.G,DOWNLOADED,163118
4w9c__2__1.F__1.N,DOWNLOADED,91681
4w9c__3__1.I__1.O,DOWNLOADED,93203
4w9c__4__1.L__1.P,DOWNLOADED,94129
4w9d__3__1.I__1.O,DOWNLOADED,93770
4w9d__4__1.L__1.P,DOWNLOADED,94222
4w9f__1__1.C__1.M,DOWNLOADED,88545
4w9f__3__1.I__1.O,DOWNLOADED,91846
4w9f__4__1.L__1.P,DOWNLOADED,85141
4w9h__3__1.I__1.O,DOWNLOADED,94060
4w9h__4__1.L__1.P,DOWNLOADED,94648
4w9j__3__1.I__1.O,DOWNLOADED,94353
4w9l__2__1.F__1.N,DOWNLOADED,92868
4w9l__3__1.I__1.O,DOWNLOADED,94438
4w9l__4__1.L__1.P,DOWNLOADED,94769
4w9o__1__1.A__1.C,DOWNLOADED,77154
5w9e__1__1.A__1.B,DOWNLOADED,282404
5w9g__1__1.A__1.B_1.C_1.E,DOWNLOADED,118184
5w9g__2__1.A__1.B_1.C_1.E,DOWNLOADED,118184
5w9g__2__2.A__2.B_2.C_2.E,DOWNLOADED,119549
5w9g__2__3.A__3.B_3.C_3.E,DOWNLOADED,118279
5w9g__2__4.A__4.B_4.C_4.E,DOWNLOADED,118795
2xbl__1__1.A_1.B_1.C__1.I_1.J,DOWNLOADED,332516
2xbl__1__1.A_1.B_1.D__1.F_1.M,DOWNLOADED,334523
2xbl__1__1.B_1.C_1.D__1.H_1.K,DOWNLOADED,333573
4xbj__1__1.A_1.B__1.I_1.J,DOWNLOADED,432927
5xbi__1__1.A_1.B__1.C_1.D,DOWNLOADED,185478
6xb4__1__1.A_1.B__1.E,DOWNLOADED,251585
6xb4__2__1.C_1.D__1.F,DOWNLOADED,240501
6xbo__1__1.A__1.B,DOWNLOADED,193176
1vd3__1__1.A__1.B,DOWNLOADED,135556
2vd6__1__1.A_1.B_1.C__1.J,DOWNLOADED,867761
2vd6__1__1.A_1.C_1.D__1.S,DOWNLOADED,868757
2vdh__1__1.A_1.B__1.Q_1.R,DOWNLOADED,576571
2vdh__1__1.A_1.B__1.Y_1.Z,DOWNLOADED,576581
2vdh__1__1.C_1.D__1.FA_1.GA,DOWNLOADED,576154
2vdh__1__1.C_1.D__1.NA_1.OA,DOWNLOADED,576244
2vdh__1__1.E_1.F__1.CB_1.DB,DOWNLOADED,574644
2vdh__1__1.E_1.F__1.UA_1.VA,DOWNLOADED,574560
2vdh__1__1.G_1.H__1.KB_1.LB,DOWNLOADED,573865
2vdh__1__1.G_1.H__1.RB_1.SB,DOWNLOADED,574019
2vdv__1__1.A__1.C,DOWNLOADED,144744
2vdv__2__1.B__1.D,DOWNLOADED,144176
3vdq__1__1.B__1.H_1.J,DOWNLOADED,157870
3vdq__1__1.C__1.M_1.O,DOWNLOADED,156778
3vdq__1__1.D__1.P_1.R,DOWNLOADED,155196
1x82__1__1.A__1.B,DOWNLOADED,120823
1x82__1__2.A__2.B,DOWNLOADED,123107
1x87__1__1.A__1.C,DOWNLOADED,310010
1x87__1__1.B__1.D,DOWNLOADED,307487
1x8i__1__1.A__1.B_1.I,DOWNLOADED,140576
1x8t__1__1.A__1.B,DOWNLOADED,257948
1x8v__1__1.A__1.D,DOWNLOADED,275193
2x8g__1__1.A_2.A__1.B,DOWNLOADED,713775
2x8g__1__1.A_2.A__2.B,DOWNLOADED,713706
2x8z__1__1.A__1.C_1.D,DOWNLOADED,392877
5x8i__1__1.A__1.C,DOWNLOADED,219078
5x8i__2__1.B__1.D,DOWNLOADED,217506
1v7c__1__1.A__1.E,DOWNLOADED,209889
1v7c__1__1.B__1.F,DOWNLOADED,209443
1v7c__2__1.C__1.G,DOWNLOADED,212193
1v7c__2__1.D__1.H,DOWNLOADED,211537
2v7g__1__1.A__1.I,DOWNLOADED,348932
2v7g__1__1.C__1.Q_1.S,DOWNLOADED,349267
2v7g__1__2.B__2.P,DOWNLOADED,356501
2v7g__1__2.D__2.X,DOWNLOADED,351341
2v7g__2__2.C__2.Q_2.S,DOWNLOADED,344480
2v7g__3__1.C__1.Q_1.S,DOWNLOADED,349267
2v7t__1__1.A_1.B__1.F,DOWNLOADED,349517
2v7t__1__1.A_1.C__1.D,DOWNLOADED,349430
2v7t__1__1.B_1.C__1.H,DOWNLOADED,350036
2v7t__1__2.A_2.B__2.F,DOWNLOADED,349292
2v7t__1__2.A_2.C__2.D,DOWNLOADED,348689
2v7t__1__2.B_2.C__2.H,DOWNLOADED,349134
2v7u__1__1.A_1.B__1.F,DOWNLOADED,349625
2v7u__1__1.A_1.C__1.D,DOWNLOADED,349556
2v7u__1__1.B_1.C__1.G,DOWNLOADED,350219
2v7u__1__2.A_2.B__2.F,DOWNLOADED,349400
2v7u__1__2.A_2.C__2.D,DOWNLOADED,348806
2v7u__1__2.B_2.C__2.G,DOWNLOADED,349248
2v7v__1__1.A_1.B__1.D,DOWNLOADED,349021
2v7v__1__1.A_1.C__1.F,DOWNLOADED,348943
2v7v__1__1.B_1.C__1.E,DOWNLOADED,349616
2v7v__1__2.A_2.B__2.D,DOWNLOADED,348787
2v7v__1__2.A_2.C__2.F,DOWNLOADED,348173
2v7v__1__2.B_2.C__2.E,DOWNLOADED,348614
2v7w__1__1.A_1.B__1.E,DOWNLOADED,348711
2v7w__1__1.A_1.C__1.D,DOWNLOADED,348632
2v7w__1__1.B_1.C__1.F,DOWNLOADED,349311
2v7w__1__2.A_2.B__2.E,DOWNLOADED,348480
2v7w__1__2.A_2.C__2.D,DOWNLOADED,347859
2v7w__1__2.B_2.C__2.F,DOWNLOADED,348311
3v7t__1__1.A_1.C__1.E_1.F,DOWNLOADED,302306
3v7t__1__1.A_1.C__1.I,DOWNLOADED,301877
3v7t__1__1.B_1.D__1.G_1.H,DOWNLOADED,300971
3v7t__1__1.B_1.D__1.J,DOWNLOADED,300542
5v79__2__1.B__1.F,DOWNLOADED,158347
5v79__3__1.A_2.B__1.C,DOWNLOADED,318324
5v79__3__1.B_2.A__2.C,DOWNLOADED,315725
5v7a__1__1.A__1.C,DOWNLOADED,163982
5v7a__2__1.B__1.E,DOWNLOADED,155750
5v7p__1__1.A__1.C,DOWNLOADED,182026
2wva__1__1.F_1.G__1.U_1.V,DOWNLOADED,694408
2wva__1__1.F_1.G__1.W_1.X,DOWNLOADED,694410
2wva__2__1.A_1.B__1.I_1.J,DOWNLOADED,677438
2wva__2__1.A_1.B__1.K_1.L,DOWNLOADED,677449
2wva__2__1.C_1.D__1.M_1.N,DOWNLOADED,681547
2wvg__1__1.A_1.B__1.F_1.G_1.H,DOWNLOADED,677526
2wvg__1__1.C_1.D__1.L_1.M_1.O,DOWNLOADED,681595
2wvg__1__1.C_1.D__1.N_1.P,DOWNLOADED,681495
2wvg__2__1.A_1.B__1.F_1.G_1.H,DOWNLOADED,677526
2wvg__3__1.C_1.D__1.L_1.M_1.O,DOWNLOADED,681595
2wvg__3__1.C_1.D__1.N_1.P,DOWNLOADED,681495
2wvg__4__1.A__1.F_1.G,DOWNLOADED,343096
2wvg__4__1.D__1.N_1.P,DOWNLOADED,344177
2wvg__5__1.B__1.I_1.J,DOWNLOADED,345463
2wvg__5__1.C__1.L_1.M,DOWNLOADED,348444
3wv7__1__1.A_1.C__1.D,DOWNLOADED,241188
3wvr__1__1.D__1.X,DOWNLOADED,251874
3wvr__2__1.B__1.K,DOWNLOADED,265188
3wvr__2__1.C__1.R,DOWNLOADED,266444
4wv9__1__1.A_1.B__1.F,DOWNLOADED,258725
4wv9__1__1.D_1.E__1.G,DOWNLOADED,256812
4wvl__1__1.A__1.B,DOWNLOADED,212590
5wvr__1__1.A__1.B,DOWNLOADED,273307
6wvx__2__1.B__1.D,DOWNLOADED,84156
1wy7__1__1.A__1.E,DOWNLOADED,126278
1wy7__2__1.B__1.F,DOWNLOADED,127028
1wy7__3__1.C__1.G,DOWNLOADED,128095
1wy7__4__1.D__1.H,DOWNLOADED,131512
2wyk__1__1.A__1.B,DOWNLOADED,196547
3wy0__1__1.A__1.C,DOWNLOADED,231532
3wy0__1__1.B__1.D,DOWNLOADED,234284
3wy9__1__1.A__1.E,DOWNLOADED,260709
3wy9__2__1.B__1.F,DOWNLOADED,260065
3wya__1__1.A__1.B,DOWNLOADED,247641
3wye__1__1.A__1.C,DOWNLOADED,152131
3wye__1__1.B__1.D,DOWNLOADED,142086
3wye__1__2.A__2.C,DOWNLOADED,154416
3wye__1__2.B__2.D,DOWNLOADED,143500
3wyf__1__1.A__1.G_1.H,DOWNLOADED,120933
3wyf__2__1.D__1.I_1.J,DOWNLOADED,120182
3wyg__1__1.A__1.D_1.E,DOWNLOADED,111977
3wyp__1__1.B_1.D__1.Q_1.S,DOWNLOADED,142870
3wyq__1__1.A_2.B__1.C_1.H,DOWNLOADED,137385
3wyq__1__1.B_2.A__2.C_2.H,DOWNLOADED,137089
5wy0__1__1.A__1.B,DOWNLOADED,129681
5wyq__1__1.A_1.B__1.C,DOWNLOADED,303550
5wyq__1__1.A_1.B__1.D,DOWNLOADED,303550
5wyr__1__1.A_1.B__1.C,DOWNLOADED,310274
6wyc__1__1.A_1.C__1.E,DOWNLOADED,401435
6wyc__1__1.A_1.C__1.G,DOWNLOADED,401509
6wyc__1__1.B_1.D__1.F,DOWNLOADED,400790
6wyc__1__1.B_1.D__1.H,DOWNLOADED,400939
2wf5__1__1.A__1.B_1.D_1.E,DOWNLOADED,133509
2wf6__1__1.A__1.B_1.C_1.D,DOWNLOADED,134113
5wf3__1__1.A__1.B_1.C_1.F,DOWNLOADED,119117
5wfo__1__1.A_1.C__1.D_1.E,DOWNLOADED,413397
5wfo__1__1.C__1.F,DOWNLOADED,309180
5wfp__1__1.A_1.C__1.D_1.E,DOWNLOADED,413340
5wfp__1__1.C__1.F,DOWNLOADED,309281
5wfq__1__1.A_1.C__1.D_1.E,DOWNLOADED,415366
5wfq__1__1.C__1.F,DOWNLOADED,311160
5wfr__1__1.A_1.C__1.D_1.E,DOWNLOADED,413362
5wfr__1__1.C__1.F,DOWNLOADED,309118
5wfw__1__1.A__1.B_1.C_1.F,DOWNLOADED,120991
1x7g__1__1.B__1.D,DOWNLOADED,151288
1x7g__1__2.B__2.D,DOWNLOADED,149488
1x7h__1__1.B__1.D,DOWNLOADED,159966
1x7h__1__2.B__2.D,DOWNLOADED,158058
2x7h__1__1.A__1.C_1.K,DOWNLOADED,205567
2x7h__1__1.A__1.E_1.L,DOWNLOADED,205567
4x7j__1__1.A__1.B,DOWNLOADED,168446
4x7l__1__1.A__1.B_1.D,DOWNLOADED,172077
4x7m__1__1.A__1.C,DOWNLOADED,330098
4x7m__2__1.B__1.D,DOWNLOADED,332894
4x7n__1__1.A__1.B,DOWNLOADED,171030
4x7x__1__1.A__1.C,DOWNLOADED,164286
4x7x__1__1.B__1.F,DOWNLOADED,164208
4x7y__1__1.B__1.F,DOWNLOADED,162002
6x78__1__1.A_1.B__1.F,DOWNLOADED,271623
1xef__1__1.A_1.B__1.E_1.F,DOWNLOADED,297248
1xef__1__1.A_1.B__1.G_1.H,DOWNLOADED,297103
1xef__2__1.C_1.D__1.I_1.J,DOWNLOADED,298044
1xef__2__1.C_1.D__1.K_1.L,DOWNLOADED,297824
1xes__1__1.A_1.B__1.F,DOWNLOADED,461872
1xet__1__1.A_1.B__1.E,DOWNLOADED,465653
5xe0__1__1.A__1.B,DOWNLOADED,290495
4y41__1__1.A__1.F,DOWNLOADED,357547
4y43__1__1.A__1.D,DOWNLOADED,188487
5y4q__1__1.B__1.G,DOWNLOADED,179267
5y4q__2__1.C_1.D__1.J,DOWNLOADED,336327
5y4q__2__1.C__1.I,DOWNLOADED,172635
2yoz__1__1.A__1.B_1.F,DOWNLOADED,256677
4yoi__1__1.A_1.B__1.C,DOWNLOADED,371751
6yot__1__1.A__1.C,DOWNLOADED,222584
1wp4__1__1.B__1.G_1.H,DOWNLOADED,181741
1wp4__1__1.D__1.K_1.L,DOWNLOADED,180733
2wpb__1__1.D__1.H,DOWNLOADED,185116
5wp5__1__1.A__1.C,DOWNLOADED,299966
5wp5__1__1.A__1.D,DOWNLOADED,299963
5wp5__2__1.B__1.E,DOWNLOADED,304669
6wp9__1__1.A__1.I,DOWNLOADED,134218
6wp9__1__1.E__1.M,DOWNLOADED,139814
6wp9__2__1.B_2.F__1.J,DOWNLOADED,266043
6wp9__2__2.F__2.N,DOWNLOADED,135574
6wp9__3__1.C__1.K,DOWNLOADED,135376
6wp9__3__2.G__2.O,DOWNLOADED,136253
6wp9__4__1.D_1.H__1.L,DOWNLOADED,269308
6wp9__4__1.H__1.P,DOWNLOADED,135591
2y2f__1__1.A__1.B,DOWNLOADED,176764
5y24__1__1.A__1.B,DOWNLOADED,240582
5y24__2__1.C__1.D,DOWNLOADED,241138
2xcm__1__1.A_1.E__1.G_1.H,DOWNLOADED,187414
2xcm__2__1.B_1.F__1.I_1.J,DOWNLOADED,184562
2xcu__1__1.A__1.E,DOWNLOADED,228504
2xcu__1__1.C__1.O,DOWNLOADED,229496
2xcu__2__1.B__1.J,DOWNLOADED,232894
2xcu__2__1.D__1.S,DOWNLOADED,233206
4xcq__1__1.A__1.B,DOWNLOADED,189980
5xcq__1__1.A_1.B__1.C_1.E,DOWNLOADED,207763
5xcr__1__1.A_1.B__1.C,DOWNLOADED,204920
5xcr__2__1.D_1.E__1.F,DOWNLOADED,205336
4yi5__1__1.A__1.C,DOWNLOADED,523719
6yic__1__1.A__1.B,DOWNLOADED,148104
6yic__1__2.A__2.B,DOWNLOADED,145790
6yik__1__1.A__1.D,DOWNLOADED,76982
1v40__1__1.A_1.D__1.R,DOWNLOADED,255328
1v4b__1__1.A_2.A__1.B,DOWNLOADED,234845
1v4b__1__1.A_2.A__2.B,DOWNLOADED,234845
4v4f__1__1.K_1.L__1.PB,DOWNLOADED,85701
4v4f__1__1.K_1.U__1.OB,DOWNLOADED,85821
4v4f__1__1.L_1.M__1.QB,DOWNLOADED,85076
4v4f__1__1.M_1.N__1.RB,DOWNLOADED,83968
4v4f__1__1.N_1.O__1.SB,DOWNLOADED,83779
4v4f__1__1.O_1.P__1.TB,DOWNLOADED,84035
4v4f__1__1.P_1.Q__1.UB,DOWNLOADED,83927
4v4f__1__1.Q_1.R__1.VB,DOWNLOADED,84182
4v4f__1__1.R_1.S__1.WB,DOWNLOADED,84935
4v4f__1__1.S_1.T__1.XB,DOWNLOADED,85104
4v4f__1__1.T_1.U__1.YB,DOWNLOADED,85518
4v4f__2__1.AA_1.BA__1.FC,DOWNLOADED,87237
4v4f__2__1.AA_1.Z__1.EC,DOWNLOADED,85832
4v4f__2__1.BA_1.CA__1.GC,DOWNLOADED,87911
4v4f__2__1.CA_1.DA__1.HC,DOWNLOADED,88077
4v4f__2__1.DA_1.EA__1.IC,DOWNLOADED,88140
4v4f__2__1.EA_1.FA__1.JC,DOWNLOADED,88790
4v4f__2__1.FA_1.V__1.ZB,DOWNLOADED,87326
4v4f__2__1.V_1.W__1.AC,DOWNLOADED,85928
4v4f__2__1.W_1.X__1.BC,DOWNLOADED,85828
4v4f__2__1.X_1.Y__1.CC,DOWNLOADED,85762
4v4f__2__1.Y_1.Z__1.DC,DOWNLOADED,85347
4v4f__3__1.AB_1.BB__1.UC,DOWNLOADED,86590
4v4f__3__1.AB_1.ZA__1.TC,DOWNLOADED,86480
4v4f__3__1.BB_1.RA__1.KC,DOWNLOADED,87073
4v4f__3__1.RA_1.SA__1.LC,DOWNLOADED,87378
4v4f__3__1.SA_1.TA__1.MC,DOWNLOADED,86796
4v4f__3__1.TA_1.UA__1.KA,DOWNLOADED,89867
4v4f__3__1.TA_1.UA__1.NC,DOWNLOADED,87437
4v4f__3__1.UA_1.VA__1.OC,DOWNLOADED,88076
4v4f__3__1.VA_1.WA__1.PC,DOWNLOADED,87703
4v4f__3__1.WA_1.XA__1.QC,DOWNLOADED,87680
4v4f__3__1.XA_1.YA__1.RC,DOWNLOADED,86964
4v4f__3__1.YA_1.ZA__1.SC,DOWNLOADED,86321
4v4f__4__1.CB_1.DB__1.WC,DOWNLOADED,88160
4v4f__4__1.DB_1.EB__1.XC,DOWNLOADED,87901
4v4f__4__1.EB_1.FB__1.YC,DOWNLOADED,86283
4v4f__4__1.FB_1.GB__1.ZC,DOWNLOADED,86184
4v4f__4__1.GB_1.HB__1.AD,DOWNLOADED,86383
4v4f__4__1.HB_1.IB__1.BD,DOWNLOADED,86198
4v4f__4__1.IB_1.JB__1.CD,DOWNLOADED,85972
4v4f__4__1.JB_1.KB__1.DD,DOWNLOADED,85695
4v4f__4__1.KB_1.LB__1.ED,DOWNLOADED,86261
4v4f__4__1.LB_1.MB__1.FD,DOWNLOADED,87192
3v4f__1__1.A__1.C_1.G,DOWNLOADED,108393
3v4f__1__2.A__2.C_2.G,DOWNLOADED,109736
3v4f__1__3.A__3.C_3.G,DOWNLOADED,108747
3v4f__1__4.A__4.C_4.G,DOWNLOADED,109013
3v4f__1__5.A__5.C_5.G,DOWNLOADED,108498
3v4f__1__6.A__6.C_6.G,DOWNLOADED,108671
4y95__2__1.B__1.H,DOWNLOADED,335744
4y9r__1__1.A__1.C,DOWNLOADED,391136
4y9r__1__1.A__1.D,DOWNLOADED,393217
4y9r__2__1.B__1.G,DOWNLOADED,388774
4y9r__2__1.B__1.H,DOWNLOADED,391115
4y9u__2__1.B__1.F,DOWNLOADED,384061
4y9u__2__1.B__1.G,DOWNLOADED,386551
5y9a__1__1.A__1.B,DOWNLOADED,117584
5y9z__1__1.A_1.B__1.C_1.F_1.G,DOWNLOADED,255968
5y9z__1__1.A_1.B__1.L_1.M_1.N,DOWNLOADED,256113
1ycl__1__1.A_2.A__1.B_1.D,DOWNLOADED,193892
1ycl__1__1.A_2.A__2.B_2.D,DOWNLOADED,193810
2ych__1__1.A__1.C_1.D,DOWNLOADED,206187
4yc0__1__1.A__1.B,DOWNLOADED,271538
5yc8__1__1.A__1.B,DOWNLOADED,251028
5ycr__1__1.B__1.K,DOWNLOADED,159316
1upa__1__1.A_1.B__1.E_1.F,DOWNLOADED,659520
1upa__1__1.A_1.B__1.I_1.J,DOWNLOADED,659600
1upa__1__1.C_1.D__1.M_1.N,DOWNLOADED,656832
1upa__1__1.C_1.D__1.Q_1.R,DOWNLOADED,656752
1upb__1__1.A_1.B__1.E_1.F,DOWNLOADED,658602
1upb__1__1.A_1.B__1.I_1.J,DOWNLOADED,658755
1upb__1__1.C_1.D__1.M_1.N,DOWNLOADED,655913
1upb__1__1.C_1.D__1.Q_1.R,DOWNLOADED,655833
1upc__1__1.A_1.B__1.G_1.H,DOWNLOADED,659992
1upc__1__1.A_1.B__1.K_1.L,DOWNLOADED,660073
1upc__1__1.C_1.D__1.O_1.P,DOWNLOADED,660194
1upc__1__1.C_1.D__1.S_1.T,DOWNLOADED,660114
1upc__2__1.E_1.F__1.AA_1.BA,DOWNLOADED,667224
1upc__2__1.E_1.F__1.W_1.X,DOWNLOADED,667058
1upc__2__2.E_2.F__2.AA_2.BA,DOWNLOADED,669368
1upc__2__2.E_2.F__2.W_2.X,DOWNLOADED,669202
1upt__1__1.C__1.K_1.L,DOWNLOADED,106680
1upt__2__1.G__1.O_1.P,DOWNLOADED,109568
3up0__1__1.A__1.E,DOWNLOADED,157625
3up0__2__1.C__1.F,DOWNLOADED,156872
3up3__1__1.A__1.C,DOWNLOADED,154028
3upk__1__1.A__1.C_1.D_1.I,DOWNLOADED,259367
5up0__1__1.A__1.D,DOWNLOADED,213516
6up4__1__1.A__1.B_1.C,DOWNLOADED,521498
1xnz__1__1.A__1.B_1.C_1.E,DOWNLOADED,161176
2xnv__1__1.F_1.G__1.P,DOWNLOADED,263064
2xnv__1__1.G_1.H__1.Q,DOWNLOADED,264611
2xnv__1__1.I_1.J__1.S,DOWNLOADED,263195
2xnv__2__1.A_1.B__1.K,DOWNLOADED,262645
2xnv__2__1.A_1.E__1.O,DOWNLOADED,264245
2xnv__2__1.B_1.C__1.L,DOWNLOADED,263184
2xnv__2__1.C_1.D__1.M,DOWNLOADED,264783
2xnv__2__1.D_1.E__1.N,DOWNLOADED,264805
5xn1__2__1.D__1.L_1.M,DOWNLOADED,377403
5xn2__2__1.D__1.L_1.M,DOWNLOADED,377342
4xs9__1__1.A_1.B__1.C,DOWNLOADED,411702
4xs9__1__1.A_1.B__1.D,DOWNLOADED,411626
4xsg__1__1.A__1.C_1.D,DOWNLOADED,114847
4xsr__1__1.A__1.E,DOWNLOADED,227471
4xsr__1__1.B__1.J,DOWNLOADED,227295
5xs2__1__1.A__1.D,DOWNLOADED,242300
5xsw__1__1.A_1.B__1.D_1.Q,DOWNLOADED,625270
1x3s__1__1.A__1.B_1.C,DOWNLOADED,114209
2x38__1__1.A__1.B,DOWNLOADED,533605
2x3f__1__1.B__1.E,DOWNLOADED,176611
2x3u__1__1.A__1.B,DOWNLOADED,191871
5x30__1__1.A_1.B__1.F_1.G,DOWNLOADED,483784
5x30__1__1.C_1.D__1.I,DOWNLOADED,481379
6x3b__1__1.A__1.E,DOWNLOADED,189409
6x3b__1__1.B__1.G,DOWNLOADED,186593
6x3b__2__1.C__1.I,DOWNLOADED,181446
3wid__1__1.A_1.C__1.F,DOWNLOADED,447903
3wid__1__1.A_1.C__1.P,DOWNLOADED,447757
3wid__1__1.B_1.D__1.K,DOWNLOADED,444955
3wid__1__1.B_1.D__1.V,DOWNLOADED,444737
5wi5__1__1.A__1.G,DOWNLOADED,257151
5wi5__2__1.B__1.J,DOWNLOADED,259046
5wi5__3__1.C__1.M,DOWNLOADED,259053
5wi5__4__1.D__1.P,DOWNLOADED,255992
5wid__2__1.B__1.G,DOWNLOADED,89117
5wiu__1__1.A__1.B,DOWNLOADED,226392
5wiv__1__1.A__1.B,DOWNLOADED,230138
2yut__1__1.A__1.B,DOWNLOADED,122213
2yut__1__2.A__2.B,DOWNLOADED,121908
4yuv__1__1.A__1.C,DOWNLOADED,179018
4yuv__1__1.B__1.D,DOWNLOADED,185008
6yus__1__1.A__1.C,DOWNLOADED,159634
6yus__1__1.B__1.E,DOWNLOADED,156505
6yus__1__2.B__2.E,DOWNLOADED,161028
2wx9__1__1.A__1.B,DOWNLOADED,195774
2wxg__1__1.A__1.B,DOWNLOADED,548590
3wxb__1__1.A__1.C_1.D,DOWNLOADED,168996
3wxb__1__1.B__1.E,DOWNLOADED,157445
3wxc__1__1.A__1.C_1.D_1.E,DOWNLOADED,136515
3wxc__2__1.B__1.F_1.G_1.H,DOWNLOADED,135013
3wxy__1__1.A__1.C,DOWNLOADED,237210
3wxy__1__1.B__1.D,DOWNLOADED,234978
4wx1__1__1.A__1.E,DOWNLOADED,317735
4wx1__1__1.B__1.H,DOWNLOADED,320628
5wx3__1__1.A__1.E,DOWNLOADED,237817
5wx3__2__1.D__1.K,DOWNLOADED,233254
5wx6__1__1.A__1.G,DOWNLOADED,230169
5wx6__2__1.B__1.I,DOWNLOADED,238738
5wx7__1__1.B__1.G,DOWNLOADED,235912
5wx7__2__1.C__1.I,DOWNLOADED,238430
5wxi__1__1.A__1.C,DOWNLOADED,247393
5wxi__1__1.B__1.L,DOWNLOADED,243620
5wxk__1__1.A_1.B__1.C,DOWNLOADED,281061
6wx2__2__1.D_1.E__1.F,DOWNLOADED,268815
2xx2__1__1.A__1.E,DOWNLOADED,260692
2xx2__1__1.D__1.L,DOWNLOADED,260578
2xx2__2__1.B__1.I,DOWNLOADED,263415
2xx2__2__1.C__1.J,DOWNLOADED,266327
2xxt__1__1.A__1.C,DOWNLOADED,160491
2xxt__1__1.B__1.F,DOWNLOADED,162388
2xxv__1__1.A__1.C,DOWNLOADED,159826
2xxv__1__1.B__1.E,DOWNLOADED,161125
3to7__2__1.A_2.A__2.B,DOWNLOADED,367733
3to9__2__1.A_2.A__2.B,DOWNLOADED,368017
3tou__1__1.A_1.B__1.E_1.F,DOWNLOADED,259972
4to0__1__1.A__1.E,DOWNLOADED,314384
4to0__1__1.B__1.J,DOWNLOADED,314697
4to0__1__1.C__1.O,DOWNLOADED,314474
4to0__1__1.D__1.R,DOWNLOADED,316048
4to2__1__1.A__1.E_1.F,DOWNLOADED,315856
4to2__1__1.B__1.K_1.L,DOWNLOADED,320200
4to2__1__1.C__1.R_1.S,DOWNLOADED,321084
4to2__1__1.D__1.V_1.W,DOWNLOADED,316022
4to3__1__1.A__1.E_1.F,DOWNLOADED,315460
4to3__1__1.B__1.K_1.L,DOWNLOADED,319969
4to3__1__1.C__1.R_1.S,DOWNLOADED,321016
4to3__1__1.D__1.V_1.W,DOWNLOADED,315556
4to4__1__1.A__1.E_1.F,DOWNLOADED,314835
4to4__1__1.B__1.J_1.K,DOWNLOADED,315057
4to4__1__1.C__1.R_1.S,DOWNLOADED,315718
4to4__1__1.D__1.V_1.W,DOWNLOADED,318205
4to6__1__1.A__1.E,DOWNLOADED,318601
4to6__1__1.B__1.I,DOWNLOADED,319204
4to6__1__1.C__1.O,DOWNLOADED,319071
4to6__1__1.D__1.S,DOWNLOADED,318631
5toe__1__1.A__1.B,DOWNLOADED,176823
5tou__1__1.B_1.E_1.F__1.S,DOWNLOADED,299509
5tou__1__1.C_1.D_1.F__1.P,DOWNLOADED,297839
5tou__1__1.D__1.Q,DOWNLOADED,103237
5tou__1__1.F__1.T,DOWNLOADED,104805
5tou__1__1.G_1.H_1.J__1.V,DOWNLOADED,296398
5tou__1__1.H_1.K_1.L__1.BA,DOWNLOADED,292436
5tou__1__1.L__1.CA,DOWNLOADED,103185
6to4__1__1.A_1.D__1.E,DOWNLOADED,324417
6toj__1__1.A_2.A__1.B_2.D,DOWNLOADED,165014
6toj__1__1.A_2.A__1.D_2.B,DOWNLOADED,165012
2xzl__1__1.A__1.F_1.G_1.H,DOWNLOADED,453728
2xzo__1__1.A__1.F_1.G_1.H,DOWNLOADED,377815
2xzw__2__1.D_1.E__1.S,DOWNLOADED,125375
2xzw__2__1.E_1.F__1.T,DOWNLOADED,126337
2xzw__3__1.G_1.H__1.X,DOWNLOADED,136300
5xzb__1__1.A__1.E,DOWNLOADED,242001
5xzg__1__1.A__1.E,DOWNLOADED,244008
5xzh__1__1.A__1.C,DOWNLOADED,155293
1xl5__1__1.A_1.B__1.F,DOWNLOADED,118968
1xlz__1__1.A__1.E,DOWNLOADED,209355
1xlz__2__1.B__1.H,DOWNLOADED,210016
5xl3__1__1.A__1.H,DOWNLOADED,205532
5xl4__2__1.C__1.J,DOWNLOADED,206175
5xl9__1__1.A__1.F,DOWNLOADED,315086
5xlc__2__1.C__1.J,DOWNLOADED,209676
5xlz__1__1.B_1.C__1.J_1.K,DOWNLOADED,1056196
5xlz__1__1.C_1.D__1.O_1.P,DOWNLOADED,1035176
5xlz__1__1.C_1.D__1.S,DOWNLOADED,1034060
5xlz__1__1.D__1.R_1.T,DOWNLOADED,504040
1yfz__1__1.A__1.E_1.F,DOWNLOADED,113760
1yfz__1__1.B__1.I_1.J,DOWNLOADED,112929
1yfz__1__2.A__2.E_2.F,DOWNLOADED,113706
1yfz__1__2.B__2.I_2.J,DOWNLOADED,113008
1yfz__2__1.B__1.I_1.J,DOWNLOADED,112929
1yfz__2__2.B__2.I_2.J,DOWNLOADED,113008
1yfz__3__1.A__1.E_1.F,DOWNLOADED,113760
1yfz__3__2.A__2.E_2.F,DOWNLOADED,113706
2yfc__1__1.A_1.B__1.E_1.H_1.I,DOWNLOADED,321524
2yfd__2__1.A_1.B__1.F_1.H,DOWNLOADED,312332
1yt0__1__1.A__1.B_1.C,DOWNLOADED,123020
5ytb__1__1.A__1.D_1.E,DOWNLOADED,134668
5ytd__1__1.A__1.D_1.E_1.F,DOWNLOADED,341992
6ytm__1__1.A__1.C,DOWNLOADED,73658
6ytm__2__1.B__1.F,DOWNLOADED,72742
6yty__1__1.A__1.C,DOWNLOADED,231111
4ymh__1__1.A__1.E,DOWNLOADED,155175
4ymh__1__1.B__1.G,DOWNLOADED,152778
4ymh__2__1.D__1.K,DOWNLOADED,152874
4yml__1__1.A_2.A__1.B,DOWNLOADED,273460
4yml__1__1.A_2.A__2.B,DOWNLOADED,273460
4ymo__1__1.A__1.E_1.F_1.I,DOWNLOADED,209055
6ym9__1__1.A__1.C,DOWNLOADED,178526
1w6h__1__1.A__1.C,DOWNLOADED,206865
1w6h__2__1.B__1.D,DOWNLOADED,207972
3w68__1__1.A_1.B_1.D__1.I,DOWNLOADED,488788
3w68__3__1.B__1.I,DOWNLOADED,168802
3w6n__1__1.A_1.B__1.C_1.D_1.E,DOWNLOADED,427341
3w6n__1__1.A_1.B__1.F_1.G_1.H,DOWNLOADED,427356
3w6o__1__1.A_1.B__1.C_1.D,DOWNLOADED,425825
3w6o__1__1.A_1.B__1.E_1.F,DOWNLOADED,425824
3w6p__1__1.A_1.B__1.C_1.D_1.E_1.F,DOWNLOADED,423524
3w6p__1__1.A_1.B__1.G_1.H_1.I_1.J,DOWNLOADED,423603
3w6u__1__1.A__1.B,DOWNLOADED,172460
3w6u__2__2.A__2.B,DOWNLOADED,172394
4w6z__2__1.C_1.D__1.L_1.N_1.O,DOWNLOADED,414907
4w6z__2__2.C_2.D__2.L_2.N_2.O,DOWNLOADED,410079
5w6e__1__1.A__1.D,DOWNLOADED,208002
5w6s__1__1.A_2.A__1.C_2.B,DOWNLOADED,819192
5w6s__1__1.A_3.A__1.B_3.C,DOWNLOADED,818963
5w6s__1__2.A_3.A__2.C_3.B,DOWNLOADED,819040
6w65__2__1.B__1.K_1.L,DOWNLOADED,155376
6w65__3__1.C__1.U,DOWNLOADED,156397
2vro__1__1.A__1.C,DOWNLOADED,309534
2vrx__1__1.A__1.E,DOWNLOADED,180004
3vrd__1__1.B__1.H,DOWNLOADED,242868
3vrt__1__1.A__1.C,DOWNLOADED,149372
3vrv__1__1.A__1.C,DOWNLOADED,154334
5vr8__1__1.A_1.B__1.H,DOWNLOADED,571888
5vr8__1__1.A_1.B__1.J,DOWNLOADED,571824
5vr8__1__1.A__1.G,DOWNLOADED,289718
5vr8__1__1.B__1.I,DOWNLOADED,293010
5vr8__1__1.C_1.E__1.L,DOWNLOADED,582907
5vr8__1__1.C_1.E__1.P,DOWNLOADED,582836
5vr8__1__1.C__1.K,DOWNLOADED,297317
5vr8__1__1.D_1.F__1.N,DOWNLOADED,575219
5vr8__1__1.D_1.F__1.R,DOWNLOADED,575209
5vr8__1__1.D__1.M,DOWNLOADED,294294
5vr8__1__1.E__1.O,DOWNLOADED,295620
5vr8__1__1.F__1.Q,DOWNLOADED,290952
5vrj__1__1.A__1.C_1.D_1.E,DOWNLOADED,120266
5vrj__2__1.A__1.C_1.D_1.E,DOWNLOADED,120266
5vrj__2__2.A__2.C_2.D_2.E,DOWNLOADED,120310
5vrj__2__3.A__3.C_3.D_3.E,DOWNLOADED,120310
5vrj__2__4.A__4.C_4.D_4.E,DOWNLOADED,120241
3wr5__1__1.A__1.E,DOWNLOADED,252884
3wr5__1__1.B__1.F,DOWNLOADED,250133
3wr5__2__1.C__1.G,DOWNLOADED,254057
3wrx__1__1.A_1.C__1.E,DOWNLOADED,523107
3wrx__2__1.B_1.D__1.L,DOWNLOADED,527514
3wrx__2__1.D__1.W_1.X,DOWNLOADED,276444
3wry__1__1.A_1.C__1.E,DOWNLOADED,528981
3wry__2__1.B_1.D__1.G,DOWNLOADED,526398
3wry__2__1.D__1.K_1.L,DOWNLOADED,274289
4wr4__1__1.A_2.A__1.B,DOWNLOADED,289517
4wr4__1__1.A_2.A__2.B,DOWNLOADED,289514
4wr5__1__1.A_2.A__1.B,DOWNLOADED,289025
4wr5__1__1.A_2.A__2.B,DOWNLOADED,289023
4wrs__1__1.A__1.D,DOWNLOADED,182368
5wr6__1__1.A__1.B_1.C,DOWNLOADED,194986
6wre__1__1.A__1.D,DOWNLOADED,230634
2yay__1__1.A_2.A__1.B_1.C_1.D,DOWNLOADED,311308
2yay__1__1.A_2.A__2.B_2.C_2.D,DOWNLOADED,311161
2yaz__1__1.A_1.B__1.E,DOWNLOADED,319686
2yaz__1__1.A_1.B__1.I,DOWNLOADED,319576
2yaz__2__1.C_1.D__1.J_1.K,DOWNLOADED,321386
2yaz__2__1.C_1.D__1.N_1.O,DOWNLOADED,321386
5ya8__1__1.C_1.D__1.I,DOWNLOADED,443062
5yap__1__1.C_1.D__1.K,DOWNLOADED,439353
5yaq__1__1.A_1.B__1.E,DOWNLOADED,446667
5yax__1__1.B_1.C__1.C_1.D,DOWNLOADED,149430
6yar__1__1.A_1.B__1.E_1.F,DOWNLOADED,305275
6yay__1__1.A_1.B__1.G_1.H,DOWNLOADED,298534
1y1q__1__1.C_1.F__1.I,DOWNLOADED,286164
1y1r__1__1.C_1.F__1.J_1.K,DOWNLOADED,285444
5y1b__1__1.A__1.D,DOWNLOADED,371273
5y1b__2__2.A__2.D,DOWNLOADED,368815
5y1r__1__1.A__1.B_1.G,DOWNLOADED,581801
5y1x__1__1.A__1.B_1.D,DOWNLOADED,584607
6y1u__1__1.A__1.K,DOWNLOADED,174891
3wsp__2__1.B__1.G,DOWNLOADED,291819
4wsy__1__1.A__1.B,DOWNLOADED,180199
5ws3__1__1.A__1.B,DOWNLOADED,329460
5ws9__1__1.A__1.G,DOWNLOADED,285705
5ws9__1__1.B__1.M,DOWNLOADED,285190
5ws9__1__1.C__1.R_1.U,DOWNLOADED,289670
5ws9__1__1.C__1.T,DOWNLOADED,288491
5ws9__1__1.D__1.Z,DOWNLOADED,285454
5wsb__1__1.A__1.E,DOWNLOADED,291339
5wsb__1__1.A__1.F,DOWNLOADED,290732
5wsb__1__1.B__1.I,DOWNLOADED,290567
5wsb__1__1.B__1.J,DOWNLOADED,290071
5wsb__1__1.C__1.N,DOWNLOADED,291386
5wsb__1__1.C__1.O,DOWNLOADED,290779
5wsb__1__1.D__1.S,DOWNLOADED,293455
5wsb__1__1.D__1.T,DOWNLOADED,292963
5wsc__1__1.A__1.E,DOWNLOADED,290517
5wsc__1__1.A__1.F,DOWNLOADED,289910
5wsc__1__1.B__1.I,DOWNLOADED,290319
5wsc__1__1.B__1.J,DOWNLOADED,289600
5wsc__1__1.C__1.N,DOWNLOADED,287254
5wsc__1__1.C__1.O,DOWNLOADED,286647
5wsc__1__1.D__1.S,DOWNLOADED,288549
5wsc__1__1.D__1.T,DOWNLOADED,287942
1ye6__3__1.A_3.C__1.F,DOWNLOADED,405917
1ye6__3__1.A_3.C__3.L,DOWNLOADED,405768
1ye6__3__1.B_2.B__1.J,DOWNLOADED,402914
1ye6__3__1.B_2.B__2.J,DOWNLOADED,402692
1ye6__3__2.A_2.C__2.F,DOWNLOADED,402351
1ye6__3__2.A_2.C__2.L,DOWNLOADED,402275
1ye6__3__2.D_3.D__2.P,DOWNLOADED,406755
1ye6__3__2.D_3.D__3.P,DOWNLOADED,406680
2yek__2__1.C__1.G,DOWNLOADED,72853
4yed__1__1.A__1.E,DOWNLOADED,148845
4yed__1__1.B__1.G,DOWNLOADED,153584
4yed__2__1.C__1.I,DOWNLOADED,152342
4yer__1__1.A_1.B__1.F,DOWNLOADED,345707
5yec__1__1.A_1.C__1.F_1.G,DOWNLOADED,380242
5yec__1__1.A_1.C__1.I_1.J,DOWNLOADED,380320
1wng__1__1.A__1.F,DOWNLOADED,167584
2wnc__1__1.B_1.C__1.H,DOWNLOADED,277467
3wnb__1__1.A__1.B_1.C,DOWNLOADED,222561
3wnc__1__1.A__1.B_1.C,DOWNLOADED,222482
3wnf__1__1.A_1.B__1.D_1.J,DOWNLOADED,165835
3wng__1__1.A_1.B__1.C,DOWNLOADED,166211
3wnh__1__1.A_1.B__1.D,DOWNLOADED,167299
3wnz__1__1.A__1.B_1.C_1.D_1.E,DOWNLOADED,290501
3wnz__1__2.A__2.B_2.C_2.D_2.E,DOWNLOADED,295786
4wn3__1__1.A_2.A__1.B_1.C,DOWNLOADED,268150
4wn3__1__1.A_2.A__2.B_2.C,DOWNLOADED,268148
4wnk__1__1.A__1.B,DOWNLOADED,331950
5wnf__1__1.B__1.H,DOWNLOADED,244208
5wnf__2__1.C__1.I,DOWNLOADED,259627
6wn2__1__1.A__1.C,DOWNLOADED,201023
6wn2__1__1.B__1.L,DOWNLOADED,199062
6wnd__1__1.A__1.I,DOWNLOADED,200207
6wnd__1__2.B__2.P,DOWNLOADED,207017
6wnd__1__2.C__2.X,DOWNLOADED,208691
2v67__1__1.A_1.B__1.Q_1.R,DOWNLOADED,578623
2v67__1__1.A_1.B__1.Y_1.Z,DOWNLOADED,578619
2v67__1__1.C_1.D__1.FA_1.GA,DOWNLOADED,590450
2v67__1__1.C_1.D__1.NA_1.OA,DOWNLOADED,590458
2v67__1__1.E_1.F__1.CB_1.DB,DOWNLOADED,582571
2v67__1__1.E_1.F__1.UA_1.VA,DOWNLOADED,582646
2v67__1__1.G_1.H__1.JB_1.KB,DOWNLOADED,577901
2v67__1__1.G_1.H__1.RB_1.SB,DOWNLOADED,577834
2v68__1__1.A_1.B__1.Q_1.R,DOWNLOADED,578500
2v68__1__1.A_1.B__1.X_1.Y,DOWNLOADED,578496
2v68__1__1.C_1.D__1.DA_1.EA,DOWNLOADED,590491
2v68__1__1.C_1.D__1.KA_1.LA,DOWNLOADED,590422
2v68__1__1.E_1.F__1.QA_1.RA,DOWNLOADED,582929
2v68__1__1.E_1.F__1.WA_1.XA,DOWNLOADED,582851
2v68__1__1.G_1.H__1.DB_1.EB,DOWNLOADED,576246
2v68__1__1.G_1.H__1.IB_1.JB,DOWNLOADED,576254
2v6a__1__1.A_1.B__1.AA_1.Z,DOWNLOADED,580467
2v6a__1__1.A_1.B__1.Q_1.R,DOWNLOADED,580461
2v6a__1__1.C_1.D__1.GA_1.HA,DOWNLOADED,587386
2v6a__1__1.C_1.D__1.OA_1.PA,DOWNLOADED,587387
2v6a__1__1.E_1.F__1.BB_1.CB,DOWNLOADED,580745
2v6a__1__1.E_1.F__1.VA_1.WA,DOWNLOADED,580666
2v6a__1__1.G_1.H__1.JB_1.KB,DOWNLOADED,574772
2v6a__1__1.G_1.H__1.QB_1.RB,DOWNLOADED,574772
5v6q__1__1.A__1.E_1.F,DOWNLOADED,193310
5v6q__1__1.B__1.H_1.I,DOWNLOADED,192619
5v6q__2__1.C__1.K_1.L,DOWNLOADED,192808
5v6q__2__1.D__1.M_1.N,DOWNLOADED,192906
1yj6__1__1.A_1.B__1.D_1.E,DOWNLOADED,281079
1yj6__1__1.A_1.B__1.F_1.G,DOWNLOADED,281188
1yj6__2__1.C_2.C__1.H_1.I,DOWNLOADED,285488
1yj6__2__1.C_2.C__2.H_2.I,DOWNLOADED,285488
1yjq__1__1.A__1.D,DOWNLOADED,184018
2yjw__1__1.A__1.B,DOWNLOADED,251096
2yjx__1__1.A__1.B,DOWNLOADED,131472
2yjz__4__1.D__1.L_1.M,DOWNLOADED,110071
5yjk__1__1.A__1.B,DOWNLOADED,137408
6yjc__1__1.A__1.B,DOWNLOADED,214314
6yjt__1__1.A__1.C_1.G,DOWNLOADED,642336
6yjt__2__1.B__1.K,DOWNLOADED,640041
6yjw__1__1.A__1.C,DOWNLOADED,217999
6yjw__1__1.B__1.G,DOWNLOADED,219534
1w34__1__1.A__1.B,DOWNLOADED,190385
1w35__1__1.A__1.B,DOWNLOADED,190720
3w3d__1__1.A__1.D_1.E,DOWNLOADED,236718
3w3j__1__1.A_1.B__1.AA_1.V,DOWNLOADED,946286
3w3j__1__1.A_1.B__1.M_1.O,DOWNLOADED,946281
3w3k__1__1.A_1.B__1.I,DOWNLOADED,947027
3w3k__1__1.A_1.B__1.M,DOWNLOADED,946957
3w3l__1__1.A_1.D__1.JA_1.QA,DOWNLOADED,953582
3w3l__1__1.A_1.D__1.KA_1.V,DOWNLOADED,953854
3w3l__2__1.B_1.C__1.AA_1.CA,DOWNLOADED,971631
3w3l__2__1.B_1.C__1.DA_1.EA,DOWNLOADED,971628
3w3n__1__1.A_1.B__1.O,DOWNLOADED,955412
3w3n__1__1.A_1.B__1.Q,DOWNLOADED,955225
6w39__1__1.A__1.C,DOWNLOADED,455390
6w39__1__1.B__1.D,DOWNLOADED,458426
6w3k__1__1.A__1.B,DOWNLOADED,264732
2z1m__1__1.A__1.F,DOWNLOADED,219145
2z1m__1__1.D__1.H,DOWNLOADED,220338
4z1q__1__1.A__1.C,DOWNLOADED,86661
4z1q__2__1.B__1.D,DOWNLOADED,88104
4z1s__1__1.A__1.C,DOWNLOADED,87460
4z1s__2__1.B__1.D,DOWNLOADED,86857
6z10__1__1.A__1.C,DOWNLOADED,186314
6z14__1__1.A__1.D,DOWNLOADED,426099
1ynh__1__1.A__1.F,DOWNLOADED,273607
1ynh__1__1.D__1.L,DOWNLOADED,274047
1ynh__2__1.B__1.H,DOWNLOADED,273305
1ynh__2__1.C__1.J,DOWNLOADED,273496
1yni__1__1.A__1.F,DOWNLOADED,274225
1yni__1__1.D__1.L,DOWNLOADED,274631
1yni__2__1.B__1.H,DOWNLOADED,273288
1yni__2__1.C__1.J,DOWNLOADED,274125
1ynq__2__1.B__1.P,DOWNLOADED,194064
2yne__1__1.A__1.F,DOWNLOADED,253305
2yne__2__1.B__1.M,DOWNLOADED,252426
2yne__3__1.C__1.R,DOWNLOADED,244504
2yng__1__1.A__1.G,DOWNLOADED,358763
4ynt__1__1.A__1.B,DOWNLOADED,349822
5ynw__1__1.A__1.C,DOWNLOADED,197693
6yn2__1__1.A__1.C_1.D,DOWNLOADED,209502
6yn2__2__1.B__1.F,DOWNLOADED,205814
6ynj__1__1.A__1.D,DOWNLOADED,103032
1zd9__1__1.A__1.B_1.C,DOWNLOADED,108363
1zdp__1__1.A__1.F_1.G,DOWNLOADED,193939
3zdu__1__1.A__1.B,DOWNLOADED,186595
5zdb__1__1.A__1.C,DOWNLOADED,158229
5zdb__2__1.B__1.D,DOWNLOADED,157707
6zdr__1__1.A__1.B,DOWNLOADED,240933
1yz0__1__1.A_1.B__1.C_1.D,DOWNLOADED,399124
1yz0__1__1.A_2.A__1.E,DOWNLOADED,396974
1yz0__1__1.A_2.A__2.E,DOWNLOADED,396974
1yz0__1__1.B__1.H,DOWNLOADED,203713
1yz3__1__1.A__1.D,DOWNLOADED,164067
1yz3__1__1.B__1.F,DOWNLOADED,165745
1yzl__1__1.A__1.B_1.C,DOWNLOADED,111513
1yzx__1__1.A_1.B__1.C,DOWNLOADED,271137
1yzx__1__1.A_1.B__1.D,DOWNLOADED,271246
2yzj__1__1.A_1.B__1.D,DOWNLOADED,197386
2yzj__1__1.A_1.C__1.J,DOWNLOADED,197009
2yzj__1__1.B_1.C__1.I,DOWNLOADED,196558
4yzc__1__1.A__1.C,DOWNLOADED,473261
4yzc__2__1.B__1.D,DOWNLOADED,462403
4ys0__1__1.A__1.B_1.C,DOWNLOADED,530980
4ysi__1__1.A__1.B_1.C,DOWNLOADED,176633
4ysx__1__1.A_1.B__1.I_1.J,DOWNLOADED,543966
4ysx__1__1.B_1.C_1.D__1.N,DOWNLOADED,335731
4ysx__2__1.E_1.F__1.Q_1.R,DOWNLOADED,543826
4ysx__2__1.F_1.G_1.H__1.W,DOWNLOADED,336619
6ysk__1__1.A__1.I,DOWNLOADED,230508
1y52__1__1.A_2.B__1.E,DOWNLOADED,147496
1y52__1__1.A_2.B__2.H,DOWNLOADED,147497
1y52__1__1.B_2.A__1.H,DOWNLOADED,147757
1y52__1__1.B_2.A__2.E,DOWNLOADED,147756
1y55__1__1.A_2.B__1.C,DOWNLOADED,146675
1y55__1__1.A_2.B__2.F,DOWNLOADED,146749
1y55__1__1.B_2.A__1.F,DOWNLOADED,146948
1y55__1__1.B_2.A__2.C,DOWNLOADED,146949
1y5x__1__1.A__1.D,DOWNLOADED,227341
1y5x__2__1.B__1.F,DOWNLOADED,219376
6y55__1__1.A__1.B,DOWNLOADED,524141
6y5c__1__1.A__1.B,DOWNLOADED,524107
6y5o__1__1.A__1.B,DOWNLOADED,524107
4xu6__1__1.A__1.E,DOWNLOADED,108983
4xug__1__1.A_1.B__1.C,DOWNLOADED,402023
4xug__1__2.A_2.B__2.C,DOWNLOADED,402541
6xu1__1__1.A__1.I_1.J_1.K_1.M,DOWNLOADED,312998
6xu1__1__1.B__1.P_1.Q_1.R_1.T,DOWNLOADED,316954
6xu1__1__1.C__1.AA_1.W_1.X_1.Y,DOWNLOADED,314043
6xu1__1__1.D__1.EA_1.FA_1.GA_1.IA,DOWNLOADED,314579
6xu1__2__1.E__1.LA_1.MA_1.NA_1.PA,DOWNLOADED,306448
6xu1__2__1.F__1.TA_1.UA_1.VA_1.XA,DOWNLOADED,317144
6xu1__2__1.G__1.AB_1.BB_1.CB_1.EB,DOWNLOADED,316222
6xu1__2__1.H__1.HB_1.IB_1.JB_1.LB,DOWNLOADED,313765
1wq3__1__1.A__1.B,DOWNLOADED,204548
1wq3__1__2.A__2.B,DOWNLOADED,203035
2wqq__1__1.A__1.B,DOWNLOADED,167917
2wqy__2__1.F_1.G_1.H__1.JD,DOWNLOADED,297993
3wq5__1__1.A__1.E,DOWNLOADED,309706
3wq5__2__1.B__1.H,DOWNLOADED,306904
3wq6__1__1.A__1.E,DOWNLOADED,303558
3wq6__2__1.B__1.F,DOWNLOADED,305359
3wqp__1__1.A_2.C__1.K_1.L,DOWNLOADED,544136
3wqp__1__1.A_2.C__2.Q_2.R,DOWNLOADED,544073
3wqp__1__1.B_2.B__1.N_1.O,DOWNLOADED,552031
3wqp__1__1.B_2.B__2.N_2.O,DOWNLOADED,552041
3wqp__1__1.C_2.A__1.Q_1.R,DOWNLOADED,549687
3wqp__1__1.C_2.A__2.K_2.L,DOWNLOADED,549759
3wqp__1__1.D_2.E__1.T_1.U,DOWNLOADED,550258
3wqp__1__1.D_2.E__2.W_2.X,DOWNLOADED,550333
3wqp__1__1.E_2.D__1.W_1.X,DOWNLOADED,544278
3wqp__1__1.E_2.D__2.T_2.U,DOWNLOADED,544214
3wqp__2__1.F_2.H__1.AA_1.Z,DOWNLOADED,547965
3wqp__2__1.G_2.G__1.BA_1.CA,DOWNLOADED,539330
3wqp__2__1.G_2.G__2.BA_2.CA,DOWNLOADED,539330
3wqp__2__1.H_2.F__2.AA_2.Z,DOWNLOADED,539645
3wqp__2__1.I_2.J__1.HA_1.IA,DOWNLOADED,546074
3wqp__2__1.I_2.J__2.LA_2.MA,DOWNLOADED,546173
3wqp__2__1.J_2.I__1.LA_1.MA,DOWNLOADED,554035
3wqp__2__1.J_2.I__2.HA_2.IA,DOWNLOADED,553952
4wq2__1__1.B__1.J,DOWNLOADED,111368
4wql__1__1.A__1.B_1.C_1.D_1.H_1.N,DOWNLOADED,112771
5wqc__1__1.A__1.B,DOWNLOADED,324894
5wqj__1__1.A__1.C,DOWNLOADED,180322
5wqj__2__1.B__1.G,DOWNLOADED,183432
5wqk__1__1.A__1.C,DOWNLOADED,182917
5wqk__2__1.B__1.F,DOWNLOADED,185203
6wqa__1__1.A__1.C,DOWNLOADED,239178
2x2f__1__1.A_1.B__1.C_1.D_1.E_1.F,DOWNLOADED,417557
2x2f__1__1.A_1.B__1.G_1.H_1.I_1.J,DOWNLOADED,417641
4x2u__1__1.A__1.B_1.C_1.F_1.M,DOWNLOADED,576046
3x22__1__1.A_1.B__1.C,DOWNLOADED,267762
3x22__1__1.A_1.B__1.D,DOWNLOADED,267828
3x2q__1__1.A_1.B__1.KA,DOWNLOADED,477839
3x2q__1__1.A_1.D_1.L_1.M__1.AB,DOWNLOADED,483278
3x2q__2__1.N_1.O__1.MB,DOWNLOADED,483806
5x2b__11__1.K__1.PA,DOWNLOADED,185774
5x2b__3__1.C__1.R,DOWNLOADED,180288
5x2b__5__1.E__1.Z,DOWNLOADED,183160
5x2b__6__1.F__1.BA,DOWNLOADED,184635
5x2b__8__1.H__1.HA,DOWNLOADED,180774
5x2x__1__1.A_1.B__1.E_1.F,DOWNLOADED,472672
5x2x__1__1.A_1.B__1.G_1.H,DOWNLOADED,472562
5x2x__1__1.C_1.D__1.I_1.J,DOWNLOADED,477855
5x2x__1__1.C_1.D__1.K_1.L,DOWNLOADED,477744
5x2z__1__1.A_1.B__1.E,DOWNLOADED,476544
5x2z__1__1.A_1.B__1.F,DOWNLOADED,476544
5x2z__1__1.C_1.D__1.G,DOWNLOADED,481078
5x2z__1__1.C_1.D__1.H,DOWNLOADED,481078
6x2e__1__1.A_1.C__1.E,DOWNLOADED,406539
6x2e__1__1.A_1.C__1.F,DOWNLOADED,406393
6x2x__1__1.A__1.E_1.F,DOWNLOADED,133978
1yp1__1__1.A_1.B__1.B_1.C,DOWNLOADED,127120
2yp6__3__1.C__1.K,DOWNLOADED,92136
2yp6__4__1.D__1.N,DOWNLOADED,92404
2ype__1__1.A__1.E,DOWNLOADED,261027
4yp6__1__1.C__1.F,DOWNLOADED,113713
4yp6__1__2.C__2.F,DOWNLOADED,114425
4yp7__1__1.A__1.D,DOWNLOADED,110709
4yp7__1__1.B__1.E,DOWNLOADED,111814
4yp7__1__2.A__2.D,DOWNLOADED,111665
4yp7__1__2.B__2.E,DOWNLOADED,112896
5ypk__1__1.A__1.I_1.J_1.K,DOWNLOADED,140169
5ypk__3__1.C__1.Q_1.R_1.S,DOWNLOADED,140007
5ypk__4__1.E__1.EA_1.FA_1.GA,DOWNLOADED,140902
5ypk__5__1.F__1.JA_1.KA_1.LA,DOWNLOADED,140316
5ypk__7__1.H__1.SA_1.TA_1.UA,DOWNLOADED,139718
5ypk__8__1.D__1.X_1.Y_1.Z,DOWNLOADED,141119
5ypm__1__1.A__1.I_1.J_1.K,DOWNLOADED,140474
5ypm__3__1.C__1.Q_1.R_1.S,DOWNLOADED,142054
5ypm__4__1.D__1.U_1.V_1.W,DOWNLOADED,142280
5ypm__5__1.E__1.AA_1.BA_1.Z,DOWNLOADED,143364
5ypm__6__1.F__1.DA_1.EA_1.FA,DOWNLOADED,140613
5ypm__8__1.H__1.KA_1.LA_1.MA,DOWNLOADED,139045
5ypu__1__1.A__1.E_1.F,DOWNLOADED,224263
5ypu__2__1.C__1.I_1.J,DOWNLOADED,227716
2yge__1__1.A__1.B,DOWNLOADED,266831
2ygf__1__1.A__1.B,DOWNLOADED,265151
4ygf__1__1.A__1.I_1.K_1.L,DOWNLOADED,152479
4ygf__1__1.B__1.M_1.O,DOWNLOADED,150091
4ygf__2__1.C__1.P_1.R_1.S,DOWNLOADED,154707
4ygf__3__1.E__1.W_1.Y_1.Z,DOWNLOADED,150884
4ygf__3__1.F__1.AA_1.CA,DOWNLOADED,150601
4ygf__4__1.G__1.DA_1.FA_1.GA,DOWNLOADED,154086
4ygf__4__1.H__1.HA_1.JA_1.KA,DOWNLOADED,152325
5ygq__1__1.A_1.B__1.C,DOWNLOADED,408618
6ygr__1__1.A__1.C,DOWNLOADED,213909
6ygr__1__2.A__2.C,DOWNLOADED,214441
6ygz__1__1.A__1.C,DOWNLOADED,214206
1ywr__1__1.A__1.B,DOWNLOADED,219712
1ywt__1__1.A__1.C,DOWNLOADED,144526
1ywt__2__2.A__2.C,DOWNLOADED,144294
2ywf__1__1.A__1.B_1.C,DOWNLOADED,340781
2ywh__1__1.A__1.B_1.C,DOWNLOADED,335778
5ywe__1__1.A_1.B__1.E,DOWNLOADED,258903
5ywe__1__1.A_1.B__1.I,DOWNLOADED,258903
5ywe__2__1.C_1.D__1.J,DOWNLOADED,255913
5ywe__2__1.C_1.D__1.L,DOWNLOADED,256059
2z7k__1__1.A__1.C,DOWNLOADED,222607
5z75__1__1.A__1.E_1.F,DOWNLOADED,197874
5z75__1__1.B__1.H_1.J,DOWNLOADED,197779
5z75__2__1.D__1.N_1.P,DOWNLOADED,200184
5z7j__1__1.A__1.I,DOWNLOADED,164892
5z7j__1__1.C__1.M,DOWNLOADED,167268
5z7j__2__1.B__1.J,DOWNLOADED,166058
5z7j__2__1.D__1.N,DOWNLOADED,165399
5z7j__3__1.E__1.O,DOWNLOADED,163051
5z7j__3__1.H__1.R,DOWNLOADED,165327
5z7j__4__1.F__1.P,DOWNLOADED,165532
5z7j__4__1.G__1.Q,DOWNLOADED,165895
1yy6__1__1.A__1.B,DOWNLOADED,95177
1yyr__1__1.A__1.C,DOWNLOADED,234637
1yyr__1__1.B__1.E_1.F_1.G_1.H_1.I,DOWNLOADED,238285
1yyz__1__1.A_2.A__1.B_1.C_1.D_1.E,DOWNLOADED,393407
1yyz__1__1.A_2.A__2.B_2.C_2.D_2.E,DOWNLOADED,393419
1yyz__1__1.A__1.F,DOWNLOADED,198672
1yyz__1__3.A_4.A__3.B_3.C_3.D_3.E,DOWNLOADED,398333
1yyz__1__3.A_4.A__4.B_4.C_4.D_4.E,DOWNLOADED,398333
2yy7__1__1.A__1.E_1.G,DOWNLOADED,201692
2yy7__1__1.B__1.J_1.L,DOWNLOADED,200590
4yyi__1__1.A_1.B__1.C,DOWNLOADED,131087
4yyi__2__1.D_1.E__1.F,DOWNLOADED,131215
4yyj__2__1.D_1.E__1.F,DOWNLOADED,131830
4yyk__1__1.A_1.B__1.C,DOWNLOADED,131209
5yy6__1__1.A__1.B_1.C,DOWNLOADED,230842
5yy6__1__2.A__2.B_2.C,DOWNLOADED,232530
1xtq__1__1.A__1.B_1.C,DOWNLOADED,109141
1xtt__1__1.A_1.B__1.E,DOWNLOADED,260550
1xtt__1__1.A_1.B__1.F,DOWNLOADED,260043
1xtt__1__1.C_1.D__1.H,DOWNLOADED,264861
1xtt__1__1.C_1.D__1.I,DOWNLOADED,264410
2xtz__1__1.A__1.D_1.E,DOWNLOADED,229463
2xtz__2__1.B__1.H_1.I,DOWNLOADED,201691
2xtz__3__1.C__1.M_1.N,DOWNLOADED,189887
4xt0__1__1.A_2.A__1.B,DOWNLOADED,310684
4xt0__1__1.A_2.A__2.B,DOWNLOADED,310684
4xt9__1__1.A__1.C,DOWNLOADED,157346
4xti__2__1.B_3.B__1.E,DOWNLOADED,848384
4xti__2__1.B_4.B__4.E,DOWNLOADED,842979
4xtj__1__1.A_2.A__1.B_1.C_1.D,DOWNLOADED,465904
4xtj__1__1.A_2.A__2.B_2.C_2.D,DOWNLOADED,465984
1ydr__1__1.A_1.B__1.C,DOWNLOADED,233519
1yds__1__1.A_1.B__1.C,DOWNLOADED,233134
1ydt__1__1.A_1.B__1.C,DOWNLOADED,233971
1ydk__1__1.A_1.B__1.C,DOWNLOADED,269069
1ydk__1__1.A_1.B__1.D,DOWNLOADED,269070
2ydw__1__1.B__1.E,DOWNLOADED,72187
2ydw__1__2.B__2.E,DOWNLOADED,72361
6yd7__1__1.A__1.B,DOWNLOADED,556883
6yd9__1__1.A__1.B,DOWNLOADED,123856
6ydj__1__1.A__1.B_1.C_1.D,DOWNLOADED,132983
1zrh__1__1.A__1.B,DOWNLOADED,175822
4zrb__1__1.A_1.D_1.E__1.I,DOWNLOADED,229544
4zrb__1__1.A_1.D_1.G__1.K,DOWNLOADED,229044
4zrb__2__1.B_1.C_1.F__1.J,DOWNLOADED,227969
4zrb__2__1.B_1.C_1.H__1.L,DOWNLOADED,226943
4zrm__1__1.A__1.C_1.E,DOWNLOADED,197721
4zrm__1__1.B__1.F_1.G,DOWNLOADED,200970
6zrn__1__1.A__1.E_1.F,DOWNLOADED,112208
1yb1__1__1.A_1.B__1.H,DOWNLOADED,290748
2yb0__1__1.A_1.B__1.E_1.F_1.G_1.H,DOWNLOADED,323081
2yb0__1__1.A_1.B__1.I_1.J_1.K,DOWNLOADED,322494
2yb0__2__1.C_1.D__1.L_1.M_1.N,DOWNLOADED,323661
2yb0__2__1.C_1.D__1.O_1.P_1.Q,DOWNLOADED,323736
4ybt__1__1.A__1.E,DOWNLOADED,116173
6yb4__1__1.A__1.G,DOWNLOADED,87526
6ybk__1__1.A__1.D,DOWNLOADED,331002
6ybu__1__1.A_1.B__1.M_1.N,DOWNLOADED,302403
6ybu__1__1.A_1.B__1.O_1.P,DOWNLOADED,302636
6ybu__2__1.G_1.H__1.U_1.V,DOWNLOADED,297895
6ybu__2__1.G_1.H__1.W_1.X,DOWNLOADED,297818
1v97__1__1.A__1.H,DOWNLOADED,822188
1v97__1__1.B__1.T,DOWNLOADED,825604
1v9a__1__1.A_1.B__1.D,DOWNLOADED,273743
1v9a__1__1.B__1.F,DOWNLOADED,142013
1v9h__1__1.A__1.E,DOWNLOADED,123014
3v94__1__1.A__1.I,DOWNLOADED,212444
3v94__2__1.B__1.L,DOWNLOADED,215886
3v94__3__1.C__1.O,DOWNLOADED,215502
3v94__4__1.D__1.R,DOWNLOADED,214322
3v94__5__1.E__1.U,DOWNLOADED,211207
3v94__6__1.F__1.X,DOWNLOADED,210968
3v94__7__1.G__1.AA,DOWNLOADED,213264
3v94__8__1.H__1.DA,DOWNLOADED,211822
3v97__1__1.A__1.E_1.G,DOWNLOADED,411687
3v97__1__1.A__1.F,DOWNLOADED,411263
3v97__2__1.B__1.I_1.K,DOWNLOADED,399196
3v97__2__1.B__1.J,DOWNLOADED,398849
6v94__1__1.A_1.B__1.D_1.E,DOWNLOADED,413886
6v94__1__1.B__1.F,DOWNLOADED,309009
6v9e__1__1.A__1.B_1.C_1.D,DOWNLOADED,117061
6v9f__1__1.A_1.B__1.D_1.E,DOWNLOADED,414088
6v9f__1__1.B__1.G,DOWNLOADED,309233
6v9j__1__1.A_1.B__1.D_1.E,DOWNLOADED,414071
6v9j__1__1.B__1.F,DOWNLOADED,309867
6v9l__1__1.A_1.B__1.D_1.E,DOWNLOADED,414059
6v9l__1__1.B__1.G,DOWNLOADED,309384
6v9m__1__1.A_1.B__1.D_1.E,DOWNLOADED,414161
6v9n__1__1.A_1.B__1.D_1.E,DOWNLOADED,413967
6v9n__1__1.B__1.G,DOWNLOADED,309019
6v9o__1__1.A_1.B__1.D_1.E,DOWNLOADED,414022
6v9o__1__1.B__1.F,DOWNLOADED,309310
1y8q__1__1.A_1.B__1.E_1.G,DOWNLOADED,533535
1y8q__2__1.C_1.D__1.H_1.J,DOWNLOADED,519513
1y8z__1__1.C__1.H,DOWNLOADED,257520
1y8z__1__1.D__1.O,DOWNLOADED,244878
2y8e__2__1.B__1.H_1.I,DOWNLOADED,109948
2y8e__3__1.B__1.H_1.I,DOWNLOADED,109948
4y80__1__1.H_1.I_1.Z__1.CA_1.KA,DOWNLOADED,409343
4y80__1__1.K_1.L__1.DA_1.UA,DOWNLOADED,277608
4y80__1__1.L_1.V_1.W__1.FA,DOWNLOADED,407844
4y80__1__1.Y_1.Z__1.GA_1.VA,DOWNLOADED,278304
4y8d__1__1.A__1.E,DOWNLOADED,169318
4y8d__2__1.C__1.H,DOWNLOADED,170381
4y8h__1__1.H_1.N__1.EA,DOWNLOADED,261947
4y8h__1__1.K_1.L__1.DA_1.NA,DOWNLOADED,278363
4y8h__1__1.Y_1.Z__1.GA_1.VA,DOWNLOADED,278902
4y8l__1__1.BA_1.V__1.FA,DOWNLOADED,265043
4y8l__1__1.H_1.N__1.DA,DOWNLOADED,261941
4y8l__1__1.K_1.L__1.CA_1.LA,DOWNLOADED,278193
4y8l__1__1.Y_1.Z__1.EA_1.TA,DOWNLOADED,278804
5y86__1__1.A__1.B,DOWNLOADED,258904
1yxi__1__1.A_2.A__1.B_1.D_1.E_1.F_1.G,DOWNLOADED,396875
1yxi__1__1.A_2.A__2.B_2.D_2.E_2.F_2.G,DOWNLOADED,396885
1yxi__1__3.A_4.A__3.B_3.D_3.E_3.F_3.G,DOWNLOADED,401741
1yxi__1__3.A_4.A__4.B_4.D_4.E_4.F_4.G,DOWNLOADED,401741
1yxq__1__1.B__1.G_1.H,DOWNLOADED,224702
2yxn__1__1.A__1.B,DOWNLOADED,202134
2yxn__1__2.A__2.B,DOWNLOADED,204071
4yx6__1__1.A__1.C_1.D,DOWNLOADED,315974
4yx6__1__1.B__1.E_1.F,DOWNLOADED,304535
5yx1__1__1.A_1.B__1.F,DOWNLOADED,256334
6s4h__1__1.A__1.B,DOWNLOADED,523697
6s4h__1__2.A__2.B,DOWNLOADED,525651
5s4l__1__1.A_1.B__1.G_1.H,DOWNLOADED,540879
5s4l__1__1.B_1.C__1.K_1.L,DOWNLOADED,540743
5s4l__1__1.C_1.D__1.O_1.P,DOWNLOADED,546086
5s4l__1__1.D__1.R_1.S,DOWNLOADED,273436
5s4l__1__1.F__1.U_1.V,DOWNLOADED,232476
5s4m__1__1.B_1.C__1.L_1.M,DOWNLOADED,540646
5s4m__1__1.B__1.P,DOWNLOADED,266784
5s4m__1__1.C_1.D__1.Q_1.R,DOWNLOADED,546236
5s4m__1__1.D__1.T_1.U,DOWNLOADED,273503
5s4m__1__1.F__1.W_1.X,DOWNLOADED,232424
5s4o__1__1.A_1.B__1.G_1.H,DOWNLOADED,538874
5s4o__1__1.B_1.C__1.J_1.K,DOWNLOADED,539497
5s4o__1__1.C_1.D__1.N_1.O,DOWNLOADED,543993
5s4o__1__1.D__1.R_1.S,DOWNLOADED,271255
5s4o__1__1.F__1.V_1.W,DOWNLOADED,231600
5s4p__1__1.A_1.B__1.G_1.H,DOWNLOADED,538871
5s4p__1__1.B_1.C__1.L_1.M,DOWNLOADED,538750
5s4p__1__1.C_1.D__1.R_1.S,DOWNLOADED,544155
5s4p__1__1.D__1.W_1.X,DOWNLOADED,271414
5s4p__1__1.F__1.Y_1.Z,DOWNLOADED,230266
5s4r__1__1.A_1.B__1.G_1.H,DOWNLOADED,541925
5s4r__1__1.B_1.C__1.J_1.K,DOWNLOADED,541608
5s4r__1__1.C_1.D__1.Q_1.R,DOWNLOADED,545049
5s4r__1__1.D__1.T_1.U,DOWNLOADED,272246
5s4r__1__1.F__1.W_1.X,DOWNLOADED,233272
5s4s__1__1.A_1.B__1.G_1.H,DOWNLOADED,538518
5s4s__1__1.B_1.C__1.K_1.L,DOWNLOADED,538515
5s4s__1__1.C_1.D__1.P_1.Q,DOWNLOADED,546825
5s4s__1__1.D__1.S_1.T,DOWNLOADED,273712
5s4t__1__1.B_1.C__1.J_1.K,DOWNLOADED,540850
5s4t__1__1.C_1.D__1.O_1.P,DOWNLOADED,544328
5s4t__1__1.D__1.R_1.S,DOWNLOADED,271583
5s4t__1__1.F__1.U_1.V,DOWNLOADED,231283
5s4u__1__1.A_1.B__1.G_1.H,DOWNLOADED,541158
5s4u__1__1.B_1.C__1.K_1.L,DOWNLOADED,540960
5s4u__1__1.C_1.D__1.P_1.Q,DOWNLOADED,545068
5s4u__1__1.D__1.S_1.T,DOWNLOADED,272205
5s4u__1__1.F__1.U_1.V,DOWNLOADED,232836
5s4v__1__1.A_1.B__1.G_1.H,DOWNLOADED,540964
5s4v__1__1.B_1.C__1.K_1.L,DOWNLOADED,540799
5s4v__1__1.C_1.D__1.Q_1.R,DOWNLOADED,545401
5s4v__1__1.D__1.T_1.U,DOWNLOADED,272743
5s4v__1__1.F__1.V_1.W,DOWNLOADED,230863
5s4y__1__1.A_1.B__1.G_1.H,DOWNLOADED,541210
5s4y__1__1.B_1.C__1.K_1.L,DOWNLOADED,540954
5s4y__1__1.C_1.D__1.P_1.Q,DOWNLOADED,544093
5s4y__1__1.D__1.S_1.T,DOWNLOADED,270980
5s4y__1__1.F__1.U_1.V,DOWNLOADED,230162
5s4z__1__1.B_1.C__1.J_1.K,DOWNLOADED,540558
5s4z__1__1.C_1.D__1.P_1.Q,DOWNLOADED,543837
5s4z__1__1.D__1.S_1.T,DOWNLOADED,271440
5s4z__1__1.F__1.V_1.W,DOWNLOADED,231012
1y0l__2__1.C_1.D__1.J,DOWNLOADED,270048
1y0l__3__1.E_1.F__1.K,DOWNLOADED,270317
2y00__1__1.A__1.C,DOWNLOADED,185221
2y00__2__1.B__1.L,DOWNLOADED,191109
2y00__2__1.B__1.S,DOWNLOADED,190004
2y0c__1__1.A_1.B__1.N,DOWNLOADED,556270
2y0e__1__1.C_1.D__1.AA,DOWNLOADED,554996
2y0e__1__1.C_1.D__1.T,DOWNLOADED,555069
2y0e__2__1.A_1.B__1.E,DOWNLOADED,557825
2y0e__2__1.A_1.B__1.M,DOWNLOADED,557759
4y0v__1__1.A_1.B__1.C_1.D,DOWNLOADED,196357
5y0n__1__1.A__1.C,DOWNLOADED,261626
5y0n__1__1.B__1.D,DOWNLOADED,258960
5y0p__1__1.A__1.C,DOWNLOADED,261180
5y0p__1__1.B__1.D,DOWNLOADED,258322
5y0q__1__1.B__1.D,DOWNLOADED,258260
5y0t__1__1.A__1.E,DOWNLOADED,275557
5y0t__1__1.B__1.I,DOWNLOADED,271899
5y0t__2__1.C__1.M,DOWNLOADED,273978
5y0v__1__1.A__1.C,DOWNLOADED,371991
5y07__1__1.A_1.B__1.C_1.E,DOWNLOADED,214101
5y07__1__1.A_1.B__1.F_1.H,DOWNLOADED,213953
6y0a__1__1.A__1.C,DOWNLOADED,228232
2xoc__1__1.A__1.I,DOWNLOADED,137828
4xoc__1__1.A__1.C,DOWNLOADED,184567
4xoi__1__1.A__1.E_1.F,DOWNLOADED,115212
4xoi__2__1.C__1.G_1.H,DOWNLOADED,117368
5xo7__1__1.A__1.I,DOWNLOADED,165894
5xo7__1__1.F__1.N,DOWNLOADED,168669
5xo7__2__1.B__1.J,DOWNLOADED,165751
5xo7__2__1.C__1.K,DOWNLOADED,167121
5xo7__3__1.D__1.L,DOWNLOADED,166146
5xo7__3__1.G__1.O,DOWNLOADED,166562
5xo7__4__1.E__1.M,DOWNLOADED,168908
5xo7__4__1.H__1.P,DOWNLOADED,170102
5xo8__1__1.C__1.K,DOWNLOADED,168291
5xo8__2__1.D__1.L,DOWNLOADED,167634
5xo8__3__1.E__1.M,DOWNLOADED,165508
5xo8__4__1.F__1.N,DOWNLOADED,168632
5xoj__1__1.A__1.G_1.H,DOWNLOADED,112748
5xoq__1__1.A__1.C,DOWNLOADED,189769
5xoq__1__1.B__1.D,DOWNLOADED,189808
2zfu__1__1.A__1.C,DOWNLOADED,132338
2zfu__2__1.B__1.D,DOWNLOADED,133380
3zf8__1__1.A__1.B_1.C,DOWNLOADED,186221
3zf8__1__2.A__2.B_2.C,DOWNLOADED,186684
4zfl__2__1.E_1.K__1.Z,DOWNLOADED,515038
5zfk__1__1.B__1.E,DOWNLOADED,217690
6zf0__1__1.A__1.C_1.K_1.L_1.M,DOWNLOADED,343033
6zf1__1__1.A__1.C_1.L,DOWNLOADED,342290
6zf8__1__1.A__1.N_1.R,DOWNLOADED,338889
6zfz__1__1.A__1.B,DOWNLOADED,283759
1yro__1__1.B__1.H_1.I,DOWNLOADED,178335
1yro__2__1.D__1.M_1.N,DOWNLOADED,179216
4yrw__1__1.A__1.G,DOWNLOADED,804071
4yrw__1__1.B__1.M,DOWNLOADED,803388
4yry__1__1.B__1.J,DOWNLOADED,294804
4yry__2__1.C__1.L,DOWNLOADED,169416
6yr1__1__1.A_2.A__1.B_1.C,DOWNLOADED,245740
6yr1__1__1.A_2.A__2.B_2.C,DOWNLOADED,245740
6yr5__2__1.E__1.F,DOWNLOADED,145111
6yr5__2__2.G__2.H,DOWNLOADED,145880
6yr6__2__2.C__2.D,DOWNLOADED,268011
6yru__1__1.A__1.B_1.D,DOWNLOADED,345896
6yrv__1__1.A__1.B_1.C_1.D,DOWNLOADED,345904
6yrx__1__1.A__1.B_1.C,DOWNLOADED,342094
2x63__1__1.A__1.C,DOWNLOADED,173495
2x61__1__1.A__1.G,DOWNLOADED,164466
2x61__2__1.B__1.J,DOWNLOADED,163761
5x62__1__1.A__1.C,DOWNLOADED,233771
5x62__1__1.B__1.D,DOWNLOADED,244682
5x6p__2__1.B__1.D,DOWNLOADED,284605
5x6y__1__1.A__1.E,DOWNLOADED,496843
5x6y__1__1.A__1.F,DOWNLOADED,496843
5x6y__1__1.B__1.K,DOWNLOADED,442777
5x6y__2__1.C__1.P,DOWNLOADED,504259
5x6y__2__1.C__1.Q,DOWNLOADED,504259
6x6g__1__1.A__1.B_1.I_1.J,DOWNLOADED,245697
6x6g__1__2.A__2.B_2.I_2.J,DOWNLOADED,245919
6x6g__1__3.A__3.B_3.I_3.J,DOWNLOADED,249058
6x6g__1__4.A__4.B_4.I_4.J,DOWNLOADED,246364
6x6g__1__5.A__5.B_5.I_5.J,DOWNLOADED,245026
6x6g__1__6.A__6.B_6.I_6.J,DOWNLOADED,248965
6x6m__1__1.A_1.B__1.B_1.I_1.J,DOWNLOADED,572274
6x6y__1__1.A__1.B_1.H_1.I,DOWNLOADED,245457
6x6y__1__2.A__2.B_2.H_2.I,DOWNLOADED,245675
6x6y__1__3.A__3.B_3.H_3.I,DOWNLOADED,248820
6x6y__1__4.A__4.B_4.H_4.I,DOWNLOADED,246048
6x6y__1__5.A__5.B_5.H_5.I,DOWNLOADED,244721
6x6y__1__6.A__6.B_6.H_6.I,DOWNLOADED,248663
2y7a__1__1.A__1.E_1.F,DOWNLOADED,182174
4y70__1__1.H_1.I_1.Z__1.CA_1.JA,DOWNLOADED,409354
4y70__1__1.K_1.L__1.DA_1.NA,DOWNLOADED,277507
4y70__1__1.L_1.V_1.W__1.EA,DOWNLOADED,407696
4y70__1__1.Y_1.Z__1.FA_1.RA,DOWNLOADED,278231
4y77__1__1.H_1.I_1.Z__1.CA,DOWNLOADED,408782
4y77__1__1.H_1.N__1.EA,DOWNLOADED,261529
4y77__1__1.K_1.L__1.DA_1.NA,DOWNLOADED,277990
4y77__1__1.L_1.V_1.W__1.FA,DOWNLOADED,408123
4y77__1__1.Y_1.Z__1.GA_1.RA,DOWNLOADED,278451
4y7w__1__1.K_1.L__1.DA_1.PA,DOWNLOADED,277662
4y7w__1__1.L_1.V_1.W__1.FA_1.TA,DOWNLOADED,408964
4y7w__1__1.Y_1.Z__1.GA_1.UA,DOWNLOADED,278384
4y7y__1__1.H_1.I_1.Z__1.CA_1.IA,DOWNLOADED,409079
4y7y__1__1.K_1.L__1.DA_1.MA,DOWNLOADED,277345
4y7y__1__1.L_1.V_1.W__1.EA_1.QA,DOWNLOADED,408624
4y7y__1__1.Y_1.Z__1.FA_1.RA,DOWNLOADED,278073
5y72__1__1.A__1.C,DOWNLOADED,182530
5y72__2__1.B__1.D,DOWNLOADED,181371
6y7w__1__1.A__1.H,DOWNLOADED,224067
1zm7__1__1.A__1.E,DOWNLOADED,131674
1zm7__1__1.B__1.F,DOWNLOADED,133884
1zm7__2__1.C__1.G,DOWNLOADED,133665
2zmh__1__1.A__1.C,DOWNLOADED,154994
2zmi__1__1.A__1.C,DOWNLOADED,156663
2zmj__1__1.A__1.C,DOWNLOADED,155144
3zmk__2__1.B_1.D__1.E,DOWNLOADED,276632
3zmk__2__1.B_1.D__1.F,DOWNLOADED,276633
3zml__1__1.A_1.B__1.C,DOWNLOADED,275267
3zml__1__1.A_1.B__1.D,DOWNLOADED,275576
5zms__1__1.A_1.B__1.I,DOWNLOADED,117395
5zmw__1__1.A__1.E,DOWNLOADED,626151
6zmz__1__1.A__1.B,DOWNLOADED,256510
1z6y__1__1.A__1.C,DOWNLOADED,111214
1z6y__2__1.B__1.D,DOWNLOADED,111867
1z6z__2__1.C__1.P,DOWNLOADED,163041
1z6z__2__1.D__1.S,DOWNLOADED,157152
2z60__1__1.A__1.B,DOWNLOADED,181723
5z6t__1__1.A__1.C,DOWNLOADED,205348
5z6t__2__1.B__1.D,DOWNLOADED,205687
6z6a__1__1.A__1.C,DOWNLOADED,179765
3zzs__2__1.E_1.F__1.O,DOWNLOADED,81246
5zzd__1__1.A__1.C,DOWNLOADED,244133
5zzd__1__1.B__1.D,DOWNLOADED,243375
1znq__1__1.A_1.C__1.E,DOWNLOADED,397833
1znq__1__1.A_1.C__1.G,DOWNLOADED,397832
1znq__1__1.B_1.D__1.F,DOWNLOADED,399207
1znq__1__1.B_1.D__1.H,DOWNLOADED,399099
1zpl__1__1.A__1.C,DOWNLOADED,101926
1zpl__2__1.B__1.D,DOWNLOADED,102323
2zp1__1__1.A__1.B,DOWNLOADED,195726
2zp1__1__2.A__2.B,DOWNLOADED,197910
2zpa__1__1.A__1.D,DOWNLOADED,419726
3zpo__1__1.A__1.C_1.E_1.N,DOWNLOADED,287174
4zp1__1__1.A_1.B__1.E_1.G,DOWNLOADED,685563
4zp1__1__1.A_1.B__1.H_1.K,DOWNLOADED,685414
4zp1__1__1.C_1.D__1.L_1.N,DOWNLOADED,676306
4zp1__1__1.C_1.D__1.O_1.P,DOWNLOADED,676084
4zp5__1__1.A__1.C,DOWNLOADED,183336
1yhs__1__1.A__1.B,DOWNLOADED,177359
2yhw__1__1.A__1.B,DOWNLOADED,183586
2yhw__1__2.A__2.B,DOWNLOADED,185420
4yh2__1__1.A_1.C__1.E,DOWNLOADED,280452
4yh2__1__1.A_1.C__1.G,DOWNLOADED,280450
4yh2__2__1.B_1.D__1.F,DOWNLOADED,276446
4yh2__2__1.B_1.D__1.H,DOWNLOADED,276524
4yha__1__1.A__1.I_1.K,DOWNLOADED,147556
4yha__2__1.C__1.O_1.Q_1.R,DOWNLOADED,148851
4yha__2__1.D__1.S_1.T_1.U,DOWNLOADED,143165
4yha__3__1.E__1.V_1.X_1.Y,DOWNLOADED,149132
4yha__3__1.F__1.AA_1.Z,DOWNLOADED,142613
4yha__4__1.G__1.BA_1.DA_1.EA,DOWNLOADED,146798
4yha__4__1.H__1.FA_1.HA,DOWNLOADED,146483
4yhb__1__1.A__1.C,DOWNLOADED,168098
4yhb__2__1.B__1.H,DOWNLOADED,169704
1xw5__1__1.A_1.B__1.C,DOWNLOADED,280899
1xw5__1__1.A_1.B__1.D,DOWNLOADED,280972
1xw6__1__1.A_1.B__1.E,DOWNLOADED,281377
1xw6__1__1.A_1.B__1.F,DOWNLOADED,281449
1xw6__2__1.C_1.D__1.G,DOWNLOADED,289895
1xw6__2__1.C_1.D__1.H,DOWNLOADED,289821
1xwk__1__1.A_1.C__1.D,DOWNLOADED,283058
1xwk__1__1.A_1.C__1.F,DOWNLOADED,283131
1xwk__2__1.B_2.B__1.E,DOWNLOADED,287584
1xwk__2__1.B_2.B__2.E,DOWNLOADED,287584
1xws__1__1.A__1.C,DOWNLOADED,181565
2xwv__1__1.A__1.B,DOWNLOADED,196050
5xw8__1__1.A_1.B__1.C,DOWNLOADED,130413
5xwa__1__1.A_1.B__1.C,DOWNLOADED,130360
5xwj__1__1.A__1.B,DOWNLOADED,132934
5xwj__2__1.C__1.D,DOWNLOADED,132158
1y3a__1__1.A__1.I,DOWNLOADED,193728
1y3a__2__1.B__1.J,DOWNLOADED,199466
1y3a__3__1.C__1.K,DOWNLOADED,193822
1y3a__4__1.D__1.L,DOWNLOADED,196518
2y31__1__1.A_1.B__1.I,DOWNLOADED,300233
4y3q__1__1.A__1.B_1.F,DOWNLOADED,352142
5y37__1__1.A_1.D__1.E_1.F,DOWNLOADED,412761
5y37__1__1.B_1.C__1.G_1.H,DOWNLOADED,409748
5y3i__1__1.A__1.B_1.E_1.F_1.G,DOWNLOADED,590361
6y3d__1__1.A_1.B_1.E__1.O,DOWNLOADED,290636
6y3d__1__1.A_1.D_1.F__1.M,DOWNLOADED,299288
6y3d__1__1.A_1.E_1.F__1.W,DOWNLOADED,291835
6y3d__1__1.B_1.E_1.L__1.U,DOWNLOADED,294821
6y3d__1__1.B__1.N,DOWNLOADED,103928
6y3d__1__1.D_1.G_1.J__1.X,DOWNLOADED,299276
6y3d__1__1.D__1.Q,DOWNLOADED,105622
6y3d__1__1.F_1.J_1.K__1.DA,DOWNLOADED,298619
6y3d__1__1.F__1.V,DOWNLOADED,105502
6y3d__1__1.H_1.I_1.L__1.AA,DOWNLOADED,295049
6y3d__1__1.H__1.Y,DOWNLOADED,103984
6y3d__1__1.J__1.BA,DOWNLOADED,105221
6y3d__1__1.L__1.EA,DOWNLOADED,103950
6y3m__1__1.A__1.B,DOWNLOADED,150392
6y3m__1__2.A__2.B,DOWNLOADED,148153
6y3o__1__1.A__1.B,DOWNLOADED,150281
6y3o__1__2.A__2.B,DOWNLOADED,147969
6y3s__1__1.A__1.B,DOWNLOADED,148984
6y3s__1__2.A__2.B,DOWNLOADED,146678
1zj6__1__1.A__1.D,DOWNLOADED,113137
1zj6__2__2.A__2.D,DOWNLOADED,113575
3zj6__1__1.A__1.E,DOWNLOADED,300539
3zj6__2__1.B__1.G,DOWNLOADED,304268
3zj7__1__1.A__1.C,DOWNLOADED,309372
3zj7__2__1.B__1.D,DOWNLOADED,311432
4zji__1__1.A__1.E,DOWNLOADED,172266
4zji__3__1.C__1.G,DOWNLOADED,170959
4zjj__1__1.A__1.E,DOWNLOADED,171383
5zj2__1__1.A__1.B_1.C_1.D,DOWNLOADED,137015
5zj5__2__1.B__1.E,DOWNLOADED,103670
5zjy__1__1.A__1.C,DOWNLOADED,119561
6zjz__1__1.A_1.B__1.N,DOWNLOADED,959131
6zjz__1__1.A_1.B__1.S,DOWNLOADED,959021
6zqt__1__1.A__1.E_1.F,DOWNLOADED,112250
6zqt__2__1.C__1.H_1.I,DOWNLOADED,112092
6zqz__1__1.A__1.G,DOWNLOADED,218966
6zqz__1__2.C__2.N,DOWNLOADED,209239
6zqz__2__1.B__1.J,DOWNLOADED,217787
6zqz__2__2.D__2.Q,DOWNLOADED,223298
1ykc__1__1.A_1.B__1.C,DOWNLOADED,284000
1ykc__1__1.A_1.B__1.D,DOWNLOADED,284000
2yk5__1__1.A_2.A__1.B_1.C,DOWNLOADED,415687
2yk5__1__1.A_2.A__2.B_2.C,DOWNLOADED,415687
2yk9__1__1.A__1.B,DOWNLOADED,129158
2ykb__1__1.A__1.B,DOWNLOADED,132643
2ykc__1__1.A__1.B,DOWNLOADED,130153
2yke__1__1.A__1.B,DOWNLOADED,130046
2yki__1__1.A__1.B,DOWNLOADED,130908
5yk0__1__1.A__1.B,DOWNLOADED,253450
5yk0__2__4.A__4.B,DOWNLOADED,253793
1z9g__1__1.A__1.F_1.G,DOWNLOADED,194042
2z92__1__1.A_1.B__1.C,DOWNLOADED,258426
2z98__1__1.A_2.A__1.B,DOWNLOADED,232040
2z98__1__1.A_2.A__2.B,DOWNLOADED,232040
2z9b__1__1.A_2.A__1.B,DOWNLOADED,230433
2z9b__1__1.A_2.A__2.B,DOWNLOADED,230433
4z9d__1__1.A__1.F,DOWNLOADED,114719
4z9d__2__1.B__1.H,DOWNLOADED,112787
4z9d__3__1.C__1.I,DOWNLOADED,113454
4z9d__4__1.D__1.J,DOWNLOADED,114609
4z9n__1__1.D__1.U,DOWNLOADED,193500
4z9n__3__1.C__1.Q,DOWNLOADED,195223
1z08__2__1.B__1.G_1.H,DOWNLOADED,97727
1z08__3__1.C__1.I_1.J_1.K,DOWNLOADED,105921
1z08__4__1.D__1.L_1.N_1.P,DOWNLOADED,104063
1z08__5__1.D__1.L_1.N_1.P,DOWNLOADED,104063
1z08__5__2.C__2.I_2.J_2.K,DOWNLOADED,106545
1z0s__1__1.A_1.D__1.E_1.F_1.G,DOWNLOADED,314545
1z0s__1__1.A_1.D__1.N_1.O_1.P,DOWNLOADED,314542
1z0s__1__1.B_1.C__1.H_1.I_1.J,DOWNLOADED,311150
1z0s__1__1.B_1.C__1.K_1.L_1.M,DOWNLOADED,311155
4z0g__1__1.A_3.A__3.C_3.F,DOWNLOADED,897990
4z0g__1__1.A_4.A__1.C_1.F,DOWNLOADED,898977
4z0g__1__2.A_3.A__2.C_2.F,DOWNLOADED,897003
4z0g__1__2.A_4.A__4.C_4.F,DOWNLOADED,897990
4z0g__2__1.B_3.B__1.G_1.J,DOWNLOADED,916737
4z0g__2__1.B_3.B__1.H,DOWNLOADED,915941
4z0g__2__1.B_4.B__4.G_4.J,DOWNLOADED,912200
4z0g__2__1.B_4.B__4.H,DOWNLOADED,911410
4z0g__2__2.B_3.B__3.G_3.J,DOWNLOADED,922584
4z0g__2__2.B_4.B__2.G_2.J,DOWNLOADED,918061
4z0h__1__1.A_1.B__1.C_1.D,DOWNLOADED,410931
4z0h__1__1.A_1.B__1.G_1.H,DOWNLOADED,410783
4z0h__1__2.A_2.B__2.C_2.D,DOWNLOADED,410051
4z0h__1__2.A_2.B__2.G_2.H,DOWNLOADED,409903
4z0u__1__1.A__1.C,DOWNLOADED,100053
4z0u__2__1.B__1.D,DOWNLOADED,99727
1xm6__1__1.A__1.E,DOWNLOADED,220442
1xm6__2__1.B__1.H,DOWNLOADED,218331
1xms__1__1.A__1.B_1.C,DOWNLOADED,184055
1xms__1__2.A__2.B_2.C,DOWNLOADED,186184
1xms__1__3.A__3.B_3.C,DOWNLOADED,187753
1xms__1__4.A__4.B_4.C,DOWNLOADED,186765
1xms__1__5.A__5.B_5.C,DOWNLOADED,186337
1xms__1__6.A__6.B_6.C,DOWNLOADED,183545
1xmv__1__1.A__1.B_1.F,DOWNLOADED,179697
1xmv__1__2.A__2.B_2.F,DOWNLOADED,181857
1xmv__1__3.A__3.B_3.F,DOWNLOADED,183381
1xmv__1__4.A__4.B_4.F,DOWNLOADED,182371
1xmv__1__5.A__5.B_5.F,DOWNLOADED,181992
1xmv__1__6.A__6.B_6.F,DOWNLOADED,179240
4xmx__1__1.A__1.B_1.C_1.V,DOWNLOADED,558059
1wuq__1__1.A_1.B_2.E__1.F_1.G,DOWNLOADED,350382
1wuq__1__1.A_1.E_2.A__1.H_1.O,DOWNLOADED,348123
1wuq__1__1.A_2.A_2.E__2.H_2.O,DOWNLOADED,350635
1wuq__1__1.B_1.C_2.D__1.I_1.K,DOWNLOADED,347352
1wuq__1__1.B_2.D_2.E__2.M_2.N,DOWNLOADED,349967
1wuq__1__1.C_1.D_2.C__1.J_1.L,DOWNLOADED,343806
1wuq__1__1.C_2.C_2.D__2.J_2.L,DOWNLOADED,346242
1wuq__1__1.D_1.E_2.B__1.M_1.N,DOWNLOADED,344048
1wuq__1__1.D_2.B_2.C__2.I_2.K,DOWNLOADED,343940
1wuq__1__1.E_2.A_2.B__2.F_2.G,DOWNLOADED,346329
1wur__1__1.A_1.B_2.E__1.F_1.G,DOWNLOADED,351559
1wur__1__1.A_1.E_2.A__1.H_1.O,DOWNLOADED,349285
1wur__1__1.A_2.A_2.E__2.H_2.O,DOWNLOADED,351793
1wur__1__1.B_1.C_2.D__1.I_1.K,DOWNLOADED,349267
1wur__1__1.B_2.D_2.E__2.L_2.N,DOWNLOADED,351267
1wur__1__1.C_1.D_2.C__1.J_1.M,DOWNLOADED,345847
1wur__1__1.C_2.C_2.D__2.J_2.M,DOWNLOADED,348308
1wur__1__1.D_1.E_2.B__1.L_1.N,DOWNLOADED,345238
1wur__1__1.D_2.B_2.C__2.I_2.K,DOWNLOADED,345818
1wur__1__1.E_2.A_2.B__2.F_2.G,DOWNLOADED,347563
2wu6__1__1.A__1.B,DOWNLOADED,228259
4wu3__1__1.A__1.F,DOWNLOADED,383511
4wu3__2__1.C__1.R,DOWNLOADED,386371
4wua__1__1.A__1.B,DOWNLOADED,229340
4wub__1__1.A_2.A__1.B_1.C_1.D,DOWNLOADED,466474
4wub__1__1.A_2.A__2.B_2.C_2.D,DOWNLOADED,466556
4wud__1__1.A_2.A__1.B_1.C,DOWNLOADED,465890
4wud__1__1.A_2.A__2.B_2.C,DOWNLOADED,466044
5wum__1__1.A__1.C,DOWNLOADED,263768
5wun__1__1.A__1.C,DOWNLOADED,265516
1z34__1__1.A_5.A__1.B,DOWNLOADED,283280
1z34__1__1.A_5.A__5.B,DOWNLOADED,283279
1z34__1__2.A_4.A__2.B,DOWNLOADED,283280
1z34__1__2.A_4.A__4.B,DOWNLOADED,283279
1z35__1__1.A_5.A__1.B,DOWNLOADED,283289
1z35__1__1.A_5.A__5.B,DOWNLOADED,283288
1z35__1__2.A_4.A__2.B,DOWNLOADED,283289
1z35__1__2.A_4.A__4.B,DOWNLOADED,283288
1z38__1__1.A_5.A__1.B,DOWNLOADED,283205
1z38__1__1.A_5.A__5.B,DOWNLOADED,283204
1z38__1__2.A_4.A__2.B,DOWNLOADED,283205
1z38__1__2.A_4.A__4.B,DOWNLOADED,283204
1z3w__1__1.A__1.C,DOWNLOADED,255615
2z3n__1__1.B__1.D,DOWNLOADED,148801
2z3u__1__1.A__1.E,DOWNLOADED,261199
5z3n__1__1.A__1.D_1.E_1.F,DOWNLOADED,347984
6z3c__1__1.A__1.C_1.D,DOWNLOADED,239120
6z3c__1__1.B__1.E_1.F,DOWNLOADED,240517
1x1r__1__1.A__1.B_1.C,DOWNLOADED,109784
1x1s__1__1.A__1.B_1.C,DOWNLOADED,108215
1x1t__1__1.A__1.C_1.D,DOWNLOADED,139295
1x1t__1__2.A__2.C_2.D,DOWNLOADED,139566
1x1t__1__3.A__3.C_3.D,DOWNLOADED,139566
1x1t__1__4.A__4.C_4.D,DOWNLOADED,139295
2x1t__2__1.B__1.C,DOWNLOADED,145165
4x11__1__1.A_1.C__1.R,DOWNLOADED,310979
4x11__1__1.A_1.D__1.F,DOWNLOADED,314151
4x11__1__1.B_1.C__1.K,DOWNLOADED,310040
4x1t__1__1.A__1.B,DOWNLOADED,397679
3x1z__2__1.B__1.F_1.G,DOWNLOADED,106141
5x19__1__1.A_1.B__1.OA,DOWNLOADED,477912
5x19__1__1.A_1.D_1.L_1.M__1.SB,DOWNLOADED,483480
5x19__1__1.C_1.J__1.VA,DOWNLOADED,210149
5x19__2__1.N_1.P__1.BC_1.HC_1.MC,DOWNLOADED,511616
5x19__2__1.N_1.Q_1.Y_1.Z__1.YC,DOWNLOADED,489588
5x19__2__1.P_1.W__1.LC,DOWNLOADED,211994
5x1f__1__1.A_1.B__1.OA_1.QA,DOWNLOADED,482350
5x1f__1__1.A_1.D_1.L_1.M__1.UB,DOWNLOADED,483439
5x1f__1__1.C_1.J__1.VA,DOWNLOADED,210133
5x1f__1__1.G__1.BB_1.IB_1.KB_1.XA,DOWNLOADED,70962
5x1f__2__1.N_1.P__1.CC_1.NC,DOWNLOADED,511080
5x1f__2__1.N_1.Q_1.Y_1.Z__1.AD,DOWNLOADED,489417
5x1f__2__1.P_1.W__1.MC,DOWNLOADED,211944
6x1s__1__1.A_1.B__1.J,DOWNLOADED,259660
6x1s__2__1.C_1.D__1.L,DOWNLOADED,259212
6x1u__1__1.A_1.B__1.E,DOWNLOADED,257842
6x1u__2__1.C_1.D__1.F,DOWNLOADED,257041
6x1y__1__1.A__1.D,DOWNLOADED,219766
6x1y__1__2.B__2.E_2.F,DOWNLOADED,218578
6x1z__1__1.A_1.B__1.C_1.D_1.E,DOWNLOADED,423852
6x1z__1__1.A_1.B__1.F_1.G_1.H,DOWNLOADED,423741
2zej__1__1.A_1.B__1.C_1.D,DOWNLOADED,201050
2zej__1__1.A_1.B__1.E_1.F,DOWNLOADED,201121
3ze2__2__1.C_1.D_1.I__1.HA_1.I_1.IA_1.NA,DOWNLOADED,997839
3zei__1__1.A__1.C,DOWNLOADED,181635
3zei__1__2.A__2.C,DOWNLOADED,181568
4zen__1__1.A__1.C,DOWNLOADED,312272
4zen__1__1.B__1.N,DOWNLOADED,312512
4zev__1__1.A__1.C_1.D,DOWNLOADED,355999
4zew__1__1.A__1.C_1.D,DOWNLOADED,355951
5ze9__1__1.A_1.D__1.G_1.H_1.K_1.M,DOWNLOADED,653874
5ze9__1__1.B_1.E__1.P_1.Q_1.T_1.Y,DOWNLOADED,671688
5ze9__1__1.C_1.F__1.BA_1.CA_1.IA_1.ZA,DOWNLOADED,666453
5zed__1__1.A__1.C,DOWNLOADED,223494
5zed__2__1.B__1.D,DOWNLOADED,224528
1z41__1__1.A_1.B__1.C_1.E,DOWNLOADED,414664
1z41__1__1.A_1.B__1.F_1.H,DOWNLOADED,414884
1z41__1__2.A_2.B__2.C_2.E,DOWNLOADED,416533
1z41__1__2.A_2.B__2.F_2.H,DOWNLOADED,416676
1z41__2__1.A_1.B__1.C_1.E,DOWNLOADED,414664
1z41__2__1.A_1.B__1.F_1.H,DOWNLOADED,414884
1z48__1__1.A_1.B__1.C,DOWNLOADED,414051
1z48__1__1.A_1.B__1.D,DOWNLOADED,414128
1z48__1__2.A_2.B__2.C,DOWNLOADED,416144
1z48__1__2.A_2.B__2.D,DOWNLOADED,416212
1z4n__1__1.A__1.D,DOWNLOADED,134210
1z4n__2__1.B__1.F,DOWNLOADED,126565
2ztm__1__1.C__1.I,DOWNLOADED,148624
2ztm__1__1.D__1.J,DOWNLOADED,146084
2ztu__1__1.A__1.E,DOWNLOADED,142081
2ztu__1__1.C__1.H,DOWNLOADED,143051
2ztv__1__1.A__1.E,DOWNLOADED,156543
2ztv__1__1.D__1.J,DOWNLOADED,150121
3zt0__1__1.A_1.B__1.F,DOWNLOADED,183822
3zt0__1__1.A_1.B__1.J,DOWNLOADED,183822
3zt2__1__1.A_1.B__1.I,DOWNLOADED,183911
3zt2__1__1.A_1.B__1.O,DOWNLOADED,183911
3zt3__1__1.A_1.B__1.I,DOWNLOADED,183580
3zt3__1__1.A_1.B__1.P,DOWNLOADED,183580
5ztb__1__1.A_1.B__1.K,DOWNLOADED,250504
5ztb__2__1.C_1.D__1.S,DOWNLOADED,247629
5ztb__3__1.E_1.F__1.X,DOWNLOADED,252690
5ztn__1__1.A__1.C,DOWNLOADED,261808
5ztn__1__1.B__1.D,DOWNLOADED,261057
8ruc__1__1.A_2.C__1.I_1.J,DOWNLOADED,582022
8ruc__1__1.A_2.C__2.M_2.N,DOWNLOADED,581941
8ruc__1__1.B_2.B__1.K_1.L,DOWNLOADED,574804
8ruc__1__1.B_2.B__2.K_2.L,DOWNLOADED,574801
8ruc__1__1.C_2.A__1.M_1.N,DOWNLOADED,574700
8ruc__1__1.C_2.A__2.I_2.J,DOWNLOADED,574780
8ruc__1__1.D_2.D__1.O_1.P,DOWNLOADED,573679
8ruc__1__1.D_2.D__2.O_2.P,DOWNLOADED,573684
3ru2__1__1.A_6.A__1.B,DOWNLOADED,591827
3ru2__1__1.A_6.A__6.B,DOWNLOADED,591905
3rus__1__1.A__1.E_1.F,DOWNLOADED,314045
3rus__1__1.B__1.I_1.J,DOWNLOADED,316607
3rus__1__1.C__1.M_1.N,DOWNLOADED,317121
3rus__1__1.D__1.Q_1.R,DOWNLOADED,314285
3rus__1__2.A__2.E_2.F,DOWNLOADED,313237
3rus__1__2.B__2.I_2.J,DOWNLOADED,310355
3rus__1__2.C__2.M_2.N,DOWNLOADED,310269
3rus__1__2.D__2.Q_2.R,DOWNLOADED,312887
3rus__1__3.A__3.E_3.F,DOWNLOADED,320638
3rus__1__3.B__3.I_3.J,DOWNLOADED,317761
3rus__1__3.C__3.M_3.N,DOWNLOADED,316794
3rus__1__3.D__3.Q_3.R,DOWNLOADED,313953
3rus__1__4.A__4.E_4.F,DOWNLOADED,313780
3rus__1__4.B__4.I_4.J,DOWNLOADED,316349
3rus__1__4.C__4.M_4.N,DOWNLOADED,317602
3rus__1__4.D__4.Q_4.R,DOWNLOADED,320217
3ruv__1__1.A__1.E_1.F,DOWNLOADED,316721
3ruv__1__1.B__1.K_1.L,DOWNLOADED,313915
3ruv__1__1.C__1.Q_1.R,DOWNLOADED,313658
3ruv__1__1.D__1.W_1.X,DOWNLOADED,316599
3ruv__1__2.A__2.E_2.F,DOWNLOADED,317525
3ruv__1__2.B__2.K_2.L,DOWNLOADED,320175
3ruv__1__2.C__2.Q_2.R,DOWNLOADED,320506
3ruv__1__2.D__2.W_2.X,DOWNLOADED,317997
3ruv__1__3.A__3.E_3.F,DOWNLOADED,309974
3ruv__1__3.B__3.K_3.L,DOWNLOADED,312703
3ruv__1__3.C__3.Q_3.R,DOWNLOADED,313858
3ruv__1__3.D__3.W_3.X,DOWNLOADED,316645
3ruv__1__4.A__4.E_4.F,DOWNLOADED,316834
3ruv__1__4.B__4.K_4.L,DOWNLOADED,314107
3ruv__1__4.C__4.Q_4.R,DOWNLOADED,313046
3ruv__1__4.D__4.W_4.X,DOWNLOADED,310365
4ruk__1__1.A_1.C_1.F__1.AA_1.V,DOWNLOADED,292481
4rur__1__1.K_1.L__1.FA,DOWNLOADED,276085
4rur__1__1.Y_1.Z__1.LA,DOWNLOADED,276640
4rut__1__1.A__1.L,DOWNLOADED,365953
4rut__1__1.B__1.P,DOWNLOADED,365225
4rut__2__1.C__1.U,DOWNLOADED,367060
4rut__2__1.D__1.Y,DOWNLOADED,370299
6ru7__1__1.A__1.E,DOWNLOADED,193024
6ru8__1__1.A_1.E__1.I,DOWNLOADED,198124
6ru8__2__1.B_1.F__1.Q,DOWNLOADED,202558
2zu8__1__1.A__1.C,DOWNLOADED,245200
2zu8__1__1.B__1.D,DOWNLOADED,239398
2zu9__1__1.A__1.D_1.E,DOWNLOADED,241792
2zu9__1__1.B__1.C_1.F,DOWNLOADED,232201
2zue__1__1.A__1.C_1.D,DOWNLOADED,407123
2zul__1__1.A__1.B,DOWNLOADED,227756
2zut__1__1.A_1.B__1.E,DOWNLOADED,947918
2zut__1__1.A_1.B__1.K,DOWNLOADED,947766
2zut__2__1.C_1.D__1.P,DOWNLOADED,935257
2zut__2__1.C_1.D__1.T,DOWNLOADED,935255
2zuv__1__1.A_1.B__1.O,DOWNLOADED,930666
3zu2__1__1.A_2.A__1.B_1.C,DOWNLOADED,506330
3zu2__1__1.A_2.A__2.B_2.C,DOWNLOADED,506261
3zuo__1__1.A__1.E,DOWNLOADED,89454
3zuo__3__1.C__1.G,DOWNLOADED,93020
3zuo__4__1.D__1.H,DOWNLOADED,91792
5zu2__1__1.A__1.D,DOWNLOADED,364968
5zu2__2__1.B__1.I,DOWNLOADED,373364
5zu2__3__1.C__1.K,DOWNLOADED,371172
6zu2__1__1.A_1.B__1.G_1.O,DOWNLOADED,153947
6zu2__1__1.A_1.B__1.H_1.M_1.Q,DOWNLOADED,154692
2zvb__1__1.A__1.B,DOWNLOADED,158056
2zvc__1__1.A__1.B,DOWNLOADED,160046
2zvc__1__2.A__2.B,DOWNLOADED,160670
3zvm__2__1.A__1.E_1.H,DOWNLOADED,239987
5zve__1__1.A__1.C,DOWNLOADED,250825
5zve__2__1.B__1.D,DOWNLOADED,248811
5zvh__1__1.A__1.C,DOWNLOADED,247150
5zvh__2__1.B__1.D,DOWNLOADED,250658
5zvp__1__1.A__1.B_1.C,DOWNLOADED,116546
5zvw__1__1.A__1.B,DOWNLOADED,222561
6zv5__1__1.C_1.D__1.I_1.O,DOWNLOADED,155217
6zv5__1__1.E_1.F__1.K_1.S,DOWNLOADED,152435
6zv5__1__1.E_1.F__1.L_1.R,DOWNLOADED,152323
1zsx__1__1.A__1.F,DOWNLOADED,203537
1zsx__2__5.A__5.F,DOWNLOADED,207266
2zsh__1__1.A__1.C,DOWNLOADED,214707
2zsi__1__1.A__1.C,DOWNLOADED,217325
4zsg__1__1.A__1.G,DOWNLOADED,224561
4zsi__1__1.A__1.C,DOWNLOADED,104840
4zsi__1__1.B__1.E,DOWNLOADED,103358
5zsc__1__1.A_1.B__1.CA,DOWNLOADED,1003893
5zsc__1__1.A_1.B__1.FA_1.P,DOWNLOADED,1004606
5zse__1__1.A_1.B__1.O_1.X,DOWNLOADED,1012870
5zsg__1__1.A_1.B__1.AA_1.X,DOWNLOADED,1000509
5zsg__1__1.A_1.B__1.M_1.Q,DOWNLOADED,1000586
5zsl__1__1.A_1.B__1.T,DOWNLOADED,1012680
5zsl__1__1.A_1.B__1.U,DOWNLOADED,1012680
5zsn__1__1.A_1.B__1.Z,DOWNLOADED,1000100
6zs2__1__1.A__1.C,DOWNLOADED,77344
6zs2__2__1.B__1.E,DOWNLOADED,77672
6zs3__1__1.A__1.C,DOWNLOADED,72767
6zs3__2__1.B__1.F,DOWNLOADED,73182
6zsj__1__1.A__1.E_1.F,DOWNLOADED,112418
6zst__1__1.A_2.A__1.B,DOWNLOADED,721691
6zst__1__1.A_2.A__2.B,DOWNLOADED,721757
1zgd__2__1.B__1.D,DOWNLOADED,200405
1zgs__1__1.A__1.C,DOWNLOADED,266247
1zgs__1__1.A__1.E,DOWNLOADED,265995
1zgs__1__1.B__1.F,DOWNLOADED,270548
1zgs__1__1.B__1.H,DOWNLOADED,270806
2zgh__1__1.A__1.B,DOWNLOADED,144445
2zgj__1__1.A__1.B,DOWNLOADED,143252
3zgf__1__1.A__1.C_1.D,DOWNLOADED,194551
3zgf__1__1.B__1.F_1.G,DOWNLOADED,189621
3zgg__1__1.A__1.B_1.C_1.D,DOWNLOADED,180848
3zgg__1__2.A__2.B_2.C_2.D,DOWNLOADED,184018
6zg4__1__1.A__1.B,DOWNLOADED,288900
6zg9__1__1.A__1.B,DOWNLOADED,287805
1ylr__1__1.A_1.B__1.C_1.F,DOWNLOADED,263963
1ylr__1__1.A_1.B__1.D_1.E,DOWNLOADED,264036
2ylz__1__1.A__1.B,DOWNLOADED,341984
4ylf__1__1.A_1.B__1.F,DOWNLOADED,464323
4ylf__1__1.B__1.I,DOWNLOADED,294974
4ylf__2__1.C_1.D__1.O,DOWNLOADED,456335
4ylf__2__1.C__1.K,DOWNLOADED,167853
4ylg__1__1.A_1.B__1.C_1.D,DOWNLOADED,196022
5yl2__1__1.A_1.B__1.G_1.H,DOWNLOADED,547839
5yl2__1__1.A_1.B__1.N,DOWNLOADED,546809
5yl2__1__1.B_1.C__1.K_1.L,DOWNLOADED,548984
5yl2__1__1.C_1.D__1.O_1.P,DOWNLOADED,548005
5yl2__1__1.C_1.D__1.T,DOWNLOADED,547045
5yl2__1__1.D__1.R_1.S,DOWNLOADED,272171
5yl2__1__1.F__1.U,DOWNLOADED,223854
5yly__1__1.A__1.C,DOWNLOADED,171023
5yly__2__1.B__1.D,DOWNLOADED,175147
6ylc__1__1.A__1.E,DOWNLOADED,185149
6ylc__2__1.B__1.F,DOWNLOADED,192348
6ylc__3__1.C__1.G,DOWNLOADED,182910
6ylc__4__1.D__1.H,DOWNLOADED,195619
1zhf__1__1.A__1.B,DOWNLOADED,228638
1zhf__1__2.A__2.B,DOWNLOADED,228759
1zht__1__1.A__1.B,DOWNLOADED,281385
1zhw__1__1.A__1.C,DOWNLOADED,281418
1zhx__1__1.A__1.B,DOWNLOADED,281424
1zhy__1__1.A__1.D,DOWNLOADED,281331
1zhz__1__1.A__1.D,DOWNLOADED,281410
4zhd__1__1.A__1.D_1.E,DOWNLOADED,111320
4zhd__2__1.B__1.G_1.H,DOWNLOADED,110237
4zhd__3__1.C__1.I_1.J,DOWNLOADED,112126
4zhf__1__1.A__1.G_1.H_1.I,DOWNLOADED,119558
4zhf__4__1.D__1.T_1.U_1.V,DOWNLOADED,120292
4zhf__5__1.E__1.AA_1.Y_1.Z,DOWNLOADED,118941
4zhg__1__1.A__1.G_1.H,DOWNLOADED,119071
4zhg__3__1.C__1.P_1.Q,DOWNLOADED,118523
4zhg__4__1.D__1.T_1.U,DOWNLOADED,120155
4zhh__1__1.A__1.G_1.H,DOWNLOADED,119076
4zhh__4__1.D__1.U_1.V,DOWNLOADED,120002
5zhj__1__1.A_2.A__1.B,DOWNLOADED,254054
5zhj__1__1.A_2.A__2.B,DOWNLOADED,254054
1zos__1__1.A_1.B__1.G,DOWNLOADED,271540
1zos__1__1.A_1.B__1.H,DOWNLOADED,271432
1zos__2__1.C_1.D__1.I,DOWNLOADED,272170
1zos__2__1.C_1.D__1.J,DOWNLOADED,272170
1zos__3__1.E_1.F__1.K,DOWNLOADED,272083
1zos__3__1.E_1.F__1.L,DOWNLOADED,272083
1zot__1__1.A__1.C_1.D_1.E_1.F,DOWNLOADED,216424
2zof__1__1.A_1.B__1.C_1.D_1.E,DOWNLOADED,588812
2zof__1__1.A_1.B__1.F_1.G_1.H,DOWNLOADED,588812
2zog__1__1.A_1.B__1.C_1.D_1.E,DOWNLOADED,590936
2zog__1__1.A_1.B__1.F_1.G_1.H,DOWNLOADED,590827
2zox__1__1.A__1.C,DOWNLOADED,305376
2zoz__1__1.A_1.B__1.H,DOWNLOADED,223809
2zoz__2__2.B__2.H,DOWNLOADED,116658
3zo1__1__1.A_1.B__1.C,DOWNLOADED,233443
3zo2__1__1.A__1.C,DOWNLOADED,224634
3zo3__1__1.A__1.C,DOWNLOADED,220810
3zoi__1__1.A__1.B_1.C,DOWNLOADED,210891
4zom__1__1.A__1.E,DOWNLOADED,147774
4zom__2__1.B__1.F,DOWNLOADED,145988
4zom__3__1.C__1.G,DOWNLOADED,141784
4zom__4__1.D__1.H,DOWNLOADED,141481
4zow__1__1.A__1.B,DOWNLOADED,237562
1z57__1__1.A__1.B,DOWNLOADED,212260
1z59__1__1.A__1.B_1.C,DOWNLOADED,294857
1z5a__1__1.A_1.B__1.C_1.D,DOWNLOADED,587066
1z5a__1__1.A_1.B__1.E_1.F,DOWNLOADED,587287
1z5b__1__1.A_1.B__1.C_1.D_1.F,DOWNLOADED,592360
1z5b__1__1.A_1.B__1.G_1.H_1.J,DOWNLOADED,592283
1z5c__1__1.A_1.B__1.C_1.D_1.E,DOWNLOADED,592398
1z5c__1__1.A_1.B__1.F_1.G_1.H,DOWNLOADED,592472
1z5o__1__1.A_1.B__1.C,DOWNLOADED,271838
1z5o__1__1.A_1.B__1.D,DOWNLOADED,271947
1z5u__1__1.A__1.E_1.F,DOWNLOADED,132000
1z5u__1__1.B__1.H,DOWNLOADED,132900
1z5u__1__1.C__1.J,DOWNLOADED,132278
1z5u__1__1.D__1.K_1.L,DOWNLOADED,132640
4z54__1__1.A_1.B__1.C_1.D,DOWNLOADED,343638
6z55__1__1.A__1.U,DOWNLOADED,234935
6z55__2__1.B__1.KA,DOWNLOADED,237433
6z58__1__1.A__1.B,DOWNLOADED,211208
6z59__1__1.A__1.B,DOWNLOADED,211491
1zk7__1__1.A_2.A__1.E,DOWNLOADED,553638
1zk7__1__1.A_2.A__2.E,DOWNLOADED,553638
3zkn__1__1.B__1.K,DOWNLOADED,236157
3zkn__2__1.A__1.G,DOWNLOADED,236228
4zk1__1__1.A_1.B__1.M,DOWNLOADED,263999
4zk1__1__1.A_1.E__1.T,DOWNLOADED,259189
4zk1__1__1.B_1.C__1.O,DOWNLOADED,260273
4zk1__1__1.C_1.D__1.P,DOWNLOADED,256889
4zk1__1__1.D_1.E__1.R,DOWNLOADED,257817
4zk1__2__1.F_1.G__1.W,DOWNLOADED,261748
4zk1__2__1.F_1.J__1.DA,DOWNLOADED,259562
4zk1__2__1.G_1.H__1.X,DOWNLOADED,264563
4zk1__2__1.H_1.I__1.AA,DOWNLOADED,259716
5zkc__1__1.A__1.B,DOWNLOADED,251207
6zk2__1__1.A_1.B__1.E_1.F,DOWNLOADED,379927
6zk2__1__1.A_1.B__1.O_1.P,DOWNLOADED,379860
6zk2__2__1.C_1.D__1.AA_1.Z,DOWNLOADED,382281
6zk2__2__1.C_1.D__1.IA_1.JA_1.MA,DOWNLOADED,382616
6zk5__1__1.A_1.B__1.C_1.D,DOWNLOADED,382722
6zk5__1__1.A_1.B__1.F_1.G,DOWNLOADED,382796
1yv3__1__1.A__1.F,DOWNLOADED,436224
2yvl__1__1.A__1.E,DOWNLOADED,161983
2yvl__1__1.B__1.F,DOWNLOADED,161288
2yvl__1__1.C__1.G,DOWNLOADED,161307
2yvl__1__1.D__1.H,DOWNLOADED,161026
4yv0__1__1.A_1.B__1.G,DOWNLOADED,354498
4yv0__1__1.A__1.E,DOWNLOADED,173398
4yv0__1__1.B__1.F,DOWNLOADED,188576
4yv0__2__1.C_1.D__1.J,DOWNLOADED,353568
4yv0__2__1.C__1.H,DOWNLOADED,175029
4yv0__2__1.D__1.I,DOWNLOADED,186015
4yv1__1__1.A_1.B__1.G,DOWNLOADED,356321
4yv1__1__1.A__1.E,DOWNLOADED,176366
4yv1__1__1.B__1.F,DOWNLOADED,187514
4yv1__2__1.C_1.D__1.J,DOWNLOADED,354107
4yv1__2__1.C__1.H,DOWNLOADED,176689
4yv1__2__1.D__1.I,DOWNLOADED,184977
4yvg__1__1.A_2.A__1.B,DOWNLOADED,299151
4yvg__1__1.A_2.A__2.B,DOWNLOADED,299151
4yvh__1__1.A_2.A__1.B,DOWNLOADED,297923
4yvh__1__1.A_2.A__2.B,DOWNLOADED,297842
5yv5__1__1.A__1.C_1.E,DOWNLOADED,332153
5yvn__1__1.A_2.A__1.B,DOWNLOADED,303149
5yvn__1__1.A_2.A__2.B,DOWNLOADED,303149
1xkq__1__1.A__1.E,DOWNLOADED,168296
1xkq__1__1.B__1.F,DOWNLOADED,167611
1xkq__1__1.C__1.G,DOWNLOADED,166464
1xkq__1__1.D__1.H,DOWNLOADED,168015
2xk6__1__1.A__1.B,DOWNLOADED,156558
2xk7__1__1.A__1.B,DOWNLOADED,161929
2xkd__1__1.A__1.B,DOWNLOADED,161978
4xk9__1__1.A_1.B__1.M,DOWNLOADED,266181
4xk9__1__1.A_1.E__1.K,DOWNLOADED,266205
4xk9__1__1.B_1.C__1.O,DOWNLOADED,266718
4xk9__1__1.C_1.D__1.Q,DOWNLOADED,264325
4xk9__1__1.D_1.E__1.R,DOWNLOADED,265659
4xk9__2__1.F_1.G__1.U,DOWNLOADED,268493
4xk9__2__1.F_1.J__1.T,DOWNLOADED,270188
4xk9__2__1.G_1.H__1.W,DOWNLOADED,269210
4xk9__2__1.H_1.I__1.Y,DOWNLOADED,271372
4xk9__2__1.I_1.J__1.Z,DOWNLOADED,270117
5xk7__1__1.A_1.B__1.J_1.K_1.L,DOWNLOADED,270043
5xk7__2__1.C_1.D__1.N_1.O_1.P,DOWNLOADED,270582
5xk7__2__1.C_1.D__1.S_1.T_1.U,DOWNLOADED,270803
5xk8__1__1.A_1.B__1.F_1.G,DOWNLOADED,269217
5xk8__1__1.A__1.E,DOWNLOADED,141314
5xk8__2__1.C__1.H,DOWNLOADED,138729
5xkg__1__1.A_1.B__1.G_1.H,DOWNLOADED,555389
5xkg__1__1.A_1.B__1.N,DOWNLOADED,553976
5xkg__1__1.B_1.C__1.K_1.L,DOWNLOADED,556960
5xkg__1__1.C_1.D__1.O_1.P,DOWNLOADED,555971
5xkg__1__1.C_1.D__1.T,DOWNLOADED,554477
5xkg__1__1.D__1.R_1.S,DOWNLOADED,275896
5xkh__1__1.A_1.B__1.G_1.H,DOWNLOADED,547948
5xkh__1__1.B_1.C__1.K_1.L,DOWNLOADED,549209
5xkh__1__1.C_1.D__1.O_1.P,DOWNLOADED,548382
5xkh__1__1.C_1.D__1.R,DOWNLOADED,546930
5xkh__1__1.D__1.S_1.T,DOWNLOADED,272283
3zi4__1__1.A__1.B_1.C_1.D,DOWNLOADED,134607
3zia__1__1.K_1.N__1.GA_1.HA,DOWNLOADED,580258
3zia__1__1.L_1.O__1.IA_1.JA,DOWNLOADED,576732
3zia__1__1.L_1.P__1.TA_1.UA,DOWNLOADED,578629
3zia__1__1.M_1.N__1.PA_1.QA,DOWNLOADED,581529
3zia__1__1.M_1.P__1.MA_1.NA,DOWNLOADED,582295
3zia__1__1.O__1.RA,DOWNLOADED,284899
3zia__2__1.A_1.D__1.U_1.V,DOWNLOADED,589271
3zia__2__1.A_1.E__1.DA,DOWNLOADED,584948
3zia__2__1.B_1.E__1.W_1.X,DOWNLOADED,582256
3zia__2__1.B_1.F__1.EA_1.FA,DOWNLOADED,584329
3zia__2__1.C_1.D__1.BA_1.CA,DOWNLOADED,592635
3zia__2__1.C_1.F__1.Y_1.Z,DOWNLOADED,590630
3zid__1__1.A__1.C,DOWNLOADED,228359
3zid__2__1.B__1.D,DOWNLOADED,216124
4zi0__1__1.A__1.E,DOWNLOADED,122082
5zio__1__1.A__1.B_1.C_1.D,DOWNLOADED,135599
1zw6__1__1.A__1.B_1.G,DOWNLOADED,107681
1zw9__1__1.A__1.B,DOWNLOADED,132093
2zwv__1__1.A__1.B,DOWNLOADED,227638
3zwd__1__1.A__1.C,DOWNLOADED,155373
3zwd__1__1.B__1.E,DOWNLOADED,155487
4zw5__1__1.A__1.B_1.C,DOWNLOADED,573149
4zw6__1__1.A__1.B_1.C_1.H,DOWNLOADED,595241
4zwg__1__1.D__1.T,DOWNLOADED,302717
4zwg__2__1.A_1.D__1.F_1.R,DOWNLOADED,599798
4zwg__2__1.A_1.D__1.I_1.J,DOWNLOADED,599794
4zwg__2__1.A__1.G_1.H,DOWNLOADED,307305
4zwg__2__1.D__1.S,DOWNLOADED,302607
4zwg__3__1.B_1.C__1.L,DOWNLOADED,598040
4zwg__3__1.B_1.C__1.O_1.P,DOWNLOADED,598024
4zwg__3__1.B__1.M,DOWNLOADED,302017
4zwg__3__1.C__1.N,DOWNLOADED,306030
5zw6__1__1.A__1.B,DOWNLOADED,263357
5zw6__1__1.C__1.D,DOWNLOADED,259529
5zwi__1__1.A__1.C,DOWNLOADED,153120
5zwk__1__1.A_1.B__1.E_1.G_1.H,DOWNLOADED,387746
5zwk__1__1.A__1.F,DOWNLOADED,196898
5zwk__1__1.B__1.J,DOWNLOADED,198013
5zwk__1__1.C_1.D__1.Q_1.S_1.T,DOWNLOADED,385172
5zwk__1__1.C__1.N,DOWNLOADED,196069
5zwk__1__1.D__1.R,DOWNLOADED,196349
5zwq__1__1.B__1.E_1.F,DOWNLOADED,246991
5zwq__1__2.B__2.E_2.F,DOWNLOADED,247719
5zwq__1__3.B__3.E_3.F,DOWNLOADED,247719
5zwq__1__4.B__4.E_4.F,DOWNLOADED,246991
6zwb__1__1.A_1.B__1.D_1.E,DOWNLOADED,1031314
4zaw__1__1.A_11.A_9.A__9.B_9.E,DOWNLOADED,367254
4zaw__1__1.A_3.A_5.A__1.B_1.E,DOWNLOADED,363737
4zaw__1__1.A_3.A_8.A__3.B_3.E,DOWNLOADED,365367
4zaw__1__10.A_12.A_2.A__12.B_12.E,DOWNLOADED,376703
4zaw__1__10.A_12.A_3.A__10.B_10.E,DOWNLOADED,375227
4zaw__1__10.A_6.A_8.A__8.B_8.E,DOWNLOADED,373178
4zaw__1__11.A_4.A_9.A__11.B_11.E,DOWNLOADED,368888
4zaw__1__11.A_6.A_8.A__6.B_6.E,DOWNLOADED,371702
4zaw__1__12.A_5.A_7.A__7.B_7.E,DOWNLOADED,368880
4zaw__1__2.A_4.A_6.A__4.B_4.E,DOWNLOADED,369665
4zaw__1__2.A_4.A_7.A__2.B_2.E,DOWNLOADED,368189
4zaw__1__5.A_7.A_9.A__5.B_5.E,DOWNLOADED,363737
5za7__1__1.A__1.B_1.C,DOWNLOADED,160820
5za8__1__1.A__1.B,DOWNLOADED,159879
5zab__10__1.J__1.Z,DOWNLOADED,124585
5zab__11__1.K__1.AA,DOWNLOADED,125847
5zab__12__1.L__1.BA,DOWNLOADED,125167
5zab__13__1.M__1.CA,DOWNLOADED,125471
5zab__14__1.N__1.DA,DOWNLOADED,125621
5zab__15__1.O__1.EA,DOWNLOADED,125679
5zab__16__1.P__1.FA,DOWNLOADED,125499
5zab__1__1.A__1.Q,DOWNLOADED,125394
5zab__2__1.B__1.R,DOWNLOADED,126101
5zab__3__1.C__1.S,DOWNLOADED,125601
5zab__4__1.D__1.T,DOWNLOADED,126560
5zab__5__1.E__1.U,DOWNLOADED,123648
5zab__6__1.F__1.V,DOWNLOADED,124293
5zab__7__1.G__1.W,DOWNLOADED,123227
5zab__8__1.H__1.X,DOWNLOADED,125151
5zab__9__1.I__1.Y,DOWNLOADED,124687
5zaf__1__1.A__1.B,DOWNLOADED,154575
5zaj__1__1.A__1.B,DOWNLOADED,160247
6zae__1__1.A__1.C_1.D,DOWNLOADED,391878
1zl2__1__1.A_1.F__1.K_1.L,DOWNLOADED,291356
1zl2__1__1.B_1.D__1.G_1.H,DOWNLOADED,286304
1zl2__1__1.B_1.D__1.I_1.J,DOWNLOADED,286414
2zl4__1__1.AA_1.O__1.P,DOWNLOADED,213922
2zl4__1__1.AA_1.Y__1.BA,DOWNLOADED,213965
2zl4__1__1.A_1.C__1.B,DOWNLOADED,211640
2zl4__1__1.A_1.M__1.N,DOWNLOADED,211639
2zl4__1__1.C_1.E__1.D,DOWNLOADED,210588
2zl4__1__1.E_1.G__1.F,DOWNLOADED,210136
2zl4__1__1.G_1.I__1.H,DOWNLOADED,210016
2zl4__1__1.I_1.K__1.J,DOWNLOADED,210075
2zl4__1__1.K_1.M__1.L,DOWNLOADED,210571
2zl4__1__1.O_1.Q__1.R,DOWNLOADED,210579
2zl4__1__1.Q_1.S__1.T,DOWNLOADED,210377
2zl4__1__1.S_1.U__1.V,DOWNLOADED,210497
2zl4__1__1.U_1.W__1.X,DOWNLOADED,210465
2zl4__1__1.W_1.Y__1.Z,DOWNLOADED,210513
4zla__1__1.A_1.E__1.AA_1.BA_1.DA_1.EA,DOWNLOADED,594784
5zla__1__1.A_1.B__1.H,DOWNLOADED,529771
5zla__1__1.A_1.D__1.G,DOWNLOADED,525481
5zla__1__1.B_1.D__1.J,DOWNLOADED,531282
5zla__2__1.C_1.E__1.K,DOWNLOADED,530055
5zla__2__1.C_1.F__1.I,DOWNLOADED,529267
5zla__2__1.E_1.F__1.L,DOWNLOADED,527991
6zl3__1__1.A__1.D,DOWNLOADED,104678
6zl6__1__1.A__1.C,DOWNLOADED,197244
6zl6__1__1.A__1.D,DOWNLOADED,199034
6zl6__1__1.B__1.E,DOWNLOADED,197244
6zl6__1__1.B__1.F,DOWNLOADED,198887
6zlf__1__1.A_1.E__1.NB,DOWNLOADED,516225
6zlf__1__1.A_1.E__1.U,DOWNLOADED,516146
6zlf__1__1.B_1.D__1.BA,DOWNLOADED,516771
6zlf__1__1.B_1.D__1.XA,DOWNLOADED,516775
6zlf__1__1.C_1.F__1.ZB,DOWNLOADED,521635
6zlf__1__1.G_1.H__1.VC,DOWNLOADED,517930
1yqd__1__1.A_1.B__1.C_1.E_1.F,DOWNLOADED,435729
1yqd__1__1.A_1.B__1.H_1.I_1.J,DOWNLOADED,435722
1yqt__1__1.A__1.C_1.E,DOWNLOADED,327284
2yqu__1__1.A_1.B__1.D,DOWNLOADED,547816
2yqu__1__1.A_1.B__1.H,DOWNLOADED,547883
2yqz__1__1.A__1.C,DOWNLOADED,167316
2yqz__2__1.B__1.D,DOWNLOADED,165926
4yq3__1__1.A_2.A__1.B,DOWNLOADED,297996
4yq3__1__1.A_2.A__2.B,DOWNLOADED,297996
4yq4__1__1.A_2.A__1.B,DOWNLOADED,301318
4yq4__1__1.A_2.A__2.B,DOWNLOADED,301318
4yq5__1__1.A_2.A__1.B,DOWNLOADED,303417
4yq5__1__1.A_2.A__2.B,DOWNLOADED,303417
4yq6__1__1.A_2.A__1.B,DOWNLOADED,297075
4yq6__1__1.A_2.A__2.B,DOWNLOADED,297075
4yq7__1__1.A_2.A__1.B,DOWNLOADED,295400
4yq7__1__1.A_2.A__2.B,DOWNLOADED,295400
4yq8__1__1.A_2.A__1.B,DOWNLOADED,299238
4yq8__1__1.A_2.A__2.B,DOWNLOADED,299238
4yqb__1__1.A_2.A__1.B,DOWNLOADED,298968
4yqb__1__1.A_2.A__2.B,DOWNLOADED,298968
4yqg__1__1.A__1.B,DOWNLOADED,151727
4yqj__1__1.A__1.B,DOWNLOADED,150250
4yqk__1__1.A_2.A__1.B,DOWNLOADED,296292
4yqk__1__1.A_2.A__2.B,DOWNLOADED,296292
4yql__1__1.A_2.A__1.B,DOWNLOADED,301280
4yql__1__1.A_2.A__2.B,DOWNLOADED,301280
4yqo__1__1.A_2.A__1.B,DOWNLOADED,299673
4yqo__1__1.A_2.A__2.B,DOWNLOADED,299672
6yqq__1__1.A__1.D,DOWNLOADED,194001
6yqq__1__2.A__2.D,DOWNLOADED,195596
6yqs__1__1.A__1.B,DOWNLOADED,65872
1y6q__1__1.A_1.B__1.D,DOWNLOADED,271364
1y6q__1__1.A_1.B__1.F,DOWNLOADED,271183
2y69__1__1.A_1.B_1.T__1.AB,DOWNLOADED,531083
2y69__1__1.A_1.C__1.FA,DOWNLOADED,500583
2y69__1__1.A_1.D_1.L_1.M__1.NA,DOWNLOADED,484188
2y69__1__1.C_1.J__1.KA,DOWNLOADED,209860
2y69__2__1.G_1.N_1.O__1.MA,DOWNLOADED,536274
2y69__2__1.N_1.P__1.TA,DOWNLOADED,505789
2y69__2__1.N_1.Q_1.Y_1.Z__1.BB,DOWNLOADED,489745
2y69__2__1.P_1.W__1.YA,DOWNLOADED,211599
2y6f__1__1.A__1.B_1.C,DOWNLOADED,210374
4y62__1__1.A__1.C,DOWNLOADED,184063
4y63__1__1.A__1.B,DOWNLOADED,186419
6y60__2__1.F_1.G__1.Y,DOWNLOADED,318303
6y63__1__1.D_1.E__1.BA,DOWNLOADED,313708
6y64__1__1.A_1.B__1.T,DOWNLOADED,314267
6y66__1__1.A_1.B__1.P,DOWNLOADED,317330
6y66__1__1.A_1.E__1.K,DOWNLOADED,319140
6y66__1__1.B_1.C__1.R,DOWNLOADED,319280
6y66__1__1.C_1.D__1.V,DOWNLOADED,321043
6y66__2__1.F_1.G__1.JA,DOWNLOADED,323453
6y66__2__1.F_1.J__1.GA,DOWNLOADED,325551
6y66__2__1.G_1.H__1.NA,DOWNLOADED,323136
6y66__2__1.H_1.I__1.QA,DOWNLOADED,322793
6y66__2__1.I_1.J__1.SA,DOWNLOADED,325679
6y6d__1__1.A_1.B__1.G_1.H,DOWNLOADED,539018
6y6d__1__1.B_1.C__1.J_1.K,DOWNLOADED,538551
6y6d__1__1.C_1.D__1.O_1.P,DOWNLOADED,541632
6y6d__1__1.D__1.R_1.S,DOWNLOADED,268879
6y6f__1__1.A__1.B_1.C,DOWNLOADED,184163
6y6n__1__1.A_1.B__1.C,DOWNLOADED,138025
6y6o__1__1.A_1.B__1.G,DOWNLOADED,139709
6y6v__1__1.A__1.B,DOWNLOADED,212026
1z29__1__1.A__1.C,DOWNLOADED,183676
1z29__1__2.A__2.C,DOWNLOADED,186242
1z2n__1__1.A__1.B_1.C,DOWNLOADED,200299
4z24__1__1.A__1.C,DOWNLOADED,400476
4z24__1__1.B__1.D,DOWNLOADED,401935
4z2r__1__1.B__1.D,DOWNLOADED,355258
4z2r__1__2.A__2.C,DOWNLOADED,359549
4z2r__1__2.B__2.D,DOWNLOADED,357231
4z2t__1__1.B__1.D,DOWNLOADED,355992
4z2t__1__2.A__2.C,DOWNLOADED,355720
4z2t__1__2.B__2.D,DOWNLOADED,358033
4z2t__1__3.A__3.C,DOWNLOADED,354155
4z2u__1__1.B__1.D,DOWNLOADED,358725
4z2u__1__2.A__2.C,DOWNLOADED,356280
4z2u__1__3.A__3.C,DOWNLOADED,354580
5z2m__1__1.B__1.E_1.F,DOWNLOADED,111535
5z2m__2__1.C__1.G,DOWNLOADED,110389
5z2p__1__1.F_1.H__1.HA_1.IA_1.WA,DOWNLOADED,676554
5z2p__2__1.E_1.G__1.CA_1.DA,DOWNLOADED,688295
5z2p__2__1.E_1.G__1.PA_1.QA,DOWNLOADED,688381
5z2r__1__1.A_1.B__1.L_1.N_1.O,DOWNLOADED,682643
5z2r__1__1.C_1.D__1.Y_1.Z,DOWNLOADED,685132
5z2r__2__1.E_1.F__1.OA_1.PA,DOWNLOADED,694532
5z2r__2__1.G_1.H__1.UA_1.VA,DOWNLOADED,695010
5z2u__1__1.A_1.H__1.KA_1.LA,DOWNLOADED,683931
5z2u__1__1.B_1.G__1.K_1.L,DOWNLOADED,686297
5z2u__2__1.C_1.D__1.S_1.T,DOWNLOADED,694745
5z2u__2__1.E_1.F__1.BA_1.CA,DOWNLOADED,695245
5z2u__2__1.E_1.F__1.X_1.Y,DOWNLOADED,695891
5z2x__1__1.A__1.C_1.J,DOWNLOADED,228001
5z2x__2__1.B__1.K,DOWNLOADED,224426
6z2c__1__1.A__1.D,DOWNLOADED,116349
6z2c__2__1.B__1.E,DOWNLOADED,117457
6z2c__3__1.C__1.F,DOWNLOADED,116777
1zbq__1__1.A__1.G,DOWNLOADED,185132
1zbq__1__1.B__1.H,DOWNLOADED,185812
1zbq__2__1.C__1.I,DOWNLOADED,188210
1zbq__2__1.D__1.J,DOWNLOADED,187964
1zbq__3__1.E__1.K,DOWNLOADED,181980
1zbq__3__1.F__1.L,DOWNLOADED,182576
2zbp__1__1.A__1.B,DOWNLOADED,156758
2zbq__1__1.A__1.B,DOWNLOADED,155036
2zbq__2__2.A__2.B,DOWNLOADED,154905
2zbr__1__1.A__1.B,DOWNLOADED,153744
2zbr__2__2.A__2.B,DOWNLOADED,153610
2zbu__1__1.A_2.A__2.E,DOWNLOADED,327749
2zbu__1__1.A_3.A__1.E,DOWNLOADED,327744
2zbu__2__1.B_2.B__1.F,DOWNLOADED,323443
2zbu__2__1.B_3.B__3.F,DOWNLOADED,325330
2zbu__3__1.C_2.C__1.G,DOWNLOADED,328172
2zbu__3__1.C_3.C__3.G,DOWNLOADED,327896
2zbu__4__1.D_2.D__1.H,DOWNLOADED,323064
2zbu__4__1.D_3.D__3.H,DOWNLOADED,323063
2zbv__1__1.A_1.B__1.D,DOWNLOADED,319293
2zbv__1__1.A_1.C__1.F,DOWNLOADED,320215
2zbv__1__1.B_1.C__1.E,DOWNLOADED,317725
2zbw__1__1.A_1.B__1.D,DOWNLOADED,405062
3zbn__1__1.B__1.F,DOWNLOADED,267800
3zbp__1__1.A__1.B,DOWNLOADED,189522
3zbq__1__1.A__1.B,DOWNLOADED,199409
3zbt__1__1.A__1.B,DOWNLOADED,190196
4zb8__1__1.A_2.A__1.B,DOWNLOADED,283304
4zb8__1__1.A_2.A__2.B,DOWNLOADED,283304
4zba__1__1.A_1.B__1.E_1.G,DOWNLOADED,291754
4zba__1__1.A_1.B__1.H_1.J,DOWNLOADED,291610
4zba__2__1.C_1.D__1.K,DOWNLOADED,289004
4zba__2__1.C_1.D__1.N_1.P,DOWNLOADED,289346
6zb0__1__1.A__1.C,DOWNLOADED,74187
6zb6__1__1.A__1.G_1.H_1.I_1.K,DOWNLOADED,148945
6zb6__2__1.B__1.M_1.N,DOWNLOADED,150812
6zb6__3__1.C__1.P_1.Q,DOWNLOADED,144800
6zb6__5__1.E__1.Y_1.Z,DOWNLOADED,142360
1zx9__1__1.A_2.A__1.B,DOWNLOADED,546158
1zx9__1__1.A_2.A__2.B,DOWNLOADED,546164
2zx8__1__1.A__1.C,DOWNLOADED,289369
2zx8__1__1.B__1.D,DOWNLOADED,289699
2zxi__1__1.A__1.E,DOWNLOADED,389192
2zxi__1__1.B__1.F,DOWNLOADED,395507
2zxi__2__1.C__1.G,DOWNLOADED,398392
2zxi__2__1.D__1.H,DOWNLOADED,394042
2zxn__1__1.A__1.C,DOWNLOADED,155264
2zxw__1__1.A_1.B__1.LA,DOWNLOADED,477769
2zxw__1__1.A_1.C__1.OA_1.RA,DOWNLOADED,505871
2zxw__1__1.A_1.D_1.L_1.M__1.CB,DOWNLOADED,483310
2zxw__1__1.C_1.G__1.HA_1.MA_1.WA,DOWNLOADED,236884
2zxw__2__1.N_1.P__1.NB_1.TB,DOWNLOADED,511096
2zxw__2__1.N_1.Q_1.Y_1.Z__1.DC,DOWNLOADED,489341
2zxw__2__1.P_1.T__1.MB_1.RB_1.UB_1.WB_1.XB,DOWNLOADED,251305
2zxw__2__1.P_1.W__1.YB,DOWNLOADED,211103
3zx4__1__1.B__1.F_1.G_1.H,DOWNLOADED,157915
3zx5__1__1.A__1.C_1.D_1.E,DOWNLOADED,156451
3zxw__1__1.A_2.E__1.I_1.J,DOWNLOADED,582961
3zxw__1__1.A_2.E__2.U_2.V,DOWNLOADED,582797
3zxw__1__1.C_2.C__1.O_1.P,DOWNLOADED,575053
3zxw__1__1.C_2.C__2.O_2.P,DOWNLOADED,574970
3zxw__1__1.E_2.A__1.U_1.V,DOWNLOADED,583352
3zxw__1__1.E_2.A__2.I_2.J,DOWNLOADED,583423
3zxw__1__1.G_2.G__1.Y_1.Z,DOWNLOADED,591326
3zxw__1__1.G_2.G__2.Y_2.Z,DOWNLOADED,591319
4zx3__1__1.A__1.B_1.C,DOWNLOADED,583699
5zxd__1__1.A__1.C,DOWNLOADED,301094
5zxd__2__1.B__1.E,DOWNLOADED,314816
5zxd__2__1.B__1.F,DOWNLOADED,314887
5zxm__1__1.A_1.B__1.H,DOWNLOADED,484085
4z87__2__1.C_3.C__3.Q_3.V,DOWNLOADED,1139793
4z87__2__1.C_4.C__1.Q_1.V,DOWNLOADED,1143287
4z87__2__2.C_3.C__2.Q_2.V,DOWNLOADED,1144607
4z87__2__2.C_4.C__4.Q_4.V,DOWNLOADED,1148101
4z87__3__2.C_3.C__2.Q_2.V,DOWNLOADED,1115227
4z87__3__2.C_4.C__4.Q_4.V,DOWNLOADED,1120041
4z87__3__3.C_5.C__3.Q_3.V,DOWNLOADED,1118721
4z87__3__4.C_5.C__5.Q_5.V,DOWNLOADED,1123535
5z84__1__1.A_1.B__1.XA,DOWNLOADED,477843
5z84__1__1.A_1.D_1.L_1.M__1.ZC,DOWNLOADED,483386
5z84__2__1.N_1.Q_1.Y_1.Z__1.JF,DOWNLOADED,489379
5z85__1__1.A_1.D_1.L_1.M__1.OC,DOWNLOADED,483382
5z85__2__1.N_1.Q_1.Y_1.Z__1.YE,DOWNLOADED,489365
5z86__1__1.A_1.B__1.WA,DOWNLOADED,477839
5z86__1__1.A_1.D_1.L_1.M__1.SC,DOWNLOADED,483387
5z86__2__1.N_1.Q_1.Y_1.Z__1.CF,DOWNLOADED,489256
6z86__1__1.A_1.B_1.C__1.U_1.Z,DOWNLOADED,359155
6z86__1__1.A_1.B_1.O__1.W_1.XA,DOWNLOADED,360515
6z86__1__1.A_1.O_1.Q__1.AB_1.V,DOWNLOADED,362093
6z86__1__1.B_1.C_1.D__1.AA_1.X,DOWNLOADED,359356
6z86__1__1.C_1.D_1.P__1.Y_1.ZA,DOWNLOADED,359130
6z86__1__1.D_1.P_1.T__1.BA_1.GB,DOWNLOADED,358254
6z86__1__1.O_1.Q_1.R__1.DB_1.WA,DOWNLOADED,362811
6z86__1__1.P_1.S_1.T__1.FB_1.YA,DOWNLOADED,356213
6z86__1__1.Q_1.R_1.S__1.BB_1.EB,DOWNLOADED,360709
6z86__1__1.R_1.S_1.T__1.CB_1.HB,DOWNLOADED,358831
6z86__2__1.E_1.I_1.L__1.KA_1.RA,DOWNLOADED,360343
6z86__2__1.E_1.I_1.N__1.CA_1.VA,DOWNLOADED,359664
6z86__2__1.E_1.J_1.L__1.DA_1.MA,DOWNLOADED,358065
6z86__2__1.F_1.G_1.H__1.GA_1.JA,DOWNLOADED,367658
6z86__2__1.F_1.G_1.K__1.EA_1.PA,DOWNLOADED,365390
6z86__2__1.G_1.K_1.N__1.HA_1.UA,DOWNLOADED,362748
6z86__2__1.H_1.J_1.M__1.IA_1.NA,DOWNLOADED,364654
6z86__2__1.I_1.K_1.N__1.LA_1.OA,DOWNLOADED,361793
6z86__2__1.J_1.L_1.M__1.QA_1.TA,DOWNLOADED,361242
1zc3__1__1.A__1.E_1.F,DOWNLOADED,112266
1zc3__2__1.C__1.G_1.H,DOWNLOADED,111234
1zc4__1__1.A__1.E_1.F,DOWNLOADED,112201
1zc4__2__1.C__1.G_1.H,DOWNLOADED,111158
1zch__1__1.A_2.A__1.D,DOWNLOADED,307973
1zch__1__1.A_2.A__2.D,DOWNLOADED,307973
2zcq__1__1.A__1.B_1.C_1.D,DOWNLOADED,191234
3zc3__1__1.A__1.C,DOWNLOADED,191825
3zc3__1__1.A__1.D,DOWNLOADED,191422
3zc3__2__1.B__1.F,DOWNLOADED,192213
3zc3__2__1.B__1.G,DOWNLOADED,191960
3zcp__1__1.A__1.C,DOWNLOADED,523621
3zcp__1__2.A__2.C,DOWNLOADED,525714
3zcq__1__1.A__1.C,DOWNLOADED,523587
3zcq__1__2.A__2.C,DOWNLOADED,525722
3zcr__1__1.A__1.D,DOWNLOADED,522016
3zcr__1__2.A__2.D,DOWNLOADED,524201
3zcs__1__1.A_2.A__1.C,DOWNLOADED,1032888
3zcs__1__1.A_2.A__2.C,DOWNLOADED,1033076
3zcs__1__1.A__1.D,DOWNLOADED,521724
3zcs__1__2.A__2.D,DOWNLOADED,523834
3zct__1__1.A_2.A__1.D,DOWNLOADED,1037840
3zct__1__1.A_2.A__2.D,DOWNLOADED,1037840
3zct__1__1.A__1.E,DOWNLOADED,524120
3zct__1__2.A__2.E,DOWNLOADED,526292
3zcu__1__1.A__1.B,DOWNLOADED,522220
3zcu__1__2.A__2.B,DOWNLOADED,524389
3zcv__1__1.A__1.C_1.E,DOWNLOADED,524700
3zcv__1__2.A__2.C_2.E,DOWNLOADED,526652
3zcx__1__1.A_2.B__1.C,DOWNLOADED,412489
3zcx__1__1.A_2.B__2.D,DOWNLOADED,412342
3zcx__1__1.B_2.A__1.D,DOWNLOADED,413142
3zcx__1__1.B_2.A__2.C,DOWNLOADED,413146
5zcp__1__1.A_1.B__1.UA,DOWNLOADED,477839
5zcp__1__1.A_1.D_1.L_1.M__1.EC,DOWNLOADED,483393
5zcp__1__1.C__1.KB,DOWNLOADED,174074
5zcp__2__1.N_1.Q_1.Y_1.Z__1.CE,DOWNLOADED,489253
5zcp__2__1.P__1.LD,DOWNLOADED,175361
5zcq__1__1.A_1.B__1.VA,DOWNLOADED,477839
5zcq__1__1.A_1.D_1.L_1.M__1.MC,DOWNLOADED,483385
5zcq__2__1.N_1.Q_1.Y_1.Z__1.JE,DOWNLOADED,489255
6zc9__2__1.B__1.F,DOWNLOADED,146453
2zya__1__1.A_1.B__1.C,DOWNLOADED,569758
2zya__1__1.A_1.B__1.D,DOWNLOADED,569759
2zyt__1__1.A__1.B,DOWNLOADED,194874
2zyu__1__1.A__1.B,DOWNLOADED,198617
2zyw__1__1.A__1.B,DOWNLOADED,198225
3zy3__1__1.A__1.E,DOWNLOADED,227248
3zy3__2__1.B__1.G,DOWNLOADED,226016
3zy5__1__1.A_2.A__1.F,DOWNLOADED,454836
3zy5__1__1.A_2.A__2.F,DOWNLOADED,454836
3zy6__1__1.A_2.A__1.B,DOWNLOADED,441836
3zy6__1__1.A_2.A__2.B,DOWNLOADED,441842
3zyc__1__1.A_1.B__1.C_1.D,DOWNLOADED,411743
3zyc__1__1.A_1.B__1.E_1.F,DOWNLOADED,411601
4zy0__1__1.A__1.M_1.N_1.O_1.P,DOWNLOADED,326543
4zy0__1__1.B__1.V_1.W_1.X_1.Y,DOWNLOADED,321605
4zy0__1__1.C__1.DA_1.EA_1.FA_1.GA,DOWNLOADED,325479
4zy0__1__1.D__1.NA_1.OA_1.PA_1.QA,DOWNLOADED,323087
4zy0__1__1.E__1.UA_1.VA_1.WA_1.XA,DOWNLOADED,320966
4zy0__1__1.F__1.CB_1.DB_1.EB_1.FB,DOWNLOADED,316946
4zy0__2__1.G__1.KB_1.LB_1.MB_1.NB,DOWNLOADED,330558
4zy0__2__1.H__1.TB_1.UB_1.VB_1.WB,DOWNLOADED,329909
4zy0__2__1.I__1.DC_1.EC_1.FC_1.GC,DOWNLOADED,332924
4zy0__2__1.J__1.KC_1.LC_1.MC_1.NC,DOWNLOADED,328009
4zy0__2__1.K__1.RC_1.SC_1.TC_1.UC,DOWNLOADED,327622
4zy0__2__1.L__1.AD_1.BD_1.YC_1.ZC,DOWNLOADED,321048
4zy2__1__1.A__1.M_1.N_1.O_1.T,DOWNLOADED,320652
4zy2__1__1.B_1.E__1.V_1.W_1.X_1.Y,DOWNLOADED,625394
4zy2__1__1.C_1.D__1.MA_1.NA_1.OA_1.UA,DOWNLOADED,624821
4zy2__1__1.C__1.BA_1.CA_1.DA_1.LA,DOWNLOADED,320498
4zy2__1__1.E__1.DB_1.VA_1.WA_1.XA,DOWNLOADED,318179
4zy2__1__1.F__1.FB_1.GB_1.HB_1.NB,DOWNLOADED,313603
4zy2__2__1.G__1.QB_1.RB_1.SB_1.ZB,DOWNLOADED,324849
4zy2__2__1.H__1.CC_1.DC_1.EC_1.HC,DOWNLOADED,323793
4zy2__2__1.I_1.J__1.LC_1.MC_1.NC_1.WC,DOWNLOADED,630981
4zy2__2__1.J__1.HD_1.XC_1.YC_1.ZC,DOWNLOADED,320609
4zy2__2__1.K__1.ID_1.JD_1.KD_1.PD,DOWNLOADED,320979
4zy2__2__1.L__1.QD_1.RD_1.SD_1.XD,DOWNLOADED,318420
4zy3__1__1.A__1.D,DOWNLOADED,180652
4zy3__2__1.B__1.F,DOWNLOADED,182734
4zy5__2__1.B__1.F,DOWNLOADED,180163
4zy6__1__1.A__1.C,DOWNLOADED,178883
4zy6__2__1.B__1.E,DOWNLOADED,176569
4zyc__1__1.A__1.D,DOWNLOADED,57964
4zyc__1__1.A__1.E,DOWNLOADED,58070
4zyc__2__1.B__1.F,DOWNLOADED,59087
4zyi__1__1.A__1.B,DOWNLOADED,61292
5zy6__1__1.A__1.C,DOWNLOADED,156856
5zy6__2__1.B__1.D,DOWNLOADED,161248
5zyh__1__1.A__1.B,DOWNLOADED,148815
6zyh__1__1.B__1.F_1.G,DOWNLOADED,234496
6zyr__1__1.A__1.E_1.F_1.G,DOWNLOADED,140963
6zyr__2__1.B__1.I_1.J_1.K,DOWNLOADED,140846
6zyr__3__1.C__1.Q_1.R_1.S,DOWNLOADED,142609
6zyr__4__1.D__1.U_1.V_1.W,DOWNLOADED,140971
6zys__1__1.A__1.E_1.F_1.G,DOWNLOADED,140861
6zys__2__1.B__1.H_1.I_1.J,DOWNLOADED,141300
6zys__4__1.D__1.Q_1.R_1.S,DOWNLOADED,140526
6zyt__1__1.A__1.I,DOWNLOADED,72262
6zyt__2__1.B__1.K,DOWNLOADED,70070
6zyt__3__1.C__1.L,DOWNLOADED,70683
6zyt__4__1.D__1.M,DOWNLOADED,71389
6zyt__5__1.E__1.N,DOWNLOADED,70469
6zyt__6__1.F__1.O,DOWNLOADED,69304
6zyz__1__1.A_1.B_1.C__1.E,DOWNLOADED,447415
3s55__1__1.B__1.K,DOWNLOADED,160489
3s55__1__1.C__1.N,DOWNLOADED,159303
3s55__2__1.F__1.S,DOWNLOADED,163255
3s5w__2__1.B__1.H,DOWNLOADED,273556
5s51__1__1.B_1.C__1.K_1.L,DOWNLOADED,541043
5s51__1__1.C_1.D__1.Q_1.R,DOWNLOADED,547047
5s51__1__1.D__1.T_1.U,DOWNLOADED,274025
5s51__1__1.F__1.V_1.W,DOWNLOADED,233120
5s54__1__1.A_1.B__1.G_1.H,DOWNLOADED,540058
5s54__1__1.B_1.C__1.K_1.L,DOWNLOADED,539720
5s54__1__1.C_1.D__1.O_1.P,DOWNLOADED,544833
5s54__1__1.D__1.R_1.S,DOWNLOADED,271801
5s54__1__1.F__1.T_1.U,DOWNLOADED,212925
5s55__1__1.A_1.B__1.G_1.H,DOWNLOADED,540763
5s55__1__1.B_1.C__1.K_1.L,DOWNLOADED,540539
5s55__1__1.C_1.D__1.O_1.P,DOWNLOADED,544055
5s55__1__1.D__1.R_1.S,DOWNLOADED,271429
5s55__1__1.F__1.U_1.V,DOWNLOADED,231424
5s56__1__1.A_1.B__1.G_1.H,DOWNLOADED,541164
5s56__1__1.B_1.C__1.K_1.L,DOWNLOADED,540927
5s56__1__1.C_1.D__1.P_1.Q,DOWNLOADED,545150
5s56__1__1.D__1.S_1.T,DOWNLOADED,272237
5s56__1__1.F__1.U_1.V,DOWNLOADED,232873
5s57__1__1.A_1.B__1.G_1.H,DOWNLOADED,540307
5s57__1__1.B_1.C__1.J_1.K,DOWNLOADED,539533
5s57__1__1.C_1.D__1.N_1.O,DOWNLOADED,545236
5s57__1__1.D__1.Q_1.R,DOWNLOADED,272340
5s57__1__1.F__1.T_1.U,DOWNLOADED,226953
5s58__1__1.A_1.B__1.G_1.H,DOWNLOADED,540664
5s58__1__1.B_1.C__1.K_1.L,DOWNLOADED,540680
5s58__1__1.C_1.D__1.O_1.P,DOWNLOADED,544626
5s58__1__1.D__1.R_1.S,DOWNLOADED,271921
5s58__1__1.F__1.U_1.V,DOWNLOADED,228773
5s5a__1__1.A_1.B__1.G_1.H,DOWNLOADED,542197
5s5a__1__1.B_1.C__1.K_1.L,DOWNLOADED,542134
5s5a__1__1.C_1.D__1.P_1.Q,DOWNLOADED,546374
5s5a__1__1.D__1.T_1.U,DOWNLOADED,273702
5s5a__1__1.F__1.X_1.Y,DOWNLOADED,232973
5s5b__1__1.A_1.B__1.G_1.H,DOWNLOADED,539450
5s5b__1__1.B_1.C__1.J_1.K,DOWNLOADED,539262
5s5b__1__1.C_1.D__1.N_1.O,DOWNLOADED,545507
5s5b__1__1.D__1.R_1.S,DOWNLOADED,272645
5s5b__1__1.F__1.U_1.V,DOWNLOADED,232689
5s5c__1__1.A_1.B__1.G_1.H,DOWNLOADED,540212
5s5c__1__1.B_1.C__1.K_1.L,DOWNLOADED,540141
5s5c__1__1.C_1.D__1.P_1.Q,DOWNLOADED,546254
5s5c__1__1.D__1.T_1.U,DOWNLOADED,273425
5s5c__1__1.F__1.V_1.W,DOWNLOADED,232767
5s5d__1__1.A_1.B__1.G_1.H,DOWNLOADED,539051
5s5d__1__1.B_1.C__1.K_1.L,DOWNLOADED,539755
5s5d__1__1.C_1.D__1.P_1.Q,DOWNLOADED,547600
5s5d__1__1.D__1.U_1.V,DOWNLOADED,274977
5s5f__1__1.A_1.B__1.G_1.H,DOWNLOADED,537174
5s5f__1__1.B_1.C__1.K_1.L,DOWNLOADED,537883
5s5f__1__1.C_1.D__1.O_1.P,DOWNLOADED,544458
5s5f__1__1.D__1.S_1.T,DOWNLOADED,271641
5s5f__1__1.F__1.U_1.V,DOWNLOADED,231970
5s5i__1__1.A_1.B__1.G_1.H,DOWNLOADED,541478
5s5i__1__1.B_1.C__1.K_1.L,DOWNLOADED,541126
5s5i__1__1.C_1.D__1.O_1.P,DOWNLOADED,544489
5s5i__1__1.D__1.S_1.T,DOWNLOADED,271638
5s5i__1__1.F__1.U_1.V,DOWNLOADED,233090
5s5j__1__1.A_1.B__1.G_1.H,DOWNLOADED,540735
5s5j__1__1.B_1.C__1.K_1.L,DOWNLOADED,540731
5s5j__1__1.C_1.D__1.P_1.Q,DOWNLOADED,544201
5s5j__1__1.D__1.S_1.T,DOWNLOADED,271481
5s5j__1__1.F__1.U_1.V,DOWNLOADED,232661
5s5k__1__1.A_1.B__1.G_1.H,DOWNLOADED,541535
5s5k__1__1.B_1.C__1.J_1.K,DOWNLOADED,540850
5s5k__1__1.C_1.D__1.N_1.O,DOWNLOADED,545733
5s5k__1__1.D__1.R_1.S,DOWNLOADED,272952
5s5k__1__1.F__1.U_1.V,DOWNLOADED,233559
5s5l__1__1.A_1.B__1.G_1.H,DOWNLOADED,540753
5s5l__1__1.B_1.C__1.K_1.L,DOWNLOADED,540754
5s5l__1__1.C_1.D__1.P_1.Q,DOWNLOADED,546112
5s5l__1__1.D__1.S_1.T,DOWNLOADED,273414
5s5l__1__1.F__1.U_1.V,DOWNLOADED,231011
5s5o__1__1.A_1.B__1.G_1.H,DOWNLOADED,540897
5s5o__1__1.B_1.C__1.K_1.L,DOWNLOADED,540897
5s5o__1__1.C_1.D__1.P_1.Q,DOWNLOADED,544248
5s5o__1__1.D__1.S_1.T,DOWNLOADED,271460
5s5o__1__1.F__1.U_1.V,DOWNLOADED,231048
5s5q__1__1.A_1.B__1.G_1.H,DOWNLOADED,539207
5s5q__1__1.B_1.C__1.K_1.L,DOWNLOADED,539170
5s5q__1__1.C_1.D__1.O_1.P,DOWNLOADED,544408
5s5q__1__1.D__1.S_1.T,DOWNLOADED,271724
5s5q__1__1.F__1.U_1.V,DOWNLOADED,232308
5s5r__1__1.A_1.B__1.G_1.H,DOWNLOADED,541196
5s5r__1__1.B_1.C__1.K_1.L,DOWNLOADED,541030
5s5r__1__1.C_1.D__1.P_1.R,DOWNLOADED,546555
5s5r__1__1.D__1.S_1.T,DOWNLOADED,273855
5s5r__1__1.F__1.U_1.V,DOWNLOADED,232947
5s5s__1__1.A_1.B__1.G_1.H,DOWNLOADED,539156
5s5s__1__1.B_1.C__1.K_1.L,DOWNLOADED,539242
5s5s__1__1.C_1.D__1.P_1.Q,DOWNLOADED,543767
5s5s__1__1.D__1.S_1.T,DOWNLOADED,271258
5s5s__1__1.F__1.U_1.V,DOWNLOADED,232110
5s5u__1__1.A_1.B__1.G_1.H,CACHED,541587
5s5u__1__1.B_1.C__1.J_1.K,CACHED,541310
5s5u__1__1.C_1.D__1.O_1.P,CACHED,544791
5s5u__1__1.D__1.R_1.S,CACHED,271841
5s5u__1__1.F__1.U_1.V,CACHED,233482
5s5w__1__1.A_1.B__1.G_1.H,DOWNLOADED,540813
5s5w__1__1.B_1.C__1.K_1.L,CACHED,540913
5s5w__1__1.C_1.D__1.P_1.Q,CACHED,544269
5s5w__1__1.D__1.T_1.U,CACHED,271453
5s5w__1__1.F__1.V_1.W,CACHED,232571
5s5x__1__1.A_1.B__1.G_1.H,CACHED,540965
5s5x__1__1.B_1.C__1.K_1.L,CACHED,540915
5s5x__1__1.B_1.C__1.O,CACHED,539262
5s5x__1__1.C_1.D__1.P_1.Q,CACHED,545004
5s5x__1__1.D__1.S_1.T,CACHED,272125
5s5x__1__1.F__1.U_1.V,CACHED,232587
5s5y__1__1.A_1.B__1.G_1.H,CACHED,540844
5s5y__1__1.B_1.C__1.K_1.L,CACHED,540805
5s5y__1__1.C_1.D__1.P_1.Q,CACHED,545107
5s5y__1__1.D__1.S_1.T,CACHED,272354
5s5y__1__1.F__1.U_1.V,CACHED,231580
