drug_names,origin_areas,origin_summary,origin_status,source_urls,scope_limits,origin_scope_note
3-iodobenzylguanidine,,来源为 AZEDRA iobenguane I-131：≥12岁、扫描阳性且不可切除局晚/转移 PPGL 需全身抗癌治疗；但当前模型未标 I-131，同位素治疗适应证不能直接移植,UNRESOLVED,https://www.accessdata.fda.gov/drugsatfda_docs/label/2023/209607Orig1s002lbl.pdf,逐项核对所列官方标签/监管原文；EXTERNAL_REVIEWED 表示完成该来源审核，不代表穷尽全球/历史批准或核实当前商业供应。未把副作用、机制或禁忌证当适应证。 UNRESOLVED；本地 registry 模型 N=C(N)NCc1cccc(I)c1 / PDWUPXJEEYOOTR-UHFFFAOYSA-N；FDA precise ingredient 为 IOBENGUANE I-131。来源肿瘤背景已知，当前未标同位素实体的获批用途未确认。,Reviewed retrieved official-label/regulatory material; not a complete worldwide approval registry; formulation/combination/historical limits retained.
afatinib,ONCOLOGY,EGFR非耐药突变转移NSCLC一线；铂类后进展转移鳞状NSCLC；耐药EGFR突变疗效未确立,LABEL_REVIEWED,https://dailymed.nlm.nih.gov/dailymed/drugInfo.cfm?setid=ec5b9e00-3eab-4dbd-9bb3-75865b1af485;https://dailymed.nlm.nih.gov/dailymed/drugInfo.cfm?setid=fd638e5e-8032-e7ca-0179-95e96ab5d387,仅审核本次抓取的美国标签适应证片段；不是完整历史/全球获批登记。摘要保留主要用途，详细年龄、剂型、基因、既往治疗及联合/排除条件以输入原文为准；未将不良反应或机制当适应证。,Reviewed retrieved official-label/regulatory material; not a complete worldwide approval registry; formulation/combination/historical limits retained.
alprazolam,NEURO_PSYCHIATRIC,成人GAD急性治疗及伴/不伴广场恐惧的惊恐障碍；剂型和疗程证据限制依标签,LABEL_REVIEWED,https://dailymed.nlm.nih.gov/dailymed/drugInfo.cfm?setid=563e09db-2f3d-4ce8-b356-ae44477be6d0;https://dailymed.nlm.nih.gov/dailymed/drugInfo.cfm?setid=0cf8b567-201b-44fa-8fd3-c74023aff44f;https://dailymed.nlm.nih.gov/dailymed/drugInfo.cfm?setid=aaab422d-c763-4352-8ffc-5aafdf91e8dd;https://dailymed.nlm.nih.gov/dailymed/drugInfo.cfm?setid=ff1630b4-2044-433c-96bc-0bb4ae8d42a0,仅审核本次抓取的美国标签适应证片段；不是完整历史/全球获批登记。摘要保留主要用途，详细年龄、剂型、基因、既往治疗及联合/排除条件以输入原文为准；未将不良反应或机制当适应证。,Reviewed retrieved official-label/regulatory material; not a complete worldwide approval registry; formulation/combination/historical limits retained.
amisulpride,GASTROINTESTINAL;NEURO_PSYCHIATRIC,美国 BARHEMSYS 静脉用：成人术后恶心呕吐预防/治疗（预防失败者限不同类止吐药）；法国 ANSM Solian 口服：精神分裂症治疗,EXTERNAL_REVIEWED,https://dailymed.nlm.nih.gov/dailymed/drugInfo.cfm?setid=ab23bc6e-b6a8-165f-e053-2a95a90ab144|https://m.base-donnees-publique.medicaments.gouv.fr/rcp-60019927-5,逐项核对所列官方标签/监管原文；EXTERNAL_REVIEWED 表示完成该来源审核，不代表穷尽全球/历史批准或核实当前商业供应。未把副作用、机制或禁忌证当适应证。 新增法国国家授权说明书，不称 EMA 集中批准；精神分裂症与美国止吐属于不同给药/剂量场景。法国该剂型禁用于<15岁。,Reviewed retrieved official-label/regulatory material; not a complete worldwide approval registry; formulation/combination/historical limits retained.
apalutamide,ONCOLOGY,转移去势敏感及非转移去势抵抗前列腺癌,LABEL_REVIEWED,https://dailymed.nlm.nih.gov/dailymed/drugInfo.cfm?setid=d1cda4f7-cb33-46ea-b9ac-431f6452b1a5,仅审核本次抓取的美国标签适应证片段；不是完整历史/全球获批登记。摘要保留主要用途，详细年龄、剂型、基因、既往治疗及联合/排除条件以输入原文为准；未将不良反应或机制当适应证。,Reviewed retrieved official-label/regulatory material; not a complete worldwide approval registry; formulation/combination/historical limits retained.
apremilast,IMMUNE_INFLAMMATORY;MUSCULOSKELETAL_CONNECTIVE;DERMATOLOGIC,活动性银屑病关节炎、符合光疗/系统治疗条件的斑块银屑病、Behçet相关口腔溃疡；成人及部分≥6岁儿童、20/50kg剂型门槛不同,LABEL_REVIEWED,https://dailymed.nlm.nih.gov/dailymed/drugInfo.cfm?setid=f6b1f516-4972-4d82-bced-113e47b41cc5,仅审核本次抓取的美国标签适应证片段；不是完整历史/全球获批登记。摘要保留主要用途，详细年龄、剂型、基因、既往治疗及联合/排除条件以输入原文为准；未将不良反应或机制当适应证。,Reviewed retrieved official-label/regulatory material; not a complete worldwide approval registry; formulation/combination/historical limits retained.
aripiprazole;aripiprazole lauroxil,NEURO_PSYCHIATRIC,模型实体 aripiprazole：精神分裂症；双相 I 躁狂/混合发作单药及锂/丙戊酸辅助；成人 MDD 辅助；自闭症相关易激惹；Tourette 障碍；年龄及剂型条件依各项标签,EXTERNAL_REVIEWED,https://dailymed.nlm.nih.gov/dailymed/drugInfo.cfm?setid=bf3cf835-4c4e-47cb-be9c-bcb7c2e11cbe,逐项核对所列官方标签/监管原文；EXTERNAL_REVIEWED 表示完成该来源审核，不代表穷尽全球/历史批准或核实当前商业供应。未把副作用、机制或禁忌证当适应证。 全结构键核定模型是 aripiprazole，不是 aripiprazole lauroxil；后者长效前药适应证不合并到模型。这里审核口服 aripiprazole，非穷尽全部注射制剂历史。,Reviewed retrieved official-label/regulatory material; not a complete worldwide approval registry; formulation/combination/historical limits retained.
asenapine,NEURO_PSYCHIATRIC,成人精神分裂症；双相I躁狂/混合发作单药、成人锂/丙戊酸辅助及成人维持；儿科10–17岁适用范围依剂型,LABEL_REVIEWED,https://dailymed.nlm.nih.gov/dailymed/drugInfo.cfm?setid=3512687b-d1c7-45c4-8822-3a2ad53575a5;https://dailymed.nlm.nih.gov/dailymed/drugInfo.cfm?setid=16e1cc9f-7699-49ea-b179-acb65e162304;https://dailymed.nlm.nih.gov/dailymed/drugInfo.cfm?setid=5429f134-839f-4ffc-9944-55f51238def8;https://dailymed.nlm.nih.gov/dailymed/drugInfo.cfm?setid=685eaf44-5944-4f38-afba-0a4fc0b3462b,仅审核本次抓取的美国标签适应证片段；不是完整历史/全球获批登记。摘要保留主要用途，详细年龄、剂型、基因、既往治疗及联合/排除条件以输入原文为准；未将不良反应或机制当适应证。,Reviewed retrieved official-label/regulatory material; not a complete worldwide approval registry; formulation/combination/historical limits retained.
avanafil,ENDOCRINE_METABOLIC_REPRODUCTIVE;RENAL_URINARY,成人男性勃起功能障碍,LABEL_REVIEWED,https://dailymed.nlm.nih.gov/dailymed/drugInfo.cfm?setid=1d04e17d-7399-430a-a8bb-fa1912b155e9,仅审核本次抓取的美国标签适应证片段；不是完整历史/全球获批登记。摘要保留主要用途，详细年龄、剂型、基因、既往治疗及联合/排除条件以输入原文为准；未将不良反应或机制当适应证。,Reviewed retrieved official-label/regulatory material; not a complete worldwide approval registry; formulation/combination/historical limits retained.
balsalazide;mesalamine,IMMUNE_INFLAMMATORY;GASTROINTESTINAL,模型实体 mesalamine：口服缓释/肠溶制剂用于成人轻中度 UC 诱导及维持缓解，所核片剂儿童≥24kg；栓剂用于成人轻中度活动性溃疡性直肠炎,EXTERNAL_REVIEWED,https://dailymed.nlm.nih.gov/dailymed/drugInfo.cfm?setid=875d573f-99a1-426a-8321-4d511690d503|https://dailymed.nlm.nih.gov/dailymed/drugInfo.cfm?setid=06792d20-d7e9-4b66-a4cb-cd0cf1a2db25,逐项核对所列官方标签/监管原文；EXTERNAL_REVIEWED 表示完成该来源审核，不代表穷尽全球/历史批准或核实当前商业供应。未把副作用、机制或禁忌证当适应证。 全结构键核定模型是 mesalamine，不是 balsalazide 前药；不同口服/直肠制剂的年龄、剂量、诱导/维持条件不能互换。,Reviewed retrieved official-label/regulatory material; not a complete worldwide approval registry; formulation/combination/historical limits retained.
belzutifan,ONCOLOGY,VHL相关RCC/CNS血管母细胞瘤/pNET且不需即时手术；ccRCC术后高风险辅助联合及既往PD1/L1和VEGF-TKI后晚期单药；≥12岁局晚不可切除/转移PPGL；均按肿瘤归类,LABEL_REVIEWED,https://dailymed.nlm.nih.gov/dailymed/drugInfo.cfm?setid=13e15ee0-d679-4fa9-9430-e2e2170474da,仅审核本次抓取的美国标签适应证片段；不是完整历史/全球获批登记。摘要保留主要用途，详细年龄、剂型、基因、既往治疗及联合/排除条件以输入原文为准；未将不良反应或机制当适应证。,Reviewed retrieved official-label/regulatory material; not a complete worldwide approval registry; formulation/combination/historical limits retained.
betrixaban,CARDIOVASCULAR;HEMATOLOGIC,BEVYXXA 口服：成人因急性内科病住院且中重度活动受限并有其他 VTE 风险者，预防静脉血栓栓塞,EXTERNAL_REVIEWED,https://www.accessdata.fda.gov/drugsatfda_docs/label/2020/208383s007lbl.pdf,逐项核对所列官方标签/监管原文；EXTERNAL_REVIEWED 表示完成该来源审核，不代表穷尽全球/历史批准或核实当前商业供应。未把副作用、机制或禁忌证当适应证。 核到 FDA 2020 历史标签；未核定当前商业供应/授权是否变化，记录原用途不等于可采购。,Reviewed retrieved official-label/regulatory material; not a complete worldwide approval registry; formulation/combination/historical limits retained.
brexanolone,NEURO_PSYCHIATRIC,ZULRESSO 静脉输注：成人及≥15岁患者产后抑郁；输注监测及医疗机构条件依标签,EXTERNAL_REVIEWED,https://www.accessdata.fda.gov/drugsatfda_docs/label/2022/211371s007lbl.pdf,逐项核对所列官方标签/监管原文；EXTERNAL_REVIEWED 表示完成该来源审核，不代表穷尽全球/历史批准或核实当前商业供应。未把副作用、机制或禁忌证当适应证。 核到 FDA 2022 扩龄标签；原用途成立，未核定当前供应/授权状态，不外推一般 MDD 或口服制剂。,Reviewed retrieved official-label/regulatory material; not a complete worldwide approval registry; formulation/combination/historical limits retained.
bumetanide,CARDIOVASCULAR;RENAL_URINARY;GASTROINTESTINAL,充血性心衰、肝病或肾病含肾病综合征相关水肿；口服/注射/鼻用剂型条件不同,LABEL_REVIEWED,https://dailymed.nlm.nih.gov/dailymed/drugInfo.cfm?setid=d6f752c5-d2bd-4f77-9611-ca2110066d1f;https://dailymed.nlm.nih.gov/dailymed/drugInfo.cfm?setid=551918e1-96c4-453a-870c-61b282882206;https://dailymed.nlm.nih.gov/dailymed/drugInfo.cfm?setid=c38a404d-a919-4a2c-9fbb-d0655dee9516;https://dailymed.nlm.nih.gov/dailymed/drugInfo.cfm?setid=681b5e9d-e2c7-4f29-aaad-e06d4a528c11,仅审核本次抓取的美国标签适应证片段；不是完整历史/全球获批登记。摘要保留主要用途，详细年龄、剂型、基因、既往治疗及联合/排除条件以输入原文为准；未将不良反应或机制当适应证。,Reviewed retrieved official-label/regulatory material; not a complete worldwide approval registry; formulation/combination/historical limits retained.
calcipotriene,DERMATOLOGIC;IMMUNE_INFLAMMATORY,成人斑块银屑病及特定头皮银屑病；其他皮肤病疗效未确立,LABEL_REVIEWED,https://dailymed.nlm.nih.gov/dailymed/drugInfo.cfm?setid=277d843a-0ea9-429d-813d-49ed72dafb64;https://dailymed.nlm.nih.gov/dailymed/drugInfo.cfm?setid=94d4f46a-f254-4fe2-b4bd-7a533d6324fe;https://dailymed.nlm.nih.gov/dailymed/drugInfo.cfm?setid=492ea9cf-0117-4d84-a964-9c0121706ed3;https://dailymed.nlm.nih.gov/dailymed/drugInfo.cfm?setid=1bc020e0-b5ae-4cda-aa5b-87fa0452a6bc,仅审核本次抓取的美国标签适应证片段；不是完整历史/全球获批登记。摘要保留主要用途，详细年龄、剂型、基因、既往治疗及联合/排除条件以输入原文为准；未将不良反应或机制当适应证。,Reviewed retrieved official-label/regulatory material; not a complete worldwide approval registry; formulation/combination/historical limits retained.
carglumic acid,ENDOCRINE_METABOLIC_REPRODUCTIVE,NAGS缺乏急性高氨血症辅助及慢性维持；PA/MMA导致急性高氨血症辅助治疗；成人/儿科,LABEL_REVIEWED,https://dailymed.nlm.nih.gov/dailymed/drugInfo.cfm?setid=591f95ca-3d99-4fb6-a402-e5a383a746d0;https://dailymed.nlm.nih.gov/dailymed/drugInfo.cfm?setid=59e73eb8-edf8-4fad-93c2-deb6b23497f8;https://dailymed.nlm.nih.gov/dailymed/drugInfo.cfm?setid=2aee4281-402b-4cd6-9e6a-08945262e1a1;https://dailymed.nlm.nih.gov/dailymed/drugInfo.cfm?setid=10175e73-5172-4dde-a508-8a88b7afc0a1,仅审核本次抓取的美国标签适应证片段；不是完整历史/全球获批登记。摘要保留主要用途，详细年龄、剂型、基因、既往治疗及联合/排除条件以输入原文为准；未将不良反应或机制当适应证。,Reviewed retrieved official-label/regulatory material; not a complete worldwide approval registry; formulation/combination/historical limits retained.
cilastatin,INFECTION,原临床用途为 imipenem/cilastatin 静脉复方中的肾脱氢肽酶抑制保护组分；复方治疗敏感菌呼吸、泌尿、腹腔、妇科、皮肤、骨关节感染及菌血症/心内膜炎,EXTERNAL_REVIEWED,https://dailymed.nlm.nih.gov/dailymed/lookup.cfm?setid=46f54df9-5afe-430c-aa19-0d84c2044b0b,逐项核对所列官方标签/监管原文；EXTERNAL_REVIEWED 表示完成该来源审核，不代表穷尽全球/历史批准或核实当前商业供应。未把副作用、机制或禁忌证当适应证。 COMBINATION_COMPONENT_ONLY：未核到 cilastatin 单药独立抗感染适应证；INFECTION 表示既有使用场景，不能把 imipenem 抗菌效应当作 cilastatin 单药疗效，亦未据此声明单药肾保护获批。,Reviewed retrieved official-label/regulatory material; not a complete worldwide approval registry; formulation/combination/historical limits retained.
clozapine,NEURO_PSYCHIATRIC,其他标准抗精神病治疗失败的重症精神分裂症；精神分裂症/分裂情感障碍反复自杀行为风险降低,LABEL_REVIEWED,https://dailymed.nlm.nih.gov/dailymed/drugInfo.cfm?setid=2592c9a8-fd74-4e0d-a895-b07b014cf355;https://dailymed.nlm.nih.gov/dailymed/drugInfo.cfm?setid=61fe53d5-ed5c-4e45-9189-709d08d386cb;https://dailymed.nlm.nih.gov/dailymed/drugInfo.cfm?setid=7c748f8a-73ce-4bd3-aa30-9c66657f06ec;https://dailymed.nlm.nih.gov/dailymed/drugInfo.cfm?setid=883b5d43-0339-7dc1-f775-93791fb9b978,仅审核本次抓取的美国标签适应证片段；不是完整历史/全球获批登记。摘要保留主要用途，详细年龄、剂型、基因、既往治疗及联合/排除条件以输入原文为准；未将不良反应或机制当适应证。,Reviewed retrieved official-label/regulatory material; not a complete worldwide approval registry; formulation/combination/historical limits retained.
conivaptan,ENDOCRINE_METABOLIC_REPRODUCTIVE;RENAL_URINARY,VAPRISOL 静脉用：住院等容量或高容量低钠血症患者提高血清钠；总连续输注不超过4天,EXTERNAL_REVIEWED,https://www.accessdata.fda.gov/drugsatfda_docs/label/2016/021697s005lbl.pdf,逐项核对所列官方标签/监管原文；EXTERNAL_REVIEWED 表示完成该来源审核，不代表穷尽全球/历史批准或核实当前商业供应。未把副作用、机制或禁忌证当适应证。 FDA 2016 标签；明确未获批治疗心衰症状/体征，提高血钠的症状获益未确立；不能把合并心衰当心衰治疗原适应证。当前供应未核。,Reviewed retrieved official-label/regulatory material; not a complete worldwide approval registry; formulation/combination/historical limits retained.
cyclobenzaprine,MUSCULOSKELETAL_CONNECTIVE,急性疼痛肌骨病肌痉挛的休息/理疗辅助；限2–3周；不将脑脊髓病痉挛或儿童脑瘫当用途,LABEL_REVIEWED,https://dailymed.nlm.nih.gov/dailymed/drugInfo.cfm?setid=34e57aff-dc4b-4631-9d57-31020244835d;https://dailymed.nlm.nih.gov/dailymed/drugInfo.cfm?setid=37056cab-953e-43ba-9b4c-163a739a52f7;https://dailymed.nlm.nih.gov/dailymed/drugInfo.cfm?setid=30e61110-5bc8-4134-8456-538558479735;https://dailymed.nlm.nih.gov/dailymed/drugInfo.cfm?setid=ba659e1a-0091-45f6-b418-f4f36c9a2c79,仅审核本次抓取的美国标签适应证片段；不是完整历史/全球获批登记。摘要保留主要用途，详细年龄、剂型、基因、既往治疗及联合/排除条件以输入原文为准；未将不良反应或机制当适应证。,Reviewed retrieved official-label/regulatory material; not a complete worldwide approval registry; formulation/combination/historical limits retained.
dasabuvir,INFECTION,Exviera 原欧盟成人慢性丙肝治疗，须与其他药物联合，具体 HCV 基因型及肝病状态按原产品信息,EXTERNAL_REVIEWED,https://www.ema.europa.eu/en/medicines/human/EPAR/exviera|https://www.ema.europa.eu/en/documents/public-statement/public-statement-exviera-withdrawal-marketing-authorisation-european-union_en.pdf,逐项核对所列官方标签/监管原文；EXTERNAL_REVIEWED 表示完成该来源审核，不代表穷尽全球/历史批准或核实当前商业供应。未把副作用、机制或禁忌证当适应证。 HISTORICAL_EU_WITHDRAWN：欧盟授权于 2024-09-25 撤回；保留既有抗 HCV 用途背景，不表示现行单药批准或当前美国供应。,Reviewed retrieved official-label/regulatory material; not a complete worldwide approval registry; formulation/combination/historical limits retained.
desvenlafaxine,NEURO_PSYCHIATRIC,成人重度抑郁障碍,LABEL_REVIEWED,https://dailymed.nlm.nih.gov/dailymed/drugInfo.cfm?setid=ff837eb1-24c3-4c63-9b4b-c6b5935a9b47;https://dailymed.nlm.nih.gov/dailymed/drugInfo.cfm?setid=25bdfc41-c7cb-4d16-b6a8-f102f9b8c984;https://dailymed.nlm.nih.gov/dailymed/drugInfo.cfm?setid=56c9e8ee-1460-4a4c-8033-65d9afb358c8;https://dailymed.nlm.nih.gov/dailymed/drugInfo.cfm?setid=1d8889c9-9403-4b4b-8abd-7dc9a9fc1816,仅审核本次抓取的美国标签适应证片段；不是完整历史/全球获批登记。摘要保留主要用途，详细年龄、剂型、基因、既往治疗及联合/排除条件以输入原文为准；未将不良反应或机制当适应证。,Reviewed retrieved official-label/regulatory material; not a complete worldwide approval registry; formulation/combination/historical limits retained.
dexmethylphenidate;serdexmethylphenidate,NEURO_PSYCHIATRIC,模型实体 dexmethylphenidate：成人及≥6岁儿童 ADHD 治疗；所核口服长效胶囊,EXTERNAL_REVIEWED,https://dailymed.nlm.nih.gov/dailymed/drugInfo.cfm?setid=4ed9f3c8-c71f-499e-bb91-c19847bf4444,逐项核对所列官方标签/监管原文；EXTERNAL_REVIEWED 表示完成该来源审核，不代表穷尽全球/历史批准或核实当前商业供应。未把副作用、机制或禁忌证当适应证。 全结构键核定模型为 dexmethylphenidate，不是 serdexmethylphenidate 前药；不将 AZSTARYS 复方等同当前单分子。,Reviewed retrieved official-label/regulatory material; not a complete worldwide approval registry; formulation/combination/historical limits retained.
diazepam,NEURO_PSYCHIATRIC;MUSCULOSKELETAL_CONNECTIVE,焦虑短期缓解、急性酒精戒断症状、肌痉挛/痉挛状态辅助、癫痫辅助及注射剂癫痫持续状态/操作镇静与术前用药；口服非唯一抗惊厥疗法,LABEL_REVIEWED,https://dailymed.nlm.nih.gov/dailymed/drugInfo.cfm?setid=ba953b22-f0cd-4be5-9e0e-178bded88727;https://dailymed.nlm.nih.gov/dailymed/drugInfo.cfm?setid=260e2041-2bb3-482f-850e-b5d47a7bdbe6;https://dailymed.nlm.nih.gov/dailymed/drugInfo.cfm?setid=c57af2a2-aa9a-4dac-a200-e0d845005d05;https://dailymed.nlm.nih.gov/dailymed/drugInfo.cfm?setid=b4a045e4-d6ce-475d-abe4-590941bd3815,仅审核本次抓取的美国标签适应证片段；不是完整历史/全球获批登记。摘要保留主要用途，详细年龄、剂型、基因、既往治疗及联合/排除条件以输入原文为准；未将不良反应或机制当适应证。,Reviewed retrieved official-label/regulatory material; not a complete worldwide approval registry; formulation/combination/historical limits retained.
dimethyl fumarate,NEURO_PSYCHIATRIC;IMMUNE_INFLAMMATORY,成人复发型MS含临床孤立综合征、复发缓解及活动继发进展,LABEL_REVIEWED,https://dailymed.nlm.nih.gov/dailymed/drugInfo.cfm?setid=5361d5c6-c3eb-88e6-e063-6294a90ac08c;https://dailymed.nlm.nih.gov/dailymed/drugInfo.cfm?setid=b8e5184d-5d1d-0a89-e053-2995a90a2d6d;https://dailymed.nlm.nih.gov/dailymed/drugInfo.cfm?setid=b4a200c1-f25a-4aa8-8770-06182fdeda9d;https://dailymed.nlm.nih.gov/dailymed/drugInfo.cfm?setid=b00dcf89-59d3-9ab2-fd9b-16b9ec2d677b,仅审核本次抓取的美国标签适应证片段；不是完整历史/全球获批登记。摘要保留主要用途，详细年龄、剂型、基因、既往治疗及联合/排除条件以输入原文为准；未将不良反应或机制当适应证。,Reviewed retrieved official-label/regulatory material; not a complete worldwide approval registry; formulation/combination/historical limits retained.
doravirine,INFECTION,联合抗逆转录病毒治疗HIV1；初治或稳定病毒抑制后符合无失败/耐药条件的替换；≥35kg,LABEL_REVIEWED,https://dailymed.nlm.nih.gov/dailymed/drugInfo.cfm?setid=ff06e5cc-f47a-4779-816b-0e5b13e88a25,仅审核本次抓取的美国标签适应证片段；不是完整历史/全球获批登记。摘要保留主要用途，详细年龄、剂型、基因、既往治疗及联合/排除条件以输入原文为准；未将不良反应或机制当适应证。,Reviewed retrieved official-label/regulatory material; not a complete worldwide approval registry; formulation/combination/historical limits retained.
droxidopa;norepinephrine,CARDIOVASCULAR,模型实体 norepinephrine：成人严重急性低血压时静脉升压,EXTERNAL_REVIEWED,https://dailymed.nlm.nih.gov/dailymed/drugInfo.cfm?setid=4b054c27-ed64-40e2-8eba-b7f2ec780a82,逐项核对所列官方标签/监管原文；EXTERNAL_REVIEWED 表示完成该来源审核，不代表穷尽全球/历史批准或核实当前商业供应。未把副作用、机制或禁忌证当适应证。 全结构键核定模型为 norepinephrine，不是口服前药 droxidopa；不继承 droxidopa 神经源性体位性低血压适应证，也不据前药适应证添加 NEURO_PSYCHIATRIC。,Reviewed retrieved official-label/regulatory material; not a complete worldwide approval registry; formulation/combination/historical limits retained.
edoxaban,CARDIOVASCULAR;HEMATOLOGIC,NVAF卒中/系统栓塞风险降低；注射抗凝5–10天后DVT/PE治疗；NVAF的CrCL>95限制,LABEL_REVIEWED,https://dailymed.nlm.nih.gov/dailymed/drugInfo.cfm?setid=e77d3400-56ad-11e3-949a-0800200c9a66,仅审核本次抓取的美国标签适应证片段；不是完整历史/全球获批登记。摘要保留主要用途，详细年龄、剂型、基因、既往治疗及联合/排除条件以输入原文为准；未将不良反应或机制当适应证。,Reviewed retrieved official-label/regulatory material; not a complete worldwide approval registry; formulation/combination/historical limits retained.
eltrombopag,HEMATOLOGIC;IMMUNE_INFLAMMATORY,既往治疗不足的持续/慢性ITP；HCV相关血小板减少以支持干扰素疗法；重度再障一线联合IST或IST反应不足；非MDS，非直接抗病毒,LABEL_REVIEWED,https://dailymed.nlm.nih.gov/dailymed/drugInfo.cfm?setid=9af1e314-91ca-4ebc-ac12-f9fddc6d7902;https://dailymed.nlm.nih.gov/dailymed/drugInfo.cfm?setid=52ba8e06-aa7d-caa6-e063-6294a90a5ce5;https://dailymed.nlm.nih.gov/dailymed/drugInfo.cfm?setid=4af8f855-f710-e96f-e063-6294a90abb46;https://dailymed.nlm.nih.gov/dailymed/drugInfo.cfm?setid=20e91f76-06a8-4ab7-86c7-1df29850b5bd,仅审核本次抓取的美国标签适应证片段；不是完整历史/全球获批登记。摘要保留主要用途，详细年龄、剂型、基因、既往治疗及联合/排除条件以输入原文为准；未将不良反应或机制当适应证。,Reviewed retrieved official-label/regulatory material; not a complete worldwide approval registry; formulation/combination/historical limits retained.
enzalutamide,ONCOLOGY,去势抵抗、转移去势敏感及高转移风险生化复发非转移去势敏感前列腺癌,LABEL_REVIEWED,https://dailymed.nlm.nih.gov/dailymed/drugInfo.cfm?setid=b129fdc9-1d8e-425c-a5a9-8a2ed36dfbdf,仅审核本次抓取的美国标签适应证片段；不是完整历史/全球获批登记。摘要保留主要用途，详细年龄、剂型、基因、既往治疗及联合/排除条件以输入原文为准；未将不良反应或机制当适应证。,Reviewed retrieved official-label/regulatory material; not a complete worldwide approval registry; formulation/combination/historical limits retained.
esmolol,CARDIOVASCULAR,短期室上速含房颤/房扑心室率控制、非代偿窦速及围手术期心动过速/高血压控制,LABEL_REVIEWED,https://dailymed.nlm.nih.gov/dailymed/drugInfo.cfm?setid=01ad7942-99c3-40ee-9cfb-272fb6c44e2b;https://dailymed.nlm.nih.gov/dailymed/drugInfo.cfm?setid=3853a26d-782d-f4e7-e063-6294a90a6e47;https://dailymed.nlm.nih.gov/dailymed/drugInfo.cfm?setid=38a8b23a-fca8-45f4-a09a-9c8b21f522cd;https://dailymed.nlm.nih.gov/dailymed/drugInfo.cfm?setid=9c1e3a64-0ef0-4071-ad6f-63ff8789b198,仅审核本次抓取的美国标签适应证片段；不是完整历史/全球获批登记。摘要保留主要用途，详细年龄、剂型、基因、既往治疗及联合/排除条件以输入原文为准；未将不良反应或机制当适应证。,Reviewed retrieved official-label/regulatory material; not a complete worldwide approval registry; formulation/combination/historical limits retained.
fentanyl,NEURO_PSYCHIATRIC,注射剂麻醉期/术后短时镇痛及麻醉辅助；贴剂限阿片耐受者严重持续疼痛、替代不足且非PRN；不将手术器官当原疾病,LABEL_REVIEWED,https://dailymed.nlm.nih.gov/dailymed/drugInfo.cfm?setid=bfa8018a-4cbc-434b-e09e-782872b0340a;https://dailymed.nlm.nih.gov/dailymed/drugInfo.cfm?setid=e15a7e9b-8025-49dd-9a6d-bafcccf1959f;https://dailymed.nlm.nih.gov/dailymed/drugInfo.cfm?setid=73897c38-e4ec-40bc-9f41-3359ee23a5a8;https://dailymed.nlm.nih.gov/dailymed/drugInfo.cfm?setid=bf02ffd0-cc5d-446b-b648-378f6885052f,仅审核本次抓取的美国标签适应证片段；不是完整历史/全球获批登记。摘要保留主要用途，详细年龄、剂型、基因、既往治疗及联合/排除条件以输入原文为准；未将不良反应或机制当适应证。,Reviewed retrieved official-label/regulatory material; not a complete worldwide approval registry; formulation/combination/historical limits retained.
fluocinonide,DERMATOLOGIC;IMMUNE_INFLAMMATORY,皮质激素反应性皮肤病炎症与瘙痒缓解,LABEL_REVIEWED,https://dailymed.nlm.nih.gov/dailymed/drugInfo.cfm?setid=9bad56f2-6070-44fc-a39d-bb00280057f0;https://dailymed.nlm.nih.gov/dailymed/drugInfo.cfm?setid=20f8e9a2-a63d-4bee-bc14-b9f04087d87b;https://dailymed.nlm.nih.gov/dailymed/drugInfo.cfm?setid=80b72854-3fae-4cc7-bc41-2bdeb3e2cbe1;https://dailymed.nlm.nih.gov/dailymed/drugInfo.cfm?setid=f5f39a14-005a-4124-9c00-500598e28012,仅审核本次抓取的美国标签适应证片段；不是完整历史/全球获批登记。摘要保留主要用途，详细年龄、剂型、基因、既往治疗及联合/排除条件以输入原文为准；未将不良反应或机制当适应证。,Reviewed retrieved official-label/regulatory material; not a complete worldwide approval registry; formulation/combination/historical limits retained.
galantamine,NEURO_PSYCHIATRIC,轻至中度Alzheimer型痴呆,LABEL_REVIEWED,https://dailymed.nlm.nih.gov/dailymed/drugInfo.cfm?setid=261889d3-41c8-4655-98f7-41317778e7a1;https://dailymed.nlm.nih.gov/dailymed/drugInfo.cfm?setid=18fd8860-d9ab-1b17-e063-6294a90aad9a;https://dailymed.nlm.nih.gov/dailymed/drugInfo.cfm?setid=0f74a146-f6ee-4910-82a3-177153526dd0;https://dailymed.nlm.nih.gov/dailymed/drugInfo.cfm?setid=d0b75970-8d3d-408b-9e17-9cbad0f776b1,仅审核本次抓取的美国标签适应证片段；不是完整历史/全球获批登记。摘要保留主要用途，详细年龄、剂型、基因、既往治疗及联合/排除条件以输入原文为准；未将不良反应或机制当适应证。,Reviewed retrieved official-label/regulatory material; not a complete worldwide approval registry; formulation/combination/historical limits retained.
givinostat,MUSCULOSKELETAL_CONNECTIVE,≥6岁Duchenne肌营养不良,LABEL_REVIEWED,https://dailymed.nlm.nih.gov/dailymed/drugInfo.cfm?setid=1a28a3db-7880-4ac2-a2f2-2b4e362aafb6,仅审核本次抓取的美国标签适应证片段；不是完整历史/全球获批登记。摘要保留主要用途，详细年龄、剂型、基因、既往治疗及联合/排除条件以输入原文为准；未将不良反应或机制当适应证。,Reviewed retrieved official-label/regulatory material; not a complete worldwide approval registry; formulation/combination/historical limits retained.
glycopyrronium,DERMATOLOGIC;RESPIRATORY,美国 Qbrexza 外用：≥9岁原发腋窝多汗；EMA Seebri Breezhaler 吸入：成人 COPD 症状缓解的维持支气管扩张,EXTERNAL_REVIEWED,https://dailymed.nlm.nih.gov/dailymed/drugInfo.cfm?setid=5b372650-e56e-47a5-93e2-c0c292017059|https://www.ema.europa.eu/en/medicines/human/EPAR/seebri-breezhaler,逐项核对所列官方标签/监管原文；EXTERNAL_REVIEWED 表示完成该来源审核，不代表穷尽全球/历史批准或核实当前商业供应。未把副作用、机制或禁忌证当适应证。 Seebri 单成分证据，吸入用胶囊不口服，不把制剂/暴露互换；本次未穷尽 glycopyrrolate 同义名下其他国家/制剂标签。,Reviewed retrieved official-label/regulatory material; not a complete worldwide approval registry; formulation/combination/historical limits retained.
ibuprofen,MUSCULOSKELETAL_CONNECTIVE;IMMUNE_INFLAMMATORY;NEURO_PSYCHIATRIC;ENDOCRINE_METABOLIC_REPRODUCTIVE,RA/OA症状、轻中度痛、原发痛经；所抓OTC标签还含头痛/肌痛/牙痛/背痛/感冒伴疼痛与退热；不表示抗感染,LABEL_REVIEWED,https://dailymed.nlm.nih.gov/dailymed/drugInfo.cfm?setid=40071818-5bf0-095b-e063-6294a90ad58a;https://dailymed.nlm.nih.gov/dailymed/drugInfo.cfm?setid=0fa4cd66-66ad-4ec9-b38c-6b5840df39df;https://dailymed.nlm.nih.gov/dailymed/drugInfo.cfm?setid=a5dd275f-f388-44ec-8297-74430a742d52;https://dailymed.nlm.nih.gov/dailymed/drugInfo.cfm?setid=04e1b176-b74a-413e-a8e1-dd3764b9aa8b,仅审核本次抓取的美国标签适应证片段；不是完整历史/全球获批登记。摘要保留主要用途，详细年龄、剂型、基因、既往治疗及联合/排除条件以输入原文为准；未将不良反应或机制当适应证。,Reviewed retrieved official-label/regulatory material; not a complete worldwide approval registry; formulation/combination/historical limits retained.
imiquimod,DERMATOLOGIC;INFECTION;ONCOLOGY,光化性角化病；外生殖器/肛周疣；特定小型浅表基底细胞癌且手术不合适；免疫状态/年龄/部位限制；非其他BCC，儿童传染性软疣疗效未示,LABEL_REVIEWED,https://dailymed.nlm.nih.gov/dailymed/drugInfo.cfm?setid=51913a5a-1cab-4b9e-b2c2-e0174062df73;https://dailymed.nlm.nih.gov/dailymed/drugInfo.cfm?setid=9291e5cd-b83d-4b43-88f5-30cac6cef5ff;https://dailymed.nlm.nih.gov/dailymed/drugInfo.cfm?setid=f8db59e2-8052-413b-9f9f-07cd9eea07ec;https://dailymed.nlm.nih.gov/dailymed/drugInfo.cfm?setid=59af8153-4cf8-4f22-9000-f239798d52d1,仅审核本次抓取的美国标签适应证片段；不是完整历史/全球获批登记。摘要保留主要用途，详细年龄、剂型、基因、既往治疗及联合/排除条件以输入原文为准；未将不良反应或机制当适应证。,Reviewed retrieved official-label/regulatory material; not a complete worldwide approval registry; formulation/combination/historical limits retained.
indomethacin,MUSCULOSKELETAL_CONNECTIVE;IMMUNE_INFLAMMATORY;ENDOCRINE_METABOLIC_REPRODUCTIVE,中重度RA/AS/OA、急性痛肩滑囊炎/肌腱炎及普通胶囊急性痛风性关节炎,LABEL_REVIEWED,https://dailymed.nlm.nih.gov/dailymed/drugInfo.cfm?setid=12821a3a-b5f2-4415-84c9-0a30a4725f1e;https://dailymed.nlm.nih.gov/dailymed/drugInfo.cfm?setid=d2997707-1541-4f5d-8c8d-70b0a13be8b2;https://dailymed.nlm.nih.gov/dailymed/drugInfo.cfm?setid=bf93022c-a965-49c5-a852-c59e580d7d91;https://dailymed.nlm.nih.gov/dailymed/drugInfo.cfm?setid=205fc4e7-e118-509e-e063-6394a90a78e6,仅审核本次抓取的美国标签适应证片段；不是完整历史/全球获批登记。摘要保留主要用途，详细年龄、剂型、基因、既往治疗及联合/排除条件以输入原文为准；未将不良反应或机制当适应证。,Reviewed retrieved official-label/regulatory material; not a complete worldwide approval registry; formulation/combination/historical limits retained.
ixabepilone,ONCOLOGY,蒽环/紫杉耐药局晚或转移乳腺癌联合capecitabine；蒽环/紫杉/capecitabine失败后单药,LABEL_REVIEWED,https://dailymed.nlm.nih.gov/dailymed/drugInfo.cfm?setid=241f0b1e-8b95-470d-876f-bf1804daaf18,仅审核本次抓取的美国标签适应证片段；不是完整历史/全球获批登记。摘要保留主要用途，详细年龄、剂型、基因、既往治疗及联合/排除条件以输入原文为准；未将不良反应或机制当适应证。,Reviewed retrieved official-label/regulatory material; not a complete worldwide approval registry; formulation/combination/historical limits retained.
lacosamide,NEURO_PSYCHIATRIC,≥1月龄部分性发作治疗；≥4岁原发全面强直阵挛发作辅助,LABEL_REVIEWED,https://dailymed.nlm.nih.gov/dailymed/drugInfo.cfm?setid=b9a0ca8c-593c-48e8-b2a7-d30d5f6e6a9b;https://dailymed.nlm.nih.gov/dailymed/drugInfo.cfm?setid=458e80da-8fc1-4715-9b4b-bc4f388f933f;https://dailymed.nlm.nih.gov/dailymed/drugInfo.cfm?setid=ecb8b33e-7cbd-4f5e-9fe9-e72dff9bcb86;https://dailymed.nlm.nih.gov/dailymed/drugInfo.cfm?setid=ec1c5ddb-1143-7e6a-e053-2995a90a8382,仅审核本次抓取的美国标签适应证片段；不是完整历史/全球获批登记。摘要保留主要用途，详细年龄、剂型、基因、既往治疗及联合/排除条件以输入原文为准；未将不良反应或机制当适应证。,Reviewed retrieved official-label/regulatory material; not a complete worldwide approval registry; formulation/combination/historical limits retained.
lasmiditan,NEURO_PSYCHIATRIC,成人伴或不伴先兆偏头痛急性治疗；不预防,LABEL_REVIEWED,https://dailymed.nlm.nih.gov/dailymed/drugInfo.cfm?setid=aea3358c-ff41-4490-9e6d-c7bf7b3de13f,仅审核本次抓取的美国标签适应证片段；不是完整历史/全球获批登记。摘要保留主要用途，详细年龄、剂型、基因、既往治疗及联合/排除条件以输入原文为准；未将不良反应或机制当适应证。,Reviewed retrieved official-label/regulatory material; not a complete worldwide approval registry; formulation/combination/historical limits retained.
levamlodipine,CARDIOVASCULAR,成人及≥6岁高血压降压以降低卒中/心梗等风险；不得把风险管理提到的糖尿病当适应证,LABEL_REVIEWED,https://dailymed.nlm.nih.gov/dailymed/drugInfo.cfm?setid=c3cca66e-348a-43e8-8f96-e995104dae3d,仅审核本次抓取的美国标签适应证片段；不是完整历史/全球获批登记。摘要保留主要用途，详细年龄、剂型、基因、既往治疗及联合/排除条件以输入原文为准；未将不良反应或机制当适应证。,Reviewed retrieved official-label/regulatory material; not a complete worldwide approval registry; formulation/combination/historical limits retained.
lifitegrast,EYE_ENT,干眼症体征及症状,LABEL_REVIEWED,https://dailymed.nlm.nih.gov/dailymed/drugInfo.cfm?setid=8589d376-ac10-4ddb-9c53-2e0c8d5675c4;https://dailymed.nlm.nih.gov/dailymed/drugInfo.cfm?setid=1d4b4b61-79da-4b6f-bb19-056d111bf400,仅审核本次抓取的美国标签适应证片段；不是完整历史/全球获批登记。摘要保留主要用途，详细年龄、剂型、基因、既往治疗及联合/排除条件以输入原文为准；未将不良反应或机制当适应证。,Reviewed retrieved official-label/regulatory material; not a complete worldwide approval registry; formulation/combination/historical limits retained.
lofexidine,NEURO_PSYCHIATRIC,成人阿片突然停用时戒断症状缓解；非过量解毒,LABEL_REVIEWED,https://dailymed.nlm.nih.gov/dailymed/drugInfo.cfm?setid=77367dfa-434f-4d61-95fe-f0f1628457d1;https://dailymed.nlm.nih.gov/dailymed/drugInfo.cfm?setid=0a848cc2-4dda-40d9-8b01-d789fe8981ed;https://dailymed.nlm.nih.gov/dailymed/drugInfo.cfm?setid=ce4488e2-842c-45ba-aca7-075a900e2a1c;https://dailymed.nlm.nih.gov/dailymed/drugInfo.cfm?setid=335e26bf-b236-46d6-81cf-2879e5f3b1d9,仅审核本次抓取的美国标签适应证片段；不是完整历史/全球获批登记。摘要保留主要用途，详细年龄、剂型、基因、既往治疗及联合/排除条件以输入原文为准；未将不良反应或机制当适应证。,Reviewed retrieved official-label/regulatory material; not a complete worldwide approval registry; formulation/combination/historical limits retained.
loxapine,NEURO_PSYCHIATRIC,精神分裂症；吸入剂成人精神分裂症或双相I相关急性激越,LABEL_REVIEWED,https://dailymed.nlm.nih.gov/dailymed/drugInfo.cfm?setid=ce8c5a31-7600-4525-a0c7-b3adc9ec2977;https://dailymed.nlm.nih.gov/dailymed/drugInfo.cfm?setid=832ce6b1-5846-4a5b-adb4-ac4e0f502d78;https://dailymed.nlm.nih.gov/dailymed/drugInfo.cfm?setid=50e11732-7387-452d-b3e6-db3a431d5c4a;https://dailymed.nlm.nih.gov/dailymed/drugInfo.cfm?setid=3e412c36-66b0-444b-833b-cea79976844e,仅审核本次抓取的美国标签适应证片段；不是完整历史/全球获批登记。摘要保留主要用途，详细年龄、剂型、基因、既往治疗及联合/排除条件以输入原文为准；未将不良反应或机制当适应证。,Reviewed retrieved official-label/regulatory material; not a complete worldwide approval registry; formulation/combination/historical limits retained.
lumateperone,NEURO_PSYCHIATRIC,成人精神分裂症、双相I/II抑郁发作单药或锂/丙戊酸辅助、MDD抗抑郁药辅助,LABEL_REVIEWED,https://dailymed.nlm.nih.gov/dailymed/drugInfo.cfm?setid=db730b06-6351-47fd-8183-e61e61bbead5,仅审核本次抓取的美国标签适应证片段；不是完整历史/全球获批登记。摘要保留主要用途，详细年龄、剂型、基因、既往治疗及联合/排除条件以输入原文为准；未将不良反应或机制当适应证。,Reviewed retrieved official-label/regulatory material; not a complete worldwide approval registry; formulation/combination/historical limits retained.
meloxicam,MUSCULOSKELETAL_CONNECTIVE;IMMUNE_INFLAMMATORY,OA/RA及≥60kg少关节/多关节幼年RA症状缓解；仅抓取片剂用途,LABEL_REVIEWED,https://dailymed.nlm.nih.gov/dailymed/drugInfo.cfm?setid=385b7cf4-976a-4a58-9ebc-def8b6e78b75;https://dailymed.nlm.nih.gov/dailymed/drugInfo.cfm?setid=f210e6b4-43b3-4d33-bc0b-013a0f907d3e;https://dailymed.nlm.nih.gov/dailymed/drugInfo.cfm?setid=58d34e5d-4efb-3d76-e063-6394a90aa0f6;https://dailymed.nlm.nih.gov/dailymed/drugInfo.cfm?setid=58dbce26-b2ac-2ce4-e063-6294a90a5727,仅审核本次抓取的美国标签适应证片段；不是完整历史/全球获批登记。摘要保留主要用途，详细年龄、剂型、基因、既往治疗及联合/排除条件以输入原文为准；未将不良反应或机制当适应证。,Reviewed retrieved official-label/regulatory material; not a complete worldwide approval registry; formulation/combination/historical limits retained.
metformin,ENDOCRINE_METABOLIC_REPRODUCTIVE,饮食运动辅助改善2型糖尿病血糖；成人及部分剂型≥10岁儿童,LABEL_REVIEWED,https://dailymed.nlm.nih.gov/dailymed/drugInfo.cfm?setid=b6d7edc9-93d6-4480-906d-55c18d053600;https://dailymed.nlm.nih.gov/dailymed/drugInfo.cfm?setid=fb832474-88d9-4e29-95cd-fbc446944cc4;https://dailymed.nlm.nih.gov/dailymed/drugInfo.cfm?setid=bfd6ec0f-8264-4877-aa6d-f347f53bc426;https://dailymed.nlm.nih.gov/dailymed/drugInfo.cfm?setid=c568d49f-c040-4f1e-ad36-77b05ab659c3,仅审核本次抓取的美国标签适应证片段；不是完整历史/全球获批登记。摘要保留主要用途，详细年龄、剂型、基因、既往治疗及联合/排除条件以输入原文为准；未将不良反应或机制当适应证。,Reviewed retrieved official-label/regulatory material; not a complete worldwide approval registry; formulation/combination/historical limits retained.
metoclopramide,GASTROINTESTINAL,常规治疗失败成人症状性证实GERD短期4–12周；急性/复发糖尿病胃轻瘫症状；非儿科推荐，非>12周GERD,LABEL_REVIEWED,https://dailymed.nlm.nih.gov/dailymed/drugInfo.cfm?setid=595439ae-cf01-821c-e063-6294a90af16a;https://dailymed.nlm.nih.gov/dailymed/drugInfo.cfm?setid=58e70a1b-ac93-ff1d-e063-6394a90aa2da;https://dailymed.nlm.nih.gov/dailymed/drugInfo.cfm?setid=0034a97a-fb05-418a-a234-de278907cd2a;https://dailymed.nlm.nih.gov/dailymed/drugInfo.cfm?setid=3cd4b274-6176-4e5b-9765-4f50763bd58f,仅审核本次抓取的美国标签适应证片段；不是完整历史/全球获批登记。摘要保留主要用途，详细年龄、剂型、基因、既往治疗及联合/排除条件以输入原文为准；未将不良反应或机制当适应证。,Reviewed retrieved official-label/regulatory material; not a complete worldwide approval registry; formulation/combination/historical limits retained.
mirabegron,RENAL_URINARY,成人OAB尿急/频/急迫性失禁；≥3岁儿科神经源性逼尿肌过度活动，片剂≥35kg限制、混悬剂不同,LABEL_REVIEWED,https://dailymed.nlm.nih.gov/dailymed/drugInfo.cfm?setid=5f7a1758-8691-4e53-96d6-a01626ee8140;https://dailymed.nlm.nih.gov/dailymed/drugInfo.cfm?setid=1c9022af-4841-4f3f-9737-1c5eef58e86b;https://dailymed.nlm.nih.gov/dailymed/drugInfo.cfm?setid=d0054db9-e38a-4786-be2c-996fa5b8f47d;https://dailymed.nlm.nih.gov/dailymed/drugInfo.cfm?setid=e597023d-6dcc-4d9e-8ce0-2d28a5d862f3,仅审核本次抓取的美国标签适应证片段；不是完整历史/全球获批登记。摘要保留主要用途，详细年龄、剂型、基因、既往治疗及联合/排除条件以输入原文为准；未将不良反应或机制当适应证。,Reviewed retrieved official-label/regulatory material; not a complete worldwide approval registry; formulation/combination/historical limits retained.
nalmefene,TOXICITY,天然/合成阿片过量紧急逆转呼吸/CNS抑制及注射剂部分/完全逆转阿片作用；部分剂型≥12岁；不能代替急救,LABEL_REVIEWED,https://dailymed.nlm.nih.gov/dailymed/drugInfo.cfm?setid=a59a5847-9fe4-4341-a203-be0a5e6d3e36;https://dailymed.nlm.nih.gov/dailymed/drugInfo.cfm?setid=3abfbffc-9e52-4fc6-ae92-6e0a97f4afe7;https://dailymed.nlm.nih.gov/dailymed/drugInfo.cfm?setid=999a4269-9e54-4801-b2ac-2a7276f0b94f;https://dailymed.nlm.nih.gov/dailymed/drugInfo.cfm?setid=22d67228-6c24-47ca-afc7-52ef279520a0,仅审核本次抓取的美国标签适应证片段；不是完整历史/全球获批登记。摘要保留主要用途，详细年龄、剂型、基因、既往治疗及联合/排除条件以输入原文为准；未将不良反应或机制当适应证。,Reviewed retrieved official-label/regulatory material; not a complete worldwide approval registry; formulation/combination/historical limits retained.
nevirapine,INFECTION,联合其他ARV治疗成人/≥15日HIV1；按性别/CD4阈值限制启动,LABEL_REVIEWED,https://dailymed.nlm.nih.gov/dailymed/drugInfo.cfm?setid=c6e93829-7024-48f6-8023-da6ff27dfc0a;https://dailymed.nlm.nih.gov/dailymed/drugInfo.cfm?setid=fbd628db-4076-4fe0-8323-9cc33ae92e42;https://dailymed.nlm.nih.gov/dailymed/drugInfo.cfm?setid=690da74b-2481-47fc-93ae-8340e0caf0a4;https://dailymed.nlm.nih.gov/dailymed/drugInfo.cfm?setid=8dfe86aa-ea5d-48d2-94a8-1a5506055d70,仅审核本次抓取的美国标签适应证片段；不是完整历史/全球获批登记。摘要保留主要用途，详细年龄、剂型、基因、既往治疗及联合/排除条件以输入原文为准；未将不良反应或机制当适应证。,Reviewed retrieved official-label/regulatory material; not a complete worldwide approval registry; formulation/combination/historical limits retained.
nilotinib,ONCOLOGY,Ph+CML慢性期初治成人/儿科；既往imatinib等耐药/不耐受成人慢性/加速期及儿科慢性期；年龄/制剂限制,LABEL_REVIEWED,https://dailymed.nlm.nih.gov/dailymed/drugInfo.cfm?setid=b34e7fd4-53c5-46d8-bf8a-1fcbe7a16504;https://dailymed.nlm.nih.gov/dailymed/drugInfo.cfm?setid=98b197ea-bca4-427e-8737-97f70a3262bc;https://dailymed.nlm.nih.gov/dailymed/drugInfo.cfm?setid=8283672c-619f-fe60-3d25-040f95ac1440;https://dailymed.nlm.nih.gov/dailymed/drugInfo.cfm?setid=6093952a-5248-45cb-ad17-33716a411146,仅审核本次抓取的美国标签适应证片段；不是完整历史/全球获批登记。摘要保留主要用途，详细年龄、剂型、基因、既往治疗及联合/排除条件以输入原文为准；未将不良反应或机制当适应证。,Reviewed retrieved official-label/regulatory material; not a complete worldwide approval registry; formulation/combination/historical limits retained.
olaparib,ONCOLOGY,指定BRCA/HRD卵巢输卵管/原发腹膜癌维持；指定gBRCA HER2阴性乳腺癌辅助/转移治疗；指定BRCA胰腺癌维持与HRR/BRCA转移去势抵抗前列腺癌单药/abiraterone联合；基因检测及既往疗程条件依原文,LABEL_REVIEWED,https://dailymed.nlm.nih.gov/dailymed/drugInfo.cfm?setid=741ff3e3-dc1a-45a6-84e5-2481b27131aa,仅审核本次抓取的美国标签适应证片段；不是完整历史/全球获批登记。摘要保留主要用途，详细年龄、剂型、基因、既往治疗及联合/排除条件以输入原文为准；未将不良反应或机制当适应证。,Reviewed retrieved official-label/regulatory material; not a complete worldwide approval registry; formulation/combination/historical limits retained.
olodaterol,RESPIRATORY,COPD含慢支/肺气肿长期维持支扩；不治急性恶化或哮喘,LABEL_REVIEWED,https://dailymed.nlm.nih.gov/dailymed/drugInfo.cfm?setid=5d9a5433-857e-44ea-b3d6-2a400ca0cef5,仅审核本次抓取的美国标签适应证片段；不是完整历史/全球获批登记。摘要保留主要用途，详细年龄、剂型、基因、既往治疗及联合/排除条件以输入原文为准；未将不良反应或机制当适应证。,Reviewed retrieved official-label/regulatory material; not a complete worldwide approval registry; formulation/combination/historical limits retained.
osilodrostat,ENDOCRINE_METABOLIC_REPRODUCTIVE,成人Cushing综合征内源性高皮质醇，不能手术或手术未治愈,LABEL_REVIEWED,https://dailymed.nlm.nih.gov/dailymed/drugInfo.cfm?setid=f3a5ec24-63c3-4d83-b1c0-6c550fbe7ae2,仅审核本次抓取的美国标签适应证片段；不是完整历史/全球获批登记。摘要保留主要用途，详细年龄、剂型、基因、既往治疗及联合/排除条件以输入原文为准；未将不良反应或机制当适应证。,Reviewed retrieved official-label/regulatory material; not a complete worldwide approval registry; formulation/combination/historical limits retained.
oxycodone,NEURO_PSYCHIATRIC,替代治疗不足、需阿片的重度疼痛；剂型/持续治疗/耐受性限制依原文,LABEL_REVIEWED,https://dailymed.nlm.nih.gov/dailymed/drugInfo.cfm?setid=928227bf-89c5-4c64-9823-0e84cc669388;https://dailymed.nlm.nih.gov/dailymed/drugInfo.cfm?setid=585405bc-8b85-286f-e063-6394a90aa5cd;https://dailymed.nlm.nih.gov/dailymed/drugInfo.cfm?setid=744f5d1c-7427-492c-8994-c8e817793e53;https://dailymed.nlm.nih.gov/dailymed/drugInfo.cfm?setid=6b6db42b-9821-4aa6-8566-297037d84079,仅审核本次抓取的美国标签适应证片段；不是完整历史/全球获批登记。摘要保留主要用途，详细年龄、剂型、基因、既往治疗及联合/排除条件以输入原文为准；未将不良反应或机制当适应证。,Reviewed retrieved official-label/regulatory material; not a complete worldwide approval registry; formulation/combination/historical limits retained.
ozenoxacin,INFECTION;DERMATOLOGIC,XEPI 1% 外用乳膏：≥2月龄金黄色葡萄球菌或化脓链球菌所致脓疱疮,EXTERNAL_REVIEWED,https://www.accessdata.fda.gov/drugsatfda_docs/label/2019/208945s001lbl.pdf,逐项核对所列官方标签/监管原文；EXTERNAL_REVIEWED 表示完成该来源审核，不代表穷尽全球/历史批准或核实当前商业供应。未把副作用、机制或禁忌证当适应证。 FDA 2019 标签；仅皮肤外用，非口服/眼用/阴道用；不外推全身感染适应证。,Reviewed retrieved official-label/regulatory material; not a complete worldwide approval registry; formulation/combination/historical limits retained.
palonosetron,GASTROINTESTINAL,成人及特定儿科化疗相关恶心呕吐预防；成人术后恶心呕吐预防至24h；低风险不常规预防；非抗癌,LABEL_REVIEWED,https://dailymed.nlm.nih.gov/dailymed/drugInfo.cfm?setid=ee6f6f94-1ca7-481e-9909-b19ae64e80c2;https://dailymed.nlm.nih.gov/dailymed/drugInfo.cfm?setid=bb2be46a-56f7-48b6-bb05-3c6b12c8b1ea;https://dailymed.nlm.nih.gov/dailymed/drugInfo.cfm?setid=689c953c-2120-2546-67a4-22bb34ba3330;https://dailymed.nlm.nih.gov/dailymed/drugInfo.cfm?setid=42e2d437-0712-4e9c-9c2a-00093c406d62,仅审核本次抓取的美国标签适应证片段；不是完整历史/全球获批登记。摘要保留主要用途，详细年龄、剂型、基因、既往治疗及联合/排除条件以输入原文为准；未将不良反应或机制当适应证。,Reviewed retrieved official-label/regulatory material; not a complete worldwide approval registry; formulation/combination/historical limits retained.
paroxetine,NEURO_PSYCHIATRIC,成人MDD、OCD、惊恐、社交焦虑、GAD、PTSD；抓取片剂未涵盖其他用途,LABEL_REVIEWED,https://dailymed.nlm.nih.gov/dailymed/drugInfo.cfm?setid=598ece4d-0ac4-993b-e063-6294a90a1d34;https://dailymed.nlm.nih.gov/dailymed/drugInfo.cfm?setid=7d558598-6905-46da-8f34-668456c68411;https://dailymed.nlm.nih.gov/dailymed/drugInfo.cfm?setid=88b4c469-19b3-44b9-a378-c7c3f4f436db;https://dailymed.nlm.nih.gov/dailymed/drugInfo.cfm?setid=8e176ff2-ed3a-4909-94e1-6b9a3581a621,仅审核本次抓取的美国标签适应证片段；不是完整历史/全球获批登记。摘要保留主要用途，详细年龄、剂型、基因、既往治疗及联合/排除条件以输入原文为准；未将不良反应或机制当适应证。 标签剂型/检索截断可能漏其他实际获批用途，不能当完整原用途排除表。,Reviewed retrieved official-label/regulatory material; not a complete worldwide approval registry; formulation/combination/historical limits retained.
pilocarpine,EYE_ENT;IMMUNE_INFLAMMATORY,头颈放疗或Sjogren口干症状；眼用剂开角青光眼/眼高压降眼压、急性闭角管理、激光术后升压预防及缩瞳；不是抗癌,LABEL_REVIEWED,https://dailymed.nlm.nih.gov/dailymed/drugInfo.cfm?setid=6272ccac-b543-404d-9938-8583bb59ed2c;https://dailymed.nlm.nih.gov/dailymed/drugInfo.cfm?setid=6f950741-fd3f-4bf7-83b0-f5aa9dbceb76;https://dailymed.nlm.nih.gov/dailymed/drugInfo.cfm?setid=b85547d8-fcec-323d-e053-2995a90a4e7e;https://dailymed.nlm.nih.gov/dailymed/drugInfo.cfm?setid=84428e9a-f486-44d9-ad93-4ea9069a6787,仅审核本次抓取的美国标签适应证片段；不是完整历史/全球获批登记。摘要保留主要用途，详细年龄、剂型、基因、既往治疗及联合/排除条件以输入原文为准；未将不良反应或机制当适应证。,Reviewed retrieved official-label/regulatory material; not a complete worldwide approval registry; formulation/combination/historical limits retained.
plerixafor,HEMATOLOGIC,与filgrastim联合为NHL/MM患者自体移植采集动员造血干细胞；支持治疗不是直接抗肿瘤,LABEL_REVIEWED,https://dailymed.nlm.nih.gov/dailymed/drugInfo.cfm?setid=b42fda2a-80c8-4bdd-a91d-03d11bef064a;https://dailymed.nlm.nih.gov/dailymed/drugInfo.cfm?setid=bb8e1167-8378-4e73-9bcb-d69093ec829b;https://dailymed.nlm.nih.gov/dailymed/drugInfo.cfm?setid=5d670cb4-163e-498c-b5fa-c193ea9d55c0;https://dailymed.nlm.nih.gov/dailymed/drugInfo.cfm?setid=0ed08d2b-5051-46b2-aa37-1d6275bf9003,仅审核本次抓取的美国标签适应证片段；不是完整历史/全球获批登记。摘要保留主要用途，详细年龄、剂型、基因、既往治疗及联合/排除条件以输入原文为准；未将不良反应或机制当适应证。,Reviewed retrieved official-label/regulatory material; not a complete worldwide approval registry; formulation/combination/historical limits retained.
pramipexole,NEURO_PSYCHIATRIC,Parkinson病及中重度原发不宁腿综合征,LABEL_REVIEWED,https://dailymed.nlm.nih.gov/dailymed/drugInfo.cfm?setid=468830df-941c-4363-b432-94de9b7fd2ac;https://dailymed.nlm.nih.gov/dailymed/drugInfo.cfm?setid=46f88017-7b0e-437e-90b1-37bdf9013e72;https://dailymed.nlm.nih.gov/dailymed/drugInfo.cfm?setid=3db0613d-524b-4b33-9a07-602f84d6c304;https://dailymed.nlm.nih.gov/dailymed/drugInfo.cfm?setid=f4d97c2e-f447-4cfe-b9d4-852323f0cfb5,仅审核本次抓取的美国标签适应证片段；不是完整历史/全球获批登记。摘要保留主要用途，详细年龄、剂型、基因、既往治疗及联合/排除条件以输入原文为准；未将不良反应或机制当适应证。,Reviewed retrieved official-label/regulatory material; not a complete worldwide approval registry; formulation/combination/historical limits retained.
prucalopride,GASTROINTESTINAL,成人慢性特发性便秘,LABEL_REVIEWED,https://dailymed.nlm.nih.gov/dailymed/drugInfo.cfm?setid=89a7bdb1-e1cd-4986-bab9-a939dc764faa;https://dailymed.nlm.nih.gov/dailymed/drugInfo.cfm?setid=c9d7152d-b117-4346-b60c-dc87b59ead09;https://dailymed.nlm.nih.gov/dailymed/drugInfo.cfm?setid=70fced73-c25b-46cb-ad30-19328e6130c3;https://dailymed.nlm.nih.gov/dailymed/drugInfo.cfm?setid=124e8e82-972d-4800-9d68-14db416959b5,仅审核本次抓取的美国标签适应证片段；不是完整历史/全球获批登记。摘要保留主要用途，详细年龄、剂型、基因、既往治疗及联合/排除条件以输入原文为准；未将不良反应或机制当适应证。,Reviewed retrieved official-label/regulatory material; not a complete worldwide approval registry; formulation/combination/historical limits retained.
raloxifene,MUSCULOSKELETAL_CONNECTIVE;ENDOCRINE_METABOLIC_REPRODUCTIVE;ONCOLOGY,绝经后骨质疏松治疗/预防；绝经后骨质疏松或高风险女性浸润乳腺癌风险降低；不是乳腺癌治疗/复发或非浸润癌预防,LABEL_REVIEWED,https://dailymed.nlm.nih.gov/dailymed/drugInfo.cfm?setid=3798c70b-a4b0-4811-9788-e4c9cff47ebe;https://dailymed.nlm.nih.gov/dailymed/drugInfo.cfm?setid=fcaaa6dc-74e8-4fb8-800c-5574bf0f8de9;https://dailymed.nlm.nih.gov/dailymed/drugInfo.cfm?setid=6f7eb934-aa60-51e1-e053-2a91aa0a3914;https://dailymed.nlm.nih.gov/dailymed/drugInfo.cfm?setid=804e873e-f48b-4c25-ad7b-41d44f61bdde,仅审核本次抓取的美国标签适应证片段；不是完整历史/全球获批登记。摘要保留主要用途，详细年龄、剂型、基因、既往治疗及联合/排除条件以输入原文为准；未将不良反应或机制当适应证。,Reviewed retrieved official-label/regulatory material; not a complete worldwide approval registry; formulation/combination/historical limits retained.
rasagiline,NEURO_PSYCHIATRIC,Parkinson病,LABEL_REVIEWED,https://dailymed.nlm.nih.gov/dailymed/drugInfo.cfm?setid=9bf059f4-4da8-48fe-aacb-c50717d36606;https://dailymed.nlm.nih.gov/dailymed/drugInfo.cfm?setid=2c5e3cde-1158-4b5a-9a2b-ea6c987a65e4;https://dailymed.nlm.nih.gov/dailymed/drugInfo.cfm?setid=4ee5cc48-7e1e-b268-e063-6394a90a5629;https://dailymed.nlm.nih.gov/dailymed/drugInfo.cfm?setid=3b57a1c9-0ad9-40cf-a972-29851a658489,仅审核本次抓取的美国标签适应证片段；不是完整历史/全球获批登记。摘要保留主要用途，详细年龄、剂型、基因、既往治疗及联合/排除条件以输入原文为准；未将不良反应或机制当适应证。,Reviewed retrieved official-label/regulatory material; not a complete worldwide approval registry; formulation/combination/historical limits retained.
remimazolam,NEURO_PSYCHIATRIC,成人≤30分钟操作镇静诱导和维持,LABEL_REVIEWED,https://dailymed.nlm.nih.gov/dailymed/drugInfo.cfm?setid=4e1838f2-b999-41a7-a761-d94f09aa531f,仅审核本次抓取的美国标签适应证片段；不是完整历史/全球获批登记。摘要保留主要用途，详细年龄、剂型、基因、既往治疗及联合/排除条件以输入原文为准；未将不良反应或机制当适应证。,Reviewed retrieved official-label/regulatory material; not a complete worldwide approval registry; formulation/combination/historical limits retained.
rilpivirine,INFECTION,符合初治/病毒载量≤100000条件HIV1联合ARV；稳定病毒抑制者与cabotegravir短期口服联合；年龄体重及无耐药/失败条件依剂型,LABEL_REVIEWED,https://dailymed.nlm.nih.gov/dailymed/drugInfo.cfm?setid=dadbf50d-6b7d-4fb5-bd9f-7769b048e764;https://dailymed.nlm.nih.gov/dailymed/drugInfo.cfm?setid=fb109de9-d88d-4405-8dd6-d458cbc387d1;https://dailymed.nlm.nih.gov/dailymed/drugInfo.cfm?setid=03880372-2c68-45c6-a53a-f420c49541d6,仅审核本次抓取的美国标签适应证片段；不是完整历史/全球获批登记。摘要保留主要用途，详细年龄、剂型、基因、既往治疗及联合/排除条件以输入原文为准；未将不良反应或机制当适应证。,Reviewed retrieved official-label/regulatory material; not a complete worldwide approval registry; formulation/combination/historical limits retained.
rivaroxaban,CARDIOVASCULAR;HEMATOLOGIC,NVAF卒中/系统栓塞风险降低；DVT/PE治疗及复发预防；关节置换或特定急性病VTE预防；CAD/PAD联合aspirin风险降低；儿科VTE治疗/复发预防及≥2岁Fontan术后血栓预防,LABEL_REVIEWED,https://dailymed.nlm.nih.gov/dailymed/drugInfo.cfm?setid=481b7802-5093-43e7-bbd9-1532197eb6e6;https://dailymed.nlm.nih.gov/dailymed/drugInfo.cfm?setid=d0e105f6-28f3-45ee-83bd-7d458835242b;https://dailymed.nlm.nih.gov/dailymed/drugInfo.cfm?setid=3b53cebf-946c-b82b-e063-6394a90a5da7;https://dailymed.nlm.nih.gov/dailymed/drugInfo.cfm?setid=88246a0e-befe-4dc6-81e1-4b7adc266db2,仅审核本次抓取的美国标签适应证片段；不是完整历史/全球获批登记。摘要保留主要用途，详细年龄、剂型、基因、既往治疗及联合/排除条件以输入原文为准；未将不良反应或机制当适应证。,Reviewed retrieved official-label/regulatory material; not a complete worldwide approval registry; formulation/combination/historical limits retained.
rosuvastatin,ENDOCRINE_METABOLIC_REPRODUCTIVE;CARDIOVASCULAR,血脂异常含原发/家族性高胆固醇、高甘油三酯、异型β脂蛋白血症；延缓动脉粥样硬化及特定成人主要CV事件风险降低；儿科年龄依HeFH/HoFH,LABEL_REVIEWED,https://dailymed.nlm.nih.gov/dailymed/drugInfo.cfm?setid=a370a6c2-b5cd-4aa0-b072-a5a8017a2d5b;https://dailymed.nlm.nih.gov/dailymed/drugInfo.cfm?setid=6985e729-d963-4f32-89a1-727472b86daa;https://dailymed.nlm.nih.gov/dailymed/drugInfo.cfm?setid=5c992d3d-d754-48b6-a267-1451208352ed;https://dailymed.nlm.nih.gov/dailymed/drugInfo.cfm?setid=c607da3c-47f5-4773-8391-2a7b0826d30e,仅审核本次抓取的美国标签适应证片段；不是完整历史/全球获批登记。摘要保留主要用途，详细年龄、剂型、基因、既往治疗及联合/排除条件以输入原文为准；未将不良反应或机制当适应证。,Reviewed retrieved official-label/regulatory material; not a complete worldwide approval registry; formulation/combination/historical limits retained.
safinamide,NEURO_PSYCHIATRIC,Parkinson病off期levodopa/carbidopa辅助,LABEL_REVIEWED,https://dailymed.nlm.nih.gov/dailymed/drugInfo.cfm?setid=c4d65f28-983f-42b4-bb23-023ae0fe81b2,仅审核本次抓取的美国标签适应证片段；不是完整历史/全球获批登记。摘要保留主要用途，详细年龄、剂型、基因、既往治疗及联合/排除条件以输入原文为准；未将不良反应或机制当适应证。,Reviewed retrieved official-label/regulatory material; not a complete worldwide approval registry; formulation/combination/historical limits retained.
selinexor,ONCOLOGY,当前所抓美国标签：指定既往治疗后 MM 联合 bortezomib/dexamethasone 或 dexamethasone；历史 R/R DLBCL（含由 FL 转化，≥2线后）加速批准已于2026-04-30撤回,EXTERNAL_REVIEWED,https://dailymed.nlm.nih.gov/dailymed/drugInfo.cfm?setid=f6dd2682-75a6-4863-90a8-a3197f6f78a8|https://www.fda.gov/drugs/resources-information-approved-drugs/withdrawn-cancer-accelerated-approvals|https://www.accessdata.fda.gov/drugsatfda_docs/appletter/2026/212306Orig1s018ltr.pdf,逐项核对所列官方标签/监管原文；EXTERNAL_REVIEWED 表示完成该来源审核，不代表穷尽全球/历史批准或核实当前商业供应。未把副作用、机制或禁忌证当适应证。 DLBCL 仅记录历史用途，不作为现行有效适应证；MM 和 DLBCL 均 ONCOLOGY，撤回不制造新的跨宏类机会。,Reviewed retrieved official-label/regulatory material; not a complete worldwide approval registry; formulation/combination/historical limits retained.
solifenacin,RENAL_URINARY,成人OAB尿急、尿频与急迫性失禁；此快照片剂,LABEL_REVIEWED,https://dailymed.nlm.nih.gov/dailymed/drugInfo.cfm?setid=56026679-4002-a6c6-e063-6294a90a7b55;https://dailymed.nlm.nih.gov/dailymed/drugInfo.cfm?setid=1d8e8f6f-0a59-479f-8415-c5c5f19e1977;https://dailymed.nlm.nih.gov/dailymed/drugInfo.cfm?setid=010c0657-c907-477f-8bd7-5d455a5f50eb;https://dailymed.nlm.nih.gov/dailymed/drugInfo.cfm?setid=f0b8f111-1d76-4b04-9e2f-9fca9e5a0b00,仅审核本次抓取的美国标签适应证片段；不是完整历史/全球获批登记。摘要保留主要用途，详细年龄、剂型、基因、既往治疗及联合/排除条件以输入原文为准；未将不良反应或机制当适应证。 标签剂型/检索截断可能漏其他实际获批用途，不能当完整原用途排除表。,Reviewed retrieved official-label/regulatory material; not a complete worldwide approval registry; formulation/combination/historical limits retained.
sotalol,CARDIOVASCULAR,已证实危及生命室性心律失常；高度症状AFIB/AFL复发延迟/窦律维持；未证实增生存、不用于低症状或易逆转情形,LABEL_REVIEWED,https://dailymed.nlm.nih.gov/dailymed/drugInfo.cfm?setid=7cb4879f-31e7-4862-bc0c-d439e592d81c;https://dailymed.nlm.nih.gov/dailymed/drugInfo.cfm?setid=9a36d95c-6e93-4e57-befe-b5274f359244;https://dailymed.nlm.nih.gov/dailymed/drugInfo.cfm?setid=c824f6b2-80c5-45a6-a491-4c14c9f5e33d;https://dailymed.nlm.nih.gov/dailymed/drugInfo.cfm?setid=4614480b-b36e-4dbd-9fc0-d083890d297d,仅审核本次抓取的美国标签适应证片段；不是完整历史/全球获批登记。摘要保留主要用途，详细年龄、剂型、基因、既往治疗及联合/排除条件以输入原文为准；未将不良反应或机制当适应证。,Reviewed retrieved official-label/regulatory material; not a complete worldwide approval registry; formulation/combination/historical limits retained.
tafamidis,CARDIOVASCULAR;NEURO_PSYCHIATRIC,美国口服 VYNDAQEL/VYNDAMAX：成人野生型或遗传型 ATTR 心肌病，降低 CV 死亡及相关住院；欧盟 Vyndaqel：成人 TTR 淀粉样变 I 期症状性多发性神经病，延缓外周神经损伤,EXTERNAL_REVIEWED,https://dailymed.nlm.nih.gov/dailymed/fda/fdaDrugXsl.cfm?setid=1b4121ee-a733-4456-a917-be2603477839|https://www.ema.europa.eu/en/medicines/human/EPAR/vyndaqel,逐项核对所列官方标签/监管原文；EXTERNAL_REVIEWED 表示完成该来源审核，不代表穷尽全球/历史批准或核实当前商业供应。未把副作用、机制或禁忌证当适应证。 区分美国 ATTR-CM 与欧盟神经病标签，不能声称美国已批多发性神经病；tafamidis meglumine 与游离 tafamidis 不按每 mg 直接替换。,Reviewed retrieved official-label/regulatory material; not a complete worldwide approval registry; formulation/combination/historical limits retained.
tapentadol,NEURO_PSYCHIATRIC,替代不足成人及部分≥6岁且≥40kg急性重痛；ER成人严重持续疼痛、非PRN；剂型年龄限制不同,LABEL_REVIEWED,https://dailymed.nlm.nih.gov/dailymed/drugInfo.cfm?setid=d4c5938a-68f0-46d2-9bad-8988d5724b09;https://dailymed.nlm.nih.gov/dailymed/drugInfo.cfm?setid=e0ecb809-6a55-4afe-b981-b8f174e5c344;https://dailymed.nlm.nih.gov/dailymed/drugInfo.cfm?setid=38de863e-56ff-4c43-9ab8-9b3e1ba82858;https://dailymed.nlm.nih.gov/dailymed/drugInfo.cfm?setid=863f3fd3-1e8d-41b0-855f-8f9a29237cda,仅审核本次抓取的美国标签适应证片段；不是完整历史/全球获批登记。摘要保留主要用途，详细年龄、剂型、基因、既往治疗及联合/排除条件以输入原文为准；未将不良反应或机制当适应证。,Reviewed retrieved official-label/regulatory material; not a complete worldwide approval registry; formulation/combination/historical limits retained.
tazemetostat,ONCOLOGY,≥16岁不可完全切除局晚/转移上皮样肉瘤；成人复发难治滤泡淋巴瘤EZH2突变且≥2线后或无满意替代；所抓标签为加速批准条件,LABEL_REVIEWED,https://dailymed.nlm.nih.gov/dailymed/drugInfo.cfm?setid=7db07b5f-4e22-467c-9c0a-f830b08dbb1d,仅审核本次抓取的美国标签适应证片段；不是完整历史/全球获批登记。摘要保留主要用途，详细年龄、剂型、基因、既往治疗及联合/排除条件以输入原文为准；未将不良反应或机制当适应证。,Reviewed retrieved official-label/regulatory material; not a complete worldwide approval registry; formulation/combination/historical limits retained.
telmisartan,CARDIOVASCULAR,高血压及不能使用ACE抑制剂患者CV风险降低,LABEL_REVIEWED,https://dailymed.nlm.nih.gov/dailymed/drugInfo.cfm?setid=57da6ef2-2e86-4e4d-90df-73a2a8cf97f6;https://dailymed.nlm.nih.gov/dailymed/drugInfo.cfm?setid=91215664-6e19-4e04-9ae7-ab5664799426;https://dailymed.nlm.nih.gov/dailymed/drugInfo.cfm?setid=5743c58e-deab-ac93-e063-6294a90ac1eb;https://dailymed.nlm.nih.gov/dailymed/drugInfo.cfm?setid=09d31eee-cd22-4918-a889-3eb4d2969525,仅审核本次抓取的美国标签适应证片段；不是完整历史/全球获批登记。摘要保留主要用途，详细年龄、剂型、基因、既往治疗及联合/排除条件以输入原文为准；未将不良反应或机制当适应证。,Reviewed retrieved official-label/regulatory material; not a complete worldwide approval registry; formulation/combination/historical limits retained.
tetracaine,EYE_ENT,短效快速表面眼科麻醉操作；仅抓眼用剂，不外推其他局麻给药途径,LABEL_REVIEWED,https://dailymed.nlm.nih.gov/dailymed/drugInfo.cfm?setid=01fba5f8-a60a-444c-9abd-299540b8815a;https://dailymed.nlm.nih.gov/dailymed/drugInfo.cfm?setid=90ffa320-652b-442f-97fa-6d618439db79;https://dailymed.nlm.nih.gov/dailymed/drugInfo.cfm?setid=f12d5944-0d6c-43ff-89fd-e0b5669e9b4a,仅审核本次抓取的美国标签适应证片段；不是完整历史/全球获批登记。摘要保留主要用途，详细年龄、剂型、基因、既往治疗及联合/排除条件以输入原文为准；未将不良反应或机制当适应证。 标签剂型/检索截断可能漏其他实际获批用途，不能当完整原用途排除表。,Reviewed retrieved official-label/regulatory material; not a complete worldwide approval registry; formulation/combination/historical limits retained.
timolol,EYE_ENT;CARDIOVASCULAR;NEURO_PSYCHIATRIC,单药眼用：眼高压/开角青光眼；美国口服片：高血压，临床稳定急性 MI 后降低 CV 死亡及再梗死，偏头痛预防,EXTERNAL_REVIEWED,https://dailymed.nlm.nih.gov/dailymed/drugInfo.cfm?setid=64561dfd-3704-4820-aef6-d0d26cef7255;https://dailymed.nlm.nih.gov/dailymed/drugInfo.cfm?setid=16323b0e-78ae-40e5-be93-04f698dd672b;https://dailymed.nlm.nih.gov/dailymed/drugInfo.cfm?setid=02d89d37-cbca-4e06-83ef-2a10f988f1ea;https://dailymed.nlm.nih.gov/dailymed/drugInfo.cfm?setid=272bb565-f099-4896-b2f6-48ab9180e941|https://dailymed.nlm.nih.gov/dailymed/drugInfo.cfm?setid=0bc40b2c-65eb-4095-87e6-4752d5b19a3a,逐项核对所列官方标签/监管原文；EXTERNAL_REVIEWED 表示完成该来源审核，不代表穷尽全球/历史批准或核实当前商业供应。未把副作用、机制或禁忌证当适应证。 初始抓取混入 dorzolamide 复方段；新增用途由独立 timolol 口服标签支持，非该复方推断。滴眼/口服暴露不互换；偏头痛是预防非急性发作治疗。,Reviewed retrieved official-label/regulatory material; not a complete worldwide approval registry; formulation/combination/historical limits retained.
tofacitinib,IMMUNE_INFLAMMATORY;MUSCULOSKELETAL_CONNECTIVE;GASTROINTESTINAL,TNF阻滞不足/不耐受的RA、PsA、AS、UC及特定儿科pcJIA/PsA；禁止推荐联合其他生物DMARD/强免疫抑制的限制依剂型,LABEL_REVIEWED,https://dailymed.nlm.nih.gov/dailymed/drugInfo.cfm?setid=253635c8-1ea7-41ba-b216-dea5e3305c47;https://dailymed.nlm.nih.gov/dailymed/drugInfo.cfm?setid=327f6b60-1a5d-49e6-acff-18603d0ee9d0;https://dailymed.nlm.nih.gov/dailymed/drugInfo.cfm?setid=576722e5-6639-452d-a5c3-33a064f19481;https://dailymed.nlm.nih.gov/dailymed/drugInfo.cfm?setid=179ffbb2-bedc-40e6-b77b-33d4f7832172,仅审核本次抓取的美国标签适应证片段；不是完整历史/全球获批登记。摘要保留主要用途，详细年龄、剂型、基因、既往治疗及联合/排除条件以输入原文为准；未将不良反应或机制当适应证。,Reviewed retrieved official-label/regulatory material; not a complete worldwide approval registry; formulation/combination/historical limits retained.
tretinoin,ONCOLOGY;DERMATOLOGIC,口服≥1岁特定t(15;17)/PML-RARα APL诱导缓解且蒽环失败/禁忌；外用痤疮，长期其他病用途未确立,LABEL_REVIEWED,https://dailymed.nlm.nih.gov/dailymed/drugInfo.cfm?setid=9c4ae9d9-c2a0-4995-a27a-e3f0f0284db9;https://dailymed.nlm.nih.gov/dailymed/drugInfo.cfm?setid=57d1e8ed-ffc8-5e19-e063-6294a90af941;https://dailymed.nlm.nih.gov/dailymed/drugInfo.cfm?setid=5304df69-5d29-48f5-8227-80c7a6f12e6d;https://dailymed.nlm.nih.gov/dailymed/drugInfo.cfm?setid=4b6006e3-f7a4-4823-8217-3e5b0f7e58d9,仅审核本次抓取的美国标签适应证片段；不是完整历史/全球获批登记。摘要保留主要用途，详细年龄、剂型、基因、既往治疗及联合/排除条件以输入原文为准；未将不良反应或机制当适应证。,Reviewed retrieved official-label/regulatory material; not a complete worldwide approval registry; formulation/combination/historical limits retained.
ubrogepant,NEURO_PSYCHIATRIC,成人伴或不伴先兆偏头痛急性治疗；不预防,LABEL_REVIEWED,https://dailymed.nlm.nih.gov/dailymed/drugInfo.cfm?setid=fd9f9458-fd96-4688-be3f-f77b3d1af6ab,仅审核本次抓取的美国标签适应证片段；不是完整历史/全球获批登记。摘要保留主要用途，详细年龄、剂型、基因、既往治疗及联合/排除条件以输入原文为准；未将不良反应或机制当适应证。,Reviewed retrieved official-label/regulatory material; not a complete worldwide approval registry; formulation/combination/historical limits retained.
upadacitinib,IMMUNE_INFLAMMATORY;MUSCULOSKELETAL_CONNECTIVE;DERMATOLOGIC;GASTROINTESTINAL;CARDIOVASCULAR,RA/PsA、难治特应皮炎、UC/CD、AS/非放射轴性脊关节炎、pJIA及成人巨细胞动脉炎；不同既往治疗、年龄/体重限制；不推荐其他JAK/生物/强免疫抑制联合,LABEL_REVIEWED,https://dailymed.nlm.nih.gov/dailymed/drugInfo.cfm?setid=2966aec7-2ef0-923c-d8ff-fe1a957bf095,仅审核本次抓取的美国标签适应证片段；不是完整历史/全球获批登记。摘要保留主要用途，详细年龄、剂型、基因、既往治疗及联合/排除条件以输入原文为准；未将不良反应或机制当适应证。,Reviewed retrieved official-label/regulatory material; not a complete worldwide approval registry; formulation/combination/historical limits retained.
vardenafil,ENDOCRINE_METABOLIC_REPRODUCTIVE;RENAL_URINARY,勃起功能障碍；剂型不可自动互换,LABEL_REVIEWED,https://dailymed.nlm.nih.gov/dailymed/drugInfo.cfm?setid=083a3282-254f-4042-b0eb-70f76a279f10;https://dailymed.nlm.nih.gov/dailymed/drugInfo.cfm?setid=5876e062-e604-42a7-99c3-5da30b8dac06;https://dailymed.nlm.nih.gov/dailymed/drugInfo.cfm?setid=0ce4eb7b-fa50-441d-ae71-eb33dca27926;https://dailymed.nlm.nih.gov/dailymed/drugInfo.cfm?setid=0ad213e0-d18a-4e67-a405-df95322eaa52,仅审核本次抓取的美国标签适应证片段；不是完整历史/全球获批登记。摘要保留主要用途，详细年龄、剂型、基因、既往治疗及联合/排除条件以输入原文为准；未将不良反应或机制当适应证。,Reviewed retrieved official-label/regulatory material; not a complete worldwide approval registry; formulation/combination/historical limits retained.
vibegron,RENAL_URINARY,成人OAB及接受BPH药物治疗成年男性OAB；不表示直接缩小前列腺,LABEL_REVIEWED,https://dailymed.nlm.nih.gov/dailymed/drugInfo.cfm?setid=25f21d25-14f8-4fda-91f6-7aa8b68aa1c8,仅审核本次抓取的美国标签适应证片段；不是完整历史/全球获批登记。摘要保留主要用途，详细年龄、剂型、基因、既往治疗及联合/排除条件以输入原文为准；未将不良反应或机制当适应证。,Reviewed retrieved official-label/regulatory material; not a complete worldwide approval registry; formulation/combination/historical limits retained.
vorapaxar,CARDIOVASCULAR;HEMATOLOGIC,口服 ZONTIVITY：既往 MI 或 PAD 患者降低血栓性 CV 事件；联合 aspirin 和/或 clopidogrel 按其指征/标准治疗,EXTERNAL_REVIEWED,https://dailymed.nlm.nih.gov/dailymed/drugInfo.cfm?setid=f2abe3ed-ed3d-4215-a489-b18341ce85bc,逐项核对所列官方标签/监管原文；EXTERNAL_REVIEWED 表示完成该来源审核，不代表穷尽全球/历史批准或核实当前商业供应。未把副作用、机制或禁忌证当适应证。 标签无作为唯一抗血小板药的经验；既往卒中/TIA/颅内出血或活动病理性出血禁用；不把降低卒中风险误写为有卒中史患者适应证。,Reviewed retrieved official-label/regulatory material; not a complete worldwide approval registry; formulation/combination/historical limits retained.
zanubrutinib,ONCOLOGY,成人既往治疗后MCL、WM、抗CD20后MZL、CLL/SLL及≥2线后FL联合obinutuzumab；部分为加速批准条件,LABEL_REVIEWED,https://dailymed.nlm.nih.gov/dailymed/drugInfo.cfm?setid=3e08fe23-d70e-424c-bc51-1222e320f902,仅审核本次抓取的美国标签适应证片段；不是完整历史/全球获批登记。摘要保留主要用途，详细年龄、剂型、基因、既往治疗及联合/排除条件以输入原文为准；未将不良反应或机制当适应证。,Reviewed retrieved official-label/regulatory material; not a complete worldwide approval registry; formulation/combination/historical limits retained.
acetaminophen,NEURO_PSYCHIATRIC;MUSCULOSKELETAL_CONNECTIVE,退热；轻微疼痛、肌肉酸痛及头痛对症缓解,LABEL_REVIEWED,https://dailymed.nlm.nih.gov/dailymed/drugInfo.cfm?setid=3561bbc3-53b0-4857-8b71-39e165ed95ce,人工阅读所得标签用途；每药API最多30条，非完整所有地区获批史；类别包含对症/预防/辅助用途，不等同疾病修饰。,Reviewed retrieved official-label/regulatory material; not a complete worldwide approval registry; formulation/combination/historical limits retained.
albuterol,RESPIRATORY,可逆阻塞性气道疾病支气管痉挛治疗及预防；运动诱发支气管痉挛预防,LABEL_REVIEWED,https://dailymed.nlm.nih.gov/dailymed/drugInfo.cfm?setid=17858afa-dcdf-4612-b475-3b6baadfb639;https://dailymed.nlm.nih.gov/dailymed/drugInfo.cfm?setid=583c6408-45cc-9121-e063-6294a90afcc4;https://dailymed.nlm.nih.gov/dailymed/drugInfo.cfm?setid=3236f82c-14e9-dfd4-e063-6294a90ac43d;https://dailymed.nlm.nih.gov/dailymed/drugInfo.cfm?setid=32377c09-da6d-331c-e063-6294a90a7a46,人工阅读所得标签用途；每药API最多30条，非完整所有地区获批史；类别包含对症/预防/辅助用途，不等同疾病修饰。,Reviewed retrieved official-label/regulatory material; not a complete worldwide approval registry; formulation/combination/historical limits retained.
alvimopan,GASTROINTESTINAL,部分肠切除并一期吻合术后促进上下消化道恢复,LABEL_REVIEWED,https://dailymed.nlm.nih.gov/dailymed/drugInfo.cfm?setid=10e39d3b-8621-16f8-e063-6294a90a254e,人工阅读所得标签用途；每药API最多30条，非完整所有地区获批史；类别包含对症/预防/辅助用途，不等同疾病修饰。,Reviewed retrieved official-label/regulatory material; not a complete worldwide approval registry; formulation/combination/historical limits retained.
amlodipine,CARDIOVASCULAR,高血压；稳定或血管痉挛性心绞痛及限定冠心病,LABEL_REVIEWED,https://dailymed.nlm.nih.gov/dailymed/drugInfo.cfm?setid=6efc0ef6-0424-44fc-a9ea-eb30c3b83239;https://dailymed.nlm.nih.gov/dailymed/drugInfo.cfm?setid=9c0f83f4-06ad-4bb1-a8e3-dcac43b840cf;https://dailymed.nlm.nih.gov/dailymed/drugInfo.cfm?setid=79f41cd2-6d58-4b03-8b0c-ca91398bc1a9;https://dailymed.nlm.nih.gov/dailymed/drugInfo.cfm?setid=58d2fbed-3904-3e31-e063-6294a90af21d,人工阅读所得标签用途；每药API最多30条，非完整所有地区获批史；类别包含对症/预防/辅助用途，不等同疾病修饰。,Reviewed retrieved official-label/regulatory material; not a complete worldwide approval registry; formulation/combination/historical limits retained.
apixaban,CARDIOVASCULAR;HEMATOLOGIC,非瓣膜房颤卒中/系统栓塞预防；关节置换后DVT预防；DVT/PE及儿童VTE治疗和复发预防,LABEL_REVIEWED,https://dailymed.nlm.nih.gov/dailymed/drugInfo.cfm?setid=a454cd24-0c6d-46e8-b1e4-197388606175;https://dailymed.nlm.nih.gov/dailymed/drugInfo.cfm?setid=7be1f4c1-bb2f-4ded-ae9a-515d2a22f93e;https://dailymed.nlm.nih.gov/dailymed/drugInfo.cfm?setid=1523ab32-2c2c-6501-e063-6394a90aa0b3;https://dailymed.nlm.nih.gov/dailymed/drugInfo.cfm?setid=33a9046a-41cc-46c1-becc-2ff4d7d71538,人工阅读所得标签用途；每药API最多30条，非完整所有地区获批史；类别包含对症/预防/辅助用途，不等同疾病修饰。,Reviewed retrieved official-label/regulatory material; not a complete worldwide approval registry; formulation/combination/historical limits retained.
aprepitant;fosaprepitant,GASTROINTESTINAL;ONCOLOGY,化疗相关恶心呕吐预防的联合止吐方案；aprepitant另用于术后恶心呕吐预防,EXTERNAL_REVIEWED,https://dailymed.nlm.nih.gov/dailymed/drugInfo.cfm?setid=377c3ecb-fdec-dde4-e063-6294a90a29bd,人工阅读所得标签用途；每药API最多30条，非完整所有地区获批史；类别包含对症/预防/辅助用途，不等同疾病修饰。,Reviewed retrieved official-label/regulatory material; not a complete worldwide approval registry; formulation/combination/historical limits retained.
armodafinil,NEURO_PSYCHIATRIC,OSA相关过度嗜睡、发作性睡病及轮班睡眠障碍的清醒改善；不治疗OSA气道阻塞,LABEL_REVIEWED,https://dailymed.nlm.nih.gov/dailymed/drugInfo.cfm?setid=4128759d-ed7c-4130-b24c-a0541f2b9e7f;https://dailymed.nlm.nih.gov/dailymed/drugInfo.cfm?setid=58e33a21-7816-4fa9-9fc7-c559426ad2b9;https://dailymed.nlm.nih.gov/dailymed/drugInfo.cfm?setid=3dd49302-f757-d945-e063-6294a90afcba;https://dailymed.nlm.nih.gov/dailymed/drugInfo.cfm?setid=ddd06dab-0855-5b4e-e053-2a95a90a5e67,人工阅读所得标签用途；每药API最多30条，非完整所有地区获批史；类别包含对症/预防/辅助用途，不等同疾病修饰。,Reviewed retrieved official-label/regulatory material; not a complete worldwide approval registry; formulation/combination/historical limits retained.
atomoxetine,NEURO_PSYCHIATRIC,ADHD治疗，综合治疗组成,LABEL_REVIEWED,https://dailymed.nlm.nih.gov/dailymed/drugInfo.cfm?setid=6d7ea8f7-981c-4acc-aeaf-7516325bfc0c;https://dailymed.nlm.nih.gov/dailymed/drugInfo.cfm?setid=d7002d75-edad-4141-91bf-7eebf50ad1aa;https://dailymed.nlm.nih.gov/dailymed/drugInfo.cfm?setid=133a4b65-762b-4712-baba-2442546f0379;https://dailymed.nlm.nih.gov/dailymed/drugInfo.cfm?setid=0ab8d905-e890-4e91-a730-3e5d12f5c23f,人工阅读所得标签用途；每药API最多30条，非完整所有地区获批史；类别包含对症/预防/辅助用途，不等同疾病修饰。,Reviewed retrieved official-label/regulatory material; not a complete worldwide approval registry; formulation/combination/historical limits retained.
avibactam,INFECTION,ceftazidime复方治疗复杂腹腔感染（联用metronidazole）、复杂尿路感染/肾盂肾炎及院内/呼吸机相关肺炎,EXTERNAL_REVIEWED,https://dailymed.nlm.nih.gov/dailymed/drugInfo.cfm?setid=d9c2803f-dc9c-4b19-b4a3-8303bc8c15fd,人工阅读所得标签用途；每药API最多30条，非完整所有地区获批史；类别包含对症/预防/辅助用途，不等同疾病修饰。 此处来源是复方整体适应症，仅作该成分既有临床使用场景；不是该成分单药疗效获批。,Reviewed retrieved official-label/regulatory material; not a complete worldwide approval registry; formulation/combination/historical limits retained.
baricitinib,IMMUNE_INFLAMMATORY;MUSCULOSKELETAL_CONNECTIVE;INFECTION;DERMATOLOGIC,RA、住院需呼吸支持COVID-19及严重斑秃,LABEL_REVIEWED,https://dailymed.nlm.nih.gov/dailymed/drugInfo.cfm?setid=866e9f35-9035-4581-a4b1-75a621ab55cf,人工阅读所得标签用途；每药API最多30条，非完整所有地区获批史；类别包含对症/预防/辅助用途，不等同疾病修饰。,Reviewed retrieved official-label/regulatory material; not a complete worldwide approval registry; formulation/combination/historical limits retained.
bempedoic acid,CARDIOVASCULAR;ENDOCRINE_METABOLIC_REPRODUCTIVE,降低限定高危成人心血管事件风险；高胆固醇血症含HeFH降LDL-C,LABEL_REVIEWED,https://dailymed.nlm.nih.gov/dailymed/drugInfo.cfm?setid=88d06d89-a3da-40b4-b273-8f4f7d56c4c9,人工阅读所得标签用途；每药API最多30条，非完整所有地区获批史；类别包含对症/预防/辅助用途，不等同疾病修饰。,Reviewed retrieved official-label/regulatory material; not a complete worldwide approval registry; formulation/combination/historical limits retained.
bictegravir,INFECTION,所获BIXLENVO复方标签：与lenacapavir联合替换已病毒抑制成人HIV-1方案,LABEL_REVIEWED,https://dailymed.nlm.nih.gov/dailymed/drugInfo.cfm?setid=072a3c7e-33fb-4a87-ba21-3d8dad3f5c48,人工阅读所得标签用途；每药API最多30条，非完整所有地区获批史；类别包含对症/预防/辅助用途，不等同疾病修饰。 此处来源是复方整体适应症，仅作该成分既有临床使用场景；不是该成分单药疗效获批。,Reviewed retrieved official-label/regulatory material; not a complete worldwide approval registry; formulation/combination/historical limits retained.
brexpiprazole,NEURO_PSYCHIATRIC,MDD抗抑郁药辅助；精神分裂症；阿尔茨海默病痴呆相关激越（非按需急救）,LABEL_REVIEWED,https://dailymed.nlm.nih.gov/dailymed/drugInfo.cfm?setid=6991c065-0f6e-433a-8f4f-796e0ece327f;https://dailymed.nlm.nih.gov/dailymed/drugInfo.cfm?setid=993b584c-7fe6-4551-899f-39146c8508ac,人工阅读所得标签用途；每药API最多30条，非完整所有地区获批史；类别包含对症/预防/辅助用途，不等同疾病修饰。,Reviewed retrieved official-label/regulatory material; not a complete worldwide approval registry; formulation/combination/historical limits retained.
bupivacaine,NEURO_PSYCHIATRIC,手术、牙科、诊疗及产科局部/区域麻醉镇痛,LABEL_REVIEWED,https://dailymed.nlm.nih.gov/dailymed/drugInfo.cfm?setid=ee3b5bbe-4013-4682-b6ee-db86e7788077;https://dailymed.nlm.nih.gov/dailymed/drugInfo.cfm?setid=562f4499-f3b7-4d9e-b022-61172176c883;https://dailymed.nlm.nih.gov/dailymed/drugInfo.cfm?setid=9679cc05-2f8a-4e88-53b5-6e9122c8b8c0;https://dailymed.nlm.nih.gov/dailymed/drugInfo.cfm?setid=e391f807-7699-6d82-e053-2a95a90ab641,人工阅读所得标签用途；每药API最多30条，非完整所有地区获批史；类别包含对症/预防/辅助用途，不等同疾病修饰。,Reviewed retrieved official-label/regulatory material; not a complete worldwide approval registry; formulation/combination/historical limits retained.
capmatinib,ONCOLOGY,MET exon14跳跃突变转移NSCLC,LABEL_REVIEWED,https://dailymed.nlm.nih.gov/dailymed/drugInfo.cfm?setid=455892c3-d144-4ba8-9ab4-79cabff9876d,人工阅读所得标签用途；每药API最多30条，非完整所有地区获批史；类别包含对症/预防/辅助用途，不等同疾病修饰。,Reviewed retrieved official-label/regulatory material; not a complete worldwide approval registry; formulation/combination/historical limits retained.
chloroprocaine,NEURO_PSYCHIATRIC;EYE_ENT,局部浸润及外周/部分中枢神经阻滞麻醉；眼表麻醉,LABEL_REVIEWED,https://dailymed.nlm.nih.gov/dailymed/drugInfo.cfm?setid=ea3b2d2c-8b33-d199-e053-2995a90a699c;https://dailymed.nlm.nih.gov/dailymed/drugInfo.cfm?setid=4305ab6b-6038-9daa-e063-6294a90a018e;https://dailymed.nlm.nih.gov/dailymed/drugInfo.cfm?setid=94d13f48-fbca-67b4-e053-2995a90a791b;https://dailymed.nlm.nih.gov/dailymed/drugInfo.cfm?setid=a844e68a-1462-40e4-be5e-f56214906eb9,人工阅读所得标签用途；每药API最多30条，非完整所有地区获批史；类别包含对症/预防/辅助用途，不等同疾病修饰。,Reviewed retrieved official-label/regulatory material; not a complete worldwide approval registry; formulation/combination/historical limits retained.
clascoterone,DERMATOLOGIC,寻常痤疮外用治疗,LABEL_REVIEWED,https://dailymed.nlm.nih.gov/dailymed/drugInfo.cfm?setid=1673a84b-7f5c-47ab-a99c-1e3db21a6a09,人工阅读所得标签用途；每药API最多30条，非完整所有地区获批史；类别包含对症/预防/辅助用途，不等同疾病修饰。,Reviewed retrieved official-label/regulatory material; not a complete worldwide approval registry; formulation/combination/historical limits retained.
cobimetinib,ONCOLOGY,与vemurafenib联合BRAF突变黑色素瘤；单药组织细胞肿瘤,LABEL_REVIEWED,https://dailymed.nlm.nih.gov/dailymed/drugInfo.cfm?setid=c387579e-cee0-4334-bd1e-73f93ac1bde6,人工阅读所得标签用途；每药API最多30条，非完整所有地区获批史；类别包含对症/预防/辅助用途，不等同疾病修饰。,Reviewed retrieved official-label/regulatory material; not a complete worldwide approval registry; formulation/combination/historical limits retained.
copanlisib,ONCOLOGY,既往复发滤泡淋巴瘤二线以上；美国适应症已撤销，不标当前可用获批,EXTERNAL_REVIEWED,https://www.fda.gov/drugs/resources-information-approved-drugs/withdrawn-cancer-accelerated-approvals,人工阅读所得标签用途；每药API最多30条，非完整所有地区获批史；类别包含对症/预防/辅助用途，不等同疾病修饰。 FDA 2024-03-18撤销；只记录历史原用途。,Reviewed retrieved official-label/regulatory material; not a complete worldwide approval registry; formulation/combination/historical limits retained.
dabrafenib,ONCOLOGY,BRAF突变黑色素瘤（含辅助）、NSCLC、间变甲状腺癌及限定实体瘤/低级别胶质瘤；多用途要求联合trametinib,LABEL_REVIEWED,https://dailymed.nlm.nih.gov/dailymed/drugInfo.cfm?setid=fee1e6b1-e1a5-4254-9f2e-a70e0f8dbdea,人工阅读所得标签用途；每药API最多30条，非完整所有地区获批史；类别包含对症/预防/辅助用途，不等同疾病修饰。,Reviewed retrieved official-label/regulatory material; not a complete worldwide approval registry; formulation/combination/historical limits retained.
desonide,DERMATOLOGIC;IMMUNE_INFLAMMATORY,皮质激素敏感皮肤病炎症和瘙痒,LABEL_REVIEWED,https://dailymed.nlm.nih.gov/dailymed/drugInfo.cfm?setid=af607c32-3da9-4fbe-99e7-4934a5c8d8f0;https://dailymed.nlm.nih.gov/dailymed/drugInfo.cfm?setid=9eade7ae-effc-49b5-af7d-8caa183ff252;https://dailymed.nlm.nih.gov/dailymed/drugInfo.cfm?setid=0892a9fd-74e6-4a5e-8bc8-9d4146cadb61;https://dailymed.nlm.nih.gov/dailymed/drugInfo.cfm?setid=c3420815-e9d8-4c19-b601-b918b0aa1f84,人工阅读所得标签用途；每药API最多30条，非完整所有地区获批史；类别包含对症/预防/辅助用途，不等同疾病修饰。,Reviewed retrieved official-label/regulatory material; not a complete worldwide approval registry; formulation/combination/historical limits retained.
deutetrabenazine,NEURO_PSYCHIATRIC,亨廷顿病舞蹈症；迟发性运动障碍,LABEL_REVIEWED,https://dailymed.nlm.nih.gov/dailymed/drugInfo.cfm?setid=7ea3c60a-45c7-44cc-afc2-d87fa53993c0,人工阅读所得标签用途；每药API最多30条，非完整所有地区获批史；类别包含对症/预防/辅助用途，不等同疾病修饰。,Reviewed retrieved official-label/regulatory material; not a complete worldwide approval registry; formulation/combination/historical limits retained.
dexrazoxane,CARDIOVASCULAR;TOXICITY;ONCOLOGY,限定乳癌doxorubicin累积治疗的心肌病减毒支持,LABEL_REVIEWED,https://dailymed.nlm.nih.gov/dailymed/drugInfo.cfm?setid=cb72203a-0b09-42d5-bf51-7f479feb3adb;https://dailymed.nlm.nih.gov/dailymed/drugInfo.cfm?setid=9cbd2987-10bb-eceb-153d-ee7be1ed0c84;https://dailymed.nlm.nih.gov/dailymed/drugInfo.cfm?setid=e9550d22-6069-a6de-9968-6a18c9e0448f;https://dailymed.nlm.nih.gov/dailymed/drugInfo.cfm?setid=a7c01089-85f5-40aa-b679-f53a425b4d68,人工阅读所得标签用途；每药API最多30条，非完整所有地区获批史；类别包含对症/预防/辅助用途，不等同疾病修饰。,Reviewed retrieved official-label/regulatory material; not a complete worldwide approval registry; formulation/combination/historical limits retained.
diazoxide,ENDOCRINE_METABOLIC_REPRODUCTIVE;ONCOLOGY,高胰岛素性低血糖（含胰岛腺瘤/癌及胰外肿瘤相关）；可术前暂时及术后持续低血糖支持,LABEL_REVIEWED,https://dailymed.nlm.nih.gov/dailymed/drugInfo.cfm?setid=abe317a5-6c63-469c-89c8-9fedfe859c3d;https://dailymed.nlm.nih.gov/dailymed/drugInfo.cfm?setid=c0237320-2d3f-4907-a4d3-08f138aa4ca8;https://dailymed.nlm.nih.gov/dailymed/drugInfo.cfm?setid=0e745e85-9512-e360-e063-6394a90aebf1;https://dailymed.nlm.nih.gov/dailymed/drugInfo.cfm?setid=b16c7832-2fd9-49af-b923-1dc0d91fd6e2,人工阅读所得标签用途；每药API最多30条，非完整所有地区获批史；类别包含对症/预防/辅助用途，不等同疾病修饰。,Reviewed retrieved official-label/regulatory material; not a complete worldwide approval registry; formulation/combination/historical limits retained.
dolutegravir,INFECTION,联合抗逆转录病毒HIV-1治疗；与rilpivirine联合限定病毒抑制成人方案替换,LABEL_REVIEWED,https://dailymed.nlm.nih.gov/dailymed/drugInfo.cfm?setid=63df5af3-b8ac-4e76-9830-2dbb340af922;https://dailymed.nlm.nih.gov/dailymed/drugInfo.cfm?setid=485bc9db-8665-9f5a-e063-6394a90a7921,人工阅读所得标签用途；每药API最多30条，非完整所有地区获批史；类别包含对症/预防/辅助用途，不等同疾病修饰。,Reviewed retrieved official-label/regulatory material; not a complete worldwide approval registry; formulation/combination/historical limits retained.
doripenem,INFECTION,复杂腹腔感染；复杂尿路感染含肾盂肾炎,EXTERNAL_REVIEWED,https://www.accessdata.fda.gov/drugsatfda_docs/label/2015/022106s015lbl.pdf,人工阅读所得标签用途；每药API最多30条，非完整所有地区获批史；类别包含对症/预防/辅助用途，不等同疾病修饰。,Reviewed retrieved official-label/regulatory material; not a complete worldwide approval registry; formulation/combination/historical limits retained.
duloxetine,NEURO_PSYCHIATRIC;MUSCULOSKELETAL_CONNECTIVE,MDD、GAD；糖尿病周围神经病痛、纤维肌痛及慢性肌骨疼痛,LABEL_REVIEWED,https://dailymed.nlm.nih.gov/dailymed/drugInfo.cfm?setid=ed164dbb-e713-42d1-a78e-31145578b9f8;https://dailymed.nlm.nih.gov/dailymed/drugInfo.cfm?setid=00628e5e-4c5b-2573-e063-6294a90a0e3b;https://dailymed.nlm.nih.gov/dailymed/drugInfo.cfm?setid=461d769c-b787-4bc7-b4a6-7a5f33ae9d45;https://dailymed.nlm.nih.gov/dailymed/drugInfo.cfm?setid=79e1a9b1-e084-48b6-a252-97bbd2f55a79,人工阅读所得标签用途；每药API最多30条，非完整所有地区获批史；类别包含对症/预防/辅助用途，不等同疾病修饰。,Reviewed retrieved official-label/regulatory material; not a complete worldwide approval registry; formulation/combination/historical limits retained.
efavirenz,INFECTION,联合其他抗逆转录病毒药HIV-1治疗,LABEL_REVIEWED,https://dailymed.nlm.nih.gov/dailymed/drugInfo.cfm?setid=13ca3456-e5bf-4bb1-af95-b1378658a358;https://dailymed.nlm.nih.gov/dailymed/drugInfo.cfm?setid=92603fa5-7a2c-4bfb-9a70-aadb4fba952c;https://dailymed.nlm.nih.gov/dailymed/drugInfo.cfm?setid=4c57ad7f-321a-46c8-851a-c895466eb8e1;https://dailymed.nlm.nih.gov/dailymed/drugInfo.cfm?setid=c5eedb5d-4cab-4056-a14a-ffdf67701355,人工阅读所得标签用途；每药API最多30条，非完整所有地区获批史；类别包含对症/预防/辅助用途，不等同疾病修饰。,Reviewed retrieved official-label/regulatory material; not a complete worldwide approval registry; formulation/combination/historical limits retained.
elvitegravir,INFECTION,含elvitegravir复方抗逆转录病毒方案治疗HIV-1,EXTERNAL_REVIEWED,https://dailymed.nlm.nih.gov/dailymed/drugInfo.cfm?setid=8ac4d501-7f05-426e-93be-a42240087b0c,人工阅读所得标签用途；每药API最多30条，非完整所有地区获批史；类别包含对症/预防/辅助用途，不等同疾病修饰。 此处来源是复方整体适应症，仅作该成分既有临床使用场景；不是该成分单药疗效获批。,Reviewed retrieved official-label/regulatory material; not a complete worldwide approval registry; formulation/combination/historical limits retained.
epinephrine,CARDIOVASCULAR;IMMUNE_INFLAMMATORY;EYE_ENT,感染性休克低血压升压；严重过敏急救；眼内手术散瞳,LABEL_REVIEWED,https://dailymed.nlm.nih.gov/dailymed/drugInfo.cfm?setid=55befbe4-c819-4367-bbe7-de5841786aac;https://dailymed.nlm.nih.gov/dailymed/drugInfo.cfm?setid=5ba14408-c8fb-4734-aad9-ee19696acac2;https://dailymed.nlm.nih.gov/dailymed/drugInfo.cfm?setid=5725a519-3ad6-7e5e-e063-6394a90a111f;https://dailymed.nlm.nih.gov/dailymed/drugInfo.cfm?setid=5726eeca-db88-ba8e-e063-6294a90a927d,人工阅读所得标签用途；每药API最多30条，非完整所有地区获批史；类别包含对症/预防/辅助用途，不等同疾病修饰。,Reviewed retrieved official-label/regulatory material; not a complete worldwide approval registry; formulation/combination/historical limits retained.
etonogestrel,ENDOCRINE_METABOLIC_REPRODUCTIVE,避孕（所获植入剂标签最长5年）,LABEL_REVIEWED,https://dailymed.nlm.nih.gov/dailymed/drugInfo.cfm?setid=487f8a62-e142-457c-97cc-2e398fde7594,人工阅读所得标签用途；每药API最多30条，非完整所有地区获批史；类别包含对症/预防/辅助用途，不等同疾病修饰。,Reviewed retrieved official-label/regulatory material; not a complete worldwide approval registry; formulation/combination/historical limits retained.
fexofenadine,IMMUNE_INFLAMMATORY;EYE_ENT;RESPIRATORY,花粉热/上呼吸道过敏相关鼻眼症状缓解,LABEL_REVIEWED,https://dailymed.nlm.nih.gov/dailymed/drugInfo.cfm?setid=fe864426-c0d6-492a-96be-cd44fd9ca054;https://dailymed.nlm.nih.gov/dailymed/drugInfo.cfm?setid=0a3d4d1f-a99f-4d0a-bb28-b2409a9e073a;https://dailymed.nlm.nih.gov/dailymed/drugInfo.cfm?setid=1b5aa481-205d-4935-ae58-fcb8cbc35c4c;https://dailymed.nlm.nih.gov/dailymed/drugInfo.cfm?setid=dd0da52b-fc82-4ec9-854c-0d7c52e926fb,人工阅读所得标签用途；每药API最多30条，非完整所有地区获批史；类别包含对症/预防/辅助用途，不等同疾病修饰。,Reviewed retrieved official-label/regulatory material; not a complete worldwide approval registry; formulation/combination/historical limits retained.
fluvoxamine,NEURO_PSYCHIATRIC,强迫症治疗,LABEL_REVIEWED,https://dailymed.nlm.nih.gov/dailymed/drugInfo.cfm?setid=49601858-df61-4522-ac99-0d2892f92e11;https://dailymed.nlm.nih.gov/dailymed/drugInfo.cfm?setid=6c71d4f6-54b5-4d3a-8d2f-b7773c92c32e;https://dailymed.nlm.nih.gov/dailymed/drugInfo.cfm?setid=d492230c-f56a-4759-ba86-7090b9f44063;https://dailymed.nlm.nih.gov/dailymed/drugInfo.cfm?setid=0b107225-ed5a-4461-9184-f3f2bad1892f,人工阅读所得标签用途；每药API最多30条，非完整所有地区获批史；类别包含对症/预防/辅助用途，不等同疾病修饰。,Reviewed retrieved official-label/regulatory material; not a complete worldwide approval registry; formulation/combination/historical limits retained.
gemcitabine,ONCOLOGY,卵巢癌、乳癌、NSCLC限定联合；胰腺癌单药,LABEL_REVIEWED,https://dailymed.nlm.nih.gov/dailymed/drugInfo.cfm?setid=e11eeff7-bcaf-4bf1-8da8-88138e01af84;https://dailymed.nlm.nih.gov/dailymed/drugInfo.cfm?setid=dc02a23b-3ff9-4441-aa91-8e9e629a7315;https://dailymed.nlm.nih.gov/dailymed/drugInfo.cfm?setid=d80176fe-3e8b-48be-87c2-9c603013b3fa;https://dailymed.nlm.nih.gov/dailymed/drugInfo.cfm?setid=3aef8dbc-34d0-4150-89f0-3b16cf0fbfdb,人工阅读所得标签用途；每药API最多30条，非完整所有地区获批史；类别包含对症/预防/辅助用途，不等同疾病修饰。,Reviewed retrieved official-label/regulatory material; not a complete worldwide approval registry; formulation/combination/historical limits retained.
glasdegib,ONCOLOGY,联合低剂量cytarabine治疗高龄或不适于强化诱导的新诊断AML,LABEL_REVIEWED,https://dailymed.nlm.nih.gov/dailymed/drugInfo.cfm?setid=204a6f7e-c9a4-472b-abd2-9527bda64d17,人工阅读所得标签用途；每药API最多30条，非完整所有地区获批史；类别包含对症/预防/辅助用途，不等同疾病修饰。,Reviewed retrieved official-label/regulatory material; not a complete worldwide approval registry; formulation/combination/historical limits retained.
guanfacine,CARDIOVASCULAR;NEURO_PSYCHIATRIC,普通剂型高血压；缓释ADHD单药及兴奋剂辅助,LABEL_REVIEWED,https://dailymed.nlm.nih.gov/dailymed/drugInfo.cfm?setid=04a3bd2d-9a9c-43e8-a0e2-280e02265f16;https://dailymed.nlm.nih.gov/dailymed/drugInfo.cfm?setid=8348e63a-5cbc-489e-b7bf-046c65ba2e8e;https://dailymed.nlm.nih.gov/dailymed/drugInfo.cfm?setid=ab2e3597-14fc-4614-ae87-0d1d18188a68;https://dailymed.nlm.nih.gov/dailymed/drugInfo.cfm?setid=6e16cf54-c0d7-47ea-b502-c2146fd87f23,人工阅读所得标签用途；每药API最多30条，非完整所有地区获批史；类别包含对症/预防/辅助用途，不等同疾病修饰。,Reviewed retrieved official-label/regulatory material; not a complete worldwide approval registry; formulation/combination/historical limits retained.
idelalisib,ONCOLOGY,限定复发CLL联合rituximab；标签否定的FL/SLL等用途未计入,LABEL_REVIEWED,https://dailymed.nlm.nih.gov/dailymed/drugInfo.cfm?setid=efbdafa9-d18c-4e85-b4a2-1e620fc74e50,人工阅读所得标签用途；每药API最多30条，非完整所有地区获批史；类别包含对症/预防/辅助用途，不等同疾病修饰。,Reviewed retrieved official-label/regulatory material; not a complete worldwide approval registry; formulation/combination/historical limits retained.
indacaterol,RESPIRATORY,成人COPD维持支气管扩张治疗,EXTERNAL_REVIEWED,https://www.ema.europa.eu/en/documents/product-information/onbrez-breezhaler-epar-product-information_en.pdf,人工阅读所得标签用途；每药API最多30条，非完整所有地区获批史；类别包含对症/预防/辅助用途，不等同疾病修饰。,Reviewed retrieved official-label/regulatory material; not a complete worldwide approval registry; formulation/combination/historical limits retained.
ivabradine,CARDIOVASCULAR,限定窦律HFrEF降低心衰住院；儿童扩张型心肌病症状性心衰,LABEL_REVIEWED,https://dailymed.nlm.nih.gov/dailymed/drugInfo.cfm?setid=676907d3-b374-4baa-8422-c04706409540;https://dailymed.nlm.nih.gov/dailymed/drugInfo.cfm?setid=92018a65-38f6-45f7-91d4-a34921b81d0d;https://dailymed.nlm.nih.gov/dailymed/drugInfo.cfm?setid=e881a1ac-9221-4682-939f-966679cfe286;https://dailymed.nlm.nih.gov/dailymed/drugInfo.cfm?setid=2ead1cf3-e61a-49c4-e063-6294a90a330f,人工阅读所得标签用途；每药API最多30条，非完整所有地区获批史；类别包含对症/预防/辅助用途，不等同疾病修饰。,Reviewed retrieved official-label/regulatory material; not a complete worldwide approval registry; formulation/combination/historical limits retained.
ketoprofen,MUSCULOSKELETAL_CONNECTIVE;IMMUNE_INFLAMMATORY;NEURO_PSYCHIATRIC;ENDOCRINE_METABOLIC_REPRODUCTIVE,RA、OA症状缓解；疼痛及原发性痛经,LABEL_REVIEWED,https://dailymed.nlm.nih.gov/dailymed/drugInfo.cfm?setid=4e7bceb6-dcb5-c5e0-e063-6294a90a101e;https://dailymed.nlm.nih.gov/dailymed/drugInfo.cfm?setid=492de5dc-7c1b-47be-8510-43be4e1fd4ed;https://dailymed.nlm.nih.gov/dailymed/drugInfo.cfm?setid=47d0b808-7142-c7a9-e063-6394a90a6e0d;https://dailymed.nlm.nih.gov/dailymed/drugInfo.cfm?setid=198a4140-f4c0-4478-9157-ee1d68d0bb96,人工阅读所得标签用途；每药API最多30条，非完整所有地区获批史；类别包含对症/预防/辅助用途，不等同疾病修饰。,Reviewed retrieved official-label/regulatory material; not a complete worldwide approval registry; formulation/combination/historical limits retained.
landiolol,CARDIOVASCULAR,室上性心动过速短期心室率控制，成人含房颤房扑,LABEL_REVIEWED,https://dailymed.nlm.nih.gov/dailymed/drugInfo.cfm?setid=27e7f20f-78a4-f1a9-e063-6394a90ae465,人工阅读所得标签用途；每药API最多30条，非完整所有地区获批史；类别包含对症/预防/辅助用途，不等同疾病修饰。,Reviewed retrieved official-label/regulatory material; not a complete worldwide approval registry; formulation/combination/historical limits retained.
lenalidomide,ONCOLOGY,MM治疗/移植后维持；5q缺失MDS输血依赖贫血；MCL；限定FL/MZL联合rituximab,LABEL_REVIEWED,https://dailymed.nlm.nih.gov/dailymed/drugInfo.cfm?setid=1b2716cf-24b4-4157-a218-58ede63917bd;https://dailymed.nlm.nih.gov/dailymed/drugInfo.cfm?setid=da7b5dda-79ed-4c4a-88aa-52394fdc7c54;https://dailymed.nlm.nih.gov/dailymed/drugInfo.cfm?setid=9c414531-a3bf-455a-aca7-9e716f42099a;https://dailymed.nlm.nih.gov/dailymed/drugInfo.cfm?setid=9959cd7e-12b6-4b59-8205-d5f6e7e7d09b,人工阅读所得标签用途；每药API最多30条，非完整所有地区获批史；类别包含对症/预防/辅助用途，不等同疾病修饰。,Reviewed retrieved official-label/regulatory material; not a complete worldwide approval registry; formulation/combination/historical limits retained.
levetiracetam,NEURO_PSYCHIATRIC,部分起始癫痫；肌阵挛及原发全身强直阵挛发作辅助治疗,LABEL_REVIEWED,https://dailymed.nlm.nih.gov/dailymed/drugInfo.cfm?setid=2d307850-0ed5-4f32-ac62-0e1e2fe27a7a;https://dailymed.nlm.nih.gov/dailymed/drugInfo.cfm?setid=2d57f22f-fecc-466e-a444-87708c7c2f80;https://dailymed.nlm.nih.gov/dailymed/drugInfo.cfm?setid=5517b148-1eff-6421-e063-6394a90a9498;https://dailymed.nlm.nih.gov/dailymed/drugInfo.cfm?setid=9bdef24b-c50e-4e6a-8650-59d78009f472,人工阅读所得标签用途；每药API最多30条，非完整所有地区获批史；类别包含对症/预防/辅助用途，不等同疾病修饰。,Reviewed retrieved official-label/regulatory material; not a complete worldwide approval registry; formulation/combination/historical limits retained.
linagliptin,ENDOCRINE_METABOLIC_REPRODUCTIVE,2型糖尿病饮食运动辅助降糖,LABEL_REVIEWED,https://dailymed.nlm.nih.gov/dailymed/drugInfo.cfm?setid=dfe327e8-f6ab-41e5-bdef-d520118cd83a;https://dailymed.nlm.nih.gov/dailymed/drugInfo.cfm?setid=c797ea5c-cab7-494b-9044-27eba0cfe40f,人工阅读所得标签用途；每药API最多30条，非完整所有地区获批史；类别包含对症/预防/辅助用途，不等同疾病修饰。,Reviewed retrieved official-label/regulatory material; not a complete worldwide approval registry; formulation/combination/historical limits retained.
loperamide,GASTROINTESTINAL,急性含旅行者腹泻及IBD相关慢性腹泻对症；减少回肠造口排出,LABEL_REVIEWED,https://dailymed.nlm.nih.gov/dailymed/drugInfo.cfm?setid=d8a55fb6-bb57-42d6-8e20-67fc91f38097;https://dailymed.nlm.nih.gov/dailymed/drugInfo.cfm?setid=5a728c6d-26ec-3316-e063-6394a90ade08;https://dailymed.nlm.nih.gov/dailymed/drugInfo.cfm?setid=59e1c4cf-17cc-13c9-e063-6294a90af61c;https://dailymed.nlm.nih.gov/dailymed/drugInfo.cfm?setid=68467222-c8b4-4029-a180-59a57d0090d3,人工阅读所得标签用途；每药API最多30条，非完整所有地区获批史；类别包含对症/预防/辅助用途，不等同疾病修饰。,Reviewed retrieved official-label/regulatory material; not a complete worldwide approval registry; formulation/combination/historical limits retained.
lubiprostone,GASTROINTESTINAL,慢性特发便秘；慢性疼痛阿片相关便秘；成年女性IBS-C,LABEL_REVIEWED,https://dailymed.nlm.nih.gov/dailymed/drugInfo.cfm?setid=f4d506e0-1322-4fc4-e053-2995a90ac880;https://dailymed.nlm.nih.gov/dailymed/drugInfo.cfm?setid=006b8b6c-f0eb-4246-87da-67582984b0e4;https://dailymed.nlm.nih.gov/dailymed/drugInfo.cfm?setid=164a2b47-0a52-4bb4-9e71-5342c2e951f4;https://dailymed.nlm.nih.gov/dailymed/drugInfo.cfm?setid=5fd683a5-87ff-42b8-a8c8-fff81625f67f,人工阅读所得标签用途；每药API最多30条，非完整所有地区获批史；类别包含对症/预防/辅助用途，不等同疾病修饰。,Reviewed retrieved official-label/regulatory material; not a complete worldwide approval registry; formulation/combination/historical limits retained.
macimorelin,ENDOCRINE_METABOLIC_REPRODUCTIVE,成人生长激素缺乏诊断用途,LABEL_REVIEWED,https://dailymed.nlm.nih.gov/dailymed/drugInfo.cfm?setid=aeb30f1a-4815-47ae-a2cb-b6b4e26372e1,人工阅读所得标签用途；每药API最多30条，非完整所有地区获批史；类别包含对症/预防/辅助用途，不等同疾病修饰。,Reviewed retrieved official-label/regulatory material; not a complete worldwide approval registry; formulation/combination/historical limits retained.
memantine,NEURO_PSYCHIATRIC,中重度阿尔茨海默型痴呆,LABEL_REVIEWED,https://dailymed.nlm.nih.gov/dailymed/drugInfo.cfm?setid=007d4cb9-3fa9-40f3-b5ca-4083eccd6038;https://dailymed.nlm.nih.gov/dailymed/drugInfo.cfm?setid=cbfd9d95-f50b-45ff-9857-9f1712c45e56;https://dailymed.nlm.nih.gov/dailymed/drugInfo.cfm?setid=becb09dc-174d-4817-88d4-f38c8adcd309;https://dailymed.nlm.nih.gov/dailymed/drugInfo.cfm?setid=d0a5e0fc-04e3-417d-bef3-9b309ff71597,人工阅读所得标签用途；每药API最多30条，非完整所有地区获批史；类别包含对症/预防/辅助用途，不等同疾病修饰。,Reviewed retrieved official-label/regulatory material; not a complete worldwide approval registry; formulation/combination/historical limits retained.
methocarbamol,MUSCULOSKELETAL_CONNECTIVE,急性疼痛肌骨病症休息/物理治疗辅助缓解,LABEL_REVIEWED,https://dailymed.nlm.nih.gov/dailymed/drugInfo.cfm?setid=5a585c87-6361-420d-e063-6294a90a1838;https://dailymed.nlm.nih.gov/dailymed/drugInfo.cfm?setid=05b287d3-5004-4d8b-9ebe-a96caa2b8d89;https://dailymed.nlm.nih.gov/dailymed/drugInfo.cfm?setid=56090def-7caf-e916-e063-6294a90a6ac2;https://dailymed.nlm.nih.gov/dailymed/drugInfo.cfm?setid=1a6b7327-fd42-4de0-bd0d-2dd478502d52,人工阅读所得标签用途；每药API最多30条，非完整所有地区获批史；类别包含对症/预防/辅助用途，不等同疾病修饰。,Reviewed retrieved official-label/regulatory material; not a complete worldwide approval registry; formulation/combination/historical limits retained.
metoprolol,CARDIOVASCULAR,高血压、心绞痛、心衰；tartrate标签另含急性心梗降低心血管死亡风险，按剂型适用,LABEL_REVIEWED,https://dailymed.nlm.nih.gov/dailymed/drugInfo.cfm?setid=c5431c8a-d92c-489e-b63b-4b9cc8f32a1a;https://dailymed.nlm.nih.gov/dailymed/drugInfo.cfm?setid=621249c4-531b-4138-9bde-77a06ad7816b;https://dailymed.nlm.nih.gov/dailymed/drugInfo.cfm?setid=5a65a60c-4c0d-e89b-e063-6394a90ac689;https://dailymed.nlm.nih.gov/dailymed/drugInfo.cfm?setid=565bcddd-0720-484b-9316-d8fc0dc3ffab,人工阅读所得标签用途；每药API最多30条，非完整所有地区获批史；类别包含对症/预防/辅助用途，不等同疾病修饰。,Reviewed retrieved official-label/regulatory material; not a complete worldwide approval registry; formulation/combination/historical limits retained.
mirdametinib,ONCOLOGY;NEURO_PSYCHIATRIC,NF1伴不能完整切除症状性丛状神经纤维瘤（良性肿瘤场景，非泛癌）,EXTERNAL_REVIEWED,https://dailymed.nlm.nih.gov/dailymed/fda/fdaDrugXsl.cfm?setid=4c41bf90-5fa7-4935-a95c-e047ea6bbf8e&type=display,人工阅读所得标签用途；每药API最多30条，非完整所有地区获批史；类别包含对症/预防/辅助用途，不等同疾病修饰。 ONCOLOGY包含良性肿瘤而非声称恶性；NF1相关场景需单列，不机械称癌→癌。,Reviewed retrieved official-label/regulatory material; not a complete worldwide approval registry; formulation/combination/historical limits retained.
naloxone,TOXICITY;CARDIOVASCULAR,阿片抑制/过量逆转及诊断；注射标签另有感染性休克辅助升压,LABEL_REVIEWED,https://dailymed.nlm.nih.gov/dailymed/drugInfo.cfm?setid=8091a73d-9ecd-4578-a57b-5d85a2c5a16a;https://dailymed.nlm.nih.gov/dailymed/drugInfo.cfm?setid=a0ebc83d-2892-40de-bc0a-775ce90b30db;https://dailymed.nlm.nih.gov/dailymed/drugInfo.cfm?setid=53ed164c-dd09-4ea4-e063-6294a90a2434;https://dailymed.nlm.nih.gov/dailymed/drugInfo.cfm?setid=5906381c-81f4-4635-867a-e56e4d629692,人工阅读所得标签用途；每药API最多30条，非完整所有地区获批史；类别包含对症/预防/辅助用途，不等同疾病修饰。,Reviewed retrieved official-label/regulatory material; not a complete worldwide approval registry; formulation/combination/historical limits retained.
nicardipine,CARDIOVASCULAR,高血压含不能口服时短期静脉；口服慢性稳定心绞痛,LABEL_REVIEWED,https://dailymed.nlm.nih.gov/dailymed/drugInfo.cfm?setid=8e8611e0-7d8c-4f30-b53a-76c6588b6ef7;https://dailymed.nlm.nih.gov/dailymed/drugInfo.cfm?setid=575c5dab-e832-192a-e063-6294a90a34a1;https://dailymed.nlm.nih.gov/dailymed/drugInfo.cfm?setid=9383f1dc-0310-4c87-a8f0-48c09a85d89b;https://dailymed.nlm.nih.gov/dailymed/drugInfo.cfm?setid=b0e2bed3-f928-43ab-a05c-275bedc9856f,人工阅读所得标签用途；每药API最多30条，非完整所有地区获批史；类别包含对症/预防/辅助用途，不等同疾病修饰。,Reviewed retrieved official-label/regulatory material; not a complete worldwide approval registry; formulation/combination/historical limits retained.
nimodipine,NEURO_PSYCHIATRIC;CARDIOVASCULAR,动脉瘤破裂蛛网膜下腔出血后减少缺血神经缺损,LABEL_REVIEWED,https://dailymed.nlm.nih.gov/dailymed/drugInfo.cfm?setid=e65d5108-22a2-4d87-a78d-15606f3cc9e2;https://dailymed.nlm.nih.gov/dailymed/drugInfo.cfm?setid=e660fa26-b5c4-4d6d-8887-9e22b6666a10;https://dailymed.nlm.nih.gov/dailymed/drugInfo.cfm?setid=a323ebd8-ef1b-439b-93d1-ba73a5b0127d;https://dailymed.nlm.nih.gov/dailymed/drugInfo.cfm?setid=f829de8b-fabd-4aec-ac8d-c9aaef7be55b,人工阅读所得标签用途；每药API最多30条，非完整所有地区获批史；类别包含对症/预防/辅助用途，不等同疾病修饰。,Reviewed retrieved official-label/regulatory material; not a complete worldwide approval registry; formulation/combination/historical limits retained.
oliceridine,NEURO_PSYCHIATRIC,需静脉阿片且替代治疗不足的重度急性疼痛,LABEL_REVIEWED,https://dailymed.nlm.nih.gov/dailymed/drugInfo.cfm?setid=ce167984-8b9d-40b7-84ce-d0f33fff1eaa,人工阅读所得标签用途；每药API最多30条，非完整所有地区获批史；类别包含对症/预防/辅助用途，不等同疾病修饰。,Reviewed retrieved official-label/regulatory material; not a complete worldwide approval registry; formulation/combination/historical limits retained.
olopatadine,EYE_ENT;IMMUNE_INFLAMMATORY,过敏性眼痒/红眼缓解（所获眼用标签）,LABEL_REVIEWED,https://dailymed.nlm.nih.gov/dailymed/drugInfo.cfm?setid=598156e4-f183-86f5-e063-6294a90a64df;https://dailymed.nlm.nih.gov/dailymed/drugInfo.cfm?setid=ef573cb9-7829-4bcb-9e4c-b26014cd94db;https://dailymed.nlm.nih.gov/dailymed/drugInfo.cfm?setid=50b02d58-dd82-6d0a-e063-6294a90a28fd;https://dailymed.nlm.nih.gov/dailymed/drugInfo.cfm?setid=9a4c58dc-aee6-441f-8081-608e4fd36193,人工阅读所得标签用途；每药API最多30条，非完整所有地区获批史；类别包含对症/预防/辅助用途，不等同疾病修饰。,Reviewed retrieved official-label/regulatory material; not a complete worldwide approval registry; formulation/combination/historical limits retained.
oxaprozin,MUSCULOSKELETAL_CONNECTIVE;IMMUNE_INFLAMMATORY,OA、RA和幼年RA症状缓解,LABEL_REVIEWED,https://dailymed.nlm.nih.gov/dailymed/drugInfo.cfm?setid=e881dca6-004e-1c3e-e053-2a95a90a02ab;https://dailymed.nlm.nih.gov/dailymed/drugInfo.cfm?setid=450f5941-7f10-42fe-e063-6394a90a4803;https://dailymed.nlm.nih.gov/dailymed/drugInfo.cfm?setid=e3fbea8c-bc0d-4dcd-a14e-a4575dceeea6;https://dailymed.nlm.nih.gov/dailymed/drugInfo.cfm?setid=918127f0-9f2a-4edf-a2f7-07c01aa52bb5,人工阅读所得标签用途；每药API最多30条，非完整所有地区获批史；类别包含对症/预防/辅助用途，不等同疾病修饰。,Reviewed retrieved official-label/regulatory material; not a complete worldwide approval registry; formulation/combination/historical limits retained.
oxymorphone,NEURO_PSYCHIATRIC,替代治疗不足的需阿片镇痛疼痛，所获主要急性痛标签,LABEL_REVIEWED,https://dailymed.nlm.nih.gov/dailymed/drugInfo.cfm?setid=22c7652a-aa16-4fa8-89d9-517e69059068;https://dailymed.nlm.nih.gov/dailymed/drugInfo.cfm?setid=dcb5b5d2-7d0a-497a-8f1e-3b96fd43320b;https://dailymed.nlm.nih.gov/dailymed/drugInfo.cfm?setid=3f4e703a-e398-42fd-8759-e398c79955f1;https://dailymed.nlm.nih.gov/dailymed/drugInfo.cfm?setid=95804e72-232d-425d-b23d-a66f43bdf0c6,人工阅读所得标签用途；每药API最多30条，非完整所有地区获批史；类别包含对症/预防/辅助用途，不等同疾病修饰。,Reviewed retrieved official-label/regulatory material; not a complete worldwide approval registry; formulation/combination/historical limits retained.
pacritinib,ONCOLOGY,严重血小板减少的中高危原发/继发骨髓纤维化,LABEL_REVIEWED,https://dailymed.nlm.nih.gov/dailymed/drugInfo.cfm?setid=4b5ab444-0e1a-4984-99db-76ad11a298ee,人工阅读所得标签用途；每药API最多30条，非完整所有地区获批史；类别包含对症/预防/辅助用途，不等同疾病修饰。,Reviewed retrieved official-label/regulatory material; not a complete worldwide approval registry; formulation/combination/historical limits retained.
panobinostat,ONCOLOGY,EMA复发/难治MM，联合bortezomib和dexamethasone,EXTERNAL_REVIEWED,https://www.ema.europa.eu/en/medicines/human/EPAR/farydak,人工阅读所得标签用途；每药API最多30条，非完整所有地区获批史；类别包含对症/预防/辅助用途，不等同疾病修饰。,Reviewed retrieved official-label/regulatory material; not a complete worldwide approval registry; formulation/combination/historical limits retained.
pemigatinib,ONCOLOGY,FGFR2重排胆管癌；FGFR1重排髓系/淋巴系肿瘤,LABEL_REVIEWED,https://dailymed.nlm.nih.gov/dailymed/drugInfo.cfm?setid=9e1f2222-1d89-4e63-989c-ccebe2ab1eb4,人工阅读所得标签用途；每药API最多30条，非完整所有地区获批史；类别包含对症/预防/辅助用途，不等同疾病修饰。,Reviewed retrieved official-label/regulatory material; not a complete worldwide approval registry; formulation/combination/historical limits retained.
piperacillin,INFECTION,敏感菌感染含混合感染及限定外科预防,EXTERNAL_REVIEWED,https://dailymed.nlm.nih.gov/dailymed/drugInfo.cfm?setid=fac0c875-111e-4af2-d186-ed4d4ee9de59,人工阅读所得标签用途；每药API最多30条，非完整所有地区获批史；类别包含对症/预防/辅助用途，不等同疾病修饰。,Reviewed retrieved official-label/regulatory material; not a complete worldwide approval registry; formulation/combination/historical limits retained.
pomalidomide,ONCOLOGY,MM联合dexamethasone；AIDS相关或HIV阴性Kaposi肉瘤,LABEL_REVIEWED,https://dailymed.nlm.nih.gov/dailymed/drugInfo.cfm?setid=3c222961-5398-4185-b2d0-defe90230094;https://dailymed.nlm.nih.gov/dailymed/drugInfo.cfm?setid=a0c16478-1a0c-4be0-be75-cb9e4543d71a;https://dailymed.nlm.nih.gov/dailymed/drugInfo.cfm?setid=84678d19-fd8d-268e-2fe6-88e21195fcca;https://dailymed.nlm.nih.gov/dailymed/drugInfo.cfm?setid=4fcd4978-b2d1-4d1a-b239-717cddb8be1f,人工阅读所得标签用途；每药API最多30条，非完整所有地区获批史；类别包含对症/预防/辅助用途，不等同疾病修饰。,Reviewed retrieved official-label/regulatory material; not a complete worldwide approval registry; formulation/combination/historical limits retained.
pregabalin,NEURO_PSYCHIATRIC;MUSCULOSKELETAL_CONNECTIVE,糖尿病周围神经痛、带状疱疹后神经痛、脊髓损伤神经痛；癫痫辅助；纤维肌痛,LABEL_REVIEWED,https://dailymed.nlm.nih.gov/dailymed/drugInfo.cfm?setid=e897d7e8-2743-4512-8417-375cb11ceec6;https://dailymed.nlm.nih.gov/dailymed/drugInfo.cfm?setid=923745e9-17a2-a5f7-e053-2a95a90aed38;https://dailymed.nlm.nih.gov/dailymed/drugInfo.cfm?setid=7f29991e-3bf5-4e48-8fa3-6d4e932ed6de;https://dailymed.nlm.nih.gov/dailymed/drugInfo.cfm?setid=d095accf-9cea-4948-b43d-ae1b8fbce7c2,人工阅读所得标签用途；每药API最多30条，非完整所有地区获批史；类别包含对症/预防/辅助用途，不等同疾病修饰。,Reviewed retrieved official-label/regulatory material; not a complete worldwide approval registry; formulation/combination/historical limits retained.
quetiapine,NEURO_PSYCHIATRIC,精神分裂症、双相躁狂/抑郁及维持；剂型依赖,LABEL_REVIEWED,https://dailymed.nlm.nih.gov/dailymed/drugInfo.cfm?setid=711f42c5-0719-46de-81fb-3d03801b9ed9;https://dailymed.nlm.nih.gov/dailymed/drugInfo.cfm?setid=717b55c4-a23f-4d74-8023-0f4e14d89ec8;https://dailymed.nlm.nih.gov/dailymed/drugInfo.cfm?setid=227b8b2b-a238-efb4-e063-6394a90acc7e;https://dailymed.nlm.nih.gov/dailymed/drugInfo.cfm?setid=3112a006-1c61-47f2-84f5-9a7670d09c9b,人工阅读所得标签用途；每药API最多30条，非完整所有地区获批史；类别包含对症/预防/辅助用途，不等同疾病修饰。,Reviewed retrieved official-label/regulatory material; not a complete worldwide approval registry; formulation/combination/historical limits retained.
ramelteon,NEURO_PSYCHIATRIC,入睡困难型失眠,LABEL_REVIEWED,https://dailymed.nlm.nih.gov/dailymed/drugInfo.cfm?setid=5a3cf917-3569-4fc1-8b81-ffecfd2de005;https://dailymed.nlm.nih.gov/dailymed/drugInfo.cfm?setid=57b24572-f601-b092-e063-6394a90afa53;https://dailymed.nlm.nih.gov/dailymed/drugInfo.cfm?setid=56d1ac8d-5131-4eed-e063-6294a90a402e;https://dailymed.nlm.nih.gov/dailymed/drugInfo.cfm?setid=9de82310-70e8-47b9-b1fc-6c6848b99455,人工阅读所得标签用途；每药API最多30条，非完整所有地区获批史；类别包含对症/预防/辅助用途，不等同疾病修饰。,Reviewed retrieved official-label/regulatory material; not a complete worldwide approval registry; formulation/combination/historical limits retained.
relebactam,INFECTION,imipenem/cilastatin/relebactam复方院内肺炎及限定复杂尿路/腹腔感染,EXTERNAL_REVIEWED,https://dailymed.nlm.nih.gov/dailymed/drugInfo.cfm?setid=be32f468-738b-40df-a425-591e12f65159,人工阅读所得标签用途；每药API最多30条，非完整所有地区获批史；类别包含对症/预防/辅助用途，不等同疾病修饰。 此处来源是复方整体适应症，仅作该成分既有临床使用场景；不是该成分单药疗效获批。,Reviewed retrieved official-label/regulatory material; not a complete worldwide approval registry; formulation/combination/historical limits retained.
retapamulin,INFECTION;DERMATOLOGIC,敏感金葡菌/化脓链球菌脓疱疮外用,EXTERNAL_REVIEWED,https://dailymed.nlm.nih.gov/dailymed/drugInfo.cfm?setid=9fae06b5-bbd5-400a-a7a6-3a4e238361f8,人工阅读所得标签用途；每药API最多30条，非完整所有地区获批史；类别包含对症/预防/辅助用途，不等同疾病修饰。,Reviewed retrieved official-label/regulatory material; not a complete worldwide approval registry; formulation/combination/historical limits retained.
riluzole,NEURO_PSYCHIATRIC,ALS,LABEL_REVIEWED,https://dailymed.nlm.nih.gov/dailymed/drugInfo.cfm?setid=75d68f19-4208-109e-e053-2991aa0ac857;https://dailymed.nlm.nih.gov/dailymed/drugInfo.cfm?setid=dd432c13-389e-46b3-8891-0cf1a58800ff;https://dailymed.nlm.nih.gov/dailymed/drugInfo.cfm?setid=ccead445-970c-46a1-9532-2848cc2aa3b6;https://dailymed.nlm.nih.gov/dailymed/drugInfo.cfm?setid=b117b981-476c-f9b8-e053-2995a90aee5f,人工阅读所得标签用途；每药API最多30条，非完整所有地区获批史；类别包含对症/预防/辅助用途，不等同疾病修饰。,Reviewed retrieved official-label/regulatory material; not a complete worldwide approval registry; formulation/combination/historical limits retained.
roflumilast,RESPIRATORY;DERMATOLOGIC;IMMUNE_INFLAMMATORY,口服减少限定严重COPD急性加重；外用脂溢性皮炎/银屑病及特应性皮炎,LABEL_REVIEWED,https://dailymed.nlm.nih.gov/dailymed/drugInfo.cfm?setid=f9e0b4a9-a227-4947-b00c-41fb18d16589;https://dailymed.nlm.nih.gov/dailymed/drugInfo.cfm?setid=cb3781ff-5350-4f9a-b247-0b04eb0f2b92;https://dailymed.nlm.nih.gov/dailymed/drugInfo.cfm?setid=ec1bb0d1-f38a-4080-831a-68791d1d1fdb;https://dailymed.nlm.nih.gov/dailymed/drugInfo.cfm?setid=aaa81c1b-f63d-4e61-8bfa-9d42d92043c7,人工阅读所得标签用途；每药API最多30条，非完整所有地区获批史；类别包含对症/预防/辅助用途，不等同疾病修饰。,Reviewed retrieved official-label/regulatory material; not a complete worldwide approval registry; formulation/combination/historical limits retained.
rucaparib,ONCOLOGY,BRCA突变复发卵巢/输卵管/原发腹膜癌维持；限定BRCA突变mCRPC,LABEL_REVIEWED,https://dailymed.nlm.nih.gov/dailymed/drugInfo.cfm?setid=0295d202-1cfe-7659-e063-6294a90a476e,人工阅读所得标签用途；每药API最多30条，非完整所有地区获批史；类别包含对症/预防/辅助用途，不等同疾病修饰。,Reviewed retrieved official-label/regulatory material; not a complete worldwide approval registry; formulation/combination/historical limits retained.
sapropterin,ENDOCRINE_METABOLIC_REPRODUCTIVE,BH4反应性PKU高苯丙氨酸血症，与限制Phe饮食联合,LABEL_REVIEWED,https://dailymed.nlm.nih.gov/dailymed/drugInfo.cfm?setid=c4d92cce-e899-4f14-b19c-5e17f9922215;https://dailymed.nlm.nih.gov/dailymed/drugInfo.cfm?setid=2e13a3b5-e4df-4d5c-9b26-02a7006a7c3e;https://dailymed.nlm.nih.gov/dailymed/drugInfo.cfm?setid=eafec3a2-4f29-4afa-8728-a62b34cefd18;https://dailymed.nlm.nih.gov/dailymed/drugInfo.cfm?setid=ec8ea96c-8ec1-4301-a85d-d59562e548ca,人工阅读所得标签用途；每药API最多30条，非完整所有地区获批史；类别包含对症/预防/辅助用途，不等同疾病修饰。,Reviewed retrieved official-label/regulatory material; not a complete worldwide approval registry; formulation/combination/historical limits retained.
selumetinib,ONCOLOGY;NEURO_PSYCHIATRIC,NF1伴症状性不可手术丛状神经纤维瘤（良性肿瘤场景）,LABEL_REVIEWED,https://dailymed.nlm.nih.gov/dailymed/drugInfo.cfm?setid=7d042c61-f28f-4ab5-ab10-d7558c0d49ff,人工阅读所得标签用途；每药API最多30条，非完整所有地区获批史；类别包含对症/预防/辅助用途，不等同疾病修饰。 ONCOLOGY包含良性肿瘤而非声称恶性；NF1相关场景需单列，不机械称癌→癌。,Reviewed retrieved official-label/regulatory material; not a complete worldwide approval registry; formulation/combination/historical limits retained.
sonidegib,ONCOLOGY,限定局部晚期基底细胞癌,LABEL_REVIEWED,https://dailymed.nlm.nih.gov/dailymed/drugInfo.cfm?setid=028312dc-d155-4fd5-8abd-6bb9f011d3cc,人工阅读所得标签用途；每药API最多30条，非完整所有地区获批史；类别包含对症/预防/辅助用途，不等同疾病修饰。,Reviewed retrieved official-label/regulatory material; not a complete worldwide approval registry; formulation/combination/historical limits retained.
sufentanil,NEURO_PSYCHIATRIC;ENDOCRINE_METABOLIC_REPRODUCTIVE,全麻辅助镇痛/麻醉；与bupivacaine联合分娩硬膜外镇痛,LABEL_REVIEWED,https://dailymed.nlm.nih.gov/dailymed/drugInfo.cfm?setid=20293943-46ff-4345-1aa4-929b4e017a25,人工阅读所得标签用途；每药API最多30条，非完整所有地区获批史；类别包含对症/预防/辅助用途，不等同疾病修饰。,Reviewed retrieved official-label/regulatory material; not a complete worldwide approval registry; formulation/combination/historical limits retained.
talazoparib,ONCOLOGY,限定gBRCA突变HER2阴性乳癌；与enzalutamide联合HRR突变mCRPC,LABEL_REVIEWED,https://dailymed.nlm.nih.gov/dailymed/drugInfo.cfm?setid=13839d4f-6acf-4ffb-a128-79df59319273;https://dailymed.nlm.nih.gov/dailymed/drugInfo.cfm?setid=b653221e-971f-4452-92d4-797924f1ff59,人工阅读所得标签用途；每药API最多30条，非完整所有地区获批史；类别包含对症/预防/辅助用途，不等同疾病修饰。,Reviewed retrieved official-label/regulatory material; not a complete worldwide approval registry; formulation/combination/historical limits retained.
tapinarof,DERMATOLOGIC;IMMUNE_INFLAMMATORY,外用斑块银屑病及特应性皮炎,LABEL_REVIEWED,https://dailymed.nlm.nih.gov/dailymed/drugInfo.cfm?setid=9309d20f-8cd4-4c96-93fa-7f730e83c7ab,人工阅读所得标签用途；每药API最多30条，非完整所有地区获批史；类别包含对症/预防/辅助用途，不等同疾病修饰。,Reviewed retrieved official-label/regulatory material; not a complete worldwide approval registry; formulation/combination/historical limits retained.
tecovirimat,INFECTION,人天花治疗，所获美国标签非所有正痘病毒用途,LABEL_REVIEWED,https://dailymed.nlm.nih.gov/dailymed/drugInfo.cfm?setid=fce826ab-4d6a-4139-a2ee-a304a913a253,人工阅读所得标签用途；每药API最多30条，非完整所有地区获批史；类别包含对症/预防/辅助用途，不等同疾病修饰。,Reviewed retrieved official-label/regulatory material; not a complete worldwide approval registry; formulation/combination/historical limits retained.
terazosin,RENAL_URINARY;CARDIOVASCULAR,症状性BPH；高血压,LABEL_REVIEWED,https://dailymed.nlm.nih.gov/dailymed/drugInfo.cfm?setid=5a95be60-b242-9183-e063-6394a90a89e6;https://dailymed.nlm.nih.gov/dailymed/drugInfo.cfm?setid=83bf40fa-6ae1-4811-8dc1-e8c0bcd63d78;https://dailymed.nlm.nih.gov/dailymed/drugInfo.cfm?setid=57125b47-2156-181c-e063-6394a90ad763;https://dailymed.nlm.nih.gov/dailymed/drugInfo.cfm?setid=b77a4a38-edb1-412e-97af-d49e862b32c1,人工阅读所得标签用途；每药API最多30条，非完整所有地区获批史；类别包含对症/预防/辅助用途，不等同疾病修饰。,Reviewed retrieved official-label/regulatory material; not a complete worldwide approval registry; formulation/combination/historical limits retained.
thalidomide,ONCOLOGY;IMMUNE_INFLAMMATORY;DERMATOLOGIC;INFECTION,新诊断MM联合dexamethasone；麻风结节性红斑皮肤表现急性治疗及复发预防/抑制（不是抗麻风菌）,LABEL_REVIEWED,https://dailymed.nlm.nih.gov/dailymed/drugInfo.cfm?setid=2eda833b-1357-4ed4-a093-194524fcb061,人工阅读所得标签用途；每药API最多30条，非完整所有地区获批史；类别包含对症/预防/辅助用途，不等同疾病修饰。,Reviewed retrieved official-label/regulatory material; not a complete worldwide approval registry; formulation/combination/historical limits retained.
tipiracil,ONCOLOGY,trifluridine/tipiracil复方转移结直肠癌及既往治疗胃/胃食管结合部癌,EXTERNAL_REVIEWED,https://dailymed.nlm.nih.gov/dailymed/drugInfo.cfm?setid=f5beed22-d71d-4c0d-8dca-2c7317d65d85,人工阅读所得标签用途；每药API最多30条，非完整所有地区获批史；类别包含对症/预防/辅助用途，不等同疾病修饰。 此处来源是复方整体适应症，仅作该成分既有临床使用场景；不是该成分单药疗效获批。,Reviewed retrieved official-label/regulatory material; not a complete worldwide approval registry; formulation/combination/historical limits retained.
torsemide,CARDIOVASCULAR;RENAL_URINARY;GASTROINTESTINAL,心衰、肾病及肝病相关水肿；高血压,LABEL_REVIEWED,https://dailymed.nlm.nih.gov/dailymed/drugInfo.cfm?setid=26a3af16-39fc-482d-8a8e-9473af4b0e3f;https://dailymed.nlm.nih.gov/dailymed/drugInfo.cfm?setid=1c755d94-b846-4336-a968-aa1b92dc0ac0;https://dailymed.nlm.nih.gov/dailymed/drugInfo.cfm?setid=09305350-e317-419c-96f5-aa8fbeb4044d;https://dailymed.nlm.nih.gov/dailymed/drugInfo.cfm?setid=7fc14338-92e4-cf57-a3e8-ef64d8d1026c,人工阅读所得标签用途；每药API最多30条，非完整所有地区获批史；类别包含对症/预防/辅助用途，不等同疾病修饰。,Reviewed retrieved official-label/regulatory material; not a complete worldwide approval registry; formulation/combination/historical limits retained.
triamcinolone,IMMUNE_INFLAMMATORY;DERMATOLOGIC;ENDOCRINE_METABOLIC_REPRODUCTIVE;GASTROINTESTINAL;HEMATOLOGIC;INFECTION;ONCOLOGY;NEURO_PSYCHIATRIC;EYE_ENT;RENAL_URINARY;RESPIRATORY;MUSCULOSKELETAL_CONNECTIVE;CARDIOVASCULAR,多剂型皮肤/过敏、内分泌替代、IBD、血液病、限定感染辅助、白血病/淋巴瘤姑息、MS/脑水肿、眼炎、肾病、肺病及风湿/关节注射；鼻过敏,LABEL_REVIEWED,https://dailymed.nlm.nih.gov/dailymed/drugInfo.cfm?setid=5a79639b-eb66-e726-e063-6394a90aeb01;https://dailymed.nlm.nih.gov/dailymed/drugInfo.cfm?setid=f549f9ea-abc0-4fc2-b6ec-c21182eb26e6;https://dailymed.nlm.nih.gov/dailymed/drugInfo.cfm?setid=7dbee70b-bd11-4430-b626-97fbb8f01b49;https://dailymed.nlm.nih.gov/dailymed/drugInfo.cfm?setid=9e50af36-59f1-4f08-a0d7-7566f0a11034,人工阅读所得标签用途；每药API最多30条，非完整所有地区获批史；类别包含对症/预防/辅助用途，不等同疾病修饰。 输入标签实际多为triamcinolone acetonide；此为相关制剂临床来源，不能视作未酯化triamcinolone精确结构的单药获批证明。,Reviewed retrieved official-label/regulatory material; not a complete worldwide approval registry; formulation/combination/historical limits retained.
ulipristal,ENDOCRINE_METABOLIC_REPRODUCTIVE,无保护性交或避孕失败后的紧急避孕，不是常规避孕,LABEL_REVIEWED,https://dailymed.nlm.nih.gov/dailymed/drugInfo.cfm?setid=2bf93d23-cddd-4613-9066-5b5fa090404b;https://dailymed.nlm.nih.gov/dailymed/drugInfo.cfm?setid=e5f09468-7ac8-40ba-a85b-758a32f586c3,人工阅读所得标签用途；每药API最多30条，非完整所有地区获批史；类别包含对症/预防/辅助用途，不等同疾病修饰。,Reviewed retrieved official-label/regulatory material; not a complete worldwide approval registry; formulation/combination/historical limits retained.
vaborbactam,INFECTION,meropenem/vaborbactam复方复杂尿路感染含肾盂肾炎,LABEL_REVIEWED,https://dailymed.nlm.nih.gov/dailymed/drugInfo.cfm?setid=e237fd0f-3050-42a3-b43e-b6fb4824e93d,人工阅读所得标签用途；每药API最多30条，非完整所有地区获批史；类别包含对症/预防/辅助用途，不等同疾病修饰。 此处来源是复方整体适应症，仅作该成分既有临床使用场景；不是该成分单药疗效获批。,Reviewed retrieved official-label/regulatory material; not a complete worldwide approval registry; formulation/combination/historical limits retained.
varenicline,NEURO_PSYCHIATRIC;EYE_ENT,口服戒烟辅助；鼻喷干眼症,LABEL_REVIEWED,https://dailymed.nlm.nih.gov/dailymed/drugInfo.cfm?setid=59e125e3-5204-122b-e063-6394a90a0092;https://dailymed.nlm.nih.gov/dailymed/drugInfo.cfm?setid=e22e2a6a-66b4-459c-b978-51700e31a1a9;https://dailymed.nlm.nih.gov/dailymed/drugInfo.cfm?setid=014c93dc-5737-479c-a9f0-aaadac1ac298;https://dailymed.nlm.nih.gov/dailymed/drugInfo.cfm?setid=8a06d177-0e62-457d-b0c8-47f60a313a1c,人工阅读所得标签用途；每药API最多30条，非完整所有地区获批史；类别包含对症/预防/辅助用途，不等同疾病修饰。,Reviewed retrieved official-label/regulatory material; not a complete worldwide approval registry; formulation/combination/historical limits retained.
vigabatrin,NEURO_PSYCHIATRIC,难治复杂部分性癫痫辅助；婴儿痉挛单药,LABEL_REVIEWED,https://dailymed.nlm.nih.gov/dailymed/drugInfo.cfm?setid=93ba3894-fd97-4432-9f2d-e7050371e91f;https://dailymed.nlm.nih.gov/dailymed/drugInfo.cfm?setid=082d818a-4f4e-4675-98c6-91db0294e63c;https://dailymed.nlm.nih.gov/dailymed/drugInfo.cfm?setid=5e5e7554-d0f4-47f7-a434-cc5ca5a9826f;https://dailymed.nlm.nih.gov/dailymed/drugInfo.cfm?setid=8406bd5a-8887-4579-a11e-5ab449c58963,人工阅读所得标签用途；每药API最多30条，非完整所有地区获批史；类别包含对症/预防/辅助用途，不等同疾病修饰。,Reviewed retrieved official-label/regulatory material; not a complete worldwide approval registry; formulation/combination/historical limits retained.
vorinostat,ONCOLOGY,既往系统治疗后进展/持续/复发CTCL皮肤表现,LABEL_REVIEWED,https://dailymed.nlm.nih.gov/dailymed/drugInfo.cfm?setid=cd86ee78-2781-468b-930c-3c4677bcc092,人工阅读所得标签用途；每药API最多30条，非完整所有地区获批史；类别包含对症/预防/辅助用途，不等同疾病修饰。,Reviewed retrieved official-label/regulatory material; not a complete worldwide approval registry; formulation/combination/historical limits retained.
zavegepant,NEURO_PSYCHIATRIC,成人偏头痛急性治疗，不计预防,LABEL_REVIEWED,https://dailymed.nlm.nih.gov/dailymed/drugInfo.cfm?setid=1191475f-e999-49f4-a805-93ad08596b1b,人工阅读所得标签用途；每药API最多30条，非完整所有地区获批史；类别包含对症/预防/辅助用途，不等同疾病修饰。,Reviewed retrieved official-label/regulatory material; not a complete worldwide approval registry; formulation/combination/historical limits retained.
aclidinium,RESPIRATORY,COPD维持治疗；不据此扩展急性救援,LABEL_REVIEWED,https://dailymed.nlm.nih.gov/dailymed/drugInfo.cfm?setid=6f92cceb-a63f-4470-99b6-56179d98f10f,已逐药阅读所抓indications；抓取上限/制剂/地区差异使本表不是完整全球获批历史。疾病领域是人工保守归类；不含副作用及明确不适用项。,Reviewed retrieved official-label/regulatory material; not a complete worldwide approval registry; formulation/combination/historical limits retained.
alpelisib,ONCOLOGY;MUSCULOSKELETAL_CONNECTIVE;DERMATOLOGIC;CARDIOVASCULAR,特定PIK3CA突变HR阳性HER2阴性乳癌联合治疗；另有需系统治疗的严重PROS过度生长谱,EXTERNAL_REVIEWED,https://dailymed.nlm.nih.gov/dailymed/drugInfo.cfm?setid=b20b4e18-7a4b-4500-a08f-06c6dab0ee5b;https://dailymed.nlm.nih.gov/dailymed/drugInfo.cfm?setid=638069a4-aee0-46c9-9e21-54ad449c163c;https://www.accessdata.fda.gov/drugsatfda_docs/nda/2022/215039Orig1s000MultidisciplineR.pdf,已逐药阅读所抓indications；抓取上限/制剂/地区差异使本表不是完整全球获批历史。疾病领域是人工保守归类；不含副作用及明确不适用项。PROS没有独立先天发育宏类，依原始监管描述保守映射骨/软组织、皮肤、血管；不是这些领域任意疾病获批。,Reviewed retrieved official-label/regulatory material; not a complete worldwide approval registry; formulation/combination/historical limits retained.
amantadine,INFECTION;NEURO_PSYCHIATRIC,历史标签甲流预防/治疗；帕金森综合征及药源性锥体外系症状,LABEL_REVIEWED,https://dailymed.nlm.nih.gov/dailymed/drugInfo.cfm?setid=5119801d-a5cb-4adf-96b2-08cc3a0ba594;https://dailymed.nlm.nih.gov/dailymed/drugInfo.cfm?setid=547904f3-84a3-1ccb-e063-6294a90a6fb6;https://dailymed.nlm.nih.gov/dailymed/drugInfo.cfm?setid=da693bb0-0cc8-485d-89a7-c8cf28d440f3;https://dailymed.nlm.nih.gov/dailymed/drugInfo.cfm?setid=6326d7f5-4c7c-4541-8db1-c582f1525f60,已逐药阅读所抓indications；抓取上限/制剂/地区差异使本表不是完整全球获批历史。疾病领域是人工保守归类；不含副作用及明确不适用项。流感保留注册历史，未作当代流感用药推荐。,Reviewed retrieved official-label/regulatory material; not a complete worldwide approval registry; formulation/combination/historical limits retained.
anastrozole,ONCOLOGY,绝经后特定激素受体状态乳癌辅助、一线及进展后治疗,LABEL_REVIEWED,https://dailymed.nlm.nih.gov/dailymed/drugInfo.cfm?setid=1d1d5818-1594-4f54-90a9-ae9a9afcdc67;https://dailymed.nlm.nih.gov/dailymed/drugInfo.cfm?setid=54da5c12-cfaf-7a14-e063-6394a90a3635;https://dailymed.nlm.nih.gov/dailymed/drugInfo.cfm?setid=58390d1f-7390-a21f-e063-6294a90a0479;https://dailymed.nlm.nih.gov/dailymed/drugInfo.cfm?setid=aabd8f88-2b52-4d43-8dc6-61605988c4dc,已逐药阅读所抓indications；抓取上限/制剂/地区差异使本表不是完整全球获批历史。疾病领域是人工保守归类；不含副作用及明确不适用项。,Reviewed retrieved official-label/regulatory material; not a complete worldwide approval registry; formulation/combination/historical limits retained.
apomorphine,NEURO_PSYCHIATRIC,晚期帕金森病运动波动和off发作,LABEL_REVIEWED,https://dailymed.nlm.nih.gov/dailymed/drugInfo.cfm?setid=f3552b6e-5ae7-4993-aa1a-e399c4a7080a;https://dailymed.nlm.nih.gov/dailymed/drugInfo.cfm?setid=aedf70e4-1949-44bc-bf1b-0f282c4f0705,已逐药阅读所抓indications；抓取上限/制剂/地区差异使本表不是完整全球获批历史。疾病领域是人工保守归类；不含副作用及明确不适用项。,Reviewed retrieved official-label/regulatory material; not a complete worldwide approval registry; formulation/combination/historical limits retained.
arformoterol,RESPIRATORY,COPD支气管收缩长期维持；标签明确不用于哮喘或急性恶化,LABEL_REVIEWED,https://dailymed.nlm.nih.gov/dailymed/drugInfo.cfm?setid=bb1a6643-f280-4f02-a824-0428a2b82d3c;https://dailymed.nlm.nih.gov/dailymed/drugInfo.cfm?setid=f1005878-0c48-4b9a-843e-b6cf6b8bb251;https://dailymed.nlm.nih.gov/dailymed/drugInfo.cfm?setid=e9eb1ac7-57aa-4ef8-aac3-14def5b883d0;https://dailymed.nlm.nih.gov/dailymed/drugInfo.cfm?setid=f2feda53-54b9-4e40-8a01-9e7b45cb3d8c,已逐药阅读所抓indications；抓取上限/制剂/地区差异使本表不是完整全球获批历史。疾病领域是人工保守归类；不含副作用及明确不适用项。,Reviewed retrieved official-label/regulatory material; not a complete worldwide approval registry; formulation/combination/historical limits retained.
articaine,NEURO_PSYCHIATRIC,含肾上腺素制剂用于牙科局部浸润/传导麻醉,EXTERNAL_REVIEWED,https://dailymed.nlm.nih.gov/dailymed/drugInfo.cfm?setid=c4bba4ab-2b20-43e6-92ea-9ec6f1fce754,已逐药阅读所抓indications；抓取上限/制剂/地区差异使本表不是完整全球获批历史。疾病领域是人工保守归类；不含副作用及明确不适用项。复方牙科局麻，神经宏类仅代表麻醉症状干预，非神经变性治疗。,Reviewed retrieved official-label/regulatory material; not a complete worldwide approval registry; formulation/combination/historical limits retained.
atrasentan,RENAL_URINARY;IMMUNE_INFLAMMATORY,高进展风险原发IgA肾病降低蛋白尿；未证实减缓肾功能下降,LABEL_REVIEWED,https://dailymed.nlm.nih.gov/dailymed/drugInfo.cfm?setid=9a7e7f85-bfd0-44a0-beda-3bcfa8215c64,已逐药阅读所抓indications；抓取上限/制剂/地区差异使本表不是完整全球获批历史。疾病领域是人工保守归类；不含副作用及明确不适用项。,Reviewed retrieved official-label/regulatory material; not a complete worldwide approval registry; formulation/combination/historical limits retained.
baclofen,NEURO_PSYCHIATRIC,MS或脊髓疾病相关痉挛症状；不把风湿性肌痉挛和未获证实的卒中用途计入,LABEL_REVIEWED,https://dailymed.nlm.nih.gov/dailymed/drugInfo.cfm?setid=4e2cd27d-91c7-4f15-96cc-3971769dbeaa;https://dailymed.nlm.nih.gov/dailymed/drugInfo.cfm?setid=c2e1d183-7061-459b-a631-206b06d12753;https://dailymed.nlm.nih.gov/dailymed/drugInfo.cfm?setid=aeb56b0e-7126-4417-b726-e8a54f73de3f;https://dailymed.nlm.nih.gov/dailymed/drugInfo.cfm?setid=c17527be-661d-42f5-b6f6-56a681ba7870,已逐药阅读所抓indications；抓取上限/制剂/地区差异使本表不是完整全球获批历史。疾病领域是人工保守归类；不含副作用及明确不适用项。,Reviewed retrieved official-label/regulatory material; not a complete worldwide approval registry; formulation/combination/historical limits retained.
bazedoxifene,ENDOCRINE_METABOLIC_REPRODUCTIVE;MUSCULOSKELETAL_CONNECTIVE,美国结合雌激素复方治疗绝经血管舒缩症状/预防骨质疏松；欧盟单药治疗绝经后骨质疏松,EXTERNAL_REVIEWED,https://dailymed.nlm.nih.gov/dailymed/drugInfo.cfm?setid=e16705d8-4472-4f83-96ac-69fa2be066cb;https://www.ema.europa.eu/en/medicines/human/EPAR/conbriza,已逐药阅读所抓indications；抓取上限/制剂/地区差异使本表不是完整全球获批历史。疾病领域是人工保守归类；不含副作用及明确不适用项。抓取误标single-drug，实际DUAVEE为复方；另查欧盟单药。,Reviewed retrieved official-label/regulatory material; not a complete worldwide approval registry; formulation/combination/historical limits retained.
benoxinate,EYE_ENT,与荧光素复方用于需要示踪及局部眼麻醉的眼科操作,EXTERNAL_REVIEWED,https://dailymed.nlm.nih.gov/dailymed/drugInfo.cfm?setid=1797c5ef-66c4-4cf8-b62d-b484242be2ee,已逐药阅读所抓indications；抓取上限/制剂/地区差异使本表不是完整全球获批历史。疾病领域是人工保守归类；不含副作用及明确不适用项。复方示踪/麻醉，不作眼病治疗。,Reviewed retrieved official-label/regulatory material; not a complete worldwide approval registry; formulation/combination/historical limits retained.
binimetinib,ONCOLOGY,BRAF特定突变黑色素瘤和NSCLC联合encorafenib治疗,LABEL_REVIEWED,https://dailymed.nlm.nih.gov/dailymed/drugInfo.cfm?setid=6c3408ac-d401-4925-8a03-26591afbc240,已逐药阅读所抓indications；抓取上限/制剂/地区差异使本表不是完整全球获批历史。疾病领域是人工保守归类；不含副作用及明确不适用项。,Reviewed retrieved official-label/regulatory material; not a complete worldwide approval registry; formulation/combination/historical limits retained.
brivaracetam,NEURO_PSYCHIATRIC,局灶起始癫痫发作,LABEL_REVIEWED,https://dailymed.nlm.nih.gov/dailymed/drugInfo.cfm?setid=3cf2f439-0e97-443e-8e33-25ecef616f6c;https://dailymed.nlm.nih.gov/dailymed/drugInfo.cfm?setid=11ca0e1d-1c0d-4357-9ebd-ee1e87185dde;https://dailymed.nlm.nih.gov/dailymed/drugInfo.cfm?setid=57cfb2c3-395d-0892-e063-6294a90a1064;https://dailymed.nlm.nih.gov/dailymed/drugInfo.cfm?setid=49f726ec-e51b-7516-e063-6294a90ae684,已逐药阅读所抓indications；抓取上限/制剂/地区差异使本表不是完整全球获批历史。疾病领域是人工保守归类；不含副作用及明确不适用项。,Reviewed retrieved official-label/regulatory material; not a complete worldwide approval registry; formulation/combination/historical limits retained.
cabotegravir,INFECTION,HIV暴露前预防及特定已抑制患者联合rilpivirine短期治疗/注射前导或桥接,LABEL_REVIEWED,https://dailymed.nlm.nih.gov/dailymed/drugInfo.cfm?setid=4338428e-43d4-4e02-ac9d-bd98e738a7da;https://dailymed.nlm.nih.gov/dailymed/drugInfo.cfm?setid=66d450fb-cca4-476c-b0c7-c0730e3e4cf3,已逐药阅读所抓indications；抓取上限/制剂/地区差异使本表不是完整全球获批历史。疾病领域是人工保守归类；不含副作用及明确不适用项。,Reviewed retrieved official-label/regulatory material; not a complete worldwide approval registry; formulation/combination/historical limits retained.
carbinoxamine,IMMUNE_INFLAMMATORY;EYE_ENT;DERMATOLOGIC,过敏性/血管运动性鼻炎、过敏结膜炎、荨麻疹/血管水肿/皮肤划痕；过敏反应和输血过敏辅助,LABEL_REVIEWED,https://dailymed.nlm.nih.gov/dailymed/drugInfo.cfm?setid=199f46e5-6288-5627-e063-6294a90ae086;https://dailymed.nlm.nih.gov/dailymed/drugInfo.cfm?setid=c40b3f4e-2d71-41a1-a1fc-f64f38724879;https://dailymed.nlm.nih.gov/dailymed/drugInfo.cfm?setid=163db29b-f035-6696-e063-6294a90a7e06;https://dailymed.nlm.nih.gov/dailymed/drugInfo.cfm?setid=14266e97-674b-b6a9-37a2-a955f0a01c4f,已逐药阅读所抓indications；抓取上限/制剂/地区差异使本表不是完整全球获批历史。疾病领域是人工保守归类；不含副作用及明确不适用项。,Reviewed retrieved official-label/regulatory material; not a complete worldwide approval registry; formulation/combination/historical limits retained.
choline fenofibrate;fenofibrate,ENDOCRINE_METABOLIC_REPRODUCTIVE,高胆固醇/混合血脂异常和重度高甘油三酯血症,EXTERNAL_REVIEWED,https://dailymed.nlm.nih.gov/dailymed/drugInfo.cfm?setid=84b2af1b-365e-4723-ac5f-bc826ec47772,已逐药阅读所抓indications；抓取上限/制剂/地区差异使本表不是完整全球获批历史。疾病领域是人工保守归类；不含副作用及明确不适用项。合并名可能混入fenofibric acid胆碱盐和fenofibrate酯；仅原用途领域可判定，精确试验物种另核。,Reviewed retrieved official-label/regulatory material; not a complete worldwide approval registry; formulation/combination/historical limits retained.
clobazam,NEURO_PSYCHIATRIC,Lennox-Gastaut综合征相关癫痫辅助,LABEL_REVIEWED,https://dailymed.nlm.nih.gov/dailymed/drugInfo.cfm?setid=fd1e63bf-496c-427c-83b7-6acabc00a5e5;https://dailymed.nlm.nih.gov/dailymed/drugInfo.cfm?setid=07e0ae51-cc71-427f-83cb-311b7fcc5993;https://dailymed.nlm.nih.gov/dailymed/drugInfo.cfm?setid=6783eaa8-e236-4957-aaa9-b42bf8e709a7;https://dailymed.nlm.nih.gov/dailymed/drugInfo.cfm?setid=721dde68-db83-4dad-8649-8046cb455372,已逐药阅读所抓indications；抓取上限/制剂/地区差异使本表不是完整全球获批历史。疾病领域是人工保守归类；不含副作用及明确不适用项。,Reviewed retrieved official-label/regulatory material; not a complete worldwide approval registry; formulation/combination/historical limits retained.
colchicine,ENDOCRINE_METABOLIC_REPRODUCTIVE;MUSCULOSKELETAL_CONNECTIVE;IMMUNE_INFLAMMATORY;CARDIOVASCULAR,痛风发作预防/治疗、家族性地中海热；LODOCO心脑血管事件及死亡风险降低,LABEL_REVIEWED,https://dailymed.nlm.nih.gov/dailymed/drugInfo.cfm?setid=5a0b4246-e7dd-29e5-e063-6294a90a2871;https://dailymed.nlm.nih.gov/dailymed/drugInfo.cfm?setid=ac12e420-9f29-018e-e053-2a95a90ab612;https://dailymed.nlm.nih.gov/dailymed/drugInfo.cfm?setid=ff06d68f-d65f-d097-e053-6294a90a7e5f;https://dailymed.nlm.nih.gov/dailymed/drugInfo.cfm?setid=5c1ceff7-8f00-48cc-8ea4-678106455ff1,已逐药阅读所抓indications；抓取上限/制剂/地区差异使本表不是完整全球获批历史。疾病领域是人工保守归类；不含副作用及明确不适用项。,Reviewed retrieved official-label/regulatory material; not a complete worldwide approval registry; formulation/combination/historical limits retained.
crisaborole,DERMATOLOGIC;IMMUNE_INFLAMMATORY,轻中度特应性皮炎局部治疗,LABEL_REVIEWED,https://dailymed.nlm.nih.gov/dailymed/drugInfo.cfm?setid=609b77de-1ca3-4783-b8f5-01a9c0f1d77d,已逐药阅读所抓indications；抓取上限/制剂/地区差异使本表不是完整全球获批历史。疾病领域是人工保守归类；不含副作用及明确不适用项。,Reviewed retrieved official-label/regulatory material; not a complete worldwide approval registry; formulation/combination/historical limits retained.
darunavir,INFECTION,与ritonavir及其他抗逆转录病毒药合用治疗HIV,LABEL_REVIEWED,https://dailymed.nlm.nih.gov/dailymed/drugInfo.cfm?setid=e80e44f8-1987-4b78-a63d-a4e4d5122ddb;https://dailymed.nlm.nih.gov/dailymed/drugInfo.cfm?setid=42cc1b58-2660-f0be-e063-6394a90abe4c;https://dailymed.nlm.nih.gov/dailymed/drugInfo.cfm?setid=56daf67e-7501-4cd5-be22-566d7997d42e;https://dailymed.nlm.nih.gov/dailymed/drugInfo.cfm?setid=814301f9-c990-46a5-b481-2879a521a16f,已逐药阅读所抓indications；抓取上限/制剂/地区差异使本表不是完整全球获批历史。疾病领域是人工保守归类；不含副作用及明确不适用项。,Reviewed retrieved official-label/regulatory material; not a complete worldwide approval registry; formulation/combination/historical limits retained.
desoximetasone,DERMATOLOGIC;IMMUNE_INFLAMMATORY,糖皮质激素敏感皮肤病炎症/瘙痒,LABEL_REVIEWED,https://dailymed.nlm.nih.gov/dailymed/drugInfo.cfm?setid=827aee22-cf48-477c-8791-c74f16da954d;https://dailymed.nlm.nih.gov/dailymed/drugInfo.cfm?setid=c84c7168-3d46-4e05-a25c-3d594ff94268;https://dailymed.nlm.nih.gov/dailymed/drugInfo.cfm?setid=54743c9d-badd-47ce-bf86-6a8c398f7f07;https://dailymed.nlm.nih.gov/dailymed/drugInfo.cfm?setid=fdee36f3-7630-4298-ab7c-f5f8ff7c4c04,已逐药阅读所抓indications；抓取上限/制剂/地区差异使本表不是完整全球获批历史。疾病领域是人工保守归类；不含副作用及明确不适用项。,Reviewed retrieved official-label/regulatory material; not a complete worldwide approval registry; formulation/combination/historical limits retained.
deutivacaftor;ivacaftor,RESPIRATORY,符合CFTR变异条件的囊性纤维化；deutivacaftor为ALYFTREK复方成分，ivacaftor另有单药KALYDECO,EXTERNAL_REVIEWED,https://dailymed.nlm.nih.gov/dailymed/drugInfo.cfm?setid=7e635909-c6fd-4f0d-ae77-cdff03653a20;https://dailymed.nlm.nih.gov/dailymed/drugInfo.cfm?setid=0ab0c9f8-3eee-4e0f-9f3f-c1e16aaffe25,已逐药阅读所抓indications；抓取上限/制剂/地区差异使本表不是完整全球获批历史。疾病领域是人工保守归类；不含副作用及明确不适用项。氘代体与非氘代体不可自动合一；仅两者囊性纤维化原领域均明确。,Reviewed retrieved official-label/regulatory material; not a complete worldwide approval registry; formulation/combination/historical limits retained.
dextromethorphan,RESPIRATORY;NEURO_PSYCHIATRIC,单药镇咳；与quinidine复方治疗假性延髓情感；与bupropion复方治疗MDD及AD痴呆相关激越,EXTERNAL_REVIEWED,https://dailymed.nlm.nih.gov/dailymed/drugInfo.cfm?setid=47b713bd-4c1e-f44a-e063-6294a90a63d3;https://dailymed.nlm.nih.gov/dailymed/fda/fdaDrugXsl.cfm?setid=dcefda7c-9a68-278e-e053-2995a90aec79;https://dailymed.nlm.nih.gov/dailymed/fda/fdaDrugXsl.cfm?setid=484e0918-3442-49dc-8ccf-177f1f3ee9f3,已逐药阅读所抓indications；抓取上限/制剂/地区差异使本表不是完整全球获批历史。疾病领域是人工保守归类；不含副作用及明确不适用项。区分OTC单药与神经复方；复方适应症不等于单药获批。,Reviewed retrieved official-label/regulatory material; not a complete worldwide approval registry; formulation/combination/historical limits retained.
diltiazem,CARDIOVASCULAR,高血压、慢性稳定/冠痉挛心绞痛；注射用于房颤/房扑心率控制及PSVT转复,LABEL_REVIEWED,https://dailymed.nlm.nih.gov/dailymed/drugInfo.cfm?setid=5a0f67ad-17d8-a3f4-e063-6394a90afb32;https://dailymed.nlm.nih.gov/dailymed/drugInfo.cfm?setid=fc02db0f-5311-4b61-896e-bfe340832735;https://dailymed.nlm.nih.gov/dailymed/drugInfo.cfm?setid=59464700-f7f1-6ab0-e063-6394a90aa778;https://dailymed.nlm.nih.gov/dailymed/drugInfo.cfm?setid=c567fe7e-887e-4291-a0d1-2dd3f25cbf25,已逐药阅读所抓indications；抓取上限/制剂/地区差异使本表不是完整全球获批历史。疾病领域是人工保守归类；不含副作用及明确不适用项。,Reviewed retrieved official-label/regulatory material; not a complete worldwide approval registry; formulation/combination/historical limits retained.
donepezil,NEURO_PSYCHIATRIC,轻中重度阿尔茨海默型痴呆,LABEL_REVIEWED,https://dailymed.nlm.nih.gov/dailymed/drugInfo.cfm?setid=0516d548-db9b-410a-aec9-79aedbc3f6e9;https://dailymed.nlm.nih.gov/dailymed/drugInfo.cfm?setid=a085ed33-c262-44ab-e053-2a95a90a5557;https://dailymed.nlm.nih.gov/dailymed/drugInfo.cfm?setid=c942a4c9-dbe5-4131-bb6c-aa2d31b387e7;https://dailymed.nlm.nih.gov/dailymed/drugInfo.cfm?setid=8138f616-83f3-4c47-84ef-1bce2db339f7,已逐药阅读所抓indications；抓取上限/制剂/地区差异使本表不是完整全球获批历史。疾病领域是人工保守归类；不含副作用及明确不适用项。,Reviewed retrieved official-label/regulatory material; not a complete worldwide approval registry; formulation/combination/historical limits retained.
dronabinol,GASTROINTESTINAL;ONCOLOGY;INFECTION,AIDS相关厌食体重下降及难治化疗恶心呕吐的支持治疗；不治疗HIV或癌症本体,LABEL_REVIEWED,https://dailymed.nlm.nih.gov/dailymed/drugInfo.cfm?setid=fd8c5d57-0173-4f62-8ff0-d8147986a976;https://dailymed.nlm.nih.gov/dailymed/drugInfo.cfm?setid=adb1801c-0fb5-4e16-b969-1db91230e0b9;https://dailymed.nlm.nih.gov/dailymed/drugInfo.cfm?setid=a7801c70-995d-46a2-91ee-141ef427c6b5;https://dailymed.nlm.nih.gov/dailymed/drugInfo.cfm?setid=66f36fe0-9808-4b73-a99a-794d86ff0c1c,已逐药阅读所抓indications；抓取上限/制剂/地区差异使本表不是完整全球获批历史。疾病领域是人工保守归类；不含副作用及明确不适用项。ONCOLOGY/INFECTION仅支持治疗场景，不是癌症/病毒病直接治疗。,Reviewed retrieved official-label/regulatory material; not a complete worldwide approval registry; formulation/combination/historical limits retained.
duvelisib,ONCOLOGY,经至少两线治疗的复发难治CLL/SLL；不将标签明确不推荐的一/二线计入,LABEL_REVIEWED,https://dailymed.nlm.nih.gov/dailymed/drugInfo.cfm?setid=e3c5ac56-e1f6-473a-bc73-687836534780,已逐药阅读所抓indications；抓取上限/制剂/地区差异使本表不是完整全球获批历史。疾病领域是人工保守归类；不含副作用及明确不适用项。,Reviewed retrieved official-label/regulatory material; not a complete worldwide approval registry; formulation/combination/historical limits retained.
elexacaftor,RESPIRATORY,TRIKAFTA复方治疗符合CFTR条件的囊性纤维化,EXTERNAL_REVIEWED,https://dailymed.nlm.nih.gov/dailymed/fda/fdaDrugXsl.cfm?setid=f354423a-85c2-41c3-a9db-0f3aee135d8d&type=display,已逐药阅读所抓indications；抓取上限/制剂/地区差异使本表不是完整全球获批历史。疾病领域是人工保守归类；不含副作用及明确不适用项。仅复方成分；不能声称单药获批治疗CF。,Reviewed retrieved official-label/regulatory material; not a complete worldwide approval registry; formulation/combination/historical limits retained.
enasidenib,ONCOLOGY,IDH2突变复发难治AML,LABEL_REVIEWED,https://dailymed.nlm.nih.gov/dailymed/drugInfo.cfm?setid=a5b4cdf0-3fa8-4c6c-80f6-8d8a00e3a5b6,已逐药阅读所抓indications；抓取上限/制剂/地区差异使本表不是完整全球获批历史。疾病领域是人工保守归类；不含副作用及明确不适用项。,Reviewed retrieved official-label/regulatory material; not a complete worldwide approval registry; formulation/combination/historical limits retained.
esketamine,NEURO_PSYCHIATRIC,难治抑郁及伴急性自杀意念/行为的MDD抑郁症状；不是已证实自杀预防，也非标签麻醉,LABEL_REVIEWED,https://dailymed.nlm.nih.gov/dailymed/drugInfo.cfm?setid=d81a6a79-a74a-44b7-822c-0dfa3036eaed,已逐药阅读所抓indications；抓取上限/制剂/地区差异使本表不是完整全球获批历史。疾病领域是人工保守归类；不含副作用及明确不适用项。,Reviewed retrieved official-label/regulatory material; not a complete worldwide approval registry; formulation/combination/historical limits retained.
etravirine,INFECTION,经治HIV患者联合抗逆转录病毒治疗,LABEL_REVIEWED,https://dailymed.nlm.nih.gov/dailymed/drugInfo.cfm?setid=ea3856f6-fedf-ee88-e053-2a95a90a33ce;https://dailymed.nlm.nih.gov/dailymed/drugInfo.cfm?setid=458bb39e-2e87-b4b4-e063-6394a90ae867;https://dailymed.nlm.nih.gov/dailymed/drugInfo.cfm?setid=4e009f19-4609-4020-bee1-dc27c504046c;https://dailymed.nlm.nih.gov/dailymed/drugInfo.cfm?setid=50ca19cb-0f43-4d7b-8c9e-8b3aaded0546,已逐药阅读所抓indications；抓取上限/制剂/地区差异使本表不是完整全球获批历史。疾病领域是人工保守归类；不含副作用及明确不适用项。,Reviewed retrieved official-label/regulatory material; not a complete worldwide approval registry; formulation/combination/historical limits retained.
flunisolide,EYE_ENT;RESPIRATORY;IMMUNE_INFLAMMATORY,季节/常年鼻炎鼻部症状；AEROSPAN历史标签哮喘维持及减少口服激素需求,EXTERNAL_REVIEWED,https://dailymed.nlm.nih.gov/dailymed/drugInfo.cfm?setid=50d87523-e1fb-4342-825f-9dba972c6a25;https://dailymed.nlm.nih.gov/dailymed/drugInfo.cfm?setid=f39cae46-c68f-47ef-82f3-4fd3dd46c74c;https://www.accessdata.fda.gov/drugsatfda_docs/label/2018/021247s017lbl.pdf,已逐药阅读所抓indications；抓取上限/制剂/地区差异使本表不是完整全球获批历史。疾病领域是人工保守归类；不含副作用及明确不适用项。补核历史吸入哮喘标签，未声明当前销售状态。,Reviewed retrieved official-label/regulatory material; not a complete worldwide approval registry; formulation/combination/historical limits retained.
furosemide,CARDIOVASCULAR;RENAL_URINARY;GASTROINTESTINAL;RESPIRATORY,心衰/肝硬化/肾病相关水肿、高血压；急性肺水肿辅助，非各器官原病通用治疗,LABEL_REVIEWED,https://dailymed.nlm.nih.gov/dailymed/drugInfo.cfm?setid=dba00759-87b4-4ecf-998e-ba03ed3d2f1a;https://dailymed.nlm.nih.gov/dailymed/drugInfo.cfm?setid=58cc1e38-6000-1489-e063-6394a90a5978;https://dailymed.nlm.nih.gov/dailymed/drugInfo.cfm?setid=7cdcd001-ab4b-4210-a455-2e17a7bc4972;https://dailymed.nlm.nih.gov/dailymed/drugInfo.cfm?setid=3d312ab0-589c-427b-84da-18887244bfc9,已逐药阅读所抓indications；抓取上限/制剂/地区差异使本表不是完整全球获批历史。疾病领域是人工保守归类；不含副作用及明确不适用项。,Reviewed retrieved official-label/regulatory material; not a complete worldwide approval registry; formulation/combination/historical limits retained.
gepirone,NEURO_PSYCHIATRIC,成人MDD,LABEL_REVIEWED,https://dailymed.nlm.nih.gov/dailymed/drugInfo.cfm?setid=0c78edd8-6acb-433c-9d34-2527da8d64e1,已逐药阅读所抓indications；抓取上限/制剂/地区差异使本表不是完整全球获批历史。疾病领域是人工保守归类；不含副作用及明确不适用项。,Reviewed retrieved official-label/regulatory material; not a complete worldwide approval registry; formulation/combination/historical limits retained.
glimepiride,ENDOCRINE_METABOLIC_REPRODUCTIVE,成人2型糖尿病血糖控制；不包括1型及酮症酸中毒,LABEL_REVIEWED,https://dailymed.nlm.nih.gov/dailymed/drugInfo.cfm?setid=fc9d8495-184c-3af1-e053-6394a90a5e29;https://dailymed.nlm.nih.gov/dailymed/drugInfo.cfm?setid=9e863f84-d6f2-4d61-8250-774569e84353;https://dailymed.nlm.nih.gov/dailymed/drugInfo.cfm?setid=cc2bc07f-3fab-4df1-85cc-dc0c8e60b4fa;https://dailymed.nlm.nih.gov/dailymed/drugInfo.cfm?setid=744a5cca-7863-491a-b43a-1b649791702c,已逐药阅读所抓indications；抓取上限/制剂/地区差异使本表不是完整全球获批历史。疾病领域是人工保守归类；不含副作用及明确不适用项。,Reviewed retrieved official-label/regulatory material; not a complete worldwide approval registry; formulation/combination/historical limits retained.
hydroxychloroquine,INFECTION;IMMUNE_INFLAMMATORY;MUSCULOSKELETAL_CONNECTIVE;DERMATOLOGIC,敏感疟原虫疟疾治疗/预防；类风湿关节炎、系统性及盘状红斑狼疮,LABEL_REVIEWED,https://dailymed.nlm.nih.gov/dailymed/drugInfo.cfm?setid=ebe00e35-ed3d-40f4-9a93-a37b0da01ddb;https://dailymed.nlm.nih.gov/dailymed/drugInfo.cfm?setid=da435181-0c5a-4188-8d59-51234116b005;https://dailymed.nlm.nih.gov/dailymed/drugInfo.cfm?setid=68d6439d-b927-47e6-86ef-20e572e81941;https://dailymed.nlm.nih.gov/dailymed/drugInfo.cfm?setid=6971241c-8323-456e-91a4-a404a9e100de,已逐药阅读所抓indications；抓取上限/制剂/地区差异使本表不是完整全球获批历史。疾病领域是人工保守归类；不含副作用及明确不适用项。,Reviewed retrieved official-label/regulatory material; not a complete worldwide approval registry; formulation/combination/historical limits retained.
imipenem,INFECTION,与cilastatin合用治疗敏感菌严重感染,EXTERNAL_REVIEWED,https://dailymed.nlm.nih.gov/dailymed/drugInfo.cfm?setid=f41d8abd-7792-4918-1b93-bd83ea01955e,已逐药阅读所抓indications；抓取上限/制剂/地区差异使本表不是完整全球获批历史。疾病领域是人工保守归类；不含副作用及明确不适用项。cilastatin复方，不能将协同给药要求删除。,Reviewed retrieved official-label/regulatory material; not a complete worldwide approval registry; formulation/combination/historical limits retained.
indapamide,CARDIOVASCULAR,高血压、充血心衰盐水潴留；不把正常妊娠水肿/子痫预防记作常规用途,LABEL_REVIEWED,https://dailymed.nlm.nih.gov/dailymed/drugInfo.cfm?setid=59cd3331-7afe-432a-8b50-39533fd5f392;https://dailymed.nlm.nih.gov/dailymed/drugInfo.cfm?setid=25b5bb79-400d-e266-e063-6394a90abfd8;https://dailymed.nlm.nih.gov/dailymed/drugInfo.cfm?setid=0687ed93-4761-4f9c-887d-95309c03f60e,已逐药阅读所抓indications；抓取上限/制剂/地区差异使本表不是完整全球获批历史。疾病领域是人工保守归类；不含副作用及明确不适用项。,Reviewed retrieved official-label/regulatory material; not a complete worldwide approval registry; formulation/combination/historical limits retained.
ivosidenib,ONCOLOGY,特定IDH1突变AML、MDS及经治胆管癌,LABEL_REVIEWED,https://dailymed.nlm.nih.gov/dailymed/drugInfo.cfm?setid=65d254c0-67ad-42c4-b972-ad463b755b2d,已逐药阅读所抓indications；抓取上限/制剂/地区差异使本表不是完整全球获批历史。疾病领域是人工保守归类；不含副作用及明确不适用项。,Reviewed retrieved official-label/regulatory material; not a complete worldwide approval registry; formulation/combination/historical limits retained.
labetalol,CARDIOVASCULAR,高血压/严重高血压控制；风险管理中的糖尿病等不是本药适应症,LABEL_REVIEWED,https://dailymed.nlm.nih.gov/dailymed/drugInfo.cfm?setid=e2e50571-d8c1-43e7-b90f-877ba1c35c9b;https://dailymed.nlm.nih.gov/dailymed/drugInfo.cfm?setid=5954cc5c-3e73-e039-e063-6394a90a7d6a;https://dailymed.nlm.nih.gov/dailymed/drugInfo.cfm?setid=abfc6b75-1ed5-41f1-0484-4597488237bc;https://dailymed.nlm.nih.gov/dailymed/drugInfo.cfm?setid=30281c4d-2fd1-167a-e063-6294a90a77c4,已逐药阅读所抓indications；抓取上限/制剂/地区差异使本表不是完整全球获批历史。疾病领域是人工保守归类；不含副作用及明确不适用项。,Reviewed retrieved official-label/regulatory material; not a complete worldwide approval registry; formulation/combination/historical limits retained.
larotrectinib,ONCOLOGY,符合NTRK融合及晚期/手术代价等条件的实体瘤，不按器官拆跨类,LABEL_REVIEWED,https://dailymed.nlm.nih.gov/dailymed/drugInfo.cfm?setid=0c8ca614-58b2-4aa4-83d3-0387a8f782fd;https://dailymed.nlm.nih.gov/dailymed/drugInfo.cfm?setid=9525f887-a055-4e33-8e92-898d42828cd1,已逐药阅读所抓indications；抓取上限/制剂/地区差异使本表不是完整全球获批历史。疾病领域是人工保守归类；不含副作用及明确不适用项。,Reviewed retrieved official-label/regulatory material; not a complete worldwide approval registry; formulation/combination/historical limits retained.
lesinurad,ENDOCRINE_METABOLIC_REPRODUCTIVE;MUSCULOSKELETAL_CONNECTIVE,与黄嘌呤氧化酶抑制剂联合治疗未达标的痛风高尿酸血症,EXTERNAL_REVIEWED,https://www.accessdata.fda.gov/drugsatfda_docs/label/2015/207988lbl.pdf,已逐药阅读所抓indications；抓取上限/制剂/地区差异使本表不是完整全球获批历史。疾病领域是人工保守归类；不含副作用及明确不适用项。历史2015获批用途；未据此断言现仍在售。,Reviewed retrieved official-label/regulatory material; not a complete worldwide approval registry; formulation/combination/historical limits retained.
lidocaine,NEURO_PSYCHIATRIC;CARDIOVASCULAR,局部/区域/黏膜麻醉及局部镇痛；静脉用于急性室性心律失常,EXTERNAL_REVIEWED,https://dailymed.nlm.nih.gov/dailymed/drugInfo.cfm?setid=6f8d20d2-6a91-4a5b-bfe8-f1baada38442;https://dailymed.nlm.nih.gov/dailymed/drugInfo.cfm?setid=1986c302-82a0-95a9-e063-6294a90a3339;https://dailymed.nlm.nih.gov/dailymed/drugInfo.cfm?setid=9920daef-b156-4a14-b641-f714191ffb5c;https://dailymed.nlm.nih.gov/dailymed/drugInfo.cfm?setid=dfef4554-aeb4-4bdf-9557-648d3e84af3c;https://dailymed.nlm.nih.gov/dailymed/fda/fdaDrugXsl.cfm?setid=6947af02-f4e0-7f9c-e053-2a91aa0a45cd,已逐药阅读所抓indications；抓取上限/制剂/地区差异使本表不是完整全球获批历史。疾病领域是人工保守归类；不含副作用及明确不适用项。,Reviewed retrieved official-label/regulatory material; not a complete worldwide approval registry; formulation/combination/historical limits retained.
lisinopril,CARDIOVASCULAR,高血压、收缩性心衰辅助、急性心梗降低死亡；卒中风险降低属CV收益,LABEL_REVIEWED,https://dailymed.nlm.nih.gov/dailymed/drugInfo.cfm?setid=34bb4602-ccff-4939-91b9-26a63bfd40f7;https://dailymed.nlm.nih.gov/dailymed/drugInfo.cfm?setid=0e6364a4-6d66-4151-8197-d45e2a762895;https://dailymed.nlm.nih.gov/dailymed/drugInfo.cfm?setid=6051cc96-86e0-bd0b-e053-2a91aa0a5dcf;https://dailymed.nlm.nih.gov/dailymed/drugInfo.cfm?setid=42f49299-7ae5-4d30-86eb-66b739c0e95d,已逐药阅读所抓indications；抓取上限/制剂/地区差异使本表不是完整全球获批历史。疾病领域是人工保守归类；不含副作用及明确不适用项。,Reviewed retrieved official-label/regulatory material; not a complete worldwide approval registry; formulation/combination/historical limits retained.
losartan,CARDIOVASCULAR;RENAL_URINARY;ENDOCRINE_METABOLIC_REPRODUCTIVE,高血压、特定高血压伴左室肥厚卒中风险降低、2型糖尿病肾病,LABEL_REVIEWED,https://dailymed.nlm.nih.gov/dailymed/drugInfo.cfm?setid=a397502e-abe7-49cf-97c7-d53a616947eb;https://dailymed.nlm.nih.gov/dailymed/drugInfo.cfm?setid=021cd76a-b093-4704-8410-5e7d01e20a54;https://dailymed.nlm.nih.gov/dailymed/drugInfo.cfm?setid=e136356b-e4d2-4e00-a409-35825c5637c9;https://dailymed.nlm.nih.gov/dailymed/drugInfo.cfm?setid=c43e9dc6-2c8a-47d7-b40d-eb55dfe11a51,已逐药阅读所抓indications；抓取上限/制剂/地区差异使本表不是完整全球获批历史。疾病领域是人工保守归类；不含副作用及明确不适用项。,Reviewed retrieved official-label/regulatory material; not a complete worldwide approval registry; formulation/combination/historical limits retained.
luliconazole,INFECTION;DERMATOLOGIC,足癣/股癣/体癣局部抗真菌治疗,LABEL_REVIEWED,https://dailymed.nlm.nih.gov/dailymed/drugInfo.cfm?setid=7ccda3ba-9c98-468d-83c6-7f0cc7c88c33;https://dailymed.nlm.nih.gov/dailymed/drugInfo.cfm?setid=a7016010-ce43-4c09-8d21-aeb697ffed31,已逐药阅读所抓indications；抓取上限/制剂/地区差异使本表不是完整全球获批历史。疾病领域是人工保守归类；不含副作用及明确不适用项。,Reviewed retrieved official-label/regulatory material; not a complete worldwide approval registry; formulation/combination/historical limits retained.
mebendazole,INFECTION,肠道蠕虫感染；VERMOX蛔/鞭虫，EMVERM另含蛲/钩虫,EXTERNAL_REVIEWED,https://dailymed.nlm.nih.gov/dailymed/drugInfo.cfm?setid=a720c424-517a-461b-8e13-6c37caf8aa3f;https://dailymed.nlm.nih.gov/dailymed/drugInfo.cfm?setid=a8c46363-f739-4f6e-bca8-1ce5e8d3f78d,已逐药阅读所抓indications；抓取上限/制剂/地区差异使本表不是完整全球获批历史。疾病领域是人工保守归类；不含副作用及明确不适用项。,Reviewed retrieved official-label/regulatory material; not a complete worldwide approval registry; formulation/combination/historical limits retained.
meropenem,INFECTION,复杂皮肤/腹腔细菌感染及儿童细菌性脑膜炎；含vaborbactam复方另有cUTI,LABEL_REVIEWED,https://dailymed.nlm.nih.gov/dailymed/drugInfo.cfm?setid=8a2a545e-b336-416a-be73-9e0a7ccf6177;https://dailymed.nlm.nih.gov/dailymed/drugInfo.cfm?setid=e8848f4a-bca9-4978-b0a1-38483fd4d639;https://dailymed.nlm.nih.gov/dailymed/drugInfo.cfm?setid=e237fd0f-3050-42a3-b43e-b6fb4824e93d;https://dailymed.nlm.nih.gov/dailymed/drugInfo.cfm?setid=240325ba-47a8-4ad1-bcab-6772069ee790,已逐药阅读所抓indications；抓取上限/制剂/地区差异使本表不是完整全球获批历史。疾病领域是人工保守归类；不含副作用及明确不适用项。输入含VABOMERE复方；保留感染宏类，不把复方cUTI归单体独立批准。,Reviewed retrieved official-label/regulatory material; not a complete worldwide approval registry; formulation/combination/historical limits retained.
methylnaltrexone,GASTROINTESTINAL;ONCOLOGY,阿片诱导便秘，含晚期疾病/活动癌痛姑息场景；不治疗癌症本体,LABEL_REVIEWED,https://dailymed.nlm.nih.gov/dailymed/drugInfo.cfm?setid=c488fb7c-0a5b-487c-b452-996809d1cb99,已逐药阅读所抓indications；抓取上限/制剂/地区差异使本表不是完整全球获批历史。疾病领域是人工保守归类；不含副作用及明确不适用项。ONCOLOGY仅癌痛阿片便秘姑息支持场景，不是抗癌。,Reviewed retrieved official-label/regulatory material; not a complete worldwide approval registry; formulation/combination/historical limits retained.
migalastat,ENDOCRINE_METABOLIC_REPRODUCTIVE,特定可响应GLA变异Fabry病；肾底物终点不等于独立全部肾病用途,LABEL_REVIEWED,https://dailymed.nlm.nih.gov/dailymed/drugInfo.cfm?setid=66dbd928-0f1c-48b1-a832-54e4abd9f1db,已逐药阅读所抓indications；抓取上限/制剂/地区差异使本表不是完整全球获批历史。疾病领域是人工保守归类；不含副作用及明确不适用项。,Reviewed retrieved official-label/regulatory material; not a complete worldwide approval registry; formulation/combination/historical limits retained.
morphine,NEURO_PSYCHIATRIC,需要阿片治疗的严重急/慢性疼痛；非针对所有致痛原发病的治疗,LABEL_REVIEWED,https://dailymed.nlm.nih.gov/dailymed/drugInfo.cfm?setid=533034fd-c8e7-495b-8874-0db41bd1e65a;https://dailymed.nlm.nih.gov/dailymed/drugInfo.cfm?setid=67f0ee8d-696e-4c08-9007-3df0e3988bad;https://dailymed.nlm.nih.gov/dailymed/drugInfo.cfm?setid=69a0d5be-3211-4b7f-962b-e9d9a507321f;https://dailymed.nlm.nih.gov/dailymed/drugInfo.cfm?setid=c354b3bf-86c0-4bb8-8b1f-be2164942698,已逐药阅读所抓indications；抓取上限/制剂/地区差异使本表不是完整全球获批历史。疾病领域是人工保守归类；不含副作用及明确不适用项。,Reviewed retrieved official-label/regulatory material; not a complete worldwide approval registry; formulation/combination/historical limits retained.
naltrexone,NEURO_PSYCHIATRIC;ENDOCRINE_METABOLIC_REPRODUCTIVE,酒精依赖及外源阿片作用阻断；CONTRAVE与bupropion复方长期体重管理,EXTERNAL_REVIEWED,https://dailymed.nlm.nih.gov/dailymed/drugInfo.cfm?setid=57e8b767-54c2-dfa3-e063-6394a90ae6c2;https://dailymed.nlm.nih.gov/dailymed/drugInfo.cfm?setid=f821dd49-3fa7-4d33-99de-19023ff1ae65;https://dailymed.nlm.nih.gov/dailymed/drugInfo.cfm?setid=57439bad-00f0-5696-e063-6294a90a2ea5;https://dailymed.nlm.nih.gov/dailymed/drugInfo.cfm?setid=adb7c4dc-221a-4d91-9687-0d78913a92ad;https://dailymed.nlm.nih.gov/dailymed/drugInfo.cfm?setid=485ff360-32c8-11df-928b-0002a5d5c51b,已逐药阅读所抓indications；抓取上限/制剂/地区差异使本表不是完整全球获批历史。疾病领域是人工保守归类；不含副作用及明确不适用项。体重管理为与bupropion复方，不宣称本药单体获批减肥。,Reviewed retrieved official-label/regulatory material; not a complete worldwide approval registry; formulation/combination/historical limits retained.
nicotine polacrilex,NEURO_PSYCHIATRIC,戒烟尼古丁渴求与戒断症状,LABEL_REVIEWED,https://dailymed.nlm.nih.gov/dailymed/drugInfo.cfm?setid=5a94092b-f80e-c656-e063-6294a90ab15a;https://dailymed.nlm.nih.gov/dailymed/drugInfo.cfm?setid=ec341a77-5b62-4980-8d31-27c12ae92561,已逐药阅读所抓indications；抓取上限/制剂/地区差异使本表不是完整全球获批历史。疾病领域是人工保守归类；不含副作用及明确不适用项。,Reviewed retrieved official-label/regulatory material; not a complete worldwide approval registry; formulation/combination/historical limits retained.
olanzapine,NEURO_PSYCHIATRIC,精神分裂症、双相I躁狂/混合/维持及相关急性激越；与fluoxetine联合双相抑郁/难治抑郁,LABEL_REVIEWED,https://dailymed.nlm.nih.gov/dailymed/drugInfo.cfm?setid=63bcfe98-d1fc-4cd7-9212-f59ee4dcc6d1;https://dailymed.nlm.nih.gov/dailymed/drugInfo.cfm?setid=c47ee16f-5a86-49f2-8d85-5f49a6c8d91e;https://dailymed.nlm.nih.gov/dailymed/drugInfo.cfm?setid=38a89689-efc2-4931-8f65-868dc0248d6a;https://dailymed.nlm.nih.gov/dailymed/drugInfo.cfm?setid=5ba67321-6988-46ea-97a0-549954e2c405,已逐药阅读所抓indications；抓取上限/制剂/地区差异使本表不是完整全球获批历史。疾病领域是人工保守归类；不含副作用及明确不适用项。,Reviewed retrieved official-label/regulatory material; not a complete worldwide approval registry; formulation/combination/historical limits retained.
olmesartan,CARDIOVASCULAR,高血压；标签为medoxomil前药，含HCT复方条目仍同用途,LABEL_REVIEWED,https://dailymed.nlm.nih.gov/dailymed/drugInfo.cfm?setid=1be698df-30a0-4117-8c24-7253af94c8ad;https://dailymed.nlm.nih.gov/dailymed/drugInfo.cfm?setid=812d2d57-14d6-48a9-9687-85c2d125197e;https://dailymed.nlm.nih.gov/dailymed/drugInfo.cfm?setid=6b8585a2-22e0-4a4f-a1c3-24bcdec01834;https://dailymed.nlm.nih.gov/dailymed/drugInfo.cfm?setid=569596a2-98f0-116a-e063-6294a90a3fa1,已逐药阅读所抓indications；抓取上限/制剂/地区差异使本表不是完整全球获批历史。疾病领域是人工保守归类；不含副作用及明确不适用项。活性体与medoxomil前药需身份另核；检测到复方污染但不增添原疾病领域。,Reviewed retrieved official-label/regulatory material; not a complete worldwide approval registry; formulation/combination/historical limits retained.
ondansetron,GASTROINTESTINAL;ONCOLOGY,化疗/放疗及术后恶心呕吐预防；肿瘤场景支持治疗而非抗癌,LABEL_REVIEWED,https://dailymed.nlm.nih.gov/dailymed/drugInfo.cfm?setid=416be720-82e8-4a6d-8531-c1a29869daae;https://dailymed.nlm.nih.gov/dailymed/drugInfo.cfm?setid=269c920c-643a-4eea-9bf9-b1f008915db9;https://dailymed.nlm.nih.gov/dailymed/drugInfo.cfm?setid=f175a336-433b-7ab2-e053-2995a90ad5ca;https://dailymed.nlm.nih.gov/dailymed/drugInfo.cfm?setid=a29b5c18-9884-4c88-8827-65d9ad5f69f6,已逐药阅读所抓indications；抓取上限/制剂/地区差异使本表不是完整全球获批历史。疾病领域是人工保守归类；不含副作用及明确不适用项。ONCOLOGY仅化放疗支持治疗，不是抗癌。,Reviewed retrieved official-label/regulatory material; not a complete worldwide approval registry; formulation/combination/historical limits retained.
oxybutynin,RENAL_URINARY,神经源性膀胱不稳定相关尿急/频/失禁/排尿症状,LABEL_REVIEWED,https://dailymed.nlm.nih.gov/dailymed/drugInfo.cfm?setid=1a08a16a-f16d-4ef1-95bb-6943bcae0737;https://dailymed.nlm.nih.gov/dailymed/drugInfo.cfm?setid=7c497c6c-2448-2c80-e053-2991aa0ab8c7;https://dailymed.nlm.nih.gov/dailymed/drugInfo.cfm?setid=9578b6b8-5b9d-4263-9142-39b2c7216b85;https://dailymed.nlm.nih.gov/dailymed/drugInfo.cfm?setid=fe4ed76b-0009-455f-be30-47e80fc1afdf,已逐药阅读所抓indications；抓取上限/制剂/地区差异使本表不是完整全球获批历史。疾病领域是人工保守归类；不含副作用及明确不适用项。,Reviewed retrieved official-label/regulatory material; not a complete worldwide approval registry; formulation/combination/historical limits retained.
ozanimod,NEURO_PSYCHIATRIC;IMMUNE_INFLAMMATORY;GASTROINTESTINAL,复发型MS及中重度活动性溃疡性结肠炎,LABEL_REVIEWED,https://dailymed.nlm.nih.gov/dailymed/drugInfo.cfm?setid=93ce2fab-edfb-4804-8074-963071de51e4,已逐药阅读所抓indications；抓取上限/制剂/地区差异使本表不是完整全球获批历史。疾病领域是人工保守归类；不含副作用及明确不适用项。,Reviewed retrieved official-label/regulatory material; not a complete worldwide approval registry; formulation/combination/historical limits retained.
palbociclib,ONCOLOGY,多种特定HR/HER2及PIK3CA状态乳癌联合/维持治疗，不按乳癌亚型制造跨类,LABEL_REVIEWED,https://dailymed.nlm.nih.gov/dailymed/drugInfo.cfm?setid=89a142d5-7e61-48bf-9e77-e2cd124c4792;https://dailymed.nlm.nih.gov/dailymed/drugInfo.cfm?setid=e0e6412f-50b4-4fd4-9364-62818d121a07,已逐药阅读所抓indications；抓取上限/制剂/地区差异使本表不是完整全球获批历史。疾病领域是人工保守归类；不含副作用及明确不适用项。,Reviewed retrieved official-label/regulatory material; not a complete worldwide approval registry; formulation/combination/historical limits retained.
pantoprazole,GASTROINTESTINAL,GERD相关糜烂食管炎治疗/维持、病理高胃酸及ZE综合征；不是胃肠出血已证实用途,LABEL_REVIEWED,https://dailymed.nlm.nih.gov/dailymed/drugInfo.cfm?setid=1bb94d3c-8bc3-4193-9dd8-e9a22066707c;https://dailymed.nlm.nih.gov/dailymed/drugInfo.cfm?setid=59f50bcb-85e5-e3f6-e063-6294a90a11ae;https://dailymed.nlm.nih.gov/dailymed/drugInfo.cfm?setid=58d32be2-166e-1a64-e063-6394a90a26ea;https://dailymed.nlm.nih.gov/dailymed/drugInfo.cfm?setid=bb1e79ad-ff52-4696-8743-523f793b29d3,已逐药阅读所抓indications；抓取上限/制剂/地区差异使本表不是完整全球获批历史。疾病领域是人工保守归类；不含副作用及明确不适用项。,Reviewed retrieved official-label/regulatory material; not a complete worldwide approval registry; formulation/combination/historical limits retained.
perampanel,NEURO_PSYCHIATRIC,局灶癫痫及原发全面强直阵挛发作辅助,LABEL_REVIEWED,https://dailymed.nlm.nih.gov/dailymed/drugInfo.cfm?setid=3c72a5f7-bb22-4c48-942a-543ca84ed5a9;https://dailymed.nlm.nih.gov/dailymed/drugInfo.cfm?setid=1b0458ea-e718-4d48-ae55-ad9b4d863810;https://dailymed.nlm.nih.gov/dailymed/drugInfo.cfm?setid=695c8c73-39cb-4927-bdf6-72d16e4aa9bb;https://dailymed.nlm.nih.gov/dailymed/drugInfo.cfm?setid=bc8f7cf2-c19c-4235-859f-9ff1dd21908e,已逐药阅读所抓indications；抓取上限/制剂/地区差异使本表不是完整全球获批历史。疾病领域是人工保守归类；不含副作用及明确不适用项。,Reviewed retrieved official-label/regulatory material; not a complete worldwide approval registry; formulation/combination/historical limits retained.
pitavastatin,ENDOCRINE_METABOLIC_REPRODUCTIVE,原发高脂血症及杂合家族高胆固醇血症降低LDL,LABEL_REVIEWED,https://dailymed.nlm.nih.gov/dailymed/drugInfo.cfm?setid=2d5a1b78-4aa6-537b-e063-6394a90a522f;https://dailymed.nlm.nih.gov/dailymed/drugInfo.cfm?setid=44dcbf97-99ec-427c-ba50-207e0069d6d2;https://dailymed.nlm.nih.gov/dailymed/drugInfo.cfm?setid=0f11ee80-871e-4f13-e063-6394a90af19d;https://dailymed.nlm.nih.gov/dailymed/drugInfo.cfm?setid=c8c50e03-5cb8-43f4-bdef-8edd12f1945f,已逐药阅读所抓indications；抓取上限/制剂/地区差异使本表不是完整全球获批历史。疾病领域是人工保守归类；不含副作用及明确不适用项。,Reviewed retrieved official-label/regulatory material; not a complete worldwide approval registry; formulation/combination/historical limits retained.
pralidoxime,TOXICITY,有机磷/神经毒剂及抗胆碱酯酶药过量解毒；不是重症肌无力治疗,LABEL_REVIEWED,https://dailymed.nlm.nih.gov/dailymed/drugInfo.cfm?setid=2741d8fd-51c2-46be-880b-99f2b20a6137,已逐药阅读所抓indications；抓取上限/制剂/地区差异使本表不是完整全球获批历史。疾病领域是人工保守归类；不含副作用及明确不适用项。重症肌无力仅作为过量致因上下文，不能归作其治疗。,Reviewed retrieved official-label/regulatory material; not a complete worldwide approval registry; formulation/combination/historical limits retained.
probenecid,ENDOCRINE_METABOLIC_REPRODUCTIVE;MUSCULOSKELETAL_CONNECTIVE;INFECTION,痛风高尿酸血症；部分青霉素类辅助延长血药暴露，不是单药抗菌,LABEL_REVIEWED,https://dailymed.nlm.nih.gov/dailymed/drugInfo.cfm?setid=65b4888c-d49a-433f-9bfd-17880ae40069;https://dailymed.nlm.nih.gov/dailymed/drugInfo.cfm?setid=5d552de5-2d18-4464-bcaf-0311fa3f080d;https://dailymed.nlm.nih.gov/dailymed/drugInfo.cfm?setid=ae126418-5474-4fbe-b83c-bde8b2b4ae6e,已逐药阅读所抓indications；抓取上限/制剂/地区差异使本表不是完整全球获批历史。疾病领域是人工保守归类；不含副作用及明确不适用项。,Reviewed retrieved official-label/regulatory material; not a complete worldwide approval registry; formulation/combination/historical limits retained.
quinidine,CARDIOVASCULAR;INFECTION;NEURO_PSYCHIATRIC,房颤/房扑转复及复发预防、致命室性心律失常；历史恶性疟疾；NUEDEXTA神经复方辅助,EXTERNAL_REVIEWED,https://dailymed.nlm.nih.gov/dailymed/drugInfo.cfm?setid=ad2ad985-cca2-25b5-e053-2995a90a402f;https://dailymed.nlm.nih.gov/dailymed/drugInfo.cfm?setid=b0d6341b-d880-4f0b-8844-bc788c03004a;https://dailymed.nlm.nih.gov/dailymed/drugInfo.cfm?setid=4db375a3-0cff-4fa7-af7a-2a49e0b922d0;https://dailymed.nlm.nih.gov/dailymed/fda/fdaDrugXsl.cfm?setid=484e0918-3442-49dc-8ccf-177f1f3ee9f3,已逐药阅读所抓indications；抓取上限/制剂/地区差异使本表不是完整全球获批历史。疾病领域是人工保守归类；不含副作用及明确不适用项。假性延髓情感为复方药代辅助，不等于单体神经疗效；抗疟保留历史用途。,Reviewed retrieved official-label/regulatory material; not a complete worldwide approval registry; formulation/combination/historical limits retained.
ranolazine,CARDIOVASCULAR,慢性心绞痛,LABEL_REVIEWED,https://dailymed.nlm.nih.gov/dailymed/drugInfo.cfm?setid=90c5a0c2-542c-467e-9c0c-ef320534c560;https://dailymed.nlm.nih.gov/dailymed/drugInfo.cfm?setid=a624dc7f-921d-4554-a813-f72dca0133c3;https://dailymed.nlm.nih.gov/dailymed/drugInfo.cfm?setid=6166c40c-4fbe-47c4-92e4-2dc5d3567a86;https://dailymed.nlm.nih.gov/dailymed/drugInfo.cfm?setid=195c4b51-fec2-410d-8d90-487c536a8728,已逐药阅读所抓indications；抓取上限/制剂/地区差异使本表不是完整全球获批历史。疾病领域是人工保守归类；不含副作用及明确不适用项。,Reviewed retrieved official-label/regulatory material; not a complete worldwide approval registry; formulation/combination/historical limits retained.
relugolix,ONCOLOGY;ENDOCRINE_METABOLIC_REPRODUCTIVE,单药晚期前列腺癌；MYFEMBREE复方子宫肌瘤重度经血及内异症疼痛,EXTERNAL_REVIEWED,https://dailymed.nlm.nih.gov/dailymed/drugInfo.cfm?setid=077a92f6-9f1b-479a-87c7-c92b5db6aa9c;https://dailymed.nlm.nih.gov/dailymed/drugInfo.cfm?setid=fc3feb73-cc84-43a8-aa32-b262460495e8,已逐药阅读所抓indications；抓取上限/制剂/地区差异使本表不是完整全球获批历史。疾病领域是人工保守归类；不含副作用及明确不适用项。前列腺癌为单药，妇科用途为含雌二醇/炔诺酮复方。,Reviewed retrieved official-label/regulatory material; not a complete worldwide approval registry; formulation/combination/historical limits retained.
ribociclib,ONCOLOGY,HR阳性HER2阴性高风险早期及晚期乳癌联合方案,LABEL_REVIEWED,https://dailymed.nlm.nih.gov/dailymed/drugInfo.cfm?setid=aaeaef94-f3f5-4367-8ea2-b181d7be2da8,已逐药阅读所抓indications；抓取上限/制剂/地区差异使本表不是完整全球获批历史。疾病领域是人工保守归类；不含副作用及明确不适用项。,Reviewed retrieved official-label/regulatory material; not a complete worldwide approval registry; formulation/combination/historical limits retained.
rimegepant,NEURO_PSYCHIATRIC,偏头痛急性治疗与发作性偏头痛预防,LABEL_REVIEWED,https://dailymed.nlm.nih.gov/dailymed/drugInfo.cfm?setid=9ef08e09-1098-35cc-e053-2a95a90a3e1d;https://dailymed.nlm.nih.gov/dailymed/drugInfo.cfm?setid=86ef19d2-d6dc-4ac1-a793-dc549cc6bb9b,已逐药阅读所抓indications；抓取上限/制剂/地区差异使本表不是完整全球获批历史。疾病领域是人工保守归类；不含副作用及明确不适用项。,Reviewed retrieved official-label/regulatory material; not a complete worldwide approval registry; formulation/combination/historical limits retained.
rolapitant,GASTROINTESTINAL;ONCOLOGY,与其他止吐药联合预防化疗迟发恶心呕吐；非抗癌,LABEL_REVIEWED,https://dailymed.nlm.nih.gov/dailymed/drugInfo.cfm?setid=8670c3cf-82d9-466d-be49-de33d8c8742b,已逐药阅读所抓indications；抓取上限/制剂/地区差异使本表不是完整全球获批历史。疾病领域是人工保守归类；不含副作用及明确不适用项。ONCOLOGY仅化疗支持治疗，且联合止吐药。,Reviewed retrieved official-label/regulatory material; not a complete worldwide approval registry; formulation/combination/historical limits retained.
ruxolitinib,ONCOLOGY;IMMUNE_INFLAMMATORY;DERMATOLOGIC,骨髓纤维化、真性红细胞增多症；急/慢性GVHD；局部特应性皮炎和非节段白癜风,LABEL_REVIEWED,https://dailymed.nlm.nih.gov/dailymed/drugInfo.cfm?setid=f1c82580-87ae-11e0-bc84-0002a5d5c51b;https://dailymed.nlm.nih.gov/dailymed/drugInfo.cfm?setid=24da5509-6631-4795-9d42-273faecd08e7,已逐药阅读所抓indications；抓取上限/制剂/地区差异使本表不是完整全球获批历史。疾病领域是人工保守归类；不含副作用及明确不适用项。骨髓纤维化/PV按肿瘤，而GVHD及皮肤病为真实非肿瘤用途；剂型不同。,Reviewed retrieved official-label/regulatory material; not a complete worldwide approval registry; formulation/combination/historical limits retained.
selegiline,NEURO_PSYCHIATRIC,帕金森患者左旋多巴治疗辅助；EMSAM贴剂成人MDD,EXTERNAL_REVIEWED,https://dailymed.nlm.nih.gov/dailymed/drugInfo.cfm?setid=040a97e5-efd1-4a2f-b737-2f13e5366d70;https://dailymed.nlm.nih.gov/dailymed/drugInfo.cfm?setid=df88d6bf-0fda-3825-e053-2a95a90a3a75;https://dailymed.nlm.nih.gov/dailymed/drugInfo.cfm?setid=1924db3d-6a16-4496-cfd0-6903be146925;https://dailymed.nlm.nih.gov/dailymed/drugInfo.cfm?setid=4848270a-1179-410c-b4e6-a7e555b3a988;https://dailymed.nlm.nih.gov/dailymed/drugInfo.cfm?setid=b891bd9f-fdb8-4862-89c5-ecdd700398a3,已逐药阅读所抓indications；抓取上限/制剂/地区差异使本表不是完整全球获批历史。疾病领域是人工保守归类；不含副作用及明确不适用项。,Reviewed retrieved official-label/regulatory material; not a complete worldwide approval registry; formulation/combination/historical limits retained.
silodosin,RENAL_URINARY;ENDOCRINE_METABOLIC_REPRODUCTIVE,BPH症状；明确非高血压用途,LABEL_REVIEWED,https://dailymed.nlm.nih.gov/dailymed/drugInfo.cfm?setid=ee8d577e-948d-4164-9671-c876544ac83b;https://dailymed.nlm.nih.gov/dailymed/drugInfo.cfm?setid=afbf4823-8663-4152-9346-ca42c7b7d722;https://dailymed.nlm.nih.gov/dailymed/drugInfo.cfm?setid=43f83422-680f-411e-bbc3-2b092e64a017;https://dailymed.nlm.nih.gov/dailymed/drugInfo.cfm?setid=de619e27-9384-4b86-abdc-de0557cd39e8,已逐药阅读所抓indications；抓取上限/制剂/地区差异使本表不是完整全球获批历史。疾病领域是人工保守归类；不含副作用及明确不适用项。,Reviewed retrieved official-label/regulatory material; not a complete worldwide approval registry; formulation/combination/historical limits retained.
sotagliflozin,CARDIOVASCULAR,心衰或T2DM+CKD+CV风险人群降低心血管死亡和心衰就诊；此INPEFA标签不是一般降糖/肾病适应症,LABEL_REVIEWED,https://dailymed.nlm.nih.gov/dailymed/drugInfo.cfm?setid=1a46614e-05f6-421a-b6f4-d6f8760d643a,已逐药阅读所抓indications；抓取上限/制剂/地区差异使本表不是完整全球获批历史。疾病领域是人工保守归类；不含副作用及明确不适用项。T2DM/CKD为风险人群条件，未误记为INPEFA独立降糖或慢性肾病治疗。,Reviewed retrieved official-label/regulatory material; not a complete worldwide approval registry; formulation/combination/historical limits retained.
tadalafil,RENAL_URINARY;ENDOCRINE_METABOLIC_REPRODUCTIVE;CARDIOVASCULAR;RESPIRATORY,ED/BPH及ADCIRCA肺动脉高压提高运动能力,EXTERNAL_REVIEWED,https://dailymed.nlm.nih.gov/dailymed/drugInfo.cfm?setid=cf9431ef-ea02-457d-b83a-ce13fb963d95;https://dailymed.nlm.nih.gov/dailymed/drugInfo.cfm?setid=394be6ef-c0f7-4cd5-8062-39fda5c1c2c4;https://dailymed.nlm.nih.gov/dailymed/drugInfo.cfm?setid=a6847ad6-3b5b-47e5-a3b5-04dc3182d72b;https://dailymed.nlm.nih.gov/dailymed/drugInfo.cfm?setid=c3409762-3b2b-1cfc-e053-2995a90ab91b;https://dailymed.nlm.nih.gov/dailymed/drugInfo.cfm?setid=ff61b237-be8e-461b-8114-78c52a8ad0ae,已逐药阅读所抓indications；抓取上限/制剂/地区差异使本表不是完整全球获批历史。疾病领域是人工保守归类；不含副作用及明确不适用项。,Reviewed retrieved official-label/regulatory material; not a complete worldwide approval registry; formulation/combination/historical limits retained.
tamsulosin,RENAL_URINARY;ENDOCRINE_METABOLIC_REPRODUCTIVE,BPH症状；明确非高血压用途,LABEL_REVIEWED,https://dailymed.nlm.nih.gov/dailymed/drugInfo.cfm?setid=0e3206ba-db3e-40b3-b46b-c7ae4703fdea;https://dailymed.nlm.nih.gov/dailymed/drugInfo.cfm?setid=e4202c52-be9d-41d9-b5ff-122740298544;https://dailymed.nlm.nih.gov/dailymed/drugInfo.cfm?setid=a608ddc8-fe42-484e-b61f-307c60151138;https://dailymed.nlm.nih.gov/dailymed/drugInfo.cfm?setid=e9372720-bd02-e4a6-0afd-42fe0c661c00,已逐药阅读所抓indications；抓取上限/制剂/地区差异使本表不是完整全球获批历史。疾病领域是人工保守归类；不含副作用及明确不适用项。,Reviewed retrieved official-label/regulatory material; not a complete worldwide approval registry; formulation/combination/historical limits retained.
tasimelteon,NEURO_PSYCHIATRIC,非24小时睡眠觉醒障碍和Smith-Magenis综合征夜间睡眠紊乱,LABEL_REVIEWED,https://dailymed.nlm.nih.gov/dailymed/drugInfo.cfm?setid=ce5a2fa3-ed54-422d-96c2-1821496eb32f;https://dailymed.nlm.nih.gov/dailymed/drugInfo.cfm?setid=ca4a9b63-708e-49e9-8f9b-010625443b90;https://dailymed.nlm.nih.gov/dailymed/drugInfo.cfm?setid=46b09064-a675-92d5-24a7-dac0410f77ae;https://dailymed.nlm.nih.gov/dailymed/drugInfo.cfm?setid=99cb1928-e57d-4d04-87a1-38108780598a,已逐药阅读所抓indications；抓取上限/制剂/地区差异使本表不是完整全球获批历史。疾病领域是人工保守归类；不含副作用及明确不适用项。,Reviewed retrieved official-label/regulatory material; not a complete worldwide approval registry; formulation/combination/historical limits retained.
tedizolid,INFECTION;DERMATOLOGIC,敏感革兰阳性菌急性细菌皮肤/结构感染,LABEL_REVIEWED,https://dailymed.nlm.nih.gov/dailymed/drugInfo.cfm?setid=75672079-589f-451a-bdbf-eaebcfcc80a9,已逐药阅读所抓indications；抓取上限/制剂/地区差异使本表不是完整全球获批历史。疾病领域是人工保守归类；不含副作用及明确不适用项。,Reviewed retrieved official-label/regulatory material; not a complete worldwide approval registry; formulation/combination/historical limits retained.
teriflunomide,NEURO_PSYCHIATRIC;IMMUNE_INFLAMMATORY,复发型MS，含临床孤立综合征/复发缓解及活动继发进展型,LABEL_REVIEWED,https://dailymed.nlm.nih.gov/dailymed/drugInfo.cfm?setid=2d2724f6-8812-4a26-b2ec-936b71f868e1;https://dailymed.nlm.nih.gov/dailymed/drugInfo.cfm?setid=cbf32b27-e63a-4544-9c1f-6564e82200e5;https://dailymed.nlm.nih.gov/dailymed/drugInfo.cfm?setid=2fd80242-c607-4c50-b497-8259abb4a2f8;https://dailymed.nlm.nih.gov/dailymed/drugInfo.cfm?setid=8c1bc23b-a62b-4172-a603-8b97761514b4,已逐药阅读所抓indications；抓取上限/制剂/地区差异使本表不是完整全球获批历史。疾病领域是人工保守归类；不含副作用及明确不适用项。,Reviewed retrieved official-label/regulatory material; not a complete worldwide approval registry; formulation/combination/historical limits retained.
ticagrelor,CARDIOVASCULAR,ACS/心梗史、特定CAD及急性缺血卒中/TIA患者降低心脑血管/支架血栓事件,LABEL_REVIEWED,https://dailymed.nlm.nih.gov/dailymed/drugInfo.cfm?setid=557351f1-47b7-216d-e063-6394a90afb51;https://dailymed.nlm.nih.gov/dailymed/drugInfo.cfm?setid=40ac26dc-2570-de7e-e063-6294a90ade72;https://dailymed.nlm.nih.gov/dailymed/drugInfo.cfm?setid=1bbdc202-bbe4-4aec-b4e9-1f1feb41d819;https://dailymed.nlm.nih.gov/dailymed/drugInfo.cfm?setid=555d4e44-9bb2-474e-9bea-c549e3261dbb,已逐药阅读所抓indications；抓取上限/制剂/地区差异使本表不是完整全球获批历史。疾病领域是人工保守归类；不含副作用及明确不适用项。,Reviewed retrieved official-label/regulatory material; not a complete worldwide approval registry; formulation/combination/historical limits retained.
tizanidine,NEURO_PSYCHIATRIC,成人痉挛状态症状控制,LABEL_REVIEWED,https://dailymed.nlm.nih.gov/dailymed/drugInfo.cfm?setid=63b7eba3-6dea-4d89-bc42-7e965ae9795d;https://dailymed.nlm.nih.gov/dailymed/drugInfo.cfm?setid=59d83e3a-5e44-d8d0-e063-6294a90aa65a;https://dailymed.nlm.nih.gov/dailymed/drugInfo.cfm?setid=25db7cc0-604c-3d6b-e063-6394a90a337f;https://dailymed.nlm.nih.gov/dailymed/drugInfo.cfm?setid=6dd9946f-b2a4-1732-e053-2a91aa0a648f,已逐药阅读所抓indications；抓取上限/制剂/地区差异使本表不是完整全球获批历史。疾病领域是人工保守归类；不含副作用及明确不适用项。,Reviewed retrieved official-label/regulatory material; not a complete worldwide approval registry; formulation/combination/historical limits retained.
trametinib,ONCOLOGY,BRAF特定突变黑色素瘤、NSCLC、未分化甲状腺癌、实体瘤及儿童低级别胶质瘤；不包括标签排除的CRC,LABEL_REVIEWED,https://dailymed.nlm.nih.gov/dailymed/drugInfo.cfm?setid=0002ad27-779d-42ab-83b5-bc65453412a1,已逐药阅读所抓indications；抓取上限/制剂/地区差异使本表不是完整全球获批历史。疾病领域是人工保守归类；不含副作用及明确不适用项。,Reviewed retrieved official-label/regulatory material; not a complete worldwide approval registry; formulation/combination/historical limits retained.
trospium,RENAL_URINARY;NEURO_PSYCHIATRIC,单药OAB；COBENFY复方精神分裂症的外周拮抗辅助成分,EXTERNAL_REVIEWED,https://dailymed.nlm.nih.gov/dailymed/drugInfo.cfm?setid=7a2fea88-266d-4fc0-a476-66dc6effcff7;https://dailymed.nlm.nih.gov/dailymed/drugInfo.cfm?setid=c1c8bd8b-7ff8-5940-e053-2995a90ae656;https://dailymed.nlm.nih.gov/dailymed/drugInfo.cfm?setid=095f54ba-4d43-4266-8942-eede6678ee3b;https://dailymed.nlm.nih.gov/dailymed/drugInfo.cfm?setid=8e5e2b3a-467b-4312-9778-8ff2ce938838;https://dailymed.nlm.nih.gov/dailymed/drugInfo.cfm?setid=8f0e73bf-6025-44f6-ab64-0983322de0df,已逐药阅读所抓indications；抓取上限/制剂/地区差异使本表不是完整全球获批历史。疾病领域是人工保守归类；不含副作用及明确不适用项。神经领域仅复方支持角色，并非单体治精神分裂症。,Reviewed retrieved official-label/regulatory material; not a complete worldwide approval registry; formulation/combination/historical limits retained.
umeclidinium,RESPIRATORY,COPD维持,LABEL_REVIEWED,https://dailymed.nlm.nih.gov/dailymed/drugInfo.cfm?setid=763388a5-cc89-4c25-8562-521df679b7e8;https://dailymed.nlm.nih.gov/dailymed/drugInfo.cfm?setid=dbb64747-1505-49d7-9a33-99dd402e96d3,已逐药阅读所抓indications；抓取上限/制剂/地区差异使本表不是完整全球获批历史。疾病领域是人工保守归类；不含副作用及明确不适用项。,Reviewed retrieved official-label/regulatory material; not a complete worldwide approval registry; formulation/combination/historical limits retained.
vandetanib,ONCOLOGY,不可切除/转移且有症状或进展的甲状腺髓样癌,LABEL_REVIEWED,https://dailymed.nlm.nih.gov/dailymed/drugInfo.cfm?setid=e5721cb8-4185-47b9-bbb3-1c587e558a03,已逐药阅读所抓indications；抓取上限/制剂/地区差异使本表不是完整全球获批历史。疾病领域是人工保守归类；不含副作用及明确不适用项。,Reviewed retrieved official-label/regulatory material; not a complete worldwide approval registry; formulation/combination/historical limits retained.
vemurafenib,ONCOLOGY,BRAF特定突变黑色素瘤及Erdheim-Chester病（组织细胞肿瘤）,LABEL_REVIEWED,https://dailymed.nlm.nih.gov/dailymed/drugInfo.cfm?setid=38eea320-7e0c-485a-bc30-98c3c45e2763,已逐药阅读所抓indications；抓取上限/制剂/地区差异使本表不是完整全球获批历史。疾病领域是人工保守归类；不含副作用及明确不适用项。,Reviewed retrieved official-label/regulatory material; not a complete worldwide approval registry; formulation/combination/historical limits retained.
vismodegib,ONCOLOGY,符合既往手术/放疗条件的局晚或转移基底细胞癌,LABEL_REVIEWED,https://dailymed.nlm.nih.gov/dailymed/drugInfo.cfm?setid=eb368bb6-80e3-4df9-8a85-91df0a2ada6a,已逐药阅读所抓indications；抓取上限/制剂/地区差异使本表不是完整全球获批历史。疾病领域是人工保守归类；不含副作用及明确不适用项。,Reviewed retrieved official-label/regulatory material; not a complete worldwide approval registry; formulation/combination/historical limits retained.
xanomeline,NEURO_PSYCHIATRIC,COBENFY与trospium复方治疗成人精神分裂症,EXTERNAL_REVIEWED,https://dailymed.nlm.nih.gov/dailymed/drugInfo.cfm?setid=8f0e73bf-6025-44f6-ab64-0983322de0df,已逐药阅读所抓indications；抓取上限/制剂/地区差异使本表不是完整全球获批历史。疾病领域是人工保守归类；不含副作用及明确不适用项。仅COBENFY复方，没有据此宣称单体获批。,Reviewed retrieved official-label/regulatory material; not a complete worldwide approval registry; formulation/combination/historical limits retained.
