candidate_id,pair_id,modeled_entity_name,drug_names,gene_symbol,target_chembl_id,recommendation_band,evidence_utility_unvalidated,within_target_review_order,execution_condition,proposed_stage
C384-001,CSKDFZIMJXRJGH-VWLPUNTISA-N__CHEMBL1871,tecovirimat,tecovirimat,AR,CHEMBL1871,PRIORITY_CROSS_AREA_MECHANISM_REVIEW,12.5,1,"Qualified matching reference, construct/activity, compound identity/solubility and buffer stability required before interpretation.",FIRST_MECHANISM_SCOUT_AFTER_QC
C384-002,XFALPSLJIHVRKE-GFCCVEGCSA-N__CHEMBL4898,tedizolid,tedizolid,NTRK2,CHEMBL4898,ADDITIONAL_SOURCE_OR_CHEMICAL_SUPPORT,10.0,1,"Qualified matching reference, construct/activity, compound identity/solubility and buffer stability required before interpretation.",FOLLOW_UP_AFTER_TARGET_QC
C384-003,LCQLHJZYVOQKHU-VKHMYHEASA-N__CHEMBL4393,carglumic acid,carglumic acid,MMP12,CHEMBL4393,ADDITIONAL_SOURCE_OR_CHEMICAL_SUPPORT,10.0,1,"Qualified matching reference, construct/activity, compound identity/solubility and buffer stability required before interpretation.",FOLLOW_UP_AFTER_TARGET_QC
C384-004,QNZCBYKSOIHPEH-UHFFFAOYSA-N__CHEMBL1974,apixaban,apixaban,FLT3,CHEMBL1974,ADDITIONAL_SOURCE_OR_CHEMICAL_SUPPORT,10.0,1,"Qualified matching reference, construct/activity, compound identity/solubility and buffer stability required before interpretation.",FOLLOW_UP_AFTER_TARGET_QC
C384-005,XKLMZUWKNUAPSZ-UHFFFAOYSA-N__CHEMBL1957,ranolazine,ranolazine,IGF1R,CHEMBL1957,ADDITIONAL_SOURCE_OR_CHEMICAL_SUPPORT,10.0,1,"Qualified matching reference, construct/activity, compound identity/solubility and buffer stability required before interpretation.",FOLLOW_UP_AFTER_TARGET_QC
C384-006,AYXYPKUFHZROOJ-ZETCQYMHSA-N__CHEMBL1944,pregabalin,pregabalin,MME,CHEMBL1944,ADDITIONAL_SOURCE_OR_CHEMICAL_SUPPORT,10.0,1,"Qualified matching reference, construct/activity, compound identity/solubility and buffer stability required before interpretation.",FOLLOW_UP_AFTER_TARGET_QC
C384-007,BPQMGSKTAYIVFO-UHFFFAOYSA-N__CHEMBL2815,vismodegib,vismodegib,NTRK1,CHEMBL2815,ADDITIONAL_SOURCE_OR_CHEMICAL_SUPPORT,9.5,1,"Qualified matching reference, construct/activity, compound identity/solubility and buffer stability required before interpretation.",FOLLOW_UP_AFTER_TARGET_QC
C384-008,WGFOBBZOWHGYQH-MXHNKVEKSA-N__CHEMBL1871,lubiprostone,lubiprostone,AR,CHEMBL1871,ADDITIONAL_SOURCE_OR_CHEMICAL_SUPPORT,9.5,2,"Qualified matching reference, construct/activity, compound identity/solubility and buffer stability required before interpretation.",FOLLOW_UP_AFTER_TARGET_QC
C384-009,STUWGJZDJHPWGZ-LBPRGKRZSA-N__CHEMBL284,alpelisib,alpelisib,DPP4,CHEMBL284,ADDITIONAL_SOURCE_OR_CHEMICAL_SUPPORT,9.5,1,"Qualified matching reference, construct/activity, compound identity/solubility and buffer stability required before interpretation.",FOLLOW_UP_AFTER_TARGET_QC
C384-010,XEDHVZKDSYZQBF-UHFFFAOYSA-N__CHEMBL1974,lasmiditan,lasmiditan,FLT3,CHEMBL1974,ADDITIONAL_SOURCE_OR_CHEMICAL_SUPPORT,9.5,2,"Qualified matching reference, construct/activity, compound identity/solubility and buffer stability required before interpretation.",FOLLOW_UP_AFTER_TARGET_QC
C384-011,MQOBSOSZFYZQOK-UHFFFAOYSA-N__CHEMBL1978,choline fenofibrate,choline fenofibrate;fenofibrate,CYP19A1,CHEMBL1978,ADDITIONAL_SOURCE_OR_CHEMICAL_SUPPORT,9.5,1,"Qualified matching reference, construct/activity, compound identity/solubility and buffer stability required before interpretation.",FOLLOW_UP_AFTER_TARGET_QC
C384-012,WCWSTNLSLKSJPK-LKFCYVNXSA-N__CHEMBL235,cabotegravir,cabotegravir,PPARG,CHEMBL235,ADDITIONAL_SOURCE_OR_CHEMICAL_SUPPORT,9.5,1,"Qualified matching reference, construct/activity, compound identity/solubility and buffer stability required before interpretation.",FOLLOW_UP_AFTER_TARGET_QC
C384-013,VGYFMXBACGZSIL-MCBHFWOFSA-N__CHEMBL4393,pitavastatin,pitavastatin,MMP12,CHEMBL4393,ADDITIONAL_SOURCE_OR_CHEMICAL_SUPPORT,9.5,2,"Qualified matching reference, construct/activity, compound identity/solubility and buffer stability required before interpretation.",FOLLOW_UP_AFTER_TARGET_QC
C384-014,XEDHVZKDSYZQBF-UHFFFAOYSA-N__CHEMBL4898,lasmiditan,lasmiditan,NTRK2,CHEMBL4898,ADDITIONAL_SOURCE_OR_CHEMICAL_SUPPORT,9.5,2,"Qualified matching reference, construct/activity, compound identity/solubility and buffer stability required before interpretation.",FOLLOW_UP_AFTER_TARGET_QC
C384-015,KBOPZPXVLCULAV-UHFFFAOYSA-N__CHEMBL1929,mesalamine,balsalazide;mesalamine,XDH,CHEMBL1929,ADDITIONAL_SOURCE_OR_CHEMICAL_SUPPORT,9.0,1,"Qualified matching reference, construct/activity, compound identity/solubility and buffer stability required before interpretation.",FOLLOW_UP_AFTER_TARGET_QC
C384-016,ZBMZVLHSJCTVON-UHFFFAOYSA-N__CHEMBL5141,sotalol,sotalol,CYP26A1,CHEMBL5141,ADDITIONAL_SOURCE_OR_CHEMICAL_SUPPORT,9.0,1,"Qualified matching reference, construct/activity, compound identity/solubility and buffer stability required before interpretation.",FOLLOW_UP_AFTER_TARGET_QC
C384-017,XPIJWUTXQAGSLK-UHFFFAOYSA-N__CHEMBL3553,ozenoxacin,ozenoxacin,TYK2,CHEMBL3553,ADDITIONAL_SOURCE_OR_CHEMICAL_SUPPORT,9.0,1,"Qualified matching reference, construct/activity, compound identity/solubility and buffer stability required before interpretation.",FOLLOW_UP_AFTER_TARGET_QC
C384-018,VCKUSRYTPJJLNI-UHFFFAOYSA-N__CHEMBL4005,terazosin,terazosin,PIK3CA,CHEMBL4005,ADDITIONAL_SOURCE_OR_CHEMICAL_SUPPORT,9.0,1,"Qualified matching reference, construct/activity, compound identity/solubility and buffer stability required before interpretation.",FOLLOW_UP_AFTER_TARGET_QC
C384-019,NBRBXGKOEOGLOI-UHFFFAOYSA-N__CHEMBL1871,dasabuvir,dasabuvir,AR,CHEMBL1871,ADDITIONAL_SOURCE_OR_CHEMICAL_SUPPORT,9.0,3,"Qualified matching reference, construct/activity, compound identity/solubility and buffer stability required before interpretation.",FOLLOW_UP_AFTER_TARGET_QC
C384-020,GCKFUYQCUCGESZ-BPIQYHPVSA-N__CHEMBL1978,etonogestrel,etonogestrel,CYP19A1,CHEMBL1978,ADDITIONAL_SOURCE_OR_CHEMICAL_SUPPORT,9.0,2,"Qualified matching reference, construct/activity, compound identity/solubility and buffer stability required before interpretation.",FOLLOW_UP_AFTER_TARGET_QC
C384-021,XFALPSLJIHVRKE-GFCCVEGCSA-N__CHEMBL4409,tedizolid,tedizolid,PDE10A,CHEMBL4409,ADDITIONAL_SOURCE_OR_CHEMICAL_SUPPORT,9.0,1,"Qualified matching reference, construct/activity, compound identity/solubility and buffer stability required before interpretation.",FOLLOW_UP_AFTER_TARGET_QC
C384-022,XFALPSLJIHVRKE-GFCCVEGCSA-N__CHEMBL5608,tedizolid,tedizolid,NTRK3,CHEMBL5608,ADDITIONAL_SOURCE_OR_CHEMICAL_SUPPORT,9.0,1,"Qualified matching reference, construct/activity, compound identity/solubility and buffer stability required before interpretation.",FOLLOW_UP_AFTER_TARGET_QC
C384-023,ZISJNXNHJRQYJO-CMDGGOBGSA-N__CHEMBL206,tapinarof,tapinarof,ESR1,CHEMBL206,ADDITIONAL_SOURCE_OR_CHEMICAL_SUPPORT,9.0,1,"Qualified matching reference, construct/activity, compound identity/solubility and buffer stability required before interpretation.",FOLLOW_UP_AFTER_TARGET_QC
C384-024,YALNUENQHAQXEA-UHFFFAOYSA-N__CHEMBL1868,givinostat,givinostat,FLT1,CHEMBL1868,ADDITIONAL_SOURCE_OR_CHEMICAL_SUPPORT,9.0,1,"Qualified matching reference, construct/activity, compound identity/solubility and buffer stability required before interpretation.",FOLLOW_UP_AFTER_TARGET_QC
C384-025,XRVDGNKRPOAQTN-FQEVSTJZSA-N__CHEMBL2971,ozanimod,ozanimod,JAK2,CHEMBL2971,ADDITIONAL_SOURCE_OR_CHEMICAL_SUPPORT,9.0,1,"Qualified matching reference, construct/activity, compound identity/solubility and buffer stability required before interpretation.",FOLLOW_UP_AFTER_TARGET_QC
C384-026,JJVAPHYEOZSKJZ-JGCGQSQUSA-N__CHEMBL1981,zavegepant,zavegepant,INSR,CHEMBL1981,ADDITIONAL_SOURCE_OR_CHEMICAL_SUPPORT,8.75,1,"Qualified matching reference, construct/activity, compound identity/solubility and buffer stability required before interpretation.",FOLLOW_UP_AFTER_TARGET_QC
C384-027,WCWSTNLSLKSJPK-LKFCYVNXSA-N__CHEMBL1935,cabotegravir,cabotegravir,ALDH2,CHEMBL1935,ADDITIONAL_SOURCE_OR_CHEMICAL_SUPPORT,8.5,1,"Qualified matching reference, construct/activity, compound identity/solubility and buffer stability required before interpretation.",FOLLOW_UP_AFTER_TARGET_QC
C384-028,UIAGMCDKSXEBJQ-UHFFFAOYSA-N__CHEMBL3991,nimodipine,nimodipine,F7,CHEMBL3991,ADDITIONAL_SOURCE_OR_CHEMICAL_SUPPORT,8.5,1,"Qualified matching reference, construct/activity, compound identity/solubility and buffer stability required before interpretation.",FOLLOW_UP_AFTER_TARGET_QC
C384-029,QTGIAADRBBLJGA-UHFFFAOYSA-N__CHEMBL1929,articaine,articaine,XDH,CHEMBL1929,ADDITIONAL_SOURCE_OR_CHEMICAL_SUPPORT,8.5,2,"Qualified matching reference, construct/activity, compound identity/solubility and buffer stability required before interpretation.",FOLLOW_UP_AFTER_TARGET_QC
C384-030,UPNUIXSCZBYVBB-JVFUWBCBSA-N__CHEMBL5705,alvimopan,alvimopan,EGLN3,CHEMBL5705,ADDITIONAL_SOURCE_OR_CHEMICAL_SUPPORT,8.0,1,"Qualified matching reference, construct/activity, compound identity/solubility and buffer stability required before interpretation.",FOLLOW_UP_AFTER_TARGET_QC
C384-031,MOTJMGVDPWRKOC-QPVYNBJUSA-N__CHEMBL5705,atrasentan,atrasentan,EGLN3,CHEMBL5705,ADDITIONAL_SOURCE_OR_CHEMICAL_SUPPORT,8.0,2,"Qualified matching reference, construct/activity, compound identity/solubility and buffer stability required before interpretation.",FOLLOW_UP_AFTER_TARGET_QC
C384-032,WBGKWQHBNHJJPZ-LECWWXJVSA-N__CHEMBL1994,desonide,desonide,NR3C2,CHEMBL1994,ADDITIONAL_SOURCE_OR_CHEMICAL_SUPPORT,8.0,1,"Qualified matching reference, construct/activity, compound identity/solubility and buffer stability required before interpretation.",FOLLOW_UP_AFTER_TARGET_QC
C384-033,AYXYPKUFHZROOJ-ZETCQYMHSA-N__CHEMBL1808,pregabalin,pregabalin,ACE,CHEMBL1808,ADDITIONAL_SOURCE_OR_CHEMICAL_SUPPORT,8.0,1,"Qualified matching reference, construct/activity, compound identity/solubility and buffer stability required before interpretation.",FOLLOW_UP_AFTER_TARGET_QC
C384-034,PYGWGZALEOIKDF-UHFFFAOYSA-N__CHEMBL267,etravirine,etravirine,SRC,CHEMBL267,ADDITIONAL_SOURCE_OR_CHEMICAL_SUPPORT,8.0,1,"Qualified matching reference, construct/activity, compound identity/solubility and buffer stability required before interpretation.",FOLLOW_UP_AFTER_TARGET_QC
C384-035,VTRAEEWXHOVJFV-UHFFFAOYSA-N__CHEMBL5705,olmesartan,olmesartan,EGLN3,CHEMBL5705,ADDITIONAL_SOURCE_OR_CHEMICAL_SUPPORT,8.0,3,"Qualified matching reference, construct/activity, compound identity/solubility and buffer stability required before interpretation.",FOLLOW_UP_AFTER_TARGET_QC
C384-036,MOTJMGVDPWRKOC-QPVYNBJUSA-N__CHEMBL1824,atrasentan,atrasentan,ERBB2,CHEMBL1824,ADDITIONAL_SOURCE_OR_CHEMICAL_SUPPORT,8.0,1,"Qualified matching reference, construct/activity, compound identity/solubility and buffer stability required before interpretation.",FOLLOW_UP_AFTER_TARGET_QC
C384-037,VCKUSRYTPJJLNI-UHFFFAOYSA-N__CHEMBL5608,terazosin,terazosin,NTRK3,CHEMBL5608,ADDITIONAL_SOURCE_OR_CHEMICAL_SUPPORT,8.0,2,"Qualified matching reference, construct/activity, compound identity/solubility and buffer stability required before interpretation.",FOLLOW_UP_AFTER_TARGET_QC
C384-038,GGCSSNBKKAUURC-UHFFFAOYSA-N__CHEMBL2007,sufentanil,sufentanil,PDGFRA,CHEMBL2007,ADDITIONAL_SOURCE_OR_CHEMICAL_SUPPORT,8.0,1,"Qualified matching reference, construct/activity, compound identity/solubility and buffer stability required before interpretation.",FOLLOW_UP_AFTER_TARGET_QC
C384-039,XRVDGNKRPOAQTN-FQEVSTJZSA-N__CHEMBL2189110,ozanimod,ozanimod,EZH2,CHEMBL2189110,ADDITIONAL_SOURCE_OR_CHEMICAL_SUPPORT,8.0,1,"Qualified matching reference, construct/activity, compound identity/solubility and buffer stability required before interpretation.",FOLLOW_UP_AFTER_TARGET_QC
C384-040,IVBHGBMCVLDMKU-GXNBUGAJSA-N__CHEMBL261,piperacillin,piperacillin,CA1,CHEMBL261,ADDITIONAL_SOURCE_OR_CHEMICAL_SUPPORT,7.75,1,"Qualified matching reference, construct/activity, compound identity/solubility and buffer stability required before interpretation.",FOLLOW_UP_AFTER_TARGET_QC
C384-041,WMDSZGFJQKSLLH-RBBKRZOGSA-N__CHEMBL5141,landiolol,landiolol,CYP26A1,CHEMBL5141,ADDITIONAL_SOURCE_OR_CHEMICAL_SUPPORT,7.75,2,"Qualified matching reference, construct/activity, compound identity/solubility and buffer stability required before interpretation.",FOLLOW_UP_AFTER_TARGET_QC
C384-042,ANGKOCUUWGHLCE-HKUYNNGSSA-N__CHEMBL5141,glycopyrronium,glycopyrronium,CYP26A1,CHEMBL5141,ADDITIONAL_SOURCE_OR_CHEMICAL_SUPPORT,7.5,3,"Qualified matching reference, construct/activity, compound identity/solubility and buffer stability required before interpretation.",FOLLOW_UP_AFTER_TARGET_QC
C384-043,QZZUEBNBZAPZLX-QFIPXVFZSA-N__CHEMBL2835,indacaterol,indacaterol,JAK1,CHEMBL2835,ADDITIONAL_SOURCE_OR_CHEMICAL_SUPPORT,7.5,1,"Qualified matching reference, construct/activity, compound identity/solubility and buffer stability required before interpretation.",FOLLOW_UP_AFTER_TARGET_QC
C384-044,KRNAOFGYEFKHPB-ANJVHQHFSA-N__CHEMBL2971,rimegepant,rimegepant,JAK2,CHEMBL2971,ADDITIONAL_SOURCE_OR_CHEMICAL_SUPPORT,7.5,2,"Qualified matching reference, construct/activity, compound identity/solubility and buffer stability required before interpretation.",FOLLOW_UP_AFTER_TARGET_QC
C384-045,BPZSYCZIITTYBL-YJYMSZOUSA-N__CHEMBL4393,arformoterol,arformoterol,MMP12,CHEMBL4393,ADDITIONAL_SOURCE_OR_CHEMICAL_SUPPORT,7.5,3,"Qualified matching reference, construct/activity, compound identity/solubility and buffer stability required before interpretation.",FOLLOW_UP_AFTER_TARGET_QC
C384-046,JUZYLCPPVHEVSV-LJQANCHMSA-N__CHEMBL1824,elvitegravir,elvitegravir,ERBB2,CHEMBL1824,ADDITIONAL_SOURCE_OR_CHEMICAL_SUPPORT,7.5,2,"Qualified matching reference, construct/activity, compound identity/solubility and buffer stability required before interpretation.",FOLLOW_UP_AFTER_TARGET_QC
C384-047,ACRHBAYQBXXRTO-OAQYLSRUSA-N__CHEMBL4142,ivabradine,ivabradine,FGFR2,CHEMBL4142,ADDITIONAL_SOURCE_OR_CHEMICAL_SUPPORT,7.5,1,"Qualified matching reference, construct/activity, compound identity/solubility and buffer stability required before interpretation.",FOLLOW_UP_AFTER_TARGET_QC
C384-048,DHSUYTOATWAVLW-WFVMDLQDSA-N__CHEMBL235,cilastatin,cilastatin,PPARG,CHEMBL235,ADDITIONAL_SOURCE_OR_CHEMICAL_SUPPORT,7.5,2,"Qualified matching reference, construct/activity, compound identity/solubility and buffer stability required before interpretation.",FOLLOW_UP_AFTER_TARGET_QC
C384-049,AYXYPKUFHZROOJ-ZETCQYMHSA-N__CHEMBL3439,pregabalin,pregabalin,ENPEP,CHEMBL3439,ADDITIONAL_SOURCE_OR_CHEMICAL_SUPPORT,7.5,1,"Qualified matching reference, construct/activity, compound identity/solubility and buffer stability required before interpretation.",FOLLOW_UP_AFTER_TARGET_QC
C384-050,GGCSSNBKKAUURC-UHFFFAOYSA-N__CHEMBL2821,sufentanil,sufentanil,F12,CHEMBL2821,ADDITIONAL_SOURCE_OR_CHEMICAL_SUPPORT,7.5,1,"Qualified matching reference, construct/activity, compound identity/solubility and buffer stability required before interpretation.",FOLLOW_UP_AFTER_TARGET_QC
C384-051,RUOKEQAAGRXIBM-GFCCVEGCSA-N__CHEMBL2179,rasagiline,rasagiline,GBA1,CHEMBL2179,ADDITIONAL_SOURCE_OR_CHEMICAL_SUPPORT,7.5,1,"Qualified matching reference, construct/activity, compound identity/solubility and buffer stability required before interpretation.",FOLLOW_UP_AFTER_TARGET_QC
C384-052,BUGYDGFZZOZRHP-UHFFFAOYSA-N__CHEMBL1871,memantine,memantine,AR,CHEMBL1871,ADDITIONAL_SOURCE_OR_CHEMICAL_SUPPORT,7.5,4,"Qualified matching reference, construct/activity, compound identity/solubility and buffer stability required before interpretation.",FOLLOW_UP_AFTER_TARGET_QC
C384-053,DKNWSYNQZKUICI-UHFFFAOYSA-N__CHEMBL2179,amantadine,amantadine,GBA1,CHEMBL2179,ADDITIONAL_SOURCE_OR_CHEMICAL_SUPPORT,7.5,2,"Qualified matching reference, construct/activity, compound identity/solubility and buffer stability required before interpretation.",FOLLOW_UP_AFTER_TARGET_QC
C384-054,LEBVLXFERQHONN-UHFFFAOYSA-N__CHEMBL4393,bupivacaine,bupivacaine,MMP12,CHEMBL4393,ADDITIONAL_SOURCE_OR_CHEMICAL_SUPPORT,7.5,4,"Qualified matching reference, construct/activity, compound identity/solubility and buffer stability required before interpretation.",FOLLOW_UP_AFTER_TARGET_QC
C384-055,AYXYPKUFHZROOJ-ZETCQYMHSA-N__CHEMBL286,pregabalin,pregabalin,REN,CHEMBL286,ADDITIONAL_SOURCE_OR_CHEMICAL_SUPPORT,7.5,1,"Qualified matching reference, construct/activity, compound identity/solubility and buffer stability required before interpretation.",FOLLOW_UP_AFTER_TARGET_QC
C384-056,QZZUEBNBZAPZLX-QFIPXVFZSA-N__CHEMBL3553,indacaterol,indacaterol,TYK2,CHEMBL3553,ADDITIONAL_SOURCE_OR_CHEMICAL_SUPPORT,7.5,2,"Qualified matching reference, construct/activity, compound identity/solubility and buffer stability required before interpretation.",FOLLOW_UP_AFTER_TARGET_QC
C384-057,LOUPRKONTZGTKE-LHHVKLHASA-N__CHEMBL5311,quinidine,quinidine,ACVRL1,CHEMBL5311,ADDITIONAL_SOURCE_OR_CHEMICAL_SUPPORT,7.5,1,"Qualified matching reference, construct/activity, compound identity/solubility and buffer stability required before interpretation.",FOLLOW_UP_AFTER_TARGET_QC
C384-058,OYYDSUSKLWTMMQ-JKHIJQBDSA-N__CHEMBL5141,trospium,trospium,CYP26A1,CHEMBL5141,ADDITIONAL_SOURCE_OR_CHEMICAL_SUPPORT,7.5,4,"Qualified matching reference, construct/activity, compound identity/solubility and buffer stability required before interpretation.",FOLLOW_UP_AFTER_TARGET_QC
C384-059,NDCUAPJVLWFHHB-UHNVWZDZSA-N__CHEMBL284,avibactam,avibactam,DPP4,CHEMBL284,ADDITIONAL_SOURCE_OR_CHEMICAL_SUPPORT,7.5,2,"Qualified matching reference, construct/activity, compound identity/solubility and buffer stability required before interpretation.",FOLLOW_UP_AFTER_TARGET_QC
C384-060,SGUAFYQXFOLMHL-UHFFFAOYSA-N__CHEMBL5705,labetalol,labetalol,EGLN3,CHEMBL5705,ADDITIONAL_SOURCE_OR_CHEMICAL_SUPPORT,7.5,4,"Qualified matching reference, construct/activity, compound identity/solubility and buffer stability required before interpretation.",FOLLOW_UP_AFTER_TARGET_QC
C384-061,OPXLLQIJSORQAM-UHFFFAOYSA-N__CHEMBL4142,mebendazole,mebendazole,FGFR2,CHEMBL4142,ADDITIONAL_SOURCE_OR_CHEMICAL_SUPPORT,7.5,2,"Qualified matching reference, construct/activity, compound identity/solubility and buffer stability required before interpretation.",FOLLOW_UP_AFTER_TARGET_QC
C384-062,NQDJXKOVJZTUJA-UHFFFAOYSA-N__CHEMBL4282,nevirapine,nevirapine,AKT1,CHEMBL4282,ADDITIONAL_SOURCE_OR_CHEMICAL_SUPPORT,7.5,1,"Qualified matching reference, construct/activity, compound identity/solubility and buffer stability required before interpretation.",FOLLOW_UP_AFTER_TARGET_QC
C384-063,NBRBXGKOEOGLOI-UHFFFAOYSA-N__CHEMBL4247,dasabuvir,dasabuvir,ALK,CHEMBL4247,ADDITIONAL_SOURCE_OR_CHEMICAL_SUPPORT,7.5,1,"Qualified matching reference, construct/activity, compound identity/solubility and buffer stability required before interpretation.",FOLLOW_UP_AFTER_TARGET_QC
C384-064,ZZUFCTLCJUWOSV-UHFFFAOYSA-N__CHEMBL3991,furosemide,furosemide,F7,CHEMBL3991,ADDITIONAL_SOURCE_OR_CHEMICAL_SUPPORT,7.5,2,"Qualified matching reference, construct/activity, compound identity/solubility and buffer stability required before interpretation.",FOLLOW_UP_AFTER_TARGET_QC
C384-065,XZWYZXLIPXDOLR-UHFFFAOYSA-N__CHEMBL2971,metformin,metformin,JAK2,CHEMBL2971,ADDITIONAL_SOURCE_OR_CHEMICAL_SUPPORT,7.5,3,"Qualified matching reference, construct/activity, compound identity/solubility and buffer stability required before interpretation.",FOLLOW_UP_AFTER_TARGET_QC
C384-066,ZIAOVIPSKUPPQW-UHFFFAOYSA-N__CHEMBL2034,doravirine,doravirine,NR3C1,CHEMBL2034,ADDITIONAL_SOURCE_OR_CHEMICAL_SUPPORT,7.5,1,"Qualified matching reference, construct/activity, compound identity/solubility and buffer stability required before interpretation.",FOLLOW_UP_AFTER_TARGET_QC
C384-067,FNKQXYHWGSIFBK-RPDRRWSUSA-N__CHEMBL2527,sapropterin,sapropterin,CHEK2,CHEMBL2527,ADDITIONAL_SOURCE_OR_CHEMICAL_SUPPORT,7.5,1,"Qualified matching reference, construct/activity, compound identity/solubility and buffer stability required before interpretation.",FOLLOW_UP_AFTER_TARGET_QC
C384-068,GKCBAIGFKIBETG-UHFFFAOYSA-N__CHEMBL2821,tetracaine,tetracaine,F12,CHEMBL2821,ADDITIONAL_SOURCE_OR_CHEMICAL_SUPPORT,7.5,2,"Qualified matching reference, construct/activity, compound identity/solubility and buffer stability required before interpretation.",FOLLOW_UP_AFTER_TARGET_QC
C384-069,XFALPSLJIHVRKE-GFCCVEGCSA-N__CHEMBL402,tedizolid,tedizolid,HMGCR,CHEMBL402,ADDITIONAL_SOURCE_OR_CHEMICAL_SUPPORT,7.5,1,"Qualified matching reference, construct/activity, compound identity/solubility and buffer stability required before interpretation.",FOLLOW_UP_AFTER_TARGET_QC
C384-070,WGFOBBZOWHGYQH-MXHNKVEKSA-N__CHEMBL1994,lubiprostone,lubiprostone,NR3C2,CHEMBL1994,ADDITIONAL_SOURCE_OR_CHEMICAL_SUPPORT,7.5,2,"Qualified matching reference, construct/activity, compound identity/solubility and buffer stability required before interpretation.",FOLLOW_UP_AFTER_TARGET_QC
C384-071,JQSHBVHOMNKWFT-DTORHVGOSA-N__CHEMBL5608,varenicline,varenicline,NTRK3,CHEMBL5608,ADDITIONAL_SOURCE_OR_CHEMICAL_SUPPORT,7.5,3,"Qualified matching reference, construct/activity, compound identity/solubility and buffer stability required before interpretation.",FOLLOW_UP_AFTER_TARGET_QC
C384-072,LWQQLNNNIPYSNX-UROSTWAQSA-N__CHEMBL5705,calcipotriene,calcipotriene,EGLN3,CHEMBL5705,ADDITIONAL_SOURCE_OR_CHEMICAL_SUPPORT,7.25,5,"Qualified matching reference, construct/activity, compound identity/solubility and buffer stability required before interpretation.",FOLLOW_UP_AFTER_TARGET_QC
C384-073,JJVAPHYEOZSKJZ-JGCGQSQUSA-N__CHEMBL2695,zavegepant,zavegepant,PTK2,CHEMBL2695,ADDITIONAL_SOURCE_OR_CHEMICAL_SUPPORT,7.25,1,"Qualified matching reference, construct/activity, compound identity/solubility and buffer stability required before interpretation.",FOLLOW_UP_AFTER_TARGET_QC
C384-074,ZBMZVLHSJCTVON-UHFFFAOYSA-N__CHEMBL1994,sotalol,sotalol,NR3C2,CHEMBL1994,ADDITIONAL_SOURCE_OR_CHEMICAL_SUPPORT,7.0,3,"Qualified matching reference, construct/activity, compound identity/solubility and buffer stability required before interpretation.",FOLLOW_UP_AFTER_TARGET_QC
C384-075,LIOLIMKSCNQPLV-UHFFFAOYSA-N__CHEMBL2189110,capmatinib,capmatinib,EZH2,CHEMBL2189110,ADDITIONAL_SOURCE_OR_CHEMICAL_SUPPORT,7.0,2,"Qualified matching reference, construct/activity, compound identity/solubility and buffer stability required before interpretation.",FOLLOW_UP_AFTER_TARGET_QC
C384-076,FVTWTVQXNAJTQP-UHFFFAOYSA-N__CHEMBL5705,umeclidinium,umeclidinium,EGLN3,CHEMBL5705,ADDITIONAL_SOURCE_OR_CHEMICAL_SUPPORT,6.75,6,"Qualified matching reference, construct/activity, compound identity/solubility and buffer stability required before interpretation.",FOLLOW_UP_AFTER_TARGET_QC
C384-077,MVRHVFSOIWFBTE-INIZCTEOSA-N__CHEMBL3267,elexacaftor,elexacaftor,PIK3CG,CHEMBL3267,ADDITIONAL_SOURCE_OR_CHEMICAL_SUPPORT,6.75,1,"Qualified matching reference, construct/activity, compound identity/solubility and buffer stability required before interpretation.",FOLLOW_UP_AFTER_TARGET_QC
C384-078,AOMXMOCNKJTRQP-UHFFFAOYSA-N__CHEMBL1868,relugolix,relugolix,FLT1,CHEMBL1868,ADDITIONAL_SOURCE_OR_CHEMICAL_SUPPORT,6.75,2,"Qualified matching reference, construct/activity, compound identity/solubility and buffer stability required before interpretation.",FOLLOW_UP_AFTER_TARGET_QC
C384-079,IFSDAJWBUCMOAH-HNNXBMFYSA-N__CHEMBL3310,idelalisib,idelalisib,HDAC11,CHEMBL3310,ADDITIONAL_SOURCE_OR_CHEMICAL_SUPPORT,6.5,1,"Qualified matching reference, construct/activity, compound identity/solubility and buffer stability required before interpretation.",FOLLOW_UP_AFTER_TARGET_QC
C384-080,HEFNNWSXXWATRW-UHFFFAOYSA-N__CHEMBL3729,ibuprofen,ibuprofen,CA4,CHEMBL3729,ADDITIONAL_SOURCE_OR_CHEMICAL_SUPPORT,6.5,1,"Qualified matching reference, construct/activity, compound identity/solubility and buffer stability required before interpretation.",FOLLOW_UP_AFTER_TARGET_QC
C384-081,SJVQHLPISAIATJ-ZDUSSCGKSA-N__CHEMBL3310,duvelisib,duvelisib,HDAC11,CHEMBL3310,ADDITIONAL_SOURCE_OR_CHEMICAL_SUPPORT,6.5,2,"Qualified matching reference, construct/activity, compound identity/solubility and buffer stability required before interpretation.",FOLLOW_UP_AFTER_TARGET_QC
C384-082,RLAWWYSOJDYHDC-BZSNNMDCSA-N__CHEMBL286,lisinopril,lisinopril,REN,CHEMBL286,ADDITIONAL_SOURCE_OR_CHEMICAL_SUPPORT,6.5,2,"Qualified matching reference, construct/activity, compound identity/solubility and buffer stability required before interpretation.",FOLLOW_UP_AFTER_TARGET_QC
C384-083,AHOUBRCZNHFOSL-YOEHRIQHSA-N__CHEMBL2039,paroxetine,paroxetine,MAOB,CHEMBL2039,ADDITIONAL_SOURCE_OR_CHEMICAL_SUPPORT,6.5,1,"Qualified matching reference, construct/activity, compound identity/solubility and buffer stability required before interpretation.",FOLLOW_UP_AFTER_TARGET_QC
C384-084,SFNSLLSYNZWZQG-VQIMIIECSA-N__CHEMBL1936,glasdegib,glasdegib,KIT,CHEMBL1936,ADDITIONAL_SOURCE_OR_CHEMICAL_SUPPORT,6.5,1,"Qualified matching reference, construct/activity, compound identity/solubility and buffer stability required before interpretation.",FOLLOW_UP_AFTER_TARGET_QC
C384-085,DOUYETYNHWVLEO-UHFFFAOYSA-N__CHEMBL1782,imiquimod,imiquimod,FDPS,CHEMBL1782,ADDITIONAL_SOURCE_OR_CHEMICAL_SUPPORT,6.5,1,"Qualified matching reference, construct/activity, compound identity/solubility and buffer stability required before interpretation.",FOLLOW_UP_AFTER_TARGET_QC
C384-086,LOMMPXLFBTZENJ-ZACQAIPSSA-N__CHEMBL1871,belzutifan,belzutifan,AR,CHEMBL1871,ADDITIONAL_SOURCE_OR_CHEMICAL_SUPPORT,6.5,5,"Qualified matching reference, construct/activity, compound identity/solubility and buffer stability required before interpretation.",FOLLOW_UP_AFTER_TARGET_QC
C384-087,BFSMGDJOXZAERB-UHFFFAOYSA-N__CHEMBL4005,dabrafenib,dabrafenib,PIK3CA,CHEMBL4005,ADDITIONAL_SOURCE_OR_CHEMICAL_SUPPORT,6.25,2,"Qualified matching reference, construct/activity, compound identity/solubility and buffer stability required before interpretation.",FOLLOW_UP_AFTER_TARGET_QC
C384-088,AQNDDEOPVVGCPG-UHFFFAOYSA-N__CHEMBL3729,esmolol,esmolol,CA4,CHEMBL3729,EXPLORATORY_LIMITED_INDEPENDENT_SUPPORT,6.0,2,"Qualified matching reference, construct/activity, compound identity/solubility and buffer stability required before interpretation.",RESERVE_EXPLORATORY_EXPANSION_AFTER_INITIAL_RESULTS
C384-089,DRHKJLXJIQTDTD-OAHLLOKOSA-N__CHEMBL3729,tamsulosin,tamsulosin,CA4,CHEMBL3729,EXPLORATORY_LIMITED_INDEPENDENT_SUPPORT,6.0,3,"Qualified matching reference, construct/activity, compound identity/solubility and buffer stability required before interpretation.",RESERVE_EXPLORATORY_EXPANSION_AFTER_INITIAL_RESULTS
C384-090,HTIQEAQVCYTUBX-KRWDZBQOSA-N__CHEMBL2326,levamlodipine,levamlodipine,CA7,CHEMBL2326,EXPLORATORY_LIMITED_INDEPENDENT_SUPPORT,6.0,1,"Qualified matching reference, construct/activity, compound identity/solubility and buffer stability required before interpretation.",RESERVE_EXPLORATORY_EXPANSION_AFTER_INITIAL_RESULTS
C384-091,NQDJXKOVJZTUJA-UHFFFAOYSA-N__CHEMBL3522,nevirapine,nevirapine,CYP17A1,CHEMBL3522,EXPLORATORY_LIMITED_INDEPENDENT_SUPPORT,6.0,1,"Qualified matching reference, construct/activity, compound identity/solubility and buffer stability required before interpretation.",RESERVE_EXPLORATORY_EXPANSION_AFTER_INITIAL_RESULTS
C384-092,UVSMNLNDYGZFPF-UHFFFAOYSA-N__CHEMBL1937,pomalidomide,pomalidomide,HDAC2,CHEMBL1937,ADDITIONAL_SOURCE_OR_CHEMICAL_SUPPORT,6.0,1,"Qualified matching reference, construct/activity, compound identity/solubility and buffer stability required before interpretation.",FOLLOW_UP_AFTER_TARGET_QC
C384-093,IUBSYMUCCVWXPE-UHFFFAOYSA-N__CHEMBL3729,metoprolol,metoprolol,CA4,CHEMBL3729,EXPLORATORY_LIMITED_INDEPENDENT_SUPPORT,6.0,4,"Qualified matching reference, construct/activity, compound identity/solubility and buffer stability required before interpretation.",RESERVE_EXPLORATORY_EXPANSION_AFTER_INITIAL_RESULTS
C384-094,FBOUYBDGKBSUES-VXKWHMMOSA-N__CHEMBL2326,solifenacin,solifenacin,CA7,CHEMBL2326,EXPLORATORY_LIMITED_INDEPENDENT_SUPPORT,6.0,2,"Qualified matching reference, construct/activity, compound identity/solubility and buffer stability required before interpretation.",RESERVE_EXPLORATORY_EXPANSION_AFTER_INITIAL_RESULTS
C384-095,GPNHMOZDMYNCPO-PDUMRIMRSA-N__CHEMBL3522,clascoterone,clascoterone,CYP17A1,CHEMBL3522,EXPLORATORY_LIMITED_INDEPENDENT_SUPPORT,6.0,2,"Qualified matching reference, construct/activity, compound identity/solubility and buffer stability required before interpretation.",RESERVE_EXPLORATORY_EXPANSION_AFTER_INITIAL_RESULTS
C384-096,HTIQEAQVCYTUBX-KRWDZBQOSA-N__CHEMBL202,levamlodipine,levamlodipine,DHFR,CHEMBL202,EXPLORATORY_LIMITED_INDEPENDENT_SUPPORT,6.0,1,"Qualified matching reference, construct/activity, compound identity/solubility and buffer stability required before interpretation.",RESERVE_EXPLORATORY_EXPANSION_AFTER_INITIAL_RESULTS
C384-097,XHOLNRLADUSQLD-UHFFFAOYSA-N__CHEMBL3991,betrixaban,betrixaban,F7,CHEMBL3991,ADDITIONAL_SOURCE_OR_CHEMICAL_SUPPORT,6.0,3,"Qualified matching reference, construct/activity, compound identity/solubility and buffer stability required before interpretation.",FOLLOW_UP_AFTER_TARGET_QC
C384-098,HGVDHZBSSITLCT-JLJPHGGASA-N__CHEMBL3991,edoxaban,edoxaban,F7,CHEMBL3991,ADDITIONAL_SOURCE_OR_CHEMICAL_SUPPORT,6.0,4,"Qualified matching reference, construct/activity, compound identity/solubility and buffer stability required before interpretation.",FOLLOW_UP_AFTER_TARGET_QC
C384-099,RZVAJINKPMORJF-UHFFFAOYSA-N__CHEMBL2085,acetaminophen,acetaminophen,MIF,CHEMBL2085,EXPLORATORY_LIMITED_INDEPENDENT_SUPPORT,6.0,1,"Qualified matching reference, construct/activity, compound identity/solubility and buffer stability required before interpretation.",RESERVE_EXPLORATORY_EXPANSION_AFTER_INITIAL_RESULTS
C384-100,GCKFUYQCUCGESZ-BPIQYHPVSA-N__CHEMBL242,etonogestrel,etonogestrel,ESR2,CHEMBL242,EXPLORATORY_LIMITED_INDEPENDENT_SUPPORT,6.0,1,"Qualified matching reference, construct/activity, compound identity/solubility and buffer stability required before interpretation.",RESERVE_EXPLORATORY_EXPANSION_AFTER_INITIAL_RESULTS
C384-101,UEJJHQNACJXSKW-UHFFFAOYSA-N__CHEMBL1937,thalidomide,thalidomide,HDAC2,CHEMBL1937,ADDITIONAL_SOURCE_OR_CHEMICAL_SUPPORT,6.0,2,"Qualified matching reference, construct/activity, compound identity/solubility and buffer stability required before interpretation.",FOLLOW_UP_AFTER_TARGET_QC
C384-102,UIAGMCDKSXEBJQ-UHFFFAOYSA-N__CHEMBL2326,nimodipine,nimodipine,CA7,CHEMBL2326,EXPLORATORY_LIMITED_INDEPENDENT_SUPPORT,6.0,3,"Qualified matching reference, construct/activity, compound identity/solubility and buffer stability required before interpretation.",RESERVE_EXPLORATORY_EXPANSION_AFTER_INITIAL_RESULTS
C384-103,PYGWGZALEOIKDF-UHFFFAOYSA-N__CHEMBL1974,etravirine,etravirine,FLT3,CHEMBL1974,EXPLORATORY_LIMITED_INDEPENDENT_SUPPORT,6.0,3,"Qualified matching reference, construct/activity, compound identity/solubility and buffer stability required before interpretation.",RESERVE_EXPLORATORY_EXPANSION_AFTER_INITIAL_RESULTS
C384-104,YIBOMRUWOWDFLG-ONEGZZNKSA-N__CHEMBL2073,rilpivirine,rilpivirine,YES1,CHEMBL2073,EXPLORATORY_LIMITED_INDEPENDENT_SUPPORT,6.0,1,"Qualified matching reference, construct/activity, compound identity/solubility and buffer stability required before interpretation.",RESERVE_EXPLORATORY_EXPANSION_AFTER_INITIAL_RESULTS
C384-105,HCDMJFOHIXMBOV-UHFFFAOYSA-N__CHEMBL3116,pemigatinib,pemigatinib,CDK9,CHEMBL3116,EXPLORATORY_LIMITED_INDEPENDENT_SUPPORT,6.0,1,"Qualified matching reference, construct/activity, compound identity/solubility and buffer stability required before interpretation.",RESERVE_EXPLORATORY_EXPANSION_AFTER_INITIAL_RESULTS
C384-106,YIBOMRUWOWDFLG-ONEGZZNKSA-N__CHEMBL1841,rilpivirine,rilpivirine,FYN,CHEMBL1841,EXPLORATORY_LIMITED_INDEPENDENT_SUPPORT,6.0,1,"Qualified matching reference, construct/activity, compound identity/solubility and buffer stability required before interpretation.",RESERVE_EXPLORATORY_EXPANSION_AFTER_INITIAL_RESULTS
C384-107,GOTYRUGSSMKFNF-UHFFFAOYSA-N__CHEMBL1937,lenalidomide,lenalidomide,HDAC2,CHEMBL1937,ADDITIONAL_SOURCE_OR_CHEMICAL_SUPPORT,6.0,3,"Qualified matching reference, construct/activity, compound identity/solubility and buffer stability required before interpretation.",FOLLOW_UP_AFTER_TARGET_QC
C384-108,UTNUDOFZCWSZMS-YFHOEESVSA-N__CHEMBL1929,teriflunomide,teriflunomide,XDH,CHEMBL1929,EXPLORATORY_LIMITED_INDEPENDENT_SUPPORT,6.0,3,"Qualified matching reference, construct/activity, compound identity/solubility and buffer stability required before interpretation.",RESERVE_EXPLORATORY_EXPANSION_AFTER_INITIAL_RESULTS
C384-109,HFNKQEVNSGCOJV-OAHLLOKOSA-N__CHEMBL3310,ruxolitinib,ruxolitinib,HDAC11,CHEMBL3310,ADDITIONAL_SOURCE_OR_CHEMICAL_SUPPORT,6.0,3,"Qualified matching reference, construct/activity, compound identity/solubility and buffer stability required before interpretation.",FOLLOW_UP_AFTER_TARGET_QC
C384-110,NTJOBXMMWNYJFB-UHFFFAOYSA-N__CHEMBL205,amisulpride,amisulpride,CA2,CHEMBL205,ADDITIONAL_SOURCE_OR_CHEMICAL_SUPPORT,6.0,1,"Qualified matching reference, construct/activity, compound identity/solubility and buffer stability required before interpretation.",FOLLOW_UP_AFTER_TARGET_QC
C384-111,RLAWWYSOJDYHDC-BZSNNMDCSA-N__CHEMBL1994,lisinopril,lisinopril,NR3C2,CHEMBL1994,ADDITIONAL_SOURCE_OR_CHEMICAL_SUPPORT,6.0,4,"Qualified matching reference, construct/activity, compound identity/solubility and buffer stability required before interpretation.",FOLLOW_UP_AFTER_TARGET_QC
C384-112,SFNSLLSYNZWZQG-VQIMIIECSA-N__CHEMBL1974,glasdegib,glasdegib,FLT3,CHEMBL1974,ADDITIONAL_SOURCE_OR_CHEMICAL_SUPPORT,6.0,4,"Qualified matching reference, construct/activity, compound identity/solubility and buffer stability required before interpretation.",FOLLOW_UP_AFTER_TARGET_QC
C384-113,HTIQEAQVCYTUBX-UHFFFAOYSA-N__CHEMBL3242,amlodipine,amlodipine,CA12,CHEMBL3242,ADDITIONAL_SOURCE_OR_CHEMICAL_SUPPORT,6.0,1,"Qualified matching reference, construct/activity, compound identity/solubility and buffer stability required before interpretation.",FOLLOW_UP_AFTER_TARGET_QC
C384-114,SFNSLLSYNZWZQG-VQIMIIECSA-N__CHEMBL2007,glasdegib,glasdegib,PDGFRA,CHEMBL2007,ADDITIONAL_SOURCE_OR_CHEMICAL_SUPPORT,6.0,2,"Qualified matching reference, construct/activity, compound identity/solubility and buffer stability required before interpretation.",FOLLOW_UP_AFTER_TARGET_QC
C384-115,DKYWVDODHFEZIM-UHFFFAOYSA-N__CHEMBL235,ketoprofen,ketoprofen,PPARG,CHEMBL235,ADDITIONAL_SOURCE_OR_CHEMICAL_SUPPORT,6.0,3,"Qualified matching reference, construct/activity, compound identity/solubility and buffer stability required before interpretation.",FOLLOW_UP_AFTER_TARGET_QC
C384-116,BFSMGDJOXZAERB-UHFFFAOYSA-N__CHEMBL325,dabrafenib,dabrafenib,HDAC1,CHEMBL325,ADDITIONAL_SOURCE_OR_CHEMICAL_SUPPORT,5.75,1,"Qualified matching reference, construct/activity, compound identity/solubility and buffer stability required before interpretation.",FOLLOW_UP_AFTER_TARGET_QC
C384-117,RMMXLENWKUUMAY-UHFFFAOYSA-N__CHEMBL1944,telmisartan,telmisartan,MME,CHEMBL1944,ADDITIONAL_SOURCE_OR_CHEMICAL_SUPPORT,5.75,2,"Qualified matching reference, construct/activity, compound identity/solubility and buffer stability required before interpretation.",FOLLOW_UP_AFTER_TARGET_QC
C384-118,HHZIURLSWUIHRB-UHFFFAOYSA-N__CHEMBL3972,nilotinib,nilotinib,GART,CHEMBL3972,ADDITIONAL_SOURCE_OR_CHEMICAL_SUPPORT,5.75,1,"Qualified matching reference, construct/activity, compound identity/solubility and buffer stability required before interpretation.",FOLLOW_UP_AFTER_TARGET_QC
C384-119,UCJGJABZCDBEDK-UHFFFAOYSA-N__CHEMBL2041,bazedoxifene,bazedoxifene,RET,CHEMBL2041,ADDITIONAL_SOURCE_OR_CHEMICAL_SUPPORT,5.75,1,"Qualified matching reference, construct/activity, compound identity/solubility and buffer stability required before interpretation.",FOLLOW_UP_AFTER_TARGET_QC
C384-120,GZUITABIAKMVPG-UHFFFAOYSA-N__CHEMBL2041,raloxifene,raloxifene,RET,CHEMBL2041,ADDITIONAL_SOURCE_OR_CHEMICAL_SUPPORT,5.75,2,"Qualified matching reference, construct/activity, compound identity/solubility and buffer stability required before interpretation.",FOLLOW_UP_AFTER_TARGET_QC
C384-121,GDLBFKVLRPITMI-UHFFFAOYSA-N__CHEMBL1844,diazoxide,diazoxide,CSF1R,CHEMBL1844,ADDITIONAL_SOURCE_OR_CHEMICAL_SUPPORT,5.5,1,"Qualified matching reference, construct/activity, compound identity/solubility and buffer stability required before interpretation.",FOLLOW_UP_AFTER_TARGET_QC
C384-122,KVWDHTXUZHCGIO-UHFFFAOYSA-N__CHEMBL2292,olanzapine,olanzapine,DYRK1A,CHEMBL2292,ADDITIONAL_SOURCE_OR_CHEMICAL_SUPPORT,5.5,1,"Qualified matching reference, construct/activity, compound identity/solubility and buffer stability required before interpretation.",FOLLOW_UP_AFTER_TARGET_QC
C384-123,AQNDDEOPVVGCPG-UHFFFAOYSA-N__CHEMBL2326,esmolol,esmolol,CA7,CHEMBL2326,EXPLORATORY_LIMITED_INDEPENDENT_SUPPORT,5.5,4,"Qualified matching reference, construct/activity, compound identity/solubility and buffer stability required before interpretation.",RESERVE_EXPLORATORY_EXPANSION_AFTER_INITIAL_RESULTS
C384-124,NBRBXGKOEOGLOI-UHFFFAOYSA-N__CHEMBL208,dasabuvir,dasabuvir,PGR,CHEMBL208,EXPLORATORY_LIMITED_INDEPENDENT_SUPPORT,5.5,1,"Qualified matching reference, construct/activity, compound identity/solubility and buffer stability required before interpretation.",RESERVE_EXPLORATORY_EXPANSION_AFTER_INITIAL_RESULTS
C384-125,IOOWNWLVCOUUEX-WPRPVWTQSA-N__CHEMBL261,vaborbactam,vaborbactam,CA1,CHEMBL261,EXPLORATORY_LIMITED_INDEPENDENT_SUPPORT,5.5,2,"Qualified matching reference, construct/activity, compound identity/solubility and buffer stability required before interpretation.",RESERVE_EXPLORATORY_EXPANSION_AFTER_INITIAL_RESULTS
C384-126,IUBSYMUCCVWXPE-UHFFFAOYSA-N__CHEMBL2326,metoprolol,metoprolol,CA7,CHEMBL2326,EXPLORATORY_LIMITED_INDEPENDENT_SUPPORT,5.5,5,"Qualified matching reference, construct/activity, compound identity/solubility and buffer stability required before interpretation.",RESERVE_EXPLORATORY_EXPANSION_AFTER_INITIAL_RESULTS
C384-127,IAKHMKGGTNLKSZ-INIZCTEOSA-N__CHEMBL1902,colchicine,colchicine,FKBP1A,CHEMBL1902,EXPLORATORY_LIMITED_INDEPENDENT_SUPPORT,5.5,1,"Qualified matching reference, construct/activity, compound identity/solubility and buffer stability required before interpretation.",RESERVE_EXPLORATORY_EXPANSION_AFTER_INITIAL_RESULTS
C384-128,UJVDJAPJQWZRFR-DHIUTWEWSA-N__CHEMBL1808,macimorelin,macimorelin,ACE,CHEMBL1808,EXPLORATORY_LIMITED_INDEPENDENT_SUPPORT,5.25,2,"Qualified matching reference, construct/activity, compound identity/solubility and buffer stability required before interpretation.",RESERVE_EXPLORATORY_EXPANSION_AFTER_INITIAL_RESULTS
C384-129,CJBJHOAVZSMMDJ-HEXNFIEUSA-N__CHEMBL1902,darunavir,darunavir,FKBP1A,CHEMBL1902,EXPLORATORY_LIMITED_INDEPENDENT_SUPPORT,5.25,2,"Qualified matching reference, construct/activity, compound identity/solubility and buffer stability required before interpretation.",RESERVE_EXPLORATORY_EXPANSION_AFTER_INITIAL_RESULTS
C384-130,GPXBXXGIAQBQNI-UHFFFAOYSA-N__CHEMBL4005,vemurafenib,vemurafenib,PIK3CA,CHEMBL4005,ADDITIONAL_SOURCE_OR_CHEMICAL_SUPPORT,5.25,3,"Qualified matching reference, construct/activity, compound identity/solubility and buffer stability required before interpretation.",FOLLOW_UP_AFTER_TARGET_QC
C384-131,DEVSOMFAQLZNKR-RJRFIUFISA-N__CHEMBL5145,selinexor,selinexor,BRAF,CHEMBL5145,ADDITIONAL_SOURCE_OR_CHEMICAL_SUPPORT,5.0,1,"Qualified matching reference, construct/activity, compound identity/solubility and buffer stability required before interpretation.",FOLLOW_UP_AFTER_TARGET_QC
C384-132,HSUGRBWQSSZJOP-RTWAWAEBSA-N__CHEMBL4393,diltiazem,diltiazem,MMP12,CHEMBL4393,ADDITIONAL_SOURCE_OR_CHEMICAL_SUPPORT,5.0,5,"Qualified matching reference, construct/activity, compound identity/solubility and buffer stability required before interpretation.",FOLLOW_UP_AFTER_TARGET_QC
C384-133,XXSMGPRMXLTPCZ-UHFFFAOYSA-N__CHEMBL3553,hydroxychloroquine,hydroxychloroquine,TYK2,CHEMBL3553,ADDITIONAL_SOURCE_OR_CHEMICAL_SUPPORT,5.0,3,"Qualified matching reference, construct/activity, compound identity/solubility and buffer stability required before interpretation.",FOLLOW_UP_AFTER_TARGET_QC
C384-134,JQSHBVHOMNKWFT-DTORHVGOSA-N__CHEMBL3535,varenicline,varenicline,PDE9A,CHEMBL3535,ADDITIONAL_SOURCE_OR_CHEMICAL_SUPPORT,5.0,1,"Qualified matching reference, construct/activity, compound identity/solubility and buffer stability required before interpretation.",FOLLOW_UP_AFTER_TARGET_QC
C384-135,ZBMZVLHSJCTVON-UHFFFAOYSA-N__CHEMBL1935,sotalol,sotalol,ALDH2,CHEMBL1935,ADDITIONAL_SOURCE_OR_CHEMICAL_SUPPORT,5.0,2,"Qualified matching reference, construct/activity, compound identity/solubility and buffer stability required before interpretation.",FOLLOW_UP_AFTER_TARGET_QC
C384-136,DYLUUSLLRIQKOE-UHFFFAOYSA-N__CHEMBL5145,enasidenib,enasidenib,BRAF,CHEMBL5145,ADDITIONAL_SOURCE_OR_CHEMICAL_SUPPORT,5.0,2,"Qualified matching reference, construct/activity, compound identity/solubility and buffer stability required before interpretation.",FOLLOW_UP_AFTER_TARGET_QC
C384-137,VWVSBHGCDBMOOT-IIEHVVJPSA-N__CHEMBL3045,desoximetasone,desoximetasone,PRKCB,CHEMBL3045,ADDITIONAL_SOURCE_OR_CHEMICAL_SUPPORT,5.0,1,"Qualified matching reference, construct/activity, compound identity/solubility and buffer stability required before interpretation.",FOLLOW_UP_AFTER_TARGET_QC
C384-138,OJFSXZCBGQGRNV-UHFFFAOYSA-N__CHEMBL2243,carbinoxamine,carbinoxamine,FAAH,CHEMBL2243,EXPLORATORY_LIMITED_INDEPENDENT_SUPPORT,5.0,1,"Qualified matching reference, construct/activity, compound identity/solubility and buffer stability required before interpretation.",RESERVE_EXPLORATORY_EXPANSION_AFTER_INITIAL_RESULTS
C384-139,XKLMZUWKNUAPSZ-UHFFFAOYSA-N__CHEMBL279,ranolazine,ranolazine,KDR,CHEMBL279,EXPLORATORY_LIMITED_INDEPENDENT_SUPPORT,5.0,1,"Qualified matching reference, construct/activity, compound identity/solubility and buffer stability required before interpretation.",RESERVE_EXPLORATORY_EXPANSION_AFTER_INITIAL_RESULTS
C384-140,RHWKPHLQXYSBKR-BMIGLBTASA-N__CHEMBL2276,dolutegravir,dolutegravir,MAPK8,CHEMBL2276,EXPLORATORY_LIMITED_INDEPENDENT_SUPPORT,5.0,1,"Qualified matching reference, construct/activity, compound identity/solubility and buffer stability required before interpretation.",RESERVE_EXPLORATORY_EXPANSION_AFTER_INITIAL_RESULTS
C384-141,HCDMJFOHIXMBOV-UHFFFAOYSA-N__CHEMBL241,pemigatinib,pemigatinib,PDE3A,CHEMBL241,EXPLORATORY_LIMITED_INDEPENDENT_SUPPORT,5.0,1,"Qualified matching reference, construct/activity, compound identity/solubility and buffer stability required before interpretation.",RESERVE_EXPLORATORY_EXPANSION_AFTER_INITIAL_RESULTS
C384-142,DJXRIQMCROIRCZ-XOEOCAAJSA-N__CHEMBL1994,vibegron,vibegron,NR3C2,CHEMBL1994,EXPLORATORY_LIMITED_INDEPENDENT_SUPPORT,5.0,5,"Qualified matching reference, construct/activity, compound identity/solubility and buffer stability required before interpretation.",RESERVE_EXPLORATORY_EXPANSION_AFTER_INITIAL_RESULTS
C384-143,AHJRHEGDXFFMBM-UHFFFAOYSA-N__CHEMBL286,palbociclib,palbociclib,REN,CHEMBL286,EXPLORATORY_LIMITED_INDEPENDENT_SUPPORT,5.0,3,"Qualified matching reference, construct/activity, compound identity/solubility and buffer stability required before interpretation.",RESERVE_EXPLORATORY_EXPANSION_AFTER_INITIAL_RESULTS
C384-144,HTIQEAQVCYTUBX-KRWDZBQOSA-N__CHEMBL261,levamlodipine,levamlodipine,CA1,CHEMBL261,EXPLORATORY_LIMITED_INDEPENDENT_SUPPORT,5.0,3,"Qualified matching reference, construct/activity, compound identity/solubility and buffer stability required before interpretation.",RESERVE_EXPLORATORY_EXPANSION_AFTER_INITIAL_RESULTS
C384-145,WAEXFXRVDQXREF-UHFFFAOYSA-N__CHEMBL4791,vorinostat,vorinostat,ECE1,CHEMBL4791,EXPLORATORY_LIMITED_INDEPENDENT_SUPPORT,5.0,1,"Qualified matching reference, construct/activity, compound identity/solubility and buffer stability required before interpretation.",RESERVE_EXPLORATORY_EXPANSION_AFTER_INITIAL_RESULTS
C384-146,SGUAFYQXFOLMHL-UHFFFAOYSA-N__CHEMBL261,labetalol,labetalol,CA1,CHEMBL261,EXPLORATORY_LIMITED_INDEPENDENT_SUPPORT,5.0,4,"Qualified matching reference, construct/activity, compound identity/solubility and buffer stability required before interpretation.",RESERVE_EXPLORATORY_EXPANSION_AFTER_INITIAL_RESULTS
C384-147,YIBOMRUWOWDFLG-ONEGZZNKSA-N__CHEMBL4179,rilpivirine,rilpivirine,MAPK9,CHEMBL4179,EXPLORATORY_LIMITED_INDEPENDENT_SUPPORT,5.0,1,"Qualified matching reference, construct/activity, compound identity/solubility and buffer stability required before interpretation.",RESERVE_EXPLORATORY_EXPANSION_AFTER_INITIAL_RESULTS
C384-148,WEAJZXNPAWBCOA-INIZCTEOSA-N__CHEMBL3535,avanafil,avanafil,PDE9A,CHEMBL3535,EXPLORATORY_LIMITED_INDEPENDENT_SUPPORT,5.0,2,"Qualified matching reference, construct/activity, compound identity/solubility and buffer stability required before interpretation.",RESERVE_EXPLORATORY_EXPANSION_AFTER_INITIAL_RESULTS
C384-149,INJOMKTZOLKMBF-UHFFFAOYSA-N__CHEMBL2973,guanfacine,guanfacine,ROCK2,CHEMBL2973,EXPLORATORY_LIMITED_INDEPENDENT_SUPPORT,5.0,1,"Qualified matching reference, construct/activity, compound identity/solubility and buffer stability required before interpretation.",RESERVE_EXPLORATORY_EXPANSION_AFTER_INITIAL_RESULTS
C384-150,GNXFOGHNGIVQEH-UHFFFAOYSA-N__CHEMBL2326,methocarbamol,methocarbamol,CA7,CHEMBL2326,EXPLORATORY_LIMITED_INDEPENDENT_SUPPORT,5.0,6,"Qualified matching reference, construct/activity, compound identity/solubility and buffer stability required before interpretation.",RESERVE_EXPLORATORY_EXPANSION_AFTER_INITIAL_RESULTS
C384-151,XKLMZUWKNUAPSZ-UHFFFAOYSA-N__CHEMBL2326,ranolazine,ranolazine,CA7,CHEMBL2326,EXPLORATORY_LIMITED_INDEPENDENT_SUPPORT,5.0,7,"Qualified matching reference, construct/activity, compound identity/solubility and buffer stability required before interpretation.",RESERVE_EXPLORATORY_EXPANSION_AFTER_INITIAL_RESULTS
C384-152,YIBOMRUWOWDFLG-ONEGZZNKSA-N__CHEMBL2276,rilpivirine,rilpivirine,MAPK8,CHEMBL2276,EXPLORATORY_LIMITED_INDEPENDENT_SUPPORT,5.0,2,"Qualified matching reference, construct/activity, compound identity/solubility and buffer stability required before interpretation.",RESERVE_EXPLORATORY_EXPANSION_AFTER_INITIAL_RESULTS
C384-153,NBRBXGKOEOGLOI-UHFFFAOYSA-N__CHEMBL2034,dasabuvir,dasabuvir,NR3C1,CHEMBL2034,EXPLORATORY_LIMITED_INDEPENDENT_SUPPORT,5.0,2,"Qualified matching reference, construct/activity, compound identity/solubility and buffer stability required before interpretation.",RESERVE_EXPLORATORY_EXPANSION_AFTER_INITIAL_RESULTS
C384-154,HYHMLYSLQUKXKP-UHFFFAOYSA-N__CHEMBL283,bempedoic acid,bempedoic acid,MMP3,CHEMBL283,ADDITIONAL_SOURCE_OR_CHEMICAL_SUPPORT,4.75,1,"Qualified matching reference, construct/activity, compound identity/solubility and buffer stability required before interpretation.",FOLLOW_UP_AFTER_TARGET_QC
C384-155,HYHMLYSLQUKXKP-UHFFFAOYSA-N__CHEMBL402,bempedoic acid,bempedoic acid,HMGCR,CHEMBL402,ADDITIONAL_SOURCE_OR_CHEMICAL_SUPPORT,4.75,2,"Qualified matching reference, construct/activity, compound identity/solubility and buffer stability required before interpretation.",FOLLOW_UP_AFTER_TARGET_QC
C384-156,BQJCRHHNABKAKU-KBQPJGBKSA-N__CHEMBL2326,morphine,morphine,CA7,CHEMBL2326,EXPLORATORY_LIMITED_INDEPENDENT_SUPPORT,4.5,8,"Qualified matching reference, construct/activity, compound identity/solubility and buffer stability required before interpretation.",RESERVE_EXPLORATORY_EXPANSION_AFTER_INITIAL_RESULTS
C384-157,BRUQQQPBMZOVGD-XFKAJCMBSA-N__CHEMBL2326,oxycodone,oxycodone,CA7,CHEMBL2326,EXPLORATORY_LIMITED_INDEPENDENT_SUPPORT,4.5,9,"Qualified matching reference, construct/activity, compound identity/solubility and buffer stability required before interpretation.",RESERVE_EXPLORATORY_EXPANSION_AFTER_INITIAL_RESULTS
C384-158,JVLBPIPGETUEET-WIXLDOGYSA-O__CHEMBL1902,methylnaltrexone,methylnaltrexone,FKBP1A,CHEMBL1902,EXPLORATORY_LIMITED_INDEPENDENT_SUPPORT,4.5,3,"Qualified matching reference, construct/activity, compound identity/solubility and buffer stability required before interpretation.",RESERVE_EXPLORATORY_EXPANSION_AFTER_INITIAL_RESULTS
C384-159,SOLUWJRYJLAZCX-LYOVBCGYSA-N__CHEMBL2189110,bictegravir,bictegravir,EZH2,CHEMBL2189110,EXPLORATORY_LIMITED_INDEPENDENT_SUPPORT,4.5,3,"Qualified matching reference, construct/activity, compound identity/solubility and buffer stability required before interpretation.",RESERVE_EXPLORATORY_EXPANSION_AFTER_INITIAL_RESULTS
C384-160,XUZMWHLSFXCVMG-UHFFFAOYSA-N__CHEMBL325,baricitinib,baricitinib,HDAC1,CHEMBL325,EXPLORATORY_LIMITED_INDEPENDENT_SUPPORT,4.5,2,"Qualified matching reference, construct/activity, compound identity/solubility and buffer stability required before interpretation.",RESERVE_EXPLORATORY_EXPANSION_AFTER_INITIAL_RESULTS
C384-161,QTGIAADRBBLJGA-UHFFFAOYSA-N__CHEMBL1944,articaine,articaine,MME,CHEMBL1944,EXPLORATORY_LIMITED_INDEPENDENT_SUPPORT,4.5,3,"Qualified matching reference, construct/activity, compound identity/solubility and buffer stability required before interpretation.",RESERVE_EXPLORATORY_EXPANSION_AFTER_INITIAL_RESULTS
C384-162,LEBVLXFERQHONN-UHFFFAOYSA-N__CHEMBL2252,bupivacaine,bupivacaine,CTSC,CHEMBL2252,EXPLORATORY_LIMITED_INDEPENDENT_SUPPORT,4.5,1,"Qualified matching reference, construct/activity, compound identity/solubility and buffer stability required before interpretation.",RESERVE_EXPLORATORY_EXPANSION_AFTER_INITIAL_RESULTS
C384-163,LOMMPXLFBTZENJ-ZACQAIPSSA-N__CHEMBL208,belzutifan,belzutifan,PGR,CHEMBL208,EXPLORATORY_LIMITED_INDEPENDENT_SUPPORT,4.5,2,"Qualified matching reference, construct/activity, compound identity/solubility and buffer stability required before interpretation.",RESERVE_EXPLORATORY_EXPANSION_AFTER_INITIAL_RESULTS
C384-164,HWXVIOGONBBTBY-ONEGZZNKSA-N__CHEMBL2326,pacritinib,pacritinib,CA7,CHEMBL2326,EXPLORATORY_LIMITED_INDEPENDENT_SUPPORT,4.5,10,"Qualified matching reference, construct/activity, compound identity/solubility and buffer stability required before interpretation.",RESERVE_EXPLORATORY_EXPANSION_AFTER_INITIAL_RESULTS
C384-165,XUZMWHLSFXCVMG-UHFFFAOYSA-N__CHEMBL3310,baricitinib,baricitinib,HDAC11,CHEMBL3310,EXPLORATORY_LIMITED_INDEPENDENT_SUPPORT,4.5,4,"Qualified matching reference, construct/activity, compound identity/solubility and buffer stability required before interpretation.",RESERVE_EXPLORATORY_EXPANSION_AFTER_INITIAL_RESULTS
C384-166,SOLUWJRYJLAZCX-LYOVBCGYSA-N__CHEMBL3717,bictegravir,bictegravir,MET,CHEMBL3717,EXPLORATORY_LIMITED_INDEPENDENT_SUPPORT,4.5,1,"Qualified matching reference, construct/activity, compound identity/solubility and buffer stability required before interpretation.",RESERVE_EXPLORATORY_EXPANSION_AFTER_INITIAL_RESULTS
C384-167,KRNAOFGYEFKHPB-ANJVHQHFSA-N__CHEMBL286,rimegepant,rimegepant,REN,CHEMBL286,EXPLORATORY_LIMITED_INDEPENDENT_SUPPORT,4.5,4,"Qualified matching reference, construct/activity, compound identity/solubility and buffer stability required before interpretation.",RESERVE_EXPLORATORY_EXPANSION_AFTER_INITIAL_RESULTS
C384-168,CEUORZQYGODEFX-UHFFFAOYSA-N__CHEMBL2039,aripiprazole,aripiprazole;aripiprazole lauroxil,MAOB,CHEMBL2039,ADDITIONAL_SOURCE_OR_CHEMICAL_SUPPORT,4.5,2,"Qualified matching reference, construct/activity, compound identity/solubility and buffer stability required before interpretation.",FOLLOW_UP_AFTER_TARGET_QC
C384-169,JQSHBVHOMNKWFT-DTORHVGOSA-N__CHEMBL4245,varenicline,varenicline,ESRRG,CHEMBL4245,ADDITIONAL_SOURCE_OR_CHEMICAL_SUPPORT,4.5,1,"Qualified matching reference, construct/activity, compound identity/solubility and buffer stability required before interpretation.",FOLLOW_UP_AFTER_TARGET_QC
C384-170,YBBLVLTVTVSKRW-UHFFFAOYSA-N__CHEMBL4247,anastrozole,anastrozole,ALK,CHEMBL4247,ADDITIONAL_SOURCE_OR_CHEMICAL_SUPPORT,4.5,2,"Qualified matching reference, construct/activity, compound identity/solubility and buffer stability required before interpretation.",FOLLOW_UP_AFTER_TARGET_QC
C384-171,CEUORZQYGODEFX-UHFFFAOYSA-N__CHEMBL2695,aripiprazole,aripiprazole;aripiprazole lauroxil,PTK2,CHEMBL2695,ADDITIONAL_SOURCE_OR_CHEMICAL_SUPPORT,4.5,2,"Qualified matching reference, construct/activity, compound identity/solubility and buffer stability required before interpretation.",FOLLOW_UP_AFTER_TARGET_QC
C384-172,AURFZBICLPNKBZ-SYBPFIFISA-N__CHEMBL206,brexanolone,brexanolone,ESR1,CHEMBL206,ADDITIONAL_SOURCE_OR_CHEMICAL_SUPPORT,4.5,2,"Qualified matching reference, construct/activity, compound identity/solubility and buffer stability required before interpretation.",FOLLOW_UP_AFTER_TARGET_QC
C384-173,URKOMYMAXPYINW-UHFFFAOYSA-N__CHEMBL4245,quetiapine,quetiapine,ESRRG,CHEMBL4245,ADDITIONAL_SOURCE_OR_CHEMICAL_SUPPORT,4.5,2,"Qualified matching reference, construct/activity, compound identity/solubility and buffer stability required before interpretation.",FOLLOW_UP_AFTER_TARGET_QC
C384-174,DQCKKXVULJGBQN-XFWGSAIBSA-N__CHEMBL3535,naltrexone,naltrexone,PDE9A,CHEMBL3535,ADDITIONAL_SOURCE_OR_CHEMICAL_SUPPORT,4.5,3,"Qualified matching reference, construct/activity, compound identity/solubility and buffer stability required before interpretation.",FOLLOW_UP_AFTER_TARGET_QC
C384-175,XRVDGNKRPOAQTN-FQEVSTJZSA-N__CHEMBL3045,ozanimod,ozanimod,PRKCB,CHEMBL3045,ADDITIONAL_SOURCE_OR_CHEMICAL_SUPPORT,4.5,2,"Qualified matching reference, construct/activity, compound identity/solubility and buffer stability required before interpretation.",FOLLOW_UP_AFTER_TARGET_QC
C384-176,DUGOZIWVEXMGBE-CHWSQXEVSA-N__CHEMBL4816,dexmethylphenidate,dexmethylphenidate;serdexmethylphenidate,AKT3,CHEMBL4816,ADDITIONAL_SOURCE_OR_CHEMICAL_SUPPORT,4.5,1,"Qualified matching reference, construct/activity, compound identity/solubility and buffer stability required before interpretation.",FOLLOW_UP_AFTER_TARGET_QC
C384-177,JQSHBVHOMNKWFT-DTORHVGOSA-N__CHEMBL2208,varenicline,varenicline,MAPKAPK2,CHEMBL2208,ADDITIONAL_SOURCE_OR_CHEMICAL_SUPPORT,4.5,1,"Qualified matching reference, construct/activity, compound identity/solubility and buffer stability required before interpretation.",FOLLOW_UP_AFTER_TARGET_QC
C384-178,PZBCKZWLPGJMAO-UHFFFAOYSA-N__CHEMBL5608,copanlisib,copanlisib,NTRK3,CHEMBL5608,ADDITIONAL_SOURCE_OR_CHEMICAL_SUPPORT,4.5,4,"Qualified matching reference, construct/activity, compound identity/solubility and buffer stability required before interpretation.",FOLLOW_UP_AFTER_TARGET_QC
C384-179,HMABYWSNWIZPAG-UHFFFAOYSA-N__CHEMBL3145,rucaparib,rucaparib,PIK3CB,CHEMBL3145,ADDITIONAL_SOURCE_OR_CHEMICAL_SUPPORT,4.5,1,"Qualified matching reference, construct/activity, compound identity/solubility and buffer stability required before interpretation.",FOLLOW_UP_AFTER_TARGET_QC
C384-180,CMHHMUWAYWTMGS-UHFFFAOYSA-N__CHEMBL3979,benoxinate,benoxinate,PPARD,CHEMBL3979,ADDITIONAL_SOURCE_OR_CHEMICAL_SUPPORT,4.5,1,"Qualified matching reference, construct/activity, compound identity/solubility and buffer stability required before interpretation.",FOLLOW_UP_AFTER_TARGET_QC
C384-181,LXBIFEVIBLOUGU-DPYQTVNSSA-N__CHEMBL5216,migalastat,migalastat,UMPS,CHEMBL5216,ADDITIONAL_SOURCE_OR_CHEMICAL_SUPPORT,4.5,1,"Qualified matching reference, construct/activity, compound identity/solubility and buffer stability required before interpretation.",FOLLOW_UP_AFTER_TARGET_QC
C384-182,CYHWMBVXXDIZNZ-KRWDZBQOSA-N__CHEMBL3535,remimazolam,remimazolam,PDE9A,CHEMBL3535,ADDITIONAL_SOURCE_OR_CHEMICAL_SUPPORT,4.5,4,"Qualified matching reference, construct/activity, compound identity/solubility and buffer stability required before interpretation.",FOLLOW_UP_AFTER_TARGET_QC
C384-183,IQPSEEYGBUAQFF-UHFFFAOYSA-N__CHEMBL4481,pantoprazole,pantoprazole,NOS2,CHEMBL4481,ADDITIONAL_SOURCE_OR_CHEMICAL_SUPPORT,4.5,1,"Qualified matching reference, construct/activity, compound identity/solubility and buffer stability required before interpretation.",FOLLOW_UP_AFTER_TARGET_QC
C384-184,VSWBSWWIRNCQIJ-HUUCEWRRSA-N__CHEMBL1994,asenapine,asenapine,NR3C2,CHEMBL1994,ADDITIONAL_SOURCE_OR_CHEMICAL_SUPPORT,4.5,6,"Qualified matching reference, construct/activity, compound identity/solubility and buffer stability required before interpretation.",FOLLOW_UP_AFTER_TARGET_QC
C384-185,XJGVXQDUIWGIRW-UHFFFAOYSA-N__CHEMBL5608,loxapine,loxapine,NTRK3,CHEMBL5608,ADDITIONAL_SOURCE_OR_CHEMICAL_SUPPORT,4.5,5,"Qualified matching reference, construct/activity, compound identity/solubility and buffer stability required before interpretation.",FOLLOW_UP_AFTER_TARGET_QC
C384-186,MSYKRHVOOPPJKU-BDAKNGLRSA-N__CHEMBL3535,brivaracetam,brivaracetam,PDE9A,CHEMBL3535,ADDITIONAL_SOURCE_OR_CHEMICAL_SUPPORT,4.5,5,"Qualified matching reference, construct/activity, compound identity/solubility and buffer stability required before interpretation.",FOLLOW_UP_AFTER_TARGET_QC
C384-187,HPHUVLMMVZITSG-LURJTMIESA-N__CHEMBL3535,levetiracetam,levetiracetam,PDE9A,CHEMBL3535,ADDITIONAL_SOURCE_OR_CHEMICAL_SUPPORT,4.5,6,"Qualified matching reference, construct/activity, compound identity/solubility and buffer stability required before interpretation.",FOLLOW_UP_AFTER_TARGET_QC
C384-188,DEVSOMFAQLZNKR-RJRFIUFISA-N__CHEMBL1862,selinexor,selinexor,ABL1,CHEMBL1862,ADDITIONAL_SOURCE_OR_CHEMICAL_SUPPORT,4.5,1,"Qualified matching reference, construct/activity, compound identity/solubility and buffer stability required before interpretation.",FOLLOW_UP_AFTER_TARGET_QC
C384-189,PZBCKZWLPGJMAO-UHFFFAOYSA-N__CHEMBL4898,copanlisib,copanlisib,NTRK2,CHEMBL4898,ADDITIONAL_SOURCE_OR_CHEMICAL_SUPPORT,4.5,3,"Qualified matching reference, construct/activity, compound identity/solubility and buffer stability required before interpretation.",FOLLOW_UP_AFTER_TARGET_QC
C384-190,XZWYZXLIPXDOLR-UHFFFAOYSA-N__CHEMBL1974,metformin,metformin,FLT3,CHEMBL1974,ADDITIONAL_SOURCE_OR_CHEMICAL_SUPPORT,4.5,5,"Qualified matching reference, construct/activity, compound identity/solubility and buffer stability required before interpretation.",FOLLOW_UP_AFTER_TARGET_QC
C384-191,STUWGJZDJHPWGZ-LBPRGKRZSA-N__CHEMBL4393,alpelisib,alpelisib,MMP12,CHEMBL4393,ADDITIONAL_SOURCE_OR_CHEMICAL_SUPPORT,4.5,6,"Qualified matching reference, construct/activity, compound identity/solubility and buffer stability required before interpretation.",FOLLOW_UP_AFTER_TARGET_QC
C384-192,LWQQLNNNIPYSNX-UROSTWAQSA-N__CHEMBL1871,calcipotriene,calcipotriene,AR,CHEMBL1871,EXPLORATORY_LIMITED_INDEPENDENT_SUPPORT,4.25,6,"Qualified matching reference, construct/activity, compound identity/solubility and buffer stability required before interpretation.",RESERVE_EXPLORATORY_EXPANSION_AFTER_INITIAL_RESULTS
C384-193,MNDBXUUTURYVHR-UHFFFAOYSA-N__CHEMBL220,roflumilast,roflumilast,ACHE,CHEMBL220,EXPLORATORY_LIMITED_INDEPENDENT_SUPPORT,4.25,1,"Qualified matching reference, construct/activity, compound identity/solubility and buffer stability required before interpretation.",RESERVE_EXPLORATORY_EXPANSION_AFTER_INITIAL_RESULTS
C384-194,SGUAFYQXFOLMHL-UHFFFAOYSA-N__CHEMBL1944,labetalol,labetalol,MME,CHEMBL1944,EXPLORATORY_LIMITED_INDEPENDENT_SUPPORT,4.0,4,"Qualified matching reference, construct/activity, compound identity/solubility and buffer stability required before interpretation.",RESERVE_EXPLORATORY_EXPANSION_AFTER_INITIAL_RESULTS
C384-195,SDUQYLNIPVEERB-QPPQHZFASA-N__CHEMBL1993,gemcitabine,gemcitabine,DNMT1,CHEMBL1993,EXPLORATORY_LIMITED_INDEPENDENT_SUPPORT,4.0,1,"Qualified matching reference, construct/activity, compound identity/solubility and buffer stability required before interpretation.",RESERVE_EXPLORATORY_EXPANSION_AFTER_INITIAL_RESULTS
C384-196,UEJJHQNACJXSKW-UHFFFAOYSA-N__CHEMBL2085,thalidomide,thalidomide,MIF,CHEMBL2085,EXPLORATORY_LIMITED_INDEPENDENT_SUPPORT,4.0,2,"Qualified matching reference, construct/activity, compound identity/solubility and buffer stability required before interpretation.",RESERVE_EXPLORATORY_EXPANSION_AFTER_INITIAL_RESULTS
C384-197,YFGHCGITMMYXAQ-LJQANCHMSA-N__CHEMBL1994,armodafinil,armodafinil,NR3C2,CHEMBL1994,EXPLORATORY_LIMITED_INDEPENDENT_SUPPORT,4.0,7,"Qualified matching reference, construct/activity, compound identity/solubility and buffer stability required before interpretation.",RESERVE_EXPLORATORY_EXPANSION_AFTER_INITIAL_RESULTS
C384-198,OFPXSFXSNFPTHF-UHFFFAOYSA-N__CHEMBL2243,oxaprozin,oxaprozin,FAAH,CHEMBL2243,EXPLORATORY_LIMITED_INDEPENDENT_SUPPORT,4.0,2,"Qualified matching reference, construct/activity, compound identity/solubility and buffer stability required before interpretation.",RESERVE_EXPLORATORY_EXPANSION_AFTER_INITIAL_RESULTS
C384-199,LEBVLXFERQHONN-UHFFFAOYSA-N__CHEMBL1902,bupivacaine,bupivacaine,FKBP1A,CHEMBL1902,EXPLORATORY_LIMITED_INDEPENDENT_SUPPORT,4.0,4,"Qualified matching reference, construct/activity, compound identity/solubility and buffer stability required before interpretation.",RESERVE_EXPLORATORY_EXPANSION_AFTER_INITIAL_RESULTS
C384-200,QKDRXGFQVGOQKS-CRSSMBPESA-N__CHEMBL286,sotagliflozin,sotagliflozin,REN,CHEMBL286,EXPLORATORY_LIMITED_INDEPENDENT_SUPPORT,4.0,5,"Qualified matching reference, construct/activity, compound identity/solubility and buffer stability required before interpretation.",RESERVE_EXPLORATORY_EXPANSION_AFTER_INITIAL_RESULTS
C384-201,GNXFOGHNGIVQEH-UHFFFAOYSA-N__CHEMBL3729,methocarbamol,methocarbamol,CA4,CHEMBL3729,EXPLORATORY_LIMITED_INDEPENDENT_SUPPORT,4.0,5,"Qualified matching reference, construct/activity, compound identity/solubility and buffer stability required before interpretation.",RESERVE_EXPLORATORY_EXPANSION_AFTER_INITIAL_RESULTS
C384-202,ACRHBAYQBXXRTO-OAQYLSRUSA-N__CHEMBL2722,ivabradine,ivabradine,CYP11B2,CHEMBL2722,EXPLORATORY_LIMITED_INDEPENDENT_SUPPORT,4.0,1,"Qualified matching reference, construct/activity, compound identity/solubility and buffer stability required before interpretation.",RESERVE_EXPLORATORY_EXPANSION_AFTER_INITIAL_RESULTS
C384-203,UCTWMZQNUQWSLP-VIFPVBQESA-N__CHEMBL2243,epinephrine,epinephrine,FAAH,CHEMBL2243,EXPLORATORY_LIMITED_INDEPENDENT_SUPPORT,4.0,3,"Qualified matching reference, construct/activity, compound identity/solubility and buffer stability required before interpretation.",RESERVE_EXPLORATORY_EXPANSION_AFTER_INITIAL_RESULTS
C384-204,WEAJZXNPAWBCOA-INIZCTEOSA-N__CHEMBL1902,avanafil,avanafil,FKBP1A,CHEMBL1902,EXPLORATORY_LIMITED_INDEPENDENT_SUPPORT,4.0,5,"Qualified matching reference, construct/activity, compound identity/solubility and buffer stability required before interpretation.",RESERVE_EXPLORATORY_EXPANSION_AFTER_INITIAL_RESULTS
C384-205,QZZUEBNBZAPZLX-QFIPXVFZSA-N__CHEMBL2148,indacaterol,indacaterol,JAK3,CHEMBL2148,EXPLORATORY_LIMITED_INDEPENDENT_SUPPORT,4.0,1,"Qualified matching reference, construct/activity, compound identity/solubility and buffer stability required before interpretation.",RESERVE_EXPLORATORY_EXPANSION_AFTER_INITIAL_RESULTS
C384-206,XDXWLKQMMKQXPV-QYQHSDTDSA-N__CHEMBL258,eltrombopag,eltrombopag,LCK,CHEMBL258,EXPLORATORY_LIMITED_INDEPENDENT_SUPPORT,4.0,1,"Qualified matching reference, construct/activity, compound identity/solubility and buffer stability required before interpretation.",RESERVE_EXPLORATORY_EXPANSION_AFTER_INITIAL_RESULTS
C384-207,PYGWGZALEOIKDF-UHFFFAOYSA-N__CHEMBL4179,etravirine,etravirine,MAPK9,CHEMBL4179,EXPLORATORY_LIMITED_INDEPENDENT_SUPPORT,4.0,2,"Qualified matching reference, construct/activity, compound identity/solubility and buffer stability required before interpretation.",RESERVE_EXPLORATORY_EXPANSION_AFTER_INITIAL_RESULTS
C384-208,ZSKVGTPCRGIANV-ZXFLCMHBSA-N__CHEMBL2243,imipenem,imipenem,FAAH,CHEMBL2243,EXPLORATORY_LIMITED_INDEPENDENT_SUPPORT,4.0,4,"Qualified matching reference, construct/activity, compound identity/solubility and buffer stability required before interpretation.",RESERVE_EXPLORATORY_EXPANSION_AFTER_INITIAL_RESULTS
C384-209,QZZUEBNBZAPZLX-QFIPXVFZSA-N__CHEMBL205,indacaterol,indacaterol,CA2,CHEMBL205,EXPLORATORY_LIMITED_INDEPENDENT_SUPPORT,4.0,2,"Qualified matching reference, construct/activity, compound identity/solubility and buffer stability required before interpretation.",RESERVE_EXPLORATORY_EXPANSION_AFTER_INITIAL_RESULTS
C384-210,ACRHBAYQBXXRTO-OAQYLSRUSA-N__CHEMBL1908,ivabradine,ivabradine,CYP11B1,CHEMBL1908,EXPLORATORY_LIMITED_INDEPENDENT_SUPPORT,4.0,1,"Qualified matching reference, construct/activity, compound identity/solubility and buffer stability required before interpretation.",RESERVE_EXPLORATORY_EXPANSION_AFTER_INITIAL_RESULTS
C384-211,JUZYLCPPVHEVSV-LJQANCHMSA-N__CHEMBL2276,elvitegravir,elvitegravir,MAPK8,CHEMBL2276,EXPLORATORY_LIMITED_INDEPENDENT_SUPPORT,4.0,3,"Qualified matching reference, construct/activity, compound identity/solubility and buffer stability required before interpretation.",RESERVE_EXPLORATORY_EXPANSION_AFTER_INITIAL_RESULTS
C384-212,WIGIZIANZCJQQY-RUCARUNLSA-N__CHEMBL3729,glimepiride,glimepiride,CA4,CHEMBL3729,EXPLORATORY_LIMITED_INDEPENDENT_SUPPORT,4.0,6,"Qualified matching reference, construct/activity, compound identity/solubility and buffer stability required before interpretation.",RESERVE_EXPLORATORY_EXPANSION_AFTER_INITIAL_RESULTS
C384-213,ATALOFNDEOCMKK-OITMNORJSA-N__CHEMBL402,aprepitant,aprepitant;fosaprepitant,HMGCR,CHEMBL402,EXPLORATORY_LIMITED_INDEPENDENT_SUPPORT,4.0,3,"Qualified matching reference, construct/activity, compound identity/solubility and buffer stability required before interpretation.",RESERVE_EXPLORATORY_EXPANSION_AFTER_INITIAL_RESULTS
C384-214,IOOWNWLVCOUUEX-WPRPVWTQSA-N__CHEMBL1944,vaborbactam,vaborbactam,MME,CHEMBL1944,EXPLORATORY_LIMITED_INDEPENDENT_SUPPORT,4.0,5,"Qualified matching reference, construct/activity, compound identity/solubility and buffer stability required before interpretation.",RESERVE_EXPLORATORY_EXPANSION_AFTER_INITIAL_RESULTS
C384-215,BUGYDGFZZOZRHP-UHFFFAOYSA-N__CHEMBL1994,memantine,memantine,NR3C2,CHEMBL1994,EXPLORATORY_LIMITED_INDEPENDENT_SUPPORT,4.0,8,"Qualified matching reference, construct/activity, compound identity/solubility and buffer stability required before interpretation.",RESERVE_EXPLORATORY_EXPANSION_AFTER_INITIAL_RESULTS
C384-216,ASMXXROZKSBQIH-VITNCHFBSA-N__CHEMBL235,aclidinium,aclidinium,PPARG,CHEMBL235,EXPLORATORY_LIMITED_INDEPENDENT_SUPPORT,4.0,4,"Qualified matching reference, construct/activity, compound identity/solubility and buffer stability required before interpretation.",RESERVE_EXPLORATORY_EXPANSION_AFTER_INITIAL_RESULTS
C384-217,LWQQLNNNIPYSNX-UROSTWAQSA-N__CHEMBL1994,calcipotriene,calcipotriene,NR3C2,CHEMBL1994,EXPLORATORY_LIMITED_INDEPENDENT_SUPPORT,3.75,9,"Qualified matching reference, construct/activity, compound identity/solubility and buffer stability required before interpretation.",RESERVE_EXPLORATORY_EXPANSION_AFTER_INITIAL_RESULTS
C384-218,UCJGJABZCDBEDK-UHFFFAOYSA-N__CHEMBL1947,bazedoxifene,bazedoxifene,THRB,CHEMBL1947,ADDITIONAL_SOURCE_OR_CHEMICAL_SUPPORT,3.75,1,"Qualified matching reference, construct/activity, compound identity/solubility and buffer stability required before interpretation.",FOLLOW_UP_AFTER_TARGET_QC
C384-219,WIJZXSAJMHAVGX-DHLKQENFSA-N__CHEMBL4282,ivosidenib,ivosidenib,AKT1,CHEMBL4282,ADDITIONAL_SOURCE_OR_CHEMICAL_SUPPORT,3.75,2,"Qualified matching reference, construct/activity, compound identity/solubility and buffer stability required before interpretation.",FOLLOW_UP_AFTER_TARGET_QC
C384-220,HYHMLYSLQUKXKP-UHFFFAOYSA-N__CHEMBL4393,bempedoic acid,bempedoic acid,MMP12,CHEMBL4393,ADDITIONAL_SOURCE_OR_CHEMICAL_SUPPORT,3.75,7,"Qualified matching reference, construct/activity, compound identity/solubility and buffer stability required before interpretation.",FOLLOW_UP_AFTER_TARGET_QC
C384-221,BPRHUIZQVSMCRT-VEUZHWNKSA-N__CHEMBL1994,rosuvastatin,rosuvastatin,NR3C2,CHEMBL1994,ADDITIONAL_SOURCE_OR_CHEMICAL_SUPPORT,3.75,10,"Qualified matching reference, construct/activity, compound identity/solubility and buffer stability required before interpretation.",FOLLOW_UP_AFTER_TARGET_QC
C384-222,GOTYRUGSSMKFNF-UHFFFAOYSA-N__CHEMBL4895,lenalidomide,lenalidomide,AXL,CHEMBL4895,EXPLORATORY_LIMITED_INDEPENDENT_SUPPORT,3.5,1,"Qualified matching reference, construct/activity, compound identity/solubility and buffer stability required before interpretation.",RESERVE_EXPLORATORY_EXPANSION_AFTER_INITIAL_RESULTS
C384-223,VTRAEEWXHOVJFV-UHFFFAOYSA-N__CHEMBL1944,olmesartan,olmesartan,MME,CHEMBL1944,EXPLORATORY_LIMITED_INDEPENDENT_SUPPORT,3.5,6,"Qualified matching reference, construct/activity, compound identity/solubility and buffer stability required before interpretation.",RESERVE_EXPLORATORY_EXPANSION_AFTER_INITIAL_RESULTS
C384-224,UEJJHQNACJXSKW-UHFFFAOYSA-N__CHEMBL3310,thalidomide,thalidomide,HDAC11,CHEMBL3310,EXPLORATORY_LIMITED_INDEPENDENT_SUPPORT,3.5,5,"Qualified matching reference, construct/activity, compound identity/solubility and buffer stability required before interpretation.",RESERVE_EXPLORATORY_EXPANSION_AFTER_INITIAL_RESULTS
C384-225,CJOFXWAVKWHTFT-XSFVSMFZSA-N__CHEMBL2039,fluvoxamine,fluvoxamine,MAOB,CHEMBL2039,EXPLORATORY_LIMITED_INDEPENDENT_SUPPORT,3.5,3,"Qualified matching reference, construct/activity, compound identity/solubility and buffer stability required before interpretation.",RESERVE_EXPLORATORY_EXPANSION_AFTER_INITIAL_RESULTS
C384-226,UIAGMCDKSXEBJQ-UHFFFAOYSA-N__CHEMBL3242,nimodipine,nimodipine,CA12,CHEMBL3242,EXPLORATORY_LIMITED_INDEPENDENT_SUPPORT,3.5,2,"Qualified matching reference, construct/activity, compound identity/solubility and buffer stability required before interpretation.",RESERVE_EXPLORATORY_EXPANSION_AFTER_INITIAL_RESULTS
C384-227,GKCBAIGFKIBETG-UHFFFAOYSA-N__CHEMBL2252,tetracaine,tetracaine,CTSC,CHEMBL2252,EXPLORATORY_LIMITED_INDEPENDENT_SUPPORT,3.5,2,"Qualified matching reference, construct/activity, compound identity/solubility and buffer stability required before interpretation.",RESERVE_EXPLORATORY_EXPANSION_AFTER_INITIAL_RESULTS
C384-228,JURKNVYFZMSNLP-UHFFFAOYSA-N__CHEMBL2039,cyclobenzaprine,cyclobenzaprine,MAOB,CHEMBL2039,EXPLORATORY_LIMITED_INDEPENDENT_SUPPORT,3.5,4,"Qualified matching reference, construct/activity, compound identity/solubility and buffer stability required before interpretation.",RESERVE_EXPLORATORY_EXPANSION_AFTER_INITIAL_RESULTS
C384-229,PJDFLNIOAUIZSL-UHFFFAOYSA-N__CHEMBL4588,vigabatrin,vigabatrin,MMP8,CHEMBL4588,EXPLORATORY_LIMITED_INDEPENDENT_SUPPORT,3.5,1,"Qualified matching reference, construct/activity, compound identity/solubility and buffer stability required before interpretation.",RESERVE_EXPLORATORY_EXPANSION_AFTER_INITIAL_RESULTS
C384-230,FELGMEQIXOGIFQ-UHFFFAOYSA-N__CHEMBL2243,ondansetron,ondansetron,FAAH,CHEMBL2243,EXPLORATORY_LIMITED_INDEPENDENT_SUPPORT,3.5,5,"Qualified matching reference, construct/activity, compound identity/solubility and buffer stability required before interpretation.",RESERVE_EXPLORATORY_EXPANSION_AFTER_INITIAL_RESULTS
C384-231,KGFYHTZWPPHNLQ-AWEZNQCLSA-N__CHEMBL258,rivaroxaban,rivaroxaban,LCK,CHEMBL258,EXPLORATORY_LIMITED_INDEPENDENT_SUPPORT,3.5,2,"Qualified matching reference, construct/activity, compound identity/solubility and buffer stability required before interpretation.",RESERVE_EXPLORATORY_EXPANSION_AFTER_INITIAL_RESULTS
C384-232,WIGIZIANZCJQQY-RUCARUNLSA-N__CHEMBL286,glimepiride,glimepiride,REN,CHEMBL286,EXPLORATORY_LIMITED_INDEPENDENT_SUPPORT,3.5,6,"Qualified matching reference, construct/activity, compound identity/solubility and buffer stability required before interpretation.",RESERVE_EXPLORATORY_EXPANSION_AFTER_INITIAL_RESULTS
C384-233,SFLSHLFXELFNJZ-QMMMGPOBSA-N__CHEMBL2252,norepinephrine,droxidopa;norepinephrine,CTSC,CHEMBL2252,EXPLORATORY_LIMITED_INDEPENDENT_SUPPORT,3.5,3,"Qualified matching reference, construct/activity, compound identity/solubility and buffer stability required before interpretation.",RESERVE_EXPLORATORY_EXPANSION_AFTER_INITIAL_RESULTS
C384-234,CPZBLNMUGSZIPR-NVXWUHKLSA-N__CHEMBL1902,palonosetron,palonosetron,FKBP1A,CHEMBL1902,EXPLORATORY_LIMITED_INDEPENDENT_SUPPORT,3.5,6,"Qualified matching reference, construct/activity, compound identity/solubility and buffer stability required before interpretation.",RESERVE_EXPLORATORY_EXPANSION_AFTER_INITIAL_RESULTS
C384-235,ZKIAIYBUSXZPLP-UHFFFAOYSA-N__CHEMBL1827,brexpiprazole,brexpiprazole,PDE5A,CHEMBL1827,EXPLORATORY_LIMITED_INDEPENDENT_SUPPORT,3.5,1,"Qualified matching reference, construct/activity, compound identity/solubility and buffer stability required before interpretation.",RESERVE_EXPLORATORY_EXPANSION_AFTER_INITIAL_RESULTS
C384-236,JOLJIIDDOBNFHW-UHFFFAOYSA-N__CHEMBL3729,xanomeline,xanomeline,CA4,CHEMBL3729,EXPLORATORY_LIMITED_INDEPENDENT_SUPPORT,3.5,7,"Qualified matching reference, construct/activity, compound identity/solubility and buffer stability required before interpretation.",RESERVE_EXPLORATORY_EXPANSION_AFTER_INITIAL_RESULTS
C384-237,WIGIZIANZCJQQY-RUCARUNLSA-N__CHEMBL1944,glimepiride,glimepiride,MME,CHEMBL1944,EXPLORATORY_LIMITED_INDEPENDENT_SUPPORT,3.5,7,"Qualified matching reference, construct/activity, compound identity/solubility and buffer stability required before interpretation.",RESERVE_EXPLORATORY_EXPANSION_AFTER_INITIAL_RESULTS
C384-238,VGYFMXBACGZSIL-MCBHFWOFSA-N__CHEMBL1944,pitavastatin,pitavastatin,MME,CHEMBL1944,EXPLORATORY_LIMITED_INDEPENDENT_SUPPORT,3.5,8,"Qualified matching reference, construct/activity, compound identity/solubility and buffer stability required before interpretation.",RESERVE_EXPLORATORY_EXPANSION_AFTER_INITIAL_RESULTS
C384-239,BMKDZUISNHGIBY-ZETCQYMHSA-N__CHEMBL4073,dexrazoxane,dexrazoxane,MMP7,CHEMBL4073,EXPLORATORY_LIMITED_INDEPENDENT_SUPPORT,3.5,1,"Qualified matching reference, construct/activity, compound identity/solubility and buffer stability required before interpretation.",RESERVE_EXPLORATORY_EXPANSION_AFTER_INITIAL_RESULTS
C384-240,ULXXDDBFHOBEHA-CWDCEQMOSA-N__CHEMBL286,afatinib,afatinib,REN,CHEMBL286,EXPLORATORY_LIMITED_INDEPENDENT_SUPPORT,3.5,7,"Qualified matching reference, construct/activity, compound identity/solubility and buffer stability required before interpretation.",RESERVE_EXPLORATORY_EXPANSION_AFTER_INITIAL_RESULTS
C384-241,NYNZQNWKBKUAII-KBXCAEBGSA-N__CHEMBL1902,larotrectinib,larotrectinib,FKBP1A,CHEMBL1902,EXPLORATORY_LIMITED_INDEPENDENT_SUPPORT,3.5,7,"Qualified matching reference, construct/activity, compound identity/solubility and buffer stability required before interpretation.",RESERVE_EXPLORATORY_EXPANSION_AFTER_INITIAL_RESULTS
C384-242,RHWKPHLQXYSBKR-BMIGLBTASA-N__CHEMBL4179,dolutegravir,dolutegravir,MAPK9,CHEMBL4179,EXPLORATORY_LIMITED_INDEPENDENT_SUPPORT,3.5,3,"Qualified matching reference, construct/activity, compound identity/solubility and buffer stability required before interpretation.",RESERVE_EXPLORATORY_EXPANSION_AFTER_INITIAL_RESULTS
C384-243,RHXHGRAEPCAFML-UHFFFAOYSA-N__CHEMBL286,ribociclib,ribociclib,REN,CHEMBL286,EXPLORATORY_LIMITED_INDEPENDENT_SUPPORT,3.5,8,"Qualified matching reference, construct/activity, compound identity/solubility and buffer stability required before interpretation.",RESERVE_EXPLORATORY_EXPANSION_AFTER_INITIAL_RESULTS
C384-244,PYGWGZALEOIKDF-UHFFFAOYSA-N__CHEMBL1952,etravirine,etravirine,TYMS,CHEMBL1952,EXPLORATORY_LIMITED_INDEPENDENT_SUPPORT,3.5,1,"Qualified matching reference, construct/activity, compound identity/solubility and buffer stability required before interpretation.",RESERVE_EXPLORATORY_EXPANSION_AFTER_INITIAL_RESULTS
C384-245,GCKFUYQCUCGESZ-BPIQYHPVSA-N__CHEMBL1977,etonogestrel,etonogestrel,VDR,CHEMBL1977,EXPLORATORY_LIMITED_INDEPENDENT_SUPPORT,3.5,1,"Qualified matching reference, construct/activity, compound identity/solubility and buffer stability required before interpretation.",RESERVE_EXPLORATORY_EXPANSION_AFTER_INITIAL_RESULTS
C384-246,SGUAFYQXFOLMHL-UHFFFAOYSA-N__CHEMBL1808,labetalol,labetalol,ACE,CHEMBL1808,EXPLORATORY_LIMITED_INDEPENDENT_SUPPORT,3.5,3,"Qualified matching reference, construct/activity, compound identity/solubility and buffer stability required before interpretation.",RESERVE_EXPLORATORY_EXPANSION_AFTER_INITIAL_RESULTS
C384-247,DDOOFTLHJSMHLN-ZQHRPCGSSA-N__CHEMBL2148,ubrogepant,ubrogepant,JAK3,CHEMBL2148,EXPLORATORY_LIMITED_INDEPENDENT_SUPPORT,3.5,2,"Qualified matching reference, construct/activity, compound identity/solubility and buffer stability required before interpretation.",RESERVE_EXPLORATORY_EXPANSION_AFTER_INITIAL_RESULTS
C384-248,XPOQHMRABVBWPR-ZDUSSCGKSA-N__CHEMBL1871,efavirenz,efavirenz,AR,CHEMBL1871,EXPLORATORY_LIMITED_INDEPENDENT_SUPPORT,3.5,7,"Qualified matching reference, construct/activity, compound identity/solubility and buffer stability required before interpretation.",RESERVE_EXPLORATORY_EXPANSION_AFTER_INITIAL_RESULTS
C384-249,SOLUWJRYJLAZCX-LYOVBCGYSA-N__CHEMBL2276,bictegravir,bictegravir,MAPK8,CHEMBL2276,EXPLORATORY_LIMITED_INDEPENDENT_SUPPORT,3.5,4,"Qualified matching reference, construct/activity, compound identity/solubility and buffer stability required before interpretation.",RESERVE_EXPLORATORY_EXPANSION_AFTER_INITIAL_RESULTS
C384-250,WEAJZXNPAWBCOA-INIZCTEOSA-N__CHEMBL288,avanafil,avanafil,PDE4D,CHEMBL288,EXPLORATORY_LIMITED_INDEPENDENT_SUPPORT,3.5,1,"Qualified matching reference, construct/activity, compound identity/solubility and buffer stability required before interpretation.",RESERVE_EXPLORATORY_EXPANSION_AFTER_INITIAL_RESULTS
C384-251,SFNSLLSYNZWZQG-VQIMIIECSA-N__CHEMBL2243,glasdegib,glasdegib,FAAH,CHEMBL2243,EXPLORATORY_LIMITED_INDEPENDENT_SUPPORT,3.5,6,"Qualified matching reference, construct/activity, compound identity/solubility and buffer stability required before interpretation.",RESERVE_EXPLORATORY_EXPANSION_AFTER_INITIAL_RESULTS
C384-252,WGFOBBZOWHGYQH-MXHNKVEKSA-N__CHEMBL1902,lubiprostone,lubiprostone,FKBP1A,CHEMBL1902,EXPLORATORY_LIMITED_INDEPENDENT_SUPPORT,3.5,8,"Qualified matching reference, construct/activity, compound identity/solubility and buffer stability required before interpretation.",RESERVE_EXPLORATORY_EXPANSION_AFTER_INITIAL_RESULTS
C384-253,IOOWNWLVCOUUEX-WPRPVWTQSA-N__CHEMBL1902,vaborbactam,vaborbactam,FKBP1A,CHEMBL1902,EXPLORATORY_LIMITED_INDEPENDENT_SUPPORT,3.5,9,"Qualified matching reference, construct/activity, compound identity/solubility and buffer stability required before interpretation.",RESERVE_EXPLORATORY_EXPANSION_AFTER_INITIAL_RESULTS
C384-254,DDOOFTLHJSMHLN-ZQHRPCGSSA-N__CHEMBL3922,ubrogepant,ubrogepant,METAP2,CHEMBL3922,EXPLORATORY_LIMITED_INDEPENDENT_SUPPORT,3.5,1,"Qualified matching reference, construct/activity, compound identity/solubility and buffer stability required before interpretation.",RESERVE_EXPLORATORY_EXPANSION_AFTER_INITIAL_RESULTS
C384-255,PBAPPPCECJKMCM-IBGZPJMESA-N__CHEMBL1944,mirabegron,mirabegron,MME,CHEMBL1944,EXPLORATORY_LIMITED_INDEPENDENT_SUPPORT,3.5,9,"Qualified matching reference, construct/activity, compound identity/solubility and buffer stability required before interpretation.",RESERVE_EXPLORATORY_EXPANSION_AFTER_INITIAL_RESULTS
C384-256,XKLMZUWKNUAPSZ-UHFFFAOYSA-N__CHEMBL2007,ranolazine,ranolazine,PDGFRA,CHEMBL2007,EXPLORATORY_LIMITED_INDEPENDENT_SUPPORT,3.5,3,"Qualified matching reference, construct/activity, compound identity/solubility and buffer stability required before interpretation.",RESERVE_EXPLORATORY_EXPANSION_AFTER_INITIAL_RESULTS
C384-257,NDDAHWYSQHTHNT-UHFFFAOYSA-N__CHEMBL1808,indapamide,indapamide,ACE,CHEMBL1808,EXPLORATORY_LIMITED_INDEPENDENT_SUPPORT,3.5,4,"Qualified matching reference, construct/activity, compound identity/solubility and buffer stability required before interpretation.",RESERVE_EXPLORATORY_EXPANSION_AFTER_INITIAL_RESULTS
C384-258,DJXRIQMCROIRCZ-XOEOCAAJSA-N__CHEMBL2973,vibegron,vibegron,ROCK2,CHEMBL2973,EXPLORATORY_LIMITED_INDEPENDENT_SUPPORT,3.5,2,"Qualified matching reference, construct/activity, compound identity/solubility and buffer stability required before interpretation.",RESERVE_EXPLORATORY_EXPANSION_AFTER_INITIAL_RESULTS
C384-259,WJBLNOPPDWQMCH-MBPVOVBZSA-N__CHEMBL1977,nalmefene,nalmefene,VDR,CHEMBL1977,EXPLORATORY_LIMITED_INDEPENDENT_SUPPORT,3.5,2,"Qualified matching reference, construct/activity, compound identity/solubility and buffer stability required before interpretation.",RESERVE_EXPLORATORY_EXPANSION_AFTER_INITIAL_RESULTS
C384-260,BQJCRHHNABKAKU-KBQPJGBKSA-N__CHEMBL205,morphine,morphine,CA2,CHEMBL205,EXPLORATORY_LIMITED_INDEPENDENT_SUPPORT,3.5,3,"Qualified matching reference, construct/activity, compound identity/solubility and buffer stability required before interpretation.",RESERVE_EXPLORATORY_EXPANSION_AFTER_INITIAL_RESULTS
C384-261,XDXWLKQMMKQXPV-QYQHSDTDSA-N__CHEMBL3234,eltrombopag,eltrombopag,HCK,CHEMBL3234,EXPLORATORY_LIMITED_INDEPENDENT_SUPPORT,3.5,1,"Qualified matching reference, construct/activity, compound identity/solubility and buffer stability required before interpretation.",RESERVE_EXPLORATORY_EXPANSION_AFTER_INITIAL_RESULTS
C384-262,BMKDZUISNHGIBY-ZETCQYMHSA-N__CHEMBL4588,dexrazoxane,dexrazoxane,MMP8,CHEMBL4588,EXPLORATORY_LIMITED_INDEPENDENT_SUPPORT,3.5,2,"Qualified matching reference, construct/activity, compound identity/solubility and buffer stability required before interpretation.",RESERVE_EXPLORATORY_EXPANSION_AFTER_INITIAL_RESULTS
C384-263,SOLUWJRYJLAZCX-LYOVBCGYSA-N__CHEMBL5366,bictegravir,bictegravir,PARP2,CHEMBL5366,EXPLORATORY_LIMITED_INDEPENDENT_SUPPORT,3.5,1,"Qualified matching reference, construct/activity, compound identity/solubility and buffer stability required before interpretation.",RESERVE_EXPLORATORY_EXPANSION_AFTER_INITIAL_RESULTS
C384-264,STZYTFJPGGDRJD-NHUWBDDWSA-N__CHEMBL1902,retapamulin,retapamulin,FKBP1A,CHEMBL1902,EXPLORATORY_LIMITED_INDEPENDENT_SUPPORT,3.25,10,"Qualified matching reference, construct/activity, compound identity/solubility and buffer stability required before interpretation.",RESERVE_EXPLORATORY_EXPANSION_AFTER_INITIAL_RESULTS
C384-265,ZBGXUVOIWDMMJE-QHNZEKIYSA-N__CHEMBL284,vorapaxar,vorapaxar,DPP4,CHEMBL284,EXPLORATORY_LIMITED_INDEPENDENT_SUPPORT,3.25,3,"Qualified matching reference, construct/activity, compound identity/solubility and buffer stability required before interpretation.",RESERVE_EXPLORATORY_EXPANSION_AFTER_INITIAL_RESULTS
C384-266,BRUQQQPBMZOVGD-XFKAJCMBSA-N__CHEMBL205,oxycodone,oxycodone,CA2,CHEMBL205,EXPLORATORY_LIMITED_INDEPENDENT_SUPPORT,3.0,4,"Qualified matching reference, construct/activity, compound identity/solubility and buffer stability required before interpretation.",RESERVE_EXPLORATORY_EXPANSION_AFTER_INITIAL_RESULTS
C384-267,UVSMNLNDYGZFPF-UHFFFAOYSA-N__CHEMBL3310,pomalidomide,pomalidomide,HDAC11,CHEMBL3310,EXPLORATORY_LIMITED_INDEPENDENT_SUPPORT,3.0,6,"Qualified matching reference, construct/activity, compound identity/solubility and buffer stability required before interpretation.",RESERVE_EXPLORATORY_EXPANSION_AFTER_INITIAL_RESULTS
C384-268,VPPJLAIAVCUEMN-GFCCVEGCSA-N__CHEMBL2039,lacosamide,lacosamide,MAOB,CHEMBL2039,EXPLORATORY_LIMITED_INDEPENDENT_SUPPORT,3.0,5,"Qualified matching reference, construct/activity, compound identity/solubility and buffer stability required before interpretation.",RESERVE_EXPLORATORY_EXPANSION_AFTER_INITIAL_RESULTS
C384-269,AURFZBICLPNKBZ-SYBPFIFISA-N__CHEMBL242,brexanolone,brexanolone,ESR2,CHEMBL242,EXPLORATORY_LIMITED_INDEPENDENT_SUPPORT,3.0,2,"Qualified matching reference, construct/activity, compound identity/solubility and buffer stability required before interpretation.",RESERVE_EXPLORATORY_EXPANSION_AFTER_INITIAL_RESULTS
C384-270,JBIMVDZLSHOPLA-LSCVHKIXSA-N__CHEMBL2034,olopatadine,olopatadine,NR3C1,CHEMBL2034,EXPLORATORY_LIMITED_INDEPENDENT_SUPPORT,3.0,3,"Qualified matching reference, construct/activity, compound identity/solubility and buffer stability required before interpretation.",RESERVE_EXPLORATORY_EXPANSION_AFTER_INITIAL_RESULTS
C384-271,UEJJHQNACJXSKW-UHFFFAOYSA-N__CHEMBL3116,thalidomide,thalidomide,CDK9,CHEMBL3116,EXPLORATORY_LIMITED_INDEPENDENT_SUPPORT,3.0,2,"Qualified matching reference, construct/activity, compound identity/solubility and buffer stability required before interpretation.",RESERVE_EXPLORATORY_EXPANSION_AFTER_INITIAL_RESULTS
C384-272,QNZCBYKSOIHPEH-UHFFFAOYSA-N__CHEMBL3729,apixaban,apixaban,CA4,CHEMBL3729,EXPLORATORY_LIMITED_INDEPENDENT_SUPPORT,3.0,8,"Qualified matching reference, construct/activity, compound identity/solubility and buffer stability required before interpretation.",RESERVE_EXPLORATORY_EXPANSION_AFTER_INITIAL_RESULTS
C384-273,TTWJBBZEZQICBI-UHFFFAOYSA-N__CHEMBL3729,metoclopramide,metoclopramide,CA4,CHEMBL3729,EXPLORATORY_LIMITED_INDEPENDENT_SUPPORT,3.0,9,"Qualified matching reference, construct/activity, compound identity/solubility and buffer stability required before interpretation.",RESERVE_EXPLORATORY_EXPANSION_AFTER_INITIAL_RESULTS
C384-274,VDANGULDQQJODZ-UHFFFAOYSA-N__CHEMBL220,chloroprocaine,chloroprocaine,ACHE,CHEMBL220,EXPLORATORY_LIMITED_INDEPENDENT_SUPPORT,3.0,2,"Qualified matching reference, construct/activity, compound identity/solubility and buffer stability required before interpretation.",RESERVE_EXPLORATORY_EXPANSION_AFTER_INITIAL_RESULTS
C384-275,ZBBHBTPTTSWHBA-UHFFFAOYSA-N__CHEMBL2243,nicardipine,nicardipine,FAAH,CHEMBL2243,EXPLORATORY_LIMITED_INDEPENDENT_SUPPORT,3.0,7,"Qualified matching reference, construct/activity, compound identity/solubility and buffer stability required before interpretation.",RESERVE_EXPLORATORY_EXPANSION_AFTER_INITIAL_RESULTS
C384-276,ACWZRVQXLIRSDF-UHFFFAOYSA-N__CHEMBL325,binimetinib,binimetinib,HDAC1,CHEMBL325,EXPLORATORY_LIMITED_INDEPENDENT_SUPPORT,3.0,3,"Qualified matching reference, construct/activity, compound identity/solubility and buffer stability required before interpretation.",RESERVE_EXPLORATORY_EXPANSION_AFTER_INITIAL_RESULTS
C384-277,IVBHGBMCVLDMKU-GXNBUGAJSA-N__CHEMBL1944,piperacillin,piperacillin,MME,CHEMBL1944,EXPLORATORY_LIMITED_INDEPENDENT_SUPPORT,2.75,10,"Qualified matching reference, construct/activity, compound identity/solubility and buffer stability required before interpretation.",RESERVE_EXPLORATORY_EXPANSION_AFTER_INITIAL_RESULTS
C384-278,FIVSJYGQAIEMOC-ZGNKEGEESA-N__CHEMBL3535,rolapitant,rolapitant,PDE9A,CHEMBL3535,EXPLORATORY_LIMITED_INDEPENDENT_SUPPORT,2.75,7,"Qualified matching reference, construct/activity, compound identity/solubility and buffer stability required before interpretation.",RESERVE_EXPLORATORY_EXPANSION_AFTER_INITIAL_RESULTS
C384-279,HYHMLYSLQUKXKP-UHFFFAOYSA-N__CHEMBL3729,bempedoic acid,bempedoic acid,CA4,CHEMBL3729,EXPLORATORY_LIMITED_INDEPENDENT_SUPPORT,2.75,10,"Qualified matching reference, construct/activity, compound identity/solubility and buffer stability required before interpretation.",RESERVE_EXPLORATORY_EXPANSION_AFTER_INITIAL_RESULTS
C384-280,PNCPYILNMDWPEY-QGZVFWFLSA-N__CHEMBL1844,silodosin,silodosin,CSF1R,CHEMBL1844,EXPLORATORY_LIMITED_INDEPENDENT_SUPPORT,2.75,2,"Qualified matching reference, construct/activity, compound identity/solubility and buffer stability required before interpretation.",RESERVE_EXPLORATORY_EXPANSION_AFTER_INITIAL_RESULTS
C384-281,UJVDJAPJQWZRFR-DHIUTWEWSA-N__CHEMBL283,macimorelin,macimorelin,MMP3,CHEMBL283,EXPLORATORY_LIMITED_INDEPENDENT_SUPPORT,2.75,2,"Qualified matching reference, construct/activity, compound identity/solubility and buffer stability required before interpretation.",RESERVE_EXPLORATORY_EXPANSION_AFTER_INITIAL_RESULTS
C384-282,JFOZKMSJYSPYLN-QHCPKHFHSA-N__CHEMBL1952,lifitegrast,lifitegrast,TYMS,CHEMBL1952,EXPLORATORY_LIMITED_INDEPENDENT_SUPPORT,2.75,2,"Qualified matching reference, construct/activity, compound identity/solubility and buffer stability required before interpretation.",RESERVE_EXPLORATORY_EXPANSION_AFTER_INITIAL_RESULTS
C384-283,BPZSYCZIITTYBL-YJYMSZOUSA-N__CHEMBL2252,arformoterol,arformoterol,CTSC,CHEMBL2252,EXPLORATORY_LIMITED_INDEPENDENT_SUPPORT,2.5,4,"Qualified matching reference, construct/activity, compound identity/solubility and buffer stability required before interpretation.",RESERVE_EXPLORATORY_EXPANSION_AFTER_INITIAL_RESULTS
C384-284,QCHFTSOMWOSFHM-WPRPVWTQSA-N__CHEMBL2722,pilocarpine,pilocarpine,CYP11B2,CHEMBL2722,EXPLORATORY_LIMITED_INDEPENDENT_SUPPORT,2.5,2,"Qualified matching reference, construct/activity, compound identity/solubility and buffer stability required before interpretation.",RESERVE_EXPLORATORY_EXPANSION_AFTER_INITIAL_RESULTS
C384-285,SMOBCLHAZXOKDQ-ZJUUUORDSA-N__CHEMBL4073,relebactam,relebactam,MMP7,CHEMBL4073,EXPLORATORY_LIMITED_INDEPENDENT_SUPPORT,2.5,2,"Qualified matching reference, construct/activity, compound identity/solubility and buffer stability required before interpretation.",RESERVE_EXPLORATORY_EXPANSION_AFTER_INITIAL_RESULTS
C384-286,QCHFTSOMWOSFHM-WPRPVWTQSA-N__CHEMBL1908,pilocarpine,pilocarpine,CYP11B1,CHEMBL1908,EXPLORATORY_LIMITED_INDEPENDENT_SUPPORT,2.5,2,"Qualified matching reference, construct/activity, compound identity/solubility and buffer stability required before interpretation.",RESERVE_EXPLORATORY_EXPANSION_AFTER_INITIAL_RESULTS
C384-287,HSUGRBWQSSZJOP-RTWAWAEBSA-N__CHEMBL286,diltiazem,diltiazem,REN,CHEMBL286,EXPLORATORY_LIMITED_INDEPENDENT_SUPPORT,2.5,9,"Qualified matching reference, construct/activity, compound identity/solubility and buffer stability required before interpretation.",RESERVE_EXPLORATORY_EXPANSION_AFTER_INITIAL_RESULTS
C384-288,FABUFPQFXZVHFB-PVYNADRNSA-N__CHEMBL1844,ixabepilone,ixabepilone,CSF1R,CHEMBL1844,EXPLORATORY_LIMITED_INDEPENDENT_SUPPORT,2.5,3,"Qualified matching reference, construct/activity, compound identity/solubility and buffer stability required before interpretation.",RESERVE_EXPLORATORY_EXPANSION_AFTER_INITIAL_RESULTS
C384-289,SNICXCGAKADSCV-JTQLQIEISA-N__CHEMBL4523510,nicotine polacrilex,nicotine polacrilex,CYP46A1,CHEMBL4523510,EXPLORATORY_LIMITED_INDEPENDENT_SUPPORT,2.5,1,"Qualified matching reference, construct/activity, compound identity/solubility and buffer stability required before interpretation.",RESERVE_EXPLORATORY_EXPANSION_AFTER_INITIAL_RESULTS
C384-290,BSMCAPRUBJMWDF-KRWDZBQOSA-N__CHEMBL5366,cobimetinib,cobimetinib,PARP2,CHEMBL5366,EXPLORATORY_LIMITED_INDEPENDENT_SUPPORT,2.5,2,"Qualified matching reference, construct/activity, compound identity/solubility and buffer stability required before interpretation.",RESERVE_EXPLORATORY_EXPANSION_AFTER_INITIAL_RESULTS
C384-291,NDCUAPJVLWFHHB-UHNVWZDZSA-N__CHEMBL4588,avibactam,avibactam,MMP8,CHEMBL4588,EXPLORATORY_LIMITED_INDEPENDENT_SUPPORT,2.5,3,"Qualified matching reference, construct/activity, compound identity/solubility and buffer stability required before interpretation.",RESERVE_EXPLORATORY_EXPANSION_AFTER_INITIAL_RESULTS
C384-292,JVLBPIPGETUEET-WIXLDOGYSA-O__CHEMBL205,methylnaltrexone,methylnaltrexone,CA2,CHEMBL205,EXPLORATORY_LIMITED_INDEPENDENT_SUPPORT,2.5,5,"Qualified matching reference, construct/activity, compound identity/solubility and buffer stability required before interpretation.",RESERVE_EXPLORATORY_EXPANSION_AFTER_INITIAL_RESULTS
C384-293,ZISJNXNHJRQYJO-CMDGGOBGSA-N__CHEMBL215,tapinarof,tapinarof,ALOX5,CHEMBL215,EXPLORATORY_LIMITED_INDEPENDENT_SUPPORT,2.5,1,"Qualified matching reference, construct/activity, compound identity/solubility and buffer stability required before interpretation.",RESERVE_EXPLORATORY_EXPANSION_AFTER_INITIAL_RESULTS
C384-294,CMHHMUWAYWTMGS-UHFFFAOYSA-N__CHEMBL202,benoxinate,benoxinate,DHFR,CHEMBL202,EXPLORATORY_LIMITED_INDEPENDENT_SUPPORT,2.5,2,"Qualified matching reference, construct/activity, compound identity/solubility and buffer stability required before interpretation.",RESERVE_EXPLORATORY_EXPANSION_AFTER_INITIAL_RESULTS
C384-295,ADEBPBSSDYVVLD-UHFFFAOYSA-N__CHEMBL3535,donepezil,donepezil,PDE9A,CHEMBL3535,EXPLORATORY_LIMITED_INDEPENDENT_SUPPORT,2.5,8,"Qualified matching reference, construct/activity, compound identity/solubility and buffer stability required before interpretation.",RESERVE_EXPLORATORY_EXPANSION_AFTER_INITIAL_RESULTS
C384-296,UVSMNLNDYGZFPF-UHFFFAOYSA-N__CHEMBL4898,pomalidomide,pomalidomide,NTRK2,CHEMBL4898,EXPLORATORY_LIMITED_INDEPENDENT_SUPPORT,2.5,4,"Qualified matching reference, construct/activity, compound identity/solubility and buffer stability required before interpretation.",RESERVE_EXPLORATORY_EXPANSION_AFTER_INITIAL_RESULTS
C384-297,UVSMNLNDYGZFPF-UHFFFAOYSA-N__CHEMBL4005,pomalidomide,pomalidomide,PIK3CA,CHEMBL4005,EXPLORATORY_LIMITED_INDEPENDENT_SUPPORT,2.5,4,"Qualified matching reference, construct/activity, compound identity/solubility and buffer stability required before interpretation.",RESERVE_EXPLORATORY_EXPANSION_AFTER_INITIAL_RESULTS
C384-298,FPOHNWQLNRZRFC-ZHACJKMWSA-N__CHEMBL5366,panobinostat,panobinostat,PARP2,CHEMBL5366,EXPLORATORY_LIMITED_INDEPENDENT_SUPPORT,2.5,3,"Qualified matching reference, construct/activity, compound identity/solubility and buffer stability required before interpretation.",RESERVE_EXPLORATORY_EXPANSION_AFTER_INITIAL_RESULTS
C384-299,VSWBSWWIRNCQIJ-HUUCEWRRSA-N__CHEMBL2039,asenapine,asenapine,MAOB,CHEMBL2039,EXPLORATORY_LIMITED_INDEPENDENT_SUPPORT,2.5,6,"Qualified matching reference, construct/activity, compound identity/solubility and buffer stability required before interpretation.",RESERVE_EXPLORATORY_EXPANSION_AFTER_INITIAL_RESULTS
C384-300,AOMXMOCNKJTRQP-UHFFFAOYSA-N__CHEMBL279,relugolix,relugolix,KDR,CHEMBL279,EXPLORATORY_LIMITED_INDEPENDENT_SUPPORT,2.25,2,"Qualified matching reference, construct/activity, compound identity/solubility and buffer stability required before interpretation.",RESERVE_EXPLORATORY_EXPANSION_AFTER_INITIAL_RESULTS
C384-301,VZZJRYRQSPEMTK-CALCHBBNSA-N__CHEMBL4898,sonidegib,sonidegib,NTRK2,CHEMBL4898,EXPLORATORY_LIMITED_INDEPENDENT_SUPPORT,2.25,5,"Qualified matching reference, construct/activity, compound identity/solubility and buffer stability required before interpretation.",RESERVE_EXPLORATORY_EXPANSION_AFTER_INITIAL_RESULTS
C384-302,VZZJRYRQSPEMTK-CALCHBBNSA-N__CHEMBL258,sonidegib,sonidegib,LCK,CHEMBL258,EXPLORATORY_LIMITED_INDEPENDENT_SUPPORT,2.25,3,"Qualified matching reference, construct/activity, compound identity/solubility and buffer stability required before interpretation.",RESERVE_EXPLORATORY_EXPANSION_AFTER_INITIAL_RESULTS
C384-303,WYQFJHHDOKWSHR-MNOVXSKESA-N__CHEMBL3045,upadacitinib,upadacitinib,PRKCB,CHEMBL3045,EXPLORATORY_LIMITED_INDEPENDENT_SUPPORT,2.0,3,"Qualified matching reference, construct/activity, compound identity/solubility and buffer stability required before interpretation.",RESERVE_EXPLORATORY_EXPANSION_AFTER_INITIAL_RESULTS
C384-304,YQEZLKZALYSWHR-ZDUSSCGKSA-N__CHEMBL2850,esketamine,esketamine,GSK3A,CHEMBL2850,EXPLORATORY_LIMITED_INDEPENDENT_SUPPORT,2.0,1,"Qualified matching reference, construct/activity, compound identity/solubility and buffer stability required before interpretation.",RESERVE_EXPLORATORY_EXPANSION_AFTER_INITIAL_RESULTS
C384-305,HOIIHACBCFLJET-SFTDATJTSA-N__CHEMBL2023,lumateperone,lumateperone,COMT,CHEMBL2023,EXPLORATORY_LIMITED_INDEPENDENT_SUPPORT,2.0,1,"Qualified matching reference, construct/activity, compound identity/solubility and buffer stability required before interpretation.",RESERVE_EXPLORATORY_EXPANSION_AFTER_INITIAL_RESULTS
C384-306,XXSMGPRMXLTPCZ-UHFFFAOYSA-N__CHEMBL2252,hydroxychloroquine,hydroxychloroquine,CTSC,CHEMBL2252,EXPLORATORY_LIMITED_INDEPENDENT_SUPPORT,2.0,5,"Qualified matching reference, construct/activity, compound identity/solubility and buffer stability required before interpretation.",RESERVE_EXPLORATORY_EXPANSION_AFTER_INITIAL_RESULTS
C384-307,TXEIIPDJKFWEEC-UHFFFAOYSA-N__CHEMBL2008,tafamidis,tafamidis,RARB,CHEMBL2008,EXPLORATORY_LIMITED_INDEPENDENT_SUPPORT,2.0,1,"Qualified matching reference, construct/activity, compound identity/solubility and buffer stability required before interpretation.",RESERVE_EXPLORATORY_EXPANSION_AFTER_INITIAL_RESULTS
C384-308,KWTWDQCKEHXFFR-SMDDNHRTSA-N__CHEMBL206,tapentadol,tapentadol,ESR1,CHEMBL206,EXPLORATORY_LIMITED_INDEPENDENT_SUPPORT,2.0,3,"Qualified matching reference, construct/activity, compound identity/solubility and buffer stability required before interpretation.",RESERVE_EXPLORATORY_EXPANSION_AFTER_INITIAL_RESULTS
C384-309,MSYKRHVOOPPJKU-BDAKNGLRSA-N__CHEMBL4523510,brivaracetam,brivaracetam,CYP46A1,CHEMBL4523510,EXPLORATORY_LIMITED_INDEPENDENT_SUPPORT,2.0,2,"Qualified matching reference, construct/activity, compound identity/solubility and buffer stability required before interpretation.",RESERVE_EXPLORATORY_EXPANSION_AFTER_INITIAL_RESULTS
C384-310,NDCUAPJVLWFHHB-UHNVWZDZSA-N__CHEMBL4073,avibactam,avibactam,MMP7,CHEMBL4073,EXPLORATORY_LIMITED_INDEPENDENT_SUPPORT,2.0,3,"Qualified matching reference, construct/activity, compound identity/solubility and buffer stability required before interpretation.",RESERVE_EXPLORATORY_EXPANSION_AFTER_INITIAL_RESULTS
C384-311,DMJNNHOOLUXYBV-PQTSNVLCSA-N__CHEMBL4073,meropenem,meropenem,MMP7,CHEMBL4073,EXPLORATORY_LIMITED_INDEPENDENT_SUPPORT,2.0,4,"Qualified matching reference, construct/activity, compound identity/solubility and buffer stability required before interpretation.",RESERVE_EXPLORATORY_EXPANSION_AFTER_INITIAL_RESULTS
C384-312,PRMWGUBFXWROHD-UHFFFAOYSA-N__CHEMBL4523510,perampanel,perampanel,CYP46A1,CHEMBL4523510,EXPLORATORY_LIMITED_INDEPENDENT_SUPPORT,2.0,3,"Qualified matching reference, construct/activity, compound identity/solubility and buffer stability required before interpretation.",RESERVE_EXPLORATORY_EXPANSION_AFTER_INITIAL_RESULTS
C384-313,XRVDGNKRPOAQTN-FQEVSTJZSA-N__CHEMBL288,ozanimod,ozanimod,PDE4D,CHEMBL288,EXPLORATORY_LIMITED_INDEPENDENT_SUPPORT,2.0,2,"Qualified matching reference, construct/activity, compound identity/solubility and buffer stability required before interpretation.",RESERVE_EXPLORATORY_EXPANSION_AFTER_INITIAL_RESULTS
C384-314,ZZUFCTLCJUWOSV-UHFFFAOYSA-N__CHEMBL286,furosemide,furosemide,REN,CHEMBL286,EXPLORATORY_LIMITED_INDEPENDENT_SUPPORT,2.0,10,"Qualified matching reference, construct/activity, compound identity/solubility and buffer stability required before interpretation.",RESERVE_EXPLORATORY_EXPANSION_AFTER_INITIAL_RESULTS
C384-315,ZRVUJXDFFKFLMG-UHFFFAOYSA-N__CHEMBL202,meloxicam,meloxicam,DHFR,CHEMBL202,EXPLORATORY_LIMITED_INDEPENDENT_SUPPORT,2.0,3,"Qualified matching reference, construct/activity, compound identity/solubility and buffer stability required before interpretation.",RESERVE_EXPLORATORY_EXPANSION_AFTER_INITIAL_RESULTS
C384-316,MAEIEVLCKWDQJH-UHFFFAOYSA-N__CHEMBL2243,bumetanide,bumetanide,FAAH,CHEMBL2243,EXPLORATORY_LIMITED_INDEPENDENT_SUPPORT,2.0,8,"Qualified matching reference, construct/activity, compound identity/solubility and buffer stability required before interpretation.",RESERVE_EXPLORATORY_EXPANSION_AFTER_INITIAL_RESULTS
C384-317,ACWZRVQXLIRSDF-UHFFFAOYSA-N__CHEMBL5366,binimetinib,binimetinib,PARP2,CHEMBL5366,EXPLORATORY_LIMITED_INDEPENDENT_SUPPORT,2.0,4,"Qualified matching reference, construct/activity, compound identity/solubility and buffer stability required before interpretation.",RESERVE_EXPLORATORY_EXPANSION_AFTER_INITIAL_RESULTS
C384-318,OEKWJQXRCDYSHL-FNOIDJSQSA-N__CHEMBL3535,ticagrelor,ticagrelor,PDE9A,CHEMBL3535,EXPLORATORY_LIMITED_INDEPENDENT_SUPPORT,2.0,9,"Qualified matching reference, construct/activity, compound identity/solubility and buffer stability required before interpretation.",RESERVE_EXPLORATORY_EXPANSION_AFTER_INITIAL_RESULTS
C384-319,FABUFPQFXZVHFB-PVYNADRNSA-N__CHEMBL3045,ixabepilone,ixabepilone,PRKCB,CHEMBL3045,EXPLORATORY_LIMITED_INDEPENDENT_SUPPORT,2.0,4,"Qualified matching reference, construct/activity, compound identity/solubility and buffer stability required before interpretation.",RESERVE_EXPLORATORY_EXPANSION_AFTER_INITIAL_RESULTS
C384-320,SUDAHWBOROXANE-SECBINFHSA-N__CHEMBL3310,mirdametinib,mirdametinib,HDAC11,CHEMBL3310,EXPLORATORY_LIMITED_INDEPENDENT_SUPPORT,1.5,7,"Qualified matching reference, construct/activity, compound identity/solubility and buffer stability required before interpretation.",RESERVE_EXPLORATORY_EXPANSION_AFTER_INITIAL_RESULTS
C384-321,WJOHZNCJWYWUJD-IUGZLZTKSA-N__CHEMBL3045,fluocinonide,fluocinonide,PRKCB,CHEMBL3045,EXPLORATORY_LIMITED_INDEPENDENT_SUPPORT,1.5,5,"Qualified matching reference, construct/activity, compound identity/solubility and buffer stability required before interpretation.",RESERVE_EXPLORATORY_EXPANSION_AFTER_INITIAL_RESULTS
C384-322,INJOMKTZOLKMBF-UHFFFAOYSA-N__CHEMBL2850,guanfacine,guanfacine,GSK3A,CHEMBL2850,EXPLORATORY_LIMITED_INDEPENDENT_SUPPORT,1.5,2,"Qualified matching reference, construct/activity, compound identity/solubility and buffer stability required before interpretation.",RESERVE_EXPLORATORY_EXPANSION_AFTER_INITIAL_RESULTS
C384-323,CGIGDMFJXJATDK-UHFFFAOYSA-N__CHEMBL2252,indomethacin,indomethacin,CTSC,CHEMBL2252,EXPLORATORY_LIMITED_INDEPENDENT_SUPPORT,1.5,6,"Qualified matching reference, construct/activity, compound identity/solubility and buffer stability required before interpretation.",RESERVE_EXPLORATORY_EXPANSION_AFTER_INITIAL_RESULTS
C384-324,USZAGAREISWJDP-UHFFFAOYSA-N__CHEMBL2243,crisaborole,crisaborole,FAAH,CHEMBL2243,EXPLORATORY_LIMITED_INDEPENDENT_SUPPORT,1.5,9,"Qualified matching reference, construct/activity, compound identity/solubility and buffer stability required before interpretation.",RESERVE_EXPLORATORY_EXPANSION_AFTER_INITIAL_RESULTS
C384-325,UJLAWZDWDVHWOW-YPMHNXCESA-N__CHEMBL5366,tofacitinib,tofacitinib,PARP2,CHEMBL5366,EXPLORATORY_LIMITED_INDEPENDENT_SUPPORT,1.5,5,"Qualified matching reference, construct/activity, compound identity/solubility and buffer stability required before interpretation.",RESERVE_EXPLORATORY_EXPANSION_AFTER_INITIAL_RESULTS
C384-326,INJOMKTZOLKMBF-UHFFFAOYSA-N__CHEMBL1947,guanfacine,guanfacine,THRB,CHEMBL1947,EXPLORATORY_LIMITED_INDEPENDENT_SUPPORT,1.5,2,"Qualified matching reference, construct/activity, compound identity/solubility and buffer stability required before interpretation.",RESERVE_EXPLORATORY_EXPANSION_AFTER_INITIAL_RESULTS
C384-327,MKJIEFSOBYUXJB-WEZHFFAMSA-N__CHEMBL2063,deutetrabenazine,deutetrabenazine,UGCG,CHEMBL2063,EXPLORATORY_LIMITED_INDEPENDENT_SUPPORT,1.5,1,"Qualified matching reference, construct/activity, compound identity/solubility and buffer stability required before interpretation.",RESERVE_EXPLORATORY_EXPANSION_AFTER_INITIAL_RESULTS
C384-328,MEZLKOACVSPNER-GFCCVEGCSA-N__CHEMBL1808,selegiline,selegiline,ACE,CHEMBL1808,EXPLORATORY_LIMITED_INDEPENDENT_SUPPORT,1.5,5,"Qualified matching reference, construct/activity, compound identity/solubility and buffer stability required before interpretation.",RESERVE_EXPLORATORY_EXPANSION_AFTER_INITIAL_RESULTS
C384-329,XFYDIVBRZNQMJC-UHFFFAOYSA-N__CHEMBL2850,tizanidine,tizanidine,GSK3A,CHEMBL2850,EXPLORATORY_LIMITED_INDEPENDENT_SUPPORT,1.5,3,"Qualified matching reference, construct/activity, compound identity/solubility and buffer stability required before interpretation.",RESERVE_EXPLORATORY_EXPANSION_AFTER_INITIAL_RESULTS
C384-330,HOIIHACBCFLJET-SFTDATJTSA-N__CHEMBL220,lumateperone,lumateperone,ACHE,CHEMBL220,EXPLORATORY_LIMITED_INDEPENDENT_SUPPORT,1.5,3,"Qualified matching reference, construct/activity, compound identity/solubility and buffer stability required before interpretation.",RESERVE_EXPLORATORY_EXPANSION_AFTER_INITIAL_RESULTS
C384-331,VREFGVBLTWBCJP-UHFFFAOYSA-N__CHEMBL2850,alprazolam,alprazolam,GSK3A,CHEMBL2850,EXPLORATORY_LIMITED_INDEPENDENT_SUPPORT,1.5,4,"Qualified matching reference, construct/activity, compound identity/solubility and buffer stability required before interpretation.",RESERVE_EXPLORATORY_EXPANSION_AFTER_INITIAL_RESULTS
C384-332,WXCXUHSOUPDCQV-UHFFFAOYSA-N__CHEMBL2815,enzalutamide,enzalutamide,NTRK1,CHEMBL2815,EXPLORATORY_LIMITED_INDEPENDENT_SUPPORT,1.5,2,"Qualified matching reference, construct/activity, compound identity/solubility and buffer stability required before interpretation.",RESERVE_EXPLORATORY_EXPANSION_AFTER_INITIAL_RESULTS
C384-333,SECKRCOLJRRGGV-UHFFFAOYSA-N__CHEMBL2722,vardenafil,vardenafil,CYP11B2,CHEMBL2722,EXPLORATORY_LIMITED_INDEPENDENT_SUPPORT,1.5,3,"Qualified matching reference, construct/activity, compound identity/solubility and buffer stability required before interpretation.",RESERVE_EXPLORATORY_EXPANSION_AFTER_INITIAL_RESULTS
C384-334,HWGQMRYQVZSGDQ-HZPDHXFCSA-N__CHEMBL3717,talazoparib,talazoparib,MET,CHEMBL3717,EXPLORATORY_LIMITED_INDEPENDENT_SUPPORT,1.5,2,"Qualified matching reference, construct/activity, compound identity/solubility and buffer stability required before interpretation.",RESERVE_EXPLORATORY_EXPANSION_AFTER_INITIAL_RESULTS
C384-335,SMOBCLHAZXOKDQ-ZJUUUORDSA-N__CHEMBL4588,relebactam,relebactam,MMP8,CHEMBL4588,EXPLORATORY_LIMITED_INDEPENDENT_SUPPORT,1.5,4,"Qualified matching reference, construct/activity, compound identity/solubility and buffer stability required before interpretation.",RESERVE_EXPLORATORY_EXPANSION_AFTER_INITIAL_RESULTS
C384-336,MKXZASYAUGDDCJ-NJAFHUGGSA-N__CHEMBL2252,dextromethorphan,dextromethorphan,CTSC,CHEMBL2252,EXPLORATORY_LIMITED_INDEPENDENT_SUPPORT,1.5,7,"Qualified matching reference, construct/activity, compound identity/solubility and buffer stability required before interpretation.",RESERVE_EXPLORATORY_EXPANSION_AFTER_INITIAL_RESULTS
C384-337,SUDAHWBOROXANE-SECBINFHSA-N__CHEMBL202,mirdametinib,mirdametinib,DHFR,CHEMBL202,EXPLORATORY_LIMITED_INDEPENDENT_SUPPORT,1.5,4,"Qualified matching reference, construct/activity, compound identity/solubility and buffer stability required before interpretation.",RESERVE_EXPLORATORY_EXPANSION_AFTER_INITIAL_RESULTS
C384-338,IMOZEMNVLZVGJZ-QGZVFWFLSA-N__CHEMBL2148,apremilast,apremilast,JAK3,CHEMBL2148,EXPLORATORY_LIMITED_INDEPENDENT_SUPPORT,1.5,3,"Qualified matching reference, construct/activity, compound identity/solubility and buffer stability required before interpretation.",RESERVE_EXPLORATORY_EXPANSION_AFTER_INITIAL_RESULTS
C384-339,FASDKYOPVNHBLU-ZETCQYMHSA-N__CHEMBL205,pramipexole,pramipexole,CA2,CHEMBL205,EXPLORATORY_LIMITED_INDEPENDENT_SUPPORT,1.5,6,"Qualified matching reference, construct/activity, compound identity/solubility and buffer stability required before interpretation.",RESERVE_EXPLORATORY_EXPANSION_AFTER_INITIAL_RESULTS
C384-340,ULXXDDBFHOBEHA-CWDCEQMOSA-N__CHEMBL2722,afatinib,afatinib,CYP11B2,CHEMBL2722,EXPLORATORY_LIMITED_INDEPENDENT_SUPPORT,1.5,4,"Qualified matching reference, construct/activity, compound identity/solubility and buffer stability required before interpretation.",RESERVE_EXPLORATORY_EXPANSION_AFTER_INITIAL_RESULTS
C384-341,KPYSYYIEGFHWSV-UHFFFAOYSA-N__CHEMBL4523510,baclofen,baclofen,CYP46A1,CHEMBL4523510,EXPLORATORY_LIMITED_INDEPENDENT_SUPPORT,1.5,4,"Qualified matching reference, construct/activity, compound identity/solubility and buffer stability required before interpretation.",RESERVE_EXPLORATORY_EXPANSION_AFTER_INITIAL_RESULTS
C384-342,CXOXHMZGEKVPMT-UHFFFAOYSA-N__CHEMBL4523510,clobazam,clobazam,CYP46A1,CHEMBL4523510,EXPLORATORY_LIMITED_INDEPENDENT_SUPPORT,1.5,5,"Qualified matching reference, construct/activity, compound identity/solubility and buffer stability required before interpretation.",RESERVE_EXPLORATORY_EXPANSION_AFTER_INITIAL_RESULTS
C384-343,DMNOVGJWPASQDL-OAQYLSRUSA-N__CHEMBL2722,oliceridine,oliceridine,CYP11B2,CHEMBL2722,EXPLORATORY_LIMITED_INDEPENDENT_SUPPORT,1.5,5,"Qualified matching reference, construct/activity, compound identity/solubility and buffer stability required before interpretation.",RESERVE_EXPLORATORY_EXPANSION_AFTER_INITIAL_RESULTS
C384-344,AAOVKJBEBIDNHE-UHFFFAOYSA-N__CHEMBL4523510,diazepam,diazepam,CYP46A1,CHEMBL4523510,EXPLORATORY_LIMITED_INDEPENDENT_SUPPORT,1.5,6,"Qualified matching reference, construct/activity, compound identity/solubility and buffer stability required before interpretation.",RESERVE_EXPLORATORY_EXPANSION_AFTER_INITIAL_RESULTS
C384-345,LDCRTTXIJACKKU-ONEGZZNKSA-N__CHEMBL402,dimethyl fumarate,dimethyl fumarate,HMGCR,CHEMBL402,EXPLORATORY_LIMITED_INDEPENDENT_SUPPORT,1.5,4,"Qualified matching reference, construct/activity, compound identity/solubility and buffer stability required before interpretation.",RESERVE_EXPLORATORY_EXPANSION_AFTER_INITIAL_RESULTS
C384-346,LTXREWYXXSTFRX-QGZVFWFLSA-N__CHEMBL1827,linagliptin,linagliptin,PDE5A,CHEMBL1827,EXPLORATORY_LIMITED_INDEPENDENT_SUPPORT,1.5,2,"Qualified matching reference, construct/activity, compound identity/solubility and buffer stability required before interpretation.",RESERVE_EXPLORATORY_EXPANSION_AFTER_INITIAL_RESULTS
C384-347,IAKHMKGGTNLKSZ-INIZCTEOSA-N__CHEMBL2063,colchicine,colchicine,UGCG,CHEMBL2063,EXPLORATORY_LIMITED_INDEPENDENT_SUPPORT,1.5,2,"Qualified matching reference, construct/activity, compound identity/solubility and buffer stability required before interpretation.",RESERVE_EXPLORATORY_EXPANSION_AFTER_INITIAL_RESULTS
C384-348,DYLUUSLLRIQKOE-UHFFFAOYSA-N__CHEMBL262,enasidenib,enasidenib,GSK3B,CHEMBL262,EXPLORATORY_LIMITED_INDEPENDENT_SUPPORT,1.5,1,"Qualified matching reference, construct/activity, compound identity/solubility and buffer stability required before interpretation.",RESERVE_EXPLORATORY_EXPANSION_AFTER_INITIAL_RESULTS
C384-349,BSMCAPRUBJMWDF-KRWDZBQOSA-N__CHEMBL3310,cobimetinib,cobimetinib,HDAC11,CHEMBL3310,EXPLORATORY_LIMITED_INDEPENDENT_SUPPORT,1.5,8,"Qualified matching reference, construct/activity, compound identity/solubility and buffer stability required before interpretation.",RESERVE_EXPLORATORY_EXPANSION_AFTER_INITIAL_RESULTS
C384-350,QQHMKNYGKVVGCZ-UHFFFAOYSA-N__CHEMBL1952,tipiracil,tipiracil,TYMS,CHEMBL1952,EXPLORATORY_LIMITED_INDEPENDENT_SUPPORT,1.5,3,"Qualified matching reference, construct/activity, compound identity/solubility and buffer stability required before interpretation.",RESERVE_EXPLORATORY_EXPANSION_AFTER_INITIAL_RESULTS
C384-351,NDAUXUAQIAJITI-UHFFFAOYSA-N__CHEMBL2252,albuterol,albuterol,CTSC,CHEMBL2252,EXPLORATORY_LIMITED_INDEPENDENT_SUPPORT,1.5,8,"Qualified matching reference, construct/activity, compound identity/solubility and buffer stability required before interpretation.",RESERVE_EXPLORATORY_EXPANSION_AFTER_INITIAL_RESULTS
C384-352,QCHFTSOMWOSFHM-WPRPVWTQSA-N__CHEMBL3522,pilocarpine,pilocarpine,CYP17A1,CHEMBL3522,EXPLORATORY_LIMITED_INDEPENDENT_SUPPORT,1.5,3,"Qualified matching reference, construct/activity, compound identity/solubility and buffer stability required before interpretation.",RESERVE_EXPLORATORY_EXPANSION_AFTER_INITIAL_RESULTS
C384-353,UCTWMZQNUQWSLP-VIFPVBQESA-N__CHEMBL215,epinephrine,epinephrine,ALOX5,CHEMBL215,EXPLORATORY_LIMITED_INDEPENDENT_SUPPORT,1.5,2,"Qualified matching reference, construct/activity, compound identity/solubility and buffer stability required before interpretation.",RESERVE_EXPLORATORY_EXPANSION_AFTER_INITIAL_RESULTS
C384-354,ACWZRVQXLIRSDF-UHFFFAOYSA-N__CHEMBL202,binimetinib,binimetinib,DHFR,CHEMBL202,EXPLORATORY_LIMITED_INDEPENDENT_SUPPORT,1.5,5,"Qualified matching reference, construct/activity, compound identity/solubility and buffer stability required before interpretation.",RESERVE_EXPLORATORY_EXPANSION_AFTER_INITIAL_RESULTS
C384-355,ZSKVGTPCRGIANV-ZXFLCMHBSA-N__CHEMBL4588,imipenem,imipenem,MMP8,CHEMBL4588,EXPLORATORY_LIMITED_INDEPENDENT_SUPPORT,1.5,5,"Qualified matching reference, construct/activity, compound identity/solubility and buffer stability required before interpretation.",RESERVE_EXPLORATORY_EXPANSION_AFTER_INITIAL_RESULTS
C384-356,CPZBLNMUGSZIPR-NVXWUHKLSA-N__CHEMBL2722,palonosetron,palonosetron,CYP11B2,CHEMBL2722,EXPLORATORY_LIMITED_INDEPENDENT_SUPPORT,1.5,6,"Qualified matching reference, construct/activity, compound identity/solubility and buffer stability required before interpretation.",RESERVE_EXPLORATORY_EXPANSION_AFTER_INITIAL_RESULTS
C384-357,DYLUUSLLRIQKOE-UHFFFAOYSA-N__CHEMBL258,enasidenib,enasidenib,LCK,CHEMBL258,EXPLORATORY_LIMITED_INDEPENDENT_SUPPORT,1.5,4,"Qualified matching reference, construct/activity, compound identity/solubility and buffer stability required before interpretation.",RESERVE_EXPLORATORY_EXPANSION_AFTER_INITIAL_RESULTS
C384-358,SJVQHLPISAIATJ-ZDUSSCGKSA-N__CHEMBL5366,duvelisib,duvelisib,PARP2,CHEMBL5366,EXPLORATORY_LIMITED_INDEPENDENT_SUPPORT,1.5,6,"Qualified matching reference, construct/activity, compound identity/solubility and buffer stability required before interpretation.",RESERVE_EXPLORATORY_EXPANSION_AFTER_INITIAL_RESULTS
C384-359,VWVSBHGCDBMOOT-IIEHVVJPSA-N__CHEMBL2008,desoximetasone,desoximetasone,RARB,CHEMBL2008,EXPLORATORY_LIMITED_INDEPENDENT_SUPPORT,1.5,2,"Qualified matching reference, construct/activity, compound identity/solubility and buffer stability required before interpretation.",RESERVE_EXPLORATORY_EXPANSION_AFTER_INITIAL_RESULTS
C384-360,DMNOVGJWPASQDL-OAQYLSRUSA-N__CHEMBL1908,oliceridine,oliceridine,CYP11B1,CHEMBL1908,EXPLORATORY_LIMITED_INDEPENDENT_SUPPORT,1.5,3,"Qualified matching reference, construct/activity, compound identity/solubility and buffer stability required before interpretation.",RESERVE_EXPLORATORY_EXPANSION_AFTER_INITIAL_RESULTS
C384-361,PTOIAAWZLUQTIO-GXFFZTMASA-N__CHEMBL2034,tasimelteon,tasimelteon,NR3C1,CHEMBL2034,EXPLORATORY_LIMITED_INDEPENDENT_SUPPORT,1.5,4,"Qualified matching reference, construct/activity, compound identity/solubility and buffer stability required before interpretation.",RESERVE_EXPLORATORY_EXPANSION_AFTER_INITIAL_RESULTS
C384-362,CYHWMBVXXDIZNZ-KRWDZBQOSA-N__CHEMBL2243,remimazolam,remimazolam,FAAH,CHEMBL2243,EXPLORATORY_LIMITED_INDEPENDENT_SUPPORT,1.5,10,"Qualified matching reference, construct/activity, compound identity/solubility and buffer stability required before interpretation.",RESERVE_EXPLORATORY_EXPANSION_AFTER_INITIAL_RESULTS
C384-363,NSQSAUGJQHDYNO-UHFFFAOYSA-N__CHEMBL202,tazemetostat,tazemetostat,DHFR,CHEMBL202,EXPLORATORY_LIMITED_INDEPENDENT_SUPPORT,1.25,6,"Qualified matching reference, construct/activity, compound identity/solubility and buffer stability required before interpretation.",RESERVE_EXPLORATORY_EXPANSION_AFTER_INITIAL_RESULTS
C384-364,WCWSTNLSLKSJPK-LKFCYVNXSA-N__CHEMBL288,cabotegravir,cabotegravir,PDE4D,CHEMBL288,EXPLORATORY_LIMITED_INDEPENDENT_SUPPORT,1.0,3,"Qualified matching reference, construct/activity, compound identity/solubility and buffer stability required before interpretation.",RESERVE_EXPLORATORY_EXPANSION_AFTER_INITIAL_RESULTS
C384-365,CYOHGALHFOKKQC-UHFFFAOYSA-N__CHEMBL2063,selumetinib,selumetinib,UGCG,CHEMBL2063,EXPLORATORY_LIMITED_INDEPENDENT_SUPPORT,1.0,3,"Qualified matching reference, construct/activity, compound identity/solubility and buffer stability required before interpretation.",RESERVE_EXPLORATORY_EXPANSION_AFTER_INITIAL_RESULTS
C384-366,AQNDDEOPVVGCPG-UHFFFAOYSA-N__CHEMBL1808,esmolol,esmolol,ACE,CHEMBL1808,EXPLORATORY_LIMITED_INDEPENDENT_SUPPORT,1.0,6,"Qualified matching reference, construct/activity, compound identity/solubility and buffer stability required before interpretation.",RESERVE_EXPLORATORY_EXPANSION_AFTER_INITIAL_RESULTS
C384-367,WXCXUHSOUPDCQV-UHFFFAOYSA-N__CHEMBL5145,enzalutamide,enzalutamide,BRAF,CHEMBL5145,EXPLORATORY_LIMITED_INDEPENDENT_SUPPORT,1.0,3,"Qualified matching reference, construct/activity, compound identity/solubility and buffer stability required before interpretation.",RESERVE_EXPLORATORY_EXPANSION_AFTER_INITIAL_RESULTS
C384-368,ADEBPBSSDYVVLD-UHFFFAOYSA-N__CHEMBL2023,donepezil,donepezil,COMT,CHEMBL2023,EXPLORATORY_LIMITED_INDEPENDENT_SUPPORT,1.0,2,"Qualified matching reference, construct/activity, compound identity/solubility and buffer stability required before interpretation.",RESERVE_EXPLORATORY_EXPANSION_AFTER_INITIAL_RESULTS
C384-369,RUOKEQAAGRXIBM-GFCCVEGCSA-N__CHEMBL1808,rasagiline,rasagiline,ACE,CHEMBL1808,EXPLORATORY_LIMITED_INDEPENDENT_SUPPORT,1.0,7,"Qualified matching reference, construct/activity, compound identity/solubility and buffer stability required before interpretation.",RESERVE_EXPLORATORY_EXPANSION_AFTER_INITIAL_RESULTS
C384-370,KSMAGQUYOIHWFS-UHFFFAOYSA-N__CHEMBL2850,lofexidine,lofexidine,GSK3A,CHEMBL2850,EXPLORATORY_LIMITED_INDEPENDENT_SUPPORT,1.0,5,"Qualified matching reference, construct/activity, compound identity/solubility and buffer stability required before interpretation.",RESERVE_EXPLORATORY_EXPANSION_AFTER_INITIAL_RESULTS
C384-371,GOTYRUGSSMKFNF-UHFFFAOYSA-N__CHEMBL3045,lenalidomide,lenalidomide,PRKCB,CHEMBL3045,EXPLORATORY_LIMITED_INDEPENDENT_SUPPORT,1.0,6,"Qualified matching reference, construct/activity, compound identity/solubility and buffer stability required before interpretation.",RESERVE_EXPLORATORY_EXPANSION_AFTER_INITIAL_RESULTS
C384-372,FTALBRSUTCGOEG-UHFFFAOYSA-N__CHEMBL2039,riluzole,riluzole,MAOB,CHEMBL2039,EXPLORATORY_LIMITED_INDEPENDENT_SUPPORT,1.0,7,"Qualified matching reference, construct/activity, compound identity/solubility and buffer stability required before interpretation.",RESERVE_EXPLORATORY_EXPANSION_AFTER_INITIAL_RESULTS
C384-373,OPXLLQIJSORQAM-UHFFFAOYSA-N__CHEMBL3234,mebendazole,mebendazole,HCK,CHEMBL3234,EXPLORATORY_LIMITED_INDEPENDENT_SUPPORT,1.0,2,"Qualified matching reference, construct/activity, compound identity/solubility and buffer stability required before interpretation.",RESERVE_EXPLORATORY_EXPANSION_AFTER_INITIAL_RESULTS
C384-374,FGQFOYHRJSUHMR-UHFFFAOYSA-N__CHEMBL2063,lesinurad,lesinurad,UGCG,CHEMBL2063,EXPLORATORY_LIMITED_INDEPENDENT_SUPPORT,1.0,4,"Qualified matching reference, construct/activity, compound identity/solubility and buffer stability required before interpretation.",RESERVE_EXPLORATORY_EXPANSION_AFTER_INITIAL_RESULTS
C384-375,YQEZLKZALYSWHR-ZDUSSCGKSA-N__CHEMBL262,esketamine,esketamine,GSK3B,CHEMBL262,EXPLORATORY_LIMITED_INDEPENDENT_SUPPORT,1.0,2,"Qualified matching reference, construct/activity, compound identity/solubility and buffer stability required before interpretation.",RESERVE_EXPLORATORY_EXPANSION_AFTER_INITIAL_RESULTS
C384-376,USUZGMWDZDXMDG-CYBMUJFWSA-N__CHEMBL2063,osilodrostat,osilodrostat,UGCG,CHEMBL2063,EXPLORATORY_LIMITED_INDEPENDENT_SUPPORT,1.0,5,"Qualified matching reference, construct/activity, compound identity/solubility and buffer stability required before interpretation.",RESERVE_EXPLORATORY_EXPANSION_AFTER_INITIAL_RESULTS
C384-377,CYHWMBVXXDIZNZ-KRWDZBQOSA-N__CHEMBL220,remimazolam,remimazolam,ACHE,CHEMBL220,EXPLORATORY_LIMITED_INDEPENDENT_SUPPORT,1.0,4,"Qualified matching reference, construct/activity, compound identity/solubility and buffer stability required before interpretation.",RESERVE_EXPLORATORY_EXPANSION_AFTER_INITIAL_RESULTS
C384-378,MKJIEFSOBYUXJB-WEZHFFAMSA-N__CHEMBL2023,deutetrabenazine,deutetrabenazine,COMT,CHEMBL2023,EXPLORATORY_LIMITED_INDEPENDENT_SUPPORT,1.0,3,"Qualified matching reference, construct/activity, compound identity/solubility and buffer stability required before interpretation.",RESERVE_EXPLORATORY_EXPANSION_AFTER_INITIAL_RESULTS
C384-379,QOIGKGMMAGJZNZ-UHFFFAOYSA-N__CHEMBL262,gepirone,gepirone,GSK3B,CHEMBL262,EXPLORATORY_LIMITED_INDEPENDENT_SUPPORT,1.0,3,"Qualified matching reference, construct/activity, compound identity/solubility and buffer stability required before interpretation.",RESERVE_EXPLORATORY_EXPANSION_AFTER_INITIAL_RESULTS
C384-380,ZEUITGRIYCTCEM-KRWDZBQOSA-N__CHEMBL220,duloxetine,duloxetine,ACHE,CHEMBL220,EXPLORATORY_LIMITED_INDEPENDENT_SUPPORT,1.0,5,"Qualified matching reference, construct/activity, compound identity/solubility and buffer stability required before interpretation.",RESERVE_EXPLORATORY_EXPANSION_AFTER_INITIAL_RESULTS
C384-381,GOTYRUGSSMKFNF-UHFFFAOYSA-N__CHEMBL3310,lenalidomide,lenalidomide,HDAC11,CHEMBL3310,EXPLORATORY_LIMITED_INDEPENDENT_SUPPORT,1.0,9,"Qualified matching reference, construct/activity, compound identity/solubility and buffer stability required before interpretation.",RESERVE_EXPLORATORY_EXPANSION_AFTER_INITIAL_RESULTS
C384-382,LIRYPHYGHXZJBZ-UHFFFAOYSA-N__CHEMBL202,trametinib,trametinib,DHFR,CHEMBL202,EXPLORATORY_LIMITED_INDEPENDENT_SUPPORT,0.75,7,"Qualified matching reference, construct/activity, compound identity/solubility and buffer stability required before interpretation.",RESERVE_EXPLORATORY_EXPANSION_AFTER_INITIAL_RESULTS
C384-383,WIJZXSAJMHAVGX-DHLKQENFSA-N__CHEMBL262,ivosidenib,ivosidenib,GSK3B,CHEMBL262,EXPLORATORY_LIMITED_INDEPENDENT_SUPPORT,0.75,4,"Qualified matching reference, construct/activity, compound identity/solubility and buffer stability required before interpretation.",RESERVE_EXPLORATORY_EXPANSION_AFTER_INITIAL_RESULTS
C384-384,FVTWTVQXNAJTQP-UHFFFAOYSA-N__CHEMBL2722,umeclidinium,umeclidinium,CYP11B2,CHEMBL2722,EXPLORATORY_LIMITED_INDEPENDENT_SUPPORT,0.75,7,"Qualified matching reference, construct/activity, compound identity/solubility and buffer stability required before interpretation.",RESERVE_EXPLORATORY_EXPANSION_AFTER_INITIAL_RESULTS
