system_id,cluster,source,predicted_residue_coverage,contact_ap,distance_mae,site_hit_1,available
1ddt__1__1.A_2.A__1.B,c1769,experimental_native,0.8333333333333334,0.5992669857248473,1.2708171606063843,0,True
1ddt__1__1.A_2.A__2.B,c1769,experimental_native,0.8333333333333334,0.5684180098876612,1.3336410522460938,0,True
1d09__1__1.A_2.A__1.E,c103,experimental_native,0.8333333333333334,0.5427955982704245,1.2176778316497803,0,True
1d09__1__1.C_2.C__2.G,c103,experimental_native,0.8823529411764706,0.33789050969885137,1.740725040435791,0,True
1d09__1__1.C_3.C__1.G,c103,experimental_native,1.0,0.27776550377990267,1.991809368133545,0,True
1d09__1__1.A_3.A__3.E,c103,experimental_native,0.8888888888888888,0.3017951841725606,1.84918212890625,0,True
2ag6__2__2.A__2.B,c121,experimental_native,0.9230769230769231,0.655328587646775,1.0870634317398071,0,True
2aix__1__2.A__2.B,c7,experimental_native,0.8666666666666667,0.7201045714182408,0.8258158564567566,0,True
2ag6__1__1.A__1.B,c121,experimental_native,0.9230769230769231,0.6340509753091669,1.0922374725341797,0,True
2aix__1__1.A__1.B,c7,experimental_native,0.8,0.7277005440357461,0.8332748413085938,0,True
2ahv__1__1.D__1.H,c2034,experimental_native,0.56,0.3678848460720714,1.2862101793289185,0,True
2bdm__2__1.A_2.A__2.D,c11013,experimental_native,1.0,0.6498527202128985,0.8180150985717773,0,True
2c84__1__1.A__1.B,c1327,experimental_native,0.0,0.8414296028660606,0.6559225916862488,0,True
2de3__1__1.A__1.D,c4237,experimental_native,0.9411764705882353,0.44188040966368075,1.1989529132843018,0,True
2de3__2__1.B__1.G,c4237,experimental_native,0.9411764705882353,0.46908047046555545,1.0518028736114502,0,True
2de4__1__1.A__1.D,c4237,experimental_native,0.9411764705882353,0.4867658456406787,1.1027194261550903,0,True
2dcl__1__1.B_1.C__1.F,c4257,experimental_native,0.9375,0.7184832563292082,0.8415609002113342,0,True
2dcl__1__2.B_2.C__2.F,c4257,experimental_native,0.9375,0.7255576858689402,0.840753436088562,1,True
3b7d__1__1.A__1.I,c7,experimental_native,0.9230769230769231,0.6675421367009717,0.9943225979804993,1,True
3b7d__2__1.C__1.K,c7,experimental_native,0.8461538461538461,0.6897983969462037,0.9517028331756592,0,True
3b7d__1__1.B__1.J,c7,experimental_native,0.8333333333333334,0.7094264585337052,0.9241257309913635,1,True
3b7d__2__1.D__1.L,c7,experimental_native,0.9166666666666666,0.6913885178939551,0.9479474425315857,1,True
3b7d__3__1.E__1.M,c7,experimental_native,0.9230769230769231,0.6623906168016298,0.9832368493080139,0,True
3b7d__3__1.F__1.N,c7,experimental_native,0.9166666666666666,0.6735148500836257,0.9376921057701111,1,True
3b7d__4__1.G__1.O,c7,experimental_native,0.8333333333333334,0.6996254271715073,0.9455468058586121,0,True
3b7d__4__1.H__1.P,c7,experimental_native,0.9166666666666666,0.7289248676600781,0.9126425981521606,1,True
3bki__1__1.A__1.E,c7,experimental_native,0.9166666666666666,0.3825144798233413,2.0991780757904053,0,True
3bki__2__1.B__1.F,c7,experimental_native,0.9166666666666666,0.6206706899911596,1.6167795658111572,0,True
3bki__3__1.C__1.G,c7,experimental_native,0.8333333333333334,0.5436530338173163,2.021620035171509,0,True
3bki__4__1.D__1.H,c7,experimental_native,0.75,0.4790993128260505,2.2236969470977783,0,True
3bda__1__1.A__1.D,c33,experimental_native,0.8235294117647058,0.6652232258599737,0.8456317782402039,1,True
3bd8__1__2.A__2.C,c33,experimental_native,0.8333333333333334,0.6524368293288061,0.835031270980835,0,True
3bd7__1__1.A__1.D,c33,experimental_native,0.8823529411764706,0.6631085360826248,0.831092894077301,0,True
3bd7__1__2.A__2.D,c33,experimental_native,0.9411764705882353,0.6648610538339882,0.829867422580719,0,True
3bd8__1__1.A__1.C,c33,experimental_native,0.8888888888888888,0.653186229277085,0.8275274634361267,0,True
3bz9__1__1.A__1.F,c1599,experimental_native,1.0,0.6287455565931723,1.2328659296035767,0,True
3bz7__1__1.A__1.E,c1599,experimental_native,1.0,0.701815307607931,1.0199178457260132,0,True
3bz9__2__2.A__2.F,c1599,experimental_native,1.0,0.6313926611979988,1.227384090423584,0,True
3bz7__2__2.A__2.E,c1599,experimental_native,1.0,0.687240685830595,1.0387301445007324,1,True
3ctl__1__1.B__1.I_1.J,c1173,experimental_native,0.8571428571428571,0.7037124228047184,0.7924380898475647,0,True
3ctl__1__1.C__1.K_1.L,c1173,experimental_native,0.8095238095238095,0.7492566179831378,0.7588719129562378,0,True
3ctl__1__1.A__1.G_1.H,c1173,experimental_native,0.8636363636363636,0.7156605100376439,0.7281448841094971,0,True
3ctl__1__1.D__1.M_1.N,c1173,experimental_native,0.7619047619047619,0.7536735686191385,0.7415400743484497,0,True
3ctl__1__1.F__1.Q_1.R,c1173,experimental_native,0.8095238095238095,0.7526711872376777,0.7231858968734741,0,True
3ctl__1__1.E__1.O_1.P,c1173,experimental_native,0.8571428571428571,0.754898224286961,0.7451062798500061,0,True
3a20__1__1.A_1.B__1.C,c1089,experimental_native,0.8571428571428571,0.7750854870090697,0.7412551045417786,0,True
3dnt__1__1.A__1.C_1.D_1.E,c2488,experimental_native,0.92,0.6922887477260725,0.8481647968292236,0,True
3a20__1__1.A_1.B__1.D,c1089,experimental_native,0.6666666666666666,0.7524185403457586,0.8314327001571655,0,True
3dnt__2__1.B__1.G_1.H_1.I,c2488,experimental_native,0.92,0.6786722425358696,0.886017918586731,0,True
3d9s__1__1.A_1.B_1.C_1.D__1.E,c4511,experimental_native,0.8571428571428571,0.44481090437961407,2.7085437774658203,0,True
3b0y__1__1.A__1.B_1.D_1.E,c31,experimental_native,0.8,0.2509527025355326,2.017104387283325,0,True
3apw__2__1.B__1.D,c3321,experimental_native,1.0,0.35762740766281387,1.1351230144500732,0,True
3agy__1__1.B__1.E,c5190,experimental_native,0.0,0.29792986580014136,2.4874327182769775,0,True
3apw__1__1.A__1.C,c3321,experimental_native,0.9047619047619048,0.310822260592241,1.3070231676101685,0,True
3amf__1__1.A_1.B__1.C,c1089,experimental_native,0.7142857142857143,0.7969451925886704,0.8034490942955017,0,True
3apv__2__1.B__1.E,c3321,experimental_native,0.9444444444444444,0.18697167898431244,1.699140191078186,0,True
3apv__1__1.A__1.C_1.D,c3321,experimental_native,0.9473684210526315,0.3005495600143649,1.186198115348816,0,True
3amf__1__1.A_1.B__1.E,c1089,experimental_native,0.8571428571428571,0.778913005281751,0.8158367276191711,0,True
3awh__1__1.A_1.B__1.C,c1089,experimental_native,0.7142857142857143,0.7862621624685305,0.8210291266441345,0,True
3awh__1__1.A_1.B__1.E,c1089,experimental_native,0.8571428571428571,0.79178199406576,0.80805903673172,0,True
3axs__1__1.A__1.C,c1987,experimental_native,0.7619047619047619,0.8420327963571864,0.5331150889396667,0,True
3agy__1__1.A__1.C,c3461,experimental_native,0.0,0.38171235163950323,1.97454035282135,0,True
3axs__1__2.A__2.C,c1987,experimental_native,0.7619047619047619,0.8283596134213829,0.5547966957092285,0,True
3au2__1__1.A__1.B_1.F_1.G,c31,experimental_native,0.8666666666666667,0.2591982745160418,2.0123093128204346,0,True
4a6s__2__1.C__1.I_1.J,c225,experimental_native,0.0,0.5529114877269549,1.329734444618225,1,True
3b0x__1__1.A__1.D_1.E_1.I,c31,experimental_native,0.8125,0.5924558438471832,1.0604159832000732,0,True
4a6x__2__1.B__1.E_1.F,c124,experimental_native,0.6428571428571429,0.7873590589077859,0.7800193428993225,0,True
4a8p__2__1.F__1.P,c103,experimental_native,0.8333333333333334,0.6182172079790335,0.9519673585891724,1,True
4a8h__2__1.B_3.B__3.I,c103,experimental_native,0.8,0.7241944222875508,0.8529350757598877,1,True
4a8h__2__1.B_2.B__1.I,c103,experimental_native,0.85,0.7007907459588057,0.9223306775093079,1,True
4a8h__1__1.A_2.A__2.C,c103,experimental_native,0.9,0.7107493674448253,0.8929156064987183,0,True
4a8p__1__1.A_1.B__1.G,c103,experimental_native,0.9473684210526315,0.48435802477874773,1.4699715375900269,1,True
4a8p__1__1.A_1.C__1.K,c103,experimental_native,0.8947368421052632,0.47156731587642,1.6729274988174438,1,True
4a8p__1__1.B_1.C__1.I,c103,experimental_native,1.0,0.39447103253838484,1.774074912071228,1,True
4a8p__2__1.D_1.E__1.O,c103,experimental_native,0.0,0.506523667270279,1.4990897178649902,1,True
4a8h__1__1.A_3.A__1.C,c103,experimental_native,0.9,0.7190478951912969,0.896274745464325,0,True
4dve__1__1.A__1.D,c2689,experimental_native,0.9375,0.5774467527184132,0.9878073930740356,0,True
4al9__2__1.F__1.I_1.X_1.Y,c225,experimental_native,0.0,0.5302600950750052,1.700076699256897,1,True
4al9__2__1.H__1.CA_1.J,c225,experimental_native,0.0,0.20631084960452778,2.3420231342315674,1,True
4am8__1__1.A__1.H_1.I,c103,experimental_native,1.0,0.5543272411624658,1.1323262453079224,1,True
4am8__1__1.B__1.M_1.N,c103,experimental_native,0.8947368421052632,0.48634762053204633,1.214805245399475,0,True
4am8__1__1.C__1.Q_1.R,c103,experimental_native,0.95,0.4983871233027767,1.2259951829910278,1,True
4am8__2__1.E__1.X_1.Y,c103,experimental_native,1.0,0.531082651315369,1.1320205926895142,1,True
4am8__2__1.D__1.T_1.U,c103,experimental_native,1.0,0.4743858829903689,1.2931557893753052,1,True
4am8__2__1.F__1.AA_1.BA_1.V,c103,experimental_native,1.0,0.48983467968681393,1.2115281820297241,1,True
4b11__2__1.B__1.J,c118,experimental_native,0.8947368421052632,0.35286488111182146,1.764528751373291,0,True
4b14__2__1.B__1.J,c118,experimental_native,0.9545454545454546,0.5785889334183996,1.3988823890686035,0,True
4b14__3__1.C__1.P,c118,experimental_native,0.8636363636363636,0.5235110379330057,1.523727297782898,0,True
4b14__1__1.A__1.E,c118,experimental_native,0.8181818181818182,0.39288057515793307,1.977655291557312,0,True
4b11__3__1.C__1.O,c118,experimental_native,0.85,0.3078757815950813,1.9782960414886475,0,True
4cae__3__1.C__1.R,c118,experimental_native,0.9130434782608695,0.5425676969809603,1.5646412372589111,0,True
4cae__1__1.A__1.G,c118,experimental_native,0.8695652173913043,0.5960141843061666,1.3735923767089844,0,True
4ctn__1__1.A__1.C_1.D,c33,experimental_native,1.0,0.5824969600255431,0.8730435967445374,0,True
4ctm__1__2.A__2.B,c33,experimental_native,0.8,0.5745614197675745,1.1112183332443237,0,True
4d6p__1__1.A__1.C_1.E,c124,experimental_native,0.7142857142857143,0.7418442713602278,0.7986473441123962,0,True
5aju__1__1.A_2.A__1.B,c2020,experimental_native,0.9333333333333333,0.5715981208629031,0.8531833291053772,0,True
4cto__1__1.A__1.B,c33,experimental_native,0.9090909090909091,0.607129023686893,0.761431097984314,1,True
4ctn__1__2.A__2.C_2.D,c33,experimental_native,0.9166666666666666,0.5934667067754127,0.8783498406410217,1,True
5aju__1__1.A_2.A__2.B,c2020,experimental_native,0.9333333333333333,0.5646900500795395,0.893462061882019,1,True
4cto__1__2.A__2.B,c33,experimental_native,0.8636363636363636,0.5885126870027383,0.796245276927948,0,True
4d6p__2__1.B__1.G_1.H,c124,experimental_native,0.6,0.8011197138372285,0.7990212440490723,0,True
4ctm__1__1.A__1.B,c33,experimental_native,0.8666666666666667,0.5372079778942715,1.1677228212356567,0,True
5ajp__1__1.A_1.B__1.C_1.E,c186,experimental_native,1.0,0.8022560181787737,0.7279053926467896,0,True
5bnr__1__1.A__1.B,c161,experimental_native,1.0,0.6001154418968693,0.8436667323112488,0,True
5bqs__1__1.A_1.B__1.F,c161,experimental_native,0.9,0.7312296326273012,0.8624075055122375,0,True
5cbs__1__1.A__1.E_1.H,c7,experimental_native,0.875,0.4802469694988015,1.7025911808013916,0,True
5cbs__1__1.C__1.V,c7,experimental_native,0.9333333333333333,0.5351933764187466,1.6088087558746338,0,True
5bxv__1__1.A__1.E,c326,experimental_native,1.0,0.6883769562296287,1.3632413148880005,0,True
5c79__1__1.A__1.C,c6049,experimental_native,0.0,0.31553071921215176,2.283076763153076,0,True
5cbs__2__1.B__1.M_1.P,c7,experimental_native,0.875,0.5403126868667156,1.6436686515808105,1,True
5bxv__2__1.C__1.F,c326,experimental_native,1.0,0.7316425618133896,1.2790225744247437,0,True
5c79__2__1.B__1.E,c6049,experimental_native,0.0,0.20950803536474585,2.671781063079834,0,True
5a6z__1__1.A_1.B__1.E_1.I_1.J,c266,experimental_native,0.0,0.19072985199221915,1.9319746494293213,0,True
5ciy__1__1.A__1.D,c272,experimental_native,0.9090909090909091,0.8922350931579595,0.6087256669998169,0,True
5a6z__1__1.A_1.B__1.F_1.L_1.M,c266,experimental_native,0.0,0.14840012246671586,1.8393398523330688,1,True
5d21__1__1.D__1.K_1.L,c225,experimental_native,0.0,0.6600122845742502,1.4339854717254639,0,True
5d21__1__1.B__1.G_1.H,c225,experimental_native,0.0,0.760962065089582,1.0164475440979004,0,True
5d21__1__1.A__1.E_1.F,c225,experimental_native,0.0,0.7220650199382033,1.2739083766937256,1,True
5d21__1__1.C__1.I_1.J,c225,experimental_native,0.0,0.7115834278821059,1.3074116706848145,1,True
5b2e__1__1.B_1.C__1.K_1.L_1.M,c1299,experimental_native,0.7777777777777778,0.4214870255694807,1.518879771232605,1,True
5b2e__1__1.A_1.B__1.H_1.I_1.J,c1299,experimental_native,0.6842105263157895,0.4534294742248564,1.4627548456192017,1,True
5b2e__1__1.A_1.C__1.D_1.E_1.G,c1299,experimental_native,0.7777777777777778,0.4322920608274119,1.3702999353408813,0,True
6bem__1__1.D__1.F_1.I_1.M,c31,experimental_native,1.0,0.6357271900437839,0.9485973715782166,1,True
6bel__1__1.D__1.F_1.G_1.K,c31,experimental_native,0.8666666666666667,0.5889848400136511,1.035361647605896,1,True
6btf__1__1.A__1.G_1.H_1.I,c31,experimental_native,0.8,0.5606736713218163,1.068841814994812,1,True
6bt4__1__1.A__1.B,c1881,experimental_native,0.9166666666666666,0.30967192139646293,2.333284378051758,0,True
6cwh__4__1.D__1.H,c1881,experimental_native,0.0,0.6219226763835438,1.0834771394729614,1,True
6cwi__1__1.A__1.C_1.E,c1881,experimental_native,0.0,0.6811342235665663,0.9782788753509521,0,True
6ctu__1__1.D__1.H_1.I_1.K,c31,experimental_native,0.8666666666666667,0.5789233748735899,1.0402019023895264,1,True
6ctv__1__1.D__1.F_1.G_1.K,c31,experimental_native,0.9333333333333333,0.5432463498905156,1.0446751117706299,1,True
6cwi__2__1.B__1.F_1.G,c1881,experimental_native,0.0,0.6441769149045238,1.0112924575805664,0,True
6cu9__1__1.A__1.E_1.F_1.I,c31,experimental_native,0.8125,0.5589445032350953,1.04070246219635,1,True
6cr4__1__1.D__1.E_1.F_1.I,c31,experimental_native,0.75,0.6827311517590703,0.9248239398002625,0,True
6cwf__1__1.A__1.C,c1881,experimental_native,0.0,0.6038739594171249,1.11034095287323,0,True
6cwh__1__1.A__1.E,c1881,experimental_native,0.0,0.627807017998845,1.0782142877578735,0,True
6cwf__2__1.B__1.D,c1881,experimental_native,0.0,0.7001595487051416,0.9917783141136169,0,True
6cua__1__1.A__1.E_1.F_1.I,c31,experimental_native,0.7142857142857143,0.401500239415986,1.431532859802246,0,True
6ctn__1__1.D__1.G_1.H_1.I,c31,experimental_native,0.9333333333333333,0.409986911150559,1.301011085510254,0,True
6cwh__2__1.B__1.F,c1881,experimental_native,0.0,0.6292131566357175,1.0851078033447266,1,True
6cwh__3__1.C__1.G,c1881,experimental_native,0.0,0.6237681958705257,1.071622610092163,1,True
6cwr__1__1.A__1.B,c1881,experimental_native,0.0,0.5898834676762634,1.2643566131591797,0,True
6ctw__1__1.D__1.H_1.I_1.J,c31,experimental_native,1.0,0.6614965203554543,1.0528481006622314,1,True
6ai9__1__1.B__1.D,c2032,experimental_native,1.0,0.6146939158880458,1.0284159183502197,1,True
6cwl__1__1.A__1.C,c1881,experimental_native,0.0,0.3591666389245822,1.6031755208969116,1,True
6cwl__2__1.B__1.D,c1881,experimental_native,0.0,0.29303006293780737,1.9122790098190308,1,True
6dia__1__1.A__1.E_1.G_1.J,c31,experimental_native,0.0,0.6359391116802278,1.3087610006332397,1,True
6ai9__1__1.A_1.B__1.C,c2032,experimental_native,1.0,0.5612976434734835,1.038604497909546,1,True
6aik__1__1.A_1.B__1.C,c2032,experimental_native,1.0,0.22128999475229222,2.958672285079956,0,True
6aip__1__1.A_1.B__1.D,c2032,experimental_native,1.0,0.5846198577886055,1.3251464366912842,0,True
6aik__1__1.A_1.B__1.D,c2032,experimental_native,1.0,0.1206875477358775,4.8415632247924805,0,True
6aim__1__1.A_1.B__1.D,c2032,experimental_native,1.0,0.5579924685441708,1.1737743616104126,0,True
6aim__1__1.A_1.B__1.C,c2032,experimental_native,1.0,0.6156815993309355,0.9486867785453796,0,True
6aip__1__1.A_1.B__1.C,c2032,experimental_native,1.0,0.510513277741833,1.8132705688476562,0,True
7cms__1__1.A__1.C,c121,experimental_native,1.0,0.5859887369214799,1.0708911418914795,0,True
7cns__1__1.A_1.B__1.C_1.D,c3553,experimental_native,0.75,0.4359995473231724,1.6070058345794678,0,True
7cms__1__1.B__1.E,c121,experimental_native,0.9285714285714286,0.591755919481236,1.0271509885787964,0,True
7cns__1__2.A_2.B__2.C_2.D,c3553,experimental_native,0.75,0.4325736354508429,1.6628550291061401,0,True
7a5y__1__1.B__1.S_1.T_1.U_1.V,c159,experimental_native,1.0,0.5546186159144816,0.97020024061203,0,True
7a5y__1__1.A__1.I_1.J_1.K_1.L,c159,experimental_native,1.0,0.5602822055563629,0.9829688668251038,0,True
7a5y__1__1.C__1.AA_1.BA_1.CA_1.Z,c159,experimental_native,0.8947368421052632,0.5807781237958975,0.9482746124267578,0,True
7ag4__1__2.B__2.H,c1379,experimental_native,0.8666666666666667,0.49873422411554486,1.3797602653503418,0,True
7a5y__1__1.D__1.GA_1.HA_1.IA_1.JA,c159,experimental_native,1.0,0.5839117525047252,0.9806298613548279,0,True
7ag4__1__1.C__1.I,c1379,experimental_native,0.4,0.5866222104819332,1.2704620361328125,0,True
7a5y__2__1.E__1.KA_1.LA_1.MA_1.OA,c159,experimental_native,0.9473684210526315,0.572456559463096,0.9933439493179321,0,True
7a5y__2__1.H__1.IB_1.JB_1.KB_1.LB,c159,experimental_native,0.9473684210526315,0.5817961103428925,0.9472368359565735,0,True
7a5y__2__1.F__1.UA_1.VA_1.WA_1.YA,c159,experimental_native,1.0,0.5919415576518257,0.9474404454231262,0,True
7a5y__2__1.G__1.BB_1.CB_1.DB_1.EB,c159,experimental_native,1.0,0.5181984131773009,0.9776142835617065,0,True
7ag4__1__1.A__1.G,c1379,experimental_native,0.8666666666666667,0.4630965300653449,1.4803476333618164,0,True
7ag4__1__2.E__2.K,c1379,experimental_native,0.3333333333333333,0.5698117656438206,1.2237428426742554,1,True
7ap3__1__1.B__1.E_1.F,c121,experimental_native,0.8571428571428571,0.35964763018910734,2.444889545440674,0,True
7b12__1__1.M_1.N__1.HA,c20,experimental_native,1.0,0.4009583984687629,1.9812716245651245,0,True
2de4__2__1.B__1.F,c4237,experimental_native,0.9411764705882353,0.4991065021163411,1.0832319259643555,1,True
7b12__1__1.J_1.Y__1.FA,c20,experimental_native,0.0,0.5145442689847415,1.8963515758514404,1,True
1duv__1__1.A_1.B__1.F,c103,experimental_native,0.8636363636363636,0.3099684701137339,2.1867775917053223,0,True
7b12__1__1.BA_1.N_1.V__1.RA,c20,experimental_native,1.0,0.35032299913331005,1.8416292667388916,0,True
3c34__1__1.A__1.I_1.J,c7,experimental_native,0.8461538461538461,0.7110716316044099,0.8544859886169434,0,True
2e83__1__1.A_1.B__1.C,c1089,experimental_native,0.8571428571428571,0.7544115303066024,0.7518298029899597,0,True
2e83__1__1.A_1.B__1.D,c1089,experimental_native,0.7142857142857143,0.7018161945674986,0.8769765496253967,0,True
4dve__3__1.C__1.K,c2689,experimental_native,0.875,0.44898587440961646,1.1155951023101807,0,True
4dve__2__1.B__1.H,c2689,experimental_native,0.875,0.5436933405957869,0.9645747542381287,0,True
3bda__1__2.A__2.D,c33,experimental_native,0.8235294117647058,0.6661423400054908,0.8681774139404297,1,True
6cr9__1__1.D__1.E_1.F_1.I,c31,experimental_native,0.8125,0.48573058063336993,1.2435883283615112,0,True
4d0t__2__1.E__1.Y_1.Z,c186,experimental_native,0.8846153846153846,0.6419232538265354,1.0827597379684448,1,True
4d0t__1__1.F__1.CA_1.DA,c186,experimental_native,0.9230769230769231,0.6612651160788401,1.0155985355377197,0,True
6crh__1__1.A__1.E_1.F_1.I,c31,experimental_native,0.8571428571428571,0.34283271561823014,1.7843194007873535,0,True
3c35__1__1.B__1.T_1.U,c7,experimental_native,0.8461538461538461,0.6800552870717778,0.8536950349807739,0,True
6dio__2__1.C_2.C__2.HA_2.IA,c248,experimental_native,0.8928571428571429,0.5430000717378527,1.5563416481018066,0,True
3c35__1__1.A__1.J_1.K,c7,experimental_native,0.8461538461538461,0.6887192372669739,0.8378018140792847,0,True
6dio__1__1.A_1.B__1.E_1.I_1.O,c248,experimental_native,0.64,0.579624844752963,1.2565104961395264,0,True
6dio__2__1.C_2.C__1.HA_1.IA,c248,experimental_native,0.8571428571428571,0.5423472085850254,1.6393979787826538,0,True
6dio__3__2.A_2.B__2.E_2.I_2.O,c248,experimental_native,0.72,0.5767783560757551,1.277045726776123,0,True
6dio__3__1.A_1.B__1.E_1.I_1.O,c248,experimental_native,0.64,0.5612918712187165,1.2770410776138306,0,True
6dio__3__2.C_3.C__2.HA_2.IA,c248,experimental_native,0.8928571428571429,0.5387313739282692,1.4812321662902832,0,True
1duv__1__1.A_1.C__1.D,c103,experimental_native,0.9,0.28642876202094436,2.2571310997009277,0,True
4bdr__1__1.A__1.C,c7,experimental_native,0.7857142857142857,0.6051832633378174,0.8854966759681702,0,True
4e91__1__1.A__1.C,c1996,experimental_native,0.0,0.4639517007434388,1.841563105583191,1,True
6dio__3__2.C_3.C__3.HA_3.IA,c248,experimental_native,0.8571428571428571,0.5285147290909937,1.523025631904602,0,True
1ejh__2__1.B__1.J,c326,experimental_native,1.0,0.8163807017155296,1.218153476715088,0,True
1ejh__3__1.C__1.K,c326,experimental_native,1.0,0.8232085647448939,1.2356258630752563,0,True
1duv__1__1.B_1.C__1.G,c103,experimental_native,0.7619047619047619,0.24032758710918806,2.4989049434661865,0,True
4e0x__1__2.B__2.H,c7,experimental_native,0.7692307692307693,0.6956183269963916,0.9062830805778503,0,True
4e0x__1__1.B__1.H,c7,experimental_native,0.8461538461538461,0.6970105040695809,0.8849717974662781,0,True
4bdr__1__1.B__1.F,c7,experimental_native,0.8571428571428571,0.6708569943759108,0.8324750661849976,0,True
4e91__2__1.B__1.I,c1996,experimental_native,0.0,0.4375044045951558,1.6586946249008179,0,True
4d0t__3__1.A__1.I_1.L,c186,experimental_native,0.88,0.6739301175547608,1.0404309034347534,1,True
3dds__1__1.B__1.I,c33,experimental_native,0.9333333333333333,0.7481249338174492,0.8739849328994751,1,True
7dia__1__1.A__1.D_1.E_1.G,c10526,experimental_native,0.25,0.41589860082333163,1.8679989576339722,1,True
4c9g__1__1.A__1.B,c2097,experimental_native,0.75,0.20846195575519086,2.2902743816375732,1,True
4d0t__3__1.D__1.U_1.V,c186,experimental_native,0.9230769230769231,0.6629830138106065,1.0856655836105347,0,True
4e92__1__1.A__1.C,c1996,experimental_native,0.0,0.4971135763974303,1.4349548816680908,0,True
4e92__3__1.A_1.B__1.C,c1996,experimental_native,0.8333333333333334,0.5919672259671794,1.230495572090149,0,True
4d0z__2__1.A__1.I_1.M_1.U,c186,experimental_native,0.8888888888888888,0.5932601276826979,1.2965253591537476,0,True
5ean__1__1.A__1.E,c602,experimental_native,0.6,0.5998679325134288,1.055058479309082,0,True
3eb3__1__1.A_3.A__1.C,c4653,experimental_native,0.0,0.5683747249411613,0.8630472421646118,1,True
3ddw__1__1.B__1.H,c33,experimental_native,0.9333333333333333,0.7724477103348382,0.8569492697715759,1,True
5dnl__1__1.A_1.B_1.C__1.G_1.H_1.I,c89,experimental_native,0.9411764705882353,0.6346315580001467,0.7354533076286316,1,True
5ei3__1__1.A__1.C_1.D,c326,experimental_native,0.8888888888888888,0.33533384313748643,1.6771503686904907,1,True
4d0z__4__1.D__1.IA_1.JA,c186,experimental_native,0.96,0.5562772474136654,1.3140422105789185,0,True
4d0z__5__1.F__1.HB_1.IB,c186,experimental_native,0.9230769230769231,0.5405654293671961,1.3790463209152222,0,True
3er9__1__1.B__1.C,c3509,experimental_native,0.0,0.12697602679110578,3.215298652648926,1,True
5djg__1__1.A__1.B_1.C_1.D,c414,experimental_native,0.9047619047619048,0.4205548956933574,1.237196683883667,0,True
4e1b__1__1.A__1.B_1.C,c1652,experimental_native,0.8846153846153846,0.5596316673166299,1.0008440017700195,0,True
1frp__1__2.A_2.B__2.C_2.D,c141,experimental_native,0.9444444444444444,0.6167543492943085,1.0425240993499756,0,True
1frp__1__2.A_2.B__2.F_2.G,c141,experimental_native,0.9473684210526315,0.5341804706387476,1.1065984964370728,0,True
5dnl__1__1.A_1.B_4.A__1.D_1.E_1.F,c89,experimental_native,0.7647058823529411,0.5818407059670846,0.7948340773582458,0,True
5dnl__1__1.A_3.A_3.B__3.D_3.E_3.F,c89,experimental_native,0.7058823529411765,0.6000617877905425,0.7885276675224304,0,True
3e7j__1__1.A__1.C_1.I,c3318,experimental_native,0.85,0.12185332173054234,3.1884803771972656,0,True
5ean__1__2.A__2.E,c602,experimental_native,0.6,0.5665216599516768,1.070169448852539,0,True
4doc__1__1.A__1.E_1.F_1.N,c31,experimental_native,0.8125,0.5371835435053403,1.2394468784332275,1,True
2far__2__1.B__1.H_1.I_1.K,c2457,experimental_native,0.9166666666666666,0.3779168442178858,1.8275251388549805,0,True
5dji__1__1.A__1.B_1.C_1.D_1.E,c414,experimental_native,0.8823529411764706,0.452815744189642,1.0708712339401245,0,True
5a1l__2__1.B__1.O_1.P,c1133,experimental_native,0.8333333333333334,0.34452191164200596,1.9374587535858154,1,True
5dnl__1__1.B_4.C_8.C__4.J_4.K_4.L,c89,experimental_native,0.8823529411764706,0.6406654456042473,0.7420830726623535,0,True
5dnl__1__1.C_3.B_6.C__1.J_1.K_1.L,c89,experimental_native,0.9411764705882353,0.6070230069818885,0.7599638104438782,0,True
2faq__2__1.B__1.H_1.I_1.K,c2457,experimental_native,0.7333333333333333,0.6706813163529197,1.3507068157196045,0,True
2far__1__1.A__1.C_1.D_1.G,c2457,experimental_native,0.9230769230769231,0.43622611007309087,1.6272506713867188,0,True
2f3b__1__1.A_2.A__1.B_1.D_1.E_1.F_1.G,c141,experimental_native,0.9411764705882353,0.6970728792727037,0.7895931601524353,1,True
1f1b__1__1.A_2.A__1.E,c103,experimental_native,0.8235294117647058,0.3856994125557633,1.6380460262298584,0,True
5dnl__1__2.A_2.B_2.C__2.G_2.H_2.I,c89,experimental_native,0.9411764705882353,0.6168730265457271,0.7494939565658569,0,True
5dnl__1__2.A_2.B_3.A__2.D_2.E_2.F,c89,experimental_native,0.7647058823529411,0.6027825305596362,0.7747558355331421,1,True
5dnl__1__1.C_6.C_8.B__6.J_6.K_6.L,c89,experimental_native,0.9411764705882353,0.6357596588628204,0.7589666843414307,0,True
7a1j__1__1.A__1.B_1.H,c201,experimental_native,1.0,0.18816222925135578,1.8934773206710815,0,True
5eo2__2__1.B_1.C__1.H,c5274,experimental_native,0.5,0.5462327216802956,0.9485657811164856,0,True
2f3b__1__1.A_2.A__2.B_2.D_2.E_2.F_2.G,c141,experimental_native,0.9411764705882353,0.6925987119891324,0.82278972864151,0,True
2faq__1__1.A__1.C_1.D_1.G,c2457,experimental_native,0.8,0.6492351764015447,1.2515144348144531,0,True
2f3b__1__3.A_4.A__3.B_3.D_3.E_3.F_3.G,c141,experimental_native,0.9411764705882353,0.7026451921084249,0.8219919800758362,1,True
3f64__1__1.A__1.B,c1940,experimental_native,0.0,0.3763533145064547,1.6274770498275757,0,True
5dnl__1__2.A_4.A_4.B__4.D_4.E_4.F,c89,experimental_native,0.7058823529411765,0.5969381970218478,0.7850071787834167,0,True
5el9__1__1.A_11.A_13.A__1.B_1.C_1.D,c89,experimental_native,0.8235294117647058,0.6618022441889156,0.7542104721069336,0,True
7a1j__1__2.A__2.B_2.H,c201,experimental_native,0.8823529411764706,0.19501257783059794,1.8437230587005615,1,True
5el9__1__1.A_13.A_23.A__13.B_13.C_13.D,c89,experimental_native,0.8235294117647058,0.6944714469656087,0.7152386903762817,0,True
1f1b__1__1.A_3.A__3.E,c103,experimental_native,0.8235294117647058,0.39770102989842604,1.5599125623703003,0,True
2ex1__1__1.A__1.B,c1327,experimental_native,0.875,0.8338239319101362,0.6426078081130981,0,True
2f3b__1__3.A_4.A__4.B_4.D_4.E_4.F_4.G,c141,experimental_native,0.9411764705882353,0.6937143613856422,0.8076239824295044,0,True
4ehy__1__1.A__1.B_1.D,c5397,experimental_native,0.9565217391304348,0.5534326012567093,0.8849231600761414,0,True
1fc0__1__1.A__1.C,c33,experimental_native,0.9375,0.6698597556872561,0.9209986329078674,1,True
5dnl__1__2.B_3.C_7.C__3.J_3.K_3.L,c89,experimental_native,0.8823529411764706,0.6490856526700647,0.7399951815605164,0,True
5dnl__1__2.C_4.B_5.C__2.J_2.K_2.L,c89,experimental_native,0.9411764705882353,0.6131225199765579,0.7688273787498474,1,True
5dnl__1__2.C_5.C_7.B__5.J_5.K_5.L,c89,experimental_native,0.9411764705882353,0.6074815603545689,0.7564111948013306,1,True
5el9__1__1.A_21.A_8.A__8.B_8.C_8.D,c89,experimental_native,0.8235294117647058,0.6792168904268472,0.7383432388305664,0,True
5el9__1__12.A_18.A_5.A__12.B_12.C_12.D,c89,experimental_native,0.8235294117647058,0.6705681919826846,0.7481824159622192,1,True
5el9__1__10.A_14.A_2.A__2.B_2.C_2.D,c89,experimental_native,0.8235294117647058,0.6877781337427011,0.7254900336265564,0,True
4fgz__1__1.A__1.C,c5754,experimental_native,0.07692307692307693,0.2251423145154648,2.380763292312622,0,True
4f5n__1__1.A__1.H,c31,experimental_native,0.0,0.4636631606779279,1.2274118661880493,1,True
1flm__1__1.A_1.B__1.C,c1089,experimental_native,0.8571428571428571,0.7921847551640163,0.8094301819801331,0,True
1flm__1__1.A_1.B__1.D,c1089,experimental_native,0.8571428571428571,0.7852997731944596,0.800176203250885,0,True
5el9__1__10.A_16.A_19.A__19.B_19.C_19.D,c89,experimental_native,0.8235294117647058,0.6801434845487602,0.7245928645133972,1,True
5dnl__1__3.C_6.B_7.C__7.J_7.K_7.L,c89,experimental_native,0.8823529411764706,0.6128281426382801,0.7606539130210876,0,True
5dnl__1__3.A_3.B_3.C__3.G_3.H_3.I,c89,experimental_native,0.8823529411764706,0.6194141689994901,0.7565935850143433,0,True
5el9__1__10.A_19.A_6.A__10.B_10.C_10.D,c89,experimental_native,0.8235294117647058,0.6753257606264925,0.748652458190918,1,True
5el9__1__11.A_15.A_17.A__17.B_17.C_17.D,c89,experimental_native,0.8235294117647058,0.6645079014425496,0.755743682384491,0,True
6e3v__1__1.A__1.E_1.F_1.I,c31,experimental_native,0.8,0.5901316279420931,1.0479191541671753,1,True
2fbw__2__1.F_1.G_1.H__1.JJ,c270,experimental_native,1.0,0.36989328665787014,1.7661399841308594,1,True
5eo2__3__1.E_1.F__1.L,c5274,experimental_native,0.5,0.5275805541852817,1.0107618570327759,0,True
2f3d__1__1.A_2.A__1.B_1.C_1.D_1.E_1.F,c141,experimental_native,0.9411764705882353,0.7372262036374702,0.7308629751205444,0,True
1f1b__1__1.C_2.C__2.G,c103,experimental_native,0.9411764705882353,0.4426675163576003,1.4088102579116821,0,True
3f28__1__1.A__1.F_1.G,c218,experimental_native,1.0,0.46562364979735105,1.420075535774231,1,True
1fc0__1__1.B__1.E,c33,experimental_native,0.7333333333333333,0.7143660879010759,0.9399908185005188,1,True
5dnl__1__4.A_4.B_4.C__4.G_4.H_4.I,c89,experimental_native,0.8823529411764706,0.6388496266458216,0.7400403022766113,0,True
3fpe__1__1.A__1.C,c2604,experimental_native,0.9090909090909091,0.35876620791398656,1.6726391315460205,0,True
5dnl__1__4.C_5.B_8.C__8.J_8.K_8.L,c89,experimental_native,0.8823529411764706,0.604948024863731,0.7712138295173645,0,True
4dyn__2__1.B__1.D,c822,experimental_native,0.0,0.2958745895865788,2.73292875289917,0,True
5el9__1__11.A_17.A_8.A__11.B_11.C_11.D,c89,experimental_native,0.8235294117647058,0.6688198505161899,0.741325855255127,0,True
6cpq__1__1.A__1.E_1.F_1.I,c31,experimental_native,0.9333333333333333,0.457675413663474,1.3964608907699585,1,True
5el9__1__12.A_14.A_18.A__18.B_18.C_18.D,c89,experimental_native,0.8235294117647058,0.6921017557726564,0.722740113735199,0,True
1f1b__1__1.C_3.C__1.G,c103,experimental_native,0.8823529411764706,0.3584897542296462,1.5853869915008545,0,True
2f3d__1__1.A_2.A__2.B_2.C_2.D_2.E_2.F,c141,experimental_native,0.9411764705882353,0.7396283606249027,0.7367174625396729,1,True
4fgz__2__1.B__1.G,c5754,experimental_native,0.07692307692307693,0.2059097057398314,2.318488121032715,0,True
2foo__1__1.A__1.B,c2776,experimental_native,0.0,0.36668859807127935,2.823143243789673,1,True
4f5p__1__1.A__1.E_1.H,c31,experimental_native,0.8,0.2839091441671308,1.8747187852859497,0,True
5el9__1__12.A_16.A_3.A__3.B_3.C_3.D,c89,experimental_native,0.8235294117647058,0.6740009298095933,0.7283104658126831,1,True
5dnl__1__5.A_5.B_5.C__5.G_5.H_5.I,c89,experimental_native,0.9411764705882353,0.6384161250550728,0.7359433174133301,0,True
5el9__1__14.A_2.A_22.A__14.B_14.C_14.D,c89,experimental_native,0.8235294117647058,0.6575657671182646,0.7333241701126099,0,True
5el9__1__15.A_24.A_4.A__15.B_15.C_15.D,c89,experimental_native,0.8235294117647058,0.6804069340169795,0.7431546449661255,0,True
5el9__1__13.A_20.A_9.A__20.B_20.C_20.D,c89,experimental_native,0.8235294117647058,0.6584893399618473,0.7446669340133667,0,True
3f2c__1__1.A__1.D_1.I,c3785,experimental_native,0.9411764705882353,0.5500807055226284,1.0444754362106323,0,True
1frp__1__1.A_1.B__1.C_1.D,c141,experimental_native,0.9444444444444444,0.5568714872305951,1.1868873834609985,0,True
2f3d__1__3.A_4.A__3.B_3.C_3.D_3.E_3.F,c141,experimental_native,0.9411764705882353,0.7421445274732301,0.7468082904815674,0,True
5dnl__1__6.A_6.B_7.A__6.D_6.E_6.F,c89,experimental_native,0.7647058823529411,0.6083092453645241,0.8007249236106873,0,True
2f3d__1__3.A_4.A__4.B_4.C_4.D_4.E_4.F,c141,experimental_native,0.9411764705882353,0.7582843259733049,0.7164122462272644,1,True
5dnl__1__6.A_6.B_6.C__6.G_6.H_6.I,c89,experimental_native,0.9411764705882353,0.6316146122312405,0.7665268182754517,1,True
5dnl__1__5.A_5.B_8.A__5.D_5.E_5.F,c89,experimental_native,0.7647058823529411,0.5754632194509773,0.7981298565864563,0,True
5dnl__1__5.A_7.A_7.B__7.D_7.E_7.F,c89,experimental_native,0.7058823529411765,0.591405096163523,0.7843875288963318,0,True
5el9__1__16.A_21.A_3.A__16.B_16.C_16.D,c89,experimental_native,0.8235294117647058,0.6938542008426479,0.7075292468070984,0,True
1frp__1__1.A_1.B__1.F_1.G,c141,experimental_native,0.9473684210526315,0.6150676351906895,1.0370876789093018,0,True
5el9__1__15.A_4.A_9.A__4.B_4.C_4.D,c89,experimental_native,0.8235294117647058,0.6523421921732194,0.745704710483551,1,True
3fpe__1__1.B__1.D,c2604,experimental_native,0.8636363636363636,0.40967817727210887,1.414589524269104,1,True
2fop__1__1.A__1.B,c2776,experimental_native,0.0,0.23120885362421714,2.831428289413452,1,True
5el9__1__17.A_24.A_6.A__24.B_24.C_24.D,c89,experimental_native,0.8235294117647058,0.6808780105689672,0.7423458099365234,0,True
5el9__1__18.A_22.A_7.A__22.B_22.C_22.D,c89,experimental_native,0.8235294117647058,0.6600091560820905,0.7547199726104736,0,True
5el9__1__19.A_21.A_8.A__21.B_21.C_21.D,c89,experimental_native,0.8235294117647058,0.6748277854494658,0.7424936294555664,0,True
3fma__2__1.B__1.G,c2953,experimental_native,0.0,0.3003757847205579,2.2001242637634277,0,True
2eqa__1__1.A__1.B_1.C,c1652,experimental_native,0.9333333333333333,0.5758132973966568,0.8402672410011292,0,True
5dnx__1__1.A_1.B_1.C__1.G_1.H_1.I,c89,experimental_native,0.8823529411764706,0.6624580780672997,0.8337347507476807,0,True
5dnl__1__6.A_8.A_8.B__8.D_8.E_8.F,c89,experimental_native,0.7058823529411765,0.59974367712167,0.8015633821487427,1,True
4f39__1__2.A__2.B,c7,experimental_native,0.875,0.7006892037245576,0.9118222594261169,0,True
5el9__1__2.A_24.A_6.A__6.B_6.C_6.D,c89,experimental_native,0.8235294117647058,0.6624396721830657,0.7617591023445129,1,True
5el9__1__20.A_23.A_5.A__23.B_23.C_23.D,c89,experimental_native,0.8235294117647058,0.6646684281909646,0.7571743726730347,1,True
3fma__4__1.D__1.I,c2953,experimental_native,0.0,0.32944060423637883,1.923839807510376,0,True
6fc1__1__1.A__1.E,c326,experimental_native,1.0,0.6860117155551906,1.435822606086731,0,True
5dnl__1__7.A_7.B_7.C__7.G_7.H_7.I,c89,experimental_native,0.8823529411764706,0.6200467441532321,0.7396618127822876,0,True
5dnl__1__8.A_8.B_8.C__8.G_8.H_8.I,c89,experimental_native,0.8823529411764706,0.627391477998293,0.7527945637702942,0,True
5el9__1__20.A_7.A_9.A__9.B_9.C_9.D,c89,experimental_native,0.8235294117647058,0.6708565834771032,0.7392599582672119,0,True
5el9__1__23.A_3.A_5.A__5.B_5.C_5.D,c89,experimental_native,0.8235294117647058,0.650233466414491,0.7550026178359985,0,True
5el9__1__22.A_4.A_7.A__7.B_7.C_7.D,c89,experimental_native,0.8235294117647058,0.6784181664012311,0.7429777979850769,0,True
5equ__2__1.B__1.J,c224,experimental_native,0.9375,0.3531474436734102,2.2185568809509277,0,True
4f39__1__1.A__1.B,c7,experimental_native,0.875,0.7134545633447822,0.9132001399993896,0,True
3gb4__1__1.A__1.F,c164,experimental_native,1.0,0.6458232587854517,0.8431043028831482,0,True
5fns__1__1.A__1.B,c315,experimental_native,1.0,0.36601044616963124,1.814713478088379,0,True
5elw__1__1.A_13.A_23.A__13.B_13.C_13.D,c89,experimental_native,0.8,0.7517830916726098,0.7304240465164185,0,True
6fz2__1__1.A__1.C,c118,experimental_native,0.1,0.43998248888206754,1.535406470298767,1,True
5elw__1__1.A_11.A_13.A__1.B_1.C_1.D,c89,experimental_native,0.8666666666666667,0.7427863432746502,0.712865948677063,0,True
5equ__4__1.D__1.P,c224,experimental_native,0.9375,0.46037572171125424,1.8573938608169556,0,True
1gc5__1__1.A__1.B,c1264,experimental_native,1.0,0.3375435663412722,1.1755568981170654,0,True
5equ__3__1.C__1.M,c224,experimental_native,0.8823529411764706,0.3569803790484942,2.2747344970703125,0,True
3gbb__2__1.B__1.D,c7,experimental_native,0.8571428571428571,0.595083455142562,1.2099817991256714,0,True
3gbb__1__1.A__1.C,c7,experimental_native,0.8666666666666667,0.6113093329697943,1.2765477895736694,0,True
5dnx__1__1.A_1.B_4.A__1.D_1.E_1.F,c89,experimental_native,0.7647058823529411,0.6545688517526475,0.8175727128982544,0,True
5elw__1__10.A_14.A_2.A__2.B_2.C_2.D,c89,experimental_native,0.8666666666666667,0.7391770804109384,0.7188889980316162,1,True
5elw__1__1.A_21.A_8.A__8.B_8.C_8.D,c89,experimental_native,0.8666666666666667,0.7744127111632607,0.7073935270309448,1,True
5elw__1__10.A_19.A_6.A__10.B_10.C_10.D,c89,experimental_native,0.8666666666666667,0.7604755844090433,0.6966904997825623,0,True
5elw__1__10.A_16.A_19.A__19.B_19.C_19.D,c89,experimental_native,0.8,0.7519372695745002,0.7034756541252136,0,True
5elw__1__11.A_15.A_17.A__17.B_17.C_17.D,c89,experimental_native,0.8,0.7627303392123561,0.716980516910553,0,True
3gl0__1__1.A__1.E_1.F_1.G,c164,experimental_native,1.0,0.6653360862320832,0.9880087971687317,0,True
6fqh__1__1.A__1.C,c7,experimental_native,0.8571428571428571,0.4258707946612544,1.5341740846633911,0,True
5dnx__1__1.A_3.A_3.B__3.D_3.E_3.F,c89,experimental_native,0.8823529411764706,0.6513090260356159,0.8100250959396362,1,True
6f3j__1__1.A__1.D,c33,experimental_native,0.88,0.6054240956039415,1.1627129316329956,1,True
6fqh__1__1.B__1.D,c7,experimental_native,0.7857142857142857,0.37303091849470515,1.718206524848938,0,True
5elw__1__11.A_17.A_8.A__11.B_11.C_11.D,c89,experimental_native,0.8666666666666667,0.750922449207089,0.7052279114723206,0,True
5elw__1__12.A_14.A_18.A__18.B_18.C_18.D,c89,experimental_native,0.8,0.7472527870778014,0.7065552473068237,0,True
5elw__1__12.A_16.A_3.A__3.B_3.C_3.D,c89,experimental_native,0.8666666666666667,0.7524499163071453,0.6985390186309814,0,True
5elw__1__12.A_18.A_5.A__12.B_12.C_12.D,c89,experimental_native,0.8666666666666667,0.7612494361914681,0.7071737051010132,1,True
6ewf__1__1.A__1.C,c118,experimental_native,0.0,0.35957198601694773,1.698166847229004,0,True
5fm0__1__1.A__1.C_1.D_1.E_1.F,c1867,experimental_native,0.9259259259259259,0.56471636730652,1.4982181787490845,0,True
5dnx__1__1.B_4.C_8.C__4.J_4.K_4.L,c89,experimental_native,0.8235294117647058,0.6416075745070257,0.8407939076423645,1,True
2gmh__1__1.A__1.H,c7692,experimental_native,0.7916666666666666,0.1233654581676825,3.850944995880127,1,True
6fqk__1__1.B__1.D,c7,experimental_native,0.9333333333333333,0.401938438402823,1.34798264503479,0,True
5elw__1__14.A_2.A_22.A__14.B_14.C_14.D,c89,experimental_native,0.8,0.7341279751335461,0.7202025651931763,1,True
5dnx__1__1.C_3.B_6.C__1.J_1.K_1.L,c89,experimental_native,0.8823529411764706,0.63902910223924,0.8282389640808105,0,True
5elw__1__13.A_20.A_9.A__20.B_20.C_20.D,c89,experimental_native,0.8,0.7558591577986651,0.7291053533554077,0,True
6fqk__1__1.A__1.C,c7,experimental_native,0.8571428571428571,0.33238526368212556,1.4197825193405151,0,True
6ggi__1__1.A__1.C_1.D_1.E_1.H_1.I,c3463,experimental_native,0.8421052631578947,0.28304840620158483,1.8801425695419312,0,True
6f3j__1__2.A__2.D,c33,experimental_native,0.92,0.6313090229090083,1.1031155586242676,0,True
6f3r__1__1.A__1.C,c33,experimental_native,0.9166666666666666,0.593407411152953,0.9537192583084106,0,True
5elw__1__15.A_24.A_4.A__15.B_15.C_15.D,c89,experimental_native,0.8,0.7513703366510663,0.7129323482513428,0,True
5dnx__1__1.C_6.C_8.B__6.J_6.K_6.L,c89,experimental_native,0.8823529411764706,0.6569065115988209,0.8337026834487915,1,True
5dnx__1__2.A_2.B_2.C__2.G_2.H_2.I,c89,experimental_native,0.8823529411764706,0.6654310788304502,0.8235242962837219,0,True
4gxs__1__1.A_1.B__1.E,c7,experimental_native,0.6111111111111112,0.30738095283954797,1.851818561553955,0,True
2gmh__2__1.B__1.U,c7692,experimental_native,0.8695652173913043,0.09150063502740624,4.365530967712402,1,True
5elw__1__15.A_4.A_9.A__4.B_4.C_4.D,c89,experimental_native,0.8666666666666667,0.7388638314343765,0.7252060174942017,0,True
6f3s__1__1.A__1.C,c33,experimental_native,0.9090909090909091,0.5607634756568806,1.2486435174942017,0,True
6f3r__1__2.A__2.C,c33,experimental_native,0.9583333333333334,0.5681373907855733,1.0577224493026733,0,True
5dnx__1__2.A_4.A_4.B__4.D_4.E_4.F,c89,experimental_native,0.8823529411764706,0.6811603716050169,0.7963733077049255,1,True
5dnx__1__2.A_2.B_3.A__2.D_2.E_2.F,c89,experimental_native,0.7647058823529411,0.66099184577243,0.8221226334571838,0,True
6f3s__1__2.A__2.C,c33,experimental_native,0.9090909090909091,0.5742996724356558,1.321982741355896,1,True
5elw__1__17.A_24.A_6.A__24.B_24.C_24.D,c89,experimental_native,0.8,0.7514881012746906,0.7236103415489197,1,True
5elw__1__16.A_21.A_3.A__16.B_16.C_16.D,c89,experimental_native,0.8,0.7739726908592964,0.7075994610786438,0,True
6g80__2__2.C__2.G,c3239,experimental_native,0.8,0.8603902441378272,0.6215768456459045,0,True
5elw__1__18.A_22.A_7.A__22.B_22.C_22.D,c89,experimental_native,0.8,0.7457961226454279,0.7155455350875854,0,True
5dnx__1__2.C_4.B_5.C__2.J_2.K_2.L,c89,experimental_native,0.8823529411764706,0.6600474473457558,0.8229043483734131,0,True
5dnx__1__2.B_3.C_7.C__3.J_3.K_3.L,c89,experimental_native,0.8235294117647058,0.656529795785951,0.8211402297019958,0,True
5elw__1__19.A_21.A_8.A__21.B_21.C_21.D,c89,experimental_native,0.8,0.7443673060820282,0.7241431474685669,1,True
3h03__1__1.A__1.E,c7,experimental_native,0.8461538461538461,0.30653646722265704,2.3732831478118896,0,True
1i36__2__1.A_2.A__2.C,c7227,experimental_native,0.64,0.8413511147433167,0.7037690281867981,0,True
1i31__1__1.A__1.B,c1500,experimental_native,0.0,0.379578682066633,4.23695707321167,1,True
2h3e__1__1.A_3.A__3.E,c103,experimental_native,0.7777777777777778,0.28847579102326826,1.8621141910552979,0,True
2h3e__1__1.C_2.C__2.G,c103,experimental_native,0.7777777777777778,0.403100102117202,1.5373191833496094,0,True
2h3e__1__1.A_2.A__1.E,c103,experimental_native,0.8333333333333334,0.3478027666123156,1.728873610496521,0,True
2h3e__1__1.C_3.C__1.G,c103,experimental_native,0.8888888888888888,0.42463937462076234,1.4983270168304443,0,True
2hr1__1__1.C__1.D,c272,experimental_native,0.8636363636363636,0.8868781268578474,0.6096908450126648,0,True
2hvs__2__1.H__1.L,c4705,experimental_native,0.9285714285714286,0.6657888340639296,0.9105724692344666,1,True
2hvs__1__1.G__1.J,c4705,experimental_native,0.9333333333333333,0.6669549303630066,0.8720800280570984,1,True
3h03__1__2.B__2.H,c7,experimental_native,0.9166666666666666,0.5942644074936865,1.1518877744674683,0,True
3h03__2__1.D__1.N,c7,experimental_native,0.7692307692307693,0.5820547664006901,1.3833556175231934,0,True
3h03__2__1.C__1.K,c7,experimental_native,0.9230769230769231,0.6007864311199661,1.1014765501022339,1,True
3h6t__2__1.B_2.B__1.N,c7,experimental_native,0.07142857142857142,0.4234049563927763,1.3660939931869507,1,True
3h6t__1__1.A_1.C__1.E,c7,experimental_native,0.07142857142857142,0.389151859783106,1.526781439781189,1,True
3hv0__1__1.A__1.C,c121,experimental_native,0.0,0.6052396155531287,1.0399144887924194,0,True
3hv0__1__1.B__1.D,c121,experimental_native,0.9333333333333333,0.6083665254460021,0.9735270142555237,0,True
3i0o__1__1.A__1.C,c5298,experimental_native,1.0,0.32519271789433163,1.3509535789489746,0,True
3i0o__2__2.A__2.C,c5298,experimental_native,1.0,0.34480360540513944,1.2217986583709717,0,True
4f96__1__1.A__1.C,c119,experimental_native,0.8,0.6176350527500983,0.9648128747940063,0,True
4f96__1__1.B__1.E,c119,experimental_native,0.8,0.6152665380872953,1.0101234912872314,0,True
4gbw__1__1.A_2.A__2.B_2.C_2.D_2.E_2.F,c141,experimental_native,0.9411764705882353,0.6093325254247595,0.8649912476539612,1,True
4gbw__1__1.A_2.A__1.B_1.C_1.D_1.E_1.F,c141,experimental_native,0.9411764705882353,0.6139590222185525,0.8919022679328918,0,True
5dnx__1__4.A_4.B_4.C__4.G_4.H_4.I,c89,experimental_native,0.8823529411764706,0.6680122251251376,0.8392741084098816,0,True
4i2d__1__1.A__1.B_1.D_1.E,c31,experimental_native,1.0,0.5197325948652726,0.9301081895828247,0,True
5dnx__1__3.A_3.B_3.C__3.G_3.H_3.I,c89,experimental_native,0.8823529411764706,0.6654752671463642,0.833574652671814,0,True
5dnx__1__2.C_5.C_7.B__5.J_5.K_5.L,c89,experimental_native,0.8823529411764706,0.6681696699378018,0.8026393055915833,0,True
5dnx__1__4.C_5.B_8.C__8.J_8.K_8.L,c89,experimental_native,0.8235294117647058,0.6688973731993884,0.8294927477836609,1,True
5dnx__1__5.A_5.B_8.A__5.D_5.E_5.F,c89,experimental_native,0.7647058823529411,0.6662846024613965,0.8096006512641907,0,True
5dnx__1__3.C_6.B_7.C__7.J_7.K_7.L,c89,experimental_native,0.8235294117647058,0.6487477766068532,0.8369705080986023,0,True
5dnx__1__5.A_5.B_5.C__5.G_5.H_5.I,c89,experimental_native,0.8823529411764706,0.6674728385807233,0.8324683904647827,0,True
5dnx__1__5.A_7.A_7.B__7.D_7.E_7.F,c89,experimental_native,0.8823529411764706,0.6723603637389083,0.8138729333877563,1,True
5dnx__1__6.A_6.B_6.C__6.G_6.H_6.I,c89,experimental_native,0.8823529411764706,0.6574278326131594,0.8503410220146179,1,True
5dnx__1__6.A_8.A_8.B__8.D_8.E_8.F,c89,experimental_native,0.8823529411764706,0.6504434019763196,0.8089727163314819,0,True
5dnx__1__6.A_6.B_7.A__6.D_6.E_6.F,c89,experimental_native,0.7647058823529411,0.6772338089612858,0.8163358569145203,0,True
5fll__1__1.A__1.C_1.D_1.E_1.F,c1867,experimental_native,0.9629629629629629,0.6200867590767755,1.4823168516159058,0,True
5fll__1__1.B__1.G_1.H_1.I_1.J,c1867,experimental_native,0.8888888888888888,0.642487954526212,1.2866287231445312,0,True
5elw__1__20.A_7.A_9.A__9.B_9.C_9.D,c89,experimental_native,0.8666666666666667,0.7458925367098815,0.7126924991607666,0,True
5elw__1__22.A_4.A_7.A__7.B_7.C_7.D,c89,experimental_native,0.8666666666666667,0.7707587223726181,0.6887346506118774,0,True
5elw__1__2.A_24.A_6.A__6.B_6.C_6.D,c89,experimental_native,0.8666666666666667,0.7543825926216876,0.704687237739563,0,True
5elw__1__23.A_3.A_5.A__5.B_5.C_5.D,c89,experimental_native,0.8666666666666667,0.7420719454885369,0.7131329774856567,1,True
5elw__1__20.A_23.A_5.A__23.B_23.C_23.D,c89,experimental_native,0.8,0.7455957406244842,0.7146382927894592,1,True
5g3l__1__1.C_1.D_1.E__1.M,c9020,experimental_native,0.0,0.3690550125307091,2.131010055541992,0,True
5guf__1__1.A__1.B_1.C_1.F,c5913,experimental_native,0.6111111111111112,0.6449402708526505,0.8923806548118591,0,True
5guf__1__2.A__2.B_2.C_2.F,c5913,experimental_native,0.6111111111111112,0.643557911182488,0.9156206846237183,0,True
6gye__1__1.A__1.D_1.I,c3763,experimental_native,0.0,0.5321412621951465,0.8435086607933044,0,True
6gye__2__1.B__1.K_1.P,c3763,experimental_native,0.0,0.5698917937856613,0.8843116760253906,0,True
6h21__1__1.B__1.O_1.P,c186,experimental_native,0.0,0.729941433313668,1.096994400024414,0,True
1h7l__1__1.A__1.B_1.C_1.D,c186,experimental_native,1.0,0.5936450592113044,1.232856035232544,0,True
1i36__3__1.B_2.B__2.D,c7227,experimental_native,0.45454545454545453,0.7899598557572717,0.7143574953079224,0,True
3gts__1__1.A__1.F,c164,experimental_native,1.0,0.6169256923258342,0.9137960076332092,0,True
3hrr__1__1.B__1.D,c3811,experimental_native,1.0,0.17005867102251862,1.9597671031951904,1,True
3h6t__2__1.B_2.B__2.N,c7,experimental_native,0.07142857142857142,0.44400252467025836,1.3038525581359863,1,True
2ii6__1__1.A__1.B,c1327,experimental_native,0.7857142857142857,0.819443428147467,0.7663540244102478,0,True
4gbw__1__3.A_4.A__3.B_3.C_3.D_3.E_3.F,c141,experimental_native,0.9411764705882353,0.6189283465259661,0.8826678991317749,0,True
5dnx__1__8.A_8.B_8.C__8.G_8.H_8.I,c89,experimental_native,0.8823529411764706,0.6522204097588783,0.8520334959030151,0,True
5dnx__1__7.A_7.B_7.C__7.G_7.H_7.I,c89,experimental_native,0.8823529411764706,0.6568061602241823,0.83062744140625,1,True
6fwh__1__1.A_1.B_1.K__1.N_1.P_1.R,c89,experimental_native,0.8666666666666667,0.7392357369239517,0.7582187056541443,0,True
1h7q__1__1.A__1.B_1.C_1.E,c186,experimental_native,1.0,0.7072470450666823,0.9697791934013367,0,True
3gts__1__1.B__1.I,c164,experimental_native,1.0,0.5961307240446662,0.8982671499252319,1,True
2iib__1__1.A__1.B,c1327,experimental_native,0.0,0.8333631912101319,0.7112094163894653,0,True
2iiq__1__1.A__1.C,c1327,experimental_native,0.9230769230769231,0.7058281434116801,1.1445814371109009,0,True
3h6u__1__1.A_2.A__2.C,c7,experimental_native,0.07142857142857142,0.4352621384049184,1.5813093185424805,1,True
3h6u__1__1.A_2.A__1.C,c7,experimental_native,0.07142857142857142,0.4430823875706048,1.54668390750885,1,True
4gbw__1__3.A_4.A__4.B_4.C_4.D_4.E_4.F,c141,experimental_native,0.9411764705882353,0.6229708695855248,0.8676221370697021,0,True
2iiq__2__1.B__1.D,c1327,experimental_native,0.8461538461538461,0.7288464392706898,0.9739988446235657,0,True
3gki__1__1.A__1.D,c1562,experimental_native,0.8571428571428571,0.2354037572250683,2.2774405479431152,0,True
3gkj__1__1.A__1.D,c1562,experimental_native,0.9523809523809523,0.4840630525751574,0.9454851746559143,1,True
3h6v__1__1.A_1.B__1.J,c7,experimental_native,0.07142857142857142,0.49361775630687077,1.4671217203140259,1,True
6fwh__1__1.A_1.C_1.F__1.BA_1.M_1.O,c89,experimental_native,0.9333333333333333,0.7538954383758845,0.7674317359924316,0,True
6fwh__1__1.A_1.E_1.K__1.AA_1.OA_1.Z,c89,experimental_native,0.9333333333333333,0.7511211754638571,0.7907256484031677,0,True
5htl__1__1.A_1.B__1.D,c14378,experimental_native,0.8695652173913043,0.32681501938284674,2.06977915763855,0,True
6h39__1__1.Y_1.Z__1.OA_1.QA_1.RA,c20,experimental_native,0.8333333333333334,0.17418283399118972,2.8059732913970947,0,True
6h39__1__1.K_1.L__1.FA_1.HA_1.IA,c20,experimental_native,0.8846153846153846,0.13573994479464702,3.2570242881774902,0,True
2ilv__1__1.A__1.C,c1327,experimental_native,0.8823529411764706,0.8256266642085817,0.6962884664535522,0,True
3in6__1__1.A_1.B__1.E,c8360,experimental_native,0.8571428571428571,0.8057975760657117,0.7212581634521484,0,True
3h6w__1__1.A_2.A__1.D,c7,experimental_native,0.0625,0.40562488937528174,1.795425295829773,1,True
6fwh__1__1.B_1.D_1.L__1.SA_1.X_1.Y,c89,experimental_native,0.9375,0.7066808924322638,0.7919586300849915,0,True
4ibk__2__1.B__1.G,c1616,experimental_native,0.0,0.20352645668711666,2.9722914695739746,0,True
3h6w__1__1.A_2.A__2.D,c7,experimental_native,0.0625,0.4346931705453047,1.7391990423202515,1,True
6fwh__1__1.B_1.G_1.L__1.FA_1.Q_1.S,c89,experimental_native,0.8666666666666667,0.7479391982072807,0.771645188331604,0,True
6fwh__1__1.C_1.E_2.E__1.T_1.U_1.W,c89,experimental_native,0.9333333333333333,0.725461246735499,0.7345179915428162,0,True
6hqh__1__1.A__1.B,c7,experimental_native,0.8636363636363636,0.5450088838288358,1.8465564250946045,0,True
6hb5__1__1.B__1.H,c121,experimental_native,0.8260869565217391,0.57531170378265,1.3721083402633667,0,True
6hb6__1__1.A__1.C,c121,experimental_native,0.8695652173913043,0.5592438139515814,1.3587201833724976,1,True
6hb5__1__1.A__1.C,c121,experimental_native,0.8695652173913043,0.5029738015328392,1.657415509223938,0,True
3iu7__1__1.A__1.E,c4291,experimental_native,1.0,0.208516197863936,2.500847101211548,0,True
4iqk__1__1.A__1.B,c315,experimental_native,1.0,0.17217612985199815,2.4648597240448,1,True
4hnh__1__1.A__1.C_1.E_1.G,c7594,experimental_native,0.64,0.7187328976152644,0.8145901560783386,0,True
6hqu__1__1.A__1.P_1.Q,c124,experimental_native,0.6,0.817248381734258,0.7211112380027771,0,True
6fwh__1__1.C_1.F_1.J__1.MA_1.NA_1.V,c89,experimental_native,0.9333333333333333,0.7162705519647601,0.7593374848365784,0,True
6i5y__1__1.A__1.C,c121,experimental_native,0.8148148148148148,0.6730556450281211,1.0149784088134766,1,True
6i5y__1__1.B__1.E,c121,experimental_native,0.8571428571428571,0.6652706237958518,1.030741572380066,0,True
5hud__1__1.E_1.F__1.VC,c2741,experimental_native,0.875,0.8770082747437692,0.6060327887535095,0,True
5hud__1__1.G_1.H__1.QD,c2741,experimental_native,0.875,0.8580943487832347,0.6322776675224304,0,True
6hqu__3__1.C__1.T_1.U,c124,experimental_native,0.6,0.7900773219759446,0.7374308705329895,0,True
5h8h__1__1.A_1.B__1.G,c7,experimental_native,0.9444444444444444,0.33793939381432664,2.619101047515869,1,True
6fwh__1__1.D_1.K_2.J__1.PA_1.QA_1.RA,c89,experimental_native,0.9333333333333333,0.7168520417054932,0.7960783243179321,0,True
6h4f__1__1.C__1.U,c186,experimental_native,0.0,0.316250767690406,2.0627191066741943,0,True
6hb7__1__1.A__1.C,c121,experimental_native,0.7692307692307693,0.6093449362534914,1.2132731676101685,1,True
6hb6__1__1.B__1.G,c121,experimental_native,0.8260869565217391,0.520760088794086,1.404645323753357,0,True
4j75__1__1.A__1.C,c121,experimental_native,0.8571428571428571,0.7284576567047361,0.9633363485336304,0,True
4j75__1__1.B__1.F,c121,experimental_native,0.896551724137931,0.7316071922972244,1.0057374238967896,1,True
5h8q__1__1.A_1.B__1.F,c7,experimental_native,0.9473684210526315,0.37488960895606493,2.3533427715301514,1,True
5huv__1__1.A__1.C,c119,experimental_native,0.8571428571428571,0.5056162364620091,0.9972710609436035,0,True
5huv__1__1.B__1.D,c119,experimental_native,0.8571428571428571,0.47602489470585885,1.0045145750045776,0,True
6fwh__1__1.D_2.H_2.J__2.GA_2.HA_2.JA,c89,experimental_native,0.9333333333333333,0.7190688049066215,0.7614963054656982,0,True
6hb7__1__1.B__1.H,c121,experimental_native,0.8846153846153846,0.5844052954982031,1.2469840049743652,0,True
6h4f__3__1.I__1.IA,c186,experimental_native,0.0,0.35564846901491776,2.249927520751953,0,True
6fwh__1__1.E_2.C_2.E__2.T_2.U_2.W,c89,experimental_native,0.9333333333333333,0.6967450599350168,0.7719959616661072,0,True
6fwh__1__1.F_1.G_1.H__1.CA_1.DA_1.EA,c89,experimental_native,0.9333333333333333,0.7182264892709986,0.7616161704063416,1,True
5in4__1__1.A_1.B__1.G,c4820,experimental_native,0.9473684210526315,0.6626100708978414,1.4496228694915771,0,True
1jof__1__1.A_1.B__1.M,c6112,experimental_native,0.0,0.4292124469965555,1.9194329977035522,1,True
4itl__1__1.A__1.B,c5397,experimental_native,0.9565217391304348,0.5312107409875682,1.0160040855407715,0,True
4itm__1__1.A__1.B_1.D_1.E,c5397,experimental_native,0.9411764705882353,0.4192770944845523,1.0516407489776611,0,True
4j7g__1__1.A__1.D,c1857,experimental_native,0.8571428571428571,0.6979778784753694,0.958207368850708,0,True
6fwh__1__1.G_1.H_1.I__1.IA_1.KA_1.LA,c89,experimental_native,0.8,0.7420455241434195,0.7573800086975098,0,True
6ipw__1__1.A_1.B__1.F,c6533,experimental_native,0.8571428571428571,0.7787171388230993,0.5547645092010498,0,True
3jps__1__1.A__1.E_1.F_1.G,c31,experimental_native,0.8125,0.5139148744687331,1.2447309494018555,1,True
4j7g__2__1.B__1.F,c1857,experimental_native,0.9047619047619048,0.7206314880523655,0.9508083462715149,1,True
5j47__1__1.A_5.A__5.D,c1131,experimental_native,0.7333333333333333,0.4744725990245324,2.2447257041931152,0,True
5j47__1__1.A_6.A__1.D,c1131,experimental_native,0.8666666666666667,0.47830374728314695,2.247382164001465,0,True
6fwh__1__1.H_1.J_2.D__1.GA_1.HA_1.JA,c89,experimental_native,0.9333333333333333,0.7175629219853014,0.762215256690979,1,True
5in4__1__1.C_1.D__1.M,c4820,experimental_native,0.9473684210526315,0.6332448957031691,1.362786889076233,0,True
1jlx__1__1.A_1.B__1.D_1.H,c12579,experimental_native,0.0,0.6873130215000767,0.9979968070983887,1,True
2jgb__1__1.A__1.C,c326,experimental_native,0.8571428571428571,0.75127438261169,1.4089515209197998,0,True
4j7g__3__2.B__2.F,c1857,experimental_native,0.9047619047619048,0.7048392417938373,0.94889235496521,0,True
6fwh__1__1.I_1.L_2.I__1.TA_1.UA_1.VA,c89,experimental_native,0.8666666666666667,0.760928955659508,0.7677780985832214,0,True
6ipw__2__1.C_1.D__1.H,c6533,experimental_native,0.85,0.7980349414589751,0.54364413022995,0,True
3jtk__1__1.A__1.D,c118,experimental_native,0.9375,0.2354280677983224,1.7722160816192627,1,True
4jjq__1__1.A__1.B,c2776,experimental_native,0.0,0.3659831346379489,1.903235912322998,0,True
4j7h__2__1.B__1.I,c1857,experimental_native,0.8888888888888888,0.6730860202325673,0.9992852807044983,0,True
4j7h__1__1.A__1.C,c1857,experimental_native,1.0,0.7076515530507272,0.9924895763397217,0,True
6fwh__1__1.I_2.I_2.L__2.TA_2.UA_2.VA,c89,experimental_native,0.8666666666666667,0.7555472473731718,0.7579167485237122,1,True
6eji__1__1.A__1.C_1.F_1.G,c119,experimental_native,0.8787878787878788,0.5951012642184137,1.0025993585586548,1,True
6eji__2__1.B__1.J_1.M_1.N,c119,experimental_native,0.8787878787878788,0.5644799915972603,1.0338329076766968,0,True
4j7h__3__2.B__2.I,c1857,experimental_native,0.8888888888888888,0.688229380592941,0.9913748502731323,0,True
6fwh__1__1.J_2.D_2.K__2.PA_2.QA_2.RA,c89,experimental_native,0.9333333333333333,0.7186763995183594,0.8175644874572754,1,True
5jtt__1__1.A__1.C,c33,experimental_native,0.95,0.5969292433770275,0.8351787328720093,0,True
6fwh__1__2.A_2.B_2.K__2.N_2.P_2.R,c89,experimental_native,0.8666666666666667,0.7562000276051773,0.7394285202026367,0,True
6fwh__1__2.A_2.C_2.F__2.BA_2.M_2.O,c89,experimental_native,0.9333333333333333,0.7447081195864922,0.7776193022727966,0,True
5jtt__1__2.A__2.C,c33,experimental_native,0.9,0.6265967520119325,0.7951180934906006,1,True
3kgc__1__1.B__1.F,c7,experimental_native,0.9375,0.36660691290937797,1.360632061958313,0,True
6fwh__1__2.A_2.E_2.K__2.AA_2.OA_2.Z,c89,experimental_native,0.9333333333333333,0.7454871282398853,0.7737749814987183,0,True
5jtu__1__1.A__1.C,c33,experimental_native,0.9090909090909091,0.6317482539425417,0.7521247863769531,0,True
4kg9__1__1.A__1.B,c2776,experimental_native,0.0,0.2554772762387168,2.8371405601501465,0,True
5k41__1__1.A__1.B,c119,experimental_native,0.625,0.5365502247444723,1.0417885780334473,0,True
5jtu__1__2.A__2.C,c33,experimental_native,0.8636363636363636,0.62943844358502,0.7561094164848328,1,True
4kh1__1__1.A_2.A__1.E,c103,experimental_native,0.7777777777777778,0.35053588264869345,1.659061312675476,0,True
5jei__1__1.A__1.B,c7,experimental_native,0.0,0.6349972933035569,1.430979609489441,0,True
5k41__1__2.A__2.B,c119,experimental_native,0.6666666666666666,0.5433525186162245,1.002281665802002,0,True
7k2d__2__1.B__1.C,c315,experimental_native,1.0,0.2258448376950483,2.416490316390991,0,True
4kh1__1__1.A_3.A__3.E,c103,experimental_native,0.6666666666666666,0.3326713391093967,1.7398775815963745,0,True
6fwh__1__2.B_2.D_2.L__2.SA_2.X_2.Y,c89,experimental_native,0.9375,0.7166824106177206,0.7835476398468018,0,True
5k42__1__1.A__1.B,c119,experimental_native,0.7,0.5784024583353543,0.9529203772544861,0,True
7k2e__1__1.A__1.C,c315,experimental_native,0.9411764705882353,0.23559658864481312,2.284738302230835,0,True
5ito__1__1.A__1.F,c7,experimental_native,0.7,0.6709120560054128,1.0439364910125732,0,True
4kh1__1__1.C_2.C__2.K,c103,experimental_native,0.8333333333333334,0.3073710463101711,1.8603090047836304,0,True
4kgv__1__1.A_2.A__1.E,c103,experimental_native,0.8333333333333334,0.335692392400015,1.7280163764953613,0,True
7k2h__2__1.B__1.C,c315,experimental_native,0.9375,0.16833595444654456,2.4826762676239014,1,True
4kgv__1__1.A_3.A__3.E,c103,experimental_native,0.7222222222222222,0.3057005530207224,1.840218186378479,0,True
4kh1__1__1.C_3.C__1.K,c103,experimental_native,0.7777777777777778,0.3388604744735263,1.7228128910064697,0,True
6fwh__1__2.B_2.G_2.L__2.FA_2.Q_2.S,c89,experimental_native,0.8666666666666667,0.7550642695635175,0.7666922211647034,0,True
5kk7__1__1.A__1.C_1.E_1.I,c1433,experimental_native,0.75,0.3975980019549388,1.171221375465393,0,True
5k42__1__2.A__2.B,c119,experimental_native,0.75,0.5755744081970326,0.9562470316886902,0,True
6fwh__1__2.C_2.F_2.J__2.MA_2.NA_2.V,c89,experimental_native,0.9333333333333333,0.7286589658253044,0.7548039555549622,0,True
7k2k__2__1.B__1.C,c315,experimental_native,0.9411764705882353,0.21195578908920623,2.387955904006958,0,True
2irx__1__1.A__1.B_1.C,c2457,experimental_native,1.0,0.647519939040796,1.1019748449325562,0,True
5ito__2__1.B__1.K,c7,experimental_native,0.65,0.7392829962928309,0.7798218131065369,0,True
5itp__1__1.A__1.C,c7,experimental_native,0.8,0.7260564329659289,0.8473488688468933,0,True
5kkw__1__1.A__1.B,c7,experimental_native,0.7142857142857143,0.5635305984448885,0.9129546284675598,1,True
4kgv__1__1.C_3.C__1.H,c103,experimental_native,0.7777777777777778,0.32164198586208514,1.8147106170654297,0,True
4kgv__1__1.C_2.C__2.H,c103,experimental_native,0.7222222222222222,0.30535291678204046,1.8642596006393433,0,True
7jt5__2__1.C_1.D__1.P_1.Q,c299,experimental_native,0.88,0.6010969354105354,1.0226284265518188,0,True
6jzy__1__1.A__1.C_1.D,c9829,experimental_native,0.9666666666666667,0.7328364058837593,0.7618181705474854,0,True
7k2l__2__1.B__1.C,c315,experimental_native,1.0,0.18132110195202217,2.5098156929016113,1,True
4kgx__1__1.A_3.A__3.E,c103,experimental_native,0.7222222222222222,0.3174392060468546,1.753148078918457,0,True
5itp__2__1.B__1.L,c7,experimental_native,0.8095238095238095,0.6849810670434675,0.9162564277648926,1,True
4kgx__1__1.A_2.A__1.E,c103,experimental_native,0.7222222222222222,0.37254465983370566,1.5842399597167969,0,True
4kgx__1__1.C_2.C__2.H,c103,experimental_native,0.7777777777777778,0.3196964941563468,1.8163052797317505,0,True
6fwh__1__2.F_2.G_2.H__2.CA_2.DA_2.EA,c89,experimental_native,0.9333333333333333,0.7307854913286994,0.7599325776100159,0,True
7jt5__2__1.C_1.D__1.U_1.V,c299,experimental_native,0.95,0.6499681729214136,0.9788086414337158,0,True
5kbz__1__1.B__1.D,c3811,experimental_native,0.9310344827586207,0.30677223659190345,2.093956708908081,0,True
5kbz__1__1.A__1.C,c3811,experimental_native,0.9285714285714286,0.3946889778230061,1.70326566696167,0,True
1l5v__1__1.A__1.C_1.D,c33,experimental_native,0.8125,0.6427466905771166,0.8997988700866699,1,True
4kgx__1__1.C_3.C__1.H,c103,experimental_native,0.7777777777777778,0.2891939821885541,1.8972169160842896,0,True
7jt6__1__1.A_1.B__1.E_1.G,c299,experimental_native,0.9545454545454546,0.5795025613001058,0.8536784648895264,1,True
7jt6__1__1.A_1.B__1.I_1.K,c299,experimental_native,0.9090909090909091,0.6136016554623851,0.8538745045661926,1,True
7k2m__2__1.B__1.C,c315,experimental_native,1.0,0.13498663131725488,2.622549533843994,1,True
1l5v__1__1.B__1.F_1.G,c33,experimental_native,0.9375,0.5820132794109508,1.0092097520828247,1,True
4kgz__1__1.A_2.A__1.E,c103,experimental_native,0.7222222222222222,0.28440075459666303,1.898943305015564,0,True
5j5o__1__1.A__1.E,c326,experimental_native,0.9090909090909091,0.7104430599944702,1.2059978246688843,0,True
5j5o__2__1.B__1.G,c326,experimental_native,0.9,0.6503454816827061,1.315111756324768,1,True
6fwh__1__2.G_2.H_2.I__2.IA_2.KA_2.LA,c89,experimental_native,0.8,0.7497426276250201,0.7590854167938232,0,True
7jt6__2__1.C_1.D__1.M_1.O,c299,experimental_native,0.8260869565217391,0.57317789838157,0.8649519085884094,0,True
7l4c__1__1.A__1.D,c272,experimental_native,0.9090909090909091,0.9063526497325253,0.5649007558822632,0,True
7k2n__1__1.A__1.C_1.D,c315,experimental_native,0.9444444444444444,0.1441191225148516,2.5733776092529297,0,True
1kz8__1__1.A_1.B__1.C,c141,experimental_native,0.9333333333333333,0.639190367899794,0.785175085067749,0,True
4kgz__1__1.A_3.A__3.E,c103,experimental_native,0.7222222222222222,0.3369817943319996,1.7393096685409546,0,True
7l4n__1__1.A__1.D,c272,experimental_native,0.8260869565217391,0.9072904742360739,0.6006501913070679,0,True
7k2q__2__1.B__1.C,c315,experimental_native,1.0,0.21675968579113958,2.3625237941741943,0,True
1l8b__1__1.A__1.C,c326,experimental_native,1.0,0.7628162907004887,1.2713125944137573,0,True
7k2r__2__1.B__1.C_1.D,c315,experimental_native,0.0,0.18085330427470175,2.506810188293457,0,True
7k2s__2__1.B__1.C,c315,experimental_native,1.0,0.21587439414337448,2.402602434158325,0,True
1l8b__2__1.B__1.D,c326,experimental_native,1.0,0.8003362205131531,1.1713308095932007,1,True
4kgz__1__1.C_2.C__2.J,c103,experimental_native,0.7777777777777778,0.31101620433527377,1.7873815298080444,0,True
1kz8__1__1.A_1.B__1.G,c141,experimental_native,0.9285714285714286,0.6549482559785604,0.8863103985786438,0,True
4kgz__1__1.C_3.C__1.J,c103,experimental_native,0.8333333333333334,0.3479873195788042,1.6446356773376465,0,True
4lrj__1__1.A__1.C_1.D,c5172,experimental_native,0.8947368421052632,0.706025828396054,0.9390732049942017,0,True
7kgw__1__1.A__1.B_1.C_1.D,c2929,experimental_native,0.875,0.4246311610183925,1.59792959690094,0,True
5k55__1__1.A_4.A__1.B,c141,experimental_native,1.0,0.6327150402948545,0.7968794703483582,0,True
5ly3__1__1.A__1.C,c2133,experimental_native,0.8571428571428571,0.842870925614749,0.5850517749786377,0,True
4lom__1__1.A_10.A_15.A__1.B_1.D_15.C,c89,experimental_native,0.8571428571428571,0.6014806990960957,1.003211498260498,0,True
4l7b__1__1.A_1.B__1.G,c315,experimental_native,1.0,0.19957650654727455,2.0163824558258057,0,True
4lrz__1__1.A_1.F_1.H__1.I_1.J_1.K,c1033,experimental_native,0.9047619047619048,0.49021445233738986,0.9079955220222473,0,True
6kcp__2__1.E__2.D,c10810,experimental_native,0.0,0.060986600536318034,11.126805305480957,1,True
5k55__1__1.A_4.A__4.B,c141,experimental_native,1.0,0.6518735945108982,0.7897394299507141,0,True
4l7c__1__1.A__1.D_1.E,c315,experimental_native,1.0,0.18336952533212486,1.9094198942184448,0,True
4lom__1__1.A_16.A_24.A__1.C_16.B_16.D,c89,experimental_native,0.7142857142857143,0.6038143498523945,0.994817852973938,1,True
4l7c__1__1.B__1.F_1.G_1.H,c315,experimental_native,1.0,0.1769517115179859,2.0352935791015625,0,True
4lrz__1__1.B_1.F_1.H__1.L_1.M_1.N,c1033,experimental_native,0.9523809523809523,0.4861665707563619,0.8681680560112,0,True
5k55__1__2.A_3.A__2.B,c141,experimental_native,1.0,0.6329001667283798,0.7908733487129211,0,True
4l7c__1__1.C__1.I_1.J_1.K,c315,experimental_native,1.0,0.2827927837975041,1.7476509809494019,0,True
4lom__1__1.A_24.A_7.A__24.C_7.B_7.D,c89,experimental_native,0.8571428571428571,0.6104670441941451,0.9979469776153564,0,True
4l7d__1__1.A__1.D_1.E,c315,experimental_native,1.0,0.2202679476207812,2.0431222915649414,1,True
4lrz__2__1.C_1.E_1.G__1.O_1.P_1.Q,c1033,experimental_native,0.9523809523809523,0.5160437206702091,0.8067450523376465,0,True
4mes__1__1.A__1.E_1.L,c1834,experimental_native,0.7142857142857143,0.6286724078807981,0.9126380681991577,0,True
4l7d__1__1.C__1.K_1.M,c315,experimental_native,1.0,0.24005446831464006,1.9176520109176636,0,True
4lom__1__10.A_15.A_18.A__10.C_18.B_18.D,c89,experimental_native,0.7142857142857143,0.604244003625427,1.007943034172058,1,True
4l7d__1__1.B__1.G_1.H_1.I,c315,experimental_native,1.0,0.28918924760642883,1.8703337907791138,0,True
4lrz__2__1.D_1.E_1.G__1.R_1.S_1.T,c1033,experimental_native,0.9047619047619048,0.4994426444493132,0.9045015573501587,0,True
6kia__1__1.A__1.D,c5731,experimental_native,0.8518518518518519,0.5952756930865452,1.1209261417388916,0,True
5mem__1__2.A__2.C,c33,experimental_native,0.8461538461538461,0.5606413496337909,1.3472373485565186,0,True
5mem__1__1.A__1.C,c33,experimental_native,0.9615384615384616,0.5429600338762027,1.4958274364471436,0,True
6l3x__1__1.A__1.O,c117,experimental_native,0.5333333333333333,0.36367140034049833,2.1634609699249268,1,True
6l3x__1__1.C__1.Q,c117,experimental_native,0.5333333333333333,0.32475941884083925,2.2200238704681396,0,True
5k55__1__2.A_3.A__3.B,c141,experimental_native,1.0,0.637562237971954,0.7679094076156616,0,True
6l3x__1__1.B_1.K__1.Y,c117,experimental_native,0.5625,0.43053224513052046,1.7536643743515015,0,True
6kia__2__1.B__1.E,c5731,experimental_native,1.0,0.6172016497762974,1.103393793106079,0,True
1ml4__3__1.A_2.A__1.B,c103,experimental_native,0.8823529411764706,0.4177669460410555,1.5528337955474854,0,True
5mfv__1__1.A__1.E,c7,experimental_native,0.8461538461538461,0.7598523664294297,0.845390260219574,0,True
6l3x__1__1.E_1.I__1.S,c117,experimental_native,0.6,0.42808876934937223,1.6860514879226685,0,True
7l1j__1__1.A_1.B__1.E_1.G,c299,experimental_native,0.16666666666666666,0.6931761149005304,0.8926006555557251,0,True
1ml4__3__1.A_3.A__3.B,c103,experimental_native,0.8235294117647058,0.4491427279978892,1.4805485010147095,0,True
4lom__1__10.A_17.A_7.A__10.B_10.D_17.C,c89,experimental_native,0.8571428571428571,0.5755466117816814,0.9901989102363586,1,True
5mfv__1__1.B__1.I,c7,experimental_native,0.8461538461538461,0.7102971261442429,0.8310020565986633,0,True
5mu6__1__1.A__1.G,c118,experimental_native,0.9166666666666666,0.3562858728659251,1.9854259490966797,0,True
6l3x__1__1.G_1.M__1.AA,c117,experimental_native,0.6,0.42077873068322624,1.968936800956726,0,True
6l3x__1__1.E_1.I__1.W,c117,experimental_native,0.7333333333333333,0.4267557720406967,1.8498140573501587,0,True
6kia__3__1.C__1.F,c5731,experimental_native,0.8214285714285714,0.6142323054804221,0.9046278595924377,0,True
4lom__1__11.A_16.A_2.A__16.C_2.B_2.D,c89,experimental_native,0.8571428571428571,0.6124431082586088,0.9938042759895325,1,True
3myk__1__1.A__1.B,c1599,experimental_native,0.8421052631578947,0.6564118746429666,1.1543828248977661,0,True
6l3x__1__1.H__1.V,c117,experimental_native,0.6428571428571429,0.31260755605095447,2.387737512588501,0,True
6l3x__1__1.L__1.Z,c117,experimental_native,0.5,0.2857289030284411,2.3224613666534424,0,True
6l3x__1__1.G__1.U,c117,experimental_native,0.5714285714285714,0.3956081255503292,2.0319721698760986,0,True
7l1j__1__1.A_1.B__1.H_1.J,c299,experimental_native,0.9130434782608695,0.6179436502617829,0.9672404527664185,0,True
4lom__1__11.A_16.A_20.A__11.C_20.B_20.D,c89,experimental_native,0.7142857142857143,0.6146351943378956,0.9799146056175232,0,True
7l1j__2__1.C_1.D__1.K_1.M,c299,experimental_native,0.88,0.6333703491305046,0.9427074790000916,0,True
5mm0__1__1.A__1.B_1.C,c186,experimental_native,0.88,0.6799619483422608,0.9674351215362549,0,True
4lom__1__11.A_19.A_5.A__11.B_11.D_19.C,c89,experimental_native,0.8571428571428571,0.6048787909016655,0.9993278384208679,1,True
7l1j__2__1.C_1.D__1.O_1.Q,c299,experimental_native,0.9130434782608695,0.6392166423144806,0.9171519875526428,0,True
3mqr__1__1.A__1.B,c2776,experimental_native,0.0,0.3019441330902772,2.238142251968384,1,True
3mjx__1__1.A__1.D,c1599,experimental_native,1.0,0.6162627726726894,1.104733943939209,0,True
4lom__1__12.A_13.A_19.A__12.C_19.B_19.D,c89,experimental_native,0.7142857142857143,0.616611597184439,0.9965214133262634,0,True
6n80__1__1.C_1.L_1.M__1.AA,c117,experimental_native,0.47058823529411764,0.42856167462389994,2.4131784439086914,1,True
5lrc__1__1.A__1.C,c33,experimental_native,0.8947368421052632,0.6396041819131243,0.7939751148223877,1,True
1nnk__1__1.A__1.E,c7,experimental_native,0.8666666666666667,0.7557394167119799,0.7732227444648743,0,True
5l9o__1__1.A__1.C,c7,experimental_native,0.8695652173913043,0.6364576269209301,1.0146007537841797,0,True
3mqs__1__1.A__1.B,c2776,experimental_native,0.0,0.2688492888635645,2.5303471088409424,0,True
4lom__1__12.A_13.A_4.A__13.C_4.B_4.D,c89,experimental_native,0.8571428571428571,0.5995041608006184,0.9955030679702759,1,True
5l9o__2__1.B__1.K,c7,experimental_native,0.8636363636363636,0.6248807756333762,1.0823882818222046,1,True
4lom__1__12.A_20.A_8.A__12.B_12.D_20.C,c89,experimental_native,0.8571428571428571,0.6078290423306675,0.9964704513549805,1,True
6nl0__1__1.D__1.E_1.F_1.I,c31,experimental_native,0.875,0.4956807807993554,1.2688782215118408,0,True
5lrc__1__2.A__2.C,c33,experimental_native,0.8947368421052632,0.6403268800053556,0.792377769947052,1,True
5mji__1__1.A_2.A_3.A_4.A__1.B,c5311,experimental_native,0.7916666666666666,0.9011609626019927,0.5844635963439941,0,True
4lom__1__13.A_22.A_3.A__13.B_13.D_3.C,c89,experimental_native,0.7142857142857143,0.6133151070477294,1.0200845003128052,1,True
3m5c__1__1.A_2.A__1.B,c103,experimental_native,0.85,0.5488901858678504,1.2002830505371094,0,True
5lrd__1__1.A__1.B,c33,experimental_native,0.9,0.6971513539460044,0.7591282725334167,1,True
3n2y__1__1.A__1.C,c121,experimental_native,1.0,0.7668627841261431,0.8662462830543518,0,True
3n2y__1__1.B__1.D,c121,experimental_native,1.0,0.771671830162338,0.9652543067932129,1,True
4lom__1__14.A_17.A_9.A__17.B_17.D_9.C,c89,experimental_native,0.7142857142857143,0.5824033105373215,1.001634955406189,1,True
3m5c__1__1.A_3.A__3.B,c103,experimental_native,0.85,0.5683621176168114,1.1274123191833496,0,True
5neb__1__1.B__1.S,c7,experimental_native,0.7857142857142857,0.7771472052679854,0.7694664597511292,0,True
5lrd__1__2.A__2.B,c33,experimental_native,0.95,0.6389809962248755,0.7352653741836548,1,True
4lom__1__14.A_23.A_4.A__14.B_14.D_4.C,c89,experimental_native,0.7142857142857143,0.5964944841529469,1.0079045295715332,1,True
5lre__1__1.A__1.B,c33,experimental_native,0.9090909090909091,0.6329882328119696,0.8373975157737732,1,True
5mld__2__1.E_1.F_1.G_1.H__1.N,c5311,experimental_native,0.9166666666666666,0.903563359464129,0.5538376569747925,0,True
3o31__1__1.B__1.H,c2604,experimental_native,0.875,0.5365038807389031,0.9688953757286072,0,True
3o31__1__1.A__1.C,c2604,experimental_native,0.8666666666666667,0.4313558068837825,2.2177255153656006,0,True
3m5c__1__2.A_3.A__2.B,c103,experimental_native,0.85,0.5572430863725085,1.1409122943878174,0,True
5neb__2__1.A__1.K,c7,experimental_native,0.8571428571428571,0.7839189741249915,0.7148393392562866,0,True
6llf__1__1.B__1.T_1.U,c164,experimental_native,0.9333333333333333,0.4495019858806141,0.9375962018966675,0,True
4nf4__1__1.A__1.C,c7,experimental_native,0.0,0.5389413617899639,1.0585964918136597,1,True
4nwi__1__1.A__1.D,c2123,experimental_native,0.9166666666666666,0.46590025637058674,1.1289799213409424,0,True
4lom__1__14.A_3.A_9.A__14.C_3.B_3.D,c89,experimental_native,0.8571428571428571,0.6070612069375168,0.9969866275787354,1,True
4ob6__1__1.A_2.A__2.D,c10769,experimental_native,0.0,0.7523226947162814,0.8048577308654785,0,True
4o4h__1__1.B__1.L,c534,experimental_native,0.0,0.21931056287571818,2.3597187995910645,1,True
6llf__1__1.C__1.CA_1.DA,c164,experimental_native,1.0,0.34445487911173717,1.0140596628189087,1,True
5lrf__1__1.A__1.B,c33,experimental_native,0.9090909090909091,0.5795295890090707,0.7836605310440063,0,True
5m0i__1__1.C__1.G,c4053,experimental_native,0.9090909090909091,0.07226731888325019,4.131195068359375,0,True
4nwi__2__1.B__1.G,c2123,experimental_native,0.9333333333333333,0.604844847536221,1.0431853532791138,0,True
4nf6__1__1.B__1.D,c7,experimental_native,0.0,0.4695706511140038,0.9895622730255127,0,True
2olc__1__1.A__1.F,c1052,experimental_native,0.8947368421052632,0.7274861254718645,0.7717996835708618,0,True
1os0__1__1.A__1.B_1.G,c218,experimental_native,0.9,0.45878912255482185,1.715886116027832,0,True
4lom__1__15.A_2.A_21.A__15.B_15.D_2.C,c89,experimental_native,0.7142857142857143,0.6018310155423728,0.9991406798362732,1,True
3m5d__1__1.A_2.A__1.B,c103,experimental_native,0.95,0.5444955572045336,1.210301160812378,1,True
6nka__1__1.A__1.E_1.F,c299,experimental_native,0.8181818181818182,0.6017311337219008,0.7731136083602905,0,True
6llk__1__1.A__1.C_1.D,c164,experimental_native,1.0,0.45718643147080207,0.8850793838500977,0,True
1os0__2__1.A__1.B_1.G,c218,experimental_native,0.9,0.42981617995005383,1.911354660987854,0,True
3orh__1__1.A__1.E,c2063,experimental_native,0.8846153846153846,0.8413592053941081,0.5868052840232849,0,True
4lom__1__17.A_23.A_7.A__23.B_23.D_7.C,c89,experimental_native,0.7142857142857143,0.6107235226229537,0.9812055230140686,1,True
3m5d__1__1.A_3.A__3.B,c103,experimental_native,0.95,0.5142019280177145,1.320426344871521,0,True
5lrf__1__2.A__2.B,c33,experimental_native,0.9090909090909091,0.6607762013354715,0.7693110108375549,1,True
3orh__2__1.B__1.F,c2063,experimental_native,0.8888888888888888,0.8713251068730082,0.5391050577163696,0,True
3orh__3__1.C__1.G,c2063,experimental_native,0.8148148148148148,0.8501591036481146,0.5753459930419922,0,True
1os0__2__2.A__2.B_2.G,c218,experimental_native,0.75,0.44585999346868704,1.866617202758789,0,True
6nka__1__1.B__1.G_1.H,c299,experimental_native,0.2727272727272727,0.6338029041603876,0.736253023147583,0,True
3ois__4__1.D__1.H,c3024,experimental_native,0.0,0.7136176800159211,1.072311520576477,0,True
3m5d__1__2.A_3.A__2.B,c103,experimental_native,0.95,0.5053451009930868,1.364454746246338,0,True
4lom__1__18.A_21.A_6.A__21.B_21.D_6.C,c89,experimental_native,0.7142857142857143,0.6246431122862434,0.9818035960197449,0,True
5mlz__1__1.A__1.B_1.C,c186,experimental_native,0.9,0.7455054033742484,0.92002272605896,0,True
6nka__2__1.C__1.I_1.J,c299,experimental_native,0.36363636363636365,0.6169780298066521,0.8701034784317017,0,True
5od2__1__1.A__1.E,c1264,experimental_native,0.9411764705882353,0.5586285173744766,0.9239519834518433,0,True
6nka__2__1.D__1.K_1.L,c299,experimental_native,0.3333333333333333,0.5561941572781633,0.937023937702179,0,True
5org__1__1.B__1.MA,c7,experimental_native,0.631578947368421,0.7627066974828757,0.997161328792572,0,True
5org__1__1.A__1.E_1.G_1.W,c7,experimental_native,0.631578947368421,0.7191470370880979,0.9625805020332336,0,True
5od2__2__1.B__1.I,c1264,experimental_native,0.9411764705882353,0.6931537384064304,0.8270930647850037,0,True
5o50__1__1.A__1.C,c33,experimental_native,0.9523809523809523,0.6482243848313485,0.8277224898338318,1,True
2p69__1__1.A__1.B_1.C,c2940,experimental_native,0.9230769230769231,0.7182616509890889,0.9586833715438843,0,True
5o50__1__2.A__2.C,c33,experimental_native,0.9523809523809523,0.6501644250875732,0.8008444309234619,1,True
2p69__1__2.A__2.B_2.C,c2940,experimental_native,0.8461538461538461,0.7343053040062669,1.004986047744751,0,True
2owz__1__1.A_2.A__1.B,c141,experimental_native,0.9285714285714286,0.7542789566052441,0.7971223592758179,0,True
4lom__1__18.A_6.A_9.A__18.C_9.B_9.D,c89,experimental_native,0.8571428571428571,0.6061398368856044,1.0076168775558472,1,True
6mt7__1__1.A__1.C,c2129,experimental_native,1.0,0.42975948108892903,1.2766801118850708,0,True
5o52__1__2.A__2.C,c33,experimental_native,0.9090909090909091,0.5750393130125421,0.7653570771217346,1,True
5o52__1__1.A__1.C,c33,experimental_native,0.9545454545454546,0.5984018092118566,0.7431363463401794,0,True
2owz__1__1.A_2.A__2.B,c141,experimental_native,0.9285714285714286,0.7489653841197244,0.8050270080566406,1,True
2owz__1__3.A_4.A__3.B,c141,experimental_native,0.9285714285714286,0.7575076699787534,0.8396508693695068,0,True
2oys__1__1.A_1.B__1.C,c5781,experimental_native,0.0,0.845828367205629,0.6482264399528503,0,True
4lom__1__19.A_22.A_5.A__22.B_22.D_5.C,c89,experimental_native,0.7142857142857143,0.5790908550595194,0.9854987263679504,0,True
4nca__2__1.B__1.K,c2247,experimental_native,0.6666666666666666,0.5212602160967448,1.0356923341751099,1,True
6mt7__2__1.B__1.D,c2129,experimental_native,1.0,0.31002791038487054,1.433140754699707,1,True
5ox1__1__1.A__1.B,c33,experimental_native,0.9090909090909091,0.6583286799166397,0.6953046917915344,0,True
4lom__1__2.A_21.A_5.A__21.C_5.B_5.D,c89,experimental_native,0.8571428571428571,0.5845285087312229,1.015235185623169,1,True
6mtf__1__1.A__1.C,c2129,experimental_native,1.0,0.32936495047036946,1.4644156694412231,1,True
5ox3__1__1.A__1.B,c33,experimental_native,0.9,0.6767656881589995,0.7335442304611206,1,True
5ox1__1__2.A__2.B,c33,experimental_native,0.8636363636363636,0.6908161558530765,0.7755963802337646,1,True
4o4j__1__1.B__1.M,c534,experimental_native,0.0,0.39633527272589086,1.9458638429641724,0,True
2ou5__1__1.A_1.B__1.F,c713,experimental_native,1.0,0.7313960528047627,0.8507748246192932,0,True
2owz__1__3.A_4.A__4.B,c141,experimental_native,0.9285714285714286,0.7624295282592821,0.8044301271438599,0,True
4lom__1__20.A_24.A_8.A__24.B_24.D_8.C,c89,experimental_native,0.7142857142857143,0.606878318303715,1.0077871084213257,1,True
6mtf__2__1.B__1.D,c2129,experimental_native,1.0,0.3379761866833742,1.3376972675323486,1,True
5ox3__1__2.A__2.B,c33,experimental_native,0.9,0.6773623899517469,0.7330353856086731,1,True
5nc1__1__1.A__1.D,c5323,experimental_native,0.0,0.27997733703355465,1.9281812906265259,0,True
4pgx__1__1.D__1.E_1.F_1.I,c31,experimental_native,0.8125,0.6437576210384732,0.9268444180488586,1,True
4p0a__1__1.A__1.B,c2624,experimental_native,0.0,0.48962896714376364,1.8871707916259766,1,True
4phe__1__1.A__1.E_1.F_1.I,c31,experimental_native,0.0,0.37815155001695494,2.1691958904266357,0,True
5ot8__2__1.B__1.R,c7,experimental_native,0.7368421052631579,0.7234444499391354,0.8499959707260132,1,True
6nku__1__1.D__1.H_1.I_1.N,c31,experimental_native,0.8666666666666667,0.6069083776635564,1.1782097816467285,0,True
6nz4__1__1.A__1.C,c3462,experimental_native,0.8,0.8099863630304418,0.6229599714279175,0,True
4pj3__1__1.A__1.B_1.C,c602,experimental_native,0.7894736842105263,0.651271407547133,0.8500760197639465,0,True
2pyw__1__1.A__1.D_1.E_1.H,c1052,experimental_native,0.9047619047619048,0.810765086209537,0.6560187339782715,0,True
4ocj__1__1.A__1.B,c1622,experimental_native,0.8823529411764706,0.6342106528040364,1.0830668210983276,1,True
5nc1__1__1.C__1.O,c5323,experimental_native,0.0,0.26329782743527186,1.9609043598175049,0,True
4oke__1__1.A_1.B__1.C_1.D,c7587,experimental_native,0.9,0.7314505875256103,0.9978042840957642,1,True
4lom__1__22.A_3.A_6.A__22.C_6.B_6.D,c89,experimental_native,0.8571428571428571,0.595011689448733,1.0137454271316528,1,True
6nkw__1__1.D__1.H_1.I_1.N,c31,experimental_native,0.75,0.509453367272384,1.2931822538375854,1,True
6nz6__1__1.A__1.C,c3462,experimental_native,0.8421052631578947,0.8324980773055196,0.6295509338378906,0,True
6nz5__1__1.A__1.C,c3462,experimental_native,0.85,0.8046820702810003,0.6625611186027527,0,True
6pwy__1__1.A__1.E,c159,experimental_native,0.9333333333333333,0.6672634672261621,1.0034934282302856,0,True
2pyw__1__1.B__1.K_1.L_1.N,c1052,experimental_native,0.9090909090909091,0.8237101136108681,0.6452081799507141,0,True
4mwz__2__1.B__1.H,c5754,experimental_native,0.16666666666666666,0.19519000106248693,2.4768741130828857,0,True
4oco__1__1.A__1.B,c1622,experimental_native,0.9523809523809523,0.5500607547410471,1.0743530988693237,0,True
4lom__1__23.A_4.A_8.A__23.C_8.B_8.D,c89,experimental_native,0.8571428571428571,0.607458346909917,1.0002542734146118,0,True
6on4__1__1.A__1.C_1.D,c8749,experimental_native,0.9333333333333333,0.4982242038930616,1.2248882055282593,0,True
5onr__1__1.A__1.B,c218,experimental_native,0.9333333333333333,0.4227078461182244,1.9993418455123901,0,True
6nz6__1__1.B__1.D,c3462,experimental_native,0.0,0.8212057503123993,0.6071949601173401,0,True
6pwy__1__1.C__1.S,c159,experimental_native,1.0,0.6737455432831444,1.032204270362854,0,True
4ocq__1__1.A__1.B,c1622,experimental_native,0.875,0.5461244618202767,1.208447813987732,1,True
5o4f__2__1.B__1.O,c7,experimental_native,0.7142857142857143,0.8174496188198465,0.7622974514961243,0,True
6nkz__1__1.D__1.G_1.H_1.I,c31,experimental_native,0.875,0.499414002537648,1.2334275245666504,1,True
5m5q__1__1.A__1.B_1.C,c5724,experimental_native,0.23076923076923078,0.20922413987065558,2.4733474254608154,0,True
6pwy__1__1.D__1.V_1.Z,c159,experimental_native,0.9375,0.6380114311220466,1.0747439861297607,0,True
1p1n__1__1.A__1.B,c7,experimental_native,0.875,0.6100811444376533,1.044149398803711,0,True
3ntu__1__1.A_6.A__6.B_6.C,c124,experimental_native,0.625,0.7204092332516898,0.8142824769020081,0,True
5ota__1__1.A__1.C,c7,experimental_native,0.75,0.6075764370175266,1.0673176050186157,0,True
5ota__2__1.B__1.F,c7,experimental_native,0.7,0.6037082286829594,1.0267410278320312,0,True
1qgs__1__1.A__1.B_1.C_1.D_1.E,c186,experimental_native,1.0,0.769601930991313,0.9309630393981934,0,True
2pul__1__1.A__1.C_1.E,c1052,experimental_native,0.0,0.6373337176127173,0.8319308161735535,0,True
1q95__1__1.A_1.B__1.M,c103,experimental_native,0.7222222222222222,0.5855889481636872,1.1119792461395264,0,True
4ocu__1__1.A__1.B_1.C,c1622,experimental_native,1.0,0.5543819068586804,1.3621562719345093,1,True
3ntu__1__2.A_4.A__4.B_4.C,c124,experimental_native,0.6666666666666666,0.7180460428501885,0.8364548683166504,0,True
5ocj__2__1.B__1.E,c4332,experimental_native,0.9285714285714286,0.2552760225968688,1.898277997970581,1,True
2pul__2__1.A__1.C_1.E,c1052,experimental_native,0.0,0.6492327428484493,0.8139488697052002,0,True
1q95__1__1.B_1.C__1.N,c103,experimental_native,0.7647058823529411,0.582645458101655,1.1598961353302002,0,True
1q95__1__1.E_1.F__1.R,c103,experimental_native,0.8823529411764706,0.4418642492653131,1.4208451509475708,0,True
3ntu__1__3.A_4.A__3.B_3.C,c124,experimental_native,0.625,0.7210076089888382,0.809795081615448,0,True
3ntu__1__2.A_6.A__2.B_2.C,c124,experimental_native,0.7083333333333334,0.7146321157427934,0.8044202923774719,0,True
5owy__1__1.A__1.C,c33,experimental_native,0.9047619047619048,0.6152749732634177,0.7528635859489441,1,True
2pul__2__2.A__2.C_2.E,c1052,experimental_native,0.0,0.6297347876221951,0.8464222550392151,0,True
2quh__1__1.A__1.C,c121,experimental_native,0.8666666666666667,0.67372320048848,0.8856360912322998,0,True
3ntu__1__3.A_5.A__5.B_5.C,c124,experimental_native,0.75,0.7180795928367482,0.8277091383934021,0,True
5ndf__1__1.E__1.AA_1.BA_1.Z,c186,experimental_native,0.8888888888888888,0.7575257647317276,0.8557823896408081,0,True
5ofx__1__1.A__1.I_1.P,c225,experimental_native,0.0,0.15860473973288736,2.6867337226867676,1,True
5ofx__2__1.B__1.J_1.Q,c225,experimental_native,0.0,0.12437283482855147,2.77939772605896,1,True
2qs1__1__1.A__1.E,c7,experimental_native,0.8888888888888888,0.5791034360610874,1.3034625053405762,0,True
2quh__1__1.B__1.D,c121,experimental_native,0.9333333333333333,0.6824588841568613,0.9012174010276794,0,True
4qf9__1__1.A__1.D,c7,experimental_native,0.7692307692307693,0.6143461095631166,0.9638490080833435,0,True
4qdc__1__1.A__1.E,c164,experimental_native,0.8947368421052632,0.4847670977749504,0.9605343341827393,0,True
5ndf__1__2.C__2.S_2.T,c186,experimental_native,0.9444444444444444,0.7486371271241976,0.8782287240028381,0,True
5ofx__3__1.C__1.K_1.R,c225,experimental_native,0.0,0.1978158697810382,2.4116525650024414,1,True
5ofx__4__1.D__1.L_1.S,c225,experimental_native,0.0,0.16049402795636444,2.5613558292388916,1,True
5q0c__1__1.A_1.B__1.J,c141,experimental_native,0.9411764705882353,0.5925477429188861,1.1170275211334229,0,True
5owy__1__2.A__2.C,c33,experimental_native,0.8571428571428571,0.6082467139521616,0.7479038238525391,1,True
5owz__1__1.A__1.D,c33,experimental_native,0.9090909090909091,0.6008150270863496,0.953611433506012,1,True
2qs1__1__2.A__2.E,c7,experimental_native,0.8888888888888888,0.5131394626984601,1.5199719667434692,0,True
4pbr__1__1.A__1.B,c121,experimental_native,0.9444444444444444,0.7204423354915002,1.0447841882705688,0,True
4pbr__1__2.A__2.B,c121,experimental_native,0.8888888888888888,0.7089342852022006,1.0505207777023315,0,True
4qf9__1__1.C__1.O,c7,experimental_native,0.0,0.6496499486537585,0.9311406016349792,0,True
4qf9__2__2.B__2.H,c7,experimental_native,0.6666666666666666,0.6040314619158258,1.1398334503173828,0,True
4qf9__2__1.B__1.H,c7,experimental_native,0.6666666666666666,0.6003819491633227,1.1485893726348877,0,True
5ofx__5__1.E__1.M_1.T,c225,experimental_native,0.0,0.16667627376707395,2.5592148303985596,1,True
5ofx__7__1.F__1.N_1.U,c225,experimental_native,0.0,0.296893831283938,2.308824062347412,1,True
5q0c__1__1.A_1.B__1.L,c141,experimental_native,0.9411764705882353,0.5902937587096873,1.0374752283096313,0,True
5q0c__1__1.C_1.D__1.P,c141,experimental_native,0.8823529411764706,0.5708975755889651,1.2198822498321533,0,True
5ofx__9__1.H__1.O_1.W,c225,experimental_native,0.0,0.19994892214715684,2.4811763763427734,1,True
5q0c__1__1.C_1.D__1.N,c141,experimental_native,0.9411764705882353,0.6376034142757555,1.008366584777832,0,True
5owz__1__2.A__2.D,c33,experimental_native,0.9090909090909091,0.5992446465435067,0.9485182166099548,1,True
5ovz__1__1.A__1.C,c7,experimental_native,0.8260869565217391,0.5623885068913057,1.084242343902588,0,True
5ndf__2__1.F__1.CA_1.DA,c186,experimental_native,0.8888888888888888,0.8036519613446624,0.8231461048126221,0,True
5q0c__2__1.E_1.F__1.R,c141,experimental_native,0.9411764705882353,0.550092364198324,1.2354531288146973,0,True
2qs1__2__1.B__1.H,c7,experimental_native,0.7777777777777778,0.5102595706346458,1.4235695600509644,0,True
2qs1__2__2.B__2.H,c7,experimental_native,0.7777777777777778,0.5779897421372142,1.275692343711853,0,True
4q30__1__1.A__1.D,c7,experimental_native,0.7647058823529411,0.7257329800107074,0.992698073387146,0,True
2qvu__1__1.A_1.B__1.C_1.E,c141,experimental_native,0.9444444444444444,0.649951809707499,0.9540542364120483,0,True
2qvu__1__1.A_1.B__1.G_1.I,c141,experimental_native,1.0,0.6097010679285298,1.0972875356674194,0,True
4qpl__2__1.C__1.H,c3965,experimental_native,0.8888888888888888,0.44425531044071215,1.7162795066833496,0,True
5lom__1__1.A__1.C,c7,experimental_native,0.7916666666666666,0.5329595904791783,1.5391626358032227,0,True
4qpl__1__1.A__1.E,c3965,experimental_native,0.9411764705882353,0.5005271424611509,1.4630593061447144,0,True
5ndf__2__2.D__2.V_2.W,c186,experimental_native,0.9473684210526315,0.7509118354215905,0.9004793763160706,0,True
5ovz__2__1.B__1.N,c7,experimental_native,0.8095238095238095,0.6125588236400481,1.0577006340026855,0,True
5q0c__2__1.E_1.F__1.T,c141,experimental_native,0.8823529411764706,0.5866244480944425,1.0141890048980713,0,True
5q0c__2__1.G_1.H__1.V,c141,experimental_native,0.9375,0.6318358628805739,1.088673710823059,0,True
5q0c__2__1.G_1.H__1.X,c141,experimental_native,0.9411764705882353,0.6163367169236198,1.0315881967544556,0,True
6qa7__1__2.A__2.B,c33,experimental_native,0.9047619047619048,0.5884169109995422,0.9006744027137756,0,True
6qa7__1__1.A__1.B,c33,experimental_native,0.9047619047619048,0.6104784673291842,0.9017623662948608,1,True
2qvu__1__2.A_2.B__2.C_2.E,c141,experimental_native,0.9444444444444444,0.6007158845087119,0.9960236549377441,0,True
4q30__1__1.B__1.G,c7,experimental_native,0.75,0.7553812859943376,0.9332483410835266,0,True
4q30__2__1.C__1.J,c7,experimental_native,0.75,0.6483330510674103,1.1457103490829468,0,True
5lom__2__1.B__1.F,c7,experimental_native,0.8695652173913043,0.5461733478163235,1.351992130279541,1,True
3qzy__1__1.A__1.D,c1187,experimental_native,1.0,0.35314928551633995,2.5985143184661865,0,True
5ndf__3__1.A__1.G_1.H_1.J_1.K,c186,experimental_native,0.8888888888888888,0.7395880164851938,0.8801240921020508,0,True
6qa8__1__2.A__2.B,c33,experimental_native,0.9411764705882353,0.5483384893110475,0.7980630993843079,0,True
6qa8__1__1.A__1.B,c33,experimental_native,0.9411764705882353,0.496358779808837,0.8501185178756714,0,True
3r5c__1__1.A_1.B__1.F_1.G,c2315,experimental_native,0.35294117647058826,0.33691881730516543,1.8238831758499146,0,True
3qxm__1__1.A__1.C,c7,experimental_native,0.7647058823529411,0.5899006440803308,1.1477714776992798,0,True
2qvu__1__2.A_2.B__2.G_2.I,c141,experimental_native,1.0,0.6288580114558592,0.9994087815284729,0,True
4q30__2__2.C__2.J,c7,experimental_native,0.75,0.6245645100910726,1.2534812688827515,0,True
6q54__1__1.A__1.I,c7,experimental_native,0.9333333333333333,0.768632585542291,0.8682732582092285,0,True
5ndf__3__1.B__1.O_1.P_1.Q,c186,experimental_native,1.0,0.7619020916682864,0.8524860739707947,0,True
5ndf__4__1.C__1.S_1.T,c186,experimental_native,0.9444444444444444,0.7532914106816467,0.8659073710441589,0,True
4r02__1__1.K_1.L__1.GA,c20,experimental_native,0.8095238095238095,0.3566812125304073,2.054270029067993,0,True
3r5c__1__1.A_1.C__1.D_1.E,c2315,experimental_native,0.47368421052631576,0.3799961637191377,1.7852320671081543,0,True
6ovd__1__1.A_1.B__1.D,c7,experimental_native,0.7894736842105263,0.5343349494420381,1.164841651916504,1,True
3qxm__2__1.B__1.D,c7,experimental_native,0.6470588235294118,0.621573309351217,0.9852047562599182,0,True
3rlb__1__1.A__1.J,c1834,experimental_native,0.7647058823529411,0.6501751522162318,0.9166868329048157,0,True
3qxs__1__2.A__2.C_2.D,c299,experimental_native,0.5625,0.7569330156109977,0.8647254109382629,0,True
3rlb__2__1.B__1.O,c1834,experimental_native,0.7647058823529411,0.6855136807246317,0.8375691175460815,1,True
3qxs__1__1.A__1.C_1.D,c299,experimental_native,0.5625,0.7505493584861167,0.8594358563423157,0,True
5o0j__1__1.A__1.B,c1264,experimental_native,0.9375,0.6331911667263991,0.7898023128509521,0,True
6q54__1__1.B__1.V,c7,experimental_native,0.8125,0.7256214011288286,0.852533221244812,0,True
6ove__1__1.A_1.B__1.D,c7,experimental_native,0.8181818181818182,0.7064303542525979,0.8583701848983765,1,True
4r02__1__1.Y_1.Z__1.MA,c20,experimental_native,0.75,0.310752942184411,2.076260566711426,0,True
6lop__1__1.A_1.B__1.D,c4280,experimental_native,0.9411764705882353,0.5093536401800062,1.234256625175476,0,True
2qvv__1__1.A_1.B__1.C_1.D,c141,experimental_native,0.9444444444444444,0.6465644856895757,0.953860878944397,0,True
3rhz__1__1.A__1.C,c2302,experimental_native,0.7894736842105263,0.8194635191715653,0.7757956981658936,0,True
4peg__3__1.C__1.N_1.O,c1401,experimental_native,0.5454545454545454,0.5374787641292037,1.0676839351654053,1,True
4r65__1__1.A__1.E_1.F_1.G,c31,experimental_native,0.7857142857142857,0.6218936433623136,1.0169472694396973,1,True
5ndf__4__2.E__2.AA_2.BA_2.Z,c186,experimental_native,0.8888888888888888,0.755851223045543,0.8570348024368286,0,True
6ove__3__1.B__1.D,c7,experimental_native,0.8095238095238095,0.7103810358011999,0.8510451316833496,1,True
6lop__1__1.A__1.C,c4280,experimental_native,0.0,0.6785051770290996,1.3251690864562988,1,True
3rhz__1__1.B__1.D,c2302,experimental_native,0.8947368421052632,0.8553548298055327,0.7090269923210144,0,True
4peg__4__1.D__1.Q_1.R,c1401,experimental_native,0.5,0.5604995441329097,1.0953761339187622,1,True
1rzu__2__1.B__1.D,c119,experimental_native,0.8235294117647058,0.7275267003982057,0.8495020866394043,0,True
3rhz__1__2.A__2.C,c2302,experimental_native,0.7894736842105263,0.8187834871289081,0.7703309059143066,0,True
2qvv__1__2.A_2.B__2.C_2.D,c141,experimental_native,0.9444444444444444,0.636669407660812,1.0741099119186401,0,True
2qvv__1__2.A_2.B__2.F_2.G,c141,experimental_native,1.0,0.5877905985886261,1.105665922164917,0,True
2qvv__1__1.A_1.B__1.F_1.G,c141,experimental_native,1.0,0.6441528070629045,0.9773474931716919,0,True
3rhz__1__2.B__2.D,c2302,experimental_native,0.8947368421052632,0.861088687383839,0.6916822195053101,0,True
3s21__1__1.A_2.A__2.C,c161,experimental_native,0.8571428571428571,0.7001332278596583,0.8436862230300903,0,True
3s21__1__1.A_2.A__1.C,c161,experimental_native,0.8571428571428571,0.7096455074352624,0.8102481365203857,0,True
6s4h__1__1.A__1.B,c33,experimental_native,0.9545454545454546,0.595897216442746,0.8028509616851807,1,True
3s23__1__1.A_2.A__1.D,c161,experimental_native,0.9230769230769231,0.6797963573709698,0.8333598375320435,0,True
4s1b__1__1.A__1.C_1.D_1.E,c4417,experimental_native,0.8846153846153846,0.26756799487438915,1.8236676454544067,0,True
6s4h__1__2.A__2.B,c33,experimental_native,0.9090909090909091,0.5237221285354345,0.8636582493782043,1,True
3s23__1__1.A_2.A__2.D,c161,experimental_native,0.9230769230769231,0.7149680567216891,0.7972087860107422,0,True
3rpn__1__1.A_1.D__1.G,c1556,experimental_native,0.8636363636363636,0.7776014145301431,0.9963151812553406,1,True
4s1b__3__1.A__1.C_1.D_1.E,c4417,experimental_native,0.8846153846153846,0.2854395234944563,1.7718876600265503,0,True
4s1b__2__1.B__1.F_1.G_1.H,c4417,experimental_native,0.875,0.250206984396382,1.911685585975647,0,True
6r0h__1__1.A__1.B,c33,experimental_native,0.875,0.5720742437945158,0.9293845295906067,0,True
3rpn__2__1.B_1.E__1.H,c1556,experimental_native,0.9545454545454546,0.765790258428562,0.9682925939559937,0,True
3rpn__1__1.A_1.D__1.J,c1556,experimental_native,0.9545454545454546,0.8349399620157297,0.9492756128311157,0,True
4s1b__3__2.B__2.F_2.G_2.H,c4417,experimental_native,0.875,0.1389172970399577,2.4622020721435547,0,True
3rpn__2__1.B_1.E__1.K,c1556,experimental_native,0.9090909090909091,0.8411599638640807,0.8818975687026978,0,True
6r0h__1__2.A__2.B,c33,experimental_native,0.9583333333333334,0.5598704964876283,0.9366739988327026,1,True
1syi__1__1.A__1.C,c7,experimental_native,0.8666666666666667,0.6752986268878973,1.1063405275344849,0,True
3rpn__3__1.C_1.F__1.L,c1556,experimental_native,0.9523809523809523,0.8015937437401877,1.0359950065612793,1,True
3rpn__3__1.C_1.F__1.I,c1556,experimental_native,0.9565217391304348,0.782347778529886,0.9389029741287231,0,True
1syi__1__1.B__1.D,c7,experimental_native,0.8235294117647058,0.6522867580615028,1.1313554048538208,0,True
5ted__1__1.B__1.C,c13035,experimental_native,0.0,0.1960864527056163,10.9826021194458,0,True
1tmn__1__1.A__1.B_1.G,c218,experimental_native,0.9411764705882353,0.49750383055244507,1.6657419204711914,0,True
5t6c__1__1.A__1.C,c118,experimental_native,0.9565217391304348,0.39065192592923526,1.4832457304000854,0,True
2tmn__1__1.A__1.F_1.G,c218,experimental_native,1.0,0.6802508143927068,0.9998612403869629,1,True
1tlp__1__1.A__1.B_1.G,c218,experimental_native,0.8888888888888888,0.4212875175558328,1.665852665901184,0,True
3pnl__1__1.A_1.B__1.D_1.E_1.F,c1033,experimental_native,0.875,0.5619197247070303,0.791404664516449,0,True
5tb8__1__1.A__1.E_1.I_1.J,c31,experimental_native,0.9333333333333333,0.5498919840346679,0.9532972574234009,1,True
5t48__1__1.A__1.C,c326,experimental_native,0.8181818181818182,0.6425288516037038,1.4032799005508423,0,True
4tnp__1__1.B__1.J,c159,experimental_native,0.8823529411764706,0.5575827494306521,0.9621742963790894,0,True
4tnp__1__1.A__1.E,c159,experimental_native,0.9411764705882353,0.5563341841459062,0.9745792150497437,0,True
1tt1__1__1.B__1.D,c7,experimental_native,0.6428571428571429,0.6749513398108775,0.9320781230926514,0,True
1tt1__1__1.A__1.C,c7,experimental_native,0.6666666666666666,0.6411320804537451,0.9798163771629333,0,True
3pnl__1__2.A_2.B__2.D_2.E_2.F,c1033,experimental_native,0.875,0.5514486957517368,0.8037316799163818,0,True
3tvq__1__1.A__1.B,c5720,experimental_native,1.0,0.22057408907433979,2.65598201751709,0,True
4rpn__2__1.D__1.K,c1738,experimental_native,0.9375,0.25971578580394084,1.5865482091903687,0,True
1txz__1__1.A_2.A__1.D_1.E_1.F,c3228,experimental_native,0.7857142857142857,0.7251806092629216,0.8431764841079712,1,True
1txz__1__1.A_2.A__2.D_2.E_2.F,c12080,experimental_native,0.7857142857142857,0.7316588230247371,0.8520321249961853,0,True
4tnp__1__1.C__1.P,c159,experimental_native,0.8823529411764706,0.5959447781624202,0.8969371914863586,0,True
4tnp__1__1.D__1.R,c159,experimental_native,1.0,0.5903231293288295,0.9282112717628479,0,True
5t5u__1__1.A__1.C,c118,experimental_native,0.9473684210526315,0.5174083909226539,1.3658411502838135,0,True
3qv2__1__1.A__1.B,c272,experimental_native,0.9,0.9101807476953796,0.546301007270813,0,True
4tqc__1__1.A__1.C,c326,experimental_native,0.8888888888888888,0.8128918995669683,1.21763014793396,0,True
4to0__1__1.A__1.E,c159,experimental_native,0.9411764705882353,0.5208207638960295,1.0356608629226685,0,True
4tnz__1__1.C__1.Q_1.R,c159,experimental_native,1.0,0.5387369289658801,0.9022051095962524,0,True
4tnz__1__1.B__1.L_1.M,c159,experimental_native,0.875,0.5713177440433106,0.9376145601272583,0,True
1t3q__1__1.A_1.B__1.N_1.O_1.P,c234,experimental_native,0.8285714285714286,0.38387757050201304,1.7444701194763184,0,True
3pnl__2__1.A_1.B__1.D_1.E_1.F,c1033,experimental_native,0.875,0.5526825614024916,0.8042576313018799,0,True
4tqc__2__1.B__1.E,c326,experimental_native,1.0,0.7919481127052317,1.1882076263427734,1,True
3tpt__1__1.A__1.C_1.D,c2488,experimental_native,0.9523809523809523,0.6900003320414541,0.7914629578590393,0,True
4to0__1__1.B__1.J,c159,experimental_native,0.9411764705882353,0.5410107186503865,0.9862121343612671,0,True
6pnz__1__1.A_1.B__1.D,c103,experimental_native,0.7647058823529411,0.4357763863010948,1.5160030126571655,0,True
6tx0__1__1.A__1.C_1.D_1.E_1.G,c159,experimental_native,1.0,0.5441668594927846,0.9903934597969055,0,True
1ua4__1__1.A__1.D,c1264,experimental_native,0.8888888888888888,0.6278641150910695,0.8439581394195557,0,True
3sbx__2__1.C_1.D__1.K,c2020,experimental_native,0.8260869565217391,0.8241826869205593,0.7300521731376648,0,True
3tpt__2__1.B__1.F_1.G_1.H,c2488,experimental_native,0.9523809523809523,0.7966568758750867,0.7211182117462158,0,True
4to0__1__1.C__1.O,c159,experimental_native,0.9411764705882353,0.5230910790357469,0.983405351638794,0,True
6pnz__1__1.A_1.C__1.F,c103,experimental_native,0.8823529411764706,0.36739744957210707,1.6644936800003052,0,True
6tx0__1__1.B__1.K_1.L_1.M_1.O,c159,experimental_native,0.9473684210526315,0.5645440693339701,0.994432270526886,0,True
6tx0__1__2.A__2.C_2.D_2.E_2.G,c159,experimental_native,0.9473684210526315,0.553668040759153,0.9803673624992371,0,True
3rtf__1__1.B__1.G,c7,experimental_native,0.7058823529411765,0.6770855957657184,1.3431365489959717,0,True
3sbx__2__1.C_1.D__1.L,c2020,experimental_native,0.8695652173913043,0.758523153092796,0.81220942735672,0,True
3u92__1__1.A__1.C,c7,experimental_native,0.8461538461538461,0.7302593898054489,0.8887771964073181,0,True
4tus__1__1.A__1.E_1.F_1.I,c31,experimental_native,0.8,0.6478553401007796,1.1414059400558472,1,True
1t3q__1__1.D_1.E__1.AA_1.BA,c234,experimental_native,0.8333333333333334,0.36254451509317254,1.6883066892623901,0,True
3ufm__1__1.A__1.B,c14616,experimental_native,0.8461538461538461,0.29772079526642975,1.7468916177749634,0,True
6sqz__1__1.A_1.B_2.A__1.C_1.D_1.E,c1396,experimental_native,1.0,0.6917434047671007,0.9256544709205627,0,True
6txf__1__1.A__1.C_1.D_1.E_1.G,c159,experimental_native,1.0,0.556734872148848,0.955314040184021,0,True
6tx0__1__2.B__2.K_2.L_2.M_2.O,c159,experimental_native,0.8421052631578947,0.5377612888719586,1.0024946928024292,0,True
4u21__1__1.A_1.B__1.E,c7,experimental_native,0.08333333333333333,0.2608854085214458,2.5073204040527344,1,True
3t96__1__1.A__1.D,c7,experimental_native,0.75,0.6641940779579626,1.2789090871810913,0,True
4u21__1__1.A__1.C,c7,experimental_native,0.75,0.5152325712687627,1.8204632997512817,0,True
4u21__1__1.B__1.D,c7,experimental_native,0.75,0.6214555798876563,1.5948526859283447,0,True
4to0__1__1.D__1.R,c159,experimental_native,1.0,0.562875754021794,0.9636788964271545,0,True
6thj__10__1.J__1.DA,c2174,experimental_native,1.0,0.516922775222059,1.114453911781311,1,True
3tsu__1__1.A__1.G,c1652,experimental_native,0.9130434782608695,0.5751691695019595,0.9576078653335571,0,True
6thj__11__1.K__1.FA,c2174,experimental_native,0.8181818181818182,0.4878272309895426,1.1140326261520386,1,True
6sqz__1__1.A_2.A_2.B__2.C_2.D_2.E,c1396,experimental_native,1.0,0.6823401743325445,0.9572492241859436,0,True
6sbt__1__1.A__1.B_1.D,c7,experimental_native,0.7142857142857143,0.6117159578673439,1.2308392524719238,1,True
6pnz__1__1.B_1.C__1.E,c103,experimental_native,0.8823529411764706,0.3222122103137533,1.9606964588165283,0,True
6s22__1__1.A_1.B__1.R_1.S,c186,experimental_native,0.9375,0.5547510515850065,0.8301357626914978,0,True
6txf__1__1.B__1.K_1.L_1.M_1.O,c159,experimental_native,0.95,0.5426007085880395,0.9552282094955444,0,True
6txf__1__2.A__2.C_2.D_2.E_2.G,c159,experimental_native,0.9473684210526315,0.5693244335906468,0.9415268898010254,0,True
4u22__1__1.A__1.B,c7,experimental_native,0.7058823529411765,0.5916634894234681,1.5918309688568115,0,True
6thj__1__1.A__1.M,c2174,experimental_native,0.0,0.5773110923880357,1.0888478755950928,1,True
6thj__2__1.B__1.O,c2174,experimental_native,0.0,0.5383858181894208,1.114212989807129,0,True
6thj__3__1.C__1.P,c2174,experimental_native,0.0,0.5323985325788982,1.058180809020996,1,True
6thj__4__1.D__1.R,c2174,experimental_native,0.0,0.47841039733232277,1.2681585550308228,1,True
6sbt__1__2.A__2.B_2.D,c7,experimental_native,0.7142857142857143,0.6162436358720623,1.2361273765563965,1,True
6txf__1__2.B__2.K_2.L_2.M_2.O,c159,experimental_native,0.9,0.5577308498545259,0.9291256070137024,0,True
3t96__1__1.B__1.G,c7,experimental_native,0.8125,0.7429659462312945,1.0431452989578247,0,True
4u23__1__1.A__1.B,c7,experimental_native,0.6470588235294118,0.573359767813338,1.5807311534881592,1,True
4to2__1__1.A__1.E_1.F,c159,experimental_native,0.9444444444444444,0.4885796814151877,1.0343058109283447,0,True
3t2e__1__1.A_4.A__1.D,c2190,experimental_native,0.8571428571428571,0.740553421873696,0.7321019172668457,0,True
3u92__1__1.B__1.H,c7,experimental_native,0.8461538461538461,0.7724088305157472,0.8220844268798828,0,True
5tva__2__1.B__1.E,c1867,experimental_native,0.0,0.6415209434382657,0.8342984914779663,0,True
6thj__5__1.E__1.T,c2174,experimental_native,1.0,0.5152431548324619,1.0994586944580078,1,True
6uf0__1__1.A__1.C,c315,experimental_native,1.0,0.1728242295317124,2.5458176136016846,0,True
6s2g__1__1.A__1.I_1.P,c804,experimental_native,0.0,0.585087557259424,1.5971108675003052,1,True
3t96__2__1.C__1.J,c7,experimental_native,0.8666666666666667,0.7036444097119322,1.1221742630004883,0,True
1uqu__1__1.A__1.C,c119,experimental_native,0.72,0.6308481636333154,0.9875486493110657,0,True
6thj__7__1.G__1.X,c2174,experimental_native,0.0,0.48813513620323645,1.1700584888458252,1,True
6thj__6__1.F__1.V,c2174,experimental_native,1.0,0.4686893025740732,1.1032803058624268,1,True
6s2g__1__2.A__2.I_2.P,c804,experimental_native,0.0,0.40884614197512414,1.8139848709106445,1,True
3t96__2__2.C__2.J,c7,experimental_native,0.8666666666666667,0.7057716682896049,1.0723713636398315,0,True
4rt2__1__1.A__1.E_1.F_1.J,c31,experimental_native,0.9333333333333333,0.6505605204772443,0.955886721611023,1,True
3t9h__1__1.A__1.D,c7,experimental_native,0.8125,0.5234883847579924,1.0164240598678589,0,True
6thj__9__1.I__1.BA,c2174,experimental_native,0.0,0.5076817297951722,1.1458498239517212,1,True
6thj__8__1.H__1.Z,c2174,experimental_native,1.0,0.5010011483381921,1.0890130996704102,1,True
4to2__1__1.B__1.K_1.L,c159,experimental_native,0.95,0.5163821312023512,0.9832056760787964,0,True
5tvg__3__1.A__1.I_1.L,c119,experimental_native,0.6,0.7150812260117868,0.9366071820259094,0,True
5tvg__1__1.A__1.I_1.L,c119,experimental_native,0.6,0.7095379478303349,0.9387474656105042,0,True
3t2e__1__5.A_8.A__5.D,c2190,experimental_native,0.8571428571428571,0.7400322041596679,0.7295820116996765,0,True
6rbj__1__1.A__1.D_1.E_1.F,c2537,experimental_native,0.9,0.5344406853995656,1.876588225364685,0,True
3t9h__1__1.B__1.G,c7,experimental_native,0.8125,0.6109383624602681,1.0085867643356323,1,True
5tsx__1__1.A__1.S,c1996,experimental_native,0.0,0.586020898238296,1.3579738140106201,1,True
6rbj__2__1.B__1.K_1.L,c2537,experimental_native,1.0,0.6908993913774241,0.9388132691383362,0,True
3t9h__2__1.C__1.J,c7,experimental_native,0.8,0.6267779181376177,1.047950029373169,0,True
2uyc__1__1.A__1.D,c272,experimental_native,0.8260869565217391,0.8684743824708958,0.6283133029937744,0,True
4rt3__1__1.A__1.E_1.F_1.L,c31,experimental_native,0.8125,0.6334530560140185,0.9574601054191589,1,True
4to2__1__1.C__1.R_1.S,c159,experimental_native,1.0,0.5577425635707465,0.9063028693199158,0,True
5u2r__1__1.A__1.E_1.F_1.G,c31,experimental_native,0.9375,0.583217103402216,0.9327972531318665,1,True
5u2t__1__1.A__1.E_1.F_1.M,c31,experimental_native,0.5714285714285714,0.37009849667862804,1.6775013208389282,1,True
5tsx__1__1.H__1.V,c1996,experimental_native,0.0,0.5495754338774675,1.4228079319000244,1,True
4to2__1__1.D__1.V_1.W,c159,experimental_native,1.0,0.5264188614949268,1.0322147607803345,0,True
3t9h__2__2.C__2.J,c7,experimental_native,0.8,0.5553747773538051,1.1359894275665283,0,True
5tsx__2__1.B__1.T,c1996,experimental_native,0.0,0.5427187897280691,1.3968324661254883,1,True
5vez__1__1.D__1.F_1.I,c31,experimental_native,0.9333333333333333,0.6367970309416376,0.9520001411437988,1,True
4ut5__1__1.A_1.B__1.F_1.K_1.L,c266,experimental_native,0.0,0.19201744645010366,2.0242884159088135,0,True
4to3__1__1.A__1.E_1.F,c159,experimental_native,0.9411764705882353,0.5583928313421705,0.9260038137435913,0,True
5tsx__2__1.G__1.U,c1996,experimental_native,0.0,0.5193114086889067,1.450814127922058,1,True
4to3__1__1.B__1.K_1.L,c159,experimental_native,0.8823529411764706,0.6128048717638666,0.8979118466377258,0,True
5umx__1__1.A_1.B__1.D,c2018,experimental_native,1.0,0.7125456504857457,1.1943142414093018,0,True
5ujj__1__1.A__1.C_1.D_1.E,c121,experimental_native,0.9642857142857143,0.6473622948462784,1.1294147968292236,0,True
2v8y__1__1.A__1.E,c326,experimental_native,1.0,0.7052333209282695,1.3544515371322632,1,True
4v3c__1__1.A__1.B,c1327,experimental_native,0.7777777777777778,0.8333058241991742,0.6679763197898865,0,True
4to3__1__1.C__1.R_1.S,c159,experimental_native,0.9411764705882353,0.5600930468909441,0.9018333554267883,0,True
5ujj__1__1.B__1.F_1.G,c121,experimental_native,0.8275862068965517,0.6255259018018176,1.189353585243225,0,True
1vso__1__1.A__1.B_1.C,c7,experimental_native,0.0,0.3764273702640868,1.908066749572754,0,True
2v8y__2__1.C__1.F,c326,experimental_native,1.0,0.6750494057611727,1.567653775215149,1,True
2vuc__1__1.A_1.B__1.I_1.K_1.L,c266,experimental_native,0.0,0.6278866583497094,1.2404661178588867,0,True
3vy2__1__1.A_1.B__1.C,c1089,experimental_native,0.8571428571428571,0.8012543687394339,0.812665581703186,0,True
1vso__1__2.A__2.B_2.C,c7,experimental_native,0.0,0.4112350939255483,1.8103033304214478,0,True
3vy2__1__1.A_1.B__1.D,c1089,experimental_native,0.6666666666666666,0.7820812903696266,0.8366124629974365,0,True
4to3__1__1.D__1.V_1.W,c159,experimental_native,0.8823529411764706,0.558839279589227,0.9381763339042664,0,True
2vuc__1__1.C_1.D__1.M_1.N_1.O,c266,experimental_native,0.0,0.5905672233418557,1.1621664762496948,1,True
3vy5__1__1.A_1.B__1.C,c1089,experimental_native,0.8095238095238095,0.7868661431182383,0.7261501550674438,0,True
5vz0__1__1.A_1.B__1.H,c2559,experimental_native,0.8,0.14012396751717,2.4156007766723633,0,True
5v13__1__1.A__1.D,c2129,experimental_native,0.9523809523809523,0.4553321470188355,2.159040927886963,0,True
3vy5__1__1.A_1.B__1.D,c1089,experimental_native,0.6666666666666666,0.7715473393887416,0.7336428165435791,0,True
5v0i__1__1.A__1.C,c121,experimental_native,0.9333333333333333,0.68892172062062,0.9065756797790527,0,True
4to4__1__1.A__1.E_1.F,c159,experimental_native,1.0,0.5052733411326198,0.9451501965522766,0,True
1w8f__1__1.A_1.C__1.E_1.J_1.K,c266,experimental_native,0.0,0.10547369152617936,2.907477855682373,0,True
2w1a__1__1.C_2.C__2.O,c2741,experimental_native,0.9375,0.9028575269984979,0.5793167352676392,0,True
2vuc__1__1.C_1.D__1.P_1.Q_1.R,c266,experimental_native,0.0,0.5431274452212169,1.1867457628250122,0,True
5v13__1__1.B__1.E,c2129,experimental_native,0.9523809523809523,0.5718876852506449,1.345879316329956,0,True
4to4__1__1.B__1.J_1.K,c159,experimental_native,0.9411764705882353,0.5169941370010303,0.9477559924125671,0,True
5vz0__1__1.C_1.D__1.M,c2559,experimental_native,0.8666666666666667,0.1909990543171842,2.177971124649048,0,True
2vud__1__1.A_1.B__1.I_1.J_1.K,c266,experimental_native,0.7692307692307693,0.4789769384369849,1.3391051292419434,1,True
3wd7__1__1.B__1.L,c161,experimental_native,0.8636363636363636,0.19380370233416344,2.2050857543945312,0,True
3wd7__1__1.A__1.C,c161,experimental_native,0.8095238095238095,0.16879570878099948,2.031151294708252,0,True
5vyz__1__1.A_1.B__1.H,c2559,experimental_native,0.8,0.13356149655109784,2.4822194576263428,1,True
2uz4__1__1.A__1.D,c272,experimental_native,0.8695652173913043,0.8871997319844764,0.591174304485321,0,True
4wh2__1__1.A__1.B_1.C_1.D_1.E_1.J,c1622,experimental_native,0.9047619047619048,0.8018083717496931,0.6855615973472595,0,True
5v13__1__1.C__1.F,c2129,experimental_native,0.9523809523809523,0.4062208603999951,2.0582828521728516,0,True
3wdk__1__1.A_1.B__1.G,c1768,experimental_native,0.0,0.726851577417621,0.9712000489234924,0,True
5vyz__1__1.C_1.D__1.O,c2559,experimental_native,0.9333333333333333,0.2775077385479983,2.0215251445770264,0,True
2vud__1__1.C_1.D__1.M_1.N_1.O,c266,experimental_native,0.0,0.44576090225555054,1.3469618558883667,0,True
2w1a__1__1.D_2.D__2.P,c2741,experimental_native,0.875,0.8856013361707278,0.6078474521636963,0,True
3wmv__1__1.A__1.D,c2356,experimental_native,0.0,0.747182203764705,0.8192814588546753,1,True
3wdk__1__1.A__1.E,c1768,experimental_native,0.8846153846153846,0.7830584025515136,0.9219910502433777,0,True
4to4__1__1.C__1.R_1.S,c159,experimental_native,1.0,0.556393402850202,0.925873339176178,0,True
5w27__1__1.A_1.B__1.D,c2018,experimental_native,0.8947368421052632,0.46984439556175994,1.5949796438217163,0,True
1wq3__1__1.A__1.B,c121,experimental_native,0.9333333333333333,0.6599938666877534,0.8859075903892517,0,True
1wq3__1__2.A__2.B,c121,experimental_native,0.8,0.6956734565118782,0.8435171842575073,1,True
2vud__1__1.C_1.D__1.P_1.Q_1.R,c266,experimental_native,0.8333333333333334,0.5050054503863066,1.3807348012924194,0,True
3wmv__1__1.B__1.F,c2356,experimental_native,0.0,0.7403312980059821,0.8004376292228699,0,True
4u1o__1__1.A__1.B,c7,experimental_native,0.0,0.6922803313983472,0.9668347239494324,0,True
2w97__1__1.A_1.B__1.E,c326,experimental_native,0.8,0.7841847584878707,1.1771496534347534,0,True
3wdk__2__1.C_1.D__1.J,c1768,experimental_native,0.0,0.7485527829740408,0.9212527871131897,0,True
4to4__1__1.D__1.V_1.W,c159,experimental_native,0.9375,0.4972908137995812,0.9529257416725159,0,True
6w2m__1__1.A__1.E_1.F_1.K,c31,experimental_native,0.8125,0.5749825228486416,1.0085316896438599,1,True
2wky__1__1.A__1.E,c7,experimental_native,0.8461538461538461,0.5224368168152372,1.2751766443252563,0,True
2wqy__2__1.F_1.G_1.H__1.JD,c270,experimental_native,1.0,0.3791608887293991,1.7240408658981323,1,True
3wdk__2__1.C__1.H,c1768,experimental_native,0.8518518518518519,0.790726279370645,0.9255191683769226,0,True
4to6__1__1.A__1.E,c159,experimental_native,0.9375,0.5121607561252702,0.9665465950965881,0,True
3vth__1__1.A__1.F_1.G,c1652,experimental_native,0.95,0.598119313378562,0.9337034821510315,0,True
5u8c__1__1.A_1.B__1.E,c7,experimental_native,0.8421052631578947,0.38751809690627914,1.3532527685165405,1,True
2wky__1__1.B__1.F,c7,experimental_native,0.8461538461538461,0.5530949001799856,1.2025566101074219,0,True
4to6__1__1.B__1.I,c159,experimental_native,1.0,0.5845490287335886,0.932508647441864,0,True
5wo0__1__1.D__1.F_1.K_1.L,c31,experimental_native,0.8,0.5655361929133988,1.0503448247909546,0,True
3vth__2__1.B__1.S_1.T,c1652,experimental_native,0.9523809523809523,0.5374373937136472,0.9500798583030701,0,True
3wy0__1__1.A__1.C,c161,experimental_native,0.782608695652174,0.32567741751801843,1.7360975742340088,0,True
1wlk__2__1.C_1.D__1.G,c1089,experimental_native,0.7142857142857143,0.7858864643056441,0.7943695187568665,0,True
1xdn__1__1.A__1.B_1.C,c4705,experimental_native,0.9444444444444444,0.4649702538437115,1.2912009954452515,0,True
1wlk__1__1.A_1.B__1.E,c1089,experimental_native,0.8095238095238095,0.7941447960432343,0.8114491105079651,0,True
1wlk__1__1.A_1.B__1.F,c1089,experimental_native,0.7142857142857143,0.780274438924137,0.833579957485199,0,True
3wy0__1__1.B__1.D,c161,experimental_native,0.7727272727272727,0.31587351789395035,1.7056437730789185,0,True
1wlk__2__1.C_1.D__1.H,c1089,experimental_native,0.8571428571428571,0.7723563202906027,0.7445850968360901,0,True
4to6__1__1.C__1.O,c159,experimental_native,1.0,0.5251517284287488,1.147160291671753,0,True
4wbd__1__1.A__1.B,c6395,experimental_native,0.9090909090909091,0.5281165337514323,1.4622700214385986,0,True
4to6__1__1.D__1.S,c159,experimental_native,0.9375,0.5330023301075993,0.9687078595161438,0,True
5x62__1__1.A__1.C,c3084,experimental_native,0.05,0.9139388452190389,0.6756366491317749,0,True
4wbd__1__2.A__2.B,c6395,experimental_native,0.9090909090909091,0.5318533920127791,1.4615286588668823,0,True
5x62__1__1.B__1.D,c3084,experimental_native,0.95,0.9195258515235012,0.6805390119552612,0,True
3wxy__1__1.A__1.C,c161,experimental_native,0.8181818181818182,0.3650868750369706,1.6608279943466187,0,True
3wxy__1__1.B__1.D,c161,experimental_native,0.8181818181818182,0.40846563879607056,1.5147637128829956,0,True
1xp8__1__1.A__1.B,c124,experimental_native,0.8666666666666667,0.64012756280172,1.0892550945281982,0,True
4x7m__1__1.A__1.C,c119,experimental_native,0.5625,0.7141602919459317,0.8002802729606628,0,True
4x7m__2__1.B__1.D,c119,experimental_native,0.84375,0.5929116087686717,1.0829235315322876,1,True
4xs9__1__1.A_1.B__1.C,c161,experimental_native,1.0,0.09998853517511658,3.982818365097046,0,True
1xes__1__1.A_1.B__1.F,c161,experimental_native,0.8235294117647058,0.523238458764868,1.0169084072113037,0,True
4xs9__1__1.A_1.B__1.D,c161,experimental_native,0.9444444444444444,0.08307953767058646,4.0389814376831055,0,True
5wx3__1__1.A__1.E,c161,experimental_native,0.8181818181818182,0.280749513151555,2.412594795227051,0,True
5wx3__2__1.D__1.K,c161,experimental_native,0.7142857142857143,0.2426464788774243,2.3868086338043213,0,True
1xet__1__1.A_1.B__1.E,c161,experimental_native,0.7777777777777778,0.4689333499684513,1.0154547691345215,0,True
2xzl__1__1.A__1.F_1.G_1.H,c602,experimental_native,0.0,0.9094448268415857,0.6892486214637756,0,True
4xsr__1__1.A__1.E,c119,experimental_native,0.92,0.6176732023191968,1.155120849609375,0,True
5wx6__1__1.A__1.G,c161,experimental_native,0.8095238095238095,0.3576522329963425,1.8013889789581299,0,True
1xms__1__1.A__1.B_1.C,c124,experimental_native,0.875,0.5394495754142615,1.2046550512313843,0,True
5wx6__2__1.B__1.I,c161,experimental_native,0.9047619047619048,0.35934074782407144,2.29373836517334,0,True
4yi5__1__1.A__1.C,c33,experimental_native,0.92,0.5223549897269298,1.2134431600570679,0,True
2xzo__1__1.A__1.F_1.G_1.H,c602,experimental_native,0.6842105263157895,0.8991024326159696,0.6687233448028564,0,True
6xu1__1__1.A__1.I_1.J_1.K_1.M,c159,experimental_native,1.0,0.6732447908845334,0.9217661023139954,0,True
5wx7__1__1.B__1.G,c161,experimental_native,0.8260869565217391,0.37411889134516996,1.8158735036849976,0,True
1xms__1__2.A__2.B_2.C,c124,experimental_native,0.9375,0.5392488584628892,1.2171179056167603,0,True
2xxt__1__1.A__1.C,c7,experimental_native,0.7857142857142857,0.7019140282646444,0.8322124481201172,0,True
2xxt__1__1.B__1.F,c7,experimental_native,0.8571428571428571,0.6614660181835121,0.935498058795929,0,True
4xsr__1__1.B__1.J,c119,experimental_native,0.92,0.6215437315251501,1.0997422933578491,1,True
6xu1__1__1.B__1.P_1.Q_1.R_1.T,c159,experimental_native,1.0,0.6436721223933087,0.9068903923034668,0,True
5wx7__2__1.C__1.I,c161,experimental_native,0.8095238095238095,0.39299453671279716,2.20350980758667,0,True
1yv3__1__1.A__1.F,c1599,experimental_native,0.8947368421052632,0.5716387055995166,1.4091691970825195,1,True
1yz0__1__1.A_1.B__1.C_1.D,c141,experimental_native,0.9285714285714286,0.6919407648206057,0.9254608154296875,0,True
6xu1__1__1.C__1.AA_1.W_1.X_1.Y,c159,experimental_native,0.9,0.6496234441777211,0.8953670263290405,0,True
1xms__1__3.A__3.B_3.C,c124,experimental_native,0.75,0.5440289207785389,1.197791576385498,0,True
1yy6__1__1.A__1.B,c2776,experimental_native,0.0,0.20887469614407558,2.514589309692383,0,True
1xms__1__4.A__4.B_4.C,c124,experimental_native,0.875,0.5497229397033817,1.2033946514129639,0,True
2xxv__1__1.A__1.C,c7,experimental_native,0.7857142857142857,0.6526909240492974,0.9359772205352783,0,True
2xxv__1__1.B__1.E,c7,experimental_native,0.8571428571428571,0.7219282996264234,0.8700409531593323,0,True
1yxi__1__1.A_2.A__1.B_1.D_1.E_1.F_1.G,c141,experimental_native,0.9375,0.6791864782212406,0.8391163945198059,1,True
6xu1__1__1.D__1.EA_1.FA_1.GA_1.IA,c159,experimental_native,1.0,0.6442758917498207,0.915445864200592,0,True
5xsw__1__1.A_1.B__1.D_1.Q,c4931,experimental_native,0.8,0.3917147721302024,1.710068702697754,0,True
1yyz__1__1.A_2.A__2.B_2.C_2.D_2.E,c141,experimental_native,0.9375,0.6462602424968212,0.94288170337677,0,True
1yyz__1__1.A_2.A__1.B_1.C_1.D_1.E,c141,experimental_native,0.9375,0.6648131391300677,0.9016565680503845,1,True
5wr6__1__1.A__1.B_1.C,c218,experimental_native,1.0,0.48988304960629037,1.1622869968414307,1,True
4ymo__1__1.A__1.E_1.F_1.I,c31,experimental_native,0.8,0.49720713867595695,1.3372830152511597,1,True
6xu1__2__1.E__1.LA_1.MA_1.NA_1.PA,c159,experimental_native,0.95,0.658415144967861,0.9253649711608887,0,True
4ysi__1__1.A__1.B_1.C,c2776,experimental_native,0.0,0.20322170441540927,2.9654738903045654,0,True
1yxi__1__1.A_2.A__2.B_2.D_2.E_2.F_2.G,c141,experimental_native,0.9375,0.6684975332453279,0.8581193685531616,0,True
2yne__1__1.A__1.F,c118,experimental_native,0.9545454545454546,0.3232703464405176,2.582200527191162,0,True
2yne__2__1.B__1.M,c118,experimental_native,0.9545454545454546,0.3256181674464911,2.5763237476348877,0,True
6wn2__1__1.A__1.C,c121,experimental_native,0.7368421052631579,0.4761569569538421,2.2568209171295166,1,True
6wn2__1__1.B__1.L,c121,experimental_native,0.6842105263157895,0.5737295212415228,1.9885766506195068,0,True
4ysx__1__1.B_1.C_1.D__1.N,c270,experimental_native,0.9285714285714286,0.14696161687017267,3.1027450561523438,0,True
1yzx__1__1.A_1.B__1.C,c1556,experimental_native,0.9473684210526315,0.7629709839755192,0.906299352645874,0,True
1yxi__1__3.A_4.A__3.B_3.D_3.E_3.F_3.G,c141,experimental_native,0.9375,0.644015961960078,0.8688992857933044,0,True
1zdp__1__1.A__1.F_1.G,c218,experimental_native,1.0,0.6054018406272766,1.0292446613311768,0,True
1z9g__1__1.A__1.F_1.G,c218,experimental_native,1.0,0.4561391536554902,1.2811464071273804,0,True
2yne__3__1.C__1.R,c118,experimental_native,0.8636363636363636,0.2777887981497611,2.705084800720215,0,True
6xu1__2__1.F__1.TA_1.UA_1.VA_1.XA,c159,experimental_native,0.9473684210526315,0.6115004340831744,0.9412132501602173,0,True
1xms__1__5.A__5.B_5.C,c124,experimental_native,0.9375,0.5450025905123551,1.1942224502563477,0,True
1yzx__1__1.A_1.B__1.D,c1556,experimental_native,0.8947368421052632,0.8110439117118554,1.024240493774414,0,True
1yyz__1__3.A_4.A__3.B_3.C_3.D_3.E,c141,experimental_native,0.9375,0.659464337614436,0.9457833170890808,0,True
1yyz__1__3.A_4.A__4.B_4.C_4.D_4.E,c141,experimental_native,0.9375,0.6720455970036286,0.9258132576942444,0,True
4wql__1__1.A__1.B_1.C_1.D_1.H_1.N,c12775,experimental_native,1.0,0.47120383905361163,1.7886978387832642,0,True
6wnd__1__1.A__1.I,c164,experimental_native,1.0,0.3790118994474036,1.2115861177444458,0,True
1yxi__1__3.A_4.A__4.B_4.D_4.E_4.F_4.G,c141,experimental_native,0.9375,0.6569713262238437,0.8507714867591858,0,True
5ynw__1__1.A__1.C,c1104,experimental_native,1.0,0.6431714186206227,0.820153534412384,0,True
4ysx__2__1.F_1.G_1.H__1.W,c270,experimental_native,0.8571428571428571,0.13978663092017993,3.063394069671631,0,True
6wnd__1__2.B__2.P,c164,experimental_native,1.0,0.3430937721549511,1.2466752529144287,0,True
6wnd__1__2.C__2.X,c164,experimental_native,0.9166666666666666,0.262452619808104,1.393214225769043,0,True
6xu1__2__1.G__1.AB_1.BB_1.CB_1.EB,c159,experimental_native,0.9473684210526315,0.6337433938566641,0.939171314239502,0,True
1xms__1__6.A__6.B_6.C,c124,experimental_native,0.75,0.5531711184997483,1.21975576877594,0,True
6ybu__1__1.A_1.B__1.M_1.N,c92,experimental_native,0.9130434782608695,0.7873416369855784,0.7151215672492981,0,True
1xmv__1__1.A__1.B_1.F,c124,experimental_native,0.9375,0.6419518240795034,1.2031670808792114,0,True
1zpl__1__1.A__1.C,c1940,experimental_native,0.0,0.35836807712786317,1.8046021461486816,0,True
2yxn__1__1.A__1.B,c121,experimental_native,0.8666666666666667,0.4527061118470789,1.830281138420105,0,True
6ybu__1__1.A_1.B__1.O_1.P,c92,experimental_native,0.8181818181818182,0.8199098029572075,0.7246783971786499,0,True
6xu1__2__1.H__1.HB_1.IB_1.JB_1.LB,c159,experimental_native,1.0,0.6704094157848927,0.9043192267417908,0,True
1zpl__2__1.B__1.D,c1940,experimental_native,0.0,0.3942430599142553,1.7133129835128784,0,True
2yxn__1__2.A__2.B,c121,experimental_native,0.9333333333333333,0.4667877608687036,1.853240728378296,0,True
1xmv__1__2.A__2.B_2.F,c124,experimental_native,0.875,0.646754150636407,1.20167076587677,0,True
2zp1__1__1.A__1.B,c121,experimental_native,1.0,0.3821412004897793,2.4387197494506836,1,True
2zp1__1__2.A__2.B,c121,experimental_native,0.9285714285714286,0.37441236872074596,2.4517858028411865,0,True
6zf0__1__1.A__1.C_1.K_1.L_1.M,c315,experimental_native,1.0,0.4272043092940085,1.385718584060669,1,True
1xmv__1__3.A__3.B_3.F,c124,experimental_native,0.875,0.6451043269905402,1.196821689605713,0,True
4rur__1__1.K_1.L__1.FA,c20,experimental_native,1.0,0.12448593622320904,2.317218542098999,0,True
5y72__1__1.A__1.C,c1104,experimental_native,0.0,0.6688018540930751,0.9105450510978699,0,True
3zpo__1__1.A__1.C_1.E_1.N,c1133,experimental_native,0.8421052631578947,0.37732732757597937,1.8191684484481812,1,True
6ybu__2__1.G_1.H__1.U_1.V,c92,experimental_native,0.9565217391304348,0.778575097785347,0.7608158588409424,0,True
6zf1__1__1.A__1.C_1.L,c315,experimental_native,1.0,0.318520549319272,2.1132149696350098,1,True
1xmv__1__4.A__4.B_4.F,c124,experimental_native,0.9375,0.6429386654232067,1.2053231000900269,0,True
4rur__1__1.Y_1.Z__1.LA,c20,experimental_native,1.0,0.13123741743811285,2.3275585174560547,0,True
6ybu__2__1.G_1.H__1.W_1.X,c92,experimental_native,0.9565217391304348,0.7982115422802244,0.7415727972984314,0,True
6zf8__1__1.A__1.N_1.R,c315,experimental_native,1.0,0.13610770825606291,3.001366376876831,0,True
3zwd__1__1.A__1.C,c2481,experimental_native,0.875,0.483966616790971,1.455482840538025,0,True
2zl4__1__1.AA_1.O__1.P,c117,experimental_native,0.0,0.693149662186369,1.1629058122634888,0,True
5y72__2__1.B__1.D,c1104,experimental_native,0.0,0.6705424001981469,0.8654173016548157,0,True
4zev__1__1.A__1.C_1.D,c5387,experimental_native,0.8888888888888888,0.5940869170978802,1.03889000415802,0,True
2zl4__1__1.AA_1.Y__1.BA,c117,experimental_native,0.0,0.6857184886555175,1.1612852811813354,0,True
3zwd__1__1.B__1.E,c2481,experimental_native,0.875,0.4855218280533458,1.1971065998077393,0,True
5zjy__1__1.A__1.C,c326,experimental_native,0.7777777777777778,0.7911175046611754,1.2724614143371582,0,True
4zew__1__1.A__1.C_1.D,c5387,experimental_native,0.8333333333333334,0.5203881139111267,1.095949411392212,0,True
6zmz__1__1.A__1.B,c119,experimental_native,0.8846153846153846,0.43489259152868387,1.2280791997909546,0,True
6z6a__1__1.A__1.C,c315,experimental_native,1.0,0.376539508655211,1.8645002841949463,1,True
1xmv__1__5.A__5.B_5.F,c124,experimental_native,0.875,0.6459663417476156,1.1956461668014526,0,True
2zl4__1__1.A_1.C__1.B,c117,experimental_native,0.0,0.7667371804523736,0.9942772388458252,1,True
3zcp__1__1.A__1.C,c33,experimental_native,0.9473684210526315,0.5749722212559011,1.0979373455047607,0,True
1xmv__1__6.A__6.B_6.F,c124,experimental_native,0.875,0.6375722063837004,1.2096010446548462,0,True
2zl4__1__1.C_1.E__1.D,c117,experimental_native,0.0,0.6973963218617721,1.156028389930725,0,True
4z9n__1__1.D__1.U,c7,experimental_native,0.6956521739130435,0.7068833563537101,0.9259613156318665,0,True
2zl4__1__1.A_1.M__1.N,c117,experimental_native,0.6923076923076923,0.7167076711193957,1.189002275466919,1,True
5yk0__1__1.A__1.B,c1592,experimental_native,0.8571428571428571,0.8960197633867263,0.6317649483680725,0,True
2zl4__1__1.E_1.G__1.F,c117,experimental_native,0.0,0.7124535260172186,1.033431053161621,1,True
4z9n__3__1.C__1.Q,c7,experimental_native,0.6521739130434783,0.7315756902254467,0.9290637969970703,0,True
5yk0__2__4.A__4.B,c1592,experimental_native,0.9285714285714286,0.8968829387753374,0.6393626928329468,0,True
3zcq__1__1.A__1.C,c33,experimental_native,0.9565217391304348,0.5728307144140176,0.897274374961853,0,True
3zcp__1__2.A__2.C,c33,experimental_native,1.0,0.6237884994950419,1.0460587739944458,1,True
2zl4__1__1.G_1.I__1.H,c117,experimental_native,0.0,0.6774773593039675,1.1732978820800781,1,True
2zl4__1__1.I_1.K__1.J,c117,experimental_native,0.0,0.6756571912297746,1.1720285415649414,1,True
4z0u__1__1.A__1.C,c6412,experimental_native,0.0,0.25711342173659346,1.7988216876983643,1,True
4zwg__1__1.D__1.T,c159,experimental_native,0.9375,0.5696467694281709,1.1427106857299805,0,True
4z0u__2__1.B__1.D,c6412,experimental_native,0.0,0.3027847970785236,1.7019429206848145,0,True
3zy5__1__1.A_2.A__2.F,c5614,experimental_native,0.7916666666666666,0.7349371063240732,0.8136155605316162,0,True
3zcq__1__2.A__2.C,c33,experimental_native,0.9565217391304348,0.5442298536815742,0.8942465782165527,1,True
2zl4__1__1.K_1.M__1.L,c117,experimental_native,0.0,0.6866101810287603,0.9632462859153748,1,True
3zcr__1__1.A__1.D,c33,experimental_native,0.9583333333333334,0.5624349466228983,1.0186777114868164,1,True
2zl4__1__1.O_1.Q__1.R,c117,experimental_native,0.0,0.586089218972344,2.072909116744995,0,True
3zy6__1__1.A_2.A__2.B,c5614,experimental_native,0.9047619047619048,0.7549714805105742,0.7815373539924622,0,True
3zcr__1__2.A__2.D,c33,experimental_native,1.0,0.5443682029059483,1.006953477859497,1,True
2zl4__1__1.Q_1.S__1.T,c117,experimental_native,0.6153846153846154,0.6942299048625777,1.3284331560134888,1,True
2zl4__1__1.S_1.U__1.V,c117,experimental_native,0.0,0.7081822845734033,1.1726633310317993,0,True
2zl4__1__1.U_1.W__1.X,c117,experimental_native,0.0,0.7152355497702823,1.002905011177063,0,True
2zl4__1__1.W_1.Y__1.Z,c117,experimental_native,0.0,0.6891835861678052,0.9575108289718628,1,True
6zv5__1__1.C_1.D__1.I_1.O,c2350,experimental_native,0.0,0.13408895929734307,2.732433557510376,0,True
6zu2__1__1.A_1.B__1.G_1.O,c2350,experimental_native,0.0,0.2311122039132761,2.266378402709961,0,True
6zv5__1__1.E_1.F__1.K_1.S,c2350,experimental_native,0.0,0.1764137956699632,2.2731821537017822,0,True
6zv5__1__1.E_1.F__1.L_1.R,c2350,experimental_native,0.0,0.13889304763999727,2.3269639015197754,0,True
6zu2__1__1.A_1.B__1.H_1.M_1.Q,c2350,experimental_native,0.0,0.32926237925002216,1.854362964630127,1,True
3zcs__1__1.A__1.D,c33,experimental_native,0.9545454545454546,0.6117008655704773,0.9905703663825989,0,True
3zcs__1__2.A__2.D,c33,experimental_native,1.0,0.641885572239742,0.9739748239517212,0,True
5zwk__1__1.A_1.B__1.E_1.G_1.H,c141,experimental_native,0.9473684210526315,0.48895404955942906,1.5895717144012451,0,True
3zct__1__1.A__1.E,c33,experimental_native,0.9565217391304348,0.5532191959405807,0.9971267580986023,0,True
5zwk__1__1.C_1.D__1.Q_1.S_1.T,c141,experimental_native,0.8947368421052632,0.5767525525701719,1.2232495546340942,0,True
3zct__1__2.A__2.E,c33,experimental_native,1.0,0.5839079908441316,1.0124900341033936,0,True
3zx4__1__1.B__1.F_1.G_1.H,c2481,experimental_native,0.8823529411764706,0.43256097269289917,1.2565447092056274,0,True
3zx5__1__1.A__1.C_1.D_1.E,c2481,experimental_native,0.9375,0.5058777200097383,1.0912243127822876,1,True
3zcu__1__1.A__1.B,c33,experimental_native,0.9473684210526315,0.6537063042940889,0.8229129314422607,1,True
3zcu__1__2.A__2.B,c33,experimental_native,0.9473684210526315,0.6235961904287123,0.8657296895980835,1,True
3zcv__1__1.A__1.C_1.E,c33,experimental_native,0.95,0.5587282319418934,0.956337571144104,0,True
3zcv__1__2.A__2.C_2.E,c33,experimental_native,1.0,0.5659550339981289,0.9794082641601562,0,True
4zy3__1__1.A__1.D,c315,experimental_native,1.0,0.1340065264244432,2.3307743072509766,0,True
4zy3__2__1.B__1.F,c315,experimental_native,1.0,0.11971407008072288,2.714165449142456,0,True
1ddt__1__1.A_2.A__1.B,c1769,experimental_p2rank,0.8333333333333334,0.1013010108859694,13.410750389099121,1,True
1ddt__1__1.A_2.A__2.B,c1769,experimental_p2rank,0.8333333333333334,0.08722347038436185,13.38871955871582,1,True
1d09__1__1.A_2.A__1.E,c103,experimental_p2rank,0.8333333333333334,0.14421937851434027,12.82862663269043,1,True
1d09__1__1.C_2.C__2.G,c103,experimental_p2rank,0.8823529411764706,0.09505787561323012,12.962055206298828,1,True
1d09__1__1.C_3.C__1.G,c103,experimental_p2rank,1.0,0.20430286256917776,11.631013870239258,0,True
1d09__1__1.A_3.A__3.E,c103,experimental_p2rank,0.8888888888888888,0.17093621454244282,12.31364917755127,1,True
2ag6__2__2.A__2.B,c121,experimental_p2rank,0.9230769230769231,0.23276894323808625,3.595659017562866,1,True
2aix__1__2.A__2.B,c7,experimental_p2rank,0.8666666666666667,0.5142537123926081,1.4944566488265991,1,True
2ag6__1__1.A__1.B,c121,experimental_p2rank,0.9230769230769231,0.23154935929186943,3.302745819091797,1,True
2aix__1__1.A__1.B,c7,experimental_p2rank,0.8,0.4231634958600508,1.728279948234558,1,True
2ahv__1__1.D__1.H,c2034,experimental_p2rank,0.56,0.022807357379727142,6.998123645782471,0,True
2bdm__2__1.A_2.A__2.D,c11013,experimental_p2rank,1.0,0.04024383021768482,15.239760398864746,0,True
2c84__1__1.A__1.B,c1327,experimental_p2rank,0.0,,,0,False
2de3__1__1.A__1.D,c4237,experimental_p2rank,0.9411764705882353,0.5036015548406704,1.1702678203582764,1,True
2de3__2__1.B__1.G,c4237,experimental_p2rank,0.9411764705882353,0.44805179146429086,1.2355000972747803,1,True
2de4__1__1.A__1.D,c4237,experimental_p2rank,0.9411764705882353,0.3857117950007084,1.3868775367736816,1,True
2dcl__1__1.B_1.C__1.F,c4257,experimental_p2rank,0.9375,0.3900172042862384,1.997169017791748,1,True
2dcl__1__2.B_2.C__2.F,c4257,experimental_p2rank,0.9375,0.39318715804973337,1.9387052059173584,1,True
3b7d__1__1.A__1.I,c7,experimental_p2rank,0.9230769230769231,0.2372636196043109,2.867596387863159,1,True
3b7d__2__1.C__1.K,c7,experimental_p2rank,0.8461538461538461,0.21007464589988167,2.813244342803955,1,True
3b7d__1__1.B__1.J,c7,experimental_p2rank,0.8333333333333334,0.2925626484667425,2.075969934463501,1,True
3b7d__2__1.D__1.L,c7,experimental_p2rank,0.9166666666666666,0.18429741078108725,2.9314651489257812,1,True
3b7d__3__1.E__1.M,c7,experimental_p2rank,0.9230769230769231,0.24008908405414575,2.9024510383605957,1,True
3b7d__3__1.F__1.N,c7,experimental_p2rank,0.9166666666666666,0.1835347034707016,2.7475228309631348,1,True
3b7d__4__1.G__1.O,c7,experimental_p2rank,0.8333333333333334,0.21616459803730562,3.065645217895508,1,True
3b7d__4__1.H__1.P,c7,experimental_p2rank,0.9166666666666666,0.17514687707264912,2.967097282409668,1,True
3bki__1__1.A__1.E,c7,experimental_p2rank,0.9166666666666666,0.3896927194769765,1.6152570247650146,1,True
3bki__2__1.B__1.F,c7,experimental_p2rank,0.9166666666666666,0.3243415283478137,2.612356662750244,1,True
3bki__3__1.C__1.G,c7,experimental_p2rank,0.8333333333333334,0.3697300999754367,2.7995734214782715,1,True
3bki__4__1.D__1.H,c7,experimental_p2rank,0.75,0.417085825152736,2.630713701248169,1,True
3bda__1__1.A__1.D,c33,experimental_p2rank,0.8235294117647058,0.10248696588797035,10.848466873168945,0,True
3bd8__1__2.A__2.C,c33,experimental_p2rank,0.8333333333333334,0.08121011166553416,9.659219741821289,0,True
3bd7__1__1.A__1.D,c33,experimental_p2rank,0.8823529411764706,0.08417407643640913,9.103686332702637,0,True
3bd7__1__2.A__2.D,c33,experimental_p2rank,0.9411764705882353,0.11307577808892762,11.848217010498047,0,True
3bd8__1__1.A__1.C,c33,experimental_p2rank,0.8888888888888888,0.13205994077724112,10.885400772094727,1,True
3bz9__1__1.A__1.F,c1599,experimental_p2rank,1.0,0.06316753467605664,9.205322265625,0,True
3bz7__1__1.A__1.E,c1599,experimental_p2rank,1.0,0.07074800723946728,8.014016151428223,0,True
3bz9__2__2.A__2.F,c1599,experimental_p2rank,1.0,0.06257271068314829,9.205916404724121,0,True
3bz7__2__2.A__2.E,c1599,experimental_p2rank,1.0,0.06951367330866633,8.027871131896973,0,True
3ctl__1__1.B__1.I_1.J,c1173,experimental_p2rank,0.8571428571428571,0.676726708407638,0.791522204875946,1,True
3ctl__1__1.C__1.K_1.L,c1173,experimental_p2rank,0.8095238095238095,0.7641985985445473,0.8068954944610596,1,True
3ctl__1__1.A__1.G_1.H,c1173,experimental_p2rank,0.8636363636363636,0.6484087117840434,0.8403619527816772,1,True
3ctl__1__1.D__1.M_1.N,c1173,experimental_p2rank,0.7619047619047619,0.6888355074225305,0.8775127530097961,1,True
3ctl__1__1.F__1.Q_1.R,c1173,experimental_p2rank,0.8095238095238095,0.7269976646420957,0.7901840209960938,1,True
3ctl__1__1.E__1.O_1.P,c1173,experimental_p2rank,0.8571428571428571,0.746962409728252,0.7850738167762756,1,True
3a20__1__1.A_1.B__1.C,c1089,experimental_p2rank,0.8571428571428571,0.38848131398289704,7.01363468170166,0,True
3dnt__1__1.A__1.C_1.D_1.E,c2488,experimental_p2rank,0.92,0.61919174822823,0.9326830506324768,1,True
3a20__1__1.A_1.B__1.D,c1089,experimental_p2rank,0.6666666666666666,0.16292504822559017,8.668645858764648,1,True
3dnt__2__1.B__1.G_1.H_1.I,c2488,experimental_p2rank,0.92,0.6519680129313944,0.866874098777771,1,True
3d9s__1__1.A_1.B_1.C_1.D__1.E,c4511,experimental_p2rank,0.8571428571428571,0.009493476228474004,12.261007308959961,0,True
3b0y__1__1.A__1.B_1.D_1.E,c31,experimental_p2rank,0.8,0.08879641456417248,11.705413818359375,0,True
3apw__2__1.B__1.D,c3321,experimental_p2rank,1.0,0.29611929014923866,1.5554455518722534,1,True
3agy__1__1.B__1.E,c5190,experimental_p2rank,0.0,,,0,False
3apw__1__1.A__1.C,c3321,experimental_p2rank,0.9047619047619048,0.30507966024621547,1.3086235523223877,1,True
3amf__1__1.A_1.B__1.C,c1089,experimental_p2rank,0.7142857142857143,0.2454414130493869,7.838771343231201,1,True
3apv__2__1.B__1.E,c3321,experimental_p2rank,0.9444444444444444,0.1524553557034628,1.8069666624069214,1,True
3apv__1__1.A__1.C_1.D,c3321,experimental_p2rank,0.9473684210526315,0.19600846820584372,1.8547563552856445,1,True
3amf__1__1.A_1.B__1.E,c1089,experimental_p2rank,0.8571428571428571,0.36564055648179106,6.982807636260986,0,True
3awh__1__1.A_1.B__1.C,c1089,experimental_p2rank,0.7142857142857143,0.26986170712771745,7.692318916320801,1,True
3awh__1__1.A_1.B__1.E,c1089,experimental_p2rank,0.8571428571428571,0.32577160587508086,7.192163944244385,0,True
3axs__1__1.A__1.C,c1987,experimental_p2rank,0.7619047619047619,0.6480138648969385,1.0434361696243286,1,True
3agy__1__1.A__1.C,c3461,experimental_p2rank,0.0,,,0,False
3axs__1__2.A__2.C,c1987,experimental_p2rank,0.7619047619047619,0.6298932034530674,1.0936062335968018,1,True
3au2__1__1.A__1.B_1.F_1.G,c31,experimental_p2rank,0.8666666666666667,0.15014695770244174,10.73214054107666,0,True
4a6s__2__1.C__1.I_1.J,c225,experimental_p2rank,0.0,,,0,False
3b0x__1__1.A__1.D_1.E_1.I,c31,experimental_p2rank,0.8125,0.1862699570781351,11.089800834655762,0,True
4a6x__2__1.B__1.E_1.F,c124,experimental_p2rank,0.6428571428571429,0.5516777677170953,2.3663289546966553,1,True
4a8p__2__1.F__1.P,c103,experimental_p2rank,0.8333333333333334,0.2171073006917216,2.121736526489258,1,True
4a8h__2__1.B_3.B__3.I,c103,experimental_p2rank,0.8,0.050142867005605704,14.196296691894531,1,True
4a8h__2__1.B_2.B__1.I,c103,experimental_p2rank,0.85,0.04945695772329258,13.49075984954834,0,True
4a8h__1__1.A_2.A__2.C,c103,experimental_p2rank,0.9,0.057678619351100475,14.03130054473877,0,True
4a8p__1__1.A_1.B__1.G,c103,experimental_p2rank,0.9473684210526315,0.0755326029530561,12.80255126953125,1,True
4a8p__1__1.A_1.C__1.K,c103,experimental_p2rank,0.8947368421052632,0.062413116576165675,12.46558666229248,0,True
4a8p__1__1.B_1.C__1.I,c103,experimental_p2rank,1.0,0.05983091818874281,12.975025177001953,0,True
4a8p__2__1.D_1.E__1.O,c103,experimental_p2rank,0.0,,,0,False
4a8h__1__1.A_3.A__1.C,c103,experimental_p2rank,0.9,0.06132457078563882,13.437063217163086,0,True
4dve__1__1.A__1.D,c2689,experimental_p2rank,0.9375,0.3869081929982158,1.6972095966339111,1,True
4al9__2__1.F__1.I_1.X_1.Y,c225,experimental_p2rank,0.0,,,0,False
4al9__2__1.H__1.CA_1.J,c225,experimental_p2rank,0.0,,,0,False
4am8__1__1.A__1.H_1.I,c103,experimental_p2rank,1.0,0.1698398892160258,3.037297248840332,1,True
4am8__1__1.B__1.M_1.N,c103,experimental_p2rank,0.8947368421052632,0.1591095711803801,3.2806599140167236,1,True
4am8__1__1.C__1.Q_1.R,c103,experimental_p2rank,0.95,0.17335980821579056,2.9630110263824463,1,True
4am8__2__1.E__1.X_1.Y,c103,experimental_p2rank,1.0,0.19311432423231487,2.5804660320281982,1,True
4am8__2__1.D__1.T_1.U,c103,experimental_p2rank,1.0,0.16797443299466128,3.2344799041748047,1,True
4am8__2__1.F__1.AA_1.BA_1.V,c103,experimental_p2rank,1.0,0.15027758980047978,3.1927428245544434,1,True
4b11__2__1.B__1.J,c118,experimental_p2rank,0.8947368421052632,0.1392489958530131,5.835986137390137,1,True
4b14__2__1.B__1.J,c118,experimental_p2rank,0.9545454545454546,0.17124359198774297,5.873354911804199,1,True
4b14__3__1.C__1.P,c118,experimental_p2rank,0.8636363636363636,0.14542039008832106,5.51710319519043,1,True
4b14__1__1.A__1.E,c118,experimental_p2rank,0.8181818181818182,0.12140870475948175,6.180790424346924,1,True
4b11__3__1.C__1.O,c118,experimental_p2rank,0.85,0.08226475392418536,5.63067102432251,1,True
4cae__3__1.C__1.R,c118,experimental_p2rank,0.9130434782608695,0.18509960696197197,4.770118236541748,1,True
4cae__1__1.A__1.G,c118,experimental_p2rank,0.8695652173913043,0.20353776411791843,5.307758808135986,1,True
4ctn__1__1.A__1.C_1.D,c33,experimental_p2rank,1.0,0.21140654436782258,6.618781566619873,1,True
4ctm__1__2.A__2.B,c33,experimental_p2rank,0.8,0.04933386454767216,10.101531982421875,0,True
4d6p__1__1.A__1.C_1.E,c124,experimental_p2rank,0.7142857142857143,0.47349235564030284,2.0665769577026367,1,True
5aju__1__1.A_2.A__1.B,c2020,experimental_p2rank,0.9333333333333333,0.14763973468244396,7.905776023864746,0,True
4cto__1__1.A__1.B,c33,experimental_p2rank,0.9090909090909091,0.22263162145906557,10.05247974395752,1,True
4ctn__1__2.A__2.C_2.D,c33,experimental_p2rank,0.9166666666666666,0.12082992292844556,10.517997741699219,0,True
5aju__1__1.A_2.A__2.B,c2020,experimental_p2rank,0.9333333333333333,0.14332463228782322,7.947616100311279,1,True
4cto__1__2.A__2.B,c33,experimental_p2rank,0.8636363636363636,0.12030010680687811,10.523815155029297,1,True
4d6p__2__1.B__1.G_1.H,c124,experimental_p2rank,0.6,0.475554199840191,2.4758267402648926,1,True
4ctm__1__1.A__1.B,c33,experimental_p2rank,0.8666666666666667,0.07594548625417458,12.069208145141602,0,True
5ajp__1__1.A_1.B__1.C_1.E,c186,experimental_p2rank,1.0,0.37596283261344926,8.496869087219238,0,True
5bnr__1__1.A__1.B,c161,experimental_p2rank,1.0,0.29894060598816685,3.096792697906494,1,True
5bqs__1__1.A_1.B__1.F,c161,experimental_p2rank,0.9,0.21976812353795994,14.454620361328125,0,True
5cbs__1__1.A__1.E_1.H,c7,experimental_p2rank,0.875,0.4490025958542846,1.930768370628357,1,True
5cbs__1__1.C__1.V,c7,experimental_p2rank,0.9333333333333333,0.7477664047115704,0.9855153560638428,1,True
5bxv__1__1.A__1.E,c326,experimental_p2rank,1.0,0.7216837573762223,1.8097141981124878,1,True
5c79__1__1.A__1.C,c6049,experimental_p2rank,0.0,,,0,False
5cbs__2__1.B__1.M_1.P,c7,experimental_p2rank,0.875,0.4586094492094698,1.7652143239974976,1,True
5bxv__2__1.C__1.F,c326,experimental_p2rank,1.0,0.6708854408295557,1.7038780450820923,1,True
5c79__2__1.B__1.E,c6049,experimental_p2rank,0.0,,,0,False
5a6z__1__1.A_1.B__1.E_1.I_1.J,c266,experimental_p2rank,0.0,,,0,False
5ciy__1__1.A__1.D,c272,experimental_p2rank,0.9090909090909091,0.6539079091770602,3.0373051166534424,1,True
5a6z__1__1.A_1.B__1.F_1.L_1.M,c266,experimental_p2rank,0.0,,,0,False
5d21__1__1.D__1.K_1.L,c225,experimental_p2rank,0.0,,,0,False
5d21__1__1.B__1.G_1.H,c225,experimental_p2rank,0.0,,,0,False
5d21__1__1.A__1.E_1.F,c225,experimental_p2rank,0.0,,,0,False
5d21__1__1.C__1.I_1.J,c225,experimental_p2rank,0.0,,,0,False
5b2e__1__1.B_1.C__1.K_1.L_1.M,c1299,experimental_p2rank,0.7777777777777778,0.06074986989328859,12.060796737670898,0,True
5b2e__1__1.A_1.B__1.H_1.I_1.J,c1299,experimental_p2rank,0.6842105263157895,0.055865291185633124,12.179032325744629,0,True
5b2e__1__1.A_1.C__1.D_1.E_1.G,c1299,experimental_p2rank,0.7777777777777778,0.049202497046560045,12.491900444030762,0,True
6bem__1__1.D__1.F_1.I_1.M,c31,experimental_p2rank,1.0,0.3928361172824507,1.627625823020935,1,True
6bel__1__1.D__1.F_1.G_1.K,c31,experimental_p2rank,0.8666666666666667,0.2560656814639941,2.4621260166168213,1,True
6btf__1__1.A__1.G_1.H_1.I,c31,experimental_p2rank,0.8,0.3316949083903632,1.8057243824005127,1,True
6bt4__1__1.A__1.B,c1881,experimental_p2rank,0.9166666666666666,0.3109615692561372,2.484790563583374,1,True
6cwh__4__1.D__1.H,c1881,experimental_p2rank,0.0,,,0,False
6cwi__1__1.A__1.C_1.E,c1881,experimental_p2rank,0.0,,,0,False
6ctu__1__1.D__1.H_1.I_1.K,c31,experimental_p2rank,0.8666666666666667,0.22113199315913623,2.4854068756103516,1,True
6ctv__1__1.D__1.F_1.G_1.K,c31,experimental_p2rank,0.9333333333333333,0.31405387044084654,1.9928823709487915,1,True
6cwi__2__1.B__1.F_1.G,c1881,experimental_p2rank,0.0,,,0,False
6cu9__1__1.A__1.E_1.F_1.I,c31,experimental_p2rank,0.8125,0.2850721728579466,2.3135223388671875,1,True
6cr4__1__1.D__1.E_1.F_1.I,c31,experimental_p2rank,0.75,0.30754027032522374,2.2604105472564697,1,True
6cwf__1__1.A__1.C,c1881,experimental_p2rank,0.0,,,0,False
6cwh__1__1.A__1.E,c1881,experimental_p2rank,0.0,,,0,False
6cwf__2__1.B__1.D,c1881,experimental_p2rank,0.0,,,0,False
6cua__1__1.A__1.E_1.F_1.I,c31,experimental_p2rank,0.7142857142857143,0.3091039770679307,1.907178521156311,1,True
6ctn__1__1.D__1.G_1.H_1.I,c31,experimental_p2rank,0.9333333333333333,0.23199483331508625,2.3605239391326904,1,True
6cwh__2__1.B__1.F,c1881,experimental_p2rank,0.0,,,0,False
6cwh__3__1.C__1.G,c1881,experimental_p2rank,0.0,,,0,False
6cwr__1__1.A__1.B,c1881,experimental_p2rank,0.0,,,0,False
6ctw__1__1.D__1.H_1.I_1.J,c31,experimental_p2rank,1.0,0.32995563322597116,1.9199169874191284,1,True
6ai9__1__1.B__1.D,c2032,experimental_p2rank,1.0,0.23128046759049548,6.0934319496154785,1,True
6cwl__1__1.A__1.C,c1881,experimental_p2rank,0.0,,,0,False
6cwl__2__1.B__1.D,c1881,experimental_p2rank,0.0,,,0,False
6dia__1__1.A__1.E_1.G_1.J,c31,experimental_p2rank,0.0,,,0,False
6ai9__1__1.A_1.B__1.C,c2032,experimental_p2rank,1.0,0.060911690029696874,11.27291488647461,0,True
6aik__1__1.A_1.B__1.C,c2032,experimental_p2rank,1.0,0.07462102606941631,11.747357368469238,0,True
6aip__1__1.A_1.B__1.D,c2032,experimental_p2rank,1.0,0.05556213933881012,11.871620178222656,0,True
6aik__1__1.A_1.B__1.D,c2032,experimental_p2rank,1.0,0.021337861327109596,12.542950630187988,1,True
6aim__1__1.A_1.B__1.D,c2032,experimental_p2rank,1.0,0.055020142387301005,11.832469940185547,1,True
6aim__1__1.A_1.B__1.C,c2032,experimental_p2rank,1.0,0.08367487115150049,11.414778709411621,0,True
6aip__1__1.A_1.B__1.C,c2032,experimental_p2rank,1.0,0.033659637072384396,11.772738456726074,0,True
7cms__1__1.A__1.C,c121,experimental_p2rank,1.0,0.25524691883402845,3.7618014812469482,1,True
7cns__1__1.A_1.B__1.C_1.D,c3553,experimental_p2rank,0.75,0.10097303491482454,7.756049633026123,0,True
7cms__1__1.B__1.E,c121,experimental_p2rank,0.9285714285714286,0.2317259191522483,2.9321482181549072,1,True
7cns__1__2.A_2.B__2.C_2.D,c3553,experimental_p2rank,0.75,0.09980049913280255,7.755857467651367,0,True
7a5y__1__1.B__1.S_1.T_1.U_1.V,c159,experimental_p2rank,1.0,0.36399139123377006,1.4825096130371094,1,True
7a5y__1__1.A__1.I_1.J_1.K_1.L,c159,experimental_p2rank,1.0,0.4624399198235622,1.4471937417984009,1,True
7a5y__1__1.C__1.AA_1.BA_1.CA_1.Z,c159,experimental_p2rank,0.8947368421052632,0.43612296777981496,1.2768497467041016,1,True
7ag4__1__2.B__2.H,c1379,experimental_p2rank,0.8666666666666667,0.27220956973231447,4.6960930824279785,1,True
7a5y__1__1.D__1.GA_1.HA_1.IA_1.JA,c159,experimental_p2rank,1.0,0.4800099822520758,1.3125925064086914,1,True
7ag4__1__1.C__1.I,c1379,experimental_p2rank,0.4,0.16010599648628565,6.398550033569336,1,True
7a5y__2__1.E__1.KA_1.LA_1.MA_1.OA,c159,experimental_p2rank,0.9473684210526315,0.4556278026678625,1.5008409023284912,1,True
7a5y__2__1.H__1.IB_1.JB_1.KB_1.LB,c159,experimental_p2rank,0.9473684210526315,0.4268858234136791,1.4141639471054077,1,True
7a5y__2__1.F__1.UA_1.VA_1.WA_1.YA,c159,experimental_p2rank,1.0,0.38772921107173053,1.5327603816986084,1,True
7a5y__2__1.G__1.BB_1.CB_1.DB_1.EB,c159,experimental_p2rank,1.0,0.4357200180240707,1.331209421157837,1,True
7ag4__1__1.A__1.G,c1379,experimental_p2rank,0.8666666666666667,0.2323984077623989,5.8097243309021,0,True
7ag4__1__2.E__2.K,c1379,experimental_p2rank,0.3333333333333333,0.15169208038866322,7.92258358001709,0,True
7ap3__1__1.B__1.E_1.F,c121,experimental_p2rank,0.8571428571428571,0.18570012044963816,5.218878269195557,0,True
7b12__1__1.M_1.N__1.HA,c20,experimental_p2rank,1.0,0.2174009636192071,2.799144983291626,1,True
2de4__2__1.B__1.F,c4237,experimental_p2rank,0.9411764705882353,0.3721701280383186,1.2092312574386597,1,True
7b12__1__1.J_1.Y__1.FA,c20,experimental_p2rank,0.0,,,0,False
1duv__1__1.A_1.B__1.F,c103,experimental_p2rank,0.8636363636363636,0.16290085444847047,11.751110076904297,0,True
7b12__1__1.BA_1.N_1.V__1.RA,c20,experimental_p2rank,1.0,0.2877014247425237,2.2575628757476807,1,True
3c34__1__1.A__1.I_1.J,c7,experimental_p2rank,0.8461538461538461,0.35913172728349846,1.8570740222930908,1,True
2e83__1__1.A_1.B__1.C,c1089,experimental_p2rank,0.8571428571428571,0.45734563205851697,6.645683765411377,0,True
2e83__1__1.A_1.B__1.D,c1089,experimental_p2rank,0.7142857142857143,0.18458149286244918,8.464278221130371,1,True
4dve__3__1.C__1.K,c2689,experimental_p2rank,0.875,0.3802423411068953,1.5732859373092651,1,True
4dve__2__1.B__1.H,c2689,experimental_p2rank,0.875,0.2909350602326502,5.1091389656066895,1,True
3bda__1__2.A__2.D,c33,experimental_p2rank,0.8235294117647058,0.08198124324408124,12.38718032836914,0,True
6cr9__1__1.D__1.E_1.F_1.I,c31,experimental_p2rank,0.8125,0.21233562468124023,2.480541944503784,1,True
4d0t__2__1.E__1.Y_1.Z,c186,experimental_p2rank,0.8846153846153846,0.2841699064550303,7.482575416564941,0,True
4d0t__1__1.F__1.CA_1.DA,c186,experimental_p2rank,0.9230769230769231,0.35407537467117284,4.252677917480469,1,True
6crh__1__1.A__1.E_1.F_1.I,c31,experimental_p2rank,0.8571428571428571,0.2394198500522337,1.9109119176864624,1,True
3c35__1__1.B__1.T_1.U,c7,experimental_p2rank,0.8461538461538461,0.17551468419393756,2.9507551193237305,1,True
6dio__2__1.C_2.C__2.HA_2.IA,c248,experimental_p2rank,0.8928571428571429,0.05582031017637126,13.609681129455566,0,True
3c35__1__1.A__1.J_1.K,c7,experimental_p2rank,0.8461538461538461,0.4128948459900646,1.9745380878448486,1,True
6dio__1__1.A_1.B__1.E_1.I_1.O,c248,experimental_p2rank,0.64,0.04290445820419767,15.82415771484375,1,True
6dio__2__1.C_2.C__1.HA_1.IA,c248,experimental_p2rank,0.8571428571428571,0.0682749191743515,14.399209976196289,0,True
6dio__3__2.A_2.B__2.E_2.I_2.O,c248,experimental_p2rank,0.72,0.03866624521590045,16.108795166015625,0,True
6dio__3__1.A_1.B__1.E_1.I_1.O,c248,experimental_p2rank,0.64,0.041754315133833625,15.829545974731445,1,True
6dio__3__2.C_3.C__2.HA_2.IA,c248,experimental_p2rank,0.8928571428571429,0.055961102756776626,13.583555221557617,0,True
1duv__1__1.A_1.C__1.D,c103,experimental_p2rank,0.9,0.14711910820645885,12.141191482543945,1,True
4bdr__1__1.A__1.C,c7,experimental_p2rank,0.7857142857142857,0.2656807055043154,1.8911799192428589,1,True
4e91__1__1.A__1.C,c1996,experimental_p2rank,0.0,,20.105009078979492,0,True
6dio__3__2.C_3.C__3.HA_3.IA,c248,experimental_p2rank,0.8571428571428571,0.06124595091761936,14.419288635253906,0,True
1ejh__2__1.B__1.J,c326,experimental_p2rank,1.0,0.6957693109929646,1.7158126831054688,1,True
1ejh__3__1.C__1.K,c326,experimental_p2rank,1.0,0.7909930770227546,1.5829715728759766,1,True
1duv__1__1.B_1.C__1.G,c103,experimental_p2rank,0.7619047619047619,0.11317265887201775,12.506754875183105,0,True
4e0x__1__2.B__2.H,c7,experimental_p2rank,0.7692307692307693,0.35631139353002117,1.759968876838684,1,True
4e0x__1__1.B__1.H,c7,experimental_p2rank,0.8461538461538461,0.35989125864758376,2.276495933532715,1,True
4bdr__1__1.B__1.F,c7,experimental_p2rank,0.8571428571428571,0.35692615085679247,1.4775514602661133,1,True
4e91__2__1.B__1.I,c1996,experimental_p2rank,0.0,,20.30974769592285,0,True
4d0t__3__1.A__1.I_1.L,c186,experimental_p2rank,0.88,0.3458580116487801,7.4363484382629395,0,True
3dds__1__1.B__1.I,c33,experimental_p2rank,0.9333333333333333,0.06612148741378679,8.554383277893066,0,True
7dia__1__1.A__1.D_1.E_1.G,c10526,experimental_p2rank,0.25,0.0018663944162807193,14.931018829345703,0,True
4c9g__1__1.A__1.B,c2097,experimental_p2rank,0.75,0.0599733377682662,3.496025562286377,1,True
4d0t__3__1.D__1.U_1.V,c186,experimental_p2rank,0.9230769230769231,0.3176734892258418,6.651235103607178,0,True
4e92__1__1.A__1.C,c1996,experimental_p2rank,0.0,,20.3286190032959,0,True
4e92__3__1.A_1.B__1.C,c1996,experimental_p2rank,0.8333333333333334,0.020784512825743,10.938335418701172,0,True
4d0z__2__1.A__1.I_1.M_1.U,c186,experimental_p2rank,0.8888888888888888,0.3934023393144248,6.742877006530762,0,True
5ean__1__1.A__1.E,c602,experimental_p2rank,0.6,0.0388677251772641,17.1979923248291,0,True
3eb3__1__1.A_3.A__1.C,c4653,experimental_p2rank,0.0,,18.701526641845703,0,True
3ddw__1__1.B__1.H,c33,experimental_p2rank,0.9333333333333333,0.0843085337334117,8.973005294799805,1,True
5dnl__1__1.A_1.B_1.C__1.G_1.H_1.I,c89,experimental_p2rank,0.9411764705882353,0.1984083992567024,7.566226482391357,1,True
5ei3__1__1.A__1.C_1.D,c326,experimental_p2rank,0.8888888888888888,0.2672819875204388,2.3184752464294434,1,True
4d0z__4__1.D__1.IA_1.JA,c186,experimental_p2rank,0.96,0.3402270364110036,6.515947341918945,0,True
4d0z__5__1.F__1.HB_1.IB,c186,experimental_p2rank,0.9230769230769231,0.35720464662435647,7.379496097564697,1,True
3er9__1__1.B__1.C,c3509,experimental_p2rank,0.0,,21.126745223999023,0,True
5djg__1__1.A__1.B_1.C_1.D,c414,experimental_p2rank,0.9047619047619048,0.5592799128301972,1.4996212720870972,1,True
4e1b__1__1.A__1.B_1.C,c1652,experimental_p2rank,0.8846153846153846,0.28651129339256026,2.0496199131011963,1,True
1frp__1__2.A_2.B__2.C_2.D,c141,experimental_p2rank,0.9444444444444444,0.12043749585543939,14.434165000915527,1,True
1frp__1__2.A_2.B__2.F_2.G,c141,experimental_p2rank,0.9473684210526315,0.07636059422175823,14.315521240234375,0,True
5dnl__1__1.A_1.B_4.A__1.D_1.E_1.F,c89,experimental_p2rank,0.7647058823529411,0.14877896913577404,5.363849639892578,1,True
5dnl__1__1.A_3.A_3.B__3.D_3.E_3.F,c89,experimental_p2rank,0.7058823529411765,0.1076122830831189,8.250760078430176,1,True
3e7j__1__1.A__1.C_1.I,c3318,experimental_p2rank,0.85,0.03852846062037407,6.573939323425293,0,True
5ean__1__2.A__2.E,c602,experimental_p2rank,0.6,0.039572628898324656,17.20583152770996,0,True
4doc__1__1.A__1.E_1.F_1.N,c31,experimental_p2rank,0.8125,0.24596524934895866,2.453679323196411,1,True
2far__2__1.B__1.H_1.I_1.K,c2457,experimental_p2rank,0.9166666666666666,0.26997800811545775,2.2501273155212402,1,True
5dji__1__1.A__1.B_1.C_1.D_1.E,c414,experimental_p2rank,0.8823529411764706,0.5470584955206041,1.3924568891525269,1,True
5a1l__2__1.B__1.O_1.P,c1133,experimental_p2rank,0.8333333333333334,0.18130318157891284,7.589381694793701,1,True
5dnl__1__1.B_4.C_8.C__4.J_4.K_4.L,c89,experimental_p2rank,0.8823529411764706,0.1559421344159802,6.004228591918945,1,True
5dnl__1__1.C_3.B_6.C__1.J_1.K_1.L,c89,experimental_p2rank,0.9411764705882353,0.1758706310830909,5.301429271697998,1,True
2faq__2__1.B__1.H_1.I_1.K,c2457,experimental_p2rank,0.7333333333333333,0.481651355106309,1.7358131408691406,1,True
2far__1__1.A__1.C_1.D_1.G,c2457,experimental_p2rank,0.9230769230769231,0.21542178562087225,3.4328548908233643,0,True
2f3b__1__1.A_2.A__1.B_1.D_1.E_1.F_1.G,c141,experimental_p2rank,0.9411764705882353,0.13897586025148428,14.294840812683105,0,True
1f1b__1__1.A_2.A__1.E,c103,experimental_p2rank,0.8235294117647058,0.14992184143089007,13.607145309448242,1,True
5dnl__1__2.A_2.B_2.C__2.G_2.H_2.I,c89,experimental_p2rank,0.9411764705882353,0.1786479692748384,7.570939064025879,1,True
5dnl__1__2.A_2.B_3.A__2.D_2.E_2.F,c89,experimental_p2rank,0.7647058823529411,0.15172077355173846,5.347790241241455,1,True
5dnl__1__1.C_6.C_8.B__6.J_6.K_6.L,c89,experimental_p2rank,0.9411764705882353,0.17903886386026863,5.280772686004639,1,True
7a1j__1__1.A__1.B_1.H,c201,experimental_p2rank,1.0,0.21609380803473766,2.394300937652588,1,True
5eo2__2__1.B_1.C__1.H,c5274,experimental_p2rank,0.5,0.03180591107626676,11.893353462219238,1,True
2f3b__1__1.A_2.A__2.B_2.D_2.E_2.F_2.G,c141,experimental_p2rank,0.9411764705882353,0.12743937295037688,14.344926834106445,0,True
2faq__1__1.A__1.C_1.D_1.G,c2457,experimental_p2rank,0.8,0.29452853583987604,2.6508517265319824,0,True
2f3b__1__3.A_4.A__3.B_3.D_3.E_3.F_3.G,c141,experimental_p2rank,0.9411764705882353,0.12931590877996874,14.309444427490234,0,True
3f64__1__1.A__1.B,c1940,experimental_p2rank,0.0,,,0,False
5dnl__1__2.A_4.A_4.B__4.D_4.E_4.F,c89,experimental_p2rank,0.7058823529411765,0.1090730097834001,8.227643966674805,1,True
5el9__1__1.A_11.A_13.A__1.B_1.C_1.D,c89,experimental_p2rank,0.8235294117647058,0.4141878813677712,5.487543106079102,1,True
7a1j__1__2.A__2.B_2.H,c201,experimental_p2rank,0.8823529411764706,0.30470885646431795,1.932017207145691,1,True
5el9__1__1.A_13.A_23.A__13.B_13.C_13.D,c89,experimental_p2rank,0.8235294117647058,0.18908566370999713,5.605023384094238,1,True
1f1b__1__1.A_3.A__3.E,c103,experimental_p2rank,0.8235294117647058,0.15309252884677946,12.562716484069824,1,True
2ex1__1__1.A__1.B,c1327,experimental_p2rank,0.875,0.19098058810527713,7.127425670623779,1,True
2f3b__1__3.A_4.A__4.B_4.D_4.E_4.F_4.G,c141,experimental_p2rank,0.9411764705882353,0.12632751980406864,14.331945419311523,0,True
4ehy__1__1.A__1.B_1.D,c5397,experimental_p2rank,0.9565217391304348,0.2996967229811157,1.8746246099472046,1,True
1fc0__1__1.A__1.C,c33,experimental_p2rank,0.9375,0.09514840115478192,9.286413192749023,0,True
5dnl__1__2.B_3.C_7.C__3.J_3.K_3.L,c89,experimental_p2rank,0.8823529411764706,0.16796650713883635,5.998607158660889,1,True
5dnl__1__2.C_4.B_5.C__2.J_2.K_2.L,c89,experimental_p2rank,0.9411764705882353,0.1755222022996521,5.30516242980957,1,True
5dnl__1__2.C_5.C_7.B__5.J_5.K_5.L,c89,experimental_p2rank,0.9411764705882353,0.17687800388186914,5.301768779754639,1,True
5el9__1__1.A_21.A_8.A__8.B_8.C_8.D,c89,experimental_p2rank,0.8235294117647058,0.43297395549445933,5.4727349281311035,1,True
5el9__1__12.A_18.A_5.A__12.B_12.C_12.D,c89,experimental_p2rank,0.8235294117647058,0.4245592414548581,5.4905195236206055,1,True
5el9__1__10.A_14.A_2.A__2.B_2.C_2.D,c89,experimental_p2rank,0.8235294117647058,0.4268702782752263,5.477258205413818,1,True
4fgz__1__1.A__1.C,c5754,experimental_p2rank,0.07692307692307693,0.004363563248989155,11.184358596801758,1,True
4f5n__1__1.A__1.H,c31,experimental_p2rank,0.0,,,0,False
1flm__1__1.A_1.B__1.C,c1089,experimental_p2rank,0.8571428571428571,0.3168869526085684,6.941895484924316,1,True
1flm__1__1.A_1.B__1.D,c1089,experimental_p2rank,0.8571428571428571,0.30577257763859944,7.838680267333984,1,True
5el9__1__10.A_16.A_19.A__19.B_19.C_19.D,c89,experimental_p2rank,0.8235294117647058,0.18893822092103835,5.651041507720947,1,True
5dnl__1__3.C_6.B_7.C__7.J_7.K_7.L,c89,experimental_p2rank,0.8823529411764706,0.14646470150180232,6.029418468475342,1,True
5dnl__1__3.A_3.B_3.C__3.G_3.H_3.I,c89,experimental_p2rank,0.8823529411764706,0.169492454867695,8.379753112792969,1,True
5el9__1__10.A_19.A_6.A__10.B_10.C_10.D,c89,experimental_p2rank,0.8235294117647058,0.4273352327620673,5.491897106170654,1,True
5el9__1__11.A_15.A_17.A__17.B_17.C_17.D,c89,experimental_p2rank,0.8235294117647058,0.19161931131259702,5.583662509918213,1,True
6e3v__1__1.A__1.E_1.F_1.I,c31,experimental_p2rank,0.8,0.3971399736684295,1.793745517730713,1,True
2fbw__2__1.F_1.G_1.H__1.JJ,c270,experimental_p2rank,1.0,0.14544130237317524,9.37463092803955,1,True
5eo2__3__1.E_1.F__1.L,c5274,experimental_p2rank,0.5,0.037936396765982185,12.337096214294434,1,True
2f3d__1__1.A_2.A__1.B_1.C_1.D_1.E_1.F,c141,experimental_p2rank,0.9411764705882353,0.1255423038071526,14.651724815368652,0,True
1f1b__1__1.C_2.C__2.G,c103,experimental_p2rank,0.9411764705882353,0.17657252119457065,13.819939613342285,0,True
3f28__1__1.A__1.F_1.G,c218,experimental_p2rank,1.0,0.3305148368546823,2.3145592212677,1,True
1fc0__1__1.B__1.E,c33,experimental_p2rank,0.7333333333333333,0.11857703113488013,8.462000846862793,1,True
5dnl__1__4.A_4.B_4.C__4.G_4.H_4.I,c89,experimental_p2rank,0.8823529411764706,0.1716818458863116,8.38082218170166,1,True
3fpe__1__1.A__1.C,c2604,experimental_p2rank,0.9090909090909091,0.1338621799115536,3.569424629211426,1,True
5dnl__1__4.C_5.B_8.C__8.J_8.K_8.L,c89,experimental_p2rank,0.8823529411764706,0.14621560568831113,6.026151657104492,1,True
4dyn__2__1.B__1.D,c822,experimental_p2rank,0.0,,15.17724609375,0,True
5el9__1__11.A_17.A_8.A__11.B_11.C_11.D,c89,experimental_p2rank,0.8235294117647058,0.4263361879684149,5.471635341644287,1,True
6cpq__1__1.A__1.E_1.F_1.I,c31,experimental_p2rank,0.9333333333333333,0.37621332992210194,1.8562123775482178,1,True
5el9__1__12.A_14.A_18.A__18.B_18.C_18.D,c89,experimental_p2rank,0.8235294117647058,0.18516959973279176,5.604762554168701,1,True
1f1b__1__1.C_3.C__1.G,c103,experimental_p2rank,0.8823529411764706,0.09902954187876283,14.117253303527832,1,True
2f3d__1__1.A_2.A__2.B_2.C_2.D_2.E_2.F,c141,experimental_p2rank,0.9411764705882353,0.11530065511279303,14.686630249023438,0,True
4fgz__2__1.B__1.G,c5754,experimental_p2rank,0.07692307692307693,0.006293731011962124,10.720471382141113,1,True
2foo__1__1.A__1.B,c2776,experimental_p2rank,0.0,,,0,False
4f5p__1__1.A__1.E_1.H,c31,experimental_p2rank,0.8,0.2468867566733165,1.9044110774993896,1,True
5el9__1__12.A_16.A_3.A__3.B_3.C_3.D,c89,experimental_p2rank,0.8235294117647058,0.42224910864653775,5.480654239654541,1,True
5dnl__1__5.A_5.B_5.C__5.G_5.H_5.I,c89,experimental_p2rank,0.9411764705882353,0.19665414389069508,7.564496994018555,1,True
5el9__1__14.A_2.A_22.A__14.B_14.C_14.D,c89,experimental_p2rank,0.8235294117647058,0.18666431944645673,5.6021623611450195,1,True
5el9__1__15.A_24.A_4.A__15.B_15.C_15.D,c89,experimental_p2rank,0.8235294117647058,0.18164874851053808,5.572488307952881,1,True
5el9__1__13.A_20.A_9.A__20.B_20.C_20.D,c89,experimental_p2rank,0.8235294117647058,0.17405688104441713,5.583667755126953,1,True
3f2c__1__1.A__1.D_1.I,c3785,experimental_p2rank,0.9411764705882353,0.063814816831261,13.084017753601074,0,True
1frp__1__1.A_1.B__1.C_1.D,c141,experimental_p2rank,0.9444444444444444,0.11498517709562124,14.432862281799316,1,True
2f3d__1__3.A_4.A__3.B_3.C_3.D_3.E_3.F,c141,experimental_p2rank,0.9411764705882353,0.1130957481942721,14.664972305297852,0,True
5dnl__1__6.A_6.B_7.A__6.D_6.E_6.F,c89,experimental_p2rank,0.7647058823529411,0.1478538446701169,5.332464694976807,1,True
2f3d__1__3.A_4.A__4.B_4.C_4.D_4.E_4.F,c141,experimental_p2rank,0.9411764705882353,0.13097287816869285,14.671669006347656,0,True
5dnl__1__6.A_6.B_6.C__6.G_6.H_6.I,c89,experimental_p2rank,0.9411764705882353,0.1822746784582257,7.540297985076904,1,True
5dnl__1__5.A_5.B_8.A__5.D_5.E_5.F,c89,experimental_p2rank,0.7647058823529411,0.14788353748820315,5.348615646362305,1,True
5dnl__1__5.A_7.A_7.B__7.D_7.E_7.F,c89,experimental_p2rank,0.7058823529411765,0.11261497456285297,8.225301742553711,1,True
5el9__1__16.A_21.A_3.A__16.B_16.C_16.D,c89,experimental_p2rank,0.8235294117647058,0.19118092138399828,5.620525360107422,1,True
1frp__1__1.A_1.B__1.F_1.G,c141,experimental_p2rank,0.9473684210526315,0.07441047281510488,14.293298721313477,0,True
5el9__1__15.A_4.A_9.A__4.B_4.C_4.D,c89,experimental_p2rank,0.8235294117647058,0.41000265749569564,5.486619472503662,1,True
3fpe__1__1.B__1.D,c2604,experimental_p2rank,0.8636363636363636,0.11617074134454815,3.681164026260376,1,True
2fop__1__1.A__1.B,c2776,experimental_p2rank,0.0,,,0,False
5el9__1__17.A_24.A_6.A__24.B_24.C_24.D,c89,experimental_p2rank,0.8235294117647058,0.18063982416915758,5.575045585632324,1,True
5el9__1__18.A_22.A_7.A__22.B_22.C_22.D,c89,experimental_p2rank,0.8235294117647058,0.1886991994315186,5.5857038497924805,1,True
5el9__1__19.A_21.A_8.A__21.B_21.C_21.D,c89,experimental_p2rank,0.8235294117647058,0.17743469667994763,5.593811511993408,1,True
3fma__2__1.B__1.G,c2953,experimental_p2rank,0.0,,,0,False
2eqa__1__1.A__1.B_1.C,c1652,experimental_p2rank,0.9333333333333333,0.2718006044251833,2.4020183086395264,1,True
5dnx__1__1.A_1.B_1.C__1.G_1.H_1.I,c89,experimental_p2rank,0.8823529411764706,0.17877436708524785,8.249787330627441,1,True
5dnl__1__6.A_8.A_8.B__8.D_8.E_8.F,c89,experimental_p2rank,0.7058823529411765,0.10700086298349629,8.247967720031738,1,True
4f39__1__2.A__2.B,c7,experimental_p2rank,0.875,0.24065326219120775,2.022350311279297,1,True
5el9__1__2.A_24.A_6.A__6.B_6.C_6.D,c89,experimental_p2rank,0.8235294117647058,0.42087216455054915,5.494906425476074,1,True
5el9__1__20.A_23.A_5.A__23.B_23.C_23.D,c89,experimental_p2rank,0.8235294117647058,0.19147282442067742,5.5854716300964355,1,True
3fma__4__1.D__1.I,c2953,experimental_p2rank,0.0,,,0,False
6fc1__1__1.A__1.E,c326,experimental_p2rank,1.0,0.5840350569205007,2.2754085063934326,1,True
5dnl__1__7.A_7.B_7.C__7.G_7.H_7.I,c89,experimental_p2rank,0.8823529411764706,0.17142393061585376,8.375255584716797,1,True
5dnl__1__8.A_8.B_8.C__8.G_8.H_8.I,c89,experimental_p2rank,0.8823529411764706,0.17040625887808977,8.371235847473145,1,True
5el9__1__20.A_7.A_9.A__9.B_9.C_9.D,c89,experimental_p2rank,0.8235294117647058,0.4202829243310222,5.483467102050781,1,True
5el9__1__23.A_3.A_5.A__5.B_5.C_5.D,c89,experimental_p2rank,0.8235294117647058,0.4205588393504118,5.463837623596191,1,True
5el9__1__22.A_4.A_7.A__7.B_7.C_7.D,c89,experimental_p2rank,0.8235294117647058,0.434587130784229,5.463977813720703,1,True
5equ__2__1.B__1.J,c224,experimental_p2rank,0.9375,0.19374255195144663,3.5218000411987305,1,True
4f39__1__1.A__1.B,c7,experimental_p2rank,0.875,0.2434416496507136,1.999922513961792,1,True
3gb4__1__1.A__1.F,c164,experimental_p2rank,1.0,0.3129785495929819,2.337908983230591,1,True
5fns__1__1.A__1.B,c315,experimental_p2rank,1.0,0.09416186768317303,4.926616668701172,1,True
5elw__1__1.A_13.A_23.A__13.B_13.C_13.D,c89,experimental_p2rank,0.8,0.5066365047302988,1.5156170129776,1,True
6fz2__1__1.A__1.C,c118,experimental_p2rank,0.1,0.035022414563523833,4.958958625793457,1,True
5elw__1__1.A_11.A_13.A__1.B_1.C_1.D,c89,experimental_p2rank,0.8666666666666667,0.35809956727220915,9.390238761901855,0,True
5equ__4__1.D__1.P,c224,experimental_p2rank,0.9375,0.15456479441902785,3.479559898376465,1,True
1gc5__1__1.A__1.B,c1264,experimental_p2rank,1.0,0.149438384992401,5.399466514587402,1,True
5equ__3__1.C__1.M,c224,experimental_p2rank,0.8823529411764706,0.17115952102290966,3.32580304145813,1,True
3gbb__2__1.B__1.D,c7,experimental_p2rank,0.8571428571428571,0.4158757120199611,2.1327552795410156,1,True
3gbb__1__1.A__1.C,c7,experimental_p2rank,0.8666666666666667,0.44724375964472396,1.6723268032073975,1,True
5dnx__1__1.A_1.B_4.A__1.D_1.E_1.F,c89,experimental_p2rank,0.7647058823529411,0.197577637054261,5.494523525238037,1,True
5elw__1__10.A_14.A_2.A__2.B_2.C_2.D,c89,experimental_p2rank,0.8666666666666667,0.3534304659263632,9.373392105102539,0,True
5elw__1__1.A_21.A_8.A__8.B_8.C_8.D,c89,experimental_p2rank,0.8666666666666667,0.35123235842850814,9.399626731872559,0,True
5elw__1__10.A_19.A_6.A__10.B_10.C_10.D,c89,experimental_p2rank,0.8666666666666667,0.3547371001649535,9.415070533752441,0,True
5elw__1__10.A_16.A_19.A__19.B_19.C_19.D,c89,experimental_p2rank,0.8,0.4985465053707563,1.551472783088684,1,True
5elw__1__11.A_15.A_17.A__17.B_17.C_17.D,c89,experimental_p2rank,0.8,0.4832310312865372,1.6296721696853638,1,True
3gl0__1__1.A__1.E_1.F_1.G,c164,experimental_p2rank,1.0,0.3536742924207996,2.719547986984253,1,True
6fqh__1__1.A__1.C,c7,experimental_p2rank,0.8571428571428571,0.3076494285503622,1.602392315864563,1,True
5dnx__1__1.A_3.A_3.B__3.D_3.E_3.F,c89,experimental_p2rank,0.8823529411764706,0.16778334946945184,8.490557670593262,1,True
6f3j__1__1.A__1.D,c33,experimental_p2rank,0.88,0.20718063881738902,9.313143730163574,0,True
6fqh__1__1.B__1.D,c7,experimental_p2rank,0.7857142857142857,0.21278223977443556,2.3119378089904785,1,True
5elw__1__11.A_17.A_8.A__11.B_11.C_11.D,c89,experimental_p2rank,0.8666666666666667,0.34605616304424114,9.408795356750488,0,True
5elw__1__12.A_14.A_18.A__18.B_18.C_18.D,c89,experimental_p2rank,0.8,0.5058702508257543,1.5079500675201416,1,True
5elw__1__12.A_16.A_3.A__3.B_3.C_3.D,c89,experimental_p2rank,0.8666666666666667,0.3537708442894148,9.414410591125488,0,True
5elw__1__12.A_18.A_5.A__12.B_12.C_12.D,c89,experimental_p2rank,0.8666666666666667,0.356216179736871,9.398724555969238,0,True
6ewf__1__1.A__1.C,c118,experimental_p2rank,0.0,,,0,False
5fm0__1__1.A__1.C_1.D_1.E_1.F,c1867,experimental_p2rank,0.9259259259259259,0.09432206478179109,3.519596815109253,1,True
5dnx__1__1.B_4.C_8.C__4.J_4.K_4.L,c89,experimental_p2rank,0.8235294117647058,0.2087131481490295,6.26186990737915,1,True
2gmh__1__1.A__1.H,c7692,experimental_p2rank,0.7916666666666666,0.04533794213760096,8.5587158203125,1,True
6fqk__1__1.B__1.D,c7,experimental_p2rank,0.9333333333333333,0.28271282276977194,1.9440746307373047,1,True
5elw__1__14.A_2.A_22.A__14.B_14.C_14.D,c89,experimental_p2rank,0.8,0.5015440410753985,1.501609444618225,1,True
5dnx__1__1.C_3.B_6.C__1.J_1.K_1.L,c89,experimental_p2rank,0.8823529411764706,0.24723627300166465,5.595920562744141,1,True
5elw__1__13.A_20.A_9.A__20.B_20.C_20.D,c89,experimental_p2rank,0.8,0.4810769277258572,1.6146467924118042,1,True
6fqk__1__1.A__1.C,c7,experimental_p2rank,0.8571428571428571,0.31726609072788875,1.7744818925857544,1,True
6ggi__1__1.A__1.C_1.D_1.E_1.H_1.I,c3463,experimental_p2rank,0.8421052631578947,0.22372067738600482,3.0348174571990967,1,True
6f3j__1__2.A__2.D,c33,experimental_p2rank,0.92,0.15696985135045405,8.934009552001953,0,True
6f3r__1__1.A__1.C,c33,experimental_p2rank,0.9166666666666666,0.16801270481160094,7.778448104858398,0,True
5elw__1__15.A_24.A_4.A__15.B_15.C_15.D,c89,experimental_p2rank,0.8,0.5078052484857967,1.5372445583343506,1,True
5dnx__1__1.C_6.C_8.B__6.J_6.K_6.L,c89,experimental_p2rank,0.8823529411764706,0.243729497851985,5.575876235961914,1,True
5dnx__1__2.A_2.B_2.C__2.G_2.H_2.I,c89,experimental_p2rank,0.8823529411764706,0.18293091678305967,8.237640380859375,1,True
4gxs__1__1.A_1.B__1.E,c7,experimental_p2rank,0.6111111111111112,0.05722627209367847,12.471019744873047,0,True
2gmh__2__1.B__1.U,c7692,experimental_p2rank,0.8695652173913043,0.022904486413803483,9.350811004638672,1,True
5elw__1__15.A_4.A_9.A__4.B_4.C_4.D,c89,experimental_p2rank,0.8666666666666667,0.3530310804032089,9.400856971740723,0,True
6f3s__1__1.A__1.C,c33,experimental_p2rank,0.9090909090909091,0.14354932914179275,9.30597972869873,1,True
6f3r__1__2.A__2.C,c33,experimental_p2rank,0.9583333333333334,0.14435927200958285,9.63833999633789,0,True
5dnx__1__2.A_4.A_4.B__4.D_4.E_4.F,c89,experimental_p2rank,0.8823529411764706,0.17791607489904984,8.45444107055664,1,True
5dnx__1__2.A_2.B_3.A__2.D_2.E_2.F,c89,experimental_p2rank,0.7647058823529411,0.18813288672756828,5.499851226806641,1,True
6f3s__1__2.A__2.C,c33,experimental_p2rank,0.9090909090909091,0.12888894254017305,9.4891939163208,0,True
5elw__1__17.A_24.A_6.A__24.B_24.C_24.D,c89,experimental_p2rank,0.8,0.4998431598114282,1.5394058227539062,1,True
5elw__1__16.A_21.A_3.A__16.B_16.C_16.D,c89,experimental_p2rank,0.8,0.4985786505995172,1.5644365549087524,1,True
6g80__2__2.C__2.G,c3239,experimental_p2rank,0.8,0.4606016526384271,2.462968587875366,1,True
5elw__1__18.A_22.A_7.A__22.B_22.C_22.D,c89,experimental_p2rank,0.8,0.5091842916914788,1.5275582075119019,1,True
5dnx__1__2.C_4.B_5.C__2.J_2.K_2.L,c89,experimental_p2rank,0.8823529411764706,0.24315222121258945,5.579353332519531,1,True
5dnx__1__2.B_3.C_7.C__3.J_3.K_3.L,c89,experimental_p2rank,0.8235294117647058,0.20418023320470646,6.263726711273193,1,True
5elw__1__19.A_21.A_8.A__21.B_21.C_21.D,c89,experimental_p2rank,0.8,0.49857264293411885,1.5228430032730103,1,True
3h03__1__1.A__1.E,c7,experimental_p2rank,0.8461538461538461,0.554685977724254,1.4977118968963623,1,True
1i36__2__1.A_2.A__2.C,c7227,experimental_p2rank,0.64,0.07168043226421622,10.695391654968262,1,True
1i31__1__1.A__1.B,c1500,experimental_p2rank,0.0,,,0,False
2h3e__1__1.A_3.A__3.E,c103,experimental_p2rank,0.7777777777777778,0.12874444622510994,12.915800094604492,1,True
2h3e__1__1.C_2.C__2.G,c103,experimental_p2rank,0.7777777777777778,0.11850766249702126,17.657556533813477,1,True
2h3e__1__1.A_2.A__1.E,c103,experimental_p2rank,0.8333333333333334,0.15282866522234173,12.516777038574219,1,True
2h3e__1__1.C_3.C__1.G,c103,experimental_p2rank,0.8888888888888888,0.18246990907084243,12.16126537322998,1,True
2hr1__1__1.C__1.D,c272,experimental_p2rank,0.8636363636363636,0.5184977963468111,2.9868555068969727,1,True
2hvs__2__1.H__1.L,c4705,experimental_p2rank,0.9285714285714286,0.6527591919443442,1.1600795984268188,1,True
2hvs__1__1.G__1.J,c4705,experimental_p2rank,0.9333333333333333,0.6631697779474023,1.1455804109573364,1,True
3h03__1__2.B__2.H,c7,experimental_p2rank,0.9166666666666666,0.6392724542138445,1.5065302848815918,1,True
3h03__2__1.D__1.N,c7,experimental_p2rank,0.7692307692307693,0.5777626128795074,1.7801955938339233,1,True
3h03__2__1.C__1.K,c7,experimental_p2rank,0.9230769230769231,0.5844134307254288,1.6167479753494263,1,True
3h6t__2__1.B_2.B__1.N,c7,experimental_p2rank,0.07142857142857142,0.0027005204269264955,9.649906158447266,0,True
3h6t__1__1.A_1.C__1.E,c7,experimental_p2rank,0.07142857142857142,0.0018810911819812834,9.428472518920898,0,True
3hv0__1__1.A__1.C,c121,experimental_p2rank,0.0,,10.671070098876953,0,True
3hv0__1__1.B__1.D,c121,experimental_p2rank,0.9333333333333333,0.1990247812292066,5.81878137588501,0,True
3i0o__1__1.A__1.C,c5298,experimental_p2rank,1.0,0.09686807952671554,4.357186794281006,1,True
3i0o__2__2.A__2.C,c5298,experimental_p2rank,1.0,0.12533790461679195,4.56912088394165,1,True
4f96__1__1.A__1.C,c119,experimental_p2rank,0.8,0.06707515268919031,8.507980346679688,0,True
4f96__1__1.B__1.E,c119,experimental_p2rank,0.8,0.09403437032558397,8.631017684936523,0,True
4gbw__1__1.A_2.A__2.B_2.C_2.D_2.E_2.F,c141,experimental_p2rank,0.9411764705882353,0.11635859901072942,14.23149585723877,0,True
4gbw__1__1.A_2.A__1.B_1.C_1.D_1.E_1.F,c141,experimental_p2rank,0.9411764705882353,0.1185756562875214,14.224556922912598,0,True
5dnx__1__4.A_4.B_4.C__4.G_4.H_4.I,c89,experimental_p2rank,0.8823529411764706,0.29851716742359996,4.067657470703125,1,True
4i2d__1__1.A__1.B_1.D_1.E,c31,experimental_p2rank,1.0,0.3605309733414372,1.4392346143722534,1,True
5dnx__1__3.A_3.B_3.C__3.G_3.H_3.I,c89,experimental_p2rank,0.8823529411764706,0.3118073204465989,4.051876544952393,1,True
5dnx__1__2.C_5.C_7.B__5.J_5.K_5.L,c89,experimental_p2rank,0.8823529411764706,0.24799444689275646,5.580162048339844,1,True
5dnx__1__4.C_5.B_8.C__8.J_8.K_8.L,c89,experimental_p2rank,0.8235294117647058,0.20594331319503226,6.244108200073242,1,True
5dnx__1__5.A_5.B_8.A__5.D_5.E_5.F,c89,experimental_p2rank,0.7647058823529411,0.19020360839772857,5.447629451751709,1,True
5dnx__1__3.C_6.B_7.C__7.J_7.K_7.L,c89,experimental_p2rank,0.8235294117647058,0.20780228794428185,6.264246940612793,1,True
5dnx__1__5.A_5.B_5.C__5.G_5.H_5.I,c89,experimental_p2rank,0.8823529411764706,0.17545644837072258,8.26762866973877,1,True
5dnx__1__5.A_7.A_7.B__7.D_7.E_7.F,c89,experimental_p2rank,0.8823529411764706,0.1782016380976965,8.450478553771973,1,True
5dnx__1__6.A_6.B_6.C__6.G_6.H_6.I,c89,experimental_p2rank,0.8823529411764706,0.1717552455513597,8.25634479522705,1,True
5dnx__1__6.A_8.A_8.B__8.D_8.E_8.F,c89,experimental_p2rank,0.8823529411764706,0.17462283522116184,8.475481033325195,1,True
5dnx__1__6.A_6.B_7.A__6.D_6.E_6.F,c89,experimental_p2rank,0.7647058823529411,0.1923774250274296,5.4606218338012695,1,True
5fll__1__1.A__1.C_1.D_1.E_1.F,c1867,experimental_p2rank,0.9629629629629629,0.11051349730560836,3.422419786453247,1,True
5fll__1__1.B__1.G_1.H_1.I_1.J,c1867,experimental_p2rank,0.8888888888888888,0.08769484755798111,3.7086586952209473,1,True
5elw__1__20.A_7.A_9.A__9.B_9.C_9.D,c89,experimental_p2rank,0.8666666666666667,0.3662131866850124,9.372302055358887,0,True
5elw__1__22.A_4.A_7.A__7.B_7.C_7.D,c89,experimental_p2rank,0.8666666666666667,0.3449976250674967,9.420276641845703,0,True
5elw__1__2.A_24.A_6.A__6.B_6.C_6.D,c89,experimental_p2rank,0.8666666666666667,0.3375278886579952,9.40682315826416,0,True
5elw__1__23.A_3.A_5.A__5.B_5.C_5.D,c89,experimental_p2rank,0.8666666666666667,0.357082733109483,9.389769554138184,0,True
5elw__1__20.A_23.A_5.A__23.B_23.C_23.D,c89,experimental_p2rank,0.8,0.5091475404987769,1.5277727842330933,1,True
5g3l__1__1.C_1.D_1.E__1.M,c9020,experimental_p2rank,0.0,,,0,False
5guf__1__1.A__1.B_1.C_1.F,c5913,experimental_p2rank,0.6111111111111112,0.2653808473836846,1.5966836214065552,1,True
5guf__1__2.A__2.B_2.C_2.F,c5913,experimental_p2rank,0.6111111111111112,0.2624539171845346,1.6211161613464355,1,True
6gye__1__1.A__1.D_1.I,c3763,experimental_p2rank,0.0,,16.898950576782227,0,True
6gye__2__1.B__1.K_1.P,c3763,experimental_p2rank,0.0,,18.458988189697266,0,True
6h21__1__1.B__1.O_1.P,c186,experimental_p2rank,0.0,,,0,False
1h7l__1__1.A__1.B_1.C_1.D,c186,experimental_p2rank,1.0,0.6370651966450432,1.1123223304748535,1,True
1i36__3__1.B_2.B__2.D,c7227,experimental_p2rank,0.45454545454545453,0.05305339914620588,9.499171257019043,1,True
3gts__1__1.A__1.F,c164,experimental_p2rank,1.0,0.407143374968629,1.8062620162963867,1,True
3hrr__1__1.B__1.D,c3811,experimental_p2rank,1.0,0.13315077235001427,3.592076539993286,1,True
3h6t__2__1.B_2.B__2.N,c7,experimental_p2rank,0.07142857142857142,0.0031518737092034715,9.60910415649414,0,True
2ii6__1__1.A__1.B,c1327,experimental_p2rank,0.7857142857142857,0.201042194579962,7.682679653167725,0,True
4gbw__1__3.A_4.A__3.B_3.C_3.D_3.E_3.F,c141,experimental_p2rank,0.9411764705882353,0.11327665853121041,14.258097648620605,0,True
5dnx__1__8.A_8.B_8.C__8.G_8.H_8.I,c89,experimental_p2rank,0.8823529411764706,0.3098690920873994,4.07002067565918,1,True
5dnx__1__7.A_7.B_7.C__7.G_7.H_7.I,c89,experimental_p2rank,0.8823529411764706,0.31106126223558533,4.068963527679443,1,True
6fwh__1__1.A_1.B_1.K__1.N_1.P_1.R,c89,experimental_p2rank,0.8666666666666667,0.18361255333138193,6.215255260467529,1,True
1h7q__1__1.A__1.B_1.C_1.E,c186,experimental_p2rank,1.0,0.7048877536926579,1.4946527481079102,1,True
3gts__1__1.B__1.I,c164,experimental_p2rank,1.0,0.2684267707933132,2.7860658168792725,1,True
2iib__1__1.A__1.B,c1327,experimental_p2rank,0.0,,12.208966255187988,0,True
2iiq__1__1.A__1.C,c1327,experimental_p2rank,0.9230769230769231,0.10908856943543384,9.560956001281738,0,True
3h6u__1__1.A_2.A__2.C,c7,experimental_p2rank,0.07142857142857142,0.0045662100456621,9.940274238586426,0,True
3h6u__1__1.A_2.A__1.C,c7,experimental_p2rank,0.07142857142857142,0.00546448087431694,9.943017959594727,0,True
4gbw__1__3.A_4.A__4.B_4.C_4.D_4.E_4.F,c141,experimental_p2rank,0.9411764705882353,0.11508347701132854,14.252435684204102,0,True
2iiq__2__1.B__1.D,c1327,experimental_p2rank,0.8461538461538461,0.29333244083122534,9.33596420288086,0,True
3gki__1__1.A__1.D,c1562,experimental_p2rank,0.8571428571428571,0.3696922097935108,1.507103443145752,1,True
3gkj__1__1.A__1.D,c1562,experimental_p2rank,0.9523809523809523,0.3950709591713872,1.0052597522735596,1,True
3h6v__1__1.A_1.B__1.J,c7,experimental_p2rank,0.07142857142857142,0.006060606060606061,10.078302383422852,0,True
6fwh__1__1.A_1.C_1.F__1.BA_1.M_1.O,c89,experimental_p2rank,0.9333333333333333,0.22712161054324434,6.823993682861328,1,True
6fwh__1__1.A_1.E_1.K__1.AA_1.OA_1.Z,c89,experimental_p2rank,0.9333333333333333,0.13674345970149893,8.8201265335083,1,True
5htl__1__1.A_1.B__1.D,c14378,experimental_p2rank,0.8695652173913043,0.17820700638192669,4.855856418609619,1,True
6h39__1__1.Y_1.Z__1.OA_1.QA_1.RA,c20,experimental_p2rank,0.8333333333333334,0.08437653702639443,3.9157495498657227,1,True
6h39__1__1.K_1.L__1.FA_1.HA_1.IA,c20,experimental_p2rank,0.8846153846153846,0.08380876161646778,3.920426607131958,1,True
2ilv__1__1.A__1.C,c1327,experimental_p2rank,0.8823529411764706,0.0859275769394254,6.847856521606445,0,True
3in6__1__1.A_1.B__1.E,c8360,experimental_p2rank,0.8571428571428571,0.7314857777209055,0.9720771908760071,1,True
3h6w__1__1.A_2.A__1.D,c7,experimental_p2rank,0.0625,0.006073371950149202,9.056797981262207,0,True
6fwh__1__1.B_1.D_1.L__1.SA_1.X_1.Y,c89,experimental_p2rank,0.9375,0.16216313873043037,5.605906963348389,1,True
4ibk__2__1.B__1.G,c1616,experimental_p2rank,0.0,,,0,False
3h6w__1__1.A_2.A__2.D,c7,experimental_p2rank,0.0625,0.005475040257648953,9.049495697021484,0,True
6fwh__1__1.B_1.G_1.L__1.FA_1.Q_1.S,c89,experimental_p2rank,0.8666666666666667,0.16974667834346135,6.718996047973633,1,True
6fwh__1__1.C_1.E_2.E__1.T_1.U_1.W,c89,experimental_p2rank,0.9333333333333333,0.09480369646379373,8.30020523071289,1,True
6hqh__1__1.A__1.B,c7,experimental_p2rank,0.8636363636363636,0.5244999890579238,1.4714981317520142,1,True
6hb5__1__1.B__1.H,c121,experimental_p2rank,0.8260869565217391,0.3559637160590861,4.21961784362793,0,True
6hb6__1__1.A__1.C,c121,experimental_p2rank,0.8695652173913043,0.416735024597322,3.969656229019165,0,True
6hb5__1__1.A__1.C,c121,experimental_p2rank,0.8695652173913043,0.3700349296502759,4.607879161834717,1,True
3iu7__1__1.A__1.E,c4291,experimental_p2rank,1.0,0.09025478981307541,6.089999675750732,0,True
4iqk__1__1.A__1.B,c315,experimental_p2rank,1.0,0.13596208934420984,2.8558623790740967,0,True
4hnh__1__1.A__1.C_1.E_1.G,c7594,experimental_p2rank,0.64,0.30418026802834847,2.438607692718506,1,True
6hqu__1__1.A__1.P_1.Q,c124,experimental_p2rank,0.6,0.6230224300944333,1.8255358934402466,1,True
6fwh__1__1.C_1.F_1.J__1.MA_1.NA_1.V,c89,experimental_p2rank,0.9333333333333333,0.29662929809416566,3.622943162918091,1,True
6i5y__1__1.A__1.C,c121,experimental_p2rank,0.8148148148148148,0.5707648225028379,3.745220184326172,0,True
6i5y__1__1.B__1.E,c121,experimental_p2rank,0.8571428571428571,0.5604678016573473,3.8011927604675293,0,True
5hud__1__1.E_1.F__1.VC,c2741,experimental_p2rank,0.875,0.4670145706865064,11.407423973083496,0,True
5hud__1__1.G_1.H__1.QD,c2741,experimental_p2rank,0.875,0.41056807226615827,11.911699295043945,1,True
6hqu__3__1.C__1.T_1.U,c124,experimental_p2rank,0.6,0.5468090941164928,1.9087826013565063,1,True
5h8h__1__1.A_1.B__1.G,c7,experimental_p2rank,0.9444444444444444,0.10646612657887888,5.887082576751709,0,True
6fwh__1__1.D_1.K_2.J__1.PA_1.QA_1.RA,c89,experimental_p2rank,0.9333333333333333,0.21458283109662296,6.412512302398682,1,True
6h4f__1__1.C__1.U,c186,experimental_p2rank,0.0,,,0,False
6hb7__1__1.A__1.C,c121,experimental_p2rank,0.7692307692307693,0.39298361715202695,4.4876933097839355,0,True
6hb6__1__1.B__1.G,c121,experimental_p2rank,0.8260869565217391,0.3778617193219172,4.256875991821289,0,True
4j75__1__1.A__1.C,c121,experimental_p2rank,0.8571428571428571,0.22097418678007055,4.144042015075684,0,True
4j75__1__1.B__1.F,c121,experimental_p2rank,0.896551724137931,0.1873526186321623,4.147896766662598,1,True
5h8q__1__1.A_1.B__1.F,c7,experimental_p2rank,0.9473684210526315,0.05049511180417132,8.27281379699707,0,True
5huv__1__1.A__1.C,c119,experimental_p2rank,0.8571428571428571,0.13398229023787978,3.6568615436553955,0,True
5huv__1__1.B__1.D,c119,experimental_p2rank,0.8571428571428571,0.133936615201867,3.928192138671875,0,True
6fwh__1__1.D_2.H_2.J__2.GA_2.HA_2.JA,c89,experimental_p2rank,0.9333333333333333,0.30563294882792275,5.443062782287598,0,True
6hb7__1__1.B__1.H,c121,experimental_p2rank,0.8846153846153846,0.26606756039930674,4.492323398590088,0,True
6h4f__3__1.I__1.IA,c186,experimental_p2rank,0.0,,,0,False
6fwh__1__1.E_2.C_2.E__2.T_2.U_2.W,c89,experimental_p2rank,0.9333333333333333,0.10162061544951717,8.297099113464355,1,True
6fwh__1__1.F_1.G_1.H__1.CA_1.DA_1.EA,c89,experimental_p2rank,0.9333333333333333,0.177252919150949,4.293671607971191,1,True
5in4__1__1.A_1.B__1.G,c4820,experimental_p2rank,0.9473684210526315,0.09417146015780833,10.98972225189209,1,True
1jof__1__1.A_1.B__1.M,c6112,experimental_p2rank,0.0,,,0,False
4itl__1__1.A__1.B,c5397,experimental_p2rank,0.9565217391304348,0.30706721341393867,1.6700801849365234,1,True
4itm__1__1.A__1.B_1.D_1.E,c5397,experimental_p2rank,0.9411764705882353,0.28276282311048007,1.577030897140503,1,True
4j7g__1__1.A__1.D,c1857,experimental_p2rank,0.8571428571428571,0.2822190906684749,9.162363052368164,1,True
6fwh__1__1.G_1.H_1.I__1.IA_1.KA_1.LA,c89,experimental_p2rank,0.8,0.2014967442007149,6.353179931640625,0,True
6ipw__1__1.A_1.B__1.F,c6533,experimental_p2rank,0.8571428571428571,0.16007835279861143,11.33752155303955,1,True
3jps__1__1.A__1.E_1.F_1.G,c31,experimental_p2rank,0.8125,0.20804336840073592,2.550050973892212,1,True
4j7g__2__1.B__1.F,c1857,experimental_p2rank,0.9047619047619048,0.275138419024043,12.094382286071777,0,True
5j47__1__1.A_5.A__5.D,c1131,experimental_p2rank,0.7333333333333333,0.07484967055908046,11.985268592834473,0,True
5j47__1__1.A_6.A__1.D,c1131,experimental_p2rank,0.8666666666666667,0.0580768502411451,12.43315601348877,0,True
6fwh__1__1.H_1.J_2.D__1.GA_1.HA_1.JA,c89,experimental_p2rank,0.9333333333333333,0.319853172391512,5.461996078491211,0,True
5in4__1__1.C_1.D__1.M,c4820,experimental_p2rank,0.9473684210526315,0.04639898463559491,11.183873176574707,0,True
1jlx__1__1.A_1.B__1.D_1.H,c12579,experimental_p2rank,0.0,,18.32862663269043,0,True
2jgb__1__1.A__1.C,c326,experimental_p2rank,0.8571428571428571,0.6216252720904714,1.8362841606140137,1,True
4j7g__3__2.B__2.F,c1857,experimental_p2rank,0.9047619047619048,0.27111112626161205,12.064350128173828,0,True
6fwh__1__1.I_1.L_2.I__1.TA_1.UA_1.VA,c89,experimental_p2rank,0.8666666666666667,0.20111931178676457,4.272143363952637,1,True
6ipw__2__1.C_1.D__1.H,c6533,experimental_p2rank,0.85,0.21033539755101094,11.594862937927246,1,True
3jtk__1__1.A__1.D,c118,experimental_p2rank,0.9375,0.049395881569209196,7.817512035369873,0,True
4jjq__1__1.A__1.B,c2776,experimental_p2rank,0.0,,,0,False
4j7h__2__1.B__1.I,c1857,experimental_p2rank,0.8888888888888888,0.35380499738992627,10.597602844238281,0,True
4j7h__1__1.A__1.C,c1857,experimental_p2rank,1.0,0.27174629805628464,13.059213638305664,0,True
6fwh__1__1.I_2.I_2.L__2.TA_2.UA_2.VA,c89,experimental_p2rank,0.8666666666666667,0.19282961385586217,4.319733619689941,1,True
6eji__1__1.A__1.C_1.F_1.G,c119,experimental_p2rank,0.8787878787878788,0.2983458884665944,1.782832145690918,1,True
6eji__2__1.B__1.J_1.M_1.N,c119,experimental_p2rank,0.8787878787878788,0.25467017422287846,4.078493118286133,0,True
4j7h__3__2.B__2.I,c1857,experimental_p2rank,0.8888888888888888,0.35838034944291053,10.569403648376465,1,True
6fwh__1__1.J_2.D_2.K__2.PA_2.QA_2.RA,c89,experimental_p2rank,0.9333333333333333,0.2167501049793456,6.430581092834473,1,True
5jtt__1__1.A__1.C,c33,experimental_p2rank,0.95,0.20627136352658088,9.731513977050781,0,True
6fwh__1__2.A_2.B_2.K__2.N_2.P_2.R,c89,experimental_p2rank,0.8666666666666667,0.18425048477096875,6.223818778991699,1,True
6fwh__1__2.A_2.C_2.F__2.BA_2.M_2.O,c89,experimental_p2rank,0.9333333333333333,0.24084933279467563,6.777022361755371,1,True
5jtt__1__2.A__2.C,c33,experimental_p2rank,0.9,0.19020940155599683,10.741012573242188,0,True
3kgc__1__1.B__1.F,c7,experimental_p2rank,0.9375,0.3211359130746078,1.7833677530288696,1,True
6fwh__1__2.A_2.E_2.K__2.AA_2.OA_2.Z,c89,experimental_p2rank,0.9333333333333333,0.13457090079490075,8.963504791259766,1,True
5jtu__1__1.A__1.C,c33,experimental_p2rank,0.9090909090909091,0.2149237691382063,8.177457809448242,0,True
4kg9__1__1.A__1.B,c2776,experimental_p2rank,0.0,,,0,False
5k41__1__1.A__1.B,c119,experimental_p2rank,0.625,0.11625645066983162,4.379770755767822,1,True
5jtu__1__2.A__2.C,c33,experimental_p2rank,0.8636363636363636,0.23023338536289237,8.277931213378906,0,True
4kh1__1__1.A_2.A__1.E,c103,experimental_p2rank,0.7777777777777778,0.1322274972607557,14.03799057006836,1,True
5jei__1__1.A__1.B,c7,experimental_p2rank,0.0,,,0,False
5k41__1__2.A__2.B,c119,experimental_p2rank,0.6666666666666666,0.1012507041131128,3.9347808361053467,1,True
7k2d__2__1.B__1.C,c315,experimental_p2rank,1.0,0.06783159895155572,3.2319834232330322,0,True
4kh1__1__1.A_3.A__3.E,c103,experimental_p2rank,0.6666666666666666,0.11179453468629097,14.430657386779785,1,True
6fwh__1__2.B_2.D_2.L__2.SA_2.X_2.Y,c89,experimental_p2rank,0.9375,0.17491927122527953,5.557223320007324,1,True
5k42__1__1.A__1.B,c119,experimental_p2rank,0.7,0.08246440174365155,6.147056579589844,1,True
7k2e__1__1.A__1.C,c315,experimental_p2rank,0.9411764705882353,0.09736966218056911,2.956454277038574,1,True
5ito__1__1.A__1.F,c7,experimental_p2rank,0.7,0.4715616775486162,2.0308122634887695,1,True
4kh1__1__1.C_2.C__2.K,c103,experimental_p2rank,0.8333333333333334,0.18662585620942307,12.382988929748535,1,True
4kgv__1__1.A_2.A__1.E,c103,experimental_p2rank,0.8333333333333334,0.145009572916817,13.113701820373535,1,True
7k2h__2__1.B__1.C,c315,experimental_p2rank,0.9375,0.05738157780611279,4.546086311340332,1,True
4kgv__1__1.A_3.A__3.E,c103,experimental_p2rank,0.7222222222222222,0.14641809190329136,13.291670799255371,1,True
4kh1__1__1.C_3.C__1.K,c103,experimental_p2rank,0.7777777777777778,0.1444823328099315,13.163599014282227,1,True
6fwh__1__2.B_2.G_2.L__2.FA_2.Q_2.S,c89,experimental_p2rank,0.8666666666666667,0.19135812587593287,6.705053806304932,1,True
5kk7__1__1.A__1.C_1.E_1.I,c1433,experimental_p2rank,0.75,0.34228146647536706,1.3899097442626953,1,True
5k42__1__2.A__2.B,c119,experimental_p2rank,0.75,0.08939847351104557,4.622865676879883,1,True
6fwh__1__2.C_2.F_2.J__2.MA_2.NA_2.V,c89,experimental_p2rank,0.9333333333333333,0.30725277252548183,3.5569498538970947,1,True
7k2k__2__1.B__1.C,c315,experimental_p2rank,0.9411764705882353,0.036618431009851474,6.408944129943848,1,True
2irx__1__1.A__1.B_1.C,c2457,experimental_p2rank,1.0,0.2841484333310556,1.9258148670196533,1,True
5ito__2__1.B__1.K,c7,experimental_p2rank,0.65,0.2149662894717696,2.785170316696167,1,True
5itp__1__1.A__1.C,c7,experimental_p2rank,0.8,0.42944019571521214,2.0240845680236816,1,True
5kkw__1__1.A__1.B,c7,experimental_p2rank,0.7142857142857143,0.3251515295730675,1.723944902420044,1,True
4kgv__1__1.C_3.C__1.H,c103,experimental_p2rank,0.7777777777777778,0.163128987484465,11.93791389465332,0,True
4kgv__1__1.C_2.C__2.H,c103,experimental_p2rank,0.7222222222222222,0.11034507136353167,13.52400016784668,1,True
7jt5__2__1.C_1.D__1.P_1.Q,c299,experimental_p2rank,0.88,0.1890977734429995,8.382088661193848,0,True
6jzy__1__1.A__1.C_1.D,c9829,experimental_p2rank,0.9666666666666667,0.5417408886181718,4.443874359130859,1,True
7k2l__2__1.B__1.C,c315,experimental_p2rank,1.0,0.04444384045523979,6.278712272644043,1,True
4kgx__1__1.A_3.A__3.E,c103,experimental_p2rank,0.7222222222222222,0.10285798636731412,14.664135932922363,1,True
5itp__2__1.B__1.L,c7,experimental_p2rank,0.8095238095238095,0.4961780135235157,2.0453195571899414,1,True
4kgx__1__1.A_2.A__1.E,c103,experimental_p2rank,0.7222222222222222,0.06397019391884226,15.620296478271484,1,True
4kgx__1__1.C_2.C__2.H,c103,experimental_p2rank,0.7777777777777778,0.18735762663398825,12.456010818481445,0,True
6fwh__1__2.F_2.G_2.H__2.CA_2.DA_2.EA,c89,experimental_p2rank,0.9333333333333333,0.1914075434605239,4.296443462371826,1,True
7jt5__2__1.C_1.D__1.U_1.V,c299,experimental_p2rank,0.95,0.15121283806683428,7.979473114013672,1,True
5kbz__1__1.B__1.D,c3811,experimental_p2rank,0.9310344827586207,0.33638564935245296,1.934700846672058,1,True
5kbz__1__1.A__1.C,c3811,experimental_p2rank,0.9285714285714286,0.3590190944704392,1.5454027652740479,1,True
1l5v__1__1.A__1.C_1.D,c33,experimental_p2rank,0.8125,0.13250827982003865,8.124202728271484,0,True
4kgx__1__1.C_3.C__1.H,c103,experimental_p2rank,0.7777777777777778,0.13432042851716464,13.22830581665039,1,True
7jt6__1__1.A_1.B__1.E_1.G,c299,experimental_p2rank,0.9545454545454546,0.2262096004719333,7.788147926330566,1,True
7jt6__1__1.A_1.B__1.I_1.K,c299,experimental_p2rank,0.9090909090909091,0.21665937005790845,7.600506782531738,0,True
7k2m__2__1.B__1.C,c315,experimental_p2rank,1.0,0.05111800018028764,4.020299911499023,1,True
1l5v__1__1.B__1.F_1.G,c33,experimental_p2rank,0.9375,0.11800051192348224,8.118453025817871,0,True
4kgz__1__1.A_2.A__1.E,c103,experimental_p2rank,0.7222222222222222,0.10288761974172186,14.917952537536621,1,True
5j5o__1__1.A__1.E,c326,experimental_p2rank,0.9090909090909091,0.6542087076073861,1.8376755714416504,1,True
5j5o__2__1.B__1.G,c326,experimental_p2rank,0.9,0.6336894788280253,1.7393174171447754,1,True
6fwh__1__2.G_2.H_2.I__2.IA_2.KA_2.LA,c89,experimental_p2rank,0.8,0.19620733573905422,6.36757230758667,0,True
7jt6__2__1.C_1.D__1.M_1.O,c299,experimental_p2rank,0.8260869565217391,0.19556288244653147,3.3164007663726807,1,True
7l4c__1__1.A__1.D,c272,experimental_p2rank,0.9090909090909091,0.6495401402294322,2.3506016731262207,1,True
7k2n__1__1.A__1.C_1.D,c315,experimental_p2rank,0.9444444444444444,0.047947016506580536,6.105778217315674,1,True
1kz8__1__1.A_1.B__1.C,c141,experimental_p2rank,0.9333333333333333,0.11794288935211059,12.665562629699707,0,True
4kgz__1__1.A_3.A__3.E,c103,experimental_p2rank,0.7222222222222222,0.15792375580769857,12.763849258422852,0,True
7l4n__1__1.A__1.D,c272,experimental_p2rank,0.8260869565217391,0.4759564130700903,2.9191856384277344,1,True
7k2q__2__1.B__1.C,c315,experimental_p2rank,1.0,0.06240144317677729,3.5254929065704346,0,True
1l8b__1__1.A__1.C,c326,experimental_p2rank,1.0,0.6739206163900454,4.048768997192383,0,True
7k2r__2__1.B__1.C_1.D,c315,experimental_p2rank,0.0,,,0,False
7k2s__2__1.B__1.C,c315,experimental_p2rank,1.0,0.03520961710343999,6.81384801864624,1,True
1l8b__2__1.B__1.D,c326,experimental_p2rank,1.0,0.6803185021865508,1.8596328496932983,1,True
4kgz__1__1.C_2.C__2.J,c103,experimental_p2rank,0.7777777777777778,0.1528227655368921,13.077959060668945,1,True
1kz8__1__1.A_1.B__1.G,c141,experimental_p2rank,0.9285714285714286,0.0882381634798057,13.105511665344238,0,True
4kgz__1__1.C_3.C__1.J,c103,experimental_p2rank,0.8333333333333334,0.1405123317639468,13.36911678314209,1,True
4lrj__1__1.A__1.C_1.D,c5172,experimental_p2rank,0.8947368421052632,0.6174425516507359,1.1279704570770264,1,True
7kgw__1__1.A__1.B_1.C_1.D,c2929,experimental_p2rank,0.875,0.3997315232208207,1.4458168745040894,1,True
5k55__1__1.A_4.A__1.B,c141,experimental_p2rank,1.0,0.15464419598890805,13.27046012878418,0,True
5ly3__1__1.A__1.C,c2133,experimental_p2rank,0.8571428571428571,0.5625304440301495,1.70449960231781,1,True
4lom__1__1.A_10.A_15.A__1.B_1.D_15.C,c89,experimental_p2rank,0.8571428571428571,0.4757192319530674,1.4109668731689453,1,True
4l7b__1__1.A_1.B__1.G,c315,experimental_p2rank,1.0,0.0526906568605257,7.250693321228027,0,True
4lrz__1__1.A_1.F_1.H__1.I_1.J_1.K,c1033,experimental_p2rank,0.9047619047619048,0.13629271663229792,10.188323974609375,1,True
6kcp__2__1.E__2.D,c10810,experimental_p2rank,0.0,,,0,False
5k55__1__1.A_4.A__4.B,c141,experimental_p2rank,1.0,0.20615902343925388,13.662832260131836,0,True
4l7c__1__1.A__1.D_1.E,c315,experimental_p2rank,1.0,0.11927862518017675,3.1726856231689453,0,True
4lom__1__1.A_16.A_24.A__1.C_16.B_16.D,c89,experimental_p2rank,0.7142857142857143,0.2673368323756989,3.15279221534729,1,True
4l7c__1__1.B__1.F_1.G_1.H,c315,experimental_p2rank,1.0,0.08183371443919238,4.698912620544434,1,True
4lrz__1__1.B_1.F_1.H__1.L_1.M_1.N,c1033,experimental_p2rank,0.9523809523809523,0.15959067862036685,9.948832511901855,1,True
5k55__1__2.A_3.A__2.B,c141,experimental_p2rank,1.0,0.2070289282471636,13.630924224853516,0,True
4l7c__1__1.C__1.I_1.J_1.K,c315,experimental_p2rank,1.0,0.10835959644991346,3.086487293243408,0,True
4lom__1__1.A_24.A_7.A__24.C_7.B_7.D,c89,experimental_p2rank,0.8571428571428571,0.47846550446389646,1.4176582098007202,1,True
4l7d__1__1.A__1.D_1.E,c315,experimental_p2rank,1.0,0.15790122896992156,3.250812530517578,0,True
4lrz__2__1.C_1.E_1.G__1.O_1.P_1.Q,c1033,experimental_p2rank,0.9523809523809523,0.13575654332949808,10.131887435913086,1,True
4mes__1__1.A__1.E_1.L,c1834,experimental_p2rank,0.7142857142857143,0.4779107403081154,1.813895344734192,1,True
4l7d__1__1.C__1.K_1.M,c315,experimental_p2rank,1.0,0.1516208087063452,2.913515090942383,0,True
4lom__1__10.A_15.A_18.A__10.C_18.B_18.D,c89,experimental_p2rank,0.7142857142857143,0.27303020686084767,3.1440563201904297,1,True
4l7d__1__1.B__1.G_1.H_1.I,c315,experimental_p2rank,1.0,0.2706354952000243,2.4086148738861084,0,True
4lrz__2__1.D_1.E_1.G__1.R_1.S_1.T,c1033,experimental_p2rank,0.9047619047619048,0.13854600638432102,10.015920639038086,1,True
6kia__1__1.A__1.D,c5731,experimental_p2rank,0.8518518518518519,0.19934571708008975,3.5292279720306396,1,True
5mem__1__2.A__2.C,c33,experimental_p2rank,0.8461538461538461,0.09386565717666097,9.9273042678833,0,True
5mem__1__1.A__1.C,c33,experimental_p2rank,0.9615384615384616,0.11304397506579031,8.077220916748047,0,True
6l3x__1__1.A__1.O,c117,experimental_p2rank,0.5333333333333333,0.16012894075986428,3.512650728225708,1,True
6l3x__1__1.C__1.Q,c117,experimental_p2rank,0.5333333333333333,0.13927206276062187,3.8227157592773438,1,True
5k55__1__2.A_3.A__3.B,c141,experimental_p2rank,1.0,0.15812025301337565,13.253771781921387,0,True
6l3x__1__1.B_1.K__1.Y,c117,experimental_p2rank,0.5625,0.08256357509676165,12.69189167022705,1,True
6kia__2__1.B__1.E,c5731,experimental_p2rank,1.0,0.11131384028069968,4.510125637054443,1,True
1ml4__3__1.A_2.A__1.B,c103,experimental_p2rank,0.8823529411764706,0.1840504024262402,11.367993354797363,1,True
5mfv__1__1.A__1.E,c7,experimental_p2rank,0.8461538461538461,0.2825263782486382,1.737357497215271,1,True
6l3x__1__1.E_1.I__1.S,c117,experimental_p2rank,0.6,0.09220419619036213,12.55302906036377,1,True
7l1j__1__1.A_1.B__1.E_1.G,c299,experimental_p2rank,0.16666666666666666,0.019964878455143067,12.575234413146973,0,True
1ml4__3__1.A_3.A__3.B,c103,experimental_p2rank,0.8235294117647058,0.1596677661183343,13.227730751037598,1,True
4lom__1__10.A_17.A_7.A__10.B_10.D_17.C,c89,experimental_p2rank,0.8571428571428571,0.46650555849423103,1.3762142658233643,1,True
5mfv__1__1.B__1.I,c7,experimental_p2rank,0.8461538461538461,0.6145031624271654,0.9820897579193115,1,True
5mu6__1__1.A__1.G,c118,experimental_p2rank,0.9166666666666666,0.08904783629401834,5.889346599578857,1,True
6l3x__1__1.G_1.M__1.AA,c117,experimental_p2rank,0.6,0.07336440965918742,12.532909393310547,0,True
6l3x__1__1.E_1.I__1.W,c117,experimental_p2rank,0.7333333333333333,0.10976091150984182,11.277955055236816,0,True
6kia__3__1.C__1.F,c5731,experimental_p2rank,0.8214285714285714,0.07913966479623463,6.827179431915283,1,True
4lom__1__11.A_16.A_2.A__16.C_2.B_2.D,c89,experimental_p2rank,0.8571428571428571,0.48051776315733896,1.4012666940689087,1,True
3myk__1__1.A__1.B,c1599,experimental_p2rank,0.8421052631578947,0.05360013463015746,7.984058856964111,0,True
6l3x__1__1.H__1.V,c117,experimental_p2rank,0.6428571428571429,0.1635551585034534,3.4247865676879883,1,True
6l3x__1__1.L__1.Z,c117,experimental_p2rank,0.5,0.1386289069596355,3.6080639362335205,1,True
6l3x__1__1.G__1.U,c117,experimental_p2rank,0.5714285714285714,0.14501628356091162,3.906670570373535,1,True
7l1j__1__1.A_1.B__1.H_1.J,c299,experimental_p2rank,0.9130434782608695,0.3057564834953027,2.9744534492492676,1,True
4lom__1__11.A_16.A_20.A__11.C_20.B_20.D,c89,experimental_p2rank,0.7142857142857143,0.27436552875902537,3.1570725440979004,1,True
7l1j__2__1.C_1.D__1.K_1.M,c299,experimental_p2rank,0.88,0.19523199887557835,8.004032135009766,1,True
5mm0__1__1.A__1.B_1.C,c186,experimental_p2rank,0.88,0.3592193606839294,8.994122505187988,0,True
4lom__1__11.A_19.A_5.A__11.B_11.D_19.C,c89,experimental_p2rank,0.8571428571428571,0.48779479928234265,1.3973207473754883,1,True
7l1j__2__1.C_1.D__1.O_1.Q,c299,experimental_p2rank,0.9130434782608695,0.19081492209772302,8.2378568649292,0,True
3mqr__1__1.A__1.B,c2776,experimental_p2rank,0.0,,,0,False
3mjx__1__1.A__1.D,c1599,experimental_p2rank,1.0,0.05083356653821039,9.085136413574219,0,True
4lom__1__12.A_13.A_19.A__12.C_19.B_19.D,c89,experimental_p2rank,0.7142857142857143,0.2773275715882709,3.1220650672912598,1,True
6n80__1__1.C_1.L_1.M__1.AA,c117,experimental_p2rank,0.47058823529411764,0.07248722130690013,12.025306701660156,0,True
5lrc__1__1.A__1.C,c33,experimental_p2rank,0.8947368421052632,0.17997496824198495,9.108717918395996,0,True
1nnk__1__1.A__1.E,c7,experimental_p2rank,0.8666666666666667,0.42340593623013106,1.6454768180847168,1,True
5l9o__1__1.A__1.C,c7,experimental_p2rank,0.8695652173913043,0.49476300231556103,1.531786322593689,1,True
3mqs__1__1.A__1.B,c2776,experimental_p2rank,0.0,,,0,False
4lom__1__12.A_13.A_4.A__13.C_4.B_4.D,c89,experimental_p2rank,0.8571428571428571,0.4791224695207614,1.4065327644348145,1,True
5l9o__2__1.B__1.K,c7,experimental_p2rank,0.8636363636363636,0.5214450578227343,1.6231584548950195,1,True
4lom__1__12.A_20.A_8.A__12.B_12.D_20.C,c89,experimental_p2rank,0.8571428571428571,0.4789549038942983,1.4168062210083008,1,True
6nl0__1__1.D__1.E_1.F_1.I,c31,experimental_p2rank,0.875,0.2903463393289348,2.3190853595733643,1,True
5lrc__1__2.A__2.C,c33,experimental_p2rank,0.8947368421052632,0.21653658378917984,8.072490692138672,1,True
5mji__1__1.A_2.A_3.A_4.A__1.B,c5311,experimental_p2rank,0.7916666666666666,0.07814221425886961,14.620340347290039,0,True
4lom__1__13.A_22.A_3.A__13.B_13.D_3.C,c89,experimental_p2rank,0.7142857142857143,0.28473113497824837,3.1164326667785645,1,True
3m5c__1__1.A_2.A__1.B,c103,experimental_p2rank,0.85,0.1471467245142168,12.087080001831055,1,True
5lrd__1__1.A__1.B,c33,experimental_p2rank,0.9,0.19963070799744806,7.943448066711426,1,True
3n2y__1__1.A__1.C,c121,experimental_p2rank,1.0,0.3088225883860434,3.6667919158935547,1,True
3n2y__1__1.B__1.D,c121,experimental_p2rank,1.0,0.29581427936814264,3.5484800338745117,1,True
4lom__1__14.A_17.A_9.A__17.B_17.D_9.C,c89,experimental_p2rank,0.7142857142857143,0.29477686935120373,3.1090567111968994,1,True
3m5c__1__1.A_3.A__3.B,c103,experimental_p2rank,0.85,0.1451707157093161,12.095479011535645,1,True
5neb__1__1.B__1.S,c7,experimental_p2rank,0.7857142857142857,0.47266287260464807,1.6048136949539185,1,True
5lrd__1__2.A__2.B,c33,experimental_p2rank,0.95,0.13050144387440354,10.913572311401367,0,True
4lom__1__14.A_23.A_4.A__14.B_14.D_4.C,c89,experimental_p2rank,0.7142857142857143,0.28304052040580985,3.1123080253601074,1,True
5lre__1__1.A__1.B,c33,experimental_p2rank,0.9090909090909091,0.2379670222355083,7.631333351135254,0,True
5mld__2__1.E_1.F_1.G_1.H__1.N,c5311,experimental_p2rank,0.9166666666666666,0.10972249871853623,12.212604522705078,0,True
3o31__1__1.B__1.H,c2604,experimental_p2rank,0.875,0.08341538018197414,4.426205158233643,1,True
3o31__1__1.A__1.C,c2604,experimental_p2rank,0.8666666666666667,0.08152746922652171,4.360894680023193,1,True
3m5c__1__2.A_3.A__2.B,c103,experimental_p2rank,0.85,0.1433228443270163,12.111886024475098,1,True
5neb__2__1.A__1.K,c7,experimental_p2rank,0.8571428571428571,0.6774879418901807,1.0566129684448242,1,True
6llf__1__1.B__1.T_1.U,c164,experimental_p2rank,0.9333333333333333,0.09354883723104093,4.89755916595459,1,True
4nf4__1__1.A__1.C,c7,experimental_p2rank,0.0,,,0,False
4nwi__1__1.A__1.D,c2123,experimental_p2rank,0.9166666666666666,0.43324230281961085,2.00970196723938,1,True
4lom__1__14.A_3.A_9.A__14.C_3.B_3.D,c89,experimental_p2rank,0.8571428571428571,0.47845495144930766,1.4160562753677368,1,True
4ob6__1__1.A_2.A__2.D,c10769,experimental_p2rank,0.0,,19.587160110473633,0,True
4o4h__1__1.B__1.L,c534,experimental_p2rank,0.0,,17.424654006958008,0,True
6llf__1__1.C__1.CA_1.DA,c164,experimental_p2rank,1.0,0.12093976769310939,4.297377586364746,1,True
5lrf__1__1.A__1.B,c33,experimental_p2rank,0.9090909090909091,0.15704056168845712,7.675968170166016,0,True
5m0i__1__1.C__1.G,c4053,experimental_p2rank,0.9090909090909091,0.12264150731593172,2.9080207347869873,1,True
4nwi__2__1.B__1.G,c2123,experimental_p2rank,0.9333333333333333,0.3469022486839205,2.869513511657715,1,True
4nf6__1__1.B__1.D,c7,experimental_p2rank,0.0,,,0,False
2olc__1__1.A__1.F,c1052,experimental_p2rank,0.8947368421052632,0.4750480979831649,3.7392795085906982,1,True
1os0__1__1.A__1.B_1.G,c218,experimental_p2rank,0.9,0.2907143195973838,2.298996925354004,1,True
4lom__1__15.A_2.A_21.A__15.B_15.D_2.C,c89,experimental_p2rank,0.7142857142857143,0.2912490268441617,3.1292214393615723,1,True
3m5d__1__1.A_2.A__1.B,c103,experimental_p2rank,0.95,0.16577117926877644,11.392914772033691,1,True
6nka__1__1.A__1.E_1.F,c299,experimental_p2rank,0.8181818181818182,0.23438936812456243,4.305264472961426,1,True
6llk__1__1.A__1.C_1.D,c164,experimental_p2rank,1.0,0.1350543431173954,4.270546913146973,1,True
1os0__2__1.A__1.B_1.G,c218,experimental_p2rank,0.9,0.3023187574904414,2.4129562377929688,1,True
3orh__1__1.A__1.E,c2063,experimental_p2rank,0.8846153846153846,0.7250521883379094,0.9391204714775085,1,True
4lom__1__17.A_23.A_7.A__23.B_23.D_7.C,c89,experimental_p2rank,0.7142857142857143,0.2680528434017462,3.118150472640991,1,True
3m5d__1__1.A_3.A__3.B,c103,experimental_p2rank,0.95,0.1540679046105209,11.425414085388184,1,True
5lrf__1__2.A__2.B,c33,experimental_p2rank,0.9090909090909091,0.13657334924148143,10.652482986450195,0,True
3orh__2__1.B__1.F,c2063,experimental_p2rank,0.8888888888888888,0.714597729710606,1.1229649782180786,1,True
3orh__3__1.C__1.G,c2063,experimental_p2rank,0.8148148148148148,0.7811606136495669,0.8004963994026184,1,True
1os0__2__2.A__2.B_2.G,c218,experimental_p2rank,0.75,0.27424397806365963,2.9898080825805664,1,True
6nka__1__1.B__1.G_1.H,c299,experimental_p2rank,0.2727272727272727,0.03170034640343261,6.127093315124512,1,True
3ois__4__1.D__1.H,c3024,experimental_p2rank,0.0,,22.54792594909668,0,True
3m5d__1__2.A_3.A__2.B,c103,experimental_p2rank,0.95,0.13778456941914152,11.47214412689209,1,True
4lom__1__18.A_21.A_6.A__21.B_21.D_6.C,c89,experimental_p2rank,0.7142857142857143,0.2815844419903776,3.1415765285491943,1,True
5mlz__1__1.A__1.B_1.C,c186,experimental_p2rank,0.9,0.36874967154139987,9.289253234863281,0,True
6nka__2__1.C__1.I_1.J,c299,experimental_p2rank,0.36363636363636365,0.11600780167608116,4.161736965179443,1,True
5od2__1__1.A__1.E,c1264,experimental_p2rank,0.9411764705882353,0.1571289895802715,5.922079086303711,0,True
6nka__2__1.D__1.K_1.L,c299,experimental_p2rank,0.3333333333333333,0.05414506980788364,5.32241678237915,1,True
5org__1__1.B__1.MA,c7,experimental_p2rank,0.631578947368421,0.7181132788259789,1.4102753400802612,1,True
5org__1__1.A__1.E_1.G_1.W,c7,experimental_p2rank,0.631578947368421,0.6745374693937708,1.4668302536010742,1,True
5od2__2__1.B__1.I,c1264,experimental_p2rank,0.9411764705882353,0.14149354337415768,6.276252269744873,0,True
5o50__1__1.A__1.C,c33,experimental_p2rank,0.9523809523809523,0.1985363021131115,8.369904518127441,0,True
2p69__1__1.A__1.B_1.C,c2940,experimental_p2rank,0.9230769230769231,0.5429337820373126,1.6540127992630005,1,True
5o50__1__2.A__2.C,c33,experimental_p2rank,0.9523809523809523,0.15701341294436771,9.415246963500977,0,True
2p69__1__2.A__2.B_2.C,c2940,experimental_p2rank,0.8461538461538461,0.5684944418478362,1.6673214435577393,1,True
2owz__1__1.A_2.A__1.B,c141,experimental_p2rank,0.9285714285714286,0.12138385864770065,9.716676712036133,1,True
4lom__1__18.A_6.A_9.A__18.C_9.B_9.D,c89,experimental_p2rank,0.8571428571428571,0.4702178269027293,1.458123803138733,1,True
6mt7__1__1.A__1.C,c2129,experimental_p2rank,1.0,0.19462182871226955,6.347567081451416,0,True
5o52__1__2.A__2.C,c33,experimental_p2rank,0.9090909090909091,0.10595844497416816,8.195128440856934,0,True
5o52__1__1.A__1.C,c33,experimental_p2rank,0.9545454545454546,0.16972050102956016,7.389885902404785,0,True
2owz__1__1.A_2.A__2.B,c141,experimental_p2rank,0.9285714285714286,0.12680164991420578,9.697999954223633,0,True
2owz__1__3.A_4.A__3.B,c141,experimental_p2rank,0.9285714285714286,0.11556583032406983,9.745989799499512,1,True
2oys__1__1.A_1.B__1.C,c5781,experimental_p2rank,0.0,,18.05806541442871,0,True
4lom__1__19.A_22.A_5.A__22.B_22.D_5.C,c89,experimental_p2rank,0.7142857142857143,0.3110798005246236,3.116929054260254,1,True
4nca__2__1.B__1.K,c2247,experimental_p2rank,0.6666666666666666,0.2700859731746985,2.1552648544311523,1,True
6mt7__2__1.B__1.D,c2129,experimental_p2rank,1.0,0.13057382587939378,6.5524067878723145,0,True
5ox1__1__1.A__1.B,c33,experimental_p2rank,0.9090909090909091,0.1813678642337977,9.101359367370605,1,True
4lom__1__2.A_21.A_5.A__21.C_5.B_5.D,c89,experimental_p2rank,0.8571428571428571,0.463262233648412,1.431726098060608,1,True
6mtf__1__1.A__1.C,c2129,experimental_p2rank,1.0,0.1351022755637708,7.449451446533203,0,True
5ox3__1__1.A__1.B,c33,experimental_p2rank,0.9,0.24886577640662172,9.908546447753906,0,True
5ox1__1__2.A__2.B,c33,experimental_p2rank,0.8636363636363636,0.12643984339542552,10.19818115234375,0,True
4o4j__1__1.B__1.M,c534,experimental_p2rank,0.0,,18.39051055908203,0,True
2ou5__1__1.A_1.B__1.F,c713,experimental_p2rank,1.0,0.13547834120149838,7.8184638023376465,1,True
2owz__1__3.A_4.A__4.B,c141,experimental_p2rank,0.9285714285714286,0.12193613073134545,9.720344543457031,1,True
4lom__1__20.A_24.A_8.A__24.B_24.D_8.C,c89,experimental_p2rank,0.7142857142857143,0.2792502538948567,3.1346447467803955,1,True
6mtf__2__1.B__1.D,c2129,experimental_p2rank,1.0,0.12267241013758169,7.600111961364746,0,True
5ox3__1__2.A__2.B,c33,experimental_p2rank,0.9,0.16915304740320702,10.37367057800293,0,True
5nc1__1__1.A__1.D,c5323,experimental_p2rank,0.0,,,0,False
4pgx__1__1.D__1.E_1.F_1.I,c31,experimental_p2rank,0.8125,0.298566664968718,2.1682255268096924,1,True
4p0a__1__1.A__1.B,c2624,experimental_p2rank,0.0,,,0,False
4phe__1__1.A__1.E_1.F_1.I,c31,experimental_p2rank,0.0,,,0,False
5ot8__2__1.B__1.R,c7,experimental_p2rank,0.7368421052631579,0.6548369604502724,1.2272371053695679,1,True
6nku__1__1.D__1.H_1.I_1.N,c31,experimental_p2rank,0.8666666666666667,0.338146365037668,2.2391703128814697,1,True
6nz4__1__1.A__1.C,c3462,experimental_p2rank,0.8,0.5270598270226498,5.9332733154296875,0,True
4pj3__1__1.A__1.B_1.C,c602,experimental_p2rank,0.7894736842105263,0.09515181844301332,17.414949417114258,0,True
2pyw__1__1.A__1.D_1.E_1.H,c1052,experimental_p2rank,0.9047619047619048,0.5645567311337588,3.145007610321045,0,True
4ocj__1__1.A__1.B,c1622,experimental_p2rank,0.8823529411764706,0.13210925361236925,4.666382789611816,1,True
5nc1__1__1.C__1.O,c5323,experimental_p2rank,0.0,,,0,False
4oke__1__1.A_1.B__1.C_1.D,c7587,experimental_p2rank,0.9,0.21365871414452248,10.692119598388672,1,True
4lom__1__22.A_3.A_6.A__22.C_6.B_6.D,c89,experimental_p2rank,0.8571428571428571,0.4776454875843216,1.4334385395050049,1,True
6nkw__1__1.D__1.H_1.I_1.N,c31,experimental_p2rank,0.75,0.21820253915179788,2.657256841659546,1,True
6nz6__1__1.A__1.C,c3462,experimental_p2rank,0.8421052631578947,0.5687211191444614,5.95875883102417,0,True
6nz5__1__1.A__1.C,c3462,experimental_p2rank,0.85,0.6395321169431698,4.6914215087890625,0,True
6pwy__1__1.A__1.E,c159,experimental_p2rank,0.9333333333333333,0.6106521249646976,1.2961736917495728,1,True
2pyw__1__1.B__1.K_1.L_1.N,c1052,experimental_p2rank,0.9090909090909091,0.4590390627973504,5.34501314163208,0,True
4mwz__2__1.B__1.H,c5754,experimental_p2rank,0.16666666666666666,0.004817303878909187,11.211651802062988,1,True
4oco__1__1.A__1.B,c1622,experimental_p2rank,0.9523809523809523,0.12218869972497542,4.578135013580322,1,True
4lom__1__23.A_4.A_8.A__23.C_8.B_8.D,c89,experimental_p2rank,0.8571428571428571,0.47368340237306267,1.4452420473098755,1,True
6on4__1__1.A__1.C_1.D,c8749,experimental_p2rank,0.9333333333333333,0.37894356021155134,1.661331057548523,1,True
5onr__1__1.A__1.B,c218,experimental_p2rank,0.9333333333333333,0.27482003802511135,2.7838070392608643,1,True
6nz6__1__1.B__1.D,c3462,experimental_p2rank,0.0,,14.336048126220703,0,True
6pwy__1__1.C__1.S,c159,experimental_p2rank,1.0,0.5703713905195359,1.415191411972046,1,True
4ocq__1__1.A__1.B,c1622,experimental_p2rank,0.875,0.12246288375569278,4.685519218444824,1,True
5o4f__2__1.B__1.O,c7,experimental_p2rank,0.7142857142857143,0.46913994500327166,1.5781668424606323,1,True
6nkz__1__1.D__1.G_1.H_1.I,c31,experimental_p2rank,0.875,0.2671407352470109,2.234604835510254,1,True
5m5q__1__1.A__1.B_1.C,c5724,experimental_p2rank,0.23076923076923078,0.009276746438444219,8.952474594116211,1,True
6pwy__1__1.D__1.V_1.Z,c159,experimental_p2rank,0.9375,0.38230424089977844,1.5741127729415894,1,True
1p1n__1__1.A__1.B,c7,experimental_p2rank,0.875,0.16997515059402618,2.2281301021575928,1,True
3ntu__1__1.A_6.A__6.B_6.C,c124,experimental_p2rank,0.625,0.09385587574102341,8.90666675567627,1,True
5ota__1__1.A__1.C,c7,experimental_p2rank,0.75,0.38065749422252304,2.190706491470337,1,True
5ota__2__1.B__1.F,c7,experimental_p2rank,0.7,0.40674600665972654,2.304826498031616,1,True
1qgs__1__1.A__1.B_1.C_1.D_1.E,c186,experimental_p2rank,1.0,0.73697845011648,1.4208087921142578,1,True
2pul__1__1.A__1.C_1.E,c1052,experimental_p2rank,0.0,,,0,False
1q95__1__1.A_1.B__1.M,c103,experimental_p2rank,0.7222222222222222,0.11687200521276597,13.020829200744629,1,True
4ocu__1__1.A__1.B_1.C,c1622,experimental_p2rank,1.0,0.17320838104470743,4.447372913360596,1,True
3ntu__1__2.A_4.A__4.B_4.C,c124,experimental_p2rank,0.6666666666666666,0.12122937442645265,8.060212135314941,0,True
5ocj__2__1.B__1.E,c4332,experimental_p2rank,0.9285714285714286,0.16515037889279063,2.6885488033294678,1,True
2pul__2__1.A__1.C_1.E,c1052,experimental_p2rank,0.0,,,0,False
1q95__1__1.B_1.C__1.N,c103,experimental_p2rank,0.7647058823529411,0.1091906235659799,14.435086250305176,1,True
1q95__1__1.E_1.F__1.R,c103,experimental_p2rank,0.8823529411764706,0.13192062225899182,12.250393867492676,1,True
3ntu__1__3.A_4.A__3.B_3.C,c124,experimental_p2rank,0.625,0.09167403425217976,8.904746055603027,1,True
3ntu__1__2.A_6.A__2.B_2.C,c124,experimental_p2rank,0.7083333333333334,0.08463133144092683,8.14986801147461,0,True
5owy__1__1.A__1.C,c33,experimental_p2rank,0.9047619047619048,0.16731301418212882,9.298676490783691,0,True
2pul__2__2.A__2.C_2.E,c1052,experimental_p2rank,0.0,,,0,False
2quh__1__1.A__1.C,c121,experimental_p2rank,0.8666666666666667,0.16231830444121176,7.326709747314453,1,True
3ntu__1__3.A_5.A__5.B_5.C,c124,experimental_p2rank,0.75,0.08636910260619751,8.315645217895508,0,True
5ndf__1__1.E__1.AA_1.BA_1.Z,c186,experimental_p2rank,0.8888888888888888,0.2813391720696396,2.643008232116699,1,True
5ofx__1__1.A__1.I_1.P,c225,experimental_p2rank,0.0,,,0,False
5ofx__2__1.B__1.J_1.Q,c225,experimental_p2rank,0.0,,,0,False
2qs1__1__1.A__1.E,c7,experimental_p2rank,0.8888888888888888,0.3742542660883826,1.7371785640716553,1,True
2quh__1__1.B__1.D,c121,experimental_p2rank,0.9333333333333333,0.17769751635327263,7.290415287017822,0,True
4qf9__1__1.A__1.D,c7,experimental_p2rank,0.7692307692307693,0.18033871853710792,3.0639541149139404,1,True
4qdc__1__1.A__1.E,c164,experimental_p2rank,0.8947368421052632,0.23450450261711922,3.5268068313598633,1,True
5ndf__1__2.C__2.S_2.T,c186,experimental_p2rank,0.9444444444444444,0.20973594818623167,9.124536514282227,0,True
5ofx__3__1.C__1.K_1.R,c225,experimental_p2rank,0.0,,,0,False
5ofx__4__1.D__1.L_1.S,c225,experimental_p2rank,0.0,,,0,False
5q0c__1__1.A_1.B__1.J,c141,experimental_p2rank,0.9411764705882353,0.10783085322710971,14.419485092163086,0,True
5owy__1__2.A__2.C,c33,experimental_p2rank,0.8571428571428571,0.15645373858918765,10.118739128112793,0,True
5owz__1__1.A__1.D,c33,experimental_p2rank,0.9090909090909091,0.18647381354414116,9.11681079864502,0,True
2qs1__1__2.A__2.E,c7,experimental_p2rank,0.8888888888888888,0.3674288162993591,1.754172444343567,1,True
4pbr__1__1.A__1.B,c121,experimental_p2rank,0.9444444444444444,0.2519089155868095,3.2431039810180664,1,True
4pbr__1__2.A__2.B,c121,experimental_p2rank,0.8888888888888888,0.24522297260147644,3.2577266693115234,1,True
4qf9__1__1.C__1.O,c7,experimental_p2rank,0.0,,,0,False
4qf9__2__2.B__2.H,c7,experimental_p2rank,0.6666666666666666,0.10165875512221753,3.8570384979248047,1,True
4qf9__2__1.B__1.H,c7,experimental_p2rank,0.6666666666666666,0.10242644751287835,3.8530147075653076,1,True
5ofx__5__1.E__1.M_1.T,c225,experimental_p2rank,0.0,,,0,False
5ofx__7__1.F__1.N_1.U,c225,experimental_p2rank,0.0,,,0,False
5q0c__1__1.A_1.B__1.L,c141,experimental_p2rank,0.9411764705882353,0.11639929981240171,14.237651824951172,0,True
5q0c__1__1.C_1.D__1.P,c141,experimental_p2rank,0.8823529411764706,0.09211738346081443,14.092421531677246,0,True
5ofx__9__1.H__1.O_1.W,c225,experimental_p2rank,0.0,,,0,False
5q0c__1__1.C_1.D__1.N,c141,experimental_p2rank,0.9411764705882353,0.13506395117756761,13.675187110900879,0,True
5owz__1__2.A__2.D,c33,experimental_p2rank,0.9090909090909091,0.17370986687155238,9.725382804870605,1,True
5ovz__1__1.A__1.C,c7,experimental_p2rank,0.8260869565217391,0.44229873897774824,1.9406085014343262,1,True
5ndf__2__1.F__1.CA_1.DA,c186,experimental_p2rank,0.8888888888888888,0.22927207774508984,8.125468254089355,0,True
5q0c__2__1.E_1.F__1.R,c141,experimental_p2rank,0.9411764705882353,0.06369986821944336,14.2001371383667,1,True
2qs1__2__1.B__1.H,c7,experimental_p2rank,0.7777777777777778,0.173044115221496,2.646453619003296,1,True
2qs1__2__2.B__2.H,c7,experimental_p2rank,0.7777777777777778,0.16997575654362285,2.6444716453552246,1,True
4q30__1__1.A__1.D,c7,experimental_p2rank,0.7647058823529411,0.368538143854227,2.323335886001587,1,True
2qvu__1__1.A_1.B__1.C_1.E,c141,experimental_p2rank,0.9444444444444444,0.1194981754937463,13.45222282409668,1,True
2qvu__1__1.A_1.B__1.G_1.I,c141,experimental_p2rank,1.0,0.12863505173839937,13.250365257263184,1,True
4qpl__2__1.C__1.H,c3965,experimental_p2rank,0.8888888888888888,0.23644209420714113,3.516080141067505,1,True
5lom__1__1.A__1.C,c7,experimental_p2rank,0.7916666666666666,0.40187705822385034,2.0147135257720947,1,True
4qpl__1__1.A__1.E,c3965,experimental_p2rank,0.9411764705882353,0.1694264154287227,3.6095778942108154,1,True
5ndf__2__2.D__2.V_2.W,c186,experimental_p2rank,0.9473684210526315,0.19241682741030453,9.084432601928711,0,True
5ovz__2__1.B__1.N,c7,experimental_p2rank,0.8095238095238095,0.45159541961073396,1.8754345178604126,1,True
5q0c__2__1.E_1.F__1.T,c141,experimental_p2rank,0.8823529411764706,0.09112373502528093,14.259254455566406,0,True
5q0c__2__1.G_1.H__1.V,c141,experimental_p2rank,0.9375,0.10942506069611051,13.274245262145996,0,True
5q0c__2__1.G_1.H__1.X,c141,experimental_p2rank,0.9411764705882353,0.12006497018126336,13.596648216247559,1,True
6qa7__1__2.A__2.B,c33,experimental_p2rank,0.9047619047619048,0.20591668568075971,7.329407215118408,1,True
6qa7__1__1.A__1.B,c33,experimental_p2rank,0.9047619047619048,0.1312779662953893,8.953100204467773,0,True
2qvu__1__2.A_2.B__2.C_2.E,c141,experimental_p2rank,0.9444444444444444,0.09744398663369697,13.46103572845459,0,True
4q30__1__1.B__1.G,c7,experimental_p2rank,0.75,0.4756314475670762,1.8974248170852661,1,True
4q30__2__1.C__1.J,c7,experimental_p2rank,0.75,0.4865509823126356,1.7748826742172241,1,True
5lom__2__1.B__1.F,c7,experimental_p2rank,0.8695652173913043,0.5403455414674887,1.4297577142715454,1,True
3qzy__1__1.A__1.D,c1187,experimental_p2rank,1.0,0.1895737281743082,6.728372573852539,0,True
5ndf__3__1.A__1.G_1.H_1.J_1.K,c186,experimental_p2rank,0.8888888888888888,0.14514151541958878,9.076361656188965,0,True
6qa8__1__2.A__2.B,c33,experimental_p2rank,0.9411764705882353,0.11446687725882898,9.587967872619629,0,True
6qa8__1__1.A__1.B,c33,experimental_p2rank,0.9411764705882353,0.15228063500724082,11.159891128540039,1,True
3r5c__1__1.A_1.B__1.F_1.G,c2315,experimental_p2rank,0.35294117647058826,0.09240369852819802,6.2001543045043945,0,True
3qxm__1__1.A__1.C,c7,experimental_p2rank,0.7647058823529411,0.5337332025722451,1.359525442123413,1,True
2qvu__1__2.A_2.B__2.G_2.I,c141,experimental_p2rank,1.0,0.13228532931017667,13.324028015136719,1,True
4q30__2__2.C__2.J,c7,experimental_p2rank,0.75,0.4687225474657988,1.771191954612732,1,True
6q54__1__1.A__1.I,c7,experimental_p2rank,0.9333333333333333,0.640647553799164,1.1430413722991943,1,True
5ndf__3__1.B__1.O_1.P_1.Q,c186,experimental_p2rank,1.0,0.3537224193123605,8.519218444824219,0,True
5ndf__4__1.C__1.S_1.T,c186,experimental_p2rank,0.9444444444444444,0.21002550363116324,9.116052627563477,0,True
4r02__1__1.K_1.L__1.GA,c20,experimental_p2rank,0.8095238095238095,0.20383282080544488,2.9411542415618896,1,True
3r5c__1__1.A_1.C__1.D_1.E,c2315,experimental_p2rank,0.47368421052631576,0.04228913066354627,7.176299571990967,0,True
6ovd__1__1.A_1.B__1.D,c7,experimental_p2rank,0.7894736842105263,0.21901795435982832,9.948751449584961,1,True
3qxm__2__1.B__1.D,c7,experimental_p2rank,0.6470588235294118,0.3944693461007238,1.7280213832855225,1,True
3rlb__1__1.A__1.J,c1834,experimental_p2rank,0.7647058823529411,0.4851147152041165,2.343108654022217,1,True
3qxs__1__2.A__2.C_2.D,c299,experimental_p2rank,0.5625,0.19909354871592427,4.593845844268799,1,True
3rlb__2__1.B__1.O,c1834,experimental_p2rank,0.7647058823529411,0.5002847252800913,1.5686724185943604,1,True
3qxs__1__1.A__1.C_1.D,c299,experimental_p2rank,0.5625,0.1946264343932967,4.567904472351074,1,True
5o0j__1__1.A__1.B,c1264,experimental_p2rank,0.9375,0.17638129138277572,5.1133880615234375,0,True
6q54__1__1.B__1.V,c7,experimental_p2rank,0.8125,0.45935218915440157,1.4597896337509155,1,True
6ove__1__1.A_1.B__1.D,c7,experimental_p2rank,0.8181818181818182,0.21040442780885604,11.491738319396973,0,True
4r02__1__1.Y_1.Z__1.MA,c20,experimental_p2rank,0.75,0.08941714091466735,4.048964023590088,1,True
6lop__1__1.A_1.B__1.D,c4280,experimental_p2rank,0.9411764705882353,0.0560167296814,4.806913375854492,1,True
2qvv__1__1.A_1.B__1.C_1.D,c141,experimental_p2rank,0.9444444444444444,0.10847376756226186,14.059492111206055,0,True
3rhz__1__1.A__1.C,c2302,experimental_p2rank,0.7894736842105263,0.3284495415910839,3.2046868801116943,1,True
4peg__3__1.C__1.N_1.O,c1401,experimental_p2rank,0.5454545454545454,0.07166437290497563,5.006232738494873,1,True
4r65__1__1.A__1.E_1.F_1.G,c31,experimental_p2rank,0.7857142857142857,0.3262325554894352,2.1773102283477783,1,True
5ndf__4__2.E__2.AA_2.BA_2.Z,c186,experimental_p2rank,0.8888888888888888,0.28763832719931903,2.6354846954345703,1,True
6ove__3__1.B__1.D,c7,experimental_p2rank,0.8095238095238095,0.4961333297006883,1.4594902992248535,1,True
6lop__1__1.A__1.C,c4280,experimental_p2rank,0.0,,,0,False
3rhz__1__1.B__1.D,c2302,experimental_p2rank,0.8947368421052632,0.40804979658865753,2.2698562145233154,1,True
4peg__4__1.D__1.Q_1.R,c1401,experimental_p2rank,0.5,0.09551871442462719,5.289684295654297,1,True
1rzu__2__1.B__1.D,c119,experimental_p2rank,0.8235294117647058,0.17464498708723342,5.164089202880859,1,True
3rhz__1__2.A__2.C,c2302,experimental_p2rank,0.7894736842105263,0.3354582428716491,3.2254018783569336,1,True
2qvv__1__2.A_2.B__2.C_2.D,c141,experimental_p2rank,0.9444444444444444,0.07691230607370927,14.080668449401855,0,True
2qvv__1__2.A_2.B__2.F_2.G,c141,experimental_p2rank,1.0,0.08280515892977765,14.170414924621582,0,True
2qvv__1__1.A_1.B__1.F_1.G,c141,experimental_p2rank,1.0,0.13156287334165942,14.125091552734375,1,True
3rhz__1__2.B__2.D,c2302,experimental_p2rank,0.8947368421052632,0.4122064078494255,2.2693021297454834,1,True
3s21__1__1.A_2.A__2.C,c161,experimental_p2rank,0.8571428571428571,0.21127749504821602,12.112224578857422,1,True
3s21__1__1.A_2.A__1.C,c161,experimental_p2rank,0.8571428571428571,0.20576100494020308,12.291534423828125,1,True
6s4h__1__1.A__1.B,c33,experimental_p2rank,0.9545454545454546,0.17519535627875685,7.0515875816345215,0,True
3s23__1__1.A_2.A__1.D,c161,experimental_p2rank,0.9230769230769231,0.23108462165665816,12.541267395019531,0,True
4s1b__1__1.A__1.C_1.D_1.E,c4417,experimental_p2rank,0.8846153846153846,0.17125214051681723,2.3918588161468506,1,True
6s4h__1__2.A__2.B,c33,experimental_p2rank,0.9090909090909091,0.1038050406120466,9.387465476989746,0,True
3s23__1__1.A_2.A__2.D,c161,experimental_p2rank,0.9230769230769231,0.19073767724712923,12.707710266113281,0,True
3rpn__1__1.A_1.D__1.G,c1556,experimental_p2rank,0.8636363636363636,0.10854642177046658,6.078818321228027,1,True
4s1b__3__1.A__1.C_1.D_1.E,c4417,experimental_p2rank,0.8846153846153846,0.1826562602640753,2.2945351600646973,1,True
4s1b__2__1.B__1.F_1.G_1.H,c4417,experimental_p2rank,0.875,0.15811344625887946,2.398714065551758,1,True
6r0h__1__1.A__1.B,c33,experimental_p2rank,0.875,0.14515332873781556,9.131349563598633,0,True
3rpn__2__1.B_1.E__1.H,c1556,experimental_p2rank,0.9545454545454546,0.17636095310960725,5.544224739074707,1,True
3rpn__1__1.A_1.D__1.J,c1556,experimental_p2rank,0.9545454545454546,0.2962895770621828,4.242795944213867,1,True
4s1b__3__2.B__2.F_2.G_2.H,c4417,experimental_p2rank,0.875,0.14021290362428862,2.512406826019287,1,True
3rpn__2__1.B_1.E__1.K,c1556,experimental_p2rank,0.9090909090909091,0.3762936350840774,3.593919277191162,1,True
6r0h__1__2.A__2.B,c33,experimental_p2rank,0.9583333333333334,0.15404345891102988,6.715878486633301,0,True
1syi__1__1.A__1.C,c7,experimental_p2rank,0.8666666666666667,0.44264650089752,2.0731537342071533,1,True
3rpn__3__1.C_1.F__1.L,c1556,experimental_p2rank,0.9523809523809523,0.21388591980086213,4.6072564125061035,1,True
3rpn__3__1.C_1.F__1.I,c1556,experimental_p2rank,0.9565217391304348,0.19537964501384078,5.922143936157227,1,True
1syi__1__1.B__1.D,c7,experimental_p2rank,0.8235294117647058,0.44944898972577435,1.8685495853424072,1,True
5ted__1__1.B__1.C,c13035,experimental_p2rank,0.0,,10.008210182189941,0,True
1tmn__1__1.A__1.B_1.G,c218,experimental_p2rank,0.9411764705882353,0.2999863427314007,3.0688230991363525,1,True
5t6c__1__1.A__1.C,c118,experimental_p2rank,0.9565217391304348,0.1098854442742116,6.582527160644531,1,True
2tmn__1__1.A__1.F_1.G,c218,experimental_p2rank,1.0,0.5074485698710633,2.062279224395752,1,True
1tlp__1__1.A__1.B_1.G,c218,experimental_p2rank,0.8888888888888888,0.202608610243511,3.598377227783203,1,True
3pnl__1__1.A_1.B__1.D_1.E_1.F,c1033,experimental_p2rank,0.875,0.13113437836319475,6.646017074584961,0,True
5tb8__1__1.A__1.E_1.I_1.J,c31,experimental_p2rank,0.9333333333333333,0.2722378231930821,2.2327311038970947,1,True
5t48__1__1.A__1.C,c326,experimental_p2rank,0.8181818181818182,0.6609397537593681,1.6058530807495117,1,True
4tnp__1__1.B__1.J,c159,experimental_p2rank,0.8823529411764706,0.42444443085837225,1.5625107288360596,1,True
4tnp__1__1.A__1.E,c159,experimental_p2rank,0.9411764705882353,0.45779549027258404,1.636426568031311,1,True
1tt1__1__1.B__1.D,c7,experimental_p2rank,0.6428571428571429,0.25275131899490233,1.9971016645431519,1,True
1tt1__1__1.A__1.C,c7,experimental_p2rank,0.6666666666666666,0.3118751234989813,1.8413267135620117,1,True
3pnl__1__2.A_2.B__2.D_2.E_2.F,c1033,experimental_p2rank,0.875,0.3753037479486146,5.7586798667907715,0,True
3tvq__1__1.A__1.B,c5720,experimental_p2rank,1.0,0.1479923774435005,3.7096328735351562,1,True
4rpn__2__1.D__1.K,c1738,experimental_p2rank,0.9375,0.27660533703994905,1.4221655130386353,1,True
1txz__1__1.A_2.A__1.D_1.E_1.F,c3228,experimental_p2rank,0.7857142857142857,0.05390763676601967,12.148808479309082,0,True
1txz__1__1.A_2.A__2.D_2.E_2.F,c12080,experimental_p2rank,0.7857142857142857,0.05508028478152363,12.094356536865234,0,True
4tnp__1__1.C__1.P,c159,experimental_p2rank,0.8823529411764706,0.28934771740599025,4.325533390045166,0,True
4tnp__1__1.D__1.R,c159,experimental_p2rank,1.0,0.4376489939737982,1.5791822671890259,1,True
5t5u__1__1.A__1.C,c118,experimental_p2rank,0.9473684210526315,0.115701063088019,5.9683990478515625,1,True
3qv2__1__1.A__1.B,c272,experimental_p2rank,0.9,0.6219929714822963,1.7938216924667358,1,True
4tqc__1__1.A__1.C,c326,experimental_p2rank,0.8888888888888888,0.5170632261874825,5.831189155578613,0,True
4to0__1__1.A__1.E,c159,experimental_p2rank,0.9411764705882353,0.41485989621494995,1.7081794738769531,1,True
4tnz__1__1.C__1.Q_1.R,c159,experimental_p2rank,1.0,0.3030813178417197,3.852494239807129,0,True
4tnz__1__1.B__1.L_1.M,c159,experimental_p2rank,0.875,0.2455902335389903,4.614182472229004,0,True
1t3q__1__1.A_1.B__1.N_1.O_1.P,c234,experimental_p2rank,0.8285714285714286,0.08526581284476967,9.677190780639648,1,True
3pnl__2__1.A_1.B__1.D_1.E_1.F,c1033,experimental_p2rank,0.875,0.1245494561719294,6.633331775665283,0,True
4tqc__2__1.B__1.E,c326,experimental_p2rank,1.0,0.7394444996001758,1.6585270166397095,1,True
3tpt__1__1.A__1.C_1.D,c2488,experimental_p2rank,0.9523809523809523,0.4895694385995113,1.0500823259353638,1,True
4to0__1__1.B__1.J,c159,experimental_p2rank,0.9411764705882353,0.2756311314203286,4.136940002441406,0,True
6pnz__1__1.A_1.B__1.D,c103,experimental_p2rank,0.7647058823529411,0.12161561749093472,13.952064514160156,1,True
6tx0__1__1.A__1.C_1.D_1.E_1.G,c159,experimental_p2rank,1.0,0.4598719260036866,1.383000373840332,1,True
1ua4__1__1.A__1.D,c1264,experimental_p2rank,0.8888888888888888,0.23333578859083093,6.547090530395508,0,True
3sbx__2__1.C_1.D__1.K,c2020,experimental_p2rank,0.8260869565217391,0.21061564531434904,7.045168876647949,1,True
3tpt__2__1.B__1.F_1.G_1.H,c2488,experimental_p2rank,0.9523809523809523,0.5837550490037662,0.8802681565284729,1,True
4to0__1__1.C__1.O,c159,experimental_p2rank,0.9411764705882353,0.3053305566935785,4.240035533905029,0,True
6pnz__1__1.A_1.C__1.F,c103,experimental_p2rank,0.8823529411764706,0.17599266137301767,11.445974349975586,0,True
6tx0__1__1.B__1.K_1.L_1.M_1.O,c159,experimental_p2rank,0.9473684210526315,0.3975658965143301,1.5675644874572754,1,True
6tx0__1__2.A__2.C_2.D_2.E_2.G,c159,experimental_p2rank,0.9473684210526315,0.42163546648331046,1.4030393362045288,1,True
3rtf__1__1.B__1.G,c7,experimental_p2rank,0.7058823529411765,0.47316212820651016,2.1936051845550537,1,True
3sbx__2__1.C_1.D__1.L,c2020,experimental_p2rank,0.8695652173913043,0.2725243898182709,6.65250301361084,0,True
3u92__1__1.A__1.C,c7,experimental_p2rank,0.8461538461538461,0.517408086691109,1.4456883668899536,1,True
4tus__1__1.A__1.E_1.F_1.I,c31,experimental_p2rank,0.8,0.2935521374590627,2.435492515563965,1,True
1t3q__1__1.D_1.E__1.AA_1.BA,c234,experimental_p2rank,0.8333333333333334,0.08423090624908189,8.756324768066406,1,True
3ufm__1__1.A__1.B,c14616,experimental_p2rank,0.8461538461538461,0.13299627086963112,9.53269100189209,1,True
6sqz__1__1.A_1.B_2.A__1.C_1.D_1.E,c1396,experimental_p2rank,1.0,0.26559581856387454,10.350282669067383,0,True
6txf__1__1.A__1.C_1.D_1.E_1.G,c159,experimental_p2rank,1.0,0.4713956311582007,1.371018409729004,1,True
6tx0__1__2.B__2.K_2.L_2.M_2.O,c159,experimental_p2rank,0.8421052631578947,0.34446937108159503,1.7779258489608765,1,True
4u21__1__1.A_1.B__1.E,c7,experimental_p2rank,0.08333333333333333,0.00937957103745453,7.605039596557617,0,True
3t96__1__1.A__1.D,c7,experimental_p2rank,0.75,0.3939932280006917,2.3671300411224365,1,True
4u21__1__1.A__1.C,c7,experimental_p2rank,0.75,0.6860538138650235,1.4106813669204712,1,True
4u21__1__1.B__1.D,c7,experimental_p2rank,0.75,0.7320509429713697,1.3378574848175049,1,True
4to0__1__1.D__1.R,c159,experimental_p2rank,1.0,0.42022900859275475,1.5891952514648438,1,True
6thj__10__1.J__1.DA,c2174,experimental_p2rank,1.0,0.5970004176309357,1.571801781654358,1,True
3tsu__1__1.A__1.G,c1652,experimental_p2rank,0.9130434782608695,0.1204110146875392,4.122265815734863,1,True
6thj__11__1.K__1.FA,c2174,experimental_p2rank,0.8181818181818182,0.34265071296434546,1.024800181388855,1,True
6sqz__1__1.A_2.A_2.B__2.C_2.D_2.E,c1396,experimental_p2rank,1.0,0.23066173058743436,10.696616172790527,0,True
6sbt__1__1.A__1.B_1.D,c7,experimental_p2rank,0.7142857142857143,0.09920968176803732,3.4503085613250732,1,True
6pnz__1__1.B_1.C__1.E,c103,experimental_p2rank,0.8823529411764706,0.12480055281054418,13.07406997680664,1,True
6s22__1__1.A_1.B__1.R_1.S,c186,experimental_p2rank,0.9375,0.08899330203896798,9.875807762145996,0,True
6txf__1__1.B__1.K_1.L_1.M_1.O,c159,experimental_p2rank,0.95,0.297612033824157,4.236819267272949,0,True
6txf__1__2.A__2.C_2.D_2.E_2.G,c159,experimental_p2rank,0.9473684210526315,0.42454034728586215,1.4509756565093994,1,True
4u22__1__1.A__1.B,c7,experimental_p2rank,0.7058823529411765,0.5662889743728783,1.9476444721221924,1,True
6thj__1__1.A__1.M,c2174,experimental_p2rank,0.0,,,0,False
6thj__2__1.B__1.O,c2174,experimental_p2rank,0.0,,,0,False
6thj__3__1.C__1.P,c2174,experimental_p2rank,0.0,,,0,False
6thj__4__1.D__1.R,c2174,experimental_p2rank,0.0,,,0,False
6sbt__1__2.A__2.B_2.D,c7,experimental_p2rank,0.7142857142857143,0.0997130672901522,3.455471992492676,1,True
6txf__1__2.B__2.K_2.L_2.M_2.O,c159,experimental_p2rank,0.9,0.24222316499421503,4.826888084411621,0,True
3t96__1__1.B__1.G,c7,experimental_p2rank,0.8125,0.5238219593572764,1.6175785064697266,1,True
4u23__1__1.A__1.B,c7,experimental_p2rank,0.6470588235294118,0.513939057196195,1.9186029434204102,1,True
4to2__1__1.A__1.E_1.F,c159,experimental_p2rank,0.9444444444444444,0.3645816583532803,1.7017436027526855,1,True
3t2e__1__1.A_4.A__1.D,c2190,experimental_p2rank,0.8571428571428571,0.1271161901313559,12.324185371398926,0,True
3u92__1__1.B__1.H,c7,experimental_p2rank,0.8461538461538461,0.41206023410114734,1.5307817459106445,1,True
5tva__2__1.B__1.E,c1867,experimental_p2rank,0.0,,,0,False
6thj__5__1.E__1.T,c2174,experimental_p2rank,1.0,0.49825877695924486,1.0766609907150269,1,True
6uf0__1__1.A__1.C,c315,experimental_p2rank,1.0,0.13258608757289048,2.9591708183288574,0,True
6s2g__1__1.A__1.I_1.P,c804,experimental_p2rank,0.0,,17.993284225463867,0,True
3t96__2__1.C__1.J,c7,experimental_p2rank,0.8666666666666667,0.3722406672029431,2.2813897132873535,1,True
1uqu__1__1.A__1.C,c119,experimental_p2rank,0.72,0.12884438907144077,5.338267803192139,1,True
6thj__7__1.G__1.X,c2174,experimental_p2rank,0.0,,,0,False
6thj__6__1.F__1.V,c2174,experimental_p2rank,1.0,0.5659780735218402,1.413329839706421,1,True
6s2g__1__2.A__2.I_2.P,c804,experimental_p2rank,0.0,,18.205921173095703,0,True
3t96__2__2.C__2.J,c7,experimental_p2rank,0.8666666666666667,0.3787316561910582,2.280263900756836,1,True
4rt2__1__1.A__1.E_1.F_1.J,c31,experimental_p2rank,0.9333333333333333,0.3490083582911044,2.0097856521606445,1,True
3t9h__1__1.A__1.D,c7,experimental_p2rank,0.8125,0.3167897541202292,1.5222797393798828,1,True
6thj__9__1.I__1.BA,c2174,experimental_p2rank,0.0,,,0,False
6thj__8__1.H__1.Z,c2174,experimental_p2rank,1.0,0.4796222748353627,1.0351637601852417,1,True
4to2__1__1.B__1.K_1.L,c159,experimental_p2rank,0.95,0.3724431582770929,1.6460106372833252,1,True
5tvg__3__1.A__1.I_1.L,c119,experimental_p2rank,0.6,0.12243857892344409,3.480654716491699,1,True
5tvg__1__1.A__1.I_1.L,c119,experimental_p2rank,0.6,0.13048696835677348,3.478980779647827,1,True
3t2e__1__5.A_8.A__5.D,c2190,experimental_p2rank,0.8571428571428571,0.12475645622232309,12.289034843444824,0,True
6rbj__1__1.A__1.D_1.E_1.F,c2537,experimental_p2rank,0.9,0.2917708468658889,5.266650199890137,0,True
3t9h__1__1.B__1.G,c7,experimental_p2rank,0.8125,0.28099423653635197,1.8038640022277832,1,True
5tsx__1__1.A__1.S,c1996,experimental_p2rank,0.0,,,0,False
6rbj__2__1.B__1.K_1.L,c2537,experimental_p2rank,1.0,0.25510864849390796,5.760893821716309,1,True
3t9h__2__1.C__1.J,c7,experimental_p2rank,0.8,0.5501863622085219,1.1898455619812012,1,True
2uyc__1__1.A__1.D,c272,experimental_p2rank,0.8260869565217391,0.5003337054095621,3.0600264072418213,1,True
4rt3__1__1.A__1.E_1.F_1.L,c31,experimental_p2rank,0.8125,0.24258603516294963,2.4110968112945557,1,True
4to2__1__1.C__1.R_1.S,c159,experimental_p2rank,1.0,0.387561878804752,1.6455044746398926,1,True
5u2r__1__1.A__1.E_1.F_1.G,c31,experimental_p2rank,0.9375,0.2937194675723884,3.2654128074645996,1,True
5u2t__1__1.A__1.E_1.F_1.M,c31,experimental_p2rank,0.5714285714285714,0.2123282105312054,1.9284206628799438,1,True
5tsx__1__1.H__1.V,c1996,experimental_p2rank,0.0,,,0,False
4to2__1__1.D__1.V_1.W,c159,experimental_p2rank,1.0,0.3892386509099836,1.5587351322174072,1,True
3t9h__2__2.C__2.J,c7,experimental_p2rank,0.8,0.4942993517519697,1.2771449089050293,1,True
5tsx__2__1.B__1.T,c1996,experimental_p2rank,0.0,,,0,False
5vez__1__1.D__1.F_1.I,c31,experimental_p2rank,0.9333333333333333,0.3632660916422478,1.9019712209701538,1,True
4ut5__1__1.A_1.B__1.F_1.K_1.L,c266,experimental_p2rank,0.0,,,0,False
4to3__1__1.A__1.E_1.F,c159,experimental_p2rank,0.9411764705882353,0.2986168057094592,1.8727538585662842,1,True
5tsx__2__1.G__1.U,c1996,experimental_p2rank,0.0,,,0,False
4to3__1__1.B__1.K_1.L,c159,experimental_p2rank,0.8823529411764706,0.3605339388578738,1.7675848007202148,1,True
5umx__1__1.A_1.B__1.D,c2018,experimental_p2rank,1.0,0.359152416983984,9.455594062805176,0,True
5ujj__1__1.A__1.C_1.D_1.E,c121,experimental_p2rank,0.9642857142857143,0.2175640032095889,6.607232093811035,0,True
2v8y__1__1.A__1.E,c326,experimental_p2rank,1.0,0.5453088731618325,1.9526885747909546,1,True
4v3c__1__1.A__1.B,c1327,experimental_p2rank,0.7777777777777778,0.08739958539257361,5.518032550811768,1,True
4to3__1__1.C__1.R_1.S,c159,experimental_p2rank,0.9411764705882353,0.43389305452355725,1.4315074682235718,1,True
5ujj__1__1.B__1.F_1.G,c121,experimental_p2rank,0.8275862068965517,0.28191471537914436,4.342191219329834,1,True
1vso__1__1.A__1.B_1.C,c7,experimental_p2rank,0.0,,,0,False
2v8y__2__1.C__1.F,c326,experimental_p2rank,1.0,0.6286082480921499,1.8491793870925903,1,True
2vuc__1__1.A_1.B__1.I_1.K_1.L,c266,experimental_p2rank,0.0,,,0,False
3vy2__1__1.A_1.B__1.C,c1089,experimental_p2rank,0.8571428571428571,0.43272762442903717,6.704400539398193,0,True
1vso__1__2.A__2.B_2.C,c7,experimental_p2rank,0.0,,,0,False
3vy2__1__1.A_1.B__1.D,c1089,experimental_p2rank,0.6666666666666666,0.17616353796408268,8.59204387664795,1,True
4to3__1__1.D__1.V_1.W,c159,experimental_p2rank,0.8823529411764706,0.27055519971324754,1.9661813974380493,1,True
2vuc__1__1.C_1.D__1.M_1.N_1.O,c266,experimental_p2rank,0.0,,,0,False
3vy5__1__1.A_1.B__1.C,c1089,experimental_p2rank,0.8095238095238095,0.39576464474621065,6.481459617614746,0,True
5vz0__1__1.A_1.B__1.H,c2559,experimental_p2rank,0.8,0.006655083189504421,18.421287536621094,1,True
5v13__1__1.A__1.D,c2129,experimental_p2rank,0.9523809523809523,0.08110092707379557,6.110168933868408,0,True
3vy5__1__1.A_1.B__1.D,c1089,experimental_p2rank,0.6666666666666666,0.15857727106909558,8.06068229675293,1,True
5v0i__1__1.A__1.C,c121,experimental_p2rank,0.9333333333333333,0.10661319769544604,3.92087459564209,1,True
4to4__1__1.A__1.E_1.F,c159,experimental_p2rank,1.0,0.3427190140583686,1.7893478870391846,1,True
1w8f__1__1.A_1.C__1.E_1.J_1.K,c266,experimental_p2rank,0.0,,,0,False
2w1a__1__1.C_2.C__2.O,c2741,experimental_p2rank,0.9375,0.4258655290854519,11.571030616760254,1,True
2vuc__1__1.C_1.D__1.P_1.Q_1.R,c266,experimental_p2rank,0.0,,,0,False
5v13__1__1.B__1.E,c2129,experimental_p2rank,0.9523809523809523,0.0764112574600305,6.349853515625,0,True
4to4__1__1.B__1.J_1.K,c159,experimental_p2rank,0.9411764705882353,0.410877318735837,1.6058015823364258,1,True
5vz0__1__1.C_1.D__1.M,c2559,experimental_p2rank,0.8666666666666667,0.009124985157380451,18.395280838012695,0,True
2vud__1__1.A_1.B__1.I_1.J_1.K,c266,experimental_p2rank,0.7692307692307693,0.39562812426514665,1.8301022052764893,1,True
3wd7__1__1.B__1.L,c161,experimental_p2rank,0.8636363636363636,0.038604794547503755,4.98325777053833,1,True
3wd7__1__1.A__1.C,c161,experimental_p2rank,0.8095238095238095,0.04209533423078364,5.103121280670166,1,True
5vyz__1__1.A_1.B__1.H,c2559,experimental_p2rank,0.8,0.007138151470392064,18.111997604370117,1,True
2uz4__1__1.A__1.D,c272,experimental_p2rank,0.8695652173913043,0.5594085563995123,2.830825090408325,1,True
4wh2__1__1.A__1.B_1.C_1.D_1.E_1.J,c1622,experimental_p2rank,0.9047619047619048,0.43477373293471033,6.719881534576416,1,True
5v13__1__1.C__1.F,c2129,experimental_p2rank,0.9523809523809523,0.19959214869509523,3.4698517322540283,1,True
3wdk__1__1.A_1.B__1.G,c1768,experimental_p2rank,0.0,,11.102766036987305,0,True
5vyz__1__1.C_1.D__1.O,c2559,experimental_p2rank,0.9333333333333333,0.010199109775938504,18.10066032409668,0,True
2vud__1__1.C_1.D__1.M_1.N_1.O,c266,experimental_p2rank,0.0,,24.341909408569336,0,True
2w1a__1__1.D_2.D__2.P,c2741,experimental_p2rank,0.875,0.439376079165003,11.191998481750488,0,True
3wmv__1__1.A__1.D,c2356,experimental_p2rank,0.0,,,0,False
3wdk__1__1.A__1.E,c1768,experimental_p2rank,0.8846153846153846,0.4694593548084933,2.3862645626068115,1,True
4to4__1__1.C__1.R_1.S,c159,experimental_p2rank,1.0,0.38130406404713735,1.5677827596664429,1,True
5w27__1__1.A_1.B__1.D,c2018,experimental_p2rank,0.8947368421052632,0.3001401713651133,8.758488655090332,0,True
1wq3__1__1.A__1.B,c121,experimental_p2rank,0.9333333333333333,0.1606897091629481,4.529397010803223,0,True
1wq3__1__2.A__2.B,c121,experimental_p2rank,0.8,0.16983198444789455,4.553035736083984,0,True
2vud__1__1.C_1.D__1.P_1.Q_1.R,c266,experimental_p2rank,0.8333333333333334,0.5493453461684438,1.5465527772903442,1,True
3wmv__1__1.B__1.F,c2356,experimental_p2rank,0.0,,,0,False
4u1o__1__1.A__1.B,c7,experimental_p2rank,0.0,,,0,False
2w97__1__1.A_1.B__1.E,c326,experimental_p2rank,0.8,0.4052242169081666,4.936852931976318,1,True
3wdk__2__1.C_1.D__1.J,c1768,experimental_p2rank,0.0,,9.853339195251465,0,True
4to4__1__1.D__1.V_1.W,c159,experimental_p2rank,0.9375,0.3894063392897369,1.7441551685333252,1,True
6w2m__1__1.A__1.E_1.F_1.K,c31,experimental_p2rank,0.8125,0.26364522915014466,2.4153428077697754,1,True
2wky__1__1.A__1.E,c7,experimental_p2rank,0.8461538461538461,0.3000871282830552,1.825954794883728,1,True
2wqy__2__1.F_1.G_1.H__1.JD,c270,experimental_p2rank,1.0,0.16577666179234823,9.207183837890625,0,True
3wdk__2__1.C__1.H,c1768,experimental_p2rank,0.8518518518518519,0.18090754117389646,3.6702136993408203,1,True
4to6__1__1.A__1.E,c159,experimental_p2rank,0.9375,0.2594815986588817,3.940877676010132,0,True
3vth__1__1.A__1.F_1.G,c1652,experimental_p2rank,0.95,0.17589111631787463,5.762901306152344,0,True
5u8c__1__1.A_1.B__1.E,c7,experimental_p2rank,0.8421052631578947,0.11052496114016205,10.530221939086914,0,True
2wky__1__1.B__1.F,c7,experimental_p2rank,0.8461538461538461,0.49481120337714857,1.2688957452774048,1,True
4to6__1__1.B__1.I,c159,experimental_p2rank,1.0,0.2814522176555485,4.269587516784668,0,True
5wo0__1__1.D__1.F_1.K_1.L,c31,experimental_p2rank,0.8,0.31091361860992084,2.0461957454681396,1,True
3vth__2__1.B__1.S_1.T,c1652,experimental_p2rank,0.9523809523809523,0.13309796505173094,6.152504920959473,0,True
3wy0__1__1.A__1.C,c161,experimental_p2rank,0.782608695652174,0.04906964927899724,4.960973739624023,0,True
1wlk__2__1.C_1.D__1.G,c1089,experimental_p2rank,0.7142857142857143,0.23197373102222005,7.5037455558776855,1,True
1xdn__1__1.A__1.B_1.C,c4705,experimental_p2rank,0.9444444444444444,0.2670335735337504,2.632796287536621,1,True
1wlk__1__1.A_1.B__1.E,c1089,experimental_p2rank,0.8095238095238095,0.33890151103557103,7.3208441734313965,0,True
1wlk__1__1.A_1.B__1.F,c1089,experimental_p2rank,0.7142857142857143,0.24186671754304667,7.915195941925049,1,True
3wy0__1__1.B__1.D,c161,experimental_p2rank,0.7727272727272727,0.05576583989653669,5.026259899139404,0,True
1wlk__2__1.C_1.D__1.H,c1089,experimental_p2rank,0.8571428571428571,0.3693616562998636,7.269514560699463,0,True
4to6__1__1.C__1.O,c159,experimental_p2rank,1.0,0.2800114483406298,4.279574871063232,0,True
4wbd__1__1.A__1.B,c6395,experimental_p2rank,0.9090909090909091,0.40970444639750825,10.274632453918457,0,True
4to6__1__1.D__1.S,c159,experimental_p2rank,0.9375,0.28199792036330773,4.257606506347656,0,True
5x62__1__1.A__1.C,c3084,experimental_p2rank,0.05,0.012935034423160864,4.065684795379639,1,True
4wbd__1__2.A__2.B,c6395,experimental_p2rank,0.9090909090909091,0.41337044173086523,10.257351875305176,0,True
5x62__1__1.B__1.D,c3084,experimental_p2rank,0.95,0.6799041690466197,2.6951234340667725,1,True
3wxy__1__1.A__1.C,c161,experimental_p2rank,0.8181818181818182,0.06548153731876521,4.326411247253418,0,True
3wxy__1__1.B__1.D,c161,experimental_p2rank,0.8181818181818182,0.07811639097248256,4.4393391609191895,0,True
1xp8__1__1.A__1.B,c124,experimental_p2rank,0.8666666666666667,0.6294972523901128,1.4856542348861694,1,True
4x7m__1__1.A__1.C,c119,experimental_p2rank,0.5625,0.18380134007415203,2.7742748260498047,1,True
4x7m__2__1.B__1.D,c119,experimental_p2rank,0.84375,0.3593593732558486,1.8470300436019897,1,True
4xs9__1__1.A_1.B__1.C,c161,experimental_p2rank,1.0,0.028287693435018052,13.54488754272461,0,True
1xes__1__1.A_1.B__1.F,c161,experimental_p2rank,0.8235294117647058,0.18521541925249063,5.056929588317871,1,True
4xs9__1__1.A_1.B__1.D,c161,experimental_p2rank,0.9444444444444444,0.0440255177091243,11.983214378356934,1,True
5wx3__1__1.A__1.E,c161,experimental_p2rank,0.8181818181818182,0.41643585321622106,2.2066147327423096,1,True
5wx3__2__1.D__1.K,c161,experimental_p2rank,0.7142857142857143,0.051352018468520735,4.479857921600342,1,True
1xet__1__1.A_1.B__1.E,c161,experimental_p2rank,0.7777777777777778,0.15598021763945427,5.909910678863525,1,True
2xzl__1__1.A__1.F_1.G_1.H,c602,experimental_p2rank,0.0,,,0,False
4xsr__1__1.A__1.E,c119,experimental_p2rank,0.92,0.4003691628276999,1.7630422115325928,1,True
5wx6__1__1.A__1.G,c161,experimental_p2rank,0.8095238095238095,0.04190520099395987,4.988129615783691,1,True
1xms__1__1.A__1.B_1.C,c124,experimental_p2rank,0.875,0.29638322969813236,3.7085795402526855,1,True
5wx6__2__1.B__1.I,c161,experimental_p2rank,0.9047619047619048,0.09247247049667381,3.7577402591705322,1,True
4yi5__1__1.A__1.C,c33,experimental_p2rank,0.92,0.14888488489875976,7.35017728805542,0,True
2xzo__1__1.A__1.F_1.G_1.H,c602,experimental_p2rank,0.6842105263157895,0.6050140099957901,8.062021255493164,1,True
6xu1__1__1.A__1.I_1.J_1.K_1.M,c159,experimental_p2rank,1.0,0.3802922490462411,3.7626349925994873,0,True
5wx7__1__1.B__1.G,c161,experimental_p2rank,0.8260869565217391,0.04480913997378457,4.840657711029053,1,True
1xms__1__2.A__2.B_2.C,c124,experimental_p2rank,0.9375,0.33621814682323864,4.52105188369751,1,True
2xxt__1__1.A__1.C,c7,experimental_p2rank,0.7857142857142857,0.43130403193273475,1.58251953125,1,True
2xxt__1__1.B__1.F,c7,experimental_p2rank,0.8571428571428571,0.3605392162721464,1.4987300634384155,1,True
4xsr__1__1.B__1.J,c119,experimental_p2rank,0.92,0.4085957614975619,1.7620158195495605,1,True
6xu1__1__1.B__1.P_1.Q_1.R_1.T,c159,experimental_p2rank,1.0,0.420553220241609,1.4644800424575806,1,True
5wx7__2__1.C__1.I,c161,experimental_p2rank,0.8095238095238095,0.052661206871465534,4.949341773986816,1,True
1yv3__1__1.A__1.F,c1599,experimental_p2rank,0.8947368421052632,0.057847120551194786,8.46928882598877,1,True
1yz0__1__1.A_1.B__1.C_1.D,c141,experimental_p2rank,0.9285714285714286,0.1039432007186898,14.24343490600586,0,True
6xu1__1__1.C__1.AA_1.W_1.X_1.Y,c159,experimental_p2rank,0.9,0.4323352979538939,3.8858072757720947,0,True
1xms__1__3.A__3.B_3.C,c124,experimental_p2rank,0.75,0.18849986049972078,6.101297378540039,0,True
1yy6__1__1.A__1.B,c2776,experimental_p2rank,0.0,,,0,False
1xms__1__4.A__4.B_4.C,c124,experimental_p2rank,0.875,0.3095776951218194,3.4928159713745117,1,True
2xxv__1__1.A__1.C,c7,experimental_p2rank,0.7857142857142857,0.3476316910655245,1.58865487575531,1,True
2xxv__1__1.B__1.E,c7,experimental_p2rank,0.8571428571428571,0.3579132621036832,1.5218991041183472,1,True
1yxi__1__1.A_2.A__1.B_1.D_1.E_1.F_1.G,c141,experimental_p2rank,0.9375,0.130544268417738,14.469482421875,0,True
6xu1__1__1.D__1.EA_1.FA_1.GA_1.IA,c159,experimental_p2rank,1.0,0.4455839792401293,1.415352463722229,1,True
5xsw__1__1.A_1.B__1.D_1.Q,c4931,experimental_p2rank,0.8,0.02607307463392937,13.74350643157959,0,True
1yyz__1__1.A_2.A__2.B_2.C_2.D_2.E,c141,experimental_p2rank,0.9375,0.11012722509684106,14.151473999023438,0,True
1yyz__1__1.A_2.A__1.B_1.C_1.D_1.E,c141,experimental_p2rank,0.9375,0.1132178016700203,14.153722763061523,0,True
5wr6__1__1.A__1.B_1.C,c218,experimental_p2rank,1.0,0.4520227155739201,1.361567497253418,1,True
4ymo__1__1.A__1.E_1.F_1.I,c31,experimental_p2rank,0.8,0.2099314059711105,2.6880669593811035,1,True
6xu1__2__1.E__1.LA_1.MA_1.NA_1.PA,c159,experimental_p2rank,0.95,0.49590941941914357,1.4417154788970947,1,True
4ysi__1__1.A__1.B_1.C,c2776,experimental_p2rank,0.0,,,0,False
1yxi__1__1.A_2.A__2.B_2.D_2.E_2.F_2.G,c141,experimental_p2rank,0.9375,0.12985054156069936,14.482233047485352,0,True
2yne__1__1.A__1.F,c118,experimental_p2rank,0.9545454545454546,0.1354635504996362,5.707218170166016,1,True
2yne__2__1.B__1.M,c118,experimental_p2rank,0.9545454545454546,0.1109946219214418,5.699672222137451,1,True
6wn2__1__1.A__1.C,c121,experimental_p2rank,0.7368421052631579,0.15337298760102996,4.819070339202881,1,True
6wn2__1__1.B__1.L,c121,experimental_p2rank,0.6842105263157895,0.09815009947319306,5.047998428344727,1,True
4ysx__1__1.B_1.C_1.D__1.N,c270,experimental_p2rank,0.9285714285714286,0.05467250314537496,9.717958450317383,1,True
1yzx__1__1.A_1.B__1.C,c1556,experimental_p2rank,0.9473684210526315,0.1909117192896943,4.056863307952881,1,True
1yxi__1__3.A_4.A__3.B_3.D_3.E_3.F_3.G,c141,experimental_p2rank,0.9375,0.12764123768094915,14.492445945739746,0,True
1zdp__1__1.A__1.F_1.G,c218,experimental_p2rank,1.0,0.2591438506467948,3.1936042308807373,1,True
1z9g__1__1.A__1.F_1.G,c218,experimental_p2rank,1.0,0.2655689188666833,2.879117012023926,1,True
2yne__3__1.C__1.R,c118,experimental_p2rank,0.8636363636363636,0.14904205243857382,5.771120548248291,1,True
6xu1__2__1.F__1.TA_1.UA_1.VA_1.XA,c159,experimental_p2rank,0.9473684210526315,0.4961661829708435,1.3212696313858032,1,True
1xms__1__5.A__5.B_5.C,c124,experimental_p2rank,0.9375,0.32897295884663663,4.520118236541748,1,True
1yzx__1__1.A_1.B__1.D,c1556,experimental_p2rank,0.8947368421052632,0.1820932110323663,4.208504676818848,1,True
1yyz__1__3.A_4.A__3.B_3.C_3.D_3.E,c141,experimental_p2rank,0.9375,0.11200021806465905,14.186180114746094,0,True
1yyz__1__3.A_4.A__4.B_4.C_4.D_4.E,c141,experimental_p2rank,0.9375,0.10916812011448578,14.15373706817627,0,True
4wql__1__1.A__1.B_1.C_1.D_1.H_1.N,c12775,experimental_p2rank,1.0,0.31226452056045234,2.6553213596343994,1,True
6wnd__1__1.A__1.I,c164,experimental_p2rank,1.0,0.1615104981016439,3.930304527282715,1,True
1yxi__1__3.A_4.A__4.B_4.D_4.E_4.F_4.G,c141,experimental_p2rank,0.9375,0.12746893787061192,14.528889656066895,0,True
5ynw__1__1.A__1.C,c1104,experimental_p2rank,1.0,0.5262044417089556,2.2498161792755127,1,True
4ysx__2__1.F_1.G_1.H__1.W,c270,experimental_p2rank,0.8571428571428571,0.039797902315673525,11.086193084716797,1,True
6wnd__1__2.B__2.P,c164,experimental_p2rank,1.0,0.1462730401050776,4.073969841003418,0,True
6wnd__1__2.C__2.X,c164,experimental_p2rank,0.9166666666666666,0.09885703985533069,3.9868431091308594,0,True
6xu1__2__1.G__1.AB_1.BB_1.CB_1.EB,c159,experimental_p2rank,0.9473684210526315,0.4448449516120796,1.4398301839828491,1,True
1xms__1__6.A__6.B_6.C,c124,experimental_p2rank,0.75,0.19230587962550208,6.154880523681641,0,True
6ybu__1__1.A_1.B__1.M_1.N,c92,experimental_p2rank,0.9130434782608695,0.08225616507584958,6.663862705230713,1,True
1xmv__1__1.A__1.B_1.F,c124,experimental_p2rank,0.9375,0.4896541905490718,6.45510721206665,0,True
1zpl__1__1.A__1.C,c1940,experimental_p2rank,0.0,,,0,False
2yxn__1__1.A__1.B,c121,experimental_p2rank,0.8666666666666667,0.1422965900649008,4.770294666290283,0,True
6ybu__1__1.A_1.B__1.O_1.P,c92,experimental_p2rank,0.8181818181818182,0.06259691154901399,6.904738903045654,1,True
6xu1__2__1.H__1.HB_1.IB_1.JB_1.LB,c159,experimental_p2rank,1.0,0.5627103881700979,1.367422103881836,1,True
1zpl__2__1.B__1.D,c1940,experimental_p2rank,0.0,,,0,False
2yxn__1__2.A__2.B,c121,experimental_p2rank,0.9333333333333333,0.12645452075137462,4.857119083404541,0,True
1xmv__1__2.A__2.B_2.F,c124,experimental_p2rank,0.875,0.5360290342163451,6.581035614013672,0,True
2zp1__1__1.A__1.B,c121,experimental_p2rank,1.0,0.29733039997887845,3.2307252883911133,1,True
2zp1__1__2.A__2.B,c121,experimental_p2rank,0.9285714285714286,0.3140155870683827,3.1092653274536133,1,True
6zf0__1__1.A__1.C_1.K_1.L_1.M,c315,experimental_p2rank,1.0,0.3032693552786577,2.312950611114502,0,True
1xmv__1__3.A__3.B_3.F,c124,experimental_p2rank,0.875,0.5005801333402717,3.60983943939209,0,True
4rur__1__1.K_1.L__1.FA,c20,experimental_p2rank,1.0,0.11582371492025012,2.5322747230529785,1,True
5y72__1__1.A__1.C,c1104,experimental_p2rank,0.0,,,0,False
3zpo__1__1.A__1.C_1.E_1.N,c1133,experimental_p2rank,0.8421052631578947,0.1357109183261842,9.439615249633789,1,True
6ybu__2__1.G_1.H__1.U_1.V,c92,experimental_p2rank,0.9565217391304348,0.10747808003311754,6.042585372924805,1,True
6zf1__1__1.A__1.C_1.L,c315,experimental_p2rank,1.0,0.3003686828286751,2.0629422664642334,0,True
1xmv__1__4.A__4.B_4.F,c124,experimental_p2rank,0.9375,0.497645759028475,6.4476776123046875,0,True
4rur__1__1.Y_1.Z__1.LA,c20,experimental_p2rank,1.0,0.14034306392536394,2.31877064704895,1,True
6ybu__2__1.G_1.H__1.W_1.X,c92,experimental_p2rank,0.9565217391304348,0.15924605723505697,5.635957717895508,1,True
6zf8__1__1.A__1.N_1.R,c315,experimental_p2rank,1.0,0.1382921585029001,2.8434996604919434,0,True
3zwd__1__1.A__1.C,c2481,experimental_p2rank,0.875,0.2554477182773466,2.659982681274414,1,True
2zl4__1__1.AA_1.O__1.P,c117,experimental_p2rank,0.0,,,0,False
5y72__2__1.B__1.D,c1104,experimental_p2rank,0.0,,,0,False
4zev__1__1.A__1.C_1.D,c5387,experimental_p2rank,0.8888888888888888,0.3334956974422104,1.974387288093567,1,True
2zl4__1__1.AA_1.Y__1.BA,c117,experimental_p2rank,0.0,,,0,False
3zwd__1__1.B__1.E,c2481,experimental_p2rank,0.875,0.4178899942250974,1.5605522394180298,1,True
5zjy__1__1.A__1.C,c326,experimental_p2rank,0.7777777777777778,0.6815055574918324,1.788558006286621,1,True
4zew__1__1.A__1.C_1.D,c5387,experimental_p2rank,0.8333333333333334,0.373900309039172,2.1889030933380127,1,True
6zmz__1__1.A__1.B,c119,experimental_p2rank,0.8846153846153846,0.3876216965782008,1.4335089921951294,1,True
6z6a__1__1.A__1.C,c315,experimental_p2rank,1.0,0.15213808247950555,3.1946804523468018,1,True
1xmv__1__5.A__5.B_5.F,c124,experimental_p2rank,0.875,0.5448350763165231,6.581390857696533,0,True
2zl4__1__1.A_1.C__1.B,c117,experimental_p2rank,0.0,,,0,False
3zcp__1__1.A__1.C,c33,experimental_p2rank,0.9473684210526315,0.1440892601304385,9.600812911987305,0,True
1xmv__1__6.A__6.B_6.F,c124,experimental_p2rank,0.875,0.4867763513497829,3.5857796669006348,0,True
2zl4__1__1.C_1.E__1.D,c117,experimental_p2rank,0.0,,,0,False
4z9n__1__1.D__1.U,c7,experimental_p2rank,0.6956521739130435,0.6092876411226235,1.356488585472107,1,True
2zl4__1__1.A_1.M__1.N,c117,experimental_p2rank,0.6923076923076923,0.3847522625550681,15.3488187789917,1,True
5yk0__1__1.A__1.B,c1592,experimental_p2rank,0.8571428571428571,0.407700461461017,13.167922019958496,1,True
2zl4__1__1.E_1.G__1.F,c117,experimental_p2rank,0.0,,,0,False
4z9n__3__1.C__1.Q,c7,experimental_p2rank,0.6521739130434783,0.6170303727789808,1.4061565399169922,1,True
5yk0__2__4.A__4.B,c1592,experimental_p2rank,0.9285714285714286,0.6057029063324367,12.724456787109375,0,True
3zcq__1__1.A__1.C,c33,experimental_p2rank,0.9565217391304348,0.18662913380850069,9.505393028259277,0,True
3zcp__1__2.A__2.C,c33,experimental_p2rank,1.0,0.19780654681122264,7.457956790924072,1,True
2zl4__1__1.G_1.I__1.H,c117,experimental_p2rank,0.0,,,0,False
2zl4__1__1.I_1.K__1.J,c117,experimental_p2rank,0.0,,,0,False
4z0u__1__1.A__1.C,c6412,experimental_p2rank,0.0,,,0,False
4zwg__1__1.D__1.T,c159,experimental_p2rank,0.9375,0.14359827112031892,4.996092796325684,0,True
4z0u__2__1.B__1.D,c6412,experimental_p2rank,0.0,,,0,False
3zy5__1__1.A_2.A__2.F,c5614,experimental_p2rank,0.7916666666666666,0.12206041655372889,13.489702224731445,1,True
3zcq__1__2.A__2.C,c33,experimental_p2rank,0.9565217391304348,0.21290566920388437,9.655084609985352,0,True
2zl4__1__1.K_1.M__1.L,c117,experimental_p2rank,0.0,,6.7251505851745605,0,True
3zcr__1__1.A__1.D,c33,experimental_p2rank,0.9583333333333334,0.25435016395205895,8.741781234741211,0,True
2zl4__1__1.O_1.Q__1.R,c117,experimental_p2rank,0.0,,,0,False
3zy6__1__1.A_2.A__2.B,c5614,experimental_p2rank,0.9047619047619048,0.11978073949845522,14.132613182067871,0,True
3zcr__1__2.A__2.D,c33,experimental_p2rank,1.0,0.2544225262869704,8.9918794631958,0,True
2zl4__1__1.Q_1.S__1.T,c117,experimental_p2rank,0.6153846153846154,0.3508911073509124,15.491093635559082,1,True
2zl4__1__1.S_1.U__1.V,c117,experimental_p2rank,0.0,,5.897578239440918,0,True
2zl4__1__1.U_1.W__1.X,c117,experimental_p2rank,0.0,,,0,False
2zl4__1__1.W_1.Y__1.Z,c117,experimental_p2rank,0.0,,,0,False
6zv5__1__1.C_1.D__1.I_1.O,c2350,experimental_p2rank,0.0,,,0,False
6zu2__1__1.A_1.B__1.G_1.O,c2350,experimental_p2rank,0.0,,,0,False
6zv5__1__1.E_1.F__1.K_1.S,c2350,experimental_p2rank,0.0,,,0,False
6zv5__1__1.E_1.F__1.L_1.R,c2350,experimental_p2rank,0.0,,,0,False
6zu2__1__1.A_1.B__1.H_1.M_1.Q,c2350,experimental_p2rank,0.0,,,0,False
3zcs__1__1.A__1.D,c33,experimental_p2rank,0.9545454545454546,0.22079284925328502,7.447672367095947,0,True
3zcs__1__2.A__2.D,c33,experimental_p2rank,1.0,0.18962316476776206,7.7407612800598145,1,True
5zwk__1__1.A_1.B__1.E_1.G_1.H,c141,experimental_p2rank,0.9473684210526315,0.06312136707044191,14.171645164489746,0,True
3zct__1__1.A__1.E,c33,experimental_p2rank,0.9565217391304348,0.20188353651450702,8.275786399841309,0,True
5zwk__1__1.C_1.D__1.Q_1.S_1.T,c141,experimental_p2rank,0.8947368421052632,0.0924648601277369,13.304525375366211,0,True
3zct__1__2.A__2.E,c33,experimental_p2rank,1.0,0.21504532627691877,8.2698335647583,0,True
3zx4__1__1.B__1.F_1.G_1.H,c2481,experimental_p2rank,0.8823529411764706,0.46996471080266417,1.4434878826141357,1,True
3zx5__1__1.A__1.C_1.D_1.E,c2481,experimental_p2rank,0.9375,0.29885292921282297,2.0417375564575195,1,True
3zcu__1__1.A__1.B,c33,experimental_p2rank,0.9473684210526315,0.15373884008296443,8.371068000793457,0,True
3zcu__1__2.A__2.B,c33,experimental_p2rank,0.9473684210526315,0.1425280386243719,11.03683090209961,0,True
3zcv__1__1.A__1.C_1.E,c33,experimental_p2rank,0.95,0.17597771638899395,8.73642635345459,0,True
3zcv__1__2.A__2.C_2.E,c33,experimental_p2rank,1.0,0.21880156938716572,9.513283729553223,0,True
4zy3__1__1.A__1.D,c315,experimental_p2rank,1.0,0.1799048776416,2.4679129123687744,0,True
4zy3__2__1.B__1.F,c315,experimental_p2rank,1.0,0.12693739900075496,2.5937979221343994,0,True
