system_id,cluster,source,predicted_residue_coverage,contact_ap,distance_mae,site_hit_1,available
1ddt__1__1.A_2.A__1.B,c1769,experimental_native,0.8333333333333334,0.6048101342283327,1.2730273008346558,1,True
1ddt__1__1.A_2.A__2.B,c1769,experimental_native,0.8333333333333334,0.5738679583650937,1.3334975242614746,1,True
1d09__1__1.A_2.A__1.E,c103,experimental_native,0.8333333333333334,0.5425896969710584,1.2168912887573242,1,True
1d09__1__1.C_2.C__2.G,c103,experimental_native,0.8823529411764706,0.33945711529032946,1.7356191873550415,1,True
1d09__1__1.C_3.C__1.G,c103,experimental_native,1.0,0.27846560829611366,1.9830571413040161,1,True
1d09__1__1.A_3.A__3.E,c103,experimental_native,0.8888888888888888,0.29931790463642494,1.851396083831787,1,True
2ag6__2__2.A__2.B,c121,experimental_native,0.9230769230769231,0.656924594731415,1.0791325569152832,1,True
2aix__1__2.A__2.B,c7,experimental_native,0.8666666666666667,0.7196503657499908,0.8272790312767029,1,True
2ag6__1__1.A__1.B,c121,experimental_native,0.9230769230769231,0.6359401938269904,1.083953857421875,1,True
2aix__1__1.A__1.B,c7,experimental_native,0.8,0.7270320370135765,0.8349399566650391,1,True
2ahv__1__1.D__1.H,c2034,experimental_native,0.56,0.3686150269645678,1.2782725095748901,1,True
2bdm__2__1.A_2.A__2.D,c11013,experimental_native,1.0,0.6491073905992775,0.8160259127616882,1,True
2c84__1__1.A__1.B,c1327,experimental_native,0.0,0.837570309431457,0.6573572158813477,1,True
2de3__1__1.A__1.D,c4237,experimental_native,0.9411764705882353,0.4486045758274178,1.1925514936447144,1,True
2de3__2__1.B__1.G,c4237,experimental_native,0.9411764705882353,0.46426451545473135,1.0435632467269897,1,True
2de4__1__1.A__1.D,c4237,experimental_native,0.9411764705882353,0.479493321259959,1.1081057786941528,1,True
2dcl__1__1.B_1.C__1.F,c4257,experimental_native,0.9375,0.7211036109748991,0.8434333801269531,1,True
2dcl__1__2.B_2.C__2.F,c4257,experimental_native,0.9375,0.7268853258887948,0.8427470922470093,1,True
3b7d__1__1.A__1.I,c7,experimental_native,0.9230769230769231,0.6716858721774555,1.0036325454711914,1,True
3b7d__2__1.C__1.K,c7,experimental_native,0.8461538461538461,0.6908511352501242,0.9556319713592529,1,True
3b7d__1__1.B__1.J,c7,experimental_native,0.8333333333333334,0.7053889598887121,0.9290837645530701,1,True
3b7d__2__1.D__1.L,c7,experimental_native,0.9166666666666666,0.6902812872339611,0.9579139351844788,1,True
3b7d__3__1.E__1.M,c7,experimental_native,0.9230769230769231,0.6602876390534819,0.9946604371070862,1,True
3b7d__3__1.F__1.N,c7,experimental_native,0.9166666666666666,0.667294355717553,0.943658173084259,1,True
3b7d__4__1.G__1.O,c7,experimental_native,0.8333333333333334,0.6940572711453133,0.949013888835907,1,True
3b7d__4__1.H__1.P,c7,experimental_native,0.9166666666666666,0.721125974001207,0.916532039642334,1,True
3bki__1__1.A__1.E,c7,experimental_native,0.9166666666666666,0.38053664325262526,2.102379560470581,1,True
3bki__2__1.B__1.F,c7,experimental_native,0.9166666666666666,0.624095205662053,1.5837085247039795,1,True
3bki__3__1.C__1.G,c7,experimental_native,0.8333333333333334,0.5485066108105908,2.0032453536987305,1,True
3bki__4__1.D__1.H,c7,experimental_native,0.75,0.4762637549898173,2.217608690261841,1,True
3bda__1__1.A__1.D,c33,experimental_native,0.8235294117647058,0.6675387525667525,0.8363941311836243,1,True
3bd8__1__2.A__2.C,c33,experimental_native,0.8333333333333334,0.6531231845001648,0.8236132860183716,1,True
3bd7__1__1.A__1.D,c33,experimental_native,0.8823529411764706,0.666008510377803,0.8227277994155884,1,True
3bd7__1__2.A__2.D,c33,experimental_native,0.9411764705882353,0.661174143786943,0.8207483291625977,1,True
3bd8__1__1.A__1.C,c33,experimental_native,0.8888888888888888,0.6534807734493943,0.8192997574806213,1,True
3bz9__1__1.A__1.F,c1599,experimental_native,1.0,0.6268163091751828,1.2349655628204346,1,True
3bz7__1__1.A__1.E,c1599,experimental_native,1.0,0.699403288970273,1.015574336051941,1,True
3bz9__2__2.A__2.F,c1599,experimental_native,1.0,0.6357022378686312,1.2239042520523071,1,True
3bz7__2__2.A__2.E,c1599,experimental_native,1.0,0.6808557645947458,1.0351459980010986,1,True
3ctl__1__1.B__1.I_1.J,c1173,experimental_native,0.8571428571428571,0.7065816113864104,0.79021155834198,1,True
3ctl__1__1.C__1.K_1.L,c1173,experimental_native,0.8095238095238095,0.748234808880055,0.7561171650886536,1,True
3ctl__1__1.A__1.G_1.H,c1173,experimental_native,0.8636363636363636,0.7179452888583365,0.7248291969299316,1,True
3ctl__1__1.D__1.M_1.N,c1173,experimental_native,0.7619047619047619,0.7558174479114005,0.7395479679107666,1,True
3ctl__1__1.F__1.Q_1.R,c1173,experimental_native,0.8095238095238095,0.754160233060572,0.722100019454956,1,True
3ctl__1__1.E__1.O_1.P,c1173,experimental_native,0.8571428571428571,0.7536810661285634,0.7439822554588318,1,True
3a20__1__1.A_1.B__1.C,c1089,experimental_native,0.8571428571428571,0.7750062662382632,0.7413429021835327,1,True
3dnt__1__1.A__1.C_1.D_1.E,c2488,experimental_native,0.92,0.6900155844322019,0.8484163284301758,1,True
3a20__1__1.A_1.B__1.D,c1089,experimental_native,0.6666666666666666,0.7555303685445803,0.8328126072883606,1,True
3dnt__2__1.B__1.G_1.H_1.I,c2488,experimental_native,0.92,0.6800483926487882,0.886481523513794,1,True
3d9s__1__1.A_1.B_1.C_1.D__1.E,c4511,experimental_native,0.8571428571428571,0.44528762885955425,2.6919727325439453,1,True
3b0y__1__1.A__1.B_1.D_1.E,c31,experimental_native,0.8,0.2518017481317688,2.023172378540039,1,True
3apw__2__1.B__1.D,c3321,experimental_native,1.0,0.3565594049342536,1.1413055658340454,1,True
3agy__1__1.B__1.E,c5190,experimental_native,0.0,0.30139764057087365,2.4910786151885986,1,True
3apw__1__1.A__1.C,c3321,experimental_native,0.9047619047619048,0.30943972138267933,1.3113734722137451,1,True
3amf__1__1.A_1.B__1.C,c1089,experimental_native,0.7142857142857143,0.7995070193483421,0.8070523738861084,1,True
3apv__2__1.B__1.E,c3321,experimental_native,0.9444444444444444,0.18485557534959005,1.6943202018737793,1,True
3apv__1__1.A__1.C_1.D,c3321,experimental_native,0.9473684210526315,0.2984154561322605,1.1863446235656738,1,True
3amf__1__1.A_1.B__1.E,c1089,experimental_native,0.8571428571428571,0.7791280913392239,0.8195292949676514,1,True
3awh__1__1.A_1.B__1.C,c1089,experimental_native,0.7142857142857143,0.787164657569181,0.8226012587547302,1,True
3awh__1__1.A_1.B__1.E,c1089,experimental_native,0.8571428571428571,0.7927129489457639,0.8122186660766602,1,True
3axs__1__1.A__1.C,c1987,experimental_native,0.7619047619047619,0.8389765421808777,0.5391625761985779,1,True
3agy__1__1.A__1.C,c3461,experimental_native,0.0,0.385464337761995,1.962726354598999,1,True
3axs__1__2.A__2.C,c1987,experimental_native,0.7619047619047619,0.8269324479153899,0.5607635378837585,1,True
3au2__1__1.A__1.B_1.F_1.G,c31,experimental_native,0.8666666666666667,0.2553922874672216,2.017385959625244,1,True
4a6s__2__1.C__1.I_1.J,c225,experimental_native,0.0,0.5483001881915808,1.3283299207687378,1,True
3b0x__1__1.A__1.D_1.E_1.I,c31,experimental_native,0.8125,0.5916650686838598,1.0697964429855347,1,True
4a6x__2__1.B__1.E_1.F,c124,experimental_native,0.6428571428571429,0.7863172380674964,0.777945876121521,1,True
4a8p__2__1.F__1.P,c103,experimental_native,0.8333333333333334,0.6195492826613958,0.948239803314209,1,True
4a8h__2__1.B_3.B__3.I,c103,experimental_native,0.8,0.7253694002781648,0.8541848659515381,1,True
4a8h__2__1.B_2.B__1.I,c103,experimental_native,0.85,0.6993301818643007,0.9243781566619873,1,True
4a8h__1__1.A_2.A__2.C,c103,experimental_native,0.9,0.713317745704659,0.8938577771186829,1,True
4a8p__1__1.A_1.B__1.G,c103,experimental_native,0.9473684210526315,0.4863001145537477,1.468135952949524,1,True
4a8p__1__1.A_1.C__1.K,c103,experimental_native,0.8947368421052632,0.47223351007593867,1.682583212852478,1,True
4a8p__1__1.B_1.C__1.I,c103,experimental_native,1.0,0.39588548373522753,1.7862672805786133,1,True
4a8p__2__1.D_1.E__1.O,c103,experimental_native,0.0,0.5086571779350973,1.503769874572754,1,True
4a8h__1__1.A_3.A__1.C,c103,experimental_native,0.9,0.7174949994455031,0.8960744738578796,1,True
4dve__1__1.A__1.D,c2689,experimental_native,0.9375,0.5825516662452367,0.9795570373535156,1,True
4al9__2__1.F__1.I_1.X_1.Y,c225,experimental_native,0.0,0.5277891824447116,1.7152408361434937,1,True
4al9__2__1.H__1.CA_1.J,c225,experimental_native,0.0,0.20372913527142153,2.3554983139038086,1,True
4am8__1__1.A__1.H_1.I,c103,experimental_native,1.0,0.5606864980760252,1.126977801322937,1,True
4am8__1__1.B__1.M_1.N,c103,experimental_native,0.8947368421052632,0.49306884745494595,1.210645079612732,1,True
4am8__1__1.C__1.Q_1.R,c103,experimental_native,0.95,0.5017263824114152,1.2305690050125122,1,True
4am8__2__1.E__1.X_1.Y,c103,experimental_native,1.0,0.5381752866838395,1.1286367177963257,1,True
4am8__2__1.D__1.T_1.U,c103,experimental_native,1.0,0.47601220373182784,1.2976070642471313,1,True
4am8__2__1.F__1.AA_1.BA_1.V,c103,experimental_native,1.0,0.4975362591155052,1.2131296396255493,1,True
4b11__2__1.B__1.J,c118,experimental_native,0.8947368421052632,0.35128041585442626,1.761750340461731,1,True
4b14__2__1.B__1.J,c118,experimental_native,0.9545454545454546,0.5748802788484028,1.4123214483261108,1,True
4b14__3__1.C__1.P,c118,experimental_native,0.8636363636363636,0.5190277624381121,1.5400617122650146,1,True
4b14__1__1.A__1.E,c118,experimental_native,0.8181818181818182,0.39074843812780424,2.000974416732788,1,True
4b11__3__1.C__1.O,c118,experimental_native,0.85,0.3089633964450808,1.9755332469940186,1,True
4cae__3__1.C__1.R,c118,experimental_native,0.9130434782608695,0.5352672003728819,1.6029037237167358,1,True
4cae__1__1.A__1.G,c118,experimental_native,0.8695652173913043,0.6010870695604361,1.374711275100708,1,True
4ctn__1__1.A__1.C_1.D,c33,experimental_native,1.0,0.581098882432207,0.8749165534973145,1,True
4ctm__1__2.A__2.B,c33,experimental_native,0.8,0.5896375295928307,1.0856722593307495,1,True
4d6p__1__1.A__1.C_1.E,c124,experimental_native,0.7142857142857143,0.7391941800136919,0.8015691637992859,1,True
5aju__1__1.A_2.A__1.B,c2020,experimental_native,0.9333333333333333,0.5697929180935839,0.8521876335144043,1,True
4cto__1__1.A__1.B,c33,experimental_native,0.9090909090909091,0.6080727657398016,0.7575618028640747,1,True
4ctn__1__2.A__2.C_2.D,c33,experimental_native,0.9166666666666666,0.5957911644915648,0.877026379108429,1,True
5aju__1__1.A_2.A__2.B,c2020,experimental_native,0.9333333333333333,0.5614058885265893,0.8921074867248535,1,True
4cto__1__2.A__2.B,c33,experimental_native,0.8636363636363636,0.5883021753423509,0.7881054282188416,1,True
4d6p__2__1.B__1.G_1.H,c124,experimental_native,0.6,0.8006759494007158,0.8024910092353821,1,True
4ctm__1__1.A__1.B,c33,experimental_native,0.8666666666666667,0.5383850950928514,1.1531084775924683,1,True
5ajp__1__1.A_1.B__1.C_1.E,c186,experimental_native,1.0,0.803007277619022,0.731285572052002,1,True
5bnr__1__1.A__1.B,c161,experimental_native,1.0,0.5910889159103717,0.8432634472846985,1,True
5bqs__1__1.A_1.B__1.F,c161,experimental_native,0.9,0.7291401513100307,0.8670350909233093,1,True
5cbs__1__1.A__1.E_1.H,c7,experimental_native,0.875,0.4765471326487497,1.698984980583191,1,True
5cbs__1__1.C__1.V,c7,experimental_native,0.9333333333333333,0.5367941741734454,1.5998647212982178,1,True
5bxv__1__1.A__1.E,c326,experimental_native,1.0,0.691074752879923,1.3657938241958618,1,True
5c79__1__1.A__1.C,c6049,experimental_native,0.0,0.30973657023976486,2.2846436500549316,1,True
5cbs__2__1.B__1.M_1.P,c7,experimental_native,0.875,0.5387233403969869,1.6393868923187256,1,True
5bxv__2__1.C__1.F,c326,experimental_native,1.0,0.7333990316341347,1.277103304862976,1,True
5c79__2__1.B__1.E,c6049,experimental_native,0.0,0.20810079469612627,2.6741316318511963,1,True
5a6z__1__1.A_1.B__1.E_1.I_1.J,c266,experimental_native,0.0,0.19240545382958638,1.9286366701126099,1,True
5ciy__1__1.A__1.D,c272,experimental_native,0.9090909090909091,0.8931851713089309,0.6112618446350098,1,True
5a6z__1__1.A_1.B__1.F_1.L_1.M,c266,experimental_native,0.0,0.14921216262735443,1.8376691341400146,1,True
5d21__1__1.D__1.K_1.L,c225,experimental_native,0.0,0.6504751004688087,1.4383870363235474,1,True
5d21__1__1.B__1.G_1.H,c225,experimental_native,0.0,0.7575267526340627,1.0283087491989136,1,True
5d21__1__1.A__1.E_1.F,c225,experimental_native,0.0,0.7042005063393936,1.2821574211120605,1,True
5d21__1__1.C__1.I_1.J,c225,experimental_native,0.0,0.702813806400985,1.3122142553329468,1,True
5b2e__1__1.B_1.C__1.K_1.L_1.M,c1299,experimental_native,0.7777777777777778,0.4082688321589394,1.5422343015670776,1,True
5b2e__1__1.A_1.B__1.H_1.I_1.J,c1299,experimental_native,0.6842105263157895,0.4431348864819895,1.4857656955718994,1,True
5b2e__1__1.A_1.C__1.D_1.E_1.G,c1299,experimental_native,0.7777777777777778,0.41736792378382165,1.3952538967132568,1,True
6bem__1__1.D__1.F_1.I_1.M,c31,experimental_native,1.0,0.6375822190575916,0.9413694739341736,1,True
6bel__1__1.D__1.F_1.G_1.K,c31,experimental_native,0.8666666666666667,0.5876371092776812,1.0276247262954712,1,True
6btf__1__1.A__1.G_1.H_1.I,c31,experimental_native,0.8,0.5572788455058816,1.0746928453445435,1,True
6bt4__1__1.A__1.B,c1881,experimental_native,0.9166666666666666,0.3190068294813975,2.2996597290039062,1,True
6cwh__4__1.D__1.H,c1881,experimental_native,0.0,0.6237996039140935,1.071892261505127,1,True
6cwi__1__1.A__1.C_1.E,c1881,experimental_native,0.0,0.6845520566899916,0.9707670211791992,1,True
6ctu__1__1.D__1.H_1.I_1.K,c31,experimental_native,0.8666666666666667,0.5805992947166123,1.0403610467910767,1,True
6ctv__1__1.D__1.F_1.G_1.K,c31,experimental_native,0.9333333333333333,0.5426298893422311,1.0386823415756226,1,True
6cwi__2__1.B__1.F_1.G,c1881,experimental_native,0.0,0.6442348770691624,1.0019534826278687,1,True
6cu9__1__1.A__1.E_1.F_1.I,c31,experimental_native,0.8125,0.5544721166277149,1.0452547073364258,1,True
6cr4__1__1.D__1.E_1.F_1.I,c31,experimental_native,0.75,0.6826592908097908,0.9308972954750061,1,True
6cwf__1__1.A__1.C,c1881,experimental_native,0.0,0.606767193715888,1.0970455408096313,1,True
6cwh__1__1.A__1.E,c1881,experimental_native,0.0,0.6300699766768579,1.0676116943359375,1,True
6cwf__2__1.B__1.D,c1881,experimental_native,0.0,0.7020574423145617,0.9872937202453613,1,True
6cua__1__1.A__1.E_1.F_1.I,c31,experimental_native,0.7142857142857143,0.39743162978752344,1.4484214782714844,1,True
6ctn__1__1.D__1.G_1.H_1.I,c31,experimental_native,0.9333333333333333,0.40261797323214865,1.3103950023651123,1,True
6cwh__2__1.B__1.F,c1881,experimental_native,0.0,0.6294658524225207,1.0750151872634888,1,True
6cwh__3__1.C__1.G,c1881,experimental_native,0.0,0.6262395352180139,1.0595524311065674,1,True
6cwr__1__1.A__1.B,c1881,experimental_native,0.0,0.5918972784097222,1.2537667751312256,1,True
6ctw__1__1.D__1.H_1.I_1.J,c31,experimental_native,1.0,0.6650239737595448,1.0403718948364258,1,True
6ai9__1__1.B__1.D,c2032,experimental_native,1.0,0.6169944276939783,1.0249017477035522,1,True
6cwl__1__1.A__1.C,c1881,experimental_native,0.0,0.36379338080965906,1.5921670198440552,1,True
6cwl__2__1.B__1.D,c1881,experimental_native,0.0,0.2937456867466319,1.9028630256652832,1,True
6dia__1__1.A__1.E_1.G_1.J,c31,experimental_native,0.0,0.6362718671929067,1.312867522239685,1,True
6ai9__1__1.A_1.B__1.C,c2032,experimental_native,1.0,0.5641155595745346,1.0357462167739868,1,True
6aik__1__1.A_1.B__1.C,c2032,experimental_native,1.0,0.22271493313879048,2.9369101524353027,1,True
6aip__1__1.A_1.B__1.D,c2032,experimental_native,1.0,0.5853955622982258,1.3381071090698242,1,True
6aik__1__1.A_1.B__1.D,c2032,experimental_native,1.0,0.12043596083223777,4.848549842834473,1,True
6aim__1__1.A_1.B__1.D,c2032,experimental_native,1.0,0.563272878839097,1.1703884601593018,1,True
6aim__1__1.A_1.B__1.C,c2032,experimental_native,1.0,0.6141379934819913,0.9464766383171082,1,True
6aip__1__1.A_1.B__1.C,c2032,experimental_native,1.0,0.5068213104977763,1.839139461517334,1,True
7cms__1__1.A__1.C,c121,experimental_native,1.0,0.5808384615988388,1.0740793943405151,1,True
7cns__1__1.A_1.B__1.C_1.D,c3553,experimental_native,0.75,0.4271616286037679,1.631996989250183,1,True
7cms__1__1.B__1.E,c121,experimental_native,0.9285714285714286,0.5877923961946792,1.0292022228240967,1,True
7cns__1__2.A_2.B__2.C_2.D,c3553,experimental_native,0.75,0.42824934373014634,1.6784796714782715,1,True
7a5y__1__1.B__1.S_1.T_1.U_1.V,c159,experimental_native,1.0,0.559751622647162,0.967392086982727,1,True
7a5y__1__1.A__1.I_1.J_1.K_1.L,c159,experimental_native,1.0,0.5618303934050461,0.9795108437538147,1,True
7a5y__1__1.C__1.AA_1.BA_1.CA_1.Z,c159,experimental_native,0.8947368421052632,0.5807211134471045,0.9447475671768188,1,True
7ag4__1__2.B__2.H,c1379,experimental_native,0.8666666666666667,0.5059504202503374,1.369497537612915,1,True
7a5y__1__1.D__1.GA_1.HA_1.IA_1.JA,c159,experimental_native,1.0,0.5846039526554652,0.9773155450820923,1,True
7ag4__1__1.C__1.I,c1379,experimental_native,0.4,0.5918803200294179,1.2595094442367554,1,True
7a5y__2__1.E__1.KA_1.LA_1.MA_1.OA,c159,experimental_native,0.9473684210526315,0.5787513918776586,0.9905113577842712,1,True
7a5y__2__1.H__1.IB_1.JB_1.KB_1.LB,c159,experimental_native,0.9473684210526315,0.5809420779222146,0.9442170858383179,1,True
7a5y__2__1.F__1.UA_1.VA_1.WA_1.YA,c159,experimental_native,1.0,0.5904980682455762,0.9443260431289673,1,True
7a5y__2__1.G__1.BB_1.CB_1.DB_1.EB,c159,experimental_native,1.0,0.5177372735241222,0.9769667387008667,1,True
7ag4__1__1.A__1.G,c1379,experimental_native,0.8666666666666667,0.46677611250396894,1.4754807949066162,1,True
7ag4__1__2.E__2.K,c1379,experimental_native,0.3333333333333333,0.574109964627785,1.209391713142395,1,True
7ap3__1__1.B__1.E_1.F,c121,experimental_native,0.8571428571428571,0.3601724843438605,2.445418357849121,1,True
7b12__1__1.M_1.N__1.HA,c20,experimental_native,1.0,0.40088147760256193,1.969589352607727,1,True
2de4__2__1.B__1.F,c4237,experimental_native,0.9411764705882353,0.49690947873361335,1.0817025899887085,1,True
7b12__1__1.J_1.Y__1.FA,c20,experimental_native,0.0,0.5212661088253437,1.8909718990325928,1,True
1duv__1__1.A_1.B__1.F,c103,experimental_native,0.8636363636363636,0.3024214320887926,2.2230117321014404,1,True
7b12__1__1.BA_1.N_1.V__1.RA,c20,experimental_native,1.0,0.35102139556586,1.838602066040039,1,True
3c34__1__1.A__1.I_1.J,c7,experimental_native,0.8461538461538461,0.7095351740800485,0.8485110402107239,1,True
2e83__1__1.A_1.B__1.C,c1089,experimental_native,0.8571428571428571,0.7575483160730608,0.7557969689369202,1,True
2e83__1__1.A_1.B__1.D,c1089,experimental_native,0.7142857142857143,0.7076248504493945,0.8780735731124878,1,True
4dve__3__1.C__1.K,c2689,experimental_native,0.875,0.4587658576946621,1.109981894493103,1,True
4dve__2__1.B__1.H,c2689,experimental_native,0.875,0.5461505277560841,0.9574955701828003,1,True
3bda__1__2.A__2.D,c33,experimental_native,0.8235294117647058,0.6643875070472014,0.860486626625061,1,True
6cr9__1__1.D__1.E_1.F_1.I,c31,experimental_native,0.8125,0.48273612745619043,1.2466182708740234,1,True
4d0t__2__1.E__1.Y_1.Z,c186,experimental_native,0.8846153846153846,0.6384096375489456,1.0897281169891357,1,True
4d0t__1__1.F__1.CA_1.DA,c186,experimental_native,0.9230769230769231,0.6590380395142768,1.0170994997024536,1,True
6crh__1__1.A__1.E_1.F_1.I,c31,experimental_native,0.8571428571428571,0.3408045807861399,1.8059197664260864,1,True
3c35__1__1.B__1.T_1.U,c7,experimental_native,0.8461538461538461,0.6713559045119435,0.8499686121940613,1,True
6dio__2__1.C_2.C__2.HA_2.IA,c248,experimental_native,0.8928571428571429,0.5414884720534316,1.5533872842788696,1,True
3c35__1__1.A__1.J_1.K,c7,experimental_native,0.8461538461538461,0.6859736912458332,0.8339263796806335,1,True
6dio__1__1.A_1.B__1.E_1.I_1.O,c248,experimental_native,0.64,0.5790377809577959,1.2550432682037354,1,True
6dio__2__1.C_2.C__1.HA_1.IA,c248,experimental_native,0.8571428571428571,0.5416827157361718,1.6342557668685913,1,True
6dio__3__2.A_2.B__2.E_2.I_2.O,c248,experimental_native,0.72,0.5784208832559163,1.2757412195205688,1,True
6dio__3__1.A_1.B__1.E_1.I_1.O,c248,experimental_native,0.64,0.5614370728747147,1.2810627222061157,1,True
6dio__3__2.C_3.C__2.HA_2.IA,c248,experimental_native,0.8928571428571429,0.5375233005766805,1.4814515113830566,1,True
1duv__1__1.A_1.C__1.D,c103,experimental_native,0.9,0.2801592958473273,2.280938148498535,1,True
4bdr__1__1.A__1.C,c7,experimental_native,0.7857142857142857,0.6057391959688208,0.8833562135696411,1,True
4e91__1__1.A__1.C,c1996,experimental_native,0.0,0.463564190078231,1.843430519104004,1,True
6dio__3__2.C_3.C__3.HA_3.IA,c248,experimental_native,0.8571428571428571,0.5294610316095253,1.5235768556594849,1,True
1ejh__2__1.B__1.J,c326,experimental_native,1.0,0.8183860020911321,1.2143102884292603,1,True
1ejh__3__1.C__1.K,c326,experimental_native,1.0,0.8214611259291026,1.2335189580917358,1,True
1duv__1__1.B_1.C__1.G,c103,experimental_native,0.7619047619047619,0.23647149703956177,2.5163612365722656,1,True
4e0x__1__2.B__2.H,c7,experimental_native,0.7692307692307693,0.6937066130940263,0.9065958261489868,1,True
4e0x__1__1.B__1.H,c7,experimental_native,0.8461538461538461,0.697459095532261,0.8811928033828735,1,True
4bdr__1__1.B__1.F,c7,experimental_native,0.8571428571428571,0.6738692058673996,0.8266569972038269,1,True
4e91__2__1.B__1.I,c1996,experimental_native,0.0,0.43516260232831244,1.6587735414505005,1,True
4d0t__3__1.A__1.I_1.L,c186,experimental_native,0.88,0.6704422815632155,1.0454542636871338,1,True
3dds__1__1.B__1.I,c33,experimental_native,0.9333333333333333,0.7473856064687363,0.8619049787521362,1,True
7dia__1__1.A__1.D_1.E_1.G,c10526,experimental_native,0.25,0.4135511918355445,1.881137728691101,1,True
4c9g__1__1.A__1.B,c2097,experimental_native,0.75,0.20753721539143374,2.284832715988159,1,True
4d0t__3__1.D__1.U_1.V,c186,experimental_native,0.9230769230769231,0.6609026786393916,1.091780424118042,1,True
4e92__1__1.A__1.C,c1996,experimental_native,0.0,0.5005892455950356,1.4456771612167358,1,True
4e92__3__1.A_1.B__1.C,c1996,experimental_native,0.8333333333333334,0.5913871376525566,1.232914686203003,1,True
4d0z__2__1.A__1.I_1.M_1.U,c186,experimental_native,0.8888888888888888,0.5897090535125297,1.30155611038208,1,True
5ean__1__1.A__1.E,c602,experimental_native,0.6,0.59331590380792,1.051200032234192,1,True
3eb3__1__1.A_3.A__1.C,c4653,experimental_native,0.0,0.5678711343078714,0.853417158126831,1,True
3ddw__1__1.B__1.H,c33,experimental_native,0.9333333333333333,0.7684942235087417,0.8413227796554565,1,True
5dnl__1__1.A_1.B_1.C__1.G_1.H_1.I,c89,experimental_native,0.9411764705882353,0.6342741735237188,0.7358623743057251,1,True
5ei3__1__1.A__1.C_1.D,c326,experimental_native,0.8888888888888888,0.338818818845008,1.6700795888900757,1,True
4d0z__4__1.D__1.IA_1.JA,c186,experimental_native,0.96,0.5510906769727035,1.3203420639038086,1,True
4d0z__5__1.F__1.HB_1.IB,c186,experimental_native,0.9230769230769231,0.5374815162760447,1.3868889808654785,1,True
3er9__1__1.B__1.C,c3509,experimental_native,0.0,0.12744785822545868,3.2007038593292236,1,True
5djg__1__1.A__1.B_1.C_1.D,c414,experimental_native,0.9047619047619048,0.42260237590504235,1.2328399419784546,1,True
4e1b__1__1.A__1.B_1.C,c1652,experimental_native,0.8846153846153846,0.561013837392737,1.0051170587539673,1,True
1frp__1__2.A_2.B__2.C_2.D,c141,experimental_native,0.9444444444444444,0.6194495244488365,1.0435734987258911,1,True
1frp__1__2.A_2.B__2.F_2.G,c141,experimental_native,0.9473684210526315,0.5366827191681764,1.1015729904174805,1,True
5dnl__1__1.A_1.B_4.A__1.D_1.E_1.F,c89,experimental_native,0.7647058823529411,0.5785526973682695,0.7968649864196777,1,True
5dnl__1__1.A_3.A_3.B__3.D_3.E_3.F,c89,experimental_native,0.7058823529411765,0.6058294367441385,0.7881255149841309,1,True
3e7j__1__1.A__1.C_1.I,c3318,experimental_native,0.85,0.12280963837934326,3.1913373470306396,1,True
5ean__1__2.A__2.E,c602,experimental_native,0.6,0.563895306526401,1.0663208961486816,1,True
4doc__1__1.A__1.E_1.F_1.N,c31,experimental_native,0.8125,0.5365259325447386,1.2526273727416992,1,True
2far__2__1.B__1.H_1.I_1.K,c2457,experimental_native,0.9166666666666666,0.37953106107571105,1.827918291091919,1,True
5dji__1__1.A__1.B_1.C_1.D_1.E,c414,experimental_native,0.8823529411764706,0.4504594503495795,1.0681850910186768,1,True
5a1l__2__1.B__1.O_1.P,c1133,experimental_native,0.8333333333333334,0.345723496802976,1.9330002069473267,1,True
5dnl__1__1.B_4.C_8.C__4.J_4.K_4.L,c89,experimental_native,0.8823529411764706,0.6404158302823377,0.7441502213478088,1,True
5dnl__1__1.C_3.B_6.C__1.J_1.K_1.L,c89,experimental_native,0.9411764705882353,0.6065974150964311,0.760103166103363,1,True
2faq__2__1.B__1.H_1.I_1.K,c2457,experimental_native,0.7333333333333333,0.6675616099557635,1.3502775430679321,1,True
2far__1__1.A__1.C_1.D_1.G,c2457,experimental_native,0.9230769230769231,0.43391761898835723,1.6293284893035889,1,True
2f3b__1__1.A_2.A__1.B_1.D_1.E_1.F_1.G,c141,experimental_native,0.9411764705882353,0.692006851621262,0.7925371527671814,1,True
1f1b__1__1.A_2.A__1.E,c103,experimental_native,0.8235294117647058,0.38665026028775307,1.6354256868362427,1,True
5dnl__1__2.A_2.B_2.C__2.G_2.H_2.I,c89,experimental_native,0.9411764705882353,0.6115217519873768,0.7511658668518066,1,True
5dnl__1__2.A_2.B_3.A__2.D_2.E_2.F,c89,experimental_native,0.7647058823529411,0.6005507843240397,0.7744622230529785,1,True
5dnl__1__1.C_6.C_8.B__6.J_6.K_6.L,c89,experimental_native,0.9411764705882353,0.6302304451503489,0.7601514458656311,1,True
7a1j__1__1.A__1.B_1.H,c201,experimental_native,1.0,0.18831032484681953,1.884551763534546,1,True
5eo2__2__1.B_1.C__1.H,c5274,experimental_native,0.5,0.5456926593691176,0.9513751268386841,1,True
2f3b__1__1.A_2.A__2.B_2.D_2.E_2.F_2.G,c141,experimental_native,0.9411764705882353,0.6877160614061316,0.8251072764396667,1,True
2faq__1__1.A__1.C_1.D_1.G,c2457,experimental_native,0.8,0.6507473505765974,1.2521907091140747,1,True
2f3b__1__3.A_4.A__3.B_3.D_3.E_3.F_3.G,c141,experimental_native,0.9411764705882353,0.7019106242060488,0.8233375549316406,1,True
3f64__1__1.A__1.B,c1940,experimental_native,0.0,0.3796648186299477,1.62702214717865,1,True
5dnl__1__2.A_4.A_4.B__4.D_4.E_4.F,c89,experimental_native,0.7058823529411765,0.598994701706138,0.7859004139900208,1,True
5el9__1__1.A_11.A_13.A__1.B_1.C_1.D,c89,experimental_native,0.8235294117647058,0.6605088287463405,0.7538105249404907,1,True
7a1j__1__2.A__2.B_2.H,c201,experimental_native,0.8823529411764706,0.19628127857110605,1.8313400745391846,1,True
5el9__1__1.A_13.A_23.A__13.B_13.C_13.D,c89,experimental_native,0.8235294117647058,0.6939930585606565,0.7161771059036255,1,True
1f1b__1__1.A_3.A__3.E,c103,experimental_native,0.8235294117647058,0.4038947884936214,1.5484908819198608,1,True
2ex1__1__1.A__1.B,c1327,experimental_native,0.875,0.8328629792718002,0.6423844695091248,1,True
2f3b__1__3.A_4.A__4.B_4.D_4.E_4.F_4.G,c141,experimental_native,0.9411764705882353,0.6906135748782036,0.8131018877029419,1,True
4ehy__1__1.A__1.B_1.D,c5397,experimental_native,0.9565217391304348,0.5532638545131933,0.8831985592842102,1,True
1fc0__1__1.A__1.C,c33,experimental_native,0.9375,0.6703335368879898,0.9098464250564575,1,True
5dnl__1__2.B_3.C_7.C__3.J_3.K_3.L,c89,experimental_native,0.8823529411764706,0.6450024485942848,0.7406103014945984,1,True
5dnl__1__2.C_4.B_5.C__2.J_2.K_2.L,c89,experimental_native,0.9411764705882353,0.6080189499697418,0.7692553400993347,1,True
5dnl__1__2.C_5.C_7.B__5.J_5.K_5.L,c89,experimental_native,0.9411764705882353,0.6084597284447855,0.7582873702049255,1,True
5el9__1__1.A_21.A_8.A__8.B_8.C_8.D,c89,experimental_native,0.8235294117647058,0.6800247678584087,0.7380309104919434,1,True
5el9__1__12.A_18.A_5.A__12.B_12.C_12.D,c89,experimental_native,0.8235294117647058,0.672157894430362,0.7469589710235596,1,True
5el9__1__10.A_14.A_2.A__2.B_2.C_2.D,c89,experimental_native,0.8235294117647058,0.6874894838313725,0.7254120707511902,1,True
4fgz__1__1.A__1.C,c5754,experimental_native,0.07692307692307693,0.22457316524471638,2.380218267440796,1,True
4f5n__1__1.A__1.H,c31,experimental_native,0.0,0.4633476185834521,1.2338119745254517,1,True
1flm__1__1.A_1.B__1.C,c1089,experimental_native,0.8571428571428571,0.7922146099334255,0.8099839091300964,1,True
1flm__1__1.A_1.B__1.D,c1089,experimental_native,0.8571428571428571,0.7841164593157888,0.8027371168136597,1,True
5el9__1__10.A_16.A_19.A__19.B_19.C_19.D,c89,experimental_native,0.8235294117647058,0.6793274374826589,0.7236471772193909,1,True
5dnl__1__3.C_6.B_7.C__7.J_7.K_7.L,c89,experimental_native,0.8823529411764706,0.6090071221710109,0.7607381343841553,1,True
5dnl__1__3.A_3.B_3.C__3.G_3.H_3.I,c89,experimental_native,0.8823529411764706,0.6184186313466066,0.7577044367790222,1,True
5el9__1__10.A_19.A_6.A__10.B_10.C_10.D,c89,experimental_native,0.8235294117647058,0.6755972711287483,0.7467493414878845,1,True
5el9__1__11.A_15.A_17.A__17.B_17.C_17.D,c89,experimental_native,0.8235294117647058,0.66717412013499,0.7535008788108826,1,True
6e3v__1__1.A__1.E_1.F_1.I,c31,experimental_native,0.8,0.5865370330696368,1.0512298345565796,1,True
2fbw__2__1.F_1.G_1.H__1.JJ,c270,experimental_native,1.0,0.3745731193846473,1.7472151517868042,1,True
5eo2__3__1.E_1.F__1.L,c5274,experimental_native,0.5,0.5251246606125624,1.0138596296310425,1,True
2f3d__1__1.A_2.A__1.B_1.C_1.D_1.E_1.F,c141,experimental_native,0.9411764705882353,0.7352193986819118,0.7319700121879578,1,True
1f1b__1__1.C_2.C__2.G,c103,experimental_native,0.9411764705882353,0.43917719043894193,1.409461498260498,1,True
3f28__1__1.A__1.F_1.G,c218,experimental_native,1.0,0.46296475928195413,1.4292219877243042,1,True
1fc0__1__1.B__1.E,c33,experimental_native,0.7333333333333333,0.7088383139867176,0.9299574494361877,1,True
5dnl__1__4.A_4.B_4.C__4.G_4.H_4.I,c89,experimental_native,0.8823529411764706,0.6321297689083469,0.7404628992080688,1,True
3fpe__1__1.A__1.C,c2604,experimental_native,0.9090909090909091,0.36365574267068573,1.6300303936004639,1,True
5dnl__1__4.C_5.B_8.C__8.J_8.K_8.L,c89,experimental_native,0.8823529411764706,0.5980488745599369,0.7723101377487183,1,True
4dyn__2__1.B__1.D,c822,experimental_native,0.0,0.2972618487586427,2.7439613342285156,1,True
5el9__1__11.A_17.A_8.A__11.B_11.C_11.D,c89,experimental_native,0.8235294117647058,0.6689374998732637,0.7409994602203369,1,True
6cpq__1__1.A__1.E_1.F_1.I,c31,experimental_native,0.9333333333333333,0.4540700785048819,1.4019737243652344,1,True
5el9__1__12.A_14.A_18.A__18.B_18.C_18.D,c89,experimental_native,0.8235294117647058,0.6914459329357889,0.7226089239120483,1,True
1f1b__1__1.C_3.C__1.G,c103,experimental_native,0.8823529411764706,0.35373360916921537,1.5855767726898193,1,True
2f3d__1__1.A_2.A__2.B_2.C_2.D_2.E_2.F,c141,experimental_native,0.9411764705882353,0.7362946262580697,0.7375364303588867,1,True
4fgz__2__1.B__1.G,c5754,experimental_native,0.07692307692307693,0.20436953935130248,2.320676326751709,1,True
2foo__1__1.A__1.B,c2776,experimental_native,0.0,0.36993922797209333,2.8106367588043213,1,True
4f5p__1__1.A__1.E_1.H,c31,experimental_native,0.8,0.28377882950722744,1.8841707706451416,1,True
5el9__1__12.A_16.A_3.A__3.B_3.C_3.D,c89,experimental_native,0.8235294117647058,0.6716204502241809,0.7302746772766113,1,True
5dnl__1__5.A_5.B_5.C__5.G_5.H_5.I,c89,experimental_native,0.9411764705882353,0.6371911314271733,0.7363699078559875,1,True
5el9__1__14.A_2.A_22.A__14.B_14.C_14.D,c89,experimental_native,0.8235294117647058,0.6559376536274489,0.7311109900474548,1,True
5el9__1__15.A_24.A_4.A__15.B_15.C_15.D,c89,experimental_native,0.8235294117647058,0.6807999872487275,0.741845428943634,1,True
5el9__1__13.A_20.A_9.A__20.B_20.C_20.D,c89,experimental_native,0.8235294117647058,0.6580514346346941,0.7425259351730347,1,True
3f2c__1__1.A__1.D_1.I,c3785,experimental_native,0.9411764705882353,0.5509317942668783,1.0438377857208252,1,True
1frp__1__1.A_1.B__1.C_1.D,c141,experimental_native,0.9444444444444444,0.5595211890247505,1.1782042980194092,1,True
2f3d__1__3.A_4.A__3.B_3.C_3.D_3.E_3.F,c141,experimental_native,0.9411764705882353,0.7393258940477146,0.7491104006767273,1,True
5dnl__1__6.A_6.B_7.A__6.D_6.E_6.F,c89,experimental_native,0.7647058823529411,0.6071075736370019,0.8019440770149231,1,True
2f3d__1__3.A_4.A__4.B_4.C_4.D_4.E_4.F,c141,experimental_native,0.9411764705882353,0.7533173903294478,0.7200000286102295,1,True
5dnl__1__6.A_6.B_6.C__6.G_6.H_6.I,c89,experimental_native,0.9411764705882353,0.6309266831796757,0.7684722542762756,1,True
5dnl__1__5.A_5.B_8.A__5.D_5.E_5.F,c89,experimental_native,0.7647058823529411,0.5752708395764876,0.7977354526519775,1,True
5dnl__1__5.A_7.A_7.B__7.D_7.E_7.F,c89,experimental_native,0.7058823529411765,0.5871612477295172,0.7855643630027771,1,True
5el9__1__16.A_21.A_3.A__16.B_16.C_16.D,c89,experimental_native,0.8235294117647058,0.6943520574438512,0.7082617282867432,1,True
1frp__1__1.A_1.B__1.F_1.G,c141,experimental_native,0.9473684210526315,0.6216394571583147,1.0283883810043335,1,True
5el9__1__15.A_4.A_9.A__4.B_4.C_4.D,c89,experimental_native,0.8235294117647058,0.6525233010546497,0.7435397505760193,1,True
3fpe__1__1.B__1.D,c2604,experimental_native,0.8636363636363636,0.413995683694791,1.3841434717178345,1,True
2fop__1__1.A__1.B,c2776,experimental_native,0.0,0.2323547337243929,2.8330655097961426,1,True
5el9__1__17.A_24.A_6.A__24.B_24.C_24.D,c89,experimental_native,0.8235294117647058,0.6795207902173548,0.740834653377533,1,True
5el9__1__18.A_22.A_7.A__22.B_22.C_22.D,c89,experimental_native,0.8235294117647058,0.6585265222040053,0.7545214295387268,1,True
5el9__1__19.A_21.A_8.A__21.B_21.C_21.D,c89,experimental_native,0.8235294117647058,0.6741710882717397,0.7398593425750732,1,True
3fma__2__1.B__1.G,c2953,experimental_native,0.0,0.3022964766989582,2.1873128414154053,1,True
2eqa__1__1.A__1.B_1.C,c1652,experimental_native,0.9333333333333333,0.5777283063784381,0.8412349224090576,1,True
5dnx__1__1.A_1.B_1.C__1.G_1.H_1.I,c89,experimental_native,0.8823529411764706,0.6650677922271793,0.8348997235298157,1,True
5dnl__1__6.A_8.A_8.B__8.D_8.E_8.F,c89,experimental_native,0.7058823529411765,0.6003032829029222,0.8029019236564636,1,True
4f39__1__2.A__2.B,c7,experimental_native,0.875,0.6949453558169908,0.9045329689979553,1,True
5el9__1__2.A_24.A_6.A__6.B_6.C_6.D,c89,experimental_native,0.8235294117647058,0.6651147689102935,0.7605016231536865,1,True
5el9__1__20.A_23.A_5.A__23.B_23.C_23.D,c89,experimental_native,0.8235294117647058,0.6664194478717842,0.7546814680099487,1,True
3fma__4__1.D__1.I,c2953,experimental_native,0.0,0.3318457207910413,1.9225807189941406,1,True
6fc1__1__1.A__1.E,c326,experimental_native,1.0,0.6899777700003534,1.428849220275879,1,True
5dnl__1__7.A_7.B_7.C__7.G_7.H_7.I,c89,experimental_native,0.8823529411764706,0.620840802116685,0.7425574660301208,1,True
5dnl__1__8.A_8.B_8.C__8.G_8.H_8.I,c89,experimental_native,0.8823529411764706,0.6280590623648061,0.753724992275238,1,True
5el9__1__20.A_7.A_9.A__9.B_9.C_9.D,c89,experimental_native,0.8235294117647058,0.6678981584311894,0.7381763458251953,1,True
5el9__1__23.A_3.A_5.A__5.B_5.C_5.D,c89,experimental_native,0.8235294117647058,0.6523901864661008,0.7537251710891724,1,True
5el9__1__22.A_4.A_7.A__7.B_7.C_7.D,c89,experimental_native,0.8235294117647058,0.6786381483633066,0.7419868111610413,1,True
5equ__2__1.B__1.J,c224,experimental_native,0.9375,0.3593080983150142,2.211958885192871,1,True
4f39__1__1.A__1.B,c7,experimental_native,0.875,0.7155067183310276,0.8995726108551025,1,True
3gb4__1__1.A__1.F,c164,experimental_native,1.0,0.6461496781008356,0.851963996887207,1,True
5fns__1__1.A__1.B,c315,experimental_native,1.0,0.36458788534350695,1.8094764947891235,1,True
5elw__1__1.A_13.A_23.A__13.B_13.C_13.D,c89,experimental_native,0.8,0.7494626475529127,0.7272800207138062,1,True
6fz2__1__1.A__1.C,c118,experimental_native,0.1,0.4402059361457594,1.5359561443328857,1,True
5elw__1__1.A_11.A_13.A__1.B_1.C_1.D,c89,experimental_native,0.8666666666666667,0.7410050304134382,0.7116059064865112,1,True
5equ__4__1.D__1.P,c224,experimental_native,0.9375,0.4621504232897709,1.8587925434112549,1,True
1gc5__1__1.A__1.B,c1264,experimental_native,1.0,0.3323942016082483,1.1827524900436401,1,True
5equ__3__1.C__1.M,c224,experimental_native,0.8823529411764706,0.359446863493263,2.2784740924835205,1,True
3gbb__2__1.B__1.D,c7,experimental_native,0.8571428571428571,0.5978262054661327,1.2053977251052856,1,True
3gbb__1__1.A__1.C,c7,experimental_native,0.8666666666666667,0.6096488588468838,1.2750545740127563,1,True
5dnx__1__1.A_1.B_4.A__1.D_1.E_1.F,c89,experimental_native,0.7647058823529411,0.6526154122042443,0.8189902901649475,1,True
5elw__1__10.A_14.A_2.A__2.B_2.C_2.D,c89,experimental_native,0.8666666666666667,0.7336907811382327,0.7183078527450562,1,True
5elw__1__1.A_21.A_8.A__8.B_8.C_8.D,c89,experimental_native,0.8666666666666667,0.7705702007285722,0.7058994770050049,1,True
5elw__1__10.A_19.A_6.A__10.B_10.C_10.D,c89,experimental_native,0.8666666666666667,0.7598993088759489,0.6965320110321045,1,True
5elw__1__10.A_16.A_19.A__19.B_19.C_19.D,c89,experimental_native,0.8,0.7500387988132611,0.7028312087059021,1,True
5elw__1__11.A_15.A_17.A__17.B_17.C_17.D,c89,experimental_native,0.8,0.7604563984656245,0.7156866788864136,1,True
3gl0__1__1.A__1.E_1.F_1.G,c164,experimental_native,1.0,0.6636086838194398,0.9901412129402161,1,True
6fqh__1__1.A__1.C,c7,experimental_native,0.8571428571428571,0.4305477703566878,1.5377660989761353,1,True
5dnx__1__1.A_3.A_3.B__3.D_3.E_3.F,c89,experimental_native,0.8823529411764706,0.6509394614774779,0.8102101683616638,1,True
6f3j__1__1.A__1.D,c33,experimental_native,0.88,0.6038335396602899,1.1786787509918213,1,True
6fqh__1__1.B__1.D,c7,experimental_native,0.7857142857142857,0.3720397525817236,1.7196916341781616,1,True
5elw__1__11.A_17.A_8.A__11.B_11.C_11.D,c89,experimental_native,0.8666666666666667,0.7453543067515249,0.7052326798439026,1,True
5elw__1__12.A_14.A_18.A__18.B_18.C_18.D,c89,experimental_native,0.8,0.7447897019681865,0.706572949886322,1,True
5elw__1__12.A_16.A_3.A__3.B_3.C_3.D,c89,experimental_native,0.8666666666666667,0.7515626685117485,0.698718249797821,1,True
5elw__1__12.A_18.A_5.A__12.B_12.C_12.D,c89,experimental_native,0.8666666666666667,0.7576992997637619,0.707156777381897,1,True
6ewf__1__1.A__1.C,c118,experimental_native,0.0,0.35844828456166167,1.7104227542877197,1,True
5fm0__1__1.A__1.C_1.D_1.E_1.F,c1867,experimental_native,0.9259259259259259,0.5683893886564505,1.493595838546753,1,True
5dnx__1__1.B_4.C_8.C__4.J_4.K_4.L,c89,experimental_native,0.8235294117647058,0.6420109627099024,0.8445652723312378,1,True
2gmh__1__1.A__1.H,c7692,experimental_native,0.7916666666666666,0.12550916282590263,3.8027522563934326,1,True
6fqk__1__1.B__1.D,c7,experimental_native,0.9333333333333333,0.3986504186792002,1.3592654466629028,1,True
5elw__1__14.A_2.A_22.A__14.B_14.C_14.D,c89,experimental_native,0.8,0.7308947749814745,0.718749463558197,1,True
5dnx__1__1.C_3.B_6.C__1.J_1.K_1.L,c89,experimental_native,0.8823529411764706,0.640991277647567,0.8317358493804932,1,True
5elw__1__13.A_20.A_9.A__20.B_20.C_20.D,c89,experimental_native,0.8,0.7520635792755462,0.7265298962593079,1,True
6fqk__1__1.A__1.C,c7,experimental_native,0.8571428571428571,0.3300588179484904,1.4332168102264404,1,True
6ggi__1__1.A__1.C_1.D_1.E_1.H_1.I,c3463,experimental_native,0.8421052631578947,0.2869391595482032,1.875717282295227,1,True
6f3j__1__2.A__2.D,c33,experimental_native,0.92,0.6264359168264517,1.1174488067626953,1,True
6f3r__1__1.A__1.C,c33,experimental_native,0.9166666666666666,0.5908675324701993,0.9545212984085083,1,True
5elw__1__15.A_24.A_4.A__15.B_15.C_15.D,c89,experimental_native,0.8,0.7484662331177181,0.7128117680549622,1,True
5dnx__1__1.C_6.C_8.B__6.J_6.K_6.L,c89,experimental_native,0.8823529411764706,0.6566694768137995,0.834901750087738,1,True
5dnx__1__2.A_2.B_2.C__2.G_2.H_2.I,c89,experimental_native,0.8823529411764706,0.6654439671984538,0.8239998817443848,1,True
4gxs__1__1.A_1.B__1.E,c7,experimental_native,0.6111111111111112,0.30862632175270494,1.8479653596878052,1,True
2gmh__2__1.B__1.U,c7692,experimental_native,0.8695652173913043,0.09268647251624448,4.346519947052002,1,True
5elw__1__15.A_4.A_9.A__4.B_4.C_4.D,c89,experimental_native,0.8666666666666667,0.7365729135180545,0.7249067425727844,1,True
6f3s__1__1.A__1.C,c33,experimental_native,0.9090909090909091,0.5610979580820307,1.262689471244812,1,True
6f3r__1__2.A__2.C,c33,experimental_native,0.9583333333333334,0.5670582220415208,1.0533488988876343,1,True
5dnx__1__2.A_4.A_4.B__4.D_4.E_4.F,c89,experimental_native,0.8823529411764706,0.6836574675037238,0.7977056503295898,1,True
5dnx__1__2.A_2.B_3.A__2.D_2.E_2.F,c89,experimental_native,0.7647058823529411,0.658728084723257,0.8246201872825623,1,True
6f3s__1__2.A__2.C,c33,experimental_native,0.9090909090909091,0.5741509762077003,1.3353744745254517,1,True
5elw__1__17.A_24.A_6.A__24.B_24.C_24.D,c89,experimental_native,0.8,0.7510628220408108,0.7209724187850952,1,True
5elw__1__16.A_21.A_3.A__16.B_16.C_16.D,c89,experimental_native,0.8,0.7714127165109645,0.7064404487609863,1,True
6g80__2__2.C__2.G,c3239,experimental_native,0.8,0.8583771271123188,0.6236941814422607,1,True
5elw__1__18.A_22.A_7.A__22.B_22.C_22.D,c89,experimental_native,0.8,0.7432143165352101,0.7137986421585083,1,True
5dnx__1__2.C_4.B_5.C__2.J_2.K_2.L,c89,experimental_native,0.8823529411764706,0.6612723229170582,0.825264573097229,1,True
5dnx__1__2.B_3.C_7.C__3.J_3.K_3.L,c89,experimental_native,0.8235294117647058,0.6633514358211495,0.8259519934654236,1,True
5elw__1__19.A_21.A_8.A__21.B_21.C_21.D,c89,experimental_native,0.8,0.7436952712151979,0.722323477268219,1,True
3h03__1__1.A__1.E,c7,experimental_native,0.8461538461538461,0.3040067613680257,2.3815557956695557,1,True
1i36__2__1.A_2.A__2.C,c7227,experimental_native,0.64,0.8411004232764908,0.7022922039031982,1,True
1i31__1__1.A__1.B,c1500,experimental_native,0.0,0.37544888530177334,4.580806732177734,1,True
2h3e__1__1.A_3.A__3.E,c103,experimental_native,0.7777777777777778,0.289893185841001,1.8546675443649292,1,True
2h3e__1__1.C_2.C__2.G,c103,experimental_native,0.7777777777777778,0.4071652536323432,1.5282979011535645,1,True
2h3e__1__1.A_2.A__1.E,c103,experimental_native,0.8333333333333334,0.35593723872022065,1.7179961204528809,1,True
2h3e__1__1.C_3.C__1.G,c103,experimental_native,0.8888888888888888,0.42606652733415384,1.4986634254455566,1,True
2hr1__1__1.C__1.D,c272,experimental_native,0.8636363636363636,0.8881307916230927,0.6132953763008118,1,True
2hvs__2__1.H__1.L,c4705,experimental_native,0.9285714285714286,0.669678990512304,0.905464231967926,1,True
2hvs__1__1.G__1.J,c4705,experimental_native,0.9333333333333333,0.6662113511993519,0.8724107146263123,1,True
3h03__1__2.B__2.H,c7,experimental_native,0.9166666666666666,0.5965087623616848,1.1533128023147583,1,True
3h03__2__1.D__1.N,c7,experimental_native,0.7692307692307693,0.5851773279084742,1.39113187789917,1,True
3h03__2__1.C__1.K,c7,experimental_native,0.9230769230769231,0.6060295135794038,1.1041038036346436,1,True
3h6t__2__1.B_2.B__1.N,c7,experimental_native,0.07142857142857142,0.4247300982553918,1.3663493394851685,1,True
3h6t__1__1.A_1.C__1.E,c7,experimental_native,0.07142857142857142,0.3858993075366635,1.522596836090088,1,True
3hv0__1__1.A__1.C,c121,experimental_native,0.0,0.6045039545928641,1.039089322090149,1,True
3hv0__1__1.B__1.D,c121,experimental_native,0.9333333333333333,0.609701380706893,0.9703590869903564,1,True
3i0o__1__1.A__1.C,c5298,experimental_native,1.0,0.3270970253206254,1.3538265228271484,1,True
3i0o__2__2.A__2.C,c5298,experimental_native,1.0,0.35000487025147053,1.2207850217819214,1,True
4f96__1__1.A__1.C,c119,experimental_native,0.8,0.6186623445713298,0.970644474029541,1,True
4f96__1__1.B__1.E,c119,experimental_native,0.8,0.6138439898801685,1.0185840129852295,1,True
4gbw__1__1.A_2.A__2.B_2.C_2.D_2.E_2.F,c141,experimental_native,0.9411764705882353,0.605943249927464,0.8695328831672668,1,True
4gbw__1__1.A_2.A__1.B_1.C_1.D_1.E_1.F,c141,experimental_native,0.9411764705882353,0.6106047597157505,0.895116925239563,1,True
5dnx__1__4.A_4.B_4.C__4.G_4.H_4.I,c89,experimental_native,0.8823529411764706,0.667543518497953,0.8371846079826355,1,True
4i2d__1__1.A__1.B_1.D_1.E,c31,experimental_native,1.0,0.5204469735649393,0.9266031980514526,1,True
5dnx__1__3.A_3.B_3.C__3.G_3.H_3.I,c89,experimental_native,0.8823529411764706,0.6653526899328598,0.8353772163391113,1,True
5dnx__1__2.C_5.C_7.B__5.J_5.K_5.L,c89,experimental_native,0.8823529411764706,0.6714433334010455,0.8044596314430237,1,True
5dnx__1__4.C_5.B_8.C__8.J_8.K_8.L,c89,experimental_native,0.8235294117647058,0.6729115816549261,0.8340994119644165,1,True
5dnx__1__5.A_5.B_8.A__5.D_5.E_5.F,c89,experimental_native,0.7647058823529411,0.6675178045643569,0.8105037212371826,1,True
5dnx__1__3.C_6.B_7.C__7.J_7.K_7.L,c89,experimental_native,0.8235294117647058,0.6500438225503848,0.8419554233551025,1,True
5dnx__1__5.A_5.B_5.C__5.G_5.H_5.I,c89,experimental_native,0.8823529411764706,0.6683643112405383,0.8347183465957642,1,True
5dnx__1__5.A_7.A_7.B__7.D_7.E_7.F,c89,experimental_native,0.8823529411764706,0.6776203560233405,0.8148677349090576,1,True
5dnx__1__6.A_6.B_6.C__6.G_6.H_6.I,c89,experimental_native,0.8823529411764706,0.6537415558461948,0.8521755933761597,1,True
5dnx__1__6.A_8.A_8.B__8.D_8.E_8.F,c89,experimental_native,0.8823529411764706,0.6482443865031416,0.8090507388114929,1,True
5dnx__1__6.A_6.B_7.A__6.D_6.E_6.F,c89,experimental_native,0.7647058823529411,0.6762701750375177,0.8163212537765503,1,True
5fll__1__1.A__1.C_1.D_1.E_1.F,c1867,experimental_native,0.9629629629629629,0.6248581529122447,1.4746588468551636,1,True
5fll__1__1.B__1.G_1.H_1.I_1.J,c1867,experimental_native,0.8888888888888888,0.6484552842160665,1.28108549118042,1,True
5elw__1__20.A_7.A_9.A__9.B_9.C_9.D,c89,experimental_native,0.8666666666666667,0.7447738090768128,0.7110207676887512,1,True
5elw__1__22.A_4.A_7.A__7.B_7.C_7.D,c89,experimental_native,0.8666666666666667,0.7704827092653422,0.6871987581253052,1,True
5elw__1__2.A_24.A_6.A__6.B_6.C_6.D,c89,experimental_native,0.8666666666666667,0.7502143460839126,0.704429566860199,1,True
5elw__1__23.A_3.A_5.A__5.B_5.C_5.D,c89,experimental_native,0.8666666666666667,0.7410982844689346,0.7111952304840088,1,True
5elw__1__20.A_23.A_5.A__23.B_23.C_23.D,c89,experimental_native,0.8,0.7440686710332652,0.7139304876327515,1,True
5g3l__1__1.C_1.D_1.E__1.M,c9020,experimental_native,0.0,0.3700253785138954,2.361088514328003,1,True
5guf__1__1.A__1.B_1.C_1.F,c5913,experimental_native,0.6111111111111112,0.6447229460467037,0.898486316204071,1,True
5guf__1__2.A__2.B_2.C_2.F,c5913,experimental_native,0.6111111111111112,0.6452481422013207,0.9222768545150757,1,True
6gye__1__1.A__1.D_1.I,c3763,experimental_native,0.0,0.5284405776770515,0.8438332080841064,1,True
6gye__2__1.B__1.K_1.P,c3763,experimental_native,0.0,0.5684610832024017,0.8909686803817749,1,True
6h21__1__1.B__1.O_1.P,c186,experimental_native,0.0,0.7298934567180063,1.104716181755066,1,True
1h7l__1__1.A__1.B_1.C_1.D,c186,experimental_native,1.0,0.5960308764719715,1.2370784282684326,1,True
1i36__3__1.B_2.B__2.D,c7227,experimental_native,0.45454545454545453,0.7897531101919423,0.7128039002418518,1,True
3gts__1__1.A__1.F,c164,experimental_native,1.0,0.6099127502381068,0.9249306321144104,1,True
3hrr__1__1.B__1.D,c3811,experimental_native,1.0,0.1692780980064429,1.9555891752243042,1,True
3h6t__2__1.B_2.B__2.N,c7,experimental_native,0.07142857142857142,0.44258842701442097,1.3078066110610962,1,True
2ii6__1__1.A__1.B,c1327,experimental_native,0.7857142857142857,0.8202212186736871,0.7574884295463562,1,True
4gbw__1__3.A_4.A__3.B_3.C_3.D_3.E_3.F,c141,experimental_native,0.9411764705882353,0.6150642567783422,0.8847708106040955,1,True
5dnx__1__8.A_8.B_8.C__8.G_8.H_8.I,c89,experimental_native,0.8823529411764706,0.653239767023009,0.8542019128799438,1,True
5dnx__1__7.A_7.B_7.C__7.G_7.H_7.I,c89,experimental_native,0.8823529411764706,0.6578483623891274,0.8329394459724426,1,True
6fwh__1__1.A_1.B_1.K__1.N_1.P_1.R,c89,experimental_native,0.8666666666666667,0.7389550187050455,0.755433201789856,1,True
1h7q__1__1.A__1.B_1.C_1.E,c186,experimental_native,1.0,0.7113948896443096,0.9666739702224731,1,True
3gts__1__1.B__1.I,c164,experimental_native,1.0,0.5952303336550976,0.907029926776886,1,True
2iib__1__1.A__1.B,c1327,experimental_native,0.0,0.8296167277484151,0.7091670036315918,1,True
2iiq__1__1.A__1.C,c1327,experimental_native,0.9230769230769231,0.7116722472629042,1.1261826753616333,1,True
3h6u__1__1.A_2.A__2.C,c7,experimental_native,0.07142857142857142,0.431732033488971,1.5921164751052856,1,True
3h6u__1__1.A_2.A__1.C,c7,experimental_native,0.07142857142857142,0.4394964319377488,1.5525038242340088,1,True
4gbw__1__3.A_4.A__4.B_4.C_4.D_4.E_4.F,c141,experimental_native,0.9411764705882353,0.6178706222753336,0.8724371790885925,1,True
2iiq__2__1.B__1.D,c1327,experimental_native,0.8461538461538461,0.7308298584835762,0.9609904885292053,1,True
3gki__1__1.A__1.D,c1562,experimental_native,0.8571428571428571,0.23758517921701539,2.2404463291168213,1,True
3gkj__1__1.A__1.D,c1562,experimental_native,0.9523809523809523,0.4870656879311027,0.947849452495575,1,True
3h6v__1__1.A_1.B__1.J,c7,experimental_native,0.07142857142857142,0.4862459080231359,1.4798266887664795,1,True
6fwh__1__1.A_1.C_1.F__1.BA_1.M_1.O,c89,experimental_native,0.9333333333333333,0.7518004022637685,0.7647521495819092,1,True
6fwh__1__1.A_1.E_1.K__1.AA_1.OA_1.Z,c89,experimental_native,0.9333333333333333,0.7495298302602355,0.7824193239212036,1,True
5htl__1__1.A_1.B__1.D,c14378,experimental_native,0.8695652173913043,0.3302730503728136,2.066370964050293,1,True
6h39__1__1.Y_1.Z__1.OA_1.QA_1.RA,c20,experimental_native,0.8333333333333334,0.1726443810047973,2.813838481903076,1,True
6h39__1__1.K_1.L__1.FA_1.HA_1.IA,c20,experimental_native,0.8846153846153846,0.13270654424834658,3.2737925052642822,1,True
2ilv__1__1.A__1.C,c1327,experimental_native,0.8823529411764706,0.8215777378374983,0.6994052529335022,1,True
3in6__1__1.A_1.B__1.E,c8360,experimental_native,0.8571428571428571,0.804114922432814,0.7238336801528931,1,True
3h6w__1__1.A_2.A__1.D,c7,experimental_native,0.0625,0.3992837201594379,1.8039554357528687,1,True
6fwh__1__1.B_1.D_1.L__1.SA_1.X_1.Y,c89,experimental_native,0.9375,0.7019137992619346,0.7911625504493713,1,True
4ibk__2__1.B__1.G,c1616,experimental_native,0.0,0.20211510826337115,2.971198320388794,1,True
3h6w__1__1.A_2.A__2.D,c7,experimental_native,0.0625,0.432857942653797,1.7522974014282227,1,True
6fwh__1__1.B_1.G_1.L__1.FA_1.Q_1.S,c89,experimental_native,0.8666666666666667,0.7479323521162208,0.7682873010635376,1,True
6fwh__1__1.C_1.E_2.E__1.T_1.U_1.W,c89,experimental_native,0.9333333333333333,0.7247781522942232,0.7299714088439941,1,True
6hqh__1__1.A__1.B,c7,experimental_native,0.8636363636363636,0.5455162326305721,1.8391010761260986,1,True
6hb5__1__1.B__1.H,c121,experimental_native,0.8260869565217391,0.5780304283445192,1.3760639429092407,1,True
6hb6__1__1.A__1.C,c121,experimental_native,0.8695652173913043,0.562953216712685,1.3669599294662476,1,True
6hb5__1__1.A__1.C,c121,experimental_native,0.8695652173913043,0.5060314503432087,1.6600635051727295,1,True
3iu7__1__1.A__1.E,c4291,experimental_native,1.0,0.2088636094929579,2.501371145248413,1,True
4iqk__1__1.A__1.B,c315,experimental_native,1.0,0.17411213936023193,2.4604110717773438,1,True
4hnh__1__1.A__1.C_1.E_1.G,c7594,experimental_native,0.64,0.7191238706085847,0.8143367767333984,1,True
6hqu__1__1.A__1.P_1.Q,c124,experimental_native,0.6,0.8171022506559891,0.7231671810150146,1,True
6fwh__1__1.C_1.F_1.J__1.MA_1.NA_1.V,c89,experimental_native,0.9333333333333333,0.7133923662633406,0.7540745735168457,1,True
6i5y__1__1.A__1.C,c121,experimental_native,0.8148148148148148,0.6692124444721198,1.0170120000839233,1,True
6i5y__1__1.B__1.E,c121,experimental_native,0.8571428571428571,0.6625825388440626,1.0325055122375488,1,True
5hud__1__1.E_1.F__1.VC,c2741,experimental_native,0.875,0.878741989421185,0.5945473313331604,1,True
5hud__1__1.G_1.H__1.QD,c2741,experimental_native,0.875,0.8628535933042801,0.6217353940010071,1,True
6hqu__3__1.C__1.T_1.U,c124,experimental_native,0.6,0.7934655316661652,0.7417656779289246,1,True
5h8h__1__1.A_1.B__1.G,c7,experimental_native,0.9444444444444444,0.33952937324815535,2.6071465015411377,1,True
6fwh__1__1.D_1.K_2.J__1.PA_1.QA_1.RA,c89,experimental_native,0.9333333333333333,0.7143989849931954,0.7916944026947021,1,True
6h4f__1__1.C__1.U,c186,experimental_native,0.0,0.31769335203727034,2.0594418048858643,1,True
6hb7__1__1.A__1.C,c121,experimental_native,0.7692307692307693,0.6116589039232395,1.2168433666229248,1,True
6hb6__1__1.B__1.G,c121,experimental_native,0.8260869565217391,0.5234134635683125,1.4075850248336792,1,True
4j75__1__1.A__1.C,c121,experimental_native,0.8571428571428571,0.7265681150183084,0.9618785381317139,1,True
4j75__1__1.B__1.F,c121,experimental_native,0.896551724137931,0.7303449843517678,1.0069772005081177,1,True
5h8q__1__1.A_1.B__1.F,c7,experimental_native,0.9473684210526315,0.37754202893119715,2.3382999897003174,1,True
5huv__1__1.A__1.C,c119,experimental_native,0.8571428571428571,0.5100847886985804,0.9978671073913574,1,True
5huv__1__1.B__1.D,c119,experimental_native,0.8571428571428571,0.47797489352531347,1.00246000289917,1,True
6fwh__1__1.D_2.H_2.J__2.GA_2.HA_2.JA,c89,experimental_native,0.9333333333333333,0.7174862989463614,0.7601635456085205,1,True
6hb7__1__1.B__1.H,c121,experimental_native,0.8846153846153846,0.586427176522546,1.2560080289840698,1,True
6h4f__3__1.I__1.IA,c186,experimental_native,0.0,0.34839575342346935,2.2440695762634277,1,True
6fwh__1__1.E_2.C_2.E__2.T_2.U_2.W,c89,experimental_native,0.9333333333333333,0.6976296826744562,0.7683981657028198,1,True
6fwh__1__1.F_1.G_1.H__1.CA_1.DA_1.EA,c89,experimental_native,0.9333333333333333,0.7142655593366751,0.7555956840515137,1,True
5in4__1__1.A_1.B__1.G,c4820,experimental_native,0.9473684210526315,0.6606227835317159,1.4548304080963135,1,True
1jof__1__1.A_1.B__1.M,c6112,experimental_native,0.0,0.42895292115985034,1.9148503541946411,1,True
4itl__1__1.A__1.B,c5397,experimental_native,0.9565217391304348,0.5300857920118308,1.01268470287323,1,True
4itm__1__1.A__1.B_1.D_1.E,c5397,experimental_native,0.9411764705882353,0.42112698473738114,1.050718069076538,1,True
4j7g__1__1.A__1.D,c1857,experimental_native,0.8571428571428571,0.696033689378443,0.9611062407493591,1,True
6fwh__1__1.G_1.H_1.I__1.IA_1.KA_1.LA,c89,experimental_native,0.8,0.7416015254631598,0.7507038712501526,1,True
6ipw__1__1.A_1.B__1.F,c6533,experimental_native,0.8571428571428571,0.7828683190684451,0.5542556047439575,1,True
3jps__1__1.A__1.E_1.F_1.G,c31,experimental_native,0.8125,0.5144480566774867,1.252732276916504,1,True
4j7g__2__1.B__1.F,c1857,experimental_native,0.9047619047619048,0.7193850133718157,0.9502424597740173,1,True
5j47__1__1.A_5.A__5.D,c1131,experimental_native,0.7333333333333333,0.47566332037930065,2.232262134552002,1,True
5j47__1__1.A_6.A__1.D,c1131,experimental_native,0.8666666666666667,0.48030157382775773,2.229708671569824,1,True
6fwh__1__1.H_1.J_2.D__1.GA_1.HA_1.JA,c89,experimental_native,0.9333333333333333,0.7177656007920705,0.759339451789856,1,True
5in4__1__1.C_1.D__1.M,c4820,experimental_native,0.9473684210526315,0.631978635723133,1.3684470653533936,1,True
1jlx__1__1.A_1.B__1.D_1.H,c12579,experimental_native,0.0,0.6776508257063367,0.9987782835960388,1,True
2jgb__1__1.A__1.C,c326,experimental_native,0.8571428571428571,0.752994889927726,1.4144099950790405,1,True
4j7g__3__2.B__2.F,c1857,experimental_native,0.9047619047619048,0.7035076745752533,0.9465597867965698,1,True
6fwh__1__1.I_1.L_2.I__1.TA_1.UA_1.VA,c89,experimental_native,0.8666666666666667,0.7613388279841937,0.7609755992889404,1,True
6ipw__2__1.C_1.D__1.H,c6533,experimental_native,0.85,0.8027340923019401,0.5377293825149536,1,True
3jtk__1__1.A__1.D,c118,experimental_native,0.9375,0.2335390159483413,1.775236964225769,1,True
4jjq__1__1.A__1.B,c2776,experimental_native,0.0,0.3770034409904266,1.8989043235778809,1,True
4j7h__2__1.B__1.I,c1857,experimental_native,0.8888888888888888,0.6745129043159466,1.001216173171997,1,True
4j7h__1__1.A__1.C,c1857,experimental_native,1.0,0.7087668242230649,0.9922924041748047,1,True
6fwh__1__1.I_2.I_2.L__2.TA_2.UA_2.VA,c89,experimental_native,0.8666666666666667,0.750564638868927,0.7529348731040955,1,True
6eji__1__1.A__1.C_1.F_1.G,c119,experimental_native,0.8787878787878788,0.5894162923227371,1.0069454908370972,1,True
6eji__2__1.B__1.J_1.M_1.N,c119,experimental_native,0.8787878787878788,0.5569593258493899,1.0375298261642456,1,True
4j7h__3__2.B__2.I,c1857,experimental_native,0.8888888888888888,0.6908064901578601,0.9925211071968079,1,True
6fwh__1__1.J_2.D_2.K__2.PA_2.QA_2.RA,c89,experimental_native,0.9333333333333333,0.7151406147182542,0.8110358119010925,1,True
5jtt__1__1.A__1.C,c33,experimental_native,0.95,0.5949105128725383,0.8274145722389221,1,True
6fwh__1__2.A_2.B_2.K__2.N_2.P_2.R,c89,experimental_native,0.8666666666666667,0.7526876004975253,0.7353644371032715,1,True
6fwh__1__2.A_2.C_2.F__2.BA_2.M_2.O,c89,experimental_native,0.9333333333333333,0.7444925950490429,0.7725775241851807,1,True
5jtt__1__2.A__2.C,c33,experimental_native,0.9,0.6257328042229046,0.7870852947235107,1,True
3kgc__1__1.B__1.F,c7,experimental_native,0.9375,0.36099813562967425,1.373182773590088,1,True
6fwh__1__2.A_2.E_2.K__2.AA_2.OA_2.Z,c89,experimental_native,0.9333333333333333,0.7434142260832111,0.7669864892959595,1,True
5jtu__1__1.A__1.C,c33,experimental_native,0.9090909090909091,0.6319899584903249,0.7523674964904785,1,True
4kg9__1__1.A__1.B,c2776,experimental_native,0.0,0.2539173302531459,2.8422677516937256,1,True
5k41__1__1.A__1.B,c119,experimental_native,0.625,0.5367028953987653,1.0427614450454712,1,True
5jtu__1__2.A__2.C,c33,experimental_native,0.8636363636363636,0.6264249637308326,0.7572745084762573,1,True
4kh1__1__1.A_2.A__1.E,c103,experimental_native,0.7777777777777778,0.350310603672397,1.6622593402862549,1,True
5jei__1__1.A__1.B,c7,experimental_native,0.0,0.6330399677180927,1.4573121070861816,1,True
5k41__1__2.A__2.B,c119,experimental_native,0.6666666666666666,0.5440823736315011,1.001673698425293,1,True
7k2d__2__1.B__1.C,c315,experimental_native,1.0,0.22555678981168445,2.416139841079712,1,True
4kh1__1__1.A_3.A__3.E,c103,experimental_native,0.6666666666666666,0.332057442696817,1.7386280298233032,1,True
6fwh__1__2.B_2.D_2.L__2.SA_2.X_2.Y,c89,experimental_native,0.9375,0.7131034527312489,0.7792585492134094,1,True
5k42__1__1.A__1.B,c119,experimental_native,0.7,0.5797910467706643,0.9541770219802856,1,True
7k2e__1__1.A__1.C,c315,experimental_native,0.9411764705882353,0.23482769793520192,2.280672550201416,1,True
5ito__1__1.A__1.F,c7,experimental_native,0.7,0.6708314668808838,1.036069393157959,1,True
4kh1__1__1.C_2.C__2.K,c103,experimental_native,0.8333333333333334,0.3038617748614642,1.8619751930236816,1,True
4kgv__1__1.A_2.A__1.E,c103,experimental_native,0.8333333333333334,0.3353743402346255,1.7228037118911743,1,True
7k2h__2__1.B__1.C,c315,experimental_native,0.9375,0.16731619026432878,2.4831454753875732,1,True
4kgv__1__1.A_3.A__3.E,c103,experimental_native,0.7222222222222222,0.3045707042047682,1.8383643627166748,1,True
4kh1__1__1.C_3.C__1.K,c103,experimental_native,0.7777777777777778,0.33606853746436177,1.720908761024475,1,True
6fwh__1__2.B_2.G_2.L__2.FA_2.Q_2.S,c89,experimental_native,0.8666666666666667,0.7529419308754468,0.7658818960189819,1,True
5kk7__1__1.A__1.C_1.E_1.I,c1433,experimental_native,0.75,0.4017710928259181,1.1775506734848022,1,True
5k42__1__2.A__2.B,c119,experimental_native,0.75,0.5745277507290406,0.9567805528640747,1,True
6fwh__1__2.C_2.F_2.J__2.MA_2.NA_2.V,c89,experimental_native,0.9333333333333333,0.7255650487823829,0.7500658631324768,1,True
7k2k__2__1.B__1.C,c315,experimental_native,0.9411764705882353,0.21190815825875442,2.3868725299835205,1,True
2irx__1__1.A__1.B_1.C,c2457,experimental_native,1.0,0.6448553167789316,1.1093758344650269,1,True
5ito__2__1.B__1.K,c7,experimental_native,0.65,0.7361029521222913,0.7747435569763184,1,True
5itp__1__1.A__1.C,c7,experimental_native,0.8,0.7260206647092671,0.8384296298027039,1,True
5kkw__1__1.A__1.B,c7,experimental_native,0.7142857142857143,0.5603662274515845,0.9034342765808105,1,True
4kgv__1__1.C_3.C__1.H,c103,experimental_native,0.7777777777777778,0.3197273761136165,1.8151655197143555,1,True
4kgv__1__1.C_2.C__2.H,c103,experimental_native,0.7222222222222222,0.30698000038053247,1.8604648113250732,1,True
7jt5__2__1.C_1.D__1.P_1.Q,c299,experimental_native,0.88,0.6026815132042995,1.013645887374878,1,True
6jzy__1__1.A__1.C_1.D,c9829,experimental_native,0.9666666666666667,0.7354375056411364,0.7606451511383057,1,True
7k2l__2__1.B__1.C,c315,experimental_native,1.0,0.18294926036854373,2.508845567703247,1,True
4kgx__1__1.A_3.A__3.E,c103,experimental_native,0.7222222222222222,0.32123097352910585,1.7529886960983276,1,True
5itp__2__1.B__1.L,c7,experimental_native,0.8095238095238095,0.6807932170587128,0.9169939756393433,1,True
4kgx__1__1.A_2.A__1.E,c103,experimental_native,0.7222222222222222,0.3704504524025891,1.5863176584243774,1,True
4kgx__1__1.C_2.C__2.H,c103,experimental_native,0.7777777777777778,0.31931126645262986,1.8165578842163086,1,True
6fwh__1__2.F_2.G_2.H__2.CA_2.DA_2.EA,c89,experimental_native,0.9333333333333333,0.7293029414578586,0.7564920783042908,1,True
7jt5__2__1.C_1.D__1.U_1.V,c299,experimental_native,0.95,0.6511153098324974,0.9711195230484009,1,True
5kbz__1__1.B__1.D,c3811,experimental_native,0.9310344827586207,0.30705824197846787,2.0941147804260254,1,True
5kbz__1__1.A__1.C,c3811,experimental_native,0.9285714285714286,0.3957378456856015,1.7006964683532715,1,True
1l5v__1__1.A__1.C_1.D,c33,experimental_native,0.8125,0.643155628077623,0.8927884101867676,1,True
4kgx__1__1.C_3.C__1.H,c103,experimental_native,0.7777777777777778,0.28703008432378285,1.901228904724121,1,True
7jt6__1__1.A_1.B__1.E_1.G,c299,experimental_native,0.9545454545454546,0.5846252760678026,0.8471688628196716,1,True
7jt6__1__1.A_1.B__1.I_1.K,c299,experimental_native,0.9090909090909091,0.6176219683300749,0.8459904193878174,1,True
7k2m__2__1.B__1.C,c315,experimental_native,1.0,0.13517756233321243,2.6228444576263428,1,True
1l5v__1__1.B__1.F_1.G,c33,experimental_native,0.9375,0.5808331718592357,0.9991753101348877,1,True
4kgz__1__1.A_2.A__1.E,c103,experimental_native,0.7222222222222222,0.28547896907687753,1.897447109222412,1,True
5j5o__1__1.A__1.E,c326,experimental_native,0.9090909090909091,0.7142491316370264,1.206687092781067,1,True
5j5o__2__1.B__1.G,c326,experimental_native,0.9,0.6503796475087323,1.3139501810073853,1,True
6fwh__1__2.G_2.H_2.I__2.IA_2.KA_2.LA,c89,experimental_native,0.8,0.7486527153463644,0.7529232501983643,1,True
7jt6__2__1.C_1.D__1.M_1.O,c299,experimental_native,0.8260869565217391,0.5725081426815861,0.8576475381851196,1,True
7l4c__1__1.A__1.D,c272,experimental_native,0.9090909090909091,0.9072991589700937,0.568424642086029,1,True
7k2n__1__1.A__1.C_1.D,c315,experimental_native,0.9444444444444444,0.14500733414322503,2.5757718086242676,1,True
1kz8__1__1.A_1.B__1.C,c141,experimental_native,0.9333333333333333,0.6372509865230692,0.7904953956604004,1,True
4kgz__1__1.A_3.A__3.E,c103,experimental_native,0.7222222222222222,0.3364788173230241,1.7417042255401611,1,True
7l4n__1__1.A__1.D,c272,experimental_native,0.8260869565217391,0.9081943047840074,0.6060410737991333,1,True
7k2q__2__1.B__1.C,c315,experimental_native,1.0,0.21064151958427452,2.369896173477173,1,True
1l8b__1__1.A__1.C,c326,experimental_native,1.0,0.7635942467719197,1.2756896018981934,1,True
7k2r__2__1.B__1.C_1.D,c315,experimental_native,0.0,0.1781815765639224,2.510934352874756,1,True
7k2s__2__1.B__1.C,c315,experimental_native,1.0,0.2099807316756264,2.402069091796875,1,True
1l8b__2__1.B__1.D,c326,experimental_native,1.0,0.7989646676366992,1.1712605953216553,1,True
4kgz__1__1.C_2.C__2.J,c103,experimental_native,0.7777777777777778,0.310881135011829,1.7871253490447998,1,True
1kz8__1__1.A_1.B__1.G,c141,experimental_native,0.9285714285714286,0.6546067153317887,0.8854066729545593,1,True
4kgz__1__1.C_3.C__1.J,c103,experimental_native,0.8333333333333334,0.3464922482422379,1.6529618501663208,1,True
4lrj__1__1.A__1.C_1.D,c5172,experimental_native,0.8947368421052632,0.7056522158766053,0.9308751821517944,1,True
7kgw__1__1.A__1.B_1.C_1.D,c2929,experimental_native,0.875,0.42248672963139394,1.6066781282424927,1,True
5k55__1__1.A_4.A__1.B,c141,experimental_native,1.0,0.6294028438527373,0.8004880547523499,1,True
5ly3__1__1.A__1.C,c2133,experimental_native,0.8571428571428571,0.8406554383654586,0.5807517766952515,1,True
4lom__1__1.A_10.A_15.A__1.B_1.D_15.C,c89,experimental_native,0.8571428571428571,0.5977186522328892,1.0026733875274658,1,True
4l7b__1__1.A_1.B__1.G,c315,experimental_native,1.0,0.20006909824789038,2.0136308670043945,1,True
4lrz__1__1.A_1.F_1.H__1.I_1.J_1.K,c1033,experimental_native,0.9047619047619048,0.48881691207296546,0.9074652194976807,1,True
6kcp__2__1.E__2.D,c10810,experimental_native,0.0,0.062046171619706894,11.08395004272461,0,True
5k55__1__1.A_4.A__4.B,c141,experimental_native,1.0,0.6441094979561874,0.7910616993904114,1,True
4l7c__1__1.A__1.D_1.E,c315,experimental_native,1.0,0.18307471531073882,1.9104485511779785,1,True
4lom__1__1.A_16.A_24.A__1.C_16.B_16.D,c89,experimental_native,0.7142857142857143,0.5995886501171479,0.9932791590690613,1,True
4l7c__1__1.B__1.F_1.G_1.H,c315,experimental_native,1.0,0.170354788535038,2.0262839794158936,1,True
4lrz__1__1.B_1.F_1.H__1.L_1.M_1.N,c1033,experimental_native,0.9523809523809523,0.4862427760030893,0.8667277097702026,1,True
5k55__1__2.A_3.A__2.B,c141,experimental_native,1.0,0.6336422017082894,0.7963500022888184,1,True
4l7c__1__1.C__1.I_1.J_1.K,c315,experimental_native,1.0,0.28089511309412585,1.7453911304473877,1,True
4lom__1__1.A_24.A_7.A__24.C_7.B_7.D,c89,experimental_native,0.8571428571428571,0.6098661888719397,0.9973487854003906,1,True
4l7d__1__1.A__1.D_1.E,c315,experimental_native,1.0,0.2230143274708272,2.026738166809082,1,True
4lrz__2__1.C_1.E_1.G__1.O_1.P_1.Q,c1033,experimental_native,0.9523809523809523,0.5137773282683447,0.8047605156898499,1,True
4mes__1__1.A__1.E_1.L,c1834,experimental_native,0.7142857142857143,0.6268015029398996,0.921172022819519,1,True
4l7d__1__1.C__1.K_1.M,c315,experimental_native,1.0,0.24110893458076432,1.9059646129608154,1,True
4lom__1__10.A_15.A_18.A__10.C_18.B_18.D,c89,experimental_native,0.7142857142857143,0.6049271733000907,1.005045771598816,1,True
4l7d__1__1.B__1.G_1.H_1.I,c315,experimental_native,1.0,0.2899945481794324,1.8576900959014893,1,True
4lrz__2__1.D_1.E_1.G__1.R_1.S_1.T,c1033,experimental_native,0.9047619047619048,0.49738022628932316,0.9011658430099487,1,True
6kia__1__1.A__1.D,c5731,experimental_native,0.8518518518518519,0.5935808335044167,1.121402382850647,1,True
5mem__1__2.A__2.C,c33,experimental_native,0.8461538461538461,0.5572655411568358,1.3550015687942505,1,True
5mem__1__1.A__1.C,c33,experimental_native,0.9615384615384616,0.5405263193314189,1.5010318756103516,1,True
6l3x__1__1.A__1.O,c117,experimental_native,0.5333333333333333,0.36792746579473384,2.158282995223999,1,True
6l3x__1__1.C__1.Q,c117,experimental_native,0.5333333333333333,0.3243911835393467,2.226318359375,1,True
5k55__1__2.A_3.A__3.B,c141,experimental_native,1.0,0.6303362299755557,0.7721472978591919,1,True
6l3x__1__1.B_1.K__1.Y,c117,experimental_native,0.5625,0.4309663415040442,1.7501193284988403,1,True
6kia__2__1.B__1.E,c5731,experimental_native,1.0,0.6143917190183177,1.1056318283081055,1,True
1ml4__3__1.A_2.A__1.B,c103,experimental_native,0.8823529411764706,0.421022524831176,1.5515697002410889,1,True
5mfv__1__1.A__1.E,c7,experimental_native,0.8461538461538461,0.7564499968866967,0.8436980247497559,1,True
6l3x__1__1.E_1.I__1.S,c117,experimental_native,0.6,0.42581815762332687,1.6933671236038208,1,True
7l1j__1__1.A_1.B__1.E_1.G,c299,experimental_native,0.16666666666666666,0.6921322463429714,0.8905688524246216,1,True
1ml4__3__1.A_3.A__3.B,c103,experimental_native,0.8235294117647058,0.44702458582846727,1.4864248037338257,1,True
4lom__1__10.A_17.A_7.A__10.B_10.D_17.C,c89,experimental_native,0.8571428571428571,0.5741053052407411,0.9932275414466858,1,True
5mfv__1__1.B__1.I,c7,experimental_native,0.8461538461538461,0.7088496593877903,0.8274871706962585,1,True
5mu6__1__1.A__1.G,c118,experimental_native,0.9166666666666666,0.354736898232,1.9828790426254272,1,True
6l3x__1__1.G_1.M__1.AA,c117,experimental_native,0.6,0.4236622404877104,1.961849331855774,1,True
6l3x__1__1.E_1.I__1.W,c117,experimental_native,0.7333333333333333,0.4232000453526717,1.8509609699249268,1,True
6kia__3__1.C__1.F,c5731,experimental_native,0.8214285714285714,0.6166450736512393,0.9030151963233948,1,True
4lom__1__11.A_16.A_2.A__16.C_2.B_2.D,c89,experimental_native,0.8571428571428571,0.5990446804165085,0.9925721287727356,1,True
3myk__1__1.A__1.B,c1599,experimental_native,0.8421052631578947,0.6532526357163411,1.1672427654266357,1,True
6l3x__1__1.H__1.V,c117,experimental_native,0.6428571428571429,0.31074953057901716,2.3943052291870117,1,True
6l3x__1__1.L__1.Z,c117,experimental_native,0.5,0.28668806562097926,2.3215696811676025,1,True
6l3x__1__1.G__1.U,c117,experimental_native,0.5714285714285714,0.39761342123342325,2.0317330360412598,1,True
7l1j__1__1.A_1.B__1.H_1.J,c299,experimental_native,0.9130434782608695,0.6165005634523665,0.9648310542106628,1,True
4lom__1__11.A_16.A_20.A__11.C_20.B_20.D,c89,experimental_native,0.7142857142857143,0.6113285552277968,0.9801172614097595,1,True
7l1j__2__1.C_1.D__1.K_1.M,c299,experimental_native,0.88,0.6328891718848303,0.9388264417648315,1,True
5mm0__1__1.A__1.B_1.C,c186,experimental_native,0.88,0.6823322697900769,0.9676076769828796,1,True
4lom__1__11.A_19.A_5.A__11.B_11.D_19.C,c89,experimental_native,0.8571428571428571,0.6055163251970292,0.9960958957672119,1,True
7l1j__2__1.C_1.D__1.O_1.Q,c299,experimental_native,0.9130434782608695,0.6412177209326729,0.9152801036834717,1,True
3mqr__1__1.A__1.B,c2776,experimental_native,0.0,0.30343414410581926,2.2377216815948486,1,True
3mjx__1__1.A__1.D,c1599,experimental_native,1.0,0.6123195244008347,1.1090797185897827,1,True
4lom__1__12.A_13.A_19.A__12.C_19.B_19.D,c89,experimental_native,0.7142857142857143,0.6100323707035403,0.9950088858604431,1,True
6n80__1__1.C_1.L_1.M__1.AA,c117,experimental_native,0.47058823529411764,0.43316507694445405,2.382483720779419,1,True
5lrc__1__1.A__1.C,c33,experimental_native,0.8947368421052632,0.6376734722159981,0.7851809859275818,1,True
1nnk__1__1.A__1.E,c7,experimental_native,0.8666666666666667,0.7561281910068527,0.7692239284515381,1,True
5l9o__1__1.A__1.C,c7,experimental_native,0.8695652173913043,0.6374567188910443,1.0104293823242188,1,True
3mqs__1__1.A__1.B,c2776,experimental_native,0.0,0.2659106759633968,2.524810791015625,1,True
4lom__1__12.A_13.A_4.A__13.C_4.B_4.D,c89,experimental_native,0.8571428571428571,0.5951041578443713,0.99526447057724,1,True
5l9o__2__1.B__1.K,c7,experimental_native,0.8636363636363636,0.6247826299187279,1.081714391708374,1,True
4lom__1__12.A_20.A_8.A__12.B_12.D_20.C,c89,experimental_native,0.8571428571428571,0.6086475061263076,0.9952147603034973,1,True
6nl0__1__1.D__1.E_1.F_1.I,c31,experimental_native,0.875,0.4895498460438981,1.282456398010254,1,True
5lrc__1__2.A__2.C,c33,experimental_native,0.8947368421052632,0.6374760355081948,0.7825909852981567,1,True
5mji__1__1.A_2.A_3.A_4.A__1.B,c5311,experimental_native,0.7916666666666666,0.9019385524768609,0.578371524810791,1,True
4lom__1__13.A_22.A_3.A__13.B_13.D_3.C,c89,experimental_native,0.7142857142857143,0.610530141307729,1.0188713073730469,1,True
3m5c__1__1.A_2.A__1.B,c103,experimental_native,0.85,0.5518199871871583,1.1921454668045044,1,True
5lrd__1__1.A__1.B,c33,experimental_native,0.9,0.7016242654261677,0.7525972127914429,1,True
3n2y__1__1.A__1.C,c121,experimental_native,1.0,0.7645519385163706,0.8758873343467712,1,True
3n2y__1__1.B__1.D,c121,experimental_native,1.0,0.7689903226147096,0.9756943583488464,1,True
4lom__1__14.A_17.A_9.A__17.B_17.D_9.C,c89,experimental_native,0.7142857142857143,0.5818334236225773,1.0006920099258423,1,True
3m5c__1__1.A_3.A__3.B,c103,experimental_native,0.85,0.5700977640738651,1.1162749528884888,1,True
5neb__1__1.B__1.S,c7,experimental_native,0.7857142857142857,0.7785536807571843,0.7653903365135193,1,True
5lrd__1__2.A__2.B,c33,experimental_native,0.95,0.6349120495103096,0.730032205581665,1,True
4lom__1__14.A_23.A_4.A__14.B_14.D_4.C,c89,experimental_native,0.7142857142857143,0.5945419269462209,1.0056889057159424,1,True
5lre__1__1.A__1.B,c33,experimental_native,0.9090909090909091,0.6325072439794385,0.8401809334754944,1,True
5mld__2__1.E_1.F_1.G_1.H__1.N,c5311,experimental_native,0.9166666666666666,0.9039262708930235,0.5487537384033203,1,True
3o31__1__1.B__1.H,c2604,experimental_native,0.875,0.5438111010232722,0.9692643284797668,1,True
3o31__1__1.A__1.C,c2604,experimental_native,0.8666666666666667,0.43346085009934554,2.2144935131073,1,True
3m5c__1__2.A_3.A__2.B,c103,experimental_native,0.85,0.5604491580325833,1.1325035095214844,1,True
5neb__2__1.A__1.K,c7,experimental_native,0.8571428571428571,0.783741939257883,0.7135304808616638,1,True
6llf__1__1.B__1.T_1.U,c164,experimental_native,0.9333333333333333,0.44757370663843965,0.9478061199188232,1,True
4nf4__1__1.A__1.C,c7,experimental_native,0.0,0.535434474781334,1.053300142288208,1,True
4nwi__1__1.A__1.D,c2123,experimental_native,0.9166666666666666,0.4669108277655695,1.1334365606307983,1,True
4lom__1__14.A_3.A_9.A__14.C_3.B_3.D,c89,experimental_native,0.8571428571428571,0.6045664971898768,0.9960856437683105,1,True
4ob6__1__1.A_2.A__2.D,c10769,experimental_native,0.0,0.753809470212618,0.9649242758750916,1,True
4o4h__1__1.B__1.L,c534,experimental_native,0.0,0.2207493333830578,2.3585286140441895,1,True
6llf__1__1.C__1.CA_1.DA,c164,experimental_native,1.0,0.3420471052585629,1.0233491659164429,1,True
5lrf__1__1.A__1.B,c33,experimental_native,0.9090909090909091,0.5762750410360644,0.785065233707428,1,True
5m0i__1__1.C__1.G,c4053,experimental_native,0.9090909090909091,0.07144719825777815,4.151810646057129,1,True
4nwi__2__1.B__1.G,c2123,experimental_native,0.9333333333333333,0.6064556799817862,1.0403159856796265,1,True
4nf6__1__1.B__1.D,c7,experimental_native,0.0,0.47042165817625825,0.9900482892990112,1,True
2olc__1__1.A__1.F,c1052,experimental_native,0.8947368421052632,0.7251908586251274,0.7719036936759949,1,True
1os0__1__1.A__1.B_1.G,c218,experimental_native,0.9,0.4588097768297195,1.7085700035095215,1,True
4lom__1__15.A_2.A_21.A__15.B_15.D_2.C,c89,experimental_native,0.7142857142857143,0.5987934920985531,0.9974985122680664,1,True
3m5d__1__1.A_2.A__1.B,c103,experimental_native,0.95,0.5440176581914256,1.2019917964935303,1,True
6nka__1__1.A__1.E_1.F,c299,experimental_native,0.8181818181818182,0.595612582924896,0.7762976288795471,1,True
6llk__1__1.A__1.C_1.D,c164,experimental_native,1.0,0.45808846597551445,0.8888007998466492,1,True
1os0__2__1.A__1.B_1.G,c218,experimental_native,0.9,0.42990360905703,1.900208830833435,1,True
3orh__1__1.A__1.E,c2063,experimental_native,0.8846153846153846,0.8411291698381401,0.5817430019378662,1,True
4lom__1__17.A_23.A_7.A__23.B_23.D_7.C,c89,experimental_native,0.7142857142857143,0.6074779357193454,0.9799425005912781,1,True
3m5d__1__1.A_3.A__3.B,c103,experimental_native,0.95,0.5138488324962959,1.3152990341186523,1,True
5lrf__1__2.A__2.B,c33,experimental_native,0.9090909090909091,0.6602059106891185,0.7689447999000549,1,True
3orh__2__1.B__1.F,c2063,experimental_native,0.8888888888888888,0.8724514560820902,0.5341523289680481,1,True
3orh__3__1.C__1.G,c2063,experimental_native,0.8148148148148148,0.8501693400385587,0.5697280168533325,1,True
1os0__2__2.A__2.B_2.G,c218,experimental_native,0.75,0.4441353977281204,1.858293056488037,1,True
6nka__1__1.B__1.G_1.H,c299,experimental_native,0.2727272727272727,0.6341362977690503,0.7354474663734436,1,True
3ois__4__1.D__1.H,c3024,experimental_native,0.0,0.7140151499786445,1.0661026239395142,1,True
3m5d__1__2.A_3.A__2.B,c103,experimental_native,0.95,0.5078749145580536,1.3523646593093872,1,True
4lom__1__18.A_21.A_6.A__21.B_21.D_6.C,c89,experimental_native,0.7142857142857143,0.6203264215717634,0.9819743037223816,1,True
5mlz__1__1.A__1.B_1.C,c186,experimental_native,0.9,0.7459523100538941,0.9199981689453125,1,True
6nka__2__1.C__1.I_1.J,c299,experimental_native,0.36363636363636365,0.6095800016709387,0.8744751811027527,1,True
5od2__1__1.A__1.E,c1264,experimental_native,0.9411764705882353,0.5447990162762338,0.9429171681404114,1,True
6nka__2__1.D__1.K_1.L,c299,experimental_native,0.3333333333333333,0.5572907530898377,0.9305992126464844,1,True
5org__1__1.B__1.MA,c7,experimental_native,0.631578947368421,0.7597623268595751,0.992021918296814,1,True
5org__1__1.A__1.E_1.G_1.W,c7,experimental_native,0.631578947368421,0.7177671009019384,0.9600762724876404,1,True
5od2__2__1.B__1.I,c1264,experimental_native,0.9411764705882353,0.6893938295698387,0.8383887410163879,1,True
5o50__1__1.A__1.C,c33,experimental_native,0.9523809523809523,0.6405762370499466,0.8217899799346924,1,True
2p69__1__1.A__1.B_1.C,c2940,experimental_native,0.9230769230769231,0.7166463214154067,0.9621195793151855,1,True
5o50__1__2.A__2.C,c33,experimental_native,0.9523809523809523,0.6459461083226616,0.792646586894989,1,True
2p69__1__2.A__2.B_2.C,c2940,experimental_native,0.8461538461538461,0.7334031504387094,1.0037095546722412,1,True
2owz__1__1.A_2.A__1.B,c141,experimental_native,0.9285714285714286,0.7503652741115252,0.7993378639221191,1,True
4lom__1__18.A_6.A_9.A__18.C_9.B_9.D,c89,experimental_native,0.8571428571428571,0.6055737817220552,1.0061280727386475,1,True
6mt7__1__1.A__1.C,c2129,experimental_native,1.0,0.4303750218260458,1.2784688472747803,1,True
5o52__1__2.A__2.C,c33,experimental_native,0.9090909090909091,0.5752930588553731,0.7647237777709961,1,True
5o52__1__1.A__1.C,c33,experimental_native,0.9545454545454546,0.5952246918082915,0.7434360384941101,1,True
2owz__1__1.A_2.A__2.B,c141,experimental_native,0.9285714285714286,0.7497001102137459,0.8041459918022156,1,True
2owz__1__3.A_4.A__3.B,c141,experimental_native,0.9285714285714286,0.7550148818313487,0.8411964178085327,1,True
2oys__1__1.A_1.B__1.C,c5781,experimental_native,0.0,0.8449225404670166,0.6499065160751343,1,True
4lom__1__19.A_22.A_5.A__22.B_22.D_5.C,c89,experimental_native,0.7142857142857143,0.5774365205626951,0.9846804738044739,1,True
4nca__2__1.B__1.K,c2247,experimental_native,0.6666666666666666,0.5203432142693983,1.0403486490249634,1,True
6mt7__2__1.B__1.D,c2129,experimental_native,1.0,0.31055729005568644,1.440490484237671,1,True
5ox1__1__1.A__1.B,c33,experimental_native,0.9090909090909091,0.656056845317795,0.6920395493507385,1,True
4lom__1__2.A_21.A_5.A__21.C_5.B_5.D,c89,experimental_native,0.8571428571428571,0.5792095018080665,1.0132107734680176,1,True
6mtf__1__1.A__1.C,c2129,experimental_native,1.0,0.32925894097953173,1.4768978357315063,1,True
5ox3__1__1.A__1.B,c33,experimental_native,0.9,0.6754010304454231,0.726181149482727,1,True
5ox1__1__2.A__2.B,c33,experimental_native,0.8636363636363636,0.6934865841575198,0.7698227167129517,1,True
4o4j__1__1.B__1.M,c534,experimental_native,0.0,0.4009412896138777,1.9373321533203125,1,True
2ou5__1__1.A_1.B__1.F,c713,experimental_native,1.0,0.7317140878382232,0.8549292087554932,1,True
2owz__1__3.A_4.A__4.B,c141,experimental_native,0.9285714285714286,0.7577552617993797,0.8062655925750732,1,True
4lom__1__20.A_24.A_8.A__24.B_24.D_8.C,c89,experimental_native,0.7142857142857143,0.605076281988556,1.0072485208511353,1,True
6mtf__2__1.B__1.D,c2129,experimental_native,1.0,0.3357241054562597,1.345576286315918,1,True
5ox3__1__2.A__2.B,c33,experimental_native,0.9,0.6730172113545971,0.7253498435020447,1,True
5nc1__1__1.A__1.D,c5323,experimental_native,0.0,0.27939221370712664,1.9110277891159058,1,True
4pgx__1__1.D__1.E_1.F_1.I,c31,experimental_native,0.8125,0.6433246725050876,0.929638683795929,1,True
4p0a__1__1.A__1.B,c2624,experimental_native,0.0,0.4944173017177234,1.893227219581604,1,True
4phe__1__1.A__1.E_1.F_1.I,c31,experimental_native,0.0,0.37344228593357554,2.1891496181488037,1,True
5ot8__2__1.B__1.R,c7,experimental_native,0.7368421052631579,0.718069512479087,0.8432020545005798,1,True
6nku__1__1.D__1.H_1.I_1.N,c31,experimental_native,0.8666666666666667,0.606134420934677,1.195568561553955,1,True
6nz4__1__1.A__1.C,c3462,experimental_native,0.8,0.8108748431857006,0.622490644454956,1,True
4pj3__1__1.A__1.B_1.C,c602,experimental_native,0.7894736842105263,0.6490772214684183,0.8534845113754272,1,True
2pyw__1__1.A__1.D_1.E_1.H,c1052,experimental_native,0.9047619047619048,0.8060517804578736,0.6570191979408264,1,True
4ocj__1__1.A__1.B,c1622,experimental_native,0.8823529411764706,0.6341302769658628,1.0784417390823364,1,True
5nc1__1__1.C__1.O,c5323,experimental_native,0.0,0.26249441917083605,1.9420301914215088,1,True
4oke__1__1.A_1.B__1.C_1.D,c7587,experimental_native,0.9,0.7326350084118745,0.9988515377044678,1,True
4lom__1__22.A_3.A_6.A__22.C_6.B_6.D,c89,experimental_native,0.8571428571428571,0.5911973829370603,1.0128676891326904,1,True
6nkw__1__1.D__1.H_1.I_1.N,c31,experimental_native,0.75,0.5071278085636953,1.305273175239563,1,True
6nz6__1__1.A__1.C,c3462,experimental_native,0.8421052631578947,0.8290304548925634,0.6292524337768555,1,True
6nz5__1__1.A__1.C,c3462,experimental_native,0.85,0.8051628527805719,0.6650177836418152,1,True
6pwy__1__1.A__1.E,c159,experimental_native,0.9333333333333333,0.6679543564053734,1.0025171041488647,1,True
2pyw__1__1.B__1.K_1.L_1.N,c1052,experimental_native,0.9090909090909091,0.8180692492261247,0.6478330492973328,1,True
4mwz__2__1.B__1.H,c5754,experimental_native,0.16666666666666666,0.19532977413251001,2.4800221920013428,1,True
4oco__1__1.A__1.B,c1622,experimental_native,0.9523809523809523,0.5479332615786829,1.0698071718215942,1,True
4lom__1__23.A_4.A_8.A__23.C_8.B_8.D,c89,experimental_native,0.8571428571428571,0.604823395133592,0.9976606965065002,1,True
6on4__1__1.A__1.C_1.D,c8749,experimental_native,0.9333333333333333,0.5008409423702075,1.2121527194976807,1,True
5onr__1__1.A__1.B,c218,experimental_native,0.9333333333333333,0.4225875073311721,1.994892954826355,1,True
6nz6__1__1.B__1.D,c3462,experimental_native,0.0,0.8172572866146987,0.6093543767929077,1,True
6pwy__1__1.C__1.S,c159,experimental_native,1.0,0.6703874182161819,1.0355570316314697,1,True
4ocq__1__1.A__1.B,c1622,experimental_native,0.875,0.5507332730153548,1.2034673690795898,1,True
5o4f__2__1.B__1.O,c7,experimental_native,0.7142857142857143,0.8172767663126972,0.7550696730613708,1,True
6nkz__1__1.D__1.G_1.H_1.I,c31,experimental_native,0.875,0.49936012721897133,1.2449193000793457,1,True
5m5q__1__1.A__1.B_1.C,c5724,experimental_native,0.23076923076923078,0.2116071146439475,2.468970537185669,1,True
6pwy__1__1.D__1.V_1.Z,c159,experimental_native,0.9375,0.6341168709840251,1.0784215927124023,1,True
1p1n__1__1.A__1.B,c7,experimental_native,0.875,0.6124570692239102,1.041271448135376,1,True
3ntu__1__1.A_6.A__6.B_6.C,c124,experimental_native,0.625,0.723286929304925,0.8145132660865784,1,True
5ota__1__1.A__1.C,c7,experimental_native,0.75,0.6094660329356836,1.0597693920135498,1,True
5ota__2__1.B__1.F,c7,experimental_native,0.7,0.6027051763407459,1.0192745923995972,1,True
1qgs__1__1.A__1.B_1.C_1.D_1.E,c186,experimental_native,1.0,0.7694025243421324,0.9368380308151245,1,True
2pul__1__1.A__1.C_1.E,c1052,experimental_native,0.0,0.6341176208511069,0.8331626653671265,1,True
1q95__1__1.A_1.B__1.M,c103,experimental_native,0.7222222222222222,0.5863371730037776,1.1123093366622925,1,True
4ocu__1__1.A__1.B_1.C,c1622,experimental_native,1.0,0.5569812692435907,1.3611901998519897,1,True
3ntu__1__2.A_4.A__4.B_4.C,c124,experimental_native,0.6666666666666666,0.7191323071804103,0.838211178779602,1,True
5ocj__2__1.B__1.E,c4332,experimental_native,0.9285714285714286,0.2591801528869466,1.8959105014801025,1,True
2pul__2__1.A__1.C_1.E,c1052,experimental_native,0.0,0.6476292804064281,0.8132660388946533,1,True
1q95__1__1.B_1.C__1.N,c103,experimental_native,0.7647058823529411,0.5808534940026365,1.15799880027771,1,True
1q95__1__1.E_1.F__1.R,c103,experimental_native,0.8823529411764706,0.4381772076842982,1.4245810508728027,1,True
3ntu__1__3.A_4.A__3.B_3.C,c124,experimental_native,0.625,0.7240509888761988,0.8108035326004028,1,True
3ntu__1__2.A_6.A__2.B_2.C,c124,experimental_native,0.7083333333333334,0.7151956526202691,0.8056488633155823,1,True
5owy__1__1.A__1.C,c33,experimental_native,0.9047619047619048,0.6114673402557271,0.7510578632354736,1,True
2pul__2__2.A__2.C_2.E,c1052,experimental_native,0.0,0.6294593609679267,0.8473188877105713,1,True
2quh__1__1.A__1.C,c121,experimental_native,0.8666666666666667,0.6721152608206337,0.881800651550293,1,True
3ntu__1__3.A_5.A__5.B_5.C,c124,experimental_native,0.75,0.7195770317026062,0.8287107944488525,1,True
5ndf__1__1.E__1.AA_1.BA_1.Z,c186,experimental_native,0.8888888888888888,0.757067510354124,0.8512668609619141,1,True
5ofx__1__1.A__1.I_1.P,c225,experimental_native,0.0,0.16007313106568177,2.6830904483795166,1,True
5ofx__2__1.B__1.J_1.Q,c225,experimental_native,0.0,0.1242920750136668,2.776416301727295,1,True
2qs1__1__1.A__1.E,c7,experimental_native,0.8888888888888888,0.5780959055805655,1.300390601158142,1,True
2quh__1__1.B__1.D,c121,experimental_native,0.9333333333333333,0.6827765165284543,0.8986228704452515,1,True
4qf9__1__1.A__1.D,c7,experimental_native,0.7692307692307693,0.6128583501159843,0.9617325663566589,1,True
4qdc__1__1.A__1.E,c164,experimental_native,0.8947368421052632,0.48645914699581166,0.9485763907432556,1,True
5ndf__1__2.C__2.S_2.T,c186,experimental_native,0.9444444444444444,0.7485097256818651,0.8744381070137024,1,True
5ofx__3__1.C__1.K_1.R,c225,experimental_native,0.0,0.19476699150478455,2.4209296703338623,1,True
5ofx__4__1.D__1.L_1.S,c225,experimental_native,0.0,0.15749241350907744,2.5630528926849365,1,True
5q0c__1__1.A_1.B__1.J,c141,experimental_native,0.9411764705882353,0.595668565106731,1.10875403881073,1,True
5owy__1__2.A__2.C,c33,experimental_native,0.8571428571428571,0.6064469665434201,0.7472148537635803,1,True
5owz__1__1.A__1.D,c33,experimental_native,0.9090909090909091,0.6010241898611225,0.9580811262130737,1,True
2qs1__1__2.A__2.E,c7,experimental_native,0.8888888888888888,0.5093168040467063,1.519991397857666,1,True
4pbr__1__1.A__1.B,c121,experimental_native,0.9444444444444444,0.723602887190875,1.0412485599517822,1,True
4pbr__1__2.A__2.B,c121,experimental_native,0.8888888888888888,0.7111125415695183,1.0488896369934082,1,True
4qf9__1__1.C__1.O,c7,experimental_native,0.0,0.6549940887659694,0.9272083640098572,1,True
4qf9__2__2.B__2.H,c7,experimental_native,0.6666666666666666,0.601472966862587,1.14092218875885,1,True
4qf9__2__1.B__1.H,c7,experimental_native,0.6666666666666666,0.6019800576831957,1.1458518505096436,1,True
5ofx__5__1.E__1.M_1.T,c225,experimental_native,0.0,0.16707060326561665,2.551339626312256,1,True
5ofx__7__1.F__1.N_1.U,c225,experimental_native,0.0,0.29350843407920857,2.3056869506835938,1,True
5q0c__1__1.A_1.B__1.L,c141,experimental_native,0.9411764705882353,0.5946696445537564,1.0308541059494019,1,True
5q0c__1__1.C_1.D__1.P,c141,experimental_native,0.8823529411764706,0.5718827318208947,1.2224833965301514,1,True
5ofx__9__1.H__1.O_1.W,c225,experimental_native,0.0,0.2026752748803915,2.477855920791626,1,True
5q0c__1__1.C_1.D__1.N,c141,experimental_native,0.9411764705882353,0.6383572366092051,1.00432550907135,1,True
5owz__1__2.A__2.D,c33,experimental_native,0.9090909090909091,0.5986534001411614,0.9529174566268921,1,True
5ovz__1__1.A__1.C,c7,experimental_native,0.8260869565217391,0.5627212676696672,1.080768346786499,1,True
5ndf__2__1.F__1.CA_1.DA,c186,experimental_native,0.8888888888888888,0.8035461681761314,0.8196966648101807,1,True
5q0c__2__1.E_1.F__1.R,c141,experimental_native,0.9411764705882353,0.5493602222438138,1.2342406511306763,1,True
2qs1__2__1.B__1.H,c7,experimental_native,0.7777777777777778,0.5122708194003383,1.4168869256973267,1,True
2qs1__2__2.B__2.H,c7,experimental_native,0.7777777777777778,0.5796675175334736,1.2758551836013794,1,True
4q30__1__1.A__1.D,c7,experimental_native,0.7647058823529411,0.7224732634095786,0.9956958293914795,1,True
2qvu__1__1.A_1.B__1.C_1.E,c141,experimental_native,0.9444444444444444,0.6520902715028963,0.949015200138092,1,True
2qvu__1__1.A_1.B__1.G_1.I,c141,experimental_native,1.0,0.6116379595792311,1.0903499126434326,1,True
4qpl__2__1.C__1.H,c3965,experimental_native,0.8888888888888888,0.4439397866366882,1.7154686450958252,1,True
5lom__1__1.A__1.C,c7,experimental_native,0.7916666666666666,0.5326669277383226,1.555130958557129,1,True
4qpl__1__1.A__1.E,c3965,experimental_native,0.9411764705882353,0.5023279193090042,1.4616647958755493,1,True
5ndf__2__2.D__2.V_2.W,c186,experimental_native,0.9473684210526315,0.7534706714037781,0.8955899477005005,1,True
5ovz__2__1.B__1.N,c7,experimental_native,0.8095238095238095,0.611166414689656,1.0537375211715698,1,True
5q0c__2__1.E_1.F__1.T,c141,experimental_native,0.8823529411764706,0.587536699052992,1.008507490158081,1,True
5q0c__2__1.G_1.H__1.V,c141,experimental_native,0.9375,0.6327849456367587,1.0810518264770508,1,True
5q0c__2__1.G_1.H__1.X,c141,experimental_native,0.9411764705882353,0.6188619290843844,1.024721622467041,1,True
6qa7__1__2.A__2.B,c33,experimental_native,0.9047619047619048,0.5882922378961837,0.8933702111244202,1,True
6qa7__1__1.A__1.B,c33,experimental_native,0.9047619047619048,0.6081740080393159,0.898510217666626,1,True
2qvu__1__2.A_2.B__2.C_2.E,c141,experimental_native,0.9444444444444444,0.6049207198968098,0.9873455166816711,1,True
4q30__1__1.B__1.G,c7,experimental_native,0.75,0.755220352600832,0.9348719120025635,1,True
4q30__2__1.C__1.J,c7,experimental_native,0.75,0.6455894924783256,1.1554477214813232,1,True
5lom__2__1.B__1.F,c7,experimental_native,0.8695652173913043,0.5439563461211038,1.3621301651000977,1,True
3qzy__1__1.A__1.D,c1187,experimental_native,1.0,0.3561445124145548,2.594637155532837,1,True
5ndf__3__1.A__1.G_1.H_1.J_1.K,c186,experimental_native,0.8888888888888888,0.7404456301792921,0.8763923048973083,1,True
6qa8__1__2.A__2.B,c33,experimental_native,0.9411764705882353,0.5470582252335883,0.792490541934967,1,True
6qa8__1__1.A__1.B,c33,experimental_native,0.9411764705882353,0.4980333802052272,0.8419930934906006,1,True
3r5c__1__1.A_1.B__1.F_1.G,c2315,experimental_native,0.35294117647058826,0.33637287664064125,1.8134093284606934,1,True
3qxm__1__1.A__1.C,c7,experimental_native,0.7647058823529411,0.5881537260815601,1.153041958808899,1,True
2qvu__1__2.A_2.B__2.G_2.I,c141,experimental_native,1.0,0.6363184643085444,0.9895849823951721,1,True
4q30__2__2.C__2.J,c7,experimental_native,0.75,0.6228479088573641,1.2596123218536377,1,True
6q54__1__1.A__1.I,c7,experimental_native,0.9333333333333333,0.7701970391825251,0.8589056134223938,1,True
5ndf__3__1.B__1.O_1.P_1.Q,c186,experimental_native,1.0,0.7621511625625522,0.848734974861145,1,True
5ndf__4__1.C__1.S_1.T,c186,experimental_native,0.9444444444444444,0.7542265299333525,0.8602204322814941,1,True
4r02__1__1.K_1.L__1.GA,c20,experimental_native,0.8095238095238095,0.36023006183452244,2.0463128089904785,1,True
3r5c__1__1.A_1.C__1.D_1.E,c2315,experimental_native,0.47368421052631576,0.3818118445214124,1.7709290981292725,1,True
6ovd__1__1.A_1.B__1.D,c7,experimental_native,0.7894736842105263,0.539565383417244,1.1657711267471313,1,True
3qxm__2__1.B__1.D,c7,experimental_native,0.6470588235294118,0.6159717962348494,0.992897629737854,1,True
3rlb__1__1.A__1.J,c1834,experimental_native,0.7647058823529411,0.6494407430670691,0.9240877628326416,1,True
3qxs__1__2.A__2.C_2.D,c299,experimental_native,0.5625,0.757969797739783,0.8621917366981506,1,True
3rlb__2__1.B__1.O,c1834,experimental_native,0.7647058823529411,0.6866268832436331,0.8423036336898804,1,True
3qxs__1__1.A__1.C_1.D,c299,experimental_native,0.5625,0.7523872031269565,0.8556345105171204,1,True
5o0j__1__1.A__1.B,c1264,experimental_native,0.9375,0.6326766855469799,0.794911801815033,1,True
6q54__1__1.B__1.V,c7,experimental_native,0.8125,0.7218115087338756,0.8527024388313293,1,True
6ove__1__1.A_1.B__1.D,c7,experimental_native,0.8181818181818182,0.7018607128551728,0.8673688173294067,1,True
4r02__1__1.Y_1.Z__1.MA,c20,experimental_native,0.75,0.31398635348411547,2.0616230964660645,1,True
6lop__1__1.A_1.B__1.D,c4280,experimental_native,0.9411764705882353,0.5128342279687272,1.240310788154602,1,True
2qvv__1__1.A_1.B__1.C_1.D,c141,experimental_native,0.9444444444444444,0.6468039481741555,0.9495424628257751,1,True
3rhz__1__1.A__1.C,c2302,experimental_native,0.7894736842105263,0.822252811395533,0.7787371277809143,1,True
4peg__3__1.C__1.N_1.O,c1401,experimental_native,0.5454545454545454,0.5377702177512341,1.076680302619934,1,True
4r65__1__1.A__1.E_1.F_1.G,c31,experimental_native,0.7857142857142857,0.6207640377905668,1.0202144384384155,1,True
5ndf__4__2.E__2.AA_2.BA_2.Z,c186,experimental_native,0.8888888888888888,0.7548714840330394,0.8529800772666931,1,True
6ove__3__1.B__1.D,c7,experimental_native,0.8095238095238095,0.7104889478610311,0.8527802228927612,1,True
6lop__1__1.A__1.C,c4280,experimental_native,0.0,0.6786612967851569,1.3347344398498535,1,True
3rhz__1__1.B__1.D,c2302,experimental_native,0.8947368421052632,0.8566149450625473,0.7145745158195496,1,True
4peg__4__1.D__1.Q_1.R,c1401,experimental_native,0.5,0.5614848019247607,1.1043930053710938,1,True
1rzu__2__1.B__1.D,c119,experimental_native,0.8235294117647058,0.729159876770297,0.849956750869751,1,True
3rhz__1__2.A__2.C,c2302,experimental_native,0.7894736842105263,0.8217541939258892,0.7726884484291077,1,True
2qvv__1__2.A_2.B__2.C_2.D,c141,experimental_native,0.9444444444444444,0.637380077164388,1.0697078704833984,1,True
2qvv__1__2.A_2.B__2.F_2.G,c141,experimental_native,1.0,0.5870101393370136,1.1012911796569824,1,True
2qvv__1__1.A_1.B__1.F_1.G,c141,experimental_native,1.0,0.6461227221816142,0.9724209904670715,1,True
3rhz__1__2.B__2.D,c2302,experimental_native,0.8947368421052632,0.8619508530362192,0.6957365870475769,1,True
3s21__1__1.A_2.A__2.C,c161,experimental_native,0.8571428571428571,0.7014307213845916,0.8359797596931458,1,True
3s21__1__1.A_2.A__1.C,c161,experimental_native,0.8571428571428571,0.7128449447290787,0.8044940233230591,1,True
6s4h__1__1.A__1.B,c33,experimental_native,0.9545454545454546,0.5952671956772131,0.7958670854568481,1,True
3s23__1__1.A_2.A__1.D,c161,experimental_native,0.9230769230769231,0.6825430125915867,0.829167366027832,1,True
4s1b__1__1.A__1.C_1.D_1.E,c4417,experimental_native,0.8846153846153846,0.2664210711379282,1.8274073600769043,1,True
6s4h__1__2.A__2.B,c33,experimental_native,0.9090909090909091,0.5268281500149034,0.859429657459259,1,True
3s23__1__1.A_2.A__2.D,c161,experimental_native,0.9230769230769231,0.7214877690806969,0.7907299399375916,1,True
3rpn__1__1.A_1.D__1.G,c1556,experimental_native,0.8636363636363636,0.7775455139070664,0.9938309192657471,1,True
4s1b__3__1.A__1.C_1.D_1.E,c4417,experimental_native,0.8846153846153846,0.28452842634309344,1.7714418172836304,1,True
4s1b__2__1.B__1.F_1.G_1.H,c4417,experimental_native,0.875,0.2514123641300949,1.904479742050171,1,True
6r0h__1__1.A__1.B,c33,experimental_native,0.875,0.5697733243518552,0.9287571310997009,1,True
3rpn__2__1.B_1.E__1.H,c1556,experimental_native,0.9545454545454546,0.765753231209501,0.9650493264198303,1,True
3rpn__1__1.A_1.D__1.J,c1556,experimental_native,0.9545454545454546,0.834549058746754,0.9437841773033142,1,True
4s1b__3__2.B__2.F_2.G_2.H,c4417,experimental_native,0.875,0.13880853116629044,2.4593498706817627,1,True
3rpn__2__1.B_1.E__1.K,c1556,experimental_native,0.9090909090909091,0.839298493836576,0.8749057054519653,1,True
6r0h__1__2.A__2.B,c33,experimental_native,0.9583333333333334,0.559824220902755,0.9368875622749329,1,True
1syi__1__1.A__1.C,c7,experimental_native,0.8666666666666667,0.6702522549047907,1.1258413791656494,1,True
3rpn__3__1.C_1.F__1.L,c1556,experimental_native,0.9523809523809523,0.8043351088448066,1.0302095413208008,1,True
3rpn__3__1.C_1.F__1.I,c1556,experimental_native,0.9565217391304348,0.7819297693457248,0.9394517540931702,1,True
1syi__1__1.B__1.D,c7,experimental_native,0.8235294117647058,0.6461181591425746,1.149228811264038,1,True
5ted__1__1.B__1.C,c13035,experimental_native,0.0,0.19499084741509404,11.123627662658691,1,True
1tmn__1__1.A__1.B_1.G,c218,experimental_native,0.9411764705882353,0.5001534262406978,1.655034065246582,1,True
5t6c__1__1.A__1.C,c118,experimental_native,0.9565217391304348,0.38552841131673743,1.5012093782424927,1,True
2tmn__1__1.A__1.F_1.G,c218,experimental_native,1.0,0.6783343299605342,1.006871223449707,1,True
1tlp__1__1.A__1.B_1.G,c218,experimental_native,0.8888888888888888,0.41843846400523604,1.6690056324005127,1,True
3pnl__1__1.A_1.B__1.D_1.E_1.F,c1033,experimental_native,0.875,0.5599750104916179,0.7925328612327576,1,True
5tb8__1__1.A__1.E_1.I_1.J,c31,experimental_native,0.9333333333333333,0.5542355020751972,0.9512147307395935,1,True
5t48__1__1.A__1.C,c326,experimental_native,0.8181818181818182,0.638172493024328,1.4021800756454468,1,True
4tnp__1__1.B__1.J,c159,experimental_native,0.8823529411764706,0.5559832513086626,0.9649073481559753,1,True
4tnp__1__1.A__1.E,c159,experimental_native,0.9411764705882353,0.5481952763789184,0.9795612096786499,1,True
1tt1__1__1.B__1.D,c7,experimental_native,0.6428571428571429,0.6769547523437623,0.927725076675415,1,True
1tt1__1__1.A__1.C,c7,experimental_native,0.6666666666666666,0.6485073809132716,0.9720007181167603,1,True
3pnl__1__2.A_2.B__2.D_2.E_2.F,c1033,experimental_native,0.875,0.5544398198037904,0.8038683533668518,1,True
3tvq__1__1.A__1.B,c5720,experimental_native,1.0,0.22269134346137276,2.654256820678711,1,True
4rpn__2__1.D__1.K,c1738,experimental_native,0.9375,0.2631067183847722,1.5866910219192505,1,True
1txz__1__1.A_2.A__1.D_1.E_1.F,c3228,experimental_native,0.7857142857142857,0.7264891595448284,0.8390985131263733,1,True
1txz__1__1.A_2.A__2.D_2.E_2.F,c12080,experimental_native,0.7857142857142857,0.7322345584602467,0.8477466106414795,1,True
4tnp__1__1.C__1.P,c159,experimental_native,0.8823529411764706,0.5946712010068905,0.9004341959953308,1,True
4tnp__1__1.D__1.R,c159,experimental_native,1.0,0.5872926492126431,0.9361587762832642,1,True
5t5u__1__1.A__1.C,c118,experimental_native,0.9473684210526315,0.5113385334157408,1.390601634979248,1,True
3qv2__1__1.A__1.B,c272,experimental_native,0.9,0.911411713246596,0.5490586757659912,1,True
4tqc__1__1.A__1.C,c326,experimental_native,0.8888888888888888,0.814349870993777,1.2183078527450562,1,True
4to0__1__1.A__1.E,c159,experimental_native,0.9411764705882353,0.5189522543182911,1.0401300191879272,1,True
4tnz__1__1.C__1.Q_1.R,c159,experimental_native,1.0,0.535387331570389,0.9037332534790039,1,True
4tnz__1__1.B__1.L_1.M,c159,experimental_native,0.875,0.5633352005838338,0.9409724473953247,1,True
1t3q__1__1.A_1.B__1.N_1.O_1.P,c234,experimental_native,0.8285714285714286,0.38182938045473835,1.7640507221221924,1,True
3pnl__2__1.A_1.B__1.D_1.E_1.F,c1033,experimental_native,0.875,0.5529448491028484,0.8063437938690186,1,True
4tqc__2__1.B__1.E,c326,experimental_native,1.0,0.7899094355071774,1.1869397163391113,1,True
3tpt__1__1.A__1.C_1.D,c2488,experimental_native,0.9523809523809523,0.6925194565232315,0.7906328439712524,1,True
4to0__1__1.B__1.J,c159,experimental_native,0.9411764705882353,0.5393849573553839,0.9923919439315796,1,True
6pnz__1__1.A_1.B__1.D,c103,experimental_native,0.7647058823529411,0.4450946664152028,1.4917150735855103,1,True
6tx0__1__1.A__1.C_1.D_1.E_1.G,c159,experimental_native,1.0,0.5399314517169558,0.996393620967865,1,True
1ua4__1__1.A__1.D,c1264,experimental_native,0.8888888888888888,0.6206633723622762,0.8524892330169678,1,True
3sbx__2__1.C_1.D__1.K,c2020,experimental_native,0.8260869565217391,0.8250992633689573,0.729222297668457,1,True
3tpt__2__1.B__1.F_1.G_1.H,c2488,experimental_native,0.9523809523809523,0.7970641821107898,0.7208930253982544,1,True
4to0__1__1.C__1.O,c159,experimental_native,0.9411764705882353,0.5259914585714163,0.9923895597457886,1,True
6pnz__1__1.A_1.C__1.F,c103,experimental_native,0.8823529411764706,0.37577103272280693,1.6432963609695435,1,True
6tx0__1__1.B__1.K_1.L_1.M_1.O,c159,experimental_native,0.9473684210526315,0.5636720712399337,0.9998345971107483,1,True
6tx0__1__2.A__2.C_2.D_2.E_2.G,c159,experimental_native,0.9473684210526315,0.5544322273223278,0.986984133720398,1,True
3rtf__1__1.B__1.G,c7,experimental_native,0.7058823529411765,0.6722461046177056,1.3727657794952393,1,True
3sbx__2__1.C_1.D__1.L,c2020,experimental_native,0.8695652173913043,0.7577196823865273,0.8132250308990479,1,True
3u92__1__1.A__1.C,c7,experimental_native,0.8461538461538461,0.7246538008567203,0.8857948780059814,1,True
4tus__1__1.A__1.E_1.F_1.I,c31,experimental_native,0.8,0.6504866771130875,1.1495100259780884,1,True
1t3q__1__1.D_1.E__1.AA_1.BA,c234,experimental_native,0.8333333333333334,0.36256086290664435,1.6971229314804077,1,True
3ufm__1__1.A__1.B,c14616,experimental_native,0.8461538461538461,0.2990890618448899,1.7370187044143677,1,True
6sqz__1__1.A_1.B_2.A__1.C_1.D_1.E,c1396,experimental_native,1.0,0.6913303237179222,0.9207456707954407,1,True
6txf__1__1.A__1.C_1.D_1.E_1.G,c159,experimental_native,1.0,0.5553699382960697,0.9582107067108154,1,True
6tx0__1__2.B__2.K_2.L_2.M_2.O,c159,experimental_native,0.8421052631578947,0.5388414227951437,1.0059788227081299,1,True
4u21__1__1.A_1.B__1.E,c7,experimental_native,0.08333333333333333,0.2628021936176979,2.518979072570801,1,True
3t96__1__1.A__1.D,c7,experimental_native,0.75,0.6585564309153159,1.3051303625106812,1,True
4u21__1__1.A__1.C,c7,experimental_native,0.75,0.498427869939304,1.8578261137008667,1,True
4u21__1__1.B__1.D,c7,experimental_native,0.75,0.6091891968423164,1.620288610458374,1,True
4to0__1__1.D__1.R,c159,experimental_native,1.0,0.5609902676112998,0.9690307378768921,1,True
6thj__10__1.J__1.DA,c2174,experimental_native,1.0,0.5149718330136941,1.115218162536621,1,True
3tsu__1__1.A__1.G,c1652,experimental_native,0.9130434782608695,0.5747913349570313,0.961185097694397,1,True
6thj__11__1.K__1.FA,c2174,experimental_native,0.8181818181818182,0.48648971033299443,1.1113264560699463,1,True
6sqz__1__1.A_2.A_2.B__2.C_2.D_2.E,c1396,experimental_native,1.0,0.6837595186385886,0.9532632827758789,1,True
6sbt__1__1.A__1.B_1.D,c7,experimental_native,0.7142857142857143,0.6164041951444318,1.2361022233963013,1,True
6pnz__1__1.B_1.C__1.E,c103,experimental_native,0.8823529411764706,0.325723296645577,1.9376754760742188,1,True
6s22__1__1.A_1.B__1.R_1.S,c186,experimental_native,0.9375,0.5527968502270448,0.830007016658783,1,True
6txf__1__1.B__1.K_1.L_1.M_1.O,c159,experimental_native,0.95,0.5383444583797329,0.9583800435066223,1,True
6txf__1__2.A__2.C_2.D_2.E_2.G,c159,experimental_native,0.9473684210526315,0.5645897479963998,0.9466366767883301,1,True
4u22__1__1.A__1.B,c7,experimental_native,0.7058823529411765,0.5800219759504025,1.6160638332366943,1,True
6thj__1__1.A__1.M,c2174,experimental_native,0.0,0.5768072273023616,1.084411859512329,1,True
6thj__2__1.B__1.O,c2174,experimental_native,0.0,0.5463557521241393,1.112833857536316,1,True
6thj__3__1.C__1.P,c2174,experimental_native,0.0,0.5338852918437818,1.0544036626815796,1,True
6thj__4__1.D__1.R,c2174,experimental_native,0.0,0.4860978406351384,1.2625453472137451,1,True
6sbt__1__2.A__2.B_2.D,c7,experimental_native,0.7142857142857143,0.6172274807189282,1.2371982336044312,1,True
6txf__1__2.B__2.K_2.L_2.M_2.O,c159,experimental_native,0.9,0.5473272565251094,0.9344629049301147,1,True
3t96__1__1.B__1.G,c7,experimental_native,0.8125,0.736422796295306,1.0565569400787354,1,True
4u23__1__1.A__1.B,c7,experimental_native,0.6470588235294118,0.5624301975747529,1.5977792739868164,1,True
4to2__1__1.A__1.E_1.F,c159,experimental_native,0.9444444444444444,0.4884788679834255,1.0321158170700073,1,True
3t2e__1__1.A_4.A__1.D,c2190,experimental_native,0.8571428571428571,0.7418451915313166,0.7347796559333801,1,True
3u92__1__1.B__1.H,c7,experimental_native,0.8461538461538461,0.7724812736480934,0.8173471093177795,1,True
5tva__2__1.B__1.E,c1867,experimental_native,0.0,0.6390564564664718,0.8352370858192444,1,True
6thj__5__1.E__1.T,c2174,experimental_native,1.0,0.5187007892091829,1.0983796119689941,1,True
6uf0__1__1.A__1.C,c315,experimental_native,1.0,0.17348279515833281,2.5488076210021973,1,True
6s2g__1__1.A__1.I_1.P,c804,experimental_native,0.0,0.5868253110545719,1.595748782157898,1,True
3t96__2__1.C__1.J,c7,experimental_native,0.8666666666666667,0.6994606687597854,1.137355089187622,1,True
1uqu__1__1.A__1.C,c119,experimental_native,0.72,0.6315786068289031,0.9907459020614624,1,True
6thj__7__1.G__1.X,c2174,experimental_native,0.0,0.48911302809013735,1.1668182611465454,1,True
6thj__6__1.F__1.V,c2174,experimental_native,1.0,0.4703334463876333,1.1000175476074219,1,True
6s2g__1__2.A__2.I_2.P,c804,experimental_native,0.0,0.4121240618032592,1.8033660650253296,1,True
3t96__2__2.C__2.J,c7,experimental_native,0.8666666666666667,0.7032313830400728,1.0822010040283203,1,True
4rt2__1__1.A__1.E_1.F_1.J,c31,experimental_native,0.9333333333333333,0.6569099654304209,0.9540514349937439,1,True
3t9h__1__1.A__1.D,c7,experimental_native,0.8125,0.5194882362800611,1.0183683633804321,1,True
6thj__9__1.I__1.BA,c2174,experimental_native,0.0,0.5087011752433214,1.1367820501327515,1,True
6thj__8__1.H__1.Z,c2174,experimental_native,1.0,0.49555558664238764,1.0860151052474976,1,True
4to2__1__1.B__1.K_1.L,c159,experimental_native,0.95,0.5154661831671126,0.981601893901825,1,True
5tvg__3__1.A__1.I_1.L,c119,experimental_native,0.6,0.717749232856676,0.9361602067947388,1,True
5tvg__1__1.A__1.I_1.L,c119,experimental_native,0.6,0.7087282205203654,0.9371647238731384,1,True
3t2e__1__5.A_8.A__5.D,c2190,experimental_native,0.8571428571428571,0.7409374539852918,0.732911229133606,1,True
6rbj__1__1.A__1.D_1.E_1.F,c2537,experimental_native,0.9,0.5333005587904289,1.8782073259353638,1,True
3t9h__1__1.B__1.G,c7,experimental_native,0.8125,0.6084843667312855,1.0033081769943237,1,True
5tsx__1__1.A__1.S,c1996,experimental_native,0.0,0.5876888915662362,1.3421547412872314,1,True
6rbj__2__1.B__1.K_1.L,c2537,experimental_native,1.0,0.6906943568026312,0.939350962638855,1,True
3t9h__2__1.C__1.J,c7,experimental_native,0.8,0.6251611974813339,1.0441300868988037,1,True
2uyc__1__1.A__1.D,c272,experimental_native,0.8260869565217391,0.8696890969197927,0.6324804425239563,1,True
4rt3__1__1.A__1.E_1.F_1.L,c31,experimental_native,0.8125,0.6319319153906163,0.9527223110198975,1,True
4to2__1__1.C__1.R_1.S,c159,experimental_native,1.0,0.5536595440314885,0.9120262861251831,1,True
5u2r__1__1.A__1.E_1.F_1.G,c31,experimental_native,0.9375,0.5861662787182387,0.9326930046081543,1,True
5u2t__1__1.A__1.E_1.F_1.M,c31,experimental_native,0.5714285714285714,0.3693417963078849,1.6809810400009155,1,True
5tsx__1__1.H__1.V,c1996,experimental_native,0.0,0.559047918083225,1.4242475032806396,1,True
4to2__1__1.D__1.V_1.W,c159,experimental_native,1.0,0.5252855940148882,1.0335047245025635,1,True
3t9h__2__2.C__2.J,c7,experimental_native,0.8,0.5537322864042131,1.134472370147705,1,True
5tsx__2__1.B__1.T,c1996,experimental_native,0.0,0.5440349642508036,1.3767945766448975,1,True
5vez__1__1.D__1.F_1.I,c31,experimental_native,0.9333333333333333,0.6365710768493963,0.9546331167221069,1,True
4ut5__1__1.A_1.B__1.F_1.K_1.L,c266,experimental_native,0.0,0.19253429774691752,2.01731538772583,1,True
4to3__1__1.A__1.E_1.F,c159,experimental_native,0.9411764705882353,0.5576671925436305,0.9314119815826416,1,True
5tsx__2__1.G__1.U,c1996,experimental_native,0.0,0.5264291918205576,1.4351791143417358,1,True
4to3__1__1.B__1.K_1.L,c159,experimental_native,0.8823529411764706,0.6108384019892363,0.9016711711883545,1,True
5umx__1__1.A_1.B__1.D,c2018,experimental_native,1.0,0.7145749047507868,1.1938352584838867,1,True
5ujj__1__1.A__1.C_1.D_1.E,c121,experimental_native,0.9642857142857143,0.6476156778002878,1.129442572593689,1,True
2v8y__1__1.A__1.E,c326,experimental_native,1.0,0.7032957941914484,1.3542366027832031,1,True
4v3c__1__1.A__1.B,c1327,experimental_native,0.7777777777777778,0.8318603473889671,0.6688528060913086,1,True
4to3__1__1.C__1.R_1.S,c159,experimental_native,0.9411764705882353,0.5575909647031666,0.9038002490997314,1,True
5ujj__1__1.B__1.F_1.G,c121,experimental_native,0.8275862068965517,0.6260464563568875,1.1909430027008057,1,True
1vso__1__1.A__1.B_1.C,c7,experimental_native,0.0,0.3777457866949614,1.9069563150405884,1,True
2v8y__2__1.C__1.F,c326,experimental_native,1.0,0.6807863940279549,1.5551170110702515,1,True
2vuc__1__1.A_1.B__1.I_1.K_1.L,c266,experimental_native,0.0,0.6264450948885456,1.2240967750549316,1,True
3vy2__1__1.A_1.B__1.C,c1089,experimental_native,0.8571428571428571,0.8006641464253934,0.814717710018158,1,True
1vso__1__2.A__2.B_2.C,c7,experimental_native,0.0,0.41632996365374575,1.8121744394302368,1,True
3vy2__1__1.A_1.B__1.D,c1089,experimental_native,0.6666666666666666,0.7824267406832927,0.8414918780326843,1,True
4to3__1__1.D__1.V_1.W,c159,experimental_native,0.8823529411764706,0.5615492059666995,0.9408187866210938,1,True
2vuc__1__1.C_1.D__1.M_1.N_1.O,c266,experimental_native,0.0,0.5887449980971807,1.1567384004592896,1,True
3vy5__1__1.A_1.B__1.C,c1089,experimental_native,0.8095238095238095,0.7865235367094234,0.7307344675064087,1,True
5vz0__1__1.A_1.B__1.H,c2559,experimental_native,0.8,0.14288645192883806,2.409698486328125,1,True
5v13__1__1.A__1.D,c2129,experimental_native,0.9523809523809523,0.4571920914973212,2.1618216037750244,1,True
3vy5__1__1.A_1.B__1.D,c1089,experimental_native,0.6666666666666666,0.7726416150616219,0.7388859987258911,1,True
5v0i__1__1.A__1.C,c121,experimental_native,0.9333333333333333,0.6945022754612183,0.9008910059928894,1,True
4to4__1__1.A__1.E_1.F,c159,experimental_native,1.0,0.504613968651177,0.9499401450157166,1,True
1w8f__1__1.A_1.C__1.E_1.J_1.K,c266,experimental_native,0.0,0.10458721349540807,2.912855625152588,1,True
2w1a__1__1.C_2.C__2.O,c2741,experimental_native,0.9375,0.9035635380070682,0.5727973580360413,1,True
2vuc__1__1.C_1.D__1.P_1.Q_1.R,c266,experimental_native,0.0,0.5436065800351668,1.1745600700378418,1,True
5v13__1__1.B__1.E,c2129,experimental_native,0.9523809523809523,0.5734019374167232,1.3308063745498657,1,True
4to4__1__1.B__1.J_1.K,c159,experimental_native,0.9411764705882353,0.5120789920008434,0.9568777680397034,1,True
5vz0__1__1.C_1.D__1.M,c2559,experimental_native,0.8666666666666667,0.19128782485457815,2.1832993030548096,1,True
2vud__1__1.A_1.B__1.I_1.J_1.K,c266,experimental_native,0.7692307692307693,0.4785869775475047,1.326777458190918,1,True
3wd7__1__1.B__1.L,c161,experimental_native,0.8636363636363636,0.19323603041355003,2.2009353637695312,1,True
3wd7__1__1.A__1.C,c161,experimental_native,0.8095238095238095,0.16975403938203748,2.027496337890625,1,True
5vyz__1__1.A_1.B__1.H,c2559,experimental_native,0.8,0.1315825373762548,2.4776132106781006,1,True
2uz4__1__1.A__1.D,c272,experimental_native,0.8695652173913043,0.8900294291108262,0.5927638411521912,1,True
4wh2__1__1.A__1.B_1.C_1.D_1.E_1.J,c1622,experimental_native,0.9047619047619048,0.8038183268790978,0.6849204301834106,1,True
5v13__1__1.C__1.F,c2129,experimental_native,0.9523809523809523,0.40972692421480333,2.0365912914276123,1,True
3wdk__1__1.A_1.B__1.G,c1768,experimental_native,0.0,0.7240098706634154,0.976953387260437,1,True
5vyz__1__1.C_1.D__1.O,c2559,experimental_native,0.9333333333333333,0.27765091444609574,2.0253777503967285,1,True
2vud__1__1.C_1.D__1.M_1.N_1.O,c266,experimental_native,0.0,0.4433381029865432,1.338036298751831,1,True
2w1a__1__1.D_2.D__2.P,c2741,experimental_native,0.875,0.8842873044382085,0.6049617528915405,1,True
3wmv__1__1.A__1.D,c2356,experimental_native,0.0,0.7489885397425036,0.8133838772773743,1,True
3wdk__1__1.A__1.E,c1768,experimental_native,0.8846153846153846,0.7833808978075103,0.9260599613189697,1,True
4to4__1__1.C__1.R_1.S,c159,experimental_native,1.0,0.5496252056324911,0.930332601070404,1,True
5w27__1__1.A_1.B__1.D,c2018,experimental_native,0.8947368421052632,0.46689542828227626,1.6036014556884766,1,True
1wq3__1__1.A__1.B,c121,experimental_native,0.9333333333333333,0.6588668404370518,0.8779244422912598,1,True
1wq3__1__2.A__2.B,c121,experimental_native,0.8,0.703728865390932,0.8354379534721375,1,True
2vud__1__1.C_1.D__1.P_1.Q_1.R,c266,experimental_native,0.8333333333333334,0.5041246806982482,1.361425518989563,1,True
3wmv__1__1.B__1.F,c2356,experimental_native,0.0,0.7384736074548375,0.796758770942688,1,True
4u1o__1__1.A__1.B,c7,experimental_native,0.0,0.6904787878277293,0.9581613540649414,1,True
2w97__1__1.A_1.B__1.E,c326,experimental_native,0.8,0.786798591936472,1.1792881488800049,1,True
3wdk__2__1.C_1.D__1.J,c1768,experimental_native,0.0,0.7461746932501192,0.9239100217819214,1,True
4to4__1__1.D__1.V_1.W,c159,experimental_native,0.9375,0.5068246969004664,0.955653727054596,1,True
6w2m__1__1.A__1.E_1.F_1.K,c31,experimental_native,0.8125,0.5786485714369558,1.0007297992706299,1,True
2wky__1__1.A__1.E,c7,experimental_native,0.8461538461538461,0.5191705585414047,1.28080153465271,1,True
2wqy__2__1.F_1.G_1.H__1.JD,c270,experimental_native,1.0,0.3832320864943734,1.707038164138794,1,True
3wdk__2__1.C__1.H,c1768,experimental_native,0.8518518518518519,0.7895416684119003,0.9265970587730408,1,True
4to6__1__1.A__1.E,c159,experimental_native,0.9375,0.5074833706911926,0.9725760817527771,1,True
3vth__1__1.A__1.F_1.G,c1652,experimental_native,0.95,0.6011529345379217,0.9332830309867859,1,True
5u8c__1__1.A_1.B__1.E,c7,experimental_native,0.8421052631578947,0.38501109954913454,1.3673813343048096,1,True
2wky__1__1.B__1.F,c7,experimental_native,0.8461538461538461,0.5470433772376452,1.2078423500061035,1,True
4to6__1__1.B__1.I,c159,experimental_native,1.0,0.5837575214341709,0.9351131916046143,1,True
5wo0__1__1.D__1.F_1.K_1.L,c31,experimental_native,0.8,0.5652390834730816,1.054675817489624,1,True
3vth__2__1.B__1.S_1.T,c1652,experimental_native,0.9523809523809523,0.5365137945239483,0.94797682762146,1,True
3wy0__1__1.A__1.C,c161,experimental_native,0.782608695652174,0.32798218142157615,1.7305165529251099,1,True
1wlk__2__1.C_1.D__1.G,c1089,experimental_native,0.7142857142857143,0.7852270815204374,0.7998824119567871,1,True
1xdn__1__1.A__1.B_1.C,c4705,experimental_native,0.9444444444444444,0.4657433864503577,1.2881150245666504,1,True
1wlk__1__1.A_1.B__1.E,c1089,experimental_native,0.8095238095238095,0.7927436253425294,0.813657283782959,1,True
1wlk__1__1.A_1.B__1.F,c1089,experimental_native,0.7142857142857143,0.7805257281289847,0.8364169597625732,1,True
3wy0__1__1.B__1.D,c161,experimental_native,0.7727272727272727,0.3185004081523282,1.7032926082611084,1,True
1wlk__2__1.C_1.D__1.H,c1089,experimental_native,0.8571428571428571,0.7736151834487375,0.7478126883506775,1,True
4to6__1__1.C__1.O,c159,experimental_native,1.0,0.5213919944318357,1.1463594436645508,1,True
4wbd__1__1.A__1.B,c6395,experimental_native,0.9090909090909091,0.5280282971439615,1.449081540107727,1,True
4to6__1__1.D__1.S,c159,experimental_native,0.9375,0.5285560020100772,0.9735840559005737,1,True
5x62__1__1.A__1.C,c3084,experimental_native,0.05,0.9146144492500798,0.6674824953079224,1,True
4wbd__1__2.A__2.B,c6395,experimental_native,0.9090909090909091,0.5355817258738831,1.4499088525772095,1,True
5x62__1__1.B__1.D,c3084,experimental_native,0.95,0.9201830021423704,0.6704455614089966,1,True
3wxy__1__1.A__1.C,c161,experimental_native,0.8181818181818182,0.36783657875233644,1.656862497329712,1,True
3wxy__1__1.B__1.D,c161,experimental_native,0.8181818181818182,0.40886772881852335,1.508751392364502,1,True
1xp8__1__1.A__1.B,c124,experimental_native,0.8666666666666667,0.6330160371549339,1.092588186264038,1,True
4x7m__1__1.A__1.C,c119,experimental_native,0.5625,0.7153028085145542,0.7990884780883789,1,True
4x7m__2__1.B__1.D,c119,experimental_native,0.84375,0.5914297704375429,1.08095121383667,1,True
4xs9__1__1.A_1.B__1.C,c161,experimental_native,1.0,0.1006938258834407,3.981450080871582,1,True
1xes__1__1.A_1.B__1.F,c161,experimental_native,0.8235294117647058,0.5237064650360237,1.015941858291626,1,True
4xs9__1__1.A_1.B__1.D,c161,experimental_native,0.9444444444444444,0.08312099392593758,4.044805526733398,1,True
5wx3__1__1.A__1.E,c161,experimental_native,0.8181818181818182,0.2811618692327617,2.3988401889801025,1,True
5wx3__2__1.D__1.K,c161,experimental_native,0.7142857142857143,0.24609950662739957,2.370633125305176,1,True
1xet__1__1.A_1.B__1.E,c161,experimental_native,0.7777777777777778,0.46884073147480904,1.0145761966705322,1,True
2xzl__1__1.A__1.F_1.G_1.H,c602,experimental_native,0.0,0.9092441733920392,0.689337432384491,1,True
4xsr__1__1.A__1.E,c119,experimental_native,0.92,0.6117063630561634,1.1542775630950928,1,True
5wx6__1__1.A__1.G,c161,experimental_native,0.8095238095238095,0.3577712750734661,1.7957615852355957,1,True
1xms__1__1.A__1.B_1.C,c124,experimental_native,0.875,0.5352330862912698,1.2158386707305908,1,True
5wx6__2__1.B__1.I,c161,experimental_native,0.9047619047619048,0.3690915297121071,2.274574041366577,1,True
4yi5__1__1.A__1.C,c33,experimental_native,0.92,0.5209425919753209,1.2229373455047607,1,True
2xzo__1__1.A__1.F_1.G_1.H,c602,experimental_native,0.6842105263157895,0.8979317162449798,0.6677740216255188,1,True
6xu1__1__1.A__1.I_1.J_1.K_1.M,c159,experimental_native,1.0,0.6705565320219207,0.9279842972755432,1,True
5wx7__1__1.B__1.G,c161,experimental_native,0.8260869565217391,0.3798162501558884,1.805765151977539,1,True
1xms__1__2.A__2.B_2.C,c124,experimental_native,0.9375,0.5330822622661026,1.2295379638671875,1,True
2xxt__1__1.A__1.C,c7,experimental_native,0.7857142857142857,0.7044889199953023,0.8273276090621948,1,True
2xxt__1__1.B__1.F,c7,experimental_native,0.8571428571428571,0.6624776145837898,0.9251518249511719,1,True
4xsr__1__1.B__1.J,c119,experimental_native,0.92,0.6178027229508075,1.0983785390853882,1,True
6xu1__1__1.B__1.P_1.Q_1.R_1.T,c159,experimental_native,1.0,0.6372826949253647,0.9122012257575989,1,True
5wx7__2__1.C__1.I,c161,experimental_native,0.8095238095238095,0.398311679647246,2.191004991531372,1,True
1yv3__1__1.A__1.F,c1599,experimental_native,0.8947368421052632,0.5623897771792629,1.4368621110916138,1,True
1yz0__1__1.A_1.B__1.C_1.D,c141,experimental_native,0.9285714285714286,0.6911406439904185,0.9260975122451782,1,True
6xu1__1__1.C__1.AA_1.W_1.X_1.Y,c159,experimental_native,0.9,0.6432023482989794,0.9009218811988831,1,True
1xms__1__3.A__3.B_3.C,c124,experimental_native,0.75,0.5421789712212337,1.2092796564102173,1,True
1yy6__1__1.A__1.B,c2776,experimental_native,0.0,0.20879895301258583,2.4991655349731445,1,True
1xms__1__4.A__4.B_4.C,c124,experimental_native,0.875,0.5457576384975463,1.21601140499115,1,True
2xxv__1__1.A__1.C,c7,experimental_native,0.7857142857142857,0.6507469047339934,0.9335309863090515,1,True
2xxv__1__1.B__1.E,c7,experimental_native,0.8571428571428571,0.7309492551087465,0.861321747303009,1,True
1yxi__1__1.A_2.A__1.B_1.D_1.E_1.F_1.G,c141,experimental_native,0.9375,0.6753146304491838,0.8419834971427917,1,True
6xu1__1__1.D__1.EA_1.FA_1.GA_1.IA,c159,experimental_native,1.0,0.642051450524189,0.9198952317237854,1,True
5xsw__1__1.A_1.B__1.D_1.Q,c4931,experimental_native,0.8,0.3928404712546878,1.7027397155761719,1,True
1yyz__1__1.A_2.A__2.B_2.C_2.D_2.E,c141,experimental_native,0.9375,0.6448222986578728,0.9440440535545349,1,True
1yyz__1__1.A_2.A__1.B_1.C_1.D_1.E,c141,experimental_native,0.9375,0.6644497118717765,0.9029737114906311,1,True
5wr6__1__1.A__1.B_1.C,c218,experimental_native,1.0,0.487709023311934,1.1629462242126465,1,True
4ymo__1__1.A__1.E_1.F_1.I,c31,experimental_native,0.8,0.49232088473647434,1.344022512435913,1,True
6xu1__2__1.E__1.LA_1.MA_1.NA_1.PA,c159,experimental_native,0.95,0.6576340829293565,0.9294772744178772,1,True
4ysi__1__1.A__1.B_1.C,c2776,experimental_native,0.0,0.20349391943994494,2.960484266281128,1,True
1yxi__1__1.A_2.A__2.B_2.D_2.E_2.F_2.G,c141,experimental_native,0.9375,0.6627892035611446,0.8616870641708374,1,True
2yne__1__1.A__1.F,c118,experimental_native,0.9545454545454546,0.3269013012445908,2.581448554992676,1,True
2yne__2__1.B__1.M,c118,experimental_native,0.9545454545454546,0.32676990495904956,2.578336715698242,1,True
6wn2__1__1.A__1.C,c121,experimental_native,0.7368421052631579,0.4884659570470763,2.2251029014587402,1,True
6wn2__1__1.B__1.L,c121,experimental_native,0.6842105263157895,0.5857309420341598,1.9585976600646973,1,True
4ysx__1__1.B_1.C_1.D__1.N,c270,experimental_native,0.9285714285714286,0.14666249192045214,3.100957155227661,1,True
1yzx__1__1.A_1.B__1.C,c1556,experimental_native,0.9473684210526315,0.7625516177340493,0.8956153988838196,1,True
1yxi__1__3.A_4.A__3.B_3.D_3.E_3.F_3.G,c141,experimental_native,0.9375,0.6408792683893296,0.8697316646575928,1,True
1zdp__1__1.A__1.F_1.G,c218,experimental_native,1.0,0.6120915165546734,1.028478980064392,1,True
1z9g__1__1.A__1.F_1.G,c218,experimental_native,1.0,0.45409861729298595,1.2887386083602905,1,True
2yne__3__1.C__1.R,c118,experimental_native,0.8636363636363636,0.2782657595336501,2.711235761642456,1,True
6xu1__2__1.F__1.TA_1.UA_1.VA_1.XA,c159,experimental_native,0.9473684210526315,0.607970010430888,0.9457898736000061,1,True
1xms__1__5.A__5.B_5.C,c124,experimental_native,0.9375,0.5402663141095241,1.2074705362319946,1,True
1yzx__1__1.A_1.B__1.D,c1556,experimental_native,0.8947368421052632,0.8102576909740864,1.0115245580673218,1,True
1yyz__1__3.A_4.A__3.B_3.C_3.D_3.E,c141,experimental_native,0.9375,0.6560631012015745,0.9493712186813354,1,True
1yyz__1__3.A_4.A__4.B_4.C_4.D_4.E,c141,experimental_native,0.9375,0.6713938275264589,0.9276218414306641,1,True
4wql__1__1.A__1.B_1.C_1.D_1.H_1.N,c12775,experimental_native,1.0,0.47884855676020865,1.7717872858047485,1,True
6wnd__1__1.A__1.I,c164,experimental_native,1.0,0.3774768148749866,1.220917820930481,1,True
1yxi__1__3.A_4.A__4.B_4.D_4.E_4.F_4.G,c141,experimental_native,0.9375,0.6515233592585739,0.8544192314147949,1,True
5ynw__1__1.A__1.C,c1104,experimental_native,1.0,0.6514907758658274,0.8237830996513367,1,True
4ysx__2__1.F_1.G_1.H__1.W,c270,experimental_native,0.8571428571428571,0.13964671960766856,3.0583231449127197,1,True
6wnd__1__2.B__2.P,c164,experimental_native,1.0,0.3420938186176428,1.2541851997375488,1,True
6wnd__1__2.C__2.X,c164,experimental_native,0.9166666666666666,0.26247409156506996,1.4022996425628662,1,True
6xu1__2__1.G__1.AB_1.BB_1.CB_1.EB,c159,experimental_native,0.9473684210526315,0.6296771353191402,0.9453502893447876,1,True
1xms__1__6.A__6.B_6.C,c124,experimental_native,0.75,0.5498129946881165,1.2329790592193604,1,True
6ybu__1__1.A_1.B__1.M_1.N,c92,experimental_native,0.9130434782608695,0.7867503333577417,0.7153556942939758,1,True
1xmv__1__1.A__1.B_1.F,c124,experimental_native,0.9375,0.6420564767865694,1.2103469371795654,1,True
1zpl__1__1.A__1.C,c1940,experimental_native,0.0,0.3584856618669738,1.795107364654541,1,True
2yxn__1__1.A__1.B,c121,experimental_native,0.8666666666666667,0.4561247631068064,1.8165206909179688,1,True
6ybu__1__1.A_1.B__1.O_1.P,c92,experimental_native,0.8181818181818182,0.818282976993449,0.7251251339912415,1,True
6xu1__2__1.H__1.HB_1.IB_1.JB_1.LB,c159,experimental_native,1.0,0.6642992655027385,0.9097707271575928,1,True
1zpl__2__1.B__1.D,c1940,experimental_native,0.0,0.39644666543744345,1.7067288160324097,1,True
2yxn__1__2.A__2.B,c121,experimental_native,0.9333333333333333,0.4693385117120193,1.8389116525650024,1,True
1xmv__1__2.A__2.B_2.F,c124,experimental_native,0.875,0.6477240794174309,1.2079302072525024,1,True
2zp1__1__1.A__1.B,c121,experimental_native,1.0,0.37890763907898406,2.424769401550293,1,True
2zp1__1__2.A__2.B,c121,experimental_native,0.9285714285714286,0.37783862497114756,2.4384591579437256,1,True
6zf0__1__1.A__1.C_1.K_1.L_1.M,c315,experimental_native,1.0,0.4224393646379983,1.391815185546875,1,True
1xmv__1__3.A__3.B_3.F,c124,experimental_native,0.875,0.6431832588477487,1.2034662961959839,1,True
4rur__1__1.K_1.L__1.FA,c20,experimental_native,1.0,0.12487347200959828,2.3049607276916504,1,True
5y72__1__1.A__1.C,c1104,experimental_native,0.0,0.6724451331389978,0.9044190645217896,1,True
3zpo__1__1.A__1.C_1.E_1.N,c1133,experimental_native,0.8421052631578947,0.37773763257300913,1.8139795064926147,1,True
6ybu__2__1.G_1.H__1.U_1.V,c92,experimental_native,0.9565217391304348,0.7777582775218203,0.7613372206687927,1,True
6zf1__1__1.A__1.C_1.L,c315,experimental_native,1.0,0.3231313135645533,2.1089396476745605,1,True
1xmv__1__4.A__4.B_4.F,c124,experimental_native,0.9375,0.6409356738590472,1.2121835947036743,1,True
4rur__1__1.Y_1.Z__1.LA,c20,experimental_native,1.0,0.13120932897848064,2.315542221069336,1,True
6ybu__2__1.G_1.H__1.W_1.X,c92,experimental_native,0.9565217391304348,0.7985411926133013,0.7405574321746826,1,True
6zf8__1__1.A__1.N_1.R,c315,experimental_native,1.0,0.13631735311495516,2.9898316860198975,1,True
3zwd__1__1.A__1.C,c2481,experimental_native,0.875,0.4826339416387377,1.4585860967636108,1,True
2zl4__1__1.AA_1.O__1.P,c117,experimental_native,0.0,0.6928755117444901,1.1630610227584839,1,True
5y72__2__1.B__1.D,c1104,experimental_native,0.0,0.6721379635236557,0.8615350723266602,1,True
4zev__1__1.A__1.C_1.D,c5387,experimental_native,0.8888888888888888,0.5935010844230415,1.0400046110153198,1,True
2zl4__1__1.AA_1.Y__1.BA,c117,experimental_native,0.0,0.6883988348478649,1.157283067703247,1,True
3zwd__1__1.B__1.E,c2481,experimental_native,0.875,0.4884127445966814,1.187859058380127,1,True
5zjy__1__1.A__1.C,c326,experimental_native,0.7777777777777778,0.7917707848834227,1.2721858024597168,1,True
4zew__1__1.A__1.C_1.D,c5387,experimental_native,0.8333333333333334,0.5199541712717788,1.0966562032699585,1,True
6zmz__1__1.A__1.B,c119,experimental_native,0.8846153846153846,0.4372269462973828,1.222791075706482,1,True
6z6a__1__1.A__1.C,c315,experimental_native,1.0,0.38198267756524434,1.8623558282852173,1,True
1xmv__1__5.A__5.B_5.F,c124,experimental_native,0.875,0.6451357121766578,1.2021567821502686,1,True
2zl4__1__1.A_1.C__1.B,c117,experimental_native,0.0,0.7680997120062409,0.9818853735923767,1,True
3zcp__1__1.A__1.C,c33,experimental_native,0.9473684210526315,0.5755832214127838,1.084478735923767,1,True
1xmv__1__6.A__6.B_6.F,c124,experimental_native,0.875,0.6393420792984696,1.2136605978012085,1,True
2zl4__1__1.C_1.E__1.D,c117,experimental_native,0.0,0.691411607777709,1.1553665399551392,1,True
4z9n__1__1.D__1.U,c7,experimental_native,0.6956521739130435,0.7035262742344659,0.9158682227134705,1,True
2zl4__1__1.A_1.M__1.N,c117,experimental_native,0.6923076923076923,0.716472139260613,1.1828856468200684,1,True
5yk0__1__1.A__1.B,c1592,experimental_native,0.8571428571428571,0.896264549309885,0.6323848962783813,1,True
2zl4__1__1.E_1.G__1.F,c117,experimental_native,0.0,0.71442699390252,1.0291156768798828,1,True
4z9n__3__1.C__1.Q,c7,experimental_native,0.6521739130434783,0.7264693276532639,0.9184076189994812,1,True
5yk0__2__4.A__4.B,c1592,experimental_native,0.9285714285714286,0.897296048001565,0.6392244696617126,1,True
3zcq__1__1.A__1.C,c33,experimental_native,0.9565217391304348,0.5628089611826972,0.9070686101913452,1,True
3zcp__1__2.A__2.C,c33,experimental_native,1.0,0.6244659967143816,1.040948510169983,1,True
2zl4__1__1.G_1.I__1.H,c117,experimental_native,0.0,0.679422416835388,1.1785000562667847,1,True
2zl4__1__1.I_1.K__1.J,c117,experimental_native,0.0,0.6761275477098276,1.170242190361023,1,True
4z0u__1__1.A__1.C,c6412,experimental_native,0.0,0.253898444478104,1.7969419956207275,1,True
4zwg__1__1.D__1.T,c159,experimental_native,0.9375,0.5681625636718494,1.1474584341049194,1,True
4z0u__2__1.B__1.D,c6412,experimental_native,0.0,0.2981118422699418,1.708954930305481,1,True
3zy5__1__1.A_2.A__2.F,c5614,experimental_native,0.7916666666666666,0.7368600727510852,0.8141822218894958,1,True
3zcq__1__2.A__2.C,c33,experimental_native,0.9565217391304348,0.5451967610831763,0.9035649299621582,1,True
2zl4__1__1.K_1.M__1.L,c117,experimental_native,0.0,0.685955773228374,0.9602140784263611,1,True
3zcr__1__1.A__1.D,c33,experimental_native,0.9583333333333334,0.55865606848621,1.0291688442230225,1,True
2zl4__1__1.O_1.Q__1.R,c117,experimental_native,0.0,0.586504697284313,2.076298475265503,1,True
3zy6__1__1.A_2.A__2.B,c5614,experimental_native,0.9047619047619048,0.7555158981073846,0.7830030918121338,1,True
3zcr__1__2.A__2.D,c33,experimental_native,1.0,0.5420145049142177,1.0206209421157837,1,True
2zl4__1__1.Q_1.S__1.T,c117,experimental_native,0.6153846153846154,0.6944508746149912,1.3364213705062866,1,True
2zl4__1__1.S_1.U__1.V,c117,experimental_native,0.0,0.7086157860014284,1.1758809089660645,1,True
2zl4__1__1.U_1.W__1.X,c117,experimental_native,0.0,0.7170387226720487,0.9984357953071594,1,True
2zl4__1__1.W_1.Y__1.Z,c117,experimental_native,0.0,0.6858928109556078,0.9479568004608154,1,True
6zv5__1__1.C_1.D__1.I_1.O,c2350,experimental_native,0.0,0.13300342488223954,2.739556312561035,1,True
6zu2__1__1.A_1.B__1.G_1.O,c2350,experimental_native,0.0,0.23263646196297957,2.2642111778259277,1,True
6zv5__1__1.E_1.F__1.K_1.S,c2350,experimental_native,0.0,0.17705985369482313,2.26880145072937,1,True
6zv5__1__1.E_1.F__1.L_1.R,c2350,experimental_native,0.0,0.14037945971172255,2.3256075382232666,1,True
6zu2__1__1.A_1.B__1.H_1.M_1.Q,c2350,experimental_native,0.0,0.3241112593608532,1.8609659671783447,1,True
3zcs__1__1.A__1.D,c33,experimental_native,0.9545454545454546,0.6153185947837148,0.9923078417778015,1,True
3zcs__1__2.A__2.D,c33,experimental_native,1.0,0.6403270201455802,0.9760992527008057,1,True
5zwk__1__1.A_1.B__1.E_1.G_1.H,c141,experimental_native,0.9473684210526315,0.49181868502977266,1.5825445652008057,1,True
3zct__1__1.A__1.E,c33,experimental_native,0.9565217391304348,0.5466790698980307,1.0079408884048462,1,True
5zwk__1__1.C_1.D__1.Q_1.S_1.T,c141,experimental_native,0.8947368421052632,0.5746556141492845,1.2195898294448853,1,True
3zct__1__2.A__2.E,c33,experimental_native,1.0,0.5799169349397066,1.0207165479660034,1,True
3zx4__1__1.B__1.F_1.G_1.H,c2481,experimental_native,0.8823529411764706,0.4221581137979707,1.2548772096633911,1,True
3zx5__1__1.A__1.C_1.D_1.E,c2481,experimental_native,0.9375,0.5032576794038464,1.08232843875885,1,True
3zcu__1__1.A__1.B,c33,experimental_native,0.9473684210526315,0.6534243658468635,0.8221482038497925,1,True
3zcu__1__2.A__2.B,c33,experimental_native,0.9473684210526315,0.6214816238910799,0.8688315749168396,1,True
3zcv__1__1.A__1.C_1.E,c33,experimental_native,0.95,0.5561819601257928,0.9636420011520386,1,True
3zcv__1__2.A__2.C_2.E,c33,experimental_native,1.0,0.5619045703276476,0.9889240860939026,1,True
4zy3__1__1.A__1.D,c315,experimental_native,1.0,0.13295366083245103,2.3317017555236816,1,True
4zy3__2__1.B__1.F,c315,experimental_native,1.0,0.11916223726788952,2.709963321685791,1,True
